t_center,z_S_t__20170706_01_02_01,z_S_t__20170706_01_02_02,z_S_t__20170706_01_02_03,z_S_t__20170706_03_04_01,z_S_t__20170706_03_04_02,z_S_t__20170706_03_04_03,z_S_t__20170706_05_06_01,z_S_t__20170706_05_06_02,z_S_t__20170706_05_06_03,z_S_t__20170706_11_12_01,z_S_t__20170706_11_12_02,z_S_t__20170706_11_12_03,z_S_t__20170710_01_02_01,z_S_t__20170710_01_02_02,z_S_t__20170710_01_02_03,z_S_t__20170710_07_08_01,z_S_t__20170710_07_08_02,z_S_t__20170710_07_08_03,z_S_t__20170714_01_02_01,z_S_t__20170714_01_02_02,z_S_t__20170714_01_02_03,z_S_t__20170714_03_04_01,z_S_t__20170714_03_04_02,z_S_t__20170714_03_04_03,z_S_t__20170714_05_06_01,z_S_t__20170714_05_06_02,z_S_t__20170714_05_06_03,z_S_t__20170714_07_08_01,z_S_t__20170714_07_08_02,z_S_t__20170714_07_08_03,S_excess__20170706_01_02_01,S_excess__20170706_01_02_02,S_excess__20170706_01_02_03,S_excess__20170706_03_04_01,S_excess__20170706_03_04_02,S_excess__20170706_03_04_03,S_excess__20170706_05_06_01,S_excess__20170706_05_06_02,S_excess__20170706_05_06_03,S_excess__20170706_11_12_01,S_excess__20170706_11_12_02,S_excess__20170706_11_12_03,S_excess__20170710_01_02_01,S_excess__20170710_01_02_02,S_excess__20170710_01_02_03,S_excess__20170710_07_08_01,S_excess__20170710_07_08_02,S_excess__20170710_07_08_03,S_excess__20170714_01_02_01,S_excess__20170714_01_02_02,S_excess__20170714_01_02_03,S_excess__20170714_03_04_01,S_excess__20170714_03_04_02,S_excess__20170714_03_04_03,S_excess__20170714_05_06_01,S_excess__20170714_05_06_02,S_excess__20170714_05_06_03,S_excess__20170714_07_08_01,S_excess__20170714_07_08_02,S_excess__20170714_07_08_03,nA__20170706_01_02_01,nA__20170706_01_02_02,nA__20170706_01_02_03,nA__20170706_03_04_01,nA__20170706_03_04_02,nA__20170706_03_04_03,nA__20170706_05_06_01,nA__20170706_05_06_02,nA__20170706_05_06_03,nA__20170706_11_12_01,nA__20170706_11_12_02,nA__20170706_11_12_03,nA__20170710_01_02_01,nA__20170710_01_02_02,nA__20170710_01_02_03,nA__20170710_07_08_01,nA__20170710_07_08_02,nA__20170710_07_08_03,nA__20170714_01_02_01,nA__20170714_01_02_02,nA__20170714_01_02_03,nA__20170714_03_04_01,nA__20170714_03_04_02,nA__20170714_03_04_03,nA__20170714_05_06_01,nA__20170714_05_06_02,nA__20170714_05_06_03,nA__20170714_07_08_01,nA__20170714_07_08_02,nA__20170714_07_08_03,nB__20170706_01_02_01,nB__20170706_01_02_02,nB__20170706_01_02_03,nB__20170706_03_04_01,nB__20170706_03_04_02,nB__20170706_03_04_03,nB__20170706_05_06_01,nB__20170706_05_06_02,nB__20170706_05_06_03,nB__20170706_11_12_01,nB__20170706_11_12_02,nB__20170706_11_12_03,nB__20170710_01_02_01,nB__20170710_01_02_02,nB__20170710_01_02_03,nB__20170710_07_08_01,nB__20170710_07_08_02,nB__20170710_07_08_03,nB__20170714_01_02_01,nB__20170714_01_02_02,nB__20170714_01_02_03,nB__20170714_03_04_01,nB__20170714_03_04_02,nB__20170714_03_04_03,nB__20170714_05_06_01,nB__20170714_05_06_02,nB__20170714_05_06_03,nB__20170714_07_08_01,nB__20170714_07_08_02,nB__20170714_07_08_03,nM__20170706_01_02_01,nM__20170706_01_02_02,nM__20170706_01_02_03,nM__20170706_03_04_01,nM__20170706_03_04_02,nM__20170706_03_04_03,nM__20170706_05_06_01,nM__20170706_05_06_02,nM__20170706_05_06_03,nM__20170706_11_12_01,nM__20170706_11_12_02,nM__20170706_11_12_03,nM__20170710_01_02_01,nM__20170710_01_02_02,nM__20170710_01_02_03,nM__20170710_07_08_01,nM__20170710_07_08_02,nM__20170710_07_08_03,nM__20170714_01_02_01,nM__20170714_01_02_02,nM__20170714_01_02_03,nM__20170714_03_04_01,nM__20170714_03_04_02,nM__20170714_03_04_03,nM__20170714_05_06_01,nM__20170714_05_06_02,nM__20170714_05_06_03,nM__20170714_07_08_01,nM__20170714_07_08_02,nM__20170714_07_08_03,episode__20170706_01_02_01,episode__20170706_01_02_02,episode__20170706_01_02_03,episode__20170706_03_04_01,episode__20170706_03_04_02,episode__20170706_03_04_03,episode__20170706_05_06_01,episode__20170706_05_06_02,episode__20170706_05_06_03,episode__20170706_11_12_01,episode__20170706_11_12_02,episode__20170706_11_12_03,episode__20170710_01_02_01,episode__20170710_01_02_02,episode__20170710_01_02_03,episode__20170710_07_08_01,episode__20170710_07_08_02,episode__20170710_07_08_03,episode__20170714_01_02_01,episode__20170714_01_02_02,episode__20170714_01_02_03,episode__20170714_03_04_01,episode__20170714_03_04_02,episode__20170714_03_04_03,episode__20170714_05_06_01,episode__20170714_05_06_02,episode__20170714_05_06_03,episode__20170714_07_08_01,episode__20170714_07_08_02,episode__20170714_07_08_03
3.5,2.220823421946383,2.0370279651405148,1.8612731204027335,2.4815626161502786,1.7532335400320702,3.3499417076339704,1.7788343183189572,1.2006992221494792,1.423295509016444,2.6992729486048805,2.4812317310030467,2.664131656658862,3.2258940724456107,2.161393602129457,3.2067852595749424,3.082051277467529,2.312026566670853,2.6947905285138303,2.585598379830977,2.695264711990809,2.595221766123555,2.6022271956417455,1.570692026599953,2.74505934531106,2.651912570696595,0.9926646658637694,2.259664516553315,2.941631722011838,2.6612038608720545,2.0738597452209326,0.313505448412956,0.2872888893184559,0.2813525381910832,0.4049579223064518,0.2649027703978169,0.5809295359868889,0.3032076154745928,0.1759154937926374,0.2226214036856788,0.6469972992693581,0.4479867259675309,0.5690428571428572,0.510993191199925,0.3268226019508527,0.4530189545830547,0.7149682040182039,0.4947537934287935,0.5682161152572918,0.4244869938884644,0.5051445324283561,0.4371770733480485,0.4079558588373232,0.255600228469501,0.4107924302993188,0.4193609854541743,0.1466523967518549,0.3222674327220767,0.5540923959683248,0.4536251710106199,0.3259953849985584,9,10,10,8,8,6,10,13,11,6.0,6,6,8.0,8.0,7,6.0,7.0,6.0,7,7.0,7.0,9,10,7.0,7,10,7,7,8.0,8,8,7,7,7,8,6,9,9,9,6.0,9,7,7.0,7.0,8,6.0,5.0,7.0,7,6.0,7.0,10,7,9.0,7,8,8,8,6.0,8,7,6,6,6,6,6,7,7,7,6.0,6,6,7.0,6.0,7,6.0,5.0,6.0,6,6.0,6.0,8,6,7.0,6,6,6,7,6.0,6,0,0,0,0,1,1,0,0,0,1.0,1,1,0.0,0.0,1,1.0,0.0,1.0,1,1.0,1.0,1,0,0.0,0,0,0,0,1.0,0
4.5,2.2063474218950914,1.4516987939226274,1.4623645642638143,2.1597582898414656,1.6710582516668788,3.5147954693959407,1.725948070017597,0.5807273564771896,0.6369783189242051,2.9568641735132744,2.553199046161419,2.480790891613491,2.748284195684094,0.9288087773398672,2.670859421128173,2.84477795053388,1.5177895083794084,2.2374135760326133,2.8106220024432704,2.546142624787594,2.401892923365316,2.620935871615441,0.8864416434456254,2.222707697832247,2.1276596320365817,0.5393123337861255,1.6287823213086692,2.5358220856248916,1.908451681963754,1.6485379680497945,0.3084337696923408,0.2031794210175788,0.1926868307732858,0.3529804161610663,0.2564609905058822,0.5692710479321161,0.2903732608972815,0.08463162276746,0.0972883764268217,0.6033800560550562,0.449667235172808,0.5220453555732194,0.4308246173988737,0.1483557807345732,0.353119313045579,0.6274448801198802,0.3229132228882228,0.4685762116967998,0.4349107173860673,0.4394230734006276,0.3667541793603712,0.392734612051549,0.139407892915478,0.3351197231303269,0.3203078113922541,0.0795195529702496,0.2186383704795975,0.4097599249993212,0.2934284266387208,0.2634820662997134,10,11,12,9,9,7,11,14,13,7.0,6,8,9.0,10.0,8,6.0,7.0,6.0,9,8.0,8.0,10,11,9.0,7,12,7,7,9.0,8,9,8,9,7,9,7,10,10,11,7.0,9,8,9.0,8.0,10,7.0,5.0,8.0,9,8.0,9.0,11,8,11.0,8,8,10,10,7.0,9,8,6,7,6,7,7,8,7,7,7.0,6,7,8.0,6.0,8,6.0,4.0,6.0,8,7.0,7.0,9,6,8.0,6,6,6,7,6.0,6,0,0,0,0,1,1,0,0,0,1.0,1,1,0.0,0.0,1,1.0,0.0,1.0,1,1.0,1.0,1,0,0.0,0,0,0,0,1.0,0
5.5,1.5169530894523426,0.5644717449801726,0.7500417631250417,1.548577940649526,1.688053632857502,2.604849053359249,1.3353410652047133,0.2842870393022,0.1531449147268078,2.5034151934498117,2.066241866127368,2.267461484456763,1.6392145028028822,0.6918282208150767,2.7522400436557657,2.4862685724955456,1.0829779024505173,1.8367826245227796,1.9367142900025751,2.0724374719064733,2.2422909722347852,1.762169110834702,0.8558824670521212,1.5770973513909994,1.3968888947352178,0.1794563566280753,0.697073752196497,1.097731400102374,1.8463664012819103,1.214657081480838,0.2069220837492476,0.0788956082101592,0.0988830912581383,0.2410149627634146,0.247604119431667,0.4184123876381616,0.2116854367217114,0.0422331387057426,0.0218824301222126,0.4541579506235079,0.350390556571052,0.4510654576847301,0.2646730073081971,0.1036177465962194,0.3649457536180137,0.5537933208947914,0.2132529155485037,0.3963942626860584,0.3105687807018067,0.3441990902458395,0.3332108178333983,0.2615933646593008,0.1308074375333764,0.2364077545018957,0.2019032121630184,0.0265710441862918,0.089843147797223,0.180536176809087,0.2596249873191824,0.1790027423534422,12,13,13,10,10,8,12,14,14,8.0,7,8,11.0,12.0,10,6.0,8.0,6.0,10,10.0,9.0,12,13,10.0,8,14,9,8,10.0,9,10,9,10,9,10,8,11,12,12,8.0,10,9,10.0,10.0,12,8.0,6.0,9.0,10,10.0,11.0,12,10,12.0,9,8,11,11,9.0,11,8,6,7,6,8,7,8,7,7,7.0,6,7,8.0,7.0,10,6.0,4.0,6.0,8,8.0,8.0,9,7,8.0,6,6,6,6,7.0,6,0,0,0,0,1,1,0,0,0,1.0,1,1,0.0,0.0,1,1.0,0.0,1.0,1,1.0,1.0,1,0,0.0,0,0,0,0,1.0,0
6.5,1.0944818898069513,0.7176517212351636,0.3486467931002026,0.7908492531949515,1.671394088565595,2.5456336681031355,1.329295597183831,0.4952057265184328,0.1781884536977178,2.543676480621089,1.7108910626233258,2.172613188631621,1.3171867873066805,0.4545706713250893,1.6187319195877514,2.490327906278764,1.0993880894318016,1.396956404894999,2.1887764770948364,1.937261683918809,2.1621724664203787,2.367295682318043,0.9718538855140042,1.7885938330153348,0.6212258147483386,0.3589808353857569,0.273403001644365,1.261592346790395,1.777538401785365,0.6964959407993103,0.1411044084509887,0.0937374865902259,0.0432185192579217,0.1150097031967,0.2189590704557256,0.3583881358194758,0.2070408893769965,0.0715103092379569,0.0261492698675718,0.4378099944688953,0.2874474105223533,0.4020549863191504,0.2146745545213974,0.0640581073799744,0.2169170677896844,0.5565185595450302,0.2159951238304179,0.301139722137168,0.3173770036284291,0.3017703152462172,0.3036764654989497,0.3138099824927171,0.1331906531082026,0.2603443206802172,0.0856254854006166,0.0485142371537916,0.034660384161986,0.2026664361513062,0.2529108855025264,0.0987102519804121,13,14,13,12,11,9,11,14,15,9.0,8,10,13.0,13.0,12,6.0,9.0,6.0,12,11.0,10.0,12,13,11.0,10,14,11,9,11.0,11,11,11,12,10,12,10,12,13,13,9.0,11,10,11.0,12.0,13,8.0,7.0,11.0,12,12.0,13.0,13,12,13.0,10,9,11,12,10.0,12,8,7,7,6,9,8,8,8,8,8.0,6,8,9.0,8.0,10,6.0,5.0,6.0,10,9.0,9.0,10,8,9.0,6,7,6,7,8.0,6,0,0,0,0,1,1,0,0,0,1.0,1,1,0.0,0.0,1,1.0,0.0,1.0,1,1.0,1.0,1,0,0.0,0,0,0,0,1.0,0
7.5,1.223897822001392,0.902381018837041,-0.2281827091023819,0.9751049494281536,1.8751692156360744,2.2369533560993,0.997872138409393,1.015713850609225,0.5307058163839865,2.718244755442989,2.036272517401932,1.8022535315486563,1.7350044135214626,0.2418463408659177,1.9676310890581912,2.029116484683368,0.7483000763970028,0.9385900442971056,1.7920734928407756,1.7882918498292724,1.9833735395015144,2.612645673434146,0.6172020634666319,1.5713743302991356,0.8834015668520666,0.7225342684360412,0.0704814481766223,0.5029913209820165,0.6198836542968896,-0.196119359286675,0.1499851404270189,0.1129283616485965,-0.0269028859379902,0.145275103506595,0.2224606885919303,0.3062700526659593,0.1631221865483643,0.1494898555153535,0.0795392232279269,0.4091721206296283,0.3379807578252052,0.3184308376607913,0.2712657339666311,0.035376749761807,0.2392540758989683,0.463262987012987,0.1570801885764735,0.2037962508621782,0.2491032479123056,0.2888994114762609,0.2855231744487546,0.3449220543634287,0.0818933208429447,0.2061127753110173,0.1238808813750224,0.0989490477287926,0.008806299419983,0.085179869648755,0.0976127127430532,-0.0267519907748134,14,14,14,12,12,11,12,14,15,10.0,10,11,14.0,14.0,14,6.0,9.0,6.0,14,12.0,12.0,13,13,12.0,11,14,11,10,12.0,12,11,12,13,11,13,11,10,13,12,11.0,11,11,13.0,12.0,15,7.0,8.0,13.0,14,13.0,13.0,13,13,14.0,10,9,12,11,10.0,11,8,8,7,7,10,9,7,9,8,9.0,7,8,11.0,8.0,12,5.0,5.0,6.0,11,10.0,10.0,11,8,9.0,7,7,6,6,7.0,5,0,0,0,0,1,1,0,0,0,1.0,1,1,0.0,0.0,1,1.0,0.0,0.0,1,1.0,1.0,1,0,0.0,0,0,0,0,1.0,0
8.5,1.0481521863443,1.171472449205015,0.1776682982616076,1.0911548747696351,2.544058398456666,2.546209848674142,0.9148867789746868,0.9975938097502864,0.3768427982944837,2.8028626268834422,2.1206107858729,1.633280278301168,1.5570059387004676,0.462745771146582,2.397957612452783,2.390475058103179,0.5765781303294165,0.8217949081665313,2.1065808860878357,1.496657407071043,1.875105404441037,1.7958276715239363,1.4121482847551516,1.4226655634181902,0.6541674310617047,1.1764600747933005,0.1443255050394546,0.4439253468718604,0.2210506764708587,0.2903585244499588,0.1307066411087006,0.1604030582439352,0.0203629503718438,0.1636030339143813,0.3040620015216084,0.3032498991486271,0.1510274533669169,0.1492749520619174,0.0592223103084827,0.406275158798217,0.3728030265867155,0.2908610492396433,0.2448690724670452,0.0589219406190695,0.2895285120007302,0.526325394050394,0.1262018833505676,0.184493453582806,0.2796933959656504,0.2348541435420793,0.2556736625067598,0.2430125046704142,0.1851661743941735,0.2006496044857163,0.0916885295475078,0.1690352255072069,0.0180396793920396,0.0711548961358558,0.0351470980344045,0.0436288796518538,14,14,14,13,12,13,12,14,13,11.0,11,12,14.0,15.0,15,5.0,8.0,6.0,14,12.0,13.0,14,12,12.0,12,14,11,10,11.0,13,10,12,13,11,13,13,10,12,11,12.0,11,11,13.0,13.0,15,7.0,9.0,13.0,15,15.0,15.0,13,13,12.0,10,8,12,11,10.0,11,7,9,8,8,11,11,7,9,7,10.0,8,8,11.0,9.0,13,5.0,5.0,6.0,12,10.0,11.0,10,9,8.0,7,7,6,6,6.0,6,0,0,0,0,1,1,0,0,0,1.0,1,1,0.0,0.0,1,1.0,0.0,0.0,1,1.0,1.0,1,0,0.0,0,0,0,0,0.0,0
9.5,0.1949273783718753,1.5697101944991088,0.1476906778543061,0.8051777188759384,2.588800344406664,2.099480470141735,0.7593140218656658,1.3639226938385005,0.6923936533734447,2.8693544234852917,2.079805097537687,1.2170058176919472,1.3080351155664802,1.064302208775676,1.7891762636879307,1.8295791391185752,0.7216236105896999,0.4115494213192391,1.73699064342103,1.2862251983256865,1.906712940850815,1.759995452700773,1.389374998150022,1.5457945032104836,0.6998199842824093,1.378165575615074,0.5679878742125997,-0.0224167500073405,0.8940911918010083,0.3617650927860827,0.0252453377252711,0.2045145946860607,0.01926995542021,0.125215516543626,0.3035738037996612,0.228884665532789,0.1275086871474945,0.205124436008421,0.1100852816377919,0.3971566492327463,0.3512301013179698,0.2130778743444378,0.2047190624828375,0.1277269507486533,0.2257021689333777,0.4093947385947385,0.1579777508439273,0.091143667813095,0.2298204747182031,0.2028125525260698,0.2566173699833816,0.24254987957113,0.186657297171278,0.196239858695768,0.104740484269324,0.1957962654132932,0.0725159090423493,-0.0041435676380723,0.1497241684528061,0.060353557481465,15,14,13,13,12,14,13,14,12,11.0,12,11,15.0,15.0,16,4.0,9.0,7.0,13,12.0,13.0,14,12,11.0,14,13,12,12,11.0,14,10,12,12,12,13,14,10,11,10,13.0,13,11,13.0,14.0,14,7.0,8.0,12.0,15,14.0,15.0,13,13,12.0,9,8,11,9,10.0,10,6,10,7,8,11,11,7,9,7,10.0,9,7,11.0,10.0,12,4.0,5.0,5.0,11,9.0,11.0,10,9,8.0,7,7,7,5,7.0,6,0,0,0,0,1,1,0,0,0,1.0,1,0,0.0,0.0,1,1.0,0.0,0.0,1,0.0,1.0,1,0,0.0,0,0,0,0,0.0,0
10.5,0.1729861413222571,2.3850496018499863,-0.2964886592316709,0.6347913831169408,1.69787268027583,1.8360952809778863,0.6686903545842532,1.926503294849148,0.9266716947691864,2.7732279857387985,2.1764055152090673,1.2084711182073369,1.4457872805385237,1.095015607178599,1.4254840748765758,1.3562729873826502,0.9803324870184924,0.6100169430175102,2.1744184756534137,1.4597972887317987,1.781317888403982,1.8084806610230793,1.5764815295483836,2.451360548646358,0.9827364981913602,1.196394924471674,1.217862675935289,0.5403164196094336,0.5683806968363271,0.699426796231987,0.0239833548161654,0.3071014164667537,-0.0405104934748324,0.0899827260470046,0.2117462032344796,0.1767146269354411,0.1051156090824418,0.289176152542885,0.1410425273061542,0.4063705981609064,0.3617981606937206,0.2050595169536346,0.2331560413285383,0.1389204819115614,0.1695255953578626,0.2979693667443667,0.1982641789325226,0.1358671847760083,0.3037811220895999,0.238860745008495,0.241737675861502,0.2584760763010191,0.2033510979533621,0.3214403962319968,0.1508477063442234,0.1533730554712483,0.1619173840009617,0.1028428568077948,0.1078678313688376,0.1271648823761154,14,13,13,12,13,15,14,14,12,11.0,11,11,14.0,14.0,16,3.0,7.0,9.0,13,11.0,13.0,12,11,12.0,14,12,12,12,11.0,14,9,13,11,11,13,15,11,11,10,13.0,13,11,13.0,12.0,13,7.0,9.0,12.0,15,13.0,15.0,13,13,13.0,8,9,11,8,8.0,9,6,11,6,7,10,11,7,10,7,10.0,9,7,11.0,9.0,11,3.0,5.0,6.0,12,9.0,11.0,9,9,10.0,7,7,8,6,6.0,7,0,1,0,0,1,1,0,0,0,1.0,1,0,0.0,0.0,1,1.0,0.0,0.0,1,0.0,1.0,1,0,1.0,0,0,0,0,0.0,0
11.5,-0.2551188792363378,1.9193502185107332,0.2507244181327435,0.705058550400689,1.239776012740688,1.7495126837314123,0.8547840426524353,1.4831897524563793,1.0087098082022992,2.2658080356245343,2.1729393640902344,1.104778316582823,1.355850806008767,1.2399527899001443,1.9451149455931376,0.5202336157348647,-0.0111038502398646,0.6562250214548436,1.697969273862962,1.5233578196381912,1.3965915321803215,1.9201198454810495,1.258193925199487,2.2977503019587013,1.66445371308826,0.926195725793789,1.3786062653613866,0.2875267529793205,0.3586444315944759,0.6721797437200429,-0.0363686123559962,0.2546168675738793,0.0380490036701606,0.0977121366970775,0.1584458622123005,0.1894675883154578,0.1349212185496262,0.2207358740336105,0.1562760928551863,0.3278750114989481,0.3970194884003539,0.1988194101478156,0.2075832597854378,0.1708265046040392,0.2519818896864803,0.1186481795981795,-0.0021939260086318,0.1486037214849134,0.244820531459736,0.2595600274080925,0.1858697982210777,0.3070044242845293,0.1720041166039954,0.2937254463174911,0.2719061087003811,0.1228239476060649,0.1789368262990656,0.058233804628464,0.0698343976714719,0.134994665422297,14,12,13,10,13,15,15,14,12,11.0,10,9,12.0,14.0,16,2.0,8.0,10.0,12,11.0,12.0,12,10,12.0,12,11,12,12,11.0,14,8,12,10,11,12,14,11,11,10,13.0,12,10,14.0,12.0,13,7.0,7.0,10.0,14,12.0,15.0,11,12,13.0,7,9,11,7,7.0,8,5,10,7,6,9,11,8,9,7,9.0,9,6,10.0,9.0,12,2.0,3.0,6.0,10,9.0,10.0,9,8,10.0,7,6,8,5,5.0,7,0,1,0,0,1,1,0,0,0,1.0,1,0,0.0,0.0,0,0.0,0.0,0.0,1,0.0,1.0,1,0,1.0,0,0,0,0,0.0,0
12.5,0.19726313821358,1.8932505971786495,0.7997406207017188,0.4252340847941769,1.4499285135455362,2.203386521628906,0.8424131934263281,1.6159119550308414,1.2773167078486745,1.901714673000917,2.0673474575593724,1.4171333240994015,0.705478595388628,0.7002330621324947,1.624956197064128,-0.5345948238892269,0.2214835670831081,1.0491941857665616,1.4447796816181953,0.5915503665642743,1.1341172388352625,0.7931387376475766,1.8307627807880027,2.277459787651824,1.5456554395863913,1.5809550788304378,1.567041318445176,0.8758439248374704,0.7166926954928429,0.6163226045361193,0.0281871117616473,0.2538198171812933,0.1250601661668223,0.0610093538126819,0.2041659845673239,0.2305474200780151,0.1314319107570912,0.2294344695449777,0.1970114947582143,0.2867177150047422,0.375759983129821,0.2427430107044657,0.1087360705457178,0.0867673819165784,0.2001164428514557,-0.1234305886923534,0.0453547415003297,0.2414798410739587,0.2049638260897058,0.0957700559078079,0.1363665028747464,0.1266798435378054,0.2517168122536443,0.3420746532834062,0.2365121606893278,0.197543399304962,0.1962597083317065,0.1735700699713083,0.1441736225504801,0.1288103799193581,14,12,12,10,13,14,13,14,12,10.0,8,9,10.0,14.0,16,1.0,8.0,10.0,10,10.0,10.0,9,9,12.0,13,11,12,12,10.0,12,8,12,9,10,11,14,13,12,11,12.0,12,9,13.0,14.0,12,8.0,6.0,8.0,12,13.0,17.0,10,12,12.0,7,10,11,7,6.0,7,6,10,7,5,9,11,8,9,8,8.0,8,6,8.0,9.0,11,1.0,3.0,6.0,8,7.0,9.0,6,8,10.0,7,7,8,6,5.0,6,0,1,0,0,0,1,0,0,0,1.0,1,0,0.0,0.0,0,0.0,0.0,0.0,1,0.0,0.0,1,0,1.0,0,0,0,0,0.0,0
13.5,0.1251101105096908,1.139361188773622,0.2180389232335933,0.6138758571273015,1.379468299533947,0.8920007805044821,1.0288013036315713,1.5856817837832835,1.5626954760888598,1.4973332683002398,1.7555685831816972,1.8310499491774104,0.7836178841799856,0.8671715808559389,1.1427709458198774,-1.4645476894697798,0.1354353076815473,0.3848640327090248,0.8346193870054914,0.4198071237123681,0.9070046332930312,1.3403437723130238,0.6103776472049762,1.953242137160152,1.6493417029099982,1.742482641700919,1.415646286856324,0.6500080075070779,1.4722347567756775,0.3395494545159327,0.0178200855474074,0.1441594735016259,0.0359569702399423,0.0781680409631647,0.1917431194966025,0.086276355779206,0.1561175479822472,0.2256586258616821,0.2358107691471468,0.2462590822490202,0.3523278330802324,0.3219054676317834,0.1172788753157921,0.1105793703045088,0.1560040212507315,-0.3383366951675775,0.0299031302031302,0.0940418747918748,0.1208896656083928,0.0699590252106667,0.1119612605007823,0.2086390243563888,0.0903356900995984,0.2693059156794956,0.2519919587378566,0.2288381717010199,0.1773821994001122,0.1370285575535575,0.2962073661117005,0.0745068654513701,13,13,13,9,11,11,12,14,14,10.0,8,8,10.0,13.0,14,0.0,10.0,10.0,7,10.0,8.0,7,9,12.0,13,10,14,10,11.0,11,8,12,7,10,11,15,13,12,12,11.0,10,8,13.0,14.0,10,8.0,5.0,6.0,10,13.0,17.0,10,11,13.0,8,10,10,5,7.0,5,6,9,5,5,8,8,8,9,9,7.0,7,6,8.0,9.0,9,0.0,3.0,4.0,5,7.0,8.0,6,6,10.0,8,7,8,4,7.0,4,0,1,0,0,0,1,0,0,0,1.0,1,0,0.0,0.0,0,0.0,0.0,0.0,0,0.0,0.0,0,0,1.0,0,1,0,0,0.0,0
14.5,0.7095631057012917,0.9483998907557254,0.0419364510451618,0.6355483137329963,0.6492053491580422,0.4462562839092892,1.238088295564058,1.5433732582905693,1.2134485977491467,1.400277005459214,1.445281869040974,1.2731273250047517,0.7701057989100395,0.6531581708478456,1.830608833677035,-1.361851015513963,0.1299918711174364,0.8244807818393878,0.345780600525884,0.1086784377216256,0.5619793267433175,0.2786823565720532,0.7820326002421609,2.052037664062831,1.5714611730264465,1.915380826733359,1.490304398839574,1.474183961744117,0.7630496538652636,0.120448061834685,0.1144667103450384,0.1299796053004742,0.0074482105098204,0.0887481347928481,0.095293113345203,0.0429597306840502,0.1864723266157671,0.2202383550082628,0.1830342572006745,0.2310651172614795,0.3064348713979519,0.2525989379901144,0.1158099117798638,0.094751878642065,0.2673679647963052,-0.3308524364524364,0.0292384615384615,0.200838406038406,0.0533321544039036,0.01781538944185,0.0718959023735521,0.0494039519991532,0.1230490648670215,0.3291577291410076,0.2229030025948386,0.2384153970944178,0.1798229747380541,0.3361463147963147,0.1576898558957383,0.0262691400103165,13,14,14,8,11,9,11,15,15,11.0,7,5,9.0,14.0,13,0.0,10.0,9.0,7,10.0,7.0,6,10,12.0,12,11,14,8,12.0,11,7,12,5,11,9,15,13,13,12,10.0,9,7,12.0,13.0,9,6.0,5.0,5.0,8,14.0,16.0,9,10,12.0,10,11,10,4,5.0,4,6,9,4,5,6,7,8,10,9,7.0,6,4,7.0,9.0,9,0.0,3.0,4.0,4,7.0,7.0,4,6,10.0,8,8,8,4,5.0,3,0,0,0,0,0,0,0,0,0,0.0,1,0,0.0,0.0,0,0.0,0.0,0.0,0,0.0,0.0,0,0,1.0,0,1,0,0,0.0,0
15.5,0.2649279231696873,0.6235348086267155,0.1553670159357424,0.658975352246489,0.9330666063285318,1.5809642163181648,1.708308899137839,1.119792050919156,1.3563090535232496,1.4112676762962155,0.523188574380401,1.522692399482028,0.4486633408754217,1.234025553182818,1.69988895705302,-1.3971773288613611,0.931553328608261,1.2688651539864688,-0.4429611654013557,-0.3268333289184142,0.606792588241185,0.6335626071356146,0.4122782223000329,1.0146517716945482,1.4493274710551023,2.3239249001161975,1.4118660143820154,0.9900996998875734,0.6345191593261007,-0.9617559432716926,0.0454334970584969,0.0915265228288111,0.0280134070178187,0.092014046378234,0.135520079164042,0.1560349515483887,0.2574330047057682,0.1659337928975497,0.2105249010713938,0.2326443581272528,0.1163583202744967,0.3205647102897103,0.0659015046893549,0.157742841207724,0.2305269754929116,-0.3151347263847264,0.1987109224109223,0.2793265623265623,-0.0764608652785123,-0.0529284434690807,0.0808753219866585,0.1147628382883027,0.0720124963272022,0.1686318368437025,0.2102807795650305,0.3130180695050899,0.1693558007628541,0.2189269674769674,0.128867059411177,-0.1763473748473748,13,14,12,7,9,8,11,16,15,11.0,7,4,8.0,15.0,11,0.0,11.0,8.0,7,10.0,7.0,5,9,12.0,12,11,13,7,13.0,12,6,10,4,11,8,15,12,11,11,10.0,8,5,12.0,15.0,10,6.0,4.0,5.0,8,14.0,15.0,8,7,11.0,10,10,11,2,5.0,3,5,8,3,5,5,8,9,9,9,7.0,4,3,6.0,11.0,8,0.0,4.0,4.0,3,6.0,7.0,4,4,8.0,8,8,8,2,5.0,1,0,0,0,0,0,0,0,0,0,0.0,0,0,0.0,0.0,0,0.0,0.0,0.0,0,0.0,0.0,0,0,1.0,0,1,0,0,0.0,0
16.5,0.3335776877383907,0.8639897281446227,-1.0607722945029785,0.5163165914862308,0.4498216719808153,0.8620547384097103,1.4801673704152332,1.763283335847453,0.9391293788867392,1.1132090924324258,0.386219472811649,0.982598888862154,-0.1473016043144984,1.2093029759852107,1.443892823386269,-1.364700616082269,0.8708677897926911,0.3607598762946862,-0.0669708349246701,-0.6625274948249689,0.5385177237609127,-0.9356468170839402,1.0708103322222695,0.5944238321267364,0.8974692289488753,2.3539816432472285,1.8634363201842763,0.4491962542990844,0.6500338858721564,-1.4132057050642417,0.0565682303764347,0.1328797856168599,-0.1928018731268731,0.0796096833514521,0.0718375841822436,0.0844248721493399,0.2252077124899451,0.2407036551556109,0.1425644626707105,0.1916619720578699,0.0885466737596768,0.2305003996003995,-0.023622379830352,0.161227031672254,0.208658037948501,-0.3147765956265956,0.181353663003663,0.0840931623931624,-0.0119251894390439,-0.1051117765424328,0.076032888526648,-0.1802154010162523,0.2088745511540403,0.1056425676748432,0.1319304857587634,0.3228999301953635,0.2190929767892179,0.0784197746697746,0.125297441284206,-0.2305608391608391,12,14,12,6,8,7,12,15,14,10.0,7,3,9.0,15.0,9,0.0,10.0,8.0,8,9.0,8.0,4,10,12.0,14,12,12,6,13.0,11,6,8,3,11,7,16,12,12,11,9.0,8,4,10.0,14.0,10,5.0,3.0,5.0,6,14.0,12.0,8,7,10.0,10,9,12,2,5.0,2,5,7,1,5,4,7,9,10,8,6.0,4,2,5.0,11.0,7,0.0,3.0,3.0,3,5.0,6.0,2,5,7.0,8,8,9,1,5.0,0,0,0,0,0,0,0,0,0,0,0.0,0,0,0.0,0.0,0,0.0,0.0,0.0,0,0.0,0.0,0,0,0.0,0,1,1,0,0.0,0
17.5,0.4959583670035118,0.8653535456828121,-0.919489052364257,0.4267072279051799,-0.7013061053488399,0.7514995120860593,1.8780827789063328,1.7636039202211515,0.5249459750913329,0.7885983737456344,0.5007767126232798,0.7011407638326592,0.3022493266572437,1.7482030140900628,1.4517670880880469,-1.1858629793055513,0.3679487918254378,-0.0238230428945459,-0.295307012357647,-1.5079026687839492,0.4432302885184598,-0.6499286817062967,0.8225221336628646,0.9564518800895736,0.8185850634347707,1.5968839582061911,1.769066504789952,1.48952885364601,0.3318020353261715,-0.4301377847265143,0.0854588119396943,0.1406963926424452,-0.1843903152403152,0.0637117439028868,-0.1289162466962002,0.0732761365570959,0.2865699796852913,0.2551655462087754,0.080549054608887,0.1393072538572539,0.1158332446707059,0.1615463758463758,0.0533192794324474,0.251245576449196,0.201752248716719,-0.2769928737928737,0.0726878843378843,-0.0052659107232637,-0.0586327399724458,-0.2472912709921357,0.0707975288822542,-0.1371684119887679,0.144739247474232,0.1657916712716248,0.1132441146759494,0.2374871309289265,0.2033024341126784,0.3055128094128094,0.0619806139938493,-0.0765065989565989,11,14,11,5,7,7,13,14,13,10.0,8,4,10.0,15.0,8,2.0,8.0,7.0,8,6.0,9.0,4,10,11.0,12,13,11,6,12.0,11,5,8,3,12,6,16,12,11,11,8.0,7,4,10.0,12.0,11,4.0,3.0,7.0,4,13.0,10.0,7,7,9.0,10,7,12,2,5.0,2,4,7,1,5,2,7,10,10,7,5.0,4,2,6.0,11.0,7,0.0,2.0,3.0,2,3.0,6.0,2,5,7.0,7,7,9,2,4.0,1,0,0,0,0,0,0,1,0,0,0.0,0,0,0.0,0.0,0,0.0,0.0,0.0,0,0.0,0.0,0,0,0.0,0,1,1,0,0.0,0
18.5,-0.0187138190915811,0.608010959185521,-0.134830410587087,0.7290370164804532,-1.3967721922489953,1.2927513753302622,2.4324989502727896,1.4704530232437665,0.7603120870703727,1.1195896744831602,0.6776678795841565,1.3105352741800047,-0.3931732012628681,1.4438571416906705,1.307016034888827,-1.0677115292765351,0.3310864987228238,0.7487353380523195,0.0883914210809426,-0.6307877313314267,0.7038451622123243,-0.6229255591099838,0.8486265631499098,0.5599577854066132,0.0875560388117551,1.4333900206918817,2.0620195453648145,1.656661608322564,0.0049845216094063,0.0069859086470946,-0.0029619305531069,0.1208157108886984,-0.0286569322834028,0.1138526890172838,-0.2819634817796582,0.1538257151030619,0.3643069682421196,0.2064489505947057,0.1135881175433053,0.2014020173840607,0.1535834276146969,0.3080079004329004,-0.0762117951244548,0.2073729566196654,0.1918505499784562,-0.2385720057720057,0.0658464868464868,0.1743417900726724,0.0164938897016295,-0.1116723855252896,0.1240103435436252,-0.1304041877627017,0.1494269426651779,0.1076012656418229,0.0119603963643033,0.2048852094757667,0.2345866950372133,0.3695976856476856,0.0009091297591298,0.0013296425796425,11,13,10,5,6,7,13,13,13,10.0,7,4,9.0,13.0,9,3.0,7.0,8.0,9,6.0,9.0,5,10,11.0,12,14,9,6,10.0,10,4,6,5,11,6,13,12,12,11,9.0,7,5,9.0,10.0,12,4.0,4.0,8.0,5,12.0,7.0,7,6,8.0,10,7,13,3,3.0,3,3,6,3,5,1,7,11,9,8,6.0,4,3,4.0,9.0,8,0.0,2.0,5.0,3,4.0,5.0,2,5,6.0,6,7,9,3,2.0,2,0,0,0,0,0,0,1,0,0,0.0,0,0,0.0,0.0,0,0.0,0.0,0.0,0,0.0,0.0,0,0,0.0,0,0,1,1,0.0,0
19.5,0.6263070880050625,1.0107993001083162,0.1692459457828762,-0.2860353164511625,-0.8920465394206892,1.8308357575931724,2.204068943694994,1.1143833016003442,1.3171789985901197,0.0319858719559386,0.4594809807360003,1.4270009637341408,-0.0019655532071422,1.6528215209842818,0.9924809824870252,-0.986466518578658,0.4054727312732082,0.3654896991840258,0.6865450133355914,-0.2103437133573799,0.7495714373195216,-0.4214434722174955,0.0821743800444416,0.7887899918938374,0.132105649402262,0.9710418146122956,1.9660397105222764,1.9908244404032505,-0.3554876435471463,0.0437604617296115,0.0985636270506238,0.2022219844139349,0.0348994691153359,-0.0506889933423989,-0.1818691067274658,0.2500854400750235,0.3419773097224786,0.1569576381129228,0.1934875488548035,0.0066663614163613,0.1061213175713176,0.3574336219336219,-0.0003647655626556,0.2349990001480849,0.141181076449861,-0.2375986291486291,0.082098568098568,0.0868724120564679,0.1387203225051522,-0.0385716957191416,0.1288928992661964,-0.0988212550091807,0.015798302591801,0.1464448162862249,0.0208295709106853,0.1543037453860208,0.209686150632146,0.437842698967699,-0.0694767427017426,0.0086682205049851,9,11,9,4,6,8,14,13,13,8.0,8,6,9.0,10.0,10,4.0,6.0,7.0,9,6.0,11.0,5,8,10.0,13,13,9,7,9.0,9,6,6,6,9,7,12,12,11,12,6.0,5,5,9.0,10.0,12,3.0,4.0,10.0,5,10.0,6.0,6,7,8.0,8,6,14,5,4.0,5,4,6,4,3,2,8,11,8,9,3.0,3,4,5.0,8.0,8,0.0,2.0,5.0,4,4.0,5.0,2,4,6.0,6,6,9,5,2.0,3,0,0,0,0,0,0,1,0,0,0.0,0,0,0.0,0.0,0,0.0,0.0,0.0,0,0.0,0.0,0,0,0.0,0,0,1,1,0.0,0
20.5,0.3224072376232502,1.1965298619395703,0.6826449846577735,-0.3647413264084256,-0.4872447496366562,1.390374596071279,1.7705167699614632,1.422818555253735,0.9608128244667188,0.6064886115900694,0.9882694241301018,1.2370698749990212,0.2447071156747029,1.1556985263903057,1.323208551245042,-0.8632493849075857,-0.2617509533667315,-0.1425127475230045,0.3391324650706072,-0.5454863121676364,0.2406899292989209,-0.2606276646475989,-0.2667530102304817,1.24746856478054,-0.3017395464112304,0.945891147694661,1.7813081850733474,2.2398299630407816,-1.1022725504567514,0.6481832684010236,0.0541336444515237,0.2419300332622314,0.1265570689973941,-0.070078491537702,-0.0993217226873573,0.2034741728429808,0.2842506968685284,0.2098684036666982,0.1386571531032245,0.1274152690446808,0.2060986124986125,0.3084188114173408,0.0487873321724714,0.1604026122200439,0.1954753877042079,-0.1721998556998557,-0.0546482073482073,-0.0342963056637205,0.0714294156995394,-0.1046573291087997,0.0418927753618929,-0.058250515162512,-0.0530579218167454,0.2265011102416674,-0.0486888717319831,0.1558208274439698,0.2004605376257281,0.4931716187407365,-0.2054771256521256,0.1224568074082779,9,10,8,4,6,9,14,12,13,6.0,6,8,9.0,9.0,11,5.0,6.0,7.0,10,7.0,11.0,5,8,8.0,13,13,10,7,7.0,8,6,6,7,9,8,10,12,12,13,6.0,5,6,8.0,9.0,11,3.0,3.0,10.0,5,7.0,5.0,6,8,8.0,7,6,13,6,4.0,6,4,6,5,3,3,7,10,9,9,3.0,3,5,5.0,7.0,9,0.0,1.0,4.0,4,3.0,4.0,2,4,6.0,5,6,9,6,1.0,4,0,0,0,0,0,0,1,0,0,0.0,0,0,0.0,0.0,0,0.0,0.0,0.0,0,0.0,0.0,0,0,0.0,0,0,1,1,0.0,0
21.5,0.2657372261840263,1.4397074762675617,1.2853291859270115,0.8216840819866347,0.0138101242230463,1.4188613249324475,1.3243953231743273,0.7517439401299166,1.646259319386928,0.2601951423591553,1.0424320398733686,2.0403836343004715,1.1877719951888963,1.1066207540775592,1.0471729757460544,-0.7953982394535049,-0.4537016721647222,0.4262917343797178,-0.0523872006840568,0.4328487910290576,0.5470301861258033,-0.0232320803422289,-0.9242612116434816,0.6928567518537931,-0.3878978750814157,0.9327967480613774,1.7595926271851454,2.6484318556253013,-1.0333487828325647,1.3941317148119416,0.0469859199623905,0.2890511281975677,0.2562173460010922,0.1727395688504821,0.002460472207531,0.2307225737884407,0.215643614828285,0.1146053701728193,0.2417424843090134,0.0554499222999222,0.2265943223443223,0.4769077869842575,0.2186983270685284,0.1775599120671135,0.1580720260163401,-0.1537613997113996,-0.0945224164724164,0.1036172146480969,-0.0110479200280283,0.080326831338596,0.0967658616237563,-0.0050841806885924,-0.1859271228513488,0.1338054786716552,-0.0641334858811638,0.1533589637228956,0.2221775738724865,0.5703219891477631,-0.1882632839382839,0.2441278996201596,9,9,8,6,6,8,12,12,13,4.0,7,9,10.0,9.0,11,6.0,5.0,6.0,9,8.0,9.0,5,7,7.0,12,13,10,8,6.0,8,4,8,7,9,8,8,11,10,13,5.0,4,7,8.0,9.0,10,2.0,4.0,8.0,7,6.0,7.0,5,9,6.0,6,6,12,8,4.0,8,3,7,6,5,4,6,8,7,10,2.0,3,7,7.0,7.0,8,0.0,1.0,4.0,4,4.0,5.0,2,3,4.0,4,6,9,8,1.0,6,0,0,0,0,0,0,1,0,0,0.0,0,1,0.0,0.0,0,0.0,0.0,0.0,0,0.0,0.0,0,0,0.0,0,0,1,1,0.0,0
22.5,0.4727657199676948,1.4112584531319128,1.1010562916837918,1.0192090975699748,0.9435493906462008,-0.0135693837618558,0.8406539944180169,0.5436065747764827,1.6387701296376154,1.6211370559070142,0.5343663508268991,1.9660297565204217,0.2447736851834747,1.4385267044355654,1.211068896924954,-1.0874079485010082,-0.3479985573194743,0.661149518457205,0.0220379663757497,1.494989901456822,-0.1121113215353441,0.1732085510003428,-0.760081517326305,0.5704236658135851,0.1134294443458297,1.191868022391511,1.170589987722665,2.013267776480415,0.2866232952784379,1.4176813300744489,0.0849145983101865,0.3034518504543272,0.2112301031184158,0.2478343062424333,0.1631597047431412,-0.0025117245327771,0.1392116184297298,0.0847899828888151,0.2454749605860705,0.3191786657786657,0.1211347097347097,0.4614918565095036,0.044313489915657,0.2265577915000151,0.1844547504577353,-0.2338443001443001,-0.0688106116106115,0.1591905538905538,0.0045399432009339,0.2573985419808949,-0.0213712443301453,0.0340705876339003,-0.1585672380852721,0.1098845404595404,0.0191742669267436,0.1934854132365742,0.1436528592675329,0.4603952248731661,0.0571693151619622,0.2564264951336933,8,7,9,6,7,8,12,11,13,4.0,5,9,10.0,9.0,13,4.0,4.0,6.0,9,10.0,9.0,7,8,6.0,13,12,10,6,7.0,7,4,7,7,7,9,7,8,8,11,5.0,4,7,7.0,10.0,8,3.0,4.0,5.0,8,6.0,7.0,6,8,5.0,6,6,13,7,5.0,8,3,6,6,5,6,4,6,5,9,3.0,2,7,5.0,8.0,8,0.0,1.0,3.0,5,6.0,4.0,3,3,3.0,5,6,8,6,3.0,6,0,0,0,0,0,0,0,0,0,0.0,0,1,0.0,0.0,0,0.0,0.0,0.0,0,0.0,0.0,0,0,0.0,0,0,1,1,0.0,0
23.5,0.5863118157112934,1.7574571022459318,0.8996794386951208,1.0675299605774131,0.250472500590903,-0.0066797652971409,0.2561380412210725,0.4901838893885209,1.1374277571668945,1.132218962526051,-0.5752927424850465,1.925203705073292,0.7325578948385426,1.2209088733467015,1.2078028584432745,-1.2667013131719231,-0.6049399966340518,0.6296006883840575,0.5591531899863004,0.7352295090278816,-0.1226366992449568,0.1878014052623322,-0.7310359324996929,1.192476666979495,0.3401468400643775,1.7009345806043643,1.425891721337044,1.656401165071116,0.7413046422213305,0.9560727449675788,0.1048043435322846,0.3719402845348667,0.1655050785815491,0.2411074334763964,0.0423234410670168,-0.001090074253232,0.0421615867964165,0.0808053762285186,0.1772708712725034,0.2323322732822732,-0.1304059381794676,0.452096535490653,0.1260331370899483,0.1937600707039628,0.1819484777079607,-0.2829013542013542,-0.1237459151959152,0.1221591436341436,0.110357321910004,0.1285363522098816,-0.0221018439249089,0.0379895982156818,-0.1550415328479569,0.2117789344642285,0.0625660917943425,0.2806038631646991,0.1667455653609887,0.3803737994032112,0.1421104064580071,0.1723607716071338,8,7,8,7,7,7,13,13,13,3.0,4,8,9.0,9.0,11,3.0,4.0,6.0,8,10.0,8.0,7,7,5.0,13,10,11,5,8.0,6,4,8,5,8,9,8,6,6,9,4.0,5,6,8.0,10.0,7,5.0,5.0,6.0,9,6.0,9.0,6,8,5.0,6,6,14,7,7.0,8,3,7,4,6,5,4,4,5,7,2.0,1,6,6.0,8.0,7,0.0,1.0,3.0,6,5.0,5.0,3,3,3.0,5,6,9,5,5.0,5,0,0,0,0,0,0,0,0,0,0.0,0,1,0.0,0.0,0,0.0,0.0,0.0,0,0.0,0.0,0,0,0.0,0,0,0,1,0.0,0
24.5,0.769434265431215,1.7006502632270009,0.6741491560993426,1.8642436878824704,0.2264776030488155,-0.8083605446375035,-0.0199593684103831,0.1363370436254415,1.0127188089158454,1.2568392589739694,0.0230528278952988,1.293216486889998,-0.0424718056979323,1.9818030898373429,1.7086877139233396,-0.5906076525377337,-1.7793155067188653,0.3631852963043404,0.0877672903214506,1.1935959862249963,-0.2702735673270358,0.1149069378018451,-0.0157999113080111,0.0332113631595903,0.2483946007182259,1.4495785265419063,1.4846596191922323,1.522036632087483,1.4042434185048247,0.5472906463249378,0.1391158093540446,0.3803822760658674,0.1208813103563102,0.3902395302581835,0.0354554975210549,-0.132096291367731,-0.0031487528896971,0.023783244748028,0.1716720890564543,0.2800897796647796,0.0051332992171227,0.3071631295175413,-0.0074832580560134,0.3086750084854048,0.2532789101115154,-0.1314288489288489,-0.4095267524958701,0.0706984626484626,0.0159661848942102,0.2163543844356538,-0.0490907756326621,0.0200225764002081,-0.0034400178596774,0.0063868606883313,0.0461249650762034,0.2548668929281932,0.1852233146291646,0.3636680143386026,0.2763875636747154,0.1014248550812791,8,6,9,7,8,7,12,13,12,4.0,3,8,7.0,11.0,10,3.0,2.0,5.0,7,9.0,7.0,7,8,4.0,11,9,11,4,8.0,6,4,7,5,8,9,8,5,5,7,5.0,7,6,8.0,10.0,7,7.0,6.0,5.0,9,7.0,10.0,8,7,5.0,5,5,13,6,7.0,7,3,6,4,7,5,3,3,4,6,3.0,2,5,4.0,10.0,7,1.0,0.0,2.0,5,6.0,5.0,4,4,2.0,4,5,9,4,6.0,4,0,0,0,1,0,0,0,0,0,0.0,0,1,0.0,1.0,0,0.0,0.0,0.0,0,0.0,0.0,0,0,0.0,0,0,0,1,0.0,0
25.5,1.2224642560097656,1.4379999710901532,1.1585873371630473,2.171950186911699,0.6849271195220624,-0.1901798060120642,-0.3144713669375491,0.16333356281342,1.6290452520227996,2.031035294160141,0.3664701086536919,0.8493938129107119,-0.0513241929476124,1.80793599136283,1.5349720337394988,0.1138990637479227,-2.052849625321251,0.2000529946559027,0.1130616360090068,1.4778598909534777,-0.5892710805255943,-0.3082072400616696,0.2738350968095334,-0.4449484419640191,0.2355768872268654,1.401887437621167,0.7575643486879775,1.0566168414073265,2.0284219003248487,0.8925712460184978,0.2108171362950774,0.3153095486556787,0.2221244921744922,0.4749748921013627,0.1113803409095204,-0.0333459616235158,-0.0553846354625766,0.0305396380709074,0.2840586492540826,0.5008631035631035,0.0839468414884049,0.2085966180877945,-0.0094737735690523,0.3013120499596573,0.2328447993269201,0.0252614919394331,-0.4644098964760729,0.0377378898878898,0.021462585941227,0.282337371443486,-0.1040913578714999,-0.0539066050736329,0.0560585978520963,-0.0970653957153957,0.0454916522246243,0.2560727796025783,0.0947945396336512,0.2460555367834779,0.4233773081923235,0.1697035485756073,8,7,9,8,7,7,11,14,13,4.0,5,7,6.0,10.0,9,3.0,1.0,4.0,7,9.0,5.0,8,7,3.0,11,9,9,3,9.0,5,3,7,4,8,8,8,4,5,7,5.0,7,6,8.0,9.0,5,8.0,8.0,3.0,9,9.0,10.0,9,7,4.0,5,5,13,6,8.0,5,3,6,4,8,5,4,2,4,7,4.0,3,4,4.0,9.0,5,2.0,0.0,1.0,5,8.0,4.0,4,4,1.0,4,5,7,3,8.0,3,0,0,0,1,0,0,0,0,0,1.0,0,0,0.0,1.0,0,0.0,0.0,0.0,0,0.0,0.0,0,0,0.0,0,0,0,0,0.0,0
26.5,1.5670151667368255,0.6964647799432213,1.5080360511273674,2.237368184955335,1.1755998337574116,-0.2772339683151582,0.0485574643740338,-0.0922649361025142,1.0274920077584022,2.264590338039141,0.3562433290242972,0.4979941664275576,-1.0820189829807718,1.9074347875511763,1.5782505580750676,1.0091086465026655,-1.0447666658305876,-0.4268552655406553,0.7469814761387626,1.456753011264715,-1.2501018250583904,0.0642374025630465,-0.0287698845936108,-0.1706779335619705,-0.023619044772342,1.7185555495337936,0.7131533413628806,0.1782767762653244,1.8637279011688752,1.2030443791325085,0.261192323852618,0.1393347497703533,0.2935528522131463,0.4685078948227554,0.2146888909594018,-0.0477827524918956,0.0096860378183907,-0.0173748375033979,0.1856862939863713,0.5299289220583339,0.0816968596762714,0.1233222292413468,-0.2061873365025068,0.3340514313086294,0.2492062528115159,0.2318339733795617,-0.2407047253142454,-0.0884272005772006,0.145753850045723,0.2709276586312089,-0.2134082884185557,0.0110801549070125,-0.0056225362872421,-0.0370946586093645,-0.0044105829584931,0.3065581645650532,0.0946275827035619,0.0406097467891585,0.3630829590344295,0.2159821980393187,8,7,9,8,8,6,12,14,13,5.0,5,6,5.0,9.0,8,4.0,1.0,5.0,5,9.0,4.0,7,7,3.0,10,8,9,3,8.0,5,4,8,5,8,8,9,4,5,6,6.0,7,6,7.0,8.0,4,9.0,8.0,4.0,9,11.0,10.0,8,6,6.0,6,5,11,6,8.0,5,4,5,5,8,6,4,3,4,6,5.0,3,3,2.0,8.0,4,4.0,1.0,1.0,5,9.0,3.0,4,3,2.0,4,5,6,2,7.0,3,0,0,0,1,0,0,0,0,0,1.0,0,0,0.0,1.0,0,0.0,0.0,0.0,0,0.0,0.0,0,0,0.0,0,0,0,0,0.0,0
27.5,1.4232388492258985,0.6148278634627993,1.3460373122640177,1.649711985677485,0.6432727404369335,0.9143982343166984,0.2626743653456909,0.1982864476906438,0.9258722769766364,1.8345679825142176,0.5518523859312854,0.0725610259488562,0.2483515574106716,2.0805267634637357,1.7037368455518698,1.4843574902382393,-1.0492533331237828,0.4014239132507569,0.5545296480014533,1.178330337437424,-0.93430210905348,-0.3609678648732559,-0.6015940897244092,0.6242033793268578,-0.4785039165120818,0.8738549832168666,0.8768030346489144,-0.3123102643460412,1.4330773643228274,-0.8506681100981821,0.2435770763464261,0.1255426852301465,0.2731203637865403,0.356665033169445,0.1252547876444161,0.1440009385429933,0.0535895740482427,0.0365720462286252,0.1742907077270854,0.415536097889039,0.1221634840649547,0.0181187451437451,0.040928920597806,0.3472473939104374,0.2525697262919399,0.3488760878010877,-0.2373249429277293,0.0892336885336885,0.1046501491680722,0.2301940060321068,-0.1629132050630602,-0.0603118330585823,-0.1104347192023662,0.1368549756487063,-0.089125564304976,0.155432674377566,0.121047871286369,-0.0704831779331779,0.2975521837639485,-0.1489934118169412,9,8,9,8,7,7,12,15,12,6.0,6,5,5.0,8.0,8,6.0,1.0,6.0,5,8.0,3.0,6,6,4.0,9,8,8,3,7.0,5,5,7,5,6,6,9,5,7,6,6.0,6,5,8.0,9.0,4,8.0,8.0,6.0,9,11.0,10.0,8,6,8.0,4,5,10,4,6.0,4,5,5,5,6,4,6,4,6,6,5.0,3,2,4.0,8.0,4,5.0,1.0,3.0,5,8.0,3.0,3,2,4.0,2,4,6,1,5.0,1,0,0,0,1,0,0,0,0,0,1.0,0,0,0.0,1.0,0,0.0,0.0,0.0,0,0.0,0.0,0,0,0.0,0,0,0,0,0.0,0
28.5,0.097648651986183,0.1069468333137511,1.4989661055095156,1.0562316789016415,1.894010678550968,0.3177446342186512,0.7419161238350765,0.2416080744616262,0.8779468484630698,2.121458059501274,1.1233997678937149,-0.556402529703184,0.93938185735842,1.976792060127766,0.2649681003060609,1.5652325874528916,0.3913513493591292,0.3026905559435908,-0.2299650973348034,0.9081044547606386,-0.9260926838539532,-0.7241301857940563,-1.2718979304168514,0.6419106475331321,0.9223817401892944,1.1579963630308436,0.4154653089882339,-0.0532229350493722,0.8609504184786414,0.4961926777429431,0.0167870510896053,0.0206936168320842,0.3079768310464905,0.2140105566002624,0.3953244763664267,0.0524603882936733,0.1491177028252105,0.0461709455147534,0.1666546421500756,0.4896948407801348,0.2505460983460984,-0.1392220557220557,0.1554850825816771,0.3327880644896898,0.0391491818123397,0.3644485098235098,0.0880979092201228,0.0698428876678876,-0.0423050540962306,0.1822936948414503,-0.1644261050629573,-0.1307619384313656,-0.2388666904990434,0.1345751024775017,0.1511020033887681,0.2056688593312431,0.0667605329568951,-0.0117058497058497,0.1697802276155217,0.0937346251787428,9,9,9,7,8,7,11,14,10,5.0,8,6,6.0,7.0,6,7.0,3.0,6.0,5,8.0,3.0,5,5,4.0,8,7,7,4,5.0,7,6,6,6,5,6,9,6,7,7,6.0,5,4,8.0,7.0,4,7.0,8.0,6.0,7,10.0,10.0,7,5,8.0,4,5,9,3,5.0,5,4,4,6,4,6,5,5,6,6,5.0,4,1,5.0,6.0,2,5.0,3.0,3.0,3,7.0,3.0,2,1,4.0,3,4,5,1,3.0,3,0,0,0,1,0,0,0,0,0,1.0,0,0,0.0,1.0,0,0.0,0.0,0.0,0,0.0,0.0,0,0,0.0,0,0,0,0,0.0,0
29.5,-0.5554779927456662,-0.0056240140446894,1.162596252917128,0.951301039861122,1.418475497144413,1.0406388374371356,0.0907023500970929,0.3898304550176533,0.6426476636569792,1.9883157943837408,1.761449358188338,0.6434883770449604,1.4887509826900909,0.4708685238241218,-0.0747374197406237,1.134443592164554,1.5671867749907984,0.3293236912322396,-0.1337419966610908,0.7371282898086624,-0.8081491578706487,-1.4483223823746518,-0.9384296137760936,0.432545752592129,0.5717639806597201,0.5316938465623304,-0.4175593537886152,-1.1184273854924638,-0.1491181341844826,0.4328691711347346,-0.0954649971975048,-0.0010862506774271,0.2365393180606803,0.1898079973947621,0.2782076262059235,0.1725020880269129,0.018113586327673,0.0732910313972233,0.1242645368906978,0.4186593764079058,0.393600357975358,0.1432373321123321,0.2561134769942819,0.0789827260974319,-0.0128167677351888,0.260788381063381,0.3558760289246357,0.0755234451822687,-0.0257631879902002,0.1411905255563149,-0.1472176819807523,-0.2746841083065541,-0.1851015435544847,0.0900004155545177,0.0986613912231559,0.0967591702415232,-0.0709605791439381,-0.2329740925740926,-0.0274764364720246,0.0875072458587165,9,8,9,8,6,7,11,13,10,5.0,8,7,7.0,7.0,6,6.0,5.0,7.0,5,9.0,3.0,5,4,5.0,8,8,5,4,5.0,9,6,5,7,5,7,9,6,7,6,7.0,5,5,8.0,5.0,4,7.0,8.0,8.0,7,10.0,10.0,6,5,8.0,4,4,8,2,5.0,4,3,3,6,4,5,6,4,6,5,5.0,5,3,6.0,3.0,2,4.0,5.0,4.0,3,7.0,3.0,1,1,4.0,3,3,3,0,2.0,3,0,0,0,0,0,0,0,0,0,1.0,1,0,0.0,1.0,0,0.0,0.0,0.0,0,0.0,0.0,0,0,0.0,0,0,0,0,0.0,0
30.5,-0.5707666391285905,-0.3264990068163054,1.3154187839538545,-0.1427160727189986,1.296021260806505,1.059468872368066,0.2057162306792152,0.9331066152366868,0.816095304458122,1.4211410018194148,2.129778968323603,0.7675790460037413,1.7196287704625135,0.5957590110165174,-0.4651210737509241,0.6071735328764702,1.411806488850926,-0.1717037853154549,-0.4738144620344082,0.4751050630572402,-1.019865503632413,-2.1547899457017223,-0.66054817007643,0.8956502423601188,-0.3660013068214164,0.1734401833234554,-0.7235927780168154,-1.4179046510322184,-0.1254712220286466,0.9282098110604956,-0.1023901330351794,-0.0639405581346757,0.2662467067418307,-0.0244159781395075,0.2595169464694233,0.1850266565563779,0.0385269566346965,0.1662652084891821,0.1568264507680142,0.314681062891357,0.4719269908196378,0.1672261405261404,0.3211713747982323,0.0946039462171814,-0.0795886308308134,0.1404892551892552,0.3307670587582353,-0.0420223349921492,-0.0905895671322142,0.0914506729510599,-0.181819446567626,-0.414007358491182,-0.1160940673705379,0.1735629044330282,-0.0661690399469811,0.0298971082838729,-0.1330549290836442,-0.2783138583638583,-0.0224868208588796,0.1882953417497535,9,8,8,7,6,8,11,13,9,5.0,8,6,8.0,8.0,7,5.0,6.0,8.0,6,9.0,4.0,6,5,7.0,8,8,6,5,6.0,8,6,4,7,5,7,8,6,8,5,6.0,6,5,8.0,4.0,6,7.0,7.0,9.0,5,9.0,10.0,5,6,8.0,4,3,8,3,5.0,5,3,2,6,2,5,6,4,7,4,4.0,6,3,7.0,3.0,3,3.0,5.0,4.0,2,6.0,3.0,0,2,5.0,2,2,3,0,2.0,4,0,0,0,0,0,0,0,0,0,1.0,1,0,0.0,0.0,0,0.0,0.0,0.0,0,0.0,0.0,0,0,0.0,0,0,0,0,0.0,0
31.5,-0.8794520659492242,0.9884504288434348,0.8828224144302593,0.6489964241803049,-0.1508313550368933,0.8003549591082967,-0.5539312962317136,0.6002364176967308,0.3398914660671894,0.8773769554971581,1.866872536085267,-0.1837860077246844,1.930890509331823,-0.3120945281547668,-0.3483463125071827,0.1789639948579644,0.9120667679654252,-0.0520556360997968,-0.1822754978955325,0.4899223177015535,-0.4072282660398199,-2.2982568329752464,-1.0101782410936837,1.0204159770416394,-0.366403422998384,-0.283717385978282,-1.876819936946759,-1.0247857239413063,-0.3268422817438517,0.5557682582167771,-0.165743270274617,0.1522157342657343,0.1806630524961793,0.1178290154290154,-0.0295287059517709,0.1597321254253142,-0.1066790402408049,0.1076678768685734,0.0643012732365673,0.1983041403041403,0.4556075793487558,-0.0375853063603063,0.3722746605647534,-0.0468192351765881,-0.0590299510087435,0.0407525530025529,0.2094261170202347,-0.0125133525315414,-0.0337397553426965,0.0970607496734431,-0.0769671400838583,-0.422429202660085,-0.1878669068461638,0.2019424310725395,-0.0676475656696244,-0.0442543928293928,-0.3449030372018762,-0.2193005716505716,-0.0573879342879342,0.1184735008455596,8,8,7,8,6,9,12,14,7,6.0,8,5,9.0,8.0,8,5.0,7.0,7.0,8,9.0,6.0,6,5,7.0,8,8,5,5,5.0,8,5,2,7,4,7,6,4,6,3,5.0,6,6,8.0,4.0,7,6.0,6.0,9.0,4,7.0,9.0,5,7,7.0,4,2,9,2,3.0,4,2,2,5,3,3,5,2,6,2,3.0,6,2,8.0,2.0,4,2.0,4.0,4.0,2,5.0,4.0,0,2,5.0,2,1,2,0,1.0,3,0,0,0,0,0,0,0,0,0,0.0,1,0,0.0,0.0,0,0.0,0.0,0.0,0,0.0,0.0,0,0,0.0,0,0,0,0,0.0,0
32.5,-1.1090507695772789,0.9709434065439884,0.5750214179615993,-0.1418691394834407,0.2643104935700728,0.3041128998841155,-0.372807361484062,0.3909218095703095,-0.5538319410698492,0.478923066577964,2.083044666659415,0.4095384608888244,1.4542491726457076,0.3299640512122255,0.0349243776325538,-0.3617996173662053,1.1072613613700264,-0.821567342856836,0.1391405033104145,0.1498081804801531,0.2312791366878056,-0.5908906858675645,0.2979030723863738,0.8720601142268951,-0.9438804177884306,0.0449096041477172,-2.11600956626413,-1.316543014078008,-0.1958525314432415,1.368439383654237,-0.1970715686274509,0.1478091464091464,0.1184477004247902,-0.0245793699764287,0.0538486914186604,0.0653318816975937,-0.0726359133728328,0.0699728318894727,-0.1037590471619883,0.1054201964701964,0.4812012877043837,0.0875923646614822,0.3086869061537018,0.0568619981325863,0.0056958967282698,-0.0849177211677211,0.2576849622599623,-0.1972055980311398,0.0221590087844731,0.0272197458544208,0.0450714966148402,-0.1156497603961226,0.0490497381789177,0.1710298196901137,-0.1761467864780558,0.0066262265512265,-0.3933394122561305,-0.2930374292374292,-0.0343849289599289,0.2814336749851455,7,8,7,7,5,8,13,15,7,5.0,7,6,9.0,9.0,8,4.0,8.0,4.0,9,9.0,8.0,7,6,5.0,9,6,4,6,5.0,7,4,2,6,6,8,6,5,6,3,4.0,8,6,6.0,4.0,8,5.0,5.0,9.0,5,9.0,8.0,6,8,5.0,5,2,8,3,3.0,3,1,2,4,3,4,4,3,6,1,2.0,7,3,6.0,3.0,5,1.0,4.0,2.0,3,5.0,5.0,2,4,3.0,2,1,1,0,1.0,3,0,0,0,0,0,0,0,0,0,0.0,1,0,0.0,0.0,0,0.0,0.0,0.0,0,0.0,0.0,0,0,0.0,0,0,0,0,0.0,0
33.5,0.3887955465393348,0.9329932775728204,0.84062882225,0.25545163890836,-0.2337554109089811,1.3415647930263597,-0.3884394050788944,-0.355765977909527,-0.2045116224096249,-0.1462617111873408,1.6799173955325326,0.7933125875027213,0.8937094019274706,0.2033668519354921,0.4130694219154394,-0.2262756227971215,0.3473030827004286,-1.292985141551597,0.3969682797560661,0.4789025537893062,0.3960899701461516,-0.5502348073136641,-0.1551745756707248,-0.5502751772187762,-0.9564229899474768,-1.6628881737249126,-2.241034476140552,-1.634275761636787,-0.0677117501856436,1.0624427325013153,0.0599966078039607,0.1138920357420357,0.1642912648239274,0.042972848281749,-0.0534122940355139,0.2609232829090414,-0.0715094772788271,-0.0603423390506981,-0.0340884465207994,-0.032171817071817,0.3623485458813632,0.1686825468648998,0.1909150349650349,0.0332735726176128,0.0621603500879849,-0.0523616883116883,0.0792922688422688,-0.3061367500060998,0.0642896223659381,0.0863596991673616,0.0774694670998076,-0.0995019652775844,-0.0251750890062809,-0.1075180845298492,-0.1735838455060591,-0.2363293484293484,-0.3958949520293948,-0.3498561771561771,-0.0111910866910867,0.1532430624930624,8,7,7,7,4,9,13,14,8,5.0,7,6,10.0,11.0,10,5.0,8.0,3.0,10,9.0,9.0,7,7,5.0,9,6,5,6,7.0,6,3,1,6,7,8,7,5,7,2,3.0,8,7,4.0,5.0,8,4.0,3.0,9.0,7,9.0,7.0,6,8,6.0,5,2,7,4,2.0,1,2,1,4,4,3,6,3,5,1,1.0,6,4,4.0,4.0,6,1.0,2.0,1.0,5,6.0,5.0,2,4,2.0,2,0,1,0,1.0,1,0,0,0,0,0,0,0,0,0,0.0,1,0,0.0,0.0,0,0.0,0.0,0.0,0,0.0,0.0,0,0,0.0,0,0,0,0,0.0,0
34.5,1.6091583242719791,1.7093577097374897,0.2565900451864716,-0.5970304540969461,-0.4659811815740604,-0.2303457716891792,0.4052201685450032,-0.31641214665481,0.6515330181321016,-1.2553270860393828,1.2382600834254789,0.3031587852986958,0.2276198791470074,0.0635023135569428,1.161130741838803,0.4398335714311132,-0.8756649486964471,-1.0839381400533266,0.7344787756148887,-0.4408662734253538,0.441317220763845,-0.4670422825817898,-1.196579690362993,0.9511199289696528,-1.802685109367921,-2.011193402213444,-2.4516024736317066,-1.2851750387806296,0.6188272466452963,0.0965904310811475,0.2472972617252028,0.2593476245976246,0.0504904543169248,-0.1027268643722978,-0.1060003654240497,-0.0402225279880078,0.0751510782904745,-0.0529145086337811,0.1125237445560975,-0.2358844433344433,0.2681586609468962,0.0617845753919283,0.0417519428971441,0.0100465318565163,0.1766426030524867,0.0960174603174603,-0.1665712065712065,-0.2614896758470287,0.1233562724513188,-0.0836367547313367,0.0782036736655158,-0.088457286521528,-0.1854137591510657,0.1961034694064105,-0.3138506495224762,-0.3426095948169477,-0.4050983815548056,-0.266412382062382,0.0871440392940393,0.017356116106116,8,6,7,7,6,9,13,14,8,5.0,6,5,8.0,9.0,10,5.0,8.0,3.0,9,7.0,10.0,6,8,6.0,9,4,7,6,8.0,4,3,2,5,7,8,7,6,7,4,3.0,6,7,5.0,6.0,8,2.0,2.0,8.0,7,9.0,7.0,6,8,6.0,5,4,7,6,1.0,3,3,2,3,3,3,4,5,5,3,0.0,4,3,3.0,4.0,7,1.0,0.0,1.0,5,4.0,5.0,2,3,4.0,1,0,1,1,1.0,1,0,0,0,0,0,0,0,0,0,0.0,1,0,0.0,0.0,0,0.0,0.0,0.0,0,0.0,0.0,0,0,0.0,0,0,0,0,0.0,0
35.5,1.56738649588796,2.668193238345866,-0.4065084474277882,-0.2894272269432968,-1.0495003387737294,-1.0307767402985004,0.5258945440269742,0.1019790408182329,0.0940605044500783,-1.299464157482979,0.5520575599749595,0.2229936047877857,-1.137085145070036,-0.4519031865464417,1.4540320994722715,0.8514173402330344,,-0.74887813140154,1.2030926726506146,-0.5416577896286399,0.5214154086929568,-0.2007324634163296,-0.9528709070761328,0.7106954252321251,-1.9124898130901795,-2.6242455129776565,-1.1732290159019785,-0.8925915014874591,-0.7696518681970584,0.2458373355431905,0.2729294904441963,0.4196164255678961,-0.0843554692039986,-0.0465887967209949,-0.2432741681005612,-0.1804380149863895,0.1005536779525944,0.0174905406654934,0.0163955672466508,-0.2811556166056166,0.1155597902097901,0.0460644499291557,-0.1828911049734579,-0.0719412226060833,0.2296590496191115,0.1682865079365079,0.0,-0.1857754356754356,0.1994290939463909,-0.1048288994287446,0.0934139301101376,-0.0401131036146514,-0.1434993316109415,0.1412744332894487,-0.3232181778489827,-0.45996950090673,-0.1905402882205514,-0.1965757187257187,-0.1003420801420801,0.0470947163947163,7,5,6,7,7,8,12,14,8,5.0,5,5,7.0,8.0,10,6.0,9.0,3.0,9,7.0,10.0,6,7,5.0,8,4,6,5,7.0,5,3,3,5,9,7,8,6,8,5,3.0,4,7,4.0,6.0,7,1.0,0.0,6.0,9,9.0,7.0,7,8,8.0,6,5,6,5,1.0,2,3,3,2,4,2,3,5,6,3,0.0,2,3,1.0,3.0,7,1.0,0.0,1.0,7,4.0,5.0,3,3,4.0,1,0,2,1,0.0,1,0,1,0,0,0,0,0,0,0,0.0,0,0,0.0,0.0,0,0.0,0.0,0.0,0,0.0,0.0,0,0,0.0,0,0,0,0,0.0,0
36.5,1.4578268552576348,2.5690600686437204,-0.9448897453023556,-1.2405521028253783,-0.3287664253866281,-0.6891721882822897,0.9921038267050176,-0.1228673229925129,0.2267846481802186,-0.6617829115526105,0.0372268949144996,0.7155059835935073,-0.3658815822795895,0.19854064190762,1.4639339362060722,-0.5307423630896426,,-0.6151061286983488,0.6491186095799902,-0.2758200029595402,0.8798864018812159,-0.1545690068348878,-0.2263996139877739,-0.2245774630188121,-1.5842072279868058,-1.8090334350313853,0.4675783970760302,-1.275212455427422,-0.9923380829295464,0.3331628692714624,0.2562292319565539,0.4275324084412319,-0.1890756816712698,-0.2446772134040711,-0.0665698587016698,-0.1185952183736307,0.1895826375464919,-0.0212265639350105,0.040831695248336,-0.1524838827838828,0.007703885003885,0.1575331529581529,-0.0673161268384178,0.0315300737703988,0.2352670908947022,-0.1014801587301587,0.0,-0.1498029637029637,0.1112861501766805,-0.0542544788544788,0.1550014377607256,-0.0282297395758696,-0.0410731139345689,-0.048263422851658,-0.2917658317688503,-0.2905892543558952,0.0827421869496174,-0.2639269867387515,-0.1386578033078033,0.0684059086338497,7,6,6,5,7,8,11,14,9,4.0,4,6,7.0,9.0,10,6.0,8.0,4.0,9,6.0,9.0,4,8,6.0,7,3,7,5,8.0,5,5,4,4,8,7,9,7,9,6,5.0,3,5,5.0,6.0,7,1.0,0.0,5.0,10,9.0,6.0,8,8,7.0,5,6,6,7,1.0,4,4,4,1,2,3,4,6,6,4,1.0,1,3,2.0,4.0,7,0.0,0.0,1.0,7,4.0,5.0,3,4,3.0,1,1,4,1,0.0,2,0,1,0,0,0,0,0,0,0,0.0,0,0,0.0,0.0,0,0.0,0.0,0.0,0,0.0,0.0,0,0,0.0,0,0,0,0,0.0,0
37.5,1.840165563438329,1.873322568186908,-0.5864922698909643,-0.5260429840732295,-0.3734831170473046,-1.0739072033444188,0.1992755983586543,-0.4617316410260731,0.9264970753445764,-0.7345410470661616,-0.7001414354355011,0.4289196623172661,0.0523223168293471,-0.6264613919273544,1.2504805083161463,-0.1111182981646807,,-0.1066237204781246,0.7131348387778491,-0.2780514971621886,0.3377327011462457,-1.1235891342722608,-0.5775753986406928,-0.2479016433170262,-1.0749712141297023,-2.059693446072269,0.7750297736681248,-0.453038199638309,-1.005581982247298,0.5566618118576453,0.35450025372804,0.3431613507407625,-0.1178251305883658,-0.1079469371014262,-0.0723725008823306,-0.1764804235324358,0.0391231061937718,-0.079133531869859,0.1706955142724493,-0.1741011155511155,-0.1330868686868686,0.0952634865134864,0.0098147811596728,-0.0969876799670917,0.1879602930168349,-0.0247321067821067,0.0,-0.0237692196692196,0.1281248851166034,-0.0530201376538836,0.0589632956998281,-0.1975209084259393,-0.1084736744851295,-0.0537474865347931,-0.1977600593850593,-0.3307756666536078,0.1300554590662176,-0.0983017647385294,-0.1362131313131312,0.1173855384467613,8,5,7,5,8,7,10,12,8,5.0,3,5,7.0,9.0,10,7.0,8.0,5.0,9,7.0,8.0,4,7,7.0,6,5,9,4,8.0,6,6,5,5,8,6,8,6,9,5,5.0,1,4,6.0,4.0,8,3.0,0.0,3.0,10,9.0,6.0,8,8,9.0,4,6,8,7,1.0,5,6,4,2,3,3,3,4,5,4,1.0,0,2,3.0,2.0,7,1.0,0.0,1.0,7,4.0,4.0,2,3,4.0,1,1,6,2,0.0,3,0,1,0,0,0,0,0,0,0,0.0,0,0,0.0,0.0,0,0.0,0.0,0.0,0,0.0,0.0,0,0,0.0,0,0,0,0,0.0,0
38.5,0.9880064522570108,1.6740514934404245,0.0155010492711591,-1.029961282318112,-0.1531828664999472,-2.031681534816031,0.314715595690533,0.2185051898272593,0.4417890691262788,-0.4254589341245369,-0.4639054737627497,-0.3546730269172527,0.4209815840393254,-1.383978734782154,0.9546317440079548,0.2598163700666238,-0.4409879100249589,0.5244682594123506,-0.3025486283049018,0.4878405999809376,-0.2836600211888837,-0.6120856744494225,0.0254201118731458,-0.1688003295271987,-1.2435817929477169,-1.1503253955635804,0.5146099025797026,-0.4871463141204817,-1.420718881705106,0.7121433596211445,0.2097712774583517,0.322660501581322,0.0031054946601387,-0.2038071052528482,-0.0261822961352373,-0.3934472556339429,0.0587172058677477,0.0377305090121585,0.0821839614375992,-0.0915144897586073,-0.0617391053391053,-0.0744210789210789,0.0738430921761417,-0.2138781998960791,0.1484535216331656,0.0608485236985237,-0.0645189033189033,0.0956396103896103,-0.0564256575449197,0.0942614904101747,-0.0485659729761123,-0.095166844725547,0.0052896731665308,-0.036859360943494,-0.2221846465625877,-0.1824241607979224,0.0904284858158696,-0.1085852010734363,-0.236103552003552,0.1430747053428168,8,6,7,4,9,6,10,12,7,5.0,2,4,6.0,8.0,10,6.0,7.0,6.0,9,8.0,7.0,3,7,7.0,7,6,8,5,8.0,6,6,6,6,8,5,7,6,8,5,7.0,1,4,7.0,4.0,8,5.0,1.0,2.0,9,8.0,6.0,10,8,9.0,4,6,7,7,2.0,7,5,5,3,2,3,1,4,6,3,2.0,0,1,4.0,1.0,7,2.0,0.0,1.0,5,5.0,3.0,3,4,4.0,1,2,5,2,0.0,4,0,1,0,0,0,0,0,0,0,0.0,0,0,0.0,0.0,0,0.0,0.0,0.0,0,0.0,0.0,0,0,0.0,0,0,0,0,0.0,0
39.5,1.0573060922559692,1.2863127351962944,0.3724811513021339,-0.2517130306161647,1.2630052193591748,-1.3291387731157087,-0.7402771438200755,0.0611467825613836,-0.4307465185073799,-0.4407461988146826,-1.0173145718122762,-0.3488217434205559,1.5027526894628682,-0.7328018135917465,-0.0333266633479171,-0.198110226007855,-0.6701724823438573,1.6264403707222022,0.1141027335726428,0.9201422614542524,-1.20371884486239,0.4971005714711384,-0.0655642214898242,-0.9120368220377026,-1.2771240221006812,-1.1926883961615489,1.5606264584420768,-1.0798259894716538,-0.6373895624646954,0.3011049737200565,0.2153195887703627,0.2325211764070124,0.0762174896482946,-0.0508306806196899,0.1933079712770889,-0.2597464789768196,-0.1524116230175053,0.0106445501806787,-0.0804965097681815,-0.0944856145488498,-0.2122373182373182,-0.0728894383394383,0.278279092622204,-0.112947796759484,-0.0052600079995086,-0.0462806471306471,-0.1231481962481962,0.1924722222222222,0.0211671891941982,0.1820727684080624,-0.2037903100855114,0.0855332633568702,-0.0144930975543203,-0.2001684299360769,-0.2207718255600608,-0.1874944938704227,0.2757175126730855,-0.2474002961091196,-0.1130655733155733,0.0623291941976152,9,6,8,4,8,7,10,12,6,5.0,2,4,8.0,8.0,8,6.0,5.0,7.0,9,9.0,7.0,4,7,6.0,7,8,8,5,7.0,8,7,7,6,8,5,7,5,9,5,7.0,2,4,7.0,5.0,8,7.0,1.0,1.0,10,6.0,6.0,9,8,7.0,4,6,8,6,3.0,7,6,5,4,3,4,2,2,6,2,2.0,0,1,6.0,2.0,5,2.0,0.0,1.0,6,5.0,2.0,4,4,2.0,1,2,7,1,1.0,4,0,1,0,0,0,0,0,0,0,0.0,0,0,0.0,0.0,0,0.0,0.0,0.0,0,0.0,0.0,0,0,0.0,0,0,0,0,0.0,0
40.5,0.7938911315358023,0.8432663827403895,1.091449809916315,0.1499712129456726,1.782916207320809,-0.4071853141579652,0.2262426715081744,-0.2514207709398934,0.8963953852894369,0.3205681137379915,0.8359984578097417,-0.4397041964791761,2.044044556942916,-0.6423682554214684,-0.1660513372330176,-0.436902567621162,-0.6817294795402807,0.7943279876378951,-0.4097910276609983,0.9309311543105367,-1.0336084478754766,0.3693441292924306,-0.1309452204276533,-1.565965688792075,-1.1812635522496535,-0.5940427910715242,1.501824160832591,-1.1743584071802196,-0.6487025634632926,0.0359790726344355,0.1594850376317869,0.1612638973685414,0.2195006591619595,0.0287601658059861,0.2777426101676101,-0.0786449973916691,0.0466720264857261,-0.0419118123198349,0.1645476803726029,0.0652476028873087,0.1750153735153735,-0.0934955433455433,0.3887424734364363,-0.1059534301182134,-0.0267733262086472,-0.1006159451659451,-0.1171105339105339,0.1424088689088689,-0.0783543149417997,0.1750872345490766,-0.1719989422686017,0.0602697668602467,-0.0310205724014547,-0.3171173497039596,-0.1997476189445229,-0.0933590257781434,0.2770589015903257,-0.2671993036375389,-0.131251554001554,0.0071446323370472,7,7,8,4,8,6,10,12,5,5.0,4,4,8.0,6.0,7,6.0,3.0,7.0,7,8.0,5.0,4,7,6.0,7,9,8,6,6.0,7,7,7,6,7,4,7,6,8,5,7.0,4,4,7.0,5.0,9,9.0,1.0,3.0,9,7.0,7.0,9,6,7.0,5,4,8,6,4.0,8,5,5,5,3,4,3,4,5,3,3.0,2,1,7.0,2.0,5,2.0,0.0,2.0,4,5.0,2.0,4,3,1.0,1,2,7,1,1.0,4,0,0,0,0,0,0,0,0,0,0.0,0,0,0.0,0.0,0,0.0,0.0,0.0,0,0.0,0.0,0,0,0.0,0,0,0,0,0.0,0
41.5,1.0718384246360797,1.1741103104240451,1.3184483580334148,0.0226306905853851,0.7077117669043099,-0.5682697963293426,-0.2674989625721018,0.0161611367386819,0.349865912399891,0.2189780014394702,1.4158766510857743,-0.0975173067934955,0.4030828901074998,-1.5147280490516348,-0.1672281500089804,0.0896820489445658,1.0430124740753002,0.5023777826039303,0.2546768631789916,0.8124977133641749,-1.9517333943643873,0.8090093455758108,0.4654619529809654,-0.7641047820570015,-0.7332937406806955,-0.4120856621593102,0.5324519112050925,-1.277964242713882,-0.967902319805914,0.0866109264501666,0.2016237587919477,0.2345943242086431,0.2614771194491783,0.0042052747905689,0.1032887449152155,-0.1097091834378212,-0.0514839619358968,0.0027456624065723,0.0645429829372553,0.043115848367319,0.3037574231324231,-0.0194891960980196,0.0794313265166206,-0.2649731325090458,-0.0269367473909707,0.0211122718784483,0.1979973082473082,0.1048822122322122,0.0501407833566502,0.1562473631287873,-0.3632569087345403,0.1214876689724179,0.0981096821479174,-0.1548356207517972,-0.1244586173372551,-0.0666863073201308,0.0934847971172273,-0.2692358447108446,-0.2098655654802713,0.0173419742967729,7,6,9,6,8,6,8,11,5,5.0,4,4,8.0,5.0,7,6.0,3.0,7.0,5,8.0,4.0,5,8,5.0,7,8,7,6,4.0,8,7,7,5,6,4,8,7,8,6,7.0,5,6,8.0,5.0,9,9.0,2.0,6.0,8,7.0,7.0,10,6,7.0,5,4,8,7,5.0,7,5,5,5,3,3,3,3,5,3,3.0,3,2,5.0,1.0,5,3.0,1.0,3.0,4,5.0,1.0,5,4,2.0,2,2,5,1,1.0,4,0,0,0,0,0,0,0,0,0,0.0,0,0,0.0,0.0,0,0.0,0.0,0.0,0,0.0,0.0,0,0,0.0,0,0,0,0,0.0,0
42.5,0.5643180196391755,1.7285534163904217,0.827899972484531,-0.4941795481281761,1.2247717334786286,-0.7751638538240347,0.8977136383695552,-0.1199471028221356,-0.3385545190716623,0.4574645858182714,1.018902324195487,-0.5140511890561048,0.607282563736369,-1.0947116371603054,-0.068777962382006,0.3715613201233296,0.3232714307068617,0.0159313362814145,-0.6606999532297136,0.9082204258436104,-1.6478585770052114,0.4264780559877287,-0.1291727448538053,-1.3104208879876091,-1.2875210627301814,0.8560470625859725,0.2304377441762332,-1.9856087029294236,-1.318583806955206,0.4850306580117883,0.1010733381427655,0.3404537519326217,0.1510054494525082,-0.0887206979295214,0.2076533830548536,-0.1546425300018179,0.1777321074350485,-0.0214264786640947,-0.0646100600981406,0.090969905421376,0.2220203667505526,-0.0940669223878976,0.1274361765427554,-0.1839693639264073,-0.0106324746526711,0.0880976967476968,0.0646933288933289,0.0037053973803973,-0.1291091774840226,0.1783705756661638,-0.2915386883240598,0.0654584158210285,-0.0279276161746749,-0.2719870360032125,-0.2209687557282759,0.1474857013901132,0.0415853959250244,-0.4427676168602639,-0.2791198551104897,0.0906605220802589,7,7,9,6,7,7,8,13,6,4.0,6,3,7.0,6.0,7,5.0,3.0,7.0,3,6.0,5.0,6,7,4.0,8,7,6,7,3.0,8,6,7,5,5,4,8,7,6,7,7.0,7,8,8.0,6.0,9,8.0,3.0,7.0,7,6.0,9.0,10,6,6.0,6,4,7,6,7.0,8,4,6,4,2,3,3,5,4,3,3.0,4,2,5.0,2.0,5,3.0,1.0,3.0,2,4.0,2.0,5,3,1.0,2,3,4,0,1.0,5,0,0,0,0,0,0,0,0,0,0.0,0,0,0.0,0.0,0,0.0,0.0,0.0,0,0.0,0.0,0,0,0.0,0,0,0,0,0.0,0
43.5,1.6371893844104002,1.2289254990169292,-0.0204652226519273,0.3366725349671878,0.4372505326857102,0.1293832219519292,1.1635270207721289,-0.6939347880715423,0.7245360751727853,0.8421295439019651,0.6981323348229987,-0.7857497334109921,-0.557578893639556,0.3870934490122504,-0.8236213236802623,0.5277779233583535,-0.2182916824597267,0.2246234043792074,-0.0238347884447425,-0.2542544553355992,-1.3168884651620738,-0.2957214699232164,-0.7609780425534632,-0.8570838204158702,-1.1957252660188895,-0.2778710802822921,0.7196770530582165,-0.959601718136082,-1.475153384197372,0.5415125611907952,0.2754399609076854,0.2444533669117261,-0.0034539449112978,0.0592713278551514,0.0771478854478854,0.022699343375474,0.2254349658597336,-0.1233625481157988,0.1372975269320201,0.1746660576351753,0.150522614167738,-0.1406956374636715,-0.1166318733811768,0.0617278852812134,-0.1318374061192543,0.1187415948430654,-0.0453129426129426,0.0546332899127016,-0.0046240688448118,-0.0487887436093318,-0.2273034935480754,-0.0435618875351477,-0.1641243323669795,-0.1666086312380429,-0.2003614498848245,-0.0466463397713396,0.1207836504912356,-0.1920936174936175,-0.3136539648432062,0.1038839363251127,7,8,8,8,7,8,7,12,7,4.0,6,4,5.0,6.0,8,5.0,2.0,6.0,4,4.0,5.0,6,8,4.0,8,6,6,7,3.0,8,6,7,4,5,3,9,7,4,8,6.0,8,8,8.0,7.0,8,8.0,5.0,9.0,7,6.0,10.0,10,6,5.0,6,5,8,7,7.0,8,5,6,2,3,2,5,5,2,5,3.0,4,2,3.0,4.0,4,3.0,1.0,4.0,3,2.0,3.0,4,2,1.0,2,2,5,2,1.0,5,0,0,0,0,0,0,0,0,0,0.0,0,0,0.0,0.0,0,0.0,0.0,0.0,0,0.0,0.0,0,0,0.0,0,0,0,0,0.0,0
44.5,0.9480049307792684,0.771044411930765,-0.8107582050440159,-0.5455952300781058,0.0405778947245638,0.3305931497630152,1.998241222182641,0.272755392167634,0.6983933667344784,1.319477024737596,1.216692731242122,-1.507897514229647,-1.3757871529011256,0.4880468449935027,-0.0265941837932191,0.5629798520759739,-0.7142546020334027,0.0663160190591863,-0.7285688201336703,-0.2097207168064874,-0.521214338836942,-1.4284855931158655,0.1793261668033647,-1.0200974396357638,-1.1893323522099033,0.0338746048219009,-0.4134587863956078,-0.891854973496463,-2.4370248039988076,0.7616880471192407,0.1459938283938283,0.1521021131860915,-0.1405522671772672,-0.1210275590422649,0.008119727331492,0.0480890325043407,0.3832318248572892,0.0479478679301434,0.1412108762926098,0.2789399933399933,0.2648964401439633,-0.2659196992120367,-0.2977776374038758,0.0783754347935159,-0.0043997500779234,0.1307788378288378,-0.1600623409270468,0.0156679249027546,-0.1398300561237867,-0.041953035200094,-0.0860781088943661,-0.2221397564341702,0.0422844255417785,-0.2100856454003513,-0.1963419125508134,0.0056878867348681,-0.0703874172782841,-0.1914856455635867,-0.5156756128288636,0.1601746997498545,7,9,8,7,6,9,7,13,8,4.0,6,3,4.0,8.0,9,6.0,2.0,5.0,3,5.0,7.0,7,9,4.0,7,4,5,7,3.0,7,4,6,3,5,4,10,7,4,7,5.0,8,8,6.0,8.0,6,7.0,6.0,11.0,7,5.0,11.0,10,6,5.0,6,5,7,7,7.0,8,3,5,1,2,2,6,6,3,5,3.0,5,1,1.0,5.0,4,3.0,1.0,4.0,2,2.0,5.0,3,4,1.0,2,2,3,2,0.0,5,0,0,0,0,0,0,0,0,0,0.0,0,0,0.0,0.0,0,0.0,0.0,0.0,0,0.0,0.0,0,0,0.0,0,0,0,0,0.0,0
45.5,1.0147160195425142,0.5223636492256528,-1.8484065451585685,-0.6084613589184011,-0.9269202142216,0.8111921053155198,1.3023429353338165,-0.848294736086908,0.2261895209059869,1.3808450673963983,0.8279359657782099,-0.7086780066575924,-1.9838855712403751,0.4954690420382295,-0.5744902471197015,1.1398770872757862,-1.2935023433321102,-0.1907011658267791,0.2592596973417902,-0.2122893769684578,-0.3523951860535101,-1.2739979958730718,-0.1338302011556327,-0.089312175953901,-0.2089489620944028,-0.6752664518527275,-1.535386385512117,-0.3439806085197719,-1.6124402593614162,0.8862600491175016,0.1485407443863326,0.1083683677433676,-0.3270275446775447,-0.1431075424575424,-0.1665032507310371,0.1077822708105822,0.2499725404196766,-0.1361354028324616,0.0450518126953885,0.277315465090465,0.1900210105254223,-0.1295386036478141,-0.425752839059805,0.0834678989569082,-0.0858459518379796,0.2560776584526584,-0.2900585297055885,-0.0453719716901604,0.0507555786834424,-0.0382752177561001,-0.0583957360784322,-0.1984533105275095,-0.0286469867593707,-0.0186501475648534,-0.0370674256599953,-0.1139025525643946,-0.2586140840755392,-0.0709077989004459,-0.3295023658316228,0.1911204787472589,8,8,7,8,6,8,7,10,9,4.0,6,4,5.0,10.0,10,7.0,3.0,6.0,5,6.0,7.0,7,7,5.0,8,4,6,8,4.0,7,4,7,3,5,6,9,5,3,6,5.0,7,8,5.0,8.0,5,7.0,8.0,9.0,8,5.0,11.0,10,8,5.0,6,6,7,7,8.0,7,3,5,0,2,2,6,4,1,4,3.0,4,2,0.0,6.0,3,4.0,1.0,3.0,4,2.0,5.0,3,4,2.0,3,2,2,3,1.0,5,0,0,0,0,0,0,0,0,0,0.0,0,0,0.0,0.0,0,0.0,0.0,0.0,0,0.0,0.0,0,0,0.0,0,0,0,0,0.0,0
46.5,0.002154901860226,0.2671202969693284,-1.4883043106680367,-1.0685670439507389,-0.3252680656094484,1.4031707192101164,1.6031063905156506,0.0844105208240948,0.2486135941666233,0.4570366043351481,0.6188577109610786,-1.534847658808948,-1.623800122659872,0.0950468212572036,-1.601607320175466,0.9654801173616456,-2.127831606850608,0.2526442234750823,0.3566964838058772,-0.4573060617637424,0.1963614883500577,-1.195733827987472,-0.0703155740605584,0.0030232008467924,0.1282552809545205,-1.9154139625513704,-0.9555531016332016,-0.0455202152995939,-1.6473177478312315,0.7589537452537879,0.0003200356832709,0.0560942566291636,-0.2638412300118182,-0.2431591410911071,-0.0527565308960046,0.1827278057239122,0.2906902540270187,0.0150397670956494,0.0471361874365744,0.0955589715839715,0.1428985671105639,-0.2835647151953653,-0.3246899149869738,0.0163163853947909,-0.2368977882970142,0.2239020368520368,-0.4856909195723437,0.0578021784373177,0.0719197627364035,-0.0814861777111777,0.0322399842327995,-0.1902905275569766,-0.0140113287125671,0.0005806693306694,0.0234080211927734,-0.3350194839560165,-0.1694364420667052,-0.0100263755851991,-0.3538990936995582,0.1607506663700935,9,8,6,8,6,8,9,9,9,4.0,6,4,6.0,11.0,8,7.0,2.0,7.0,7,6.0,8.0,8,7,5.0,9,5,7,8,5.0,5,3,6,5,7,7,10,4,3,6,5.0,8,8,3.0,8.0,6,5.0,9.0,9.0,8,5.0,10.0,10,8,5.0,6,6,8,6,7.0,7,2,4,1,2,3,7,4,2,4,2.0,4,1,0.0,6.0,2,3.0,0.0,4.0,5,2.0,6.0,3,4,2.0,4,1,3,3,1.0,4,0,0,0,0,0,0,0,0,0,0.0,0,0,0.0,0.0,0,0.0,0.0,0.0,0,0.0,0.0,0,0,0.0,0,0,0,0,0.0,0
47.5,-0.9948118321116274,-0.2327470508632143,-1.4384631963271697,-0.5123600212945104,-1.5591122648296274,1.4079088485110256,1.0492063842448986,0.5914488772401261,0.9787394296623048,0.9194335352049292,0.0487586470264885,-0.5627902697762287,-1.7278064610962298,-0.1270571305296695,-2.9837617990338097,0.5882189879164633,-2.154394814918964,0.6062236643546162,-0.039677689534609,0.5331280393930725,0.6951718656462894,-1.056447645678028,0.1957574986777792,1.0313891655136356,1.1064432873644503,-1.1754753698323452,-0.7350924912562101,1.1779890989996975,-1.6270402256904075,-0.5316017254962454,-0.166936754258813,-0.0449486772944977,-0.2624523425920484,-0.1254744284353416,-0.2457002649139645,0.21152323353237,0.1978443678870149,0.1120701923119879,0.1846269219085008,0.2097233738483738,0.0105531432276014,-0.1180819154701507,-0.29849793882588,-0.0211594199331277,-0.4862120594833443,0.1411678987678988,-0.5002721774957068,0.1437122855902267,-0.0078158785143305,0.1013923633555985,0.1156945353665941,-0.1830281141115506,0.0337783897990553,0.2280455072705072,0.207648760321206,-0.1927170168840447,-0.1376912306218035,0.2466347949436184,-0.3469153046042365,-0.1097507380132766,9,8,6,8,6,7,9,8,9,5.0,6,5,6.0,11.0,6,6.0,2.0,7.0,9,8.0,8.0,9,7,7.0,7,6,7,8,7.0,5,3,6,5,7,8,10,3,4,6,5.0,8,7,3.0,9.0,5,4.0,9.0,7.0,8,6.0,9.0,8,9,5.0,5,7,7,7,7.0,6,1,3,1,3,2,7,3,3,5,3.0,3,2,0.0,6.0,0,2.0,0.0,4.0,5,4.0,6.0,3,5,4.0,4,2,3,5,1.0,2,0,0,0,0,0,0,0,0,0,0.0,0,0,0.0,0.0,0,0.0,0.0,0.0,0,0.0,0.0,0,0,0.0,0,0,0,0,0.0,0
48.5,-0.952938322979172,-0.0608782685147701,-1.7314888613266146,-0.6047653197988615,-2.24996369648,0.3500170324820842,1.080338204874087,0.4494888066043185,0.7148193714889213,0.8630207220303446,0.0597065652569577,-0.3560244614144287,-1.2061278866488725,-0.5387361326759185,-1.136649068359613,0.565796671202522,-2.136557974938202,0.3847608528525622,0.1562632142974854,0.9684095808946412,0.2028640322316437,-0.0290223850054846,1.4627774516493492,0.9126758930197112,1.2188700137463262,-1.4031786099109385,-0.8531785880820639,0.3574515474302247,-1.72274563943184,-1.1984607732881425,-0.1586131146631146,-0.0118033993783993,-0.3115046425796426,-0.1442059985250388,-0.3479724944903737,0.0576572923770863,0.190473300392418,0.0822967616404922,0.129054998974194,0.2076978299478299,0.0137561949574332,-0.0739174144482968,-0.1750540182040182,-0.0892855776587571,-0.1844607744938241,0.1186554112554112,-0.5036687093522233,0.0864684482184482,0.0304087135173048,0.1927869214376955,0.0341612562961634,-0.0050405144133471,0.2460912061193021,0.1892076588444236,0.2279403252492261,-0.236090878325321,-0.1482757169988593,0.0804721890854243,-0.3514198930842119,-0.2337996030285504,8,6,5,7,7,6,9,8,8,5.0,7,4,8.0,11.0,6,6.0,2.0,8.0,10,10.0,8.0,8,6,7.0,7,7,9,6,8.0,3,3,4,6,8,9,9,3,6,6,5.0,7,7,2.0,8.0,6,5.0,9.0,5.0,7,7.0,8.0,8,9,7.0,5,7,7,6,6.0,6,1,2,1,3,2,5,3,4,4,3.0,3,2,0.0,5.0,2,2.0,0.0,3.0,5,6.0,5.0,4,6,5.0,4,2,3,3,1.0,1,0,0,0,0,0,0,0,0,0,0.0,0,0,0.0,0.0,0,0.0,0.0,0.0,0,0.0,0.0,0,0,0.0,0,0,0,0,0.0,0
49.5,-0.4459898192233739,0.6194013931046307,-0.4671089737659714,-0.6717248043900647,-2.8891954209389508,-0.6451747574416071,0.1240594995239592,0.0639470471495895,0.4599282103727093,1.1234981452245558,-0.341597925493374,0.0663859064861238,-1.7844619974050904,-0.8670099365136289,-0.498506173236279,1.4408949251524168,-2.1068131033214668,0.4160597495428785,0.355957355886677,0.9667136656977752,-0.2204506906070374,0.3586302451634189,0.774768492198249,1.6405343671567685,1.8884729304463332,-0.4993473201391191,0.3477243887139325,0.4520937654511835,-1.2474900319605484,-0.7163279356301498,-0.080128471365236,0.1088524114774114,-0.0834358491525674,-0.1462951102217355,-0.4730807507250231,-0.114502190224636,0.0235671467421467,0.0114801065721344,0.0851694966797907,0.2424329376505846,-0.0789012951101186,0.0133904494198611,-0.3215003822974411,-0.1490013905513132,-0.0809447382212021,0.3236447829947829,-0.4998938897016296,0.0820042735042735,0.0613224360692626,0.191480069577825,-0.0360838635994208,0.0641883314483933,0.1303071655296888,0.3441189500300181,0.3303083695973789,-0.0871160088449562,0.0595888018500248,0.1078262405894758,-0.2431488529272584,-0.1322638730550495,8,6,7,8,7,6,9,6,8,5.0,7,4,9.0,11.0,7,6.0,2.0,8.0,10,9.0,10.0,7,5,8.0,8,8,9,5,8.0,3,4,3,7,8,9,8,3,6,6,7.0,6,6,3.0,8.0,8,4.0,9.0,3.0,7,9.0,8.0,7,9,8.0,5,6,7,6,7.0,5,2,2,3,3,1,3,2,3,4,4.0,2,2,0.0,4.0,4,3.0,0.0,2.0,5,7.0,5.0,4,5,7.0,5,3,5,3,2.0,1,0,0,0,0,0,0,0,0,0,0.0,0,0,0.0,0.0,0,0.0,0.0,0.0,0,0.0,0.0,0,0,0.0,0,0,0,0,0.0,0
50.5,0.2269396521253943,1.1804191755064048,0.2410596450757396,-0.9081636143956948,-2.261772372405787,-0.3170088685010611,0.8043025864639302,1.04127235431518,0.6317784257300951,0.2399918728891079,-0.7115388235282799,-0.5446872214967142,-1.453557542996192,-1.333100591426336,0.4979724643513672,0.7314405059369175,-1.0715785171024637,0.612758284172068,-0.1897147776340277,0.8186414013316206,0.2441351833223686,-0.2185984631695516,1.4709182456705665,1.6409796660239402,1.1136975840795602,-0.0048029349130429,1.4464803437070737,0.0099710919573762,-1.005553626728282,-1.883557259330465,0.0368655063031224,0.1464752969252969,0.0456401406127411,-0.1812823957947797,-0.4439890647192506,-0.0559766760071713,0.1553875982376756,0.184009623314422,0.1159473377346542,0.0488889434095316,-0.1575012391203567,-0.118735347985348,-0.2822898911374144,-0.2269655434606672,0.0799613190011407,0.1706390942390941,-0.2694196106782794,0.117790182040182,-0.0333830914785249,0.1669983520951012,0.0403724766719348,-0.0376035317451726,0.2625508168903679,0.370394429263547,0.1781624857684455,-0.000842583723466,0.2350873122663369,0.0022901239283591,-0.2023768759018759,-0.3746711811064752,8,6,7,8,8,6,9,7,8,5.0,5,5,9.0,10.0,7,5.0,2.0,8.0,10,10.0,10.0,5,7,7.0,7,8,9,3,8.0,3,5,1,7,8,8,7,5,7,8,7.0,6,4,5.0,6.0,9,4.0,8.0,3.0,7,9.0,9.0,8,8,8.0,6,5,8,6,6.0,4,3,1,4,3,1,3,4,5,5,3.0,1,1,1.0,2.0,6,2.0,1.0,2.0,4,7.0,6.0,3,6,7.0,4,3,7,2,2.0,0,0,0,0,0,0,0,0,0,0,0.0,0,0,0.0,0.0,0,0.0,0.0,0.0,0,0.0,0.0,0,0,0.0,0,0,0,0,0.0,0
51.5,1.1901604532734549,1.198693029387754,0.6738136108598551,-0.3242123068217182,-2.7475088644192436,-0.720991252249086,0.7777613896777706,0.4765449376411852,0.9335146378840972,0.9135579726648232,-1.5173131152689137,0.0587224541329341,-1.841318460205068,-0.4946955014360227,0.7533865785474374,0.6319330191095931,-0.6338634310691832,1.1489974893372852,-0.0266469680448698,1.2795151237426268,-0.2032381891004024,-0.7910530609822782,0.9660321737465382,1.5790352489499424,-0.4983567340630086,0.8478440252313592,1.786306386106998,0.0075400544356137,-0.4448196014986026,-0.7726857996810549,0.1956181994819765,0.1443005827505827,0.1267822124384044,-0.0571696725788831,-0.5704998548493131,-0.1311496765961936,0.1520432040353867,0.084151297068944,0.1877583053341567,0.1674044828494519,-0.3459366772116772,0.0112977189477189,-0.3634989717197148,-0.0742681748763792,0.1283058649546562,0.1432787379287379,-0.1557932048343813,0.1394479076479076,-0.0046416922087201,0.2535520278225387,-0.0339010007020842,-0.1380940508579827,0.1924006452697629,0.334738947842663,-0.0900436390235152,0.1463306945806172,0.3042127629680261,0.0016661057896352,-0.0871653385829855,-0.1546796089531383,7,7,7,8,8,5,7,8,7,5.0,4,5,9.0,8.0,9,3.0,2.0,9.0,10,10.0,8.0,3,7,7.0,7,7,9,3,9.0,5,5,1,6,8,8,6,6,6,7,8.0,5,3,6.0,6.0,9,6.0,6.0,1.0,6,9.0,9.0,8,7,9.0,5,6,7,6,6.0,4,4,1,4,4,0,2,4,4,5,4.0,0,1,1.0,3.0,7,2.0,1.0,1.0,4,8.0,5.0,2,5,7.0,2,4,7,2,3.0,1,0,0,0,0,0,0,0,0,0,0.0,0,0,0.0,0.0,0,0.0,0.0,0.0,0,0.0,0.0,0,0,0.0,0,0,0,0,0.0,0
52.5,1.6862865162904377,0.8785363936698846,1.110420589505232,-1.0021722739285512,-2.056131196052303,0.381474750997112,0.6542004235584388,0.764273358928607,0.8033844435888774,0.9037689019766436,-0.4901622568910349,0.3270648193336405,-1.820443809670791,-0.5798425228251658,0.9146748067912902,0.4560106857327626,-0.4645710718165115,,1.1493242602874498,1.300290392242853,-0.2579680807220837,-1.5255852442109914,0.6489738308846534,0.499802865568511,-1.0228691317813745,-0.791379828738111,1.4367856532100192,-0.5848892074959574,0.4429327286967968,-0.3240128170342238,0.2922902488636235,0.1093262348762348,0.2237450128045329,-0.1866293262379175,-0.4109045832220755,0.0743141297299191,0.1335741540451293,0.130468923508552,0.1670410390349245,0.1580833036244801,-0.1138055093599211,0.0630428571428571,-0.366300171620605,-0.090661949161949,0.1519609098659228,0.1086627067377067,-0.1079425881308234,0.0,0.1991166817272853,0.2540034856268602,-0.0436489769959179,-0.2832221179319476,0.1311121145194675,0.1065226775632347,-0.1851901813271008,-0.1376271700865354,0.2510560970591156,-0.1167958972400149,0.0870812546930194,-0.0644646187146187,7,7,8,8,8,7,6,7,6,5.0,3,5,8.0,8.0,11,2.0,1.0,8.0,9,10.0,7.0,3,7,7.0,9,6,10,2,8.0,6,6,1,6,8,8,7,7,6,8,8.0,5,2,7.0,7.0,9,7.0,6.0,0.0,7,9.0,10.0,7,6,8.0,6,6,7,6,6.0,5,5,1,5,3,1,4,4,4,5,4.0,1,1,1.0,3.0,8,2.0,1.0,0.0,6,8.0,5.0,1,4,5.0,2,2,7,1,4.0,2,0,0,0,0,0,0,0,0,0,0.0,0,0,0.0,0.0,0,0.0,0.0,0.0,0,0.0,0.0,0,0,0.0,0,0,0,0,0.0,0
53.5,0.5166397805459061,-0.2746441463077008,1.3222075310357952,-1.4863364216427868,-1.3271550592985983,-0.0234216321141122,0.2680440350331519,1.057717588671072,0.1762041808940659,0.8218520336542421,1.082785487410163,0.3342774411376493,-2.0823577548071475,-0.4085686287582104,0.7872108547440984,-0.4127657769166724,0.0415858493726123,,0.9937292126146264,0.2906020848669602,-0.0373352912675102,-1.5613012438241638,0.4446244350945477,0.2489596694481468,-1.6425181288021884,-0.741234872121282,1.575640983779038,-0.3692071750264128,0.8310597059937791,-0.5731288993058915,0.0969292035020363,-0.0456281884781884,0.2725485352882412,-0.3229492219510796,-0.2518412706918125,-0.0044670968006881,0.0522972572834801,0.1754676266028433,0.0335692509159227,0.1444015340180975,0.2277087766808355,0.0670509879009879,-0.4091943082459336,-0.0653860732576675,0.1284518741913027,-0.0923435298361768,0.009433916083916,0.0,0.1739033902543965,0.0556902779968569,-0.0064095507601834,-0.3106516102404646,0.0874978356610709,0.0511782855517376,-0.3020821244029448,-0.1359873883770169,0.2676479600894462,-0.0749446553446553,0.1524425917220035,-0.1182132352941176,7,8,9,9,7,8,4,8,8,5.0,4,5,7.0,7.0,11,1.0,2.0,8.0,9,10.0,6.0,2,8,6.0,9,7,8,3,7.0,8,6,2,5,8,8,7,7,5,9,8.0,6,2,8.0,6.0,9,8.0,4.0,0.0,8,9.0,10.0,8,6,8.0,5,5,7,4,6.0,5,4,1,5,2,2,4,3,4,5,4.0,3,1,1.0,3.0,8,1.0,1.0,0.0,6,6.0,5.0,1,4,4.0,1,2,6,1,4.0,2,0,0,0,0,0,0,0,0,0,0.0,0,0,0.0,0.0,0,0.0,0.0,0.0,0,0.0,0.0,0,0,0.0,0,0,0,0,0.0,0
54.5,0.2629984824116712,-0.4737913003086064,0.891044343706644,-1.161104825900332,-0.0426029668133891,0.5335607217454995,0.2853329092585553,1.6107955053976568,-0.0863311385755291,0.137165337451133,0.8790150873213839,-0.2701781533223678,-1.320288495160466,0.8612646921582828,0.6464758947691704,-1.4107875606563862,1.909865321116144,1.5790363967648748,1.463444180055216,0.2659164959217303,-1.175782599664264,-0.8087440290459249,0.9845429039629788,-0.9306073589470406,-2.866817447131094,-0.7933345511930022,0.8566263729641757,-0.0676918188220878,0.5459923782909011,-0.5626733998260539,0.0512813993883652,-0.0916431286034227,0.1745992146742146,-0.2611551896160256,-0.0081747224997223,0.094579027199151,0.0525462444590152,0.2717740186799784,-0.0162270312400242,0.0236763453694568,0.1934251771104712,-0.0619949827949828,-0.2572221641791302,0.1410285326902199,0.1038338528016008,-0.3385743672993673,0.3827316072816072,0.1934855699855699,0.2522936853480195,0.0550130604689428,-0.1939952661993783,-0.1645673732012741,0.2024021769080592,-0.1832966166702235,-0.4958055881425076,-0.1325851012334759,0.1386982754947151,-0.013751998001998,0.1044705482426069,-0.1148075592622032,6,9,9,7,8,7,4,8,7,5.0,4,6,7.0,7.0,11,0.0,3.0,7.0,9,10.0,5.0,3,8,4.0,9,7,7,4,6.0,8,7,4,3,8,7,8,7,6,8,8.0,6,3,7.0,7.0,8,7.0,3.0,1.0,8,7.0,10.0,8,5,8.0,6,5,7,3,5.0,5,4,2,3,2,4,5,3,5,4,3.0,3,1,2.0,5.0,7,0.0,2.0,1.0,7,5.0,3.0,2,4,2.0,0,2,5,1,3.0,2,0,0,0,0,0,0,0,0,0,0.0,0,0,0.0,0.0,0,0.0,0.0,0.0,0,0.0,0.0,0,0,0.0,0,0,0,0,0.0,0
55.5,0.0366367999732474,-0.7348945006613873,0.7529336246994652,-1.1700744533097325,0.7173100614393978,0.3295813768927881,-0.3150623296176483,1.2329073161947297,0.3032798811071124,1.040695791587532,1.29481280803832,0.2958722696844812,-1.2136838809408077,1.3492996757252955,0.4711699133493053,-0.3648691294475494,0.5657372205668498,0.8909295925141669,0.520148786112507,0.041886106066951,-1.94847280479838,-0.775666337021996,1.05807815205411,-1.5842927304435768,-2.152600575743305,-0.5283227552729233,0.8448226225149631,0.7368159123899161,0.010161294485037,0.3452722297868115,0.0076206120504882,-0.1492979773494478,0.1228385059385059,-0.2800165259577024,0.1353136579193081,0.0562467379198028,-0.0580698101691909,0.2279868939539991,0.0538984628595108,0.1850139817698641,0.2912628369910104,0.0641123876123875,-0.2138970826473148,0.2229823810815498,0.0751187605805151,-0.0861313436563436,0.1135988955488956,0.1710366633366632,0.0861008231302955,0.0089646614823085,-0.3001146199794133,-0.1685323541869207,0.2243061856444209,-0.3127497316666821,-0.3485461417065906,-0.0884849652325658,0.1411969900498537,0.1473699189699189,0.0019098403230756,0.0694651324080116,7,8,9,5,7,8,4,7,6,4.0,6,6,8.0,8.0,11,1.0,2.0,6.0,8,10.0,3.0,5,7,3.0,8,8,7,6,4.0,9,7,5,2,6,6,8,6,5,8,6.0,8,4,6.0,9.0,7,7.0,3.0,3.0,9,6.0,10.0,7,5,7.0,7,6,7,3,5.0,6,4,2,2,1,4,5,2,4,4,3.0,5,2,2.0,7.0,6,1.0,1.0,2.0,6,4.0,2.0,2,4,1.0,1,3,5,2,2.0,4,0,0,0,0,0,0,0,0,0,0.0,0,0,0.0,0.0,0,0.0,0.0,0.0,0,0.0,0.0,0,0,0.0,0,0,0,0,0.0,0
56.5,-0.1650126167920442,-0.5643423416369344,1.0273897975747337,-2.0690846027189234,1.5644418736781558,0.0400278370632732,0.9827341260687812,0.2166974484876439,0.1334849251512166,0.6640550243470703,1.8452865466488335,-0.1390812621622134,-0.780468089278968,1.2031008178878049,0.5229312812732865,-0.2953098432493345,0.5856019284901943,1.6089519210062186,0.0259305372028124,-0.8068452634699244,-1.6520178617286898,-0.6297654635398602,0.1573968905467525,-2.278259145054171,-1.1140828210289984,-0.2583440804769337,0.2067714780432083,1.243210951387021,-0.0021888142645365,0.1095254113567276,-0.0335311060628397,-0.1116395789710805,0.1595509046509046,-0.4475535915065327,0.3267615828615828,0.0067530496585719,0.1637194140998321,0.0387285493488279,0.0235749506771178,0.1245405094905095,0.4326471895063999,-0.0279880069277128,-0.1328907027355169,0.2057057621515051,0.0811565318066867,-0.0653751082251082,0.114932362082362,0.3589562937062936,0.0042172834792971,-0.1617154330963154,-0.2700742148374501,-0.1338355199496066,0.0332287842876078,-0.4882039179688561,-0.1915101489325947,-0.0439189971535172,0.0364726230254094,0.2265852425352425,-0.0004000858618505,0.0216790038049325,7,9,8,4,7,8,6,7,6,3.0,7,6,9.0,9.0,10,3.0,2.0,6.0,9,9.0,5.0,6,6,2.0,7,8,6,7,5.0,7,6,6,2,5,4,9,7,7,6,5.0,7,6,7.0,8.0,6,6.0,3.0,5.0,10,5.0,8.0,6,6,7.0,6,6,7,2,5.0,6,3,3,2,0,4,5,4,4,3,2.0,6,2,3.0,7.0,5,1.0,1.0,4.0,6,2.0,2.0,2,3,0.0,2,3,4,2,2.0,3,0,0,0,0,0,0,0,0,0,0.0,0,0,0.0,0.0,0,0.0,0.0,0.0,0,0.0,0.0,0,0,0.0,0,0,0,0,0.0,0
57.5,-0.0471683560180681,-0.4661777890345305,0.4328505932144329,-0.9097147242530224,1.2796767254439414,-0.3630591595948174,0.9504975333598388,0.7371742346688483,0.3725589900580951,-0.6704087314130646,1.855422304240147,-1.061280593600032,-0.3045422396618713,1.8361666977471984,0.8098840596069322,-0.1490993911022746,0.5766173351831825,1.9421473301612384,-0.4005372253037827,-1.56154409672564,-0.5173258405011556,-0.6514041400994589,0.2667169653849636,-2.2267308755319157,-0.9051577974135112,0.8293963262259831,-0.9238532856631356,0.8178513708377614,0.1367762766993601,0.624325115753623,-0.0093281205035075,-0.089743042458058,0.0723940559440559,-0.1713254360019065,0.256048085901027,-0.0664590273309347,0.163305606072634,0.132422046913691,0.0673861860533687,-0.1266987179487179,0.4347516743490427,-0.2247620227811403,-0.0539478989019235,0.3042456072049725,0.1251936905200063,-0.0342288933288933,0.1157635586635587,0.4540523564670622,-0.0672932667514206,-0.2960911320705438,-0.0805943192342573,-0.1395037020598939,0.0519073244608848,-0.4842517057074333,-0.1525546276908506,0.1506075415726344,-0.1510042248686985,0.1521664946164946,0.0250927660574719,0.1310189963631139,8,8,7,4,7,7,7,7,7,3.0,8,5,9.0,11.0,8,5.0,2.0,7.0,8,8.0,6.0,7,4,1.0,7,9,4,7,4.0,6,5,6,3,5,5,9,6,8,5,5.0,8,6,6.0,8.0,5,4.0,3.0,7.0,10,5.0,7.0,6,7,7.0,6,6,9,3,5.0,5,3,3,2,1,4,4,4,5,3,1.0,7,1,3.0,8.0,4,1.0,1.0,6.0,5,1.0,3.0,2,3,0.0,2,5,3,2,2.0,3,0,0,0,0,0,0,0,0,0,0.0,0,0,0.0,0.0,0,0.0,0.0,0.0,0,0.0,0.0,0,0,0.0,0,0,0,0,0.0,0
58.5,0.8259762466021732,0.1468625685367199,-0.4672562311260751,1.1866394265871405,0.6924745021423431,-0.0291025318058606,1.4746522998852103,0.2275526224114094,1.2579071494119909,-0.8666314412187098,1.3445212562254816,-0.396584777187482,0.5205689247980818,1.028718495715716,0.8333796788361417,0.0246829641774661,1.5591153050547228,1.7185176002504832,-0.4875378930132617,-1.309472350733036,-0.2646610942245854,-1.3717433411917046,-0.4293865065825957,-1.1647339245640418,-0.5521633461526889,0.9555252745809992,-1.0477619085092729,0.4967597513571893,0.2974580267953542,0.4286008401759172,0.1486020345323751,0.0277716181651165,-0.0817609797065679,0.2087688228438227,0.1411046768590885,-0.0061036632184465,0.2602520465258855,0.0421354718724686,0.2281822180227752,-0.1547144311570782,0.3304820773997244,-0.073841378066378,0.0841075883610713,0.1799359158299561,0.1225931356569127,0.0047299755799755,0.3299612387612387,0.4176228258669434,-0.075198037796621,-0.241837801414272,-0.0455369280616184,-0.2796565432933079,-0.0896932425074066,-0.2480209599224305,-0.0968434854790891,0.1816785928639643,-0.1747214472833667,0.1044000055500055,0.0536707604487016,0.0842561466826947,8,7,6,3,6,8,8,7,7,3.0,8,5,10.0,11.0,7,6.0,2.0,7.0,7,6.0,6.0,8,2,2.0,7,7,4,7,5.0,6,5,7,5,4,5,7,6,7,5,6.0,6,7,7.0,6.0,4,4.0,4.0,7.0,11,6.0,7.0,5,7,7.0,5,7,9,3,4.0,6,4,4,2,2,3,4,5,4,4,1.0,5,2,5.0,6.0,3,1.0,2.0,6.0,5,1.0,3.0,1,2,1.0,2,5,3,2,2.0,3,0,0,0,0,0,0,0,0,0,0.0,0,0,0.0,0.0,0,0.0,0.0,0.0,0,0.0,0.0,0,0,0.0,0,0,0,0,0.0,0
59.5,0.32400993047951,0.519718781625786,-0.6871863970793687,1.0035721817599323,-0.5620212268453503,-0.1779487140080315,1.4821562642490136,-0.3887884527968682,0.8756542734857224,0.1686542804037363,2.1845064601015727,-0.7312309670453336,-0.0485874842353802,0.9811333008829352,-0.1714556801307828,0.2551800534958146,1.8083290521208932,1.4906154066915167,-1.5662370750008137,-1.656908918017649,0.9011560693279268,-2.2464029890828816,-0.9697962948337696,-0.8951221952144123,0.3844617870059449,0.8676010331309523,-0.9153535049436428,-0.2067194456649561,0.7370042495013349,-0.078160835698126,0.0577597043479396,0.0946568486209352,-0.1315489582484938,0.1836709262959262,-0.1374329381402911,-0.0371257937538897,0.2800606344807583,-0.0687454237798665,0.1612968797542326,0.0311172549672549,0.5059667998667998,-0.1347679559003088,-0.0090163292246109,0.1558400358585343,-0.024948678617564,0.0514415584415584,0.3627483405483405,0.3550011093052114,-0.2649068389272893,-0.3160035186949274,0.154896624926501,-0.4356968733880498,-0.168893212111246,-0.195320066045066,0.0656283131900779,0.1657862784961856,-0.1568357492524674,-0.0452116827616827,0.1274815434565434,-0.0155799479416351,9,7,5,3,4,7,9,7,7,3.0,7,6,8.0,11.0,8,7.0,2.0,8.0,6,4.0,7.0,8,2,4.0,9,7,5,7,6.0,6,4,6,6,4,4,6,7,7,4,6.0,5,7,7.0,5.0,5,2.0,4.0,9.0,10,7.0,8.0,5,8,5.0,4,7,8,5,3.0,7,3,4,2,2,1,3,6,3,3,2.0,5,2,4.0,5.0,3,1.0,2.0,7.0,3,1.0,5.0,0,2,1.0,3,5,3,2,2.0,3,0,0,0,0,0,0,0,0,0,0.0,0,0,0.0,0.0,0,0.0,0.0,0.0,0,0.0,0.0,0,0,0.0,0,0,0,0,0.0,0
60.5,-0.4002486440617675,1.0277014133871727,-0.2818616917594774,0.6638619509117436,-0.9118892589531972,-0.5466257757031783,1.1220829075343737,-0.98189846320346,0.0853342606575592,-0.7694383745727686,1.152656925534553,-1.6092924403187026,0.0156496765286624,0.5232437718886367,0.3678825119383776,-0.8225176431576907,2.46533900812437,1.6079986459427629,-1.057603427581975,-1.9375105186764547,1.2669991689026707,-1.40843041292938,-1.4344891591235889,-0.1124155684255745,1.015789144207143,0.8533609816254496,-2.540531179992763,-0.9211284796169872,1.20723526781401,-0.5319404893917463,-0.0728434632361103,0.1911544351589242,-0.0530811141730646,0.1149339324074618,-0.2163633458045223,-0.1164989365897261,0.2174830102388151,-0.1804253486537542,0.0152249588646647,-0.1342178058869236,0.2547712787212787,-0.3002723853717661,0.0029802008878634,0.0804164964120846,0.0604063046516606,-0.1737431457431457,0.5428241952491952,0.3913733349983351,-0.1802985187491648,-0.3900596579117477,0.2619178694628385,-0.2773647739515387,-0.2306399570501738,-0.0244184978420272,0.1703498532513238,0.1667150836607492,-0.4097512435019401,-0.2212982101232101,0.2068634310134309,-0.1076862097139186,8,7,6,4,4,5,9,7,9,4.0,5,5,6.0,10.0,8,7.0,4.0,9.0,5,3.0,7.0,8,2,5.0,9,7,5,6,7.0,5,4,5,7,6,5,6,6,6,3,8.0,5,8,6.0,4.0,6,2.0,5.0,6.0,9,8.0,6.0,5,9,5.0,3,7,7,5,2.0,6,2,4,3,3,1,2,5,2,2,2.0,3,1,3.0,3.0,4,0.0,4.0,6.0,3,1.0,5.0,1,2,2.0,3,5,1,1,2.0,2,0,0,0,0,0,0,0,0,0,0.0,0,0,0.0,0.0,0,0.0,0.0,0.0,0,0.0,0.0,0,0,0.0,0,0,0,0,0.0,0
61.5,-0.571874114927825,0.6652077714459798,-1.0276295046987165,0.5116319195695147,-1.2283227299477923,-0.6824764424575909,0.6052363422728303,-0.8889616188235182,0.5842585565330146,-0.2050256683250721,0.3051241641121492,-1.6458829533505333,-0.5055000435333206,0.2704531741896316,0.9993672247992824,-0.289642213994048,1.115501769992557,1.7716401648038995,-1.498695751425633,-1.2957726171144093,1.0608002900423434,-0.5121818954441142,-0.4991543198712501,0.5599646222666681,1.2238163128897512,0.4371714112242978,-2.882631673694637,-0.5773037793242828,0.7575962797607694,0.4631794061609187,-0.095040827816834,0.1295989502327738,-0.1831262511654153,0.0923609873786344,-0.2851312915670501,-0.1403529874923837,0.1156486128508574,-0.1717525348834171,0.1036798607567183,-0.0345156665058368,0.0682381799572975,-0.2894199117531935,-0.0889941355428197,0.0411869919296389,0.1716903099476763,-0.0669707237207236,0.2606369365928189,0.3995028249528249,-0.2465449411699411,-0.2640753767560269,0.215269441171144,-0.097469390413508,-0.0872863001377707,0.1160887671152376,0.2240025773246362,0.0816994341915394,-0.4507539958493519,-0.1297210434989846,0.1308522338772338,0.0934082225136404,8,7,5,6,4,5,9,7,9,5.0,5,5,5.0,8.0,10,7.0,6.0,7.0,4,3.0,7.0,7,3,7.0,9,7,6,6,7.0,7,6,4,7,7,6,6,6,6,4,9.0,5,8,6.0,3.0,7,4.0,6.0,4.0,8,9.0,8.0,5,9,5.0,4,8,8,7,3.0,7,3,3,2,4,1,2,4,2,3,3.0,2,1,2.0,2.0,6,1.0,4.0,4.0,2,2.0,6.0,2,3,3.0,4,5,1,2,2.0,4,0,0,0,0,0,0,0,0,0,0.0,0,0,0.0,0.0,0,0.0,0.0,0.0,0,0.0,0.0,0,0,0.0,0,0,0,0,0.0,0
62.5,-1.3058895627363447,-0.449004317550377,-1.6439587954757993,-0.0560359990712315,-0.4027158127539235,-0.9590936765945012,0.2125496265227729,-1.789386376882576,1.0299519520532834,0.8004415123338655,-1.3818011945417934,-1.744137019515663,-1.0244856575496768,-0.2475953290285834,-0.1208228144157748,0.734857254465691,1.0562071548587286,1.3877172507008015,-1.3470461419932116,-1.254280348968157,0.7327088217153754,0.3389084960105204,-0.9455796017723028,0.8071928289346364,1.2495722140202723,-0.2034861455077408,-1.076725651882482,-1.2860077185991534,0.2342877759569382,0.2043481335377629,-0.2092375364229852,-0.0832531179604709,-0.2885590490778571,-0.0090428008867637,-0.0846700405803347,-0.1656412064371816,0.0416541363864893,-0.3251813013955429,0.1794257376266663,0.1479179875422135,-0.3171858979256038,-0.3159577201436334,-0.1625192930908101,-0.0383336696756975,-0.0207091802429634,0.1647504551004551,0.2462062607327312,0.2680703185703186,-0.2031744619072018,-0.2621099071551084,0.1357961879444347,0.0694174217938923,-0.1414932396550818,0.1780876762126763,0.2195305324706253,-0.0386862552136545,-0.1854100046496332,-0.2876345758816347,0.0367613497613497,0.0428087351674812,7,7,5,6,5,5,6,7,9,5.0,4,4,4.0,6.0,12,7.0,8.0,5.0,3,3.0,6.0,7,4,8.0,7,7,8,4,7.0,6,6,5,6,9,6,7,4,7,5,8.0,5,8,7.0,5.0,8,6.0,7.0,3.0,8,9.0,10.0,5,10,5.0,5,6,8,7,2.0,6,2,2,1,4,2,2,2,1,4,4.0,0,1,2.0,2.0,6,3.0,5.0,2.0,2,2.0,6.0,3,3,4.0,4,3,3,1,1.0,3,0,0,0,0,0,0,0,0,0,0.0,0,0,0.0,0.0,0,0.0,0.0,0.0,0,0.0,0.0,0,0,0.0,0,0,0,0,0.0,0
63.5,-2.1419141398489345,-0.3519209739677302,-0.1594786034542782,-0.5773305781697303,-0.8982869080908232,0.1202130951055411,-0.7364144463543298,-0.5097808712214514,0.6886810513234982,0.1211063684791409,-0.7946688392465105,-1.3671850758382709,-0.7788314063685478,-0.7450135995875902,-0.4859711462012752,1.476890908040842,0.3397131056550214,2.215006838843446,-1.16688664469896,-1.3095550151904354,1.3655641666317306,0.795864074379077,-1.0814682655575385,0.4259941536452249,1.2116389869348692,0.3930603355364558,-1.0931057179265762,-1.3732272718737224,0.3485377468574288,0.952465436574458,-0.3787631782132555,-0.0651289979628215,-0.0254372986490633,-0.0985443319923971,-0.1631846124463771,0.0199867069291218,-0.1360173553570612,-0.1002798738671029,0.1202553724053724,0.0239355063237416,-0.1847510311583841,-0.2749379798306268,-0.1344424560046076,-0.1185362020332608,-0.0859850083557131,0.3159001842928313,0.0770797948783242,0.4545434343434343,-0.1909827122997401,-0.2711525097623395,0.2574991572153338,0.1682476281888046,-0.1724380183456034,0.0889107093886505,0.2153806315287739,0.0695840536914066,-0.1949826325119668,-0.2857350366523741,0.0666097180597181,0.2035633800238289,6,8,7,7,5,6,6,7,8,5.0,4,4,4.0,5.0,12,8.0,9.0,4.0,4,3.0,7.0,7,6,8.0,7,9,9,3,7.0,5,7,4,4,7,4,8,4,7,4,8.0,6,7,7.0,6.0,9,8.0,7.0,2.0,7,10.0,9.0,4,9,6.0,7,4,7,8,3.0,5,1,2,2,3,1,4,1,3,3,3.0,1,1,2.0,2.0,6,5.0,4.0,2.0,2,2.0,7.0,3,3,4.0,5,3,3,1,2.0,3,0,0,0,0,0,0,0,0,0,0.0,0,0,0.0,0.0,0,0.0,0.0,0.0,0,0.0,0.0,0,0,0.0,0,0,0,0,0.0,0
64.5,-2.132663306326062,-0.3059700960035714,0.245488028218043,-0.0490159405410959,-0.1415884026264766,0.8705641154628361,-1.6318438735928578,0.0177272953103847,0.3155646675316283,-0.2345970473042791,-0.2884973716077582,-0.2756144068662259,0.5104325267287384,-0.9107867520725113,0.0717208139091773,1.009117143881732,0.4705266634733203,-0.7481236586837037,0.6344365061615703,-0.591432055250113,0.2755498639797389,0.8482217015844076,-1.1745713389562196,-0.1858280229941134,1.0729688059279023,-0.710779937405921,-1.6397491259246932,-0.980970265295039,0.4969973775021177,1.9757236845647512,-0.3554053787715552,-0.0609771496477379,0.0406519980019979,-0.0084887662990603,-0.0243900450856333,0.1420210972378156,-0.3024333501465854,0.0033778294117303,0.0581566348082602,-0.0495387418137417,-0.0648227440344313,-0.0577972850678732,0.0988523641219462,-0.161615605412819,0.0129345407576225,0.2360049907608731,0.1022055494471129,-0.1191361471861471,0.1074306417352857,-0.1301277371063748,0.0491382384307037,0.1606065816536404,-0.1965488327891578,-0.0395030809747527,0.190207633929538,-0.1220859479443844,-0.2988538358528296,-0.2121717256599609,0.0961960692901869,0.4239924936174936,7,8,8,7,7,6,5,8,6,5.0,5,3,6.0,5.0,11,9.0,10.0,2.0,6,5.0,8.0,6,6,8.0,7,8,8,3,6.0,5,6,4,3,6,4,8,3,7,6,6.0,7,7,7.0,6.0,8,8.0,8.0,1.0,7,9.0,10.0,5,7,8.0,7,5,7,6,5.0,3,1,2,2,3,2,5,0,4,3,2.0,2,2,4.0,2.0,6,5.0,5.0,0.0,4,3.0,6.0,3,2,4.0,5,2,2,1,3.0,3,0,0,0,0,0,0,0,0,0,0.0,0,0,0.0,0.0,0,0.0,0.0,0.0,0,0.0,0.0,0,0,0.0,0,0,0,0,0.0,0
65.5,-1.7107841848925471,-0.2467680722350619,-0.1153422259880402,0.074072761228269,0.2880929394718884,1.6872152018859492,-2.202280657735598,0.4204679553148575,0.4181829476231282,0.2554417670028228,-0.3993947348054323,-0.1003451990792815,0.2653004498050842,-0.9975675912766342,0.0189491312378444,0.9477341789172178,-0.1647011491638554,-1.0339687795479802,0.3828200872049694,-0.2799313507204451,-0.9646510619786596,0.9295971925722932,-0.8893603756489308,-0.7707393606325178,0.9993336525353328,-1.1168720614863532,-1.8612770215906156,-1.030925179963457,0.8866598857357119,2.246177501526045,-0.2906081013585657,-0.0494109893546426,-0.0178580419580419,0.0124799812932166,0.0505409317806376,0.2849938782161288,-0.4078722622063179,0.0760626623376623,0.0775297619906752,0.0581704351204351,-0.0904717377393847,-0.0238369214119213,0.0494724559925798,-0.1642016665738802,0.0032732583210002,0.2201235653235653,-0.0365629639967874,-0.2023590909090909,0.0706235074437087,-0.0618284283741714,-0.1668866291838462,0.1949168197815256,-0.1558958709591063,-0.1623556564436596,0.1739103649532443,-0.1913216319628084,-0.3232163788052333,-0.2139529072234954,0.1755264782603017,0.4293291208791209,7,8,7,7,7,7,4,8,5,5.0,6,4,8.0,6.0,11,8.0,8.0,1.0,6,6.0,7.0,5,6,7.0,7,7,7,3,6.0,4,5,6,2,6,5,9,5,8,6,5.0,7,6,8.0,8.0,8,9.0,7.0,2.0,7,7.0,10.0,5,6,8.0,7,4,8,6,6.0,2,1,3,1,3,3,7,0,5,3,2.0,2,2,5.0,3.0,6,5.0,3.0,0.0,4,3.0,4.0,3,2,3.0,5,1,2,1,4.0,2,0,0,0,0,0,0,0,0,0,0.0,0,0,0.0,0.0,0,0.0,0.0,0.0,0,0.0,0.0,0,0,0.0,0,0,0,0,0.0,0
66.5,-1.6390914690222482,-0.2926363309855865,0.9180990145701916,-0.1154018758410792,0.6115768930144542,1.5027027906207977,-2.031478359662827,1.18837640877366,-0.7754301361073399,0.1158925561522468,0.1924728131536039,-0.2939851172123736,0.0583182300047577,-0.8379190813042856,-0.2186679339845205,0.8191225179636696,-0.1505111384739441,-1.402129428949498,0.2227592950015197,-0.3428008929871486,-0.9618476692849812,0.1161123834102454,-1.5600703175293569,-1.3833650078966393,1.0241989261916191,-0.7429901241551161,-1.6969167592245626,-1.9655989271847496,0.903635143031313,0.4409785424697019,-0.3204846583155407,-0.0612980787530322,0.1189425352425352,-0.0196620608150019,0.1067862390877096,0.2999887094587559,-0.4048207887485751,0.2198136044124434,-0.142897730958412,0.0261504662004662,0.0446071107942625,-0.0666123311329193,0.0111893335336834,-0.1414133622475996,-0.0358045763908397,0.1842785012373247,-0.0338507622924031,-0.3235009546009545,0.0407532225256684,-0.0702523131924834,-0.1693138760022526,0.0243688156614626,-0.295622039072039,-0.2743574072470358,0.1885694808373601,-0.1231476156196744,-0.3039506266523296,-0.3706451763922352,0.1850230036217652,0.0745235764235764,7,6,7,8,8,8,5,9,4,6.0,6,4,9.0,9.0,10,6.0,6.0,0.0,8,6.0,7.0,4,7,6.0,7,7,8,3,7.0,4,3,7,1,6,4,8,5,7,7,5.0,7,7,8.0,8.0,8,9.0,8.0,4.0,8,7.0,10.0,5,6,9.0,7,3,7,6,7.0,3,0,3,1,3,3,7,0,6,2,2.0,3,2,5.0,4.0,5,4.0,3.0,0.0,5,3.0,4.0,2,1,2.0,5,1,2,0,5.0,1,0,0,0,0,0,0,0,0,0,0.0,0,0,0.0,0.0,0,0.0,0.0,0.0,0,0.0,0.0,0,0,0.0,0,0,0,0,0.0,0
67.5,-0.7756211514332176,-0.1760812256175999,-1.0837207165024794,-0.11948549088859,0.2193907065390674,1.9615890953452684,-2.19134694926243,0.4532091616155055,-1.640308011865318,-0.5725605594022013,0.1915353738494839,-0.0611070454673313,1.0411252188422744,-0.2696105860768787,0.4978812614431791,-0.2206633882051628,-0.2353739599198576,-1.6895184193872363,0.3103235956882897,0.4737772971861942,-0.3728536704564808,-0.2903516997257204,-1.1814055392135467,-0.6585480828749567,0.847821944812009,-0.3675140717775803,-2.513044845188419,-1.892518709729584,0.6096087298305634,-1.2471830342110184,-0.1368069296716356,-0.0370451995115307,-0.1429156066156066,-0.018723381030734,0.0384070096570096,0.4231708004242059,-0.4526894880231567,0.0859433320893072,-0.3101942800319736,-0.1318579753579754,0.0428325020696537,-0.0147550181844299,0.2023421519484985,-0.0469667203158487,0.0776925359944642,-0.0521123823888529,-0.0542312633444986,-0.4069103063603064,0.0596133740442564,0.0886167592297623,-0.0678326837245703,-0.0589288554239018,-0.2221776362526362,-0.1400419752675944,0.1617611328386096,-0.0663472762531586,-0.4251415387330248,-0.3654121517371517,0.1239788241514248,-0.2325050116550116,8,6,8,9,8,8,6,8,4,6.0,6,4,10.0,10.0,8,5.0,4.0,1.0,8,8.0,8.0,4,8,7.0,9,8,7,4,6.0,4,3,7,1,5,3,8,6,6,7,4.0,8,6,8.0,8.0,7,8.0,7.0,6.0,8,8.0,10.0,6,4,8.0,6,4,7,5,7.0,2,1,3,0,3,2,8,0,4,1,1.0,3,2,7.0,5.0,5,2.0,2.0,0.0,5,5.0,5.0,2,1,3.0,5,2,1,0,4.0,0,0,0,0,0,0,1,0,0,0,0.0,0,0,0.0,0.0,0,0.0,0.0,0.0,0,0.0,0.0,0,0,0.0,0,0,0,0,0.0,0
68.5,-0.9287334508508917,0.5794689566726097,-0.6746027145115818,0.8534439474264046,0.2218359886837593,1.8725266767076232,-1.497902290559026,0.1391533304303717,-1.8207694589186356,-0.356588061362578,0.1531642823150367,-0.2109706926469603,0.635710307388089,-0.0484792938989757,0.4792603468008101,-1.4385184038436352,1.202760009016966,-1.7905528183385624,0.4303107110392897,1.3373605975785514,-1.7351248956687593,0.2476524315718154,0.2305825875228587,-0.5590201574054671,1.0359094540579474,-0.1601554361298809,-1.8689184724660697,-1.6952329382451996,0.4829367115068336,-1.248078877324755,-0.1609559910677558,0.1143702457157566,-0.1294573565323565,0.1391020370496376,0.0385530136530136,0.4207158582731337,-0.3102951177391579,0.0263758610670375,-0.3478321078130675,-0.0852694527694527,0.0372232548497254,-0.0475466557951851,0.1246725305310444,-0.00818070466685,0.0713191874259211,-0.3280271256521256,0.2814145992895994,-0.4409535428623664,0.0815106475911429,0.2390376325944437,-0.3218852214468649,0.0494369993095998,0.0418147777059541,-0.1221997776045763,0.2007762062842558,-0.0274388098141968,-0.305520287615721,-0.3240962454212454,0.0877274415642836,-0.2306262737262737,9,6,7,8,8,8,8,8,4,5.0,6,4,10.0,10.0,7,4.0,4.0,2.0,7,10.0,9.0,4,8,7.0,8,9,7,5,7.0,5,3,7,3,7,3,8,6,5,7,4.0,7,7,6.0,8.0,6,7.0,7.0,7.0,8,8.0,10.0,7,5,8.0,5,5,8,5,7.0,2,1,4,1,5,2,8,1,3,1,1.0,3,2,5.0,5.0,4,0.0,4.0,0.0,5,7.0,3.0,3,3,3.0,4,3,2,0,4.0,0,0,0,0,0,0,1,0,0,0,0.0,0,0,0.0,0.0,0,0.0,0.0,0.0,0,0.0,0.0,0,0,0.0,0,0,0,0,0.0,0
69.5,-1.2211195747402457,-0.4045790084879694,-0.9959534207921408,1.4287620588691403,-0.7836653248801126,1.847205831655,-1.601977539042338,-0.7243903068068529,-1.4292146729047943,-0.461343279979549,-0.1370463951236433,-0.8243082811439844,0.3574056039740786,-0.3595346359626546,0.0179174152932083,-1.2672503590517827,0.8374607134110876,-1.0751994091687902,0.399432860643985,1.3069762832187684,-1.6890304169363768,1.0114501591342098,-0.6912836488997868,0.2049270645802946,0.7990935181085381,1.5375834592857307,-1.426409427593503,-1.009762029615778,1.2384640624880925,-1.5156193711614396,-0.2358443089590148,-0.0807783490331478,-0.1995600871350871,0.2393140431549876,-0.1249891330891331,0.4130729019260754,-0.3114842184904878,-0.1323859332617846,-0.2473234240580316,-0.1092443889443889,-0.0325287134434192,-0.1882233201439084,0.0676356898261696,-0.0595087672131789,0.0027514340955853,-0.2910000222000222,0.1939542011909658,-0.2655576495400024,0.0735131420265321,0.249785764381817,-0.3158715108312665,0.1936372629090895,-0.1107508255418472,0.0469207007131156,0.1466864429687959,0.2685018807989395,-0.2332599991683582,-0.2094524891774891,0.2326500506029918,-0.2848379414702943,8,6,6,7,8,8,7,7,6,4.0,5,3,8.0,11.0,7,4.0,4.0,2.0,8,9.0,9.0,4,8,7.0,7,8,8,5,8.0,5,4,7,4,8,3,7,7,6,8,5.0,6,6,6.0,8.0,7,5.0,6.0,8.0,8,8.0,10.0,8,7,7.0,4,4,8,5,6.0,3,1,3,1,6,1,7,1,2,2,1.0,2,1,4.0,5.0,4,0.0,3.0,1.0,5,7.0,3.0,4,3,4.0,3,4,3,1,5.0,0,0,0,0,0,0,1,0,0,0,0.0,0,0,0.0,0.0,0,0.0,0.0,0.0,0,0.0,0.0,0,0,0.0,0,0,0,0,0.0,0
70.5,-1.7760561134536113,-0.026783030263015,-1.4699647483305107,1.1128666127084457,-0.2590266388552845,0.9914472463873156,-1.2204727647029086,-1.531430807281872,-1.705395238562797,-0.4924930380347485,1.1977134443548978,-0.3336268250900938,0.2009129177496142,0.0777677047693295,-1.5762324551264777,-0.3721423618677182,1.3916169867668446,-0.6500969943868764,0.0705905966003172,1.4148950719440818,-1.1364739468777052,1.1362265640950926,-1.0567435594539871,0.9197360139476572,-0.1846643064628672,0.1267021459921731,-0.1363310780452092,-0.736850381108315,1.0697645570189618,-0.4312736316196952,-0.3611804203020922,-0.0055441713429329,-0.29793198292076,0.1778707267792407,-0.0402364801864801,0.2171577542254786,-0.2552815954083756,-0.2700402773610977,-0.2981951666171581,-0.1080688589188589,0.2605542506513094,-0.074238011988012,0.0401162277694785,0.0130682219053736,-0.2622965250753344,-0.0810671661671661,0.3182003524253525,-0.1576089287389597,0.0128942525826426,0.2682863548302402,-0.2003235331833629,0.2346900332038102,-0.166376690612449,0.1999485249099026,-0.031974555999556,0.0233332162763277,-0.0226692719475226,-0.1614254023754023,0.2041402246875931,-0.0830554501054501,7,6,5,8,8,8,6,7,7,4.0,6,2,7.0,8.0,7,4.0,5.0,4.0,7,8.0,8.0,4,8,8.0,7,9,9,6,8.0,6,6,6,6,7,2,6,6,5,8,5.0,6,5,7.0,7.0,7,5.0,6.0,9.0,7,10.0,10.0,7,8,8.0,4,6,7,4,7.0,3,1,3,1,5,1,5,1,1,2,1.0,4,1,4.0,4.0,2,1.0,4.0,2.0,4,8.0,4.0,4,3,6.0,2,4,4,1,5.0,1,0,0,0,0,0,1,0,0,0,0.0,0,0,0.0,0.0,0,0.0,0.0,0.0,0,0.0,0.0,0,0,0.0,0,0,0,0,0.0,0
71.5,-2.0230871344447667,0.0818147458930617,-0.9955644215451568,0.6494096153616365,0.611526105395614,0.617667593628323,-0.3779939612632583,-2.366291838619672,-1.490545978446749,-0.520111496311128,1.1632034893558278,0.5091075589876963,0.3327612422271971,0.7176319813297235,-2.0178516108407987,0.5093554641073832,1.7909592316567755,-0.055668184946916,-0.1544675970876697,1.1315008887311406,-0.6073674269346122,1.738385161569002,-1.3114895797831303,0.6277634252341561,-1.7346546006565824,-0.4550158548095942,-0.0725324730408265,-0.8559247027913901,0.9161673349420718,0.7048140458416261,-0.4172449946510319,0.0167137131702146,-0.2080268366136787,0.116591381150669,0.1108110448375154,0.1249845127524694,-0.0805857182978699,-0.4429068413268877,-0.2673935580845023,-0.1047797091797091,0.2593990884932061,0.1175743922743923,0.0662954577070676,0.119787690895276,-0.3297118630812061,0.1154456321456322,0.4024657786657787,-0.0138052793611617,-0.0250151354579372,0.2237142109180808,-0.1061886866502427,0.3501712414864116,-0.1834608112733499,0.13158842363347,-0.3226316712699065,-0.08199585924911,-0.0117491999744322,-0.1800501165501165,0.1921547876959641,0.1193801352242528,7,7,5,7,8,9,5,6,8,3.0,6,2,6.0,7.0,7,5.0,7.0,5.0,7,9.0,9.0,6,7,7.0,7,8,8,6,6.0,6,7,7,7,7,4,7,6,5,7,5.0,6,3,7.0,6.0,8,5.0,4.0,8.0,8,10.0,10.0,8,10,8.0,3,6,7,5,6.0,4,1,4,2,4,3,5,2,0,2,1.0,4,1,4.0,4.0,2,2.0,4.0,3.0,4,8.0,5.0,6,3,5.0,0,3,4,1,4.0,2,0,0,0,0,0,0,0,0,0,0.0,0,0,0.0,0.0,0,0.0,0.0,0.0,0,0.0,0.0,1,0,0.0,0,0,0,0,0.0,0
72.5,-2.7906307853100745,-0.1135227307637054,0.388695066515233,1.1431031810266492,1.0009743639167077,-0.1679049944862105,-0.2614200865808719,-2.580013771767314,-1.472769638550537,-1.8637062046161024,1.5845101669600234,-0.0640002261395628,0.4686489838357132,-0.475691777877076,-1.7189103294088628,0.7099946350091477,0.7985188906460959,0.4903991371866326,-0.1422850836380831,0.8699371776578172,-1.3794246551595706,1.806969707932648,-1.3953837750549445,0.5326070197940309,-1.1936089261906644,-0.9045776647509172,-0.3224864392685436,-0.5968923962204737,0.483205846351201,0.4024973770068685,-0.5441851809009705,-0.0245452604756784,0.0757640879760075,0.1945347918077793,0.1779188715910851,-0.0371238315176395,-0.0562136060619807,-0.4887377037822858,-0.2405959343288291,-0.381032942057942,0.3412367799812846,-0.0138525585525585,0.0874875647142675,-0.0733086504139136,-0.2826463054635049,0.1732961371961371,0.1810022366522367,0.1197535040123274,-0.0257119515073849,0.1781758760846996,-0.2408013238051938,0.4302733853435866,-0.2082092364807535,0.1166617263455497,-0.2279528345837169,-0.1600323730792769,-0.0549905744839955,-0.1275506327006326,0.0993630175208349,0.0765118918663035,7,8,5,8,9,7,5,6,9,2.0,7,3,6.0,5.0,9,5.0,10.0,7.0,8,8.0,7.0,6,6,7.0,8,8,7,7,6.0,6,7,7,8,7,6,6,6,6,7,5.0,7,4,7.0,5.0,8,4.0,3.0,7.0,7,10.0,9.0,7,10,8.0,4,7,6,4,7.0,4,0,4,4,5,5,3,2,0,2,0.0,5,1,4.0,2.0,3,2.0,3.0,4.0,4,7.0,3.0,6,3,5.0,1,3,3,1,4.0,2,0,0,0,0,0,0,0,0,0,0.0,0,0,0.0,0.0,0,0.0,0.0,0.0,0,0.0,0.0,1,0,0.0,0,0,0,0,0.0,0
73.5,-2.631340987197916,-1.0901652424669914,0.6471162962238702,-0.2730417551494433,1.260939826228515,-0.1427012533394801,-0.9916485471220514,-2.745584576076546,-1.1672809441640817,-1.83196357491271,0.8986404424161704,-1.2717600673810887,0.932900435517416,0.3891253953487984,-1.574188854451026,0.6068733160356471,0.676417786538986,0.7415604212452767,-0.3359418335170935,0.9668312456448926,-1.0649165017160016,1.7254231149205792,-2.9115773774161995,0.4523813323127645,-0.6230780789051219,-1.4248731447798642,-0.2719887912565614,-0.6139810376578443,0.8782201734464341,-0.1280295006739065,-0.5219728916937896,-0.2284267607263738,0.1277179512008459,-0.0474315716017728,0.1998657485445409,-0.0328824107007543,-0.214730588202647,-0.5242558616649947,-0.2037156347092879,-0.361411852036852,0.2151596916155739,-0.280390281940282,0.1691092975416471,0.0590182302303818,-0.2538610448530546,0.1456271561771561,0.144958325008325,0.1664423101408395,-0.0613698620179271,0.199237183774258,-0.1705344784730233,0.4121642589866274,-0.474752756926596,0.0936969729616787,-0.1192635869977975,-0.2565211438458342,-0.0449590745425885,-0.1225274059274059,0.1811192353827803,-0.0222481518481518,7,7,5,6,8,7,5,6,8,2.0,7,2,7.0,5.0,11,4.0,9.0,7.0,7,10.0,5.0,7,5,7.0,7,6,8,7,5.0,5,6,7,7,7,8,6,5,7,6,5.0,6,4,9.0,6.0,9,5.0,2.0,7.0,8,10.0,9.0,8,10,7.0,5,7,6,4,7.0,5,0,2,4,3,6,3,1,0,2,0.0,4,0,6.0,3.0,4,2.0,2.0,4.0,4,8.0,3.0,7,1,4.0,2,2,3,1,4.0,2,0,0,0,0,0,0,0,0,0,0.0,0,0,0.0,0.0,0,0.0,0.0,0.0,0,0.0,0.0,1,0,0.0,0,0,0,0,0.0,0
74.5,-1.9028924648153975,-0.406207319303636,0.1956471490002957,-1.1884159703619042,2.709547010593327,-0.3070916978570415,-0.0609548201424579,-2.3211606197257337,-0.9367414720177714,-1.7486667359032309,0.3456068022324759,-1.357938408138759,1.3621593505013465,0.7898041498795406,-1.2016976121889298,0.4883963922617008,0.5436617214184423,0.4196661189850903,-0.672922429880283,0.9264987876022254,-1.4944909587617814,2.0095753461951227,-2.251702690962506,0.5724287160279692,-0.7735422414317785,-2.341930839219271,0.4359726513713098,-1.1701086283988886,0.888569514695862,-0.5961285949743691,-0.3464321010345004,-0.080769131908683,0.0370563699716175,-0.2241519592120984,0.4679934568957015,-0.0728924276274121,-0.0116529257034674,-0.4448520954965227,-0.1844726693413225,-0.3430470751470751,0.0803492594265039,-0.3290540959040959,0.242786352992814,0.1319290896753744,-0.1927140059018172,0.1152949883449883,0.0957924242424242,0.0943991952491952,-0.1299889326274,0.1895079627888451,-0.2565129393740076,0.4381399452628555,-0.4227119336717633,0.1158570187981952,-0.1455222884270871,-0.408914611747042,0.0735242288756994,-0.2137883172383172,0.17772649184321,-0.1063029437366898,6,8,7,6,7,6,6,6,7,3.0,8,3,8.0,5.0,11,3.0,9.0,8.0,5,10.0,4.0,7,5,8.0,8,6,8,6,5.0,5,7,6,7,7,7,7,5,6,6,5.0,8,4,9.0,5.0,8,6.0,1.0,5.0,8,10.0,8.0,8,9,6.0,5,7,6,2,7.0,6,1,3,4,2,7,3,2,0,2,0.0,4,0,7.0,3.0,4,2.0,1.0,3.0,3,8.0,2.0,7,1,4.0,2,1,4,0,4.0,2,0,0,0,0,0,0,0,0,0,0.0,0,0,0.0,0.0,0,0.0,0.0,0.0,0,0.0,0.0,1,0,0.0,0,0,0,0,0.0,0
75.5,-0.3123434895340475,-0.6652509050125185,1.3588853667730412,-0.5655135111231206,2.0900524773588502,-0.0890405007294811,-0.4059460138596211,-1.685538881191289,-0.818650598693246,-0.651859102023641,0.0389332471462951,-0.7030493913409718,1.7220118882649595,1.0912301478497108,-0.5918557615110905,0.3011209962021615,,0.0536062180559614,-0.6141857489655626,0.9526005006089322,-1.0877775930993987,1.579038231965599,-2.7585178285845173,-0.621136509176336,-0.6577079672628579,-1.1783359486918197,0.7629456918674812,-1.1695799417989223,0.4766967284192816,-0.2290836566383745,-0.0529313096002724,-0.1254395304042363,0.2716984868159017,-0.0989280579671445,0.3442092861386978,-0.0171999769520498,-0.0776041938539616,-0.3123742302417225,-0.1585208010771478,-0.1349374098124097,0.0093847260582554,-0.173943043068043,0.320769401436197,0.1888724605631726,-0.0944313723764456,0.0706922632922632,0.0,0.0114737651237651,-0.1057607441578029,0.1868580450165589,-0.1880272685604728,0.3495758537042592,-0.5483790729566271,-0.1263694139194139,-0.1255972414925975,-0.2108243164300439,0.1332975804810943,-0.2131062493062493,0.0914126839362907,-0.0389571529347845,7,8,7,5,7,6,6,7,6,3.0,7,4,8.0,7.0,12,2.0,8.0,6.0,5,11.0,4.0,8,4,8.0,7,7,8,5,5.0,4,6,5,6,8,7,9,6,6,6,5.0,7,5,8.0,7.0,8,4.0,0.0,5.0,8,10.0,7.0,8,8,5.0,5,6,7,2,6.0,8,3,2,5,3,6,4,2,1,2,1.0,3,1,7.0,5.0,5,1.0,0.0,2.0,3,8.0,2.0,7,0,2.0,2,2,5,0,3.0,3,0,0,0,0,0,0,0,0,0,0.0,0,0,1.0,0.0,0,0.0,0.0,0.0,0,0.0,0.0,1,0,0.0,0,0,0,0,0.0,0
76.5,0.5430313591460797,-1.3337404298338518,0.7855730758024283,0.322203570345295,1.4236192086723567,-0.5031450309474491,-1.164811652780708,-0.7986531321215968,0.0527686396443701,0.4975355501816182,-0.0970228200778914,-0.9536319189448818,1.9894112431772564,-0.3106530867756698,0.050119448236173,-1.1779416718405595,,-0.4313720665840742,-1.396942821873662,1.302829869575122,-1.7520968660198708,1.1374501009743931,-2.2945516285031458,-0.4773280403643399,-0.043008302815569,-0.4488813598914936,0.6392712651601686,-0.780346273527183,0.8064025221346873,-1.0149495082452191,0.0987131618725272,-0.2318096251787428,0.1406684940532464,0.051388500757928,0.2359590739154207,-0.08953852436693,-0.2360443609709863,-0.1495892661861701,0.0098194952794024,0.100470238095238,-0.0226507058558915,-0.2322695485886662,0.3872668451002041,-0.0522914833114119,0.0076600292593395,-0.2665765567765568,0.0,-0.0855858585858585,-0.2413784248860874,0.2589144987623315,-0.3237952581474253,0.2503182310809246,-0.4795911765822756,-0.0844366726410843,-0.0077280080944167,-0.0756697120131331,0.1149977660884007,-0.1186189754689754,0.1532473803973803,-0.167209987810607,7,8,7,5,6,5,7,7,7,4.0,7,4,9.0,7.0,11,1.0,7.0,7.0,5,10.0,4.0,8,5,8.0,6,8,8,4,7.0,4,6,4,6,9,7,8,5,6,6,5.0,8,6,8.0,8.0,7,4.0,0.0,3.0,8,9.0,7.0,6,7,5.0,6,6,7,1,4.0,8,4,1,4,4,5,3,1,2,3,2.0,3,1,8.0,4.0,5,0.0,0.0,1.0,2,8.0,1.0,5,0,2.0,3,3,5,0,3.0,2,0,0,0,0,0,0,0,0,0,0.0,0,0,1.0,0.0,0,0.0,0.0,0.0,0,0.0,0.0,0,0,0.0,0,0,0,0,0.0,0
77.5,1.5584676441880556,-1.419974282602338,0.2728458489481521,0.5282044322240812,0.8058739490330605,0.4088277054891931,-0.5429772577932716,-0.5195179998504548,0.4053152276744897,1.4034000517343754,-0.3598205479747625,-0.9344275977378196,1.776881825858571,0.3727848859404836,-0.5360682609043114,-1.154647537452828,,-1.1527374379686677,-2.402906470922089,0.8080495372946536,-1.4734903507989252,0.5152487147770521,-1.4623591331036885,-0.486174623037736,-0.296118641248971,-1.0894001583022954,0.2911911611926307,-0.7552211354394067,1.1378185327609784,-1.3660015765088758,0.2956789921808497,-0.2343802525905467,0.0514546022604845,0.0956703036471612,0.1286868004372648,0.0683739538755018,-0.1080309179812275,-0.1002837500390906,0.0778042436923241,0.2875260239760239,-0.0754824066542332,-0.2184243757876111,0.3599186931489563,0.0626989698296199,-0.0776380337961943,-0.270740687090687,0.0,-0.2080668831168831,-0.4120710460763866,0.1563789990968783,-0.2568921388638882,0.1106526601451524,-0.3023680832239656,-0.1015867741735389,-0.0558310117213368,-0.1782116620221883,0.0519326446343474,-0.1246942279942279,0.2193750138750138,-0.229664054076448,7,8,7,5,5,5,7,7,8,4.0,5,5,7.0,10.0,10,1.0,5.0,8.0,5,10.0,5.0,8,7,7.0,5,9,9,4,8.0,4,7,4,5,8,7,8,6,5,6,5.0,8,6,7.0,8.0,7,4.0,0.0,2.0,8,9.0,8.0,6,6,5.0,5,5,7,1,3.0,9,6,1,3,4,4,4,2,2,4,3.0,2,1,6.0,6.0,4,0.0,0.0,0.0,1,7.0,2.0,4,1,2.0,2,2,5,0,3.0,2,0,0,0,0,0,0,0,0,0,0.0,0,0,1.0,0.0,0,0.0,0.0,0.0,0,0.0,0.0,0,0,0.0,0,0,0,0,0.0,0
78.5,1.5684343839619863,-0.4449521188228585,-0.4603770410748239,1.2478083701354707,-1.4330656425892028,0.2125440185233401,0.2496645074094137,-0.710923448496736,0.9187247555745076,1.105773898221102,0.4010362068635853,0.245762082960471,1.2264850377025969,0.5930500139523552,-0.9092713615946564,-1.3024629233997895,,-0.2658658748030945,-1.0515813508985603,0.800193774185664,-0.9340206613253276,-0.4112131453229733,-0.7329323163262853,-0.481283045801415,-1.0410613344700328,-0.2132974059307092,-0.8487202181125452,2.08515341607332,0.8881274945598729,-0.519395059629319,0.297790373704383,-0.0721578361181302,-0.0844247370276781,0.2473894849474571,-0.2291624956656689,0.0337764362916065,0.0501496802904697,-0.1323200108542988,0.1743841599147326,0.2191494949494949,0.08810259729091,0.0577120573870573,0.2304696251976437,0.0959325962822866,-0.1409539519132397,-0.3061993894993896,0.0,-0.048723149073149,-0.1855337965354218,0.1566792131501109,-0.1624919180492708,-0.0871688496144378,-0.1349910215601391,-0.093328324290089,-0.2000903738418444,-0.0351021856884086,-0.1469832099960581,0.3628364357864357,0.1590089299589299,-0.0866022744190196,7,8,6,6,6,4,6,6,8,5.0,5,6,5.0,10.0,9,2.0,4.0,8.0,7,10.0,7.0,7,8,7.0,6,8,8,3,8.0,5,7,4,5,7,7,7,6,6,7,5.0,7,6,6.0,8.0,6,5.0,0.0,3.0,8,9.0,8.0,5,5,7.0,4,6,7,1,2.0,9,6,2,2,5,2,3,3,2,5,3.0,3,3,4.0,6.0,3,0.0,0.0,1.0,3,7.0,3.0,2,2,3.0,1,3,3,1,2.0,3,0,0,0,0,0,0,0,0,0,0.0,0,0,1.0,0.0,0,0.0,0.0,0.0,0,0.0,0.0,0,0,0.0,0,0,0,0,0.0,0
79.5,0.7558265646597142,-0.6713134036992626,0.5948997092484845,1.9350901058382208,-0.9518627421679234,-0.6324898730243307,-0.1080240408946486,-0.6508562262431423,1.181064181870059,1.287647705966383,0.9814712440442384,0.0661750646463754,0.5154215564576312,0.0280112112957693,0.232166265346388,-0.5380591363900814,,0.1988067013960491,-0.189207345794731,0.5367517892738379,-0.6072479432519096,-0.7552801755903202,0.0145487779991916,-0.0137515806930775,0.000798351931373,0.8700112542728691,-1.2561654062308505,0.5621631461797044,-1.2098498724933269,0.1865468668863505,0.1465762454779482,-0.1132631575424918,0.1048823785691432,0.354726715106359,-0.1463212254807457,-0.1058847086693836,-0.0212278811058221,-0.1145525539289235,0.2279633445759606,0.2530094518226871,0.2144986706104353,0.0138148359810125,0.0916438028947316,0.0046357420786986,0.0357642888228565,-0.1222120046620046,0.0,0.0396684315684315,-0.0345285526852561,0.1027776992357487,-0.1078720232639737,-0.1495656903553963,0.0023784854034853,-0.0026135461889331,0.0001456760559702,0.1583112392595363,-0.2156876604217935,0.1079520035520035,-0.1826099345099345,0.0345658289165254,8,8,4,8,6,6,6,6,8,5.0,3,6,5.0,11.0,9,3.0,3.0,8.0,8,8.0,8.0,8,7,7.0,6,9,7,4,7.0,6,7,5,4,8,8,8,5,8,6,7.0,7,7,6.0,7.0,7,7.0,0.0,4.0,9,9.0,9.0,4,4,8.0,4,6,6,2,2.0,8,5,2,2,7,3,3,2,3,5,4.0,3,3,3.0,5.0,5,1.0,0.0,2.0,5,6.0,4.0,1,2,4.0,2,5,2,1,0.0,4,0,0,0,1,0,0,0,0,0,0.0,0,0,0.0,0.0,0,0.0,0.0,0.0,0,0.0,0.0,0,0,0.0,0,0,0,0,0.0,0
80.5,-0.2871020737530654,-1.4363778313448805,-0.2457563204039514,1.9836503631965967,-0.5395581384177779,0.2288817713621028,0.7456862011200955,-1.048279753365232,1.3520709990975182,0.0650085525832813,0.3121011854612854,-0.9254999585588136,0.6451164902411622,-1.1371742928420474,-0.0398115291291698,-0.849504705424894,-0.976398959465506,0.5777602660776121,0.0215891555542198,0.1969165157210465,0.0662410199262772,-0.5387486510590807,0.4496680255516236,-0.0905065968483915,0.9911758279835416,-0.2869532204746691,-1.6396399593126856,1.2228322011205712,-1.3010037210966847,-0.234515860688533,-0.052917880597215,-0.2527755607481614,-0.0426245865245865,0.3728213392214941,-0.0791394007007783,0.0331757297312249,0.142895050700933,-0.1893998075282131,0.2725258141926873,0.0129733129615482,0.0725621305165422,-0.1820647883162589,0.1253652617592245,-0.1798511154737934,-0.0063807564203343,-0.2004448011139188,-0.1996720446220446,0.13292557997558,0.0039001444745858,0.0390963003800465,0.0120571085175574,-0.1047756687756687,0.0761107503607503,-0.0182310331395469,0.1709516576560693,-0.0519899729871092,-0.2845421570259805,0.2705381174381173,-0.2416659951159951,-0.0455026588908167,7,9,4,7,6,6,6,5,9,6.0,3,7,4.0,10.0,9,4.0,3.0,9.0,10,6.0,7.0,7,7,7.0,7,9,6,4,6.0,6,6,6,3,8,7,8,3,7,5,7.0,6,7,6.0,7.0,8,8.0,2.0,4.0,9,10.0,9.0,3,3,8.0,4,7,5,3,2.0,7,3,2,1,7,3,4,2,2,5,3.0,2,2,3.0,3.0,5,1.0,0.0,3.0,6,5.0,5.0,1,2,4.0,3,4,1,2,0.0,3,0,0,0,1,0,0,0,0,0,0.0,0,0,0.0,0.0,0,0.0,0.0,0.0,0,0.0,0.0,0,0,0.0,0,0,0,0,0.0,0
81.5,-0.6437903696258618,-0.4968991688909221,-0.2907438594860703,1.7128723723747568,-0.0610531698260683,0.688171090614282,1.9733438777622283,-1.297366691309349,0.8732513321322836,-0.4156003829322059,0.0780207112179643,-0.9560505235457564,0.5320686557775979,-0.8202042892796874,0.564180929030855,-0.9606489637721258,-0.3979821167657799,0.2319204866190234,0.9211901388498984,-0.4971359424578468,0.4919066446098459,0.1627089746477495,0.9483531346819224,0.8731789691661024,0.8326989097534104,-0.0849092681910611,-2.4150872943367134,0.2083801054901281,0.0720627334393803,-0.1355967407674405,-0.1083306600606136,-0.0865917751237411,-0.0487294372294372,0.3409392766504222,-0.0089700162582515,0.1117380949631723,0.3451238594738595,-0.2348267681545208,0.1669589292973968,-0.087412874217286,0.0186797535797536,-0.1835254542842778,0.1029598351424976,-0.1313254421533058,0.0931005960581947,-0.2189657019451137,-0.0884368575868576,0.0556292513042513,0.1628926307225775,-0.0970604038977878,0.0880167526783054,0.0325854596384008,0.1708855144855144,0.1679490520143771,0.1491980029774147,-0.015551360644859,-0.4150213743772567,0.0462596514596514,0.0150937668540609,-0.0249571335011737,7,8,4,8,7,7,5,5,7,5.0,2,7,3.0,9.0,9,4.0,4.0,7.0,9,5.0,7.0,6,5,8.0,7,8,5,6,6.0,6,5,6,3,8,6,8,2,8,6,7.0,4,7,7.0,6.0,8,9.0,4.0,6.0,9,10.0,10.0,4,3,9.0,4,7,4,4,4.0,7,2,3,1,7,3,5,2,2,4,2.0,1,2,3.0,3.0,6,1.0,1.0,3.0,7,4.0,6.0,2,2,6.0,3,4,0,2,2.0,3,0,0,0,1,0,0,0,0,0,0.0,0,0,0.0,0.0,0,0.0,0.0,0.0,0,0.0,0.0,0,0,0.0,0,0,0,0,0.0,0
82.5,-1.1500217239471089,-0.4432674562931878,-0.2482932195691754,1.2102123861316152,0.9425718961118708,0.6355633549695712,0.3845696869272421,-1.3282197447403823,0.6063229099052195,-0.261351503632406,-0.46689668321793,-0.853543820268445,0.6919731341227976,-1.077062314711362,0.7173682432287718,-0.4601260228284896,-1.0380129338776856,0.4180401446842052,0.2544350283630854,-0.9774722370249478,0.1749456432674737,-0.1666040916196872,0.368697237809979,0.987931572481898,0.8390432558239431,-0.1051333192063211,-0.1698374222195575,-0.5124520690757786,0.5099706672832494,-0.7422474540141762,-0.2005242928639987,-0.0864938824934954,-0.0443393106893107,0.2688945269470811,0.1383647121883963,0.1004401453738377,0.0672425879675879,-0.2333466990081305,0.1154027477080882,-0.0603468314365372,-0.0997064032372855,-0.164698093736329,0.1306356207517971,-0.1786734111519715,0.1157309946544534,-0.1029907244973808,-0.2330970645367704,0.1037728939361292,0.0454651420646775,-0.1915597009028123,0.0343592773068005,-0.0329059148367972,0.073741736041736,0.1892207248118238,0.1509341609972415,-0.018431265629795,-0.0291812666092077,-0.1046468218056453,0.1053225700769817,-0.1402801203784175,6,8,4,8,8,8,5,5,8,5.0,3,7,4.0,8.0,9,4.0,5.0,6.0,8,4.0,8.0,6,5,8.0,7,8,5,6,6.0,7,4,6,3,7,6,9,2,8,4,6.0,6,7,8.0,7.0,8,10.0,6.0,8.0,8,10.0,8.0,5,4,8.0,6,7,5,6,5.0,6,1,3,1,6,4,6,1,2,3,2.0,1,2,4.0,3.0,6,2.0,1.0,4.0,5,3.0,5.0,2,2,6.0,4,4,2,2,3.0,2,0,0,0,1,0,0,0,0,0,0.0,0,0,0.0,0.0,0,0.0,0.0,0.0,0,0.0,0.0,0,0,0.0,0,0,0,0,0.0,0
83.5,-0.8085655885413685,-1.0698182744753726,0.9683220784943976,1.2853676282069786,1.608364813147,0.3256731774330305,0.3947205107075021,-1.0160300657840524,-0.1099930838667447,-0.4620029108982006,-0.4854119756273922,-1.0323342861596845,0.4198537038718878,-1.7045572233434485,0.777210732070236,-0.300652862744602,-0.1766622184622937,-0.0599598008764266,0.3180629014519443,-0.8844474584102369,0.8414462339267468,0.3973853189251078,-0.7703596685240516,0.8507002697064793,0.6283463961588931,-0.5331911573503892,0.6346684729491178,-0.4950416586934387,0.8785582787043524,-0.2822604055096161,-0.1303368801133507,-0.2091694690414504,0.1695577561327561,0.2816543012543013,0.2452675506382163,0.0466213136207953,0.0724772033522033,-0.1887422117012674,-0.0173645382395382,-0.1017914846591317,-0.11117277999778,-0.2236146464646465,0.0805179059073022,-0.2879328021871937,0.1199922915327444,-0.0649385548404124,-0.0394146744036837,-0.0150835313035777,0.0540205358968517,-0.1777527798654734,0.1587389746476434,0.0808988519650284,-0.1713073981573981,0.1763615485907281,0.1065252059430078,-0.0903666976470382,0.1188986177221471,-0.1018745147009853,0.1765095567229468,-0.052816152474976,7,8,5,7,8,8,5,5,7,5.0,3,7,6.0,6.0,10,3.0,6.0,4.0,9,4.0,7.0,5,5,6.0,6,7,5,6,6.0,7,3,6,3,6,6,10,2,7,2,7.0,5,5,7.0,8.0,7,10.0,8.0,9.0,8,10.0,7.0,4,4,8.0,7,7,5,6,6.0,5,1,2,2,5,5,6,1,2,1,2.0,1,1,4.0,2.0,6,2.0,3.0,3.0,5,3.0,5.0,2,1,5.0,4,3,3,2,4.0,2,0,0,0,0,0,0,0,0,0,0.0,0,0,0.0,0.0,0,0.0,0.0,0.0,0,0.0,0.0,0,0,0.0,0,0,0,0,0.0,0
84.5,0.204736191799135,-1.1580368405840575,0.8239658345988233,1.05282513126017,0.2701986995048672,0.3630248415559803,0.8261486870205511,-0.8130737656549736,-0.0420905982680216,-1.1438749924333258,0.4372441289621079,0.0594283113516936,0.0610197361034228,-1.8043663888169057,-0.2623266619577528,-0.8288962865727121,0.3195466732401908,-0.6191994118610641,-0.7981375314246354,-0.8466255316493391,0.7753033646827135,0.1421714555905461,-0.3611734587266567,0.123529711417188,-0.2660508311756783,-1.0575913943400197,-0.2292038508431893,0.6039052420811594,1.841730014721037,-1.9366731403019708,0.0341569660731425,-0.2282732196166407,0.1460262959262958,0.2185607480754539,0.0439041802796446,0.0500274546175172,0.1585924792527733,-0.1524864772911986,-0.0066840442237501,-0.2506121359033123,0.0998955294705294,0.0134824120324119,0.011458504060439,-0.3216809355247436,-0.0392544439908217,-0.1847248671263377,0.069356518292509,-0.1499438481109534,-0.1458213975309177,-0.179300639814262,0.1451861783211629,0.0294024173538878,-0.0807633301339182,0.0270260513995808,-0.0463687394820522,-0.1859022703732455,-0.0433985775748159,0.1214077349121466,0.3485292591395532,-0.3693832822406352,8,7,7,6,8,8,6,6,8,5.0,4,7,7.0,6.0,10,2.0,8.0,3.0,8,5.0,7.0,4,6,4.0,6,7,7,7,6.0,6,3,7,4,6,7,10,3,6,2,7.0,5,4,6.0,8.0,6,9.0,10.0,10.0,7,9.0,6.0,5,5,7.0,7,6,6,7,6.0,4,2,2,3,4,4,6,2,2,1,1.0,2,2,3.0,2.0,4,1.0,5.0,2.0,3,3.0,4.0,2,2,3.0,3,2,3,4,5.0,0,0,0,0,0,0,0,0,0,0,0.0,0,0,0.0,0.0,0,0.0,0.0,0.0,0,0.0,0.0,0,0,0.0,0,0,0,0,0.0,0
85.5,1.2788993650760148,-1.1542717891894878,0.6038692740998873,0.1743613600830544,0.0856820322458192,0.8951053022189195,1.245910854825939,-0.4174743098954772,0.4285243977387168,-1.1440830866580318,0.3180565404464645,1.0106860553700578,0.4226305675720118,-1.20725066426267,-0.8220053624432091,-0.6832020535348978,0.4444592868446791,-0.6593077017729463,-0.5681146597083135,0.0678976061362563,-0.032439146377085,-0.1658055028630582,-0.7132867858740164,0.2939194583658868,-1.1735195211446918,0.2355477008564981,-1.0734300047586531,-0.0116847574769938,1.8907430168110415,-1.640320769329715,0.1947633838383838,-0.2289335522836297,0.11162607043799,0.0355205990088343,0.0130096199122515,0.1322886210721719,0.2493494921744921,-0.0760753005422509,0.0783808248940602,-0.2464704837646014,0.0769665773768714,0.1989316183816183,0.0743844379992212,-0.2046759761812797,-0.1181482470745628,-0.1555286360698125,0.096729270634766,-0.1653914043129213,-0.1118969008116067,0.0139997018547328,-0.0053834595143418,-0.0337172871332313,-0.1585623717785482,0.0643317621920562,-0.2124574604274295,0.0399246330810572,-0.196732771880682,-0.0025003933974521,0.3525287797170151,-0.3024109002109001,7,8,7,6,8,9,6,6,7,6.0,4,6,8.0,6.0,10,1.0,8.0,4.0,9,7.0,8.0,4,6,4.0,6,7,8,6,8.0,6,2,6,6,6,9,10,4,5,3,6.0,5,5,6.0,9.0,6,8.0,9.0,9.0,8,9.0,5.0,6,6,7.0,7,5,8,7,5.0,3,2,2,4,3,5,7,3,2,2,1.0,2,3,4.0,3.0,3,1.0,5.0,2.0,4,5.0,3.0,2,2,3.0,2,3,3,3,5.0,0,0,0,0,0,0,0,0,0,0,0.0,0,0,0.0,0.0,0,0.0,0.0,0.0,0,0.0,0.0,0,0,0.0,0,0,0,0,0.0,0
86.5,1.5568531013949447,-0.7096275358068614,0.7605011949096526,0.3927600228217496,-0.5719896115261257,0.1839683119967264,1.282453766650021,-0.8959696837647255,0.0550394970643398,-1.0282717377848876,0.6149004664259589,0.9661096468676442,1.2022177106429892,-0.8640950797917766,-0.7239976599323519,0.4426209629586186,0.1626396506234259,0.3153354991353387,-0.0479379365817743,0.2850145935314863,-0.3444172352546921,-1.4716902512762695,-0.7404852311619431,-1.05751983849702,0.3627284254830737,-0.2097402601520875,-0.0902081428822761,0.0314763100550678,0.88717388048147,-1.316941163744786,0.2653823397191044,-0.137232587192649,0.1353030782598894,0.0805055568614391,-0.0943230173507263,0.0259992060384239,0.2644900212360738,-0.1627214804459386,0.0098309835589247,-0.2389475446122504,0.1431894936762583,0.1849795426795426,0.2183385296162386,-0.1447463634232983,-0.1091905629458261,0.0970560467310467,0.0351046461708225,0.0810473245622626,-0.0094231719862525,0.058969513398538,-0.0597931103210515,-0.3077487040822954,-0.1544682657212069,-0.2315912889398183,0.0626604374813352,-0.0354506806918571,-0.0164476616692561,0.0064063320494435,0.1628095344198284,-0.228239565989566,7,8,7,5,7,8,7,5,9,6.0,5,6,10.0,7.0,11,2.0,9.0,5.0,8,9.0,8.0,4,7,3.0,7,7,9,4,7.0,7,3,7,6,6,9,10,5,4,3,6.0,6,5,7.0,8.0,5,7.0,8.0,9.0,7,9.0,4.0,7,6,6.0,7,4,8,8,4.0,2,3,3,4,3,4,6,4,1,2,1.0,3,3,6.0,3.0,3,2.0,4.0,4.0,4,6.0,2.0,1,2,1.0,4,2,5,3,3.0,0,0,0,0,0,0,0,0,0,0,0.0,0,0,0.0,0.0,0,0.0,0.0,0.0,0,0.0,0.0,0,0,0.0,0,0,0,0,0.0,0
87.5,1.2777529994228916,-0.8207238786720108,-0.9436978941851202,0.4389453230280108,-1.5801619807364655,0.3915758625856836,2.430542386870561,-0.3912653214993491,0.2249842559250746,-1.7605240014618535,0.8107085309574912,-0.2735663465460897,0.5884793221310733,-1.7516601266757146,-0.9747621114110604,0.0792112560008478,0.5563328227570841,-0.1520031558770259,-0.0729070080562276,0.8693849336693541,0.0831721632451426,-0.4339113098517921,-1.0177968683108043,-1.1717676314098435,-0.3295123401493086,-0.3789128488363887,-0.7805483142427894,0.3611894429631672,0.4661597008855305,-0.8900370839577784,0.2160416003930709,-0.1546452519702519,-0.1681875656507235,0.090218194335764,-0.2404080558502386,0.053758059636031,0.4736759642232553,-0.0685991802315331,0.040310529666412,-0.400122328162034,0.1806812543665484,-0.0529321797483562,0.1198960671853086,-0.2702805120404192,-0.154822420355702,0.0180587967587967,0.1256586168733227,-0.038505818038171,-0.0151060063861147,0.1695357571307262,0.0145515448603684,-0.0938517542828688,-0.2031659812409812,-0.2481088560132677,-0.0542883357440633,-0.0663847815583109,-0.1363728998297882,0.07843087304852,0.0835861721611722,-0.128592241092241,8,8,7,6,6,8,7,5,8,5.0,5,5,10.0,8.0,11,1.0,9.0,6.0,8,9.0,8.0,5,7,3.0,7,8,8,4,7.0,6,3,7,6,7,8,10,6,3,3,6.0,6,6,6.0,7.0,4,5.0,6.0,8.0,7,9.0,5.0,6,4,6.0,7,4,9,7,3.0,1,3,3,2,4,2,6,6,1,2,0.0,3,2,5.0,2.0,2,1.0,4.0,3.0,4,7.0,3.0,2,1,1.0,3,2,4,3,2.0,0,0,0,0,0,0,0,0,0,0,0.0,0,0,0.0,0.0,0,0.0,0.0,0.0,0,0.0,0.0,0,0,0.0,0,0,0,0,0.0,0
88.5,0.7048208494937388,-0.7018933429139939,-0.9072808226034502,-0.5945412257545797,-1.19839819096307,0.26646287060513,1.648266126634121,0.2442493334111494,0.6283646068296618,-1.3353387573252602,0.3528407349892336,-0.5864835472506429,0.9122532895367692,-1.3447608245085378,-2.0564194766024944,0.0148710632184633,-0.5952026016376237,0.3624274499968928,-0.9129215494988534,0.473109633821333,0.3962607318924254,-0.8386861720134556,0.0436999739411102,-1.236719669284998,0.6809103495176215,0.0686799255076966,-0.6293266468523674,-0.4819186753157357,0.1080024049632594,-1.349954984786216,0.1235205475896653,-0.1359323164623473,-0.1743697430622353,-0.1174893273135532,-0.2160530412741713,0.0386940048771319,0.3138910071696449,0.0427912213173823,0.1145848486566752,-0.3217243756243756,0.0796918858918859,-0.1124379442452971,0.1958773233904039,-0.1937001412416272,-0.2891963741023339,0.0029810078810078,-0.1273542478763067,0.0913121767121767,-0.1561907829786313,0.091504529921403,0.073973813836662,-0.1835590691386356,0.00805337995338,-0.2652096289331583,0.1164046647710734,0.0118660015509086,-0.1098432699395547,-0.1056942051412639,0.0183600177600177,-0.2296616827616827,8,8,7,6,6,8,6,6,8,4.0,4,5,9.0,10.0,11,2.0,8.0,6.0,7,9.0,8.0,6,7,4.0,8,9,8,4,6.0,6,4,7,6,8,7,8,7,4,4,4.0,5,7,7.0,5.0,4,5.0,6.0,6.0,8,9.0,6.0,7,4,6.0,6,5,8,7,2.0,2,3,3,2,3,2,5,5,2,3,0.0,2,2,6.0,2.0,1,1.0,2.0,3.0,3,6.0,4.0,2,2,1.0,4,3,4,2,1.0,0,0,0,0,0,0,0,0,0,0,0.0,0,0,0.0,0.0,0,0.0,0.0,0.0,0,0.0,0.0,0,0,0.0,0,0,0,0,0.0,0
89.5,-0.5856425433881243,-0.7946515871786324,-1.6078296007121924,-0.2328208267402065,-1.4488158750363815,0.1002838441014506,0.9251262318820987,-0.8778944063511464,1.027762788711622,-1.1118186330871287,-0.5052516772737926,-1.6238215568096817,1.3122180676509094,-0.3295305852742969,-0.772457054558807,0.8638496945935249,-1.6058328262370465,0.8413740393942992,-0.1802137984649229,-0.0179741367988413,-0.2660382562030088,-0.8758250909856731,-1.06509130512567,-1.4171777009784083,1.2573321204001695,-0.5176801222735548,0.5719748421223846,-2.062537358667163,-0.9802852418625092,-1.3677994530082327,-0.102102183274242,-0.1581860587125292,-0.3128988622918189,-0.0439982547724034,-0.2190123104535642,0.0165294034311062,0.1749321457352416,-0.1587224284831096,0.1750352433857851,-0.2663086524586524,-0.1105853674103674,-0.3203549280784575,0.2629909809809998,-0.0446886579107167,-0.1065204640217024,0.1798617604617605,-0.3387410561660562,0.1934116716616716,-0.0309898446410829,-0.003375444051992,-0.0481765490615336,-0.175400340560712,-0.2041132201132201,-0.304903691896339,0.2130295215448465,-0.0871050418535712,0.0969843292500411,-0.4384687831776067,-0.1376428904428904,-0.2541037962037962,9,8,6,8,5,7,5,5,9,4.0,3,5,9.0,10.0,11,2.0,6.0,8.0,7,9.0,7.0,6,7,6.0,9,10,8,4,5.0,5,4,5,6,8,8,7,7,4,5,3.0,5,8,9.0,5.0,5,3.0,5.0,6.0,6,9.0,8.0,7,4,6.0,6,4,7,6,1.0,3,2,2,1,4,2,4,4,1,4,0.0,1,1,8.0,3.0,3,1.0,0.0,4.0,3,5.0,4.0,2,1,1.0,5,2,5,0,0.0,0,0,0,0,0,0,0,0,0,0,0.0,0,0,0.0,0.0,0,0.0,0.0,0.0,0,0.0,0.0,0,0,0.0,0,0,0,0,0.0,0
90.5,-0.8899282198488374,-0.6460083407801436,-2.584557340990657,0.3772741887466284,-1.9962658953171917,-0.4894639827535855,0.9442437137561952,-1.5519415901425817,0.1380582397738761,-0.9540781396591312,-0.3648315245614857,-1.7326337529554023,1.3543236959282727,-0.301469310848151,-0.2240962145450398,1.022484244117588,-1.551187111538171,0.954761013262677,-0.9763132781054732,-0.1179370670187195,-0.4552482960474827,-1.5259851799293291,-0.2679322694631925,-1.2061704869965897,1.525369599590674,-0.2024063462866597,1.82153177192061,-1.8882242509830205,-0.978280518413507,-1.7321082714539615,-0.1608856414053782,-0.1226282056179115,-0.4977317476469179,0.0679269027240389,-0.3243596457635931,-0.0851476733105215,0.1754830032025078,-0.2944222782807148,0.0240855272780195,-0.2016784493284493,-0.0783446775446775,-0.3029685011496931,0.2807082815017799,-0.0449733296974783,-0.0349998303124464,0.216037518037518,-0.3311338439338439,0.2129424575424575,-0.1810807620484091,-0.0228130118505506,-0.0808959877583715,-0.3132552893357072,-0.0539363053613053,-0.2441070280424769,0.267862063014385,-0.0366493815524001,0.2960408237789043,-0.3979487179487179,-0.1397449272949273,-0.3407088960059548,8,7,5,8,5,6,5,5,8,3.0,2,5,8.0,9.0,10,3.0,5.0,9.0,5,10.0,6.0,7,8,7.0,9,9,8,5,5.0,5,5,5,6,8,7,7,7,6,5,2.0,5,9,8.0,5.0,6,2.0,4.0,5.0,4,8.0,9.0,6,4,8.0,5,5,8,5,1.0,4,2,2,0,5,1,3,4,1,3,0.0,1,1,7.0,3.0,4,1.0,0.0,4.0,1,5.0,4.0,1,2,2.0,5,3,7,0,0.0,0,0,0,0,0,0,0,0,0,0,0.0,0,0,0.0,0.0,0,0.0,0.0,0.0,0,0.0,0.0,0,0,0.0,0,0,0,0,0.0,0
91.5,-1.8909777489091577,-1.1967080137056605,-1.6717522895597474,0.675247320085997,-1.1614644044229625,-0.3966369865050158,0.7828982950670317,-1.6035605118618297,0.3080293731621904,0.7294142693368537,-1.639305105527452,-1.7570865942041014,0.6161473371028845,0.0567612376325414,-0.949479003216158,-0.8654701511549423,-1.4355349761206389,0.04582073686364,-2.293132062211005,-0.0456428166054002,-0.781740581927004,-0.9797995501696594,0.1963969293338491,-1.2240998933399825,0.66891188680929,-0.4654979350966323,1.4393722730988088,-0.7287197319878974,,-2.009472072130218,-0.3365547374452173,-0.2107959346209346,-0.3306245203369042,0.1189597560763969,-0.1916305170491702,-0.0721332550748184,0.1411623888495406,-0.3109180731463239,0.0541796730187597,0.1278973637473637,-0.356102725052725,-0.3210096216047454,0.1223662130181481,0.008978665203046,-0.1554477284325581,-0.1835383116883117,-0.2949739704739704,0.0095918914418914,-0.4057347214876627,-0.0081272423998429,-0.1330794509105856,-0.1943396125116713,0.0372946386946387,-0.2631766651649004,0.1154158270522047,-0.0856347390827267,0.2386518157023575,-0.1545996003996003,0.0,-0.410994855797797,8,7,6,8,5,6,6,6,6,5.0,1,5,6.0,9.0,10,3.0,3.0,8.0,5,9.0,6.0,7,8,7.0,8,8,8,6,6.0,4,6,4,6,9,7,7,7,6,6,2.0,5,8,8.0,7.0,6,2.0,4.0,4.0,4,9.0,10.0,4,3,8.0,6,6,7,4,0.0,5,1,1,1,6,2,3,4,1,3,1.0,0,1,5.0,4.0,3,0.0,0.0,2.0,0,5.0,4.0,1,2,2.0,4,3,6,1,0.0,0,0,0,0,0,0,0,0,0,0,0.0,0,0,0.0,0.0,0,0.0,0.0,0.0,0,0.0,0.0,0,0,0.0,0,0,0,0,0.0,0
92.5,-1.9695054736553328,-0.2047251297908769,-1.0266426736965866,0.1745677585172805,-0.592215100961123,-0.4929331893882007,-0.3082959108329966,-1.3747145772325815,-0.578018139627617,1.641284418356955,-1.4192612617579592,-1.1899716804080576,-0.0689141893432313,0.5400162681352875,-0.237680288070343,-1.0922887603966307,-1.603231550830814,0.0811812880173049,-0.2126638310426419,-0.2671317457920558,-0.9469678714217296,-1.6818636730331569,-0.5486598601759871,-1.7363418632552052,-0.7020339739634264,-0.8609023626770325,1.2168947477477938,-0.5083015384212952,,-2.2071296967474425,-0.3732874738264831,-0.0341935668906256,-0.1949944834749013,0.0316422014689817,-0.0931146948252985,-0.0849786599107807,-0.0573491750853206,-0.2546433704018271,-0.1025407270661915,0.3453088578088578,-0.3003535131535131,-0.2342515012765013,-0.0134325327915381,0.0965099816506163,-0.0369834891032897,-0.2351347041847041,-0.31925222000222,0.0176142690642691,-0.0390662798415894,-0.0493273860212715,-0.1722921850681137,-0.3207172605172605,-0.1007874070374069,-0.32815871149834,-0.1233343790110818,-0.1566238784005811,0.193604229911815,-0.1003396658896659,0.0,-0.452807190435983,7,7,6,8,7,6,4,6,7,5.0,1,5,5.0,7.0,9,2.0,2.0,8.0,5,10.0,7.0,8,7,8.0,7,8,9,7,6.0,5,6,4,7,9,9,8,6,8,7,2.0,4,6,9.0,6.0,8,3.0,4.0,4.0,5,9.0,8.0,3,3,9.0,5,7,7,3,0.0,6,1,2,2,5,4,3,2,2,3,2.0,0,1,4.0,4.0,5,0.0,0.0,2.0,2,5.0,3.0,0,1,2.0,2,3,6,1,0.0,0,0,0,0,0,0,0,0,0,0,0.0,0,0,0.0,0.0,0,0.0,0.0,0.0,0,0.0,0.0,0,0,0.0,0,0,0,0,0.0,0
93.5,-2.0042011492582525,0.234682547392215,0.2565945662957602,0.5697079935461784,-0.3804689822960266,-0.3169872343314848,-0.3065024388206206,-2.2993338795875182,-0.5598522951061319,1.5597263288015424,0.0310781739535173,-1.1098430956894128,0.4675787927898495,-0.6267313560556006,1.1599672846204057,-1.1965453699553372,-1.246930184316,-0.1466071414173988,-0.2914277577944693,-0.4659001840370734,-0.3055998215638237,-0.7910462763320586,-0.5350083771908242,-1.7164692746674588,-0.9741274223311692,-0.499281139165323,0.8224023071594022,-0.0088239817733211,0.2126792619088685,-1.530932680280914,-0.3695218038583363,0.0371125266889972,0.0502500985426681,0.1090103531573345,-0.0615006747724239,-0.0485334236507274,-0.0525595770844222,-0.4088147478047296,-0.1018102996676527,0.3731198523698523,0.0068304279054278,-0.2173710784313725,0.0882097554664118,-0.1064758827343966,0.1867796272687544,-0.2589435675435675,-0.2280814463314463,-0.0320811743811744,-0.0555568670493593,-0.0875110289005799,-0.0529482176234498,-0.1540754640784052,-0.0993836940836941,-0.325858207813858,-0.1720674688057041,-0.0921152598863124,0.1305798853107678,-0.0016976467976468,0.0353982017982018,-0.310455933033255,7,8,5,7,7,6,5,5,7,6.0,2,5,4.0,8.0,6,1.0,0.0,10.0,6,9.0,7.0,7,6,9.0,6,7,10,7,8.0,5,6,3,6,8,9,9,6,8,7,3.0,4,6,8.0,8.0,7,4.0,3.0,4.0,5,10.0,8.0,4,3,8.0,6,7,7,2,2.0,7,1,2,3,5,4,4,2,1,3,3.0,1,1,4.0,4.0,5,0.0,0.0,2.0,2,5.0,4.0,1,1,2.0,2,3,6,1,1.0,1,0,0,0,0,0,0,0,0,0,0.0,0,0,0.0,0.0,0,0.0,0.0,0.0,0,0.0,0.0,0,0,0.0,0,0,0,0,0.0,0
94.5,-2.013179392037493,-0.1899343351089448,0.6519710804524289,0.758795334940779,-0.2932435742953928,-0.4335564185734515,-0.4473230836915528,-2.288898991461155,-0.4896407431130954,1.3746971367325025,1.1290414759873426,-0.7820652839556119,0.3249060947732333,-0.3305587394292071,1.1830347825218777,-1.3990286956323543,,0.0330904565435846,-1.2328023584824557,-0.4964621839582068,-0.174968623887055,-1.0374086462833505,0.9436310983742487,-1.0956306547164745,-1.7862735387615425,-1.3297525155386307,0.5717929920975342,-0.1414209122230874,-0.1376807331606696,-1.4089529661872504,-0.3670257641567238,-0.0305038954509542,0.1206715350009467,0.1316862252384698,-0.0517944561544406,-0.0612677034415459,-0.0829967320691005,-0.3903522437169328,-0.0915937866914646,0.2951730547230546,0.2410668692418692,-0.1769593739593739,0.0656038405608839,-0.0542276651273824,0.1877453391723516,-0.3050564158064158,,0.006926862026862,-0.230190253021832,-0.0903877671643353,-0.0276740062225356,-0.2093293972367501,0.1610155122655122,-0.1859990764739215,-0.3254385948588734,-0.2570705246250138,0.0902011866272701,-0.0255319125319125,-0.024504895104895,-0.2707878026170595,7,7,6,8,8,5,5,5,8,7.0,3,5,3.0,8.0,4,1.0,,9.0,7,9.0,9.0,8,6,8.0,5,7,8,8,8.0,6,6,4,5,9,8,10,6,8,7,5.0,4,5,7.0,9.0,5,6.0,,4.0,7,11.0,9.0,4,3,8.0,6,7,7,2,2.0,7,1,2,3,6,4,4,2,1,3,4.0,2,1,3.0,5.0,3,0.0,,2.0,2,5.0,5.0,1,2,3.0,1,2,5,1,1.0,1,0,0,0,0,0,0,0,0,0,0.0,0,0,0.0,0.0,0,0.0,,0.0,0,0.0,0.0,0,0,0.0,0,0,0,0,0.0,0
95.5,-1.0483004343439006,-0.0030474896368169,1.1317566521610658,0.5809064269652812,0.1931681385995469,-0.1676928789058572,-0.0216632960150294,-2.259209479408969,-0.3383184633473378,1.2088219304707222,1.457595510729078,-1.3179418489858414,-0.3510053378213242,-0.1123963128918011,0.0888381460191996,-1.6102825786172197,,-0.5342389220385061,-0.5024937816529507,-0.44907398284959,-0.3461285909395031,-0.0524007759822468,0.5029246977357474,-1.3911188078216996,-2.8515599656597415,-1.9524077742202284,-0.3463868849393324,-0.1420545466781859,-0.7699426805044198,-0.4184905634214778,-0.2121729465752685,-0.0005601610807492,0.219725394050394,0.1024721314375338,0.0331247960845484,-0.0269102497938041,-0.0040335595604945,-0.359164939412153,-0.0608927141142311,0.2487560906413847,0.3288201603951604,-0.2855281829281829,-0.0696285192877297,-0.0193448707590551,0.0134456147481689,-0.3614884572943396,,-0.1058283383283383,-0.0928431776084253,-0.0837259601337775,-0.0561353942926697,-0.0105163214236743,0.0976264735264735,-0.2414857862639596,-0.490325886231072,-0.3521630785451219,-0.0573273918290172,-0.0257134254634254,-0.1418279331779332,-0.08433504092227,7,6,8,7,8,5,6,6,8,6.0,4,4,4.0,9.0,3,0.0,,7.0,8,9.0,10.0,7,7,7.0,6,6,8,8,9.0,7,6,4,3,8,7,9,7,7,6,6.0,5,4,6.0,8.0,5,8.0,,4.0,8,10.0,9.0,4,3,7.0,7,6,6,2,3.0,5,2,2,3,5,4,4,3,1,3,4.0,3,0,2.0,5.0,2,0.0,,1.0,4,5.0,5.0,2,2,2.0,0,1,3,1,1.0,2,0,0,0,0,0,0,0,0,0,0.0,0,0,0.0,0.0,0,0.0,,0.0,0,0.0,0.0,0,0,0.0,0,0,0,0,0.0,0
96.5,-0.5140088118072512,-0.3008785442956497,1.1632382542996065,-0.8264315228670692,0.025185936673921,-0.0091604445576774,-0.8066872846200619,-1.3092964120459163,0.070706858622674,1.2312196670816964,0.762275113589374,-1.6151993787407144,0.1048356287286486,0.3451300183823861,1.0037326204332355,-1.6021846087038825,,-0.6080302129064102,0.2403805955253087,-0.1167127763093599,-0.9555540735533096,-0.0473519227450709,0.1526671521200341,-1.2980587104108243,-1.7532787698473882,-0.9677679529297202,-0.3205008707063977,-1.2248412491344678,-0.5889881990502412,0.3942674993767276,-0.0887952910093002,-0.059431225310637,0.2059590909090909,-0.164723194452606,0.0045036953242835,-0.001504626513837,-0.1485106901010926,-0.2053439969301425,0.0124871776486327,0.2268088781961073,0.1823103383544559,-0.3383888056388056,0.0207862779377485,0.0560190396503931,0.1630912632431207,-0.3710614418261477,,-0.126080142080142,0.0468517224624137,-0.0224457073628125,-0.1568927867711923,-0.0098143099074988,0.031907683982684,-0.2584918359418359,-0.343529755083238,-0.1716178618251373,-0.0513621746072984,-0.2259880896880897,-0.1081836163836163,0.0756906444862327,8,5,7,7,8,6,5,6,10,7.0,6,3,6.0,10.0,3,0.0,,7.0,9,8.0,10.0,8,6,6.0,7,7,8,7,7.0,7,7,5,2,8,5,8,7,7,7,8.0,5,4,4.0,9.0,6,8.0,,4.0,9,10.0,9.0,6,4,5.0,6,6,6,2,3.0,5,3,2,2,3,3,4,2,2,4,5.0,3,0,2.0,6.0,3,0.0,,1.0,6,5.0,4.0,3,2,1.0,1,2,3,0,1.0,3,0,0,0,0,0,0,0,0,0,0.0,0,0,0.0,0.0,0,0.0,,0.0,0,0.0,0.0,0,0,0.0,0,0,0,0,0.0,0
97.5,-1.3577740159257297,-1.3011077683817232,1.706788229371179,-0.1584512315020981,-0.3630591663037913,-0.1959780994568961,-1.189157989064835,-0.8231306299197443,0.0758739876491628,0.0964357504783394,0.1762405676698271,-1.948788890188808,1.697484625608734,-0.0785843376911323,0.015850227644163,-0.7387207007777669,,-0.584551372502828,0.253387660496879,0.3087022035164082,-0.4257047358941661,-1.0837631101416851,-0.4335768055603172,-0.2517693829698524,-0.6997517771552885,-0.2376274663325246,-0.0697952854234684,-0.5129514551779359,-0.5880319059475461,0.3680969349022985,-0.261846924532296,-0.2724747218467806,0.1859344488844488,-0.0318493596358921,-0.0663181894902483,-0.033727424106681,-0.2198778171261143,-0.135823465741345,0.0143891153823816,0.018147693646223,0.0410360409198644,-0.3952001196515902,0.2876182670270905,-0.0133089412823158,0.0029666494839869,-0.1671989933269345,,-0.1320213064713065,0.0476535035719278,0.0638874712920378,-0.0675136148834191,-0.2067073257581771,-0.0908279583161936,-0.0471248862248862,-0.1365387252840039,-0.0373949338587109,-0.0118671645348116,-0.0980830835830836,-0.1087498806748806,0.0723562281371879,9,6,7,6,8,7,6,6,10,6.0,6,2,8.0,11.0,2,1.0,,6.0,9,8.0,10.0,7,6,6.0,8,7,8,7,7.0,7,6,5,1,7,4,6,8,6,6,7.0,7,6,3.0,7.0,6,9.0,,4.0,9,8.0,11.0,8,6,5.0,7,6,5,3,3.0,5,2,1,1,3,2,3,2,2,4,3.0,3,0,3.0,5.0,2,1.0,,1.0,6,5.0,6.0,2,2,2.0,3,3,3,1,1.0,3,0,0,0,0,0,0,0,0,0,0.0,0,0,0.0,0.0,0,0.0,,0.0,0,0.0,0.0,0,0,0.0,0,0,0,0,0.0,0
98.5,-0.5480472266111228,-1.7533692006633836,0.8588865159225907,0.4617460906289247,0.4690427380564043,0.2463550518873378,-1.1304627854568654,0.6853926584277705,0.0977936310268751,-0.5654799901420966,0.1960863724173779,-2.0109041665218403,1.0847534213526486,1.4527636558041208,-1.2690996907576144,-0.5503084610773928,,-0.2480088280731224,0.9910161163932022,0.0963146212152627,-1.2150720101361172,-1.0396671373374444,-0.7749892475247342,0.5088144114845673,-0.6226189735620611,-1.0722292720080733,-0.3583611070333954,-0.6491078678849582,0.0529026323043634,0.6212597806052687,-0.0970692485618956,-0.3699956975429112,0.1121068209568209,0.0993675117366293,0.0828065823065823,0.0442210087384236,-0.2088428326403559,0.1281636735813206,0.0187240298487202,-0.1089621203959439,0.0481316698952922,-0.397043343910991,0.1618825896325896,0.2264366596853438,-0.2227693539029284,-0.1300329281829282,,-0.0603702852702852,0.1765251491183919,0.019138636458141,-0.2014070642161266,-0.207896725737283,-0.1778295707560413,0.0899018143621084,-0.119104653310226,-0.1758971286453484,-0.0622510249554366,-0.1326502275502275,0.0080169608169607,0.1279080133918368,8,6,7,6,8,7,6,6,8,5.0,6,1,8.0,10.0,4,2.0,,6.0,8,9.0,8.0,7,8,5.0,8,7,7,5,6.0,8,6,7,1,5,3,5,8,5,5,7.0,7,6,2.0,6.0,7,7.0,,6.0,10,8.0,10.0,8,6,6.0,7,6,6,4,3.0,4,3,1,1,3,2,3,2,3,3,2.0,3,0,2.0,6.0,2,1.0,,2.0,7,5.0,4.0,2,2,3.0,3,2,3,1,1.0,3,0,0,0,0,0,0,0,0,0,0.0,0,0,0.0,0.0,0,0.0,,0.0,0,0.0,0.0,0,0,0.0,0,0,0,0,0.0,0
99.5,-0.0637373077366328,-1.76219107305443,1.6340468160875858,-0.5537523033161436,-0.459682605017514,0.6542636726259743,0.1009773092547822,0.757516348135502,-0.7253081518758685,-1.2010718719917968,0.3763312505325849,-2.4420818955807815,-0.3963162444678836,1.2037827791488491,-1.3179543831413283,0.3341946298482826,,-0.7469148240301718,1.651045623373509,0.0732741853592506,-0.6316522248846504,-0.2886884972328132,-1.5184688487966933,0.9535661837837444,-0.8121697665578356,-0.9344187819490968,0.0624423786545566,-0.6142616113920809,-1.7339909489496093,0.9053646762075964,-0.0110270532958612,-0.3750085332795859,0.2588852203352203,-0.1143540903540903,-0.0961700077700077,0.1136180033159134,0.0187303931706407,0.1300219101847585,-0.1349217377479761,-0.2499260998805116,0.0938850188854832,-0.445167486271898,-0.0612196303696303,0.1928948743121343,-0.222951381059302,0.0726156371406371,,-0.1847878565878565,0.2994925966422265,0.0144015161137451,-0.111498979082493,-0.0659718850636807,-0.3476305971977798,0.1918905831097007,-0.1623825092004658,-0.1683767778832794,0.0109376466155104,-0.1278738983238983,-0.3061401542901543,0.1775508566596802,8,5,6,5,6,8,7,7,8,5.0,7,0,9.0,7.0,5,3.0,,3.0,9,9.0,8.0,7,7,6.0,9,6,9,5,4.0,8,5,7,2,4,3,6,8,6,5,7.0,8,7,2.0,5.0,9,7.0,,6.0,9,8.0,9.0,7,7,6.0,7,6,6,4,3.0,4,3,1,2,1,1,4,4,4,2,1.0,4,0,1.0,4.0,3,2.0,,1.0,8,5.0,4.0,3,1,4.0,3,2,4,1,0.0,3,0,0,0,0,0,0,0,0,0,0.0,0,0,0.0,0.0,0,0.0,,0.0,0,0.0,0.0,0,0,0.0,0,0,0,0,0.0,0
100.5,-0.4661228983863374,-1.553965198641486,1.4736883081333514,-1.687204016794356,-0.6899120186483066,0.3998293697862504,-0.7477639788861054,1.9741921082711495,-0.7341292015079485,-0.9959579839670556,0.6144891208127248,-2.4948910284568897,-0.4348102311265223,-0.5309926973640331,-0.3326424145522908,0.417284710969599,,-1.033404103575139,0.3254566358816713,-0.5777029027322333,0.8334066429434664,-0.2154812535030625,-2.1326326346684468,0.8527512388737537,-0.3963326246252296,-0.0906476177143384,0.3392281879320493,0.1502426196578206,-1.7152140225015278,0.8601832732483725,-0.0849677319412613,-0.3269200954102657,0.2546390248640247,-0.3052294316794316,-0.1630578284460637,0.0658030206549555,-0.1386942275045216,0.3482875502292685,-0.1301821484071483,-0.2282721580706874,0.1494024338406691,-0.4563048399141278,-0.0794688440644322,-0.084765002584275,-0.0577205247494015,0.091285631035631,,-0.2510645481969011,0.057831234343497,-0.1148229254921204,0.1430064224045648,-0.0435789265086479,-0.5187018176182263,0.1548251454427924,-0.0726402852651305,-0.0149717701631015,0.0607766302067386,0.0288661172161172,-0.2980421023421023,0.1713144363806128,8,6,4,5,5,8,7,7,8,5.0,7,1,9.0,6.0,6,4.0,,3.0,9,9.0,8.0,7,7,7.0,7,8,9,5,3.0,7,4,6,3,4,4,6,6,7,5,6.0,7,8,4.0,5.0,8,6.0,,8.0,9,9.0,9.0,7,7,8.0,7,7,8,5,3.0,4,2,1,2,0,1,4,2,6,2,1.0,4,0,2.0,2.0,4,2.0,,1.0,6,4.0,6.0,3,0,5.0,3,4,5,2,0.0,3,0,0,0,0,0,0,0,0,0,0.0,0,0,0.0,0.0,0,0.0,,0.0,0,0.0,0.0,0,0,0.0,0,0,0,0,0.0,0
101.5,-0.5167679301788777,-1.1756067683864817,1.4659902068500317,-1.445237757207401,-0.4973477652512883,-0.3754191668438609,-1.1054436320395034,2.0330223452812475,0.0467893326113076,-1.6411377773080251,0.3832734478245763,-2.416663891825329,-0.3655328277481673,-1.8960076023925725,-0.0389580995510454,0.2532267176452028,,-0.3745961007372162,-0.0503142274379864,-0.8490969465200232,1.226935661066228,-0.320667706909554,-1.2599890278895325,0.0973174428550869,-0.6366869016669252,-0.8365752472376513,0.3064816032770021,0.5198213865986308,-2.0976029896553765,-0.2353193311149282,-0.0804357368122074,-0.2365105807075621,0.2816610660581248,-0.2318661338661339,-0.1202686677701383,-0.0640663867865879,-0.1862627012993886,0.3444361200475987,0.0082534818123053,-0.3922709540459541,0.0926947790427666,-0.4572605218998408,-0.0681414641344207,-0.3128673706324635,-0.0065001267271188,0.0575905427905427,,-0.095261830979478,-0.0091647125062759,-0.1742790814706449,0.209926366633023,-0.0627883370413556,-0.2851570517116183,0.0176732364900321,-0.1181700431233713,-0.1436529867964852,0.0574728636774303,0.1058762737262736,-0.3894456220250338,-0.0432997659203541,7,7,5,6,5,6,7,8,8,4.0,7,1,8.0,6.0,8,6.0,,3.0,9,7.0,9.0,7,7,8.0,7,8,9,5,3.0,8,3,5,4,2,6,7,7,8,6,5.0,8,8,6.0,6.0,8,5.0,,8.0,8,8.0,9.0,7,8,9.0,5,7,7,4,4.0,4,1,1,3,0,2,3,2,7,3,0.0,4,0,3.0,1.0,5,2.0,,2.0,5,3.0,7.0,3,2,5.0,2,3,5,2,0.0,2,0,0,0,0,0,0,0,0,0,0.0,0,0,0.0,0.0,0,0.0,,0.0,0,0.0,0.0,0,0,0.0,0,0,0,0,0.0,0
102.5,-0.1418878740337449,-0.5626003931071861,1.1623204966602332,-1.78662405411763,-0.3304304297997184,-0.0917111069984927,-0.8748365944364133,1.1603427027356623,0.1485134883689906,-1.6897307744575525,0.8102813275217835,-1.3415482237739564,-0.0133640807109135,-0.4212739243962203,-0.5818523819650128,-0.0534247482934066,,-0.3724382460418382,-1.3216409131562072,-1.561978784488216,-0.1065013459440739,0.1864353658082133,-1.0758691114531247,-0.4221266776838835,-1.7823563786109338,-0.9270906086646132,-0.2420885904001424,0.5634565363140492,-2.421814252379415,0.8698346613150434,-0.0213806027306027,-0.1099023587523587,0.2261017846532552,-0.3169714618714618,-0.0847223344766688,-0.015698119699358,-0.1673700424016987,0.2047700358778835,0.0284833911530505,-0.3933095571095571,0.1963531152112422,-0.2510332017655547,-0.0024266136254527,-0.0715456289238797,-0.0945831368576084,-0.01169213009213,,-0.0926608175536193,-0.2242445473257391,-0.3215234520553406,-0.0186424094567283,0.0348852875194981,-0.2375717043104813,-0.0778136996818111,-0.3257480064053593,-0.1668511746337597,-0.0433297282095269,0.10535888000888,-0.4470482492997198,0.1657785900374134,7,7,4,6,4,6,8,8,8,4.0,6,3,8.0,6.0,8,5.0,,2.0,8,5.0,9.0,6,6,9.0,7,6,9,6,2.0,7,2,5,5,3,6,8,6,8,5,5.0,7,7,8.0,7.0,8,4.0,,9.0,8,9.0,9.0,7,8,8.0,3,6,7,4,5.0,4,1,2,3,0,2,4,2,6,3,0.0,4,1,4.0,3.0,4,1.0,,2.0,3,2.0,5.0,3,2,4.0,0,2,4,2,0.0,3,0,0,0,0,0,0,0,0,0,0.0,0,0,0.0,0.0,0,0.0,,0.0,0,0.0,0.0,0,0,0.0,0,0,0,0,0.0,0
103.5,-0.1345528434475027,0.0533726883678836,0.5667365006183872,-1.0442091523627248,-0.3408519509298451,-0.255611212586647,-0.1486312628861694,1.7508331338447334,-0.7503524914498741,-1.7695364349291285,0.6001875031867103,-0.7929362660982946,-0.618276511987632,-1.7297589799706985,0.4154742997475554,-0.1445329716882543,,-0.94965696322352,-1.6388542614973376,-1.9712603912383848,-0.9238272920017444,-0.4606974877421114,-0.5775651566772481,-0.1990937265846064,-0.7350641620963021,-0.1728573686601321,-0.0447419795753877,0.5735725755377634,-2.4808076416877953,0.4767489422738619,-0.0201739454989455,0.0095758196052313,0.1134860651989909,-0.1805705322455322,-0.0819362338384009,-0.0445575528825731,-0.0272663271884633,0.3146975502354692,-0.1502964744405921,-0.3848082874641698,0.141096187318014,-0.1447547830738234,-0.1069229272014236,-0.2873447570956287,0.0684410435827316,-0.0338360028860028,,-0.2437963766625531,-0.2888955320651141,-0.4079602614447816,-0.1604027409552951,-0.0872111521863069,-0.1301221392556532,-0.0367703223333254,-0.1290935657479775,-0.0295878706948365,-0.0079804923834335,0.1119269785769785,-0.447754945029171,0.0880713567478273,7,6,4,6,5,6,6,8,9,4.0,6,4,7.0,6.0,9,7.0,,1.0,8,3.0,9.0,5,6,8.0,7,5,8,7,4.0,7,2,4,6,4,8,9,5,8,7,6.0,8,8,9.0,8.0,8,3.0,,8.0,7,9.0,9.0,6,8,8.0,3,7,5,3,6.0,3,1,2,3,1,3,4,2,7,3,0.0,4,2,4.0,2.0,6,1.0,,1.0,2,1.0,4.0,2,3,4.0,1,3,3,2,0.0,2,0,0,0,0,0,0,0,0,0,0.0,0,0,0.0,0.0,0,0.0,,0.0,0,0.0,0.0,0,0,0.0,0,0,0,0,0.0,0
104.5,1.018664961791058,0.0308557837105804,-0.7970214441107907,-1.4921950891989435,0.1048123682617234,0.487108803962392,-1.7597571417016091,1.7924193965649942,-0.49686577435308,-1.852644960248132,0.2071069276599923,-0.0928330828166524,-0.5845569093504692,-1.5153417244500464,0.5106350066706855,-0.3483069258503242,,-1.1790895986592222,-0.8699976359662526,-2.827284083196211,-1.206010363084021,-0.0447195410333974,-0.5041421368042985,-0.6452085538634549,0.8058430779198885,1.3620160036403524,-0.7671935438228025,1.4411289420439028,-1.3087862730742983,0.4618777255282149,0.1716666185122067,0.0060546737576149,-0.1591445261910432,-0.275416190345602,0.0233719044801087,0.0870016357739267,-0.295950256279668,0.3304258916779814,-0.0974167837322636,-0.3820126455244103,0.0487420439295826,-0.0186081433530349,-0.103629672526065,-0.2585027054472874,0.0847553361077085,-0.075348223998224,,-0.2944158830505579,-0.1569210370726624,-0.5710187424804298,-0.2131999345082162,-0.0089285812226988,-0.1143341595538964,-0.1127811990984592,0.1242558980235451,0.2405964610638759,-0.1332616736204971,0.2791525918525919,-0.2371710033430621,0.0858935151449857,5,6,5,6,6,7,5,7,7,3.0,6,5,6.0,9.0,9,6.0,,2.0,8,2.0,7.0,5,6,6.0,7,6,7,6,5.0,7,3,4,7,6,8,8,3,7,7,6.0,7,8,10.0,8.0,8,4.0,,9.0,7,9.0,9.0,5,8,8.0,3,7,5,2,5.0,3,2,2,2,1,4,5,0,6,3,0.0,3,3,4.0,3.0,6,1.0,,1.0,3,0.0,3.0,2,3,3.0,2,5,2,2,1.0,2,0,0,0,0,0,0,0,0,0,0.0,0,0,0.0,0.0,0,0.0,,0.0,0,0.0,0.0,0,0,0.0,0,0,0,0,0.0,0
105.5,0.4673166248507808,-0.0279675237959048,-1.1021908643902911,-0.9456080971925226,0.6425353839024518,0.1721048150768838,-2.053223624854556,1.0098568343572984,-0.522461250173436,-0.8587589012337554,-0.3802458481838041,-0.2699843879553264,-1.002842621845901,-1.8492625968559488,0.3022643267168476,0.5971661465203688,,-1.1444136572228931,0.3481666475426646,-2.8269902039058494,-1.8797038754852775,-0.6299888064393372,-0.0477398239962861,-0.238292423607929,0.3993232713329119,0.6035152533434218,-1.3626863775249614,0.7808166419326352,-0.7112614093529844,-0.6340808167912853,0.0801345672817034,-0.0056487390146833,-0.2279273733662278,-0.1689144605394605,0.1223777180851484,0.0310489505764273,-0.3611889904213433,0.1784610388321688,-0.1006970453523085,-0.1948109519565402,-0.0870374857168974,-0.0520144049191262,-0.1837135148932968,-0.3116849090907747,0.0502675059341131,0.123160434010434,,-0.2891345205448146,0.0610411803796477,-0.5716589814296471,-0.3227136288032572,-0.1183225193107546,-0.0107147086745384,-0.0452212750527766,0.0640107887210828,0.1079177589180685,-0.2371187276775511,0.1204143578643578,-0.1291077758842464,-0.1188692994913583,6,6,6,7,8,7,6,8,7,3.0,6,6,5.0,9.0,9,6.0,,3.0,8,0.0,6.0,3,7,5.0,8,6,6,7,8.0,7,5,6,7,7,9,7,4,5,7,6.0,7,8,9.0,9.0,7,5.0,,8.0,6,9.0,9.0,5,8,8.0,3,7,5,1,5.0,3,3,3,2,2,6,4,0,4,3,1.0,2,3,3.0,3.0,5,2.0,,1.0,4,0.0,2.0,1,4,3.0,2,4,1,1,2.0,1,0,0,0,0,0,0,0,0,0,0.0,0,0,0.0,0.0,0,0.0,,0.0,0,0.0,0.0,0,0,0.0,0,0,0,0,0.0,0
106.5,-0.204050036146945,0.3087992749541059,-1.9548491268290111,-0.5672937304947473,0.2759803474614394,-0.1111009851914717,-0.661848103266403,0.9341073718848096,-0.1536515087632788,-1.1144574102949634,0.2293802670385376,-0.1448060710006653,-0.885500204056252,-1.8190570269743376,-0.4056070464123712,1.8504597975860355,,-1.6745547701328298,-0.1273904789564657,-1.1384768064000024,-1.1047754723340886,-0.3746805540203032,-0.539276708586066,0.0913356216003746,0.6324787296202213,0.0951255647152426,-0.3046835151765253,0.7323229871077379,-0.8902998846186811,-0.6030905107052958,-0.0382238921896816,0.0622288817391758,-0.3940966415163783,-0.1008366547796889,0.051991200431835,-0.0214275778744819,-0.1326737556561086,0.156982552432088,-0.0284975836255247,-0.2407656226126814,0.0541780929854459,-0.0281893105260752,-0.1649337412889978,-0.313497323332954,-0.0646929769408736,0.4298339493839494,,-0.4111853701853701,-0.0226908343290695,-0.2247974172112717,-0.1956024615391488,-0.0780879465305935,-0.1232292766057471,0.01800082222559,0.1053811324296618,0.0175381862719323,-0.0511599540981894,0.1173415584415584,-0.1626390756302521,-0.1159555999555999,5,7,7,7,8,9,5,6,7,3.0,6,7,5.0,10.0,8,6.0,,4.0,7,2.0,7.0,3,5,4.0,8,7,7,7,8.0,7,7,7,7,7,8,5,4,5,6,7.0,7,7,9.0,9.0,7,5.0,,6.0,6,9.0,9.0,4,6,7.0,4,7,5,1,6.0,3,3,4,1,3,5,3,1,3,3,1.0,3,3,3.0,3.0,4,4.0,,0.0,3,2.0,3.0,1,2,3.0,3,4,2,1,2.0,1,0,0,0,0,0,0,0,0,0,0.0,0,0,0.0,0.0,0,0.0,,0.0,0,0.0,0.0,0,0,0.0,0,0,0,0,0.0,0
107.5,1.138385522960478,0.2801208456438421,-1.7949162398132985,0.5571910432199544,-0.0854240648707291,-0.7441411149714127,0.4512052203970796,-0.7118576863487972,-0.8933533055841301,-1.1902504039247277,0.0874363383050478,0.1094034865478691,-1.4679580359051252,-2.331800208863779,0.0692596735539191,1.585579349453382,,-1.5094368672304013,0.6553245918590207,-0.0590630111407821,-0.0384880421261913,0.6295629137448558,-0.6909413082129567,0.675757076842294,0.3032437456414331,-0.1243169568309314,0.2241479424589415,1.197709702662407,-1.0465064927177068,-1.7407996336907583,0.2084746830311072,0.0597004900929822,-0.3563839742472869,0.1007288614464311,-0.0147366449511959,-0.1400207200522216,0.0891780812324929,-0.1236036118765995,-0.1605633105886202,-0.2426945575666164,0.0198169596829039,0.0200034334946099,-0.2725894722834484,-0.3861322977369618,0.0105041081893384,0.3689533022533023,,-0.3406806249306249,0.1105195403323886,-0.0116078939636214,-0.0070643983209771,0.1280402115857998,-0.1410481190378249,0.1395459346209346,0.0490560760017416,-0.0236415736138646,0.0399385480532539,0.1568007215007215,-0.1838552077609353,-0.3729675835602306,6,6,7,7,8,9,5,4,7,4.0,5,6,4.0,9.0,8,7.0,,6.0,9,3.0,6.0,3,7,4.0,7,8,7,8,9.0,5,7,7,7,8,9,5,4,4,6,7.0,8,7,9.0,9.0,8,7.0,,5.0,5,8.0,8.0,5,6,6.0,5,7,5,1,6.0,4,5,4,1,5,5,2,2,1,2,1.0,3,3,2.0,2.0,5,5.0,,0.0,4,3.0,4.0,2,2,3.0,3,4,3,1,2.0,0,0,0,0,0,0,0,0,0,0,0.0,0,0,0.0,0.0,0,0.0,,0.0,0,0.0,0.0,0,0,0.0,0,0,0,0,0.0,0
108.5,0.3718110657473999,0.7173435242526536,-1.8014087756667665,-0.1891810557002417,-0.1118119726382896,-0.298707949860531,0.4740548199947514,-2.048589748820619,-0.6155816514137977,-1.11168736750578,-1.1307095149332111,-0.1310768530744021,-1.2224277690713192,-1.5857460449061984,-0.5944706994454605,1.8527623834709277,,-0.6708029436199578,0.5297112647593192,-0.0890930229750569,0.9195077409924738,0.9813142927018416,-1.4878938036709737,-1.075291745424245,-0.6712868110655097,-1.2835819620152786,0.5610357159332109,,-0.3341929356222102,-2.204761074794136,0.0675326330532213,0.1530483508665396,-0.3365041875135528,-0.0346474606404946,-0.0175006697722641,-0.055119312782161,0.093675904229929,-0.3742862338555837,-0.1129169235047718,-0.2320169732228555,-0.2515354793898912,-0.0251122127872127,-0.2491654310258026,-0.277356408709969,-0.0892790640208865,0.4348304652863476,,-0.142438023088023,0.0859900621308516,-0.0171021904737849,0.1716872414393311,0.1934472000222,-0.2901064562888092,-0.2140565783889313,-0.1136519431291103,-0.2468890045283234,0.1007825035645469,0.0,-0.0646925727780991,-0.4474745807597975,6,6,8,7,8,10,7,4,6,4.0,5,6,4.0,9.0,9,7.0,,8.0,9,4.0,6.0,5,6,4.0,7,9,7,8,8.0,4,7,6,6,8,9,6,5,4,6,7.0,7,5,8.0,7.0,7,8.0,,4.0,6,8.0,8.0,3,6,5.0,5,6,6,0,6.0,6,4,4,1,4,5,3,3,0,2,1.0,1,2,2.0,2.0,4,6.0,,1.0,4,3.0,5.0,2,1,1.0,2,2,4,0,3.0,0,0,0,0,0,0,0,0,0,0,0.0,0,0,0.0,0.0,0,1.0,,0.0,0,0.0,0.0,0,0,0.0,0,0,0,0,0.0,0
109.5,0.1409874212678941,0.8512635626428927,-1.3120225469987117,0.9308082508764878,-0.1241171579282366,-1.4562142918940173,0.449109670818979,-0.8538507663776639,-0.300753306925422,-1.2899797545379046,-0.2712181400948994,-0.5424894015366921,-1.2969321565971534,-2.254800256730101,-0.2957870260995277,1.859364240091252,,-0.1040293619650297,-0.4097277418233579,0.0113210366321431,1.6072031782813785,0.709359943689867,-1.69961606301445,-0.4737382898375945,-1.9407905451310052,-1.362958249633441,1.109544848446154,,-0.3089660651045944,-2.4529472071708898,0.0243487447794723,0.1672995076732694,-0.2399386216724452,0.1802492350614641,-0.0201669264601928,-0.2907614269373557,0.0902020989244672,-0.1495045670016258,-0.0581143950390855,-0.2776597365053247,-0.0587835607203254,-0.1013919802419802,-0.2599449267278988,-0.3668291268930588,-0.0460379756268469,0.4402182151182152,,-0.0222369297369297,-0.0708294924202045,0.002121861385948,0.299101306012529,0.138689022089022,-0.306851464058817,-0.0921507347227935,-0.3281720036327621,-0.2483527156795732,0.1955902198163034,0.0,-0.0601211661489525,-0.5006100002680498,7,7,7,7,8,8,7,5,8,5.0,4,6,6.0,9.0,8,7.0,,9.0,8,5.0,8.0,6,7,5.0,6,9,8,8,8.0,4,7,6,5,7,9,5,7,4,6,7.0,7,4,8.0,6.0,7,6.0,,4.0,6,7.0,8.0,3,6,6.0,7,6,6,0,6.0,7,4,4,1,5,5,1,4,1,3,1.0,2,1,2.0,1.0,4,5.0,,2.0,3,3.0,7.0,2,1,2.0,1,2,5,0,3.0,0,0,0,0,0,0,0,0,0,0,0.0,0,0,0.0,0.0,0,1.0,,0.0,0,0.0,0.0,0,0,0.0,0,0,0,0,0.0,0
110.5,-0.1191059498419315,0.2707229456821912,-0.7180107812939167,1.2719807599446846,0.6499288173582055,-1.114685560807531,0.9404994444584558,-1.491016110964756,-0.2806061859369017,-1.243932124762181,0.0824207875603097,-0.3317464368149925,-0.9538818811352124,-0.4852877290346244,-0.6260547146961293,2.055179578013437,,0.6951804678426514,-0.8567863415557548,0.3254902277893393,1.54509052428406,1.1448802439575343,-1.002445279005657,-0.0264962989386931,-0.9263787026709398,-0.9294366531320548,1.3795695954293583,,-1.1833317065316526,-2.544220236314897,-0.019438512914674,0.0504677323192803,-0.1273936452436452,0.2722417045544755,0.1132108755967117,-0.2090733035282571,0.1872590787351623,-0.2561097937666049,-0.0554593934617154,-0.2663199594523124,0.0175004696284107,-0.0665223498723498,-0.1843442152962277,-0.0766556564350681,-0.0989562449436416,0.4663792818292818,,0.163855439005439,-0.1597559529479808,0.0643324593535119,0.2798996530731051,0.2109312853812854,-0.1894560194707252,-0.0052199496581848,-0.1676721778737258,-0.1655797634683857,0.2357919565728389,0.0,-0.2417449526737454,-0.5012212821148581,6,8,7,6,8,8,7,4,8,5.0,4,6,8.0,10.0,10,7.0,,10.0,6,7.0,9.0,7,7,7.0,6,7,8,6,7.0,3,6,5,3,7,9,6,6,6,6,7.0,6,3,8.0,5.0,9,6.0,,5.0,6,7.0,8.0,2,6,6.0,6,6,6,0,7.0,8,3,3,1,5,6,2,4,1,3,1.0,2,1,3.0,3.0,5,5.0,,4.0,2,4.0,7.0,2,2,3.0,2,2,5,0,2.0,0,0,0,0,0,0,0,0,0,0,0.0,0,0,0.0,0.0,0,1.0,,0.0,0,0.0,0.0,0,0,0.0,0,0,0,0,0.0,0
111.5,0.000163150369386,-0.4644674077675139,0.0570477889770906,1.4910308537413477,0.440747270008563,-1.7145237905127135,1.6589998170686195,-0.2646859414738827,-1.2610003031035744,-0.9837028261713204,-0.1838666442897173,0.5347934918737318,-1.558256811240016,-1.119887074358506,0.4599254799282626,1.349745751065324,,0.4211810033612112,-0.580471803380733,-0.8516228014572027,1.6817700155884654,-0.1104099770829823,-1.1490684266882083,0.4861540080286862,-0.7801947057721312,-1.1971767656368082,0.7983148091502046,,-1.0134565852265118,-1.652654775043906,3.0418918886443436e-05,-0.0794157522817738,0.0087329392829393,0.348643744181515,0.0756147490022878,-0.3042812714203581,0.3189824318440418,-0.0444073241000485,-0.2442716411297679,-0.239115243090243,-0.0424100510600511,0.1003124486624487,-0.3017796964387521,-0.1865068188948994,0.0747405763464486,0.3213219835719835,,0.0990003315312139,-0.1100597864296006,-0.1723716383289913,0.297601688842633,-0.0193370962370962,-0.1964132819880497,0.1036200812259636,-0.1403732673587162,-0.20560256670574,0.1318664726484386,0.0,-0.1994441899002271,-0.332816424957911,6,8,6,7,6,7,6,6,7,5.0,3,6,10.0,9.0,11,6.0,,10.0,7,8.0,10.0,7,8,8.0,5,7,7,6,7.0,3,6,5,2,7,9,8,5,7,7,6.0,4,4,7.0,5.0,9,4.0,,8.0,7,6.0,9.0,2,8,6.0,6,6,6,0,7.0,8,3,2,1,6,5,2,4,3,2,1.0,1,2,2.0,2.0,7,3.0,,5.0,3,2.0,8.0,1,3,4.0,2,2,4,0,2.0,1,0,0,0,0,0,0,0,0,0,0.0,0,0,0.0,0.0,0,1.0,,0.0,0,0.0,0.0,0,0,0.0,0,0,0,0,0.0,0
112.5,-0.8084250640376223,-0.5147194310991257,1.1272291493414723,1.2116206513710692,1.333303971432562,-0.8527508749248499,1.6753175992778266,0.2517616481182416,-1.255025797952314,-1.0015366419999034,0.5714029075447211,0.6766089823608749,-0.99671943045208,-0.1906301488161963,0.9127228125907368,1.6788476982383411,,0.3764399683757695,-1.4423050122833023,-1.6658950469502345,1.0126311321401762,-0.9402163135886124,-1.3868371200491283,-0.1914393409739353,-0.280619731439898,-1.300041630579324,-1.0460155013376558,,-0.8945989414065043,-0.8172817066212367,-0.1601055556844256,-0.0917972426266543,0.1465476134976134,0.2841832262508733,0.2271166400678784,-0.1520824435114548,0.3178123972948277,0.0428413306421819,-0.2480952516523724,-0.2243647852147852,0.1246147019647019,0.1468912531912531,-0.184670305262333,-0.0322080728524999,0.1559085565819142,0.3773142135642136,,0.092011506622033,-0.2735854048600178,-0.3382398980104862,0.1677736352484805,-0.1396175491175491,-0.2247382520987785,-0.0393617905228587,-0.0474980323254317,-0.2326166263732828,-0.179129787970887,0.0,-0.1742259978325767,-0.1652204870980412,5,9,6,6,6,6,6,7,7,5.0,4,5,10.0,9.0,10,5.0,,8.0,5,8.0,9.0,8,7,8.0,5,7,6,5,6.0,4,6,4,1,5,7,9,5,7,7,6.0,2,4,7.0,7.0,8,2.0,,9.0,8,6.0,9.0,1,9,8.0,7,7,6,0,7.0,8,2,2,1,4,5,3,4,4,2,1.0,1,2,3.0,4.0,7,2.0,,5.0,2,1.0,7.0,0,3,4.0,3,2,2,0,2.0,2,0,0,0,0,0,0,0,0,0,0.0,0,0,0.0,0.0,0,0.0,,0.0,0,0.0,0.0,0,0,0.0,0,0,0,0,0.0,0
113.5,-0.0791075605907674,-0.1983914498576794,-0.8241514369709119,1.248834739751295,-0.0161124850026192,-0.2445857412623389,1.2718050779963848,1.08979673956273,-0.4982104789370671,-0.6100957013479387,0.8368491344306059,0.9342421566143518,-0.5165782838960065,-0.3548576408966774,0.2635601835926688,1.3555499357383796,,0.082387147279917,-1.3885154246242637,-1.5185646253669258,0.7476894501755164,-0.946562502528282,-1.378769830631678,0.8523341545707585,-0.1853346396032353,-0.6981278878012872,-1.3038929362122702,,-1.7311179582668454,-0.1290215675682045,-0.0151026459007109,-0.0361749497234791,-0.1015211899211899,0.2862238351517763,-0.0030531748866887,-0.0442281865193631,0.2289284406082393,0.1856767938717629,-0.0983329474189381,-0.1287925213675214,0.1784953046953047,0.2104923964923964,-0.0982323963274429,-0.0601728771400597,0.0434148003577314,0.2757404761904762,,0.0195132659995663,-0.240315795148451,-0.2953659659741703,0.1253940180734298,-0.1374973193473193,-0.2206165250126551,0.1513940296803301,-0.0325830327395342,-0.1318230534085797,-0.2220711879967297,0.0,-0.3287743851693542,-0.0261985325647864,6,9,5,6,5,7,6,7,8,4.0,3,5,11.0,10.0,8,4.0,,6.0,4,9.0,9.0,7,7,8.0,5,7,7,5,6.0,6,6,5,1,5,7,8,6,7,7,5.0,2,5,7.0,8.0,9,1.0,,10.0,9,8.0,9.0,1,10,9.0,7,7,6,0,7.0,7,3,3,0,4,3,4,4,5,3,1.0,1,3,4.0,5.0,6,1.0,,4.0,2,2.0,6.0,0,3,6.0,3,3,2,0,1.0,3,0,0,0,0,0,0,0,0,0,0.0,0,0,0.0,0.0,0,0.0,,0.0,0,0.0,0.0,0,0,0.0,0,0,0,0,0.0,0
114.5,-0.926291814820766,-0.6884376755024861,0.0573990131435878,0.4696017427971353,0.0981397570993446,0.3298846929028489,1.1751441757402996,0.7533651295355712,-0.958834385868549,-0.0331783506154899,-1.051785285992405,1.6992307769251374,0.0727094106643424,-1.411017113596297,0.342920997922604,1.2357446483760015,,0.0968506888813282,-1.012998346700052,-1.7184064787381987,0.044176235309016,-0.6635965835406482,-1.8708178529735455,0.1920380834792299,0.3441443043924332,-0.7172429092092287,-1.7501557183006882,2.55227358074358,-2.5897040478661135,0.2398761834927355,-0.1811977694647973,-0.1242096690890808,0.0096022699522699,0.0982734985602632,0.0216219281492501,0.0569868978511056,0.2210747193724747,0.1283260066644742,-0.1856107628010104,-0.0076027861027861,-0.2156423576423576,0.342692184286302,0.0136246670941717,-0.2263197705492934,0.0557756607057858,0.2685293650793651,,0.0232521635227517,-0.1871167657505893,-0.3299855190646986,0.0070461931171683,-0.1305803751803751,-0.3019919353092728,0.0352012172038487,0.0617141066621718,-0.1400823717733934,-0.3095534676108206,0.3342330447330447,-0.5025814950873,0.0498377020897918,6,8,6,6,6,6,6,7,7,4.0,3,6,11.0,10.0,8,4.0,,4.0,4,10.0,9.0,8,6,8.0,6,8,7,4,6.0,6,6,7,2,5,6,9,6,6,6,3.0,2,7,7.0,9.0,9,1.0,,8.0,7,8.0,8.0,3,10,9.0,7,7,5,1,7.0,6,2,3,1,3,3,5,4,4,2,1.0,0,5,5.0,4.0,6,1.0,,3.0,2,2.0,5.0,1,2,5.0,4,3,1,1,0.0,3,0,0,0,0,0,0,0,0,0,0.0,0,0,0.0,0.0,0,0.0,,0.0,0,0.0,0.0,0,0,0.0,0,0,0,0,0.0,0
115.5,-0.3124677185727038,-0.5103436996995171,0.5661148885829529,-0.6623236717662356,-1.1529591987924075,-0.2061054866708742,0.6222077484161557,1.903575109827638,-1.8743138179566352,-1.4408659443615373,0.2785370178321683,2.066837423956356,0.6315953067251483,-1.9723509206617635,0.2146782670579878,,,-0.9088557378173584,-0.6537922680615318,-1.698537185178813,-0.6257857215219972,-1.025318403811513,-2.7245895546858834,-0.0954290496794679,-0.0674064286904318,-1.7741645587716015,-1.0263953604130915,1.2369027802710644,-2.3198236446856972,0.5776545069346646,-0.0599187214316471,-0.0959922505427149,0.1126329143079143,-0.123874215163921,-0.2516442931251755,-0.0349937969069413,0.1145678887503965,0.3260744445784694,-0.3753017025544115,-0.3022324342324342,0.0593819347319347,0.3970078715402244,0.1202551475442341,-0.2951582453908843,0.0346490769722194,0.0,,-0.2101642158495099,-0.1097371002922085,-0.3503259435095348,-0.0950262293004553,-0.212386178527355,-0.4459931941123892,-0.0179780771000586,-0.0124714678939911,-0.3302015884012788,-0.1782329257258049,0.2044479797979797,-0.4868722416472416,0.1150664043472867,7,7,6,5,5,5,6,8,8,4.0,3,6,9.0,8.0,7,4.0,,2.0,5,10.0,8.0,8,5,7.0,7,8,7,5,6.0,6,6,7,3,6,5,9,7,5,7,4.0,3,8,5.0,9.0,8,0.0,,7.0,8,8.0,9.0,4,9,8.0,8,8,6,1,6.0,6,3,3,2,2,1,4,4,5,1,0.0,1,6,4.0,3.0,5,0.0,,1.0,3,2.0,4.0,1,1,4.0,4,2,2,1,0.0,3,0,0,0,0,0,0,0,1,0,0.0,0,0,0.0,0.0,0,0.0,,0.0,0,0.0,0.0,0,0,0.0,0,0,0,0,0.0,0
116.5,-0.2536502804296026,-1.1515535466867628,0.699035729980179,-3.15322396404113,-1.3406544594885632,0.7128235551965741,0.7094203108781039,1.6564884523720147,-1.1440994580095338,-0.4935010376347052,-0.1914967867604291,1.1637494346629291,0.8437717161225025,-1.0031428859002582,0.7235522006532608,,,-1.6818709791933784,-1.5352822816109195,-1.2779910916981951,-1.4683365696983528,-0.4300663166464044,-1.984927831424635,-0.655187102307997,-0.3438409358475524,-1.1734262301613885,-0.5980044867184299,1.314177593227244,-2.328270673052248,-0.3190249883771104,-0.0465819048598459,-0.2163453190428422,0.1446579487505957,-0.4926959969768793,-0.2873022619537325,0.1298222716003877,0.1320779742101723,0.2803368425691955,-0.2175360936277345,-0.1036293095793095,-0.0422388333888333,0.2144109470680678,0.1559756238000046,-0.164434813363451,0.1176572449744808,0.0,,-0.3770442335442335,-0.2520946936706225,-0.2663391801181274,-0.229955424623536,-0.0959072337792926,-0.3751187005976479,-0.1235937735209407,-0.0626060423236893,-0.2268447831408357,-0.0975655403506023,0.2083153679653679,-0.4852724595665772,-0.0633704249998367,7,6,7,4,7,5,6,7,8,4.0,3,7,8.0,6.0,7,3.0,,1.0,4,9.0,8.0,7,4,5.0,8,8,8,5,5.0,6,4,7,4,6,5,9,7,3,7,4.0,4,8,5.0,8.0,9,0.0,,5.0,8,9.0,9.0,5,8,9.0,8,6,6,1,6.0,5,2,2,3,0,1,5,4,3,2,1.0,1,5,4.0,3.0,6,0.0,,0.0,2,3.0,3.0,2,1,3.0,4,2,3,1,0.0,2,0,0,0,0,0,0,0,1,0,0.0,0,0,0.0,0.0,0,0.0,,0.0,0,0.0,0.0,0,0,0.0,0,0,0,0,0.0,0
117.5,0.4891615935483051,-0.6957007382697032,-0.2129933372069308,-3.477875964031677,-1.700895420771852,0.0224148146367737,0.45670307828039,2.0265650864988016,-0.1698083689695506,0.7094486774946704,0.3393148092695371,1.0507333785653268,-0.3845164218951286,-2.189843162836837,0.1917369357279587,,,-1.5112824456703118,-0.8128978599683786,-0.2781348101048422,-1.468825711395407,-0.9652372683821886,-0.965639477473482,-0.4589797137480016,-0.0497230968202319,-0.4686214668228959,-0.0588024951718262,-0.1053105282624947,-2.3709681964408533,-0.4673988171188128,0.0916236195177372,-0.1384846545181684,-0.0419815882260153,-0.5463922858531218,-0.3575261824346964,0.0038724293452319,0.0855500828291075,0.3461302178213942,-0.0317801414873396,0.1497246309246309,0.0751739894092834,0.1738820072772085,-0.0620196220016653,-0.3727201850265317,0.0307696835769187,0.0,,-0.3324596903096903,-0.1397121029125673,-0.0568927641587858,-0.2785687357620021,-0.1969829994309095,-0.1913747248365669,-0.0930112839860517,-0.0090159261704927,-0.0828147658756792,-0.0098122105019163,-0.0223009046509046,-0.4814293883962615,-0.0863014476235838,8,7,7,4,7,5,7,6,8,4.0,3,7,8.0,6.0,8,4.0,,0.0,3,9.0,7.0,6,5,5.0,8,7,8,5,5.0,6,4,7,6,8,7,9,7,3,6,4.0,6,9,6.0,7.0,8,0.0,,4.0,7,10.0,8.0,7,7,8.0,7,5,5,3,6.0,6,3,3,3,0,1,4,4,3,3,2.0,2,5,3.0,1.0,5,0.0,,0.0,2,5.0,2.0,2,2,3.0,4,2,3,1,0.0,2,0,0,0,0,0,0,0,1,0,0.0,0,0,0.0,0.0,0,0.0,,0.0,0,0.0,0.0,0,0,0.0,0,0,0,0,0.0,0
118.5,-0.4706612391521112,-0.9622777715754104,0.3344295436116401,-3.245465626043665,-2.416486076557847,-0.3821655375436209,0.7033592043502561,0.4721562389510568,-0.6370656242600383,0.6752841941783506,0.156025410287103,0.3163974162928052,-1.9023940950527352,-2.55176099695636,1.290707445678472,-0.4711724067494527,,-1.2144250094310554,-1.9638357331824092,-0.4446647348881565,-1.728050020157747,-1.319428311714408,0.2473589536685715,-1.7165648084575174,0.72111644827425,-1.2753422327385209,0.376020947525479,1.075072815724382,-1.9731581219078256,-1.2273405427088546,-0.0827196750961457,-0.1899471264975135,0.0666896631060717,-0.5658544869904777,-0.4955154394539069,-0.0660856057255437,0.1317267743006907,0.0796647772162478,-0.1219920343760126,0.140657385261797,0.0369866246498599,0.0567875506072874,-0.3347572503348045,-0.411777847101299,0.2111517774122498,-0.0852325396825396,,-0.2304861638361638,-0.3396007568626764,-0.0976695935471476,-0.315879747600181,-0.258344774729914,0.0563764284734872,-0.3623607290714102,0.1396237598658651,-0.211889091833519,0.0669213289118861,0.2415198135198135,-0.3936455856235268,-0.2466782025164378,8,7,8,5,7,4,6,7,8,5.0,3,7,6.0,6.0,8,3.0,,0.0,3,8.0,6.0,5,5,4.0,7,5,8,6,4.0,6,4,6,6,8,6,8,7,3,5,6.0,6,8,6.0,7.0,7,1.0,,3.0,8,9.0,9.0,9,6,8.0,6,5,6,4,5.0,5,2,2,4,0,0,3,4,2,2,3.0,2,4,1.0,1.0,6,0.0,,0.0,1,4.0,2.0,2,3,1.0,4,1,4,3,0.0,1,0,0,0,0,0,0,0,1,0,0.0,0,0,0.0,0.0,0,0.0,,0.0,0,0.0,0.0,0,0,0.0,0,0,0,0,0.0,0
119.5,-0.4906537660875806,-0.3866882016904139,1.0291104042774415,-3.0568444458191193,-1.8350764466280884,-0.6255913472323783,1.0883023819281084,-0.0876030010191613,0.1007565207860024,1.5248116913144922,1.0882213694175031,0.0709401565094317,-2.560939905443687,-0.8478706985684171,0.7611199903651598,0.5772344153053014,,-1.0813605566490363,-1.636796268555595,-0.222392860299973,-2.532690816651873,-1.834562769451505,1.393445960471705,-1.3883873822506043,1.1553594107452934,-1.5634110683276077,0.536464553980137,-0.0212143031479284,-1.6190003327596312,-1.8387883231053312,-0.085306949199751,-0.0771706081500199,0.1969790056606619,-0.5449836235316111,-0.3522021684369982,-0.1241551887053435,0.2134410447309828,-0.015091465680862,0.0184155998885874,0.3206662267471091,0.2636916021886609,0.013541603984251,-0.5035864436732858,-0.1388233754549544,0.1259794586035701,0.1237176046176045,,-0.2048480519480519,-0.2874507152290434,-0.0480958222462092,-0.4776437926194893,-0.366819099072582,0.2763029382382324,-0.2899801024139259,0.2096340399796282,-0.275818876591245,0.0935145674500937,-0.0045799284049283,-0.3158146464646465,-0.3356252197063342,7,8,7,5,7,5,6,7,9,6.0,3,6,5.0,7.0,7,3.0,,0.0,4,8.0,6.0,4,5,5.0,6,6,8,6,5.0,4,5,4,7,9,7,6,6,4,5,7.0,6,7,7.0,7.0,7,3.0,,2.0,9,8.0,9.0,8,6,6.0,4,5,7,5,3.0,7,2,2,5,0,1,2,4,2,3,5.0,3,3,0.0,3.0,5,1.0,,0.0,2,4.0,1.0,1,4,1.0,3,1,5,2,0.0,1,0,0,0,0,0,0,0,0,0,0.0,0,0,0.0,0.0,0,0.0,,0.0,0,0.0,0.0,0,0,0.0,0,0,0,0,0.0,0
120.5,-0.9777631613044592,0.1278319346780803,0.5976627586142849,-2.970464215928609,-1.205809410803626,-0.5320913696403486,1.106289819920208,-1.280183721663021,1.3281099627636683,2.1972927447136077,0.0642538372866878,0.0271959129973232,-2.920308944480945,-0.0117302766753246,0.3363832067910052,-0.1453366413812368,,-0.7892515931179166,-0.9313451665534948,-0.1708572989327591,-1.0978889621511072,-1.792081631614474,1.7004141816881526,-1.4819829408787246,1.80213051147285,0.7434810883926305,0.4416178616436979,-0.3323336330684683,-1.7012554572331755,-1.893216967064392,-0.1629153950109059,0.0222287379287379,0.1064560092556222,-0.5651876494076957,-0.2528064873465028,-0.1074833903025079,0.2138103135512578,-0.2227169311510642,0.2335120430481111,0.4147585266298888,0.0155945817770121,0.0051919712726214,-0.577084751832275,-0.0019714186656136,0.0517947466123263,-0.0329863802863802,,-0.121927417027417,-0.170008665414393,-0.0350853326927631,-0.2132635769888865,-0.3301969406324669,0.3329822594072594,-0.3009824902221961,0.2978200366626837,0.1413588214417162,0.0772656024144414,-0.0743271561771561,-0.314158608058608,-0.352005396890691,7,8,6,7,7,7,6,6,9,6.0,2,6,6.0,9.0,7,3.0,,0.0,5,8.0,6.0,3,7,6.0,4,5,9,7,4.0,4,6,3,7,8,7,5,6,5,4,8.0,7,8,8.0,8.0,8,5.0,,1.0,9,8.0,9.0,8,4,6.0,3,5,7,5,3.0,8,2,2,4,0,2,2,4,1,4,6.0,2,3,0.0,5.0,5,1.0,,0.0,3,4.0,3.0,1,4,1.0,2,3,5,2,0.0,1,0,0,0,0,0,0,0,0,0,0.0,0,0,0.0,0.0,0,0.0,,0.0,0,0.0,0.0,0,0,0.0,0,0,0,0,0.0,0
121.5,-0.5486503523211282,0.8762666219008343,0.1018899355982906,-1.9338235300185165,-0.3497568842612458,-0.1760669520341273,1.1245213607797486,-0.7751921155807865,2.042609475010965,1.635776392815564,0.088621592187122,0.082090655814905,-3.0485984390573773,-0.3362620737524477,-0.3515246287855549,0.0813060955659327,,,-0.5087200010409986,-0.251338313282007,-1.2390822808604691,-0.8971006151861678,0.8457671434223709,-1.7048320629328697,3.7652784675657465,0.3087695648651106,-0.1640630580577269,-0.538285521234713,-0.1431790710724348,-1.7302297585222812,-0.097594221069608,0.1363170995670995,0.0187785161089339,-0.4246712870033304,-0.0714367701098351,-0.0321227674286497,0.2149221076996618,-0.1410259157766897,0.3608692780301913,0.3315087628058216,0.0212983877491617,0.0174070341423282,-0.5905069829599813,-0.055463905427218,-0.0573449772375065,0.0190482045732045,,0.0,-0.088579590869115,-0.0471453256753565,-0.2331822986267259,-0.1693696365811691,0.1543331862581862,-0.3295907927040279,0.5884708902208903,0.0588737385421596,-0.0278001073659743,-0.1174495515921986,-0.0256334609834609,-0.3352304852526215,6,9,6,7,8,7,6,6,9,6.0,2,6,6.0,10.0,6,4.0,,0.0,7,8.0,7.0,4,7,7.0,3,6,10,7,4.0,4,7,2,6,8,8,4,6,6,5,7.0,7,7,9.0,8.0,8,7.0,,0.0,9,8.0,9.0,8,4,7.0,2,7,6,6,3.0,7,3,2,3,1,4,2,4,2,5,5.0,2,3,0.0,5.0,4,2.0,,0.0,4,4.0,3.0,2,3,1.0,2,4,4,2,1.0,1,0,0,0,0,0,0,0,0,0,0.0,0,0,0.0,0.0,0,0.0,,0.0,0,0.0,0.0,0,0,0.0,0,0,0,0,0.0,0
122.5,-0.5572385974218178,0.6934044110647749,1.09540384392889,-1.233889485817708,0.5569628422712086,-0.0520366820461639,0.3747277540390425,-0.8911776557695044,1.4460298670831646,0.6582074740596827,-0.7021272625216084,-0.2071940549877394,-2.829494816892796,-0.3299738413590741,-1.1958939187757722,0.0121222425446263,,,-1.011762197052841,-0.5427689798054185,-1.8306162038929603,-0.8088618207782062,0.7053279982382114,-0.5032535523970827,3.699322056355931,0.357359089293277,-0.1732589948666711,-1.2156190845199502,1.7528957939195735,-1.8226647883290217,-0.0996493085088285,0.0861321234321234,0.1996005657740951,-0.2616763105229823,0.0979653392531102,-0.0091161759808818,0.0656180680344766,-0.1644248080780588,0.2775538276309174,0.1334481479305008,-0.1627298987218492,-0.0440208391281921,-0.5739436622716808,-0.0520723549371314,-0.1950648877010277,0.0028499577220166,,0.0,-0.1792282032754639,-0.1005090566554189,-0.3379733197744808,-0.1570298042772501,0.1204355033855033,-0.099056436691963,0.5671098734598735,0.0664027484984914,-0.0271757719576604,-0.2543720214426097,0.3402710594960594,-0.3293773678248137,6,8,6,7,7,8,6,7,9,7.0,1,6,7.0,11.0,7,3.0,,0.0,9,9.0,8.0,5,6,8.0,3,7,10,7,5.0,4,7,1,4,8,8,4,6,6,5,7.0,8,6,8.0,9.0,10,8.0,,0.0,9,9.0,9.0,7,3,7.0,2,8,6,6,4.0,7,3,1,3,2,5,2,3,2,5,4.0,1,2,0.0,6.0,4,2.0,,0.0,4,4.0,2.0,2,2,3.0,2,5,4,1,3.0,1,0,0,0,0,0,0,0,0,0,0.0,0,0,0.0,0.0,0,0.0,,0.0,0,0.0,0.0,0,0,0.0,0,0,0,0,0.0,0
123.5,-0.1623581249877211,1.190411166263461,1.3154794591050991,-1.3527956038059652,0.2884084400545673,-0.5763782389023424,-0.0473609505584177,-0.0568864750840709,2.0648857509725285,-0.3271086673734743,-0.5840197061218408,0.7964308561418484,-2.1052522693314772,0.0935411903858115,-1.5270266743803074,-0.3209818090044293,,,-0.5911772733334949,-1.2123905479323376,-2.0312531988290052,0.4486723627313367,0.2574584804110814,0.7391958655779697,3.1816620211116726,0.5542613975174573,-0.6633959276892133,-2.0299538467003333,1.5157873608131651,-1.641661708711457,-0.0291890929246193,0.2004809801309801,0.2296500757412521,-0.2766481382222869,0.0553528998349431,-0.0999730606253052,-0.0090700820077754,-0.0106263355065987,0.4067182065870146,-0.0656716482863541,-0.1328480256671433,0.1652767760017759,-0.4098157502714005,0.0148733525526835,-0.2509427382489484,-0.0730720761264878,,0.0,-0.0943083407584922,-0.2250856299531222,-0.3678055168000215,0.0905515959015184,0.0418824952824952,0.1407980677818913,0.5388862136229783,0.0989660358045807,-0.1051148584989142,-0.4379746874040991,0.2999881500852089,-0.2936951350850731,6,7,6,7,8,8,5,5,8,7.0,1,6,8.0,9.0,6,4.0,,0.0,9,8.0,9.0,5,5,9.0,4,9,9,7,6.0,3,8,2,4,8,8,5,5,7,7,6.0,7,5,8.0,9.0,9,9.0,,0.0,10,9.0,9.0,6,2,7.0,3,7,6,6,5.0,7,4,2,3,2,5,2,2,3,7,2.0,1,3,1.0,6.0,3,2.0,,0.0,5,3.0,2.0,3,1,5.0,3,5,3,0,4.0,1,0,0,0,0,0,0,0,0,0,0.0,0,0,0.0,0.0,0,0.0,,0.0,0,0.0,0.0,0,0,0.0,0,0,0,0,0.0,0
124.5,0.5565372013378582,0.5271905887089703,0.1213007540426743,-0.6164248629391469,0.2652760096534688,-0.7972832264289751,-0.0683648524548819,0.9409724267856776,2.09637558257541,-1.1859482691424537,-1.611903718858742,0.5518304496517472,-1.5957212027830538,-0.7198550867343156,-1.4441938066176288,-0.152204447256858,,,-0.9084656379214828,-0.5582352591231191,-0.3819752340264086,1.025464824032307,-1.8348497952230771,1.03154416426843,2.11344228696139,0.1918744433046359,-0.6658497445245315,-1.929724554099706,1.8068383443995304,-1.3991865653573885,0.0986304349417351,0.1029341413488472,0.0215806053423701,-0.1206959648710421,0.0549815622973517,-0.1445117728246985,-0.0132844460493067,0.1759330759427676,0.4036886843033128,-0.2443916026783674,-0.3671747628188805,0.0991789124274419,-0.3172160760034598,-0.1174615540596762,-0.2354693435697877,-0.0345441724941725,,0.0,-0.1536577602734083,-0.1123428353809932,-0.068925167952103,0.2093359743799371,-0.2839533466533466,0.2008142145779916,0.3727871447352097,0.0332118636265694,-0.1046735929533144,-0.4317341118032294,0.3571366802014635,-0.2662537669846493,7,8,7,7,8,8,5,6,8,6.0,0,6,10.0,8.0,8,4.0,,0.0,8,7.0,10.0,6,5,8.0,5,9,8,7,7.0,4,8,4,4,8,8,5,5,8,7,6.0,6,6,8.0,8.0,8,8.0,,0.0,9,9.0,9.0,6,3,8.0,5,6,6,6,7.0,6,5,3,2,3,5,2,2,5,7,1.0,0,3,2.0,4.0,3,2.0,,0.0,4,4.0,5.0,4,0,6.0,4,4,3,0,6.0,1,0,0,0,0,0,0,0,0,0,0.0,0,0,0.0,0.0,0,0.0,,0.0,0,0.0,0.0,0,0,0.0,0,0,0,0,1.0,0
125.5,0.9874101832701064,0.3821340091806231,-0.4359176337289377,-0.5965203569905072,-0.2581289447528264,-0.1834922875809159,0.4341615893197455,0.9706793939865233,1.5147529880436814,-1.9354261060723943,-1.3480352723670144,0.0710933854452181,-1.0636677484413253,-1.1387943979770336,-1.3026234997764596,0.0896511799677508,,,-1.3603411406069503,-1.3496947312234466,-0.2698891498305198,0.9040251710594056,-2.0586580640049488,1.2334608150622706,1.5233485918951366,-0.2540002901051374,-1.0718215474476125,-2.0314107274121493,2.231189285600148,-0.9610754881485636,0.1881449965411266,0.0788923039378921,-0.0746186840936841,-0.117026893273565,-0.0493796006281299,-0.0319120211487858,0.0828527684733567,0.1941467882994199,0.2686217506630012,-0.3843575018119136,-0.3134660950160949,0.0129580835830835,-0.2087711567500268,-0.1944824508824509,-0.2144679221019776,0.0199968444953739,,0.0,-0.2296940433850111,-0.2561161124908801,-0.0506776932389934,0.1742889152213456,-0.381447458097458,0.241150045980851,0.2690754947323059,-0.0449004852216926,-0.1748526076864311,-0.4434916661769603,0.4075332135356904,-0.1718021957746415,7,6,7,8,8,7,6,7,7,6.0,0,5,11.0,6.0,10,3.0,,0.0,7,7.0,10.0,7,5,8.0,7,9,8,7,7.0,5,7,5,3,7,8,4,6,7,8,6.0,4,5,7.0,6.0,7,8.0,,0.0,9,10.0,9.0,6,4,9.0,6,5,5,7,8.0,7,5,3,1,3,4,2,3,5,6,0.0,0,2,3.0,2.0,3,2.0,,0.0,3,3.0,5.0,4,0,7.0,5,3,2,0,7.0,2,0,0,0,0,0,0,0,0,0,0.0,0,0,0.0,0.0,0,0.0,,0.0,0,0.0,0.0,0,0,0.0,0,0,0,0,1.0,0
126.5,0.0640075368228848,0.859927575762914,0.0228560749745623,-0.817322616525712,-1.0869578441852723,-0.6501663070131087,-0.6396184033864443,1.9320436883228809,1.0326115385454684,-2.139184354943684,-1.2077916664883848,-0.2532372164596126,-0.783882856255758,-0.9044941127145938,-1.955267903832698,-0.310223218522327,,-0.7669490342355663,-1.3556048773763374,-1.767436111922898,0.2032446365106203,0.6083174935162683,-1.987571994857964,1.760737864513856,1.465328027259826,0.5592887861911096,-1.0843413172472325,-2.0448926600424966,2.409041071249643,-0.9703175390157608,0.0116497949247175,0.174236262834173,0.0037889499389499,-0.1505882540661952,-0.2381134485397643,-0.1022030951075069,-0.1225843707032561,0.3751895061915993,0.1853759233972083,-0.4199737248046071,-0.2677613497613498,-0.0457278716381657,-0.1432912693945201,-0.1444697041434657,-0.3037683535504743,-0.0736238483738483,,-0.1268244588744589,-0.230056093867246,-0.3355293021306179,0.0382781245328458,0.1212637827858415,-0.4109994670362317,0.3662845839918596,0.2676750222601616,0.102942168160357,-0.176194941822883,-0.4600313934431582,0.4492838089413167,-0.1707103626765391,7,7,6,7,7,6,6,7,6,5.0,0,5,11.0,5.0,11,2.0,,0.0,7,5.0,10.0,6,4,8.0,7,9,8,7,8.0,5,7,7,2,6,7,3,6,8,8,6.0,3,6,6.0,6.0,6,6.0,,1.0,10,10.0,9.0,5,5,9.0,6,5,5,7,8.0,7,4,5,1,2,2,1,2,7,5,0.0,0,2,3.0,2.0,2,1.0,,0.0,3,2.0,6.0,3,0,8.0,5,4,2,0,8.0,2,0,0,0,0,0,0,0,1,0,0.0,0,0,0.0,0.0,0,0.0,,0.0,0,0.0,0.0,0,0,0.0,0,0,0,0,1.0,0
127.5,-0.3889935495814169,1.0035624747040035,0.3753354113883589,-0.4488772648338989,-0.559694652875944,-0.543605819817405,-0.6302344542767122,2.2478614567808113,0.3070747907931799,-2.500775861918889,1.3998654735951446,0.4745348923845201,0.0380533026506557,-2.218484185274302,-0.765753086563731,-0.3310946776728341,,-1.0891738086501792,-1.2593315727849377,-1.5117699010501495,0.4971737953535218,0.8517811739794425,-0.9505652412419232,1.6116066764595294,1.145613154321879,0.1865766647811946,0.1137579654012364,-1.921057878404479,1.7999320272631796,-0.2867054626415181,-0.0718125452634741,0.2034246645940918,0.0681591436341437,-0.0803911346823111,-0.120279494456352,-0.1064145748042806,-0.120750785798309,0.4149074126166232,0.057540721722378,-0.4472226435329376,0.2725061327561328,0.0901459733077379,0.0070366588348012,-0.3250438499237261,-0.1137862679717943,-0.0752795648795649,,-0.21297215007215,-0.2242094538072865,-0.2974555289567674,0.0958438773644656,0.170400204534028,-0.1668814544244884,0.3307111308540101,0.2108773734779152,0.0359769441171143,0.0179653224226753,-0.4201040870893812,0.3384438522004311,-0.0531118143724181,6,6,7,8,8,6,6,6,7,3.0,1,4,10.0,5.0,11,2.0,,1.0,7,4.0,8.0,7,5,7.0,8,7,7,6,7.0,6,7,7,3,5,7,3,6,7,7,7.0,3,7,6.0,6.0,5,6.0,,2.0,9,10.0,9.0,4,7,9.0,6,5,5,7,9.0,7,3,5,2,2,3,1,2,6,4,0.0,1,3,4.0,1.0,3,1.0,,0.0,3,2.0,6.0,3,2,7.0,5,3,3,0,7.0,3,0,0,0,0,0,0,0,1,0,0.0,0,0,0.0,0.0,0,0.0,,0.0,0,0.0,0.0,0,0,0.0,0,0,0,0,1.0,0
128.5,-1.0729700954458832,0.9720870592123612,-0.7375385693858212,0.8345692354535459,-0.274648375590147,0.1574323982038459,-1.3293577266905354,2.127327361351046,-0.4132312462226642,-1.5617383403705225,1.3795563039782617,-0.4612443785004267,0.4712854851412724,-0.1535701643115127,-0.9736380520485142,-1.2654805219228595,,-1.11570693940813,-0.5969205651902356,-1.4390046260616791,0.0588978333099777,0.8865803519233779,-0.6820293484171293,1.2458281080230758,0.4880128823236108,-0.2844552483377366,0.0411767679451207,-2.0527804191552717,1.6049714757266966,0.4953136366041656,-0.1962189304503545,0.191144209110463,-0.1320965895215895,0.1669531718281718,-0.0600543666859456,0.0207936006803653,-0.2519989788333442,0.3959455655026089,-0.0796179743201415,-0.2645705318245565,0.2665122932622933,-0.0936083143980202,0.0850953535886198,-0.0245524403700874,-0.1461572714695005,-0.2840027028527029,,-0.2067199134199134,-0.1094620175534968,-0.2764790169324999,0.0110420885272278,0.1686287906537906,-0.1227670843776106,0.2540321574796033,0.0827545643554931,-0.0526001839921345,0.0065765128662187,-0.4571027299497888,0.3202900826297884,0.0908243030619191,7,7,7,7,6,7,6,7,6,3.0,1,4,9.0,6.0,11,1.0,,2.0,8,3.0,9.0,7,6,6.0,7,7,8,5,8.0,8,6,8,3,4,7,4,6,5,5,8.0,3,7,6.0,6.0,6,5.0,,2.0,9,10.0,8.0,4,8,9.0,7,6,5,7,8.0,8,2,6,1,3,3,2,1,5,2,1.0,1,2,4.0,3.0,3,0.0,,0.0,4,2.0,5.0,3,3,6.0,4,3,3,0,7.0,5,0,0,0,0,0,0,0,1,0,0.0,0,0,0.0,0.0,0,0.0,,0.0,0,0.0,0.0,0,0,0.0,0,0,0,0,1.0,0
129.5,-1.9041951353289612,1.3863724579154908,0.6168019272559395,0.7704748388948984,-0.4518633697654178,0.5805062407706939,-1.081751695844989,1.2127785142772796,-1.3805685313235572,-1.502953054418959,1.752295018111701,-1.0916521594786543,0.9509699879011848,1.1068584326976325,-0.1263248746178401,-1.1264167856588012,,-1.1018714909852418,0.1174277244204419,-1.8490584505391991,-0.2217918427365305,0.027326990975784,-0.0210312977161857,1.085005175578814,-0.6621803353236198,-0.3341181209983765,-0.091974835016664,-2.051463066985333,0.6318808548988607,0.8365081531386718,-0.3172806204029887,0.2790218307234561,0.1125100288600288,0.1321407925407924,-0.1125289720083837,0.0941644007866918,-0.2113945097644013,0.2205394815109211,-0.2780969700320319,-0.2711771631962808,0.376917957042957,-0.2484781176339999,0.1738522266948737,0.1878400476028958,-0.0202958789662349,-0.2490388611388611,,-0.2074233766233766,0.0214442206314497,-0.3519321514656653,-0.041510680710758,0.0049862898539368,-0.0040632831908373,0.21230416883598,-0.1154393780711892,-0.0588222317070613,-0.0151234897455485,-0.4563665329768271,0.1303876452494873,0.1509233044904872,6,7,6,6,5,6,5,6,5,2.0,2,5,7.0,7.0,10,0.0,,4.0,9,2.0,7.0,8,7,6.0,5,5,8,3,8.0,9,6,7,3,3,6,5,5,4,6,8.0,4,6,4.0,7.0,6,4.0,,2.0,8,8.0,8.0,4,8,8.0,6,7,5,7,7.0,8,1,6,2,2,2,3,1,3,1,1.0,2,1,3.0,5.0,4,0.0,,0.0,5,1.0,4.0,2,4,5.0,2,3,3,0,5.0,6,0,0,0,0,0,0,0,1,0,0.0,0,0,0.0,0.0,0,0.0,,0.0,0,0.0,0.0,0,0,0.0,0,0,0,0,0.0,0
130.5,-1.1725934167053085,1.563014331892389,-0.4774572852468055,1.043054932006746,-0.3681307435677324,-0.4483603432845607,-1.0248299523611135,1.5451757713867018,-0.0594634132014455,-1.2539112173658928,0.8639151093230713,-0.3413273701687409,1.85246393356566,1.0488217991446078,-0.2349299553477353,-1.1500461553124384,,-1.4524766478881814,0.2482430557394946,-1.2047248512684996,-1.5095409576648018,0.0082584903606823,-0.3016418163533015,0.1479366551447496,0.2655342505496172,0.6522918196895123,-0.3776182035777231,-1.974537313848497,0.8548281209584556,1.1335548434621605,-0.2012732849537803,0.3065438891861493,-0.0914963825390295,0.1821555833055833,-0.0858480157183717,-0.0769164173545751,-0.1839462749668631,0.2701521438056267,-0.0114878894583229,-0.2393314698029868,0.201681696081696,-0.0770379414702944,0.3309646726854158,0.166689785923384,-0.0365098905286246,-0.2416938006438006,,-0.2889882561882562,0.0442765705484745,-0.2377916883769825,-0.2840435155058219,0.0015249059763765,-0.0569849867366895,0.0290340402717337,0.0451725775342648,0.1111237028279598,-0.0653886965717459,-0.435296872735108,0.1684913063974209,0.2249953902478668,7,7,6,5,3,7,4,7,8,2.0,2,6,6.0,9.0,10,0.0,,6.0,8,2.0,6.0,7,8,4.0,5,5,7,4,8.0,9,6,7,5,3,7,7,6,5,6,8.0,5,6,5.0,9.0,8,4.0,,3.0,8,6.0,8.0,4,8,7.0,6,7,6,6,7.0,7,2,6,2,2,2,3,1,4,3,1.0,2,2,4.0,7.0,5,0.0,,0.0,5,1.0,2.0,2,4,3.0,3,4,3,0,5.0,6,0,0,0,0,0,0,0,0,0,0.0,0,0,1.0,0.0,0,0.0,,0.0,0,0.0,0.0,0,0,0.0,0,0,0,0,0.0,0
131.5,-0.5669217438070816,0.9140446258772554,-0.7537093211329983,0.3461366490014306,0.1570567481462384,-0.8461799136406711,0.1528076284359132,0.133741948888041,-0.0385447226835449,-0.2553365887407873,0.4076986864227804,0.2250126342247993,2.316319912456006,1.5176607938441788,0.4386448417118909,-1.2335446487506825,,-0.7027156348743852,0.5816298495304941,-0.0086884762584942,-0.7868622860340302,-0.43222400873221,0.6689653739798807,0.1283767817234535,0.0049943105374434,0.6175865137528226,-0.0888137498217056,-1.308616465811546,0.3952562544706372,1.15847456289414,-0.1004332127538783,0.1872454103086456,-0.1491922997453183,0.0632589105339105,0.0375258701824491,-0.1558767355881133,0.0294870055211387,0.0242657894822755,-0.00723919924245,-0.0504767861223743,0.0947852048278519,0.0524658341658341,0.411984570984571,0.2451899014350689,0.0692949381487779,-0.2852573537573538,,-0.1200834387834388,0.0980772711292835,-0.0016488571885631,-0.1510090883402802,-0.0747717473702768,0.1402813631930504,0.0247537480579276,0.0008579516029205,0.1104351837103384,-0.0157854433320377,-0.27039260298525,0.0767857818737849,0.2219518469490605,6,7,6,5,4,6,4,6,8,3.0,2,6,6.0,9.0,9,0.0,,8.0,8,4.0,7.0,7,8,4.0,6,5,8,4,8.0,9,5,5,6,4,7,8,5,4,6,7.0,6,4,4.0,9.0,8,4.0,,4.0,8,5.0,8.0,5,7,7.0,6,7,7,7,6.0,7,2,4,2,2,3,3,2,2,3,2.0,2,2,4.0,8.0,6,0.0,,1.0,5,2.0,3.0,2,5,3.0,3,4,4,1,4.0,6,0,0,0,0,0,0,0,0,0,0.0,0,0,1.0,0.0,0,0.0,,0.0,0,0.0,0.0,0,0,0.0,0,0,0,0,0.0,0
132.5,-0.5745380383442155,1.5513760377181285,-1.1983833103545765,0.843197521332577,-0.210743632903235,-1.6677509573025715,0.1252226858240881,-0.8309631082579618,0.482438341422966,0.7958334390153236,-0.5072130322754467,-0.2081507106007054,2.109868064336538,1.8549456886293831,0.9328790849884816,-1.0832307621468804,,0.1345910662265834,0.6565721675104004,-1.1928251185562735,-1.011460820765834,-1.0918488930732877,0.0832857131197007,-0.9276446865459498,-0.2337224451980903,-0.2494398584036506,-0.5048216866018252,-1.3385196621128628,0.1663130940835953,1.4305820255409678,-0.1029461683912921,0.2950866671340356,-0.2372444167201908,0.1551475651799181,-0.0495100586719782,-0.2985031697404762,0.0236761710855364,-0.1555791896012484,0.0964323151306896,0.1779283445312856,-0.1225361145390557,-0.0443569319569319,0.3558688553276788,0.3022078341312895,0.1472952087403479,-0.2398319624819624,,0.0266330891330891,0.1121430683523563,-0.2182609343271108,-0.1859497195528928,-0.1785445885899446,0.0170468452943683,-0.1834325235995513,-0.0401601821724887,-0.04650510160634,-0.0937645324833405,-0.2575579352020529,0.0289880212924329,0.2867952606732792,6,7,6,4,3,6,3,7,8,4.0,1,5,7.0,10.0,8,0.0,,9.0,7,4.0,6.0,6,8,4.0,7,7,8,4,9.0,7,5,6,7,6,6,8,6,6,6,6.0,6,3,4.0,9.0,9,3.0,,4.0,6,5.0,9.0,7,7,8.0,6,8,6,7,5.0,6,2,5,2,3,2,2,2,2,4,3.0,1,1,4.0,9.0,7,0.0,,2.0,4,1.0,3.0,2,4,2.0,3,4,3,1,3.0,5,0,0,0,0,0,0,0,0,0,0.0,0,0,1.0,0.0,0,0.0,,0.0,0,0.0,0.0,0,0,0.0,0,0,0,0,0.0,0
133.5,0.020483441453871,0.1834092751409976,-1.1495373817697383,0.5869541961545439,-0.6432708633576604,-1.5662103302490331,-0.0830712216883974,-0.7491134002032365,1.21498011626111,-0.0818093235673506,-0.7967463629895192,1.0336078922730307,0.8541869996950341,1.3697216356233604,1.7165243216047263,-0.8692382743821049,,-0.3752968269633154,0.2791265595184304,-0.4941574205978232,-0.4583532306731246,-0.7389348323488857,-0.151678697727853,-0.3943159110508715,0.551816638844545,-0.495826692446185,-0.7343480884155704,0.092663401362848,-0.2232732210403608,1.0407693225122403,0.0038910097298642,0.0367242097771509,-0.2377047209584361,0.1133358992314874,-0.144627566757288,-0.3228511676318177,-0.015330124966193,-0.1291260833201437,0.2341284914816715,-0.017517966673849,-0.1870503822888498,0.1976277333777333,0.1584433955363522,0.2334950358416505,0.2697701719324332,-0.1827370129870129,,-0.0842949883449883,0.0477517414903637,-0.0835566698007874,-0.0816699721861722,-0.122103435341748,-0.0322462336597011,-0.0796720926734085,0.0903993975065183,-0.0954434523680654,-0.1337816941228706,0.0192366574601868,-0.0369814602064602,0.2198284083563495,6,7,6,4,4,6,2,7,8,4.0,2,6,8.0,11.0,9,1.0,,9.0,7,5.0,5.0,7,9,5.0,7,8,7,7,8.0,6,6,5,7,6,7,6,7,8,8,6.0,7,3,5.0,8.0,10,2.0,,5.0,5,6.0,10.0,8,7,8.0,5,8,5,6,4.0,4,3,3,2,3,2,1,2,3,6,2.0,1,2,4.0,8.0,9,0.0,,2.0,3,2.0,4.0,3,4,3.0,3,4,2,3,2.0,3,0,0,0,0,0,0,0,0,0,0.0,0,0,1.0,0.0,0,0.0,,0.0,0,0.0,0.0,0,0,0.0,0,0,0,0,0.0,0
134.5,0.0599292636038724,-0.7903995721360225,-1.1417483423674313,0.8064758156645397,-0.9254240182080627,-0.7052467106642346,-0.6242488111124572,-0.6755889476120986,1.458468302569375,0.4474300715729838,-1.739448597674592,1.8275619879142968,0.4290808473749314,1.1406396513762012,1.269692105519768,0.6919677823419392,,,-0.1841030157055553,0.5134463954776615,-0.1510599580540925,-0.8637762166991823,0.2652763226623436,0.0629976852540466,1.060926833591036,-0.8197524690546529,-1.815302087008405,0.5532654594284889,1.2808246200351845,0.8831091167707905,0.0108529316658573,-0.154234278836059,-0.2272664707325699,0.1528179566821207,-0.2209517942154165,-0.1365397541656829,-0.1120651165483982,-0.1194561761334341,0.2804848935292434,0.0978125374625374,-0.4116904628051687,0.3988147186147185,0.077100808195932,0.1860210864022683,0.2014346429034239,0.1580524531024531,,,-0.0309882071231142,0.0938747779138645,-0.0272124002147626,-0.1323647161923342,0.0615219200390253,0.012286817027142,0.1827365787806964,-0.1593814884461942,-0.3122289279863584,0.1260304481466245,0.2278699406802348,0.1816544772221243,6,7,5,6,6,6,2,6,8,5.0,1,6,9.0,9.0,9,2.0,,,5,8.0,4.0,5,7,5.0,8,8,6,8,9.0,5,6,6,8,8,7,6,8,8,7,4.0,7,3,7.0,9.0,8,3.0,,,5,8.0,10.0,10,7,9.0,5,7,6,6,4.0,3,3,2,2,5,2,2,2,3,6,2.0,0,3,5.0,7.0,7,1.0,,,2,5.0,4.0,3,4,4.0,4,3,1,4,4.0,2,0,0,0,0,0,0,0,0,0,0.0,0,0,0.0,0.0,0,0.0,,,0,0.0,0.0,0,0,0.0,0,0,0,0,0.0,0
135.5,-0.9989615016851052,-0.3753413322418394,-0.3784268632512791,1.2260504049994747,-0.2598775838293485,-0.0452369040666278,-1.6307216191814724,-1.099187739783141,1.8532989828692383,1.4137360012979354,-1.6851970775826195,1.1307409361642886,0.1630672321846168,0.4397524245700073,1.184573652941811,0.9918472198643938,,,-0.1836780531469551,0.3514092652521635,0.340660833490966,-0.9865594270168364,0.3439123769303135,-0.392975293138702,0.8447429293392836,-1.457280187704599,-1.2362022906834456,0.9716268984330309,1.365305080904542,1.3622504134233175,-0.1752225450160434,-0.0767273707888259,-0.0747018910140426,0.2097737240571605,-0.0584933417545646,-0.0079530445646543,-0.2936195947671179,-0.1971510936775644,0.3522765700281381,0.3156941669441669,-0.4152171451097922,0.273461716061716,0.031219688275261,0.0709227604868472,0.2067758523382362,0.2113394660894661,,,-0.0340828487731738,0.0658656064094144,0.0582764647382798,-0.1504526010475667,0.0834610374919197,-0.076409762073152,0.1579838890899262,-0.2697418291546775,-0.1965329993364049,0.2143300061050061,0.256605735930736,0.257906857031857,6,8,6,6,7,6,2,5,8,5.0,1,4,8.0,8.0,8,3.0,,,5,9.0,5.0,4,8,7.0,8,7,7,8,9.0,4,6,6,7,9,7,7,8,7,8,4.0,6,3,7.0,8.0,6,2.0,,,5,9.0,10.0,10,6,9.0,5,7,6,5,4.0,3,2,3,3,6,3,3,1,2,7,3.0,0,2,4.0,5.0,5,1.0,,,2,6.0,5.0,3,4,4.0,4,2,2,4,4.0,2,0,0,0,0,0,0,0,0,1,0.0,0,0,0.0,0.0,0,0.0,,,0,0.0,0.0,0,0,0.0,0,0,0,0,0.0,0
136.5,-1.0852456995826705,0.1673215999580357,0.0774779344657476,0.813985174663618,-0.3235310058981618,0.6580109048655413,-2.5259912712743064,-1.2297950223116958,2.1386871230422795,0.5295746545965817,-1.682839874363817,0.4132141544432217,-0.6267036960649175,-0.3833873581628389,1.267139586462837,1.3635707754341009,,,-0.459904816149101,0.5644540469209739,0.2655805928164464,-0.1958644541404487,0.240682955908322,-0.4776914039053694,1.2795896449071125,-2.53421859506917,-1.3114449318080692,1.4116070081866228,1.5839854721444633,3.0819012678081608,-0.1997639870879034,0.0335572803787199,0.0140643250798048,0.1376920168496793,-0.0728466504084151,0.1154839142969174,-0.4572631684277195,-0.2268149019281371,0.4015975557074056,0.1005009879009878,-0.4132853790000848,0.0893309856809856,-0.1138861380277788,-0.0625698380738627,0.1955036518864691,0.2289055555555555,,,-0.0846452983463044,0.1095043257396197,0.0449050268586949,-0.0316266965146996,0.0519963004144118,-0.0914074403580595,0.2278848441805872,-0.4588001336382915,-0.2107620768120767,0.3132701409701409,0.2833442696192696,0.554126665001665,7,9,7,7,6,7,2,6,7,5.0,1,4,6.0,7.0,10,5.0,,,4,9.0,5.0,5,7,7.0,8,7,6,8,7.0,4,6,8,8,8,5,6,6,7,8,4.0,6,5,8.0,6.0,5,1.0,,,6,10.0,10.0,10,7,9.0,6,5,4,4,3.0,3,2,5,4,5,2,4,0,2,7,2.0,0,2,3.0,3.0,5,1.0,,,2,7.0,5.0,4,4,4.0,5,0,1,4,3.0,3,0,0,0,0,0,0,0,0,1,0.0,0,0,0.0,0.0,0,0.0,,,0,0.0,0.0,0,0,0.0,0,0,0,0,0.0,1
137.5,-0.173234571056975,-0.2679509274024514,-0.5348695197299256,-0.1587563776157126,-0.4071082157397008,1.3891320876571551,-1.384270068508095,-0.8680757778637237,2.1728103004391772,-0.6755651963610422,-1.685753257727544,1.0313811786952347,-1.3754453853083357,-1.8867728321741344,0.4346034607992182,0.7982748659766782,,,0.2817834339736424,1.2952990574532235,-0.0040400502184311,0.9259817988382132,0.5205160050058998,0.0531476522383293,1.115618433623902,-1.1685571390148044,-1.6235183293212476,1.2996884209911357,1.158324812891272,2.4244099990090424,-0.028713241574387,-0.0557797532361,-0.10641801457916,-0.0271818200203648,-0.0837970413573355,0.2313070856903674,-0.2416216575821839,-0.1594988464407969,0.3825417257283928,-0.140797841047841,-0.4045568558892088,0.2326359219212159,-0.2519589176131745,-0.2981115360044153,0.0634842473402071,0.1415769841269841,,,0.0490710886980236,0.2567490838366998,-0.0007051101946915,0.1702436376660835,0.1002233886082958,0.0107414485840955,0.2064588178505361,-0.1928132720220955,-0.2705891593700416,0.2672126207126207,0.2115460761460761,0.4528689896704603,7,9,7,8,7,6,3,6,7,6.0,1,6,5.0,7.0,10,7.0,,,5,8.0,6.0,5,6,8.0,8,6,5,6,6.0,5,6,7,7,8,5,7,7,6,8,4.0,6,6,8.0,5.0,5,1.0,,,8,10.0,10.0,9,7,9.0,6,4,5,4,4.0,3,3,4,3,4,2,5,1,2,7,1.0,0,4,2.0,1.0,4,1.0,,,4,8.0,5.0,5,4,5.0,5,1,1,3,3.0,3,0,0,0,0,0,0,0,0,1,0.0,0,0,0.0,0.0,0,0.0,,,0,0.0,0.0,0,0,0.0,0,0,0,0,0.0,1
138.5,-0.3932367290928313,-0.2506750447976004,0.1655476170546126,-0.125176567990141,0.2022106567108506,1.291014644050544,-1.2345708109981846,-0.6809992386303639,1.7700690648847597,-0.0138533281380308,-0.3541661451836662,1.141314279178389,-2.1914110207875876,-1.1591373800716802,-1.066613827495375,0.5079999536338522,,,0.6534116352635916,0.8336702971749669,0.2953339241534197,-0.5122056737347989,0.5550613172426935,-0.7543339845507253,1.4273458010130593,-0.4678885919610186,-0.6391700819974313,1.4912176561795385,1.1926434243381916,2.194730738826474,-0.0656715031700326,-0.0539340138791377,0.0328153178864478,-0.0227603398149838,0.0386359779109778,0.2078131452038337,-0.2284174370177466,-0.1208356944397192,0.3216935502921572,-0.0029151459651459,-0.0796224855210149,0.2388919146213263,-0.406215637973997,-0.1833390885258533,-0.1840274785242278,0.1033595238095238,,,0.1150981695859069,0.1665442862950603,0.0518599379550618,-0.097437458559672,0.1000687578932936,-0.1518549094696154,0.2508268831014187,-0.0752583813589231,-0.1068264900132547,0.2786840326340326,0.2105231791084732,0.4381774562039268,8,9,7,8,8,6,4,6,6,6.0,1,5,4.0,6.0,9,8.0,,,5,10.0,6.0,5,6,9.0,8,6,6,4,6.0,6,4,7,7,8,3,9,6,6,8,5.0,6,7,8.0,6.0,5,1.0,,,9,9.0,9.0,9,7,7.0,7,5,5,3,4.0,4,2,4,4,4,2,6,1,2,6,2.0,1,4,1.0,2.0,2,1.0,,,5,7.0,5.0,3,4,3.0,6,2,2,2,3.0,4,0,0,0,0,0,0,0,0,1,0.0,0,0,0.0,0.0,0,0.0,,,0,0.0,0.0,0,0,0.0,0,0,0,0,0.0,1
139.5,-0.7443486314861274,-0.4305466892713243,0.5544304550105709,-0.4764315151492862,1.2445985913621684,1.7557367242071875,-0.4352892581568771,-1.8693791824915171,1.7359086387132512,0.3604970614871021,0.9434248909815264,0.8035479806322272,-2.87076899711701,0.1034528698917541,-1.3984727523340454,,,,1.0372894230226413,0.8105617413554251,0.6099004281228226,0.0402426557132867,1.2155630188871729,-1.1609209261534623,0.9434605438941518,0.221071619667691,0.3874723776272932,0.4890153573399113,0.2871008861158503,1.8100082939247384,-0.128029579570756,-0.0868556856713977,0.1166726924176614,-0.0944729974961398,0.2214892662892662,0.2980452691226752,-0.0852347256888279,-0.323684601423688,0.3055178969293519,0.0783631053586936,0.2104570207570207,0.1607749404190581,-0.5566462363487906,0.0172352802340418,-0.2488945199940724,0.0,,,0.1724434513539137,0.1695098147208829,0.1072655792951459,0.0077775344882154,0.1957347321752894,-0.2206425652778593,0.1548643936558796,0.0374405280478035,0.0647320994365112,0.0963178155178155,0.051529544964839,0.3543333841768826,7,9,7,7,8,7,5,6,6,6.0,2,6,6.0,9.0,7,7.0,,,7,8.0,8.0,6,7,8.0,8,7,8,2,5.0,7,3,8,6,7,3,9,6,6,8,6.0,5,7,8.0,6.0,7,0.0,,,10,9.0,9.0,9,7,7.0,7,5,5,3,4.0,6,1,4,4,3,3,7,2,1,6,3.0,2,4,0.0,4.0,2,0.0,,,7,6.0,6.0,4,5,2.0,5,3,3,1,2.0,5,0,0,0,0,0,0,0,0,1,0.0,0,0,0.0,0.0,0,0.0,,,0,0.0,0.0,0,0,0.0,0,0,0,0,0.0,1
140.5,-0.3079886704159286,-0.7473646057848069,0.3417071798116102,-0.2547498343018727,1.8407686902645175,1.1540149533770718,-0.7275711259509463,-1.2037525403258091,0.7843953250286083,0.6091930236966717,1.4183924148651643,0.7944604546116211,-2.06582066276112,0.3858564229835791,-0.8614942532318872,,,,1.1857680209776054,0.6734453105986413,0.9606578540948408,0.4661395226551172,1.0557842564919175,0.449005889528344,-0.0557426205000916,0.6203182785985631,0.5860115619168987,-0.129182119247323,-0.6917026886763544,1.0589152918699507,-0.0456082556332556,-0.1554180293133079,0.0729090616985354,-0.0527418295756531,0.2910277784307196,0.2072747823384046,-0.136125386593111,-0.2063020702379835,0.1357736974822786,0.1241623688403099,0.3095551468139703,0.1659827163033045,-0.4310340021433674,0.066577220105316,-0.1475467426897896,0.0,,,0.2022309542602146,0.1345485860802424,0.1705416863666089,0.0961844137888255,0.1652365856795422,0.0892555602893837,-0.0092563451168713,0.1147457213409225,0.0910977955051484,-0.025499222999223,-0.120094633144633,0.204668425666181,8,8,8,8,8,7,5,7,4,7.0,4,6,6.0,9.0,8,8.0,,,8,8.0,8.0,8,7,8.0,8,7,8,2,7.0,8,2,7,6,6,4,7,7,7,8,7.0,5,7,8.0,7.0,9,0.0,,,9,9.0,8.0,8,9,6.0,7,6,4,4,3.0,7,1,3,4,3,4,5,2,2,4,4.0,3,4,1.0,5.0,4,0.0,,,7,6.0,6.0,5,6,4.0,4,4,3,1,1.0,5,0,0,0,0,1,0,0,0,1,0.0,0,0,0.0,0.0,0,0.0,,,0,0.0,0.0,0,0,0.0,0,0,0,0,0.0,1
141.5,0.7024138442957822,-1.4360815016768178,-0.1504950308119863,-0.4282584855757778,2.015277856940939,1.9028560882226857,-0.2114506146412947,-0.3420835421685956,0.4126130003813184,1.2490730460442925,1.6270152050844269,1.046603305508932,-1.1716371293019914,0.687533406905931,-0.5275364052206515,,,,1.7307124812351553,-0.0139457546782506,0.4655553541385353,0.1757931394680512,0.3379364563150431,0.523108024124442,-0.7722475838968549,0.1212565729110527,0.6096728872350369,-1.754855556968166,-0.6395523733520325,0.8275914653726547,0.0831868464868464,-0.2848975050749044,-0.0299939977377284,-0.0760914522697804,0.3163923992673993,0.3298657928500809,-0.0405257235970083,-0.0641604856529778,0.0751461808315524,0.2246036357003848,0.3505242646242645,0.1992782692883312,-0.2255493247800793,0.1158305200019764,-0.0852238103040525,0.0,,,0.2605018703705472,-0.0026811188639361,0.0839139411757833,0.0359186112906701,0.057480987004052,0.1083418674462792,-0.1349350342382075,0.0208030804420896,0.099745950128303,-0.3629451048951048,-0.1110797091797091,0.167483981807666,8,8,8,6,8,7,5,6,3,7.0,5,5,8.0,10.0,7,7.0,,,10,8.0,9.0,8,7,8.0,5,7,9,2,8.0,8,1,8,6,8,5,7,8,7,7,8.0,4,8,9.0,9.0,10,0.0,,,10,7.0,7.0,7,9,6.0,6,7,5,4,3.0,7,1,2,3,3,5,6,3,3,3,5.0,3,4,3.0,7.0,5,0.0,,,9,4.0,5.0,4,5,4.0,2,4,4,0,1.0,5,0,0,0,0,1,0,0,0,0,0.0,0,0,0.0,0.0,0,0.0,,,0,0.0,0.0,0,0,0.0,0,0,0,0,0.0,0
142.5,0.7124375916738989,-2.043424340698824,0.8832329869967591,0.4726383290225718,2.0138311112716623,1.496243154471336,0.0609611766203604,-0.5811552439923282,0.065960761408427,1.3888320979051585,1.4309480827146963,-0.0711430053391472,-0.446578899791594,0.9942969877482084,-0.0285651791706436,,,,1.5715719830646242,-0.2047155111509741,1.3927191871165794,0.6836594392355406,-0.3135804024091801,0.3251460901388058,-0.5453575702072092,0.3460694632184882,0.3736523635754689,-1.452756823829007,-0.7981557462967033,1.080264279683158,0.0847948329448329,-0.4121911820120024,0.1702236314339256,0.0917264755883952,0.3745441136864511,0.2614128221108097,0.0114674276789601,-0.1139564472484783,0.012622230787788,0.2481247285652084,0.3021083444333444,-0.0149775503907856,-0.0884644290521999,0.1630990097180904,-0.0047379466410857,0.0,,,0.2631106904817263,-0.0388574740447031,0.2583063698685217,0.1317553829469464,-0.0550848736918395,0.067314468211527,-0.096038561378422,0.0628561506347109,0.0592312306974071,-0.3041154734154734,-0.1413368520368519,0.2150583920379586,8,7,8,6,8,6,5,6,4,6.0,6,4,9.0,10.0,6,7.0,,,9,9.0,8.0,8,8,6.0,4,8,10,3,8.0,7,1,7,5,7,6,7,7,8,5,8.0,4,6,8.0,10.0,9,0.0,,,9,7.0,7.0,8,8,6.0,6,6,5,3,3.0,7,1,1,4,4,6,5,3,3,2,5.0,3,2,4.0,8.0,5,0.0,,,8,4.0,6.0,5,4,3.0,2,4,4,0,1.0,5,0,0,0,0,1,0,0,0,0,0.0,0,0,0.0,0.0,0,0.0,,,0,0.0,0.0,0,0,0.0,0,0,0,0,0.0,0
143.5,0.0413083148533902,-1.2450749550281115,0.9382960077999972,0.5643190074885682,2.0081952123523323,0.0022103344447431,0.4877064008821148,0.1404378208840214,-1.1495074511585857,1.6720239576637292,1.166857974497163,-0.6787638090173903,-0.0287770364379833,1.307841254758547,1.319179159827108,,,,1.5745297450018088,0.2828196612503957,0.7718812963094325,0.9040986509445664,-0.964341681245406,1.053789405023067,-0.7613346290007148,-0.0212735257294883,-0.3568241987203998,-1.7344589238309345,-1.4743247734672087,1.289019626850761,0.0060175907425907,-0.2514482261718329,0.1738409644277291,0.1127174839178709,0.3905827671726277,0.0004197661471655,0.0909213700558127,0.0276100944224109,-0.2068416043364959,0.3170558849647085,0.2379300005550005,-0.1427127622377622,-0.0055192149869394,0.2168527612958525,0.206487359788325,0.0,,,0.2666476604967249,0.0537834467905675,0.1421353846102299,0.1684455644029173,-0.153999550389411,0.2024202716272376,-0.1295844726395035,-0.0036015933498905,-0.055852901828134,-0.3656352314352314,-0.2453936674436674,0.2497665465339613,6,7,8,5,8,6,5,6,5,5.0,7,4,10.0,10.0,7,6.0,,,9,8.0,9.0,7,7,6.0,5,6,8,4,8.0,8,2,7,5,8,7,6,6,8,5,6.0,4,5,8.0,9.0,9,0.0,,,9,8.0,8.0,8,8,8.0,6,6,6,4,2.0,8,1,2,4,4,7,3,3,4,1,4.0,3,1,5.0,8.0,7,0.0,,,8,5.0,6.0,5,3,5.0,2,3,3,0,0.0,6,0,0,0,0,1,0,0,0,0,0.0,0,0,0.0,0.0,0,0.0,,,0,0.0,0.0,0,0,0.0,0,0,0,0,0.0,0
144.5,0.7636657556050918,-0.3058654388974309,0.6440569701768295,0.5859847166731118,1.875154171288423,0.6755518307132563,-0.0635882200228214,0.9573022815998802,-1.23973061795044,1.2657817175690644,0.4319254974935543,-1.3591318390922698,1.4377982824606514,1.0438633037106295,1.603867783424351,,,,0.9786091248324016,-0.1825922273039271,0.6064615586540876,0.9104872755747704,-2.0864898402514305,0.6821227225706848,0.0026202379330412,-0.1010608116298187,-1.5030651168129312,-1.4246869504043171,-1.4675345195177545,1.681073759257273,0.1175857040018804,-0.0615411333248794,0.1152895320365908,0.138552385557339,0.3769264597631472,0.1320802303991158,-0.012022518666404,0.1815511729069004,-0.2131179587010856,0.2480615634365634,0.0849418192918193,-0.2906273337773338,0.2847554473562214,0.1683917552826019,0.2399639431978858,0.0,,,0.1593930843524194,-0.0330295588828096,0.1135916545271035,0.1839291334052944,-0.3564956278327796,0.1225731436348308,0.0004469245838441,-0.0188878210197094,-0.2408631379628284,-0.2986966866466866,-0.2387472527472527,0.3434362620953177,6,5,8,5,6,5,5,6,5,5.0,7,4,10.0,9.0,8,5.0,,,9,7.0,7.0,7,5,6.0,5,6,8,5,9.0,7,3,5,4,7,7,7,5,6,5,5.0,4,3,7.0,9.0,10,0.0,,,9,9.0,6.0,6,7,9.0,5,6,6,3,2.0,7,2,2,3,4,6,4,2,4,1,3.0,2,0,7.0,7.0,8,0.0,,,7,4.0,4.0,4,1,5.0,2,3,2,0,0.0,6,0,0,0,0,1,0,0,0,0,0.0,0,0,0.0,0.0,0,0.0,,,0,0.0,0.0,0,0,0.0,0,0,0,0,0.0,1
145.5,1.2107409170839731,0.0024436898312799,0.468453255085951,-0.2453261798784195,1.002272275409579,0.8766533667192773,0.2465830944769434,0.5543500569025946,-1.5953682740687538,0.0634024152009403,0.3473759632114252,0.1138788614930147,1.700523073876738,1.639197025588001,2.0182761453942164,,,,0.7429595436619453,-0.5645901164495135,0.7295123324147331,1.4450196129819906,-2.6510722421345214,-0.0299568036756291,1.1642941743403266,-0.4007395392181027,-2.2625041274762085,-1.2219804806625598,-0.0593895298412031,2.1478378040788395,0.1981931441107912,0.0004767123399476,0.0841683705183705,-0.0560359266550443,0.2270902018689944,0.1642792900168286,0.0492436127168325,0.0995130392741073,-0.2690627022873927,0.0134217726717726,0.0750693029193029,0.0239098568098568,0.3313066618452066,0.2670229591021891,0.3083767980226501,0.0,,,0.1117646174528124,-0.1077890613170798,0.1337670385428125,0.2955286429257017,-0.4820965369597723,-0.005404043806211,0.2096321642409877,-0.0779005954657657,-0.3538889561762627,-0.2265898878898879,-0.0106203479527008,0.4512272837241878,6,6,7,4,6,6,4,5,7,4.0,6,4,10.0,8.0,8,3.0,,,9,7.0,7.0,6,5,5.0,6,8,7,6,8.0,6,4,4,3,8,7,8,5,6,5,3.0,4,3,8.0,8.0,9,0.0,,,10,8.0,6.0,5,6,9.0,4,6,6,2,4.0,7,3,2,2,3,5,5,2,3,1,1.0,2,1,8.0,7.0,8,0.0,,,7,3.0,4.0,4,0,4.0,3,3,1,0,2.0,6,0,0,0,0,1,0,0,0,0,0.0,0,0,1.0,0.0,1,0.0,,,0,0.0,0.0,0,0,0.0,0,0,0,0,0.0,1
146.5,2.0424205552646932,1.208816032914788,1.4591713707130032,0.0768971426154618,0.3326019351910234,-0.364763558755895,-0.0423044192992887,0.3135352315045083,-1.8071030432543087,-1.3573552166830325,0.5953802368480532,0.0465255048276581,1.7479487764767316,1.5004400986633164,2.1524699430192435,,,,-0.1366191131012591,-0.2471223085166443,0.4701164755254209,0.5392164287082021,-2.2307731265605155,-0.6630560788608949,1.34218028041546,0.0164631899781017,-1.3058539681168204,-0.8096117711382415,0.5680755587551142,1.8580188019695312,0.3395136700674626,0.2029378177378177,0.2637888555888555,0.0171100726071314,0.076005888847994,-0.0735721656740232,-0.008060289744655,0.0563279569759445,-0.3218550426611572,-0.2667303363303362,0.1299497053599995,0.009729020979021,0.3409847456035536,0.246375068911137,0.3501562910881762,0.0,,,-0.0232116250069609,-0.0463305326854087,0.0877852852256103,0.1085217072143542,-0.3842516067266067,-0.1195309525441878,0.2277363931819814,0.003264133011811,-0.2196422133250306,-0.128267316017316,0.1050544906074317,0.4020485427970723,5,7,6,6,6,6,5,5,8,2.0,7,5,9.0,7.0,8,2.0,,,8,6.0,8.0,6,4,6.0,8,8,7,6,6.0,7,5,2,2,6,7,7,5,6,6,4.0,5,3,7.0,6.0,7,0.0,,,9,9.0,6.0,5,4,8.0,3,7,6,1,5.0,5,4,2,2,3,4,3,2,3,1,0.0,3,1,7.0,5.0,7,0.0,,,5,4.0,4.0,3,0,3.0,3,4,2,0,3.0,5,0,0,0,0,0,0,0,0,0,0.0,0,0,1.0,0.0,1,0.0,,,0,0.0,0.0,0,0,0.0,0,0,0,0,0.0,1
147.5,0.4493560277876566,0.887379472584306,1.8590760051239923,-0.5010015760036817,0.5758807025963523,0.3917914861380532,-0.0227131223799181,1.553323240793567,-2.1202121039099433,-1.1897022860501416,-0.052150945934789,0.8706005724463354,2.1135191048757567,2.256916780418439,1.858990538072043,,,,-0.4586149766160764,0.0543527677537447,0.6433889159434556,0.0361525929092445,-0.2454652977926042,-0.5505001555717025,0.8160466506632078,0.1018037462251337,-1.3368381799244686,-0.796800313474411,0.5704040264535731,1.8645865359614704,0.0780904557946353,0.1101299311799312,0.2659825008325008,-0.1027798636004518,0.1383450654264896,0.07477582043,-0.0042699541170903,0.2825727572736861,-0.3938444053280741,-0.2805833444333444,-0.0117598189392306,0.211845349095349,0.3837492785937832,0.3461376042945702,0.289099538353691,0.0,,,-0.0815670589554625,0.0106088433410415,0.1098634414089521,0.0071583547171782,-0.0432096679464326,-0.0970159918083293,0.1313371267621267,0.0203986187015597,-0.2235849608080257,-0.1321690476190476,0.1079428434310786,0.3962528994397415,5,7,7,7,5,7,5,5,8,2.0,6,5,9.0,6.0,9,1.0,,,8,6.0,8.0,5,5,7.0,9,7,7,7,6.0,7,6,1,2,5,7,7,5,6,7,3.0,5,3,8.0,6.0,7,0.0,,,10,8.0,6.0,5,5,8.0,2,7,6,1,5.0,5,3,1,2,2,4,4,2,4,1,0.0,2,2,8.0,5.0,7,0.0,,,5,4.0,4.0,2,2,3.0,2,4,2,0,3.0,5,0,0,0,0,0,0,0,0,0,0.0,0,0,1.0,0.0,1,0.0,,,0,0.0,0.0,0,0,0.0,0,0,0,0,0.0,1
148.5,0.5653347975464256,0.744733525761231,0.9108772654837928,-0.1204179190128866,0.7674604091167249,0.7473075986918598,-0.6050268978970285,1.235120469428205,-2.1765383191967858,-0.442989544711755,0.1094576314655992,0.2139272529177825,1.988859745811334,0.1236102452324576,2.0731087824589194,,,,-0.2952104240497299,-0.3461693222995107,1.7018102112028617,0.6663089239001675,0.3224321991340391,-1.7688836030631427,-0.2988753135131078,0.2073044534535822,-0.5322472127718443,,0.1624146862701878,1.3630669146972558,0.1032518011056711,0.0903421633921633,0.1585302142302142,-0.0227012348762348,0.1830993260523447,0.1496092393330783,-0.1138081211701954,0.2455834181556317,-0.4078851169814017,-0.0923947552447552,0.0258308242411183,0.0538162781662781,0.3947918217317598,0.0189693097923748,0.33120109939977,0.0,,,-0.0545835517812229,-0.0667473936624092,0.3193586531115943,0.1252436563436563,0.0543758868582397,-0.32294360231272,-0.0454616577866577,0.0412897901032575,-0.0861477659767133,0.0,0.0295200470410222,0.2742208489223194,7,8,8,7,6,9,5,5,8,2.0,5,6,8.0,6.0,9,0.0,,,9,4.0,8.0,6,5,6.0,8,7,9,7,6.0,7,6,1,2,4,8,5,7,6,8,5.0,5,4,7.0,6.0,7,0.0,,,9,8.0,5.0,3,6,7.0,2,5,6,0,6.0,5,4,1,2,2,5,4,2,4,1,1.0,2,2,7.0,3.0,7,0.0,,,5,3.0,5.0,2,3,1.0,1,3,3,0,3.0,4,0,0,0,0,0,0,0,0,0,0.0,0,0,1.0,0.0,1,0.0,,,0,0.0,0.0,0,0,0.0,0,0,0,0,0.0,1
149.5,-0.1438751930513387,-0.0702003291509156,0.9081387880378274,-0.5458975055510905,0.8505976013405313,0.5989559959873357,-0.3899730620502313,1.1989775863569323,-1.9786491109153543,-0.7613941368459842,0.1269434833858684,-0.1137359647223707,1.6048834774061729,0.8537009854453294,1.081784363265367,,,,0.0636667996512498,-1.109922076888212,1.281692780706689,0.6943997470272114,1.281694641031348,-1.5353253287223994,-0.619655646346711,0.8287727835927646,0.0408910535873314,,0.6911329364233844,0.1540845292174286,-0.0267679976799945,-0.0099608169608169,0.1583134754134754,-0.0921794982794982,0.2098642923382087,0.1133426581588346,-0.0765275587587506,0.2437344064450978,-0.3902841740303041,-0.1615823589808884,0.0286492403021815,-0.0293317044067044,0.3172857852415902,0.1401374040905775,0.1751459300932986,0.0,,,0.0127151830539601,-0.2204454129547782,0.2330035735076757,0.1380245119259824,0.2206428908810488,-0.2840900349650349,-0.1014131802837685,0.1532540251114555,0.0066665704007035,0.0,0.1287460213505105,0.031192683623566,7,8,8,7,7,8,5,5,7,2.0,4,6,7.0,7.0,8,0.0,,,9,5.0,11.0,6,7,7.0,7,7,9,7,6.0,6,6,2,2,3,7,4,6,8,7,6.0,6,5,7.0,6.0,6,0.0,,,8,8.0,7.0,5,7,6.0,3,6,6,0,7.0,4,3,1,2,1,5,3,2,5,1,1.0,2,2,6.0,4.0,5,0.0,,,5,2.0,7.0,3,5,1.0,1,4,4,0,4.0,2,0,0,0,0,0,0,0,0,0,0.0,0,0,1.0,0.0,1,0.0,,,0,0.0,0.0,0,0,0.0,0,0,0,0,0.0,0
150.5,0.3198302046953784,-0.7439538006001383,-0.3281001188252325,0.6422066699022134,0.9533394158627152,-0.3491652160176868,-0.1732176028402059,1.2066658497985894,-1.084812746414075,-0.333558760499132,0.1571296904380991,-1.0462100992995569,1.4089707057800616,1.1157114260507297,0.146580841744346,,,,-0.4873091722715252,-1.1414581537015585,1.9278947893149485,0.0959266425052495,1.456219777080158,-1.3682605271892578,-0.6552055974102866,1.4648613917308282,0.0504840488873323,,-0.1374633029492892,-0.4282613433431281,0.0631109538466349,-0.1298538489288489,-0.0619850548144666,0.0858811133311133,0.2252879640912923,-0.0582253377685266,-0.0338667840329604,0.2434841237280092,-0.2113663580915129,-0.0671076918179859,0.0356844529653354,-0.2462072078248548,0.2788382103276841,0.1927672874339283,0.0244673209218505,0.0,,,-0.0893393754508306,-0.2342033268760824,0.3150769496413459,0.0191206298603358,0.2651515294389134,-0.25183742417713,-0.1084906439965263,0.2700295654465933,0.0087720582822748,0.0,-0.0277520816043262,-0.086110236985237,8,7,8,8,8,6,6,4,6,4.0,5,6,6.0,8.0,6,0.0,,,9,4.0,11.0,6,8,6.0,6,6,9,5,6.0,6,6,3,4,1,6,5,5,7,7,7.0,5,6,5.0,6.0,7,0.0,,,8,8.0,9.0,4,7,5.0,3,5,6,0,7.0,3,4,1,2,1,5,2,2,4,2,2.0,2,1,4.0,5.0,4,0.0,,,4,2.0,9.0,2,6,1.0,1,4,4,0,3.0,1,0,0,0,0,0,0,0,0,0,0.0,0,0,0.0,0.0,0,0.0,,,0,0.0,1.0,0,0,0.0,0,0,0,0,0.0,0
151.5,-0.048619234511447,-1.1952588351212692,-0.7024033972606611,-0.8000032506822178,1.4855074948408054,0.5464814687928958,-0.1527250390934547,0.3559721183918777,-0.3775754537597287,-0.4607339117795009,0.353442426454264,-1.1627453692515313,1.2867769675438054,1.2875346562022585,-0.0610720352801156,,,,0.1925654190754334,-1.15041886954674,1.9075103496437715,-0.0680238486956698,1.5286636765038084,-0.9573090578118996,0.2823046540896031,1.2981785867065148,0.0584120766027467,,-0.5248656244805195,-0.2950175276797184,-0.0092812160148073,-0.2336158429290007,-0.1450535329050035,-0.1371989621489621,0.2979919086761192,0.1049957440220597,-0.0275903970040966,0.0687335946904832,-0.0699183508613849,-0.0877158668129256,0.0800758269508268,-0.2749996985041102,0.2691415579518521,0.2170865247927167,-0.010287995822472,0.0,,,0.034190496637865,-0.2335814208065755,0.3252735684164476,-0.0140140836287895,0.2451427143376058,-0.1765571761571761,0.0490725077210371,0.2537354978269064,0.0099374166339336,0.0,-0.111288419586949,-0.0605343927314515,6,5,8,8,7,6,4,5,7,5.0,4,7,5.0,9.0,8,0.0,,,9,4.0,10.0,7,8,6.0,5,7,9,4,7.0,5,6,5,5,3,6,5,6,6,7,7.0,5,6,4.0,8.0,8,0.0,,,6,8.0,9.0,4,9,4.0,4,5,6,0,5.0,3,3,1,2,1,5,3,2,3,3,2.0,2,1,3.0,7.0,5,0.0,,,4,2.0,9.0,2,7,1.0,2,4,4,0,2.0,1,0,0,0,0,0,0,0,0,0,0.0,0,0,0.0,0.0,0,0.0,,,0,0.0,1.0,0,0,0.0,0,0,0,0,0.0,0
152.5,-0.0357001450732603,-0.8758507298154803,-0.734046211570704,-0.3999138585865435,1.826991208318611,0.0565459297199797,-0.2769341285314952,0.1850376346271143,0.4696210421505867,0.0415850650250526,0.3885399414518239,-1.743400783839538,0.9387717905685832,0.5639117500360302,-0.0377050172193737,,,,0.8945662417839295,-2.1617323724533586,2.2706098603573364,-0.7545892200083809,1.1220145747130654,-0.1091479015777306,0.8176033719810128,0.8626520494664411,-0.0791632552910443,-0.7899807935722992,0.2718281530823154,-1.1434529375298197,-0.0065197146334917,-0.1753213427954914,-0.1509143388001746,-0.065837393815335,0.3337117052881759,0.0106598326767831,-0.0509134679647837,0.0314851848272127,0.0833853357942367,0.0081594284800167,0.0882324286824286,-0.4260192247295189,0.1590177433677434,0.0928882108584793,-0.0063324642923371,0.0,,,0.156069575127315,-0.4181347859055289,0.3778916635207421,-0.1522062130679778,0.1868298768740719,-0.0214452214452213,0.1470934364053558,0.1594390116677267,-0.0131444668162934,-0.1389465367965368,0.057296617924559,-0.1939674769674769,7,6,7,7,7,6,4,5,6,6.0,4,7,3.0,10.0,6,0.0,,,9,3.0,10.0,5,8,7.0,5,6,8,2,7.0,6,6,6,6,5,4,6,6,7,7,7.0,5,6,2.0,9.0,9,0.0,,,6,9.0,10.0,4,8,4.0,5,6,7,1,5.0,2,3,2,2,2,4,3,2,3,4,3.0,2,0,1.0,7.0,5,0.0,,,5,1.0,10.0,1,6,2.0,3,4,4,0,3.0,0,0,0,0,0,0,0,0,0,0,0.0,0,0,0.0,0.0,0,0.0,,,0,0.0,1.0,0,0,0.0,0,0,0,0,0.0,0
153.5,0.2081009440159352,-1.055561672046804,-0.7319359201006107,-0.1624344445811067,0.9301189943346632,-0.6374129238213204,-0.250565137268028,-0.459224667491881,1.0591536986803705,-0.3525622647008647,1.6281557850411337,-0.9762816232328592,-1.5356509941795344,1.4005586558589234,-0.1064278882806848,,,,0.8706570457716257,-1.5448991166504673,2.1121982135336883,-2.106924635833643,1.51253472778056,0.7963979128248254,1.5244105185041428,0.1090488234003436,0.3881503117546008,-0.7941794405434695,1.023187225672793,0.0847474333493717,0.0376303315277773,-0.2186807167376828,-0.1480795587883049,-0.0276979076479076,0.1644559388324094,-0.1232476577859704,-0.0418109141288707,-0.08307593899049,0.1826618906806987,-0.0734126507479449,0.3467075613928555,-0.2514334489040372,-0.245069511044511,0.2278618697738599,-0.0180924442314091,0.0,,,0.1520976346752661,-0.2976605522788185,0.3482471912074854,-0.4398391371184714,0.2632379398723051,0.1587796037296037,0.2773821055277712,0.0193212020779358,0.0603754495934062,-0.1344556998556998,0.2021973346914523,0.0148483405483405,7,5,7,7,6,6,3,4,6,6.0,4,6,2.0,10.0,6,1.0,,,9,5.0,10.0,4,7,7.0,6,7,9,3,8.0,6,5,7,6,4,5,8,7,6,8,6.0,5,6,2.0,9.0,10,0.0,,,6,9.0,10.0,6,8,4.0,5,7,7,1,5.0,2,3,2,2,2,3,3,2,2,5,2.0,3,1,0.0,8.0,5,0.0,,,5,2.0,10.0,0,6,3.0,4,4,5,0,4.0,1,0,0,0,0,0,0,0,0,0,0.0,0,0,0.0,0.0,0,0.0,,,0,0.0,1.0,0,0,0.0,0,0,0,0,0.0,0
154.5,0.5331087719535108,-0.273931869375867,-0.3813173617595481,0.0490576293347069,0.7245011527516155,-0.2095348281289828,-0.2787482368095704,-1.5962824017743171,1.3381917960925218,-0.1255849496566077,1.5311967718613142,-0.5456201012806199,-1.4116434039541197,1.2531994493023793,-1.0896180121635082,,,,0.4533225232847564,-0.2247050251608064,1.6606262785578707,-0.8227590961215115,0.8058176494025111,0.5302822507718449,1.4494978666838938,0.5766215402893483,0.6973373083779141,0.8801826566313039,0.8685557825275662,0.7416277887979691,0.1001846494578693,-0.0572111721268068,-0.0753026365533331,0.0086893467643467,0.1482482861909332,-0.0388136551570055,-0.0491450989928545,-0.2882109540871924,0.2409916690035111,-0.0265088134088133,0.3295618048618048,-0.1246743093507799,-0.2317764707514707,0.2072434220025349,-0.1861330485571621,0.0,,,0.0814787735226589,-0.043905202820915,0.2804497796967544,-0.1871781843973021,0.1374837301243647,0.1019323953823954,0.2526538154827629,0.1012132734396665,0.1035726237213079,0.1696184648684648,0.1604921606171606,0.1093099733599733,7,5,6,8,5,6,2,3,6,6.0,4,6,1.0,9.0,8,3.0,,,8,4.0,10.0,4,7,7.0,8,7,10,3,8.0,7,6,7,7,5,5,9,7,7,7,5.0,5,7,2.0,8.0,9,0.0,,,6,10.0,10.0,5,8,5.0,6,6,6,2,4.0,1,4,3,3,3,3,4,2,1,5,2.0,3,2,0.0,7.0,4,0.0,,,4,4.0,9.0,1,5,3.0,5,4,5,1,3.0,1,0,0,0,0,0,0,0,0,0,0.0,0,0,0.0,0.0,0,0.0,,,0,0.0,1.0,0,0,0.0,0,0,0,0,0.0,0
155.5,-0.0813784433891989,0.234339331427524,-0.1529261631293276,-0.0905063854763504,0.48160497246738,0.4859946588251774,-0.192222760106401,-1.725093472866265,0.2798369887526801,-0.6291111831459771,-0.2098700720847906,0.570119750869107,-0.138935990116766,1.3882261114977588,-0.1477283048458988,,,,0.8269171161728239,0.6670561216182671,1.3988040644776234,-1.0968037370081938,-0.4052780623717267,0.8646917893361428,1.2137547581397148,0.1204876334796581,-0.1200658231863511,0.5631318356712457,0.2897299789558075,0.7873869078396676,-0.0140233484523732,0.0461321775575644,-0.0307861985365854,-0.015834017453135,0.1034796262560968,0.0878119292558148,-0.0343653377496257,-0.3289708101324201,0.0519381433731314,-0.1160468697968697,-0.0437640637140637,0.1228276102981985,-0.0250432797594562,0.2282643105776233,-0.0241171802800481,0.0,,,0.1497547488716993,0.1299461006743514,0.2416418734605905,-0.2307999800680915,-0.0768518101609432,0.1816572688749159,0.2155636286056564,0.0191907641807796,-0.0177318206647154,0.1053777555777555,0.0497508935508936,0.1126258852258852,6,5,7,7,4,7,2,3,5,7.0,4,7,2.0,8.0,10,4.0,,,8,6.0,9.0,4,7,8.0,8,9,10,4,8.0,7,6,8,6,6,6,8,7,7,8,6.0,4,7,4.0,7.0,9,0.0,,,5,10.0,10.0,6,7,5.0,6,6,6,2,3.0,1,3,4,3,3,3,5,2,1,4,2.0,1,4,1.0,6.0,6,0.0,,,4,6.0,8.0,1,3,4.0,5,4,4,1,2.0,1,0,0,0,0,0,0,0,0,0,0.0,0,0,0.0,0.0,0,0.0,,,0,0.0,1.0,0,0,0.0,0,0,0,0,0.0,0
156.5,-0.6845444493545828,0.835132536219315,-0.1346864106346734,0.6384505821391792,-0.8439691291621171,0.7267373531829001,0.4436485080702218,-1.7884995786815705,0.4720047738066755,0.6795750127304365,0.8131507148869775,0.7890565665480639,0.6940229614800758,1.5251166957976958,-0.4889387195655222,,,,1.2631391634086302,1.002060093465575,0.3848718592342711,-0.4623077455547801,0.0813033852412217,1.3864905802234448,0.5083665074364613,0.0160314144878366,-0.3545748109319356,1.0528115958944146,0.2724767387874773,1.0412221522438203,-0.1208126603272887,0.1642526326528649,-0.0272237521594332,0.1186320181452534,-0.1692003888354508,0.1291484002745883,0.0813849586945562,-0.3478903831866074,0.086995024784596,0.1193391286817757,0.182910384060384,0.1687283859930918,0.1321177641072377,0.2414791458971026,-0.0801718097385481,0.0,,,0.2247281817339866,0.1993584647035111,0.0702659353546351,-0.0947332440607208,0.0156731706202294,0.2932087993963381,0.0872900584365753,0.0027408416488912,-0.052695446873388,0.19965555000555,0.0476250083250083,0.1483608336108335,8,7,7,6,5,8,3,2,5,6.0,4,6,2.0,7.0,10,6.0,,,7,7.0,9.0,4,6,8.0,8,9,8,5,8.0,6,7,7,6,5,7,9,5,8,8,6.0,4,7,5.0,6.0,8,0.0,,,5,10.0,9.0,7,6,7.0,6,7,6,3,3.0,1,3,5,3,3,2,6,2,1,4,3.0,2,4,2.0,5.0,5,0.0,,,4,7.0,6.0,2,3,6.0,4,4,3,2,2.0,1,0,0,0,0,0,0,0,0,0,0.0,0,0,0.0,0.0,0,0.0,,,0,0.0,0.0,0,0,0.0,0,0,0,0,0.0,0
157.5,-0.1728756198002373,0.8428609876977572,-1.040413587263867,0.2848083681669839,-0.6871859145465073,1.1319383966756376,0.5486859862559113,-1.5846688475798765,-0.6840931432283688,-0.0546999743645327,1.0387308367679,1.812741339707252,0.9801578753467298,3.023021612434675,-0.2517245199005823,,,,0.2799762379019785,0.9896295309236726,-0.4703338747165457,-0.8411173418593016,-0.7894596500474774,1.251041171236988,-0.0079776977668871,0.818459357310069,-0.4879719627843143,0.9996028172296592,-0.5843403769176791,1.9299529224046457,-0.0314770324532708,0.1627359511403628,-0.2051771067941347,0.0529448024198024,-0.1425492099489778,0.2163003544786826,0.1054767753831995,-0.3063136218786373,-0.1272671640794705,-0.0104744255744255,0.2270819957819957,0.3837047078738255,0.1910023130464309,0.4813767000972883,-0.0399308230405719,0.0,,,0.0459841406959055,0.1996900668646798,-0.0887720239598722,-0.1721154288693762,-0.149862711471535,0.279557690933078,-0.001380962913935,0.1455488608312911,-0.0767121109282873,0.2096276445776445,-0.1019522782772782,0.3270074536574536,8,6,7,5,6,7,3,2,3,6.0,5,5,4.0,5.0,11,6.0,,,6,9.0,7.0,6,7,8.0,7,9,8,7,6.0,5,7,6,7,4,8,8,5,7,7,5.0,3,7,7.0,4.0,7,0.0,,,4,10.0,9.0,7,6,7.0,6,6,4,4,3.0,2,4,4,2,2,3,6,2,1,2,2.0,2,5,4.0,4.0,5,0.0,,,2,8.0,4.0,2,2,6.0,3,5,2,3,1.0,2,0,0,0,0,0,0,0,0,0,0.0,0,0,0.0,1.0,0,0.0,,,0,0.0,0.0,0,0,0.0,0,0,0,0,0.0,0
158.5,-0.3817081411031953,0.5879017498307354,-0.358310758838583,0.4930905542834716,-0.5422700685610263,1.5726349306146583,2.038205963384351,-0.6992618259948609,-1.6769584575386487,0.5789582203705806,0.1073517576237374,1.6262084475540903,1.1707218763553264,3.043993922184796,0.3957932044543077,,,,-1.082247919289712,1.101391337080852,-1.7157371009886482,0.1441648207138667,-1.087303362150151,0.5668306484409944,-0.8503813743056117,1.004317624467597,-0.2904254444200345,1.1212536043617105,-1.722646730121388,1.4182762901640773,-0.0688716325126541,0.110087686900303,-0.0705258242703289,0.0977965284715284,-0.1076001495064962,0.2943305853417308,0.3872476618153088,-0.1296646449353879,-0.3238126871924084,0.1124684426684426,0.0226346375846375,0.3177532711268779,0.229762066021354,0.4664537094914029,0.0607294249651128,0.0,,,-0.1740682276873453,0.2282552763284188,-0.3165193126189256,0.0300436632854589,-0.219816577540107,0.1213527411013478,-0.1468055672311864,0.1654390549337143,-0.0468318571950924,0.2332309468309468,-0.3243270007770008,0.2663748751248751,8,7,7,5,6,8,4,3,3,5.0,5,5,6.0,4.0,10,6.0,,,5,10.0,5.0,6,7,7.0,6,8,7,8,5.0,6,6,6,7,6,8,8,4,7,7,4.0,3,8,7.0,5.0,7,0.0,,,4,9.0,9.0,6,5,8.0,6,7,4,5,3.0,2,3,4,3,3,3,7,3,2,1,2.0,1,5,5.0,4.0,5,0.0,,,1,8.0,2.0,3,1,5.0,2,5,2,4,0.0,2,0,0,0,0,0,0,0,0,0,0.0,0,0,0.0,1.0,0,0.0,,,0,0.0,0.0,0,0,0.0,0,0,0,0,0.0,0
159.5,-1.7008824264815992,0.595407879697668,-0.7846755580066854,0.8492868467679444,-0.1898997626097305,1.7292021273395226,0.978058800787278,-0.2761107324443745,-1.924156583493016,1.14749707587945,0.4505860589713083,1.8421026672775025,1.587616687626362,1.8211477189828733,0.1892201788369828,,,,-1.3621799449711436,1.2387051676013818,-2.6419797566700485,0.1296291796602447,-0.2133319406028442,0.782459947386494,-0.5606741022985179,1.5236448283375568,-1.5188581359754465,1.2189454285402237,-2.0993307522540063,0.958864365515586,-0.3213495916020684,0.1166689347803898,-0.1637922575274742,0.1833419856287503,-0.0386976393575464,0.349299262235872,0.1788493980477726,-0.0493173498328296,-0.3455331800735422,0.2208650405150404,0.0850206182706183,0.3761483901719196,0.3063173039207096,0.2916121032562209,0.0287433673739401,0.0,,,-0.2463531770087498,0.2405221061704032,-0.444810072392348,0.0258200519896339,-0.0403837773337773,0.1554455728052477,-0.0987791846955933,0.2567859711324107,-0.2709729961215255,0.2620186341436341,-0.3891188977688978,0.1875249373175843,7,7,6,6,7,7,5,4,3,5.0,6,5,8.0,3.0,8,4.0,,,6,9.0,3.0,6,8,6.0,5,8,5,7,4.0,5,6,6,6,6,8,7,5,6,8,5.0,2,7,8.0,5.0,6,0.0,,,5,8.0,10.0,6,4,9.0,6,7,5,5,4.0,3,1,4,2,4,4,6,3,2,1,3.0,1,5,7.0,3.0,4,0.0,,,1,7.0,1.0,3,2,5.0,2,6,1,4,0.0,2,0,0,0,0,0,0,0,0,0,0.0,0,0,0.0,1.0,0,0.0,,,0,0.0,0.0,0,0,0.0,0,0,0,0,0.0,0
160.5,-2.0673394748668104,0.0296022655074777,-0.1753171451860947,0.6622777182625659,-0.7955865483395673,1.6779747383191137,0.2827443603533417,0.5815707773102451,-1.5301473649064925,1.862805014192923,-0.9304206839700492,0.938297844988578,1.5994966245235835,0.6862147046359098,-1.21294316586406,,,,-2.757385619544634,1.323430583816756,-3.4033967173031545,0.6736088005816568,0.9597033052471912,0.3202815987280283,-2.6125603170501654,1.5407895713803228,-0.6317416270924435,1.301117352941836,-1.9413337535273187,0.9557377115190808,-0.3525250460495817,0.0059666062695474,-0.0353480391727296,0.1410325489869607,-0.1687190438216752,0.2919547899211212,0.0532303461330551,0.1059103999285887,-0.2822242337383978,0.4277360361860362,-0.1873195748695748,0.2094305167055166,0.3261206228583937,0.1144498198481944,-0.1873339333696919,0.0,,,-0.4981081058088798,0.2416785513420188,-0.5942349770198841,0.1448909486454378,0.1790317523979288,0.0668947211199533,-0.4553592149250818,0.2620503185582907,-0.1109831573655103,0.2716313891990363,-0.3908645989631283,0.1875274059274058,6,8,7,5,7,8,6,6,4,4.0,5,5,9.0,2.0,6,3.0,,,5,9.0,2.0,7,9,5.0,4,8,6,7,4.0,5,6,5,6,7,8,7,6,5,6,4.0,2,5,7.0,5.0,6,0.0,,,6,8.0,9.0,6,5,8.0,5,7,5,7,4.0,3,1,3,3,4,3,6,3,3,1,3.0,0,3,7.0,2.0,2,0.0,,,0,7.0,0.0,4,4,4.0,0,6,2,5,0.0,2,0,0,0,0,0,0,0,0,0,1.0,0,0,0.0,1.0,0,0.0,,,0,0.0,0.0,0,0,0.0,0,0,0,0,0.0,0
161.5,-1.848715907108274,1.3638857564925622,1.176477956425308,-0.4523677297812463,-0.2649375270840554,0.1490015276420648,0.3431853334075505,1.3268551560753317,-1.4345419179854102,1.8208300634513672,0.764566356973818,1.915197506769138,1.5676534837863814,-0.0722184961748203,-1.3565239594939165,,,,-2.9515581165845415,1.299088188013511,-3.613212490227603,0.9515004404818304,0.2626937702054726,-0.0514300801583888,-2.3252396905443096,1.4448440098783957,-0.5217937034669261,1.1897513487639917,-1.2079825209158683,0.6451986589884404,-0.330734925549167,0.2798701129365991,0.2307051734471239,-0.0973895778112497,-0.0508693808427553,0.0252847563083631,0.0639579461216457,0.2276375170581052,-0.2643799382076472,0.42927775002775,0.1688353868353868,0.4092084804084804,0.298655438876569,-0.0122870835562785,-0.2099901023151629,0.0,,,-0.5574477183119597,0.2621819449728118,-0.6197587214956712,0.1882061678431648,0.0477291314894256,-0.0106571873173265,-0.3979539080200844,0.2573042389756786,-0.089858005230064,0.2550486325765738,-0.243082879212291,0.1302194669709375,6,7,6,6,7,8,6,8,3,4.0,6,5,10.0,2.0,5,2.0,,,4,9.0,1.0,7,8,5.0,5,7,7,7,5.0,6,7,6,7,8,9,7,8,3,6,4.0,3,5,7.0,6.0,7,0.0,,,8,8.0,10.0,6,5,7.0,4,6,5,7,5.0,3,1,5,5,3,4,4,4,3,1,3.0,2,4,7.0,2.0,2,0.0,,,0,7.0,0.0,4,3,3.0,0,5,2,5,1.0,2,0,0,0,0,0,0,0,0,0,1.0,0,0,0.0,0.0,0,0.0,,,0,0.0,0.0,0,0,0.0,0,0,0,0,0.0,0
162.5,-1.7388089810799443,0.8706938685543242,1.3567358782313297,-0.1329171105197355,-1.0667414970855114,-0.6507461889082792,-0.2511520048628685,0.6871790925327238,-1.3840646634807825,2.7166048056150593,0.3359171436301578,1.5754720081500204,1.3582502809714336,-0.9326023865134416,-0.528689980715243,,,,-3.103083005364368,0.9264888392073,-2.4614205213244316,1.8433570182642485,0.3155409972457496,-0.1515608856995894,-2.3482213012975484,0.3225471043434706,-0.5533160951632425,1.0164745321191442,-0.847150240440921,0.2547275782226091,-0.3485947701077732,0.1781592294100807,0.278233256449433,-0.0261338923460441,-0.1867264855973061,-0.1034025965864201,-0.0479793164094247,0.1180794204505505,-0.2489280878478246,0.666951714951715,0.0725694416694417,0.3226134254634254,0.2472480756773326,-0.1593612542943812,-0.082798297318586,0.0,,,-0.5752751612814877,0.1938759765861932,-0.4111363833792626,0.4067794524103348,0.0609620302899714,-0.031344837446695,-0.4144563554264792,0.0575379935252226,-0.0894973487297016,0.230602795733678,-0.160908325008325,0.0437536241536241,6,7,6,7,6,7,6,8,3,4.0,6,5,10.0,3.0,5,2.0,,,3,8.0,2.0,7,7,4.0,4,7,8,6,6.0,6,6,7,5,8,9,8,7,4,6,4.0,4,4,6.0,7.0,7,0.0,,,9,8.0,9.0,5,5,8.0,5,7,5,6,4.0,2,1,5,4,4,3,3,3,3,1,4.0,2,3,6.0,2.0,3,0.0,,,0,6.0,1.0,5,3,3.0,0,4,2,4,1.0,1,0,0,0,0,0,0,0,0,0,1.0,0,0,0.0,0.0,0,0.0,,,0,0.0,0.0,0,0,0.0,0,0,0,0,0.0,0
163.5,-1.9768640353734168,0.5099122459094745,1.0486587061946495,-0.1650001427193964,-1.834155514167413,-1.16456474918728,-0.7653053642261476,0.8546532991661006,-0.1473374227962537,2.0554732935418327,-0.0200594992228037,0.3400973889142674,1.3898448894429556,-0.6217589055070081,0.2183040813246662,,,,-1.665629717337061,0.7737730864021968,-1.8544915888828577,1.0774654277974256,0.0693986206059615,-0.1480827469367918,-2.1968385401242108,0.1244517498312725,-0.5394333690778691,0.3821332784617813,-0.1008768494541021,-1.4093390981604592,-0.4067327667774262,0.102409007667599,0.2124629935424053,-0.029954211560713,-0.3038057278376937,-0.212792634506876,-0.1422065459050753,0.1427230590960467,-0.0273195334936821,0.4942722945355298,-0.0043915791724615,0.0705205461205461,0.2207500106188961,-0.1019721317725961,0.0338101864991621,0.0,,,-0.3049978828372387,0.1642995229143061,-0.3228747707572785,0.2412640103360691,0.0123441471926765,-0.0323552564308756,-0.3997943290369761,0.0225715526561501,-0.0867588370779547,0.0809193417693417,-0.0191896797646797,-0.2349482683982684,6,7,6,8,6,6,6,8,3,5.0,6,5,10.0,5.0,6,1.0,,,4,7.0,3.0,7,6,4.0,4,8,8,4,7.0,7,7,6,4,8,9,7,6,4,6,6.0,5,2,7.0,8.0,7,0.0,,,9,9.0,7.0,5,6,8.0,4,7,5,7,4.0,2,1,4,3,4,2,2,2,3,2,5.0,2,1,6.0,3.0,4,0.0,,,2,6.0,1.0,4,3,3.0,0,4,2,3,2.0,0,0,0,0,0,0,0,0,0,0,1.0,0,0,0.0,0.0,0,0.0,,,0,0.0,0.0,0,0,0.0,0,0,0,0,0.0,0
164.5,-1.7655870917722871,-0.4880183357112235,0.618226259223198,-0.1990353494476734,-1.804280019149125,-0.4611506885010692,-0.1589532288142129,0.5207345538910537,-0.8666051631589757,1.3902365689175016,-0.1558848924660626,0.8168948581565412,1.0190631440351845,0.0435036408101578,0.0803283014778466,,,,-0.1070179013052812,0.6939953633664813,-1.01858242096301,0.3945019132819726,-0.8266097444480881,-0.9683413692550906,-0.8853401292026887,0.0453615540463727,-0.4813737583727372,-0.3085569588250744,0.4236231840830894,-0.049332988249362,-0.3663853991124114,-0.1002037385988623,0.1149487378634437,-0.0338611546692041,-0.3167509633469386,-0.0894932455408966,-0.0292494795538139,0.0856673213697207,-0.1629243952384045,0.3109087066528244,-0.0337498553733848,0.1338385447885447,0.1704779046890502,0.0073291985620158,0.0126993200641808,0.0,,,-0.0205951513768684,0.1490831114877554,-0.1770969567584119,0.0817740764137823,-0.1574906727345582,-0.2044718504233983,-0.168903986373104,0.0081419329724283,-0.0772069046966105,-0.0629897576365842,0.0781695988651871,-0.0094032689532689,6,6,8,8,6,7,5,8,2,5.0,6,5,9.0,7.0,8,2.0,,,5,7.0,5.0,7,5,5.0,5,8,8,2,9.0,7,7,7,4,8,9,9,5,5,5,6.0,6,2,6.0,7.0,8,0.0,,,9,9.0,7.0,5,7,8.0,4,5,4,8,4.0,2,1,3,3,4,2,4,2,3,1,4.0,2,1,5.0,4.0,5,0.0,,,4,6.0,2.0,3,2,2.0,1,3,2,2,3.0,1,0,0,0,0,0,0,0,0,0,1.0,0,0,0.0,0.0,0,0.0,,,0,0.0,0.0,0,0,0.0,0,0,0,0,0.0,0
165.5,-2.0440092521359468,-0.6464049923106755,-0.4945990557898725,0.5584186562470141,-0.8275130223572588,-0.2840718687397537,-0.1541437843656297,-0.6080797789718819,-1.4838386927419434,0.9664722040886696,-0.2271301225673882,1.603893204423749,0.4361393585339055,0.7138532936809874,1.5169990027673357,,,,-0.3130284772704212,0.2747454560964475,-1.1844426077678372,-0.4463448525442268,-1.3977211034966703,0.1140158948438206,0.294333371851708,-0.3377613323627269,-0.2929703186685992,-0.3251432003195712,0.902591459848168,0.2176334668667112,-0.3782817587039722,-0.1295139488478497,-0.091501504051504,0.0934385969293863,-0.1420888765087681,-0.0530395599991607,-0.0276027288071405,-0.1069976277162809,-0.2699523446711527,0.2124427433677433,-0.0500078108166344,0.2952304029304029,0.0752083820290476,0.117691185207981,0.2333697844612874,0.0,,,-0.0612091065292674,0.055552394251775,-0.2142165352019841,-0.0909933685595449,-0.2820690237866708,0.0243367047297387,0.0539541350806056,-0.0629232687247393,-0.0458604780840074,-0.0645522049587838,0.1671357059607059,0.0412264392470275,8,7,7,8,6,6,4,7,3,5.0,6,6,8.0,9.0,10,2.0,,,6,7.0,6.0,7,6,6.0,5,8,7,2,7.0,7,6,7,3,8,8,10,3,5,6,5.0,6,2,6.0,8.0,7,0.0,,,9,9.0,7.0,5,6,8.0,4,4,4,8,4.0,4,1,3,1,5,3,4,1,2,1,3.0,2,2,4.0,6.0,7,0.0,,,4,5.0,2.0,2,1,4.0,2,2,2,2,3.0,2,0,0,0,0,0,0,0,0,0,0.0,0,0,0.0,0.0,0,0.0,,,0,0.0,0.0,0,0,0.0,0,0,0,0,0.0,0
166.5,-2.2683925871059487,-1.6580703261567007,-1.0330730694447574,1.3231548180011252,-0.3627000458689017,0.4924543271332564,-1.4801340115217652,-1.0046253729886856,-1.2302814273194782,1.093896851373494,-1.57271974977966,0.4234726220769036,0.005476446079496,0.8450104871195443,1.7811929532470994,,,,0.2262791310014284,0.2544851138725359,-0.4243509548644542,-0.8981816486405697,-2.116053851893777,-0.3147774646829328,-0.2330219641042089,-0.3635119361873102,-0.6684240129590844,-1.212087990954295,0.854830208912752,0.1868035746937043,-0.383114525189293,-0.3372381931192302,-0.134618931068931,0.2191965552507347,-0.0707813115075498,0.0844881398596468,-0.2534391074611662,-0.1776768509783989,-0.220125581822718,0.2222179820179819,-0.3612164196914196,0.0757272505272505,0.0009478869255959,0.1404972476697709,0.2729256398609541,0.0,,,0.0460366448955389,0.0524483304191508,-0.0784585244133233,-0.1704390971773325,-0.4399140330257977,-0.0661218015644486,-0.0435270644388291,-0.0634678339634222,-0.1043743465684641,-0.2431226057482249,0.16797579593609,0.0390175943337708,7,5,7,8,5,5,3,7,4,5.0,5,5,6.0,10.0,10,2.0,,,7,8.0,8.0,6,5,7.0,5,8,6,1,7.0,8,7,6,1,8,8,10,3,6,5,5.0,5,2,6.0,7.0,7,0.0,,,9,8.0,6.0,4,5,7.0,5,4,5,8,4.0,5,1,1,0,6,3,5,0,2,1,3.0,0,1,3.0,6.0,7,0.0,,,5,5.0,3.0,1,0,3.0,2,2,2,1,3.0,3,0,0,0,0,0,0,0,0,0,0.0,0,0,0.0,0.0,0,0.0,,,0,0.0,0.0,0,0,0.0,0,0,0,0,0.0,0
167.5,-2.2279129701702254,-1.361289116751567,-1.0354337669200266,1.9962693955766984,0.2238418705731238,0.537654335469051,-1.6170512961051804,-1.7382876355915666,-1.123509684006181,0.6074466612009793,-0.733606347761107,-0.1531464990159978,-0.1776444321139938,1.6291147308425458,1.1365953910210396,,,,0.5456504298828285,1.5423774520462032,0.0921835369727374,-2.0040604062735596,-2.0794869836138976,-0.8651672630517142,0.1038261973555516,0.0949977013266347,-0.6310002347500631,-0.5156280578685449,0.3311072164314905,0.3265170719583006,-0.3724973859903427,-0.264385950487421,-0.134503169053169,0.3073150101446541,0.0427618064597941,0.0969465257043699,-0.3046306938159879,-0.3159195774985248,-0.1991575422599416,0.1154734987234986,-0.1594629631806102,-0.0285099900099899,-0.0315067994441058,0.2673123979429134,0.1817418348421444,0.0,,,0.109997051207867,0.2992282962909123,0.0162605102585752,-0.3594069972511149,-0.4373526313555725,-0.1873955676676265,0.0179603790000849,0.0151302068846186,-0.0952788917480867,-0.1045087979529929,0.0652011551571922,0.06686269964126,7,5,7,8,7,6,2,6,4,5.0,4,5,5.0,11.0,10,2.0,,,8,8.0,8.0,5,7,8.0,6,8,5,2,6.0,9,6,5,1,8,7,9,3,6,5,4.0,6,3,5.0,8.0,5,0.0,,,9,8.0,7.0,4,5,6.0,4,4,6,8,6.0,6,1,1,0,7,4,5,0,1,1,2.0,1,1,2.0,8.0,5,0.0,,,6,7.0,4.0,0,0,2.0,2,2,2,2,3.0,4,0,0,0,0,0,0,0,0,0,0.0,0,0,0.0,0.0,0,0.0,,,0,0.0,0.0,0,0,0.0,0,0,0,0,0.0,0
168.5,-2.2621433274840803,-1.1262558891292411,-1.0319924895291737,0.9845460804749856,0.9925042667009528,0.012584063193257,-1.7512015416423692,-1.9115448373635473,-2.6954176613926086,0.5590279067523132,0.0458597259200601,0.3137735883800848,0.5061052187284758,1.6180793232737145,1.4061622038575885,,,,0.5794872857795941,1.0258657923958796,-0.5970930370607449,-1.9972319999127752,-1.8656394034681825,-0.8591995824231733,0.5170932190796249,0.20466997739011,0.1235332156375164,-0.6115279373266278,0.5614056190458098,0.97970429164022,-0.3678774926999385,-0.2133034093357623,-0.1346716505716506,0.1511061406258,0.1768018941928384,0.0024069473925814,-0.3445025814055226,-0.3455726481121218,-0.4363827832470247,0.1057432955932956,0.0105297614150555,0.0599842463092463,0.0936245445730739,0.2726276781354182,0.2060416178334909,,,,0.1079550417672844,0.2071446886360972,-0.1067453259588708,-0.3597441225441225,-0.3751581918081918,-0.184267884239943,0.0863707509810451,0.0341141148067618,0.0197115028418434,-0.1253836315816965,0.1159263713410771,0.2012443334357421,7,5,7,7,6,5,2,4,3,4.0,4,5,5.0,9.0,10,,,,8,9.0,9.0,5,9,8.0,7,8,6,3,6.0,9,6,5,1,9,6,9,4,7,5,2.0,6,5,4.0,6.0,6,,,,9,7.0,8.0,4,4,6.0,3,3,6,8,5.0,6,1,1,0,6,4,4,0,1,0,1.0,2,2,2.0,6.0,6,,,,6,6.0,4.0,0,0,2.0,2,2,3,2,3.0,5,0,0,0,0,0,0,0,0,0,0.0,0,0,0.0,0.0,0,,,,0,0.0,0.0,0,0,0.0,0,0,0,0,0.0,0
169.5,-2.0470756403637993,0.622559141444935,,-0.3044454092326562,1.4952855328288732,-0.361630208445894,-1.7914343012403315,-2.053474419442588,-1.478103989692809,2.08278919291195,0.396550389571574,-0.0754014838667258,-0.6508081681165008,1.6628900513690057,0.2519931271966781,,,,-0.1441179822474266,0.7473096968963899,-0.5289575151430109,-1.6462200893881254,-0.8859854521067803,-0.9174623764885736,-0.7332533799264864,-0.554124015928756,0.0942638701818946,0.6851752084410637,0.5780876178286325,0.8398731762685083,-0.3478682784106158,0.1134324675324675,0.0,-0.0464422676394812,0.2795820976409212,-0.0743707480685809,-0.3482394683747624,-0.3597517244589663,-0.2601545532984388,0.43799884004884,0.0883786801433859,-0.0143774384112618,-0.1110753754415519,0.2677652525149429,0.0373106257949137,,,,-0.0265759652762545,0.147202789788471,-0.0933075617622831,-0.3028844155844156,-0.153912123987124,-0.1894649623252564,-0.1196583086847792,-0.090660782028429,0.0155487212907491,0.137909086613421,0.1180376814362107,0.1643158428259047,7,6,7,5,6,4,3,4,4,4.0,3,5,6.0,9.0,9,,,,9,9.0,9.0,5,7,9.0,7,9,6,5,6.0,8,6,3,0,10,5,8,4,8,6,2.0,6,6,3.0,6.0,6,,,,9,8.0,8.0,3,4,6.0,3,4,6,8,5.0,7,1,2,0,4,4,3,0,1,1,2.0,2,2,1.0,6.0,4,,,,5,6.0,4.0,0,1,2.0,1,2,3,4,3.0,5,0,0,0,0,0,0,0,0,0,0.0,0,0,0.0,0.0,0,,,,0,0.0,0.0,0,0,0.0,0,0,0,0,0.0,0
170.5,-1.0789627668153718,0.8735183138998931,-0.8588135687928445,0.1893789349620731,0.275245518196863,-0.6464562103749928,-0.871812657194767,-2.234418568262349,-0.691764841851743,2.144158725425972,0.9451579747772674,-1.2703889048264194,0.5974051420518213,1.5949980053870674,-0.0967216203371808,,,,0.7598572409285048,0.6663717751896403,-0.342735253832593,-1.3013840064613291,-0.5483092170157954,-2.2148568407343374,-1.9082782030436924,-0.4120864118263372,0.7975752689396559,0.3536195402803084,0.4607057138607599,0.522910464873981,-0.1887308704281614,0.1394647241647241,-0.1068545898545898,0.0315748309138401,0.0508178591016826,-0.1270029853228837,-0.1742840904107931,-0.3932055722922327,-0.1234663851284594,0.4751712343212343,0.2134555167055167,-0.2309094763080056,0.0951535076035076,0.2423665726945913,-0.0139931122010608,,,,0.1407210660254779,0.1282524357049898,-0.0600014462231954,-0.2270423354423354,-0.0942869963369963,-0.4756573225793814,-0.3155254191886545,-0.0662111203897581,0.1435844491421891,0.0703515661411171,0.0892583991172226,0.1009083648721419,6,6,6,6,7,5,3,4,4,5.0,2,4,7.0,9.0,8,,,,9,7.0,9.0,4,6,8.0,7,9,6,6,7.0,7,6,3,1,8,5,9,5,8,7,3.0,5,7,3.0,5.0,7,,,,8,8.0,7.0,2,3,6.0,3,6,6,8,5.0,7,2,2,0,4,3,3,1,1,2,3.0,2,1,2.0,5.0,4,,,,6,5.0,4.0,0,1,0.0,0,3,4,4,3.0,4,0,0,0,0,0,0,0,0,0,0.0,0,0,0.0,0.0,0,,,,0,0.0,0.0,0,0,0.0,0,0,0,0,0.0,0
171.5,-0.1852912124922667,1.3206114105008884,-1.4233487409168517,-0.3464396910119145,0.830862236355492,-0.3797715468142207,-0.9557182269088096,-1.476828259150755,-0.1113825354315578,1.241586842152263,0.9641351094862038,-1.1426564887538853,1.181787482190453,1.2584247877038297,-0.8200631036311902,,,,0.9434652955796732,-0.4908983860268113,-1.129424174569474,-1.6425324788182585,0.2795265320378939,-1.9611411644200736,-0.5617801535137548,0.1304127854895671,0.7703553129696518,0.1446261768461566,-0.1137408743332007,0.8829751063222784,-0.035148446608431,0.216780894105894,-0.2486667221667222,-0.0627752324215171,0.1608991737536629,-0.0818052768181252,-0.1789120658065704,-0.2398464120704529,-0.0194417664427525,0.276222594072594,0.2177408369408369,-0.23072045650428,0.2190400059091234,0.1885401244094742,-0.1255533520121015,,,,0.1747982837853581,-0.0928638314300078,-0.2001712436514294,-0.3068380341880342,0.0447842657342656,-0.3977854481603707,-0.0924149378399378,0.0235002034858845,0.1449390266596149,0.0280547180030152,-0.0198820467114584,0.1789739166578176,7,8,7,6,7,5,3,5,3,4.0,2,3,8.0,7.0,6,,,,9,5.0,7.0,3,5,7.0,7,9,8,8,8.0,5,6,3,2,7,6,8,5,8,8,3.0,5,7,3.0,5.0,7,,,,8,8.0,8.0,3,2,8.0,3,6,5,8,4.0,5,3,3,0,3,4,3,1,2,3,2.0,2,1,3.0,4.0,3,,,,6,3.0,3.0,0,1,1.0,1,4,4,4,2.0,3,0,0,0,0,0,0,0,0,0,0.0,0,0,0.0,0.0,0,,,,0,0.0,0.0,0,0,0.0,0,0,0,0,0.0,0
172.5,-0.2961406833831096,0.5160341285357581,-0.6721729073229391,-1.5028867548088083,0.9437112159232898,0.1176565664474673,-1.0930001714000983,-0.6496484917482902,-0.3957622820793887,1.6098941801168705,0.0634905101664762,-1.328989143122858,1.2219858777885382,0.2089146306862648,-0.8052497752731622,,,,0.8420094310583981,-1.6153670601180317,-1.7178488439956623,-1.3219721855173576,0.5296263239286166,-1.3864137255843552,0.0541577622223121,0.0051315067804698,-0.0593132419490487,-0.3229493668662201,0.4399698051181369,0.3246967636441441,-0.0544083542962025,0.0945258473552591,-0.1292310550560551,-0.3029973407311642,0.2148094013829308,0.0253413818723415,-0.2009709868562809,-0.1048319676266809,-0.0700842743218702,0.3239637973137972,0.0136711824123588,-0.2436269986377571,0.2336537198181935,0.0323361426155544,-0.1190980526280377,,,,0.1568306084610263,-0.3298000986887209,-0.3268954044149865,-0.2348295870795871,0.0875422854922854,-0.281933229781914,0.0095323663264839,0.0009707100690847,-0.010343358602182,-0.0678227816301345,0.0726506382506382,0.0605444988018517,7,8,7,5,7,7,4,6,4,4.0,1,2,10.0,8.0,6,,,,9,3.0,6.0,4,4,7.0,6,8,8,8,9.0,4,6,4,3,6,5,7,5,8,8,5.0,5,8,5.0,3.0,9,,,,6,7.0,9.0,2,2,8.0,4,7,5,7,3.0,5,3,3,1,1,4,4,1,3,3,3.0,1,1,5.0,2.0,4,,,,5,1.0,2.0,0,1,2.0,2,4,3,3,2.0,2,0,0,0,0,0,0,0,0,0,0.0,0,0,0.0,0.0,0,,,,0,0.0,0.0,0,0,0.0,0,0,0,0,0.0,0
173.5,0.5582234471909789,-0.6651290012733877,-0.674493050983712,-0.6669953006508018,1.3541927720758176,0.8186430706042792,-1.0522728524096563,-1.1309981404876677,-0.4007304341326562,0.5975974015293605,0.3637072661787538,-2.277601924502051,0.8581212341259501,-0.4669315388404135,-1.3302983043161891,,,,0.6602780658687795,-0.4175448533322133,-1.5334487655471492,-1.3669550075481824,1.499582675831473,-0.6582670173310156,0.3632722790116416,-0.6178406076558772,0.8634943091430088,-0.3109474517863571,-0.073894352179697,-0.039674951967856,0.1001550637357139,-0.1315226942991649,-0.127492624042624,-0.1411203352203352,0.3148068524183074,0.1586400662890601,-0.1946587305539318,-0.1938870226866355,-0.0747840388885281,0.1304297494988671,0.0794728993228994,-0.4385506059300177,0.1574509778147549,-0.0728854333574922,-0.2011987132795115,,,,0.1108558701360559,-0.0825749169990656,-0.3025694119691798,-0.2810775641025641,0.2508516927516926,-0.1363939688794178,0.0649733184857797,-0.1210754608738355,0.1417507133389486,-0.0677645965145966,-0.012733855033855,-0.0076349630589568,7,8,7,6,7,7,4,5,4,5.0,1,1,9.0,8.0,6,,,,9,2.0,6.0,4,4,7.0,6,7,8,7,7.0,5,6,5,3,6,7,8,5,7,8,6.0,4,8,6.0,4.0,8,,,,5,7.0,8.0,3,3,8.0,6,7,5,5,2.0,5,4,2,1,2,6,5,1,2,3,3.0,1,0,5.0,2.0,3,,,,4,2.0,2.0,0,2,3.0,3,3,4,2,1.0,2,0,0,0,0,0,0,0,0,0,0.0,0,0,0.0,0.0,0,,,,0,0.0,0.0,0,0,0.0,0,0,0,0,0.0,0
174.5,0.825980017879218,-0.2585891235254588,-0.6759344854383248,-0.0653486205092015,0.9646262772782462,0.8161392756631733,0.1476166308055024,-0.493156836607368,-1.902024406816443,0.4480413793063863,-0.1853242656732293,-0.9249450110166744,0.2305515148824898,-1.301033427512409,-0.7497151319499072,,,,1.2203075125018994,-1.04525545086386,-0.7985605882480243,-1.6112469695795466,1.507172615130095,0.0021810179276795,0.0041270608630054,0.1232726734669798,1.243846050612801,-0.479820342344898,-0.9594835850280476,0.1148003136509974,0.1515608327688823,-0.052537410628587,-0.1282065545565545,-0.0117471141603494,0.2193725165872999,0.1744759226325789,0.0285695387945387,-0.0842570456349261,-0.3594762649716984,0.0892198215183509,-0.0392391938127232,-0.1965367061043532,0.0437621383948009,-0.2027463154492566,-0.1167883429238087,,,,0.1973039085011996,-0.2073891564318035,-0.1527636947933386,-0.3189199393743511,0.283234015984016,0.0004495338768559,0.0007233329707787,0.0232232651335592,0.1889061946653277,-0.1056882506382506,-0.1389754301254301,0.0238312065385595,8,7,7,8,7,7,4,6,4,5.0,2,1,7.0,6.0,7,,,,8,1.0,6.0,4,5,7.0,6,7,9,5,7.0,6,5,6,3,6,8,7,5,8,7,7.0,5,7,7.0,4.0,7,,,,5,6.0,8.0,4,4,8.0,6,7,6,4,1.0,4,4,3,1,3,6,5,2,3,1,3.0,1,1,4.0,1.0,3,,,,4,1.0,3.0,0,3,4.0,3,4,5,1,0.0,2,0,0,0,0,0,0,0,0,0,0.0,0,0,0.0,0.0,0,,,,0,0.0,0.0,0,0,0.0,0,0,0,0,0.0,0
175.5,1.054100925188004,-0.4419844593353933,0.4132275277201733,0.2686136115039503,0.9503015545543712,1.284566948582865,-0.5750888478294831,0.4630758097132856,-1.1540018109492725,0.3084479519148305,0.5580514273116846,-0.8228352553719982,-0.4491646021340454,,-0.4416723015621491,,,,1.602561007620284,-0.2618020084800626,0.1759567429091558,-1.7980086681716672,1.8480291023610087,0.693590053451642,0.9327660282173432,-0.6408344359952404,0.9345941226431032,-1.4219399349319837,,0.3563498933134694,0.1790526373781018,-0.0921626200596789,0.0744031024531025,0.0476281436829425,0.2080056092514297,0.2633085784098942,-0.1080398015383309,0.0843303121027579,-0.2113068933560419,0.0616482729688612,0.1196482457085397,-0.1625489397857044,-0.0871189453563292,,-0.0654660006488179,,,,0.2643292428160075,-0.049982478692618,0.0310185606103563,-0.3642999074454957,0.3623269446240035,0.1499036445580562,0.1661572845798852,-0.1188828957076635,0.1405876788244435,-0.299051554001554,,0.0789448226781817,8,6,7,7,5,8,4,6,4,5.0,4,1,6.0,,8,,,,8,2.0,7.0,5,5,8.0,6,7,8,4,,7,5,7,3,7,8,7,4,7,8,7.0,5,7,7.0,,6,,,,4,7.0,9.0,4,5,7.0,6,5,5,3,,5,4,3,2,4,5,6,1,4,2,3.0,2,1,3.0,,3,,,,4,2.0,5.0,0,4,5.0,4,2,4,0,,3,0,0,0,0,0,0,0,0,0,0.0,0,0,0.0,,0,,,,0,0.0,0.0,0,0,0.0,0,0,0,0,,0
176.5,1.4087454362484746,-1.0229296943278177,0.1209200757412435,1.1709170718245303,0.1852320444453943,1.390729439362313,-1.041388504511595,0.0156937699657502,-2.119430406120408,,0.1571354062431914,-0.4534342000331037,,,-0.2974149903850682,,,,0.870655399893514,,,-0.9710836649109496,1.7478684246051654,,-0.2115558872630188,-0.5792066412834405,0.3084354198681376,-1.3857203809623075,,-0.0071106981541437,0.2151129579570755,-0.2198338370006327,0.0197364953673777,0.1956155459177904,0.038349237862241,0.2457047595335521,-0.1983139762971806,0.0026940913683913,-0.3965084801077835,,0.034918810764399,-0.0908230352980353,,,-0.043674071679954,,,,0.1477348649716296,,,-0.1877897318367906,0.3444541385085504,,-0.0370689921791314,-0.1016766479736294,0.0464540525951515,-0.2419978077478077,,-0.0016089300018866,8,5,7,8,5,7,5,6,3,,5,2,,,10,,,,7,,,7,6,,7,7,8,2,,7,3,7,4,8,8,8,5,8,8,,5,5,,,6,,,,4,,,4,6,,6,5,6,3,,6,3,2,2,6,4,6,1,4,1,,2,1,,,4,,,,3,,,1,5,,3,2,4,0,,3,0,0,0,0,0,0,0,0,0,,0,0,,,0,,,,0,,,0,0,,0,0,0,0,,0
