t_center,t_center_abs,S,S_null_mean,S_null_sd,z_S_t,S_excess,nA,nB,nM,dt,episode
8.5,8.5,0.9,0.7638891984864121,0.08971118762696147,1.5172110091727473,0.1361108015135879,9.0,11.0,9.0,-0.20000000000000018,0
8.5,8.5,0.9,0.7638891984864121,0.08971118762696147,1.5172110091727473,0.1361108015135879,9.0,11.0,9.0,0.10000000000000053,0
8.5,8.5,0.9,0.7638891984864121,0.08971118762696147,1.5172110091727473,0.1361108015135879,9.0,11.0,9.0,0.20000000000000018,0
8.5,8.5,0.9,0.7638891984864121,0.08971118762696147,1.5172110091727473,0.1361108015135879,9.0,11.0,9.0,-0.1999999999999993,0
8.5,8.5,0.9,0.7638891984864121,0.08971118762696147,1.5172110091727473,0.1361108015135879,9.0,11.0,9.0,-0.1999999999999993,0
8.5,8.5,0.9,0.7638891984864121,0.08971118762696147,1.5172110091727473,0.1361108015135879,9.0,11.0,9.0,0.09999999999999964,0
8.5,8.5,0.9,0.7638891984864121,0.08971118762696147,1.5172110091727473,0.1361108015135879,9.0,11.0,9.0,-0.1999999999999993,0
8.5,8.5,0.9,0.7638891984864121,0.08971118762696147,1.5172110091727473,0.1361108015135879,9.0,11.0,9.0,0.09999999999999964,0
8.5,8.5,0.9,0.7638891984864121,0.08971118762696147,1.5172110091727473,0.1361108015135879,9.0,11.0,9.0,0.1999999999999993,0
9.5,9.5,0.8421052631578947,0.7624528060346946,0.09148548961664242,0.8706567288099236,0.07965245712320013,8.0,11.0,8.0,0.20000000000000018,0
9.5,9.5,0.8421052631578947,0.7624528060346946,0.09148548961664242,0.8706567288099236,0.07965245712320013,8.0,11.0,8.0,-0.1999999999999993,0
9.5,9.5,0.8421052631578947,0.7624528060346946,0.09148548961664242,0.8706567288099236,0.07965245712320013,8.0,11.0,8.0,-0.1999999999999993,0
9.5,9.5,0.8421052631578947,0.7624528060346946,0.09148548961664242,0.8706567288099236,0.07965245712320013,8.0,11.0,8.0,0.09999999999999964,0
9.5,9.5,0.8421052631578947,0.7624528060346946,0.09148548961664242,0.8706567288099236,0.07965245712320013,8.0,11.0,8.0,-0.1999999999999993,0
9.5,9.5,0.8421052631578947,0.7624528060346946,0.09148548961664242,0.8706567288099236,0.07965245712320013,8.0,11.0,8.0,0.09999999999999964,0
9.5,9.5,0.8421052631578947,0.7624528060346946,0.09148548961664242,0.8706567288099236,0.07965245712320013,8.0,11.0,8.0,0.1999999999999993,0
9.5,9.5,0.8421052631578947,0.7624528060346946,0.09148548961664242,0.8706567288099236,0.07965245712320013,8.0,11.0,8.0,-0.1999999999999993,0
10.5,10.5,0.8421052631578947,0.7613964273428669,0.09270248428428128,0.8706221460853861,0.08070883581502775,8.0,11.0,8.0,-0.1999999999999993,0
10.5,10.5,0.8421052631578947,0.7613964273428669,0.09270248428428128,0.8706221460853861,0.08070883581502775,8.0,11.0,8.0,0.09999999999999964,0
10.5,10.5,0.8421052631578947,0.7613964273428669,0.09270248428428128,0.8706221460853861,0.08070883581502775,8.0,11.0,8.0,-0.1999999999999993,0
10.5,10.5,0.8421052631578947,0.7613964273428669,0.09270248428428128,0.8706221460853861,0.08070883581502775,8.0,11.0,8.0,0.09999999999999964,0
10.5,10.5,0.8421052631578947,0.7613964273428669,0.09270248428428128,0.8706221460853861,0.08070883581502775,8.0,11.0,8.0,0.1999999999999993,0
10.5,10.5,0.8421052631578947,0.7613964273428669,0.09270248428428128,0.8706221460853861,0.08070883581502775,8.0,11.0,8.0,-0.1999999999999993,0
10.5,10.5,0.8421052631578947,0.7613964273428669,0.09270248428428128,0.8706221460853861,0.08070883581502775,8.0,11.0,8.0,0.0,0
10.5,10.5,0.8421052631578947,0.7613964273428669,0.09270248428428128,0.8706221460853861,0.08070883581502775,8.0,11.0,8.0,0.20000000000000107,0
11.5,11.5,0.8421052631578947,0.7661998255442528,0.09469782540265179,0.8015541781545105,0.07590543761364188,8.0,11.0,8.0,0.09999999999999964,0
11.5,11.5,0.8421052631578947,0.7661998255442528,0.09469782540265179,0.8015541781545105,0.07590543761364188,8.0,11.0,8.0,-0.1999999999999993,0
11.5,11.5,0.8421052631578947,0.7661998255442528,0.09469782540265179,0.8015541781545105,0.07590543761364188,8.0,11.0,8.0,0.09999999999999964,0
11.5,11.5,0.8421052631578947,0.7661998255442528,0.09469782540265179,0.8015541781545105,0.07590543761364188,8.0,11.0,8.0,0.1999999999999993,0
11.5,11.5,0.8421052631578947,0.7661998255442528,0.09469782540265179,0.8015541781545105,0.07590543761364188,8.0,11.0,8.0,-0.1999999999999993,0
11.5,11.5,0.8421052631578947,0.7661998255442528,0.09469782540265179,0.8015541781545105,0.07590543761364188,8.0,11.0,8.0,0.0,0
11.5,11.5,0.8421052631578947,0.7661998255442528,0.09469782540265179,0.8015541781545105,0.07590543761364188,8.0,11.0,8.0,0.20000000000000107,0
11.5,11.5,0.8421052631578947,0.7661998255442528,0.09469782540265179,0.8015541781545105,0.07590543761364188,8.0,11.0,8.0,0.0,0
12.5,12.5,0.7777777777777778,0.7613361049683031,0.09884243435958297,0.16634224881249776,0.016441672809474728,7.0,11.0,7.0,0.09999999999999964,0
12.5,12.5,0.7777777777777778,0.7613361049683031,0.09884243435958297,0.16634224881249776,0.016441672809474728,7.0,11.0,7.0,0.1999999999999993,0
12.5,12.5,0.7777777777777778,0.7613361049683031,0.09884243435958297,0.16634224881249776,0.016441672809474728,7.0,11.0,7.0,-0.1999999999999993,0
12.5,12.5,0.7777777777777778,0.7613361049683031,0.09884243435958297,0.16634224881249776,0.016441672809474728,7.0,11.0,7.0,0.0,0
12.5,12.5,0.7777777777777778,0.7613361049683031,0.09884243435958297,0.16634224881249776,0.016441672809474728,7.0,11.0,7.0,0.20000000000000107,0
12.5,12.5,0.7777777777777778,0.7613361049683031,0.09884243435958297,0.16634224881249776,0.016441672809474728,7.0,11.0,7.0,0.0,0
12.5,12.5,0.7777777777777778,0.7613361049683031,0.09884243435958297,0.16634224881249776,0.016441672809474728,7.0,11.0,7.0,0.29999999999999893,0
13.5,13.5,0.9411764705882353,0.8011471709061493,0.1076469133165766,1.3008203892505186,0.140029299682086,8.0,9.0,8.0,-0.3000000000000007,0
13.5,13.5,0.9411764705882353,0.8011471709061493,0.1076469133165766,1.3008203892505186,0.140029299682086,8.0,9.0,8.0,-0.1999999999999993,0
13.5,13.5,0.9411764705882353,0.8011471709061493,0.1076469133165766,1.3008203892505186,0.140029299682086,8.0,9.0,8.0,0.0,0
13.5,13.5,0.9411764705882353,0.8011471709061493,0.1076469133165766,1.3008203892505186,0.140029299682086,8.0,9.0,8.0,0.20000000000000107,0
13.5,13.5,0.9411764705882353,0.8011471709061493,0.1076469133165766,1.3008203892505186,0.140029299682086,8.0,9.0,8.0,0.0,0
13.5,13.5,0.9411764705882353,0.8011471709061493,0.1076469133165766,1.3008203892505186,0.140029299682086,8.0,9.0,8.0,0.29999999999999893,0
13.5,13.5,0.9411764705882353,0.8011471709061493,0.1076469133165766,1.3008203892505186,0.140029299682086,8.0,9.0,8.0,0.3000000000000007,0
13.5,13.5,0.9411764705882353,0.8011471709061493,0.1076469133165766,1.3008203892505186,0.140029299682086,8.0,9.0,8.0,-0.09999999999999964,0
14.5,14.5,0.9333333333333333,0.8129506093579624,0.10751578238331293,1.1196749101093373,0.12038272397537098,7.0,8.0,7.0,0.0,0
14.5,14.5,0.9333333333333333,0.8129506093579624,0.10751578238331293,1.1196749101093373,0.12038272397537098,7.0,8.0,7.0,0.20000000000000107,0
14.5,14.5,0.9333333333333333,0.8129506093579624,0.10751578238331293,1.1196749101093373,0.12038272397537098,7.0,8.0,7.0,0.0,0
14.5,14.5,0.9333333333333333,0.8129506093579624,0.10751578238331293,1.1196749101093373,0.12038272397537098,7.0,8.0,7.0,0.29999999999999893,0
14.5,14.5,0.9333333333333333,0.8129506093579624,0.10751578238331293,1.1196749101093373,0.12038272397537098,7.0,8.0,7.0,0.3000000000000007,0
14.5,14.5,0.9333333333333333,0.8129506093579624,0.10751578238331293,1.1196749101093373,0.12038272397537098,7.0,8.0,7.0,-0.09999999999999964,0
14.5,14.5,0.9333333333333333,0.8129506093579624,0.10751578238331293,1.1196749101093373,0.12038272397537098,7.0,8.0,7.0,0.0,0
15.5,15.5,0.9333333333333333,0.8166518923886572,0.11136257556236612,1.0477616951246904,0.11668144094467614,7.0,8.0,7.0,0.0,0
15.5,15.5,0.9333333333333333,0.8166518923886572,0.11136257556236612,1.0477616951246904,0.11668144094467614,7.0,8.0,7.0,0.29999999999999893,0
15.5,15.5,0.9333333333333333,0.8166518923886572,0.11136257556236612,1.0477616951246904,0.11668144094467614,7.0,8.0,7.0,0.3000000000000007,0
15.5,15.5,0.9333333333333333,0.8166518923886572,0.11136257556236612,1.0477616951246904,0.11668144094467614,7.0,8.0,7.0,-0.09999999999999964,0
15.5,15.5,0.9333333333333333,0.8166518923886572,0.11136257556236612,1.0477616951246904,0.11668144094467614,7.0,8.0,7.0,0.0,0
15.5,15.5,0.9333333333333333,0.8166518923886572,0.11136257556236612,1.0477616951246904,0.11668144094467614,7.0,8.0,7.0,-0.1999999999999993,0
15.5,15.5,0.9333333333333333,0.8166518923886572,0.11136257556236612,1.0477616951246904,0.11668144094467614,7.0,8.0,7.0,-0.09999999999999787,0
16.5,16.5,0.9333333333333333,0.8092114622305798,0.10772258724603725,1.152236260527799,0.12412187110275352,7.0,8.0,7.0,0.29999999999999893,0
16.5,16.5,0.9333333333333333,0.8092114622305798,0.10772258724603725,1.152236260527799,0.12412187110275352,7.0,8.0,7.0,0.3000000000000007,0
16.5,16.5,0.9333333333333333,0.8092114622305798,0.10772258724603725,1.152236260527799,0.12412187110275352,7.0,8.0,7.0,-0.09999999999999964,0
16.5,16.5,0.9333333333333333,0.8092114622305798,0.10772258724603725,1.152236260527799,0.12412187110275352,7.0,8.0,7.0,0.0,0
16.5,16.5,0.9333333333333333,0.8092114622305798,0.10772258724603725,1.152236260527799,0.12412187110275352,7.0,8.0,7.0,-0.1999999999999993,0
16.5,16.5,0.9333333333333333,0.8092114622305798,0.10772258724603725,1.152236260527799,0.12412187110275352,7.0,8.0,7.0,-0.09999999999999787,0
16.5,16.5,0.9333333333333333,0.8092114622305798,0.10772258724603725,1.152236260527799,0.12412187110275352,7.0,8.0,7.0,-0.10000000000000142,0
17.5,17.5,0.875,0.7804020682362013,0.11875825560717239,0.7965587847358503,0.09459793176379871,7.0,9.0,7.0,0.3000000000000007,0
17.5,17.5,0.875,0.7804020682362013,0.11875825560717239,0.7965587847358503,0.09459793176379871,7.0,9.0,7.0,-0.09999999999999964,0
17.5,17.5,0.875,0.7804020682362013,0.11875825560717239,0.7965587847358503,0.09459793176379871,7.0,9.0,7.0,0.0,0
17.5,17.5,0.875,0.7804020682362013,0.11875825560717239,0.7965587847358503,0.09459793176379871,7.0,9.0,7.0,-0.1999999999999993,0
17.5,17.5,0.875,0.7804020682362013,0.11875825560717239,0.7965587847358503,0.09459793176379871,7.0,9.0,7.0,-0.09999999999999787,0
17.5,17.5,0.875,0.7804020682362013,0.11875825560717239,0.7965587847358503,0.09459793176379871,7.0,9.0,7.0,-0.10000000000000142,0
17.5,17.5,0.875,0.7804020682362013,0.11875825560717239,0.7965587847358503,0.09459793176379871,7.0,9.0,7.0,0.09999999999999787,0
18.5,18.5,0.8235294117647058,0.7857212582738899,0.09739184217051787,0.38820657509095824,0.0378081534908159,7.0,10.0,7.0,0.0,0
18.5,18.5,0.8235294117647058,0.7857212582738899,0.09739184217051787,0.38820657509095824,0.0378081534908159,7.0,10.0,7.0,-0.1999999999999993,0
18.5,18.5,0.8235294117647058,0.7857212582738899,0.09739184217051787,0.38820657509095824,0.0378081534908159,7.0,10.0,7.0,-0.09999999999999787,0
18.5,18.5,0.8235294117647058,0.7857212582738899,0.09739184217051787,0.38820657509095824,0.0378081534908159,7.0,10.0,7.0,-0.10000000000000142,0
18.5,18.5,0.8235294117647058,0.7857212582738899,0.09739184217051787,0.38820657509095824,0.0378081534908159,7.0,10.0,7.0,0.09999999999999787,0
18.5,18.5,0.8235294117647058,0.7857212582738899,0.09739184217051787,0.38820657509095824,0.0378081534908159,7.0,10.0,7.0,-0.1999999999999993,0
18.5,18.5,0.8235294117647058,0.7857212582738899,0.09739184217051787,0.38820657509095824,0.0378081534908159,7.0,10.0,7.0,-0.1999999999999993,0
19.5,19.5,0.8888888888888888,0.7999405173000376,0.09418469208600329,0.944403698932619,0.08894837158885127,8.0,10.0,8.0,-0.1999999999999993,0
19.5,19.5,0.8888888888888888,0.7999405173000376,0.09418469208600329,0.944403698932619,0.08894837158885127,8.0,10.0,8.0,-0.09999999999999787,0
19.5,19.5,0.8888888888888888,0.7999405173000376,0.09418469208600329,0.944403698932619,0.08894837158885127,8.0,10.0,8.0,-0.10000000000000142,0
19.5,19.5,0.8888888888888888,0.7999405173000376,0.09418469208600329,0.944403698932619,0.08894837158885127,8.0,10.0,8.0,0.09999999999999787,0
19.5,19.5,0.8888888888888888,0.7999405173000376,0.09418469208600329,0.944403698932619,0.08894837158885127,8.0,10.0,8.0,-0.1999999999999993,0
19.5,19.5,0.8888888888888888,0.7999405173000376,0.09418469208600329,0.944403698932619,0.08894837158885127,8.0,10.0,8.0,-0.1999999999999993,0
19.5,19.5,0.8888888888888888,0.7999405173000376,0.09418469208600329,0.944403698932619,0.08894837158885127,8.0,10.0,8.0,-0.09999999999999787,0
19.5,19.5,0.8888888888888888,0.7999405173000376,0.09418469208600329,0.944403698932619,0.08894837158885127,8.0,10.0,8.0,0.0,0
20.5,20.5,0.875,0.8218286936231983,0.10154310824073917,0.5236328422283739,0.053171306376801675,7.0,9.0,7.0,-0.10000000000000142,0
20.5,20.5,0.875,0.8218286936231983,0.10154310824073917,0.5236328422283739,0.053171306376801675,7.0,9.0,7.0,0.09999999999999787,0
20.5,20.5,0.875,0.8218286936231983,0.10154310824073917,0.5236328422283739,0.053171306376801675,7.0,9.0,7.0,-0.1999999999999993,0
20.5,20.5,0.875,0.8218286936231983,0.10154310824073917,0.5236328422283739,0.053171306376801675,7.0,9.0,7.0,-0.1999999999999993,0
20.5,20.5,0.875,0.8218286936231983,0.10154310824073917,0.5236328422283739,0.053171306376801675,7.0,9.0,7.0,-0.09999999999999787,0
20.5,20.5,0.875,0.8218286936231983,0.10154310824073917,0.5236328422283739,0.053171306376801675,7.0,9.0,7.0,0.0,0
20.5,20.5,0.875,0.8218286936231983,0.10154310824073917,0.5236328422283739,0.053171306376801675,7.0,9.0,7.0,0.10000000000000142,0
21.5,21.5,0.875,0.8043110397772163,0.10098852233100648,0.6999702400941071,0.0706889602227837,8.0,8.0,7.0,0.09999999999999787,0
21.5,21.5,0.875,0.8043110397772163,0.10098852233100648,0.6999702400941071,0.0706889602227837,8.0,8.0,7.0,-0.1999999999999993,0
21.5,21.5,0.875,0.8043110397772163,0.10098852233100648,0.6999702400941071,0.0706889602227837,8.0,8.0,7.0,-0.1999999999999993,0
21.5,21.5,0.875,0.8043110397772163,0.10098852233100648,0.6999702400941071,0.0706889602227837,8.0,8.0,7.0,-0.09999999999999787,0
21.5,21.5,0.875,0.8043110397772163,0.10098852233100648,0.6999702400941071,0.0706889602227837,8.0,8.0,7.0,0.0,0
21.5,21.5,0.875,0.8043110397772163,0.10098852233100648,0.6999702400941071,0.0706889602227837,8.0,8.0,7.0,0.10000000000000142,0
21.5,21.5,0.875,0.8043110397772163,0.10098852233100648,0.6999702400941071,0.0706889602227837,8.0,8.0,7.0,-0.09999999999999787,0
22.5,22.5,0.9333333333333333,0.7943977581242289,0.1063807334652342,1.3060219711166907,0.1389355752091045,8.0,7.0,7.0,-0.1999999999999993,0
22.5,22.5,0.9333333333333333,0.7943977581242289,0.1063807334652342,1.3060219711166907,0.1389355752091045,8.0,7.0,7.0,-0.1999999999999993,0
22.5,22.5,0.9333333333333333,0.7943977581242289,0.1063807334652342,1.3060219711166907,0.1389355752091045,8.0,7.0,7.0,-0.09999999999999787,0
22.5,22.5,0.9333333333333333,0.7943977581242289,0.1063807334652342,1.3060219711166907,0.1389355752091045,8.0,7.0,7.0,0.0,0
22.5,22.5,0.9333333333333333,0.7943977581242289,0.1063807334652342,1.3060219711166907,0.1389355752091045,8.0,7.0,7.0,0.10000000000000142,0
22.5,22.5,0.9333333333333333,0.7943977581242289,0.1063807334652342,1.3060219711166907,0.1389355752091045,8.0,7.0,7.0,-0.09999999999999787,0
22.5,22.5,0.9333333333333333,0.7943977581242289,0.1063807334652342,1.3060219711166907,0.1389355752091045,8.0,7.0,7.0,-0.10000000000000142,0
23.5,23.5,0.9230769230769231,0.756473717948718,0.11739243898758037,1.419198770934737,0.16660320512820515,7.0,6.0,6.0,-0.09999999999999787,0
23.5,23.5,0.9230769230769231,0.756473717948718,0.11739243898758037,1.419198770934737,0.16660320512820515,7.0,6.0,6.0,0.0,0
23.5,23.5,0.9230769230769231,0.756473717948718,0.11739243898758037,1.419198770934737,0.16660320512820515,7.0,6.0,6.0,0.10000000000000142,0
23.5,23.5,0.9230769230769231,0.756473717948718,0.11739243898758037,1.419198770934737,0.16660320512820515,7.0,6.0,6.0,-0.09999999999999787,0
23.5,23.5,0.9230769230769231,0.756473717948718,0.11739243898758037,1.419198770934737,0.16660320512820515,7.0,6.0,6.0,-0.10000000000000142,0
23.5,23.5,0.9230769230769231,0.756473717948718,0.11739243898758037,1.419198770934737,0.16660320512820515,7.0,6.0,6.0,-0.1999999999999993,0
24.5,24.5,0.9333333333333333,0.7587148185148185,0.10749487858720903,1.6244356672011067,0.17461851481851487,8.0,7.0,7.0,0.0,0
24.5,24.5,0.9333333333333333,0.7587148185148185,0.10749487858720903,1.6244356672011067,0.17461851481851487,8.0,7.0,7.0,0.10000000000000142,0
24.5,24.5,0.9333333333333333,0.7587148185148185,0.10749487858720903,1.6244356672011067,0.17461851481851487,8.0,7.0,7.0,-0.09999999999999787,0
24.5,24.5,0.9333333333333333,0.7587148185148185,0.10749487858720903,1.6244356672011067,0.17461851481851487,8.0,7.0,7.0,-0.10000000000000142,0
24.5,24.5,0.9333333333333333,0.7587148185148185,0.10749487858720903,1.6244356672011067,0.17461851481851487,8.0,7.0,7.0,-0.1999999999999993,0
24.5,24.5,0.9333333333333333,0.7587148185148185,0.10749487858720903,1.6244356672011067,0.17461851481851487,8.0,7.0,7.0,0.0,0
24.5,24.5,0.9333333333333333,0.7587148185148185,0.10749487858720903,1.6244356672011067,0.17461851481851487,8.0,7.0,7.0,0.09999999999999787,0
25.5,25.5,0.8333333333333334,0.7578179958929959,0.11777058911159649,0.6412070960159755,0.07551533744033745,6.0,6.0,5.0,-0.09999999999999787,0
25.5,25.5,0.8333333333333334,0.7578179958929959,0.11777058911159649,0.6412070960159755,0.07551533744033745,6.0,6.0,5.0,-0.10000000000000142,0
25.5,25.5,0.8333333333333334,0.7578179958929959,0.11777058911159649,0.6412070960159755,0.07551533744033745,6.0,6.0,5.0,-0.1999999999999993,0
25.5,25.5,0.8333333333333334,0.7578179958929959,0.11777058911159649,0.6412070960159755,0.07551533744033745,6.0,6.0,5.0,0.0,0
25.5,25.5,0.8333333333333334,0.7578179958929959,0.11777058911159649,0.6412070960159755,0.07551533744033745,6.0,6.0,5.0,0.09999999999999787,0
26.5,26.5,0.8571428571428571,0.7901519242195714,0.10732470841444493,0.6241892842102459,0.06699093292328573,6.0,8.0,6.0,-0.10000000000000142,0
26.5,26.5,0.8571428571428571,0.7901519242195714,0.10732470841444493,0.6241892842102459,0.06699093292328573,6.0,8.0,6.0,-0.1999999999999993,0
26.5,26.5,0.8571428571428571,0.7901519242195714,0.10732470841444493,0.6241892842102459,0.06699093292328573,6.0,8.0,6.0,0.0,0
26.5,26.5,0.8571428571428571,0.7901519242195714,0.10732470841444493,0.6241892842102459,0.06699093292328573,6.0,8.0,6.0,0.09999999999999787,0
26.5,26.5,0.8571428571428571,0.7901519242195714,0.10732470841444493,0.6241892842102459,0.06699093292328573,6.0,8.0,6.0,0.09999999999999787,0
26.5,26.5,0.8571428571428571,0.7901519242195714,0.10732470841444493,0.6241892842102459,0.06699093292328573,6.0,8.0,6.0,-0.10000000000000142,0
27.5,27.5,0.8,0.7984558575926998,0.10368086954654467,0.014893223928904985,0.0015441424073002752,6.0,9.0,6.0,-0.1999999999999993,0
27.5,27.5,0.8,0.7984558575926998,0.10368086954654467,0.014893223928904985,0.0015441424073002752,6.0,9.0,6.0,0.0,0
27.5,27.5,0.8,0.7984558575926998,0.10368086954654467,0.014893223928904985,0.0015441424073002752,6.0,9.0,6.0,0.09999999999999787,0
27.5,27.5,0.8,0.7984558575926998,0.10368086954654467,0.014893223928904985,0.0015441424073002752,6.0,9.0,6.0,0.09999999999999787,0
27.5,27.5,0.8,0.7984558575926998,0.10368086954654467,0.014893223928904985,0.0015441424073002752,6.0,9.0,6.0,-0.10000000000000142,0
27.5,27.5,0.8,0.7984558575926998,0.10368086954654467,0.014893223928904985,0.0015441424073002752,6.0,9.0,6.0,-0.1999999999999993,0
28.5,28.5,0.75,0.7971743378998024,0.09822827530647013,-0.4802521244786135,-0.04717433789980241,6.0,10.0,6.0,0.0,0
28.5,28.5,0.75,0.7971743378998024,0.09822827530647013,-0.4802521244786135,-0.04717433789980241,6.0,10.0,6.0,0.09999999999999787,0
28.5,28.5,0.75,0.7971743378998024,0.09822827530647013,-0.4802521244786135,-0.04717433789980241,6.0,10.0,6.0,0.09999999999999787,0
28.5,28.5,0.75,0.7971743378998024,0.09822827530647013,-0.4802521244786135,-0.04717433789980241,6.0,10.0,6.0,-0.10000000000000142,0
28.5,28.5,0.75,0.7971743378998024,0.09822827530647013,-0.4802521244786135,-0.04717433789980241,6.0,10.0,6.0,-0.1999999999999993,0
28.5,28.5,0.75,0.7971743378998024,0.09822827530647013,-0.4802521244786135,-0.04717433789980241,6.0,10.0,6.0,0.10000000000000142,0
29.5,29.5,0.75,0.7853863672189525,0.09800894800729294,-0.36105241346248673,-0.0353863672189525,6.0,10.0,6.0,0.09999999999999787,0
29.5,29.5,0.75,0.7853863672189525,0.09800894800729294,-0.36105241346248673,-0.0353863672189525,6.0,10.0,6.0,-0.10000000000000142,0
29.5,29.5,0.75,0.7853863672189525,0.09800894800729294,-0.36105241346248673,-0.0353863672189525,6.0,10.0,6.0,-0.1999999999999993,0
29.5,29.5,0.75,0.7853863672189525,0.09800894800729294,-0.36105241346248673,-0.0353863672189525,6.0,10.0,6.0,0.10000000000000142,0
29.5,29.5,0.75,0.7853863672189525,0.09800894800729294,-0.36105241346248673,-0.0353863672189525,6.0,10.0,6.0,-0.3000000000000007,0
29.5,29.5,0.75,0.7853863672189525,0.09800894800729294,-0.36105241346248673,-0.0353863672189525,6.0,10.0,6.0,0.0,0
30.5,30.5,0.8235294117647058,0.7750172464532372,0.10292681467442129,0.47132679141895717,0.048512165311468625,7.0,10.0,7.0,0.09999999999999787,0
30.5,30.5,0.8235294117647058,0.7750172464532372,0.10292681467442129,0.47132679141895717,0.048512165311468625,7.0,10.0,7.0,-0.10000000000000142,0
30.5,30.5,0.8235294117647058,0.7750172464532372,0.10292681467442129,0.47132679141895717,0.048512165311468625,7.0,10.0,7.0,-0.1999999999999993,0
30.5,30.5,0.8235294117647058,0.7750172464532372,0.10292681467442129,0.47132679141895717,0.048512165311468625,7.0,10.0,7.0,0.10000000000000142,0
30.5,30.5,0.8235294117647058,0.7750172464532372,0.10292681467442129,0.47132679141895717,0.048512165311468625,7.0,10.0,7.0,-0.3000000000000007,0
30.5,30.5,0.8235294117647058,0.7750172464532372,0.10292681467442129,0.47132679141895717,0.048512165311468625,7.0,10.0,7.0,0.0,0
30.5,30.5,0.8235294117647058,0.7750172464532372,0.10292681467442129,0.47132679141895717,0.048512165311468625,7.0,10.0,7.0,0.10000000000000142,0
31.5,31.5,0.7058823529411765,0.7908829926437513,0.09784885310608289,-0.8686932652181552,-0.08500063970257477,7.0,10.0,6.0,-0.1999999999999993,0
31.5,31.5,0.7058823529411765,0.7908829926437513,0.09784885310608289,-0.8686932652181552,-0.08500063970257477,7.0,10.0,6.0,0.10000000000000142,0
31.5,31.5,0.7058823529411765,0.7908829926437513,0.09784885310608289,-0.8686932652181552,-0.08500063970257477,7.0,10.0,6.0,-0.3000000000000007,0
31.5,31.5,0.7058823529411765,0.7908829926437513,0.09784885310608289,-0.8686932652181552,-0.08500063970257477,7.0,10.0,6.0,0.0,0
31.5,31.5,0.7058823529411765,0.7908829926437513,0.09784885310608289,-0.8686932652181552,-0.08500063970257477,7.0,10.0,6.0,0.10000000000000142,0
31.5,31.5,0.7058823529411765,0.7908829926437513,0.09784885310608289,-0.8686932652181552,-0.08500063970257477,7.0,10.0,6.0,0.19999999999999574,0
32.5,32.5,0.7142857142857143,0.7176268063635709,0.1059680743647712,-0.03152923272301471,-0.0033410920778566,6.0,8.0,5.0,0.10000000000000142,0
32.5,32.5,0.7142857142857143,0.7176268063635709,0.1059680743647712,-0.03152923272301471,-0.0033410920778566,6.0,8.0,5.0,-0.3000000000000007,0
32.5,32.5,0.7142857142857143,0.7176268063635709,0.1059680743647712,-0.03152923272301471,-0.0033410920778566,6.0,8.0,5.0,0.0,0
32.5,32.5,0.7142857142857143,0.7176268063635709,0.1059680743647712,-0.03152923272301471,-0.0033410920778566,6.0,8.0,5.0,0.10000000000000142,0
32.5,32.5,0.7142857142857143,0.7176268063635709,0.1059680743647712,-0.03152923272301471,-0.0033410920778566,6.0,8.0,5.0,0.19999999999999574,0
33.5,33.5,0.6666666666666666,0.6828376984126985,0.12781812376888343,-0.12651595305272811,-0.01617103174603185,6.0,6.0,4.0,-0.3000000000000007,0
33.5,33.5,0.6666666666666666,0.6828376984126985,0.12781812376888343,-0.12651595305272811,-0.01617103174603185,6.0,6.0,4.0,0.0,0
33.5,33.5,0.6666666666666666,0.6828376984126985,0.12781812376888343,-0.12651595305272811,-0.01617103174603185,6.0,6.0,4.0,0.10000000000000142,0
33.5,33.5,0.6666666666666666,0.6828376984126985,0.12781812376888343,-0.12651595305272811,-0.01617103174603185,6.0,6.0,4.0,0.19999999999999574,0
34.5,34.5,0.7142857142857143,0.6721680481283422,0.11122543268462526,0.37866938469724704,0.04211766615737211,7.0,7.0,5.0,0.0,0
34.5,34.5,0.7142857142857143,0.6721680481283422,0.11122543268462526,0.37866938469724704,0.04211766615737211,7.0,7.0,5.0,0.10000000000000142,0
34.5,34.5,0.7142857142857143,0.6721680481283422,0.11122543268462526,0.37866938469724704,0.04211766615737211,7.0,7.0,5.0,0.19999999999999574,0
34.5,34.5,0.7142857142857143,0.6721680481283422,0.11122543268462526,0.37866938469724704,0.04211766615737211,7.0,7.0,5.0,-0.20000000000000284,0
34.5,34.5,0.7142857142857143,0.6721680481283422,0.11122543268462526,0.37866938469724704,0.04211766615737211,7.0,7.0,5.0,0.0,0
35.5,35.5,0.6153846153846154,0.6737704711954712,0.11892475393756942,-0.49094787987962474,-0.05838585581085576,6.0,7.0,4.0,0.19999999999999574,0
35.5,35.5,0.6153846153846154,0.6737704711954712,0.11892475393756942,-0.49094787987962474,-0.05838585581085576,6.0,7.0,4.0,-0.20000000000000284,0
35.5,35.5,0.6153846153846154,0.6737704711954712,0.11892475393756942,-0.49094787987962474,-0.05838585581085576,6.0,7.0,4.0,0.0,0
35.5,35.5,0.6153846153846154,0.6737704711954712,0.11892475393756942,-0.49094787987962474,-0.05838585581085576,6.0,7.0,4.0,0.10000000000000142,0
36.5,36.5,0.7142857142857143,0.6785812408180054,0.1178484065983189,0.3029695054716014,0.035704473467708886,7.0,7.0,5.0,-0.20000000000000284,0
36.5,36.5,0.7142857142857143,0.6785812408180054,0.1178484065983189,0.3029695054716014,0.035704473467708886,7.0,7.0,5.0,0.0,0
36.5,36.5,0.7142857142857143,0.6785812408180054,0.1178484065983189,0.3029695054716014,0.035704473467708886,7.0,7.0,5.0,0.10000000000000142,0
36.5,36.5,0.7142857142857143,0.6785812408180054,0.1178484065983189,0.3029695054716014,0.035704473467708886,7.0,7.0,5.0,-0.10000000000000142,0
36.5,36.5,0.7142857142857143,0.6785812408180054,0.1178484065983189,0.3029695054716014,0.035704473467708886,7.0,7.0,5.0,0.10000000000000142,0
37.5,37.5,0.75,0.7608993342141175,0.10356749998025258,-0.10523894287489494,-0.010899334214117484,7.0,9.0,6.0,-0.20000000000000284,0
37.5,37.5,0.75,0.7608993342141175,0.10356749998025258,-0.10523894287489494,-0.010899334214117484,7.0,9.0,6.0,0.0,0
37.5,37.5,0.75,0.7608993342141175,0.10356749998025258,-0.10523894287489494,-0.010899334214117484,7.0,9.0,6.0,0.10000000000000142,0
37.5,37.5,0.75,0.7608993342141175,0.10356749998025258,-0.10523894287489494,-0.010899334214117484,7.0,9.0,6.0,-0.10000000000000142,0
37.5,37.5,0.75,0.7608993342141175,0.10356749998025258,-0.10523894287489494,-0.010899334214117484,7.0,9.0,6.0,0.10000000000000142,0
37.5,37.5,0.75,0.7608993342141175,0.10356749998025258,-0.10523894287489494,-0.010899334214117484,7.0,9.0,6.0,0.0,0
38.5,38.5,0.8235294117647058,0.7855477019282747,0.09785811135871329,0.3881304197380591,0.03798170983643112,7.0,10.0,7.0,-0.20000000000000284,0
38.5,38.5,0.8235294117647058,0.7855477019282747,0.09785811135871329,0.3881304197380591,0.03798170983643112,7.0,10.0,7.0,0.0,0
38.5,38.5,0.8235294117647058,0.7855477019282747,0.09785811135871329,0.3881304197380591,0.03798170983643112,7.0,10.0,7.0,0.10000000000000142,0
38.5,38.5,0.8235294117647058,0.7855477019282747,0.09785811135871329,0.3881304197380591,0.03798170983643112,7.0,10.0,7.0,-0.10000000000000142,0
38.5,38.5,0.8235294117647058,0.7855477019282747,0.09785811135871329,0.3881304197380591,0.03798170983643112,7.0,10.0,7.0,0.10000000000000142,0
38.5,38.5,0.8235294117647058,0.7855477019282747,0.09785811135871329,0.3881304197380591,0.03798170983643112,7.0,10.0,7.0,0.0,0
38.5,38.5,0.8235294117647058,0.7855477019282747,0.09785811135871329,0.3881304197380591,0.03798170983643112,7.0,10.0,7.0,0.0,0
39.5,39.5,0.7777777777777778,0.768775018428424,0.0912488657823131,0.09866160277357455,0.009002759349353795,7.0,11.0,7.0,0.0,0
39.5,39.5,0.7777777777777778,0.768775018428424,0.0912488657823131,0.09866160277357455,0.009002759349353795,7.0,11.0,7.0,0.10000000000000142,0
39.5,39.5,0.7777777777777778,0.768775018428424,0.0912488657823131,0.09866160277357455,0.009002759349353795,7.0,11.0,7.0,-0.10000000000000142,0
39.5,39.5,0.7777777777777778,0.768775018428424,0.0912488657823131,0.09866160277357455,0.009002759349353795,7.0,11.0,7.0,0.10000000000000142,0
39.5,39.5,0.7777777777777778,0.768775018428424,0.0912488657823131,0.09866160277357455,0.009002759349353795,7.0,11.0,7.0,0.0,0
39.5,39.5,0.7777777777777778,0.768775018428424,0.0912488657823131,0.09866160277357455,0.009002759349353795,7.0,11.0,7.0,0.0,0
39.5,39.5,0.7777777777777778,0.768775018428424,0.0912488657823131,0.09866160277357455,0.009002759349353795,7.0,11.0,7.0,0.10000000000000142,0
40.5,40.5,0.8235294117647058,0.7736848844396058,0.09824017719353527,0.5073741594226284,0.04984452732510003,7.0,10.0,7.0,-0.10000000000000142,0
40.5,40.5,0.8235294117647058,0.7736848844396058,0.09824017719353527,0.5073741594226284,0.04984452732510003,7.0,10.0,7.0,0.10000000000000142,0
40.5,40.5,0.8235294117647058,0.7736848844396058,0.09824017719353527,0.5073741594226284,0.04984452732510003,7.0,10.0,7.0,0.0,0
40.5,40.5,0.8235294117647058,0.7736848844396058,0.09824017719353527,0.5073741594226284,0.04984452732510003,7.0,10.0,7.0,0.0,0
40.5,40.5,0.8235294117647058,0.7736848844396058,0.09824017719353527,0.5073741594226284,0.04984452732510003,7.0,10.0,7.0,0.10000000000000142,0
40.5,40.5,0.8235294117647058,0.7736848844396058,0.09824017719353527,0.5073741594226284,0.04984452732510003,7.0,10.0,7.0,0.20000000000000284,0
40.5,40.5,0.8235294117647058,0.7736848844396058,0.09824017719353527,0.5073741594226284,0.04984452732510003,7.0,10.0,7.0,0.20000000000000284,0
41.5,41.5,0.875,0.8388570227416203,0.0938403103863695,0.38515406768762683,0.03614297725837967,7.0,9.0,7.0,0.0,0
41.5,41.5,0.875,0.8388570227416203,0.0938403103863695,0.38515406768762683,0.03614297725837967,7.0,9.0,7.0,0.0,0
41.5,41.5,0.875,0.8388570227416203,0.0938403103863695,0.38515406768762683,0.03614297725837967,7.0,9.0,7.0,0.10000000000000142,0
41.5,41.5,0.875,0.8388570227416203,0.0938403103863695,0.38515406768762683,0.03614297725837967,7.0,9.0,7.0,0.20000000000000284,0
41.5,41.5,0.875,0.8388570227416203,0.0938403103863695,0.38515406768762683,0.03614297725837967,7.0,9.0,7.0,0.20000000000000284,0
41.5,41.5,0.875,0.8388570227416203,0.0938403103863695,0.38515406768762683,0.03614297725837967,7.0,9.0,7.0,0.0,0
41.5,41.5,0.875,0.8388570227416203,0.0938403103863695,0.38515406768762683,0.03614297725837967,7.0,9.0,7.0,0.0,0
42.5,42.5,0.8,0.7604168062329827,0.11019296012012292,0.35921708359469745,0.039583193767017355,8.0,7.0,6.0,0.0,0
42.5,42.5,0.8,0.7604168062329827,0.11019296012012292,0.35921708359469745,0.039583193767017355,8.0,7.0,6.0,0.10000000000000142,0
42.5,42.5,0.8,0.7604168062329827,0.11019296012012292,0.35921708359469745,0.039583193767017355,8.0,7.0,6.0,0.20000000000000284,0
42.5,42.5,0.8,0.7604168062329827,0.11019296012012292,0.35921708359469745,0.039583193767017355,8.0,7.0,6.0,0.20000000000000284,0
42.5,42.5,0.8,0.7604168062329827,0.11019296012012292,0.35921708359469745,0.039583193767017355,8.0,7.0,6.0,0.0,0
42.5,42.5,0.8,0.7604168062329827,0.11019296012012292,0.35921708359469745,0.039583193767017355,8.0,7.0,6.0,0.0,0
43.5,43.5,0.875,0.7230950255626726,0.1183692176288056,1.2833148472239353,0.15190497443732742,9.0,7.0,7.0,0.10000000000000142,0
43.5,43.5,0.875,0.7230950255626726,0.1183692176288056,1.2833148472239353,0.15190497443732742,9.0,7.0,7.0,0.20000000000000284,0
43.5,43.5,0.875,0.7230950255626726,0.1183692176288056,1.2833148472239353,0.15190497443732742,9.0,7.0,7.0,0.20000000000000284,0
43.5,43.5,0.875,0.7230950255626726,0.1183692176288056,1.2833148472239353,0.15190497443732742,9.0,7.0,7.0,0.0,0
43.5,43.5,0.875,0.7230950255626726,0.1183692176288056,1.2833148472239353,0.15190497443732742,9.0,7.0,7.0,0.0,0
43.5,43.5,0.875,0.7230950255626726,0.1183692176288056,1.2833148472239353,0.15190497443732742,9.0,7.0,7.0,-0.10000000000000142,0
43.5,43.5,0.875,0.7230950255626726,0.1183692176288056,1.2833148472239353,0.15190497443732742,9.0,7.0,7.0,-0.10000000000000142,0
44.5,44.5,0.875,0.727489575620458,0.10825481639872361,1.3626222766498657,0.14751042437954198,9.0,7.0,7.0,0.20000000000000284,0
44.5,44.5,0.875,0.727489575620458,0.10825481639872361,1.3626222766498657,0.14751042437954198,9.0,7.0,7.0,0.20000000000000284,0
44.5,44.5,0.875,0.727489575620458,0.10825481639872361,1.3626222766498657,0.14751042437954198,9.0,7.0,7.0,0.0,0
44.5,44.5,0.875,0.727489575620458,0.10825481639872361,1.3626222766498657,0.14751042437954198,9.0,7.0,7.0,0.0,0
44.5,44.5,0.875,0.727489575620458,0.10825481639872361,1.3626222766498657,0.14751042437954198,9.0,7.0,7.0,-0.10000000000000142,0
44.5,44.5,0.875,0.727489575620458,0.10825481639872361,1.3626222766498657,0.14751042437954198,9.0,7.0,7.0,-0.10000000000000142,0
44.5,44.5,0.875,0.727489575620458,0.10825481639872361,1.3626222766498657,0.14751042437954198,9.0,7.0,7.0,-0.10000000000000142,0
45.5,45.5,0.7142857142857143,0.7366209804900982,0.11766588483549985,-0.18981938762972106,-0.022335266204383863,7.0,7.0,5.0,0.0,0
45.5,45.5,0.7142857142857143,0.7366209804900982,0.11766588483549985,-0.18981938762972106,-0.022335266204383863,7.0,7.0,5.0,0.0,0
45.5,45.5,0.7142857142857143,0.7366209804900982,0.11766588483549985,-0.18981938762972106,-0.022335266204383863,7.0,7.0,5.0,-0.10000000000000142,0
45.5,45.5,0.7142857142857143,0.7366209804900982,0.11766588483549985,-0.18981938762972106,-0.022335266204383863,7.0,7.0,5.0,-0.10000000000000142,0
45.5,45.5,0.7142857142857143,0.7366209804900982,0.11766588483549985,-0.18981938762972106,-0.022335266204383863,7.0,7.0,5.0,-0.10000000000000142,0
46.5,46.5,0.6666666666666666,0.7363359268182796,0.11623984473463894,-0.5993578218437855,-0.06966926015161301,8.0,7.0,5.0,-0.10000000000000142,0
46.5,46.5,0.6666666666666666,0.7363359268182796,0.11623984473463894,-0.5993578218437855,-0.06966926015161301,8.0,7.0,5.0,-0.10000000000000142,0
46.5,46.5,0.6666666666666666,0.7363359268182796,0.11623984473463894,-0.5993578218437855,-0.06966926015161301,8.0,7.0,5.0,-0.10000000000000142,0
46.5,46.5,0.6666666666666666,0.7363359268182796,0.11623984473463894,-0.5993578218437855,-0.06966926015161301,8.0,7.0,5.0,0.0,0
46.5,46.5,0.6666666666666666,0.7363359268182796,0.11623984473463894,-0.5993578218437855,-0.06966926015161301,8.0,7.0,5.0,-0.10000000000000142,0
47.5,47.5,0.875,0.8253222006751418,0.10004657980649628,0.49654670275527457,0.04967779932485816,7.0,9.0,7.0,-0.10000000000000142,0
47.5,47.5,0.875,0.8253222006751418,0.10004657980649628,0.49654670275527457,0.04967779932485816,7.0,9.0,7.0,-0.10000000000000142,0
47.5,47.5,0.875,0.8253222006751418,0.10004657980649628,0.49654670275527457,0.04967779932485816,7.0,9.0,7.0,-0.10000000000000142,0
47.5,47.5,0.875,0.8253222006751418,0.10004657980649628,0.49654670275527457,0.04967779932485816,7.0,9.0,7.0,0.0,0
47.5,47.5,0.875,0.8253222006751418,0.10004657980649628,0.49654670275527457,0.04967779932485816,7.0,9.0,7.0,-0.10000000000000142,0
47.5,47.5,0.875,0.8253222006751418,0.10004657980649628,0.49654670275527457,0.04967779932485816,7.0,9.0,7.0,-0.10000000000000142,0
47.5,47.5,0.875,0.8253222006751418,0.10004657980649628,0.49654670275527457,0.04967779932485816,7.0,9.0,7.0,-0.19999999999999574,0
48.5,48.5,0.75,0.7975956766917293,0.10052128956245085,-0.47348852067958697,-0.04759567669172926,7.0,9.0,6.0,-0.10000000000000142,0
48.5,48.5,0.75,0.7975956766917293,0.10052128956245085,-0.47348852067958697,-0.04759567669172926,7.0,9.0,6.0,0.0,0
48.5,48.5,0.75,0.7975956766917293,0.10052128956245085,-0.47348852067958697,-0.04759567669172926,7.0,9.0,6.0,-0.10000000000000142,0
48.5,48.5,0.75,0.7975956766917293,0.10052128956245085,-0.47348852067958697,-0.04759567669172926,7.0,9.0,6.0,-0.10000000000000142,0
48.5,48.5,0.75,0.7975956766917293,0.10052128956245085,-0.47348852067958697,-0.04759567669172926,7.0,9.0,6.0,-0.19999999999999574,0
48.5,48.5,0.75,0.7975956766917293,0.10052128956245085,-0.47348852067958697,-0.04759567669172926,7.0,9.0,6.0,-0.29999999999999716,0
49.5,49.5,0.75,0.8121106067393218,0.10335632170957608,-0.6009366985199819,-0.06211060673932178,7.0,9.0,6.0,0.0,0
49.5,49.5,0.75,0.8121106067393218,0.10335632170957608,-0.6009366985199819,-0.06211060673932178,7.0,9.0,6.0,-0.10000000000000142,0
49.5,49.5,0.75,0.8121106067393218,0.10335632170957608,-0.6009366985199819,-0.06211060673932178,7.0,9.0,6.0,-0.10000000000000142,0
49.5,49.5,0.75,0.8121106067393218,0.10335632170957608,-0.6009366985199819,-0.06211060673932178,7.0,9.0,6.0,-0.19999999999999574,0
49.5,49.5,0.75,0.8121106067393218,0.10335632170957608,-0.6009366985199819,-0.06211060673932178,7.0,9.0,6.0,-0.29999999999999716,0
49.5,49.5,0.75,0.8121106067393218,0.10335632170957608,-0.6009366985199819,-0.06211060673932178,7.0,9.0,6.0,-0.20000000000000284,0
50.5,50.5,0.8888888888888888,0.812323747528701,0.09644162279838607,0.7939014207615468,0.07656514136018788,9.0,9.0,8.0,0.0,0
50.5,50.5,0.8888888888888888,0.812323747528701,0.09644162279838607,0.7939014207615468,0.07656514136018788,9.0,9.0,8.0,-0.10000000000000142,0
50.5,50.5,0.8888888888888888,0.812323747528701,0.09644162279838607,0.7939014207615468,0.07656514136018788,9.0,9.0,8.0,-0.10000000000000142,0
50.5,50.5,0.8888888888888888,0.812323747528701,0.09644162279838607,0.7939014207615468,0.07656514136018788,9.0,9.0,8.0,-0.19999999999999574,0
50.5,50.5,0.8888888888888888,0.812323747528701,0.09644162279838607,0.7939014207615468,0.07656514136018788,9.0,9.0,8.0,-0.29999999999999716,0
50.5,50.5,0.8888888888888888,0.812323747528701,0.09644162279838607,0.7939014207615468,0.07656514136018788,9.0,9.0,8.0,-0.20000000000000284,0
50.5,50.5,0.8888888888888888,0.812323747528701,0.09644162279838607,0.7939014207615468,0.07656514136018788,9.0,9.0,8.0,0.09999999999999432,0
50.5,50.5,0.8888888888888888,0.812323747528701,0.09644162279838607,0.7939014207615468,0.07656514136018788,9.0,9.0,8.0,0.20000000000000284,0
51.5,51.5,0.75,0.8139582009321948,0.10885955775972844,-0.5875294944093147,-0.06395820093219484,7.0,9.0,6.0,-0.10000000000000142,0
51.5,51.5,0.75,0.8139582009321948,0.10885955775972844,-0.5875294944093147,-0.06395820093219484,7.0,9.0,6.0,-0.19999999999999574,0
51.5,51.5,0.75,0.8139582009321948,0.10885955775972844,-0.5875294944093147,-0.06395820093219484,7.0,9.0,6.0,-0.29999999999999716,0
51.5,51.5,0.75,0.8139582009321948,0.10885955775972844,-0.5875294944093147,-0.06395820093219484,7.0,9.0,6.0,-0.20000000000000284,0
51.5,51.5,0.75,0.8139582009321948,0.10885955775972844,-0.5875294944093147,-0.06395820093219484,7.0,9.0,6.0,0.09999999999999432,0
51.5,51.5,0.75,0.8139582009321948,0.10885955775972844,-0.5875294944093147,-0.06395820093219484,7.0,9.0,6.0,0.20000000000000284,0
52.5,52.5,0.6153846153846154,0.7815676121264358,0.1188346707172325,-1.3984386521106569,-0.16618299674182035,5.0,8.0,4.0,-0.29999999999999716,0
52.5,52.5,0.6153846153846154,0.7815676121264358,0.1188346707172325,-1.3984386521106569,-0.16618299674182035,5.0,8.0,4.0,-0.20000000000000284,0
52.5,52.5,0.6153846153846154,0.7815676121264358,0.1188346707172325,-1.3984386521106569,-0.16618299674182035,5.0,8.0,4.0,0.09999999999999432,0
52.5,52.5,0.6153846153846154,0.7815676121264358,0.1188346707172325,-1.3984386521106569,-0.16618299674182035,5.0,8.0,4.0,0.20000000000000284,0
53.5,53.5,0.7142857142857143,0.821584680592885,0.10886615060319639,-0.9856044850732543,-0.10729896630717073,5.0,9.0,5.0,-0.20000000000000284,0
53.5,53.5,0.7142857142857143,0.821584680592885,0.10886615060319639,-0.9856044850732543,-0.10729896630717073,5.0,9.0,5.0,0.09999999999999432,0
53.5,53.5,0.7142857142857143,0.821584680592885,0.10886615060319639,-0.9856044850732543,-0.10729896630717073,5.0,9.0,5.0,0.20000000000000284,0
53.5,53.5,0.7142857142857143,0.821584680592885,0.10886615060319639,-0.9856044850732543,-0.10729896630717073,5.0,9.0,5.0,0.19999999999999574,0
53.5,53.5,0.7142857142857143,0.821584680592885,0.10886615060319639,-0.9856044850732543,-0.10729896630717073,5.0,9.0,5.0,0.09999999999999432,0
54.5,54.5,0.6666666666666666,0.747574931441108,0.12253525937012809,-0.6602855797615861,-0.08090826477444135,5.0,7.0,4.0,0.09999999999999432,0
54.5,54.5,0.6666666666666666,0.747574931441108,0.12253525937012809,-0.6602855797615861,-0.08090826477444135,5.0,7.0,4.0,0.20000000000000284,0
54.5,54.5,0.6666666666666666,0.747574931441108,0.12253525937012809,-0.6602855797615861,-0.08090826477444135,5.0,7.0,4.0,0.19999999999999574,0
54.5,54.5,0.6666666666666666,0.747574931441108,0.12253525937012809,-0.6602855797615861,-0.08090826477444135,5.0,7.0,4.0,0.09999999999999432,0
55.5,55.5,0.7692307692307693,0.7462075537207891,0.11929115391008087,0.19300019117372794,0.02302321550998021,6.0,7.0,5.0,-0.29999999999999716,0
55.5,55.5,0.7692307692307693,0.7462075537207891,0.11929115391008087,0.19300019117372794,0.02302321550998021,6.0,7.0,5.0,0.19999999999999574,0
55.5,55.5,0.7692307692307693,0.7462075537207891,0.11929115391008087,0.19300019117372794,0.02302321550998021,6.0,7.0,5.0,0.09999999999999432,0
55.5,55.5,0.7692307692307693,0.7462075537207891,0.11929115391008087,0.19300019117372794,0.02302321550998021,6.0,7.0,5.0,-0.29999999999999716,0
55.5,55.5,0.7692307692307693,0.7462075537207891,0.11929115391008087,0.19300019117372794,0.02302321550998021,6.0,7.0,5.0,-0.10000000000000142,0
56.5,56.5,0.8333333333333334,0.730305439005439,0.11904168219604973,0.8654774733291971,0.10302789432789439,6.0,6.0,5.0,0.19999999999999574,0
56.5,56.5,0.8333333333333334,0.730305439005439,0.11904168219604973,0.8654774733291971,0.10302789432789439,6.0,6.0,5.0,0.09999999999999432,0
56.5,56.5,0.8333333333333334,0.730305439005439,0.11904168219604973,0.8654774733291971,0.10302789432789439,6.0,6.0,5.0,-0.29999999999999716,0
56.5,56.5,0.8333333333333334,0.730305439005439,0.11904168219604973,0.8654774733291971,0.10302789432789439,6.0,6.0,5.0,-0.10000000000000142,0
56.5,56.5,0.8333333333333334,0.730305439005439,0.11904168219604973,0.8654774733291971,0.10302789432789439,6.0,6.0,5.0,0.0,0
57.5,57.5,0.9333333333333333,0.7477986675089616,0.11221937664293966,1.6533211230954092,0.18553466582437173,8.0,7.0,7.0,0.19999999999999574,0
57.5,57.5,0.9333333333333333,0.7477986675089616,0.11221937664293966,1.6533211230954092,0.18553466582437173,8.0,7.0,7.0,0.09999999999999432,0
57.5,57.5,0.9333333333333333,0.7477986675089616,0.11221937664293966,1.6533211230954092,0.18553466582437173,8.0,7.0,7.0,-0.29999999999999716,0
57.5,57.5,0.9333333333333333,0.7477986675089616,0.11221937664293966,1.6533211230954092,0.18553466582437173,8.0,7.0,7.0,-0.10000000000000142,0
57.5,57.5,0.9333333333333333,0.7477986675089616,0.11221937664293966,1.6533211230954092,0.18553466582437173,8.0,7.0,7.0,0.0,0
57.5,57.5,0.9333333333333333,0.7477986675089616,0.11221937664293966,1.6533211230954092,0.18553466582437173,8.0,7.0,7.0,0.0,0
57.5,57.5,0.9333333333333333,0.7477986675089616,0.11221937664293966,1.6533211230954092,0.18553466582437173,8.0,7.0,7.0,0.29999999999999716,0
58.5,58.5,0.8571428571428571,0.7442741523182699,0.10928972572340773,1.0327476263435524,0.11286870482458722,7.0,7.0,6.0,-0.29999999999999716,0
58.5,58.5,0.8571428571428571,0.7442741523182699,0.10928972572340773,1.0327476263435524,0.11286870482458722,7.0,7.0,6.0,-0.10000000000000142,0
58.5,58.5,0.8571428571428571,0.7442741523182699,0.10928972572340773,1.0327476263435524,0.11286870482458722,7.0,7.0,6.0,0.0,0
58.5,58.5,0.8571428571428571,0.7442741523182699,0.10928972572340773,1.0327476263435524,0.11286870482458722,7.0,7.0,6.0,0.0,0
58.5,58.5,0.8571428571428571,0.7442741523182699,0.10928972572340773,1.0327476263435524,0.11286870482458722,7.0,7.0,6.0,-0.30000000000000426,0
58.5,58.5,0.8571428571428571,0.7442741523182699,0.10928972572340773,1.0327476263435524,0.11286870482458722,7.0,7.0,6.0,0.0,0
59.5,59.5,0.875,0.8308209572762979,0.09813575488066349,0.45018294073781123,0.0441790427237021,7.0,9.0,7.0,-0.29999999999999716,0
59.5,59.5,0.875,0.8308209572762979,0.09813575488066349,0.45018294073781123,0.0441790427237021,7.0,9.0,7.0,-0.10000000000000142,0
59.5,59.5,0.875,0.8308209572762979,0.09813575488066349,0.45018294073781123,0.0441790427237021,7.0,9.0,7.0,0.0,0
59.5,59.5,0.875,0.8308209572762979,0.09813575488066349,0.45018294073781123,0.0441790427237021,7.0,9.0,7.0,0.0,0
59.5,59.5,0.875,0.8308209572762979,0.09813575488066349,0.45018294073781123,0.0441790427237021,7.0,9.0,7.0,-0.30000000000000426,0
59.5,59.5,0.875,0.8308209572762979,0.09813575488066349,0.45018294073781123,0.0441790427237021,7.0,9.0,7.0,0.0,0
59.5,59.5,0.875,0.8308209572762979,0.09813575488066349,0.45018294073781123,0.0441790427237021,7.0,9.0,7.0,0.0,0
60.5,60.5,0.8571428571428571,0.8127798590298592,0.10982460200927524,0.4039440826678457,0.04436299811299793,6.0,8.0,6.0,0.0,0
60.5,60.5,0.8571428571428571,0.8127798590298592,0.10982460200927524,0.4039440826678457,0.04436299811299793,6.0,8.0,6.0,0.0,0
60.5,60.5,0.8571428571428571,0.8127798590298592,0.10982460200927524,0.4039440826678457,0.04436299811299793,6.0,8.0,6.0,-0.30000000000000426,0
60.5,60.5,0.8571428571428571,0.8127798590298592,0.10982460200927524,0.4039440826678457,0.04436299811299793,6.0,8.0,6.0,0.0,0
60.5,60.5,0.8571428571428571,0.8127798590298592,0.10982460200927524,0.4039440826678457,0.04436299811299793,6.0,8.0,6.0,0.0,0
60.5,60.5,0.8571428571428571,0.8127798590298592,0.10982460200927524,0.4039440826678457,0.04436299811299793,6.0,8.0,6.0,-0.20000000000000284,0
61.5,61.5,0.8,0.8309624710342977,0.09338518125355233,-0.33155657695015517,-0.03096247103429761,6.0,9.0,6.0,0.0,0
61.5,61.5,0.8,0.8309624710342977,0.09338518125355233,-0.33155657695015517,-0.03096247103429761,6.0,9.0,6.0,-0.30000000000000426,0
61.5,61.5,0.8,0.8309624710342977,0.09338518125355233,-0.33155657695015517,-0.03096247103429761,6.0,9.0,6.0,0.0,0
61.5,61.5,0.8,0.8309624710342977,0.09338518125355233,-0.33155657695015517,-0.03096247103429761,6.0,9.0,6.0,0.0,0
61.5,61.5,0.8,0.8309624710342977,0.09338518125355233,-0.33155657695015517,-0.03096247103429761,6.0,9.0,6.0,-0.20000000000000284,0
61.5,61.5,0.8,0.8309624710342977,0.09338518125355233,-0.33155657695015517,-0.03096247103429761,6.0,9.0,6.0,0.29999999999999716,0
62.5,62.5,0.7692307692307693,0.8091655605832077,0.1053916718581545,-0.3789179035530073,-0.03993479135243838,5.0,8.0,5.0,0.0,0
62.5,62.5,0.7692307692307693,0.8091655605832077,0.1053916718581545,-0.3789179035530073,-0.03993479135243838,5.0,8.0,5.0,0.0,0
62.5,62.5,0.7692307692307693,0.8091655605832077,0.1053916718581545,-0.3789179035530073,-0.03993479135243838,5.0,8.0,5.0,-0.20000000000000284,0
62.5,62.5,0.7692307692307693,0.8091655605832077,0.1053916718581545,-0.3789179035530073,-0.03993479135243838,5.0,8.0,5.0,0.29999999999999716,0
62.5,62.5,0.7692307692307693,0.8091655605832077,0.1053916718581545,-0.3789179035530073,-0.03993479135243838,5.0,8.0,5.0,-0.20000000000000284,0
63.5,63.5,0.7692307692307693,0.8531021454036161,0.11134297431034729,-0.7532704842163758,-0.08387137617284679,5.0,8.0,5.0,0.0,0
63.5,63.5,0.7692307692307693,0.8531021454036161,0.11134297431034729,-0.7532704842163758,-0.08387137617284679,5.0,8.0,5.0,-0.20000000000000284,0
63.5,63.5,0.7692307692307693,0.8531021454036161,0.11134297431034729,-0.7532704842163758,-0.08387137617284679,5.0,8.0,5.0,0.29999999999999716,0
63.5,63.5,0.7692307692307693,0.8531021454036161,0.11134297431034729,-0.7532704842163758,-0.08387137617284679,5.0,8.0,5.0,-0.20000000000000284,0
63.5,63.5,0.7692307692307693,0.8531021454036161,0.11134297431034729,-0.7532704842163758,-0.08387137617284679,5.0,8.0,5.0,-0.29999999999999716,0
64.5,64.5,0.7692307692307693,0.8110493575052399,0.12212508586935261,-0.34242422821472923,-0.0418185882744706,6.0,7.0,5.0,-0.20000000000000284,0
64.5,64.5,0.7692307692307693,0.8110493575052399,0.12212508586935261,-0.34242422821472923,-0.0418185882744706,6.0,7.0,5.0,0.29999999999999716,0
64.5,64.5,0.7692307692307693,0.8110493575052399,0.12212508586935261,-0.34242422821472923,-0.0418185882744706,6.0,7.0,5.0,-0.20000000000000284,0
64.5,64.5,0.7692307692307693,0.8110493575052399,0.12212508586935261,-0.34242422821472923,-0.0418185882744706,6.0,7.0,5.0,-0.29999999999999716,0
64.5,64.5,0.7692307692307693,0.8110493575052399,0.12212508586935261,-0.34242422821472923,-0.0418185882744706,6.0,7.0,5.0,-0.09999999999999432,0
65.5,65.5,0.7142857142857143,0.7993726066417244,0.11819200184271474,-0.7199039785216631,-0.08508689235601008,6.0,8.0,5.0,0.29999999999999716,0
65.5,65.5,0.7142857142857143,0.7993726066417244,0.11819200184271474,-0.7199039785216631,-0.08508689235601008,6.0,8.0,5.0,-0.20000000000000284,0
65.5,65.5,0.7142857142857143,0.7993726066417244,0.11819200184271474,-0.7199039785216631,-0.08508689235601008,6.0,8.0,5.0,-0.29999999999999716,0
65.5,65.5,0.7142857142857143,0.7993726066417244,0.11819200184271474,-0.7199039785216631,-0.08508689235601008,6.0,8.0,5.0,-0.09999999999999432,0
65.5,65.5,0.7142857142857143,0.7993726066417244,0.11819200184271474,-0.7199039785216631,-0.08508689235601008,6.0,8.0,5.0,0.09999999999999432,0
66.5,66.5,0.875,0.7933553688141924,0.10783788943523953,0.7571052402211381,0.08164463118580756,8.0,8.0,7.0,-0.20000000000000284,0
66.5,66.5,0.875,0.7933553688141924,0.10783788943523953,0.7571052402211381,0.08164463118580756,8.0,8.0,7.0,-0.29999999999999716,0
66.5,66.5,0.875,0.7933553688141924,0.10783788943523953,0.7571052402211381,0.08164463118580756,8.0,8.0,7.0,-0.09999999999999432,0
66.5,66.5,0.875,0.7933553688141924,0.10783788943523953,0.7571052402211381,0.08164463118580756,8.0,8.0,7.0,0.09999999999999432,0
66.5,66.5,0.875,0.7933553688141924,0.10783788943523953,0.7571052402211381,0.08164463118580756,8.0,8.0,7.0,0.09999999999999432,0
66.5,66.5,0.875,0.7933553688141924,0.10783788943523953,0.7571052402211381,0.08164463118580756,8.0,8.0,7.0,0.0,0
66.5,66.5,0.875,0.7933553688141924,0.10783788943523953,0.7571052402211381,0.08164463118580756,8.0,8.0,7.0,0.0,0
67.5,67.5,0.875,0.7969883201765556,0.11321069263511747,0.6890840256130142,0.07801167982344437,8.0,8.0,7.0,-0.29999999999999716,0
67.5,67.5,0.875,0.7969883201765556,0.11321069263511747,0.6890840256130142,0.07801167982344437,8.0,8.0,7.0,-0.09999999999999432,0
67.5,67.5,0.875,0.7969883201765556,0.11321069263511747,0.6890840256130142,0.07801167982344437,8.0,8.0,7.0,0.09999999999999432,0
67.5,67.5,0.875,0.7969883201765556,0.11321069263511747,0.6890840256130142,0.07801167982344437,8.0,8.0,7.0,0.09999999999999432,0
67.5,67.5,0.875,0.7969883201765556,0.11321069263511747,0.6890840256130142,0.07801167982344437,8.0,8.0,7.0,0.0,0
67.5,67.5,0.875,0.7969883201765556,0.11321069263511747,0.6890840256130142,0.07801167982344437,8.0,8.0,7.0,0.0,0
67.5,67.5,0.875,0.7969883201765556,0.11321069263511747,0.6890840256130142,0.07801167982344437,8.0,8.0,7.0,0.10000000000000853,0
68.5,68.5,0.9411764705882353,0.8080687828511359,0.106227564467879,1.2530428274795695,0.13310768773709936,9.0,8.0,8.0,-0.09999999999999432,0
68.5,68.5,0.9411764705882353,0.8080687828511359,0.106227564467879,1.2530428274795695,0.13310768773709936,9.0,8.0,8.0,0.09999999999999432,0
68.5,68.5,0.9411764705882353,0.8080687828511359,0.106227564467879,1.2530428274795695,0.13310768773709936,9.0,8.0,8.0,0.09999999999999432,0
68.5,68.5,0.9411764705882353,0.8080687828511359,0.106227564467879,1.2530428274795695,0.13310768773709936,9.0,8.0,8.0,0.0,0
68.5,68.5,0.9411764705882353,0.8080687828511359,0.106227564467879,1.2530428274795695,0.13310768773709936,9.0,8.0,8.0,0.0,0
68.5,68.5,0.9411764705882353,0.8080687828511359,0.106227564467879,1.2530428274795695,0.13310768773709936,9.0,8.0,8.0,0.10000000000000853,0
68.5,68.5,0.9411764705882353,0.8080687828511359,0.106227564467879,1.2530428274795695,0.13310768773709936,9.0,8.0,8.0,-0.20000000000000284,0
68.5,68.5,0.9411764705882353,0.8080687828511359,0.106227564467879,1.2530428274795695,0.13310768773709936,9.0,8.0,8.0,0.10000000000000853,0
69.5,69.5,0.9411764705882353,0.8228277683273041,0.10016819077379076,1.181499848871159,0.1183487022609312,8.0,9.0,8.0,0.09999999999999432,0
69.5,69.5,0.9411764705882353,0.8228277683273041,0.10016819077379076,1.181499848871159,0.1183487022609312,8.0,9.0,8.0,0.09999999999999432,0
69.5,69.5,0.9411764705882353,0.8228277683273041,0.10016819077379076,1.181499848871159,0.1183487022609312,8.0,9.0,8.0,0.0,0
69.5,69.5,0.9411764705882353,0.8228277683273041,0.10016819077379076,1.181499848871159,0.1183487022609312,8.0,9.0,8.0,0.0,0
69.5,69.5,0.9411764705882353,0.8228277683273041,0.10016819077379076,1.181499848871159,0.1183487022609312,8.0,9.0,8.0,0.10000000000000853,0
69.5,69.5,0.9411764705882353,0.8228277683273041,0.10016819077379076,1.181499848871159,0.1183487022609312,8.0,9.0,8.0,-0.20000000000000284,0
69.5,69.5,0.9411764705882353,0.8228277683273041,0.10016819077379076,1.181499848871159,0.1183487022609312,8.0,9.0,8.0,0.10000000000000853,0
69.5,69.5,0.9411764705882353,0.8228277683273041,0.10016819077379076,1.181499848871159,0.1183487022609312,8.0,9.0,8.0,0.10000000000000853,0
70.5,70.5,0.9411764705882353,0.7920640151472196,0.10334047606024936,1.4429240228589661,0.1491124554410157,8.0,9.0,8.0,0.09999999999999432,0
70.5,70.5,0.9411764705882353,0.7920640151472196,0.10334047606024936,1.4429240228589661,0.1491124554410157,8.0,9.0,8.0,0.0,0
70.5,70.5,0.9411764705882353,0.7920640151472196,0.10334047606024936,1.4429240228589661,0.1491124554410157,8.0,9.0,8.0,0.0,0
70.5,70.5,0.9411764705882353,0.7920640151472196,0.10334047606024936,1.4429240228589661,0.1491124554410157,8.0,9.0,8.0,0.10000000000000853,0
70.5,70.5,0.9411764705882353,0.7920640151472196,0.10334047606024936,1.4429240228589661,0.1491124554410157,8.0,9.0,8.0,-0.20000000000000284,0
70.5,70.5,0.9411764705882353,0.7920640151472196,0.10334047606024936,1.4429240228589661,0.1491124554410157,8.0,9.0,8.0,0.10000000000000853,0
70.5,70.5,0.9411764705882353,0.7920640151472196,0.10334047606024936,1.4429240228589661,0.1491124554410157,8.0,9.0,8.0,0.10000000000000853,0
70.5,70.5,0.9411764705882353,0.7920640151472196,0.10334047606024936,1.4429240228589661,0.1491124554410157,8.0,9.0,8.0,-0.10000000000000853,0
71.5,71.5,0.8571428571428571,0.7557627114715351,0.10637008592170856,0.9530888763777133,0.10138014567132203,6.0,8.0,6.0,0.0,0
71.5,71.5,0.8571428571428571,0.7557627114715351,0.10637008592170856,0.9530888763777133,0.10138014567132203,6.0,8.0,6.0,0.10000000000000853,0
71.5,71.5,0.8571428571428571,0.7557627114715351,0.10637008592170856,0.9530888763777133,0.10138014567132203,6.0,8.0,6.0,-0.20000000000000284,0
71.5,71.5,0.8571428571428571,0.7557627114715351,0.10637008592170856,0.9530888763777133,0.10138014567132203,6.0,8.0,6.0,0.10000000000000853,0
71.5,71.5,0.8571428571428571,0.7557627114715351,0.10637008592170856,0.9530888763777133,0.10138014567132203,6.0,8.0,6.0,0.10000000000000853,0
71.5,71.5,0.8571428571428571,0.7557627114715351,0.10637008592170856,0.9530888763777133,0.10138014567132203,6.0,8.0,6.0,-0.10000000000000853,0
72.5,72.5,0.8571428571428571,0.7660318642142172,0.09971184197256688,0.9137429529554444,0.09111099292863989,6.0,8.0,6.0,-0.20000000000000284,0
72.5,72.5,0.8571428571428571,0.7660318642142172,0.09971184197256688,0.9137429529554444,0.09111099292863989,6.0,8.0,6.0,0.10000000000000853,0
72.5,72.5,0.8571428571428571,0.7660318642142172,0.09971184197256688,0.9137429529554444,0.09111099292863989,6.0,8.0,6.0,0.10000000000000853,0
72.5,72.5,0.8571428571428571,0.7660318642142172,0.09971184197256688,0.9137429529554444,0.09111099292863989,6.0,8.0,6.0,-0.10000000000000853,0
72.5,72.5,0.8571428571428571,0.7660318642142172,0.09971184197256688,0.9137429529554444,0.09111099292863989,6.0,8.0,6.0,0.09999999999999432,0
72.5,72.5,0.8571428571428571,0.7660318642142172,0.09971184197256688,0.9137429529554444,0.09111099292863989,6.0,8.0,6.0,0.0,0
73.5,73.5,0.7692307692307693,0.7644459014841368,0.10043334835806374,0.0476422206852399,0.0047848677466324485,5.0,8.0,5.0,0.10000000000000853,0
73.5,73.5,0.7692307692307693,0.7644459014841368,0.10043334835806374,0.0476422206852399,0.0047848677466324485,5.0,8.0,5.0,-0.10000000000000853,0
73.5,73.5,0.7692307692307693,0.7644459014841368,0.10043334835806374,0.0476422206852399,0.0047848677466324485,5.0,8.0,5.0,0.09999999999999432,0
73.5,73.5,0.7692307692307693,0.7644459014841368,0.10043334835806374,0.0476422206852399,0.0047848677466324485,5.0,8.0,5.0,0.0,0
73.5,73.5,0.7692307692307693,0.7644459014841368,0.10043334835806374,0.0476422206852399,0.0047848677466324485,5.0,8.0,5.0,0.09999999999999432,0
74.5,74.5,0.8571428571428571,0.7445938295364766,0.09912358861142279,1.1354414139260756,0.11254902760638053,6.0,8.0,6.0,-0.10000000000000853,0
74.5,74.5,0.8571428571428571,0.7445938295364766,0.09912358861142279,1.1354414139260756,0.11254902760638053,6.0,8.0,6.0,0.09999999999999432,0
74.5,74.5,0.8571428571428571,0.7445938295364766,0.09912358861142279,1.1354414139260756,0.11254902760638053,6.0,8.0,6.0,0.0,0
74.5,74.5,0.8571428571428571,0.7445938295364766,0.09912358861142279,1.1354414139260756,0.11254902760638053,6.0,8.0,6.0,0.09999999999999432,0
74.5,74.5,0.8571428571428571,0.7445938295364766,0.09912358861142279,1.1354414139260756,0.11254902760638053,6.0,8.0,6.0,0.19999999999998863,0
74.5,74.5,0.8571428571428571,0.7445938295364766,0.09912358861142279,1.1354414139260756,0.11254902760638053,6.0,8.0,6.0,-0.20000000000000284,0
75.5,75.5,0.8571428571428571,0.7645107110210051,0.10378989914152123,0.8924967351162444,0.092632146121852,6.0,8.0,6.0,0.09999999999999432,0
75.5,75.5,0.8571428571428571,0.7645107110210051,0.10378989914152123,0.8924967351162444,0.092632146121852,6.0,8.0,6.0,0.0,0
75.5,75.5,0.8571428571428571,0.7645107110210051,0.10378989914152123,0.8924967351162444,0.092632146121852,6.0,8.0,6.0,0.09999999999999432,0
75.5,75.5,0.8571428571428571,0.7645107110210051,0.10378989914152123,0.8924967351162444,0.092632146121852,6.0,8.0,6.0,0.19999999999998863,0
75.5,75.5,0.8571428571428571,0.7645107110210051,0.10378989914152123,0.8924967351162444,0.092632146121852,6.0,8.0,6.0,-0.20000000000000284,0
75.5,75.5,0.8571428571428571,0.7645107110210051,0.10378989914152123,0.8924967351162444,0.092632146121852,6.0,8.0,6.0,-0.20000000000000284,0
76.5,76.5,0.875,0.786594840453664,0.10508447284664865,0.8412770902447878,0.08840515954633599,8.0,8.0,7.0,0.09999999999999432,0
76.5,76.5,0.875,0.786594840453664,0.10508447284664865,0.8412770902447878,0.08840515954633599,8.0,8.0,7.0,0.0,0
76.5,76.5,0.875,0.786594840453664,0.10508447284664865,0.8412770902447878,0.08840515954633599,8.0,8.0,7.0,0.09999999999999432,0
76.5,76.5,0.875,0.786594840453664,0.10508447284664865,0.8412770902447878,0.08840515954633599,8.0,8.0,7.0,0.19999999999998863,0
76.5,76.5,0.875,0.786594840453664,0.10508447284664865,0.8412770902447878,0.08840515954633599,8.0,8.0,7.0,-0.20000000000000284,0
76.5,76.5,0.875,0.786594840453664,0.10508447284664865,0.8412770902447878,0.08840515954633599,8.0,8.0,7.0,-0.20000000000000284,0
76.5,76.5,0.875,0.786594840453664,0.10508447284664865,0.8412770902447878,0.08840515954633599,8.0,8.0,7.0,-0.20000000000000284,0
77.5,77.5,0.7058823529411765,0.7213231549496254,0.10809990959894218,-0.14283825088971194,-0.015440802008448884,9.0,8.0,6.0,0.0,0
77.5,77.5,0.7058823529411765,0.7213231549496254,0.10809990959894218,-0.14283825088971194,-0.015440802008448884,9.0,8.0,6.0,0.09999999999999432,0
77.5,77.5,0.7058823529411765,0.7213231549496254,0.10809990959894218,-0.14283825088971194,-0.015440802008448884,9.0,8.0,6.0,0.19999999999998863,0
77.5,77.5,0.7058823529411765,0.7213231549496254,0.10809990959894218,-0.14283825088971194,-0.015440802008448884,9.0,8.0,6.0,-0.20000000000000284,0
77.5,77.5,0.7058823529411765,0.7213231549496254,0.10809990959894218,-0.14283825088971194,-0.015440802008448884,9.0,8.0,6.0,-0.20000000000000284,0
77.5,77.5,0.7058823529411765,0.7213231549496254,0.10809990959894218,-0.14283825088971194,-0.015440802008448884,9.0,8.0,6.0,-0.20000000000000284,0
78.5,78.5,0.5714285714285714,0.7451716311466312,0.12040508707304179,-1.4429877004504088,-0.1737430597180598,8.0,6.0,4.0,-0.30000000000001137,0
78.5,78.5,0.5714285714285714,0.7451716311466312,0.12040508707304179,-1.4429877004504088,-0.1737430597180598,8.0,6.0,4.0,-0.20000000000000284,0
78.5,78.5,0.5714285714285714,0.7451716311466312,0.12040508707304179,-1.4429877004504088,-0.1737430597180598,8.0,6.0,4.0,-0.20000000000000284,0
78.5,78.5,0.5714285714285714,0.7451716311466312,0.12040508707304179,-1.4429877004504088,-0.1737430597180598,8.0,6.0,4.0,-0.20000000000000284,0
79.5,79.5,0.5714285714285714,0.7258751165501167,0.11064239345411155,-1.3959074844634607,-0.15444654512154532,8.0,6.0,4.0,-0.20000000000000284,0
79.5,79.5,0.5714285714285714,0.7258751165501167,0.11064239345411155,-1.3959074844634607,-0.15444654512154532,8.0,6.0,4.0,-0.20000000000000284,0
79.5,79.5,0.5714285714285714,0.7258751165501167,0.11064239345411155,-1.3959074844634607,-0.15444654512154532,8.0,6.0,4.0,-0.09999999999999432,0
79.5,79.5,0.5714285714285714,0.7258751165501167,0.11064239345411155,-1.3959074844634607,-0.15444654512154532,8.0,6.0,4.0,0.10000000000000853,0
80.5,80.5,0.5333333333333333,0.7436126456876457,0.10382266236056874,-2.025370064428008,-0.2102793123543124,8.0,7.0,4.0,-0.20000000000000284,0
80.5,80.5,0.5333333333333333,0.7436126456876457,0.10382266236056874,-2.025370064428008,-0.2102793123543124,8.0,7.0,4.0,-0.09999999999999432,0
80.5,80.5,0.5333333333333333,0.7436126456876457,0.10382266236056874,-2.025370064428008,-0.2102793123543124,8.0,7.0,4.0,0.10000000000000853,0
80.5,80.5,0.5333333333333333,0.7436126456876457,0.10382266236056874,-2.025370064428008,-0.2102793123543124,8.0,7.0,4.0,-0.20000000000000284,0
81.5,81.5,0.5333333333333333,0.7563099036584331,0.10762961293852752,-2.0717027984895986,-0.22297657032509977,7.0,8.0,4.0,-0.09999999999999432,0
81.5,81.5,0.5333333333333333,0.7563099036584331,0.10762961293852752,-2.0717027984895986,-0.22297657032509977,7.0,8.0,4.0,0.10000000000000853,0
81.5,81.5,0.5333333333333333,0.7563099036584331,0.10762961293852752,-2.0717027984895986,-0.22297657032509977,7.0,8.0,4.0,-0.20000000000000284,0
81.5,81.5,0.5333333333333333,0.7563099036584331,0.10762961293852752,-2.0717027984895986,-0.22297657032509977,7.0,8.0,4.0,-0.20000000000000284,0
82.5,82.5,0.6666666666666666,0.7747169941255855,0.10817493484079874,-0.9988480937653138,-0.10805032745891885,6.0,9.0,5.0,-0.09999999999999432,0
82.5,82.5,0.6666666666666666,0.7747169941255855,0.10817493484079874,-0.9988480937653138,-0.10805032745891885,6.0,9.0,5.0,0.10000000000000853,0
82.5,82.5,0.6666666666666666,0.7747169941255855,0.10817493484079874,-0.9988480937653138,-0.10805032745891885,6.0,9.0,5.0,-0.20000000000000284,0
82.5,82.5,0.6666666666666666,0.7747169941255855,0.10817493484079874,-0.9988480937653138,-0.10805032745891885,6.0,9.0,5.0,-0.20000000000000284,0
82.5,82.5,0.6666666666666666,0.7747169941255855,0.10817493484079874,-0.9988480937653138,-0.10805032745891885,6.0,9.0,5.0,0.0,0
83.5,83.5,0.75,0.8072327243447988,0.09938699930036775,-0.5758572524342929,-0.05723272434479876,6.0,10.0,6.0,-0.09999999999999432,0
83.5,83.5,0.75,0.8072327243447988,0.09938699930036775,-0.5758572524342929,-0.05723272434479876,6.0,10.0,6.0,0.10000000000000853,0
83.5,83.5,0.75,0.8072327243447988,0.09938699930036775,-0.5758572524342929,-0.05723272434479876,6.0,10.0,6.0,-0.20000000000000284,0
83.5,83.5,0.75,0.8072327243447988,0.09938699930036775,-0.5758572524342929,-0.05723272434479876,6.0,10.0,6.0,-0.20000000000000284,0
83.5,83.5,0.75,0.8072327243447988,0.09938699930036775,-0.5758572524342929,-0.05723272434479876,6.0,10.0,6.0,0.0,0
83.5,83.5,0.75,0.8072327243447988,0.09938699930036775,-0.5758572524342929,-0.05723272434479876,6.0,10.0,6.0,-0.09999999999999432,0
84.5,84.5,0.6666666666666666,0.7957582260704551,0.10720063489294218,-1.2042051759554226,-0.12909155940378847,6.0,9.0,5.0,-0.20000000000000284,0
84.5,84.5,0.6666666666666666,0.7957582260704551,0.10720063489294218,-1.2042051759554226,-0.12909155940378847,6.0,9.0,5.0,-0.20000000000000284,0
84.5,84.5,0.6666666666666666,0.7957582260704551,0.10720063489294218,-1.2042051759554226,-0.12909155940378847,6.0,9.0,5.0,0.0,0
84.5,84.5,0.6666666666666666,0.7957582260704551,0.10720063489294218,-1.2042051759554226,-0.12909155940378847,6.0,9.0,5.0,-0.09999999999999432,0
84.5,84.5,0.6666666666666666,0.7957582260704551,0.10720063489294218,-1.2042051759554226,-0.12909155940378847,6.0,9.0,5.0,-0.30000000000001137,0
85.5,85.5,0.6666666666666666,0.823185819563993,0.10337993888220998,-1.5140186247900824,-0.15651915289732632,6.0,9.0,5.0,-0.20000000000000284,0
85.5,85.5,0.6666666666666666,0.823185819563993,0.10337993888220998,-1.5140186247900824,-0.15651915289732632,6.0,9.0,5.0,0.0,0
85.5,85.5,0.6666666666666666,0.823185819563993,0.10337993888220998,-1.5140186247900824,-0.15651915289732632,6.0,9.0,5.0,-0.09999999999999432,0
85.5,85.5,0.6666666666666666,0.823185819563993,0.10337993888220998,-1.5140186247900824,-0.15651915289732632,6.0,9.0,5.0,-0.30000000000001137,0
85.5,85.5,0.6666666666666666,0.823185819563993,0.10337993888220998,-1.5140186247900824,-0.15651915289732632,6.0,9.0,5.0,-0.20000000000000284,0
86.5,86.5,0.75,0.8257660596627315,0.09918150310471568,-0.7639132024722174,-0.07576605966273153,7.0,9.0,6.0,0.0,0
86.5,86.5,0.75,0.8257660596627315,0.09918150310471568,-0.7639132024722174,-0.07576605966273153,7.0,9.0,6.0,-0.09999999999999432,0
86.5,86.5,0.75,0.8257660596627315,0.09918150310471568,-0.7639132024722174,-0.07576605966273153,7.0,9.0,6.0,-0.30000000000001137,0
86.5,86.5,0.75,0.8257660596627315,0.09918150310471568,-0.7639132024722174,-0.07576605966273153,7.0,9.0,6.0,-0.20000000000000284,0
86.5,86.5,0.75,0.8257660596627315,0.09918150310471568,-0.7639132024722174,-0.07576605966273153,7.0,9.0,6.0,-0.09999999999999432,0
86.5,86.5,0.75,0.8257660596627315,0.09918150310471568,-0.7639132024722174,-0.07576605966273153,7.0,9.0,6.0,0.0,0
87.5,87.5,0.75,0.8251241127895154,0.10262137461674595,-0.7320513204006183,-0.07512411278951536,7.0,9.0,6.0,-0.09999999999999432,0
87.5,87.5,0.75,0.8251241127895154,0.10262137461674595,-0.7320513204006183,-0.07512411278951536,7.0,9.0,6.0,-0.30000000000001137,0
87.5,87.5,0.75,0.8251241127895154,0.10262137461674595,-0.7320513204006183,-0.07512411278951536,7.0,9.0,6.0,-0.20000000000000284,0
87.5,87.5,0.75,0.8251241127895154,0.10262137461674595,-0.7320513204006183,-0.07512411278951536,7.0,9.0,6.0,-0.09999999999999432,0
87.5,87.5,0.75,0.8251241127895154,0.10262137461674595,-0.7320513204006183,-0.07512411278951536,7.0,9.0,6.0,0.0,0
87.5,87.5,0.75,0.8251241127895154,0.10262137461674595,-0.7320513204006183,-0.07512411278951536,7.0,9.0,6.0,0.10000000000000853,0
88.5,88.5,0.8235294117647058,0.8129735706158308,0.10342172057528404,0.10206599822704698,0.01055584114887509,8.0,9.0,7.0,-0.30000000000001137,0
88.5,88.5,0.8235294117647058,0.8129735706158308,0.10342172057528404,0.10206599822704698,0.01055584114887509,8.0,9.0,7.0,-0.20000000000000284,0
88.5,88.5,0.8235294117647058,0.8129735706158308,0.10342172057528404,0.10206599822704698,0.01055584114887509,8.0,9.0,7.0,-0.09999999999999432,0
88.5,88.5,0.8235294117647058,0.8129735706158308,0.10342172057528404,0.10206599822704698,0.01055584114887509,8.0,9.0,7.0,0.0,0
88.5,88.5,0.8235294117647058,0.8129735706158308,0.10342172057528404,0.10206599822704698,0.01055584114887509,8.0,9.0,7.0,0.10000000000000853,0
88.5,88.5,0.8235294117647058,0.8129735706158308,0.10342172057528404,0.10206599822704698,0.01055584114887509,8.0,9.0,7.0,0.19999999999998863,0
88.5,88.5,0.8235294117647058,0.8129735706158308,0.10342172057528404,0.10206599822704698,0.01055584114887509,8.0,9.0,7.0,-0.20000000000000284,0
89.5,89.5,0.75,0.7908349217689775,0.106807665426095,-0.38232201411829403,-0.04083492176897752,7.0,9.0,6.0,-0.20000000000000284,0
89.5,89.5,0.75,0.7908349217689775,0.106807665426095,-0.38232201411829403,-0.04083492176897752,7.0,9.0,6.0,-0.09999999999999432,0
89.5,89.5,0.75,0.7908349217689775,0.106807665426095,-0.38232201411829403,-0.04083492176897752,7.0,9.0,6.0,0.0,0
89.5,89.5,0.75,0.7908349217689775,0.106807665426095,-0.38232201411829403,-0.04083492176897752,7.0,9.0,6.0,0.10000000000000853,0
89.5,89.5,0.75,0.7908349217689775,0.106807665426095,-0.38232201411829403,-0.04083492176897752,7.0,9.0,6.0,0.19999999999998863,0
89.5,89.5,0.75,0.7908349217689775,0.106807665426095,-0.38232201411829403,-0.04083492176897752,7.0,9.0,6.0,-0.20000000000000284,0
90.5,90.5,0.7142857142857143,0.8093011436276142,0.10993530990043128,-0.8642849092612339,-0.09501542934189988,6.0,8.0,5.0,-0.09999999999999432,0
90.5,90.5,0.7142857142857143,0.8093011436276142,0.10993530990043128,-0.8642849092612339,-0.09501542934189988,6.0,8.0,5.0,0.0,0
90.5,90.5,0.7142857142857143,0.8093011436276142,0.10993530990043128,-0.8642849092612339,-0.09501542934189988,6.0,8.0,5.0,0.10000000000000853,0
90.5,90.5,0.7142857142857143,0.8093011436276142,0.10993530990043128,-0.8642849092612339,-0.09501542934189988,6.0,8.0,5.0,0.19999999999998863,0
90.5,90.5,0.7142857142857143,0.8093011436276142,0.10993530990043128,-0.8642849092612339,-0.09501542934189988,6.0,8.0,5.0,-0.20000000000000284,0
91.5,91.5,0.6153846153846154,0.8059225906446496,0.11091754350172232,-1.7178344312780012,-0.19053797526003413,6.0,7.0,4.0,0.10000000000000853,0
91.5,91.5,0.6153846153846154,0.8059225906446496,0.11091754350172232,-1.7178344312780012,-0.19053797526003413,6.0,7.0,4.0,0.19999999999998863,0
91.5,91.5,0.6153846153846154,0.8059225906446496,0.11091754350172232,-1.7178344312780012,-0.19053797526003413,6.0,7.0,4.0,-0.20000000000000284,0
91.5,91.5,0.6153846153846154,0.8059225906446496,0.11091754350172232,-1.7178344312780012,-0.19053797526003413,6.0,7.0,4.0,-0.29999999999999716,0
92.5,92.5,0.7142857142857143,0.7968937155981274,0.11643447165510136,-0.7094806214873546,-0.08260800131241308,7.0,7.0,5.0,-0.30000000000001137,0
92.5,92.5,0.7142857142857143,0.7968937155981274,0.11643447165510136,-0.7094806214873546,-0.08260800131241308,7.0,7.0,5.0,-0.20000000000000284,0
92.5,92.5,0.7142857142857143,0.7968937155981274,0.11643447165510136,-0.7094806214873546,-0.08260800131241308,7.0,7.0,5.0,-0.29999999999999716,0
92.5,92.5,0.7142857142857143,0.7968937155981274,0.11643447165510136,-0.7094806214873546,-0.08260800131241308,7.0,7.0,5.0,-0.29999999999999716,0
92.5,92.5,0.7142857142857143,0.7968937155981274,0.11643447165510136,-0.7094806214873546,-0.08260800131241308,7.0,7.0,5.0,-0.29999999999999716,0
93.5,93.5,0.6153846153846154,0.7750006248653308,0.11451360926248334,-1.3938606119282313,-0.15961600948071542,6.0,7.0,4.0,-0.29999999999999716,0
93.5,93.5,0.6153846153846154,0.7750006248653308,0.11451360926248334,-1.3938606119282313,-0.15961600948071542,6.0,7.0,4.0,-0.29999999999999716,0
93.5,93.5,0.6153846153846154,0.7750006248653308,0.11451360926248334,-1.3938606119282313,-0.15961600948071542,6.0,7.0,4.0,-0.29999999999999716,0
93.5,93.5,0.6153846153846154,0.7750006248653308,0.11451360926248334,-1.3938606119282313,-0.15961600948071542,6.0,7.0,4.0,-0.20000000000000284,0
94.5,94.5,0.75,0.7935371206107275,0.1156904894191388,-0.3763241112499353,-0.04353712061072745,7.0,9.0,6.0,-0.29999999999999716,0
94.5,94.5,0.75,0.7935371206107275,0.1156904894191388,-0.3763241112499353,-0.04353712061072745,7.0,9.0,6.0,-0.29999999999999716,0
94.5,94.5,0.75,0.7935371206107275,0.1156904894191388,-0.3763241112499353,-0.04353712061072745,7.0,9.0,6.0,-0.29999999999999716,0
94.5,94.5,0.75,0.7935371206107275,0.1156904894191388,-0.3763241112499353,-0.04353712061072745,7.0,9.0,6.0,-0.20000000000000284,0
94.5,94.5,0.75,0.7935371206107275,0.1156904894191388,-0.3763241112499353,-0.04353712061072745,7.0,9.0,6.0,0.0,0
94.5,94.5,0.75,0.7935371206107275,0.1156904894191388,-0.3763241112499353,-0.04353712061072745,7.0,9.0,6.0,-0.20000000000000284,0
95.5,95.5,0.8888888888888888,0.7917057642220182,0.10603650763890753,0.9165062753463565,0.09718312466687062,9.0,9.0,8.0,-0.29999999999999716,0
95.5,95.5,0.8888888888888888,0.7917057642220182,0.10603650763890753,0.9165062753463565,0.09718312466687062,9.0,9.0,8.0,-0.29999999999999716,0
95.5,95.5,0.8888888888888888,0.7917057642220182,0.10603650763890753,0.9165062753463565,0.09718312466687062,9.0,9.0,8.0,-0.29999999999999716,0
95.5,95.5,0.8888888888888888,0.7917057642220182,0.10603650763890753,0.9165062753463565,0.09718312466687062,9.0,9.0,8.0,-0.20000000000000284,0
95.5,95.5,0.8888888888888888,0.7917057642220182,0.10603650763890753,0.9165062753463565,0.09718312466687062,9.0,9.0,8.0,0.0,0
95.5,95.5,0.8888888888888888,0.7917057642220182,0.10603650763890753,0.9165062753463565,0.09718312466687062,9.0,9.0,8.0,-0.20000000000000284,0
95.5,95.5,0.8888888888888888,0.7917057642220182,0.10603650763890753,0.9165062753463565,0.09718312466687062,9.0,9.0,8.0,-0.09999999999999432,0
95.5,95.5,0.8888888888888888,0.7917057642220182,0.10603650763890753,0.9165062753463565,0.09718312466687062,9.0,9.0,8.0,-0.10000000000000853,0
96.5,96.5,0.8235294117647058,0.7851100134385738,0.11234833310735412,0.34196678547442727,0.03841939832613206,8.0,9.0,7.0,0.20000000000000284,0
96.5,96.5,0.8235294117647058,0.7851100134385738,0.11234833310735412,0.34196678547442727,0.03841939832613206,8.0,9.0,7.0,0.20000000000000284,0
96.5,96.5,0.8235294117647058,0.7851100134385738,0.11234833310735412,0.34196678547442727,0.03841939832613206,8.0,9.0,7.0,-0.20000000000000284,0
96.5,96.5,0.8235294117647058,0.7851100134385738,0.11234833310735412,0.34196678547442727,0.03841939832613206,8.0,9.0,7.0,0.0,0
96.5,96.5,0.8235294117647058,0.7851100134385738,0.11234833310735412,0.34196678547442727,0.03841939832613206,8.0,9.0,7.0,-0.20000000000000284,0
96.5,96.5,0.8235294117647058,0.7851100134385738,0.11234833310735412,0.34196678547442727,0.03841939832613206,8.0,9.0,7.0,-0.09999999999999432,0
96.5,96.5,0.8235294117647058,0.7851100134385738,0.11234833310735412,0.34196678547442727,0.03841939832613206,8.0,9.0,7.0,-0.10000000000000853,0
97.5,97.5,0.75,0.7768558217925865,0.1135240947206129,-0.23656495001065364,-0.0268558217925865,8.0,8.0,6.0,-0.20000000000000284,0
97.5,97.5,0.75,0.7768558217925865,0.1135240947206129,-0.23656495001065364,-0.0268558217925865,8.0,8.0,6.0,0.0,0
97.5,97.5,0.75,0.7768558217925865,0.1135240947206129,-0.23656495001065364,-0.0268558217925865,8.0,8.0,6.0,-0.20000000000000284,0
97.5,97.5,0.75,0.7768558217925865,0.1135240947206129,-0.23656495001065364,-0.0268558217925865,8.0,8.0,6.0,-0.09999999999999432,0
97.5,97.5,0.75,0.7768558217925865,0.1135240947206129,-0.23656495001065364,-0.0268558217925865,8.0,8.0,6.0,-0.10000000000000853,0
97.5,97.5,0.75,0.7768558217925865,0.1135240947206129,-0.23656495001065364,-0.0268558217925865,8.0,8.0,6.0,-0.10000000000000853,0
98.5,98.5,0.8235294117647058,0.8109508432743728,0.12567616452863895,0.10008714490540184,0.012578568490333009,9.0,8.0,7.0,0.0,0
98.5,98.5,0.8235294117647058,0.8109508432743728,0.12567616452863895,0.10008714490540184,0.012578568490333009,9.0,8.0,7.0,-0.20000000000000284,0
98.5,98.5,0.8235294117647058,0.8109508432743728,0.12567616452863895,0.10008714490540184,0.012578568490333009,9.0,8.0,7.0,-0.09999999999999432,0
98.5,98.5,0.8235294117647058,0.8109508432743728,0.12567616452863895,0.10008714490540184,0.012578568490333009,9.0,8.0,7.0,-0.10000000000000853,0
98.5,98.5,0.8235294117647058,0.8109508432743728,0.12567616452863895,0.10008714490540184,0.012578568490333009,9.0,8.0,7.0,-0.10000000000000853,0
98.5,98.5,0.8235294117647058,0.8109508432743728,0.12567616452863895,0.10008714490540184,0.012578568490333009,9.0,8.0,7.0,0.0,0
98.5,98.5,0.8235294117647058,0.8109508432743728,0.12567616452863895,0.10008714490540184,0.012578568490333009,9.0,8.0,7.0,0.0,0
99.5,99.5,0.8235294117647058,0.8204690324381502,0.11456877998998077,0.026712157769536417,0.0030603793265556734,9.0,8.0,7.0,-0.09999999999999432,0
99.5,99.5,0.8235294117647058,0.8204690324381502,0.11456877998998077,0.026712157769536417,0.0030603793265556734,9.0,8.0,7.0,-0.10000000000000853,0
99.5,99.5,0.8235294117647058,0.8204690324381502,0.11456877998998077,0.026712157769536417,0.0030603793265556734,9.0,8.0,7.0,-0.10000000000000853,0
99.5,99.5,0.8235294117647058,0.8204690324381502,0.11456877998998077,0.026712157769536417,0.0030603793265556734,9.0,8.0,7.0,0.0,0
99.5,99.5,0.8235294117647058,0.8204690324381502,0.11456877998998077,0.026712157769536417,0.0030603793265556734,9.0,8.0,7.0,0.0,0
99.5,99.5,0.8235294117647058,0.8204690324381502,0.11456877998998077,0.026712157769536417,0.0030603793265556734,9.0,8.0,7.0,-0.30000000000001137,0
99.5,99.5,0.8235294117647058,0.8204690324381502,0.11456877998998077,0.026712157769536417,0.0030603793265556734,9.0,8.0,7.0,0.0,0
100.5,100.5,0.8235294117647058,0.7768660372307431,0.11118903878979428,0.41967603139533427,0.04666337453396274,9.0,8.0,7.0,-0.10000000000000853,0
100.5,100.5,0.8235294117647058,0.7768660372307431,0.11118903878979428,0.41967603139533427,0.04666337453396274,9.0,8.0,7.0,0.0,0
100.5,100.5,0.8235294117647058,0.7768660372307431,0.11118903878979428,0.41967603139533427,0.04666337453396274,9.0,8.0,7.0,0.0,0
100.5,100.5,0.8235294117647058,0.7768660372307431,0.11118903878979428,0.41967603139533427,0.04666337453396274,9.0,8.0,7.0,-0.30000000000001137,0
100.5,100.5,0.8235294117647058,0.7768660372307431,0.11118903878979428,0.41967603139533427,0.04666337453396274,9.0,8.0,7.0,0.0,0
100.5,100.5,0.8235294117647058,0.7768660372307431,0.11118903878979428,0.41967603139533427,0.04666337453396274,9.0,8.0,7.0,0.09999999999999432,0
100.5,100.5,0.8235294117647058,0.7768660372307431,0.11118903878979428,0.41967603139533427,0.04666337453396274,9.0,8.0,7.0,-0.20000000000000284,0
101.5,101.5,0.9473684210526315,0.8089394253922892,0.09780323697592143,1.4153825572708056,0.13842899566034228,10.0,9.0,9.0,-0.10000000000000853,0
101.5,101.5,0.9473684210526315,0.8089394253922892,0.09780323697592143,1.4153825572708056,0.13842899566034228,10.0,9.0,9.0,0.0,0
101.5,101.5,0.9473684210526315,0.8089394253922892,0.09780323697592143,1.4153825572708056,0.13842899566034228,10.0,9.0,9.0,0.0,0
101.5,101.5,0.9473684210526315,0.8089394253922892,0.09780323697592143,1.4153825572708056,0.13842899566034228,10.0,9.0,9.0,-0.30000000000001137,0
101.5,101.5,0.9473684210526315,0.8089394253922892,0.09780323697592143,1.4153825572708056,0.13842899566034228,10.0,9.0,9.0,0.0,0
101.5,101.5,0.9473684210526315,0.8089394253922892,0.09780323697592143,1.4153825572708056,0.13842899566034228,10.0,9.0,9.0,0.09999999999999432,0
101.5,101.5,0.9473684210526315,0.8089394253922892,0.09780323697592143,1.4153825572708056,0.13842899566034228,10.0,9.0,9.0,-0.20000000000000284,0
101.5,101.5,0.9473684210526315,0.8089394253922892,0.09780323697592143,1.4153825572708056,0.13842899566034228,10.0,9.0,9.0,0.09999999999999432,0
101.5,101.5,0.9473684210526315,0.8089394253922892,0.09780323697592143,1.4153825572708056,0.13842899566034228,10.0,9.0,9.0,0.0,0
102.5,102.5,1.0,0.8185298286251073,0.10431120665758932,1.7396996659293233,0.18147017137489274,9.0,9.0,9.0,0.0,0
102.5,102.5,1.0,0.8185298286251073,0.10431120665758932,1.7396996659293233,0.18147017137489274,9.0,9.0,9.0,0.0,0
102.5,102.5,1.0,0.8185298286251073,0.10431120665758932,1.7396996659293233,0.18147017137489274,9.0,9.0,9.0,-0.30000000000001137,0
102.5,102.5,1.0,0.8185298286251073,0.10431120665758932,1.7396996659293233,0.18147017137489274,9.0,9.0,9.0,0.0,0
102.5,102.5,1.0,0.8185298286251073,0.10431120665758932,1.7396996659293233,0.18147017137489274,9.0,9.0,9.0,0.09999999999999432,0
102.5,102.5,1.0,0.8185298286251073,0.10431120665758932,1.7396996659293233,0.18147017137489274,9.0,9.0,9.0,-0.20000000000000284,0
102.5,102.5,1.0,0.8185298286251073,0.10431120665758932,1.7396996659293233,0.18147017137489274,9.0,9.0,9.0,0.09999999999999432,0
102.5,102.5,1.0,0.8185298286251073,0.10431120665758932,1.7396996659293233,0.18147017137489274,9.0,9.0,9.0,0.0,0
102.5,102.5,1.0,0.8185298286251073,0.10431120665758932,1.7396996659293233,0.18147017137489274,9.0,9.0,9.0,0.0,0
103.5,103.5,0.9411764705882353,0.7745717721820663,0.10586817071070519,1.573699604779534,0.16660469840616898,9.0,8.0,8.0,-0.30000000000001137,0
103.5,103.5,0.9411764705882353,0.7745717721820663,0.10586817071070519,1.573699604779534,0.16660469840616898,9.0,8.0,8.0,0.0,0
103.5,103.5,0.9411764705882353,0.7745717721820663,0.10586817071070519,1.573699604779534,0.16660469840616898,9.0,8.0,8.0,0.09999999999999432,0
103.5,103.5,0.9411764705882353,0.7745717721820663,0.10586817071070519,1.573699604779534,0.16660469840616898,9.0,8.0,8.0,-0.20000000000000284,0
103.5,103.5,0.9411764705882353,0.7745717721820663,0.10586817071070519,1.573699604779534,0.16660469840616898,9.0,8.0,8.0,0.09999999999999432,0
103.5,103.5,0.9411764705882353,0.7745717721820663,0.10586817071070519,1.573699604779534,0.16660469840616898,9.0,8.0,8.0,0.0,0
103.5,103.5,0.9411764705882353,0.7745717721820663,0.10586817071070519,1.573699604779534,0.16660469840616898,9.0,8.0,8.0,0.0,0
103.5,103.5,0.9411764705882353,0.7745717721820663,0.10586817071070519,1.573699604779534,0.16660469840616898,9.0,8.0,8.0,0.0,0
104.5,104.5,0.8888888888888888,0.7306801306536601,0.10787498089841745,1.4665936152907322,0.15820875823522873,10.0,8.0,8.0,0.0,0
104.5,104.5,0.8888888888888888,0.7306801306536601,0.10787498089841745,1.4665936152907322,0.15820875823522873,10.0,8.0,8.0,0.09999999999999432,0
104.5,104.5,0.8888888888888888,0.7306801306536601,0.10787498089841745,1.4665936152907322,0.15820875823522873,10.0,8.0,8.0,-0.20000000000000284,0
104.5,104.5,0.8888888888888888,0.7306801306536601,0.10787498089841745,1.4665936152907322,0.15820875823522873,10.0,8.0,8.0,0.09999999999999432,0
104.5,104.5,0.8888888888888888,0.7306801306536601,0.10787498089841745,1.4665936152907322,0.15820875823522873,10.0,8.0,8.0,0.0,0
104.5,104.5,0.8888888888888888,0.7306801306536601,0.10787498089841745,1.4665936152907322,0.15820875823522873,10.0,8.0,8.0,0.0,0
104.5,104.5,0.8888888888888888,0.7306801306536601,0.10787498089841745,1.4665936152907322,0.15820875823522873,10.0,8.0,8.0,0.0,0
104.5,104.5,0.8888888888888888,0.7306801306536601,0.10787498089841745,1.4665936152907322,0.15820875823522873,10.0,8.0,8.0,-0.20000000000000284,0
105.5,105.5,0.875,0.7636389280653987,0.10224575663172342,1.089151037687658,0.11136107193460132,8.0,8.0,7.0,0.09999999999999432,0
105.5,105.5,0.875,0.7636389280653987,0.10224575663172342,1.089151037687658,0.11136107193460132,8.0,8.0,7.0,0.0,0
105.5,105.5,0.875,0.7636389280653987,0.10224575663172342,1.089151037687658,0.11136107193460132,8.0,8.0,7.0,0.0,0
105.5,105.5,0.875,0.7636389280653987,0.10224575663172342,1.089151037687658,0.11136107193460132,8.0,8.0,7.0,0.0,0
105.5,105.5,0.875,0.7636389280653987,0.10224575663172342,1.089151037687658,0.11136107193460132,8.0,8.0,7.0,-0.20000000000000284,0
105.5,105.5,0.875,0.7636389280653987,0.10224575663172342,1.089151037687658,0.11136107193460132,8.0,8.0,7.0,-0.29999999999999716,0
105.5,105.5,0.875,0.7636389280653987,0.10224575663172342,1.089151037687658,0.11136107193460132,8.0,8.0,7.0,-0.10000000000000853,0
106.5,106.5,0.9411764705882353,0.7444046425796426,0.11040970763402959,1.7821968033900064,0.19677182800859272,9.0,8.0,8.0,0.0,0
106.5,106.5,0.9411764705882353,0.7444046425796426,0.11040970763402959,1.7821968033900064,0.19677182800859272,9.0,8.0,8.0,0.0,0
106.5,106.5,0.9411764705882353,0.7444046425796426,0.11040970763402959,1.7821968033900064,0.19677182800859272,9.0,8.0,8.0,0.0,0
106.5,106.5,0.9411764705882353,0.7444046425796426,0.11040970763402959,1.7821968033900064,0.19677182800859272,9.0,8.0,8.0,-0.20000000000000284,0
106.5,106.5,0.9411764705882353,0.7444046425796426,0.11040970763402959,1.7821968033900064,0.19677182800859272,9.0,8.0,8.0,-0.29999999999999716,0
106.5,106.5,0.9411764705882353,0.7444046425796426,0.11040970763402959,1.7821968033900064,0.19677182800859272,9.0,8.0,8.0,-0.10000000000000853,0
106.5,106.5,0.9411764705882353,0.7444046425796426,0.11040970763402959,1.7821968033900064,0.19677182800859272,9.0,8.0,8.0,-0.29999999999999716,0
106.5,106.5,0.9411764705882353,0.7444046425796426,0.11040970763402959,1.7821968033900064,0.19677182800859272,9.0,8.0,8.0,-0.20000000000000284,0
107.5,107.5,0.875,0.7603364274614275,0.11125184319541459,1.0306667219631156,0.11466357253857251,8.0,8.0,7.0,0.0,0
107.5,107.5,0.875,0.7603364274614275,0.11125184319541459,1.0306667219631156,0.11466357253857251,8.0,8.0,7.0,-0.20000000000000284,0
107.5,107.5,0.875,0.7603364274614275,0.11125184319541459,1.0306667219631156,0.11466357253857251,8.0,8.0,7.0,-0.29999999999999716,0
107.5,107.5,0.875,0.7603364274614275,0.11125184319541459,1.0306667219631156,0.11466357253857251,8.0,8.0,7.0,-0.10000000000000853,0
107.5,107.5,0.875,0.7603364274614275,0.11125184319541459,1.0306667219631156,0.11466357253857251,8.0,8.0,7.0,-0.29999999999999716,0
107.5,107.5,0.875,0.7603364274614275,0.11125184319541459,1.0306667219631156,0.11466357253857251,8.0,8.0,7.0,-0.20000000000000284,0
107.5,107.5,0.875,0.7603364274614275,0.11125184319541459,1.0306667219631156,0.11466357253857251,8.0,8.0,7.0,0.0,0
108.5,108.5,0.875,0.8000455696178607,0.10352914874120196,0.7239934964548722,0.07495443038213934,7.0,9.0,7.0,-0.20000000000000284,0
108.5,108.5,0.875,0.8000455696178607,0.10352914874120196,0.7239934964548722,0.07495443038213934,7.0,9.0,7.0,-0.29999999999999716,0
108.5,108.5,0.875,0.8000455696178607,0.10352914874120196,0.7239934964548722,0.07495443038213934,7.0,9.0,7.0,-0.10000000000000853,0
108.5,108.5,0.875,0.8000455696178607,0.10352914874120196,0.7239934964548722,0.07495443038213934,7.0,9.0,7.0,-0.29999999999999716,0
108.5,108.5,0.875,0.8000455696178607,0.10352914874120196,0.7239934964548722,0.07495443038213934,7.0,9.0,7.0,-0.20000000000000284,0
108.5,108.5,0.875,0.8000455696178607,0.10352914874120196,0.7239934964548722,0.07495443038213934,7.0,9.0,7.0,0.0,0
108.5,108.5,0.875,0.8000455696178607,0.10352914874120196,0.7239934964548722,0.07495443038213934,7.0,9.0,7.0,0.09999999999999432,0
109.5,109.5,0.75,0.8204715507660554,0.10972294331432207,-0.6422681404396556,-0.07047155076605538,7.0,9.0,6.0,-0.10000000000000853,0
109.5,109.5,0.75,0.8204715507660554,0.10972294331432207,-0.6422681404396556,-0.07047155076605538,7.0,9.0,6.0,-0.29999999999999716,0
109.5,109.5,0.75,0.8204715507660554,0.10972294331432207,-0.6422681404396556,-0.07047155076605538,7.0,9.0,6.0,-0.20000000000000284,0
109.5,109.5,0.75,0.8204715507660554,0.10972294331432207,-0.6422681404396556,-0.07047155076605538,7.0,9.0,6.0,0.0,0
109.5,109.5,0.75,0.8204715507660554,0.10972294331432207,-0.6422681404396556,-0.07047155076605538,7.0,9.0,6.0,0.09999999999999432,0
109.5,109.5,0.75,0.8204715507660554,0.10972294331432207,-0.6422681404396556,-0.07047155076605538,7.0,9.0,6.0,0.20000000000000284,0
110.5,110.5,0.8,0.8082929270076329,0.1090916868718488,-0.07601795558789587,-0.008292927007632844,7.0,8.0,6.0,-0.29999999999999716,0
110.5,110.5,0.8,0.8082929270076329,0.1090916868718488,-0.07601795558789587,-0.008292927007632844,7.0,8.0,6.0,-0.20000000000000284,0
110.5,110.5,0.8,0.8082929270076329,0.1090916868718488,-0.07601795558789587,-0.008292927007632844,7.0,8.0,6.0,0.0,0
110.5,110.5,0.8,0.8082929270076329,0.1090916868718488,-0.07601795558789587,-0.008292927007632844,7.0,8.0,6.0,0.09999999999999432,0
110.5,110.5,0.8,0.8082929270076329,0.1090916868718488,-0.07601795558789587,-0.008292927007632844,7.0,8.0,6.0,0.20000000000000284,0
110.5,110.5,0.8,0.8082929270076329,0.1090916868718488,-0.07601795558789587,-0.008292927007632844,7.0,8.0,6.0,0.0,0
111.5,111.5,0.75,0.8080915069536586,0.10216775338372901,-0.5685894524417537,-0.05809150695365861,7.0,9.0,6.0,0.0,0
111.5,111.5,0.75,0.8080915069536586,0.10216775338372901,-0.5685894524417537,-0.05809150695365861,7.0,9.0,6.0,0.09999999999999432,0
111.5,111.5,0.75,0.8080915069536586,0.10216775338372901,-0.5685894524417537,-0.05809150695365861,7.0,9.0,6.0,0.20000000000000284,0
111.5,111.5,0.75,0.8080915069536586,0.10216775338372901,-0.5685894524417537,-0.05809150695365861,7.0,9.0,6.0,0.0,0
111.5,111.5,0.75,0.8080915069536586,0.10216775338372901,-0.5685894524417537,-0.05809150695365861,7.0,9.0,6.0,0.09999999999999432,0
111.5,111.5,0.75,0.8080915069536586,0.10216775338372901,-0.5685894524417537,-0.05809150695365861,7.0,9.0,6.0,0.0,0
112.5,112.5,0.7142857142857143,0.7395987394957984,0.11340222955887144,-0.22321452857276575,-0.02531302521008405,7.0,7.0,5.0,0.09999999999999432,0
112.5,112.5,0.7142857142857143,0.7395987394957984,0.11340222955887144,-0.22321452857276575,-0.02531302521008405,7.0,7.0,5.0,0.20000000000000284,0
112.5,112.5,0.7142857142857143,0.7395987394957984,0.11340222955887144,-0.22321452857276575,-0.02531302521008405,7.0,7.0,5.0,0.0,0
112.5,112.5,0.7142857142857143,0.7395987394957984,0.11340222955887144,-0.22321452857276575,-0.02531302521008405,7.0,7.0,5.0,0.09999999999999432,0
112.5,112.5,0.7142857142857143,0.7395987394957984,0.11340222955887144,-0.22321452857276575,-0.02531302521008405,7.0,7.0,5.0,0.0,0
113.5,113.5,0.8,0.7831067084875908,0.11421854353131754,0.14790322998451905,0.01689329151240926,8.0,7.0,6.0,0.20000000000000284,0
113.5,113.5,0.8,0.7831067084875908,0.11421854353131754,0.14790322998451905,0.01689329151240926,8.0,7.0,6.0,0.0,0
113.5,113.5,0.8,0.7831067084875908,0.11421854353131754,0.14790322998451905,0.01689329151240926,8.0,7.0,6.0,0.09999999999999432,0
113.5,113.5,0.8,0.7831067084875908,0.11421854353131754,0.14790322998451905,0.01689329151240926,8.0,7.0,6.0,0.0,0
113.5,113.5,0.8,0.7831067084875908,0.11421854353131754,0.14790322998451905,0.01689329151240926,8.0,7.0,6.0,0.0,0
113.5,113.5,0.8,0.7831067084875908,0.11421854353131754,0.14790322998451905,0.01689329151240926,8.0,7.0,6.0,-0.09999999999999432,0
114.5,114.5,0.8,0.7755770734167794,0.10393747556404673,0.23497709994092686,0.02442292658322065,8.0,7.0,6.0,0.0,0
114.5,114.5,0.8,0.7755770734167794,0.10393747556404673,0.23497709994092686,0.02442292658322065,8.0,7.0,6.0,0.09999999999999432,0
114.5,114.5,0.8,0.7755770734167794,0.10393747556404673,0.23497709994092686,0.02442292658322065,8.0,7.0,6.0,0.0,0
114.5,114.5,0.8,0.7755770734167794,0.10393747556404673,0.23497709994092686,0.02442292658322065,8.0,7.0,6.0,0.0,0
114.5,114.5,0.8,0.7755770734167794,0.10393747556404673,0.23497709994092686,0.02442292658322065,8.0,7.0,6.0,-0.09999999999999432,0
114.5,114.5,0.8,0.7755770734167794,0.10393747556404673,0.23497709994092686,0.02442292658322065,8.0,7.0,6.0,0.09999999999999432,0
115.5,115.5,0.875,0.7837226356976357,0.0962128027537144,0.9487028928573694,0.09127736430236433,8.0,8.0,7.0,0.09999999999999432,0
115.5,115.5,0.875,0.7837226356976357,0.0962128027537144,0.9487028928573694,0.09127736430236433,8.0,8.0,7.0,0.0,0
115.5,115.5,0.875,0.7837226356976357,0.0962128027537144,0.9487028928573694,0.09127736430236433,8.0,8.0,7.0,0.0,0
115.5,115.5,0.875,0.7837226356976357,0.0962128027537144,0.9487028928573694,0.09127736430236433,8.0,8.0,7.0,-0.09999999999999432,0
115.5,115.5,0.875,0.7837226356976357,0.0962128027537144,0.9487028928573694,0.09127736430236433,8.0,8.0,7.0,0.09999999999999432,0
115.5,115.5,0.875,0.7837226356976357,0.0962128027537144,0.9487028928573694,0.09127736430236433,8.0,8.0,7.0,-0.20000000000000284,0
115.5,115.5,0.875,0.7837226356976357,0.0962128027537144,0.9487028928573694,0.09127736430236433,8.0,8.0,7.0,0.0,0
116.5,116.5,0.8,0.75777711112417,0.10386273108427714,0.4065258869571723,0.042222888875830034,7.0,8.0,6.0,0.0,0
116.5,116.5,0.8,0.75777711112417,0.10386273108427714,0.4065258869571723,0.042222888875830034,7.0,8.0,6.0,-0.09999999999999432,0
116.5,116.5,0.8,0.75777711112417,0.10386273108427714,0.4065258869571723,0.042222888875830034,7.0,8.0,6.0,0.09999999999999432,0
116.5,116.5,0.8,0.75777711112417,0.10386273108427714,0.4065258869571723,0.042222888875830034,7.0,8.0,6.0,-0.20000000000000284,0
116.5,116.5,0.8,0.75777711112417,0.10386273108427714,0.4065258869571723,0.042222888875830034,7.0,8.0,6.0,0.0,0
116.5,116.5,0.8,0.75777711112417,0.10386273108427714,0.4065258869571723,0.042222888875830034,7.0,8.0,6.0,-0.20000000000000284,0
117.5,117.5,0.8888888888888888,0.8074920899533904,0.09463644357902322,0.8600999346254024,0.08139679893549845,8.0,10.0,8.0,0.0,0
117.5,117.5,0.8888888888888888,0.8074920899533904,0.09463644357902322,0.8600999346254024,0.08139679893549845,8.0,10.0,8.0,-0.09999999999999432,0
117.5,117.5,0.8888888888888888,0.8074920899533904,0.09463644357902322,0.8600999346254024,0.08139679893549845,8.0,10.0,8.0,0.09999999999999432,0
117.5,117.5,0.8888888888888888,0.8074920899533904,0.09463644357902322,0.8600999346254024,0.08139679893549845,8.0,10.0,8.0,-0.20000000000000284,0
117.5,117.5,0.8888888888888888,0.8074920899533904,0.09463644357902322,0.8600999346254024,0.08139679893549845,8.0,10.0,8.0,0.0,0
117.5,117.5,0.8888888888888888,0.8074920899533904,0.09463644357902322,0.8600999346254024,0.08139679893549845,8.0,10.0,8.0,-0.20000000000000284,0
117.5,117.5,0.8888888888888888,0.8074920899533904,0.09463644357902322,0.8600999346254024,0.08139679893549845,8.0,10.0,8.0,-0.20000000000000284,0
117.5,117.5,0.8888888888888888,0.8074920899533904,0.09463644357902322,0.8600999346254024,0.08139679893549845,8.0,10.0,8.0,0.0,0
118.5,118.5,0.75,0.7937269515228496,0.10010162835419015,-0.4368255765843313,-0.043726951522849555,6.0,10.0,6.0,0.09999999999999432,0
118.5,118.5,0.75,0.7937269515228496,0.10010162835419015,-0.4368255765843313,-0.043726951522849555,6.0,10.0,6.0,-0.20000000000000284,0
118.5,118.5,0.75,0.7937269515228496,0.10010162835419015,-0.4368255765843313,-0.043726951522849555,6.0,10.0,6.0,0.0,0
118.5,118.5,0.75,0.7937269515228496,0.10010162835419015,-0.4368255765843313,-0.043726951522849555,6.0,10.0,6.0,-0.20000000000000284,0
118.5,118.5,0.75,0.7937269515228496,0.10010162835419015,-0.4368255765843313,-0.043726951522849555,6.0,10.0,6.0,-0.20000000000000284,0
118.5,118.5,0.75,0.7937269515228496,0.10010162835419015,-0.4368255765843313,-0.043726951522849555,6.0,10.0,6.0,0.0,0
119.5,119.5,0.75,0.7942735726004303,0.10308696362963243,-0.42947789945094306,-0.0442735726004303,6.0,10.0,6.0,-0.20000000000000284,0
119.5,119.5,0.75,0.7942735726004303,0.10308696362963243,-0.42947789945094306,-0.0442735726004303,6.0,10.0,6.0,0.0,0
119.5,119.5,0.75,0.7942735726004303,0.10308696362963243,-0.42947789945094306,-0.0442735726004303,6.0,10.0,6.0,-0.20000000000000284,0
119.5,119.5,0.75,0.7942735726004303,0.10308696362963243,-0.42947789945094306,-0.0442735726004303,6.0,10.0,6.0,-0.20000000000000284,0
119.5,119.5,0.75,0.7942735726004303,0.10308696362963243,-0.42947789945094306,-0.0442735726004303,6.0,10.0,6.0,0.0,0
119.5,119.5,0.75,0.7942735726004303,0.10308696362963243,-0.42947789945094306,-0.0442735726004303,6.0,10.0,6.0,0.09999999999999432,0
120.5,120.5,0.8,0.803342997104375,0.10946655360975223,-0.030538981945962065,-0.003342997104374912,6.0,9.0,6.0,-0.20000000000000284,0
120.5,120.5,0.8,0.803342997104375,0.10946655360975223,-0.030538981945962065,-0.003342997104374912,6.0,9.0,6.0,-0.20000000000000284,0
120.5,120.5,0.8,0.803342997104375,0.10946655360975223,-0.030538981945962065,-0.003342997104374912,6.0,9.0,6.0,0.0,0
120.5,120.5,0.8,0.803342997104375,0.10946655360975223,-0.030538981945962065,-0.003342997104374912,6.0,9.0,6.0,0.09999999999999432,0
120.5,120.5,0.8,0.803342997104375,0.10946655360975223,-0.030538981945962065,-0.003342997104374912,6.0,9.0,6.0,0.19999999999998863,0
120.5,120.5,0.8,0.803342997104375,0.10946655360975223,-0.030538981945962065,-0.003342997104374912,6.0,9.0,6.0,0.0,0
121.5,121.5,0.7142857142857143,0.7349948242933537,0.11916946283519432,-0.1737786637192376,-0.02070911000763942,7.0,7.0,5.0,-0.20000000000000284,0
121.5,121.5,0.7142857142857143,0.7349948242933537,0.11916946283519432,-0.1737786637192376,-0.02070911000763942,7.0,7.0,5.0,0.0,0
121.5,121.5,0.7142857142857143,0.7349948242933537,0.11916946283519432,-0.1737786637192376,-0.02070911000763942,7.0,7.0,5.0,0.09999999999999432,0
121.5,121.5,0.7142857142857143,0.7349948242933537,0.11916946283519432,-0.1737786637192376,-0.02070911000763942,7.0,7.0,5.0,0.19999999999998863,0
121.5,121.5,0.7142857142857143,0.7349948242933537,0.11916946283519432,-0.1737786637192376,-0.02070911000763942,7.0,7.0,5.0,0.0,0
122.5,122.5,0.6153846153846154,0.7342896436896438,0.11746124797218563,-1.0122915460014916,-0.11890502830502836,7.0,6.0,4.0,0.09999999999999432,0
122.5,122.5,0.6153846153846154,0.7342896436896438,0.11746124797218563,-1.0122915460014916,-0.11890502830502836,7.0,6.0,4.0,0.19999999999998863,0
122.5,122.5,0.6153846153846154,0.7342896436896438,0.11746124797218563,-1.0122915460014916,-0.11890502830502836,7.0,6.0,4.0,0.0,0
122.5,122.5,0.6153846153846154,0.7342896436896438,0.11746124797218563,-1.0122915460014916,-0.11890502830502836,7.0,6.0,4.0,0.0,0
123.5,123.5,0.8,0.7101390922802687,0.1117528228961946,0.8041041415410299,0.08986090771973132,8.0,7.0,6.0,0.09999999999999432,0
123.5,123.5,0.8,0.7101390922802687,0.1117528228961946,0.8041041415410299,0.08986090771973132,8.0,7.0,6.0,0.19999999999998863,0
123.5,123.5,0.8,0.7101390922802687,0.1117528228961946,0.8041041415410299,0.08986090771973132,8.0,7.0,6.0,0.0,0
123.5,123.5,0.8,0.7101390922802687,0.1117528228961946,0.8041041415410299,0.08986090771973132,8.0,7.0,6.0,0.0,0
123.5,123.5,0.8,0.7101390922802687,0.1117528228961946,0.8041041415410299,0.08986090771973132,8.0,7.0,6.0,-0.09999999999999432,0
123.5,123.5,0.8,0.7101390922802687,0.1117528228961946,0.8041041415410299,0.08986090771973132,8.0,7.0,6.0,-0.20000000000000284,0
124.5,124.5,0.6666666666666666,0.6722873900609194,0.11836129516923774,-0.0474878496912023,-0.005620723394252791,8.0,7.0,5.0,0.0,0
124.5,124.5,0.6666666666666666,0.6722873900609194,0.11836129516923774,-0.0474878496912023,-0.005620723394252791,8.0,7.0,5.0,0.0,0
124.5,124.5,0.6666666666666666,0.6722873900609194,0.11836129516923774,-0.0474878496912023,-0.005620723394252791,8.0,7.0,5.0,-0.09999999999999432,0
124.5,124.5,0.6666666666666666,0.6722873900609194,0.11836129516923774,-0.0474878496912023,-0.005620723394252791,8.0,7.0,5.0,-0.20000000000000284,0
124.5,124.5,0.6666666666666666,0.6722873900609194,0.11836129516923774,-0.0474878496912023,-0.005620723394252791,8.0,7.0,5.0,0.10000000000000853,0
125.5,125.5,0.75,0.693192693254458,0.11555324978010889,0.4916115025206389,0.05680730674554202,8.0,8.0,6.0,0.0,0
125.5,125.5,0.75,0.693192693254458,0.11555324978010889,0.4916115025206389,0.05680730674554202,8.0,8.0,6.0,-0.09999999999999432,0
125.5,125.5,0.75,0.693192693254458,0.11555324978010889,0.4916115025206389,0.05680730674554202,8.0,8.0,6.0,-0.20000000000000284,0
125.5,125.5,0.75,0.693192693254458,0.11555324978010889,0.4916115025206389,0.05680730674554202,8.0,8.0,6.0,0.10000000000000853,0
125.5,125.5,0.75,0.693192693254458,0.11555324978010889,0.4916115025206389,0.05680730674554202,8.0,8.0,6.0,-0.30000000000001137,0
125.5,125.5,0.75,0.693192693254458,0.11555324978010889,0.4916115025206389,0.05680730674554202,8.0,8.0,6.0,-0.20000000000000284,0
126.5,126.5,0.7777777777777778,0.7688440115182376,0.10612602629628433,0.08418072900043201,0.008933766259540232,8.0,10.0,7.0,0.0,0
126.5,126.5,0.7777777777777778,0.7688440115182376,0.10612602629628433,0.08418072900043201,0.008933766259540232,8.0,10.0,7.0,-0.09999999999999432,0
126.5,126.5,0.7777777777777778,0.7688440115182376,0.10612602629628433,0.08418072900043201,0.008933766259540232,8.0,10.0,7.0,-0.20000000000000284,0
126.5,126.5,0.7777777777777778,0.7688440115182376,0.10612602629628433,0.08418072900043201,0.008933766259540232,8.0,10.0,7.0,0.10000000000000853,0
126.5,126.5,0.7777777777777778,0.7688440115182376,0.10612602629628433,0.08418072900043201,0.008933766259540232,8.0,10.0,7.0,-0.30000000000001137,0
126.5,126.5,0.7777777777777778,0.7688440115182376,0.10612602629628433,0.08418072900043201,0.008933766259540232,8.0,10.0,7.0,-0.20000000000000284,0
126.5,126.5,0.7777777777777778,0.7688440115182376,0.10612602629628433,0.08418072900043201,0.008933766259540232,8.0,10.0,7.0,-0.09999999999999432,0
127.5,127.5,0.75,0.758074425127676,0.10474624821929482,-0.07708557838531371,-0.008074425127675977,6.0,10.0,6.0,-0.09999999999999432,0
127.5,127.5,0.75,0.758074425127676,0.10474624821929482,-0.07708557838531371,-0.008074425127675977,6.0,10.0,6.0,-0.20000000000000284,0
127.5,127.5,0.75,0.758074425127676,0.10474624821929482,-0.07708557838531371,-0.008074425127675977,6.0,10.0,6.0,0.10000000000000853,0
127.5,127.5,0.75,0.758074425127676,0.10474624821929482,-0.07708557838531371,-0.008074425127675977,6.0,10.0,6.0,-0.30000000000001137,0
127.5,127.5,0.75,0.758074425127676,0.10474624821929482,-0.07708557838531371,-0.008074425127675977,6.0,10.0,6.0,-0.20000000000000284,0
127.5,127.5,0.75,0.758074425127676,0.10474624821929482,-0.07708557838531371,-0.008074425127675977,6.0,10.0,6.0,-0.09999999999999432,0
128.5,128.5,0.6153846153846154,0.7946211017740429,0.10914010444582452,-1.6422605356621929,-0.17923648638942746,5.0,8.0,4.0,0.10000000000000853,0
128.5,128.5,0.6153846153846154,0.7946211017740429,0.10914010444582452,-1.6422605356621929,-0.17923648638942746,5.0,8.0,4.0,-0.30000000000001137,0
128.5,128.5,0.6153846153846154,0.7946211017740429,0.10914010444582452,-1.6422605356621929,-0.17923648638942746,5.0,8.0,4.0,-0.20000000000000284,0
128.5,128.5,0.6153846153846154,0.7946211017740429,0.10914010444582452,-1.6422605356621929,-0.17923648638942746,5.0,8.0,4.0,-0.09999999999999432,0
129.5,129.5,0.6666666666666666,0.765888471332589,0.10994872978535875,-0.902437025508367,-0.09922180466592234,5.0,7.0,4.0,-0.30000000000001137,0
129.5,129.5,0.6666666666666666,0.765888471332589,0.10994872978535875,-0.902437025508367,-0.09922180466592234,5.0,7.0,4.0,-0.20000000000000284,0
129.5,129.5,0.6666666666666666,0.765888471332589,0.10994872978535875,-0.902437025508367,-0.09922180466592234,5.0,7.0,4.0,-0.09999999999999432,0
129.5,129.5,0.6666666666666666,0.765888471332589,0.10994872978535875,-0.902437025508367,-0.09922180466592234,5.0,7.0,4.0,0.20000000000001705,0
130.5,130.5,0.5454545454545454,0.7530307315233785,0.11314244257959297,-1.83464473044948,-0.2075761860688331,4.0,7.0,3.0,-0.09999999999999432,0
130.5,130.5,0.5454545454545454,0.7530307315233785,0.11314244257959297,-1.83464473044948,-0.2075761860688331,4.0,7.0,3.0,0.20000000000001705,0
130.5,130.5,0.5454545454545454,0.7530307315233785,0.11314244257959297,-1.83464473044948,-0.2075761860688331,4.0,7.0,3.0,0.30000000000001137,0
131.5,131.5,0.36363636363636365,0.7118964117581764,0.09675361949710684,-3.5994524022145398,-0.34826004812181277,3.0,8.0,2.0,0.20000000000001705,0
131.5,131.5,0.36363636363636365,0.7118964117581764,0.09675361949710684,-3.5994524022145398,-0.34826004812181277,3.0,8.0,2.0,-0.09999999999999432,0
132.5,132.5,0.5,0.7178429049708461,0.10572955872394285,-2.0603784561290786,-0.21784290497084613,4.0,8.0,3.0,0.20000000000001705,0
132.5,132.5,0.5,0.7178429049708461,0.10572955872394285,-2.0603784561290786,-0.21784290497084613,4.0,8.0,3.0,-0.09999999999999432,0
132.5,132.5,0.5,0.7178429049708461,0.10572955872394285,-2.0603784561290786,-0.21784290497084613,4.0,8.0,3.0,-0.30000000000001137,0
133.5,133.5,0.5714285714285714,0.7497160496452292,0.10412968450364582,-1.7121676596495934,-0.1782874782166578,5.0,9.0,4.0,0.20000000000001705,0
133.5,133.5,0.5714285714285714,0.7497160496452292,0.10412968450364582,-1.7121676596495934,-0.1782874782166578,5.0,9.0,4.0,-0.09999999999999432,0
133.5,133.5,0.5714285714285714,0.7497160496452292,0.10412968450364582,-1.7121676596495934,-0.1782874782166578,5.0,9.0,4.0,-0.30000000000001137,0
133.5,133.5,0.5714285714285714,0.7497160496452292,0.10412968450364582,-1.7121676596495934,-0.1782874782166578,5.0,9.0,4.0,0.0,0
134.5,134.5,0.6666666666666666,0.7957869987941196,0.09226113626903208,-1.3995094505549992,-0.129120332127453,5.0,10.0,5.0,-0.09999999999999432,0
134.5,134.5,0.6666666666666666,0.7957869987941196,0.09226113626903208,-1.3995094505549992,-0.129120332127453,5.0,10.0,5.0,-0.30000000000001137,0
134.5,134.5,0.6666666666666666,0.7957869987941196,0.09226113626903208,-1.3995094505549992,-0.129120332127453,5.0,10.0,5.0,0.0,0
134.5,134.5,0.6666666666666666,0.7957869987941196,0.09226113626903208,-1.3995094505549992,-0.129120332127453,5.0,10.0,5.0,-0.09999999999999432,0
134.5,134.5,0.6666666666666666,0.7957869987941196,0.09226113626903208,-1.3995094505549992,-0.129120332127453,5.0,10.0,5.0,0.0,0
135.5,135.5,0.8235294117647058,0.7951301637389099,0.09455931048698475,0.30033264709248136,0.028399248025795965,7.0,10.0,7.0,-0.09999999999999432,0
135.5,135.5,0.8235294117647058,0.7951301637389099,0.09455931048698475,0.30033264709248136,0.028399248025795965,7.0,10.0,7.0,-0.30000000000001137,0
135.5,135.5,0.8235294117647058,0.7951301637389099,0.09455931048698475,0.30033264709248136,0.028399248025795965,7.0,10.0,7.0,0.0,0
135.5,135.5,0.8235294117647058,0.7951301637389099,0.09455931048698475,0.30033264709248136,0.028399248025795965,7.0,10.0,7.0,-0.09999999999999432,0
135.5,135.5,0.8235294117647058,0.7951301637389099,0.09455931048698475,0.30033264709248136,0.028399248025795965,7.0,10.0,7.0,0.0,0
135.5,135.5,0.8235294117647058,0.7951301637389099,0.09455931048698475,0.30033264709248136,0.028399248025795965,7.0,10.0,7.0,-0.09999999999999432,0
135.5,135.5,0.8235294117647058,0.7951301637389099,0.09455931048698475,0.30033264709248136,0.028399248025795965,7.0,10.0,7.0,0.0,0
136.5,136.5,0.8571428571428571,0.7774436778907368,0.11653912455173232,0.683883455952524,0.07969917925212033,7.0,7.0,6.0,-0.30000000000001137,0
136.5,136.5,0.8571428571428571,0.7774436778907368,0.11653912455173232,0.683883455952524,0.07969917925212033,7.0,7.0,6.0,0.0,0
136.5,136.5,0.8571428571428571,0.7774436778907368,0.11653912455173232,0.683883455952524,0.07969917925212033,7.0,7.0,6.0,-0.09999999999999432,0
136.5,136.5,0.8571428571428571,0.7774436778907368,0.11653912455173232,0.683883455952524,0.07969917925212033,7.0,7.0,6.0,0.0,0
136.5,136.5,0.8571428571428571,0.7774436778907368,0.11653912455173232,0.683883455952524,0.07969917925212033,7.0,7.0,6.0,-0.09999999999999432,0
136.5,136.5,0.8571428571428571,0.7774436778907368,0.11653912455173232,0.683883455952524,0.07969917925212033,7.0,7.0,6.0,0.0,0
137.5,137.5,0.7142857142857143,0.6694661199911199,0.12057565146683649,0.3717134740667081,0.04481959429459437,8.0,6.0,5.0,0.0,0
137.5,137.5,0.7142857142857143,0.6694661199911199,0.12057565146683649,0.3717134740667081,0.04481959429459437,8.0,6.0,5.0,-0.09999999999999432,0
137.5,137.5,0.7142857142857143,0.6694661199911199,0.12057565146683649,0.3717134740667081,0.04481959429459437,8.0,6.0,5.0,0.0,0
137.5,137.5,0.7142857142857143,0.6694661199911199,0.12057565146683649,0.3717134740667081,0.04481959429459437,8.0,6.0,5.0,-0.09999999999999432,0
137.5,137.5,0.7142857142857143,0.6694661199911199,0.12057565146683649,0.3717134740667081,0.04481959429459437,8.0,6.0,5.0,0.0,0
138.5,138.5,0.6666666666666666,0.5529435175935177,0.13949509455686834,0.8152483743920266,0.11372314907314895,8.0,4.0,4.0,-0.09999999999999432,0
138.5,138.5,0.6666666666666666,0.5529435175935177,0.13949509455686834,0.8152483743920266,0.11372314907314895,8.0,4.0,4.0,0.0,0
138.5,138.5,0.6666666666666666,0.5529435175935177,0.13949509455686834,0.8152483743920266,0.11372314907314895,8.0,4.0,4.0,-0.09999999999999432,0
138.5,138.5,0.6666666666666666,0.5529435175935177,0.13949509455686834,0.8152483743920266,0.11372314907314895,8.0,4.0,4.0,0.0,0
139.5,139.5,0.6666666666666666,0.5204782550782551,0.12576896502562998,1.1623567989020214,0.14618841158841156,8.0,4.0,4.0,-0.09999999999999432,0
139.5,139.5,0.6666666666666666,0.5204782550782551,0.12576896502562998,1.1623567989020214,0.14618841158841156,8.0,4.0,4.0,0.0,0
139.5,139.5,0.6666666666666666,0.5204782550782551,0.12576896502562998,1.1623567989020214,0.14618841158841156,8.0,4.0,4.0,-0.30000000000001137,0
139.5,139.5,0.6666666666666666,0.5204782550782551,0.12576896502562998,1.1623567989020214,0.14618841158841156,8.0,4.0,4.0,0.0,0
140.5,140.5,0.6666666666666666,0.48096470751470755,0.14187525846217644,1.3089101028948378,0.18570195915195908,8.0,4.0,4.0,0.0,0
140.5,140.5,0.6666666666666666,0.48096470751470755,0.14187525846217644,1.3089101028948378,0.18570195915195908,8.0,4.0,4.0,-0.30000000000001137,0
140.5,140.5,0.6666666666666666,0.48096470751470755,0.14187525846217644,1.3089101028948378,0.18570195915195908,8.0,4.0,4.0,0.0,0
140.5,140.5,0.6666666666666666,0.48096470751470755,0.14187525846217644,1.3089101028948378,0.18570195915195908,8.0,4.0,4.0,0.29999999999998295,0
141.5,141.5,0.6666666666666666,0.598880796980797,0.13074754337388797,0.518448514875939,0.06778586968586964,7.0,5.0,4.0,-0.30000000000001137,0
141.5,141.5,0.6666666666666666,0.598880796980797,0.13074754337388797,0.518448514875939,0.06778586968586964,7.0,5.0,4.0,0.0,0
141.5,141.5,0.6666666666666666,0.598880796980797,0.13074754337388797,0.518448514875939,0.06778586968586964,7.0,5.0,4.0,0.29999999999998295,0
141.5,141.5,0.6666666666666666,0.598880796980797,0.13074754337388797,0.518448514875939,0.06778586968586964,7.0,5.0,4.0,0.30000000000001137,0
142.5,142.5,0.7142857142857143,0.7019641451685569,0.1238646911342278,0.09947604118921168,0.012321569117157427,7.0,7.0,5.0,-0.30000000000001137,0
142.5,142.5,0.7142857142857143,0.7019641451685569,0.1238646911342278,0.09947604118921168,0.012321569117157427,7.0,7.0,5.0,0.0,0
142.5,142.5,0.7142857142857143,0.7019641451685569,0.1238646911342278,0.09947604118921168,0.012321569117157427,7.0,7.0,5.0,0.29999999999998295,0
142.5,142.5,0.7142857142857143,0.7019641451685569,0.1238646911342278,0.09947604118921168,0.012321569117157427,7.0,7.0,5.0,0.30000000000001137,0
142.5,142.5,0.7142857142857143,0.7019641451685569,0.1238646911342278,0.09947604118921168,0.012321569117157427,7.0,7.0,5.0,0.09999999999999432,0
143.5,143.5,0.875,0.7898267541969556,0.10827280066262607,0.7866541299549553,0.08517324580304442,7.0,9.0,7.0,-0.30000000000001137,0
143.5,143.5,0.875,0.7898267541969556,0.10827280066262607,0.7866541299549553,0.08517324580304442,7.0,9.0,7.0,0.0,0
143.5,143.5,0.875,0.7898267541969556,0.10827280066262607,0.7866541299549553,0.08517324580304442,7.0,9.0,7.0,0.29999999999998295,0
143.5,143.5,0.875,0.7898267541969556,0.10827280066262607,0.7866541299549553,0.08517324580304442,7.0,9.0,7.0,0.30000000000001137,0
143.5,143.5,0.875,0.7898267541969556,0.10827280066262607,0.7866541299549553,0.08517324580304442,7.0,9.0,7.0,0.09999999999999432,0
143.5,143.5,0.875,0.7898267541969556,0.10827280066262607,0.7866541299549553,0.08517324580304442,7.0,9.0,7.0,-0.09999999999999432,0
143.5,143.5,0.875,0.7898267541969556,0.10827280066262607,0.7866541299549553,0.08517324580304442,7.0,9.0,7.0,0.0,0
144.5,144.5,0.8421052631578947,0.7426503882254657,0.10060634619222833,0.9885546856298785,0.099454874932429,8.0,11.0,8.0,0.0,0
144.5,144.5,0.8421052631578947,0.7426503882254657,0.10060634619222833,0.9885546856298785,0.099454874932429,8.0,11.0,8.0,0.29999999999998295,0
144.5,144.5,0.8421052631578947,0.7426503882254657,0.10060634619222833,0.9885546856298785,0.099454874932429,8.0,11.0,8.0,0.30000000000001137,0
144.5,144.5,0.8421052631578947,0.7426503882254657,0.10060634619222833,0.9885546856298785,0.099454874932429,8.0,11.0,8.0,0.09999999999999432,0
144.5,144.5,0.8421052631578947,0.7426503882254657,0.10060634619222833,0.9885546856298785,0.099454874932429,8.0,11.0,8.0,-0.09999999999999432,0
144.5,144.5,0.8421052631578947,0.7426503882254657,0.10060634619222833,0.9885546856298785,0.099454874932429,8.0,11.0,8.0,0.0,0
144.5,144.5,0.8421052631578947,0.7426503882254657,0.10060634619222833,0.9885546856298785,0.099454874932429,8.0,11.0,8.0,-0.19999999999998863,0
144.5,144.5,0.8421052631578947,0.7426503882254657,0.10060634619222833,0.9885546856298785,0.099454874932429,8.0,11.0,8.0,0.0,0
145.5,145.5,0.7777777777777778,0.7484528121775026,0.10229451148378696,0.2866719355214187,0.0293249656002752,7.0,11.0,7.0,0.30000000000001137,0
145.5,145.5,0.7777777777777778,0.7484528121775026,0.10229451148378696,0.2866719355214187,0.0293249656002752,7.0,11.0,7.0,0.09999999999999432,0
145.5,145.5,0.7777777777777778,0.7484528121775026,0.10229451148378696,0.2866719355214187,0.0293249656002752,7.0,11.0,7.0,-0.09999999999999432,0
145.5,145.5,0.7777777777777778,0.7484528121775026,0.10229451148378696,0.2866719355214187,0.0293249656002752,7.0,11.0,7.0,0.0,0
145.5,145.5,0.7777777777777778,0.7484528121775026,0.10229451148378696,0.2866719355214187,0.0293249656002752,7.0,11.0,7.0,-0.19999999999998863,0
145.5,145.5,0.7777777777777778,0.7484528121775026,0.10229451148378696,0.2866719355214187,0.0293249656002752,7.0,11.0,7.0,0.0,0
145.5,145.5,0.7777777777777778,0.7484528121775026,0.10229451148378696,0.2866719355214187,0.0293249656002752,7.0,11.0,7.0,0.19999999999998863,0
146.5,146.5,0.7777777777777778,0.7824488422224491,0.09865685317408719,-0.04734657851319183,-0.004671064444671358,8.0,10.0,7.0,0.09999999999999432,0
146.5,146.5,0.7777777777777778,0.7824488422224491,0.09865685317408719,-0.04734657851319183,-0.004671064444671358,8.0,10.0,7.0,-0.09999999999999432,0
146.5,146.5,0.7777777777777778,0.7824488422224491,0.09865685317408719,-0.04734657851319183,-0.004671064444671358,8.0,10.0,7.0,0.0,0
146.5,146.5,0.7777777777777778,0.7824488422224491,0.09865685317408719,-0.04734657851319183,-0.004671064444671358,8.0,10.0,7.0,-0.19999999999998863,0
146.5,146.5,0.7777777777777778,0.7824488422224491,0.09865685317408719,-0.04734657851319183,-0.004671064444671358,8.0,10.0,7.0,0.0,0
146.5,146.5,0.7777777777777778,0.7824488422224491,0.09865685317408719,-0.04734657851319183,-0.004671064444671358,8.0,10.0,7.0,0.19999999999998863,0
146.5,146.5,0.7777777777777778,0.7824488422224491,0.09865685317408719,-0.04734657851319183,-0.004671064444671358,8.0,10.0,7.0,-0.19999999999998863,0
147.5,147.5,0.75,0.7079156560759502,0.11054446920696558,0.3807005834480773,0.042084343924049805,8.0,8.0,6.0,-0.09999999999999432,0
147.5,147.5,0.75,0.7079156560759502,0.11054446920696558,0.3807005834480773,0.042084343924049805,8.0,8.0,6.0,0.0,0
147.5,147.5,0.75,0.7079156560759502,0.11054446920696558,0.3807005834480773,0.042084343924049805,8.0,8.0,6.0,-0.19999999999998863,0
147.5,147.5,0.75,0.7079156560759502,0.11054446920696558,0.3807005834480773,0.042084343924049805,8.0,8.0,6.0,0.0,0
147.5,147.5,0.75,0.7079156560759502,0.11054446920696558,0.3807005834480773,0.042084343924049805,8.0,8.0,6.0,0.19999999999998863,0
147.5,147.5,0.75,0.7079156560759502,0.11054446920696558,0.3807005834480773,0.042084343924049805,8.0,8.0,6.0,-0.19999999999998863,0
148.5,148.5,0.75,0.730749217285982,0.1069096748585469,0.18006586157416443,0.019250782714018033,8.0,8.0,6.0,-0.19999999999998863,0
148.5,148.5,0.75,0.730749217285982,0.1069096748585469,0.18006586157416443,0.019250782714018033,8.0,8.0,6.0,0.0,0
148.5,148.5,0.75,0.730749217285982,0.1069096748585469,0.18006586157416443,0.019250782714018033,8.0,8.0,6.0,0.19999999999998863,0
148.5,148.5,0.75,0.730749217285982,0.1069096748585469,0.18006586157416443,0.019250782714018033,8.0,8.0,6.0,-0.19999999999998863,0
148.5,148.5,0.75,0.730749217285982,0.1069096748585469,0.18006586157416443,0.019250782714018033,8.0,8.0,6.0,0.10000000000002274,0
148.5,148.5,0.75,0.730749217285982,0.1069096748585469,0.18006586157416443,0.019250782714018033,8.0,8.0,6.0,-0.09999999999999432,0
149.5,149.5,0.75,0.7347382001984942,0.10211027855055178,0.1494638935290937,0.015261799801505771,8.0,8.0,6.0,0.0,0
149.5,149.5,0.75,0.7347382001984942,0.10211027855055178,0.1494638935290937,0.015261799801505771,8.0,8.0,6.0,0.19999999999998863,0
149.5,149.5,0.75,0.7347382001984942,0.10211027855055178,0.1494638935290937,0.015261799801505771,8.0,8.0,6.0,-0.19999999999998863,0
149.5,149.5,0.75,0.7347382001984942,0.10211027855055178,0.1494638935290937,0.015261799801505771,8.0,8.0,6.0,0.10000000000002274,0
149.5,149.5,0.75,0.7347382001984942,0.10211027855055178,0.1494638935290937,0.015261799801505771,8.0,8.0,6.0,-0.09999999999999432,0
149.5,149.5,0.75,0.7347382001984942,0.10211027855055178,0.1494638935290937,0.015261799801505771,8.0,8.0,6.0,0.09999999999999432,0
150.5,150.5,0.6666666666666666,0.729360372633902,0.10927676759921817,-0.5737148649671797,-0.06269370596723534,7.0,8.0,5.0,-0.19999999999998863,0
150.5,150.5,0.6666666666666666,0.729360372633902,0.10927676759921817,-0.5737148649671797,-0.06269370596723534,7.0,8.0,5.0,0.10000000000002274,0
150.5,150.5,0.6666666666666666,0.729360372633902,0.10927676759921817,-0.5737148649671797,-0.06269370596723534,7.0,8.0,5.0,-0.09999999999999432,0
150.5,150.5,0.6666666666666666,0.729360372633902,0.10927676759921817,-0.5737148649671797,-0.06269370596723534,7.0,8.0,5.0,0.09999999999999432,0
150.5,150.5,0.6666666666666666,0.729360372633902,0.10927676759921817,-0.5737148649671797,-0.06269370596723534,7.0,8.0,5.0,-0.20000000000001705,0
151.5,151.5,0.625,0.6973840578066584,0.1061640428244713,-0.6818133134430097,-0.07238405780665835,7.0,9.0,5.0,0.10000000000002274,0
151.5,151.5,0.625,0.6973840578066584,0.1061640428244713,-0.6818133134430097,-0.07238405780665835,7.0,9.0,5.0,-0.09999999999999432,0
151.5,151.5,0.625,0.6973840578066584,0.1061640428244713,-0.6818133134430097,-0.07238405780665835,7.0,9.0,5.0,0.09999999999999432,0
151.5,151.5,0.625,0.6973840578066584,0.1061640428244713,-0.6818133134430097,-0.07238405780665835,7.0,9.0,5.0,-0.20000000000001705,0
151.5,151.5,0.625,0.6973840578066584,0.1061640428244713,-0.6818133134430097,-0.07238405780665835,7.0,9.0,5.0,0.10000000000002274,0
152.5,152.5,0.7777777777777778,0.7625160990712074,0.0973144600560267,0.15682847849932863,0.015261678706570359,7.0,11.0,7.0,0.10000000000002274,0
152.5,152.5,0.7777777777777778,0.7625160990712074,0.0973144600560267,0.15682847849932863,0.015261678706570359,7.0,11.0,7.0,-0.09999999999999432,0
152.5,152.5,0.7777777777777778,0.7625160990712074,0.0973144600560267,0.15682847849932863,0.015261678706570359,7.0,11.0,7.0,0.09999999999999432,0
152.5,152.5,0.7777777777777778,0.7625160990712074,0.0973144600560267,0.15682847849932863,0.015261678706570359,7.0,11.0,7.0,-0.20000000000001705,0
152.5,152.5,0.7777777777777778,0.7625160990712074,0.0973144600560267,0.15682847849932863,0.015261678706570359,7.0,11.0,7.0,0.10000000000002274,0
152.5,152.5,0.7777777777777778,0.7625160990712074,0.0973144600560267,0.15682847849932863,0.015261678706570359,7.0,11.0,7.0,-0.09999999999999432,0
152.5,152.5,0.7777777777777778,0.7625160990712074,0.0973144600560267,0.15682847849932863,0.015261678706570359,7.0,11.0,7.0,0.09999999999999432,0
153.5,153.5,0.5882352941176471,0.7149160303834453,0.09657739614954423,-1.311701716099705,-0.12668073626579823,5.0,12.0,5.0,0.09999999999999432,0
153.5,153.5,0.5882352941176471,0.7149160303834453,0.09657739614954423,-1.311701716099705,-0.12668073626579823,5.0,12.0,5.0,-0.20000000000001705,0
153.5,153.5,0.5882352941176471,0.7149160303834453,0.09657739614954423,-1.311701716099705,-0.12668073626579823,5.0,12.0,5.0,0.10000000000002274,0
153.5,153.5,0.5882352941176471,0.7149160303834453,0.09657739614954423,-1.311701716099705,-0.12668073626579823,5.0,12.0,5.0,-0.09999999999999432,0
153.5,153.5,0.5882352941176471,0.7149160303834453,0.09657739614954423,-1.311701716099705,-0.12668073626579823,5.0,12.0,5.0,0.09999999999999432,0
154.5,154.5,0.5333333333333333,0.7251370141038872,0.102796887662521,-1.8658510498901428,-0.19180368077055387,4.0,11.0,4.0,-0.20000000000001705,0
154.5,154.5,0.5333333333333333,0.7251370141038872,0.102796887662521,-1.8658510498901428,-0.19180368077055387,4.0,11.0,4.0,0.10000000000002274,0
154.5,154.5,0.5333333333333333,0.7251370141038872,0.102796887662521,-1.8658510498901428,-0.19180368077055387,4.0,11.0,4.0,-0.09999999999999432,0
154.5,154.5,0.5333333333333333,0.7251370141038872,0.102796887662521,-1.8658510498901428,-0.19180368077055387,4.0,11.0,4.0,0.09999999999999432,0
155.5,155.5,0.42857142857142855,0.7584880608383705,0.09392876877276828,-3.5124130399821767,-0.32991663226694196,3.0,11.0,3.0,0.10000000000002274,0
155.5,155.5,0.42857142857142855,0.7584880608383705,0.09392876877276828,-3.5124130399821767,-0.32991663226694196,3.0,11.0,3.0,-0.09999999999999432,0
155.5,155.5,0.42857142857142855,0.7584880608383705,0.09392876877276828,-3.5124130399821767,-0.32991663226694196,3.0,11.0,3.0,0.09999999999999432,0
156.5,156.5,0.42857142857142855,0.7585061034940292,0.09285790343431162,-3.553113550059839,-0.3299346749226007,3.0,11.0,3.0,-0.09999999999999432,0
156.5,156.5,0.42857142857142855,0.7585061034940292,0.09285790343431162,-3.553113550059839,-0.3299346749226007,3.0,11.0,3.0,0.09999999999999432,0
156.5,156.5,0.42857142857142855,0.7585061034940292,0.09285790343431162,-3.553113550059839,-0.3299346749226007,3.0,11.0,3.0,0.0,0
157.5,157.5,0.3333333333333333,0.7276235320235321,0.10814394563940702,-3.645975707275487,-0.3942901986901988,4.0,8.0,2.0,-0.19999999999998863,0
157.5,157.5,0.3333333333333333,0.7276235320235321,0.10814394563940702,-3.645975707275487,-0.3942901986901988,4.0,8.0,2.0,0.0,0
158.5,158.5,0.3333333333333333,0.7647607952505011,0.10089486265891813,-4.276010200595023,-0.4314274619171678,4.0,8.0,2.0,0.0,0
158.5,158.5,0.3333333333333333,0.7647607952505011,0.10089486265891813,-4.276010200595023,-0.4314274619171678,4.0,8.0,2.0,-0.19999999999998863,0
159.5,159.5,0.5333333333333333,0.7361863008766258,0.09747860437312231,-2.0809999163183033,-0.20285296754329252,6.0,9.0,4.0,0.0,0
159.5,159.5,0.5333333333333333,0.7361863008766258,0.09747860437312231,-2.0809999163183033,-0.20285296754329252,6.0,9.0,4.0,-0.19999999999998863,0
159.5,159.5,0.5333333333333333,0.7361863008766258,0.09747860437312231,-2.0809999163183033,-0.20285296754329252,6.0,9.0,4.0,0.09999999999999432,0
159.5,159.5,0.5333333333333333,0.7361863008766258,0.09747860437312231,-2.0809999163183033,-0.20285296754329252,6.0,9.0,4.0,0.0,0
160.5,160.5,0.625,0.7321239725444835,0.1019897661416102,-1.0503404076419252,-0.10712397254448347,7.0,9.0,5.0,0.0,0
160.5,160.5,0.625,0.7321239725444835,0.1019897661416102,-1.0503404076419252,-0.10712397254448347,7.0,9.0,5.0,-0.19999999999998863,0
160.5,160.5,0.625,0.7321239725444835,0.1019897661416102,-1.0503404076419252,-0.10712397254448347,7.0,9.0,5.0,0.09999999999999432,0
160.5,160.5,0.625,0.7321239725444835,0.1019897661416102,-1.0503404076419252,-0.10712397254448347,7.0,9.0,5.0,0.0,0
160.5,160.5,0.625,0.7321239725444835,0.1019897661416102,-1.0503404076419252,-0.10712397254448347,7.0,9.0,5.0,-0.09999999999999432,0
161.5,161.5,0.7058823529411765,0.7193946168210874,0.10172127182612942,-0.13283616727686215,-0.01351226387991089,8.0,9.0,6.0,-0.19999999999998863,0
161.5,161.5,0.7058823529411765,0.7193946168210874,0.10172127182612942,-0.13283616727686215,-0.01351226387991089,8.0,9.0,6.0,0.09999999999999432,0
161.5,161.5,0.7058823529411765,0.7193946168210874,0.10172127182612942,-0.13283616727686215,-0.01351226387991089,8.0,9.0,6.0,0.0,0
161.5,161.5,0.7058823529411765,0.7193946168210874,0.10172127182612942,-0.13283616727686215,-0.01351226387991089,8.0,9.0,6.0,-0.09999999999999432,0
161.5,161.5,0.7058823529411765,0.7193946168210874,0.10172127182612942,-0.13283616727686215,-0.01351226387991089,8.0,9.0,6.0,0.09999999999999432,0
161.5,161.5,0.7058823529411765,0.7193946168210874,0.10172127182612942,-0.13283616727686215,-0.01351226387991089,8.0,9.0,6.0,-0.19999999999998863,0
162.5,162.5,0.8421052631578947,0.7597841097842645,0.09460344294164572,0.8701707973187447,0.08232115337363022,8.0,11.0,8.0,-0.19999999999998863,0
162.5,162.5,0.8421052631578947,0.7597841097842645,0.09460344294164572,0.8701707973187447,0.08232115337363022,8.0,11.0,8.0,0.09999999999999432,0
162.5,162.5,0.8421052631578947,0.7597841097842645,0.09460344294164572,0.8701707973187447,0.08232115337363022,8.0,11.0,8.0,0.0,0
162.5,162.5,0.8421052631578947,0.7597841097842645,0.09460344294164572,0.8701707973187447,0.08232115337363022,8.0,11.0,8.0,-0.09999999999999432,0
162.5,162.5,0.8421052631578947,0.7597841097842645,0.09460344294164572,0.8701707973187447,0.08232115337363022,8.0,11.0,8.0,0.09999999999999432,0
162.5,162.5,0.8421052631578947,0.7597841097842645,0.09460344294164572,0.8701707973187447,0.08232115337363022,8.0,11.0,8.0,-0.19999999999998863,0
162.5,162.5,0.8421052631578947,0.7597841097842645,0.09460344294164572,0.8701707973187447,0.08232115337363022,8.0,11.0,8.0,-0.09999999999999432,0
162.5,162.5,0.8421052631578947,0.7597841097842645,0.09460344294164572,0.8701707973187447,0.08232115337363022,8.0,11.0,8.0,0.0,0
163.5,163.5,0.8421052631578947,0.7609349820630006,0.09468172454316506,0.8572961834666294,0.0811702810948941,8.0,11.0,8.0,0.09999999999999432,0
163.5,163.5,0.8421052631578947,0.7609349820630006,0.09468172454316506,0.8572961834666294,0.0811702810948941,8.0,11.0,8.0,0.0,0
163.5,163.5,0.8421052631578947,0.7609349820630006,0.09468172454316506,0.8572961834666294,0.0811702810948941,8.0,11.0,8.0,-0.09999999999999432,0
163.5,163.5,0.8421052631578947,0.7609349820630006,0.09468172454316506,0.8572961834666294,0.0811702810948941,8.0,11.0,8.0,0.09999999999999432,0
163.5,163.5,0.8421052631578947,0.7609349820630006,0.09468172454316506,0.8572961834666294,0.0811702810948941,8.0,11.0,8.0,-0.19999999999998863,0
163.5,163.5,0.8421052631578947,0.7609349820630006,0.09468172454316506,0.8572961834666294,0.0811702810948941,8.0,11.0,8.0,-0.09999999999999432,0
163.5,163.5,0.8421052631578947,0.7609349820630006,0.09468172454316506,0.8572961834666294,0.0811702810948941,8.0,11.0,8.0,0.0,0
163.5,163.5,0.8421052631578947,0.7609349820630006,0.09468172454316506,0.8572961834666294,0.0811702810948941,8.0,11.0,8.0,0.09999999999999432,0
164.5,164.5,0.875,0.7702045236583163,0.10960294020273065,0.9561374553259736,0.10479547634168374,7.0,9.0,7.0,-0.09999999999999432,0
164.5,164.5,0.875,0.7702045236583163,0.10960294020273065,0.9561374553259736,0.10479547634168374,7.0,9.0,7.0,0.09999999999999432,0
164.5,164.5,0.875,0.7702045236583163,0.10960294020273065,0.9561374553259736,0.10479547634168374,7.0,9.0,7.0,-0.19999999999998863,0
164.5,164.5,0.875,0.7702045236583163,0.10960294020273065,0.9561374553259736,0.10479547634168374,7.0,9.0,7.0,-0.09999999999999432,0
164.5,164.5,0.875,0.7702045236583163,0.10960294020273065,0.9561374553259736,0.10479547634168374,7.0,9.0,7.0,0.0,0
164.5,164.5,0.875,0.7702045236583163,0.10960294020273065,0.9561374553259736,0.10479547634168374,7.0,9.0,7.0,0.09999999999999432,0
164.5,164.5,0.875,0.7702045236583163,0.10960294020273065,0.9561374553259736,0.10479547634168374,7.0,9.0,7.0,-0.09999999999999432,0
165.5,165.5,0.8888888888888888,0.7878458191103702,0.1006857946047207,1.0035484168864193,0.10104306977851862,8.0,10.0,8.0,0.09999999999999432,0
165.5,165.5,0.8888888888888888,0.7878458191103702,0.1006857946047207,1.0035484168864193,0.10104306977851862,8.0,10.0,8.0,-0.19999999999998863,0
165.5,165.5,0.8888888888888888,0.7878458191103702,0.1006857946047207,1.0035484168864193,0.10104306977851862,8.0,10.0,8.0,-0.09999999999999432,0
165.5,165.5,0.8888888888888888,0.7878458191103702,0.1006857946047207,1.0035484168864193,0.10104306977851862,8.0,10.0,8.0,0.0,0
165.5,165.5,0.8888888888888888,0.7878458191103702,0.1006857946047207,1.0035484168864193,0.10104306977851862,8.0,10.0,8.0,0.09999999999999432,0
165.5,165.5,0.8888888888888888,0.7878458191103702,0.1006857946047207,1.0035484168864193,0.10104306977851862,8.0,10.0,8.0,-0.09999999999999432,0
165.5,165.5,0.8888888888888888,0.7878458191103702,0.1006857946047207,1.0035484168864193,0.10104306977851862,8.0,10.0,8.0,0.0,0
165.5,165.5,0.8888888888888888,0.7878458191103702,0.1006857946047207,1.0035484168864193,0.10104306977851862,8.0,10.0,8.0,0.09999999999999432,0
166.5,166.5,0.75,0.7518164348465431,0.10077216450979483,-0.018025164542005975,-0.0018164348465431468,7.0,9.0,6.0,-0.09999999999999432,0
166.5,166.5,0.75,0.7518164348465431,0.10077216450979483,-0.018025164542005975,-0.0018164348465431468,7.0,9.0,6.0,0.0,0
166.5,166.5,0.75,0.7518164348465431,0.10077216450979483,-0.018025164542005975,-0.0018164348465431468,7.0,9.0,6.0,0.09999999999999432,0
166.5,166.5,0.75,0.7518164348465431,0.10077216450979483,-0.018025164542005975,-0.0018164348465431468,7.0,9.0,6.0,-0.09999999999999432,0
166.5,166.5,0.75,0.7518164348465431,0.10077216450979483,-0.018025164542005975,-0.0018164348465431468,7.0,9.0,6.0,0.0,0
166.5,166.5,0.75,0.7518164348465431,0.10077216450979483,-0.018025164542005975,-0.0018164348465431468,7.0,9.0,6.0,0.09999999999999432,0
167.5,167.5,0.75,0.784026800976801,0.10245551540061507,-0.3321129257292939,-0.034026800976801,7.0,9.0,6.0,0.0,0
167.5,167.5,0.75,0.784026800976801,0.10245551540061507,-0.3321129257292939,-0.034026800976801,7.0,9.0,6.0,0.09999999999999432,0
167.5,167.5,0.75,0.784026800976801,0.10245551540061507,-0.3321129257292939,-0.034026800976801,7.0,9.0,6.0,-0.09999999999999432,0
167.5,167.5,0.75,0.784026800976801,0.10245551540061507,-0.3321129257292939,-0.034026800976801,7.0,9.0,6.0,0.0,0
167.5,167.5,0.75,0.784026800976801,0.10245551540061507,-0.3321129257292939,-0.034026800976801,7.0,9.0,6.0,0.09999999999999432,0
167.5,167.5,0.75,0.784026800976801,0.10245551540061507,-0.3321129257292939,-0.034026800976801,7.0,9.0,6.0,-0.09999999999999432,0
168.5,168.5,0.6666666666666666,0.786572668568102,0.10343663587277671,-1.1592217872293857,-0.11990600190143541,6.0,9.0,5.0,-0.09999999999999432,0
168.5,168.5,0.6666666666666666,0.786572668568102,0.10343663587277671,-1.1592217872293857,-0.11990600190143541,6.0,9.0,5.0,0.0,0
168.5,168.5,0.6666666666666666,0.786572668568102,0.10343663587277671,-1.1592217872293857,-0.11990600190143541,6.0,9.0,5.0,0.09999999999999432,0
168.5,168.5,0.6666666666666666,0.786572668568102,0.10343663587277671,-1.1592217872293857,-0.11990600190143541,6.0,9.0,5.0,-0.09999999999999432,0
168.5,168.5,0.6666666666666666,0.786572668568102,0.10343663587277671,-1.1592217872293857,-0.11990600190143541,6.0,9.0,5.0,0.19999999999998863,0
169.5,169.5,0.75,0.7866469142312796,0.11027896448591748,-0.3323110114618406,-0.03664691423127964,7.0,9.0,6.0,0.0,0
169.5,169.5,0.75,0.7866469142312796,0.11027896448591748,-0.3323110114618406,-0.03664691423127964,7.0,9.0,6.0,0.09999999999999432,0
169.5,169.5,0.75,0.7866469142312796,0.11027896448591748,-0.3323110114618406,-0.03664691423127964,7.0,9.0,6.0,-0.09999999999999432,0
169.5,169.5,0.75,0.7866469142312796,0.11027896448591748,-0.3323110114618406,-0.03664691423127964,7.0,9.0,6.0,0.19999999999998863,0
169.5,169.5,0.75,0.7866469142312796,0.11027896448591748,-0.3323110114618406,-0.03664691423127964,7.0,9.0,6.0,-0.20000000000001705,0
169.5,169.5,0.75,0.7866469142312796,0.11027896448591748,-0.3323110114618406,-0.03664691423127964,7.0,9.0,6.0,0.0,0
170.5,170.5,0.6666666666666666,0.7823729030773149,0.12500914267863017,-0.9255821928809035,-0.11570623641064826,7.0,8.0,5.0,-0.09999999999999432,0
170.5,170.5,0.6666666666666666,0.7823729030773149,0.12500914267863017,-0.9255821928809035,-0.11570623641064826,7.0,8.0,5.0,0.19999999999998863,0
170.5,170.5,0.6666666666666666,0.7823729030773149,0.12500914267863017,-0.9255821928809035,-0.11570623641064826,7.0,8.0,5.0,-0.20000000000001705,0
170.5,170.5,0.6666666666666666,0.7823729030773149,0.12500914267863017,-0.9255821928809035,-0.11570623641064826,7.0,8.0,5.0,0.0,0
170.5,170.5,0.6666666666666666,0.7823729030773149,0.12500914267863017,-0.9255821928809035,-0.11570623641064826,7.0,8.0,5.0,0.0,0
171.5,171.5,0.875,0.8197191898486791,0.1053326036566642,0.5248214534932688,0.055280810151320914,7.0,9.0,7.0,-0.09999999999999432,0
171.5,171.5,0.875,0.8197191898486791,0.1053326036566642,0.5248214534932688,0.055280810151320914,7.0,9.0,7.0,0.19999999999998863,0
171.5,171.5,0.875,0.8197191898486791,0.1053326036566642,0.5248214534932688,0.055280810151320914,7.0,9.0,7.0,-0.20000000000001705,0
171.5,171.5,0.875,0.8197191898486791,0.1053326036566642,0.5248214534932688,0.055280810151320914,7.0,9.0,7.0,0.0,0
171.5,171.5,0.875,0.8197191898486791,0.1053326036566642,0.5248214534932688,0.055280810151320914,7.0,9.0,7.0,0.0,0
171.5,171.5,0.875,0.8197191898486791,0.1053326036566642,0.5248214534932688,0.055280810151320914,7.0,9.0,7.0,-0.09999999999999432,0
171.5,171.5,0.875,0.8197191898486791,0.1053326036566642,0.5248214534932688,0.055280810151320914,7.0,9.0,7.0,0.19999999999998863,0
172.5,172.5,0.8888888888888888,0.8049576127347026,0.08996398228825658,0.9329430958854098,0.08393127615418627,8.0,10.0,8.0,0.19999999999998863,0
172.5,172.5,0.8888888888888888,0.8049576127347026,0.08996398228825658,0.9329430958854098,0.08393127615418627,8.0,10.0,8.0,-0.20000000000001705,0
172.5,172.5,0.8888888888888888,0.8049576127347026,0.08996398228825658,0.9329430958854098,0.08393127615418627,8.0,10.0,8.0,0.0,0
172.5,172.5,0.8888888888888888,0.8049576127347026,0.08996398228825658,0.9329430958854098,0.08393127615418627,8.0,10.0,8.0,0.0,0
172.5,172.5,0.8888888888888888,0.8049576127347026,0.08996398228825658,0.9329430958854098,0.08393127615418627,8.0,10.0,8.0,-0.09999999999999432,0
172.5,172.5,0.8888888888888888,0.8049576127347026,0.08996398228825658,0.9329430958854098,0.08393127615418627,8.0,10.0,8.0,0.19999999999998863,0
172.5,172.5,0.8888888888888888,0.8049576127347026,0.08996398228825658,0.9329430958854098,0.08393127615418627,8.0,10.0,8.0,-0.19999999999998863,0
172.5,172.5,0.8888888888888888,0.8049576127347026,0.08996398228825658,0.9329430958854098,0.08393127615418627,8.0,10.0,8.0,-0.19999999999998863,0
173.5,173.5,0.8235294117647058,0.804448188911192,0.09975479520882105,0.19128125934768675,0.01908122285351388,8.0,9.0,7.0,-0.20000000000001705,0
173.5,173.5,0.8235294117647058,0.804448188911192,0.09975479520882105,0.19128125934768675,0.01908122285351388,8.0,9.0,7.0,0.0,0
173.5,173.5,0.8235294117647058,0.804448188911192,0.09975479520882105,0.19128125934768675,0.01908122285351388,8.0,9.0,7.0,0.0,0
173.5,173.5,0.8235294117647058,0.804448188911192,0.09975479520882105,0.19128125934768675,0.01908122285351388,8.0,9.0,7.0,-0.09999999999999432,0
173.5,173.5,0.8235294117647058,0.804448188911192,0.09975479520882105,0.19128125934768675,0.01908122285351388,8.0,9.0,7.0,0.19999999999998863,0
173.5,173.5,0.8235294117647058,0.804448188911192,0.09975479520882105,0.19128125934768675,0.01908122285351388,8.0,9.0,7.0,-0.19999999999998863,0
173.5,173.5,0.8235294117647058,0.804448188911192,0.09975479520882105,0.19128125934768675,0.01908122285351388,8.0,9.0,7.0,-0.19999999999998863,0
174.5,174.5,0.8,0.7607714135537664,0.10100716152541483,0.3883743078589843,0.039228586446233615,7.0,8.0,6.0,0.0,0
174.5,174.5,0.8,0.7607714135537664,0.10100716152541483,0.3883743078589843,0.039228586446233615,7.0,8.0,6.0,-0.09999999999999432,0
174.5,174.5,0.8,0.7607714135537664,0.10100716152541483,0.3883743078589843,0.039228586446233615,7.0,8.0,6.0,0.19999999999998863,0
174.5,174.5,0.8,0.7607714135537664,0.10100716152541483,0.3883743078589843,0.039228586446233615,7.0,8.0,6.0,-0.19999999999998863,0
174.5,174.5,0.8,0.7607714135537664,0.10100716152541483,0.3883743078589843,0.039228586446233615,7.0,8.0,6.0,-0.19999999999998863,0
174.5,174.5,0.8,0.7607714135537664,0.10100716152541483,0.3883743078589843,0.039228586446233615,7.0,8.0,6.0,-0.09999999999999432,0
175.5,175.5,0.6666666666666666,0.7327620328158255,0.0962155001557868,-0.6869513336431339,-0.0660953661491589,6.0,9.0,5.0,-0.09999999999999432,0
175.5,175.5,0.6666666666666666,0.7327620328158255,0.0962155001557868,-0.6869513336431339,-0.0660953661491589,6.0,9.0,5.0,0.19999999999998863,0
175.5,175.5,0.6666666666666666,0.7327620328158255,0.0962155001557868,-0.6869513336431339,-0.0660953661491589,6.0,9.0,5.0,-0.19999999999998863,0
175.5,175.5,0.6666666666666666,0.7327620328158255,0.0962155001557868,-0.6869513336431339,-0.0660953661491589,6.0,9.0,5.0,-0.19999999999998863,0
175.5,175.5,0.6666666666666666,0.7327620328158255,0.0962155001557868,-0.6869513336431339,-0.0660953661491589,6.0,9.0,5.0,-0.09999999999999432,0
176.5,176.5,0.7142857142857143,0.7470166665034312,0.1016513542979499,-0.3219922886790014,-0.032730952217716935,6.0,8.0,5.0,-0.19999999999998863,0
176.5,176.5,0.7142857142857143,0.7470166665034312,0.1016513542979499,-0.3219922886790014,-0.032730952217716935,6.0,8.0,5.0,-0.19999999999998863,0
176.5,176.5,0.7142857142857143,0.7470166665034312,0.1016513542979499,-0.3219922886790014,-0.032730952217716935,6.0,8.0,5.0,-0.09999999999999432,0
176.5,176.5,0.7142857142857143,0.7470166665034312,0.1016513542979499,-0.3219922886790014,-0.032730952217716935,6.0,8.0,5.0,0.19999999999998863,0
176.5,176.5,0.7142857142857143,0.7470166665034312,0.1016513542979499,-0.3219922886790014,-0.032730952217716935,6.0,8.0,5.0,0.09999999999999432,0
