t_center,t_center_abs,S,S_null_mean,S_null_sd,z_S_t,S_excess,nA,nB,nM,dt,episode
8.5,8.5,0.7142857142857143,0.74441221001221,0.143701462216554,-0.2096464104248011,-0.030126495726495728,7.0,7.0,5.0,-0.09999999999999964,0
8.5,8.5,0.7142857142857143,0.74441221001221,0.143701462216554,-0.2096464104248011,-0.030126495726495728,7.0,7.0,5.0,0.0,0
8.5,8.5,0.7142857142857143,0.74441221001221,0.143701462216554,-0.2096464104248011,-0.030126495726495728,7.0,7.0,5.0,-0.1999999999999993,0
8.5,8.5,0.7142857142857143,0.74441221001221,0.143701462216554,-0.2096464104248011,-0.030126495726495728,7.0,7.0,5.0,-0.09999999999999964,0
8.5,8.5,0.7142857142857143,0.74441221001221,0.143701462216554,-0.2096464104248011,-0.030126495726495728,7.0,7.0,5.0,-0.20000000000000107,0
9.5,9.5,0.7692307692307693,0.7460256717139071,0.1435042549863434,0.16170320189509704,0.023205097516862172,6.0,7.0,5.0,-0.09999999999999964,0
9.5,9.5,0.7692307692307693,0.7460256717139071,0.1435042549863434,0.16170320189509704,0.023205097516862172,6.0,7.0,5.0,0.0,0
9.5,9.5,0.7692307692307693,0.7460256717139071,0.1435042549863434,0.16170320189509704,0.023205097516862172,6.0,7.0,5.0,-0.1999999999999993,0
9.5,9.5,0.7692307692307693,0.7460256717139071,0.1435042549863434,0.16170320189509704,0.023205097516862172,6.0,7.0,5.0,-0.09999999999999964,0
9.5,9.5,0.7692307692307693,0.7460256717139071,0.1435042549863434,0.16170320189509704,0.023205097516862172,6.0,7.0,5.0,-0.20000000000000107,0
10.5,10.5,0.8,0.7527604131162955,0.13698317820641567,0.34485684667441935,0.047239586883704554,7.0,8.0,6.0,0.0,0
10.5,10.5,0.8,0.7527604131162955,0.13698317820641567,0.34485684667441935,0.047239586883704554,7.0,8.0,6.0,-0.1999999999999993,0
10.5,10.5,0.8,0.7527604131162955,0.13698317820641567,0.34485684667441935,0.047239586883704554,7.0,8.0,6.0,-0.09999999999999964,0
10.5,10.5,0.8,0.7527604131162955,0.13698317820641567,0.34485684667441935,0.047239586883704554,7.0,8.0,6.0,-0.20000000000000107,0
10.5,10.5,0.8,0.7527604131162955,0.13698317820641567,0.34485684667441935,0.047239586883704554,7.0,8.0,6.0,0.1999999999999993,0
10.5,10.5,0.8,0.7527604131162955,0.13698317820641567,0.34485684667441935,0.047239586883704554,7.0,8.0,6.0,0.0,0
11.5,11.5,0.8571428571428571,0.7593707010309951,0.13126552906106428,0.7448425859494208,0.09777215611186196,6.0,8.0,6.0,0.3000000000000007,0
11.5,11.5,0.8571428571428571,0.7593707010309951,0.13126552906106428,0.7448425859494208,0.09777215611186196,6.0,8.0,6.0,-0.09999999999999964,0
11.5,11.5,0.8571428571428571,0.7593707010309951,0.13126552906106428,0.7448425859494208,0.09777215611186196,6.0,8.0,6.0,-0.20000000000000107,0
11.5,11.5,0.8571428571428571,0.7593707010309951,0.13126552906106428,0.7448425859494208,0.09777215611186196,6.0,8.0,6.0,0.1999999999999993,0
11.5,11.5,0.8571428571428571,0.7593707010309951,0.13126552906106428,0.7448425859494208,0.09777215611186196,6.0,8.0,6.0,0.0,0
11.5,11.5,0.8571428571428571,0.7593707010309951,0.13126552906106428,0.7448425859494208,0.09777215611186196,6.0,8.0,6.0,0.3000000000000007,0
12.5,12.5,0.7142857142857143,0.7486632281117575,0.1438694067993681,-0.2389494374852329,-0.03437751382604315,6.0,8.0,5.0,-0.09999999999999964,0
12.5,12.5,0.7142857142857143,0.7486632281117575,0.1438694067993681,-0.2389494374852329,-0.03437751382604315,6.0,8.0,5.0,-0.20000000000000107,0
12.5,12.5,0.7142857142857143,0.7486632281117575,0.1438694067993681,-0.2389494374852329,-0.03437751382604315,6.0,8.0,5.0,0.1999999999999993,0
12.5,12.5,0.7142857142857143,0.7486632281117575,0.1438694067993681,-0.2389494374852329,-0.03437751382604315,6.0,8.0,5.0,0.0,0
12.5,12.5,0.7142857142857143,0.7486632281117575,0.1438694067993681,-0.2389494374852329,-0.03437751382604315,6.0,8.0,5.0,-0.29999999999999893,0
13.5,13.5,0.7692307692307693,0.7487174325674326,0.14424733605789897,0.14220946621227637,0.020513336663336657,6.0,7.0,5.0,0.1999999999999993,0
13.5,13.5,0.7692307692307693,0.7487174325674326,0.14424733605789897,0.14220946621227637,0.020513336663336657,6.0,7.0,5.0,0.0,0
13.5,13.5,0.7692307692307693,0.7487174325674326,0.14424733605789897,0.14220946621227637,0.020513336663336657,6.0,7.0,5.0,-0.29999999999999893,0
13.5,13.5,0.7692307692307693,0.7487174325674326,0.14424733605789897,0.14220946621227637,0.020513336663336657,6.0,7.0,5.0,0.09999999999999964,0
13.5,13.5,0.7692307692307693,0.7487174325674326,0.14424733605789897,0.14220946621227637,0.020513336663336657,6.0,7.0,5.0,0.0,0
14.5,14.5,0.7692307692307693,0.7092602342102342,0.1543180740597257,0.3886164040469082,0.059970535020535065,7.0,6.0,5.0,0.1999999999999993,0
14.5,14.5,0.7692307692307693,0.7092602342102342,0.1543180740597257,0.3886164040469082,0.059970535020535065,7.0,6.0,5.0,0.0,0
14.5,14.5,0.7692307692307693,0.7092602342102342,0.1543180740597257,0.3886164040469082,0.059970535020535065,7.0,6.0,5.0,-0.29999999999999893,0
14.5,14.5,0.7692307692307693,0.7092602342102342,0.1543180740597257,0.3886164040469082,0.059970535020535065,7.0,6.0,5.0,0.09999999999999964,0
14.5,14.5,0.7692307692307693,0.7092602342102342,0.1543180740597257,0.3886164040469082,0.059970535020535065,7.0,6.0,5.0,0.0,0
15.5,15.5,0.7142857142857143,0.6578727383727384,0.14979267795617457,0.37660703235094617,0.05641297591297589,8.0,6.0,5.0,0.0,0
15.5,15.5,0.7142857142857143,0.6578727383727384,0.14979267795617457,0.37660703235094617,0.05641297591297589,8.0,6.0,5.0,-0.29999999999999893,0
15.5,15.5,0.7142857142857143,0.6578727383727384,0.14979267795617457,0.37660703235094617,0.05641297591297589,8.0,6.0,5.0,0.09999999999999964,0
15.5,15.5,0.7142857142857143,0.6578727383727384,0.14979267795617457,0.37660703235094617,0.05641297591297589,8.0,6.0,5.0,0.0,0
15.5,15.5,0.7142857142857143,0.6578727383727384,0.14979267795617457,0.37660703235094617,0.05641297591297589,8.0,6.0,5.0,-0.10000000000000142,0
16.5,16.5,0.8333333333333334,0.6566613886113886,0.14692027444726038,1.2025021419720006,0.1766719447219448,7.0,5.0,5.0,0.3000000000000007,0
16.5,16.5,0.8333333333333334,0.6566613886113886,0.14692027444726038,1.2025021419720006,0.1766719447219448,7.0,5.0,5.0,0.09999999999999964,0
16.5,16.5,0.8333333333333334,0.6566613886113886,0.14692027444726038,1.2025021419720006,0.1766719447219448,7.0,5.0,5.0,0.0,0
16.5,16.5,0.8333333333333334,0.6566613886113886,0.14692027444726038,1.2025021419720006,0.1766719447219448,7.0,5.0,5.0,-0.10000000000000142,0
16.5,16.5,0.8333333333333334,0.6566613886113886,0.14692027444726038,1.2025021419720006,0.1766719447219448,7.0,5.0,5.0,0.0,0
17.5,17.5,0.8571428571428571,0.6496441447441448,0.1497772911221762,1.3853816612923762,0.20749871239871231,8.0,6.0,6.0,0.09999999999999964,0
17.5,17.5,0.8571428571428571,0.6496441447441448,0.1497772911221762,1.3853816612923762,0.20749871239871231,8.0,6.0,6.0,0.0,0
17.5,17.5,0.8571428571428571,0.6496441447441448,0.1497772911221762,1.3853816612923762,0.20749871239871231,8.0,6.0,6.0,-0.10000000000000142,0
17.5,17.5,0.8571428571428571,0.6496441447441448,0.1497772911221762,1.3853816612923762,0.20749871239871231,8.0,6.0,6.0,0.0,0
17.5,17.5,0.8571428571428571,0.6496441447441448,0.1497772911221762,1.3853816612923762,0.20749871239871231,8.0,6.0,6.0,0.0,0
17.5,17.5,0.8571428571428571,0.6496441447441448,0.1497772911221762,1.3853816612923762,0.20749871239871231,8.0,6.0,6.0,0.1999999999999993,0
18.5,18.5,0.8571428571428571,0.6540542402042402,0.1527462069267492,1.3295820631147315,0.2030886169386169,8.0,6.0,6.0,-0.10000000000000142,0
18.5,18.5,0.8571428571428571,0.6540542402042402,0.1527462069267492,1.3295820631147315,0.2030886169386169,8.0,6.0,6.0,0.0,0
18.5,18.5,0.8571428571428571,0.6540542402042402,0.1527462069267492,1.3295820631147315,0.2030886169386169,8.0,6.0,6.0,0.0,0
18.5,18.5,0.8571428571428571,0.6540542402042402,0.1527462069267492,1.3295820631147315,0.2030886169386169,8.0,6.0,6.0,0.1999999999999993,0
18.5,18.5,0.8571428571428571,0.6540542402042402,0.1527462069267492,1.3295820631147315,0.2030886169386169,8.0,6.0,6.0,0.1999999999999993,0
18.5,18.5,0.8571428571428571,0.6540542402042402,0.1527462069267492,1.3295820631147315,0.2030886169386169,8.0,6.0,6.0,0.10000000000000142,0
19.5,19.5,0.9333333333333333,0.7210555444555444,0.14163214490909404,1.4987966821658916,0.21227778887778892,8.0,7.0,7.0,-0.10000000000000142,0
19.5,19.5,0.9333333333333333,0.7210555444555444,0.14163214490909404,1.4987966821658916,0.21227778887778892,8.0,7.0,7.0,0.0,0
19.5,19.5,0.9333333333333333,0.7210555444555444,0.14163214490909404,1.4987966821658916,0.21227778887778892,8.0,7.0,7.0,0.0,0
19.5,19.5,0.9333333333333333,0.7210555444555444,0.14163214490909404,1.4987966821658916,0.21227778887778892,8.0,7.0,7.0,0.1999999999999993,0
19.5,19.5,0.9333333333333333,0.7210555444555444,0.14163214490909404,1.4987966821658916,0.21227778887778892,8.0,7.0,7.0,0.1999999999999993,0
19.5,19.5,0.9333333333333333,0.7210555444555444,0.14163214490909404,1.4987966821658916,0.21227778887778892,8.0,7.0,7.0,0.10000000000000142,0
19.5,19.5,0.9333333333333333,0.7210555444555444,0.14163214490909404,1.4987966821658916,0.21227778887778892,8.0,7.0,7.0,0.20000000000000284,0
20.5,20.5,0.9230769230769231,0.7173181209313563,0.14251533088196516,1.4437660907932883,0.20575880214556685,6.0,7.0,6.0,0.0,0
20.5,20.5,0.9230769230769231,0.7173181209313563,0.14251533088196516,1.4437660907932883,0.20575880214556685,6.0,7.0,6.0,0.0,0
20.5,20.5,0.9230769230769231,0.7173181209313563,0.14251533088196516,1.4437660907932883,0.20575880214556685,6.0,7.0,6.0,0.1999999999999993,0
20.5,20.5,0.9230769230769231,0.7173181209313563,0.14251533088196516,1.4437660907932883,0.20575880214556685,6.0,7.0,6.0,0.1999999999999993,0
20.5,20.5,0.9230769230769231,0.7173181209313563,0.14251533088196516,1.4437660907932883,0.20575880214556685,6.0,7.0,6.0,0.10000000000000142,0
20.5,20.5,0.9230769230769231,0.7173181209313563,0.14251533088196516,1.4437660907932883,0.20575880214556685,6.0,7.0,6.0,0.20000000000000284,0
21.5,21.5,0.7692307692307693,0.6996638418770772,0.142701734164115,0.48749882235969333,0.06956692735369208,6.0,7.0,5.0,0.0,0
21.5,21.5,0.7692307692307693,0.6996638418770772,0.142701734164115,0.48749882235969333,0.06956692735369208,6.0,7.0,5.0,0.1999999999999993,0
21.5,21.5,0.7692307692307693,0.6996638418770772,0.142701734164115,0.48749882235969333,0.06956692735369208,6.0,7.0,5.0,0.1999999999999993,0
21.5,21.5,0.7692307692307693,0.6996638418770772,0.142701734164115,0.48749882235969333,0.06956692735369208,6.0,7.0,5.0,0.10000000000000142,0
21.5,21.5,0.7692307692307693,0.6996638418770772,0.142701734164115,0.48749882235969333,0.06956692735369208,6.0,7.0,5.0,0.20000000000000284,0
22.5,22.5,0.7692307692307693,0.7266694077164666,0.13952775452019212,0.30503867607317725,0.042561361514302676,6.0,7.0,5.0,0.1999999999999993,0
22.5,22.5,0.7692307692307693,0.7266694077164666,0.13952775452019212,0.30503867607317725,0.042561361514302676,6.0,7.0,5.0,0.10000000000000142,0
22.5,22.5,0.7692307692307693,0.7266694077164666,0.13952775452019212,0.30503867607317725,0.042561361514302676,6.0,7.0,5.0,0.20000000000000284,0
22.5,22.5,0.7692307692307693,0.7266694077164666,0.13952775452019212,0.30503867607317725,0.042561361514302676,6.0,7.0,5.0,-0.3000000000000007,0
22.5,22.5,0.7692307692307693,0.7266694077164666,0.13952775452019212,0.30503867607317725,0.042561361514302676,6.0,7.0,5.0,-0.1999999999999993,0
23.5,23.5,0.6153846153846154,0.731500122426593,0.140861148853736,-0.824325997529289,-0.1161155070419776,6.0,7.0,4.0,0.20000000000000284,0
23.5,23.5,0.6153846153846154,0.731500122426593,0.140861148853736,-0.824325997529289,-0.1161155070419776,6.0,7.0,4.0,-0.3000000000000007,0
23.5,23.5,0.6153846153846154,0.731500122426593,0.140861148853736,-0.824325997529289,-0.1161155070419776,6.0,7.0,4.0,-0.1999999999999993,0
23.5,23.5,0.6153846153846154,0.731500122426593,0.140861148853736,-0.824325997529289,-0.1161155070419776,6.0,7.0,4.0,-0.1999999999999993,0
24.5,24.5,0.6153846153846154,0.7237434908229025,0.14679480549435192,-0.7381655983900347,-0.10835887543828704,5.0,8.0,4.0,-0.3000000000000007,0
24.5,24.5,0.6153846153846154,0.7237434908229025,0.14679480549435192,-0.7381655983900347,-0.10835887543828704,5.0,8.0,4.0,-0.1999999999999993,0
24.5,24.5,0.6153846153846154,0.7237434908229025,0.14679480549435192,-0.7381655983900347,-0.10835887543828704,5.0,8.0,4.0,-0.1999999999999993,0
24.5,24.5,0.6153846153846154,0.7237434908229025,0.14679480549435192,-0.7381655983900347,-0.10835887543828704,5.0,8.0,4.0,0.1999999999999993,0
25.5,25.5,0.5714285714285714,0.7401437848099612,0.14538554767277748,-1.1604675711035664,-0.16871521338138984,6.0,8.0,4.0,-0.3000000000000007,0
25.5,25.5,0.5714285714285714,0.7401437848099612,0.14538554767277748,-1.1604675711035664,-0.16871521338138984,6.0,8.0,4.0,-0.1999999999999993,0
25.5,25.5,0.5714285714285714,0.7401437848099612,0.14538554767277748,-1.1604675711035664,-0.16871521338138984,6.0,8.0,4.0,-0.1999999999999993,0
25.5,25.5,0.5714285714285714,0.7401437848099612,0.14538554767277748,-1.1604675711035664,-0.16871521338138984,6.0,8.0,4.0,0.1999999999999993,0
26.5,26.5,0.5333333333333333,0.7488327963316354,0.13447588766334345,-1.6025137795542854,-0.21549946299830203,6.0,9.0,4.0,-0.1999999999999993,0
26.5,26.5,0.5333333333333333,0.7488327963316354,0.13447588766334345,-1.6025137795542854,-0.21549946299830203,6.0,9.0,4.0,-0.1999999999999993,0
26.5,26.5,0.5333333333333333,0.7488327963316354,0.13447588766334345,-1.6025137795542854,-0.21549946299830203,6.0,9.0,4.0,0.1999999999999993,0
26.5,26.5,0.5333333333333333,0.7488327963316354,0.13447588766334345,-1.6025137795542854,-0.21549946299830203,6.0,9.0,4.0,0.29999999999999716,0
27.5,27.5,0.6666666666666666,0.7527226502255915,0.127587436081558,-0.6744863460060055,-0.08605598355892485,6.0,9.0,5.0,-0.1999999999999993,0
27.5,27.5,0.6666666666666666,0.7527226502255915,0.127587436081558,-0.6744863460060055,-0.08605598355892485,6.0,9.0,5.0,0.1999999999999993,0
27.5,27.5,0.6666666666666666,0.7527226502255915,0.127587436081558,-0.6744863460060055,-0.08605598355892485,6.0,9.0,5.0,0.29999999999999716,0
27.5,27.5,0.6666666666666666,0.7527226502255915,0.127587436081558,-0.6744863460060055,-0.08605598355892485,6.0,9.0,5.0,-0.1999999999999993,0
27.5,27.5,0.6666666666666666,0.7527226502255915,0.127587436081558,-0.6744863460060055,-0.08605598355892485,6.0,9.0,5.0,-0.3000000000000007,0
28.5,28.5,0.7142857142857143,0.7620346379111086,0.1391474800209361,-0.3431533479313459,-0.04774892362539429,6.0,8.0,5.0,0.1999999999999993,0
28.5,28.5,0.7142857142857143,0.7620346379111086,0.1391474800209361,-0.3431533479313459,-0.04774892362539429,6.0,8.0,5.0,0.29999999999999716,0
28.5,28.5,0.7142857142857143,0.7620346379111086,0.1391474800209361,-0.3431533479313459,-0.04774892362539429,6.0,8.0,5.0,-0.1999999999999993,0
28.5,28.5,0.7142857142857143,0.7620346379111086,0.1391474800209361,-0.3431533479313459,-0.04774892362539429,6.0,8.0,5.0,-0.3000000000000007,0
28.5,28.5,0.7142857142857143,0.7620346379111086,0.1391474800209361,-0.3431533479313459,-0.04774892362539429,6.0,8.0,5.0,-0.29999999999999716,0
29.5,29.5,0.7142857142857143,0.7627678657943363,0.13471375538990105,-0.35989013422052163,-0.04848215150862201,7.0,7.0,5.0,-0.3000000000000007,0
29.5,29.5,0.7142857142857143,0.7627678657943363,0.13471375538990105,-0.35989013422052163,-0.04848215150862201,7.0,7.0,5.0,0.29999999999999716,0
29.5,29.5,0.7142857142857143,0.7627678657943363,0.13471375538990105,-0.35989013422052163,-0.04848215150862201,7.0,7.0,5.0,-0.1999999999999993,0
29.5,29.5,0.7142857142857143,0.7627678657943363,0.13471375538990105,-0.35989013422052163,-0.04848215150862201,7.0,7.0,5.0,-0.3000000000000007,0
29.5,29.5,0.7142857142857143,0.7627678657943363,0.13471375538990105,-0.35989013422052163,-0.04848215150862201,7.0,7.0,5.0,-0.29999999999999716,0
30.5,30.5,0.7142857142857143,0.7456277049747638,0.13435591001427089,-0.2332758617445297,-0.031341990689049526,6.0,8.0,5.0,0.29999999999999716,0
30.5,30.5,0.7142857142857143,0.7456277049747638,0.13435591001427089,-0.2332758617445297,-0.031341990689049526,6.0,8.0,5.0,-0.1999999999999993,0
30.5,30.5,0.7142857142857143,0.7456277049747638,0.13435591001427089,-0.2332758617445297,-0.031341990689049526,6.0,8.0,5.0,-0.3000000000000007,0
30.5,30.5,0.7142857142857143,0.7456277049747638,0.13435591001427089,-0.2332758617445297,-0.031341990689049526,6.0,8.0,5.0,-0.29999999999999716,0
30.5,30.5,0.7142857142857143,0.7456277049747638,0.13435591001427089,-0.2332758617445297,-0.031341990689049526,6.0,8.0,5.0,0.0,0
31.5,31.5,0.7692307692307693,0.7636258436008436,0.14296634509491404,0.03920451086725754,0.00560492562992565,6.0,7.0,5.0,-0.1999999999999993,0
31.5,31.5,0.7692307692307693,0.7636258436008436,0.14296634509491404,0.03920451086725754,0.00560492562992565,6.0,7.0,5.0,-0.3000000000000007,0
31.5,31.5,0.7692307692307693,0.7636258436008436,0.14296634509491404,0.03920451086725754,0.00560492562992565,6.0,7.0,5.0,-0.29999999999999716,0
31.5,31.5,0.7692307692307693,0.7636258436008436,0.14296634509491404,0.03920451086725754,0.00560492562992565,6.0,7.0,5.0,0.0,0
31.5,31.5,0.7692307692307693,0.7636258436008436,0.14296634509491404,0.03920451086725754,0.00560492562992565,6.0,7.0,5.0,-0.10000000000000142,0
32.5,32.5,0.5,0.668026973026973,0.16283257302275395,-1.0319002513305076,-0.168026973026973,6.0,6.0,3.0,-0.29999999999999716,0
32.5,32.5,0.5,0.668026973026973,0.16283257302275395,-1.0319002513305076,-0.168026973026973,6.0,6.0,3.0,0.0,0
32.5,32.5,0.5,0.668026973026973,0.16283257302275395,-1.0319002513305076,-0.168026973026973,6.0,6.0,3.0,-0.10000000000000142,0
33.5,33.5,0.4,0.5610948162948164,0.16434481181902083,-0.9802245322609672,-0.16109481629481637,6.0,4.0,2.0,0.0,0
33.5,33.5,0.4,0.5610948162948164,0.16434481181902083,-0.9802245322609672,-0.16109481629481637,6.0,4.0,2.0,-0.10000000000000142,0
34.5,34.5,0.6,0.575271522921523,0.14436500554232662,0.17129135267637174,0.02472847707847703,6.0,4.0,3.0,0.0,0
34.5,34.5,0.6,0.575271522921523,0.14436500554232662,0.17129135267637174,0.02472847707847703,6.0,4.0,3.0,-0.10000000000000142,0
34.5,34.5,0.6,0.575271522921523,0.14436500554232662,0.17129135267637174,0.02472847707847703,6.0,4.0,3.0,-0.30000000000000426,0
35.5,35.5,0.6,0.5226722444222444,0.15302794229623085,0.5053178812799095,0.07732775557775562,6.0,4.0,3.0,0.0,0
35.5,35.5,0.6,0.5226722444222444,0.15302794229623085,0.5053178812799095,0.07732775557775562,6.0,4.0,3.0,-0.10000000000000142,0
35.5,35.5,0.6,0.5226722444222444,0.15302794229623085,0.5053178812799095,0.07732775557775562,6.0,4.0,3.0,-0.30000000000000426,0
36.5,36.5,0.4444444444444444,0.5046507936507936,0.17133403229644587,-0.3513974917848126,-0.06020634920634915,5.0,4.0,2.0,-0.30000000000000426,0
36.5,36.5,0.4444444444444444,0.5046507936507936,0.17133403229644587,-0.3513974917848126,-0.06020634920634915,5.0,4.0,2.0,-0.29999999999999716,0
37.5,37.5,0.6666666666666666,0.6118158341658341,0.16145538146486643,0.33972749624804793,0.05485083250083256,6.0,6.0,4.0,-0.30000000000000426,0
37.5,37.5,0.6666666666666666,0.6118158341658341,0.16145538146486643,0.33972749624804793,0.05485083250083256,6.0,6.0,4.0,-0.29999999999999716,0
37.5,37.5,0.6666666666666666,0.6118158341658341,0.16145538146486643,0.33972749624804793,0.05485083250083256,6.0,6.0,4.0,0.10000000000000142,0
37.5,37.5,0.6666666666666666,0.6118158341658341,0.16145538146486643,0.33972749624804793,0.05485083250083256,6.0,6.0,4.0,0.10000000000000142,0
38.5,38.5,0.7692307692307693,0.6839473306105658,0.15071773809221772,0.5658487162806425,0.08528343862020349,6.0,7.0,5.0,-0.30000000000000426,0
38.5,38.5,0.7692307692307693,0.6839473306105658,0.15071773809221772,0.5658487162806425,0.08528343862020349,6.0,7.0,5.0,-0.29999999999999716,0
38.5,38.5,0.7692307692307693,0.6839473306105658,0.15071773809221772,0.5658487162806425,0.08528343862020349,6.0,7.0,5.0,0.10000000000000142,0
38.5,38.5,0.7692307692307693,0.6839473306105658,0.15071773809221772,0.5658487162806425,0.08528343862020349,6.0,7.0,5.0,0.10000000000000142,0
38.5,38.5,0.7692307692307693,0.6839473306105658,0.15071773809221772,0.5658487162806425,0.08528343862020349,6.0,7.0,5.0,-0.10000000000000142,0
39.5,39.5,0.8571428571428571,0.72398667998668,0.1402177203870445,0.9496387246107316,0.1331561771561771,6.0,8.0,6.0,-0.29999999999999716,0
39.5,39.5,0.8571428571428571,0.72398667998668,0.1402177203870445,0.9496387246107316,0.1331561771561771,6.0,8.0,6.0,0.10000000000000142,0
39.5,39.5,0.8571428571428571,0.72398667998668,0.1402177203870445,0.9496387246107316,0.1331561771561771,6.0,8.0,6.0,0.10000000000000142,0
39.5,39.5,0.8571428571428571,0.72398667998668,0.1402177203870445,0.9496387246107316,0.1331561771561771,6.0,8.0,6.0,-0.10000000000000142,0
39.5,39.5,0.8571428571428571,0.72398667998668,0.1402177203870445,0.9496387246107316,0.1331561771561771,6.0,8.0,6.0,-0.20000000000000284,0
39.5,39.5,0.8571428571428571,0.72398667998668,0.1402177203870445,0.9496387246107316,0.1331561771561771,6.0,8.0,6.0,0.0,0
40.5,40.5,0.9411764705882353,0.753689614272896,0.13584498173437315,1.3801529796805077,0.18748685631533923,8.0,9.0,8.0,-0.29999999999999716,0
40.5,40.5,0.9411764705882353,0.753689614272896,0.13584498173437315,1.3801529796805077,0.18748685631533923,8.0,9.0,8.0,0.10000000000000142,0
40.5,40.5,0.9411764705882353,0.753689614272896,0.13584498173437315,1.3801529796805077,0.18748685631533923,8.0,9.0,8.0,0.10000000000000142,0
40.5,40.5,0.9411764705882353,0.753689614272896,0.13584498173437315,1.3801529796805077,0.18748685631533923,8.0,9.0,8.0,-0.10000000000000142,0
40.5,40.5,0.9411764705882353,0.753689614272896,0.13584498173437315,1.3801529796805077,0.18748685631533923,8.0,9.0,8.0,-0.20000000000000284,0
40.5,40.5,0.9411764705882353,0.753689614272896,0.13584498173437315,1.3801529796805077,0.18748685631533923,8.0,9.0,8.0,0.0,0
40.5,40.5,0.9411764705882353,0.753689614272896,0.13584498173437315,1.3801529796805077,0.18748685631533923,8.0,9.0,8.0,-0.10000000000000142,0
40.5,40.5,0.9411764705882353,0.753689614272896,0.13584498173437315,1.3801529796805077,0.18748685631533923,8.0,9.0,8.0,0.0,0
41.5,41.5,0.8888888888888888,0.7226601806174562,0.13402452290501793,1.240285767622076,0.16622870827143266,8.0,10.0,8.0,0.10000000000000142,0
41.5,41.5,0.8888888888888888,0.7226601806174562,0.13402452290501793,1.240285767622076,0.16622870827143266,8.0,10.0,8.0,0.10000000000000142,0
41.5,41.5,0.8888888888888888,0.7226601806174562,0.13402452290501793,1.240285767622076,0.16622870827143266,8.0,10.0,8.0,-0.10000000000000142,0
41.5,41.5,0.8888888888888888,0.7226601806174562,0.13402452290501793,1.240285767622076,0.16622870827143266,8.0,10.0,8.0,-0.20000000000000284,0
41.5,41.5,0.8888888888888888,0.7226601806174562,0.13402452290501793,1.240285767622076,0.16622870827143266,8.0,10.0,8.0,0.0,0
41.5,41.5,0.8888888888888888,0.7226601806174562,0.13402452290501793,1.240285767622076,0.16622870827143266,8.0,10.0,8.0,-0.10000000000000142,0
41.5,41.5,0.8888888888888888,0.7226601806174562,0.13402452290501793,1.240285767622076,0.16622870827143266,8.0,10.0,8.0,0.0,0
41.5,41.5,0.8888888888888888,0.7226601806174562,0.13402452290501793,1.240285767622076,0.16622870827143266,8.0,10.0,8.0,-0.29999999999999716,0
42.5,42.5,0.9333333333333333,0.7671457047854107,0.14111569408306637,1.1776693558272686,0.16618762854792268,7.0,8.0,7.0,-0.10000000000000142,0
42.5,42.5,0.9333333333333333,0.7671457047854107,0.14111569408306637,1.1776693558272686,0.16618762854792268,7.0,8.0,7.0,-0.20000000000000284,0
42.5,42.5,0.9333333333333333,0.7671457047854107,0.14111569408306637,1.1776693558272686,0.16618762854792268,7.0,8.0,7.0,0.0,0
42.5,42.5,0.9333333333333333,0.7671457047854107,0.14111569408306637,1.1776693558272686,0.16618762854792268,7.0,8.0,7.0,-0.10000000000000142,0
42.5,42.5,0.9333333333333333,0.7671457047854107,0.14111569408306637,1.1776693558272686,0.16618762854792268,7.0,8.0,7.0,0.0,0
42.5,42.5,0.9333333333333333,0.7671457047854107,0.14111569408306637,1.1776693558272686,0.16618762854792268,7.0,8.0,7.0,-0.29999999999999716,0
42.5,42.5,0.9333333333333333,0.7671457047854107,0.14111569408306637,1.1776693558272686,0.16618762854792268,7.0,8.0,7.0,-0.10000000000000142,0
43.5,43.5,0.7692307692307693,0.7401941210750034,0.13767313313646723,0.2109100555370058,0.0290366481557659,5.0,8.0,5.0,0.0,0
43.5,43.5,0.7692307692307693,0.7401941210750034,0.13767313313646723,0.2109100555370058,0.0290366481557659,5.0,8.0,5.0,-0.10000000000000142,0
43.5,43.5,0.7692307692307693,0.7401941210750034,0.13767313313646723,0.2109100555370058,0.0290366481557659,5.0,8.0,5.0,0.0,0
43.5,43.5,0.7692307692307693,0.7401941210750034,0.13767313313646723,0.2109100555370058,0.0290366481557659,5.0,8.0,5.0,-0.29999999999999716,0
43.5,43.5,0.7692307692307693,0.7401941210750034,0.13767313313646723,0.2109100555370058,0.0290366481557659,5.0,8.0,5.0,-0.10000000000000142,0
44.5,44.5,0.6666666666666666,0.7628120487355782,0.12844972359372173,-0.7485059475333186,-0.09614538206891154,4.0,8.0,4.0,-0.10000000000000142,0
44.5,44.5,0.6666666666666666,0.7628120487355782,0.12844972359372173,-0.7485059475333186,-0.09614538206891154,4.0,8.0,4.0,0.0,0
44.5,44.5,0.6666666666666666,0.7628120487355782,0.12844972359372173,-0.7485059475333186,-0.09614538206891154,4.0,8.0,4.0,-0.29999999999999716,0
44.5,44.5,0.6666666666666666,0.7628120487355782,0.12844972359372173,-0.7485059475333186,-0.09614538206891154,4.0,8.0,4.0,-0.10000000000000142,0
45.5,45.5,0.5454545454545454,0.7426604464163288,0.13125639901570463,-1.502447899231092,-0.19720590096178336,3.0,8.0,3.0,-0.29999999999999716,0
45.5,45.5,0.5454545454545454,0.7426604464163288,0.13125639901570463,-1.502447899231092,-0.19720590096178336,3.0,8.0,3.0,-0.10000000000000142,0
45.5,45.5,0.5454545454545454,0.7426604464163288,0.13125639901570463,-1.502447899231092,-0.19720590096178336,3.0,8.0,3.0,0.20000000000000284,0
46.5,46.5,0.5,0.7305669247419249,0.1390256856939416,-1.6584483909650114,-0.23056692474192486,4.0,8.0,3.0,-0.10000000000000142,0
46.5,46.5,0.5,0.7305669247419249,0.1390256856939416,-1.6584483909650114,-0.23056692474192486,4.0,8.0,3.0,0.20000000000000284,0
46.5,46.5,0.5,0.7305669247419249,0.1390256856939416,-1.6584483909650114,-0.23056692474192486,4.0,8.0,3.0,0.0,0
47.5,47.5,0.5454545454545454,0.7357425824175825,0.14844287707506643,-1.2818940235630834,-0.1902880369630371,4.0,7.0,3.0,0.20000000000000284,0
47.5,47.5,0.5454545454545454,0.7357425824175825,0.14844287707506643,-1.2818940235630834,-0.1902880369630371,4.0,7.0,3.0,0.0,0
47.5,47.5,0.5454545454545454,0.7357425824175825,0.14844287707506643,-1.2818940235630834,-0.1902880369630371,4.0,7.0,3.0,-0.10000000000000142,0
48.5,48.5,0.7142857142857143,0.757869850084556,0.14280490010441216,-0.30520056221442704,-0.04358413579884168,6.0,8.0,5.0,0.20000000000000284,0
48.5,48.5,0.7142857142857143,0.757869850084556,0.14280490010441216,-0.30520056221442704,-0.04358413579884168,6.0,8.0,5.0,0.0,0
48.5,48.5,0.7142857142857143,0.757869850084556,0.14280490010441216,-0.30520056221442704,-0.04358413579884168,6.0,8.0,5.0,-0.10000000000000142,0
48.5,48.5,0.7142857142857143,0.757869850084556,0.14280490010441216,-0.30520056221442704,-0.04358413579884168,6.0,8.0,5.0,0.10000000000000142,0
48.5,48.5,0.7142857142857143,0.757869850084556,0.14280490010441216,-0.30520056221442704,-0.04358413579884168,6.0,8.0,5.0,0.09999999999999432,0
49.5,49.5,0.7692307692307693,0.6692666222666223,0.16027122492589782,0.6237186183007332,0.09996414696414702,7.0,6.0,5.0,0.20000000000000284,0
49.5,49.5,0.7692307692307693,0.6692666222666223,0.16027122492589782,0.6237186183007332,0.09996414696414702,7.0,6.0,5.0,0.0,0
49.5,49.5,0.7692307692307693,0.6692666222666223,0.16027122492589782,0.6237186183007332,0.09996414696414702,7.0,6.0,5.0,-0.10000000000000142,0
49.5,49.5,0.7692307692307693,0.6692666222666223,0.16027122492589782,0.6237186183007332,0.09996414696414702,7.0,6.0,5.0,0.10000000000000142,0
49.5,49.5,0.7692307692307693,0.6692666222666223,0.16027122492589782,0.6237186183007332,0.09996414696414702,7.0,6.0,5.0,0.09999999999999432,0
50.5,50.5,0.6153846153846154,0.6903139625080801,0.14354052475007967,-0.5220083126624008,-0.07492934712346466,6.0,7.0,4.0,0.0,0
50.5,50.5,0.6153846153846154,0.6903139625080801,0.14354052475007967,-0.5220083126624008,-0.07492934712346466,6.0,7.0,4.0,-0.10000000000000142,0
50.5,50.5,0.6153846153846154,0.6903139625080801,0.14354052475007967,-0.5220083126624008,-0.07492934712346466,6.0,7.0,4.0,0.10000000000000142,0
50.5,50.5,0.6153846153846154,0.6903139625080801,0.14354052475007967,-0.5220083126624008,-0.07492934712346466,6.0,7.0,4.0,0.09999999999999432,0
51.5,51.5,0.7142857142857143,0.7097863388245742,0.14025796479138009,0.03207928667603638,0.004499375461140098,7.0,7.0,5.0,-0.10000000000000142,0
51.5,51.5,0.7142857142857143,0.7097863388245742,0.14025796479138009,0.03207928667603638,0.004499375461140098,7.0,7.0,5.0,0.10000000000000142,0
51.5,51.5,0.7142857142857143,0.7097863388245742,0.14025796479138009,0.03207928667603638,0.004499375461140098,7.0,7.0,5.0,0.09999999999999432,0
51.5,51.5,0.7142857142857143,0.7097863388245742,0.14025796479138009,0.03207928667603638,0.004499375461140098,7.0,7.0,5.0,-0.19999999999999574,0
51.5,51.5,0.7142857142857143,0.7097863388245742,0.14025796479138009,0.03207928667603638,0.004499375461140098,7.0,7.0,5.0,0.0,0
52.5,52.5,0.8,0.7077504565695742,0.14004525777349774,0.6587123683946916,0.0922495434304258,7.0,8.0,6.0,0.10000000000000142,0
52.5,52.5,0.8,0.7077504565695742,0.14004525777349774,0.6587123683946916,0.0922495434304258,7.0,8.0,6.0,0.09999999999999432,0
52.5,52.5,0.8,0.7077504565695742,0.14004525777349774,0.6587123683946916,0.0922495434304258,7.0,8.0,6.0,-0.19999999999999574,0
52.5,52.5,0.8,0.7077504565695742,0.14004525777349774,0.6587123683946916,0.0922495434304258,7.0,8.0,6.0,0.0,0
52.5,52.5,0.8,0.7077504565695742,0.14004525777349774,0.6587123683946916,0.0922495434304258,7.0,8.0,6.0,-0.10000000000000142,0
52.5,52.5,0.8,0.7077504565695742,0.14004525777349774,0.6587123683946916,0.0922495434304258,7.0,8.0,6.0,-0.19999999999999574,0
53.5,53.5,0.7692307692307693,0.6990546788179142,0.15502356814345233,0.45268013924126094,0.07017609041285511,6.0,7.0,5.0,-0.19999999999999574,0
53.5,53.5,0.7692307692307693,0.6990546788179142,0.15502356814345233,0.45268013924126094,0.07017609041285511,6.0,7.0,5.0,0.0,0
53.5,53.5,0.7692307692307693,0.6990546788179142,0.15502356814345233,0.45268013924126094,0.07017609041285511,6.0,7.0,5.0,-0.10000000000000142,0
53.5,53.5,0.7692307692307693,0.6990546788179142,0.15502356814345233,0.45268013924126094,0.07017609041285511,6.0,7.0,5.0,-0.19999999999999574,0
53.5,53.5,0.7692307692307693,0.6990546788179142,0.15502356814345233,0.45268013924126094,0.07017609041285511,6.0,7.0,5.0,-0.20000000000000284,0
54.5,54.5,0.7142857142857143,0.766714307794029,0.1321705099071828,-0.3966739142122771,-0.05242859350831475,5.0,9.0,5.0,-0.19999999999999574,0
54.5,54.5,0.7142857142857143,0.766714307794029,0.1321705099071828,-0.3966739142122771,-0.05242859350831475,5.0,9.0,5.0,0.0,0
54.5,54.5,0.7142857142857143,0.766714307794029,0.1321705099071828,-0.3966739142122771,-0.05242859350831475,5.0,9.0,5.0,-0.10000000000000142,0
54.5,54.5,0.7142857142857143,0.766714307794029,0.1321705099071828,-0.3966739142122771,-0.05242859350831475,5.0,9.0,5.0,-0.19999999999999574,0
54.5,54.5,0.7142857142857143,0.766714307794029,0.1321705099071828,-0.3966739142122771,-0.05242859350831475,5.0,9.0,5.0,-0.20000000000000284,0
55.5,55.5,0.8,0.7679042300063197,0.1301083057854533,0.24668501983728705,0.032095769993680356,6.0,9.0,6.0,-0.19999999999999574,0
55.5,55.5,0.8,0.7679042300063197,0.1301083057854533,0.24668501983728705,0.032095769993680356,6.0,9.0,6.0,0.0,0
55.5,55.5,0.8,0.7679042300063197,0.1301083057854533,0.24668501983728705,0.032095769993680356,6.0,9.0,6.0,-0.10000000000000142,0
55.5,55.5,0.8,0.7679042300063197,0.1301083057854533,0.24668501983728705,0.032095769993680356,6.0,9.0,6.0,-0.19999999999999574,0
55.5,55.5,0.8,0.7679042300063197,0.1301083057854533,0.24668501983728705,0.032095769993680356,6.0,9.0,6.0,-0.20000000000000284,0
55.5,55.5,0.8,0.7679042300063197,0.1301083057854533,0.24668501983728705,0.032095769993680356,6.0,9.0,6.0,0.10000000000000142,0
56.5,56.5,0.6666666666666666,0.7590457516339869,0.1448020148579585,-0.6379682289499787,-0.09237908496732028,4.0,8.0,4.0,-0.10000000000000142,0
56.5,56.5,0.6666666666666666,0.7590457516339869,0.1448020148579585,-0.6379682289499787,-0.09237908496732028,4.0,8.0,4.0,-0.19999999999999574,0
56.5,56.5,0.6666666666666666,0.7590457516339869,0.1448020148579585,-0.6379682289499787,-0.09237908496732028,4.0,8.0,4.0,-0.20000000000000284,0
56.5,56.5,0.6666666666666666,0.7590457516339869,0.1448020148579585,-0.6379682289499787,-0.09237908496732028,4.0,8.0,4.0,0.10000000000000142,0
57.5,57.5,0.5454545454545454,0.768172900628783,0.14071892222924776,-1.5827178864502887,-0.22271835517423755,3.0,8.0,3.0,-0.20000000000000284,0
57.5,57.5,0.5454545454545454,0.768172900628783,0.14071892222924776,-1.5827178864502887,-0.22271835517423755,3.0,8.0,3.0,0.10000000000000142,0
57.5,57.5,0.5454545454545454,0.768172900628783,0.14071892222924776,-1.5827178864502887,-0.22271835517423755,3.0,8.0,3.0,-0.29999999999999716,0
58.5,58.5,0.5,0.7532231371569608,0.138416226341516,-1.8294324578115595,-0.25322313715696076,4.0,8.0,3.0,0.10000000000000142,0
58.5,58.5,0.5,0.7532231371569608,0.138416226341516,-1.8294324578115595,-0.25322313715696076,4.0,8.0,3.0,-0.29999999999999716,0
58.5,58.5,0.5,0.7532231371569608,0.138416226341516,-1.8294324578115595,-0.25322313715696076,4.0,8.0,3.0,-0.29999999999999716,0
59.5,59.5,0.5714285714285714,0.7702721122015239,0.13591812979024995,-1.462965544624618,-0.19884354077295252,6.0,8.0,4.0,0.10000000000000142,0
59.5,59.5,0.5714285714285714,0.7702721122015239,0.13591812979024995,-1.462965544624618,-0.19884354077295252,6.0,8.0,4.0,-0.29999999999999716,0
59.5,59.5,0.5714285714285714,0.7702721122015239,0.13591812979024995,-1.462965544624618,-0.19884354077295252,6.0,8.0,4.0,-0.29999999999999716,0
59.5,59.5,0.5714285714285714,0.7702721122015239,0.13591812979024995,-1.462965544624618,-0.19884354077295252,6.0,8.0,4.0,0.10000000000000142,0
60.5,60.5,0.5333333333333333,0.7659685172670467,0.13561678225998444,-1.715386400244622,-0.2326351839337134,7.0,8.0,4.0,-0.29999999999999716,0
60.5,60.5,0.5333333333333333,0.7659685172670467,0.13561678225998444,-1.715386400244622,-0.2326351839337134,7.0,8.0,4.0,-0.29999999999999716,0
60.5,60.5,0.5333333333333333,0.7659685172670467,0.13561678225998444,-1.715386400244622,-0.2326351839337134,7.0,8.0,4.0,0.10000000000000142,0
60.5,60.5,0.5333333333333333,0.7659685172670467,0.13561678225998444,-1.715386400244622,-0.2326351839337134,7.0,8.0,4.0,-0.29999999999999716,0
61.5,61.5,0.6666666666666666,0.7208204927425516,0.14740283059054968,-0.3673866089200925,-0.054153826075884925,8.0,7.0,5.0,-0.29999999999999716,0
61.5,61.5,0.6666666666666666,0.7208204927425516,0.14740283059054968,-0.3673866089200925,-0.054153826075884925,8.0,7.0,5.0,-0.29999999999999716,0
61.5,61.5,0.6666666666666666,0.7208204927425516,0.14740283059054968,-0.3673866089200925,-0.054153826075884925,8.0,7.0,5.0,0.10000000000000142,0
61.5,61.5,0.6666666666666666,0.7208204927425516,0.14740283059054968,-0.3673866089200925,-0.054153826075884925,8.0,7.0,5.0,-0.29999999999999716,0
61.5,61.5,0.6666666666666666,0.7208204927425516,0.14740283059054968,-0.3673866089200925,-0.054153826075884925,8.0,7.0,5.0,0.20000000000000284,0
62.5,62.5,0.5714285714285714,0.613791452991453,0.16090584978713196,-0.2632774483893839,-0.042362881562881594,9.0,5.0,4.0,-0.29999999999999716,0
62.5,62.5,0.5714285714285714,0.613791452991453,0.16090584978713196,-0.2632774483893839,-0.042362881562881594,9.0,5.0,4.0,0.10000000000000142,0
62.5,62.5,0.5714285714285714,0.613791452991453,0.16090584978713196,-0.2632774483893839,-0.042362881562881594,9.0,5.0,4.0,-0.29999999999999716,0
62.5,62.5,0.5714285714285714,0.613791452991453,0.16090584978713196,-0.2632774483893839,-0.042362881562881594,9.0,5.0,4.0,0.20000000000000284,0
63.5,63.5,0.5,0.5907693306693307,0.14220152267621078,-0.6383147589495938,-0.09076933066933068,7.0,5.0,3.0,0.10000000000000142,0
63.5,63.5,0.5,0.5907693306693307,0.14220152267621078,-0.6383147589495938,-0.09076933066933068,7.0,5.0,3.0,-0.29999999999999716,0
63.5,63.5,0.5,0.5907693306693307,0.14220152267621078,-0.6383147589495938,-0.09076933066933068,7.0,5.0,3.0,0.20000000000000284,0
64.5,64.5,0.36363636363636365,0.5988196914196915,0.1291261907702605,-1.8213448904549714,-0.23518332778332784,6.0,5.0,2.0,-0.29999999999999716,0
64.5,64.5,0.36363636363636365,0.5988196914196915,0.1291261907702605,-1.8213448904549714,-0.23518332778332784,6.0,5.0,2.0,0.20000000000000284,0
65.5,65.5,0.2,0.5525425574425574,0.16437261815915039,-2.1447766750372947,-0.3525425574425574,5.0,5.0,1.0,-0.20000000000000284,0
66.5,66.5,0.2,0.6442190414161002,0.1513569718676222,-2.9349096770026364,-0.4442190414161002,3.0,7.0,1.0,-0.20000000000000284,0
67.5,67.5,0.5454545454545454,0.7303146327528681,0.1412208028647923,-1.309014561228005,-0.1848600872983227,3.0,8.0,3.0,-0.20000000000000284,0
67.5,67.5,0.5454545454545454,0.7303146327528681,0.1412208028647923,-1.309014561228005,-0.1848600872983227,3.0,8.0,3.0,0.19999999999998863,0
67.5,67.5,0.5454545454545454,0.7303146327528681,0.1412208028647923,-1.309014561228005,-0.1848600872983227,3.0,8.0,3.0,0.30000000000001137,0
68.5,68.5,0.6153846153846154,0.7488645403272337,0.1400958414443979,-0.9527757823960437,-0.1334799249426183,4.0,9.0,4.0,-0.20000000000000284,0
68.5,68.5,0.6153846153846154,0.7488645403272337,0.1400958414443979,-0.9527757823960437,-0.1334799249426183,4.0,9.0,4.0,0.19999999999998863,0
68.5,68.5,0.6153846153846154,0.7488645403272337,0.1400958414443979,-0.9527757823960437,-0.1334799249426183,4.0,9.0,4.0,-0.29999999999999716,0
68.5,68.5,0.6153846153846154,0.7488645403272337,0.1400958414443979,-0.9527757823960437,-0.1334799249426183,4.0,9.0,4.0,-0.20000000000000284,0
69.5,69.5,0.7142857142857143,0.7489098971290148,0.13986451485418114,-0.24755516350518714,-0.03462418284330049,6.0,8.0,5.0,-0.20000000000000284,0
69.5,69.5,0.7142857142857143,0.7489098971290148,0.13986451485418114,-0.24755516350518714,-0.03462418284330049,6.0,8.0,5.0,0.19999999999998863,0
69.5,69.5,0.7142857142857143,0.7489098971290148,0.13986451485418114,-0.24755516350518714,-0.03462418284330049,6.0,8.0,5.0,-0.29999999999999716,0
69.5,69.5,0.7142857142857143,0.7489098971290148,0.13986451485418114,-0.24755516350518714,-0.03462418284330049,6.0,8.0,5.0,-0.20000000000000284,0
69.5,69.5,0.7142857142857143,0.7489098971290148,0.13986451485418114,-0.24755516350518714,-0.03462418284330049,6.0,8.0,5.0,-0.09999999999999432,0
70.5,70.5,0.7692307692307693,0.7579164128355306,0.13664069667752568,0.08280370834130603,0.0113143563952387,6.0,7.0,5.0,0.19999999999998863,0
70.5,70.5,0.7692307692307693,0.7579164128355306,0.13664069667752568,0.08280370834130603,0.0113143563952387,6.0,7.0,5.0,-0.29999999999999716,0
70.5,70.5,0.7692307692307693,0.7579164128355306,0.13664069667752568,0.08280370834130603,0.0113143563952387,6.0,7.0,5.0,-0.20000000000000284,0
70.5,70.5,0.7692307692307693,0.7579164128355306,0.13664069667752568,0.08280370834130603,0.0113143563952387,6.0,7.0,5.0,-0.09999999999999432,0
70.5,70.5,0.7692307692307693,0.7579164128355306,0.13664069667752568,0.08280370834130603,0.0113143563952387,6.0,7.0,5.0,-0.20000000000000284,0
71.5,71.5,0.7692307692307693,0.7073165945165945,0.1489255820391949,0.4157390145225685,0.06191417471417482,7.0,6.0,5.0,-0.29999999999999716,0
71.5,71.5,0.7692307692307693,0.7073165945165945,0.1489255820391949,0.4157390145225685,0.06191417471417482,7.0,6.0,5.0,-0.20000000000000284,0
71.5,71.5,0.7692307692307693,0.7073165945165945,0.1489255820391949,0.4157390145225685,0.06191417471417482,7.0,6.0,5.0,-0.09999999999999432,0
71.5,71.5,0.7692307692307693,0.7073165945165945,0.1489255820391949,0.4157390145225685,0.06191417471417482,7.0,6.0,5.0,-0.20000000000000284,0
71.5,71.5,0.7692307692307693,0.7073165945165945,0.1489255820391949,0.4157390145225685,0.06191417471417482,7.0,6.0,5.0,0.29999999999999716,0
72.5,72.5,0.8333333333333334,0.7020197302697302,0.13786260578158438,0.9524961632572303,0.13131360306360318,6.0,6.0,5.0,-0.20000000000000284,0
72.5,72.5,0.8333333333333334,0.7020197302697302,0.13786260578158438,0.9524961632572303,0.13131360306360318,6.0,6.0,5.0,-0.09999999999999432,0
72.5,72.5,0.8333333333333334,0.7020197302697302,0.13786260578158438,0.9524961632572303,0.13131360306360318,6.0,6.0,5.0,-0.20000000000000284,0
72.5,72.5,0.8333333333333334,0.7020197302697302,0.13786260578158438,0.9524961632572303,0.13131360306360318,6.0,6.0,5.0,0.29999999999999716,0
72.5,72.5,0.8333333333333334,0.7020197302697302,0.13786260578158438,0.9524961632572303,0.13131360306360318,6.0,6.0,5.0,-0.09999999999999432,0
73.5,73.5,0.8333333333333334,0.684151814851815,0.13348896993610193,1.1175568929247721,0.1491815184815184,6.0,6.0,5.0,-0.09999999999999432,0
73.5,73.5,0.8333333333333334,0.684151814851815,0.13348896993610193,1.1175568929247721,0.1491815184815184,6.0,6.0,5.0,-0.20000000000000284,0
73.5,73.5,0.8333333333333334,0.684151814851815,0.13348896993610193,1.1175568929247721,0.1491815184815184,6.0,6.0,5.0,0.29999999999999716,0
73.5,73.5,0.8333333333333334,0.684151814851815,0.13348896993610193,1.1175568929247721,0.1491815184815184,6.0,6.0,5.0,-0.09999999999999432,0
73.5,73.5,0.8333333333333334,0.684151814851815,0.13348896993610193,1.1175568929247721,0.1491815184815184,6.0,6.0,5.0,0.0,0
74.5,74.5,0.9230769230769231,0.7005812409812411,0.14268948405238624,1.5592997870396406,0.22249568209568205,7.0,6.0,6.0,-0.20000000000000284,0
74.5,74.5,0.9230769230769231,0.7005812409812411,0.14268948405238624,1.5592997870396406,0.22249568209568205,7.0,6.0,6.0,0.29999999999999716,0
74.5,74.5,0.9230769230769231,0.7005812409812411,0.14268948405238624,1.5592997870396406,0.22249568209568205,7.0,6.0,6.0,-0.09999999999999432,0
74.5,74.5,0.9230769230769231,0.7005812409812411,0.14268948405238624,1.5592997870396406,0.22249568209568205,7.0,6.0,6.0,0.0,0
74.5,74.5,0.9230769230769231,0.7005812409812411,0.14268948405238624,1.5592997870396406,0.22249568209568205,7.0,6.0,6.0,0.09999999999999432,0
74.5,74.5,0.9230769230769231,0.7005812409812411,0.14268948405238624,1.5592997870396406,0.22249568209568205,7.0,6.0,6.0,0.29999999999999716,0
75.5,75.5,1.0,0.7461656154303212,0.13818120478436244,1.8369675164274184,0.2538343845696788,7.0,7.0,7.0,0.29999999999999716,0
75.5,75.5,1.0,0.7461656154303212,0.13818120478436244,1.8369675164274184,0.2538343845696788,7.0,7.0,7.0,-0.09999999999999432,0
75.5,75.5,1.0,0.7461656154303212,0.13818120478436244,1.8369675164274184,0.2538343845696788,7.0,7.0,7.0,0.0,0
75.5,75.5,1.0,0.7461656154303212,0.13818120478436244,1.8369675164274184,0.2538343845696788,7.0,7.0,7.0,0.09999999999999432,0
75.5,75.5,1.0,0.7461656154303212,0.13818120478436244,1.8369675164274184,0.2538343845696788,7.0,7.0,7.0,0.29999999999999716,0
75.5,75.5,1.0,0.7461656154303212,0.13818120478436244,1.8369675164274184,0.2538343845696788,7.0,7.0,7.0,0.09999999999999432,0
75.5,75.5,1.0,0.7461656154303212,0.13818120478436244,1.8369675164274184,0.2538343845696788,7.0,7.0,7.0,0.20000000000000284,0
76.5,76.5,1.0,0.7559421891833656,0.137426285161292,1.775917980539116,0.24405781081663436,8.0,8.0,8.0,-0.09999999999999432,0
76.5,76.5,1.0,0.7559421891833656,0.137426285161292,1.775917980539116,0.24405781081663436,8.0,8.0,8.0,0.0,0
76.5,76.5,1.0,0.7559421891833656,0.137426285161292,1.775917980539116,0.24405781081663436,8.0,8.0,8.0,0.09999999999999432,0
76.5,76.5,1.0,0.7559421891833656,0.137426285161292,1.775917980539116,0.24405781081663436,8.0,8.0,8.0,0.29999999999999716,0
76.5,76.5,1.0,0.7559421891833656,0.137426285161292,1.775917980539116,0.24405781081663436,8.0,8.0,8.0,0.09999999999999432,0
76.5,76.5,1.0,0.7559421891833656,0.137426285161292,1.775917980539116,0.24405781081663436,8.0,8.0,8.0,0.20000000000000284,0
76.5,76.5,1.0,0.7559421891833656,0.137426285161292,1.775917980539116,0.24405781081663436,8.0,8.0,8.0,0.20000000000000284,0
76.5,76.5,1.0,0.7559421891833656,0.137426285161292,1.775917980539116,0.24405781081663436,8.0,8.0,8.0,0.0,0
77.5,77.5,0.9411764705882353,0.7774541744203509,0.1338415246939863,1.2232548646036205,0.16372229616788436,9.0,8.0,8.0,0.0,0
77.5,77.5,0.9411764705882353,0.7774541744203509,0.1338415246939863,1.2232548646036205,0.16372229616788436,9.0,8.0,8.0,0.09999999999999432,0
77.5,77.5,0.9411764705882353,0.7774541744203509,0.1338415246939863,1.2232548646036205,0.16372229616788436,9.0,8.0,8.0,0.29999999999999716,0
77.5,77.5,0.9411764705882353,0.7774541744203509,0.1338415246939863,1.2232548646036205,0.16372229616788436,9.0,8.0,8.0,0.09999999999999432,0
77.5,77.5,0.9411764705882353,0.7774541744203509,0.1338415246939863,1.2232548646036205,0.16372229616788436,9.0,8.0,8.0,0.20000000000000284,0
77.5,77.5,0.9411764705882353,0.7774541744203509,0.1338415246939863,1.2232548646036205,0.16372229616788436,9.0,8.0,8.0,0.20000000000000284,0
77.5,77.5,0.9411764705882353,0.7774541744203509,0.1338415246939863,1.2232548646036205,0.16372229616788436,9.0,8.0,8.0,0.0,0
77.5,77.5,0.9411764705882353,0.7774541744203509,0.1338415246939863,1.2232548646036205,0.16372229616788436,9.0,8.0,8.0,-0.19999999999998863,0
78.5,78.5,0.9411764705882353,0.7343857528092822,0.13529343528845128,1.5284608402326882,0.20679071777895308,9.0,8.0,8.0,0.09999999999999432,0
78.5,78.5,0.9411764705882353,0.7343857528092822,0.13529343528845128,1.5284608402326882,0.20679071777895308,9.0,8.0,8.0,0.29999999999999716,0
78.5,78.5,0.9411764705882353,0.7343857528092822,0.13529343528845128,1.5284608402326882,0.20679071777895308,9.0,8.0,8.0,0.09999999999999432,0
78.5,78.5,0.9411764705882353,0.7343857528092822,0.13529343528845128,1.5284608402326882,0.20679071777895308,9.0,8.0,8.0,0.20000000000000284,0
78.5,78.5,0.9411764705882353,0.7343857528092822,0.13529343528845128,1.5284608402326882,0.20679071777895308,9.0,8.0,8.0,0.20000000000000284,0
78.5,78.5,0.9411764705882353,0.7343857528092822,0.13529343528845128,1.5284608402326882,0.20679071777895308,9.0,8.0,8.0,0.0,0
78.5,78.5,0.9411764705882353,0.7343857528092822,0.13529343528845128,1.5284608402326882,0.20679071777895308,9.0,8.0,8.0,-0.19999999999998863,0
78.5,78.5,0.9411764705882353,0.7343857528092822,0.13529343528845128,1.5284608402326882,0.20679071777895308,9.0,8.0,8.0,-0.29999999999999716,0
79.5,79.5,0.875,0.728421225996226,0.1413058398429287,1.037315755433084,0.14657877400377395,9.0,7.0,7.0,0.09999999999999432,0
79.5,79.5,0.875,0.728421225996226,0.1413058398429287,1.037315755433084,0.14657877400377395,9.0,7.0,7.0,0.20000000000000284,0
79.5,79.5,0.875,0.728421225996226,0.1413058398429287,1.037315755433084,0.14657877400377395,9.0,7.0,7.0,0.20000000000000284,0
79.5,79.5,0.875,0.728421225996226,0.1413058398429287,1.037315755433084,0.14657877400377395,9.0,7.0,7.0,0.0,0
79.5,79.5,0.875,0.728421225996226,0.1413058398429287,1.037315755433084,0.14657877400377395,9.0,7.0,7.0,-0.19999999999998863,0
79.5,79.5,0.875,0.728421225996226,0.1413058398429287,1.037315755433084,0.14657877400377395,9.0,7.0,7.0,-0.29999999999999716,0
79.5,79.5,0.875,0.728421225996226,0.1413058398429287,1.037315755433084,0.14657877400377395,9.0,7.0,7.0,0.10000000000000853,0
80.5,80.5,0.8571428571428571,0.7220730991230991,0.14885249589232832,0.9074067398739485,0.13506975801975796,8.0,6.0,6.0,0.20000000000000284,0
80.5,80.5,0.8571428571428571,0.7220730991230991,0.14885249589232832,0.9074067398739485,0.13506975801975796,8.0,6.0,6.0,0.0,0
80.5,80.5,0.8571428571428571,0.7220730991230991,0.14885249589232832,0.9074067398739485,0.13506975801975796,8.0,6.0,6.0,-0.19999999999998863,0
80.5,80.5,0.8571428571428571,0.7220730991230991,0.14885249589232832,0.9074067398739485,0.13506975801975796,8.0,6.0,6.0,-0.29999999999999716,0
80.5,80.5,0.8571428571428571,0.7220730991230991,0.14885249589232832,0.9074067398739485,0.13506975801975796,8.0,6.0,6.0,0.10000000000000853,0
80.5,80.5,0.8571428571428571,0.7220730991230991,0.14885249589232832,0.9074067398739485,0.13506975801975796,8.0,6.0,6.0,0.20000000000000284,0
81.5,81.5,0.6666666666666666,0.5876151848151848,0.1597219843309103,0.49493175396383626,0.07905148185148181,8.0,4.0,4.0,-0.19999999999998863,0
81.5,81.5,0.6666666666666666,0.5876151848151848,0.1597219843309103,0.49493175396383626,0.07905148185148181,8.0,4.0,4.0,-0.29999999999999716,0
81.5,81.5,0.6666666666666666,0.5876151848151848,0.1597219843309103,0.49493175396383626,0.07905148185148181,8.0,4.0,4.0,0.10000000000000853,0
81.5,81.5,0.6666666666666666,0.5876151848151848,0.1597219843309103,0.49493175396383626,0.07905148185148181,8.0,4.0,4.0,0.20000000000000284,0
82.5,82.5,0.6153846153846154,0.5946741203241203,0.14767759146912401,0.140241284100474,0.02071049506049516,9.0,4.0,4.0,-0.29999999999999716,0
82.5,82.5,0.6153846153846154,0.5946741203241203,0.14767759146912401,0.140241284100474,0.02071049506049516,9.0,4.0,4.0,0.10000000000000853,0
82.5,82.5,0.6153846153846154,0.5946741203241203,0.14767759146912401,0.140241284100474,0.02071049506049516,9.0,4.0,4.0,0.20000000000000284,0
82.5,82.5,0.6153846153846154,0.5946741203241203,0.14767759146912401,0.140241284100474,0.02071049506049516,9.0,4.0,4.0,-0.10000000000000853,0
83.5,83.5,0.6153846153846154,0.5618701687201687,0.1421955446647651,0.3763440464369708,0.05351444666444671,9.0,4.0,4.0,0.10000000000000853,0
83.5,83.5,0.6153846153846154,0.5618701687201687,0.1421955446647651,0.3763440464369708,0.05351444666444671,9.0,4.0,4.0,0.20000000000000284,0
83.5,83.5,0.6153846153846154,0.5618701687201687,0.1421955446647651,0.3763440464369708,0.05351444666444671,9.0,4.0,4.0,-0.10000000000000853,0
83.5,83.5,0.6153846153846154,0.5618701687201687,0.1421955446647651,0.3763440464369708,0.05351444666444671,9.0,4.0,4.0,0.30000000000001137,0
84.5,84.5,0.6666666666666666,0.5756843656343655,0.14699805966579452,0.618935387576902,0.0909823010323011,8.0,4.0,4.0,0.20000000000000284,0
84.5,84.5,0.6666666666666666,0.5756843656343655,0.14699805966579452,0.618935387576902,0.0909823010323011,8.0,4.0,4.0,-0.10000000000000853,0
84.5,84.5,0.6666666666666666,0.5756843656343655,0.14699805966579452,0.618935387576902,0.0909823010323011,8.0,4.0,4.0,0.30000000000001137,0
84.5,84.5,0.6666666666666666,0.5756843656343655,0.14699805966579452,0.618935387576902,0.0909823010323011,8.0,4.0,4.0,0.09999999999999432,0
85.5,85.5,0.5,0.6377618381618381,0.1533112693794196,-0.8985760715404468,-0.13776183816183807,7.0,5.0,3.0,-0.10000000000000853,0
85.5,85.5,0.5,0.6377618381618381,0.1533112693794196,-0.8985760715404468,-0.13776183816183807,7.0,5.0,3.0,0.30000000000001137,0
85.5,85.5,0.5,0.6377618381618381,0.1533112693794196,-0.8985760715404468,-0.13776183816183807,7.0,5.0,3.0,0.09999999999999432,0
86.5,86.5,0.6666666666666666,0.7277843156843158,0.13656088304580116,-0.4475487244553838,-0.061117649017649156,6.0,6.0,4.0,-0.10000000000000853,0
86.5,86.5,0.6666666666666666,0.7277843156843158,0.13656088304580116,-0.4475487244553838,-0.061117649017649156,6.0,6.0,4.0,0.30000000000001137,0
86.5,86.5,0.6666666666666666,0.7277843156843158,0.13656088304580116,-0.4475487244553838,-0.061117649017649156,6.0,6.0,4.0,0.09999999999999432,0
86.5,86.5,0.6666666666666666,0.7277843156843158,0.13656088304580116,-0.4475487244553838,-0.061117649017649156,6.0,6.0,4.0,-0.20000000000000284,0
87.5,87.5,0.5454545454545454,0.7574477135609489,0.1407804184541582,-1.5058427189959944,-0.21199316810640345,4.0,7.0,3.0,0.30000000000001137,0
87.5,87.5,0.5454545454545454,0.7574477135609489,0.1407804184541582,-1.5058427189959944,-0.21199316810640345,4.0,7.0,3.0,0.09999999999999432,0
87.5,87.5,0.5454545454545454,0.7574477135609489,0.1407804184541582,-1.5058427189959944,-0.21199316810640345,4.0,7.0,3.0,-0.20000000000000284,0
88.5,88.5,0.5454545454545454,0.7625125588463822,0.13733216144874003,-1.5805330018988664,-0.21705801339183683,3.0,8.0,3.0,0.09999999999999432,0
88.5,88.5,0.5454545454545454,0.7625125588463822,0.13733216144874003,-1.5805330018988664,-0.21705801339183683,3.0,8.0,3.0,-0.20000000000000284,0
88.5,88.5,0.5454545454545454,0.7625125588463822,0.13733216144874003,-1.5805330018988664,-0.21705801339183683,3.0,8.0,3.0,-0.10000000000000853,0
89.5,89.5,0.36363636363636365,0.7841514572029278,0.13846937159325373,-3.0368816491910167,-0.42051509356656414,3.0,8.0,2.0,-0.20000000000000284,0
89.5,89.5,0.36363636363636365,0.7841514572029278,0.13846937159325373,-3.0368816491910167,-0.42051509356656414,3.0,8.0,2.0,-0.10000000000000853,0
90.5,90.5,0.5,0.742795210508446,0.1507236714092618,-1.6108631659401478,-0.242795210508446,5.0,7.0,3.0,-0.20000000000000284,0
90.5,90.5,0.5,0.742795210508446,0.1507236714092618,-1.6108631659401478,-0.242795210508446,5.0,7.0,3.0,-0.10000000000000853,0
90.5,90.5,0.5,0.742795210508446,0.1507236714092618,-1.6108631659401478,-0.242795210508446,5.0,7.0,3.0,-0.20000000000000284,0
91.5,91.5,0.5714285714285714,0.7684609361227008,0.147144534072995,-1.339039645172183,-0.19703236469412944,6.0,8.0,4.0,-0.10000000000000853,0
91.5,91.5,0.5714285714285714,0.7684609361227008,0.147144534072995,-1.339039645172183,-0.19703236469412944,6.0,8.0,4.0,-0.20000000000000284,0
91.5,91.5,0.5714285714285714,0.7684609361227008,0.147144534072995,-1.339039645172183,-0.19703236469412944,6.0,8.0,4.0,0.0,0
91.5,91.5,0.5714285714285714,0.7684609361227008,0.147144534072995,-1.339039645172183,-0.19703236469412944,6.0,8.0,4.0,0.20000000000000284,0
92.5,92.5,0.6666666666666666,0.7220531053913407,0.15856389796381243,-0.34930043620215756,-0.05538643872467408,8.0,7.0,5.0,-0.10000000000000853,0
92.5,92.5,0.6666666666666666,0.7220531053913407,0.15856389796381243,-0.34930043620215756,-0.05538643872467408,8.0,7.0,5.0,-0.20000000000000284,0
92.5,92.5,0.6666666666666666,0.7220531053913407,0.15856389796381243,-0.34930043620215756,-0.05538643872467408,8.0,7.0,5.0,0.0,0
92.5,92.5,0.6666666666666666,0.7220531053913407,0.15856389796381243,-0.34930043620215756,-0.05538643872467408,8.0,7.0,5.0,0.20000000000000284,0
92.5,92.5,0.6666666666666666,0.7220531053913407,0.15856389796381243,-0.34930043620215756,-0.05538643872467408,8.0,7.0,5.0,0.09999999999999432,0
93.5,93.5,0.6666666666666666,0.7164292707292707,0.14844893819416816,-0.33521697539874323,-0.04976260406260402,8.0,7.0,5.0,-0.20000000000000284,0
93.5,93.5,0.6666666666666666,0.7164292707292707,0.14844893819416816,-0.33521697539874323,-0.04976260406260402,8.0,7.0,5.0,0.0,0
93.5,93.5,0.6666666666666666,0.7164292707292707,0.14844893819416816,-0.33521697539874323,-0.04976260406260402,8.0,7.0,5.0,0.20000000000000284,0
93.5,93.5,0.6666666666666666,0.7164292707292707,0.14844893819416816,-0.33521697539874323,-0.04976260406260402,8.0,7.0,5.0,0.09999999999999432,0
93.5,93.5,0.6666666666666666,0.7164292707292707,0.14844893819416816,-0.33521697539874323,-0.04976260406260402,8.0,7.0,5.0,-0.20000000000000284,0
94.5,94.5,0.875,0.7316235264735265,0.1391828958579037,1.030129978563251,0.14337647352647354,9.0,7.0,7.0,-0.20000000000000284,0
94.5,94.5,0.875,0.7316235264735265,0.1391828958579037,1.030129978563251,0.14337647352647354,9.0,7.0,7.0,0.0,0
94.5,94.5,0.875,0.7316235264735265,0.1391828958579037,1.030129978563251,0.14337647352647354,9.0,7.0,7.0,0.20000000000000284,0
94.5,94.5,0.875,0.7316235264735265,0.1391828958579037,1.030129978563251,0.14337647352647354,9.0,7.0,7.0,0.09999999999999432,0
94.5,94.5,0.875,0.7316235264735265,0.1391828958579037,1.030129978563251,0.14337647352647354,9.0,7.0,7.0,-0.20000000000000284,0
94.5,94.5,0.875,0.7316235264735265,0.1391828958579037,1.030129978563251,0.14337647352647354,9.0,7.0,7.0,0.10000000000000853,0
94.5,94.5,0.875,0.7316235264735265,0.1391828958579037,1.030129978563251,0.14337647352647354,9.0,7.0,7.0,0.10000000000000853,0
95.5,95.5,0.9411764705882353,0.7248792181674535,0.13848224654051017,1.5619132258769965,0.2162972524207818,9.0,8.0,8.0,0.0,0
95.5,95.5,0.9411764705882353,0.7248792181674535,0.13848224654051017,1.5619132258769965,0.2162972524207818,9.0,8.0,8.0,0.20000000000000284,0
95.5,95.5,0.9411764705882353,0.7248792181674535,0.13848224654051017,1.5619132258769965,0.2162972524207818,9.0,8.0,8.0,0.09999999999999432,0
95.5,95.5,0.9411764705882353,0.7248792181674535,0.13848224654051017,1.5619132258769965,0.2162972524207818,9.0,8.0,8.0,-0.20000000000000284,0
95.5,95.5,0.9411764705882353,0.7248792181674535,0.13848224654051017,1.5619132258769965,0.2162972524207818,9.0,8.0,8.0,0.10000000000000853,0
95.5,95.5,0.9411764705882353,0.7248792181674535,0.13848224654051017,1.5619132258769965,0.2162972524207818,9.0,8.0,8.0,0.10000000000000853,0
95.5,95.5,0.9411764705882353,0.7248792181674535,0.13848224654051017,1.5619132258769965,0.2162972524207818,9.0,8.0,8.0,0.20000000000000284,0
95.5,95.5,0.9411764705882353,0.7248792181674535,0.13848224654051017,1.5619132258769965,0.2162972524207818,9.0,8.0,8.0,0.09999999999999432,0
96.5,96.5,0.9333333333333333,0.7032407440598617,0.15395491699556638,1.494545245866346,0.23009258927347165,8.0,7.0,7.0,0.09999999999999432,0
96.5,96.5,0.9333333333333333,0.7032407440598617,0.15395491699556638,1.494545245866346,0.23009258927347165,8.0,7.0,7.0,-0.20000000000000284,0
96.5,96.5,0.9333333333333333,0.7032407440598617,0.15395491699556638,1.494545245866346,0.23009258927347165,8.0,7.0,7.0,0.10000000000000853,0
96.5,96.5,0.9333333333333333,0.7032407440598617,0.15395491699556638,1.494545245866346,0.23009258927347165,8.0,7.0,7.0,0.10000000000000853,0
96.5,96.5,0.9333333333333333,0.7032407440598617,0.15395491699556638,1.494545245866346,0.23009258927347165,8.0,7.0,7.0,0.20000000000000284,0
96.5,96.5,0.9333333333333333,0.7032407440598617,0.15395491699556638,1.494545245866346,0.23009258927347165,8.0,7.0,7.0,0.09999999999999432,0
96.5,96.5,0.9333333333333333,0.7032407440598617,0.15395491699556638,1.494545245866346,0.23009258927347165,8.0,7.0,7.0,0.29999999999999716,0
97.5,97.5,0.875,0.7484597025523496,0.14170333522707032,0.8929944891196657,0.12654029744765039,8.0,8.0,7.0,-0.20000000000000284,0
97.5,97.5,0.875,0.7484597025523496,0.14170333522707032,0.8929944891196657,0.12654029744765039,8.0,8.0,7.0,0.10000000000000853,0
97.5,97.5,0.875,0.7484597025523496,0.14170333522707032,0.8929944891196657,0.12654029744765039,8.0,8.0,7.0,0.10000000000000853,0
97.5,97.5,0.875,0.7484597025523496,0.14170333522707032,0.8929944891196657,0.12654029744765039,8.0,8.0,7.0,0.20000000000000284,0
97.5,97.5,0.875,0.7484597025523496,0.14170333522707032,0.8929944891196657,0.12654029744765039,8.0,8.0,7.0,0.09999999999999432,0
97.5,97.5,0.875,0.7484597025523496,0.14170333522707032,0.8929944891196657,0.12654029744765039,8.0,8.0,7.0,0.29999999999999716,0
97.5,97.5,0.875,0.7484597025523496,0.14170333522707032,0.8929944891196657,0.12654029744765039,8.0,8.0,7.0,0.0,0
98.5,98.5,0.9411764705882353,0.7640659995233525,0.13195132830526773,1.34224091064199,0.17711047106488276,8.0,9.0,8.0,0.10000000000000853,0
98.5,98.5,0.9411764705882353,0.7640659995233525,0.13195132830526773,1.34224091064199,0.17711047106488276,8.0,9.0,8.0,0.10000000000000853,0
98.5,98.5,0.9411764705882353,0.7640659995233525,0.13195132830526773,1.34224091064199,0.17711047106488276,8.0,9.0,8.0,0.20000000000000284,0
98.5,98.5,0.9411764705882353,0.7640659995233525,0.13195132830526773,1.34224091064199,0.17711047106488276,8.0,9.0,8.0,0.09999999999999432,0
98.5,98.5,0.9411764705882353,0.7640659995233525,0.13195132830526773,1.34224091064199,0.17711047106488276,8.0,9.0,8.0,0.29999999999999716,0
98.5,98.5,0.9411764705882353,0.7640659995233525,0.13195132830526773,1.34224091064199,0.17711047106488276,8.0,9.0,8.0,0.0,0
98.5,98.5,0.9411764705882353,0.7640659995233525,0.13195132830526773,1.34224091064199,0.17711047106488276,8.0,9.0,8.0,0.0,0
98.5,98.5,0.9411764705882353,0.7640659995233525,0.13195132830526773,1.34224091064199,0.17711047106488276,8.0,9.0,8.0,-0.10000000000000853,0
99.5,99.5,0.9333333333333333,0.7788699552081905,0.13416114294631,1.15132723777523,0.15446337812514288,7.0,8.0,7.0,0.20000000000000284,0
99.5,99.5,0.9333333333333333,0.7788699552081905,0.13416114294631,1.15132723777523,0.15446337812514288,7.0,8.0,7.0,0.09999999999999432,0
99.5,99.5,0.9333333333333333,0.7788699552081905,0.13416114294631,1.15132723777523,0.15446337812514288,7.0,8.0,7.0,0.29999999999999716,0
99.5,99.5,0.9333333333333333,0.7788699552081905,0.13416114294631,1.15132723777523,0.15446337812514288,7.0,8.0,7.0,0.0,0
99.5,99.5,0.9333333333333333,0.7788699552081905,0.13416114294631,1.15132723777523,0.15446337812514288,7.0,8.0,7.0,0.0,0
99.5,99.5,0.9333333333333333,0.7788699552081905,0.13416114294631,1.15132723777523,0.15446337812514288,7.0,8.0,7.0,-0.10000000000000853,0
99.5,99.5,0.9333333333333333,0.7788699552081905,0.13416114294631,1.15132723777523,0.15446337812514288,7.0,8.0,7.0,-0.19999999999998863,0
100.5,100.5,0.8571428571428571,0.754501998001998,0.1451745151300095,0.7070170618371974,0.10264085914085908,7.0,7.0,6.0,0.29999999999999716,0
100.5,100.5,0.8571428571428571,0.754501998001998,0.1451745151300095,0.7070170618371974,0.10264085914085908,7.0,7.0,6.0,0.0,0
100.5,100.5,0.8571428571428571,0.754501998001998,0.1451745151300095,0.7070170618371974,0.10264085914085908,7.0,7.0,6.0,0.0,0
100.5,100.5,0.8571428571428571,0.754501998001998,0.1451745151300095,0.7070170618371974,0.10264085914085908,7.0,7.0,6.0,-0.10000000000000853,0
100.5,100.5,0.8571428571428571,0.754501998001998,0.1451745151300095,0.7070170618371974,0.10264085914085908,7.0,7.0,6.0,-0.19999999999998863,0
100.5,100.5,0.8571428571428571,0.754501998001998,0.1451745151300095,0.7070170618371974,0.10264085914085908,7.0,7.0,6.0,-0.19999999999998863,0
101.5,101.5,0.9230769230769231,0.7209593385372797,0.14556049015889375,1.3885470179374364,0.20211758453964346,6.0,7.0,6.0,0.0,0
101.5,101.5,0.9230769230769231,0.7209593385372797,0.14556049015889375,1.3885470179374364,0.20211758453964346,6.0,7.0,6.0,0.0,0
101.5,101.5,0.9230769230769231,0.7209593385372797,0.14556049015889375,1.3885470179374364,0.20211758453964346,6.0,7.0,6.0,-0.10000000000000853,0
101.5,101.5,0.9230769230769231,0.7209593385372797,0.14556049015889375,1.3885470179374364,0.20211758453964346,6.0,7.0,6.0,-0.19999999999998863,0
101.5,101.5,0.9230769230769231,0.7209593385372797,0.14556049015889375,1.3885470179374364,0.20211758453964346,6.0,7.0,6.0,-0.19999999999998863,0
101.5,101.5,0.9230769230769231,0.7209593385372797,0.14556049015889375,1.3885470179374364,0.20211758453964346,6.0,7.0,6.0,-0.20000000000000284,0
102.5,102.5,0.8333333333333334,0.7130807414807415,0.1495810023042254,0.8039295766184,0.12025259185259185,6.0,6.0,5.0,0.0,0
102.5,102.5,0.8333333333333334,0.7130807414807415,0.1495810023042254,0.8039295766184,0.12025259185259185,6.0,6.0,5.0,-0.10000000000000853,0
102.5,102.5,0.8333333333333334,0.7130807414807415,0.1495810023042254,0.8039295766184,0.12025259185259185,6.0,6.0,5.0,-0.19999999999998863,0
102.5,102.5,0.8333333333333334,0.7130807414807415,0.1495810023042254,0.8039295766184,0.12025259185259185,6.0,6.0,5.0,-0.19999999999998863,0
102.5,102.5,0.8333333333333334,0.7130807414807415,0.1495810023042254,0.8039295766184,0.12025259185259185,6.0,6.0,5.0,-0.20000000000000284,0
103.5,103.5,0.8888888888888888,0.663419635919636,0.15469261718920402,1.4575307927816756,0.2254692529692528,4.0,5.0,4.0,-0.19999999999998863,0
103.5,103.5,0.8888888888888888,0.663419635919636,0.15469261718920402,1.4575307927816756,0.2254692529692528,4.0,5.0,4.0,-0.19999999999998863,0
103.5,103.5,0.8888888888888888,0.663419635919636,0.15469261718920402,1.4575307927816756,0.2254692529692528,4.0,5.0,4.0,-0.20000000000000284,0
103.5,103.5,0.8888888888888888,0.663419635919636,0.15469261718920402,1.4575307927816756,0.2254692529692528,4.0,5.0,4.0,-0.29999999999999716,0
104.5,104.5,0.8,0.6909398601398601,0.14233427027099751,0.7662254469882395,0.10906013986013996,4.0,6.0,4.0,-0.19999999999998863,0
104.5,104.5,0.8,0.6909398601398601,0.14233427027099751,0.7662254469882395,0.10906013986013996,4.0,6.0,4.0,-0.20000000000000284,0
104.5,104.5,0.8,0.6909398601398601,0.14233427027099751,0.7662254469882395,0.10906013986013996,4.0,6.0,4.0,-0.29999999999999716,0
104.5,104.5,0.8,0.6909398601398601,0.14233427027099751,0.7662254469882395,0.10906013986013996,4.0,6.0,4.0,0.20000000000000284,0
105.5,105.5,0.7272727272727273,0.7200154789654789,0.1349445031000728,0.053779502984767906,0.007257248307248387,4.0,7.0,4.0,-0.20000000000000284,0
105.5,105.5,0.7272727272727273,0.7200154789654789,0.1349445031000728,0.053779502984767906,0.007257248307248387,4.0,7.0,4.0,-0.29999999999999716,0
105.5,105.5,0.7272727272727273,0.7200154789654789,0.1349445031000728,0.053779502984767906,0.007257248307248387,4.0,7.0,4.0,0.20000000000000284,0
105.5,105.5,0.7272727272727273,0.7200154789654789,0.1349445031000728,0.053779502984767906,0.007257248307248387,4.0,7.0,4.0,0.0,0
106.5,106.5,0.6,0.7177014696088225,0.14442602552649336,-0.8149602481945438,-0.11770146960882255,3.0,7.0,3.0,-0.29999999999999716,0
106.5,106.5,0.6,0.7177014696088225,0.14442602552649336,-0.8149602481945438,-0.11770146960882255,3.0,7.0,3.0,0.20000000000000284,0
106.5,106.5,0.6,0.7177014696088225,0.14442602552649336,-0.8149602481945438,-0.11770146960882255,3.0,7.0,3.0,0.0,0
107.5,107.5,0.7692307692307693,0.7663980250142015,0.1336943070321644,0.0211882187016853,0.002832744216567762,5.0,8.0,5.0,-0.29999999999999716,0
107.5,107.5,0.7692307692307693,0.7663980250142015,0.1336943070321644,0.0211882187016853,0.002832744216567762,5.0,8.0,5.0,0.20000000000000284,0
107.5,107.5,0.7692307692307693,0.7663980250142015,0.1336943070321644,0.0211882187016853,0.002832744216567762,5.0,8.0,5.0,0.0,0
107.5,107.5,0.7692307692307693,0.7663980250142015,0.1336943070321644,0.0211882187016853,0.002832744216567762,5.0,8.0,5.0,-0.20000000000000284,0
107.5,107.5,0.7692307692307693,0.7663980250142015,0.1336943070321644,0.0211882187016853,0.002832744216567762,5.0,8.0,5.0,-0.30000000000001137,0
108.5,108.5,0.7692307692307693,0.7681877233877233,0.12810871678341088,0.008141880343781554,0.001043045843045931,5.0,8.0,5.0,0.20000000000000284,0
108.5,108.5,0.7692307692307693,0.7681877233877233,0.12810871678341088,0.008141880343781554,0.001043045843045931,5.0,8.0,5.0,0.0,0
108.5,108.5,0.7692307692307693,0.7681877233877233,0.12810871678341088,0.008141880343781554,0.001043045843045931,5.0,8.0,5.0,-0.20000000000000284,0
108.5,108.5,0.7692307692307693,0.7681877233877233,0.12810871678341088,0.008141880343781554,0.001043045843045931,5.0,8.0,5.0,-0.30000000000001137,0
108.5,108.5,0.7692307692307693,0.7681877233877233,0.12810871678341088,0.008141880343781554,0.001043045843045931,5.0,8.0,5.0,-0.29999999999999716,0
109.5,109.5,0.7692307692307693,0.7813422370113546,0.13089003371187322,-0.09253162702399635,-0.012111467780585361,5.0,8.0,5.0,0.0,0
109.5,109.5,0.7692307692307693,0.7813422370113546,0.13089003371187322,-0.09253162702399635,-0.012111467780585361,5.0,8.0,5.0,-0.20000000000000284,0
109.5,109.5,0.7692307692307693,0.7813422370113546,0.13089003371187322,-0.09253162702399635,-0.012111467780585361,5.0,8.0,5.0,-0.30000000000001137,0
109.5,109.5,0.7692307692307693,0.7813422370113546,0.13089003371187322,-0.09253162702399635,-0.012111467780585361,5.0,8.0,5.0,-0.29999999999999716,0
109.5,109.5,0.7692307692307693,0.7813422370113546,0.13089003371187322,-0.09253162702399635,-0.012111467780585361,5.0,8.0,5.0,0.10000000000000853,0
110.5,110.5,0.9230769230769231,0.7598626153258506,0.13253020263981186,1.2315253768580836,0.16321430775107248,6.0,7.0,6.0,-0.20000000000000284,0
110.5,110.5,0.9230769230769231,0.7598626153258506,0.13253020263981186,1.2315253768580836,0.16321430775107248,6.0,7.0,6.0,-0.30000000000001137,0
110.5,110.5,0.9230769230769231,0.7598626153258506,0.13253020263981186,1.2315253768580836,0.16321430775107248,6.0,7.0,6.0,-0.29999999999999716,0
110.5,110.5,0.9230769230769231,0.7598626153258506,0.13253020263981186,1.2315253768580836,0.16321430775107248,6.0,7.0,6.0,0.10000000000000853,0
110.5,110.5,0.9230769230769231,0.7598626153258506,0.13253020263981186,1.2315253768580836,0.16321430775107248,6.0,7.0,6.0,0.19999999999998863,0
110.5,110.5,0.9230769230769231,0.7598626153258506,0.13253020263981186,1.2315253768580836,0.16321430775107248,6.0,7.0,6.0,0.20000000000000284,0
111.5,111.5,1.0,0.7019947552447552,0.14766890738956473,2.018063585783014,0.2980052447552448,6.0,6.0,6.0,-0.20000000000000284,1
111.5,111.5,1.0,0.7019947552447552,0.14766890738956473,2.018063585783014,0.2980052447552448,6.0,6.0,6.0,-0.30000000000001137,1
111.5,111.5,1.0,0.7019947552447552,0.14766890738956473,2.018063585783014,0.2980052447552448,6.0,6.0,6.0,-0.29999999999999716,1
111.5,111.5,1.0,0.7019947552447552,0.14766890738956473,2.018063585783014,0.2980052447552448,6.0,6.0,6.0,0.10000000000000853,1
111.5,111.5,1.0,0.7019947552447552,0.14766890738956473,2.018063585783014,0.2980052447552448,6.0,6.0,6.0,0.19999999999998863,1
111.5,111.5,1.0,0.7019947552447552,0.14766890738956473,2.018063585783014,0.2980052447552448,6.0,6.0,6.0,0.20000000000000284,1
112.5,112.5,0.8888888888888888,0.5693404206904207,0.16784806198264787,1.9037959951631915,0.31954846819846816,5.0,4.0,4.0,-0.29999999999999716,1
112.5,112.5,0.8888888888888888,0.5693404206904207,0.16784806198264787,1.9037959951631915,0.31954846819846816,5.0,4.0,4.0,0.10000000000000853,1
112.5,112.5,0.8888888888888888,0.5693404206904207,0.16784806198264787,1.9037959951631915,0.31954846819846816,5.0,4.0,4.0,0.19999999999998863,1
112.5,112.5,0.8888888888888888,0.5693404206904207,0.16784806198264787,1.9037959951631915,0.31954846819846816,5.0,4.0,4.0,0.20000000000000284,1
113.5,113.5,0.8888888888888888,0.5540125763125763,0.15868439493380093,2.110329202288696,0.33487631257631256,5.0,4.0,4.0,0.10000000000000853,1
113.5,113.5,0.8888888888888888,0.5540125763125763,0.15868439493380093,2.110329202288696,0.33487631257631256,5.0,4.0,4.0,0.19999999999998863,1
113.5,113.5,0.8888888888888888,0.5540125763125763,0.15868439493380093,2.110329202288696,0.33487631257631256,5.0,4.0,4.0,0.20000000000000284,1
113.5,113.5,0.8888888888888888,0.5540125763125763,0.15868439493380093,2.110329202288696,0.33487631257631256,5.0,4.0,4.0,0.30000000000001137,1
114.5,114.5,0.5,0.5281854811854811,0.14757961248109305,-0.1909849247577614,-0.028185481185481143,4.0,4.0,2.0,0.20000000000000284,1
114.5,114.5,0.5,0.5281854811854811,0.14757961248109305,-0.1909849247577614,-0.028185481185481143,4.0,4.0,2.0,0.30000000000001137,1
115.5,115.5,0.75,0.566925652125652,0.17579598753148473,1.0414023121065814,0.18307434787434795,4.0,4.0,3.0,0.30000000000001137,0
115.5,115.5,0.75,0.566925652125652,0.17579598753148473,1.0414023121065814,0.18307434787434795,4.0,4.0,3.0,0.09999999999999432,0
115.5,115.5,0.75,0.566925652125652,0.17579598753148473,1.0414023121065814,0.18307434787434795,4.0,4.0,3.0,-0.09999999999999432,0
116.5,116.5,0.7272727272727273,0.6437478465978467,0.1674497455515823,0.49880565897397006,0.08352488067488062,6.0,5.0,4.0,0.30000000000001137,0
116.5,116.5,0.7272727272727273,0.6437478465978467,0.1674497455515823,0.49880565897397006,0.08352488067488062,6.0,5.0,4.0,0.09999999999999432,0
116.5,116.5,0.7272727272727273,0.6437478465978467,0.1674497455515823,0.49880565897397006,0.08352488067488062,6.0,5.0,4.0,-0.09999999999999432,0
116.5,116.5,0.7272727272727273,0.6437478465978467,0.1674497455515823,0.49880565897397006,0.08352488067488062,6.0,5.0,4.0,-0.10000000000000853,0
117.5,117.5,0.9230769230769231,0.7609765291897646,0.14519802084806968,1.1164091145345223,0.16210039388715858,6.0,7.0,6.0,0.30000000000001137,0
117.5,117.5,0.9230769230769231,0.7609765291897646,0.14519802084806968,1.1164091145345223,0.16210039388715858,6.0,7.0,6.0,0.09999999999999432,0
117.5,117.5,0.9230769230769231,0.7609765291897646,0.14519802084806968,1.1164091145345223,0.16210039388715858,6.0,7.0,6.0,-0.09999999999999432,0
117.5,117.5,0.9230769230769231,0.7609765291897646,0.14519802084806968,1.1164091145345223,0.16210039388715858,6.0,7.0,6.0,-0.10000000000000853,0
117.5,117.5,0.9230769230769231,0.7609765291897646,0.14519802084806968,1.1164091145345223,0.16210039388715858,6.0,7.0,6.0,-0.19999999999998863,0
117.5,117.5,0.9230769230769231,0.7609765291897646,0.14519802084806968,1.1164091145345223,0.16210039388715858,6.0,7.0,6.0,-0.10000000000000853,0
118.5,118.5,0.8571428571428571,0.7608416190019132,0.1427086026794035,0.6748103221029061,0.09630123814094393,7.0,7.0,6.0,0.09999999999999432,0
118.5,118.5,0.8571428571428571,0.7608416190019132,0.1427086026794035,0.6748103221029061,0.09630123814094393,7.0,7.0,6.0,-0.09999999999999432,0
118.5,118.5,0.8571428571428571,0.7608416190019132,0.1427086026794035,0.6748103221029061,0.09630123814094393,7.0,7.0,6.0,-0.10000000000000853,0
118.5,118.5,0.8571428571428571,0.7608416190019132,0.1427086026794035,0.6748103221029061,0.09630123814094393,7.0,7.0,6.0,-0.19999999999998863,0
118.5,118.5,0.8571428571428571,0.7608416190019132,0.1427086026794035,0.6748103221029061,0.09630123814094393,7.0,7.0,6.0,-0.10000000000000853,0
118.5,118.5,0.8571428571428571,0.7608416190019132,0.1427086026794035,0.6748103221029061,0.09630123814094393,7.0,7.0,6.0,-0.29999999999999716,0
119.5,119.5,0.875,0.7655747582482877,0.1359341026375459,0.80498741396398,0.10942524175171231,8.0,8.0,7.0,0.09999999999999432,0
119.5,119.5,0.875,0.7655747582482877,0.1359341026375459,0.80498741396398,0.10942524175171231,8.0,8.0,7.0,-0.09999999999999432,0
119.5,119.5,0.875,0.7655747582482877,0.1359341026375459,0.80498741396398,0.10942524175171231,8.0,8.0,7.0,-0.10000000000000853,0
119.5,119.5,0.875,0.7655747582482877,0.1359341026375459,0.80498741396398,0.10942524175171231,8.0,8.0,7.0,-0.19999999999998863,0
119.5,119.5,0.875,0.7655747582482877,0.1359341026375459,0.80498741396398,0.10942524175171231,8.0,8.0,7.0,-0.10000000000000853,0
119.5,119.5,0.875,0.7655747582482877,0.1359341026375459,0.80498741396398,0.10942524175171231,8.0,8.0,7.0,-0.29999999999999716,0
119.5,119.5,0.875,0.7655747582482877,0.1359341026375459,0.80498741396398,0.10942524175171231,8.0,8.0,7.0,0.20000000000000284,0
120.5,120.5,0.8571428571428571,0.7664325979575979,0.14254418814675382,0.6363658902169346,0.09071025918525921,7.0,7.0,6.0,-0.10000000000000853,0
120.5,120.5,0.8571428571428571,0.7664325979575979,0.14254418814675382,0.6363658902169346,0.09071025918525921,7.0,7.0,6.0,-0.19999999999998863,0
120.5,120.5,0.8571428571428571,0.7664325979575979,0.14254418814675382,0.6363658902169346,0.09071025918525921,7.0,7.0,6.0,-0.10000000000000853,0
120.5,120.5,0.8571428571428571,0.7664325979575979,0.14254418814675382,0.6363658902169346,0.09071025918525921,7.0,7.0,6.0,-0.29999999999999716,0
120.5,120.5,0.8571428571428571,0.7664325979575979,0.14254418814675382,0.6363658902169346,0.09071025918525921,7.0,7.0,6.0,0.20000000000000284,0
120.5,120.5,0.8571428571428571,0.7664325979575979,0.14254418814675382,0.6363658902169346,0.09071025918525921,7.0,7.0,6.0,0.09999999999999432,0
121.5,121.5,0.6153846153846154,0.7688313000724766,0.13607446010777594,-1.1276670476320523,-0.15344668468786116,5.0,8.0,4.0,-0.10000000000000853,0
121.5,121.5,0.6153846153846154,0.7688313000724766,0.13607446010777594,-1.1276670476320523,-0.15344668468786116,5.0,8.0,4.0,-0.29999999999999716,0
121.5,121.5,0.6153846153846154,0.7688313000724766,0.13607446010777594,-1.1276670476320523,-0.15344668468786116,5.0,8.0,4.0,0.20000000000000284,0
121.5,121.5,0.6153846153846154,0.7688313000724766,0.13607446010777594,-1.1276670476320523,-0.15344668468786116,5.0,8.0,4.0,0.09999999999999432,0
122.5,122.5,0.6153846153846154,0.7636572980940628,0.13236354162289887,-1.12019277280955,-0.14827268270944738,5.0,8.0,4.0,-0.29999999999999716,0
122.5,122.5,0.6153846153846154,0.7636572980940628,0.13236354162289887,-1.12019277280955,-0.14827268270944738,5.0,8.0,4.0,0.20000000000000284,0
122.5,122.5,0.6153846153846154,0.7636572980940628,0.13236354162289887,-1.12019277280955,-0.14827268270944738,5.0,8.0,4.0,0.09999999999999432,0
122.5,122.5,0.6153846153846154,0.7636572980940628,0.13236354162289887,-1.12019277280955,-0.14827268270944738,5.0,8.0,4.0,-0.09999999999999432,0
123.5,123.5,0.5454545454545454,0.7827754977049094,0.1350892521332868,-1.7567715306929788,-0.23732095225036398,3.0,8.0,3.0,0.20000000000000284,0
123.5,123.5,0.5454545454545454,0.7827754977049094,0.1350892521332868,-1.7567715306929788,-0.23732095225036398,3.0,8.0,3.0,0.09999999999999432,0
123.5,123.5,0.5454545454545454,0.7827754977049094,0.1350892521332868,-1.7567715306929788,-0.23732095225036398,3.0,8.0,3.0,-0.09999999999999432,0
124.5,124.5,0.5454545454545454,0.7726060398751575,0.13728444326721526,-1.654604768134409,-0.2271514944206121,3.0,8.0,3.0,0.09999999999999432,0
124.5,124.5,0.5454545454545454,0.7726060398751575,0.13728444326721526,-1.654604768134409,-0.2271514944206121,3.0,8.0,3.0,-0.09999999999999432,0
124.5,124.5,0.5454545454545454,0.7726060398751575,0.13728444326721526,-1.654604768134409,-0.2271514944206121,3.0,8.0,3.0,-0.10000000000000853,0
125.5,125.5,0.5,0.7583225669755081,0.14336813190790207,-1.8018130217491528,-0.25832256697550815,4.0,8.0,3.0,-0.09999999999999432,0
125.5,125.5,0.5,0.7583225669755081,0.14336813190790207,-1.8018130217491528,-0.25832256697550815,4.0,8.0,3.0,-0.10000000000000853,0
125.5,125.5,0.5,0.7583225669755081,0.14336813190790207,-1.8018130217491528,-0.25832256697550815,4.0,8.0,3.0,-0.10000000000000853,0
126.5,126.5,0.5,0.7184927405927406,0.15144605201497383,-1.4427100454961856,-0.2184927405927406,6.0,6.0,3.0,-0.09999999999999432,0
126.5,126.5,0.5,0.7184927405927406,0.15144605201497383,-1.4427100454961856,-0.2184927405927406,6.0,6.0,3.0,-0.10000000000000853,0
126.5,126.5,0.5,0.7184927405927406,0.15144605201497383,-1.4427100454961856,-0.2184927405927406,6.0,6.0,3.0,-0.10000000000000853,0
127.5,127.5,0.5714285714285714,0.7160561193708251,0.13121576628618203,-1.102211662787691,-0.14462754794225374,7.0,7.0,4.0,-0.10000000000000853,0
127.5,127.5,0.5714285714285714,0.7160561193708251,0.13121576628618203,-1.102211662787691,-0.14462754794225374,7.0,7.0,4.0,-0.10000000000000853,0
127.5,127.5,0.5714285714285714,0.7160561193708251,0.13121576628618203,-1.102211662787691,-0.14462754794225374,7.0,7.0,4.0,0.09999999999999432,0
127.5,127.5,0.5714285714285714,0.7160561193708251,0.13121576628618203,-1.102211662787691,-0.14462754794225374,7.0,7.0,4.0,0.19999999999998863,0
128.5,128.5,0.7142857142857143,0.7253398379398379,0.13503280896730688,-0.0818625024441279,-0.011054123654123615,8.0,6.0,5.0,-0.10000000000000853,0
128.5,128.5,0.7142857142857143,0.7253398379398379,0.13503280896730688,-0.0818625024441279,-0.011054123654123615,8.0,6.0,5.0,-0.10000000000000853,0
128.5,128.5,0.7142857142857143,0.7253398379398379,0.13503280896730688,-0.0818625024441279,-0.011054123654123615,8.0,6.0,5.0,0.09999999999999432,0
128.5,128.5,0.7142857142857143,0.7253398379398379,0.13503280896730688,-0.0818625024441279,-0.011054123654123615,8.0,6.0,5.0,0.19999999999998863,0
128.5,128.5,0.7142857142857143,0.7253398379398379,0.13503280896730688,-0.0818625024441279,-0.011054123654123615,8.0,6.0,5.0,-0.09999999999999432,0
129.5,129.5,0.7692307692307693,0.6128258685758685,0.15361299937213416,1.0181749024768607,0.15640490065490076,8.0,5.0,5.0,-0.10000000000000853,0
129.5,129.5,0.7692307692307693,0.6128258685758685,0.15361299937213416,1.0181749024768607,0.15640490065490076,8.0,5.0,5.0,0.09999999999999432,0
129.5,129.5,0.7692307692307693,0.6128258685758685,0.15361299937213416,1.0181749024768607,0.15640490065490076,8.0,5.0,5.0,0.19999999999998863,0
129.5,129.5,0.7692307692307693,0.6128258685758685,0.15361299937213416,1.0181749024768607,0.15640490065490076,8.0,5.0,5.0,-0.09999999999999432,0
129.5,129.5,0.7692307692307693,0.6128258685758685,0.15361299937213416,1.0181749024768607,0.15640490065490076,8.0,5.0,5.0,-0.30000000000001137,0
130.5,130.5,0.7692307692307693,0.6665722222222222,0.13986027038740426,0.7340079260835779,0.10265854700854704,8.0,5.0,5.0,0.09999999999999432,0
130.5,130.5,0.7692307692307693,0.6665722222222222,0.13986027038740426,0.7340079260835779,0.10265854700854704,8.0,5.0,5.0,0.19999999999998863,0
130.5,130.5,0.7692307692307693,0.6665722222222222,0.13986027038740426,0.7340079260835779,0.10265854700854704,8.0,5.0,5.0,-0.09999999999999432,0
130.5,130.5,0.7692307692307693,0.6665722222222222,0.13986027038740426,0.7340079260835779,0.10265854700854704,8.0,5.0,5.0,-0.30000000000001137,0
130.5,130.5,0.7692307692307693,0.6665722222222222,0.13986027038740426,0.7340079260835779,0.10265854700854704,8.0,5.0,5.0,0.20000000000001705,0
131.5,131.5,0.9230769230769231,0.7094346653346654,0.1361884037915267,1.5687257636802558,0.21364225774225776,7.0,6.0,6.0,0.09999999999999432,0
131.5,131.5,0.9230769230769231,0.7094346653346654,0.1361884037915267,1.5687257636802558,0.21364225774225776,7.0,6.0,6.0,0.19999999999998863,0
131.5,131.5,0.9230769230769231,0.7094346653346654,0.1361884037915267,1.5687257636802558,0.21364225774225776,7.0,6.0,6.0,-0.09999999999999432,0
131.5,131.5,0.9230769230769231,0.7094346653346654,0.1361884037915267,1.5687257636802558,0.21364225774225776,7.0,6.0,6.0,-0.30000000000001137,0
131.5,131.5,0.9230769230769231,0.7094346653346654,0.1361884037915267,1.5687257636802558,0.21364225774225776,7.0,6.0,6.0,0.20000000000001705,0
131.5,131.5,0.9230769230769231,0.7094346653346654,0.1361884037915267,1.5687257636802558,0.21364225774225776,7.0,6.0,6.0,0.30000000000001137,0
132.5,132.5,0.7692307692307693,0.7086367021867023,0.13975630283027943,0.43356947641676424,0.060594067044067,7.0,6.0,5.0,-0.09999999999999432,0
132.5,132.5,0.7692307692307693,0.7086367021867023,0.13975630283027943,0.43356947641676424,0.060594067044067,7.0,6.0,5.0,-0.30000000000001137,0
132.5,132.5,0.7692307692307693,0.7086367021867023,0.13975630283027943,0.43356947641676424,0.060594067044067,7.0,6.0,5.0,0.20000000000001705,0
132.5,132.5,0.7692307692307693,0.7086367021867023,0.13975630283027943,0.43356947641676424,0.060594067044067,7.0,6.0,5.0,0.30000000000001137,0
132.5,132.5,0.7692307692307693,0.7086367021867023,0.13975630283027943,0.43356947641676424,0.060594067044067,7.0,6.0,5.0,-0.09999999999999432,0
133.5,133.5,0.7692307692307693,0.7338669497169497,0.13881697413886354,0.25475140726265894,0.035363819513819617,7.0,6.0,5.0,-0.30000000000001137,0
133.5,133.5,0.7692307692307693,0.7338669497169497,0.13881697413886354,0.25475140726265894,0.035363819513819617,7.0,6.0,5.0,0.20000000000001705,0
133.5,133.5,0.7692307692307693,0.7338669497169497,0.13881697413886354,0.25475140726265894,0.035363819513819617,7.0,6.0,5.0,0.30000000000001137,0
133.5,133.5,0.7692307692307693,0.7338669497169497,0.13881697413886354,0.25475140726265894,0.035363819513819617,7.0,6.0,5.0,-0.09999999999999432,0
133.5,133.5,0.7692307692307693,0.7338669497169497,0.13881697413886354,0.25475140726265894,0.035363819513819617,7.0,6.0,5.0,-0.19999999999998863,0
134.5,134.5,0.9333333333333333,0.7762285808962278,0.13095863023463225,1.199651769078743,0.15710475243710553,7.0,8.0,7.0,0.19999999999998863,0
134.5,134.5,0.9333333333333333,0.7762285808962278,0.13095863023463225,1.199651769078743,0.15710475243710553,7.0,8.0,7.0,0.20000000000001705,0
134.5,134.5,0.9333333333333333,0.7762285808962278,0.13095863023463225,1.199651769078743,0.15710475243710553,7.0,8.0,7.0,0.30000000000001137,0
134.5,134.5,0.9333333333333333,0.7762285808962278,0.13095863023463225,1.199651769078743,0.15710475243710553,7.0,8.0,7.0,-0.09999999999999432,0
134.5,134.5,0.9333333333333333,0.7762285808962278,0.13095863023463225,1.199651769078743,0.15710475243710553,7.0,8.0,7.0,-0.19999999999998863,0
134.5,134.5,0.9333333333333333,0.7762285808962278,0.13095863023463225,1.199651769078743,0.15710475243710553,7.0,8.0,7.0,-0.19999999999998863,0
134.5,134.5,0.9333333333333333,0.7762285808962278,0.13095863023463225,1.199651769078743,0.15710475243710553,7.0,8.0,7.0,-0.09999999999999432,0
135.5,135.5,0.8571428571428571,0.7612848649716296,0.13755897996478683,0.6968501234580671,0.09585799217122748,6.0,8.0,6.0,0.30000000000001137,0
135.5,135.5,0.8571428571428571,0.7612848649716296,0.13755897996478683,0.6968501234580671,0.09585799217122748,6.0,8.0,6.0,-0.09999999999999432,0
135.5,135.5,0.8571428571428571,0.7612848649716296,0.13755897996478683,0.6968501234580671,0.09585799217122748,6.0,8.0,6.0,-0.19999999999998863,0
135.5,135.5,0.8571428571428571,0.7612848649716296,0.13755897996478683,0.6968501234580671,0.09585799217122748,6.0,8.0,6.0,-0.19999999999998863,0
135.5,135.5,0.8571428571428571,0.7612848649716296,0.13755897996478683,0.6968501234580671,0.09585799217122748,6.0,8.0,6.0,-0.09999999999999432,0
135.5,135.5,0.8571428571428571,0.7612848649716296,0.13755897996478683,0.6968501234580671,0.09585799217122748,6.0,8.0,6.0,0.09999999999999432,0
136.5,136.5,0.9333333333333333,0.7815489290121643,0.13758511871027948,1.1032036439986634,0.15178440432116902,7.0,8.0,7.0,-0.09999999999999432,0
136.5,136.5,0.9333333333333333,0.7815489290121643,0.13758511871027948,1.1032036439986634,0.15178440432116902,7.0,8.0,7.0,-0.19999999999998863,0
136.5,136.5,0.9333333333333333,0.7815489290121643,0.13758511871027948,1.1032036439986634,0.15178440432116902,7.0,8.0,7.0,-0.19999999999998863,0
136.5,136.5,0.9333333333333333,0.7815489290121643,0.13758511871027948,1.1032036439986634,0.15178440432116902,7.0,8.0,7.0,-0.09999999999999432,0
136.5,136.5,0.9333333333333333,0.7815489290121643,0.13758511871027948,1.1032036439986634,0.15178440432116902,7.0,8.0,7.0,0.09999999999999432,0
136.5,136.5,0.9333333333333333,0.7815489290121643,0.13758511871027948,1.1032036439986634,0.15178440432116902,7.0,8.0,7.0,0.09999999999999432,0
136.5,136.5,0.9333333333333333,0.7815489290121643,0.13758511871027948,1.1032036439986634,0.15178440432116902,7.0,8.0,7.0,0.09999999999999432,0
137.5,137.5,1.0,0.7377474027606381,0.15167667790979916,1.7290238740284205,0.2622525972393619,7.0,7.0,7.0,-0.19999999999998863,0
137.5,137.5,1.0,0.7377474027606381,0.15167667790979916,1.7290238740284205,0.2622525972393619,7.0,7.0,7.0,-0.19999999999998863,0
137.5,137.5,1.0,0.7377474027606381,0.15167667790979916,1.7290238740284205,0.2622525972393619,7.0,7.0,7.0,-0.09999999999999432,0
137.5,137.5,1.0,0.7377474027606381,0.15167667790979916,1.7290238740284205,0.2622525972393619,7.0,7.0,7.0,0.09999999999999432,0
137.5,137.5,1.0,0.7377474027606381,0.15167667790979916,1.7290238740284205,0.2622525972393619,7.0,7.0,7.0,0.09999999999999432,0
137.5,137.5,1.0,0.7377474027606381,0.15167667790979916,1.7290238740284205,0.2622525972393619,7.0,7.0,7.0,0.09999999999999432,0
137.5,137.5,1.0,0.7377474027606381,0.15167667790979916,1.7290238740284205,0.2622525972393619,7.0,7.0,7.0,0.0,0
138.5,138.5,0.9333333333333333,0.7302100402865109,0.1483509915789122,1.3692075185003076,0.20312329304682242,8.0,7.0,7.0,-0.19999999999998863,0
138.5,138.5,0.9333333333333333,0.7302100402865109,0.1483509915789122,1.3692075185003076,0.20312329304682242,8.0,7.0,7.0,-0.09999999999999432,0
138.5,138.5,0.9333333333333333,0.7302100402865109,0.1483509915789122,1.3692075185003076,0.20312329304682242,8.0,7.0,7.0,0.09999999999999432,0
138.5,138.5,0.9333333333333333,0.7302100402865109,0.1483509915789122,1.3692075185003076,0.20312329304682242,8.0,7.0,7.0,0.09999999999999432,0
138.5,138.5,0.9333333333333333,0.7302100402865109,0.1483509915789122,1.3692075185003076,0.20312329304682242,8.0,7.0,7.0,0.09999999999999432,0
138.5,138.5,0.9333333333333333,0.7302100402865109,0.1483509915789122,1.3692075185003076,0.20312329304682242,8.0,7.0,7.0,0.0,0
138.5,138.5,0.9333333333333333,0.7302100402865109,0.1483509915789122,1.3692075185003076,0.20312329304682242,8.0,7.0,7.0,-0.30000000000001137,0
139.5,139.5,0.9090909090909091,0.6487683316683317,0.1654308216923172,1.5736038469708395,0.26032257742257736,6.0,5.0,5.0,0.09999999999999432,0
139.5,139.5,0.9090909090909091,0.6487683316683317,0.1654308216923172,1.5736038469708395,0.26032257742257736,6.0,5.0,5.0,0.09999999999999432,0
139.5,139.5,0.9090909090909091,0.6487683316683317,0.1654308216923172,1.5736038469708395,0.26032257742257736,6.0,5.0,5.0,0.09999999999999432,0
139.5,139.5,0.9090909090909091,0.6487683316683317,0.1654308216923172,1.5736038469708395,0.26032257742257736,6.0,5.0,5.0,0.0,0
139.5,139.5,0.9090909090909091,0.6487683316683317,0.1654308216923172,1.5736038469708395,0.26032257742257736,6.0,5.0,5.0,-0.30000000000001137,0
140.5,140.5,0.7272727272727273,0.6044068542568543,0.15348160869909316,0.800525053504987,0.12286587301587304,6.0,5.0,4.0,0.09999999999999432,0
140.5,140.5,0.7272727272727273,0.6044068542568543,0.15348160869909316,0.800525053504987,0.12286587301587304,6.0,5.0,4.0,0.09999999999999432,0
140.5,140.5,0.7272727272727273,0.6044068542568543,0.15348160869909316,0.800525053504987,0.12286587301587304,6.0,5.0,4.0,0.0,0
140.5,140.5,0.7272727272727273,0.6044068542568543,0.15348160869909316,0.800525053504987,0.12286587301587304,6.0,5.0,4.0,-0.30000000000001137,0
141.5,141.5,0.75,0.595253391053391,0.14745157548820945,1.0494740963889047,0.15474660894660897,4.0,4.0,3.0,0.0,0
141.5,141.5,0.75,0.595253391053391,0.14745157548820945,1.0494740963889047,0.15474660894660897,4.0,4.0,3.0,-0.30000000000001137,0
141.5,141.5,0.75,0.595253391053391,0.14745157548820945,1.0494740963889047,0.15474660894660897,4.0,4.0,3.0,-0.30000000000001137,0
142.5,142.5,0.5,0.5965176712176713,0.14325345468486658,-0.673754580159996,-0.0965176712176713,4.0,4.0,2.0,-0.30000000000001137,0
142.5,142.5,0.5,0.5965176712176713,0.14325345468486658,-0.673754580159996,-0.0965176712176713,4.0,4.0,2.0,-0.30000000000001137,0
143.5,143.5,0.5,0.6208665334665334,0.14896076918187692,-0.8113984247688649,-0.12086653346653342,3.0,5.0,2.0,-0.30000000000001137,0
143.5,143.5,0.5,0.6208665334665334,0.14896076918187692,-0.8113984247688649,-0.12086653346653342,3.0,5.0,2.0,-0.20000000000001705,0
144.5,144.5,0.4444444444444444,0.7078407037407037,0.13775140765415111,-1.912113014173775,-0.2633962592962593,3.0,6.0,2.0,-0.30000000000001137,0
144.5,144.5,0.4444444444444444,0.7078407037407037,0.13775140765415111,-1.912113014173775,-0.2633962592962593,3.0,6.0,2.0,-0.20000000000001705,0
145.5,145.5,0.6,0.7014289654789654,0.14673068573987,-0.6912593979066023,-0.1014289654789654,4.0,6.0,3.0,-0.30000000000001137,0
145.5,145.5,0.6,0.7014289654789654,0.14673068573987,-0.6912593979066023,-0.1014289654789654,4.0,6.0,3.0,-0.20000000000001705,0
145.5,145.5,0.6,0.7014289654789654,0.14673068573987,-0.6912593979066023,-0.1014289654789654,4.0,6.0,3.0,0.09999999999999432,0
146.5,146.5,0.5454545454545454,0.7471106034488388,0.14474874345847005,-1.3931454821378169,-0.20165605799429343,4.0,7.0,3.0,-0.20000000000001705,0
146.5,146.5,0.5454545454545454,0.7471106034488388,0.14474874345847005,-1.3931454821378169,-0.20165605799429343,4.0,7.0,3.0,0.09999999999999432,0
146.5,146.5,0.5454545454545454,0.7471106034488388,0.14474874345847005,-1.3931454821378169,-0.20165605799429343,4.0,7.0,3.0,-0.19999999999998863,0
147.5,147.5,0.7142857142857143,0.7621557168321874,0.14104783470530832,-0.3393884255400876,-0.04787000254647311,6.0,8.0,5.0,-0.20000000000001705,0
147.5,147.5,0.7142857142857143,0.7621557168321874,0.14104783470530832,-0.3393884255400876,-0.04787000254647311,6.0,8.0,5.0,0.09999999999999432,0
147.5,147.5,0.7142857142857143,0.7621557168321874,0.14104783470530832,-0.3393884255400876,-0.04787000254647311,6.0,8.0,5.0,-0.19999999999998863,0
147.5,147.5,0.7142857142857143,0.7621557168321874,0.14104783470530832,-0.3393884255400876,-0.04787000254647311,6.0,8.0,5.0,-0.30000000000001137,0
147.5,147.5,0.7142857142857143,0.7621557168321874,0.14104783470530832,-0.3393884255400876,-0.04787000254647311,6.0,8.0,5.0,0.0,0
148.5,148.5,0.7692307692307693,0.753013031576267,0.14746482091918534,0.1099769935189495,0.016217737654502296,6.0,7.0,5.0,0.09999999999999432,0
148.5,148.5,0.7692307692307693,0.753013031576267,0.14746482091918534,0.1099769935189495,0.016217737654502296,6.0,7.0,5.0,-0.19999999999998863,0
148.5,148.5,0.7692307692307693,0.753013031576267,0.14746482091918534,0.1099769935189495,0.016217737654502296,6.0,7.0,5.0,-0.30000000000001137,0
148.5,148.5,0.7692307692307693,0.753013031576267,0.14746482091918534,0.1099769935189495,0.016217737654502296,6.0,7.0,5.0,0.0,0
148.5,148.5,0.7692307692307693,0.753013031576267,0.14746482091918534,0.1099769935189495,0.016217737654502296,6.0,7.0,5.0,-0.10000000000002274,0
149.5,149.5,0.8,0.7763304646334059,0.13853159912197488,0.1708601901415536,0.023669535366594108,8.0,7.0,6.0,0.09999999999999432,0
149.5,149.5,0.8,0.7763304646334059,0.13853159912197488,0.1708601901415536,0.023669535366594108,8.0,7.0,6.0,-0.19999999999998863,0
149.5,149.5,0.8,0.7763304646334059,0.13853159912197488,0.1708601901415536,0.023669535366594108,8.0,7.0,6.0,-0.30000000000001137,0
149.5,149.5,0.8,0.7763304646334059,0.13853159912197488,0.1708601901415536,0.023669535366594108,8.0,7.0,6.0,0.0,0
149.5,149.5,0.8,0.7763304646334059,0.13853159912197488,0.1708601901415536,0.023669535366594108,8.0,7.0,6.0,-0.10000000000002274,0
149.5,149.5,0.8,0.7763304646334059,0.13853159912197488,0.1708601901415536,0.023669535366594108,8.0,7.0,6.0,-0.30000000000001137,0
150.5,150.5,0.75,0.7584710327254445,0.14065301702573837,-0.06022645588821135,-0.008471032725444472,8.0,8.0,6.0,-0.19999999999998863,0
150.5,150.5,0.75,0.7584710327254445,0.14065301702573837,-0.06022645588821135,-0.008471032725444472,8.0,8.0,6.0,-0.30000000000001137,0
150.5,150.5,0.75,0.7584710327254445,0.14065301702573837,-0.06022645588821135,-0.008471032725444472,8.0,8.0,6.0,0.0,0
150.5,150.5,0.75,0.7584710327254445,0.14065301702573837,-0.06022645588821135,-0.008471032725444472,8.0,8.0,6.0,-0.10000000000002274,0
150.5,150.5,0.75,0.7584710327254445,0.14065301702573837,-0.06022645588821135,-0.008471032725444472,8.0,8.0,6.0,-0.30000000000001137,0
150.5,150.5,0.75,0.7584710327254445,0.14065301702573837,-0.06022645588821135,-0.008471032725444472,8.0,8.0,6.0,-0.19999999999998863,0
151.5,151.5,0.875,0.7799668028050383,0.1366033143831868,0.6956873456846261,0.09503319719496173,9.0,7.0,7.0,-0.30000000000001137,0
151.5,151.5,0.875,0.7799668028050383,0.1366033143831868,0.6956873456846261,0.09503319719496173,9.0,7.0,7.0,0.0,0
151.5,151.5,0.875,0.7799668028050383,0.1366033143831868,0.6956873456846261,0.09503319719496173,9.0,7.0,7.0,-0.10000000000002274,0
151.5,151.5,0.875,0.7799668028050383,0.1366033143831868,0.6956873456846261,0.09503319719496173,9.0,7.0,7.0,-0.30000000000001137,0
151.5,151.5,0.875,0.7799668028050383,0.1366033143831868,0.6956873456846261,0.09503319719496173,9.0,7.0,7.0,-0.19999999999998863,0
151.5,151.5,0.875,0.7799668028050383,0.1366033143831868,0.6956873456846261,0.09503319719496173,9.0,7.0,7.0,0.29999999999998295,0
151.5,151.5,0.875,0.7799668028050383,0.1366033143831868,0.6956873456846261,0.09503319719496173,9.0,7.0,7.0,0.20000000000001705,0
152.5,152.5,0.8571428571428571,0.6870688311688311,0.157790712245417,1.0778456067141922,0.170074025974026,8.0,6.0,6.0,0.0,0
152.5,152.5,0.8571428571428571,0.6870688311688311,0.157790712245417,1.0778456067141922,0.170074025974026,8.0,6.0,6.0,-0.10000000000002274,0
152.5,152.5,0.8571428571428571,0.6870688311688311,0.157790712245417,1.0778456067141922,0.170074025974026,8.0,6.0,6.0,-0.30000000000001137,0
152.5,152.5,0.8571428571428571,0.6870688311688311,0.157790712245417,1.0778456067141922,0.170074025974026,8.0,6.0,6.0,-0.19999999999998863,0
152.5,152.5,0.8571428571428571,0.6870688311688311,0.157790712245417,1.0778456067141922,0.170074025974026,8.0,6.0,6.0,0.29999999999998295,0
152.5,152.5,0.8571428571428571,0.6870688311688311,0.157790712245417,1.0778456067141922,0.170074025974026,8.0,6.0,6.0,0.20000000000001705,0
153.5,153.5,0.6666666666666666,0.5777271672771673,0.16734796733697985,0.5314644737238217,0.0889394993894993,8.0,4.0,4.0,-0.30000000000001137,0
153.5,153.5,0.6666666666666666,0.5777271672771673,0.16734796733697985,0.5314644737238217,0.0889394993894993,8.0,4.0,4.0,-0.19999999999998863,0
153.5,153.5,0.6666666666666666,0.5777271672771673,0.16734796733697985,0.5314644737238217,0.0889394993894993,8.0,4.0,4.0,0.29999999999998295,0
153.5,153.5,0.6666666666666666,0.5777271672771673,0.16734796733697985,0.5314644737238217,0.0889394993894993,8.0,4.0,4.0,0.20000000000001705,0
154.5,154.5,0.6,0.45485310245310245,0.17741048146141802,0.8181416134562661,0.14514689754689752,7.0,3.0,3.0,0.30000000000001137,0
154.5,154.5,0.6,0.45485310245310245,0.17741048146141802,0.8181416134562661,0.14514689754689752,7.0,3.0,3.0,0.29999999999998295,0
154.5,154.5,0.6,0.45485310245310245,0.17741048146141802,0.8181416134562661,0.14514689754689752,7.0,3.0,3.0,0.20000000000001705,0
155.5,155.5,0.25,0.21515238095238096,0.1431141960701502,0.24349519477814632,0.034847619047619044,7.0,1.0,1.0,0.20000000000001705,0
156.5,156.5,0.25,0.2155063492063492,0.14360490503708745,0.2401982772436809,0.0344936507936508,7.0,1.0,1.0,0.10000000000002274,0
157.5,157.5,0.4,0.4284588689088689,0.16670575619604955,-0.17071317486722326,-0.028458868908868895,7.0,3.0,2.0,0.10000000000002274,0
157.5,157.5,0.4,0.4284588689088689,0.16670575619604955,-0.17071317486722326,-0.028458868908868895,7.0,3.0,2.0,-0.09999999999999432,0
158.5,158.5,0.5454545454545454,0.5608433954933956,0.1590994607863809,-0.09672471523654251,-0.015388850038850155,6.0,5.0,3.0,0.10000000000002274,0
158.5,158.5,0.5454545454545454,0.5608433954933956,0.1590994607863809,-0.09672471523654251,-0.015388850038850155,6.0,5.0,3.0,-0.09999999999999432,0
158.5,158.5,0.5454545454545454,0.5608433954933956,0.1590994607863809,-0.09672471523654251,-0.015388850038850155,6.0,5.0,3.0,0.09999999999999432,0
159.5,159.5,0.5454545454545454,0.651449506049506,0.15086400937313948,-0.7025861306177935,-0.10599496059496061,5.0,6.0,3.0,0.10000000000002274,0
159.5,159.5,0.5454545454545454,0.651449506049506,0.15086400937313948,-0.7025861306177935,-0.10599496059496061,5.0,6.0,3.0,-0.09999999999999432,0
159.5,159.5,0.5454545454545454,0.651449506049506,0.15086400937313948,-0.7025861306177935,-0.10599496059496061,5.0,6.0,3.0,0.09999999999999432,0
160.5,160.5,0.6153846153846154,0.747896637186343,0.1317497305510169,-1.005785903679063,-0.1325120218017276,5.0,8.0,4.0,0.10000000000002274,0
160.5,160.5,0.6153846153846154,0.747896637186343,0.1317497305510169,-1.005785903679063,-0.1325120218017276,5.0,8.0,4.0,-0.09999999999999432,0
160.5,160.5,0.6153846153846154,0.747896637186343,0.1317497305510169,-1.005785903679063,-0.1325120218017276,5.0,8.0,4.0,0.09999999999999432,0
160.5,160.5,0.6153846153846154,0.747896637186343,0.1317497305510169,-1.005785903679063,-0.1325120218017276,5.0,8.0,4.0,-0.30000000000001137,0
161.5,161.5,0.6153846153846154,0.7777997066658832,0.12821450825147232,-1.2667450314025026,-0.16241509128126774,5.0,8.0,4.0,-0.09999999999999432,0
161.5,161.5,0.6153846153846154,0.7777997066658832,0.12821450825147232,-1.2667450314025026,-0.16241509128126774,5.0,8.0,4.0,0.09999999999999432,0
161.5,161.5,0.6153846153846154,0.7777997066658832,0.12821450825147232,-1.2667450314025026,-0.16241509128126774,5.0,8.0,4.0,-0.30000000000001137,0
161.5,161.5,0.6153846153846154,0.7777997066658832,0.12821450825147232,-1.2667450314025026,-0.16241509128126774,5.0,8.0,4.0,-0.29999999999998295,0
162.5,162.5,0.6,0.6931191308691309,0.14765585409387041,-0.6306497730183565,-0.09311913086913093,4.0,6.0,3.0,0.09999999999999432,0
162.5,162.5,0.6,0.6931191308691309,0.14765585409387041,-0.6306497730183565,-0.09311913086913093,4.0,6.0,3.0,-0.30000000000001137,0
162.5,162.5,0.6,0.6931191308691309,0.14765585409387041,-0.6306497730183565,-0.09311913086913093,4.0,6.0,3.0,-0.29999999999998295,0
163.5,163.5,0.6,0.6600791874791875,0.14935466695901473,-0.40225852129330636,-0.0600791874791875,5.0,5.0,3.0,-0.30000000000001137,0
163.5,163.5,0.6,0.6600791874791875,0.14935466695901473,-0.40225852129330636,-0.0600791874791875,5.0,5.0,3.0,-0.29999999999998295,0
163.5,163.5,0.6,0.6600791874791875,0.14935466695901473,-0.40225852129330636,-0.0600791874791875,5.0,5.0,3.0,-0.20000000000001705,0
164.5,164.5,0.7272727272727273,0.6507083860583861,0.14654095989866567,0.5224774101881555,0.07656434121434119,6.0,5.0,4.0,-0.30000000000001137,0
164.5,164.5,0.7272727272727273,0.6507083860583861,0.14654095989866567,0.5224774101881555,0.07656434121434119,6.0,5.0,4.0,-0.29999999999998295,0
164.5,164.5,0.7272727272727273,0.6507083860583861,0.14654095989866567,0.5224774101881555,0.07656434121434119,6.0,5.0,4.0,-0.20000000000001705,0
164.5,164.5,0.7272727272727273,0.6507083860583861,0.14654095989866567,0.5224774101881555,0.07656434121434119,6.0,5.0,4.0,0.09999999999999432,0
165.5,165.5,0.8333333333333334,0.6409246697746698,0.14562110065595815,1.3212965888318955,0.1924086635586636,7.0,5.0,5.0,-0.29999999999998295,0
165.5,165.5,0.8333333333333334,0.6409246697746698,0.14562110065595815,1.3212965888318955,0.1924086635586636,7.0,5.0,5.0,-0.20000000000001705,0
165.5,165.5,0.8333333333333334,0.6409246697746698,0.14562110065595815,1.3212965888318955,0.1924086635586636,7.0,5.0,5.0,0.09999999999999432,0
165.5,165.5,0.8333333333333334,0.6409246697746698,0.14562110065595815,1.3212965888318955,0.1924086635586636,7.0,5.0,5.0,0.0,0
165.5,165.5,0.8333333333333334,0.6409246697746698,0.14562110065595815,1.3212965888318955,0.1924086635586636,7.0,5.0,5.0,0.0,0
166.5,166.5,0.8333333333333334,0.6471081751581752,0.14780324252265903,1.2599531309105676,0.18622515817515817,6.0,6.0,5.0,-0.20000000000001705,0
166.5,166.5,0.8333333333333334,0.6471081751581752,0.14780324252265903,1.2599531309105676,0.18622515817515817,6.0,6.0,5.0,0.09999999999999432,0
166.5,166.5,0.8333333333333334,0.6471081751581752,0.14780324252265903,1.2599531309105676,0.18622515817515817,6.0,6.0,5.0,0.0,0
166.5,166.5,0.8333333333333334,0.6471081751581752,0.14780324252265903,1.2599531309105676,0.18622515817515817,6.0,6.0,5.0,0.0,0
166.5,166.5,0.8333333333333334,0.6471081751581752,0.14780324252265903,1.2599531309105676,0.18622515817515817,6.0,6.0,5.0,-0.09999999999999432,0
167.5,167.5,0.9333333333333333,0.750962556887557,0.13779172387856445,1.3235248918614253,0.18237077644577637,8.0,7.0,7.0,-0.20000000000001705,0
167.5,167.5,0.9333333333333333,0.750962556887557,0.13779172387856445,1.3235248918614253,0.18237077644577637,8.0,7.0,7.0,0.09999999999999432,0
167.5,167.5,0.9333333333333333,0.750962556887557,0.13779172387856445,1.3235248918614253,0.18237077644577637,8.0,7.0,7.0,0.0,0
167.5,167.5,0.9333333333333333,0.750962556887557,0.13779172387856445,1.3235248918614253,0.18237077644577637,8.0,7.0,7.0,0.0,0
167.5,167.5,0.9333333333333333,0.750962556887557,0.13779172387856445,1.3235248918614253,0.18237077644577637,8.0,7.0,7.0,-0.09999999999999432,0
167.5,167.5,0.9333333333333333,0.750962556887557,0.13779172387856445,1.3235248918614253,0.18237077644577637,8.0,7.0,7.0,0.19999999999998863,0
167.5,167.5,0.9333333333333333,0.750962556887557,0.13779172387856445,1.3235248918614253,0.18237077644577637,8.0,7.0,7.0,0.30000000000001137,0
168.5,168.5,1.0,0.751123920687156,0.14426369754348298,1.7251469603975,0.24887607931284395,7.0,7.0,7.0,0.09999999999999432,0
168.5,168.5,1.0,0.751123920687156,0.14426369754348298,1.7251469603975,0.24887607931284395,7.0,7.0,7.0,0.0,0
168.5,168.5,1.0,0.751123920687156,0.14426369754348298,1.7251469603975,0.24887607931284395,7.0,7.0,7.0,0.0,0
168.5,168.5,1.0,0.751123920687156,0.14426369754348298,1.7251469603975,0.24887607931284395,7.0,7.0,7.0,-0.09999999999999432,0
168.5,168.5,1.0,0.751123920687156,0.14426369754348298,1.7251469603975,0.24887607931284395,7.0,7.0,7.0,0.19999999999998863,0
168.5,168.5,1.0,0.751123920687156,0.14426369754348298,1.7251469603975,0.24887607931284395,7.0,7.0,7.0,0.30000000000001137,0
168.5,168.5,1.0,0.751123920687156,0.14426369754348298,1.7251469603975,0.24887607931284395,7.0,7.0,7.0,0.19999999999998863,0
169.5,169.5,0.9333333333333333,0.7738956376956376,0.13496366914519464,1.181337886317923,0.15943769563769572,7.0,8.0,7.0,0.0,0
169.5,169.5,0.9333333333333333,0.7738956376956376,0.13496366914519464,1.181337886317923,0.15943769563769572,7.0,8.0,7.0,0.0,0
169.5,169.5,0.9333333333333333,0.7738956376956376,0.13496366914519464,1.181337886317923,0.15943769563769572,7.0,8.0,7.0,-0.09999999999999432,0
169.5,169.5,0.9333333333333333,0.7738956376956376,0.13496366914519464,1.181337886317923,0.15943769563769572,7.0,8.0,7.0,0.19999999999998863,0
169.5,169.5,0.9333333333333333,0.7738956376956376,0.13496366914519464,1.181337886317923,0.15943769563769572,7.0,8.0,7.0,0.30000000000001137,0
169.5,169.5,0.9333333333333333,0.7738956376956376,0.13496366914519464,1.181337886317923,0.15943769563769572,7.0,8.0,7.0,0.19999999999998863,0
169.5,169.5,0.9333333333333333,0.7738956376956376,0.13496366914519464,1.181337886317923,0.15943769563769572,7.0,8.0,7.0,-0.09999999999999432,0
170.5,170.5,0.7692307692307693,0.7347117746632452,0.14974146438751468,0.23052395479579815,0.03451899456752405,6.0,7.0,5.0,-0.09999999999999432,0
170.5,170.5,0.7692307692307693,0.7347117746632452,0.14974146438751468,0.23052395479579815,0.03451899456752405,6.0,7.0,5.0,0.19999999999998863,0
170.5,170.5,0.7692307692307693,0.7347117746632452,0.14974146438751468,0.23052395479579815,0.03451899456752405,6.0,7.0,5.0,0.30000000000001137,0
170.5,170.5,0.7692307692307693,0.7347117746632452,0.14974146438751468,0.23052395479579815,0.03451899456752405,6.0,7.0,5.0,0.19999999999998863,0
170.5,170.5,0.7692307692307693,0.7347117746632452,0.14974146438751468,0.23052395479579815,0.03451899456752405,6.0,7.0,5.0,-0.09999999999999432,0
171.5,171.5,0.7692307692307693,0.7508862299465241,0.14408358605722982,0.1273187306495741,0.018344539284245176,5.0,8.0,5.0,0.19999999999998863,0
171.5,171.5,0.7692307692307693,0.7508862299465241,0.14408358605722982,0.1273187306495741,0.018344539284245176,5.0,8.0,5.0,0.30000000000001137,0
171.5,171.5,0.7692307692307693,0.7508862299465241,0.14408358605722982,0.1273187306495741,0.018344539284245176,5.0,8.0,5.0,0.19999999999998863,0
171.5,171.5,0.7692307692307693,0.7508862299465241,0.14408358605722982,0.1273187306495741,0.018344539284245176,5.0,8.0,5.0,-0.09999999999999432,0
171.5,171.5,0.7692307692307693,0.7508862299465241,0.14408358605722982,0.1273187306495741,0.018344539284245176,5.0,8.0,5.0,-0.09999999999999432,0
172.5,172.5,0.7272727272727273,0.7542325013222072,0.14688506918950303,-0.1835433253920308,-0.026959774049479912,4.0,7.0,4.0,0.19999999999998863,0
172.5,172.5,0.7272727272727273,0.7542325013222072,0.14688506918950303,-0.1835433253920308,-0.026959774049479912,4.0,7.0,4.0,-0.09999999999999432,0
172.5,172.5,0.7272727272727273,0.7542325013222072,0.14688506918950303,-0.1835433253920308,-0.026959774049479912,4.0,7.0,4.0,-0.09999999999999432,0
172.5,172.5,0.7272727272727273,0.7542325013222072,0.14688506918950303,-0.1835433253920308,-0.026959774049479912,4.0,7.0,4.0,0.30000000000001137,0
173.5,173.5,0.6,0.7310668387168386,0.14726095403542652,-0.8900311666139821,-0.13106683871683866,3.0,7.0,3.0,-0.09999999999999432,0
173.5,173.5,0.6,0.7310668387168386,0.14726095403542652,-0.8900311666139821,-0.13106683871683866,3.0,7.0,3.0,-0.09999999999999432,0
173.5,173.5,0.6,0.7310668387168386,0.14726095403542652,-0.8900311666139821,-0.13106683871683866,3.0,7.0,3.0,0.30000000000001137,0
174.5,174.5,0.4444444444444444,0.7202661005661005,0.1521939033470188,-1.8123042385788113,-0.2758216561216561,3.0,6.0,2.0,-0.09999999999999432,0
174.5,174.5,0.4444444444444444,0.7202661005661005,0.1521939033470188,-1.8123042385788113,-0.2758216561216561,3.0,6.0,2.0,0.30000000000001137,0
175.5,175.5,0.6,0.6782597347097347,0.15377996080237172,-0.5089072353862097,-0.07825973470973469,4.0,6.0,3.0,-0.09999999999999432,0
175.5,175.5,0.6,0.6782597347097347,0.15377996080237172,-0.5089072353862097,-0.07825973470973469,4.0,6.0,3.0,0.30000000000001137,0
175.5,175.5,0.6,0.6782597347097347,0.15377996080237172,-0.5089072353862097,-0.07825973470973469,4.0,6.0,3.0,0.0,0
176.5,176.5,0.6666666666666666,0.6575810966810967,0.1481119367488325,0.06134259118478236,0.009085569985569975,4.0,5.0,3.0,0.30000000000001137,0
176.5,176.5,0.6666666666666666,0.6575810966810967,0.1481119367488325,0.06134259118478236,0.009085569985569975,4.0,5.0,3.0,0.0,0
176.5,176.5,0.6666666666666666,0.6575810966810967,0.1481119367488325,0.06134259118478236,0.009085569985569975,4.0,5.0,3.0,0.0,0
