t_center,t_center_abs,S,S_null_mean,S_null_sd,z_S_t,S_excess,nA,nB,nM,dt,episode
6.5,6.5,0.8181818181818182,0.7083556285711118,0.17679052721717864,0.6212221397800928,0.10982618961070645,10.0,12.0,9.0,0.09999999999999964,0
6.5,6.5,0.8181818181818182,0.7083556285711118,0.17679052721717864,0.6212221397800928,0.10982618961070645,10.0,12.0,9.0,-0.10000000000000053,0
6.5,6.5,0.8181818181818182,0.7083556285711118,0.17679052721717864,0.6212221397800928,0.10982618961070645,10.0,12.0,9.0,-0.09999999999999964,0
6.5,6.5,0.8181818181818182,0.7083556285711118,0.17679052721717864,0.6212221397800928,0.10982618961070645,10.0,12.0,9.0,-0.20000000000000018,0
6.5,6.5,0.8181818181818182,0.7083556285711118,0.17679052721717864,0.6212221397800928,0.10982618961070645,10.0,12.0,9.0,-0.20000000000000018,0
6.5,6.5,0.8181818181818182,0.7083556285711118,0.17679052721717864,0.6212221397800928,0.10982618961070645,10.0,12.0,9.0,-0.10000000000000053,0
6.5,6.5,0.8181818181818182,0.7083556285711118,0.17679052721717864,0.6212221397800928,0.10982618961070645,10.0,12.0,9.0,0.0,0
6.5,6.5,0.8181818181818182,0.7083556285711118,0.17679052721717864,0.6212221397800928,0.10982618961070645,10.0,12.0,9.0,0.0,0
6.5,6.5,0.8181818181818182,0.7083556285711118,0.17679052721717864,0.6212221397800928,0.10982618961070645,10.0,12.0,9.0,0.0,0
7.5,7.5,0.9,0.694313658142683,0.17884399217282917,1.150088070381186,0.20568634185731705,10.0,10.0,9.0,-0.10000000000000053,0
7.5,7.5,0.9,0.694313658142683,0.17884399217282917,1.150088070381186,0.20568634185731705,10.0,10.0,9.0,-0.09999999999999964,0
7.5,7.5,0.9,0.694313658142683,0.17884399217282917,1.150088070381186,0.20568634185731705,10.0,10.0,9.0,-0.20000000000000018,0
7.5,7.5,0.9,0.694313658142683,0.17884399217282917,1.150088070381186,0.20568634185731705,10.0,10.0,9.0,-0.20000000000000018,0
7.5,7.5,0.9,0.694313658142683,0.17884399217282917,1.150088070381186,0.20568634185731705,10.0,10.0,9.0,-0.10000000000000053,0
7.5,7.5,0.9,0.694313658142683,0.17884399217282917,1.150088070381186,0.20568634185731705,10.0,10.0,9.0,0.0,0
7.5,7.5,0.9,0.694313658142683,0.17884399217282917,1.150088070381186,0.20568634185731705,10.0,10.0,9.0,0.0,0
7.5,7.5,0.9,0.694313658142683,0.17884399217282917,1.150088070381186,0.20568634185731705,10.0,10.0,9.0,0.0,0
7.5,7.5,0.9,0.694313658142683,0.17884399217282917,1.150088070381186,0.20568634185731705,10.0,10.0,9.0,-0.29999999999999893,0
8.5,8.5,0.8571428571428571,0.6930120413668233,0.17405781395986294,0.9429672362418717,0.16413081577603383,10.0,11.0,9.0,-0.20000000000000018,0
8.5,8.5,0.8571428571428571,0.6930120413668233,0.17405781395986294,0.9429672362418717,0.16413081577603383,10.0,11.0,9.0,-0.20000000000000018,0
8.5,8.5,0.8571428571428571,0.6930120413668233,0.17405781395986294,0.9429672362418717,0.16413081577603383,10.0,11.0,9.0,-0.10000000000000053,0
8.5,8.5,0.8571428571428571,0.6930120413668233,0.17405781395986294,0.9429672362418717,0.16413081577603383,10.0,11.0,9.0,0.0,0
8.5,8.5,0.8571428571428571,0.6930120413668233,0.17405781395986294,0.9429672362418717,0.16413081577603383,10.0,11.0,9.0,0.0,0
8.5,8.5,0.8571428571428571,0.6930120413668233,0.17405781395986294,0.9429672362418717,0.16413081577603383,10.0,11.0,9.0,0.0,0
8.5,8.5,0.8571428571428571,0.6930120413668233,0.17405781395986294,0.9429672362418717,0.16413081577603383,10.0,11.0,9.0,-0.29999999999999893,0
8.5,8.5,0.8571428571428571,0.6930120413668233,0.17405781395986294,0.9429672362418717,0.16413081577603383,10.0,11.0,9.0,0.0,0
8.5,8.5,0.8571428571428571,0.6930120413668233,0.17405781395986294,0.9429672362418717,0.16413081577603383,10.0,11.0,9.0,-0.20000000000000107,0
9.5,9.5,0.7619047619047619,0.6885134729526169,0.17103790657019424,0.42909370457025015,0.07339128895214497,10.0,11.0,8.0,-0.10000000000000053,0
9.5,9.5,0.7619047619047619,0.6885134729526169,0.17103790657019424,0.42909370457025015,0.07339128895214497,10.0,11.0,8.0,0.0,0
9.5,9.5,0.7619047619047619,0.6885134729526169,0.17103790657019424,0.42909370457025015,0.07339128895214497,10.0,11.0,8.0,0.0,0
9.5,9.5,0.7619047619047619,0.6885134729526169,0.17103790657019424,0.42909370457025015,0.07339128895214497,10.0,11.0,8.0,0.0,0
9.5,9.5,0.7619047619047619,0.6885134729526169,0.17103790657019424,0.42909370457025015,0.07339128895214497,10.0,11.0,8.0,-0.29999999999999893,0
9.5,9.5,0.7619047619047619,0.6885134729526169,0.17103790657019424,0.42909370457025015,0.07339128895214497,10.0,11.0,8.0,0.0,0
9.5,9.5,0.7619047619047619,0.6885134729526169,0.17103790657019424,0.42909370457025015,0.07339128895214497,10.0,11.0,8.0,-0.20000000000000107,0
9.5,9.5,0.7619047619047619,0.6885134729526169,0.17103790657019424,0.42909370457025015,0.07339128895214497,10.0,11.0,8.0,-0.09999999999999964,0
10.5,10.5,0.6666666666666666,0.7285168252456178,0.17498772053384917,-0.35345427890745634,-0.06185015857895115,8.0,10.0,6.0,0.0,0
10.5,10.5,0.6666666666666666,0.7285168252456178,0.17498772053384917,-0.35345427890745634,-0.06185015857895115,8.0,10.0,6.0,0.0,0
10.5,10.5,0.6666666666666666,0.7285168252456178,0.17498772053384917,-0.35345427890745634,-0.06185015857895115,8.0,10.0,6.0,-0.29999999999999893,0
10.5,10.5,0.6666666666666666,0.7285168252456178,0.17498772053384917,-0.35345427890745634,-0.06185015857895115,8.0,10.0,6.0,0.0,0
10.5,10.5,0.6666666666666666,0.7285168252456178,0.17498772053384917,-0.35345427890745634,-0.06185015857895115,8.0,10.0,6.0,-0.20000000000000107,0
10.5,10.5,0.6666666666666666,0.7285168252456178,0.17498772053384917,-0.35345427890745634,-0.06185015857895115,8.0,10.0,6.0,-0.09999999999999964,0
11.5,11.5,0.625,0.7181270421443023,0.1812804918418381,-0.5137179472436171,-0.09312704214430234,7.0,9.0,5.0,-0.29999999999999893,0
11.5,11.5,0.625,0.7181270421443023,0.1812804918418381,-0.5137179472436171,-0.09312704214430234,7.0,9.0,5.0,0.0,0
11.5,11.5,0.625,0.7181270421443023,0.1812804918418381,-0.5137179472436171,-0.09312704214430234,7.0,9.0,5.0,-0.20000000000000107,0
11.5,11.5,0.625,0.7181270421443023,0.1812804918418381,-0.5137179472436171,-0.09312704214430234,7.0,9.0,5.0,-0.09999999999999964,0
11.5,11.5,0.625,0.7181270421443023,0.1812804918418381,-0.5137179472436171,-0.09312704214430234,7.0,9.0,5.0,0.1999999999999993,0
12.5,12.5,0.625,0.7112757476957168,0.17468485210852272,-0.4938936985910953,-0.08627574769571678,7.0,9.0,5.0,0.0,0
12.5,12.5,0.625,0.7112757476957168,0.17468485210852272,-0.4938936985910953,-0.08627574769571678,7.0,9.0,5.0,-0.20000000000000107,0
12.5,12.5,0.625,0.7112757476957168,0.17468485210852272,-0.4938936985910953,-0.08627574769571678,7.0,9.0,5.0,-0.09999999999999964,0
12.5,12.5,0.625,0.7112757476957168,0.17468485210852272,-0.4938936985910953,-0.08627574769571678,7.0,9.0,5.0,0.1999999999999993,0
12.5,12.5,0.625,0.7112757476957168,0.17468485210852272,-0.4938936985910953,-0.08627574769571678,7.0,9.0,5.0,0.10000000000000142,0
13.5,13.5,0.5714285714285714,0.6764957537560479,0.16770908341093718,-0.6264847448365727,-0.10506718232747647,7.0,7.0,4.0,-0.09999999999999964,0
13.5,13.5,0.5714285714285714,0.6764957537560479,0.16770908341093718,-0.6264847448365727,-0.10506718232747647,7.0,7.0,4.0,0.1999999999999993,0
13.5,13.5,0.5714285714285714,0.6764957537560479,0.16770908341093718,-0.6264847448365727,-0.10506718232747647,7.0,7.0,4.0,0.10000000000000142,0
13.5,13.5,0.5714285714285714,0.6764957537560479,0.16770908341093718,-0.6264847448365727,-0.10506718232747647,7.0,7.0,4.0,0.0,0
14.5,14.5,0.625,0.6716628005379552,0.1471132960162722,-0.3171895525527065,-0.04666280053795524,7.0,9.0,5.0,0.1999999999999993,0
14.5,14.5,0.625,0.6716628005379552,0.1471132960162722,-0.3171895525527065,-0.04666280053795524,7.0,9.0,5.0,0.10000000000000142,0
14.5,14.5,0.625,0.6716628005379552,0.1471132960162722,-0.3171895525527065,-0.04666280053795524,7.0,9.0,5.0,0.0,0
14.5,14.5,0.625,0.6716628005379552,0.1471132960162722,-0.3171895525527065,-0.04666280053795524,7.0,9.0,5.0,0.09999999999999787,0
14.5,14.5,0.625,0.6716628005379552,0.1471132960162722,-0.3171895525527065,-0.04666280053795524,7.0,9.0,5.0,0.0,0
15.5,15.5,0.8235294117647058,0.677503187481593,0.1674994894137593,0.8718010114191875,0.14602622428311285,9.0,8.0,7.0,0.1999999999999993,0
15.5,15.5,0.8235294117647058,0.677503187481593,0.1674994894137593,0.8718010114191875,0.14602622428311285,9.0,8.0,7.0,0.10000000000000142,0
15.5,15.5,0.8235294117647058,0.677503187481593,0.1674994894137593,0.8718010114191875,0.14602622428311285,9.0,8.0,7.0,0.0,0
15.5,15.5,0.8235294117647058,0.677503187481593,0.1674994894137593,0.8718010114191875,0.14602622428311285,9.0,8.0,7.0,0.09999999999999787,0
15.5,15.5,0.8235294117647058,0.677503187481593,0.1674994894137593,0.8718010114191875,0.14602622428311285,9.0,8.0,7.0,0.0,0
15.5,15.5,0.8235294117647058,0.677503187481593,0.1674994894137593,0.8718010114191875,0.14602622428311285,9.0,8.0,7.0,-0.1999999999999993,0
15.5,15.5,0.8235294117647058,0.677503187481593,0.1674994894137593,0.8718010114191875,0.14602622428311285,9.0,8.0,7.0,0.0,0
16.5,16.5,0.7368421052631579,0.69122091625265,0.1862130412406662,0.24499459708380952,0.04562118901050782,10.0,9.0,7.0,0.10000000000000142,0
16.5,16.5,0.7368421052631579,0.69122091625265,0.1862130412406662,0.24499459708380952,0.04562118901050782,10.0,9.0,7.0,0.0,0
16.5,16.5,0.7368421052631579,0.69122091625265,0.1862130412406662,0.24499459708380952,0.04562118901050782,10.0,9.0,7.0,0.09999999999999787,0
16.5,16.5,0.7368421052631579,0.69122091625265,0.1862130412406662,0.24499459708380952,0.04562118901050782,10.0,9.0,7.0,0.0,0
16.5,16.5,0.7368421052631579,0.69122091625265,0.1862130412406662,0.24499459708380952,0.04562118901050782,10.0,9.0,7.0,-0.1999999999999993,0
16.5,16.5,0.7368421052631579,0.69122091625265,0.1862130412406662,0.24499459708380952,0.04562118901050782,10.0,9.0,7.0,0.0,0
16.5,16.5,0.7368421052631579,0.69122091625265,0.1862130412406662,0.24499459708380952,0.04562118901050782,10.0,9.0,7.0,0.1999999999999993,0
17.5,17.5,0.8421052631578947,0.7028763554728725,0.1859955439873101,0.7485604477412713,0.13922890768502216,10.0,9.0,8.0,0.0,0
17.5,17.5,0.8421052631578947,0.7028763554728725,0.1859955439873101,0.7485604477412713,0.13922890768502216,10.0,9.0,8.0,0.09999999999999787,0
17.5,17.5,0.8421052631578947,0.7028763554728725,0.1859955439873101,0.7485604477412713,0.13922890768502216,10.0,9.0,8.0,0.0,0
17.5,17.5,0.8421052631578947,0.7028763554728725,0.1859955439873101,0.7485604477412713,0.13922890768502216,10.0,9.0,8.0,-0.1999999999999993,0
17.5,17.5,0.8421052631578947,0.7028763554728725,0.1859955439873101,0.7485604477412713,0.13922890768502216,10.0,9.0,8.0,0.0,0
17.5,17.5,0.8421052631578947,0.7028763554728725,0.1859955439873101,0.7485604477412713,0.13922890768502216,10.0,9.0,8.0,0.1999999999999993,0
17.5,17.5,0.8421052631578947,0.7028763554728725,0.1859955439873101,0.7485604477412713,0.13922890768502216,10.0,9.0,8.0,0.1999999999999993,0
17.5,17.5,0.8421052631578947,0.7028763554728725,0.1859955439873101,0.7485604477412713,0.13922890768502216,10.0,9.0,8.0,-0.3000000000000007,0
18.5,18.5,0.9,0.7216632983030042,0.17190229214214653,1.037430621050292,0.17833670169699578,10.0,10.0,9.0,0.09999999999999787,0
18.5,18.5,0.9,0.7216632983030042,0.17190229214214653,1.037430621050292,0.17833670169699578,10.0,10.0,9.0,0.0,0
18.5,18.5,0.9,0.7216632983030042,0.17190229214214653,1.037430621050292,0.17833670169699578,10.0,10.0,9.0,-0.1999999999999993,0
18.5,18.5,0.9,0.7216632983030042,0.17190229214214653,1.037430621050292,0.17833670169699578,10.0,10.0,9.0,0.0,0
18.5,18.5,0.9,0.7216632983030042,0.17190229214214653,1.037430621050292,0.17833670169699578,10.0,10.0,9.0,0.1999999999999993,0
18.5,18.5,0.9,0.7216632983030042,0.17190229214214653,1.037430621050292,0.17833670169699578,10.0,10.0,9.0,0.1999999999999993,0
18.5,18.5,0.9,0.7216632983030042,0.17190229214214653,1.037430621050292,0.17833670169699578,10.0,10.0,9.0,-0.3000000000000007,0
18.5,18.5,0.9,0.7216632983030042,0.17190229214214653,1.037430621050292,0.17833670169699578,10.0,10.0,9.0,-0.1999999999999993,0
18.5,18.5,0.9,0.7216632983030042,0.17190229214214653,1.037430621050292,0.17833670169699578,10.0,10.0,9.0,-0.09999999999999787,0
19.5,19.5,0.7777777777777778,0.7142185093458313,0.15877176309045918,0.4003184646613391,0.06355926843194648,8.0,10.0,7.0,-0.1999999999999993,0
19.5,19.5,0.7777777777777778,0.7142185093458313,0.15877176309045918,0.4003184646613391,0.06355926843194648,8.0,10.0,7.0,0.0,0
19.5,19.5,0.7777777777777778,0.7142185093458313,0.15877176309045918,0.4003184646613391,0.06355926843194648,8.0,10.0,7.0,0.1999999999999993,0
19.5,19.5,0.7777777777777778,0.7142185093458313,0.15877176309045918,0.4003184646613391,0.06355926843194648,8.0,10.0,7.0,0.1999999999999993,0
19.5,19.5,0.7777777777777778,0.7142185093458313,0.15877176309045918,0.4003184646613391,0.06355926843194648,8.0,10.0,7.0,-0.3000000000000007,0
19.5,19.5,0.7777777777777778,0.7142185093458313,0.15877176309045918,0.4003184646613391,0.06355926843194648,8.0,10.0,7.0,-0.1999999999999993,0
19.5,19.5,0.7777777777777778,0.7142185093458313,0.15877176309045918,0.4003184646613391,0.06355926843194648,8.0,10.0,7.0,-0.09999999999999787,0
20.5,20.5,0.75,0.700983727375136,0.16691053800870037,0.29366793259218266,0.049016272624863966,8.0,8.0,6.0,0.1999999999999993,0
20.5,20.5,0.75,0.700983727375136,0.16691053800870037,0.29366793259218266,0.049016272624863966,8.0,8.0,6.0,0.1999999999999993,0
20.5,20.5,0.75,0.700983727375136,0.16691053800870037,0.29366793259218266,0.049016272624863966,8.0,8.0,6.0,-0.3000000000000007,0
20.5,20.5,0.75,0.700983727375136,0.16691053800870037,0.29366793259218266,0.049016272624863966,8.0,8.0,6.0,-0.1999999999999993,0
20.5,20.5,0.75,0.700983727375136,0.16691053800870037,0.29366793259218266,0.049016272624863966,8.0,8.0,6.0,-0.09999999999999787,0
20.5,20.5,0.75,0.700983727375136,0.16691053800870037,0.29366793259218266,0.049016272624863966,8.0,8.0,6.0,0.09999999999999787,0
21.5,21.5,0.875,0.72168773907551,0.17127122946684945,0.8951431095679996,0.15331226092449002,7.0,9.0,7.0,0.1999999999999993,0
21.5,21.5,0.875,0.72168773907551,0.17127122946684945,0.8951431095679996,0.15331226092449002,7.0,9.0,7.0,-0.3000000000000007,0
21.5,21.5,0.875,0.72168773907551,0.17127122946684945,0.8951431095679996,0.15331226092449002,7.0,9.0,7.0,-0.1999999999999993,0
21.5,21.5,0.875,0.72168773907551,0.17127122946684945,0.8951431095679996,0.15331226092449002,7.0,9.0,7.0,-0.09999999999999787,0
21.5,21.5,0.875,0.72168773907551,0.17127122946684945,0.8951431095679996,0.15331226092449002,7.0,9.0,7.0,0.09999999999999787,0
21.5,21.5,0.875,0.72168773907551,0.17127122946684945,0.8951431095679996,0.15331226092449002,7.0,9.0,7.0,-0.3000000000000007,0
21.5,21.5,0.875,0.72168773907551,0.17127122946684945,0.8951431095679996,0.15331226092449002,7.0,9.0,7.0,-0.10000000000000142,0
22.5,22.5,0.8235294117647058,0.7283908280831656,0.15943705742894157,0.5967156269422618,0.09513858368154027,7.0,10.0,7.0,0.10000000000000142,0
22.5,22.5,0.8235294117647058,0.7283908280831656,0.15943705742894157,0.5967156269422618,0.09513858368154027,7.0,10.0,7.0,-0.09999999999999787,0
22.5,22.5,0.8235294117647058,0.7283908280831656,0.15943705742894157,0.5967156269422618,0.09513858368154027,7.0,10.0,7.0,0.09999999999999787,0
22.5,22.5,0.8235294117647058,0.7283908280831656,0.15943705742894157,0.5967156269422618,0.09513858368154027,7.0,10.0,7.0,-0.3000000000000007,0
22.5,22.5,0.8235294117647058,0.7283908280831656,0.15943705742894157,0.5967156269422618,0.09513858368154027,7.0,10.0,7.0,-0.10000000000000142,0
22.5,22.5,0.8235294117647058,0.7283908280831656,0.15943705742894157,0.5967156269422618,0.09513858368154027,7.0,10.0,7.0,0.0,0
22.5,22.5,0.8235294117647058,0.7283908280831656,0.15943705742894157,0.5967156269422618,0.09513858368154027,7.0,10.0,7.0,0.29999999999999716,0
23.5,23.5,0.75,0.7819218730186223,0.16925712186771036,-0.18859988085802423,-0.03192187301862226,7.0,9.0,6.0,0.09999999999999787,0
23.5,23.5,0.75,0.7819218730186223,0.16925712186771036,-0.18859988085802423,-0.03192187301862226,7.0,9.0,6.0,-0.3000000000000007,0
23.5,23.5,0.75,0.7819218730186223,0.16925712186771036,-0.18859988085802423,-0.03192187301862226,7.0,9.0,6.0,-0.10000000000000142,0
23.5,23.5,0.75,0.7819218730186223,0.16925712186771036,-0.18859988085802423,-0.03192187301862226,7.0,9.0,6.0,0.0,0
23.5,23.5,0.75,0.7819218730186223,0.16925712186771036,-0.18859988085802423,-0.03192187301862226,7.0,9.0,6.0,-0.3000000000000007,0
23.5,23.5,0.75,0.7819218730186223,0.16925712186771036,-0.18859988085802423,-0.03192187301862226,7.0,9.0,6.0,-0.3000000000000007,0
24.5,24.5,0.9411764705882353,0.7779859238370848,0.17332527721620114,0.9415276835103005,0.16319054675115052,8.0,9.0,8.0,0.09999999999999787,0
24.5,24.5,0.9411764705882353,0.7779859238370848,0.17332527721620114,0.9415276835103005,0.16319054675115052,8.0,9.0,8.0,-0.3000000000000007,0
24.5,24.5,0.9411764705882353,0.7779859238370848,0.17332527721620114,0.9415276835103005,0.16319054675115052,8.0,9.0,8.0,-0.10000000000000142,0
24.5,24.5,0.9411764705882353,0.7779859238370848,0.17332527721620114,0.9415276835103005,0.16319054675115052,8.0,9.0,8.0,0.0,0
24.5,24.5,0.9411764705882353,0.7779859238370848,0.17332527721620114,0.9415276835103005,0.16319054675115052,8.0,9.0,8.0,-0.3000000000000007,0
24.5,24.5,0.9411764705882353,0.7779859238370848,0.17332527721620114,0.9415276835103005,0.16319054675115052,8.0,9.0,8.0,-0.3000000000000007,0
24.5,24.5,0.9411764705882353,0.7779859238370848,0.17332527721620114,0.9415276835103005,0.16319054675115052,8.0,9.0,8.0,-0.3000000000000007,0
24.5,24.5,0.9411764705882353,0.7779859238370848,0.17332527721620114,0.9415276835103005,0.16319054675115052,8.0,9.0,8.0,-0.3000000000000007,0
25.5,25.5,0.8235294117647058,0.7409434898005332,0.17528298237749487,0.4711576722622912,0.08258592196417269,8.0,9.0,7.0,-0.10000000000000142,0
25.5,25.5,0.8235294117647058,0.7409434898005332,0.17528298237749487,0.4711576722622912,0.08258592196417269,8.0,9.0,7.0,0.0,0
25.5,25.5,0.8235294117647058,0.7409434898005332,0.17528298237749487,0.4711576722622912,0.08258592196417269,8.0,9.0,7.0,-0.3000000000000007,0
25.5,25.5,0.8235294117647058,0.7409434898005332,0.17528298237749487,0.4711576722622912,0.08258592196417269,8.0,9.0,7.0,-0.3000000000000007,0
25.5,25.5,0.8235294117647058,0.7409434898005332,0.17528298237749487,0.4711576722622912,0.08258592196417269,8.0,9.0,7.0,-0.3000000000000007,0
25.5,25.5,0.8235294117647058,0.7409434898005332,0.17528298237749487,0.4711576722622912,0.08258592196417269,8.0,9.0,7.0,-0.3000000000000007,0
25.5,25.5,0.8235294117647058,0.7409434898005332,0.17528298237749487,0.4711576722622912,0.08258592196417269,8.0,9.0,7.0,-0.3000000000000007,0
26.5,26.5,0.8235294117647058,0.7239547133722831,0.17002690826224526,0.5856408224446521,0.09957469839242272,9.0,8.0,7.0,0.0,0
26.5,26.5,0.8235294117647058,0.7239547133722831,0.17002690826224526,0.5856408224446521,0.09957469839242272,9.0,8.0,7.0,-0.3000000000000007,0
26.5,26.5,0.8235294117647058,0.7239547133722831,0.17002690826224526,0.5856408224446521,0.09957469839242272,9.0,8.0,7.0,-0.3000000000000007,0
26.5,26.5,0.8235294117647058,0.7239547133722831,0.17002690826224526,0.5856408224446521,0.09957469839242272,9.0,8.0,7.0,-0.3000000000000007,0
26.5,26.5,0.8235294117647058,0.7239547133722831,0.17002690826224526,0.5856408224446521,0.09957469839242272,9.0,8.0,7.0,-0.3000000000000007,0
26.5,26.5,0.8235294117647058,0.7239547133722831,0.17002690826224526,0.5856408224446521,0.09957469839242272,9.0,8.0,7.0,-0.3000000000000007,0
26.5,26.5,0.8235294117647058,0.7239547133722831,0.17002690826224526,0.5856408224446521,0.09957469839242272,9.0,8.0,7.0,-0.3000000000000007,0
27.5,27.5,0.75,0.6936956118185219,0.16291384158341782,0.34560837577848286,0.05630438818147809,9.0,7.0,6.0,0.1999999999999993,0
27.5,27.5,0.75,0.6936956118185219,0.16291384158341782,0.34560837577848286,0.05630438818147809,9.0,7.0,6.0,0.1999999999999993,0
27.5,27.5,0.75,0.6936956118185219,0.16291384158341782,0.34560837577848286,0.05630438818147809,9.0,7.0,6.0,0.1999999999999993,0
27.5,27.5,0.75,0.6936956118185219,0.16291384158341782,0.34560837577848286,0.05630438818147809,9.0,7.0,6.0,-0.3000000000000007,0
27.5,27.5,0.75,0.6936956118185219,0.16291384158341782,0.34560837577848286,0.05630438818147809,9.0,7.0,6.0,-0.3000000000000007,0
27.5,27.5,0.75,0.6936956118185219,0.16291384158341782,0.34560837577848286,0.05630438818147809,9.0,7.0,6.0,0.0,0
28.5,28.5,0.5714285714285714,0.6478228550860904,0.1476412093817743,-0.5174319824214983,-0.07639428365751899,8.0,6.0,4.0,0.1999999999999993,0
28.5,28.5,0.5714285714285714,0.6478228550860904,0.1476412093817743,-0.5174319824214983,-0.07639428365751899,8.0,6.0,4.0,-0.3000000000000007,0
28.5,28.5,0.5714285714285714,0.6478228550860904,0.1476412093817743,-0.5174319824214983,-0.07639428365751899,8.0,6.0,4.0,-0.3000000000000007,0
28.5,28.5,0.5714285714285714,0.6478228550860904,0.1476412093817743,-0.5174319824214983,-0.07639428365751899,8.0,6.0,4.0,0.0,0
29.5,29.5,0.6666666666666666,0.63412733247145,0.14972402138575908,0.21732874854716905,0.032539334195216596,9.0,6.0,5.0,-0.3000000000000007,0
29.5,29.5,0.6666666666666666,0.63412733247145,0.14972402138575908,0.21732874854716905,0.032539334195216596,9.0,6.0,5.0,-0.3000000000000007,0
29.5,29.5,0.6666666666666666,0.63412733247145,0.14972402138575908,0.21732874854716905,0.032539334195216596,9.0,6.0,5.0,0.0,0
29.5,29.5,0.6666666666666666,0.63412733247145,0.14972402138575908,0.21732874854716905,0.032539334195216596,9.0,6.0,5.0,0.3000000000000007,0
29.5,29.5,0.6666666666666666,0.63412733247145,0.14972402138575908,0.21732874854716905,0.032539334195216596,9.0,6.0,5.0,-0.1999999999999993,0
30.5,30.5,0.75,0.6771111888541455,0.16538890440042872,0.4407116149060457,0.07288881114585455,9.0,7.0,6.0,-0.3000000000000007,0
30.5,30.5,0.75,0.6771111888541455,0.16538890440042872,0.4407116149060457,0.07288881114585455,9.0,7.0,6.0,0.0,0
30.5,30.5,0.75,0.6771111888541455,0.16538890440042872,0.4407116149060457,0.07288881114585455,9.0,7.0,6.0,0.3000000000000007,0
30.5,30.5,0.75,0.6771111888541455,0.16538890440042872,0.4407116149060457,0.07288881114585455,9.0,7.0,6.0,-0.1999999999999993,0
30.5,30.5,0.75,0.6771111888541455,0.16538890440042872,0.4407116149060457,0.07288881114585455,9.0,7.0,6.0,-0.19999999999999574,0
30.5,30.5,0.75,0.6771111888541455,0.16538890440042872,0.4407116149060457,0.07288881114585455,9.0,7.0,6.0,-0.09999999999999432,0
31.5,31.5,0.8235294117647058,0.7018641647568119,0.17784928047450765,0.6840918708430369,0.12166524700789394,9.0,8.0,7.0,0.0,0
31.5,31.5,0.8235294117647058,0.7018641647568119,0.17784928047450765,0.6840918708430369,0.12166524700789394,9.0,8.0,7.0,0.3000000000000007,0
31.5,31.5,0.8235294117647058,0.7018641647568119,0.17784928047450765,0.6840918708430369,0.12166524700789394,9.0,8.0,7.0,-0.1999999999999993,0
31.5,31.5,0.8235294117647058,0.7018641647568119,0.17784928047450765,0.6840918708430369,0.12166524700789394,9.0,8.0,7.0,-0.19999999999999574,0
31.5,31.5,0.8235294117647058,0.7018641647568119,0.17784928047450765,0.6840918708430369,0.12166524700789394,9.0,8.0,7.0,-0.09999999999999432,0
31.5,31.5,0.8235294117647058,0.7018641647568119,0.17784928047450765,0.6840918708430369,0.12166524700789394,9.0,8.0,7.0,-0.09999999999999432,0
31.5,31.5,0.8235294117647058,0.7018641647568119,0.17784928047450765,0.6840918708430369,0.12166524700789394,9.0,8.0,7.0,0.19999999999999574,0
32.5,32.5,0.8888888888888888,0.7237783869037739,0.18906509885897133,0.8732997416317181,0.1651105019851149,9.0,9.0,8.0,0.3000000000000007,0
32.5,32.5,0.8888888888888888,0.7237783869037739,0.18906509885897133,0.8732997416317181,0.1651105019851149,9.0,9.0,8.0,-0.1999999999999993,0
32.5,32.5,0.8888888888888888,0.7237783869037739,0.18906509885897133,0.8732997416317181,0.1651105019851149,9.0,9.0,8.0,-0.19999999999999574,0
32.5,32.5,0.8888888888888888,0.7237783869037739,0.18906509885897133,0.8732997416317181,0.1651105019851149,9.0,9.0,8.0,-0.09999999999999432,0
32.5,32.5,0.8888888888888888,0.7237783869037739,0.18906509885897133,0.8732997416317181,0.1651105019851149,9.0,9.0,8.0,-0.09999999999999432,0
32.5,32.5,0.8888888888888888,0.7237783869037739,0.18906509885897133,0.8732997416317181,0.1651105019851149,9.0,9.0,8.0,0.19999999999999574,0
32.5,32.5,0.8888888888888888,0.7237783869037739,0.18906509885897133,0.8732997416317181,0.1651105019851149,9.0,9.0,8.0,0.0,0
32.5,32.5,0.8888888888888888,0.7237783869037739,0.18906509885897133,0.8732997416317181,0.1651105019851149,9.0,9.0,8.0,-0.19999999999999574,0
33.5,33.5,0.7777777777777778,0.7401127440327131,0.1758939173245285,0.2141349417761377,0.03766503374506469,9.0,9.0,7.0,-0.1999999999999993,0
33.5,33.5,0.7777777777777778,0.7401127440327131,0.1758939173245285,0.2141349417761377,0.03766503374506469,9.0,9.0,7.0,-0.19999999999999574,0
33.5,33.5,0.7777777777777778,0.7401127440327131,0.1758939173245285,0.2141349417761377,0.03766503374506469,9.0,9.0,7.0,-0.09999999999999432,0
33.5,33.5,0.7777777777777778,0.7401127440327131,0.1758939173245285,0.2141349417761377,0.03766503374506469,9.0,9.0,7.0,-0.09999999999999432,0
33.5,33.5,0.7777777777777778,0.7401127440327131,0.1758939173245285,0.2141349417761377,0.03766503374506469,9.0,9.0,7.0,0.19999999999999574,0
33.5,33.5,0.7777777777777778,0.7401127440327131,0.1758939173245285,0.2141349417761377,0.03766503374506469,9.0,9.0,7.0,0.0,0
33.5,33.5,0.7777777777777778,0.7401127440327131,0.1758939173245285,0.2141349417761377,0.03766503374506469,9.0,9.0,7.0,-0.19999999999999574,0
34.5,34.5,0.8,0.7258598336991525,0.1664941179408384,0.445302015577465,0.07414016630084752,7.0,8.0,6.0,-0.19999999999999574,0
34.5,34.5,0.8,0.7258598336991525,0.1664941179408384,0.445302015577465,0.07414016630084752,7.0,8.0,6.0,-0.09999999999999432,0
34.5,34.5,0.8,0.7258598336991525,0.1664941179408384,0.445302015577465,0.07414016630084752,7.0,8.0,6.0,-0.09999999999999432,0
34.5,34.5,0.8,0.7258598336991525,0.1664941179408384,0.445302015577465,0.07414016630084752,7.0,8.0,6.0,0.19999999999999574,0
34.5,34.5,0.8,0.7258598336991525,0.1664941179408384,0.445302015577465,0.07414016630084752,7.0,8.0,6.0,0.0,0
34.5,34.5,0.8,0.7258598336991525,0.1664941179408384,0.445302015577465,0.07414016630084752,7.0,8.0,6.0,-0.19999999999999574,0
35.5,35.5,0.6666666666666666,0.7289946270190077,0.1545708896598435,-0.4032322029685096,-0.062327960352341116,6.0,9.0,5.0,-0.09999999999999432,0
35.5,35.5,0.6666666666666666,0.7289946270190077,0.1545708896598435,-0.4032322029685096,-0.062327960352341116,6.0,9.0,5.0,0.19999999999999574,0
35.5,35.5,0.6666666666666666,0.7289946270190077,0.1545708896598435,-0.4032322029685096,-0.062327960352341116,6.0,9.0,5.0,0.0,0
35.5,35.5,0.6666666666666666,0.7289946270190077,0.1545708896598435,-0.4032322029685096,-0.062327960352341116,6.0,9.0,5.0,-0.19999999999999574,0
35.5,35.5,0.6666666666666666,0.7289946270190077,0.1545708896598435,-0.4032322029685096,-0.062327960352341116,6.0,9.0,5.0,0.09999999999999432,0
36.5,36.5,0.6666666666666666,0.7375937070669268,0.16459434426868477,-0.43092027685033024,-0.07092704040026021,6.0,9.0,5.0,0.0,0
36.5,36.5,0.6666666666666666,0.7375937070669268,0.16459434426868477,-0.43092027685033024,-0.07092704040026021,6.0,9.0,5.0,-0.19999999999999574,0
36.5,36.5,0.6666666666666666,0.7375937070669268,0.16459434426868477,-0.43092027685033024,-0.07092704040026021,6.0,9.0,5.0,0.09999999999999432,0
36.5,36.5,0.6666666666666666,0.7375937070669268,0.16459434426868477,-0.43092027685033024,-0.07092704040026021,6.0,9.0,5.0,-0.30000000000000426,0
36.5,36.5,0.6666666666666666,0.7375937070669268,0.16459434426868477,-0.43092027685033024,-0.07092704040026021,6.0,9.0,5.0,-0.20000000000000284,0
37.5,37.5,0.5333333333333333,0.719393307054143,0.1710557922095839,-1.087715132690988,-0.18605997372080962,7.0,8.0,4.0,0.09999999999999432,0
37.5,37.5,0.5333333333333333,0.719393307054143,0.1710557922095839,-1.087715132690988,-0.18605997372080962,7.0,8.0,4.0,-0.30000000000000426,0
37.5,37.5,0.5333333333333333,0.719393307054143,0.1710557922095839,-1.087715132690988,-0.18605997372080962,7.0,8.0,4.0,-0.20000000000000284,0
37.5,37.5,0.5333333333333333,0.719393307054143,0.1710557922095839,-1.087715132690988,-0.18605997372080962,7.0,8.0,4.0,0.0,0
38.5,38.5,0.75,0.7420015714076087,0.17586244898917497,0.045481162342301054,0.007998428592391305,7.0,9.0,6.0,0.09999999999999432,0
38.5,38.5,0.75,0.7420015714076087,0.17586244898917497,0.045481162342301054,0.007998428592391305,7.0,9.0,6.0,-0.30000000000000426,0
38.5,38.5,0.75,0.7420015714076087,0.17586244898917497,0.045481162342301054,0.007998428592391305,7.0,9.0,6.0,-0.20000000000000284,0
38.5,38.5,0.75,0.7420015714076087,0.17586244898917497,0.045481162342301054,0.007998428592391305,7.0,9.0,6.0,0.0,0
38.5,38.5,0.75,0.7420015714076087,0.17586244898917497,0.045481162342301054,0.007998428592391305,7.0,9.0,6.0,-0.10000000000000142,0
38.5,38.5,0.75,0.7420015714076087,0.17586244898917497,0.045481162342301054,0.007998428592391305,7.0,9.0,6.0,0.10000000000000142,0
39.5,39.5,0.7777777777777778,0.7317489972188114,0.1708470505621836,0.2694151312972957,0.04602878055896642,9.0,9.0,7.0,0.09999999999999432,0
39.5,39.5,0.7777777777777778,0.7317489972188114,0.1708470505621836,0.2694151312972957,0.04602878055896642,9.0,9.0,7.0,-0.30000000000000426,0
39.5,39.5,0.7777777777777778,0.7317489972188114,0.1708470505621836,0.2694151312972957,0.04602878055896642,9.0,9.0,7.0,-0.20000000000000284,0
39.5,39.5,0.7777777777777778,0.7317489972188114,0.1708470505621836,0.2694151312972957,0.04602878055896642,9.0,9.0,7.0,0.0,0
39.5,39.5,0.7777777777777778,0.7317489972188114,0.1708470505621836,0.2694151312972957,0.04602878055896642,9.0,9.0,7.0,-0.10000000000000142,0
39.5,39.5,0.7777777777777778,0.7317489972188114,0.1708470505621836,0.2694151312972957,0.04602878055896642,9.0,9.0,7.0,0.10000000000000142,0
39.5,39.5,0.7777777777777778,0.7317489972188114,0.1708470505621836,0.2694151312972957,0.04602878055896642,9.0,9.0,7.0,0.10000000000000142,0
40.5,40.5,0.7777777777777778,0.7322242732327873,0.16053971636921893,0.2837522425928785,0.04555350454499052,9.0,9.0,7.0,-0.30000000000000426,0
40.5,40.5,0.7777777777777778,0.7322242732327873,0.16053971636921893,0.2837522425928785,0.04555350454499052,9.0,9.0,7.0,-0.20000000000000284,0
40.5,40.5,0.7777777777777778,0.7322242732327873,0.16053971636921893,0.2837522425928785,0.04555350454499052,9.0,9.0,7.0,0.0,0
40.5,40.5,0.7777777777777778,0.7322242732327873,0.16053971636921893,0.2837522425928785,0.04555350454499052,9.0,9.0,7.0,-0.10000000000000142,0
40.5,40.5,0.7777777777777778,0.7322242732327873,0.16053971636921893,0.2837522425928785,0.04555350454499052,9.0,9.0,7.0,0.10000000000000142,0
40.5,40.5,0.7777777777777778,0.7322242732327873,0.16053971636921893,0.2837522425928785,0.04555350454499052,9.0,9.0,7.0,0.10000000000000142,0
40.5,40.5,0.7777777777777778,0.7322242732327873,0.16053971636921893,0.2837522425928785,0.04555350454499052,9.0,9.0,7.0,0.29999999999999716,0
41.5,41.5,0.75,0.7351930633607877,0.15878497369354014,0.09325149788915246,0.014806936639212287,7.0,9.0,6.0,0.20000000000000284,0
41.5,41.5,0.75,0.7351930633607877,0.15878497369354014,0.09325149788915246,0.014806936639212287,7.0,9.0,6.0,0.0,0
41.5,41.5,0.75,0.7351930633607877,0.15878497369354014,0.09325149788915246,0.014806936639212287,7.0,9.0,6.0,-0.10000000000000142,0
41.5,41.5,0.75,0.7351930633607877,0.15878497369354014,0.09325149788915246,0.014806936639212287,7.0,9.0,6.0,0.10000000000000142,0
41.5,41.5,0.75,0.7351930633607877,0.15878497369354014,0.09325149788915246,0.014806936639212287,7.0,9.0,6.0,0.10000000000000142,0
41.5,41.5,0.75,0.7351930633607877,0.15878497369354014,0.09325149788915246,0.014806936639212287,7.0,9.0,6.0,0.29999999999999716,0
42.5,42.5,0.7142857142857143,0.7145844798218637,0.162080959959178,-0.0018433105049762098,-0.0002987655361493813,6.0,8.0,5.0,-0.10000000000000142,0
42.5,42.5,0.7142857142857143,0.7145844798218637,0.162080959959178,-0.0018433105049762098,-0.0002987655361493813,6.0,8.0,5.0,0.10000000000000142,0
42.5,42.5,0.7142857142857143,0.7145844798218637,0.162080959959178,-0.0018433105049762098,-0.0002987655361493813,6.0,8.0,5.0,0.10000000000000142,0
42.5,42.5,0.7142857142857143,0.7145844798218637,0.162080959959178,-0.0018433105049762098,-0.0002987655361493813,6.0,8.0,5.0,0.29999999999999716,0
42.5,42.5,0.7142857142857143,0.7145844798218637,0.162080959959178,-0.0018433105049762098,-0.0002987655361493813,6.0,8.0,5.0,0.20000000000000284,0
43.5,43.5,0.46153846153846156,0.744999006256901,0.17649909333972777,-1.6060170018711135,-0.2834605447184394,4.0,9.0,3.0,0.10000000000000142,0
43.5,43.5,0.46153846153846156,0.744999006256901,0.17649909333972777,-1.6060170018711135,-0.2834605447184394,4.0,9.0,3.0,0.29999999999999716,0
43.5,43.5,0.46153846153846156,0.744999006256901,0.17649909333972777,-1.6060170018711135,-0.2834605447184394,4.0,9.0,3.0,0.20000000000000284,0
44.5,44.5,0.6153846153846154,0.7659591471222277,0.1770645887437207,-0.850393253704446,-0.15057453173761226,4.0,9.0,4.0,0.29999999999999716,0
44.5,44.5,0.6153846153846154,0.7659591471222277,0.1770645887437207,-0.850393253704446,-0.15057453173761226,4.0,9.0,4.0,0.20000000000000284,0
44.5,44.5,0.6153846153846154,0.7659591471222277,0.1770645887437207,-0.850393253704446,-0.15057453173761226,4.0,9.0,4.0,0.10000000000000142,0
44.5,44.5,0.6153846153846154,0.7659591471222277,0.1770645887437207,-0.850393253704446,-0.15057453173761226,4.0,9.0,4.0,0.29999999999999716,0
45.5,45.5,0.6153846153846154,0.7665435491581003,0.18128768038321375,-0.8338069826584938,-0.15115893377348488,4.0,9.0,4.0,0.20000000000000284,0
45.5,45.5,0.6153846153846154,0.7665435491581003,0.18128768038321375,-0.8338069826584938,-0.15115893377348488,4.0,9.0,4.0,0.10000000000000142,0
45.5,45.5,0.6153846153846154,0.7665435491581003,0.18128768038321375,-0.8338069826584938,-0.15115893377348488,4.0,9.0,4.0,-0.30000000000000426,0
45.5,45.5,0.6153846153846154,0.7665435491581003,0.18128768038321375,-0.8338069826584938,-0.15115893377348488,4.0,9.0,4.0,-0.10000000000000142,0
46.5,46.5,0.6153846153846154,0.7256763505242607,0.18095376451678402,-0.6095022970876928,-0.1102917351396453,5.0,8.0,4.0,0.20000000000000284,0
46.5,46.5,0.6153846153846154,0.7256763505242607,0.18095376451678402,-0.6095022970876928,-0.1102917351396453,5.0,8.0,4.0,0.10000000000000142,0
46.5,46.5,0.6153846153846154,0.7256763505242607,0.18095376451678402,-0.6095022970876928,-0.1102917351396453,5.0,8.0,4.0,-0.30000000000000426,0
46.5,46.5,0.6153846153846154,0.7256763505242607,0.18095376451678402,-0.6095022970876928,-0.1102917351396453,5.0,8.0,4.0,-0.10000000000000142,0
47.5,47.5,0.625,0.7304368982410778,0.1695450126724568,-0.6218814495285147,-0.10543689824107783,7.0,9.0,5.0,0.10000000000000142,0
47.5,47.5,0.625,0.7304368982410778,0.1695450126724568,-0.6218814495285147,-0.10543689824107783,7.0,9.0,5.0,-0.30000000000000426,0
47.5,47.5,0.625,0.7304368982410778,0.1695450126724568,-0.6218814495285147,-0.10543689824107783,7.0,9.0,5.0,-0.10000000000000142,0
47.5,47.5,0.625,0.7304368982410778,0.1695450126724568,-0.6218814495285147,-0.10543689824107783,7.0,9.0,5.0,-0.29999999999999716,0
47.5,47.5,0.625,0.7304368982410778,0.1695450126724568,-0.6218814495285147,-0.10543689824107783,7.0,9.0,5.0,-0.19999999999999574,0
48.5,48.5,0.75,0.69210463467561,0.16365131185411752,0.3537726931025107,0.05789536532438999,8.0,8.0,6.0,0.10000000000000142,0
48.5,48.5,0.75,0.69210463467561,0.16365131185411752,0.3537726931025107,0.05789536532438999,8.0,8.0,6.0,-0.30000000000000426,0
48.5,48.5,0.75,0.69210463467561,0.16365131185411752,0.3537726931025107,0.05789536532438999,8.0,8.0,6.0,-0.10000000000000142,0
48.5,48.5,0.75,0.69210463467561,0.16365131185411752,0.3537726931025107,0.05789536532438999,8.0,8.0,6.0,-0.29999999999999716,0
48.5,48.5,0.75,0.69210463467561,0.16365131185411752,0.3537726931025107,0.05789536532438999,8.0,8.0,6.0,-0.19999999999999574,0
48.5,48.5,0.75,0.69210463467561,0.16365131185411752,0.3537726931025107,0.05789536532438999,8.0,8.0,6.0,-0.29999999999999716,0
49.5,49.5,0.7058823529411765,0.7160215587474101,0.1703057991428146,-0.05953529390817227,-0.01013920580623362,9.0,8.0,6.0,-0.10000000000000142,0
49.5,49.5,0.7058823529411765,0.7160215587474101,0.1703057991428146,-0.05953529390817227,-0.01013920580623362,9.0,8.0,6.0,-0.29999999999999716,0
49.5,49.5,0.7058823529411765,0.7160215587474101,0.1703057991428146,-0.05953529390817227,-0.01013920580623362,9.0,8.0,6.0,-0.19999999999999574,0
49.5,49.5,0.7058823529411765,0.7160215587474101,0.1703057991428146,-0.05953529390817227,-0.01013920580623362,9.0,8.0,6.0,-0.29999999999999716,0
49.5,49.5,0.7058823529411765,0.7160215587474101,0.1703057991428146,-0.05953529390817227,-0.01013920580623362,9.0,8.0,6.0,-0.10000000000000142,0
49.5,49.5,0.7058823529411765,0.7160215587474101,0.1703057991428146,-0.05953529390817227,-0.01013920580623362,9.0,8.0,6.0,-0.29999999999999716,0
50.5,50.5,0.8235294117647058,0.7212500802001577,0.18240817933582906,0.5607168052274847,0.10227933156454816,9.0,8.0,7.0,-0.29999999999999716,0
50.5,50.5,0.8235294117647058,0.7212500802001577,0.18240817933582906,0.5607168052274847,0.10227933156454816,9.0,8.0,7.0,-0.19999999999999574,0
50.5,50.5,0.8235294117647058,0.7212500802001577,0.18240817933582906,0.5607168052274847,0.10227933156454816,9.0,8.0,7.0,-0.29999999999999716,0
50.5,50.5,0.8235294117647058,0.7212500802001577,0.18240817933582906,0.5607168052274847,0.10227933156454816,9.0,8.0,7.0,-0.10000000000000142,0
50.5,50.5,0.8235294117647058,0.7212500802001577,0.18240817933582906,0.5607168052274847,0.10227933156454816,9.0,8.0,7.0,-0.29999999999999716,0
50.5,50.5,0.8235294117647058,0.7212500802001577,0.18240817933582906,0.5607168052274847,0.10227933156454816,9.0,8.0,7.0,-0.29999999999999716,0
50.5,50.5,0.8235294117647058,0.7212500802001577,0.18240817933582906,0.5607168052274847,0.10227933156454816,9.0,8.0,7.0,-0.10000000000000142,0
51.5,51.5,0.9473684210526315,0.7552484317625959,0.17731787475707433,1.0834778476407987,0.1921199892900356,10.0,9.0,9.0,-0.29999999999999716,0
51.5,51.5,0.9473684210526315,0.7552484317625959,0.17731787475707433,1.0834778476407987,0.1921199892900356,10.0,9.0,9.0,-0.19999999999999574,0
51.5,51.5,0.9473684210526315,0.7552484317625959,0.17731787475707433,1.0834778476407987,0.1921199892900356,10.0,9.0,9.0,-0.29999999999999716,0
51.5,51.5,0.9473684210526315,0.7552484317625959,0.17731787475707433,1.0834778476407987,0.1921199892900356,10.0,9.0,9.0,-0.10000000000000142,0
51.5,51.5,0.9473684210526315,0.7552484317625959,0.17731787475707433,1.0834778476407987,0.1921199892900356,10.0,9.0,9.0,-0.29999999999999716,0
51.5,51.5,0.9473684210526315,0.7552484317625959,0.17731787475707433,1.0834778476407987,0.1921199892900356,10.0,9.0,9.0,-0.29999999999999716,0
51.5,51.5,0.9473684210526315,0.7552484317625959,0.17731787475707433,1.0834778476407987,0.1921199892900356,10.0,9.0,9.0,-0.10000000000000142,0
51.5,51.5,0.9473684210526315,0.7552484317625959,0.17731787475707433,1.0834778476407987,0.1921199892900356,10.0,9.0,9.0,-0.10000000000000142,0
51.5,51.5,0.9473684210526315,0.7552484317625959,0.17731787475707433,1.0834778476407987,0.1921199892900356,10.0,9.0,9.0,-0.09999999999999432,0
52.5,52.5,0.8888888888888888,0.7262175261700803,0.17969617269298155,0.9052578042201233,0.16267136271880855,10.0,8.0,8.0,-0.29999999999999716,0
52.5,52.5,0.8888888888888888,0.7262175261700803,0.17969617269298155,0.9052578042201233,0.16267136271880855,10.0,8.0,8.0,-0.10000000000000142,0
52.5,52.5,0.8888888888888888,0.7262175261700803,0.17969617269298155,0.9052578042201233,0.16267136271880855,10.0,8.0,8.0,-0.29999999999999716,0
52.5,52.5,0.8888888888888888,0.7262175261700803,0.17969617269298155,0.9052578042201233,0.16267136271880855,10.0,8.0,8.0,-0.29999999999999716,0
52.5,52.5,0.8888888888888888,0.7262175261700803,0.17969617269298155,0.9052578042201233,0.16267136271880855,10.0,8.0,8.0,-0.10000000000000142,0
52.5,52.5,0.8888888888888888,0.7262175261700803,0.17969617269298155,0.9052578042201233,0.16267136271880855,10.0,8.0,8.0,-0.10000000000000142,0
52.5,52.5,0.8888888888888888,0.7262175261700803,0.17969617269298155,0.9052578042201233,0.16267136271880855,10.0,8.0,8.0,-0.09999999999999432,0
52.5,52.5,0.8888888888888888,0.7262175261700803,0.17969617269298155,0.9052578042201233,0.16267136271880855,10.0,8.0,8.0,-0.19999999999999574,0
53.5,53.5,0.8888888888888888,0.7193906572701464,0.18655660510594305,0.9085619430225299,0.16949823161874245,10.0,8.0,8.0,-0.10000000000000142,0
53.5,53.5,0.8888888888888888,0.7193906572701464,0.18655660510594305,0.9085619430225299,0.16949823161874245,10.0,8.0,8.0,-0.29999999999999716,0
53.5,53.5,0.8888888888888888,0.7193906572701464,0.18655660510594305,0.9085619430225299,0.16949823161874245,10.0,8.0,8.0,-0.29999999999999716,0
53.5,53.5,0.8888888888888888,0.7193906572701464,0.18655660510594305,0.9085619430225299,0.16949823161874245,10.0,8.0,8.0,-0.10000000000000142,0
53.5,53.5,0.8888888888888888,0.7193906572701464,0.18655660510594305,0.9085619430225299,0.16949823161874245,10.0,8.0,8.0,-0.10000000000000142,0
53.5,53.5,0.8888888888888888,0.7193906572701464,0.18655660510594305,0.9085619430225299,0.16949823161874245,10.0,8.0,8.0,-0.09999999999999432,0
53.5,53.5,0.8888888888888888,0.7193906572701464,0.18655660510594305,0.9085619430225299,0.16949823161874245,10.0,8.0,8.0,-0.19999999999999574,0
53.5,53.5,0.8888888888888888,0.7193906572701464,0.18655660510594305,0.9085619430225299,0.16949823161874245,10.0,8.0,8.0,0.0,0
54.5,54.5,0.8235294117647058,0.6907696976398215,0.17583561527176875,0.7550217509671916,0.1327597141248843,10.0,7.0,7.0,-0.29999999999999716,0
54.5,54.5,0.8235294117647058,0.6907696976398215,0.17583561527176875,0.7550217509671916,0.1327597141248843,10.0,7.0,7.0,-0.10000000000000142,0
54.5,54.5,0.8235294117647058,0.6907696976398215,0.17583561527176875,0.7550217509671916,0.1327597141248843,10.0,7.0,7.0,-0.10000000000000142,0
54.5,54.5,0.8235294117647058,0.6907696976398215,0.17583561527176875,0.7550217509671916,0.1327597141248843,10.0,7.0,7.0,-0.09999999999999432,0
54.5,54.5,0.8235294117647058,0.6907696976398215,0.17583561527176875,0.7550217509671916,0.1327597141248843,10.0,7.0,7.0,-0.19999999999999574,0
54.5,54.5,0.8235294117647058,0.6907696976398215,0.17583561527176875,0.7550217509671916,0.1327597141248843,10.0,7.0,7.0,0.0,0
54.5,54.5,0.8235294117647058,0.6907696976398215,0.17583561527176875,0.7550217509671916,0.1327597141248843,10.0,7.0,7.0,-0.10000000000000142,0
55.5,55.5,0.8,0.6613581457757929,0.14731039517661038,0.9411545876174556,0.13864185422420716,9.0,6.0,6.0,-0.10000000000000142,0
55.5,55.5,0.8,0.6613581457757929,0.14731039517661038,0.9411545876174556,0.13864185422420716,9.0,6.0,6.0,-0.09999999999999432,0
55.5,55.5,0.8,0.6613581457757929,0.14731039517661038,0.9411545876174556,0.13864185422420716,9.0,6.0,6.0,-0.19999999999999574,0
55.5,55.5,0.8,0.6613581457757929,0.14731039517661038,0.9411545876174556,0.13864185422420716,9.0,6.0,6.0,0.0,0
55.5,55.5,0.8,0.6613581457757929,0.14731039517661038,0.9411545876174556,0.13864185422420716,9.0,6.0,6.0,-0.10000000000000142,0
55.5,55.5,0.8,0.6613581457757929,0.14731039517661038,0.9411545876174556,0.13864185422420716,9.0,6.0,6.0,-0.29999999999999716,0
56.5,56.5,0.7142857142857143,0.666784492141845,0.1352137021140656,0.3513047967860352,0.047501222143869315,8.0,6.0,5.0,-0.19999999999999574,0
56.5,56.5,0.7142857142857143,0.666784492141845,0.1352137021140656,0.3513047967860352,0.047501222143869315,8.0,6.0,5.0,0.0,0
56.5,56.5,0.7142857142857143,0.666784492141845,0.1352137021140656,0.3513047967860352,0.047501222143869315,8.0,6.0,5.0,-0.10000000000000142,0
56.5,56.5,0.7142857142857143,0.666784492141845,0.1352137021140656,0.3513047967860352,0.047501222143869315,8.0,6.0,5.0,-0.29999999999999716,0
56.5,56.5,0.7142857142857143,0.666784492141845,0.1352137021140656,0.3513047967860352,0.047501222143869315,8.0,6.0,5.0,0.19999999999999574,0
57.5,57.5,0.7142857142857143,0.6752168452892137,0.15031474279153995,0.2599137534412195,0.03906886899650064,7.0,7.0,5.0,0.0,0
57.5,57.5,0.7142857142857143,0.6752168452892137,0.15031474279153995,0.2599137534412195,0.03906886899650064,7.0,7.0,5.0,-0.10000000000000142,0
57.5,57.5,0.7142857142857143,0.6752168452892137,0.15031474279153995,0.2599137534412195,0.03906886899650064,7.0,7.0,5.0,-0.29999999999999716,0
57.5,57.5,0.7142857142857143,0.6752168452892137,0.15031474279153995,0.2599137534412195,0.03906886899650064,7.0,7.0,5.0,0.19999999999999574,0
57.5,57.5,0.7142857142857143,0.6752168452892137,0.15031474279153995,0.2599137534412195,0.03906886899650064,7.0,7.0,5.0,0.20000000000000284,0
58.5,58.5,0.8,0.7150934979193494,0.17259924078032535,0.491928595379599,0.08490650208065065,7.0,8.0,6.0,-0.10000000000000142,0
58.5,58.5,0.8,0.7150934979193494,0.17259924078032535,0.491928595379599,0.08490650208065065,7.0,8.0,6.0,-0.29999999999999716,0
58.5,58.5,0.8,0.7150934979193494,0.17259924078032535,0.491928595379599,0.08490650208065065,7.0,8.0,6.0,0.19999999999999574,0
58.5,58.5,0.8,0.7150934979193494,0.17259924078032535,0.491928595379599,0.08490650208065065,7.0,8.0,6.0,0.20000000000000284,0
58.5,58.5,0.8,0.7150934979193494,0.17259924078032535,0.491928595379599,0.08490650208065065,7.0,8.0,6.0,0.10000000000000142,0
58.5,58.5,0.8,0.7150934979193494,0.17259924078032535,0.491928595379599,0.08490650208065065,7.0,8.0,6.0,0.10000000000000142,0
59.5,59.5,0.9411764705882353,0.7427757611153896,0.18105221433468327,1.0958203974577907,0.19840070947284572,8.0,9.0,8.0,-0.29999999999999716,0
59.5,59.5,0.9411764705882353,0.7427757611153896,0.18105221433468327,1.0958203974577907,0.19840070947284572,8.0,9.0,8.0,0.19999999999999574,0
59.5,59.5,0.9411764705882353,0.7427757611153896,0.18105221433468327,1.0958203974577907,0.19840070947284572,8.0,9.0,8.0,0.20000000000000284,0
59.5,59.5,0.9411764705882353,0.7427757611153896,0.18105221433468327,1.0958203974577907,0.19840070947284572,8.0,9.0,8.0,0.10000000000000142,0
59.5,59.5,0.9411764705882353,0.7427757611153896,0.18105221433468327,1.0958203974577907,0.19840070947284572,8.0,9.0,8.0,0.10000000000000142,0
59.5,59.5,0.9411764705882353,0.7427757611153896,0.18105221433468327,1.0958203974577907,0.19840070947284572,8.0,9.0,8.0,0.20000000000000284,0
59.5,59.5,0.9411764705882353,0.7427757611153896,0.18105221433468327,1.0958203974577907,0.19840070947284572,8.0,9.0,8.0,0.10000000000000142,0
59.5,59.5,0.9411764705882353,0.7427757611153896,0.18105221433468327,1.0958203974577907,0.19840070947284572,8.0,9.0,8.0,0.0,0
60.5,60.5,0.8888888888888888,0.7586615379546495,0.17629573103478224,0.7386869220817726,0.13022735093423932,9.0,9.0,8.0,0.19999999999999574,0
60.5,60.5,0.8888888888888888,0.7586615379546495,0.17629573103478224,0.7386869220817726,0.13022735093423932,9.0,9.0,8.0,0.20000000000000284,0
60.5,60.5,0.8888888888888888,0.7586615379546495,0.17629573103478224,0.7386869220817726,0.13022735093423932,9.0,9.0,8.0,0.10000000000000142,0
60.5,60.5,0.8888888888888888,0.7586615379546495,0.17629573103478224,0.7386869220817726,0.13022735093423932,9.0,9.0,8.0,0.10000000000000142,0
60.5,60.5,0.8888888888888888,0.7586615379546495,0.17629573103478224,0.7386869220817726,0.13022735093423932,9.0,9.0,8.0,0.20000000000000284,0
60.5,60.5,0.8888888888888888,0.7586615379546495,0.17629573103478224,0.7386869220817726,0.13022735093423932,9.0,9.0,8.0,0.10000000000000142,0
60.5,60.5,0.8888888888888888,0.7586615379546495,0.17629573103478224,0.7386869220817726,0.13022735093423932,9.0,9.0,8.0,0.0,0
60.5,60.5,0.8888888888888888,0.7586615379546495,0.17629573103478224,0.7386869220817726,0.13022735093423932,9.0,9.0,8.0,-0.10000000000000142,0
61.5,61.5,0.9473684210526315,0.7691376986618473,0.17497883515648197,1.0185844604085637,0.1782307223907842,10.0,9.0,9.0,0.20000000000000284,0
61.5,61.5,0.9473684210526315,0.7691376986618473,0.17497883515648197,1.0185844604085637,0.1782307223907842,10.0,9.0,9.0,0.10000000000000142,0
61.5,61.5,0.9473684210526315,0.7691376986618473,0.17497883515648197,1.0185844604085637,0.1782307223907842,10.0,9.0,9.0,0.10000000000000142,0
61.5,61.5,0.9473684210526315,0.7691376986618473,0.17497883515648197,1.0185844604085637,0.1782307223907842,10.0,9.0,9.0,0.20000000000000284,0
61.5,61.5,0.9473684210526315,0.7691376986618473,0.17497883515648197,1.0185844604085637,0.1782307223907842,10.0,9.0,9.0,0.10000000000000142,0
61.5,61.5,0.9473684210526315,0.7691376986618473,0.17497883515648197,1.0185844604085637,0.1782307223907842,10.0,9.0,9.0,0.0,0
61.5,61.5,0.9473684210526315,0.7691376986618473,0.17497883515648197,1.0185844604085637,0.1782307223907842,10.0,9.0,9.0,-0.10000000000000142,0
61.5,61.5,0.9473684210526315,0.7691376986618473,0.17497883515648197,1.0185844604085637,0.1782307223907842,10.0,9.0,9.0,-0.20000000000000284,0
61.5,61.5,0.9473684210526315,0.7691376986618473,0.17497883515648197,1.0185844604085637,0.1782307223907842,10.0,9.0,9.0,0.10000000000000142,0
62.5,62.5,0.9,0.7192710340055541,0.16739414052421606,1.0796612439866182,0.18072896599444588,11.0,9.0,9.0,0.10000000000000142,0
62.5,62.5,0.9,0.7192710340055541,0.16739414052421606,1.0796612439866182,0.18072896599444588,11.0,9.0,9.0,0.10000000000000142,0
62.5,62.5,0.9,0.7192710340055541,0.16739414052421606,1.0796612439866182,0.18072896599444588,11.0,9.0,9.0,0.20000000000000284,0
62.5,62.5,0.9,0.7192710340055541,0.16739414052421606,1.0796612439866182,0.18072896599444588,11.0,9.0,9.0,0.10000000000000142,0
62.5,62.5,0.9,0.7192710340055541,0.16739414052421606,1.0796612439866182,0.18072896599444588,11.0,9.0,9.0,0.0,0
62.5,62.5,0.9,0.7192710340055541,0.16739414052421606,1.0796612439866182,0.18072896599444588,11.0,9.0,9.0,-0.10000000000000142,0
62.5,62.5,0.9,0.7192710340055541,0.16739414052421606,1.0796612439866182,0.18072896599444588,11.0,9.0,9.0,-0.20000000000000284,0
62.5,62.5,0.9,0.7192710340055541,0.16739414052421606,1.0796612439866182,0.18072896599444588,11.0,9.0,9.0,0.10000000000000142,0
62.5,62.5,0.9,0.7192710340055541,0.16739414052421606,1.0796612439866182,0.18072896599444588,11.0,9.0,9.0,0.10000000000000853,0
63.5,63.5,0.75,0.6529988124620477,0.17550106629157403,0.5527099611850587,0.09700118753795228,10.0,6.0,6.0,-0.29999999999999716,0
63.5,63.5,0.75,0.6529988124620477,0.17550106629157403,0.5527099611850587,0.09700118753795228,10.0,6.0,6.0,0.0,0
63.5,63.5,0.75,0.6529988124620477,0.17550106629157403,0.5527099611850587,0.09700118753795228,10.0,6.0,6.0,-0.10000000000000142,0
63.5,63.5,0.75,0.6529988124620477,0.17550106629157403,0.5527099611850587,0.09700118753795228,10.0,6.0,6.0,-0.20000000000000284,0
63.5,63.5,0.75,0.6529988124620477,0.17550106629157403,0.5527099611850587,0.09700118753795228,10.0,6.0,6.0,0.10000000000000142,0
63.5,63.5,0.75,0.6529988124620477,0.17550106629157403,0.5527099611850587,0.09700118753795228,10.0,6.0,6.0,0.10000000000000853,0
64.5,64.5,0.7142857142857143,0.6128913609266551,0.1568115287770539,0.6466001202195802,0.10139435335905922,8.0,6.0,5.0,0.0,0
64.5,64.5,0.7142857142857143,0.6128913609266551,0.1568115287770539,0.6466001202195802,0.10139435335905922,8.0,6.0,5.0,-0.10000000000000142,0
64.5,64.5,0.7142857142857143,0.6128913609266551,0.1568115287770539,0.6466001202195802,0.10139435335905922,8.0,6.0,5.0,-0.20000000000000284,0
64.5,64.5,0.7142857142857143,0.6128913609266551,0.1568115287770539,0.6466001202195802,0.10139435335905922,8.0,6.0,5.0,0.10000000000000142,0
64.5,64.5,0.7142857142857143,0.6128913609266551,0.1568115287770539,0.6466001202195802,0.10139435335905922,8.0,6.0,5.0,0.10000000000000853,0
65.5,65.5,0.7272727272727273,0.5983947225976638,0.1371140692263035,0.9399327538179427,0.1288780046750635,6.0,5.0,4.0,0.29999999999999716,0
65.5,65.5,0.7272727272727273,0.5983947225976638,0.1371140692263035,0.9399327538179427,0.1288780046750635,6.0,5.0,4.0,0.10000000000000142,0
65.5,65.5,0.7272727272727273,0.5983947225976638,0.1371140692263035,0.9399327538179427,0.1288780046750635,6.0,5.0,4.0,0.10000000000000853,0
65.5,65.5,0.7272727272727273,0.5983947225976638,0.1371140692263035,0.9399327538179427,0.1288780046750635,6.0,5.0,4.0,-0.09999999999999432,0
66.5,66.5,0.5,0.5343426573426573,0.13610358362368627,-0.25232735559418873,-0.03434265734265729,4.0,4.0,2.0,0.10000000000000853,0
66.5,66.5,0.5,0.5343426573426573,0.13610358362368627,-0.25232735559418873,-0.03434265734265729,4.0,4.0,2.0,-0.09999999999999432,0
67.5,67.5,0.4444444444444444,0.6075992682154446,0.18133255794163547,-0.8997547137867761,-0.1631548237710002,3.0,6.0,2.0,-0.09999999999999432,0
67.5,67.5,0.4444444444444444,0.6075992682154446,0.18133255794163547,-0.8997547137867761,-0.1631548237710002,3.0,6.0,2.0,-0.20000000000000284,0
68.5,68.5,0.7272727272727273,0.6935078284116983,0.17546747300442161,0.19242825056344268,0.03376489886102896,4.0,7.0,4.0,-0.09999999999999432,0
68.5,68.5,0.7272727272727273,0.6935078284116983,0.17546747300442161,0.19242825056344268,0.03376489886102896,4.0,7.0,4.0,-0.20000000000000284,0
68.5,68.5,0.7272727272727273,0.6935078284116983,0.17546747300442161,0.19242825056344268,0.03376489886102896,4.0,7.0,4.0,0.09999999999999432,0
68.5,68.5,0.7272727272727273,0.6935078284116983,0.17546747300442161,0.19242825056344268,0.03376489886102896,4.0,7.0,4.0,0.29999999999999716,0
69.5,69.5,0.8,0.7372803057279838,0.1836573167692552,0.34150392358621107,0.06271969427201629,6.0,9.0,6.0,-0.09999999999999432,0
69.5,69.5,0.8,0.7372803057279838,0.1836573167692552,0.34150392358621107,0.06271969427201629,6.0,9.0,6.0,-0.20000000000000284,0
69.5,69.5,0.8,0.7372803057279838,0.1836573167692552,0.34150392358621107,0.06271969427201629,6.0,9.0,6.0,0.09999999999999432,0
69.5,69.5,0.8,0.7372803057279838,0.1836573167692552,0.34150392358621107,0.06271969427201629,6.0,9.0,6.0,-0.29999999999999716,0
69.5,69.5,0.8,0.7372803057279838,0.1836573167692552,0.34150392358621107,0.06271969427201629,6.0,9.0,6.0,-0.20000000000000284,0
69.5,69.5,0.8,0.7372803057279838,0.1836573167692552,0.34150392358621107,0.06271969427201629,6.0,9.0,6.0,-0.09999999999999432,0
70.5,70.5,0.75,0.7625461178054832,0.18446204701895494,-0.06801462961209571,-0.012546117805483203,7.0,9.0,6.0,-0.20000000000000284,0
70.5,70.5,0.75,0.7625461178054832,0.18446204701895494,-0.06801462961209571,-0.012546117805483203,7.0,9.0,6.0,0.09999999999999432,0
70.5,70.5,0.75,0.7625461178054832,0.18446204701895494,-0.06801462961209571,-0.012546117805483203,7.0,9.0,6.0,-0.29999999999999716,0
70.5,70.5,0.75,0.7625461178054832,0.18446204701895494,-0.06801462961209571,-0.012546117805483203,7.0,9.0,6.0,-0.20000000000000284,0
70.5,70.5,0.75,0.7625461178054832,0.18446204701895494,-0.06801462961209571,-0.012546117805483203,7.0,9.0,6.0,-0.09999999999999432,0
70.5,70.5,0.75,0.7625461178054832,0.18446204701895494,-0.06801462961209571,-0.012546117805483203,7.0,9.0,6.0,-0.19999999999998863,0
71.5,71.5,0.8421052631578947,0.7630869360000165,0.18004511422526273,0.4388807077486962,0.07901832715787815,9.0,10.0,8.0,-0.20000000000000284,0
71.5,71.5,0.8421052631578947,0.7630869360000165,0.18004511422526273,0.4388807077486962,0.07901832715787815,9.0,10.0,8.0,0.09999999999999432,0
71.5,71.5,0.8421052631578947,0.7630869360000165,0.18004511422526273,0.4388807077486962,0.07901832715787815,9.0,10.0,8.0,-0.29999999999999716,0
71.5,71.5,0.8421052631578947,0.7630869360000165,0.18004511422526273,0.4388807077486962,0.07901832715787815,9.0,10.0,8.0,-0.20000000000000284,0
71.5,71.5,0.8421052631578947,0.7630869360000165,0.18004511422526273,0.4388807077486962,0.07901832715787815,9.0,10.0,8.0,-0.09999999999999432,0
71.5,71.5,0.8421052631578947,0.7630869360000165,0.18004511422526273,0.4388807077486962,0.07901832715787815,9.0,10.0,8.0,-0.19999999999998863,0
71.5,71.5,0.8421052631578947,0.7630869360000165,0.18004511422526273,0.4388807077486962,0.07901832715787815,9.0,10.0,8.0,-0.29999999999999716,0
71.5,71.5,0.8421052631578947,0.7630869360000165,0.18004511422526273,0.4388807077486962,0.07901832715787815,9.0,10.0,8.0,-0.19999999999998863,0
72.5,72.5,0.9,0.7692348293003866,0.17894741723042706,0.7307463428277913,0.13076517069961346,10.0,10.0,9.0,0.09999999999999432,0
72.5,72.5,0.9,0.7692348293003866,0.17894741723042706,0.7307463428277913,0.13076517069961346,10.0,10.0,9.0,-0.29999999999999716,0
72.5,72.5,0.9,0.7692348293003866,0.17894741723042706,0.7307463428277913,0.13076517069961346,10.0,10.0,9.0,-0.20000000000000284,0
72.5,72.5,0.9,0.7692348293003866,0.17894741723042706,0.7307463428277913,0.13076517069961346,10.0,10.0,9.0,-0.09999999999999432,0
72.5,72.5,0.9,0.7692348293003866,0.17894741723042706,0.7307463428277913,0.13076517069961346,10.0,10.0,9.0,-0.19999999999998863,0
72.5,72.5,0.9,0.7692348293003866,0.17894741723042706,0.7307463428277913,0.13076517069961346,10.0,10.0,9.0,-0.29999999999999716,0
72.5,72.5,0.9,0.7692348293003866,0.17894741723042706,0.7307463428277913,0.13076517069961346,10.0,10.0,9.0,-0.19999999999998863,0
72.5,72.5,0.9,0.7692348293003866,0.17894741723042706,0.7307463428277913,0.13076517069961346,10.0,10.0,9.0,0.0,0
72.5,72.5,0.9,0.7692348293003866,0.17894741723042706,0.7307463428277913,0.13076517069961346,10.0,10.0,9.0,-0.20000000000000284,0
73.5,73.5,0.7368421052631579,0.6966182918474715,0.19047316092442795,0.21117837925546662,0.04022381341568637,11.0,8.0,7.0,-0.20000000000000284,0
73.5,73.5,0.7368421052631579,0.6966182918474715,0.19047316092442795,0.21117837925546662,0.04022381341568637,11.0,8.0,7.0,-0.09999999999999432,0
73.5,73.5,0.7368421052631579,0.6966182918474715,0.19047316092442795,0.21117837925546662,0.04022381341568637,11.0,8.0,7.0,-0.19999999999998863,0
73.5,73.5,0.7368421052631579,0.6966182918474715,0.19047316092442795,0.21117837925546662,0.04022381341568637,11.0,8.0,7.0,-0.29999999999999716,0
73.5,73.5,0.7368421052631579,0.6966182918474715,0.19047316092442795,0.21117837925546662,0.04022381341568637,11.0,8.0,7.0,-0.19999999999998863,0
73.5,73.5,0.7368421052631579,0.6966182918474715,0.19047316092442795,0.21117837925546662,0.04022381341568637,11.0,8.0,7.0,0.0,0
73.5,73.5,0.7368421052631579,0.6966182918474715,0.19047316092442795,0.21117837925546662,0.04022381341568637,11.0,8.0,7.0,-0.20000000000000284,0
74.5,74.5,0.7368421052631579,0.7149713223481025,0.15751963028163196,0.13884480858641085,0.021870782915055398,11.0,8.0,7.0,-0.19999999999998863,0
74.5,74.5,0.7368421052631579,0.7149713223481025,0.15751963028163196,0.13884480858641085,0.021870782915055398,11.0,8.0,7.0,-0.29999999999999716,0
74.5,74.5,0.7368421052631579,0.7149713223481025,0.15751963028163196,0.13884480858641085,0.021870782915055398,11.0,8.0,7.0,-0.19999999999998863,0
74.5,74.5,0.7368421052631579,0.7149713223481025,0.15751963028163196,0.13884480858641085,0.021870782915055398,11.0,8.0,7.0,0.0,0
74.5,74.5,0.7368421052631579,0.7149713223481025,0.15751963028163196,0.13884480858641085,0.021870782915055398,11.0,8.0,7.0,-0.20000000000000284,0
74.5,74.5,0.7368421052631579,0.7149713223481025,0.15751963028163196,0.13884480858641085,0.021870782915055398,11.0,8.0,7.0,-0.19999999999998863,0
74.5,74.5,0.7368421052631579,0.7149713223481025,0.15751963028163196,0.13884480858641085,0.021870782915055398,11.0,8.0,7.0,-0.19999999999998863,0
75.5,75.5,0.7368421052631579,0.7271875382958974,0.1465087674501598,0.06589753729615369,0.009654566967260414,11.0,8.0,7.0,-0.19999999999998863,0
75.5,75.5,0.7368421052631579,0.7271875382958974,0.1465087674501598,0.06589753729615369,0.009654566967260414,11.0,8.0,7.0,0.0,0
75.5,75.5,0.7368421052631579,0.7271875382958974,0.1465087674501598,0.06589753729615369,0.009654566967260414,11.0,8.0,7.0,-0.20000000000000284,0
75.5,75.5,0.7368421052631579,0.7271875382958974,0.1465087674501598,0.06589753729615369,0.009654566967260414,11.0,8.0,7.0,-0.19999999999998863,0
75.5,75.5,0.7368421052631579,0.7271875382958974,0.1465087674501598,0.06589753729615369,0.009654566967260414,11.0,8.0,7.0,-0.19999999999998863,0
75.5,75.5,0.7368421052631579,0.7271875382958974,0.1465087674501598,0.06589753729615369,0.009654566967260414,11.0,8.0,7.0,0.09999999999999432,0
75.5,75.5,0.7368421052631579,0.7271875382958974,0.1465087674501598,0.06589753729615369,0.009654566967260414,11.0,8.0,7.0,0.0,0
76.5,76.5,0.7058823529411765,0.7334556527064267,0.1619609828971457,-0.17024655736227984,-0.027573299765250137,9.0,8.0,6.0,0.0,0
76.5,76.5,0.7058823529411765,0.7334556527064267,0.1619609828971457,-0.17024655736227984,-0.027573299765250137,9.0,8.0,6.0,-0.20000000000000284,0
76.5,76.5,0.7058823529411765,0.7334556527064267,0.1619609828971457,-0.17024655736227984,-0.027573299765250137,9.0,8.0,6.0,-0.19999999999998863,0
76.5,76.5,0.7058823529411765,0.7334556527064267,0.1619609828971457,-0.17024655736227984,-0.027573299765250137,9.0,8.0,6.0,-0.19999999999998863,0
76.5,76.5,0.7058823529411765,0.7334556527064267,0.1619609828971457,-0.17024655736227984,-0.027573299765250137,9.0,8.0,6.0,0.09999999999999432,0
76.5,76.5,0.7058823529411765,0.7334556527064267,0.1619609828971457,-0.17024655736227984,-0.027573299765250137,9.0,8.0,6.0,0.0,0
77.5,77.5,0.5,0.6963063049523576,0.18300599703886683,-1.0726768965427183,-0.19630630495235757,8.0,8.0,4.0,-0.19999999999998863,0
77.5,77.5,0.5,0.6963063049523576,0.18300599703886683,-1.0726768965427183,-0.19630630495235757,8.0,8.0,4.0,-0.19999999999998863,0
77.5,77.5,0.5,0.6963063049523576,0.18300599703886683,-1.0726768965427183,-0.19630630495235757,8.0,8.0,4.0,0.09999999999999432,0
77.5,77.5,0.5,0.6963063049523576,0.18300599703886683,-1.0726768965427183,-0.19630630495235757,8.0,8.0,4.0,0.0,0
78.5,78.5,0.625,0.7594139164241331,0.17353871178553462,-0.774547160349137,-0.13441391642413314,6.0,10.0,5.0,-0.19999999999998863,0
78.5,78.5,0.625,0.7594139164241331,0.17353871178553462,-0.774547160349137,-0.13441391642413314,6.0,10.0,5.0,0.09999999999999432,0
78.5,78.5,0.625,0.7594139164241331,0.17353871178553462,-0.774547160349137,-0.13441391642413314,6.0,10.0,5.0,0.0,0
78.5,78.5,0.625,0.7594139164241331,0.17353871178553462,-0.774547160349137,-0.13441391642413314,6.0,10.0,5.0,-0.19999999999998863,0
78.5,78.5,0.625,0.7594139164241331,0.17353871178553462,-0.774547160349137,-0.13441391642413314,6.0,10.0,5.0,-0.20000000000000284,0
79.5,79.5,0.75,0.7616103653226719,0.17361134621607444,-0.0668756136953272,-0.0116103653226719,6.0,10.0,6.0,0.09999999999999432,0
79.5,79.5,0.75,0.7616103653226719,0.17361134621607444,-0.0668756136953272,-0.0116103653226719,6.0,10.0,6.0,0.0,0
79.5,79.5,0.75,0.7616103653226719,0.17361134621607444,-0.0668756136953272,-0.0116103653226719,6.0,10.0,6.0,-0.19999999999998863,0
79.5,79.5,0.75,0.7616103653226719,0.17361134621607444,-0.0668756136953272,-0.0116103653226719,6.0,10.0,6.0,-0.20000000000000284,0
79.5,79.5,0.75,0.7616103653226719,0.17361134621607444,-0.0668756136953272,-0.0116103653226719,6.0,10.0,6.0,0.0,0
79.5,79.5,0.75,0.7616103653226719,0.17361134621607444,-0.0668756136953272,-0.0116103653226719,6.0,10.0,6.0,-0.29999999999999716,0
80.5,80.5,0.6666666666666666,0.737961046873663,0.16671875493471755,-0.42763263338256885,-0.07129438020699641,6.0,9.0,5.0,-0.19999999999998863,0
80.5,80.5,0.6666666666666666,0.737961046873663,0.16671875493471755,-0.42763263338256885,-0.07129438020699641,6.0,9.0,5.0,-0.20000000000000284,0
80.5,80.5,0.6666666666666666,0.737961046873663,0.16671875493471755,-0.42763263338256885,-0.07129438020699641,6.0,9.0,5.0,0.0,0
80.5,80.5,0.6666666666666666,0.737961046873663,0.16671875493471755,-0.42763263338256885,-0.07129438020699641,6.0,9.0,5.0,-0.29999999999999716,0
80.5,80.5,0.6666666666666666,0.737961046873663,0.16671875493471755,-0.42763263338256885,-0.07129438020699641,6.0,9.0,5.0,-0.20000000000000284,0
81.5,81.5,0.8,0.7338555612687965,0.14938097543677475,0.44279024512863147,0.06614443873120357,7.0,8.0,6.0,-0.19999999999998863,0
81.5,81.5,0.8,0.7338555612687965,0.14938097543677475,0.44279024512863147,0.06614443873120357,7.0,8.0,6.0,-0.20000000000000284,0
81.5,81.5,0.8,0.7338555612687965,0.14938097543677475,0.44279024512863147,0.06614443873120357,7.0,8.0,6.0,0.0,0
81.5,81.5,0.8,0.7338555612687965,0.14938097543677475,0.44279024512863147,0.06614443873120357,7.0,8.0,6.0,-0.29999999999999716,0
81.5,81.5,0.8,0.7338555612687965,0.14938097543677475,0.44279024512863147,0.06614443873120357,7.0,8.0,6.0,-0.20000000000000284,0
81.5,81.5,0.8,0.7338555612687965,0.14938097543677475,0.44279024512863147,0.06614443873120357,7.0,8.0,6.0,-0.19999999999998863,0
82.5,82.5,0.8235294117647058,0.7344876530847892,0.16548393818760684,0.5380688884680227,0.0890417586799166,8.0,9.0,7.0,-0.20000000000000284,0
82.5,82.5,0.8235294117647058,0.7344876530847892,0.16548393818760684,0.5380688884680227,0.0890417586799166,8.0,9.0,7.0,0.0,0
82.5,82.5,0.8235294117647058,0.7344876530847892,0.16548393818760684,0.5380688884680227,0.0890417586799166,8.0,9.0,7.0,-0.29999999999999716,0
82.5,82.5,0.8235294117647058,0.7344876530847892,0.16548393818760684,0.5380688884680227,0.0890417586799166,8.0,9.0,7.0,-0.20000000000000284,0
82.5,82.5,0.8235294117647058,0.7344876530847892,0.16548393818760684,0.5380688884680227,0.0890417586799166,8.0,9.0,7.0,-0.19999999999998863,0
82.5,82.5,0.8235294117647058,0.7344876530847892,0.16548393818760684,0.5380688884680227,0.0890417586799166,8.0,9.0,7.0,0.0,0
82.5,82.5,0.8235294117647058,0.7344876530847892,0.16548393818760684,0.5380688884680227,0.0890417586799166,8.0,9.0,7.0,-0.20000000000000284,0
83.5,83.5,0.8888888888888888,0.7376339544614311,0.17626205469771625,0.8581253332536891,0.15125493442745774,9.0,9.0,8.0,0.0,0
83.5,83.5,0.8888888888888888,0.7376339544614311,0.17626205469771625,0.8581253332536891,0.15125493442745774,9.0,9.0,8.0,-0.29999999999999716,0
83.5,83.5,0.8888888888888888,0.7376339544614311,0.17626205469771625,0.8581253332536891,0.15125493442745774,9.0,9.0,8.0,-0.20000000000000284,0
83.5,83.5,0.8888888888888888,0.7376339544614311,0.17626205469771625,0.8581253332536891,0.15125493442745774,9.0,9.0,8.0,-0.19999999999998863,0
83.5,83.5,0.8888888888888888,0.7376339544614311,0.17626205469771625,0.8581253332536891,0.15125493442745774,9.0,9.0,8.0,0.0,0
83.5,83.5,0.8888888888888888,0.7376339544614311,0.17626205469771625,0.8581253332536891,0.15125493442745774,9.0,9.0,8.0,-0.20000000000000284,0
83.5,83.5,0.8888888888888888,0.7376339544614311,0.17626205469771625,0.8581253332536891,0.15125493442745774,9.0,9.0,8.0,-0.29999999999999716,0
83.5,83.5,0.8888888888888888,0.7376339544614311,0.17626205469771625,0.8581253332536891,0.15125493442745774,9.0,9.0,8.0,-0.20000000000000284,0
84.5,84.5,0.9473684210526315,0.7377765600154919,0.18695324837994126,1.1210923739136665,0.20959186103713967,9.0,10.0,9.0,0.29999999999999716,0
84.5,84.5,0.9473684210526315,0.7377765600154919,0.18695324837994126,1.1210923739136665,0.20959186103713967,9.0,10.0,9.0,-0.20000000000000284,0
84.5,84.5,0.9473684210526315,0.7377765600154919,0.18695324837994126,1.1210923739136665,0.20959186103713967,9.0,10.0,9.0,-0.19999999999998863,0
84.5,84.5,0.9473684210526315,0.7377765600154919,0.18695324837994126,1.1210923739136665,0.20959186103713967,9.0,10.0,9.0,0.0,0
84.5,84.5,0.9473684210526315,0.7377765600154919,0.18695324837994126,1.1210923739136665,0.20959186103713967,9.0,10.0,9.0,-0.20000000000000284,0
84.5,84.5,0.9473684210526315,0.7377765600154919,0.18695324837994126,1.1210923739136665,0.20959186103713967,9.0,10.0,9.0,-0.29999999999999716,0
84.5,84.5,0.9473684210526315,0.7377765600154919,0.18695324837994126,1.1210923739136665,0.20959186103713967,9.0,10.0,9.0,-0.20000000000000284,0
84.5,84.5,0.9473684210526315,0.7377765600154919,0.18695324837994126,1.1210923739136665,0.20959186103713967,9.0,10.0,9.0,0.0,0
84.5,84.5,0.9473684210526315,0.7377765600154919,0.18695324837994126,1.1210923739136665,0.20959186103713967,9.0,10.0,9.0,0.20000000000000284,0
85.5,85.5,0.8888888888888888,0.7268714236314081,0.19056641734706647,0.8501889656791346,0.16201746525748073,8.0,10.0,8.0,-0.19999999999998863,0
85.5,85.5,0.8888888888888888,0.7268714236314081,0.19056641734706647,0.8501889656791346,0.16201746525748073,8.0,10.0,8.0,0.0,0
85.5,85.5,0.8888888888888888,0.7268714236314081,0.19056641734706647,0.8501889656791346,0.16201746525748073,8.0,10.0,8.0,-0.20000000000000284,0
85.5,85.5,0.8888888888888888,0.7268714236314081,0.19056641734706647,0.8501889656791346,0.16201746525748073,8.0,10.0,8.0,-0.29999999999999716,0
85.5,85.5,0.8888888888888888,0.7268714236314081,0.19056641734706647,0.8501889656791346,0.16201746525748073,8.0,10.0,8.0,-0.20000000000000284,0
85.5,85.5,0.8888888888888888,0.7268714236314081,0.19056641734706647,0.8501889656791346,0.16201746525748073,8.0,10.0,8.0,0.0,0
85.5,85.5,0.8888888888888888,0.7268714236314081,0.19056641734706647,0.8501889656791346,0.16201746525748073,8.0,10.0,8.0,0.20000000000000284,0
85.5,85.5,0.8888888888888888,0.7268714236314081,0.19056641734706647,0.8501889656791346,0.16201746525748073,8.0,10.0,8.0,0.19999999999998863,0
86.5,86.5,0.8888888888888888,0.6906726629150004,0.18684631147060743,1.0608516936395054,0.19821622597388844,9.0,9.0,8.0,0.0,0
86.5,86.5,0.8888888888888888,0.6906726629150004,0.18684631147060743,1.0608516936395054,0.19821622597388844,9.0,9.0,8.0,-0.20000000000000284,0
86.5,86.5,0.8888888888888888,0.6906726629150004,0.18684631147060743,1.0608516936395054,0.19821622597388844,9.0,9.0,8.0,-0.29999999999999716,0
86.5,86.5,0.8888888888888888,0.6906726629150004,0.18684631147060743,1.0608516936395054,0.19821622597388844,9.0,9.0,8.0,-0.20000000000000284,0
86.5,86.5,0.8888888888888888,0.6906726629150004,0.18684631147060743,1.0608516936395054,0.19821622597388844,9.0,9.0,8.0,0.0,0
86.5,86.5,0.8888888888888888,0.6906726629150004,0.18684631147060743,1.0608516936395054,0.19821622597388844,9.0,9.0,8.0,0.20000000000000284,0
86.5,86.5,0.8888888888888888,0.6906726629150004,0.18684631147060743,1.0608516936395054,0.19821622597388844,9.0,9.0,8.0,0.19999999999998863,0
86.5,86.5,0.8888888888888888,0.6906726629150004,0.18684631147060743,1.0608516936395054,0.19821622597388844,9.0,9.0,8.0,-0.29999999999999716,0
87.5,87.5,0.75,0.6992285038490922,0.1678498756917986,0.30248158326988017,0.05077149615090781,7.0,9.0,6.0,-0.29999999999999716,0
87.5,87.5,0.75,0.6992285038490922,0.1678498756917986,0.30248158326988017,0.05077149615090781,7.0,9.0,6.0,-0.20000000000000284,0
87.5,87.5,0.75,0.6992285038490922,0.1678498756917986,0.30248158326988017,0.05077149615090781,7.0,9.0,6.0,0.0,0
87.5,87.5,0.75,0.6992285038490922,0.1678498756917986,0.30248158326988017,0.05077149615090781,7.0,9.0,6.0,0.20000000000000284,0
87.5,87.5,0.75,0.6992285038490922,0.1678498756917986,0.30248158326988017,0.05077149615090781,7.0,9.0,6.0,0.19999999999998863,0
87.5,87.5,0.75,0.6992285038490922,0.1678498756917986,0.30248158326988017,0.05077149615090781,7.0,9.0,6.0,-0.29999999999999716,0
88.5,88.5,0.5714285714285714,0.689260255817454,0.1638157049280709,-0.7192941875787842,-0.11783168438888258,5.0,9.0,4.0,0.0,0
88.5,88.5,0.5714285714285714,0.689260255817454,0.1638157049280709,-0.7192941875787842,-0.11783168438888258,5.0,9.0,4.0,0.20000000000000284,0
88.5,88.5,0.5714285714285714,0.689260255817454,0.1638157049280709,-0.7192941875787842,-0.11783168438888258,5.0,9.0,4.0,0.19999999999998863,0
88.5,88.5,0.5714285714285714,0.689260255817454,0.1638157049280709,-0.7192941875787842,-0.11783168438888258,5.0,9.0,4.0,-0.29999999999999716,0
89.5,89.5,0.3333333333333333,0.7124660232612245,0.18004834242237497,-2.1057271887484794,-0.37913268992789123,4.0,8.0,2.0,0.19999999999998863,0
89.5,89.5,0.3333333333333333,0.7124660232612245,0.18004834242237497,-2.1057271887484794,-0.37913268992789123,4.0,8.0,2.0,-0.29999999999999716,0
90.5,90.5,0.2,0.6957658401883634,0.1837107079327213,-2.698622447037345,-0.4957658401883634,2.0,8.0,1.0,-0.29999999999999716,0
91.5,91.5,0.36363636363636365,0.7405572414341763,0.16842872861627672,-2.237865718600381,-0.3769208777978127,2.0,9.0,2.0,-0.20000000000000284,0
91.5,91.5,0.36363636363636365,0.7405572414341763,0.16842872861627672,-2.237865718600381,-0.3769208777978127,2.0,9.0,2.0,0.20000000000000284,0
92.5,92.5,0.5,0.7359367762268691,0.1686720783980289,-1.398789760982908,-0.23593677622686915,3.0,9.0,3.0,-0.20000000000000284,0
92.5,92.5,0.5,0.7359367762268691,0.1686720783980289,-1.398789760982908,-0.23593677622686915,3.0,9.0,3.0,0.20000000000000284,0
92.5,92.5,0.5,0.7359367762268691,0.1686720783980289,-1.398789760982908,-0.23593677622686915,3.0,9.0,3.0,0.09999999999999432,0
93.5,93.5,0.6153846153846154,0.6778983347835514,0.17777288046355344,-0.35164935864192415,-0.06251371939893602,5.0,8.0,4.0,-0.20000000000000284,0
93.5,93.5,0.6153846153846154,0.6778983347835514,0.17777288046355344,-0.35164935864192415,-0.06251371939893602,5.0,8.0,4.0,0.20000000000000284,0
93.5,93.5,0.6153846153846154,0.6778983347835514,0.17777288046355344,-0.35164935864192415,-0.06251371939893602,5.0,8.0,4.0,0.09999999999999432,0
93.5,93.5,0.6153846153846154,0.6778983347835514,0.17777288046355344,-0.35164935864192415,-0.06251371939893602,5.0,8.0,4.0,0.10000000000000853,0
94.5,94.5,0.7142857142857143,0.6301727231832495,0.1815224448170661,0.4633751555474689,0.08411299110246484,7.0,7.0,5.0,-0.20000000000000284,0
94.5,94.5,0.7142857142857143,0.6301727231832495,0.1815224448170661,0.4633751555474689,0.08411299110246484,7.0,7.0,5.0,0.20000000000000284,0
94.5,94.5,0.7142857142857143,0.6301727231832495,0.1815224448170661,0.4633751555474689,0.08411299110246484,7.0,7.0,5.0,0.09999999999999432,0
94.5,94.5,0.7142857142857143,0.6301727231832495,0.1815224448170661,0.4633751555474689,0.08411299110246484,7.0,7.0,5.0,0.10000000000000853,0
94.5,94.5,0.7142857142857143,0.6301727231832495,0.1815224448170661,0.4633751555474689,0.08411299110246484,7.0,7.0,5.0,-0.09999999999999432,0
95.5,95.5,0.7058823529411765,0.6379613649937953,0.16207330274838327,0.41907573175594304,0.06792098794738122,9.0,8.0,6.0,-0.20000000000000284,0
95.5,95.5,0.7058823529411765,0.6379613649937953,0.16207330274838327,0.41907573175594304,0.06792098794738122,9.0,8.0,6.0,0.20000000000000284,0
95.5,95.5,0.7058823529411765,0.6379613649937953,0.16207330274838327,0.41907573175594304,0.06792098794738122,9.0,8.0,6.0,0.09999999999999432,0
95.5,95.5,0.7058823529411765,0.6379613649937953,0.16207330274838327,0.41907573175594304,0.06792098794738122,9.0,8.0,6.0,0.10000000000000853,0
95.5,95.5,0.7058823529411765,0.6379613649937953,0.16207330274838327,0.41907573175594304,0.06792098794738122,9.0,8.0,6.0,-0.09999999999999432,0
95.5,95.5,0.7058823529411765,0.6379613649937953,0.16207330274838327,0.41907573175594304,0.06792098794738122,9.0,8.0,6.0,0.10000000000000853,0
96.5,96.5,0.7777777777777778,0.6736889631352478,0.15324793026578284,0.6792184042029498,0.10408881464252995,10.0,8.0,7.0,-0.29999999999999716,0
96.5,96.5,0.7777777777777778,0.6736889631352478,0.15324793026578284,0.6792184042029498,0.10408881464252995,10.0,8.0,7.0,0.09999999999999432,0
96.5,96.5,0.7777777777777778,0.6736889631352478,0.15324793026578284,0.6792184042029498,0.10408881464252995,10.0,8.0,7.0,0.10000000000000853,0
96.5,96.5,0.7777777777777778,0.6736889631352478,0.15324793026578284,0.6792184042029498,0.10408881464252995,10.0,8.0,7.0,-0.09999999999999432,0
96.5,96.5,0.7777777777777778,0.6736889631352478,0.15324793026578284,0.6792184042029498,0.10408881464252995,10.0,8.0,7.0,0.10000000000000853,0
96.5,96.5,0.7777777777777778,0.6736889631352478,0.15324793026578284,0.6792184042029498,0.10408881464252995,10.0,8.0,7.0,0.0,0
96.5,96.5,0.7777777777777778,0.6736889631352478,0.15324793026578284,0.6792184042029498,0.10408881464252995,10.0,8.0,7.0,0.20000000000000284,0
97.5,97.5,0.7777777777777778,0.6707075947788024,0.18126818650289775,0.5906727764238089,0.10707018299897542,10.0,8.0,7.0,0.10000000000000853,0
97.5,97.5,0.7777777777777778,0.6707075947788024,0.18126818650289775,0.5906727764238089,0.10707018299897542,10.0,8.0,7.0,-0.09999999999999432,0
97.5,97.5,0.7777777777777778,0.6707075947788024,0.18126818650289775,0.5906727764238089,0.10707018299897542,10.0,8.0,7.0,0.10000000000000853,0
97.5,97.5,0.7777777777777778,0.6707075947788024,0.18126818650289775,0.5906727764238089,0.10707018299897542,10.0,8.0,7.0,0.0,0
97.5,97.5,0.7777777777777778,0.6707075947788024,0.18126818650289775,0.5906727764238089,0.10707018299897542,10.0,8.0,7.0,0.20000000000000284,0
97.5,97.5,0.7777777777777778,0.6707075947788024,0.18126818650289775,0.5906727764238089,0.10707018299897542,10.0,8.0,7.0,-0.20000000000000284,0
97.5,97.5,0.7777777777777778,0.6707075947788024,0.18126818650289775,0.5906727764238089,0.10707018299897542,10.0,8.0,7.0,-0.09999999999999432,0
98.5,98.5,0.8421052631578947,0.6879535526049458,0.19376933173901004,0.7955423552813684,0.15415171055294885,10.0,9.0,8.0,-0.09999999999999432,0
98.5,98.5,0.8421052631578947,0.6879535526049458,0.19376933173901004,0.7955423552813684,0.15415171055294885,10.0,9.0,8.0,0.10000000000000853,0
98.5,98.5,0.8421052631578947,0.6879535526049458,0.19376933173901004,0.7955423552813684,0.15415171055294885,10.0,9.0,8.0,0.0,0
98.5,98.5,0.8421052631578947,0.6879535526049458,0.19376933173901004,0.7955423552813684,0.15415171055294885,10.0,9.0,8.0,0.20000000000000284,0
98.5,98.5,0.8421052631578947,0.6879535526049458,0.19376933173901004,0.7955423552813684,0.15415171055294885,10.0,9.0,8.0,-0.20000000000000284,0
98.5,98.5,0.8421052631578947,0.6879535526049458,0.19376933173901004,0.7955423552813684,0.15415171055294885,10.0,9.0,8.0,-0.09999999999999432,0
98.5,98.5,0.8421052631578947,0.6879535526049458,0.19376933173901004,0.7955423552813684,0.15415171055294885,10.0,9.0,8.0,-0.10000000000000853,0
98.5,98.5,0.8421052631578947,0.6879535526049458,0.19376933173901004,0.7955423552813684,0.15415171055294885,10.0,9.0,8.0,-0.29999999999999716,0
99.5,99.5,0.8421052631578947,0.7041492134026964,0.19262409818666293,0.7161930986511955,0.13795604975519826,10.0,9.0,8.0,0.10000000000000853,0
99.5,99.5,0.8421052631578947,0.7041492134026964,0.19262409818666293,0.7161930986511955,0.13795604975519826,10.0,9.0,8.0,0.0,0
99.5,99.5,0.8421052631578947,0.7041492134026964,0.19262409818666293,0.7161930986511955,0.13795604975519826,10.0,9.0,8.0,0.20000000000000284,0
99.5,99.5,0.8421052631578947,0.7041492134026964,0.19262409818666293,0.7161930986511955,0.13795604975519826,10.0,9.0,8.0,-0.20000000000000284,0
99.5,99.5,0.8421052631578947,0.7041492134026964,0.19262409818666293,0.7161930986511955,0.13795604975519826,10.0,9.0,8.0,-0.09999999999999432,0
99.5,99.5,0.8421052631578947,0.7041492134026964,0.19262409818666293,0.7161930986511955,0.13795604975519826,10.0,9.0,8.0,-0.10000000000000853,0
99.5,99.5,0.8421052631578947,0.7041492134026964,0.19262409818666293,0.7161930986511955,0.13795604975519826,10.0,9.0,8.0,-0.29999999999999716,0
99.5,99.5,0.8421052631578947,0.7041492134026964,0.19262409818666293,0.7161930986511955,0.13795604975519826,10.0,9.0,8.0,0.09999999999999432,0
100.5,100.5,0.8571428571428571,0.723392162390712,0.180896074738856,0.7393786456960405,0.13375069475214507,10.0,11.0,9.0,0.0,0
100.5,100.5,0.8571428571428571,0.723392162390712,0.180896074738856,0.7393786456960405,0.13375069475214507,10.0,11.0,9.0,0.20000000000000284,0
100.5,100.5,0.8571428571428571,0.723392162390712,0.180896074738856,0.7393786456960405,0.13375069475214507,10.0,11.0,9.0,-0.20000000000000284,0
100.5,100.5,0.8571428571428571,0.723392162390712,0.180896074738856,0.7393786456960405,0.13375069475214507,10.0,11.0,9.0,-0.09999999999999432,0
100.5,100.5,0.8571428571428571,0.723392162390712,0.180896074738856,0.7393786456960405,0.13375069475214507,10.0,11.0,9.0,-0.10000000000000853,0
100.5,100.5,0.8571428571428571,0.723392162390712,0.180896074738856,0.7393786456960405,0.13375069475214507,10.0,11.0,9.0,-0.29999999999999716,0
100.5,100.5,0.8571428571428571,0.723392162390712,0.180896074738856,0.7393786456960405,0.13375069475214507,10.0,11.0,9.0,0.09999999999999432,0
100.5,100.5,0.8571428571428571,0.723392162390712,0.180896074738856,0.7393786456960405,0.13375069475214507,10.0,11.0,9.0,0.10000000000000853,0
100.5,100.5,0.8571428571428571,0.723392162390712,0.180896074738856,0.7393786456960405,0.13375069475214507,10.0,11.0,9.0,0.09999999999999432,0
101.5,101.5,0.8,0.7123326523064138,0.1765408068590076,0.4965840433911734,0.0876673476935862,10.0,10.0,8.0,-0.20000000000000284,0
101.5,101.5,0.8,0.7123326523064138,0.1765408068590076,0.4965840433911734,0.0876673476935862,10.0,10.0,8.0,-0.09999999999999432,0
101.5,101.5,0.8,0.7123326523064138,0.1765408068590076,0.4965840433911734,0.0876673476935862,10.0,10.0,8.0,-0.10000000000000853,0
101.5,101.5,0.8,0.7123326523064138,0.1765408068590076,0.4965840433911734,0.0876673476935862,10.0,10.0,8.0,-0.29999999999999716,0
101.5,101.5,0.8,0.7123326523064138,0.1765408068590076,0.4965840433911734,0.0876673476935862,10.0,10.0,8.0,0.09999999999999432,0
101.5,101.5,0.8,0.7123326523064138,0.1765408068590076,0.4965840433911734,0.0876673476935862,10.0,10.0,8.0,0.10000000000000853,0
101.5,101.5,0.8,0.7123326523064138,0.1765408068590076,0.4965840433911734,0.0876673476935862,10.0,10.0,8.0,0.09999999999999432,0
101.5,101.5,0.8,0.7123326523064138,0.1765408068590076,0.4965840433911734,0.0876673476935862,10.0,10.0,8.0,-0.20000000000000284,0
102.5,102.5,0.8235294117647058,0.7550198015177119,0.1832507125077601,0.37385726532491825,0.06850961024699398,8.0,9.0,7.0,-0.10000000000000853,0
102.5,102.5,0.8235294117647058,0.7550198015177119,0.1832507125077601,0.37385726532491825,0.06850961024699398,8.0,9.0,7.0,-0.29999999999999716,0
102.5,102.5,0.8235294117647058,0.7550198015177119,0.1832507125077601,0.37385726532491825,0.06850961024699398,8.0,9.0,7.0,0.09999999999999432,0
102.5,102.5,0.8235294117647058,0.7550198015177119,0.1832507125077601,0.37385726532491825,0.06850961024699398,8.0,9.0,7.0,0.10000000000000853,0
102.5,102.5,0.8235294117647058,0.7550198015177119,0.1832507125077601,0.37385726532491825,0.06850961024699398,8.0,9.0,7.0,0.09999999999999432,0
102.5,102.5,0.8235294117647058,0.7550198015177119,0.1832507125077601,0.37385726532491825,0.06850961024699398,8.0,9.0,7.0,-0.20000000000000284,0
102.5,102.5,0.8235294117647058,0.7550198015177119,0.1832507125077601,0.37385726532491825,0.06850961024699398,8.0,9.0,7.0,-0.19999999999998863,0
103.5,103.5,0.7777777777777778,0.7322968706731864,0.17812897148318976,0.2553257155525848,0.045480907104591406,8.0,10.0,7.0,0.09999999999999432,0
103.5,103.5,0.7777777777777778,0.7322968706731864,0.17812897148318976,0.2553257155525848,0.045480907104591406,8.0,10.0,7.0,0.09999999999999432,0
103.5,103.5,0.7777777777777778,0.7322968706731864,0.17812897148318976,0.2553257155525848,0.045480907104591406,8.0,10.0,7.0,0.10000000000000853,0
103.5,103.5,0.7777777777777778,0.7322968706731864,0.17812897148318976,0.2553257155525848,0.045480907104591406,8.0,10.0,7.0,0.09999999999999432,0
103.5,103.5,0.7777777777777778,0.7322968706731864,0.17812897148318976,0.2553257155525848,0.045480907104591406,8.0,10.0,7.0,-0.20000000000000284,0
103.5,103.5,0.7777777777777778,0.7322968706731864,0.17812897148318976,0.2553257155525848,0.045480907104591406,8.0,10.0,7.0,-0.19999999999998863,0
103.5,103.5,0.7777777777777778,0.7322968706731864,0.17812897148318976,0.2553257155525848,0.045480907104591406,8.0,10.0,7.0,-0.09999999999999432,0
104.5,104.5,0.75,0.727514376576296,0.1723703092339021,0.13044951606596908,0.02248562342370397,7.0,9.0,6.0,0.10000000000000853,0
104.5,104.5,0.75,0.727514376576296,0.1723703092339021,0.13044951606596908,0.02248562342370397,7.0,9.0,6.0,0.09999999999999432,0
104.5,104.5,0.75,0.727514376576296,0.1723703092339021,0.13044951606596908,0.02248562342370397,7.0,9.0,6.0,-0.20000000000000284,0
104.5,104.5,0.75,0.727514376576296,0.1723703092339021,0.13044951606596908,0.02248562342370397,7.0,9.0,6.0,-0.19999999999998863,0
104.5,104.5,0.75,0.727514376576296,0.1723703092339021,0.13044951606596908,0.02248562342370397,7.0,9.0,6.0,-0.09999999999999432,0
104.5,104.5,0.75,0.727514376576296,0.1723703092339021,0.13044951606596908,0.02248562342370397,7.0,9.0,6.0,-0.30000000000001137,0
105.5,105.5,0.6666666666666666,0.7271742334462923,0.1730341317887681,-0.34968573052101903,-0.060507566779625654,6.0,9.0,5.0,-0.20000000000000284,0
105.5,105.5,0.6666666666666666,0.7271742334462923,0.1730341317887681,-0.34968573052101903,-0.060507566779625654,6.0,9.0,5.0,-0.19999999999998863,0
105.5,105.5,0.6666666666666666,0.7271742334462923,0.1730341317887681,-0.34968573052101903,-0.060507566779625654,6.0,9.0,5.0,-0.09999999999999432,0
105.5,105.5,0.6666666666666666,0.7271742334462923,0.1730341317887681,-0.34968573052101903,-0.060507566779625654,6.0,9.0,5.0,-0.30000000000001137,0
105.5,105.5,0.6666666666666666,0.7271742334462923,0.1730341317887681,-0.34968573052101903,-0.060507566779625654,6.0,9.0,5.0,0.20000000000000284,0
106.5,106.5,0.625,0.7154907156053442,0.18021569222416017,-0.5021245069646202,-0.09049071560534416,7.0,9.0,5.0,-0.09999999999999432,0
106.5,106.5,0.625,0.7154907156053442,0.18021569222416017,-0.5021245069646202,-0.09049071560534416,7.0,9.0,5.0,-0.30000000000001137,0
106.5,106.5,0.625,0.7154907156053442,0.18021569222416017,-0.5021245069646202,-0.09049071560534416,7.0,9.0,5.0,0.20000000000000284,0
106.5,106.5,0.625,0.7154907156053442,0.18021569222416017,-0.5021245069646202,-0.09049071560534416,7.0,9.0,5.0,-0.10000000000000853,0
106.5,106.5,0.625,0.7154907156053442,0.18021569222416017,-0.5021245069646202,-0.09049071560534416,7.0,9.0,5.0,0.0,0
107.5,107.5,0.8235294117647058,0.7401033427700611,0.1850852805197464,0.4507439422539287,0.08342606899464478,8.0,9.0,7.0,-0.09999999999999432,0
107.5,107.5,0.8235294117647058,0.7401033427700611,0.1850852805197464,0.4507439422539287,0.08342606899464478,8.0,9.0,7.0,-0.30000000000001137,0
107.5,107.5,0.8235294117647058,0.7401033427700611,0.1850852805197464,0.4507439422539287,0.08342606899464478,8.0,9.0,7.0,0.20000000000000284,0
107.5,107.5,0.8235294117647058,0.7401033427700611,0.1850852805197464,0.4507439422539287,0.08342606899464478,8.0,9.0,7.0,-0.10000000000000853,0
107.5,107.5,0.8235294117647058,0.7401033427700611,0.1850852805197464,0.4507439422539287,0.08342606899464478,8.0,9.0,7.0,0.0,0
107.5,107.5,0.8235294117647058,0.7401033427700611,0.1850852805197464,0.4507439422539287,0.08342606899464478,8.0,9.0,7.0,-0.20000000000000284,0
107.5,107.5,0.8235294117647058,0.7401033427700611,0.1850852805197464,0.4507439422539287,0.08342606899464478,8.0,9.0,7.0,-0.20000000000000284,0
108.5,108.5,0.8888888888888888,0.7508165153817631,0.18592410240664173,0.7426276191192381,0.13807237350712576,8.0,10.0,8.0,-0.30000000000001137,0
108.5,108.5,0.8888888888888888,0.7508165153817631,0.18592410240664173,0.7426276191192381,0.13807237350712576,8.0,10.0,8.0,0.20000000000000284,0
108.5,108.5,0.8888888888888888,0.7508165153817631,0.18592410240664173,0.7426276191192381,0.13807237350712576,8.0,10.0,8.0,-0.10000000000000853,0
108.5,108.5,0.8888888888888888,0.7508165153817631,0.18592410240664173,0.7426276191192381,0.13807237350712576,8.0,10.0,8.0,0.0,0
108.5,108.5,0.8888888888888888,0.7508165153817631,0.18592410240664173,0.7426276191192381,0.13807237350712576,8.0,10.0,8.0,-0.20000000000000284,0
108.5,108.5,0.8888888888888888,0.7508165153817631,0.18592410240664173,0.7426276191192381,0.13807237350712576,8.0,10.0,8.0,-0.20000000000000284,0
108.5,108.5,0.8888888888888888,0.7508165153817631,0.18592410240664173,0.7426276191192381,0.13807237350712576,8.0,10.0,8.0,-0.30000000000001137,0
108.5,108.5,0.8888888888888888,0.7508165153817631,0.18592410240664173,0.7426276191192381,0.13807237350712576,8.0,10.0,8.0,-0.20000000000000284,0
109.5,109.5,0.8421052631578947,0.745154423698077,0.17453001977149463,0.5554966394133892,0.09695083945981764,10.0,9.0,8.0,0.20000000000000284,0
109.5,109.5,0.8421052631578947,0.745154423698077,0.17453001977149463,0.5554966394133892,0.09695083945981764,10.0,9.0,8.0,-0.10000000000000853,0
109.5,109.5,0.8421052631578947,0.745154423698077,0.17453001977149463,0.5554966394133892,0.09695083945981764,10.0,9.0,8.0,0.0,0
109.5,109.5,0.8421052631578947,0.745154423698077,0.17453001977149463,0.5554966394133892,0.09695083945981764,10.0,9.0,8.0,-0.20000000000000284,0
109.5,109.5,0.8421052631578947,0.745154423698077,0.17453001977149463,0.5554966394133892,0.09695083945981764,10.0,9.0,8.0,-0.20000000000000284,0
109.5,109.5,0.8421052631578947,0.745154423698077,0.17453001977149463,0.5554966394133892,0.09695083945981764,10.0,9.0,8.0,-0.30000000000001137,0
109.5,109.5,0.8421052631578947,0.745154423698077,0.17453001977149463,0.5554966394133892,0.09695083945981764,10.0,9.0,8.0,-0.20000000000000284,0
109.5,109.5,0.8421052631578947,0.745154423698077,0.17453001977149463,0.5554966394133892,0.09695083945981764,10.0,9.0,8.0,-0.30000000000001137,0
110.5,110.5,0.8235294117647058,0.6718837626597688,0.1682491059561336,0.901316225385914,0.15164564910493705,10.0,7.0,7.0,-0.10000000000000853,0
110.5,110.5,0.8235294117647058,0.6718837626597688,0.1682491059561336,0.901316225385914,0.15164564910493705,10.0,7.0,7.0,0.0,0
110.5,110.5,0.8235294117647058,0.6718837626597688,0.1682491059561336,0.901316225385914,0.15164564910493705,10.0,7.0,7.0,-0.20000000000000284,0
110.5,110.5,0.8235294117647058,0.6718837626597688,0.1682491059561336,0.901316225385914,0.15164564910493705,10.0,7.0,7.0,-0.20000000000000284,0
110.5,110.5,0.8235294117647058,0.6718837626597688,0.1682491059561336,0.901316225385914,0.15164564910493705,10.0,7.0,7.0,-0.30000000000001137,0
110.5,110.5,0.8235294117647058,0.6718837626597688,0.1682491059561336,0.901316225385914,0.15164564910493705,10.0,7.0,7.0,-0.20000000000000284,0
110.5,110.5,0.8235294117647058,0.6718837626597688,0.1682491059561336,0.901316225385914,0.15164564910493705,10.0,7.0,7.0,-0.30000000000001137,0
111.5,111.5,0.7142857142857143,0.5752776163379104,0.1780355515624272,0.7807884252773045,0.1390080979478039,9.0,5.0,5.0,-0.20000000000000284,0
111.5,111.5,0.7142857142857143,0.5752776163379104,0.1780355515624272,0.7807884252773045,0.1390080979478039,9.0,5.0,5.0,-0.20000000000000284,0
111.5,111.5,0.7142857142857143,0.5752776163379104,0.1780355515624272,0.7807884252773045,0.1390080979478039,9.0,5.0,5.0,-0.30000000000001137,0
111.5,111.5,0.7142857142857143,0.5752776163379104,0.1780355515624272,0.7807884252773045,0.1390080979478039,9.0,5.0,5.0,-0.20000000000000284,0
111.5,111.5,0.7142857142857143,0.5752776163379104,0.1780355515624272,0.7807884252773045,0.1390080979478039,9.0,5.0,5.0,-0.30000000000001137,0
112.5,112.5,0.5,0.5855650414944532,0.13522916299003093,-0.6327410419656376,-0.08556504149445321,7.0,5.0,3.0,-0.30000000000001137,0
112.5,112.5,0.5,0.5855650414944532,0.13522916299003093,-0.6327410419656376,-0.08556504149445321,7.0,5.0,3.0,-0.20000000000000284,0
112.5,112.5,0.5,0.5855650414944532,0.13522916299003093,-0.6327410419656376,-0.08556504149445321,7.0,5.0,3.0,-0.30000000000001137,0
113.5,113.5,0.3333333333333333,0.5751400111326582,0.1628645861808232,-1.4847099880317438,-0.2418066777993249,7.0,5.0,2.0,-0.30000000000001137,0
113.5,113.5,0.3333333333333333,0.5751400111326582,0.1628645861808232,-1.4847099880317438,-0.2418066777993249,7.0,5.0,2.0,-0.20000000000000284,0
114.5,114.5,0.46153846153846156,0.6150742016153781,0.2017381869356691,-0.7610643399203169,-0.1535357400769165,7.0,6.0,3.0,-0.20000000000000284,0
114.5,114.5,0.46153846153846156,0.6150742016153781,0.2017381869356691,-0.7610643399203169,-0.1535357400769165,7.0,6.0,3.0,0.09999999999999432,0
114.5,114.5,0.46153846153846156,0.6150742016153781,0.2017381869356691,-0.7610643399203169,-0.1535357400769165,7.0,6.0,3.0,0.20000000000000284,0
115.5,115.5,0.6666666666666666,0.7112276597929075,0.19492185954350366,-0.22860952194176812,-0.044560993126240844,7.0,8.0,5.0,-0.20000000000000284,0
115.5,115.5,0.6666666666666666,0.7112276597929075,0.19492185954350366,-0.22860952194176812,-0.044560993126240844,7.0,8.0,5.0,0.09999999999999432,0
115.5,115.5,0.6666666666666666,0.7112276597929075,0.19492185954350366,-0.22860952194176812,-0.044560993126240844,7.0,8.0,5.0,0.20000000000000284,0
115.5,115.5,0.6666666666666666,0.7112276597929075,0.19492185954350366,-0.22860952194176812,-0.044560993126240844,7.0,8.0,5.0,0.10000000000000853,0
115.5,115.5,0.6666666666666666,0.7112276597929075,0.19492185954350366,-0.22860952194176812,-0.044560993126240844,7.0,8.0,5.0,0.0,0
116.5,116.5,0.7058823529411765,0.7837652334421684,0.18481846884525435,-0.42140204378709595,-0.0778828805009919,7.0,10.0,6.0,-0.20000000000000284,0
116.5,116.5,0.7058823529411765,0.7837652334421684,0.18481846884525435,-0.42140204378709595,-0.0778828805009919,7.0,10.0,6.0,0.09999999999999432,0
116.5,116.5,0.7058823529411765,0.7837652334421684,0.18481846884525435,-0.42140204378709595,-0.0778828805009919,7.0,10.0,6.0,0.20000000000000284,0
116.5,116.5,0.7058823529411765,0.7837652334421684,0.18481846884525435,-0.42140204378709595,-0.0778828805009919,7.0,10.0,6.0,0.10000000000000853,0
116.5,116.5,0.7058823529411765,0.7837652334421684,0.18481846884525435,-0.42140204378709595,-0.0778828805009919,7.0,10.0,6.0,0.0,0
116.5,116.5,0.7058823529411765,0.7837652334421684,0.18481846884525435,-0.42140204378709595,-0.0778828805009919,7.0,10.0,6.0,0.0,0
117.5,117.5,0.8235294117647058,0.733269856931854,0.18723604074906064,0.48206293228460445,0.09025955483285186,8.0,9.0,7.0,-0.20000000000000284,0
117.5,117.5,0.8235294117647058,0.733269856931854,0.18723604074906064,0.48206293228460445,0.09025955483285186,8.0,9.0,7.0,0.09999999999999432,0
117.5,117.5,0.8235294117647058,0.733269856931854,0.18723604074906064,0.48206293228460445,0.09025955483285186,8.0,9.0,7.0,0.20000000000000284,0
117.5,117.5,0.8235294117647058,0.733269856931854,0.18723604074906064,0.48206293228460445,0.09025955483285186,8.0,9.0,7.0,0.10000000000000853,0
117.5,117.5,0.8235294117647058,0.733269856931854,0.18723604074906064,0.48206293228460445,0.09025955483285186,8.0,9.0,7.0,0.0,0
117.5,117.5,0.8235294117647058,0.733269856931854,0.18723604074906064,0.48206293228460445,0.09025955483285186,8.0,9.0,7.0,0.0,0
117.5,117.5,0.8235294117647058,0.733269856931854,0.18723604074906064,0.48206293228460445,0.09025955483285186,8.0,9.0,7.0,0.29999999999999716,0
118.5,118.5,0.8235294117647058,0.7313955813708136,0.17141634415885504,0.5374856805282809,0.09213383039389222,9.0,8.0,7.0,0.09999999999999432,0
118.5,118.5,0.8235294117647058,0.7313955813708136,0.17141634415885504,0.5374856805282809,0.09213383039389222,9.0,8.0,7.0,0.20000000000000284,0
118.5,118.5,0.8235294117647058,0.7313955813708136,0.17141634415885504,0.5374856805282809,0.09213383039389222,9.0,8.0,7.0,0.10000000000000853,0
118.5,118.5,0.8235294117647058,0.7313955813708136,0.17141634415885504,0.5374856805282809,0.09213383039389222,9.0,8.0,7.0,0.0,0
118.5,118.5,0.8235294117647058,0.7313955813708136,0.17141634415885504,0.5374856805282809,0.09213383039389222,9.0,8.0,7.0,0.0,0
118.5,118.5,0.8235294117647058,0.7313955813708136,0.17141634415885504,0.5374856805282809,0.09213383039389222,9.0,8.0,7.0,0.29999999999999716,0
118.5,118.5,0.8235294117647058,0.7313955813708136,0.17141634415885504,0.5374856805282809,0.09213383039389222,9.0,8.0,7.0,0.10000000000000853,0
119.5,119.5,0.7058823529411765,0.737575914771503,0.16324686462589552,-0.19414499569689725,-0.031693561830326455,9.0,8.0,6.0,-0.29999999999999716,0
119.5,119.5,0.7058823529411765,0.737575914771503,0.16324686462589552,-0.19414499569689725,-0.031693561830326455,9.0,8.0,6.0,0.0,0
119.5,119.5,0.7058823529411765,0.737575914771503,0.16324686462589552,-0.19414499569689725,-0.031693561830326455,9.0,8.0,6.0,0.0,0
119.5,119.5,0.7058823529411765,0.737575914771503,0.16324686462589552,-0.19414499569689725,-0.031693561830326455,9.0,8.0,6.0,0.29999999999999716,0
119.5,119.5,0.7058823529411765,0.737575914771503,0.16324686462589552,-0.19414499569689725,-0.031693561830326455,9.0,8.0,6.0,0.10000000000000853,0
119.5,119.5,0.7058823529411765,0.737575914771503,0.16324686462589552,-0.19414499569689725,-0.031693561830326455,9.0,8.0,6.0,-0.20000000000000284,0
120.5,120.5,0.75,0.7194885272879855,0.1699746129443753,0.17950605789583093,0.030511472712014487,8.0,8.0,6.0,0.0,0
120.5,120.5,0.75,0.7194885272879855,0.1699746129443753,0.17950605789583093,0.030511472712014487,8.0,8.0,6.0,0.29999999999999716,0
120.5,120.5,0.75,0.7194885272879855,0.1699746129443753,0.17950605789583093,0.030511472712014487,8.0,8.0,6.0,0.10000000000000853,0
120.5,120.5,0.75,0.7194885272879855,0.1699746129443753,0.17950605789583093,0.030511472712014487,8.0,8.0,6.0,-0.20000000000000284,0
120.5,120.5,0.75,0.7194885272879855,0.1699746129443753,0.17950605789583093,0.030511472712014487,8.0,8.0,6.0,-0.09999999999999432,0
120.5,120.5,0.75,0.7194885272879855,0.1699746129443753,0.17950605789583093,0.030511472712014487,8.0,8.0,6.0,-0.19999999999998863,0
121.5,121.5,0.7058823529411765,0.7025163168616729,0.18977991608814077,0.017736524227043478,0.003366036079503587,9.0,8.0,6.0,0.10000000000000853,0
121.5,121.5,0.7058823529411765,0.7025163168616729,0.18977991608814077,0.017736524227043478,0.003366036079503587,9.0,8.0,6.0,-0.20000000000000284,0
121.5,121.5,0.7058823529411765,0.7025163168616729,0.18977991608814077,0.017736524227043478,0.003366036079503587,9.0,8.0,6.0,-0.09999999999999432,0
121.5,121.5,0.7058823529411765,0.7025163168616729,0.18977991608814077,0.017736524227043478,0.003366036079503587,9.0,8.0,6.0,-0.19999999999998863,0
121.5,121.5,0.7058823529411765,0.7025163168616729,0.18977991608814077,0.017736524227043478,0.003366036079503587,9.0,8.0,6.0,-0.19999999999998863,0
121.5,121.5,0.7058823529411765,0.7025163168616729,0.18977991608814077,0.017736524227043478,0.003366036079503587,9.0,8.0,6.0,0.09999999999999432,0
122.5,122.5,0.8,0.7590759030529155,0.1853657487424615,0.22077485848770567,0.04092409694708454,10.0,10.0,8.0,0.10000000000000853,0
122.5,122.5,0.8,0.7590759030529155,0.1853657487424615,0.22077485848770567,0.04092409694708454,10.0,10.0,8.0,-0.20000000000000284,0
122.5,122.5,0.8,0.7590759030529155,0.1853657487424615,0.22077485848770567,0.04092409694708454,10.0,10.0,8.0,-0.09999999999999432,0
122.5,122.5,0.8,0.7590759030529155,0.1853657487424615,0.22077485848770567,0.04092409694708454,10.0,10.0,8.0,-0.19999999999998863,0
122.5,122.5,0.8,0.7590759030529155,0.1853657487424615,0.22077485848770567,0.04092409694708454,10.0,10.0,8.0,-0.19999999999998863,0
122.5,122.5,0.8,0.7590759030529155,0.1853657487424615,0.22077485848770567,0.04092409694708454,10.0,10.0,8.0,0.09999999999999432,0
122.5,122.5,0.8,0.7590759030529155,0.1853657487424615,0.22077485848770567,0.04092409694708454,10.0,10.0,8.0,0.0,0
122.5,122.5,0.8,0.7590759030529155,0.1853657487424615,0.22077485848770567,0.04092409694708454,10.0,10.0,8.0,-0.20000000000000284,0
123.5,123.5,0.8421052631578947,0.7466081587401248,0.1799851863638957,0.530583134906964,0.09549710441776993,10.0,9.0,8.0,-0.20000000000000284,0
123.5,123.5,0.8421052631578947,0.7466081587401248,0.1799851863638957,0.530583134906964,0.09549710441776993,10.0,9.0,8.0,-0.09999999999999432,0
123.5,123.5,0.8421052631578947,0.7466081587401248,0.1799851863638957,0.530583134906964,0.09549710441776993,10.0,9.0,8.0,-0.19999999999998863,0
123.5,123.5,0.8421052631578947,0.7466081587401248,0.1799851863638957,0.530583134906964,0.09549710441776993,10.0,9.0,8.0,-0.19999999999998863,0
123.5,123.5,0.8421052631578947,0.7466081587401248,0.1799851863638957,0.530583134906964,0.09549710441776993,10.0,9.0,8.0,0.09999999999999432,0
123.5,123.5,0.8421052631578947,0.7466081587401248,0.1799851863638957,0.530583134906964,0.09549710441776993,10.0,9.0,8.0,0.0,0
123.5,123.5,0.8421052631578947,0.7466081587401248,0.1799851863638957,0.530583134906964,0.09549710441776993,10.0,9.0,8.0,-0.20000000000000284,0
123.5,123.5,0.8421052631578947,0.7466081587401248,0.1799851863638957,0.530583134906964,0.09549710441776993,10.0,9.0,8.0,0.09999999999999432,0
124.5,124.5,0.8235294117647058,0.718257676525401,0.1711876487963815,0.614949361005127,0.10527173523930489,9.0,8.0,7.0,-0.09999999999999432,0
124.5,124.5,0.8235294117647058,0.718257676525401,0.1711876487963815,0.614949361005127,0.10527173523930489,9.0,8.0,7.0,-0.19999999999998863,0
124.5,124.5,0.8235294117647058,0.718257676525401,0.1711876487963815,0.614949361005127,0.10527173523930489,9.0,8.0,7.0,-0.19999999999998863,0
124.5,124.5,0.8235294117647058,0.718257676525401,0.1711876487963815,0.614949361005127,0.10527173523930489,9.0,8.0,7.0,0.09999999999999432,0
124.5,124.5,0.8235294117647058,0.718257676525401,0.1711876487963815,0.614949361005127,0.10527173523930489,9.0,8.0,7.0,0.0,0
124.5,124.5,0.8235294117647058,0.718257676525401,0.1711876487963815,0.614949361005127,0.10527173523930489,9.0,8.0,7.0,-0.20000000000000284,0
124.5,124.5,0.8235294117647058,0.718257676525401,0.1711876487963815,0.614949361005127,0.10527173523930489,9.0,8.0,7.0,0.09999999999999432,0
125.5,125.5,0.8,0.7205212999504796,0.15969212466669153,0.49769955916992076,0.0794787000495204,7.0,8.0,6.0,0.20000000000000284,0
125.5,125.5,0.8,0.7205212999504796,0.15969212466669153,0.49769955916992076,0.0794787000495204,7.0,8.0,6.0,0.09999999999999432,0
125.5,125.5,0.8,0.7205212999504796,0.15969212466669153,0.49769955916992076,0.0794787000495204,7.0,8.0,6.0,0.0,0
125.5,125.5,0.8,0.7205212999504796,0.15969212466669153,0.49769955916992076,0.0794787000495204,7.0,8.0,6.0,-0.20000000000000284,0
125.5,125.5,0.8,0.7205212999504796,0.15969212466669153,0.49769955916992076,0.0794787000495204,7.0,8.0,6.0,0.09999999999999432,0
125.5,125.5,0.8,0.7205212999504796,0.15969212466669153,0.49769955916992076,0.0794787000495204,7.0,8.0,6.0,-0.09999999999999432,0
126.5,126.5,0.8,0.7330892684199185,0.16065434579063725,0.4164887743981652,0.06691073158008154,7.0,8.0,6.0,0.0,0
126.5,126.5,0.8,0.7330892684199185,0.16065434579063725,0.4164887743981652,0.06691073158008154,7.0,8.0,6.0,-0.20000000000000284,0
126.5,126.5,0.8,0.7330892684199185,0.16065434579063725,0.4164887743981652,0.06691073158008154,7.0,8.0,6.0,0.09999999999999432,0
126.5,126.5,0.8,0.7330892684199185,0.16065434579063725,0.4164887743981652,0.06691073158008154,7.0,8.0,6.0,-0.09999999999999432,0
126.5,126.5,0.8,0.7330892684199185,0.16065434579063725,0.4164887743981652,0.06691073158008154,7.0,8.0,6.0,-0.10000000000002274,0
126.5,126.5,0.8,0.7330892684199185,0.16065434579063725,0.4164887743981652,0.06691073158008154,7.0,8.0,6.0,-0.20000000000001705,0
127.5,127.5,0.6666666666666666,0.7119615073351141,0.1614769242250768,-0.2805034891877965,-0.04529484066844747,8.0,7.0,5.0,0.09999999999999432,0
127.5,127.5,0.6666666666666666,0.7119615073351141,0.1614769242250768,-0.2805034891877965,-0.04529484066844747,8.0,7.0,5.0,-0.09999999999999432,0
127.5,127.5,0.6666666666666666,0.7119615073351141,0.1614769242250768,-0.2805034891877965,-0.04529484066844747,8.0,7.0,5.0,-0.10000000000002274,0
127.5,127.5,0.6666666666666666,0.7119615073351141,0.1614769242250768,-0.2805034891877965,-0.04529484066844747,8.0,7.0,5.0,-0.20000000000001705,0
127.5,127.5,0.6666666666666666,0.7119615073351141,0.1614769242250768,-0.2805034891877965,-0.04529484066844747,8.0,7.0,5.0,-0.19999999999998863,0
128.5,128.5,0.6666666666666666,0.7123021462112019,0.15651411088653328,-0.2915742183630922,-0.045635479544535285,8.0,7.0,5.0,-0.09999999999999432,0
128.5,128.5,0.6666666666666666,0.7123021462112019,0.15651411088653328,-0.2915742183630922,-0.045635479544535285,8.0,7.0,5.0,-0.10000000000002274,0
128.5,128.5,0.6666666666666666,0.7123021462112019,0.15651411088653328,-0.2915742183630922,-0.045635479544535285,8.0,7.0,5.0,-0.20000000000001705,0
128.5,128.5,0.6666666666666666,0.7123021462112019,0.15651411088653328,-0.2915742183630922,-0.045635479544535285,8.0,7.0,5.0,-0.19999999999998863,0
128.5,128.5,0.6666666666666666,0.7123021462112019,0.15651411088653328,-0.2915742183630922,-0.045635479544535285,8.0,7.0,5.0,0.09999999999999432,0
129.5,129.5,0.7058823529411765,0.7175059197166782,0.15509720125092594,-0.0749437557979938,-0.011623566775501692,10.0,7.0,6.0,-0.09999999999999432,0
129.5,129.5,0.7058823529411765,0.7175059197166782,0.15509720125092594,-0.0749437557979938,-0.011623566775501692,10.0,7.0,6.0,-0.10000000000002274,0
129.5,129.5,0.7058823529411765,0.7175059197166782,0.15509720125092594,-0.0749437557979938,-0.011623566775501692,10.0,7.0,6.0,-0.20000000000001705,0
129.5,129.5,0.7058823529411765,0.7175059197166782,0.15509720125092594,-0.0749437557979938,-0.011623566775501692,10.0,7.0,6.0,-0.19999999999998863,0
129.5,129.5,0.7058823529411765,0.7175059197166782,0.15509720125092594,-0.0749437557979938,-0.011623566775501692,10.0,7.0,6.0,0.09999999999999432,0
129.5,129.5,0.7058823529411765,0.7175059197166782,0.15509720125092594,-0.0749437557979938,-0.011623566775501692,10.0,7.0,6.0,0.0,0
130.5,130.5,0.625,0.611617852082558,0.1601493621793702,0.0835604196940461,0.013382147917441967,11.0,5.0,5.0,-0.10000000000002274,0
130.5,130.5,0.625,0.611617852082558,0.1601493621793702,0.0835604196940461,0.013382147917441967,11.0,5.0,5.0,-0.20000000000001705,0
130.5,130.5,0.625,0.611617852082558,0.1601493621793702,0.0835604196940461,0.013382147917441967,11.0,5.0,5.0,-0.19999999999998863,0
130.5,130.5,0.625,0.611617852082558,0.1601493621793702,0.0835604196940461,0.013382147917441967,11.0,5.0,5.0,0.09999999999999432,0
130.5,130.5,0.625,0.611617852082558,0.1601493621793702,0.0835604196940461,0.013382147917441967,11.0,5.0,5.0,0.0,0
131.5,131.5,0.5,0.566923510639687,0.14339315892890395,-0.46671341324496884,-0.06692351063968704,11.0,5.0,4.0,-0.19999999999998863,0
131.5,131.5,0.5,0.566923510639687,0.14339315892890395,-0.46671341324496884,-0.06692351063968704,11.0,5.0,4.0,0.09999999999999432,0
131.5,131.5,0.5,0.566923510639687,0.14339315892890395,-0.46671341324496884,-0.06692351063968704,11.0,5.0,4.0,0.0,0
131.5,131.5,0.5,0.566923510639687,0.14339315892890395,-0.46671341324496884,-0.06692351063968704,11.0,5.0,4.0,0.0,0
132.5,132.5,0.625,0.6112029113043819,0.15414114432630804,0.08950944769431891,0.013797088695618132,10.0,6.0,5.0,0.09999999999999432,0
132.5,132.5,0.625,0.6112029113043819,0.15414114432630804,0.08950944769431891,0.013797088695618132,10.0,6.0,5.0,0.0,0
132.5,132.5,0.625,0.6112029113043819,0.15414114432630804,0.08950944769431891,0.013797088695618132,10.0,6.0,5.0,0.0,0
132.5,132.5,0.625,0.6112029113043819,0.15414114432630804,0.08950944769431891,0.013797088695618132,10.0,6.0,5.0,0.09999999999999432,0
132.5,132.5,0.625,0.6112029113043819,0.15414114432630804,0.08950944769431891,0.013797088695618132,10.0,6.0,5.0,-0.20000000000001705,0
133.5,133.5,0.5333333333333333,0.636501801079897,0.17805126554633063,-0.5794312521733703,-0.10316846774656363,8.0,7.0,4.0,0.0,0
133.5,133.5,0.5333333333333333,0.636501801079897,0.17805126554633063,-0.5794312521733703,-0.10316846774656363,8.0,7.0,4.0,0.0,0
133.5,133.5,0.5333333333333333,0.636501801079897,0.17805126554633063,-0.5794312521733703,-0.10316846774656363,8.0,7.0,4.0,0.09999999999999432,0
133.5,133.5,0.5333333333333333,0.636501801079897,0.17805126554633063,-0.5794312521733703,-0.10316846774656363,8.0,7.0,4.0,-0.20000000000001705,0
134.5,134.5,0.42857142857142855,0.662871428279323,0.19250439687061918,-1.217115055638785,-0.23429999970789445,6.0,8.0,3.0,0.0,0
134.5,134.5,0.42857142857142855,0.662871428279323,0.19250439687061918,-1.217115055638785,-0.23429999970789445,6.0,8.0,3.0,0.09999999999999432,0
134.5,134.5,0.42857142857142855,0.662871428279323,0.19250439687061918,-1.217115055638785,-0.23429999970789445,6.0,8.0,3.0,-0.20000000000001705,0
135.5,135.5,0.42857142857142855,0.7391810165153044,0.18739818745500603,-1.6574844835062916,-0.3106095879438759,4.0,10.0,3.0,0.0,0
135.5,135.5,0.42857142857142855,0.7391810165153044,0.18739818745500603,-1.6574844835062916,-0.3106095879438759,4.0,10.0,3.0,0.09999999999999432,0
135.5,135.5,0.42857142857142855,0.7391810165153044,0.18739818745500603,-1.6574844835062916,-0.3106095879438759,4.0,10.0,3.0,-0.20000000000001705,0
136.5,136.5,0.36363636363636365,0.6641864307347278,0.18517862046565015,-1.6230278978350794,-0.3005500670983642,2.0,9.0,2.0,0.09999999999999432,0
136.5,136.5,0.36363636363636365,0.6641864307347278,0.18517862046565015,-1.6230278978350794,-0.3005500670983642,2.0,9.0,2.0,-0.20000000000001705,0
137.5,137.5,0.4,0.711088595580546,0.16993194021900696,-1.830665825268737,-0.311088595580546,2.0,8.0,2.0,0.19999999999998863,0
137.5,137.5,0.4,0.711088595580546,0.16993194021900696,-1.830665825268737,-0.311088595580546,2.0,8.0,2.0,0.09999999999999432,0
138.5,138.5,0.5454545454545454,0.6956042850424429,0.1632673387781826,-0.9196557052472882,-0.15014973958789746,3.0,8.0,3.0,0.19999999999998863,0
138.5,138.5,0.5454545454545454,0.6956042850424429,0.1632673387781826,-0.9196557052472882,-0.15014973958789746,3.0,8.0,3.0,0.09999999999999432,0
138.5,138.5,0.5454545454545454,0.6956042850424429,0.1632673387781826,-0.9196557052472882,-0.15014973958789746,3.0,8.0,3.0,0.0,0
139.5,139.5,0.7142857142857143,0.6950982246253918,0.17720617726637716,0.1082777697499774,0.019187489660322465,5.0,9.0,5.0,0.19999999999998863,0
139.5,139.5,0.7142857142857143,0.6950982246253918,0.17720617726637716,0.1082777697499774,0.019187489660322465,5.0,9.0,5.0,0.09999999999999432,0
139.5,139.5,0.7142857142857143,0.6950982246253918,0.17720617726637716,0.1082777697499774,0.019187489660322465,5.0,9.0,5.0,0.0,0
139.5,139.5,0.7142857142857143,0.6950982246253918,0.17720617726637716,0.1082777697499774,0.019187489660322465,5.0,9.0,5.0,-0.09999999999999432,0
139.5,139.5,0.7142857142857143,0.6950982246253918,0.17720617726637716,0.1082777697499774,0.019187489660322465,5.0,9.0,5.0,-0.19999999999998863,0
140.5,140.5,0.8,0.69362103897994,0.19658565657445845,0.5411328724268759,0.10637896102006006,6.0,9.0,6.0,0.19999999999998863,0
140.5,140.5,0.8,0.69362103897994,0.19658565657445845,0.5411328724268759,0.10637896102006006,6.0,9.0,6.0,0.09999999999999432,0
140.5,140.5,0.8,0.69362103897994,0.19658565657445845,0.5411328724268759,0.10637896102006006,6.0,9.0,6.0,0.0,0
140.5,140.5,0.8,0.69362103897994,0.19658565657445845,0.5411328724268759,0.10637896102006006,6.0,9.0,6.0,-0.09999999999999432,0
140.5,140.5,0.8,0.69362103897994,0.19658565657445845,0.5411328724268759,0.10637896102006006,6.0,9.0,6.0,-0.19999999999998863,0
140.5,140.5,0.8,0.69362103897994,0.19658565657445845,0.5411328724268759,0.10637896102006006,6.0,9.0,6.0,-0.09999999999999432,0
141.5,141.5,0.8888888888888888,0.7509607462369072,0.18747760511556277,0.735704632918484,0.1379281426519816,8.0,10.0,8.0,0.19999999999998863,0
141.5,141.5,0.8888888888888888,0.7509607462369072,0.18747760511556277,0.735704632918484,0.1379281426519816,8.0,10.0,8.0,0.09999999999999432,0
141.5,141.5,0.8888888888888888,0.7509607462369072,0.18747760511556277,0.735704632918484,0.1379281426519816,8.0,10.0,8.0,0.0,0
141.5,141.5,0.8888888888888888,0.7509607462369072,0.18747760511556277,0.735704632918484,0.1379281426519816,8.0,10.0,8.0,-0.09999999999999432,0
141.5,141.5,0.8888888888888888,0.7509607462369072,0.18747760511556277,0.735704632918484,0.1379281426519816,8.0,10.0,8.0,-0.19999999999998863,0
141.5,141.5,0.8888888888888888,0.7509607462369072,0.18747760511556277,0.735704632918484,0.1379281426519816,8.0,10.0,8.0,-0.09999999999999432,0
141.5,141.5,0.8888888888888888,0.7509607462369072,0.18747760511556277,0.735704632918484,0.1379281426519816,8.0,10.0,8.0,0.19999999999998863,0
141.5,141.5,0.8888888888888888,0.7509607462369072,0.18747760511556277,0.735704632918484,0.1379281426519816,8.0,10.0,8.0,0.09999999999999432,0
142.5,142.5,0.8235294117647058,0.7247844981042351,0.18109739044623077,0.5452586225409412,0.09874491366047078,8.0,9.0,7.0,0.0,0
142.5,142.5,0.8235294117647058,0.7247844981042351,0.18109739044623077,0.5452586225409412,0.09874491366047078,8.0,9.0,7.0,-0.09999999999999432,0
142.5,142.5,0.8235294117647058,0.7247844981042351,0.18109739044623077,0.5452586225409412,0.09874491366047078,8.0,9.0,7.0,-0.19999999999998863,0
142.5,142.5,0.8235294117647058,0.7247844981042351,0.18109739044623077,0.5452586225409412,0.09874491366047078,8.0,9.0,7.0,-0.09999999999999432,0
142.5,142.5,0.8235294117647058,0.7247844981042351,0.18109739044623077,0.5452586225409412,0.09874491366047078,8.0,9.0,7.0,0.19999999999998863,0
142.5,142.5,0.8235294117647058,0.7247844981042351,0.18109739044623077,0.5452586225409412,0.09874491366047078,8.0,9.0,7.0,0.09999999999999432,0
142.5,142.5,0.8235294117647058,0.7247844981042351,0.18109739044623077,0.5452586225409412,0.09874491366047078,8.0,9.0,7.0,0.0,0
143.5,143.5,0.8235294117647058,0.6922666230140689,0.1665977257150663,0.7879026450525316,0.1312627887506369,9.0,8.0,7.0,-0.09999999999999432,0
143.5,143.5,0.8235294117647058,0.6922666230140689,0.1665977257150663,0.7879026450525316,0.1312627887506369,9.0,8.0,7.0,-0.19999999999998863,0
143.5,143.5,0.8235294117647058,0.6922666230140689,0.1665977257150663,0.7879026450525316,0.1312627887506369,9.0,8.0,7.0,-0.09999999999999432,0
143.5,143.5,0.8235294117647058,0.6922666230140689,0.1665977257150663,0.7879026450525316,0.1312627887506369,9.0,8.0,7.0,0.19999999999998863,0
143.5,143.5,0.8235294117647058,0.6922666230140689,0.1665977257150663,0.7879026450525316,0.1312627887506369,9.0,8.0,7.0,0.09999999999999432,0
143.5,143.5,0.8235294117647058,0.6922666230140689,0.1665977257150663,0.7879026450525316,0.1312627887506369,9.0,8.0,7.0,0.0,0
143.5,143.5,0.8235294117647058,0.6922666230140689,0.1665977257150663,0.7879026450525316,0.1312627887506369,9.0,8.0,7.0,-0.19999999999998863,0
144.5,144.5,0.8235294117647058,0.6721575565215657,0.15081439336445532,1.003696344004366,0.15137185524314012,8.0,9.0,7.0,-0.09999999999999432,0
144.5,144.5,0.8235294117647058,0.6721575565215657,0.15081439336445532,1.003696344004366,0.15137185524314012,8.0,9.0,7.0,0.19999999999998863,0
144.5,144.5,0.8235294117647058,0.6721575565215657,0.15081439336445532,1.003696344004366,0.15137185524314012,8.0,9.0,7.0,0.09999999999999432,0
144.5,144.5,0.8235294117647058,0.6721575565215657,0.15081439336445532,1.003696344004366,0.15137185524314012,8.0,9.0,7.0,0.0,0
144.5,144.5,0.8235294117647058,0.6721575565215657,0.15081439336445532,1.003696344004366,0.15137185524314012,8.0,9.0,7.0,-0.19999999999998863,0
144.5,144.5,0.8235294117647058,0.6721575565215657,0.15081439336445532,1.003696344004366,0.15137185524314012,8.0,9.0,7.0,-0.19999999999998863,0
144.5,144.5,0.8235294117647058,0.6721575565215657,0.15081439336445532,1.003696344004366,0.15137185524314012,8.0,9.0,7.0,0.09999999999999432,0
145.5,145.5,0.75,0.6673983421377384,0.1619595644937101,0.5100140774055337,0.08260165786226159,9.0,7.0,6.0,0.09999999999999432,0
145.5,145.5,0.75,0.6673983421377384,0.1619595644937101,0.5100140774055337,0.08260165786226159,9.0,7.0,6.0,0.0,0
145.5,145.5,0.75,0.6673983421377384,0.1619595644937101,0.5100140774055337,0.08260165786226159,9.0,7.0,6.0,-0.19999999999998863,0
145.5,145.5,0.75,0.6673983421377384,0.1619595644937101,0.5100140774055337,0.08260165786226159,9.0,7.0,6.0,-0.19999999999998863,0
145.5,145.5,0.75,0.6673983421377384,0.1619595644937101,0.5100140774055337,0.08260165786226159,9.0,7.0,6.0,0.09999999999999432,0
145.5,145.5,0.75,0.6673983421377384,0.1619595644937101,0.5100140774055337,0.08260165786226159,9.0,7.0,6.0,-0.19999999999998863,0
146.5,146.5,0.75,0.6937119300548092,0.17991463754629872,0.31285986906265895,0.056288069945190755,8.0,8.0,6.0,0.0,0
146.5,146.5,0.75,0.6937119300548092,0.17991463754629872,0.31285986906265895,0.056288069945190755,8.0,8.0,6.0,-0.19999999999998863,0
146.5,146.5,0.75,0.6937119300548092,0.17991463754629872,0.31285986906265895,0.056288069945190755,8.0,8.0,6.0,-0.19999999999998863,0
146.5,146.5,0.75,0.6937119300548092,0.17991463754629872,0.31285986906265895,0.056288069945190755,8.0,8.0,6.0,0.09999999999999432,0
146.5,146.5,0.75,0.6937119300548092,0.17991463754629872,0.31285986906265895,0.056288069945190755,8.0,8.0,6.0,-0.19999999999998863,0
146.5,146.5,0.75,0.6937119300548092,0.17991463754629872,0.31285986906265895,0.056288069945190755,8.0,8.0,6.0,-0.09999999999999432,0
147.5,147.5,0.8,0.6949330012694563,0.1871820443026114,0.5613091742960407,0.1050669987305437,7.0,8.0,6.0,-0.19999999999998863,0
147.5,147.5,0.8,0.6949330012694563,0.1871820443026114,0.5613091742960407,0.1050669987305437,7.0,8.0,6.0,-0.19999999999998863,0
147.5,147.5,0.8,0.6949330012694563,0.1871820443026114,0.5613091742960407,0.1050669987305437,7.0,8.0,6.0,0.09999999999999432,0
147.5,147.5,0.8,0.6949330012694563,0.1871820443026114,0.5613091742960407,0.1050669987305437,7.0,8.0,6.0,-0.19999999999998863,0
147.5,147.5,0.8,0.6949330012694563,0.1871820443026114,0.5613091742960407,0.1050669987305437,7.0,8.0,6.0,-0.09999999999999432,0
147.5,147.5,0.8,0.6949330012694563,0.1871820443026114,0.5613091742960407,0.1050669987305437,7.0,8.0,6.0,-0.29999999999998295,0
148.5,148.5,0.7692307692307693,0.6794973374492724,0.17618029531677534,0.5093272866875068,0.08973343178149684,5.0,8.0,5.0,-0.19999999999998863,0
148.5,148.5,0.7692307692307693,0.6794973374492724,0.17618029531677534,0.5093272866875068,0.08973343178149684,5.0,8.0,5.0,0.09999999999999432,0
148.5,148.5,0.7692307692307693,0.6794973374492724,0.17618029531677534,0.5093272866875068,0.08973343178149684,5.0,8.0,5.0,-0.19999999999998863,0
148.5,148.5,0.7692307692307693,0.6794973374492724,0.17618029531677534,0.5093272866875068,0.08973343178149684,5.0,8.0,5.0,-0.09999999999999432,0
148.5,148.5,0.7692307692307693,0.6794973374492724,0.17618029531677534,0.5093272866875068,0.08973343178149684,5.0,8.0,5.0,-0.29999999999998295,0
149.5,149.5,0.6666666666666666,0.6878678472971816,0.1532291686372861,-0.1383625638581975,-0.021201180630515015,4.0,8.0,4.0,-0.19999999999998863,0
149.5,149.5,0.6666666666666666,0.6878678472971816,0.1532291686372861,-0.1383625638581975,-0.021201180630515015,4.0,8.0,4.0,-0.09999999999999432,0
149.5,149.5,0.6666666666666666,0.6878678472971816,0.1532291686372861,-0.1383625638581975,-0.021201180630515015,4.0,8.0,4.0,-0.29999999999998295,0
149.5,149.5,0.6666666666666666,0.6878678472971816,0.1532291686372861,-0.1383625638581975,-0.021201180630515015,4.0,8.0,4.0,-0.20000000000001705,0
150.5,150.5,0.6666666666666666,0.6882014829597647,0.16095491881586785,-0.13379408626668846,-0.021534816293098058,4.0,8.0,4.0,-0.09999999999999432,0
150.5,150.5,0.6666666666666666,0.6882014829597647,0.16095491881586785,-0.13379408626668846,-0.021534816293098058,4.0,8.0,4.0,-0.29999999999998295,0
150.5,150.5,0.6666666666666666,0.6882014829597647,0.16095491881586785,-0.13379408626668846,-0.021534816293098058,4.0,8.0,4.0,-0.20000000000001705,0
150.5,150.5,0.6666666666666666,0.6882014829597647,0.16095491881586785,-0.13379408626668846,-0.021534816293098058,4.0,8.0,4.0,0.20000000000001705,0
151.5,151.5,0.6666666666666666,0.708589447076831,0.178484903087566,-0.2348813803574007,-0.041922780410164395,4.0,8.0,4.0,-0.20000000000001705,0
151.5,151.5,0.6666666666666666,0.708589447076831,0.178484903087566,-0.2348813803574007,-0.041922780410164395,4.0,8.0,4.0,0.20000000000001705,0
151.5,151.5,0.6666666666666666,0.708589447076831,0.178484903087566,-0.2348813803574007,-0.041922780410164395,4.0,8.0,4.0,0.10000000000002274,0
151.5,151.5,0.6666666666666666,0.708589447076831,0.178484903087566,-0.2348813803574007,-0.041922780410164395,4.0,8.0,4.0,0.10000000000002274,0
152.5,152.5,0.7692307692307693,0.702799736821486,0.18981897032075967,0.34997046026025147,0.06643103240928327,5.0,8.0,5.0,-0.20000000000001705,0
152.5,152.5,0.7692307692307693,0.702799736821486,0.18981897032075967,0.34997046026025147,0.06643103240928327,5.0,8.0,5.0,0.20000000000001705,0
152.5,152.5,0.7692307692307693,0.702799736821486,0.18981897032075967,0.34997046026025147,0.06643103240928327,5.0,8.0,5.0,0.10000000000002274,0
152.5,152.5,0.7692307692307693,0.702799736821486,0.18981897032075967,0.34997046026025147,0.06643103240928327,5.0,8.0,5.0,0.10000000000002274,0
152.5,152.5,0.7692307692307693,0.702799736821486,0.18981897032075967,0.34997046026025147,0.06643103240928327,5.0,8.0,5.0,0.09999999999999432,0
153.5,153.5,0.8888888888888888,0.7669525075629565,0.17222959392493226,0.7079873937290901,0.12193638132593232,8.0,10.0,8.0,-0.20000000000001705,0
153.5,153.5,0.8888888888888888,0.7669525075629565,0.17222959392493226,0.7079873937290901,0.12193638132593232,8.0,10.0,8.0,0.20000000000001705,0
153.5,153.5,0.8888888888888888,0.7669525075629565,0.17222959392493226,0.7079873937290901,0.12193638132593232,8.0,10.0,8.0,0.10000000000002274,0
153.5,153.5,0.8888888888888888,0.7669525075629565,0.17222959392493226,0.7079873937290901,0.12193638132593232,8.0,10.0,8.0,0.10000000000002274,0
153.5,153.5,0.8888888888888888,0.7669525075629565,0.17222959392493226,0.7079873937290901,0.12193638132593232,8.0,10.0,8.0,0.09999999999999432,0
153.5,153.5,0.8888888888888888,0.7669525075629565,0.17222959392493226,0.7079873937290901,0.12193638132593232,8.0,10.0,8.0,0.0,0
153.5,153.5,0.8888888888888888,0.7669525075629565,0.17222959392493226,0.7079873937290901,0.12193638132593232,8.0,10.0,8.0,-0.09999999999999432,0
153.5,153.5,0.8888888888888888,0.7669525075629565,0.17222959392493226,0.7079873937290901,0.12193638132593232,8.0,10.0,8.0,-0.09999999999999432,0
154.5,154.5,0.8888888888888888,0.7644939962514266,0.1663790738732069,0.7476594847033488,0.12439489263746228,9.0,9.0,8.0,0.20000000000001705,0
154.5,154.5,0.8888888888888888,0.7644939962514266,0.1663790738732069,0.7476594847033488,0.12439489263746228,9.0,9.0,8.0,0.10000000000002274,0
154.5,154.5,0.8888888888888888,0.7644939962514266,0.1663790738732069,0.7476594847033488,0.12439489263746228,9.0,9.0,8.0,0.10000000000002274,0
154.5,154.5,0.8888888888888888,0.7644939962514266,0.1663790738732069,0.7476594847033488,0.12439489263746228,9.0,9.0,8.0,0.09999999999999432,0
154.5,154.5,0.8888888888888888,0.7644939962514266,0.1663790738732069,0.7476594847033488,0.12439489263746228,9.0,9.0,8.0,0.0,0
154.5,154.5,0.8888888888888888,0.7644939962514266,0.1663790738732069,0.7476594847033488,0.12439489263746228,9.0,9.0,8.0,-0.09999999999999432,0
154.5,154.5,0.8888888888888888,0.7644939962514266,0.1663790738732069,0.7476594847033488,0.12439489263746228,9.0,9.0,8.0,-0.09999999999999432,0
154.5,154.5,0.8888888888888888,0.7644939962514266,0.1663790738732069,0.7476594847033488,0.12439489263746228,9.0,9.0,8.0,-0.29999999999998295,0
155.5,155.5,0.8888888888888888,0.7332459396554598,0.1647881617561779,0.9445032190098691,0.15564294923342903,10.0,8.0,8.0,0.10000000000002274,0
155.5,155.5,0.8888888888888888,0.7332459396554598,0.1647881617561779,0.9445032190098691,0.15564294923342903,10.0,8.0,8.0,0.10000000000002274,0
155.5,155.5,0.8888888888888888,0.7332459396554598,0.1647881617561779,0.9445032190098691,0.15564294923342903,10.0,8.0,8.0,0.09999999999999432,0
155.5,155.5,0.8888888888888888,0.7332459396554598,0.1647881617561779,0.9445032190098691,0.15564294923342903,10.0,8.0,8.0,0.0,0
155.5,155.5,0.8888888888888888,0.7332459396554598,0.1647881617561779,0.9445032190098691,0.15564294923342903,10.0,8.0,8.0,-0.09999999999999432,0
155.5,155.5,0.8888888888888888,0.7332459396554598,0.1647881617561779,0.9445032190098691,0.15564294923342903,10.0,8.0,8.0,-0.09999999999999432,0
155.5,155.5,0.8888888888888888,0.7332459396554598,0.1647881617561779,0.9445032190098691,0.15564294923342903,10.0,8.0,8.0,-0.29999999999998295,0
155.5,155.5,0.8888888888888888,0.7332459396554598,0.1647881617561779,0.9445032190098691,0.15564294923342903,10.0,8.0,8.0,-0.09999999999999432,0
156.5,156.5,0.8888888888888888,0.7418409494186584,0.1586370371910107,0.9269458259811917,0.14704793947023043,10.0,8.0,8.0,0.09999999999999432,0
156.5,156.5,0.8888888888888888,0.7418409494186584,0.1586370371910107,0.9269458259811917,0.14704793947023043,10.0,8.0,8.0,0.0,0
156.5,156.5,0.8888888888888888,0.7418409494186584,0.1586370371910107,0.9269458259811917,0.14704793947023043,10.0,8.0,8.0,-0.09999999999999432,0
156.5,156.5,0.8888888888888888,0.7418409494186584,0.1586370371910107,0.9269458259811917,0.14704793947023043,10.0,8.0,8.0,-0.09999999999999432,0
156.5,156.5,0.8888888888888888,0.7418409494186584,0.1586370371910107,0.9269458259811917,0.14704793947023043,10.0,8.0,8.0,-0.29999999999998295,0
156.5,156.5,0.8888888888888888,0.7418409494186584,0.1586370371910107,0.9269458259811917,0.14704793947023043,10.0,8.0,8.0,-0.09999999999999432,0
156.5,156.5,0.8888888888888888,0.7418409494186584,0.1586370371910107,0.9269458259811917,0.14704793947023043,10.0,8.0,8.0,0.09999999999999432,0
156.5,156.5,0.8888888888888888,0.7418409494186584,0.1586370371910107,0.9269458259811917,0.14704793947023043,10.0,8.0,8.0,0.09999999999999432,0
157.5,157.5,0.8421052631578947,0.7105685644077284,0.15320301353939542,0.8585777506024204,0.13153669875016627,11.0,8.0,8.0,0.0,0
157.5,157.5,0.8421052631578947,0.7105685644077284,0.15320301353939542,0.8585777506024204,0.13153669875016627,11.0,8.0,8.0,-0.09999999999999432,0
157.5,157.5,0.8421052631578947,0.7105685644077284,0.15320301353939542,0.8585777506024204,0.13153669875016627,11.0,8.0,8.0,-0.09999999999999432,0
157.5,157.5,0.8421052631578947,0.7105685644077284,0.15320301353939542,0.8585777506024204,0.13153669875016627,11.0,8.0,8.0,-0.29999999999998295,0
157.5,157.5,0.8421052631578947,0.7105685644077284,0.15320301353939542,0.8585777506024204,0.13153669875016627,11.0,8.0,8.0,-0.09999999999999432,0
157.5,157.5,0.8421052631578947,0.7105685644077284,0.15320301353939542,0.8585777506024204,0.13153669875016627,11.0,8.0,8.0,0.09999999999999432,0
157.5,157.5,0.8421052631578947,0.7105685644077284,0.15320301353939542,0.8585777506024204,0.13153669875016627,11.0,8.0,8.0,0.09999999999999432,0
157.5,157.5,0.8421052631578947,0.7105685644077284,0.15320301353939542,0.8585777506024204,0.13153669875016627,11.0,8.0,8.0,-0.09999999999999432,0
158.5,158.5,0.625,0.6269462643565583,0.14995903361621432,-0.012978640296784855,-0.0019462643565583138,10.0,6.0,5.0,-0.29999999999998295,0
158.5,158.5,0.625,0.6269462643565583,0.14995903361621432,-0.012978640296784855,-0.0019462643565583138,10.0,6.0,5.0,-0.09999999999999432,0
158.5,158.5,0.625,0.6269462643565583,0.14995903361621432,-0.012978640296784855,-0.0019462643565583138,10.0,6.0,5.0,0.09999999999999432,0
158.5,158.5,0.625,0.6269462643565583,0.14995903361621432,-0.012978640296784855,-0.0019462643565583138,10.0,6.0,5.0,0.09999999999999432,0
158.5,158.5,0.625,0.6269462643565583,0.14995903361621432,-0.012978640296784855,-0.0019462643565583138,10.0,6.0,5.0,-0.09999999999999432,0
159.5,159.5,0.7142857142857143,0.6093697310859074,0.13887578266054362,0.7554663685046856,0.10491598319980688,9.0,5.0,5.0,-0.09999999999999432,0
159.5,159.5,0.7142857142857143,0.6093697310859074,0.13887578266054362,0.7554663685046856,0.10491598319980688,9.0,5.0,5.0,0.09999999999999432,0
159.5,159.5,0.7142857142857143,0.6093697310859074,0.13887578266054362,0.7554663685046856,0.10491598319980688,9.0,5.0,5.0,0.09999999999999432,0
159.5,159.5,0.7142857142857143,0.6093697310859074,0.13887578266054362,0.7554663685046856,0.10491598319980688,9.0,5.0,5.0,-0.09999999999999432,0
159.5,159.5,0.7142857142857143,0.6093697310859074,0.13887578266054362,0.7554663685046856,0.10491598319980688,9.0,5.0,5.0,0.0,0
160.5,160.5,0.6153846153846154,0.6535872535960771,0.13651949810902994,-0.2798328351672629,-0.03820263821146164,7.0,6.0,4.0,0.09999999999999432,0
160.5,160.5,0.6153846153846154,0.6535872535960771,0.13651949810902994,-0.2798328351672629,-0.03820263821146164,7.0,6.0,4.0,0.09999999999999432,0
160.5,160.5,0.6153846153846154,0.6535872535960771,0.13651949810902994,-0.2798328351672629,-0.03820263821146164,7.0,6.0,4.0,-0.09999999999999432,0
160.5,160.5,0.6153846153846154,0.6535872535960771,0.13651949810902994,-0.2798328351672629,-0.03820263821146164,7.0,6.0,4.0,0.0,0
161.5,161.5,0.46153846153846156,0.6242258514361456,0.16818307370373434,-0.9673232050941625,-0.16268738989768405,7.0,6.0,3.0,-0.09999999999999432,0
161.5,161.5,0.46153846153846156,0.6242258514361456,0.16818307370373434,-0.9673232050941625,-0.16268738989768405,7.0,6.0,3.0,0.0,0
161.5,161.5,0.46153846153846156,0.6242258514361456,0.16818307370373434,-0.9673232050941625,-0.16268738989768405,7.0,6.0,3.0,-0.09999999999999432,0
162.5,162.5,0.5,0.6494523140258434,0.17954773360038515,-0.832382069263406,-0.14945231402584336,6.0,6.0,3.0,0.0,0
162.5,162.5,0.5,0.6494523140258434,0.17954773360038515,-0.832382069263406,-0.14945231402584336,6.0,6.0,3.0,-0.09999999999999432,0
162.5,162.5,0.5,0.6494523140258434,0.17954773360038515,-0.832382069263406,-0.14945231402584336,6.0,6.0,3.0,0.0,0
163.5,163.5,0.6153846153846154,0.7032372560274263,0.17254490870733874,-0.5091581159999435,-0.08785264064281084,6.0,7.0,4.0,0.0,0
163.5,163.5,0.6153846153846154,0.7032372560274263,0.17254490870733874,-0.5091581159999435,-0.08785264064281084,6.0,7.0,4.0,-0.09999999999999432,0
163.5,163.5,0.6153846153846154,0.7032372560274263,0.17254490870733874,-0.5091581159999435,-0.08785264064281084,6.0,7.0,4.0,0.0,0
163.5,163.5,0.6153846153846154,0.7032372560274263,0.17254490870733874,-0.5091581159999435,-0.08785264064281084,6.0,7.0,4.0,-0.19999999999998863,0
164.5,164.5,0.5714285714285714,0.748913140179394,0.16530421136356863,-1.0736844953118867,-0.17748456875082264,6.0,8.0,4.0,-0.09999999999999432,0
164.5,164.5,0.5714285714285714,0.748913140179394,0.16530421136356863,-1.0736844953118867,-0.17748456875082264,6.0,8.0,4.0,0.0,0
164.5,164.5,0.5714285714285714,0.748913140179394,0.16530421136356863,-1.0736844953118867,-0.17748456875082264,6.0,8.0,4.0,-0.19999999999998863,0
164.5,164.5,0.5714285714285714,0.748913140179394,0.16530421136356863,-1.0736844953118867,-0.17748456875082264,6.0,8.0,4.0,-0.10000000000002274,0
165.5,165.5,0.6666666666666666,0.7353221106550828,0.16502127616842532,-0.41603995304426383,-0.06865544398841616,7.0,8.0,5.0,-0.09999999999999432,0
165.5,165.5,0.6666666666666666,0.7353221106550828,0.16502127616842532,-0.41603995304426383,-0.06865544398841616,7.0,8.0,5.0,0.0,0
165.5,165.5,0.6666666666666666,0.7353221106550828,0.16502127616842532,-0.41603995304426383,-0.06865544398841616,7.0,8.0,5.0,-0.19999999999998863,0
165.5,165.5,0.6666666666666666,0.7353221106550828,0.16502127616842532,-0.41603995304426383,-0.06865544398841616,7.0,8.0,5.0,-0.10000000000002274,0
165.5,165.5,0.6666666666666666,0.7353221106550828,0.16502127616842532,-0.41603995304426383,-0.06865544398841616,7.0,8.0,5.0,-0.20000000000001705,0
166.5,166.5,0.5714285714285714,0.7142816827479366,0.16470998633105127,-0.8673008510379214,-0.14285311131936518,6.0,8.0,4.0,0.0,0
166.5,166.5,0.5714285714285714,0.7142816827479366,0.16470998633105127,-0.8673008510379214,-0.14285311131936518,6.0,8.0,4.0,-0.19999999999998863,0
166.5,166.5,0.5714285714285714,0.7142816827479366,0.16470998633105127,-0.8673008510379214,-0.14285311131936518,6.0,8.0,4.0,-0.10000000000002274,0
166.5,166.5,0.5714285714285714,0.7142816827479366,0.16470998633105127,-0.8673008510379214,-0.14285311131936518,6.0,8.0,4.0,-0.20000000000001705,0
167.5,167.5,0.46153846153846156,0.7376393632425366,0.17233818121617872,-1.6020878238104288,-0.2761009017040751,5.0,8.0,3.0,-0.19999999999998863,0
167.5,167.5,0.46153846153846156,0.7376393632425366,0.17233818121617872,-1.6020878238104288,-0.2761009017040751,5.0,8.0,3.0,-0.10000000000002274,0
167.5,167.5,0.46153846153846156,0.7376393632425366,0.17233818121617872,-1.6020878238104288,-0.2761009017040751,5.0,8.0,3.0,-0.20000000000001705,0
168.5,168.5,0.4,0.7446502934200303,0.16922865998279418,-2.0365952992541074,-0.3446502934200303,2.0,8.0,2.0,-0.10000000000002274,0
168.5,168.5,0.4,0.7446502934200303,0.16922865998279418,-2.0365952992541074,-0.3446502934200303,2.0,8.0,2.0,-0.20000000000001705,0
169.5,169.5,0.36363636363636365,0.7417443680588417,0.17520026935239458,-2.1581473922392127,-0.37810800442247805,2.0,9.0,2.0,-0.20000000000001705,0
169.5,169.5,0.36363636363636365,0.7417443680588417,0.17520026935239458,-2.1581473922392127,-0.37810800442247805,2.0,9.0,2.0,0.0,0
170.5,170.5,0.2222222222222222,0.7309007889083741,0.18416195394613125,-2.7621262469605647,-0.5086785666861519,1.0,8.0,1.0,0.0,0
171.5,171.5,0.2222222222222222,0.7383174511762748,0.1746010310028108,-2.9558544184412305,-0.5160952289540526,1.0,8.0,1.0,0.0,0
172.5,172.5,0.25,0.6815178046497706,0.16742140373058756,-2.5774351130406465,-0.43151780464977063,1.0,7.0,1.0,0.0,0
173.5,173.5,0.4,0.6931345316104603,0.1491770721472294,-1.9650106238923433,-0.2931345316104603,2.0,8.0,2.0,0.0,0
173.5,173.5,0.4,0.6931345316104603,0.1491770721472294,-1.9650106238923433,-0.2931345316104603,2.0,8.0,2.0,0.19999999999998863,0
174.5,174.5,0.36363636363636365,0.6676609742596584,0.15131285848001222,-2.0092450415471803,-0.3040246106232948,2.0,9.0,2.0,-0.09999999999999432,0
174.5,174.5,0.36363636363636365,0.6676609742596584,0.15131285848001222,-2.0092450415471803,-0.3040246106232948,2.0,9.0,2.0,0.0,0
175.5,175.5,0.5454545454545454,0.6225935703271616,0.17183213174477738,-0.4489208397134414,-0.07713902487261615,3.0,8.0,3.0,-0.09999999999999432,0
175.5,175.5,0.5454545454545454,0.6225935703271616,0.17183213174477738,-0.4489208397134414,-0.07713902487261615,3.0,8.0,3.0,0.0,0
175.5,175.5,0.5454545454545454,0.6225935703271616,0.17183213174477738,-0.4489208397134414,-0.07713902487261615,3.0,8.0,3.0,-0.20000000000001705,0
176.5,176.5,0.7142857142857143,0.6632205082671027,0.17950609277814716,0.28447617141176085,0.05106520601861164,5.0,9.0,5.0,-0.09999999999999432,0
176.5,176.5,0.7142857142857143,0.6632205082671027,0.17950609277814716,0.28447617141176085,0.05106520601861164,5.0,9.0,5.0,0.0,0
176.5,176.5,0.7142857142857143,0.6632205082671027,0.17950609277814716,0.28447617141176085,0.05106520601861164,5.0,9.0,5.0,-0.20000000000001705,0
176.5,176.5,0.7142857142857143,0.6632205082671027,0.17950609277814716,0.28447617141176085,0.05106520601861164,5.0,9.0,5.0,-0.20000000000001705,0
176.5,176.5,0.7142857142857143,0.6632205082671027,0.17950609277814716,0.28447617141176085,0.05106520601861164,5.0,9.0,5.0,-0.30000000000001137,0
