t_center,t_center_abs,S,S_null_mean,S_null_sd,z_S_t,S_excess,nA,nB,nM,dt,episode
6.5,6.5,0.9473684210526315,0.8502840539147816,0.13720628389183376,0.7075795975524429,0.09708436713784996,10.0,9.0,9.0,0.0,0
6.5,6.5,0.9473684210526315,0.8502840539147816,0.13720628389183376,0.7075795975524429,0.09708436713784996,10.0,9.0,9.0,-0.10000000000000053,0
6.5,6.5,0.9473684210526315,0.8502840539147816,0.13720628389183376,0.7075795975524429,0.09708436713784996,10.0,9.0,9.0,0.09999999999999964,0
6.5,6.5,0.9473684210526315,0.8502840539147816,0.13720628389183376,0.7075795975524429,0.09708436713784996,10.0,9.0,9.0,0.09999999999999964,0
6.5,6.5,0.9473684210526315,0.8502840539147816,0.13720628389183376,0.7075795975524429,0.09708436713784996,10.0,9.0,9.0,0.0,0
6.5,6.5,0.9473684210526315,0.8502840539147816,0.13720628389183376,0.7075795975524429,0.09708436713784996,10.0,9.0,9.0,-0.10000000000000053,0
6.5,6.5,0.9473684210526315,0.8502840539147816,0.13720628389183376,0.7075795975524429,0.09708436713784996,10.0,9.0,9.0,0.0,0
6.5,6.5,0.9473684210526315,0.8502840539147816,0.13720628389183376,0.7075795975524429,0.09708436713784996,10.0,9.0,9.0,-0.1999999999999993,0
6.5,6.5,0.9473684210526315,0.8502840539147816,0.13720628389183376,0.7075795975524429,0.09708436713784996,10.0,9.0,9.0,-0.29999999999999893,0
7.5,7.5,0.9473684210526315,0.8583758809302153,0.13127366850379654,0.6779161513250653,0.0889925401224162,10.0,9.0,9.0,0.09999999999999964,0
7.5,7.5,0.9473684210526315,0.8583758809302153,0.13127366850379654,0.6779161513250653,0.0889925401224162,10.0,9.0,9.0,0.09999999999999964,0
7.5,7.5,0.9473684210526315,0.8583758809302153,0.13127366850379654,0.6779161513250653,0.0889925401224162,10.0,9.0,9.0,0.0,0
7.5,7.5,0.9473684210526315,0.8583758809302153,0.13127366850379654,0.6779161513250653,0.0889925401224162,10.0,9.0,9.0,-0.10000000000000053,0
7.5,7.5,0.9473684210526315,0.8583758809302153,0.13127366850379654,0.6779161513250653,0.0889925401224162,10.0,9.0,9.0,0.0,0
7.5,7.5,0.9473684210526315,0.8583758809302153,0.13127366850379654,0.6779161513250653,0.0889925401224162,10.0,9.0,9.0,-0.1999999999999993,0
7.5,7.5,0.9473684210526315,0.8583758809302153,0.13127366850379654,0.6779161513250653,0.0889925401224162,10.0,9.0,9.0,-0.29999999999999893,0
7.5,7.5,0.9473684210526315,0.8583758809302153,0.13127366850379654,0.6779161513250653,0.0889925401224162,10.0,9.0,9.0,-0.3999999999999986,0
7.5,7.5,0.9473684210526315,0.8583758809302153,0.13127366850379654,0.6779161513250653,0.0889925401224162,10.0,9.0,9.0,-0.10000000000000142,0
8.5,8.5,0.8421052631578947,0.8271368376119924,0.1314794881863777,0.11384608924461208,0.014968425545902275,9.0,10.0,8.0,0.09999999999999964,0
8.5,8.5,0.8421052631578947,0.8271368376119924,0.1314794881863777,0.11384608924461208,0.014968425545902275,9.0,10.0,8.0,0.0,0
8.5,8.5,0.8421052631578947,0.8271368376119924,0.1314794881863777,0.11384608924461208,0.014968425545902275,9.0,10.0,8.0,-0.10000000000000053,0
8.5,8.5,0.8421052631578947,0.8271368376119924,0.1314794881863777,0.11384608924461208,0.014968425545902275,9.0,10.0,8.0,0.0,0
8.5,8.5,0.8421052631578947,0.8271368376119924,0.1314794881863777,0.11384608924461208,0.014968425545902275,9.0,10.0,8.0,-0.1999999999999993,0
8.5,8.5,0.8421052631578947,0.8271368376119924,0.1314794881863777,0.11384608924461208,0.014968425545902275,9.0,10.0,8.0,-0.29999999999999893,0
8.5,8.5,0.8421052631578947,0.8271368376119924,0.1314794881863777,0.11384608924461208,0.014968425545902275,9.0,10.0,8.0,-0.3999999999999986,0
8.5,8.5,0.8421052631578947,0.8271368376119924,0.1314794881863777,0.11384608924461208,0.014968425545902275,9.0,10.0,8.0,-0.10000000000000142,0
9.5,9.5,0.8,0.8177751360782319,0.13834892759349612,-0.12848047605009055,-0.01777513607823189,7.0,8.0,6.0,0.0,0
9.5,9.5,0.8,0.8177751360782319,0.13834892759349612,-0.12848047605009055,-0.01777513607823189,7.0,8.0,6.0,-0.1999999999999993,0
9.5,9.5,0.8,0.8177751360782319,0.13834892759349612,-0.12848047605009055,-0.01777513607823189,7.0,8.0,6.0,-0.29999999999999893,0
9.5,9.5,0.8,0.8177751360782319,0.13834892759349612,-0.12848047605009055,-0.01777513607823189,7.0,8.0,6.0,-0.3999999999999986,0
9.5,9.5,0.8,0.8177751360782319,0.13834892759349612,-0.12848047605009055,-0.01777513607823189,7.0,8.0,6.0,-0.10000000000000142,0
9.5,9.5,0.8,0.8177751360782319,0.13834892759349612,-0.12848047605009055,-0.01777513607823189,7.0,8.0,6.0,0.09999999999999964,0
10.5,10.5,0.8,0.7803623941074407,0.14175967237134662,0.13852744976101286,0.019637605892559362,7.0,8.0,6.0,0.20000000000000107,0
10.5,10.5,0.8,0.7803623941074407,0.14175967237134662,0.13852744976101286,0.019637605892559362,7.0,8.0,6.0,0.20000000000000107,0
10.5,10.5,0.8,0.7803623941074407,0.14175967237134662,0.13852744976101286,0.019637605892559362,7.0,8.0,6.0,0.0,0
10.5,10.5,0.8,0.7803623941074407,0.14175967237134662,0.13852744976101286,0.019637605892559362,7.0,8.0,6.0,-0.10000000000000142,0
10.5,10.5,0.8,0.7803623941074407,0.14175967237134662,0.13852744976101286,0.019637605892559362,7.0,8.0,6.0,0.09999999999999964,0
10.5,10.5,0.8,0.7803623941074407,0.14175967237134662,0.13852744976101286,0.019637605892559362,7.0,8.0,6.0,-0.09999999999999964,0
11.5,11.5,0.7142857142857143,0.7450272500375441,0.13199069764701615,-0.23290683585931304,-0.030741535751829807,7.0,7.0,5.0,0.0,0
11.5,11.5,0.7142857142857143,0.7450272500375441,0.13199069764701615,-0.23290683585931304,-0.030741535751829807,7.0,7.0,5.0,-0.10000000000000142,0
11.5,11.5,0.7142857142857143,0.7450272500375441,0.13199069764701615,-0.23290683585931304,-0.030741535751829807,7.0,7.0,5.0,0.09999999999999964,0
11.5,11.5,0.7142857142857143,0.7450272500375441,0.13199069764701615,-0.23290683585931304,-0.030741535751829807,7.0,7.0,5.0,-0.09999999999999964,0
11.5,11.5,0.7142857142857143,0.7450272500375441,0.13199069764701615,-0.23290683585931304,-0.030741535751829807,7.0,7.0,5.0,-0.3000000000000007,0
12.5,12.5,0.6153846153846154,0.7233506286197462,0.11155137874385944,-0.9678590659380261,-0.10796601323513078,7.0,6.0,4.0,0.09999999999999964,0
12.5,12.5,0.6153846153846154,0.7233506286197462,0.11155137874385944,-0.9678590659380261,-0.10796601323513078,7.0,6.0,4.0,-0.09999999999999964,0
12.5,12.5,0.6153846153846154,0.7233506286197462,0.11155137874385944,-0.9678590659380261,-0.10796601323513078,7.0,6.0,4.0,-0.3000000000000007,0
12.5,12.5,0.6153846153846154,0.7233506286197462,0.11155137874385944,-0.9678590659380261,-0.10796601323513078,7.0,6.0,4.0,-0.40000000000000036,0
13.5,13.5,0.8,0.7385325148707502,0.10506680275779194,0.5850324128635511,0.06146748512924982,9.0,6.0,6.0,0.09999999999999964,0
13.5,13.5,0.8,0.7385325148707502,0.10506680275779194,0.5850324128635511,0.06146748512924982,9.0,6.0,6.0,-0.09999999999999964,0
13.5,13.5,0.8,0.7385325148707502,0.10506680275779194,0.5850324128635511,0.06146748512924982,9.0,6.0,6.0,-0.3000000000000007,0
13.5,13.5,0.8,0.7385325148707502,0.10506680275779194,0.5850324128635511,0.06146748512924982,9.0,6.0,6.0,-0.40000000000000036,0
13.5,13.5,0.8,0.7385325148707502,0.10506680275779194,0.5850324128635511,0.06146748512924982,9.0,6.0,6.0,-0.09999999999999964,0
13.5,13.5,0.8,0.7385325148707502,0.10506680275779194,0.5850324128635511,0.06146748512924982,9.0,6.0,6.0,0.0,0
14.5,14.5,0.8235294117647058,0.773694710844711,0.12918375245762723,0.38576601137469546,0.04983470091999487,10.0,7.0,7.0,-0.09999999999999964,0
14.5,14.5,0.8235294117647058,0.773694710844711,0.12918375245762723,0.38576601137469546,0.04983470091999487,10.0,7.0,7.0,-0.3000000000000007,0
14.5,14.5,0.8235294117647058,0.773694710844711,0.12918375245762723,0.38576601137469546,0.04983470091999487,10.0,7.0,7.0,-0.40000000000000036,0
14.5,14.5,0.8235294117647058,0.773694710844711,0.12918375245762723,0.38576601137469546,0.04983470091999487,10.0,7.0,7.0,-0.09999999999999964,0
14.5,14.5,0.8235294117647058,0.773694710844711,0.12918375245762723,0.38576601137469546,0.04983470091999487,10.0,7.0,7.0,0.0,0
14.5,14.5,0.8235294117647058,0.773694710844711,0.12918375245762723,0.38576601137469546,0.04983470091999487,10.0,7.0,7.0,-0.09999999999999787,0
14.5,14.5,0.8235294117647058,0.773694710844711,0.12918375245762723,0.38576601137469546,0.04983470091999487,10.0,7.0,7.0,-0.3000000000000007,0
15.5,15.5,0.8235294117647058,0.7793770118770119,0.1348002281313501,0.3275395041963251,0.04415239988769393,10.0,7.0,7.0,-0.3000000000000007,0
15.5,15.5,0.8235294117647058,0.7793770118770119,0.1348002281313501,0.3275395041963251,0.04415239988769393,10.0,7.0,7.0,-0.40000000000000036,0
15.5,15.5,0.8235294117647058,0.7793770118770119,0.1348002281313501,0.3275395041963251,0.04415239988769393,10.0,7.0,7.0,-0.09999999999999964,0
15.5,15.5,0.8235294117647058,0.7793770118770119,0.1348002281313501,0.3275395041963251,0.04415239988769393,10.0,7.0,7.0,0.0,0
15.5,15.5,0.8235294117647058,0.7793770118770119,0.1348002281313501,0.3275395041963251,0.04415239988769393,10.0,7.0,7.0,-0.09999999999999787,0
15.5,15.5,0.8235294117647058,0.7793770118770119,0.1348002281313501,0.3275395041963251,0.04415239988769393,10.0,7.0,7.0,-0.3000000000000007,0
15.5,15.5,0.8235294117647058,0.7793770118770119,0.1348002281313501,0.3275395041963251,0.04415239988769393,10.0,7.0,7.0,-0.3000000000000007,0
16.5,16.5,0.9473684210526315,0.8156686525119187,0.14060679481138874,0.9366529456657919,0.13169976854071286,10.0,9.0,9.0,0.09999999999999964,0
16.5,16.5,0.9473684210526315,0.8156686525119187,0.14060679481138874,0.9366529456657919,0.13169976854071286,10.0,9.0,9.0,0.09999999999999964,0
16.5,16.5,0.9473684210526315,0.8156686525119187,0.14060679481138874,0.9366529456657919,0.13169976854071286,10.0,9.0,9.0,-0.09999999999999964,0
16.5,16.5,0.9473684210526315,0.8156686525119187,0.14060679481138874,0.9366529456657919,0.13169976854071286,10.0,9.0,9.0,0.0,0
16.5,16.5,0.9473684210526315,0.8156686525119187,0.14060679481138874,0.9366529456657919,0.13169976854071286,10.0,9.0,9.0,-0.09999999999999787,0
16.5,16.5,0.9473684210526315,0.8156686525119187,0.14060679481138874,0.9366529456657919,0.13169976854071286,10.0,9.0,9.0,-0.3000000000000007,0
16.5,16.5,0.9473684210526315,0.8156686525119187,0.14060679481138874,0.9366529456657919,0.13169976854071286,10.0,9.0,9.0,-0.3000000000000007,0
16.5,16.5,0.9473684210526315,0.8156686525119187,0.14060679481138874,0.9366529456657919,0.13169976854071286,10.0,9.0,9.0,-0.40000000000000213,0
16.5,16.5,0.9473684210526315,0.8156686525119187,0.14060679481138874,0.9366529456657919,0.13169976854071286,10.0,9.0,9.0,-0.1999999999999993,0
17.5,17.5,0.9473684210526315,0.8336418512773777,0.14043803247344483,0.8097989395910842,0.11372656977525386,10.0,9.0,9.0,-0.09999999999999964,0
17.5,17.5,0.9473684210526315,0.8336418512773777,0.14043803247344483,0.8097989395910842,0.11372656977525386,10.0,9.0,9.0,0.0,0
17.5,17.5,0.9473684210526315,0.8336418512773777,0.14043803247344483,0.8097989395910842,0.11372656977525386,10.0,9.0,9.0,-0.09999999999999787,0
17.5,17.5,0.9473684210526315,0.8336418512773777,0.14043803247344483,0.8097989395910842,0.11372656977525386,10.0,9.0,9.0,-0.3000000000000007,0
17.5,17.5,0.9473684210526315,0.8336418512773777,0.14043803247344483,0.8097989395910842,0.11372656977525386,10.0,9.0,9.0,-0.3000000000000007,0
17.5,17.5,0.9473684210526315,0.8336418512773777,0.14043803247344483,0.8097989395910842,0.11372656977525386,10.0,9.0,9.0,-0.40000000000000213,0
17.5,17.5,0.9473684210526315,0.8336418512773777,0.14043803247344483,0.8097989395910842,0.11372656977525386,10.0,9.0,9.0,-0.1999999999999993,0
17.5,17.5,0.9473684210526315,0.8336418512773777,0.14043803247344483,0.8097989395910842,0.11372656977525386,10.0,9.0,9.0,-0.1999999999999993,0
17.5,17.5,0.9473684210526315,0.8336418512773777,0.14043803247344483,0.8097989395910842,0.11372656977525386,10.0,9.0,9.0,-0.3000000000000007,0
18.5,18.5,0.8888888888888888,0.8460426795083142,0.14227022002771222,0.30116077259337026,0.042846209380574596,9.0,9.0,8.0,-0.09999999999999787,0
18.5,18.5,0.8888888888888888,0.8460426795083142,0.14227022002771222,0.30116077259337026,0.042846209380574596,9.0,9.0,8.0,-0.3000000000000007,0
18.5,18.5,0.8888888888888888,0.8460426795083142,0.14227022002771222,0.30116077259337026,0.042846209380574596,9.0,9.0,8.0,-0.3000000000000007,0
18.5,18.5,0.8888888888888888,0.8460426795083142,0.14227022002771222,0.30116077259337026,0.042846209380574596,9.0,9.0,8.0,-0.40000000000000213,0
18.5,18.5,0.8888888888888888,0.8460426795083142,0.14227022002771222,0.30116077259337026,0.042846209380574596,9.0,9.0,8.0,-0.1999999999999993,0
18.5,18.5,0.8888888888888888,0.8460426795083142,0.14227022002771222,0.30116077259337026,0.042846209380574596,9.0,9.0,8.0,-0.1999999999999993,0
18.5,18.5,0.8888888888888888,0.8460426795083142,0.14227022002771222,0.30116077259337026,0.042846209380574596,9.0,9.0,8.0,-0.3000000000000007,0
18.5,18.5,0.8888888888888888,0.8460426795083142,0.14227022002771222,0.30116077259337026,0.042846209380574596,9.0,9.0,8.0,-0.10000000000000142,0
19.5,19.5,0.8,0.8265660802905386,0.14014231593600474,-0.18956501548518573,-0.02656608029053853,7.0,8.0,6.0,-0.3000000000000007,0
19.5,19.5,0.8,0.8265660802905386,0.14014231593600474,-0.18956501548518573,-0.02656608029053853,7.0,8.0,6.0,-0.40000000000000213,0
19.5,19.5,0.8,0.8265660802905386,0.14014231593600474,-0.18956501548518573,-0.02656608029053853,7.0,8.0,6.0,-0.1999999999999993,0
19.5,19.5,0.8,0.8265660802905386,0.14014231593600474,-0.18956501548518573,-0.02656608029053853,7.0,8.0,6.0,-0.1999999999999993,0
19.5,19.5,0.8,0.8265660802905386,0.14014231593600474,-0.18956501548518573,-0.02656608029053853,7.0,8.0,6.0,-0.3000000000000007,0
19.5,19.5,0.8,0.8265660802905386,0.14014231593600474,-0.18956501548518573,-0.02656608029053853,7.0,8.0,6.0,-0.10000000000000142,0
20.5,20.5,0.8571428571428571,0.7890748154408371,0.14354190694893895,0.4742032703120858,0.06806804170201997,6.0,8.0,6.0,0.0,0
20.5,20.5,0.8571428571428571,0.7890748154408371,0.14354190694893895,0.4742032703120858,0.06806804170201997,6.0,8.0,6.0,-0.1999999999999993,0
20.5,20.5,0.8571428571428571,0.7890748154408371,0.14354190694893895,0.4742032703120858,0.06806804170201997,6.0,8.0,6.0,-0.1999999999999993,0
20.5,20.5,0.8571428571428571,0.7890748154408371,0.14354190694893895,0.4742032703120858,0.06806804170201997,6.0,8.0,6.0,-0.3000000000000007,0
20.5,20.5,0.8571428571428571,0.7890748154408371,0.14354190694893895,0.4742032703120858,0.06806804170201997,6.0,8.0,6.0,-0.10000000000000142,0
20.5,20.5,0.8571428571428571,0.7890748154408371,0.14354190694893895,0.4742032703120858,0.06806804170201997,6.0,8.0,6.0,-0.3999999999999986,0
21.5,21.5,0.7142857142857143,0.7718770515432279,0.12474481880878473,-0.4616731805574435,-0.05759133725751364,7.0,7.0,5.0,-0.1999999999999993,0
21.5,21.5,0.7142857142857143,0.7718770515432279,0.12474481880878473,-0.4616731805574435,-0.05759133725751364,7.0,7.0,5.0,-0.3000000000000007,0
21.5,21.5,0.7142857142857143,0.7718770515432279,0.12474481880878473,-0.4616731805574435,-0.05759133725751364,7.0,7.0,5.0,-0.10000000000000142,0
21.5,21.5,0.7142857142857143,0.7718770515432279,0.12474481880878473,-0.4616731805574435,-0.05759133725751364,7.0,7.0,5.0,-0.3999999999999986,0
21.5,21.5,0.7142857142857143,0.7718770515432279,0.12474481880878473,-0.4616731805574435,-0.05759133725751364,7.0,7.0,5.0,-0.3000000000000007,0
22.5,22.5,0.8,0.7790008942553835,0.12823406669981055,0.16375606174741647,0.020999105744616497,7.0,8.0,6.0,-0.10000000000000142,0
22.5,22.5,0.8,0.7790008942553835,0.12823406669981055,0.16375606174741647,0.020999105744616497,7.0,8.0,6.0,-0.3999999999999986,0
22.5,22.5,0.8,0.7790008942553835,0.12823406669981055,0.16375606174741647,0.020999105744616497,7.0,8.0,6.0,-0.3000000000000007,0
22.5,22.5,0.8,0.7790008942553835,0.12823406669981055,0.16375606174741647,0.020999105744616497,7.0,8.0,6.0,-0.5,0
22.5,22.5,0.8,0.7790008942553835,0.12823406669981055,0.16375606174741647,0.020999105744616497,7.0,8.0,6.0,-0.1999999999999993,0
22.5,22.5,0.8,0.7790008942553835,0.12823406669981055,0.16375606174741647,0.020999105744616497,7.0,8.0,6.0,-0.10000000000000142,0
23.5,23.5,0.8,0.7642563630813631,0.13519534715981088,0.2643851113928151,0.03574363691863691,8.0,7.0,6.0,-0.3999999999999986,0
23.5,23.5,0.8,0.7642563630813631,0.13519534715981088,0.2643851113928151,0.03574363691863691,8.0,7.0,6.0,-0.3000000000000007,0
23.5,23.5,0.8,0.7642563630813631,0.13519534715981088,0.2643851113928151,0.03574363691863691,8.0,7.0,6.0,-0.5,0
23.5,23.5,0.8,0.7642563630813631,0.13519534715981088,0.2643851113928151,0.03574363691863691,8.0,7.0,6.0,-0.1999999999999993,0
23.5,23.5,0.8,0.7642563630813631,0.13519534715981088,0.2643851113928151,0.03574363691863691,8.0,7.0,6.0,-0.10000000000000142,0
23.5,23.5,0.8,0.7642563630813631,0.13519534715981088,0.2643851113928151,0.03574363691863691,8.0,7.0,6.0,-0.20000000000000284,0
24.5,24.5,0.8888888888888888,0.7997849508420716,0.14313554457202143,0.6225144027868136,0.08910393804681727,10.0,8.0,8.0,-0.3999999999999986,0
24.5,24.5,0.8888888888888888,0.7997849508420716,0.14313554457202143,0.6225144027868136,0.08910393804681727,10.0,8.0,8.0,-0.3000000000000007,0
24.5,24.5,0.8888888888888888,0.7997849508420716,0.14313554457202143,0.6225144027868136,0.08910393804681727,10.0,8.0,8.0,-0.5,0
24.5,24.5,0.8888888888888888,0.7997849508420716,0.14313554457202143,0.6225144027868136,0.08910393804681727,10.0,8.0,8.0,-0.1999999999999993,0
24.5,24.5,0.8888888888888888,0.7997849508420716,0.14313554457202143,0.6225144027868136,0.08910393804681727,10.0,8.0,8.0,-0.10000000000000142,0
24.5,24.5,0.8888888888888888,0.7997849508420716,0.14313554457202143,0.6225144027868136,0.08910393804681727,10.0,8.0,8.0,-0.20000000000000284,0
24.5,24.5,0.8888888888888888,0.7997849508420716,0.14313554457202143,0.6225144027868136,0.08910393804681727,10.0,8.0,8.0,-0.5,0
24.5,24.5,0.8888888888888888,0.7997849508420716,0.14313554457202143,0.6225144027868136,0.08910393804681727,10.0,8.0,8.0,-0.5,0
25.5,25.5,0.8571428571428571,0.8246208401333789,0.12852832673859524,0.25303384736053136,0.03252201700947821,11.0,10.0,9.0,-0.3000000000000007,0
25.5,25.5,0.8571428571428571,0.8246208401333789,0.12852832673859524,0.25303384736053136,0.03252201700947821,11.0,10.0,9.0,-0.5,0
25.5,25.5,0.8571428571428571,0.8246208401333789,0.12852832673859524,0.25303384736053136,0.03252201700947821,11.0,10.0,9.0,-0.1999999999999993,0
25.5,25.5,0.8571428571428571,0.8246208401333789,0.12852832673859524,0.25303384736053136,0.03252201700947821,11.0,10.0,9.0,-0.10000000000000142,0
25.5,25.5,0.8571428571428571,0.8246208401333789,0.12852832673859524,0.25303384736053136,0.03252201700947821,11.0,10.0,9.0,-0.20000000000000284,0
25.5,25.5,0.8571428571428571,0.8246208401333789,0.12852832673859524,0.25303384736053136,0.03252201700947821,11.0,10.0,9.0,-0.5,0
25.5,25.5,0.8571428571428571,0.8246208401333789,0.12852832673859524,0.25303384736053136,0.03252201700947821,11.0,10.0,9.0,-0.5,0
25.5,25.5,0.8571428571428571,0.8246208401333789,0.12852832673859524,0.25303384736053136,0.03252201700947821,11.0,10.0,9.0,-0.29999999999999716,0
25.5,25.5,0.8571428571428571,0.8246208401333789,0.12852832673859524,0.25303384736053136,0.03252201700947821,11.0,10.0,9.0,-0.3000000000000007,0
26.5,26.5,0.8888888888888888,0.7643287895025512,0.13751802067435442,0.9057729217998167,0.12456009938633761,10.0,8.0,8.0,-0.10000000000000142,0
26.5,26.5,0.8888888888888888,0.7643287895025512,0.13751802067435442,0.9057729217998167,0.12456009938633761,10.0,8.0,8.0,-0.1999999999999993,0
26.5,26.5,0.8888888888888888,0.7643287895025512,0.13751802067435442,0.9057729217998167,0.12456009938633761,10.0,8.0,8.0,-0.10000000000000142,0
26.5,26.5,0.8888888888888888,0.7643287895025512,0.13751802067435442,0.9057729217998167,0.12456009938633761,10.0,8.0,8.0,-0.20000000000000284,0
26.5,26.5,0.8888888888888888,0.7643287895025512,0.13751802067435442,0.9057729217998167,0.12456009938633761,10.0,8.0,8.0,-0.5,0
26.5,26.5,0.8888888888888888,0.7643287895025512,0.13751802067435442,0.9057729217998167,0.12456009938633761,10.0,8.0,8.0,-0.5,0
26.5,26.5,0.8888888888888888,0.7643287895025512,0.13751802067435442,0.9057729217998167,0.12456009938633761,10.0,8.0,8.0,-0.29999999999999716,0
26.5,26.5,0.8888888888888888,0.7643287895025512,0.13751802067435442,0.9057729217998167,0.12456009938633761,10.0,8.0,8.0,-0.3000000000000007,0
27.5,27.5,0.7142857142857143,0.7353042650160299,0.1255377410074432,-0.16742814202040926,-0.021018550730315555,7.0,7.0,5.0,-0.20000000000000284,0
27.5,27.5,0.7142857142857143,0.7353042650160299,0.1255377410074432,-0.16742814202040926,-0.021018550730315555,7.0,7.0,5.0,-0.5,0
27.5,27.5,0.7142857142857143,0.7353042650160299,0.1255377410074432,-0.16742814202040926,-0.021018550730315555,7.0,7.0,5.0,-0.5,0
27.5,27.5,0.7142857142857143,0.7353042650160299,0.1255377410074432,-0.16742814202040926,-0.021018550730315555,7.0,7.0,5.0,-0.29999999999999716,0
27.5,27.5,0.7142857142857143,0.7353042650160299,0.1255377410074432,-0.16742814202040926,-0.021018550730315555,7.0,7.0,5.0,-0.3000000000000007,0
28.5,28.5,0.7692307692307693,0.726748377113083,0.11597931240487874,0.3662928434114357,0.04248239211768623,7.0,6.0,5.0,0.0,0
28.5,28.5,0.7692307692307693,0.726748377113083,0.11597931240487874,0.3662928434114357,0.04248239211768623,7.0,6.0,5.0,0.0,0
28.5,28.5,0.7692307692307693,0.726748377113083,0.11597931240487874,0.3662928434114357,0.04248239211768623,7.0,6.0,5.0,-0.29999999999999716,0
28.5,28.5,0.7692307692307693,0.726748377113083,0.11597931240487874,0.3662928434114357,0.04248239211768623,7.0,6.0,5.0,-0.3000000000000007,0
28.5,28.5,0.7692307692307693,0.726748377113083,0.11597931240487874,0.3662928434114357,0.04248239211768623,7.0,6.0,5.0,-0.29999999999999716,0
29.5,29.5,0.8333333333333334,0.7478131492690315,0.09846777061969443,0.8685093967913705,0.08552018406430184,6.0,6.0,5.0,-0.29999999999999716,0
29.5,29.5,0.8333333333333334,0.7478131492690315,0.09846777061969443,0.8685093967913705,0.08552018406430184,6.0,6.0,5.0,-0.3000000000000007,0
29.5,29.5,0.8333333333333334,0.7478131492690315,0.09846777061969443,0.8685093967913705,0.08552018406430184,6.0,6.0,5.0,-0.29999999999999716,0
29.5,29.5,0.8333333333333334,0.7478131492690315,0.09846777061969443,0.8685093967913705,0.08552018406430184,6.0,6.0,5.0,-0.40000000000000213,0
29.5,29.5,0.8333333333333334,0.7478131492690315,0.09846777061969443,0.8685093967913705,0.08552018406430184,6.0,6.0,5.0,-0.40000000000000213,0
30.5,30.5,0.8571428571428571,0.7787924038379921,0.12558952649568794,0.6238613640091647,0.07835045330486501,7.0,7.0,6.0,0.3999999999999986,0
30.5,30.5,0.8571428571428571,0.7787924038379921,0.12558952649568794,0.6238613640091647,0.07835045330486501,7.0,7.0,6.0,-0.29999999999999716,0
30.5,30.5,0.8571428571428571,0.7787924038379921,0.12558952649568794,0.6238613640091647,0.07835045330486501,7.0,7.0,6.0,-0.40000000000000213,0
30.5,30.5,0.8571428571428571,0.7787924038379921,0.12558952649568794,0.6238613640091647,0.07835045330486501,7.0,7.0,6.0,-0.40000000000000213,0
30.5,30.5,0.8571428571428571,0.7787924038379921,0.12558952649568794,0.6238613640091647,0.07835045330486501,7.0,7.0,6.0,0.0,0
30.5,30.5,0.8571428571428571,0.7787924038379921,0.12558952649568794,0.6238613640091647,0.07835045330486501,7.0,7.0,6.0,-0.19999999999999574,0
31.5,31.5,0.875,0.825503642375856,0.1404512887663091,0.3524094229316672,0.04949635762414395,8.0,8.0,7.0,-0.29999999999999716,0
31.5,31.5,0.875,0.825503642375856,0.1404512887663091,0.3524094229316672,0.04949635762414395,8.0,8.0,7.0,-0.40000000000000213,0
31.5,31.5,0.875,0.825503642375856,0.1404512887663091,0.3524094229316672,0.04949635762414395,8.0,8.0,7.0,-0.40000000000000213,0
31.5,31.5,0.875,0.825503642375856,0.1404512887663091,0.3524094229316672,0.04949635762414395,8.0,8.0,7.0,0.0,0
31.5,31.5,0.875,0.825503642375856,0.1404512887663091,0.3524094229316672,0.04949635762414395,8.0,8.0,7.0,-0.19999999999999574,0
31.5,31.5,0.875,0.825503642375856,0.1404512887663091,0.3524094229316672,0.04949635762414395,8.0,8.0,7.0,-0.29999999999999716,0
31.5,31.5,0.875,0.825503642375856,0.1404512887663091,0.3524094229316672,0.04949635762414395,8.0,8.0,7.0,-0.3999999999999986,0
32.5,32.5,0.8888888888888888,0.8267106448505056,0.14254890773452866,0.4361888493328821,0.062178244038383235,10.0,8.0,8.0,-0.29999999999999716,0
32.5,32.5,0.8888888888888888,0.8267106448505056,0.14254890773452866,0.4361888493328821,0.062178244038383235,10.0,8.0,8.0,-0.40000000000000213,0
32.5,32.5,0.8888888888888888,0.8267106448505056,0.14254890773452866,0.4361888493328821,0.062178244038383235,10.0,8.0,8.0,-0.40000000000000213,0
32.5,32.5,0.8888888888888888,0.8267106448505056,0.14254890773452866,0.4361888493328821,0.062178244038383235,10.0,8.0,8.0,0.0,0
32.5,32.5,0.8888888888888888,0.8267106448505056,0.14254890773452866,0.4361888493328821,0.062178244038383235,10.0,8.0,8.0,-0.19999999999999574,0
32.5,32.5,0.8888888888888888,0.8267106448505056,0.14254890773452866,0.4361888493328821,0.062178244038383235,10.0,8.0,8.0,-0.29999999999999716,0
32.5,32.5,0.8888888888888888,0.8267106448505056,0.14254890773452866,0.4361888493328821,0.062178244038383235,10.0,8.0,8.0,-0.3999999999999986,0
32.5,32.5,0.8888888888888888,0.8267106448505056,0.14254890773452866,0.4361888493328821,0.062178244038383235,10.0,8.0,8.0,-0.3999999999999986,0
33.5,33.5,0.75,0.7175010056936528,0.16539602035601977,0.19649199682309246,0.03249899430634717,9.0,7.0,6.0,0.09999999999999787,0
33.5,33.5,0.75,0.7175010056936528,0.16539602035601977,0.19649199682309246,0.03249899430634717,9.0,7.0,6.0,0.0,0
33.5,33.5,0.75,0.7175010056936528,0.16539602035601977,0.19649199682309246,0.03249899430634717,9.0,7.0,6.0,-0.19999999999999574,0
33.5,33.5,0.75,0.7175010056936528,0.16539602035601977,0.19649199682309246,0.03249899430634717,9.0,7.0,6.0,-0.29999999999999716,0
33.5,33.5,0.75,0.7175010056936528,0.16539602035601977,0.19649199682309246,0.03249899430634717,9.0,7.0,6.0,-0.3999999999999986,0
33.5,33.5,0.75,0.7175010056936528,0.16539602035601977,0.19649199682309246,0.03249899430634717,9.0,7.0,6.0,-0.3999999999999986,0
34.5,34.5,0.8235294117647058,0.759082374161786,0.12165256532521457,0.5297630792300445,0.06444703760291981,10.0,7.0,7.0,0.0,0
34.5,34.5,0.8235294117647058,0.759082374161786,0.12165256532521457,0.5297630792300445,0.06444703760291981,10.0,7.0,7.0,-0.19999999999999574,0
34.5,34.5,0.8235294117647058,0.759082374161786,0.12165256532521457,0.5297630792300445,0.06444703760291981,10.0,7.0,7.0,-0.29999999999999716,0
34.5,34.5,0.8235294117647058,0.759082374161786,0.12165256532521457,0.5297630792300445,0.06444703760291981,10.0,7.0,7.0,-0.3999999999999986,0
34.5,34.5,0.8235294117647058,0.759082374161786,0.12165256532521457,0.5297630792300445,0.06444703760291981,10.0,7.0,7.0,-0.3999999999999986,0
34.5,34.5,0.8235294117647058,0.759082374161786,0.12165256532521457,0.5297630792300445,0.06444703760291981,10.0,7.0,7.0,-0.20000000000000284,0
34.5,34.5,0.8235294117647058,0.759082374161786,0.12165256532521457,0.5297630792300445,0.06444703760291981,10.0,7.0,7.0,-0.3999999999999986,0
35.5,35.5,0.8,0.7741680469856941,0.1154410733732416,0.22376743614282457,0.025831953014305964,8.0,7.0,6.0,-0.29999999999999716,0
35.5,35.5,0.8,0.7741680469856941,0.1154410733732416,0.22376743614282457,0.025831953014305964,8.0,7.0,6.0,-0.3999999999999986,0
35.5,35.5,0.8,0.7741680469856941,0.1154410733732416,0.22376743614282457,0.025831953014305964,8.0,7.0,6.0,-0.3999999999999986,0
35.5,35.5,0.8,0.7741680469856941,0.1154410733732416,0.22376743614282457,0.025831953014305964,8.0,7.0,6.0,-0.20000000000000284,0
35.5,35.5,0.8,0.7741680469856941,0.1154410733732416,0.22376743614282457,0.025831953014305964,8.0,7.0,6.0,-0.3999999999999986,0
35.5,35.5,0.8,0.7741680469856941,0.1154410733732416,0.22376743614282457,0.025831953014305964,8.0,7.0,6.0,-0.10000000000000142,0
36.5,36.5,0.8,0.7683771117771119,0.141031968432264,0.22422496526435612,0.03162288822288817,8.0,7.0,6.0,-0.3999999999999986,0
36.5,36.5,0.8,0.7683771117771119,0.141031968432264,0.22422496526435612,0.03162288822288817,8.0,7.0,6.0,-0.20000000000000284,0
36.5,36.5,0.8,0.7683771117771119,0.141031968432264,0.22422496526435612,0.03162288822288817,8.0,7.0,6.0,-0.3999999999999986,0
36.5,36.5,0.8,0.7683771117771119,0.141031968432264,0.22422496526435612,0.03162288822288817,8.0,7.0,6.0,-0.10000000000000142,0
36.5,36.5,0.8,0.7683771117771119,0.141031968432264,0.22422496526435612,0.03162288822288817,8.0,7.0,6.0,0.0,0
36.5,36.5,0.8,0.7683771117771119,0.141031968432264,0.22422496526435612,0.03162288822288817,8.0,7.0,6.0,0.09999999999999432,0
37.5,37.5,0.875,0.7937091383418783,0.15569268074477918,0.5221238485281051,0.08129086165812172,8.0,8.0,7.0,-0.20000000000000284,0
37.5,37.5,0.875,0.7937091383418783,0.15569268074477918,0.5221238485281051,0.08129086165812172,8.0,8.0,7.0,-0.3999999999999986,0
37.5,37.5,0.875,0.7937091383418783,0.15569268074477918,0.5221238485281051,0.08129086165812172,8.0,8.0,7.0,-0.10000000000000142,0
37.5,37.5,0.875,0.7937091383418783,0.15569268074477918,0.5221238485281051,0.08129086165812172,8.0,8.0,7.0,0.0,0
37.5,37.5,0.875,0.7937091383418783,0.15569268074477918,0.5221238485281051,0.08129086165812172,8.0,8.0,7.0,0.09999999999999432,0
37.5,37.5,0.875,0.7937091383418783,0.15569268074477918,0.5221238485281051,0.08129086165812172,8.0,8.0,7.0,0.19999999999999574,0
37.5,37.5,0.875,0.7937091383418783,0.15569268074477918,0.5221238485281051,0.08129086165812172,8.0,8.0,7.0,0.10000000000000142,0
38.5,38.5,0.8888888888888888,0.829848224298921,0.1462196392961049,0.40378067456729516,0.05904066458996782,8.0,10.0,8.0,0.10000000000000142,0
38.5,38.5,0.8888888888888888,0.829848224298921,0.1462196392961049,0.40378067456729516,0.05904066458996782,8.0,10.0,8.0,-0.10000000000000142,0
38.5,38.5,0.8888888888888888,0.829848224298921,0.1462196392961049,0.40378067456729516,0.05904066458996782,8.0,10.0,8.0,0.0,0
38.5,38.5,0.8888888888888888,0.829848224298921,0.1462196392961049,0.40378067456729516,0.05904066458996782,8.0,10.0,8.0,0.09999999999999432,0
38.5,38.5,0.8888888888888888,0.829848224298921,0.1462196392961049,0.40378067456729516,0.05904066458996782,8.0,10.0,8.0,0.19999999999999574,0
38.5,38.5,0.8888888888888888,0.829848224298921,0.1462196392961049,0.40378067456729516,0.05904066458996782,8.0,10.0,8.0,0.10000000000000142,0
38.5,38.5,0.8888888888888888,0.829848224298921,0.1462196392961049,0.40378067456729516,0.05904066458996782,8.0,10.0,8.0,0.0,0
38.5,38.5,0.8888888888888888,0.829848224298921,0.1462196392961049,0.40378067456729516,0.05904066458996782,8.0,10.0,8.0,-0.20000000000000284,0
39.5,39.5,0.8888888888888888,0.8261010711854366,0.1442346002166036,0.4353173067291823,0.06278781770345221,9.0,9.0,8.0,-0.10000000000000142,0
39.5,39.5,0.8888888888888888,0.8261010711854366,0.1442346002166036,0.4353173067291823,0.06278781770345221,9.0,9.0,8.0,0.0,0
39.5,39.5,0.8888888888888888,0.8261010711854366,0.1442346002166036,0.4353173067291823,0.06278781770345221,9.0,9.0,8.0,0.09999999999999432,0
39.5,39.5,0.8888888888888888,0.8261010711854366,0.1442346002166036,0.4353173067291823,0.06278781770345221,9.0,9.0,8.0,0.19999999999999574,0
39.5,39.5,0.8888888888888888,0.8261010711854366,0.1442346002166036,0.4353173067291823,0.06278781770345221,9.0,9.0,8.0,0.10000000000000142,0
39.5,39.5,0.8888888888888888,0.8261010711854366,0.1442346002166036,0.4353173067291823,0.06278781770345221,9.0,9.0,8.0,0.0,0
39.5,39.5,0.8888888888888888,0.8261010711854366,0.1442346002166036,0.4353173067291823,0.06278781770345221,9.0,9.0,8.0,-0.20000000000000284,0
39.5,39.5,0.8888888888888888,0.8261010711854366,0.1442346002166036,0.4353173067291823,0.06278781770345221,9.0,9.0,8.0,-0.30000000000000426,0
40.5,40.5,0.8235294117647058,0.7393962028167911,0.15414903737873054,0.5457913353114682,0.08413320894791476,10.0,7.0,7.0,0.0,0
40.5,40.5,0.8235294117647058,0.7393962028167911,0.15414903737873054,0.5457913353114682,0.08413320894791476,10.0,7.0,7.0,0.09999999999999432,0
40.5,40.5,0.8235294117647058,0.7393962028167911,0.15414903737873054,0.5457913353114682,0.08413320894791476,10.0,7.0,7.0,0.19999999999999574,0
40.5,40.5,0.8235294117647058,0.7393962028167911,0.15414903737873054,0.5457913353114682,0.08413320894791476,10.0,7.0,7.0,0.10000000000000142,0
40.5,40.5,0.8235294117647058,0.7393962028167911,0.15414903737873054,0.5457913353114682,0.08413320894791476,10.0,7.0,7.0,0.0,0
40.5,40.5,0.8235294117647058,0.7393962028167911,0.15414903737873054,0.5457913353114682,0.08413320894791476,10.0,7.0,7.0,-0.20000000000000284,0
40.5,40.5,0.8235294117647058,0.7393962028167911,0.15414903737873054,0.5457913353114682,0.08413320894791476,10.0,7.0,7.0,-0.30000000000000426,0
41.5,41.5,0.6666666666666666,0.6260609002109002,0.16505800706737503,0.24600906782541937,0.04060576645576641,10.0,5.0,5.0,0.19999999999999574,0
41.5,41.5,0.6666666666666666,0.6260609002109002,0.16505800706737503,0.24600906782541937,0.04060576645576641,10.0,5.0,5.0,0.10000000000000142,0
41.5,41.5,0.6666666666666666,0.6260609002109002,0.16505800706737503,0.24600906782541937,0.04060576645576641,10.0,5.0,5.0,0.0,0
41.5,41.5,0.6666666666666666,0.6260609002109002,0.16505800706737503,0.24600906782541937,0.04060576645576641,10.0,5.0,5.0,-0.20000000000000284,0
41.5,41.5,0.6666666666666666,0.6260609002109002,0.16505800706737503,0.24600906782541937,0.04060576645576641,10.0,5.0,5.0,-0.30000000000000426,0
42.5,42.5,0.6666666666666666,0.6529544844044844,0.10581946550234451,0.12958090647205525,0.013712182262182182,10.0,5.0,5.0,0.0,0
42.5,42.5,0.6666666666666666,0.6529544844044844,0.10581946550234451,0.12958090647205525,0.013712182262182182,10.0,5.0,5.0,-0.20000000000000284,0
42.5,42.5,0.6666666666666666,0.6529544844044844,0.10581946550234451,0.12958090647205525,0.013712182262182182,10.0,5.0,5.0,-0.30000000000000426,0
42.5,42.5,0.6666666666666666,0.6529544844044844,0.10581946550234451,0.12958090647205525,0.013712182262182182,10.0,5.0,5.0,-0.29999999999999716,0
42.5,42.5,0.6666666666666666,0.6529544844044844,0.10581946550234451,0.12958090647205525,0.013712182262182182,10.0,5.0,5.0,-0.5,0
43.5,43.5,0.5714285714285714,0.6145020895770895,0.10649233486742572,-0.40447529112908587,-0.04307351814851812,9.0,5.0,4.0,-0.30000000000000426,0
43.5,43.5,0.5714285714285714,0.6145020895770895,0.10649233486742572,-0.40447529112908587,-0.04307351814851812,9.0,5.0,4.0,-0.29999999999999716,0
43.5,43.5,0.5714285714285714,0.6145020895770895,0.10649233486742572,-0.40447529112908587,-0.04307351814851812,9.0,5.0,4.0,-0.5,0
43.5,43.5,0.5714285714285714,0.6145020895770895,0.10649233486742572,-0.40447529112908587,-0.04307351814851812,9.0,5.0,4.0,0.0,0
44.5,44.5,0.6153846153846154,0.651339787989788,0.15131144165364582,-0.23762362060811298,-0.03595517260517256,8.0,5.0,4.0,-0.29999999999999716,0
44.5,44.5,0.6153846153846154,0.651339787989788,0.15131144165364582,-0.23762362060811298,-0.03595517260517256,8.0,5.0,4.0,-0.5,0
44.5,44.5,0.6153846153846154,0.651339787989788,0.15131144165364582,-0.23762362060811298,-0.03595517260517256,8.0,5.0,4.0,0.0,0
44.5,44.5,0.6153846153846154,0.651339787989788,0.15131144165364582,-0.23762362060811298,-0.03595517260517256,8.0,5.0,4.0,0.19999999999999574,0
45.5,45.5,0.6666666666666666,0.7237109589756648,0.14125621479586595,-0.4038356286938229,-0.05704429230899821,6.0,6.0,4.0,-0.29999999999999716,0
45.5,45.5,0.6666666666666666,0.7237109589756648,0.14125621479586595,-0.4038356286938229,-0.05704429230899821,6.0,6.0,4.0,-0.5,0
45.5,45.5,0.6666666666666666,0.7237109589756648,0.14125621479586595,-0.4038356286938229,-0.05704429230899821,6.0,6.0,4.0,0.0,0
45.5,45.5,0.6666666666666666,0.7237109589756648,0.14125621479586595,-0.4038356286938229,-0.05704429230899821,6.0,6.0,4.0,0.19999999999999574,0
46.5,46.5,0.6153846153846154,0.7127782998047704,0.15545123149197415,-0.6265224372003982,-0.09739368442015495,7.0,6.0,4.0,-0.29999999999999716,0
46.5,46.5,0.6153846153846154,0.7127782998047704,0.15545123149197415,-0.6265224372003982,-0.09739368442015495,7.0,6.0,4.0,-0.5,0
46.5,46.5,0.6153846153846154,0.7127782998047704,0.15545123149197415,-0.6265224372003982,-0.09739368442015495,7.0,6.0,4.0,0.0,0
46.5,46.5,0.6153846153846154,0.7127782998047704,0.15545123149197415,-0.6265224372003982,-0.09739368442015495,7.0,6.0,4.0,0.19999999999999574,0
47.5,47.5,0.6153846153846154,0.659569752632988,0.13647922447837083,-0.32374991444485407,-0.044185137248372586,7.0,6.0,4.0,0.0,0
47.5,47.5,0.6153846153846154,0.659569752632988,0.13647922447837083,-0.32374991444485407,-0.044185137248372586,7.0,6.0,4.0,0.0,0
47.5,47.5,0.6153846153846154,0.659569752632988,0.13647922447837083,-0.32374991444485407,-0.044185137248372586,7.0,6.0,4.0,0.19999999999999574,0
47.5,47.5,0.6153846153846154,0.659569752632988,0.13647922447837083,-0.32374991444485407,-0.044185137248372586,7.0,6.0,4.0,-0.5,0
48.5,48.5,0.5,0.6403151404151404,0.10780808147469513,-1.3015271072055516,-0.14031514041514037,7.0,5.0,3.0,0.19999999999999574,0
48.5,48.5,0.5,0.6403151404151404,0.10780808147469513,-1.3015271072055516,-0.14031514041514037,7.0,5.0,3.0,-0.5,0
48.5,48.5,0.5,0.6403151404151404,0.10780808147469513,-1.3015271072055516,-0.14031514041514037,7.0,5.0,3.0,-0.20000000000000284,0
49.5,49.5,0.6153846153846154,0.6625130203130202,0.12333149290674875,-0.3821279043791245,-0.047128404928404755,8.0,5.0,4.0,-0.5,0
49.5,49.5,0.6153846153846154,0.6625130203130202,0.12333149290674875,-0.3821279043791245,-0.047128404928404755,8.0,5.0,4.0,-0.20000000000000284,0
49.5,49.5,0.6153846153846154,0.6625130203130202,0.12333149290674875,-0.3821279043791245,-0.047128404928404755,8.0,5.0,4.0,-0.10000000000000142,0
49.5,49.5,0.6153846153846154,0.6625130203130202,0.12333149290674875,-0.3821279043791245,-0.047128404928404755,8.0,5.0,4.0,-0.20000000000000284,0
50.5,50.5,0.75,0.7087207121310063,0.1573650174807417,0.26231552939677627,0.04127928786899371,10.0,6.0,6.0,-0.5,0
50.5,50.5,0.75,0.7087207121310063,0.1573650174807417,0.26231552939677627,0.04127928786899371,10.0,6.0,6.0,-0.20000000000000284,0
50.5,50.5,0.75,0.7087207121310063,0.1573650174807417,0.26231552939677627,0.04127928786899371,10.0,6.0,6.0,-0.10000000000000142,0
50.5,50.5,0.75,0.7087207121310063,0.1573650174807417,0.26231552939677627,0.04127928786899371,10.0,6.0,6.0,-0.20000000000000284,0
50.5,50.5,0.75,0.7087207121310063,0.1573650174807417,0.26231552939677627,0.04127928786899371,10.0,6.0,6.0,-0.3999999999999986,0
50.5,50.5,0.75,0.7087207121310063,0.1573650174807417,0.26231552939677627,0.04127928786899371,10.0,6.0,6.0,-0.10000000000000142,0
51.5,51.5,0.8235294117647058,0.791679901471078,0.13411025403671817,0.23748750997748247,0.031849510293627814,10.0,7.0,7.0,-0.5,0
51.5,51.5,0.8235294117647058,0.791679901471078,0.13411025403671817,0.23748750997748247,0.031849510293627814,10.0,7.0,7.0,-0.20000000000000284,0
51.5,51.5,0.8235294117647058,0.791679901471078,0.13411025403671817,0.23748750997748247,0.031849510293627814,10.0,7.0,7.0,-0.10000000000000142,0
51.5,51.5,0.8235294117647058,0.791679901471078,0.13411025403671817,0.23748750997748247,0.031849510293627814,10.0,7.0,7.0,-0.20000000000000284,0
51.5,51.5,0.8235294117647058,0.791679901471078,0.13411025403671817,0.23748750997748247,0.031849510293627814,10.0,7.0,7.0,-0.3999999999999986,0
51.5,51.5,0.8235294117647058,0.791679901471078,0.13411025403671817,0.23748750997748247,0.031849510293627814,10.0,7.0,7.0,-0.10000000000000142,0
51.5,51.5,0.8235294117647058,0.791679901471078,0.13411025403671817,0.23748750997748247,0.031849510293627814,10.0,7.0,7.0,0.3999999999999986,0
52.5,52.5,0.875,0.8437041790081264,0.12084234597185113,0.258980581187687,0.03129582099187356,8.0,8.0,7.0,-0.20000000000000284,0
52.5,52.5,0.875,0.8437041790081264,0.12084234597185113,0.258980581187687,0.03129582099187356,8.0,8.0,7.0,-0.10000000000000142,0
52.5,52.5,0.875,0.8437041790081264,0.12084234597185113,0.258980581187687,0.03129582099187356,8.0,8.0,7.0,-0.20000000000000284,0
52.5,52.5,0.875,0.8437041790081264,0.12084234597185113,0.258980581187687,0.03129582099187356,8.0,8.0,7.0,-0.3999999999999986,0
52.5,52.5,0.875,0.8437041790081264,0.12084234597185113,0.258980581187687,0.03129582099187356,8.0,8.0,7.0,-0.10000000000000142,0
52.5,52.5,0.875,0.8437041790081264,0.12084234597185113,0.258980581187687,0.03129582099187356,8.0,8.0,7.0,-0.29999999999999716,0
52.5,52.5,0.875,0.8437041790081264,0.12084234597185113,0.258980581187687,0.03129582099187356,8.0,8.0,7.0,-0.19999999999999574,0
53.5,53.5,0.7058823529411765,0.7553465811965812,0.13267575300687887,-0.37282040715337084,-0.04946422825540464,10.0,7.0,6.0,-0.10000000000000142,0
53.5,53.5,0.7058823529411765,0.7553465811965812,0.13267575300687887,-0.37282040715337084,-0.04946422825540464,10.0,7.0,6.0,-0.20000000000000284,0
53.5,53.5,0.7058823529411765,0.7553465811965812,0.13267575300687887,-0.37282040715337084,-0.04946422825540464,10.0,7.0,6.0,-0.3999999999999986,0
53.5,53.5,0.7058823529411765,0.7553465811965812,0.13267575300687887,-0.37282040715337084,-0.04946422825540464,10.0,7.0,6.0,-0.10000000000000142,0
53.5,53.5,0.7058823529411765,0.7553465811965812,0.13267575300687887,-0.37282040715337084,-0.04946422825540464,10.0,7.0,6.0,-0.29999999999999716,0
53.5,53.5,0.7058823529411765,0.7553465811965812,0.13267575300687887,-0.37282040715337084,-0.04946422825540464,10.0,7.0,6.0,-0.19999999999999574,0
54.5,54.5,0.6666666666666666,0.7348169040110217,0.12081470674120047,-0.5640889191606536,-0.0681502373443551,9.0,6.0,5.0,-0.09999999999999432,0
54.5,54.5,0.6666666666666666,0.7348169040110217,0.12081470674120047,-0.5640889191606536,-0.0681502373443551,9.0,6.0,5.0,-0.10000000000000142,0
54.5,54.5,0.6666666666666666,0.7348169040110217,0.12081470674120047,-0.5640889191606536,-0.0681502373443551,9.0,6.0,5.0,-0.29999999999999716,0
54.5,54.5,0.6666666666666666,0.7348169040110217,0.12081470674120047,-0.5640889191606536,-0.0681502373443551,9.0,6.0,5.0,-0.19999999999999574,0
54.5,54.5,0.6666666666666666,0.7348169040110217,0.12081470674120047,-0.5640889191606536,-0.0681502373443551,9.0,6.0,5.0,-0.3999999999999986,0
55.5,55.5,0.6666666666666666,0.7463716409407587,0.10631538805860259,-0.7497030837168889,-0.07970497427409207,9.0,6.0,5.0,-0.29999999999999716,0
55.5,55.5,0.6666666666666666,0.7463716409407587,0.10631538805860259,-0.7497030837168889,-0.07970497427409207,9.0,6.0,5.0,-0.19999999999999574,0
55.5,55.5,0.6666666666666666,0.7463716409407587,0.10631538805860259,-0.7497030837168889,-0.07970497427409207,9.0,6.0,5.0,-0.3999999999999986,0
55.5,55.5,0.6666666666666666,0.7463716409407587,0.10631538805860259,-0.7497030837168889,-0.07970497427409207,9.0,6.0,5.0,-0.10000000000000142,0
55.5,55.5,0.6666666666666666,0.7463716409407587,0.10631538805860259,-0.7497030837168889,-0.07970497427409207,9.0,6.0,5.0,-0.3999999999999986,0
56.5,56.5,0.7058823529411765,0.7390076508458863,0.10587652319471356,-0.31286726183660424,-0.03312529790470975,11.0,6.0,6.0,-0.29999999999999716,0
56.5,56.5,0.7058823529411765,0.7390076508458863,0.10587652319471356,-0.31286726183660424,-0.03312529790470975,11.0,6.0,6.0,-0.19999999999999574,0
56.5,56.5,0.7058823529411765,0.7390076508458863,0.10587652319471356,-0.31286726183660424,-0.03312529790470975,11.0,6.0,6.0,-0.3999999999999986,0
56.5,56.5,0.7058823529411765,0.7390076508458863,0.10587652319471356,-0.31286726183660424,-0.03312529790470975,11.0,6.0,6.0,-0.10000000000000142,0
56.5,56.5,0.7058823529411765,0.7390076508458863,0.10587652319471356,-0.31286726183660424,-0.03312529790470975,11.0,6.0,6.0,-0.3999999999999986,0
56.5,56.5,0.7058823529411765,0.7390076508458863,0.10587652319471356,-0.31286726183660424,-0.03312529790470975,11.0,6.0,6.0,-0.20000000000000284,0
57.5,57.5,0.7058823529411765,0.7340734251043075,0.13003211077823698,-0.21680085014700257,-0.028191072163130992,11.0,6.0,6.0,-0.3999999999999986,0
57.5,57.5,0.7058823529411765,0.7340734251043075,0.13003211077823698,-0.21680085014700257,-0.028191072163130992,11.0,6.0,6.0,-0.10000000000000142,0
57.5,57.5,0.7058823529411765,0.7340734251043075,0.13003211077823698,-0.21680085014700257,-0.028191072163130992,11.0,6.0,6.0,-0.3999999999999986,0
57.5,57.5,0.7058823529411765,0.7340734251043075,0.13003211077823698,-0.21680085014700257,-0.028191072163130992,11.0,6.0,6.0,-0.20000000000000284,0
57.5,57.5,0.7058823529411765,0.7340734251043075,0.13003211077823698,-0.21680085014700257,-0.028191072163130992,11.0,6.0,6.0,-0.20000000000000284,0
57.5,57.5,0.7058823529411765,0.7340734251043075,0.13003211077823698,-0.21680085014700257,-0.028191072163130992,11.0,6.0,6.0,-0.30000000000000426,0
58.5,58.5,0.7777777777777778,0.7958990440931618,0.1234831041631915,-0.146750978104952,-0.01812126631538402,11.0,7.0,7.0,-0.3999999999999986,0
58.5,58.5,0.7777777777777778,0.7958990440931618,0.1234831041631915,-0.146750978104952,-0.01812126631538402,11.0,7.0,7.0,-0.10000000000000142,0
58.5,58.5,0.7777777777777778,0.7958990440931618,0.1234831041631915,-0.146750978104952,-0.01812126631538402,11.0,7.0,7.0,-0.3999999999999986,0
58.5,58.5,0.7777777777777778,0.7958990440931618,0.1234831041631915,-0.146750978104952,-0.01812126631538402,11.0,7.0,7.0,-0.20000000000000284,0
58.5,58.5,0.7777777777777778,0.7958990440931618,0.1234831041631915,-0.146750978104952,-0.01812126631538402,11.0,7.0,7.0,-0.20000000000000284,0
58.5,58.5,0.7777777777777778,0.7958990440931618,0.1234831041631915,-0.146750978104952,-0.01812126631538402,11.0,7.0,7.0,-0.30000000000000426,0
58.5,58.5,0.7777777777777778,0.7958990440931618,0.1234831041631915,-0.146750978104952,-0.01812126631538402,11.0,7.0,7.0,-0.29999999999999716,0
59.5,59.5,0.8235294117647058,0.7715467651629416,0.12868092621256902,0.4039654370834546,0.051982646601764215,10.0,7.0,7.0,-0.10000000000000142,0
59.5,59.5,0.8235294117647058,0.7715467651629416,0.12868092621256902,0.4039654370834546,0.051982646601764215,10.0,7.0,7.0,-0.3999999999999986,0
59.5,59.5,0.8235294117647058,0.7715467651629416,0.12868092621256902,0.4039654370834546,0.051982646601764215,10.0,7.0,7.0,-0.20000000000000284,0
59.5,59.5,0.8235294117647058,0.7715467651629416,0.12868092621256902,0.4039654370834546,0.051982646601764215,10.0,7.0,7.0,-0.20000000000000284,0
59.5,59.5,0.8235294117647058,0.7715467651629416,0.12868092621256902,0.4039654370834546,0.051982646601764215,10.0,7.0,7.0,-0.30000000000000426,0
59.5,59.5,0.8235294117647058,0.7715467651629416,0.12868092621256902,0.4039654370834546,0.051982646601764215,10.0,7.0,7.0,-0.29999999999999716,0
59.5,59.5,0.8235294117647058,0.7715467651629416,0.12868092621256902,0.4039654370834546,0.051982646601764215,10.0,7.0,7.0,0.0,0
60.5,60.5,0.7142857142857143,0.781851881615117,0.11501003651973309,-0.5874806179877169,-0.06756616732940268,7.0,7.0,5.0,-0.20000000000000284,0
60.5,60.5,0.7142857142857143,0.781851881615117,0.11501003651973309,-0.5874806179877169,-0.06756616732940268,7.0,7.0,5.0,-0.20000000000000284,0
60.5,60.5,0.7142857142857143,0.781851881615117,0.11501003651973309,-0.5874806179877169,-0.06756616732940268,7.0,7.0,5.0,-0.30000000000000426,0
60.5,60.5,0.7142857142857143,0.781851881615117,0.11501003651973309,-0.5874806179877169,-0.06756616732940268,7.0,7.0,5.0,-0.29999999999999716,0
60.5,60.5,0.7142857142857143,0.781851881615117,0.11501003651973309,-0.5874806179877169,-0.06756616732940268,7.0,7.0,5.0,0.0,0
61.5,61.5,0.7142857142857143,0.7702946308593368,0.11451879867519395,-0.48908054591525035,-0.0560089165736225,7.0,7.0,5.0,-0.20000000000000284,0
61.5,61.5,0.7142857142857143,0.7702946308593368,0.11451879867519395,-0.48908054591525035,-0.0560089165736225,7.0,7.0,5.0,-0.30000000000000426,0
61.5,61.5,0.7142857142857143,0.7702946308593368,0.11451879867519395,-0.48908054591525035,-0.0560089165736225,7.0,7.0,5.0,-0.29999999999999716,0
61.5,61.5,0.7142857142857143,0.7702946308593368,0.11451879867519395,-0.48908054591525035,-0.0560089165736225,7.0,7.0,5.0,0.0,0
61.5,61.5,0.7142857142857143,0.7702946308593368,0.11451879867519395,-0.48908054591525035,-0.0560089165736225,7.0,7.0,5.0,0.10000000000000142,0
62.5,62.5,0.6666666666666666,0.7961647584441702,0.12111675935486925,-1.0692004349132,-0.1294980917775036,8.0,7.0,5.0,-0.29999999999999716,0
62.5,62.5,0.6666666666666666,0.7961647584441702,0.12111675935486925,-1.0692004349132,-0.1294980917775036,8.0,7.0,5.0,0.0,0
62.5,62.5,0.6666666666666666,0.7961647584441702,0.12111675935486925,-1.0692004349132,-0.1294980917775036,8.0,7.0,5.0,0.10000000000000142,0
62.5,62.5,0.6666666666666666,0.7961647584441702,0.12111675935486925,-1.0692004349132,-0.1294980917775036,8.0,7.0,5.0,-0.10000000000000853,0
62.5,62.5,0.6666666666666666,0.7961647584441702,0.12111675935486925,-1.0692004349132,-0.1294980917775036,8.0,7.0,5.0,-0.4000000000000057,0
63.5,63.5,0.6153846153846154,0.7391800919668567,0.12994021164338143,-0.9527110585443387,-0.12379547658224133,7.0,6.0,4.0,0.0,0
63.5,63.5,0.6153846153846154,0.7391800919668567,0.12994021164338143,-0.9527110585443387,-0.12379547658224133,7.0,6.0,4.0,0.10000000000000142,0
63.5,63.5,0.6153846153846154,0.7391800919668567,0.12994021164338143,-0.9527110585443387,-0.12379547658224133,7.0,6.0,4.0,-0.10000000000000853,0
63.5,63.5,0.6153846153846154,0.7391800919668567,0.12994021164338143,-0.9527110585443387,-0.12379547658224133,7.0,6.0,4.0,-0.4000000000000057,0
64.5,64.5,0.6666666666666666,0.7974632320294086,0.10841478244873498,-1.2064458592128842,-0.13079656536274198,8.0,7.0,5.0,0.10000000000000142,0
64.5,64.5,0.6666666666666666,0.7974632320294086,0.10841478244873498,-1.2064458592128842,-0.13079656536274198,8.0,7.0,5.0,-0.10000000000000853,0
64.5,64.5,0.6666666666666666,0.7974632320294086,0.10841478244873498,-1.2064458592128842,-0.13079656536274198,8.0,7.0,5.0,-0.4000000000000057,0
64.5,64.5,0.6666666666666666,0.7974632320294086,0.10841478244873498,-1.2064458592128842,-0.13079656536274198,8.0,7.0,5.0,-0.5,0
64.5,64.5,0.6666666666666666,0.7974632320294086,0.10841478244873498,-1.2064458592128842,-0.13079656536274198,8.0,7.0,5.0,-0.20000000000000284,0
65.5,65.5,0.7058823529411765,0.7868952215483175,0.12304006619628087,-0.6584267313210348,-0.08101286860714096,9.0,8.0,6.0,0.10000000000000142,0
65.5,65.5,0.7058823529411765,0.7868952215483175,0.12304006619628087,-0.6584267313210348,-0.08101286860714096,9.0,8.0,6.0,-0.10000000000000853,0
65.5,65.5,0.7058823529411765,0.7868952215483175,0.12304006619628087,-0.6584267313210348,-0.08101286860714096,9.0,8.0,6.0,-0.4000000000000057,0
65.5,65.5,0.7058823529411765,0.7868952215483175,0.12304006619628087,-0.6584267313210348,-0.08101286860714096,9.0,8.0,6.0,-0.5,0
65.5,65.5,0.7058823529411765,0.7868952215483175,0.12304006619628087,-0.6584267313210348,-0.08101286860714096,9.0,8.0,6.0,-0.20000000000000284,0
65.5,65.5,0.7058823529411765,0.7868952215483175,0.12304006619628087,-0.6584267313210348,-0.08101286860714096,9.0,8.0,6.0,-0.09999999999999432,0
66.5,66.5,0.7777777777777778,0.808961465039948,0.13213464028939562,-0.23599933517715774,-0.031183687262170245,10.0,8.0,7.0,-0.10000000000000853,0
66.5,66.5,0.7777777777777778,0.808961465039948,0.13213464028939562,-0.23599933517715774,-0.031183687262170245,10.0,8.0,7.0,-0.4000000000000057,0
66.5,66.5,0.7777777777777778,0.808961465039948,0.13213464028939562,-0.23599933517715774,-0.031183687262170245,10.0,8.0,7.0,-0.5,0
66.5,66.5,0.7777777777777778,0.808961465039948,0.13213464028939562,-0.23599933517715774,-0.031183687262170245,10.0,8.0,7.0,-0.20000000000000284,0
66.5,66.5,0.7777777777777778,0.808961465039948,0.13213464028939562,-0.23599933517715774,-0.031183687262170245,10.0,8.0,7.0,-0.09999999999999432,0
66.5,66.5,0.7777777777777778,0.808961465039948,0.13213464028939562,-0.23599933517715774,-0.031183687262170245,10.0,8.0,7.0,0.0,0
66.5,66.5,0.7777777777777778,0.808961465039948,0.13213464028939562,-0.23599933517715774,-0.031183687262170245,10.0,8.0,7.0,-0.29999999999999716,0
67.5,67.5,0.6666666666666666,0.7109389561418973,0.13909850609712793,-0.3182801218894239,-0.04427228947523065,9.0,6.0,5.0,-0.5,0
67.5,67.5,0.6666666666666666,0.7109389561418973,0.13909850609712793,-0.3182801218894239,-0.04427228947523065,9.0,6.0,5.0,-0.20000000000000284,0
67.5,67.5,0.6666666666666666,0.7109389561418973,0.13909850609712793,-0.3182801218894239,-0.04427228947523065,9.0,6.0,5.0,-0.09999999999999432,0
67.5,67.5,0.6666666666666666,0.7109389561418973,0.13909850609712793,-0.3182801218894239,-0.04427228947523065,9.0,6.0,5.0,0.0,0
67.5,67.5,0.6666666666666666,0.7109389561418973,0.13909850609712793,-0.3182801218894239,-0.04427228947523065,9.0,6.0,5.0,-0.29999999999999716,0
68.5,68.5,0.75,0.7556271938845468,0.13676532608359918,-0.041144886980396776,-0.0056271938845467995,9.0,7.0,6.0,0.0,0
68.5,68.5,0.75,0.7556271938845468,0.13676532608359918,-0.041144886980396776,-0.0056271938845467995,9.0,7.0,6.0,-0.20000000000000284,0
68.5,68.5,0.75,0.7556271938845468,0.13676532608359918,-0.041144886980396776,-0.0056271938845467995,9.0,7.0,6.0,-0.09999999999999432,0
68.5,68.5,0.75,0.7556271938845468,0.13676532608359918,-0.041144886980396776,-0.0056271938845467995,9.0,7.0,6.0,0.0,0
68.5,68.5,0.75,0.7556271938845468,0.13676532608359918,-0.041144886980396776,-0.0056271938845467995,9.0,7.0,6.0,-0.29999999999999716,0
68.5,68.5,0.75,0.7556271938845468,0.13676532608359918,-0.041144886980396776,-0.0056271938845467995,9.0,7.0,6.0,-0.5,0
69.5,69.5,0.75,0.7750468312733019,0.11381098712307541,-0.22007393052672658,-0.025046831273301873,9.0,7.0,6.0,-0.09999999999999432,0
69.5,69.5,0.75,0.7750468312733019,0.11381098712307541,-0.22007393052672658,-0.025046831273301873,9.0,7.0,6.0,0.0,0
69.5,69.5,0.75,0.7750468312733019,0.11381098712307541,-0.22007393052672658,-0.025046831273301873,9.0,7.0,6.0,-0.29999999999999716,0
69.5,69.5,0.75,0.7750468312733019,0.11381098712307541,-0.22007393052672658,-0.025046831273301873,9.0,7.0,6.0,-0.5,0
69.5,69.5,0.75,0.7750468312733019,0.11381098712307541,-0.22007393052672658,-0.025046831273301873,9.0,7.0,6.0,-0.10000000000000853,0
69.5,69.5,0.75,0.7750468312733019,0.11381098712307541,-0.22007393052672658,-0.025046831273301873,9.0,7.0,6.0,-0.20000000000000284,0
70.5,70.5,0.75,0.7819926808485633,0.1260512085994889,-0.25380701386383253,-0.031992680848563326,9.0,7.0,6.0,0.0,0
70.5,70.5,0.75,0.7819926808485633,0.1260512085994889,-0.25380701386383253,-0.031992680848563326,9.0,7.0,6.0,-0.29999999999999716,0
70.5,70.5,0.75,0.7819926808485633,0.1260512085994889,-0.25380701386383253,-0.031992680848563326,9.0,7.0,6.0,-0.5,0
70.5,70.5,0.75,0.7819926808485633,0.1260512085994889,-0.25380701386383253,-0.031992680848563326,9.0,7.0,6.0,-0.10000000000000853,0
70.5,70.5,0.75,0.7819926808485633,0.1260512085994889,-0.25380701386383253,-0.031992680848563326,9.0,7.0,6.0,-0.20000000000000284,0
70.5,70.5,0.75,0.7819926808485633,0.1260512085994889,-0.25380701386383253,-0.031992680848563326,9.0,7.0,6.0,-0.20000000000000284,0
71.5,71.5,0.75,0.7938259815348051,0.1460744672498408,-0.30002492810633796,-0.0438259815348051,8.0,8.0,6.0,0.09999999999999432,0
71.5,71.5,0.75,0.7938259815348051,0.1460744672498408,-0.30002492810633796,-0.0438259815348051,8.0,8.0,6.0,-0.5,0
71.5,71.5,0.75,0.7938259815348051,0.1460744672498408,-0.30002492810633796,-0.0438259815348051,8.0,8.0,6.0,-0.10000000000000853,0
71.5,71.5,0.75,0.7938259815348051,0.1460744672498408,-0.30002492810633796,-0.0438259815348051,8.0,8.0,6.0,-0.20000000000000284,0
71.5,71.5,0.75,0.7938259815348051,0.1460744672498408,-0.30002492810633796,-0.0438259815348051,8.0,8.0,6.0,-0.20000000000000284,0
71.5,71.5,0.75,0.7938259815348051,0.1460744672498408,-0.30002492810633796,-0.0438259815348051,8.0,8.0,6.0,0.0,0
72.5,72.5,0.6666666666666666,0.8326348301337466,0.15226981961874994,-1.0899609908426218,-0.16596816346708,6.0,9.0,5.0,-0.5,0
72.5,72.5,0.6666666666666666,0.8326348301337466,0.15226981961874994,-1.0899609908426218,-0.16596816346708,6.0,9.0,5.0,-0.10000000000000853,0
72.5,72.5,0.6666666666666666,0.8326348301337466,0.15226981961874994,-1.0899609908426218,-0.16596816346708,6.0,9.0,5.0,-0.20000000000000284,0
72.5,72.5,0.6666666666666666,0.8326348301337466,0.15226981961874994,-1.0899609908426218,-0.16596816346708,6.0,9.0,5.0,-0.20000000000000284,0
72.5,72.5,0.6666666666666666,0.8326348301337466,0.15226981961874994,-1.0899609908426218,-0.16596816346708,6.0,9.0,5.0,0.0,0
73.5,73.5,0.6153846153846154,0.8187810900056256,0.15055667129613765,-1.3509628824148165,-0.20339647462101018,4.0,9.0,4.0,-0.10000000000000853,0
73.5,73.5,0.6153846153846154,0.8187810900056256,0.15055667129613765,-1.3509628824148165,-0.20339647462101018,4.0,9.0,4.0,-0.20000000000000284,0
73.5,73.5,0.6153846153846154,0.8187810900056256,0.15055667129613765,-1.3509628824148165,-0.20339647462101018,4.0,9.0,4.0,-0.20000000000000284,0
73.5,73.5,0.6153846153846154,0.8187810900056256,0.15055667129613765,-1.3509628824148165,-0.20339647462101018,4.0,9.0,4.0,0.0,0
74.5,74.5,0.5454545454545454,0.7921383955311974,0.1406107357013877,-1.754374222182648,-0.24668385007665194,3.0,8.0,3.0,-0.20000000000000284,0
74.5,74.5,0.5454545454545454,0.7921383955311974,0.1406107357013877,-1.754374222182648,-0.24668385007665194,3.0,8.0,3.0,0.0,0
74.5,74.5,0.5454545454545454,0.7921383955311974,0.1406107357013877,-1.754374222182648,-0.24668385007665194,3.0,8.0,3.0,-0.10000000000000853,0
75.5,75.5,0.6,0.7680054708363532,0.12024093627651189,-1.39724020819332,-0.1680054708363532,3.0,7.0,3.0,0.0,0
75.5,75.5,0.6,0.7680054708363532,0.12024093627651189,-1.39724020819332,-0.1680054708363532,3.0,7.0,3.0,-0.10000000000000853,0
75.5,75.5,0.6,0.7680054708363532,0.12024093627651189,-1.39724020819332,-0.1680054708363532,3.0,7.0,3.0,0.0,0
76.5,76.5,0.7272727272727273,0.7905222871899343,0.11326624389786372,-0.5584149146345972,-0.06324955991720704,4.0,7.0,4.0,-0.10000000000000853,0
76.5,76.5,0.7272727272727273,0.7905222871899343,0.11326624389786372,-0.5584149146345972,-0.06324955991720704,4.0,7.0,4.0,0.0,0
76.5,76.5,0.7272727272727273,0.7905222871899343,0.11326624389786372,-0.5584149146345972,-0.06324955991720704,4.0,7.0,4.0,-0.09999999999999432,0
76.5,76.5,0.7272727272727273,0.7905222871899343,0.11326624389786372,-0.5584149146345972,-0.06324955991720704,4.0,7.0,4.0,0.20000000000000284,0
77.5,77.5,0.7692307692307693,0.7422651316004257,0.11615432669087157,0.23215353571898187,0.026965637630343542,6.0,7.0,5.0,-0.10000000000000853,0
77.5,77.5,0.7692307692307693,0.7422651316004257,0.11615432669087157,0.23215353571898187,0.026965637630343542,6.0,7.0,5.0,0.0,0
77.5,77.5,0.7692307692307693,0.7422651316004257,0.11615432669087157,0.23215353571898187,0.026965637630343542,6.0,7.0,5.0,-0.09999999999999432,0
77.5,77.5,0.7692307692307693,0.7422651316004257,0.11615432669087157,0.23215353571898187,0.026965637630343542,6.0,7.0,5.0,0.20000000000000284,0
77.5,77.5,0.7692307692307693,0.7422651316004257,0.11615432669087157,0.23215353571898187,0.026965637630343542,6.0,7.0,5.0,0.29999999999999716,0
78.5,78.5,0.9333333333333333,0.790578684387508,0.12606593276280734,1.1323808567253277,0.14275464894582535,8.0,7.0,7.0,-0.10000000000000853,0
78.5,78.5,0.9333333333333333,0.790578684387508,0.12606593276280734,1.1323808567253277,0.14275464894582535,8.0,7.0,7.0,0.0,0
78.5,78.5,0.9333333333333333,0.790578684387508,0.12606593276280734,1.1323808567253277,0.14275464894582535,8.0,7.0,7.0,-0.09999999999999432,0
78.5,78.5,0.9333333333333333,0.790578684387508,0.12606593276280734,1.1323808567253277,0.14275464894582535,8.0,7.0,7.0,0.20000000000000284,0
78.5,78.5,0.9333333333333333,0.790578684387508,0.12606593276280734,1.1323808567253277,0.14275464894582535,8.0,7.0,7.0,0.29999999999999716,0
78.5,78.5,0.9333333333333333,0.790578684387508,0.12606593276280734,1.1323808567253277,0.14275464894582535,8.0,7.0,7.0,-0.20000000000000284,0
78.5,78.5,0.9333333333333333,0.790578684387508,0.12606593276280734,1.1323808567253277,0.14275464894582535,8.0,7.0,7.0,-0.29999999999999716,0
79.5,79.5,1.0,0.8252658022490066,0.12900524230457128,1.3544736216103501,0.17473419775099341,8.0,8.0,8.0,0.0,0
79.5,79.5,1.0,0.8252658022490066,0.12900524230457128,1.3544736216103501,0.17473419775099341,8.0,8.0,8.0,-0.09999999999999432,0
79.5,79.5,1.0,0.8252658022490066,0.12900524230457128,1.3544736216103501,0.17473419775099341,8.0,8.0,8.0,0.20000000000000284,0
79.5,79.5,1.0,0.8252658022490066,0.12900524230457128,1.3544736216103501,0.17473419775099341,8.0,8.0,8.0,0.29999999999999716,0
79.5,79.5,1.0,0.8252658022490066,0.12900524230457128,1.3544736216103501,0.17473419775099341,8.0,8.0,8.0,-0.20000000000000284,0
79.5,79.5,1.0,0.8252658022490066,0.12900524230457128,1.3544736216103501,0.17473419775099341,8.0,8.0,8.0,-0.29999999999999716,0
79.5,79.5,1.0,0.8252658022490066,0.12900524230457128,1.3544736216103501,0.17473419775099341,8.0,8.0,8.0,-0.29999999999999716,0
79.5,79.5,1.0,0.8252658022490066,0.12900524230457128,1.3544736216103501,0.17473419775099341,8.0,8.0,8.0,-0.3999999999999915,0
80.5,80.5,0.875,0.7639179993209404,0.13536371558356575,0.8206187322812071,0.1110820006790596,9.0,7.0,7.0,-0.09999999999999432,0
80.5,80.5,0.875,0.7639179993209404,0.13536371558356575,0.8206187322812071,0.1110820006790596,9.0,7.0,7.0,0.20000000000000284,0
80.5,80.5,0.875,0.7639179993209404,0.13536371558356575,0.8206187322812071,0.1110820006790596,9.0,7.0,7.0,0.29999999999999716,0
80.5,80.5,0.875,0.7639179993209404,0.13536371558356575,0.8206187322812071,0.1110820006790596,9.0,7.0,7.0,-0.20000000000000284,0
80.5,80.5,0.875,0.7639179993209404,0.13536371558356575,0.8206187322812071,0.1110820006790596,9.0,7.0,7.0,-0.29999999999999716,0
80.5,80.5,0.875,0.7639179993209404,0.13536371558356575,0.8206187322812071,0.1110820006790596,9.0,7.0,7.0,-0.29999999999999716,0
80.5,80.5,0.875,0.7639179993209404,0.13536371558356575,0.8206187322812071,0.1110820006790596,9.0,7.0,7.0,-0.3999999999999915,0
81.5,81.5,0.6666666666666666,0.6480105255855255,0.1456938141895658,0.12805033065348365,0.01865614108114111,10.0,5.0,5.0,-0.4000000000000057,0
81.5,81.5,0.6666666666666666,0.6480105255855255,0.1456938141895658,0.12805033065348365,0.01865614108114111,10.0,5.0,5.0,-0.5,0
81.5,81.5,0.6666666666666666,0.6480105255855255,0.1456938141895658,0.12805033065348365,0.01865614108114111,10.0,5.0,5.0,-0.29999999999999716,0
81.5,81.5,0.6666666666666666,0.6480105255855255,0.1456938141895658,0.12805033065348365,0.01865614108114111,10.0,5.0,5.0,-0.29999999999999716,0
81.5,81.5,0.6666666666666666,0.6480105255855255,0.1456938141895658,0.12805033065348365,0.01865614108114111,10.0,5.0,5.0,-0.3999999999999915,0
82.5,82.5,0.5714285714285714,0.5185354589854589,0.15925649601435066,0.33212530582329425,0.052893112443112456,10.0,4.0,4.0,-0.20000000000000284,0
82.5,82.5,0.5714285714285714,0.5185354589854589,0.15925649601435066,0.33212530582329425,0.052893112443112456,10.0,4.0,4.0,-0.29999999999999716,0
82.5,82.5,0.5714285714285714,0.5185354589854589,0.15925649601435066,0.33212530582329425,0.052893112443112456,10.0,4.0,4.0,-0.29999999999999716,0
82.5,82.5,0.5714285714285714,0.5185354589854589,0.15925649601435066,0.33212530582329425,0.052893112443112456,10.0,4.0,4.0,-0.3999999999999915,0
83.5,83.5,0.5,0.46983162393162387,0.11073633857807431,0.2724342926247829,0.030168376068376135,9.0,3.0,3.0,0.20000000000000284,0
83.5,83.5,0.5,0.46983162393162387,0.11073633857807431,0.2724342926247829,0.030168376068376135,9.0,3.0,3.0,0.29999999999999716,0
83.5,83.5,0.5,0.46983162393162387,0.11073633857807431,0.2724342926247829,0.030168376068376135,9.0,3.0,3.0,-0.29999999999999716,0
84.5,84.5,0.46153846153846156,0.47058944943944947,0.1571338611990956,-0.05760049318408781,-0.009050987900987906,10.0,3.0,3.0,-0.29999999999999716,0
84.5,84.5,0.46153846153846156,0.47058944943944947,0.1571338611990956,-0.05760049318408781,-0.009050987900987906,10.0,3.0,3.0,-0.3999999999999915,0
84.5,84.5,0.46153846153846156,0.47058944943944947,0.1571338611990956,-0.05760049318408781,-0.009050987900987906,10.0,3.0,3.0,-0.5,0
85.5,85.5,0.6666666666666666,0.6353831862581862,0.16478243518797017,0.18984717863159858,0.03128348040848039,10.0,5.0,5.0,-0.29999999999999716,0
85.5,85.5,0.6666666666666666,0.6353831862581862,0.16478243518797017,0.18984717863159858,0.03128348040848039,10.0,5.0,5.0,-0.3999999999999915,0
85.5,85.5,0.6666666666666666,0.6353831862581862,0.16478243518797017,0.18984717863159858,0.03128348040848039,10.0,5.0,5.0,-0.5,0
85.5,85.5,0.6666666666666666,0.6353831862581862,0.16478243518797017,0.18984717863159858,0.03128348040848039,10.0,5.0,5.0,-0.20000000000000284,0
85.5,85.5,0.6666666666666666,0.6353831862581862,0.16478243518797017,0.18984717863159858,0.03128348040848039,10.0,5.0,5.0,-0.20000000000000284,0
86.5,86.5,0.75,0.7531342474518946,0.15630804711322385,-0.020051734442208705,-0.0031342474518946117,9.0,7.0,6.0,-0.29999999999999716,0
86.5,86.5,0.75,0.7531342474518946,0.15630804711322385,-0.020051734442208705,-0.0031342474518946117,9.0,7.0,6.0,-0.3999999999999915,0
86.5,86.5,0.75,0.7531342474518946,0.15630804711322385,-0.020051734442208705,-0.0031342474518946117,9.0,7.0,6.0,-0.5,0
86.5,86.5,0.75,0.7531342474518946,0.15630804711322385,-0.020051734442208705,-0.0031342474518946117,9.0,7.0,6.0,-0.20000000000000284,0
86.5,86.5,0.75,0.7531342474518946,0.15630804711322385,-0.020051734442208705,-0.0031342474518946117,9.0,7.0,6.0,-0.20000000000000284,0
86.5,86.5,0.75,0.7531342474518946,0.15630804711322385,-0.020051734442208705,-0.0031342474518946117,9.0,7.0,6.0,-0.10000000000000853,0
87.5,87.5,0.75,0.8440960238334078,0.14605659827703862,-0.6442435668324098,-0.09409602383340776,7.0,9.0,6.0,-0.29999999999999716,0
87.5,87.5,0.75,0.8440960238334078,0.14605659827703862,-0.6442435668324098,-0.09409602383340776,7.0,9.0,6.0,-0.3999999999999915,0
87.5,87.5,0.75,0.8440960238334078,0.14605659827703862,-0.6442435668324098,-0.09409602383340776,7.0,9.0,6.0,-0.5,0
87.5,87.5,0.75,0.8440960238334078,0.14605659827703862,-0.6442435668324098,-0.09409602383340776,7.0,9.0,6.0,-0.20000000000000284,0
87.5,87.5,0.75,0.8440960238334078,0.14605659827703862,-0.6442435668324098,-0.09409602383340776,7.0,9.0,6.0,-0.20000000000000284,0
87.5,87.5,0.75,0.8440960238334078,0.14605659827703862,-0.6442435668324098,-0.09409602383340776,7.0,9.0,6.0,-0.10000000000000853,0
88.5,88.5,0.75,0.8360574638210087,0.14299593036819838,-0.6018175734052039,-0.08605746382100865,6.0,10.0,6.0,0.10000000000000853,0
88.5,88.5,0.75,0.8360574638210087,0.14299593036819838,-0.6018175734052039,-0.08605746382100865,6.0,10.0,6.0,-0.10000000000000853,0
88.5,88.5,0.75,0.8360574638210087,0.14299593036819838,-0.6018175734052039,-0.08605746382100865,6.0,10.0,6.0,-0.20000000000000284,0
88.5,88.5,0.75,0.8360574638210087,0.14299593036819838,-0.6018175734052039,-0.08605746382100865,6.0,10.0,6.0,-0.20000000000000284,0
88.5,88.5,0.75,0.8360574638210087,0.14299593036819838,-0.6018175734052039,-0.08605746382100865,6.0,10.0,6.0,-0.10000000000000853,0
88.5,88.5,0.75,0.8360574638210087,0.14299593036819838,-0.6018175734052039,-0.08605746382100865,6.0,10.0,6.0,-0.20000000000000284,0
89.5,89.5,0.7142857142857143,0.8213696112538992,0.14252760256779165,-0.7513204111972039,-0.10708389696818488,5.0,9.0,5.0,-0.20000000000000284,0
89.5,89.5,0.7142857142857143,0.8213696112538992,0.14252760256779165,-0.7513204111972039,-0.10708389696818488,5.0,9.0,5.0,-0.20000000000000284,0
89.5,89.5,0.7142857142857143,0.8213696112538992,0.14252760256779165,-0.7513204111972039,-0.10708389696818488,5.0,9.0,5.0,-0.10000000000000853,0
89.5,89.5,0.7142857142857143,0.8213696112538992,0.14252760256779165,-0.7513204111972039,-0.10708389696818488,5.0,9.0,5.0,-0.20000000000000284,0
89.5,89.5,0.7142857142857143,0.8213696112538992,0.14252760256779165,-0.7513204111972039,-0.10708389696818488,5.0,9.0,5.0,-0.20000000000000284,0
90.5,90.5,0.5,0.733307561882562,0.15399460694807005,-1.5150372243960322,-0.23330756188256196,5.0,7.0,3.0,-0.10000000000000853,0
90.5,90.5,0.5,0.733307561882562,0.15399460694807005,-1.5150372243960322,-0.23330756188256196,5.0,7.0,3.0,-0.20000000000000284,0
90.5,90.5,0.5,0.733307561882562,0.15399460694807005,-1.5150372243960322,-0.23330756188256196,5.0,7.0,3.0,-0.20000000000000284,0
91.5,91.5,0.6153846153846154,0.7578529364426423,0.12052288215941971,-1.1820852480907251,-0.14246832105802687,6.0,7.0,4.0,-0.20000000000000284,0
91.5,91.5,0.6153846153846154,0.7578529364426423,0.12052288215941971,-1.1820852480907251,-0.14246832105802687,6.0,7.0,4.0,-0.20000000000000284,0
91.5,91.5,0.6153846153846154,0.7578529364426423,0.12052288215941971,-1.1820852480907251,-0.14246832105802687,6.0,7.0,4.0,-0.5,0
91.5,91.5,0.6153846153846154,0.7578529364426423,0.12052288215941971,-1.1820852480907251,-0.14246832105802687,6.0,7.0,4.0,-0.20000000000000284,0
92.5,92.5,0.8,0.7631150132547191,0.11734726222749611,0.31432336848024295,0.03688498674528096,8.0,7.0,6.0,-0.20000000000000284,0
92.5,92.5,0.8,0.7631150132547191,0.11734726222749611,0.31432336848024295,0.03688498674528096,8.0,7.0,6.0,-0.20000000000000284,0
92.5,92.5,0.8,0.7631150132547191,0.11734726222749611,0.31432336848024295,0.03688498674528096,8.0,7.0,6.0,-0.5,0
92.5,92.5,0.8,0.7631150132547191,0.11734726222749611,0.31432336848024295,0.03688498674528096,8.0,7.0,6.0,-0.20000000000000284,0
92.5,92.5,0.8,0.7631150132547191,0.11734726222749611,0.31432336848024295,0.03688498674528096,8.0,7.0,6.0,-0.20000000000000284,0
92.5,92.5,0.8,0.7631150132547191,0.11734726222749611,0.31432336848024295,0.03688498674528096,8.0,7.0,6.0,-0.20000000000000284,0
93.5,93.5,0.875,0.7484971659059895,0.14168428817983958,0.8928501227563126,0.12650283409401053,9.0,7.0,7.0,-0.20000000000000284,0
93.5,93.5,0.875,0.7484971659059895,0.14168428817983958,0.8928501227563126,0.12650283409401053,9.0,7.0,7.0,-0.5,0
93.5,93.5,0.875,0.7484971659059895,0.14168428817983958,0.8928501227563126,0.12650283409401053,9.0,7.0,7.0,-0.20000000000000284,0
93.5,93.5,0.875,0.7484971659059895,0.14168428817983958,0.8928501227563126,0.12650283409401053,9.0,7.0,7.0,-0.20000000000000284,0
93.5,93.5,0.875,0.7484971659059895,0.14168428817983958,0.8928501227563126,0.12650283409401053,9.0,7.0,7.0,-0.20000000000000284,0
93.5,93.5,0.875,0.7484971659059895,0.14168428817983958,0.8928501227563126,0.12650283409401053,9.0,7.0,7.0,-0.20000000000000284,0
93.5,93.5,0.875,0.7484971659059895,0.14168428817983958,0.8928501227563126,0.12650283409401053,9.0,7.0,7.0,0.09999999999999432,0
94.5,94.5,0.8,0.696915817352582,0.15251765981234933,0.6758835847222416,0.10308418264741803,9.0,6.0,6.0,-0.5,0
94.5,94.5,0.8,0.696915817352582,0.15251765981234933,0.6758835847222416,0.10308418264741803,9.0,6.0,6.0,-0.20000000000000284,0
94.5,94.5,0.8,0.696915817352582,0.15251765981234933,0.6758835847222416,0.10308418264741803,9.0,6.0,6.0,-0.20000000000000284,0
94.5,94.5,0.8,0.696915817352582,0.15251765981234933,0.6758835847222416,0.10308418264741803,9.0,6.0,6.0,-0.20000000000000284,0
94.5,94.5,0.8,0.696915817352582,0.15251765981234933,0.6758835847222416,0.10308418264741803,9.0,6.0,6.0,-0.20000000000000284,0
94.5,94.5,0.8,0.696915817352582,0.15251765981234933,0.6758835847222416,0.10308418264741803,9.0,6.0,6.0,0.09999999999999432,0
95.5,95.5,0.9411764705882353,0.8111661662898506,0.13721715003005555,0.9474785350804013,0.13001030429838467,9.0,8.0,8.0,0.0,0
95.5,95.5,0.9411764705882353,0.8111661662898506,0.13721715003005555,0.9474785350804013,0.13001030429838467,9.0,8.0,8.0,-0.20000000000000284,0
95.5,95.5,0.9411764705882353,0.8111661662898506,0.13721715003005555,0.9474785350804013,0.13001030429838467,9.0,8.0,8.0,-0.20000000000000284,0
95.5,95.5,0.9411764705882353,0.8111661662898506,0.13721715003005555,0.9474785350804013,0.13001030429838467,9.0,8.0,8.0,-0.20000000000000284,0
95.5,95.5,0.9411764705882353,0.8111661662898506,0.13721715003005555,0.9474785350804013,0.13001030429838467,9.0,8.0,8.0,-0.20000000000000284,0
95.5,95.5,0.9411764705882353,0.8111661662898506,0.13721715003005555,0.9474785350804013,0.13001030429838467,9.0,8.0,8.0,0.09999999999999432,0
95.5,95.5,0.9411764705882353,0.8111661662898506,0.13721715003005555,0.9474785350804013,0.13001030429838467,9.0,8.0,8.0,-0.5,0
95.5,95.5,0.9411764705882353,0.8111661662898506,0.13721715003005555,0.9474785350804013,0.13001030429838467,9.0,8.0,8.0,-0.5,0
96.5,96.5,0.8888888888888888,0.789771056171211,0.12536798686440695,0.7906151737514916,0.09911783271767782,9.0,9.0,8.0,-0.20000000000000284,0
96.5,96.5,0.8888888888888888,0.789771056171211,0.12536798686440695,0.7906151737514916,0.09911783271767782,9.0,9.0,8.0,-0.20000000000000284,0
96.5,96.5,0.8888888888888888,0.789771056171211,0.12536798686440695,0.7906151737514916,0.09911783271767782,9.0,9.0,8.0,-0.20000000000000284,0
96.5,96.5,0.8888888888888888,0.789771056171211,0.12536798686440695,0.7906151737514916,0.09911783271767782,9.0,9.0,8.0,0.09999999999999432,0
96.5,96.5,0.8888888888888888,0.789771056171211,0.12536798686440695,0.7906151737514916,0.09911783271767782,9.0,9.0,8.0,-0.5,0
96.5,96.5,0.8888888888888888,0.789771056171211,0.12536798686440695,0.7906151737514916,0.09911783271767782,9.0,9.0,8.0,-0.5,0
96.5,96.5,0.8888888888888888,0.789771056171211,0.12536798686440695,0.7906151737514916,0.09911783271767782,9.0,9.0,8.0,0.10000000000000853,0
96.5,96.5,0.8888888888888888,0.789771056171211,0.12536798686440695,0.7906151737514916,0.09911783271767782,9.0,9.0,8.0,0.0,0
97.5,97.5,0.75,0.7957250466681581,0.12365064484379118,-0.3697922216735945,-0.04572504666815813,7.0,9.0,6.0,-0.20000000000000284,0
97.5,97.5,0.75,0.7957250466681581,0.12365064484379118,-0.3697922216735945,-0.04572504666815813,7.0,9.0,6.0,0.09999999999999432,0
97.5,97.5,0.75,0.7957250466681581,0.12365064484379118,-0.3697922216735945,-0.04572504666815813,7.0,9.0,6.0,-0.5,0
97.5,97.5,0.75,0.7957250466681581,0.12365064484379118,-0.3697922216735945,-0.04572504666815813,7.0,9.0,6.0,-0.5,0
97.5,97.5,0.75,0.7957250466681581,0.12365064484379118,-0.3697922216735945,-0.04572504666815813,7.0,9.0,6.0,0.10000000000000853,0
97.5,97.5,0.75,0.7957250466681581,0.12365064484379118,-0.3697922216735945,-0.04572504666815813,7.0,9.0,6.0,0.0,0
98.5,98.5,0.75,0.7891128980840282,0.14787678872099833,-0.26449653405595086,-0.03911289808402818,8.0,8.0,6.0,-0.5,0
98.5,98.5,0.75,0.7891128980840282,0.14787678872099833,-0.26449653405595086,-0.03911289808402818,8.0,8.0,6.0,-0.5,0
98.5,98.5,0.75,0.7891128980840282,0.14787678872099833,-0.26449653405595086,-0.03911289808402818,8.0,8.0,6.0,0.10000000000000853,0
98.5,98.5,0.75,0.7891128980840282,0.14787678872099833,-0.26449653405595086,-0.03911289808402818,8.0,8.0,6.0,0.0,0
98.5,98.5,0.75,0.7891128980840282,0.14787678872099833,-0.26449653405595086,-0.03911289808402818,8.0,8.0,6.0,-0.20000000000000284,0
98.5,98.5,0.75,0.7891128980840282,0.14787678872099833,-0.26449653405595086,-0.03911289808402818,8.0,8.0,6.0,-0.20000000000000284,0
99.5,99.5,0.8235294117647058,0.825315487814559,0.14731047876775677,-0.012124568902318184,-0.001786076049853147,8.0,9.0,7.0,0.0,0
99.5,99.5,0.8235294117647058,0.825315487814559,0.14731047876775677,-0.012124568902318184,-0.001786076049853147,8.0,9.0,7.0,0.0,0
99.5,99.5,0.8235294117647058,0.825315487814559,0.14731047876775677,-0.012124568902318184,-0.001786076049853147,8.0,9.0,7.0,0.10000000000000853,0
99.5,99.5,0.8235294117647058,0.825315487814559,0.14731047876775677,-0.012124568902318184,-0.001786076049853147,8.0,9.0,7.0,0.0,0
99.5,99.5,0.8235294117647058,0.825315487814559,0.14731047876775677,-0.012124568902318184,-0.001786076049853147,8.0,9.0,7.0,-0.20000000000000284,0
99.5,99.5,0.8235294117647058,0.825315487814559,0.14731047876775677,-0.012124568902318184,-0.001786076049853147,8.0,9.0,7.0,-0.20000000000000284,0
99.5,99.5,0.8235294117647058,0.825315487814559,0.14731047876775677,-0.012124568902318184,-0.001786076049853147,8.0,9.0,7.0,0.0,0
100.5,100.5,0.875,0.8433589042020931,0.13278705386065606,0.2382844929379212,0.03164109579790686,7.0,9.0,7.0,0.10000000000000853,0
100.5,100.5,0.875,0.8433589042020931,0.13278705386065606,0.2382844929379212,0.03164109579790686,7.0,9.0,7.0,0.0,0
100.5,100.5,0.875,0.8433589042020931,0.13278705386065606,0.2382844929379212,0.03164109579790686,7.0,9.0,7.0,-0.20000000000000284,0
100.5,100.5,0.875,0.8433589042020931,0.13278705386065606,0.2382844929379212,0.03164109579790686,7.0,9.0,7.0,-0.20000000000000284,0
100.5,100.5,0.875,0.8433589042020931,0.13278705386065606,0.2382844929379212,0.03164109579790686,7.0,9.0,7.0,0.0,0
100.5,100.5,0.875,0.8433589042020931,0.13278705386065606,0.2382844929379212,0.03164109579790686,7.0,9.0,7.0,-0.29999999999999716,0
100.5,100.5,0.875,0.8433589042020931,0.13278705386065606,0.2382844929379212,0.03164109579790686,7.0,9.0,7.0,-0.30000000000001137,0
101.5,101.5,0.8,0.728396276427391,0.13651016766900392,0.5245303320279153,0.07160372357260902,7.0,8.0,6.0,0.0,0
101.5,101.5,0.8,0.728396276427391,0.13651016766900392,0.5245303320279153,0.07160372357260902,7.0,8.0,6.0,-0.20000000000000284,0
101.5,101.5,0.8,0.728396276427391,0.13651016766900392,0.5245303320279153,0.07160372357260902,7.0,8.0,6.0,-0.20000000000000284,0
101.5,101.5,0.8,0.728396276427391,0.13651016766900392,0.5245303320279153,0.07160372357260902,7.0,8.0,6.0,0.0,0
101.5,101.5,0.8,0.728396276427391,0.13651016766900392,0.5245303320279153,0.07160372357260902,7.0,8.0,6.0,-0.29999999999999716,0
101.5,101.5,0.8,0.728396276427391,0.13651016766900392,0.5245303320279153,0.07160372357260902,7.0,8.0,6.0,-0.30000000000001137,0
102.5,102.5,0.9230769230769231,0.7348660011557071,0.1177106827801487,1.5989281301913985,0.18821092192121602,7.0,6.0,6.0,-0.20000000000000284,0
102.5,102.5,0.9230769230769231,0.7348660011557071,0.1177106827801487,1.5989281301913985,0.18821092192121602,7.0,6.0,6.0,-0.20000000000000284,0
102.5,102.5,0.9230769230769231,0.7348660011557071,0.1177106827801487,1.5989281301913985,0.18821092192121602,7.0,6.0,6.0,0.0,0
102.5,102.5,0.9230769230769231,0.7348660011557071,0.1177106827801487,1.5989281301913985,0.18821092192121602,7.0,6.0,6.0,-0.29999999999999716,0
102.5,102.5,0.9230769230769231,0.7348660011557071,0.1177106827801487,1.5989281301913985,0.18821092192121602,7.0,6.0,6.0,-0.30000000000001137,0
102.5,102.5,0.9230769230769231,0.7348660011557071,0.1177106827801487,1.5989281301913985,0.18821092192121602,7.0,6.0,6.0,0.09999999999999432,0
103.5,103.5,0.8,0.6889852480852481,0.08992292326954597,1.2345545260131587,0.11101475191475196,5.0,5.0,4.0,0.0,0
103.5,103.5,0.8,0.6889852480852481,0.08992292326954597,1.2345545260131587,0.11101475191475196,5.0,5.0,4.0,-0.29999999999999716,0
103.5,103.5,0.8,0.6889852480852481,0.08992292326954597,1.2345545260131587,0.11101475191475196,5.0,5.0,4.0,-0.30000000000001137,0
103.5,103.5,0.8,0.6889852480852481,0.08992292326954597,1.2345545260131587,0.11101475191475196,5.0,5.0,4.0,0.09999999999999432,0
104.5,104.5,0.4444444444444444,0.7360114108114109,0.10579980170732763,-2.755836605190657,-0.29156696636696644,3.0,6.0,2.0,-0.30000000000001137,0
104.5,104.5,0.4444444444444444,0.7360114108114109,0.10579980170732763,-2.755836605190657,-0.29156696636696644,3.0,6.0,2.0,0.09999999999999432,0
105.5,105.5,0.2857142857142857,0.678341341991342,0.12052396209425781,-3.257668014348845,-0.3926270562770563,2.0,5.0,1.0,0.09999999999999432,0
106.5,106.5,0.5,0.7563981146304676,0.10577377522352843,-2.4240234792473787,-0.2563981146304676,2.0,6.0,2.0,0.09999999999999432,0
106.5,106.5,0.5,0.7563981146304676,0.10577377522352843,-2.4240234792473787,-0.2563981146304676,2.0,6.0,2.0,0.09999999999999432,0
107.5,107.5,0.5,0.7567358471593766,0.10353699352104112,-2.4796532951983186,-0.2567358471593766,2.0,6.0,2.0,0.09999999999999432,0
107.5,107.5,0.5,0.7567358471593766,0.10353699352104112,-2.4796532951983186,-0.2567358471593766,2.0,6.0,2.0,0.4000000000000057,0
108.5,108.5,0.6666666666666666,0.7990226887491594,0.1088822615770045,-1.2155884729569746,-0.13235602208249275,5.0,7.0,4.0,0.09999999999999432,0
108.5,108.5,0.6666666666666666,0.7990226887491594,0.1088822615770045,-1.2155884729569746,-0.13235602208249275,5.0,7.0,4.0,0.4000000000000057,0
108.5,108.5,0.6666666666666666,0.7990226887491594,0.1088822615770045,-1.2155884729569746,-0.13235602208249275,5.0,7.0,4.0,-0.20000000000000284,0
108.5,108.5,0.6666666666666666,0.7990226887491594,0.1088822615770045,-1.2155884729569746,-0.13235602208249275,5.0,7.0,4.0,-0.4000000000000057,0
109.5,109.5,0.7692307692307693,0.7571535575535575,0.09959857715138501,0.12125887761282962,0.012077211677211763,7.0,6.0,5.0,0.09999999999999432,0
109.5,109.5,0.7692307692307693,0.7571535575535575,0.09959857715138501,0.12125887761282962,0.012077211677211763,7.0,6.0,5.0,0.4000000000000057,0
109.5,109.5,0.7692307692307693,0.7571535575535575,0.09959857715138501,0.12125887761282962,0.012077211677211763,7.0,6.0,5.0,-0.20000000000000284,0
109.5,109.5,0.7692307692307693,0.7571535575535575,0.09959857715138501,0.12125887761282962,0.012077211677211763,7.0,6.0,5.0,-0.4000000000000057,0
109.5,109.5,0.7692307692307693,0.7571535575535575,0.09959857715138501,0.12125887761282962,0.012077211677211763,7.0,6.0,5.0,-0.4000000000000057,0
110.5,110.5,0.8571428571428571,0.7601530717648365,0.09972525515189243,0.9725699395834546,0.09698978537802061,8.0,6.0,6.0,0.09999999999999432,0
110.5,110.5,0.8571428571428571,0.7601530717648365,0.09972525515189243,0.9725699395834546,0.09698978537802061,8.0,6.0,6.0,0.4000000000000057,0
110.5,110.5,0.8571428571428571,0.7601530717648365,0.09972525515189243,0.9725699395834546,0.09698978537802061,8.0,6.0,6.0,-0.20000000000000284,0
110.5,110.5,0.8571428571428571,0.7601530717648365,0.09972525515189243,0.9725699395834546,0.09698978537802061,8.0,6.0,6.0,-0.4000000000000057,0
110.5,110.5,0.8571428571428571,0.7601530717648365,0.09972525515189243,0.9725699395834546,0.09698978537802061,8.0,6.0,6.0,-0.4000000000000057,0
110.5,110.5,0.8571428571428571,0.7601530717648365,0.09972525515189243,0.9725699395834546,0.09698978537802061,8.0,6.0,6.0,-0.5,0
111.5,111.5,0.7692307692307693,0.6788554279054279,0.12441514020553521,0.7264014747404564,0.09037534132534142,8.0,5.0,5.0,0.4000000000000057,0
111.5,111.5,0.7692307692307693,0.6788554279054279,0.12441514020553521,0.7264014747404564,0.09037534132534142,8.0,5.0,5.0,-0.20000000000000284,0
111.5,111.5,0.7692307692307693,0.6788554279054279,0.12441514020553521,0.7264014747404564,0.09037534132534142,8.0,5.0,5.0,-0.4000000000000057,0
111.5,111.5,0.7692307692307693,0.6788554279054279,0.12441514020553521,0.7264014747404564,0.09037534132534142,8.0,5.0,5.0,-0.4000000000000057,0
111.5,111.5,0.7692307692307693,0.6788554279054279,0.12441514020553521,0.7264014747404564,0.09037534132534142,8.0,5.0,5.0,-0.5,0
112.5,112.5,0.6153846153846154,0.5756491286491286,0.1474274153651819,0.26952576382798843,0.03973548673548677,9.0,4.0,4.0,-0.20000000000000284,0
112.5,112.5,0.6153846153846154,0.5756491286491286,0.1474274153651819,0.26952576382798843,0.03973548673548677,9.0,4.0,4.0,-0.4000000000000057,0
112.5,112.5,0.6153846153846154,0.5756491286491286,0.1474274153651819,0.26952576382798843,0.03973548673548677,9.0,4.0,4.0,-0.4000000000000057,0
112.5,112.5,0.6153846153846154,0.5756491286491286,0.1474274153651819,0.26952576382798843,0.03973548673548677,9.0,4.0,4.0,-0.5,0
113.5,113.5,0.5454545454545454,0.5065592796092797,0.09690181754451116,0.4013884035498038,0.0388952658452657,8.0,3.0,3.0,-0.4000000000000057,0
113.5,113.5,0.5454545454545454,0.5065592796092797,0.09690181754451116,0.4013884035498038,0.0388952658452657,8.0,3.0,3.0,-0.5,0
113.5,113.5,0.5454545454545454,0.5065592796092797,0.09690181754451116,0.4013884035498038,0.0388952658452657,8.0,3.0,3.0,-0.29999999999999716,0
114.5,114.5,0.6666666666666666,0.5909476911976912,0.11024584389378027,0.6868193193924771,0.07571897546897544,8.0,4.0,4.0,0.29999999999999716,0
114.5,114.5,0.6666666666666666,0.5909476911976912,0.11024584389378027,0.6868193193924771,0.07571897546897544,8.0,4.0,4.0,-0.29999999999999716,0
114.5,114.5,0.6666666666666666,0.5909476911976912,0.11024584389378027,0.6868193193924771,0.07571897546897544,8.0,4.0,4.0,0.09999999999999432,0
114.5,114.5,0.6666666666666666,0.5909476911976912,0.11024584389378027,0.6868193193924771,0.07571897546897544,8.0,4.0,4.0,0.0,0
115.5,115.5,0.6666666666666666,0.5896531024531024,0.12582663629108692,0.6120608996921866,0.0770135642135642,8.0,4.0,4.0,-0.29999999999999716,0
115.5,115.5,0.6666666666666666,0.5896531024531024,0.12582663629108692,0.6120608996921866,0.0770135642135642,8.0,4.0,4.0,0.09999999999999432,0
115.5,115.5,0.6666666666666666,0.5896531024531024,0.12582663629108692,0.6120608996921866,0.0770135642135642,8.0,4.0,4.0,0.0,0
115.5,115.5,0.6666666666666666,0.5896531024531024,0.12582663629108692,0.6120608996921866,0.0770135642135642,8.0,4.0,4.0,-0.10000000000000853,0
116.5,116.5,0.8,0.7323266245192717,0.127314368358415,0.5315454677528189,0.06767337548072838,9.0,6.0,6.0,-0.29999999999999716,0
116.5,116.5,0.8,0.7323266245192717,0.127314368358415,0.5315454677528189,0.06767337548072838,9.0,6.0,6.0,0.09999999999999432,0
116.5,116.5,0.8,0.7323266245192717,0.127314368358415,0.5315454677528189,0.06767337548072838,9.0,6.0,6.0,0.0,0
116.5,116.5,0.8,0.7323266245192717,0.127314368358415,0.5315454677528189,0.06767337548072838,9.0,6.0,6.0,-0.10000000000000853,0
116.5,116.5,0.8,0.7323266245192717,0.127314368358415,0.5315454677528189,0.06767337548072838,9.0,6.0,6.0,0.0,0
116.5,116.5,0.8,0.7323266245192717,0.127314368358415,0.5315454677528189,0.06767337548072838,9.0,6.0,6.0,0.0,0
117.5,117.5,0.9411764705882353,0.8320829811914953,0.12588300956761184,0.8666260027581073,0.10909348939674002,9.0,8.0,8.0,-0.29999999999999716,0
117.5,117.5,0.9411764705882353,0.8320829811914953,0.12588300956761184,0.8666260027581073,0.10909348939674002,9.0,8.0,8.0,0.09999999999999432,0
117.5,117.5,0.9411764705882353,0.8320829811914953,0.12588300956761184,0.8666260027581073,0.10909348939674002,9.0,8.0,8.0,0.0,0
117.5,117.5,0.9411764705882353,0.8320829811914953,0.12588300956761184,0.8666260027581073,0.10909348939674002,9.0,8.0,8.0,-0.10000000000000853,0
117.5,117.5,0.9411764705882353,0.8320829811914953,0.12588300956761184,0.8666260027581073,0.10909348939674002,9.0,8.0,8.0,0.0,0
117.5,117.5,0.9411764705882353,0.8320829811914953,0.12588300956761184,0.8666260027581073,0.10909348939674002,9.0,8.0,8.0,0.0,0
117.5,117.5,0.9411764705882353,0.8320829811914953,0.12588300956761184,0.8666260027581073,0.10909348939674002,9.0,8.0,8.0,0.0,0
117.5,117.5,0.9411764705882353,0.8320829811914953,0.12588300956761184,0.8666260027581073,0.10909348939674002,9.0,8.0,8.0,-0.10000000000000853,0
118.5,118.5,0.9411764705882353,0.818172004689497,0.12999996214210977,0.9461884747649052,0.12300446589873826,9.0,8.0,8.0,0.09999999999999432,0
118.5,118.5,0.9411764705882353,0.818172004689497,0.12999996214210977,0.9461884747649052,0.12300446589873826,9.0,8.0,8.0,0.0,0
118.5,118.5,0.9411764705882353,0.818172004689497,0.12999996214210977,0.9461884747649052,0.12300446589873826,9.0,8.0,8.0,-0.10000000000000853,0
118.5,118.5,0.9411764705882353,0.818172004689497,0.12999996214210977,0.9461884747649052,0.12300446589873826,9.0,8.0,8.0,0.0,0
118.5,118.5,0.9411764705882353,0.818172004689497,0.12999996214210977,0.9461884747649052,0.12300446589873826,9.0,8.0,8.0,0.0,0
118.5,118.5,0.9411764705882353,0.818172004689497,0.12999996214210977,0.9461884747649052,0.12300446589873826,9.0,8.0,8.0,0.0,0
118.5,118.5,0.9411764705882353,0.818172004689497,0.12999996214210977,0.9461884747649052,0.12300446589873826,9.0,8.0,8.0,-0.10000000000000853,0
118.5,118.5,0.9411764705882353,0.818172004689497,0.12999996214210977,0.9461884747649052,0.12300446589873826,9.0,8.0,8.0,-0.5,0
119.5,119.5,0.9333333333333333,0.7790054324760208,0.1358712724649174,1.135839078103583,0.15432790085731252,8.0,7.0,7.0,-0.10000000000000853,0
119.5,119.5,0.9333333333333333,0.7790054324760208,0.1358712724649174,1.135839078103583,0.15432790085731252,8.0,7.0,7.0,0.0,0
119.5,119.5,0.9333333333333333,0.7790054324760208,0.1358712724649174,1.135839078103583,0.15432790085731252,8.0,7.0,7.0,0.0,0
119.5,119.5,0.9333333333333333,0.7790054324760208,0.1358712724649174,1.135839078103583,0.15432790085731252,8.0,7.0,7.0,0.0,0
119.5,119.5,0.9333333333333333,0.7790054324760208,0.1358712724649174,1.135839078103583,0.15432790085731252,8.0,7.0,7.0,-0.10000000000000853,0
119.5,119.5,0.9333333333333333,0.7790054324760208,0.1358712724649174,1.135839078103583,0.15432790085731252,8.0,7.0,7.0,-0.5,0
119.5,119.5,0.9333333333333333,0.7790054324760208,0.1358712724649174,1.135839078103583,0.15432790085731252,8.0,7.0,7.0,-0.5,0
120.5,120.5,0.8571428571428571,0.7551513346130994,0.13208173166515125,0.7721849285586511,0.10199152252975774,7.0,7.0,6.0,0.0,0
120.5,120.5,0.8571428571428571,0.7551513346130994,0.13208173166515125,0.7721849285586511,0.10199152252975774,7.0,7.0,6.0,0.0,0
120.5,120.5,0.8571428571428571,0.7551513346130994,0.13208173166515125,0.7721849285586511,0.10199152252975774,7.0,7.0,6.0,0.0,0
120.5,120.5,0.8571428571428571,0.7551513346130994,0.13208173166515125,0.7721849285586511,0.10199152252975774,7.0,7.0,6.0,-0.10000000000000853,0
120.5,120.5,0.8571428571428571,0.7551513346130994,0.13208173166515125,0.7721849285586511,0.10199152252975774,7.0,7.0,6.0,-0.5,0
120.5,120.5,0.8571428571428571,0.7551513346130994,0.13208173166515125,0.7721849285586511,0.10199152252975774,7.0,7.0,6.0,-0.5,0
121.5,121.5,0.7272727272727273,0.7302134032634032,0.11154047332635791,-0.02636420577194223,-0.002940675990675934,5.0,6.0,4.0,0.0,0
121.5,121.5,0.7272727272727273,0.7302134032634032,0.11154047332635791,-0.02636420577194223,-0.002940675990675934,5.0,6.0,4.0,-0.10000000000000853,0
121.5,121.5,0.7272727272727273,0.7302134032634032,0.11154047332635791,-0.02636420577194223,-0.002940675990675934,5.0,6.0,4.0,-0.5,0
121.5,121.5,0.7272727272727273,0.7302134032634032,0.11154047332635791,-0.02636420577194223,-0.002940675990675934,5.0,6.0,4.0,-0.5,0
122.5,122.5,0.4444444444444444,0.7387955957441252,0.10930350674231235,-2.6929707936418374,-0.2943511512996808,3.0,6.0,2.0,-0.5,0
122.5,122.5,0.4444444444444444,0.7387955957441252,0.10930350674231235,-2.6929707936418374,-0.2943511512996808,3.0,6.0,2.0,-0.5,0
123.5,123.5,0.2222222222222222,0.7667439255017429,0.1399516812199178,-3.8907835799690615,-0.5445217032795207,1.0,8.0,1.0,0.10000000000000853,0
124.5,124.5,0.36363636363636365,0.7955974179071702,0.14613085038170173,-2.95598809657578,-0.43196105427080655,2.0,9.0,2.0,0.19999999999998863,0
124.5,124.5,0.36363636363636365,0.7955974179071702,0.14613085038170173,-2.95598809657578,-0.43196105427080655,2.0,9.0,2.0,0.19999999999998863,0
125.5,125.5,0.5,0.7627252187011475,0.15362122603678047,-1.710214307482776,-0.2627252187011475,4.0,8.0,3.0,0.19999999999998863,0
125.5,125.5,0.5,0.7627252187011475,0.15362122603678047,-1.710214307482776,-0.2627252187011475,4.0,8.0,3.0,0.19999999999998863,0
125.5,125.5,0.5,0.7627252187011475,0.15362122603678047,-1.710214307482776,-0.2627252187011475,4.0,8.0,3.0,0.4000000000000057,0
126.5,126.5,0.46153846153846156,0.658244086305851,0.1593021580607407,-1.2347957313446254,-0.1967056247673894,6.0,7.0,3.0,0.19999999999998863,0
126.5,126.5,0.46153846153846156,0.658244086305851,0.1593021580607407,-1.2347957313446254,-0.1967056247673894,6.0,7.0,3.0,0.19999999999998863,0
126.5,126.5,0.46153846153846156,0.658244086305851,0.1593021580607407,-1.2347957313446254,-0.1967056247673894,6.0,7.0,3.0,0.4000000000000057,0
127.5,127.5,0.46153846153846156,0.5300961399711399,0.15796432410559255,-0.4340073546407251,-0.06855767843267835,8.0,5.0,3.0,0.19999999999998863,0
127.5,127.5,0.46153846153846156,0.5300961399711399,0.15796432410559255,-0.4340073546407251,-0.06855767843267835,8.0,5.0,3.0,0.19999999999998863,0
127.5,127.5,0.46153846153846156,0.5300961399711399,0.15796432410559255,-0.4340073546407251,-0.06855767843267835,8.0,5.0,3.0,0.4000000000000057,0
128.5,128.5,0.46153846153846156,0.4799762071262071,0.11456763853057834,-0.16093327770585453,-0.018437745587745524,10.0,3.0,3.0,-0.30000000000001137,0
128.5,128.5,0.46153846153846156,0.4799762071262071,0.11456763853057834,-0.16093327770585453,-0.018437745587745524,10.0,3.0,3.0,-0.4000000000000057,0
128.5,128.5,0.46153846153846156,0.4799762071262071,0.11456763853057834,-0.16093327770585453,-0.018437745587745524,10.0,3.0,3.0,-0.20000000000001705,0
129.5,129.5,0.36363636363636365,0.47799133644133646,0.11160969773026684,-1.0245971016008002,-0.11435497280497281,8.0,3.0,2.0,0.4000000000000057,0
129.5,129.5,0.36363636363636365,0.47799133644133646,0.11160969773026684,-1.0245971016008002,-0.11435497280497281,8.0,3.0,2.0,-0.20000000000001705,0
130.5,130.5,0.5,0.5720635808635809,0.15517671870239239,-0.4643968596976775,-0.07206358086358089,8.0,4.0,3.0,-0.20000000000001705,0
130.5,130.5,0.5,0.5720635808635809,0.15517671870239239,-0.4643968596976775,-0.07206358086358089,8.0,4.0,3.0,-0.10000000000002274,0
130.5,130.5,0.5,0.5720635808635809,0.15517671870239239,-0.4643968596976775,-0.07206358086358089,8.0,4.0,3.0,0.09999999999999432,0
131.5,131.5,0.6153846153846154,0.712372361298832,0.14755829813412324,-0.6572842540245311,-0.09698774591421655,7.0,6.0,4.0,-0.20000000000001705,0
131.5,131.5,0.6153846153846154,0.712372361298832,0.14755829813412324,-0.6572842540245311,-0.09698774591421655,7.0,6.0,4.0,-0.10000000000002274,0
131.5,131.5,0.6153846153846154,0.712372361298832,0.14755829813412324,-0.6572842540245311,-0.09698774591421655,7.0,6.0,4.0,0.09999999999999432,0
131.5,131.5,0.6153846153846154,0.712372361298832,0.14755829813412324,-0.6572842540245311,-0.09698774591421655,7.0,6.0,4.0,-0.20000000000001705,0
132.5,132.5,0.6666666666666666,0.7843412118926826,0.12797098332640588,-0.9195408378309667,-0.11767454522601595,8.0,7.0,5.0,-0.20000000000001705,0
132.5,132.5,0.6666666666666666,0.7843412118926826,0.12797098332640588,-0.9195408378309667,-0.11767454522601595,8.0,7.0,5.0,-0.10000000000002274,0
132.5,132.5,0.6666666666666666,0.7843412118926826,0.12797098332640588,-0.9195408378309667,-0.11767454522601595,8.0,7.0,5.0,0.09999999999999432,0
132.5,132.5,0.6666666666666666,0.7843412118926826,0.12797098332640588,-0.9195408378309667,-0.11767454522601595,8.0,7.0,5.0,-0.20000000000001705,0
132.5,132.5,0.6666666666666666,0.7843412118926826,0.12797098332640588,-0.9195408378309667,-0.11767454522601595,8.0,7.0,5.0,-0.30000000000001137,0
133.5,133.5,0.75,0.8348119908729041,0.11821170165868511,-0.7174585060773714,-0.08481199087290414,8.0,8.0,6.0,-0.10000000000002274,0
133.5,133.5,0.75,0.8348119908729041,0.11821170165868511,-0.7174585060773714,-0.08481199087290414,8.0,8.0,6.0,0.09999999999999432,0
133.5,133.5,0.75,0.8348119908729041,0.11821170165868511,-0.7174585060773714,-0.08481199087290414,8.0,8.0,6.0,-0.20000000000001705,0
133.5,133.5,0.75,0.8348119908729041,0.11821170165868511,-0.7174585060773714,-0.08481199087290414,8.0,8.0,6.0,-0.30000000000001137,0
133.5,133.5,0.75,0.8348119908729041,0.11821170165868511,-0.7174585060773714,-0.08481199087290414,8.0,8.0,6.0,-0.4000000000000057,0
133.5,133.5,0.75,0.8348119908729041,0.11821170165868511,-0.7174585060773714,-0.08481199087290414,8.0,8.0,6.0,-0.4000000000000057,0
134.5,134.5,0.8421052631578947,0.8454613488764419,0.12809330074641076,-0.026200321944949288,-0.003356085718547175,10.0,9.0,8.0,-0.10000000000002274,0
134.5,134.5,0.8421052631578947,0.8454613488764419,0.12809330074641076,-0.026200321944949288,-0.003356085718547175,10.0,9.0,8.0,0.09999999999999432,0
134.5,134.5,0.8421052631578947,0.8454613488764419,0.12809330074641076,-0.026200321944949288,-0.003356085718547175,10.0,9.0,8.0,-0.20000000000001705,0
134.5,134.5,0.8421052631578947,0.8454613488764419,0.12809330074641076,-0.026200321944949288,-0.003356085718547175,10.0,9.0,8.0,-0.30000000000001137,0
134.5,134.5,0.8421052631578947,0.8454613488764419,0.12809330074641076,-0.026200321944949288,-0.003356085718547175,10.0,9.0,8.0,-0.4000000000000057,0
134.5,134.5,0.8421052631578947,0.8454613488764419,0.12809330074641076,-0.026200321944949288,-0.003356085718547175,10.0,9.0,8.0,-0.4000000000000057,0
134.5,134.5,0.8421052631578947,0.8454613488764419,0.12809330074641076,-0.026200321944949288,-0.003356085718547175,10.0,9.0,8.0,-0.30000000000001137,0
134.5,134.5,0.8421052631578947,0.8454613488764419,0.12809330074641076,-0.026200321944949288,-0.003356085718547175,10.0,9.0,8.0,-0.30000000000001137,0
135.5,135.5,0.7777777777777778,0.8259012948523784,0.12950715160389542,-0.3715896495182673,-0.04812351707460061,10.0,8.0,7.0,-0.20000000000001705,0
135.5,135.5,0.7777777777777778,0.8259012948523784,0.12950715160389542,-0.3715896495182673,-0.04812351707460061,10.0,8.0,7.0,-0.30000000000001137,0
135.5,135.5,0.7777777777777778,0.8259012948523784,0.12950715160389542,-0.3715896495182673,-0.04812351707460061,10.0,8.0,7.0,-0.4000000000000057,0
135.5,135.5,0.7777777777777778,0.8259012948523784,0.12950715160389542,-0.3715896495182673,-0.04812351707460061,10.0,8.0,7.0,-0.4000000000000057,0
135.5,135.5,0.7777777777777778,0.8259012948523784,0.12950715160389542,-0.3715896495182673,-0.04812351707460061,10.0,8.0,7.0,-0.30000000000001137,0
135.5,135.5,0.7777777777777778,0.8259012948523784,0.12950715160389542,-0.3715896495182673,-0.04812351707460061,10.0,8.0,7.0,-0.30000000000001137,0
135.5,135.5,0.7777777777777778,0.8259012948523784,0.12950715160389542,-0.3715896495182673,-0.04812351707460061,10.0,8.0,7.0,-0.09999999999999432,0
136.5,136.5,0.75,0.724418104444575,0.14001322030278052,0.1827105719024518,0.025581895555425005,10.0,6.0,6.0,-0.30000000000001137,0
136.5,136.5,0.75,0.724418104444575,0.14001322030278052,0.1827105719024518,0.025581895555425005,10.0,6.0,6.0,-0.4000000000000057,0
136.5,136.5,0.75,0.724418104444575,0.14001322030278052,0.1827105719024518,0.025581895555425005,10.0,6.0,6.0,-0.4000000000000057,0
136.5,136.5,0.75,0.724418104444575,0.14001322030278052,0.1827105719024518,0.025581895555425005,10.0,6.0,6.0,-0.30000000000001137,0
136.5,136.5,0.75,0.724418104444575,0.14001322030278052,0.1827105719024518,0.025581895555425005,10.0,6.0,6.0,-0.30000000000001137,0
136.5,136.5,0.75,0.724418104444575,0.14001322030278052,0.1827105719024518,0.025581895555425005,10.0,6.0,6.0,-0.09999999999999432,0
137.5,137.5,0.875,0.7663125131404543,0.12250465097194785,0.887211105841474,0.10868748685954566,9.0,7.0,7.0,0.09999999999999432,0
137.5,137.5,0.875,0.7663125131404543,0.12250465097194785,0.887211105841474,0.10868748685954566,9.0,7.0,7.0,0.19999999999998863,0
137.5,137.5,0.875,0.7663125131404543,0.12250465097194785,0.887211105841474,0.10868748685954566,9.0,7.0,7.0,0.19999999999998863,0
137.5,137.5,0.875,0.7663125131404543,0.12250465097194785,0.887211105841474,0.10868748685954566,9.0,7.0,7.0,0.19999999999998863,0
137.5,137.5,0.875,0.7663125131404543,0.12250465097194785,0.887211105841474,0.10868748685954566,9.0,7.0,7.0,-0.09999999999999432,0
137.5,137.5,0.875,0.7663125131404543,0.12250465097194785,0.887211105841474,0.10868748685954566,9.0,7.0,7.0,-0.29999999999998295,0
137.5,137.5,0.875,0.7663125131404543,0.12250465097194785,0.887211105841474,0.10868748685954566,9.0,7.0,7.0,-0.39999999999997726,0
138.5,138.5,0.8235294117647058,0.7789877663186487,0.11528256976660152,0.3863692970779113,0.0445416454460571,10.0,7.0,7.0,-0.30000000000001137,0
138.5,138.5,0.8235294117647058,0.7789877663186487,0.11528256976660152,0.3863692970779113,0.0445416454460571,10.0,7.0,7.0,-0.30000000000001137,0
138.5,138.5,0.8235294117647058,0.7789877663186487,0.11528256976660152,0.3863692970779113,0.0445416454460571,10.0,7.0,7.0,-0.09999999999999432,0
138.5,138.5,0.8235294117647058,0.7789877663186487,0.11528256976660152,0.3863692970779113,0.0445416454460571,10.0,7.0,7.0,-0.29999999999998295,0
138.5,138.5,0.8235294117647058,0.7789877663186487,0.11528256976660152,0.3863692970779113,0.0445416454460571,10.0,7.0,7.0,-0.39999999999997726,0
138.5,138.5,0.8235294117647058,0.7789877663186487,0.11528256976660152,0.3863692970779113,0.0445416454460571,10.0,7.0,7.0,0.0,0
138.5,138.5,0.8235294117647058,0.7789877663186487,0.11528256976660152,0.3863692970779113,0.0445416454460571,10.0,7.0,7.0,0.09999999999999432,0
139.5,139.5,0.75,0.7703808405646642,0.13550471506523434,-0.15040687370068612,-0.02038084056466416,9.0,7.0,6.0,-0.09999999999999432,0
139.5,139.5,0.75,0.7703808405646642,0.13550471506523434,-0.15040687370068612,-0.02038084056466416,9.0,7.0,6.0,-0.29999999999998295,0
139.5,139.5,0.75,0.7703808405646642,0.13550471506523434,-0.15040687370068612,-0.02038084056466416,9.0,7.0,6.0,-0.39999999999997726,0
139.5,139.5,0.75,0.7703808405646642,0.13550471506523434,-0.15040687370068612,-0.02038084056466416,9.0,7.0,6.0,0.0,0
139.5,139.5,0.75,0.7703808405646642,0.13550471506523434,-0.15040687370068612,-0.02038084056466416,9.0,7.0,6.0,0.09999999999999432,0
139.5,139.5,0.75,0.7703808405646642,0.13550471506523434,-0.15040687370068612,-0.02038084056466416,9.0,7.0,6.0,0.0,0
140.5,140.5,0.75,0.778665085473522,0.14297717211582014,-0.20048714804837187,-0.02866508547352198,8.0,8.0,6.0,-0.29999999999998295,0
140.5,140.5,0.75,0.778665085473522,0.14297717211582014,-0.20048714804837187,-0.02866508547352198,8.0,8.0,6.0,-0.39999999999997726,0
140.5,140.5,0.75,0.778665085473522,0.14297717211582014,-0.20048714804837187,-0.02866508547352198,8.0,8.0,6.0,0.0,0
140.5,140.5,0.75,0.778665085473522,0.14297717211582014,-0.20048714804837187,-0.02866508547352198,8.0,8.0,6.0,0.09999999999999432,0
140.5,140.5,0.75,0.778665085473522,0.14297717211582014,-0.20048714804837187,-0.02866508547352198,8.0,8.0,6.0,0.0,0
140.5,140.5,0.75,0.778665085473522,0.14297717211582014,-0.20048714804837187,-0.02866508547352198,8.0,8.0,6.0,-0.19999999999998863,0
141.5,141.5,0.8235294117647058,0.8224272759490252,0.13684272187367347,0.008054033130808932,0.0011021358156806382,7.0,10.0,7.0,0.20000000000001705,0
141.5,141.5,0.8235294117647058,0.8224272759490252,0.13684272187367347,0.008054033130808932,0.0011021358156806382,7.0,10.0,7.0,0.0,0
141.5,141.5,0.8235294117647058,0.8224272759490252,0.13684272187367347,0.008054033130808932,0.0011021358156806382,7.0,10.0,7.0,0.0,0
141.5,141.5,0.8235294117647058,0.8224272759490252,0.13684272187367347,0.008054033130808932,0.0011021358156806382,7.0,10.0,7.0,0.09999999999999432,0
141.5,141.5,0.8235294117647058,0.8224272759490252,0.13684272187367347,0.008054033130808932,0.0011021358156806382,7.0,10.0,7.0,0.0,0
141.5,141.5,0.8235294117647058,0.8224272759490252,0.13684272187367347,0.008054033130808932,0.0011021358156806382,7.0,10.0,7.0,-0.19999999999998863,0
141.5,141.5,0.8235294117647058,0.8224272759490252,0.13684272187367347,0.008054033130808932,0.0011021358156806382,7.0,10.0,7.0,0.09999999999999432,0
142.5,142.5,0.7142857142857143,0.7476761816185191,0.14769915373560324,-0.22607081007774227,-0.03339046733280482,6.0,8.0,5.0,0.0,0
142.5,142.5,0.7142857142857143,0.7476761816185191,0.14769915373560324,-0.22607081007774227,-0.03339046733280482,6.0,8.0,5.0,0.09999999999999432,0
142.5,142.5,0.7142857142857143,0.7476761816185191,0.14769915373560324,-0.22607081007774227,-0.03339046733280482,6.0,8.0,5.0,0.0,0
142.5,142.5,0.7142857142857143,0.7476761816185191,0.14769915373560324,-0.22607081007774227,-0.03339046733280482,6.0,8.0,5.0,-0.19999999999998863,0
142.5,142.5,0.7142857142857143,0.7476761816185191,0.14769915373560324,-0.22607081007774227,-0.03339046733280482,6.0,8.0,5.0,0.09999999999999432,0
143.5,143.5,0.6153846153846154,0.7176068188347601,0.13109368860386295,-0.7797644916303962,-0.10222220345014466,6.0,7.0,4.0,0.0,0
143.5,143.5,0.6153846153846154,0.7176068188347601,0.13109368860386295,-0.7797644916303962,-0.10222220345014466,6.0,7.0,4.0,-0.19999999999998863,0
143.5,143.5,0.6153846153846154,0.7176068188347601,0.13109368860386295,-0.7797644916303962,-0.10222220345014466,6.0,7.0,4.0,0.09999999999999432,0
143.5,143.5,0.6153846153846154,0.7176068188347601,0.13109368860386295,-0.7797644916303962,-0.10222220345014466,6.0,7.0,4.0,-0.09999999999999432,0
144.5,144.5,0.7142857142857143,0.7375012154512156,0.10729764711109976,-0.21636542636823303,-0.023215501165501307,7.0,7.0,5.0,-0.19999999999998863,0
144.5,144.5,0.7142857142857143,0.7375012154512156,0.10729764711109976,-0.21636542636823303,-0.023215501165501307,7.0,7.0,5.0,0.09999999999999432,0
144.5,144.5,0.7142857142857143,0.7375012154512156,0.10729764711109976,-0.21636542636823303,-0.023215501165501307,7.0,7.0,5.0,-0.09999999999999432,0
144.5,144.5,0.7142857142857143,0.7375012154512156,0.10729764711109976,-0.21636542636823303,-0.023215501165501307,7.0,7.0,5.0,-0.09999999999999432,0
144.5,144.5,0.7142857142857143,0.7375012154512156,0.10729764711109976,-0.21636542636823303,-0.023215501165501307,7.0,7.0,5.0,-0.30000000000001137,0
145.5,145.5,0.7142857142857143,0.732720042049454,0.10882169236907717,-0.1693993850161621,-0.018434327763739655,8.0,6.0,5.0,0.09999999999999432,0
145.5,145.5,0.7142857142857143,0.732720042049454,0.10882169236907717,-0.1693993850161621,-0.018434327763739655,8.0,6.0,5.0,-0.09999999999999432,0
145.5,145.5,0.7142857142857143,0.732720042049454,0.10882169236907717,-0.1693993850161621,-0.018434327763739655,8.0,6.0,5.0,-0.09999999999999432,0
145.5,145.5,0.7142857142857143,0.732720042049454,0.10882169236907717,-0.1693993850161621,-0.018434327763739655,8.0,6.0,5.0,-0.30000000000001137,0
145.5,145.5,0.7142857142857143,0.732720042049454,0.10882169236907717,-0.1693993850161621,-0.018434327763739655,8.0,6.0,5.0,-0.19999999999998863,0
146.5,146.5,0.8,0.7324165762342234,0.13188600075435003,0.512438191917405,0.06758342376577664,9.0,6.0,6.0,-0.09999999999999432,0
146.5,146.5,0.8,0.7324165762342234,0.13188600075435003,0.512438191917405,0.06758342376577664,9.0,6.0,6.0,-0.09999999999999432,0
146.5,146.5,0.8,0.7324165762342234,0.13188600075435003,0.512438191917405,0.06758342376577664,9.0,6.0,6.0,-0.30000000000001137,0
146.5,146.5,0.8,0.7324165762342234,0.13188600075435003,0.512438191917405,0.06758342376577664,9.0,6.0,6.0,-0.19999999999998863,0
146.5,146.5,0.8,0.7324165762342234,0.13188600075435003,0.512438191917405,0.06758342376577664,9.0,6.0,6.0,-0.19999999999998863,0
146.5,146.5,0.8,0.7324165762342234,0.13188600075435003,0.512438191917405,0.06758342376577664,9.0,6.0,6.0,-0.19999999999998863,0
147.5,147.5,0.9411764705882353,0.8368210592640934,0.129256422967515,0.8073518431681237,0.10435541132414183,9.0,8.0,8.0,-0.09999999999999432,0
147.5,147.5,0.9411764705882353,0.8368210592640934,0.129256422967515,0.8073518431681237,0.10435541132414183,9.0,8.0,8.0,-0.09999999999999432,0
147.5,147.5,0.9411764705882353,0.8368210592640934,0.129256422967515,0.8073518431681237,0.10435541132414183,9.0,8.0,8.0,-0.30000000000001137,0
147.5,147.5,0.9411764705882353,0.8368210592640934,0.129256422967515,0.8073518431681237,0.10435541132414183,9.0,8.0,8.0,-0.19999999999998863,0
147.5,147.5,0.9411764705882353,0.8368210592640934,0.129256422967515,0.8073518431681237,0.10435541132414183,9.0,8.0,8.0,-0.19999999999998863,0
147.5,147.5,0.9411764705882353,0.8368210592640934,0.129256422967515,0.8073518431681237,0.10435541132414183,9.0,8.0,8.0,-0.19999999999998863,0
147.5,147.5,0.9411764705882353,0.8368210592640934,0.129256422967515,0.8073518431681237,0.10435541132414183,9.0,8.0,8.0,-0.19999999999998863,0
147.5,147.5,0.9411764705882353,0.8368210592640934,0.129256422967515,0.8073518431681237,0.10435541132414183,9.0,8.0,8.0,0.0,0
148.5,148.5,0.8888888888888888,0.8475199492973489,0.13221419515949817,0.31289332844808426,0.04136893959153998,9.0,9.0,8.0,-0.09999999999999432,0
148.5,148.5,0.8888888888888888,0.8475199492973489,0.13221419515949817,0.31289332844808426,0.04136893959153998,9.0,9.0,8.0,-0.30000000000001137,0
148.5,148.5,0.8888888888888888,0.8475199492973489,0.13221419515949817,0.31289332844808426,0.04136893959153998,9.0,9.0,8.0,-0.19999999999998863,0
148.5,148.5,0.8888888888888888,0.8475199492973489,0.13221419515949817,0.31289332844808426,0.04136893959153998,9.0,9.0,8.0,-0.19999999999998863,0
148.5,148.5,0.8888888888888888,0.8475199492973489,0.13221419515949817,0.31289332844808426,0.04136893959153998,9.0,9.0,8.0,-0.19999999999998863,0
148.5,148.5,0.8888888888888888,0.8475199492973489,0.13221419515949817,0.31289332844808426,0.04136893959153998,9.0,9.0,8.0,-0.19999999999998863,0
148.5,148.5,0.8888888888888888,0.8475199492973489,0.13221419515949817,0.31289332844808426,0.04136893959153998,9.0,9.0,8.0,0.0,0
148.5,148.5,0.8888888888888888,0.8475199492973489,0.13221419515949817,0.31289332844808426,0.04136893959153998,9.0,9.0,8.0,0.09999999999999432,0
149.5,149.5,1.0,0.8369045587281656,0.12584962871149358,1.295954886332845,0.1630954412718344,8.0,8.0,8.0,-0.19999999999998863,0
149.5,149.5,1.0,0.8369045587281656,0.12584962871149358,1.295954886332845,0.1630954412718344,8.0,8.0,8.0,-0.19999999999998863,0
149.5,149.5,1.0,0.8369045587281656,0.12584962871149358,1.295954886332845,0.1630954412718344,8.0,8.0,8.0,-0.19999999999998863,0
149.5,149.5,1.0,0.8369045587281656,0.12584962871149358,1.295954886332845,0.1630954412718344,8.0,8.0,8.0,-0.19999999999998863,0
149.5,149.5,1.0,0.8369045587281656,0.12584962871149358,1.295954886332845,0.1630954412718344,8.0,8.0,8.0,0.0,0
149.5,149.5,1.0,0.8369045587281656,0.12584962871149358,1.295954886332845,0.1630954412718344,8.0,8.0,8.0,0.09999999999999432,0
149.5,149.5,1.0,0.8369045587281656,0.12584962871149358,1.295954886332845,0.1630954412718344,8.0,8.0,8.0,0.09999999999999432,0
149.5,149.5,1.0,0.8369045587281656,0.12584962871149358,1.295954886332845,0.1630954412718344,8.0,8.0,8.0,0.30000000000001137,0
150.5,150.5,0.8235294117647058,0.836539307914308,0.12282431762108345,-0.10592280422626106,-0.01300989614960213,8.0,9.0,7.0,-0.19999999999998863,0
150.5,150.5,0.8235294117647058,0.836539307914308,0.12282431762108345,-0.10592280422626106,-0.01300989614960213,8.0,9.0,7.0,-0.19999999999998863,0
150.5,150.5,0.8235294117647058,0.836539307914308,0.12282431762108345,-0.10592280422626106,-0.01300989614960213,8.0,9.0,7.0,0.0,0
150.5,150.5,0.8235294117647058,0.836539307914308,0.12282431762108345,-0.10592280422626106,-0.01300989614960213,8.0,9.0,7.0,0.09999999999999432,0
150.5,150.5,0.8235294117647058,0.836539307914308,0.12282431762108345,-0.10592280422626106,-0.01300989614960213,8.0,9.0,7.0,0.09999999999999432,0
150.5,150.5,0.8235294117647058,0.836539307914308,0.12282431762108345,-0.10592280422626106,-0.01300989614960213,8.0,9.0,7.0,-0.29999999999998295,0
150.5,150.5,0.8235294117647058,0.836539307914308,0.12282431762108345,-0.10592280422626106,-0.01300989614960213,8.0,9.0,7.0,-0.4000000000000057,0
151.5,151.5,0.8235294117647058,0.8433580647766408,0.1241115363696238,-0.15976478570760788,-0.019828653011934927,8.0,9.0,7.0,0.0,0
151.5,151.5,0.8235294117647058,0.8433580647766408,0.1241115363696238,-0.15976478570760788,-0.019828653011934927,8.0,9.0,7.0,0.09999999999999432,0
151.5,151.5,0.8235294117647058,0.8433580647766408,0.1241115363696238,-0.15976478570760788,-0.019828653011934927,8.0,9.0,7.0,0.09999999999999432,0
151.5,151.5,0.8235294117647058,0.8433580647766408,0.1241115363696238,-0.15976478570760788,-0.019828653011934927,8.0,9.0,7.0,-0.29999999999998295,0
151.5,151.5,0.8235294117647058,0.8433580647766408,0.1241115363696238,-0.15976478570760788,-0.019828653011934927,8.0,9.0,7.0,-0.4000000000000057,0
151.5,151.5,0.8235294117647058,0.8433580647766408,0.1241115363696238,-0.15976478570760788,-0.019828653011934927,8.0,9.0,7.0,-0.5,0
151.5,151.5,0.8235294117647058,0.8433580647766408,0.1241115363696238,-0.15976478570760788,-0.019828653011934927,8.0,9.0,7.0,-0.09999999999999432,0
152.5,152.5,0.75,0.8329592810869901,0.11961682060774799,-0.693541933864246,-0.08295928108699013,8.0,8.0,6.0,0.09999999999999432,0
152.5,152.5,0.75,0.8329592810869901,0.11961682060774799,-0.693541933864246,-0.08295928108699013,8.0,8.0,6.0,0.09999999999999432,0
152.5,152.5,0.75,0.8329592810869901,0.11961682060774799,-0.693541933864246,-0.08295928108699013,8.0,8.0,6.0,-0.29999999999998295,0
152.5,152.5,0.75,0.8329592810869901,0.11961682060774799,-0.693541933864246,-0.08295928108699013,8.0,8.0,6.0,-0.4000000000000057,0
152.5,152.5,0.75,0.8329592810869901,0.11961682060774799,-0.693541933864246,-0.08295928108699013,8.0,8.0,6.0,-0.5,0
152.5,152.5,0.75,0.8329592810869901,0.11961682060774799,-0.693541933864246,-0.08295928108699013,8.0,8.0,6.0,-0.09999999999999432,0
153.5,153.5,0.8235294117647058,0.7833135007407455,0.12226752607818403,0.32891735290566276,0.04021591102396038,9.0,8.0,7.0,0.09999999999999432,0
153.5,153.5,0.8235294117647058,0.7833135007407455,0.12226752607818403,0.32891735290566276,0.04021591102396038,9.0,8.0,7.0,-0.29999999999998295,0
153.5,153.5,0.8235294117647058,0.7833135007407455,0.12226752607818403,0.32891735290566276,0.04021591102396038,9.0,8.0,7.0,-0.4000000000000057,0
153.5,153.5,0.8235294117647058,0.7833135007407455,0.12226752607818403,0.32891735290566276,0.04021591102396038,9.0,8.0,7.0,-0.5,0
153.5,153.5,0.8235294117647058,0.7833135007407455,0.12226752607818403,0.32891735290566276,0.04021591102396038,9.0,8.0,7.0,-0.09999999999999432,0
153.5,153.5,0.8235294117647058,0.7833135007407455,0.12226752607818403,0.32891735290566276,0.04021591102396038,9.0,8.0,7.0,0.09999999999999432,0
153.5,153.5,0.8235294117647058,0.7833135007407455,0.12226752607818403,0.32891735290566276,0.04021591102396038,9.0,8.0,7.0,0.5,0
154.5,154.5,0.8571428571428571,0.7667312127415069,0.1185092970128462,0.7629076087722445,0.09041164440135019,7.0,7.0,6.0,0.09999999999999432,0
154.5,154.5,0.8571428571428571,0.7667312127415069,0.1185092970128462,0.7629076087722445,0.09041164440135019,7.0,7.0,6.0,0.09999999999999432,0
154.5,154.5,0.8571428571428571,0.7667312127415069,0.1185092970128462,0.7629076087722445,0.09041164440135019,7.0,7.0,6.0,0.0,0
154.5,154.5,0.8571428571428571,0.7667312127415069,0.1185092970128462,0.7629076087722445,0.09041164440135019,7.0,7.0,6.0,-0.09999999999999432,0
154.5,154.5,0.8571428571428571,0.7667312127415069,0.1185092970128462,0.7629076087722445,0.09041164440135019,7.0,7.0,6.0,0.09999999999999432,0
154.5,154.5,0.8571428571428571,0.7667312127415069,0.1185092970128462,0.7629076087722445,0.09041164440135019,7.0,7.0,6.0,0.5,0
155.5,155.5,0.7692307692307693,0.7866540865996748,0.11037322648395548,-0.1578581864818306,-0.017423317368905566,6.0,7.0,5.0,0.0,0
155.5,155.5,0.7692307692307693,0.7866540865996748,0.11037322648395548,-0.1578581864818306,-0.017423317368905566,6.0,7.0,5.0,-0.09999999999999432,0
155.5,155.5,0.7692307692307693,0.7866540865996748,0.11037322648395548,-0.1578581864818306,-0.017423317368905566,6.0,7.0,5.0,0.09999999999999432,0
155.5,155.5,0.7692307692307693,0.7866540865996748,0.11037322648395548,-0.1578581864818306,-0.017423317368905566,6.0,7.0,5.0,0.5,0
155.5,155.5,0.7692307692307693,0.7866540865996748,0.11037322648395548,-0.1578581864818306,-0.017423317368905566,6.0,7.0,5.0,-0.4000000000000057,0
156.5,156.5,0.8571428571428571,0.80699155954125,0.12267643904345596,0.40880953174587886,0.05015129760160708,6.0,8.0,6.0,0.4000000000000057,0
156.5,156.5,0.8571428571428571,0.80699155954125,0.12267643904345596,0.40880953174587886,0.05015129760160708,6.0,8.0,6.0,0.09999999999999432,0
156.5,156.5,0.8571428571428571,0.80699155954125,0.12267643904345596,0.40880953174587886,0.05015129760160708,6.0,8.0,6.0,0.5,0
156.5,156.5,0.8571428571428571,0.80699155954125,0.12267643904345596,0.40880953174587886,0.05015129760160708,6.0,8.0,6.0,-0.4000000000000057,0
156.5,156.5,0.8571428571428571,0.80699155954125,0.12267643904345596,0.40880953174587886,0.05015129760160708,6.0,8.0,6.0,-0.09999999999999432,0
156.5,156.5,0.8571428571428571,0.80699155954125,0.12267643904345596,0.40880953174587886,0.05015129760160708,6.0,8.0,6.0,-0.20000000000001705,0
157.5,157.5,0.875,0.7997330389768471,0.13842746176981763,0.5437285352259772,0.07526696102315289,7.0,9.0,7.0,0.09999999999999432,0
157.5,157.5,0.875,0.7997330389768471,0.13842746176981763,0.5437285352259772,0.07526696102315289,7.0,9.0,7.0,0.5,0
157.5,157.5,0.875,0.7997330389768471,0.13842746176981763,0.5437285352259772,0.07526696102315289,7.0,9.0,7.0,-0.4000000000000057,0
157.5,157.5,0.875,0.7997330389768471,0.13842746176981763,0.5437285352259772,0.07526696102315289,7.0,9.0,7.0,-0.09999999999999432,0
157.5,157.5,0.875,0.7997330389768471,0.13842746176981763,0.5437285352259772,0.07526696102315289,7.0,9.0,7.0,-0.20000000000001705,0
157.5,157.5,0.875,0.7997330389768471,0.13842746176981763,0.5437285352259772,0.07526696102315289,7.0,9.0,7.0,-0.09999999999999432,0
157.5,157.5,0.875,0.7997330389768471,0.13842746176981763,0.5437285352259772,0.07526696102315289,7.0,9.0,7.0,0.0,0
158.5,158.5,0.8235294117647058,0.8190152692165077,0.1491341250323168,0.03026901151711558,0.004514142548198152,8.0,9.0,7.0,-0.4000000000000057,0
158.5,158.5,0.8235294117647058,0.8190152692165077,0.1491341250323168,0.03026901151711558,0.004514142548198152,8.0,9.0,7.0,-0.09999999999999432,0
158.5,158.5,0.8235294117647058,0.8190152692165077,0.1491341250323168,0.03026901151711558,0.004514142548198152,8.0,9.0,7.0,-0.20000000000001705,0
158.5,158.5,0.8235294117647058,0.8190152692165077,0.1491341250323168,0.03026901151711558,0.004514142548198152,8.0,9.0,7.0,-0.09999999999999432,0
158.5,158.5,0.8235294117647058,0.8190152692165077,0.1491341250323168,0.03026901151711558,0.004514142548198152,8.0,9.0,7.0,0.0,0
158.5,158.5,0.8235294117647058,0.8190152692165077,0.1491341250323168,0.03026901151711558,0.004514142548198152,8.0,9.0,7.0,0.0,0
158.5,158.5,0.8235294117647058,0.8190152692165077,0.1491341250323168,0.03026901151711558,0.004514142548198152,8.0,9.0,7.0,-0.09999999999999432,0
159.5,159.5,0.9411764705882353,0.8361000758271657,0.14554764874776524,0.7219381121241433,0.10507639476106956,8.0,9.0,8.0,-0.4000000000000057,0
159.5,159.5,0.9411764705882353,0.8361000758271657,0.14554764874776524,0.7219381121241433,0.10507639476106956,8.0,9.0,8.0,-0.09999999999999432,0
159.5,159.5,0.9411764705882353,0.8361000758271657,0.14554764874776524,0.7219381121241433,0.10507639476106956,8.0,9.0,8.0,-0.20000000000001705,0
159.5,159.5,0.9411764705882353,0.8361000758271657,0.14554764874776524,0.7219381121241433,0.10507639476106956,8.0,9.0,8.0,-0.09999999999999432,0
159.5,159.5,0.9411764705882353,0.8361000758271657,0.14554764874776524,0.7219381121241433,0.10507639476106956,8.0,9.0,8.0,0.0,0
159.5,159.5,0.9411764705882353,0.8361000758271657,0.14554764874776524,0.7219381121241433,0.10507639476106956,8.0,9.0,8.0,0.0,0
159.5,159.5,0.9411764705882353,0.8361000758271657,0.14554764874776524,0.7219381121241433,0.10507639476106956,8.0,9.0,8.0,-0.09999999999999432,0
159.5,159.5,0.9411764705882353,0.8361000758271657,0.14554764874776524,0.7219381121241433,0.10507639476106956,8.0,9.0,8.0,0.30000000000001137,0
160.5,160.5,0.8888888888888888,0.8437209073692046,0.13735932543579155,0.32883083384679246,0.045167981519684264,9.0,9.0,8.0,-0.09999999999999432,0
160.5,160.5,0.8888888888888888,0.8437209073692046,0.13735932543579155,0.32883083384679246,0.045167981519684264,9.0,9.0,8.0,-0.20000000000001705,0
160.5,160.5,0.8888888888888888,0.8437209073692046,0.13735932543579155,0.32883083384679246,0.045167981519684264,9.0,9.0,8.0,-0.09999999999999432,0
160.5,160.5,0.8888888888888888,0.8437209073692046,0.13735932543579155,0.32883083384679246,0.045167981519684264,9.0,9.0,8.0,0.0,0
160.5,160.5,0.8888888888888888,0.8437209073692046,0.13735932543579155,0.32883083384679246,0.045167981519684264,9.0,9.0,8.0,0.0,0
160.5,160.5,0.8888888888888888,0.8437209073692046,0.13735932543579155,0.32883083384679246,0.045167981519684264,9.0,9.0,8.0,-0.09999999999999432,0
160.5,160.5,0.8888888888888888,0.8437209073692046,0.13735932543579155,0.32883083384679246,0.045167981519684264,9.0,9.0,8.0,-0.19999999999998863,0
160.5,160.5,0.8888888888888888,0.8437209073692046,0.13735932543579155,0.32883083384679246,0.045167981519684264,9.0,9.0,8.0,-0.19999999999998863,0
161.5,161.5,0.875,0.8091602795639173,0.13757144500017035,0.47858565733609276,0.06583972043608266,8.0,8.0,7.0,-0.09999999999999432,0
161.5,161.5,0.875,0.8091602795639173,0.13757144500017035,0.47858565733609276,0.06583972043608266,8.0,8.0,7.0,0.0,0
161.5,161.5,0.875,0.8091602795639173,0.13757144500017035,0.47858565733609276,0.06583972043608266,8.0,8.0,7.0,0.0,0
161.5,161.5,0.875,0.8091602795639173,0.13757144500017035,0.47858565733609276,0.06583972043608266,8.0,8.0,7.0,-0.09999999999999432,0
161.5,161.5,0.875,0.8091602795639173,0.13757144500017035,0.47858565733609276,0.06583972043608266,8.0,8.0,7.0,-0.19999999999998863,0
161.5,161.5,0.875,0.8091602795639173,0.13757144500017035,0.47858565733609276,0.06583972043608266,8.0,8.0,7.0,-0.19999999999998863,0
161.5,161.5,0.875,0.8091602795639173,0.13757144500017035,0.47858565733609276,0.06583972043608266,8.0,8.0,7.0,-0.19999999999998863,0
162.5,162.5,0.7142857142857143,0.7091879132305603,0.15256144057549823,0.03341474120802662,0.005097801055154005,8.0,6.0,5.0,0.0,0
162.5,162.5,0.7142857142857143,0.7091879132305603,0.15256144057549823,0.03341474120802662,0.005097801055154005,8.0,6.0,5.0,-0.09999999999999432,0
162.5,162.5,0.7142857142857143,0.7091879132305603,0.15256144057549823,0.03341474120802662,0.005097801055154005,8.0,6.0,5.0,-0.19999999999998863,0
162.5,162.5,0.7142857142857143,0.7091879132305603,0.15256144057549823,0.03341474120802662,0.005097801055154005,8.0,6.0,5.0,-0.19999999999998863,0
162.5,162.5,0.7142857142857143,0.7091879132305603,0.15256144057549823,0.03341474120802662,0.005097801055154005,8.0,6.0,5.0,-0.19999999999998863,0
163.5,163.5,0.6666666666666666,0.7213399744046803,0.12531793292811028,-0.4362768078003451,-0.05467330773801371,8.0,7.0,5.0,-0.19999999999998863,0
163.5,163.5,0.6666666666666666,0.7213399744046803,0.12531793292811028,-0.4362768078003451,-0.05467330773801371,8.0,7.0,5.0,-0.19999999999998863,0
163.5,163.5,0.6666666666666666,0.7213399744046803,0.12531793292811028,-0.4362768078003451,-0.05467330773801371,8.0,7.0,5.0,-0.19999999999998863,0
163.5,163.5,0.6666666666666666,0.7213399744046803,0.12531793292811028,-0.4362768078003451,-0.05467330773801371,8.0,7.0,5.0,-0.29999999999998295,0
163.5,163.5,0.6666666666666666,0.7213399744046803,0.12531793292811028,-0.4362768078003451,-0.05467330773801371,8.0,7.0,5.0,-0.29999999999998295,0
164.5,164.5,0.75,0.7409713363433953,0.11219218662831014,0.08047497716143497,0.009028663656604707,9.0,7.0,6.0,-0.19999999999998863,0
164.5,164.5,0.75,0.7409713363433953,0.11219218662831014,0.08047497716143497,0.009028663656604707,9.0,7.0,6.0,-0.19999999999998863,0
164.5,164.5,0.75,0.7409713363433953,0.11219218662831014,0.08047497716143497,0.009028663656604707,9.0,7.0,6.0,-0.29999999999998295,0
164.5,164.5,0.75,0.7409713363433953,0.11219218662831014,0.08047497716143497,0.009028663656604707,9.0,7.0,6.0,-0.29999999999998295,0
164.5,164.5,0.75,0.7409713363433953,0.11219218662831014,0.08047497716143497,0.009028663656604707,9.0,7.0,6.0,-0.29999999999998295,0
164.5,164.5,0.75,0.7409713363433953,0.11219218662831014,0.08047497716143497,0.009028663656604707,9.0,7.0,6.0,-0.19999999999998863,0
165.5,165.5,0.8235294117647058,0.7631794984513252,0.1296715400308995,0.4654060042704812,0.06034991331338069,9.0,8.0,7.0,-0.19999999999998863,0
165.5,165.5,0.8235294117647058,0.7631794984513252,0.1296715400308995,0.4654060042704812,0.06034991331338069,9.0,8.0,7.0,-0.29999999999998295,0
165.5,165.5,0.8235294117647058,0.7631794984513252,0.1296715400308995,0.4654060042704812,0.06034991331338069,9.0,8.0,7.0,-0.29999999999998295,0
165.5,165.5,0.8235294117647058,0.7631794984513252,0.1296715400308995,0.4654060042704812,0.06034991331338069,9.0,8.0,7.0,-0.29999999999998295,0
165.5,165.5,0.8235294117647058,0.7631794984513252,0.1296715400308995,0.4654060042704812,0.06034991331338069,9.0,8.0,7.0,-0.19999999999998863,0
165.5,165.5,0.8235294117647058,0.7631794984513252,0.1296715400308995,0.4654060042704812,0.06034991331338069,9.0,8.0,7.0,-0.19999999999998863,0
165.5,165.5,0.8235294117647058,0.7631794984513252,0.1296715400308995,0.4654060042704812,0.06034991331338069,9.0,8.0,7.0,0.09999999999999432,0
166.5,166.5,0.8888888888888888,0.7945663125316378,0.13903116503092605,0.6784275765528539,0.09432257635725105,9.0,9.0,8.0,-0.29999999999998295,0
166.5,166.5,0.8888888888888888,0.7945663125316378,0.13903116503092605,0.6784275765528539,0.09432257635725105,9.0,9.0,8.0,-0.29999999999998295,0
166.5,166.5,0.8888888888888888,0.7945663125316378,0.13903116503092605,0.6784275765528539,0.09432257635725105,9.0,9.0,8.0,-0.29999999999998295,0
166.5,166.5,0.8888888888888888,0.7945663125316378,0.13903116503092605,0.6784275765528539,0.09432257635725105,9.0,9.0,8.0,-0.19999999999998863,0
166.5,166.5,0.8888888888888888,0.7945663125316378,0.13903116503092605,0.6784275765528539,0.09432257635725105,9.0,9.0,8.0,-0.19999999999998863,0
166.5,166.5,0.8888888888888888,0.7945663125316378,0.13903116503092605,0.6784275765528539,0.09432257635725105,9.0,9.0,8.0,0.09999999999999432,0
166.5,166.5,0.8888888888888888,0.7945663125316378,0.13903116503092605,0.6784275765528539,0.09432257635725105,9.0,9.0,8.0,-0.09999999999999432,0
166.5,166.5,0.8888888888888888,0.7945663125316378,0.13903116503092605,0.6784275765528539,0.09432257635725105,9.0,9.0,8.0,0.09999999999999432,0
167.5,167.5,0.8,0.8199558823271673,0.1337431369343901,-0.14921051490632345,-0.019955882327167274,9.0,11.0,8.0,0.20000000000001705,0
167.5,167.5,0.8,0.8199558823271673,0.1337431369343901,-0.14921051490632345,-0.019955882327167274,9.0,11.0,8.0,-0.29999999999998295,0
167.5,167.5,0.8,0.8199558823271673,0.1337431369343901,-0.14921051490632345,-0.019955882327167274,9.0,11.0,8.0,-0.19999999999998863,0
167.5,167.5,0.8,0.8199558823271673,0.1337431369343901,-0.14921051490632345,-0.019955882327167274,9.0,11.0,8.0,-0.19999999999998863,0
167.5,167.5,0.8,0.8199558823271673,0.1337431369343901,-0.14921051490632345,-0.019955882327167274,9.0,11.0,8.0,0.09999999999999432,0
167.5,167.5,0.8,0.8199558823271673,0.1337431369343901,-0.14921051490632345,-0.019955882327167274,9.0,11.0,8.0,-0.09999999999999432,0
167.5,167.5,0.8,0.8199558823271673,0.1337431369343901,-0.14921051490632345,-0.019955882327167274,9.0,11.0,8.0,0.09999999999999432,0
167.5,167.5,0.8,0.8199558823271673,0.1337431369343901,-0.14921051490632345,-0.019955882327167274,9.0,11.0,8.0,-0.20000000000001705,0
168.5,168.5,0.7777777777777778,0.7943390246836068,0.14006171823732652,-0.1182424941965011,-0.016561246905829052,8.0,10.0,7.0,-0.19999999999998863,0
168.5,168.5,0.7777777777777778,0.7943390246836068,0.14006171823732652,-0.1182424941965011,-0.016561246905829052,8.0,10.0,7.0,-0.19999999999998863,0
168.5,168.5,0.7777777777777778,0.7943390246836068,0.14006171823732652,-0.1182424941965011,-0.016561246905829052,8.0,10.0,7.0,0.09999999999999432,0
168.5,168.5,0.7777777777777778,0.7943390246836068,0.14006171823732652,-0.1182424941965011,-0.016561246905829052,8.0,10.0,7.0,-0.09999999999999432,0
168.5,168.5,0.7777777777777778,0.7943390246836068,0.14006171823732652,-0.1182424941965011,-0.016561246905829052,8.0,10.0,7.0,0.09999999999999432,0
168.5,168.5,0.7777777777777778,0.7943390246836068,0.14006171823732652,-0.1182424941965011,-0.016561246905829052,8.0,10.0,7.0,-0.20000000000001705,0
168.5,168.5,0.7777777777777778,0.7943390246836068,0.14006171823732652,-0.1182424941965011,-0.016561246905829052,8.0,10.0,7.0,-0.30000000000001137,0
169.5,169.5,0.7777777777777778,0.7621016045014497,0.14086169553576172,0.11128769405127775,0.015676173276328087,9.0,9.0,7.0,-0.19999999999998863,0
169.5,169.5,0.7777777777777778,0.7621016045014497,0.14086169553576172,0.11128769405127775,0.015676173276328087,9.0,9.0,7.0,0.09999999999999432,0
169.5,169.5,0.7777777777777778,0.7621016045014497,0.14086169553576172,0.11128769405127775,0.015676173276328087,9.0,9.0,7.0,-0.09999999999999432,0
169.5,169.5,0.7777777777777778,0.7621016045014497,0.14086169553576172,0.11128769405127775,0.015676173276328087,9.0,9.0,7.0,0.09999999999999432,0
169.5,169.5,0.7777777777777778,0.7621016045014497,0.14086169553576172,0.11128769405127775,0.015676173276328087,9.0,9.0,7.0,-0.20000000000001705,0
169.5,169.5,0.7777777777777778,0.7621016045014497,0.14086169553576172,0.11128769405127775,0.015676173276328087,9.0,9.0,7.0,-0.30000000000001137,0
169.5,169.5,0.7777777777777778,0.7621016045014497,0.14086169553576172,0.11128769405127775,0.015676173276328087,9.0,9.0,7.0,0.09999999999999432,0
170.5,170.5,0.7058823529411765,0.7578809537469754,0.12338626353401308,-0.42142941455930194,-0.05199860080579888,8.0,9.0,6.0,-0.09999999999999432,0
170.5,170.5,0.7058823529411765,0.7578809537469754,0.12338626353401308,-0.42142941455930194,-0.05199860080579888,8.0,9.0,6.0,0.09999999999999432,0
170.5,170.5,0.7058823529411765,0.7578809537469754,0.12338626353401308,-0.42142941455930194,-0.05199860080579888,8.0,9.0,6.0,-0.20000000000001705,0
170.5,170.5,0.7058823529411765,0.7578809537469754,0.12338626353401308,-0.42142941455930194,-0.05199860080579888,8.0,9.0,6.0,-0.30000000000001137,0
170.5,170.5,0.7058823529411765,0.7578809537469754,0.12338626353401308,-0.42142941455930194,-0.05199860080579888,8.0,9.0,6.0,0.09999999999999432,0
170.5,170.5,0.7058823529411765,0.7578809537469754,0.12338626353401308,-0.42142941455930194,-0.05199860080579888,8.0,9.0,6.0,-0.09999999999999432,0
171.5,171.5,0.875,0.7826515267412327,0.11675450612045465,0.7909628187154688,0.09234847325876727,9.0,7.0,7.0,-0.4000000000000057,0
171.5,171.5,0.875,0.7826515267412327,0.11675450612045465,0.7909628187154688,0.09234847325876727,9.0,7.0,7.0,-0.20000000000001705,0
171.5,171.5,0.875,0.7826515267412327,0.11675450612045465,0.7909628187154688,0.09234847325876727,9.0,7.0,7.0,-0.30000000000001137,0
171.5,171.5,0.875,0.7826515267412327,0.11675450612045465,0.7909628187154688,0.09234847325876727,9.0,7.0,7.0,0.09999999999999432,0
171.5,171.5,0.875,0.7826515267412327,0.11675450612045465,0.7909628187154688,0.09234847325876727,9.0,7.0,7.0,-0.09999999999999432,0
171.5,171.5,0.875,0.7826515267412327,0.11675450612045465,0.7909628187154688,0.09234847325876727,9.0,7.0,7.0,0.09999999999999432,0
171.5,171.5,0.875,0.7826515267412327,0.11675450612045465,0.7909628187154688,0.09234847325876727,9.0,7.0,7.0,0.30000000000001137,0
172.5,172.5,0.8,0.7833239724327961,0.1299407761279584,0.12833560075693537,0.016676027567203988,8.0,7.0,6.0,-0.30000000000001137,0
172.5,172.5,0.8,0.7833239724327961,0.1299407761279584,0.12833560075693537,0.016676027567203988,8.0,7.0,6.0,0.09999999999999432,0
172.5,172.5,0.8,0.7833239724327961,0.1299407761279584,0.12833560075693537,0.016676027567203988,8.0,7.0,6.0,-0.09999999999999432,0
172.5,172.5,0.8,0.7833239724327961,0.1299407761279584,0.12833560075693537,0.016676027567203988,8.0,7.0,6.0,0.09999999999999432,0
172.5,172.5,0.8,0.7833239724327961,0.1299407761279584,0.12833560075693537,0.016676027567203988,8.0,7.0,6.0,-0.29999999999998295,0
172.5,172.5,0.8,0.7833239724327961,0.1299407761279584,0.12833560075693537,0.016676027567203988,8.0,7.0,6.0,0.0,0
173.5,173.5,0.8,0.8145309549669457,0.14414815049901736,-0.10080569828084426,-0.014530954966945675,7.0,8.0,6.0,0.09999999999999432,0
173.5,173.5,0.8,0.8145309549669457,0.14414815049901736,-0.10080569828084426,-0.014530954966945675,7.0,8.0,6.0,-0.09999999999999432,0
173.5,173.5,0.8,0.8145309549669457,0.14414815049901736,-0.10080569828084426,-0.014530954966945675,7.0,8.0,6.0,0.09999999999999432,0
173.5,173.5,0.8,0.8145309549669457,0.14414815049901736,-0.10080569828084426,-0.014530954966945675,7.0,8.0,6.0,-0.29999999999998295,0
173.5,173.5,0.8,0.8145309549669457,0.14414815049901736,-0.10080569828084426,-0.014530954966945675,7.0,8.0,6.0,0.0,0
173.5,173.5,0.8,0.8145309549669457,0.14414815049901736,-0.10080569828084426,-0.014530954966945675,7.0,8.0,6.0,0.09999999999999432,0
174.5,174.5,0.8571428571428571,0.8011038110668142,0.14952053968257603,0.3747916252510242,0.05603904607604293,6.0,8.0,6.0,-0.09999999999999432,0
174.5,174.5,0.8571428571428571,0.8011038110668142,0.14952053968257603,0.3747916252510242,0.05603904607604293,6.0,8.0,6.0,0.09999999999999432,0
174.5,174.5,0.8571428571428571,0.8011038110668142,0.14952053968257603,0.3747916252510242,0.05603904607604293,6.0,8.0,6.0,-0.29999999999998295,0
174.5,174.5,0.8571428571428571,0.8011038110668142,0.14952053968257603,0.3747916252510242,0.05603904607604293,6.0,8.0,6.0,0.0,0
174.5,174.5,0.8571428571428571,0.8011038110668142,0.14952053968257603,0.3747916252510242,0.05603904607604293,6.0,8.0,6.0,0.09999999999999432,0
174.5,174.5,0.8571428571428571,0.8011038110668142,0.14952053968257603,0.3747916252510242,0.05603904607604293,6.0,8.0,6.0,0.5,0
175.5,175.5,0.875,0.7980123059774762,0.13857703588133613,0.555558816313899,0.07698769402252381,7.0,9.0,7.0,0.09999999999999432,0
175.5,175.5,0.875,0.7980123059774762,0.13857703588133613,0.555558816313899,0.07698769402252381,7.0,9.0,7.0,-0.29999999999998295,0
175.5,175.5,0.875,0.7980123059774762,0.13857703588133613,0.555558816313899,0.07698769402252381,7.0,9.0,7.0,0.0,0
175.5,175.5,0.875,0.7980123059774762,0.13857703588133613,0.555558816313899,0.07698769402252381,7.0,9.0,7.0,0.09999999999999432,0
175.5,175.5,0.875,0.7980123059774762,0.13857703588133613,0.555558816313899,0.07698769402252381,7.0,9.0,7.0,0.5,0
175.5,175.5,0.875,0.7980123059774762,0.13857703588133613,0.555558816313899,0.07698769402252381,7.0,9.0,7.0,0.0,0
175.5,175.5,0.875,0.7980123059774762,0.13857703588133613,0.555558816313899,0.07698769402252381,7.0,9.0,7.0,0.20000000000001705,0
176.5,176.5,0.8,0.8078368845550735,0.13539911817983366,-0.05787987883838892,-0.007836884555073476,6.0,9.0,6.0,0.0,0
176.5,176.5,0.8,0.8078368845550735,0.13539911817983366,-0.05787987883838892,-0.007836884555073476,6.0,9.0,6.0,0.09999999999999432,0
176.5,176.5,0.8,0.8078368845550735,0.13539911817983366,-0.05787987883838892,-0.007836884555073476,6.0,9.0,6.0,0.5,0
176.5,176.5,0.8,0.8078368845550735,0.13539911817983366,-0.05787987883838892,-0.007836884555073476,6.0,9.0,6.0,0.0,0
176.5,176.5,0.8,0.8078368845550735,0.13539911817983366,-0.05787987883838892,-0.007836884555073476,6.0,9.0,6.0,0.20000000000001705,0
176.5,176.5,0.8,0.8078368845550735,0.13539911817983366,-0.05787987883838892,-0.007836884555073476,6.0,9.0,6.0,0.19999999999998863,0
