t_center,t_center_abs,S,S_null_mean,S_null_sd,z_S_t,S_excess,nA,nB,nM,dt,episode
7.5,7.5,0.75,0.8034312977871803,0.11167175150027993,-0.4784674465058992,-0.053431297787180254,8.0,8.0,6.0,-0.09999999999999964,0
7.5,7.5,0.75,0.8034312977871803,0.11167175150027993,-0.4784674465058992,-0.053431297787180254,8.0,8.0,6.0,0.20000000000000018,0
7.5,7.5,0.75,0.8034312977871803,0.11167175150027993,-0.4784674465058992,-0.053431297787180254,8.0,8.0,6.0,-0.2999999999999998,0
7.5,7.5,0.75,0.8034312977871803,0.11167175150027993,-0.4784674465058992,-0.053431297787180254,8.0,8.0,6.0,-0.20000000000000018,0
7.5,7.5,0.75,0.8034312977871803,0.11167175150027993,-0.4784674465058992,-0.053431297787180254,8.0,8.0,6.0,-0.20000000000000107,0
7.5,7.5,0.75,0.8034312977871803,0.11167175150027993,-0.4784674465058992,-0.053431297787180254,8.0,8.0,6.0,-0.5,0
8.5,8.5,0.75,0.7992418447565508,0.10798484875286601,-0.4560069799166513,-0.0492418447565508,9.0,7.0,6.0,0.20000000000000018,0
8.5,8.5,0.75,0.7992418447565508,0.10798484875286601,-0.4560069799166513,-0.0492418447565508,9.0,7.0,6.0,-0.2999999999999998,0
8.5,8.5,0.75,0.7992418447565508,0.10798484875286601,-0.4560069799166513,-0.0492418447565508,9.0,7.0,6.0,-0.20000000000000018,0
8.5,8.5,0.75,0.7992418447565508,0.10798484875286601,-0.4560069799166513,-0.0492418447565508,9.0,7.0,6.0,-0.20000000000000107,0
8.5,8.5,0.75,0.7992418447565508,0.10798484875286601,-0.4560069799166513,-0.0492418447565508,9.0,7.0,6.0,-0.5,0
8.5,8.5,0.75,0.7992418447565508,0.10798484875286601,-0.4560069799166513,-0.0492418447565508,9.0,7.0,6.0,-0.5,0
9.5,9.5,0.8235294117647058,0.8366742871507578,0.09271370060356285,-0.14177921170743102,-0.013144875386051913,10.0,7.0,7.0,-0.2999999999999998,0
9.5,9.5,0.8235294117647058,0.8366742871507578,0.09271370060356285,-0.14177921170743102,-0.013144875386051913,10.0,7.0,7.0,-0.20000000000000018,0
9.5,9.5,0.8235294117647058,0.8366742871507578,0.09271370060356285,-0.14177921170743102,-0.013144875386051913,10.0,7.0,7.0,-0.20000000000000107,0
9.5,9.5,0.8235294117647058,0.8366742871507578,0.09271370060356285,-0.14177921170743102,-0.013144875386051913,10.0,7.0,7.0,-0.5,0
9.5,9.5,0.8235294117647058,0.8366742871507578,0.09271370060356285,-0.14177921170743102,-0.013144875386051913,10.0,7.0,7.0,-0.5,0
9.5,9.5,0.8235294117647058,0.8366742871507578,0.09271370060356285,-0.14177921170743102,-0.013144875386051913,10.0,7.0,7.0,-0.40000000000000036,0
9.5,9.5,0.8235294117647058,0.8366742871507578,0.09271370060356285,-0.14177921170743102,-0.013144875386051913,10.0,7.0,7.0,-0.3999999999999986,0
10.5,10.5,0.875,0.8333150361076832,0.10269109827500907,0.40592577733158064,0.041684963892316795,9.0,7.0,7.0,-0.20000000000000107,0
10.5,10.5,0.875,0.8333150361076832,0.10269109827500907,0.40592577733158064,0.041684963892316795,9.0,7.0,7.0,-0.5,0
10.5,10.5,0.875,0.8333150361076832,0.10269109827500907,0.40592577733158064,0.041684963892316795,9.0,7.0,7.0,-0.5,0
10.5,10.5,0.875,0.8333150361076832,0.10269109827500907,0.40592577733158064,0.041684963892316795,9.0,7.0,7.0,-0.40000000000000036,0
10.5,10.5,0.875,0.8333150361076832,0.10269109827500907,0.40592577733158064,0.041684963892316795,9.0,7.0,7.0,-0.3999999999999986,0
10.5,10.5,0.875,0.8333150361076832,0.10269109827500907,0.40592577733158064,0.041684963892316795,9.0,7.0,7.0,-0.3000000000000007,0
10.5,10.5,0.875,0.8333150361076832,0.10269109827500907,0.40592577733158064,0.041684963892316795,9.0,7.0,7.0,-0.5,0
11.5,11.5,0.9411764705882353,0.8494421692686399,0.1154178457789257,0.7948017111262464,0.09173430131959537,9.0,8.0,8.0,-0.5,0
11.5,11.5,0.9411764705882353,0.8494421692686399,0.1154178457789257,0.7948017111262464,0.09173430131959537,9.0,8.0,8.0,-0.5,0
11.5,11.5,0.9411764705882353,0.8494421692686399,0.1154178457789257,0.7948017111262464,0.09173430131959537,9.0,8.0,8.0,-0.40000000000000036,0
11.5,11.5,0.9411764705882353,0.8494421692686399,0.1154178457789257,0.7948017111262464,0.09173430131959537,9.0,8.0,8.0,-0.3999999999999986,0
11.5,11.5,0.9411764705882353,0.8494421692686399,0.1154178457789257,0.7948017111262464,0.09173430131959537,9.0,8.0,8.0,-0.3000000000000007,0
11.5,11.5,0.9411764705882353,0.8494421692686399,0.1154178457789257,0.7948017111262464,0.09173430131959537,9.0,8.0,8.0,-0.5,0
11.5,11.5,0.9411764705882353,0.8494421692686399,0.1154178457789257,0.7948017111262464,0.09173430131959537,9.0,8.0,8.0,-0.20000000000000107,0
11.5,11.5,0.9411764705882353,0.8494421692686399,0.1154178457789257,0.7948017111262464,0.09173430131959537,9.0,8.0,8.0,-0.40000000000000036,0
12.5,12.5,1.0,0.8677285351043865,0.12092555351201764,1.0938255898284417,0.13227146489561348,9.0,9.0,9.0,0.09999999999999964,0
12.5,12.5,1.0,0.8677285351043865,0.12092555351201764,1.0938255898284417,0.13227146489561348,9.0,9.0,9.0,-0.40000000000000036,0
12.5,12.5,1.0,0.8677285351043865,0.12092555351201764,1.0938255898284417,0.13227146489561348,9.0,9.0,9.0,-0.3999999999999986,0
12.5,12.5,1.0,0.8677285351043865,0.12092555351201764,1.0938255898284417,0.13227146489561348,9.0,9.0,9.0,-0.3000000000000007,0
12.5,12.5,1.0,0.8677285351043865,0.12092555351201764,1.0938255898284417,0.13227146489561348,9.0,9.0,9.0,-0.5,0
12.5,12.5,1.0,0.8677285351043865,0.12092555351201764,1.0938255898284417,0.13227146489561348,9.0,9.0,9.0,-0.20000000000000107,0
12.5,12.5,1.0,0.8677285351043865,0.12092555351201764,1.0938255898284417,0.13227146489561348,9.0,9.0,9.0,-0.40000000000000036,0
12.5,12.5,1.0,0.8677285351043865,0.12092555351201764,1.0938255898284417,0.13227146489561348,9.0,9.0,9.0,-0.40000000000000036,0
12.5,12.5,1.0,0.8677285351043865,0.12092555351201764,1.0938255898284417,0.13227146489561348,9.0,9.0,9.0,-0.5,0
13.5,13.5,0.8888888888888888,0.864222059648298,0.12001063158125509,0.20553870032664365,0.024666829240590826,9.0,9.0,8.0,0.0,0
13.5,13.5,0.8888888888888888,0.864222059648298,0.12001063158125509,0.20553870032664365,0.024666829240590826,9.0,9.0,8.0,-0.3000000000000007,0
13.5,13.5,0.8888888888888888,0.864222059648298,0.12001063158125509,0.20553870032664365,0.024666829240590826,9.0,9.0,8.0,-0.5,0
13.5,13.5,0.8888888888888888,0.864222059648298,0.12001063158125509,0.20553870032664365,0.024666829240590826,9.0,9.0,8.0,-0.20000000000000107,0
13.5,13.5,0.8888888888888888,0.864222059648298,0.12001063158125509,0.20553870032664365,0.024666829240590826,9.0,9.0,8.0,-0.40000000000000036,0
13.5,13.5,0.8888888888888888,0.864222059648298,0.12001063158125509,0.20553870032664365,0.024666829240590826,9.0,9.0,8.0,-0.40000000000000036,0
13.5,13.5,0.8888888888888888,0.864222059648298,0.12001063158125509,0.20553870032664365,0.024666829240590826,9.0,9.0,8.0,-0.5,0
13.5,13.5,0.8888888888888888,0.864222059648298,0.12001063158125509,0.20553870032664365,0.024666829240590826,9.0,9.0,8.0,-0.5,0
14.5,14.5,0.9473684210526315,0.8863913149028474,0.1115922014865438,0.5464280239792293,0.06097710614978413,10.0,9.0,9.0,-0.3000000000000007,0
14.5,14.5,0.9473684210526315,0.8863913149028474,0.1115922014865438,0.5464280239792293,0.06097710614978413,10.0,9.0,9.0,-0.5,0
14.5,14.5,0.9473684210526315,0.8863913149028474,0.1115922014865438,0.5464280239792293,0.06097710614978413,10.0,9.0,9.0,-0.20000000000000107,0
14.5,14.5,0.9473684210526315,0.8863913149028474,0.1115922014865438,0.5464280239792293,0.06097710614978413,10.0,9.0,9.0,-0.40000000000000036,0
14.5,14.5,0.9473684210526315,0.8863913149028474,0.1115922014865438,0.5464280239792293,0.06097710614978413,10.0,9.0,9.0,-0.40000000000000036,0
14.5,14.5,0.9473684210526315,0.8863913149028474,0.1115922014865438,0.5464280239792293,0.06097710614978413,10.0,9.0,9.0,-0.5,0
14.5,14.5,0.9473684210526315,0.8863913149028474,0.1115922014865438,0.5464280239792293,0.06097710614978413,10.0,9.0,9.0,-0.5,0
14.5,14.5,0.9473684210526315,0.8863913149028474,0.1115922014865438,0.5464280239792293,0.06097710614978413,10.0,9.0,9.0,-0.09999999999999787,0
14.5,14.5,0.9473684210526315,0.8863913149028474,0.1115922014865438,0.5464280239792293,0.06097710614978413,10.0,9.0,9.0,0.1999999999999993,0
15.5,15.5,0.9411764705882353,0.8779983465880525,0.10266995210178854,0.6153516458013636,0.06317812400018274,9.0,8.0,8.0,-0.20000000000000107,0
15.5,15.5,0.9411764705882353,0.8779983465880525,0.10266995210178854,0.6153516458013636,0.06317812400018274,9.0,8.0,8.0,-0.40000000000000036,0
15.5,15.5,0.9411764705882353,0.8779983465880525,0.10266995210178854,0.6153516458013636,0.06317812400018274,9.0,8.0,8.0,-0.40000000000000036,0
15.5,15.5,0.9411764705882353,0.8779983465880525,0.10266995210178854,0.6153516458013636,0.06317812400018274,9.0,8.0,8.0,-0.5,0
15.5,15.5,0.9411764705882353,0.8779983465880525,0.10266995210178854,0.6153516458013636,0.06317812400018274,9.0,8.0,8.0,-0.5,0
15.5,15.5,0.9411764705882353,0.8779983465880525,0.10266995210178854,0.6153516458013636,0.06317812400018274,9.0,8.0,8.0,-0.09999999999999787,0
15.5,15.5,0.9411764705882353,0.8779983465880525,0.10266995210178854,0.6153516458013636,0.06317812400018274,9.0,8.0,8.0,0.1999999999999993,0
15.5,15.5,0.9411764705882353,0.8779983465880525,0.10266995210178854,0.6153516458013636,0.06317812400018274,9.0,8.0,8.0,0.1999999999999993,0
16.5,16.5,1.0,0.8577843426439402,0.1026945705806012,1.3848410539332254,0.1422156573560598,9.0,9.0,9.0,0.09999999999999964,0
16.5,16.5,1.0,0.8577843426439402,0.1026945705806012,1.3848410539332254,0.1422156573560598,9.0,9.0,9.0,0.0,0
16.5,16.5,1.0,0.8577843426439402,0.1026945705806012,1.3848410539332254,0.1422156573560598,9.0,9.0,9.0,0.09999999999999964,0
16.5,16.5,1.0,0.8577843426439402,0.1026945705806012,1.3848410539332254,0.1422156573560598,9.0,9.0,9.0,0.0,0
16.5,16.5,1.0,0.8577843426439402,0.1026945705806012,1.3848410539332254,0.1422156573560598,9.0,9.0,9.0,-0.09999999999999787,0
16.5,16.5,1.0,0.8577843426439402,0.1026945705806012,1.3848410539332254,0.1422156573560598,9.0,9.0,9.0,0.1999999999999993,0
16.5,16.5,1.0,0.8577843426439402,0.1026945705806012,1.3848410539332254,0.1422156573560598,9.0,9.0,9.0,0.1999999999999993,0
16.5,16.5,1.0,0.8577843426439402,0.1026945705806012,1.3848410539332254,0.1422156573560598,9.0,9.0,9.0,0.1999999999999993,0
16.5,16.5,1.0,0.8577843426439402,0.1026945705806012,1.3848410539332254,0.1422156573560598,9.0,9.0,9.0,0.29999999999999716,0
17.5,17.5,1.0,0.8687713886131069,0.10795204033676388,1.2156195564022354,0.13122861138689312,9.0,9.0,9.0,0.09999999999999964,0
17.5,17.5,1.0,0.8687713886131069,0.10795204033676388,1.2156195564022354,0.13122861138689312,9.0,9.0,9.0,0.0,0
17.5,17.5,1.0,0.8687713886131069,0.10795204033676388,1.2156195564022354,0.13122861138689312,9.0,9.0,9.0,-0.09999999999999787,0
17.5,17.5,1.0,0.8687713886131069,0.10795204033676388,1.2156195564022354,0.13122861138689312,9.0,9.0,9.0,0.1999999999999993,0
17.5,17.5,1.0,0.8687713886131069,0.10795204033676388,1.2156195564022354,0.13122861138689312,9.0,9.0,9.0,0.1999999999999993,0
17.5,17.5,1.0,0.8687713886131069,0.10795204033676388,1.2156195564022354,0.13122861138689312,9.0,9.0,9.0,0.1999999999999993,0
17.5,17.5,1.0,0.8687713886131069,0.10795204033676388,1.2156195564022354,0.13122861138689312,9.0,9.0,9.0,0.29999999999999716,0
17.5,17.5,1.0,0.8687713886131069,0.10795204033676388,1.2156195564022354,0.13122861138689312,9.0,9.0,9.0,0.0,0
17.5,17.5,1.0,0.8687713886131069,0.10795204033676388,1.2156195564022354,0.13122861138689312,9.0,9.0,9.0,-0.10000000000000142,0
18.5,18.5,0.9411764705882353,0.8799351689160514,0.10460440048806692,0.5854562655724047,0.06124130167218389,9.0,8.0,8.0,-0.09999999999999787,0
18.5,18.5,0.9411764705882353,0.8799351689160514,0.10460440048806692,0.5854562655724047,0.06124130167218389,9.0,8.0,8.0,0.1999999999999993,0
18.5,18.5,0.9411764705882353,0.8799351689160514,0.10460440048806692,0.5854562655724047,0.06124130167218389,9.0,8.0,8.0,0.1999999999999993,0
18.5,18.5,0.9411764705882353,0.8799351689160514,0.10460440048806692,0.5854562655724047,0.06124130167218389,9.0,8.0,8.0,0.1999999999999993,0
18.5,18.5,0.9411764705882353,0.8799351689160514,0.10460440048806692,0.5854562655724047,0.06124130167218389,9.0,8.0,8.0,0.29999999999999716,0
18.5,18.5,0.9411764705882353,0.8799351689160514,0.10460440048806692,0.5854562655724047,0.06124130167218389,9.0,8.0,8.0,0.0,0
18.5,18.5,0.9411764705882353,0.8799351689160514,0.10460440048806692,0.5854562655724047,0.06124130167218389,9.0,8.0,8.0,-0.10000000000000142,0
18.5,18.5,0.9411764705882353,0.8799351689160514,0.10460440048806692,0.5854562655724047,0.06124130167218389,9.0,8.0,8.0,-0.20000000000000284,0
19.5,19.5,0.9411764705882353,0.8862668318609497,0.10802503798526354,0.5083047388955902,0.0549096387272856,9.0,8.0,8.0,0.1999999999999993,0
19.5,19.5,0.9411764705882353,0.8862668318609497,0.10802503798526354,0.5083047388955902,0.0549096387272856,9.0,8.0,8.0,0.1999999999999993,0
19.5,19.5,0.9411764705882353,0.8862668318609497,0.10802503798526354,0.5083047388955902,0.0549096387272856,9.0,8.0,8.0,0.29999999999999716,0
19.5,19.5,0.9411764705882353,0.8862668318609497,0.10802503798526354,0.5083047388955902,0.0549096387272856,9.0,8.0,8.0,0.0,0
19.5,19.5,0.9411764705882353,0.8862668318609497,0.10802503798526354,0.5083047388955902,0.0549096387272856,9.0,8.0,8.0,-0.10000000000000142,0
19.5,19.5,0.9411764705882353,0.8862668318609497,0.10802503798526354,0.5083047388955902,0.0549096387272856,9.0,8.0,8.0,-0.20000000000000284,0
19.5,19.5,0.9411764705882353,0.8862668318609497,0.10802503798526354,0.5083047388955902,0.0549096387272856,9.0,8.0,8.0,-0.1999999999999993,0
19.5,19.5,0.9411764705882353,0.8862668318609497,0.10802503798526354,0.5083047388955902,0.0549096387272856,9.0,8.0,8.0,-0.1999999999999993,0
20.5,20.5,1.0,0.8690506673237324,0.12150035651570754,1.0777691229188988,0.13094933267626763,9.0,9.0,9.0,0.1999999999999993,0
20.5,20.5,1.0,0.8690506673237324,0.12150035651570754,1.0777691229188988,0.13094933267626763,9.0,9.0,9.0,0.29999999999999716,0
20.5,20.5,1.0,0.8690506673237324,0.12150035651570754,1.0777691229188988,0.13094933267626763,9.0,9.0,9.0,0.0,0
20.5,20.5,1.0,0.8690506673237324,0.12150035651570754,1.0777691229188988,0.13094933267626763,9.0,9.0,9.0,-0.10000000000000142,0
20.5,20.5,1.0,0.8690506673237324,0.12150035651570754,1.0777691229188988,0.13094933267626763,9.0,9.0,9.0,-0.20000000000000284,0
20.5,20.5,1.0,0.8690506673237324,0.12150035651570754,1.0777691229188988,0.13094933267626763,9.0,9.0,9.0,-0.1999999999999993,0
20.5,20.5,1.0,0.8690506673237324,0.12150035651570754,1.0777691229188988,0.13094933267626763,9.0,9.0,9.0,-0.1999999999999993,0
20.5,20.5,1.0,0.8690506673237324,0.12150035651570754,1.0777691229188988,0.13094933267626763,9.0,9.0,9.0,-0.09999999999999787,0
20.5,20.5,1.0,0.8690506673237324,0.12150035651570754,1.0777691229188988,0.13094933267626763,9.0,9.0,9.0,-0.09999999999999787,0
21.5,21.5,0.9411764705882353,0.8718622833049304,0.11661004469944292,0.5944100910171076,0.06931418728330485,9.0,8.0,8.0,0.0,0
21.5,21.5,0.9411764705882353,0.8718622833049304,0.11661004469944292,0.5944100910171076,0.06931418728330485,9.0,8.0,8.0,-0.10000000000000142,0
21.5,21.5,0.9411764705882353,0.8718622833049304,0.11661004469944292,0.5944100910171076,0.06931418728330485,9.0,8.0,8.0,-0.20000000000000284,0
21.5,21.5,0.9411764705882353,0.8718622833049304,0.11661004469944292,0.5944100910171076,0.06931418728330485,9.0,8.0,8.0,-0.1999999999999993,0
21.5,21.5,0.9411764705882353,0.8718622833049304,0.11661004469944292,0.5944100910171076,0.06931418728330485,9.0,8.0,8.0,-0.1999999999999993,0
21.5,21.5,0.9411764705882353,0.8718622833049304,0.11661004469944292,0.5944100910171076,0.06931418728330485,9.0,8.0,8.0,-0.09999999999999787,0
21.5,21.5,0.9411764705882353,0.8718622833049304,0.11661004469944292,0.5944100910171076,0.06931418728330485,9.0,8.0,8.0,-0.09999999999999787,0
21.5,21.5,0.9411764705882353,0.8718622833049304,0.11661004469944292,0.5944100910171076,0.06931418728330485,9.0,8.0,8.0,-0.1999999999999993,0
22.5,22.5,0.8888888888888888,0.8546584009299955,0.12070300551746486,0.28359267287623985,0.034230487958893385,9.0,9.0,8.0,-0.20000000000000284,0
22.5,22.5,0.8888888888888888,0.8546584009299955,0.12070300551746486,0.28359267287623985,0.034230487958893385,9.0,9.0,8.0,-0.1999999999999993,0
22.5,22.5,0.8888888888888888,0.8546584009299955,0.12070300551746486,0.28359267287623985,0.034230487958893385,9.0,9.0,8.0,-0.1999999999999993,0
22.5,22.5,0.8888888888888888,0.8546584009299955,0.12070300551746486,0.28359267287623985,0.034230487958893385,9.0,9.0,8.0,-0.09999999999999787,0
22.5,22.5,0.8888888888888888,0.8546584009299955,0.12070300551746486,0.28359267287623985,0.034230487958893385,9.0,9.0,8.0,-0.09999999999999787,0
22.5,22.5,0.8888888888888888,0.8546584009299955,0.12070300551746486,0.28359267287623985,0.034230487958893385,9.0,9.0,8.0,-0.1999999999999993,0
22.5,22.5,0.8888888888888888,0.8546584009299955,0.12070300551746486,0.28359267287623985,0.034230487958893385,9.0,9.0,8.0,-0.40000000000000213,0
22.5,22.5,0.8888888888888888,0.8546584009299955,0.12070300551746486,0.28359267287623985,0.034230487958893385,9.0,9.0,8.0,-0.09999999999999787,0
23.5,23.5,0.9473684210526315,0.8730880847738434,0.12638590255089155,0.5877264376766851,0.07428033627878816,10.0,9.0,9.0,-0.1999999999999993,0
23.5,23.5,0.9473684210526315,0.8730880847738434,0.12638590255089155,0.5877264376766851,0.07428033627878816,10.0,9.0,9.0,-0.1999999999999993,0
23.5,23.5,0.9473684210526315,0.8730880847738434,0.12638590255089155,0.5877264376766851,0.07428033627878816,10.0,9.0,9.0,-0.09999999999999787,0
23.5,23.5,0.9473684210526315,0.8730880847738434,0.12638590255089155,0.5877264376766851,0.07428033627878816,10.0,9.0,9.0,-0.09999999999999787,0
23.5,23.5,0.9473684210526315,0.8730880847738434,0.12638590255089155,0.5877264376766851,0.07428033627878816,10.0,9.0,9.0,-0.1999999999999993,0
23.5,23.5,0.9473684210526315,0.8730880847738434,0.12638590255089155,0.5877264376766851,0.07428033627878816,10.0,9.0,9.0,-0.40000000000000213,0
23.5,23.5,0.9473684210526315,0.8730880847738434,0.12638590255089155,0.5877264376766851,0.07428033627878816,10.0,9.0,9.0,-0.09999999999999787,0
23.5,23.5,0.9473684210526315,0.8730880847738434,0.12638590255089155,0.5877264376766851,0.07428033627878816,10.0,9.0,9.0,-0.09999999999999787,0
23.5,23.5,0.9473684210526315,0.8730880847738434,0.12638590255089155,0.5877264376766851,0.07428033627878816,10.0,9.0,9.0,0.0,0
24.5,24.5,0.8235294117647058,0.8748633613634388,0.12387494528117499,-0.41440139071071747,-0.05133394959873294,8.0,9.0,7.0,-0.09999999999999787,0
24.5,24.5,0.8235294117647058,0.8748633613634388,0.12387494528117499,-0.41440139071071747,-0.05133394959873294,8.0,9.0,7.0,-0.09999999999999787,0
24.5,24.5,0.8235294117647058,0.8748633613634388,0.12387494528117499,-0.41440139071071747,-0.05133394959873294,8.0,9.0,7.0,-0.1999999999999993,0
24.5,24.5,0.8235294117647058,0.8748633613634388,0.12387494528117499,-0.41440139071071747,-0.05133394959873294,8.0,9.0,7.0,-0.40000000000000213,0
24.5,24.5,0.8235294117647058,0.8748633613634388,0.12387494528117499,-0.41440139071071747,-0.05133394959873294,8.0,9.0,7.0,-0.09999999999999787,0
24.5,24.5,0.8235294117647058,0.8748633613634388,0.12387494528117499,-0.41440139071071747,-0.05133394959873294,8.0,9.0,7.0,-0.09999999999999787,0
24.5,24.5,0.8235294117647058,0.8748633613634388,0.12387494528117499,-0.41440139071071747,-0.05133394959873294,8.0,9.0,7.0,0.0,0
25.5,25.5,0.8235294117647058,0.8647739734293914,0.12147896128957363,-0.3395202035549967,-0.0412445616646856,8.0,9.0,7.0,-0.1999999999999993,0
25.5,25.5,0.8235294117647058,0.8647739734293914,0.12147896128957363,-0.3395202035549967,-0.0412445616646856,8.0,9.0,7.0,-0.40000000000000213,0
25.5,25.5,0.8235294117647058,0.8647739734293914,0.12147896128957363,-0.3395202035549967,-0.0412445616646856,8.0,9.0,7.0,-0.09999999999999787,0
25.5,25.5,0.8235294117647058,0.8647739734293914,0.12147896128957363,-0.3395202035549967,-0.0412445616646856,8.0,9.0,7.0,-0.09999999999999787,0
25.5,25.5,0.8235294117647058,0.8647739734293914,0.12147896128957363,-0.3395202035549967,-0.0412445616646856,8.0,9.0,7.0,0.0,0
25.5,25.5,0.8235294117647058,0.8647739734293914,0.12147896128957363,-0.3395202035549967,-0.0412445616646856,8.0,9.0,7.0,0.10000000000000142,0
25.5,25.5,0.8235294117647058,0.8647739734293914,0.12147896128957363,-0.3395202035549967,-0.0412445616646856,8.0,9.0,7.0,-0.3000000000000007,0
26.5,26.5,0.75,0.8097983877233879,0.12000248256496904,-0.49830958864549457,-0.05979838772338786,8.0,8.0,6.0,0.1999999999999993,0
26.5,26.5,0.75,0.8097983877233879,0.12000248256496904,-0.49830958864549457,-0.05979838772338786,8.0,8.0,6.0,-0.09999999999999787,0
26.5,26.5,0.75,0.8097983877233879,0.12000248256496904,-0.49830958864549457,-0.05979838772338786,8.0,8.0,6.0,-0.09999999999999787,0
26.5,26.5,0.75,0.8097983877233879,0.12000248256496904,-0.49830958864549457,-0.05979838772338786,8.0,8.0,6.0,0.0,0
26.5,26.5,0.75,0.8097983877233879,0.12000248256496904,-0.49830958864549457,-0.05979838772338786,8.0,8.0,6.0,0.10000000000000142,0
26.5,26.5,0.75,0.8097983877233879,0.12000248256496904,-0.49830958864549457,-0.05979838772338786,8.0,8.0,6.0,-0.3000000000000007,0
27.5,27.5,0.8,0.8506209999151176,0.1048685526439171,-0.4827090547058662,-0.05062099991511759,7.0,8.0,6.0,-0.09999999999999787,0
27.5,27.5,0.8,0.8506209999151176,0.1048685526439171,-0.4827090547058662,-0.05062099991511759,7.0,8.0,6.0,0.0,0
27.5,27.5,0.8,0.8506209999151176,0.1048685526439171,-0.4827090547058662,-0.05062099991511759,7.0,8.0,6.0,0.10000000000000142,0
27.5,27.5,0.8,0.8506209999151176,0.1048685526439171,-0.4827090547058662,-0.05062099991511759,7.0,8.0,6.0,-0.3000000000000007,0
27.5,27.5,0.8,0.8506209999151176,0.1048685526439171,-0.4827090547058662,-0.05062099991511759,7.0,8.0,6.0,-0.1999999999999993,0
27.5,27.5,0.8,0.8506209999151176,0.1048685526439171,-0.4827090547058662,-0.05062099991511759,7.0,8.0,6.0,-0.1999999999999993,0
28.5,28.5,0.7142857142857143,0.8395791486291487,0.09235384283156961,-1.3566672539218365,-0.12529343434343443,7.0,7.0,5.0,0.10000000000000142,0
28.5,28.5,0.7142857142857143,0.8395791486291487,0.09235384283156961,-1.3566672539218365,-0.12529343434343443,7.0,7.0,5.0,-0.3000000000000007,0
28.5,28.5,0.7142857142857143,0.8395791486291487,0.09235384283156961,-1.3566672539218365,-0.12529343434343443,7.0,7.0,5.0,-0.1999999999999993,0
28.5,28.5,0.7142857142857143,0.8395791486291487,0.09235384283156961,-1.3566672539218365,-0.12529343434343443,7.0,7.0,5.0,-0.1999999999999993,0
28.5,28.5,0.7142857142857143,0.8395791486291487,0.09235384283156961,-1.3566672539218365,-0.12529343434343443,7.0,7.0,5.0,-0.5,0
29.5,29.5,0.8235294117647058,0.804248830744419,0.09993793234801189,0.1929255545646718,0.019280581020286847,9.0,8.0,7.0,0.10000000000000142,0
29.5,29.5,0.8235294117647058,0.804248830744419,0.09993793234801189,0.1929255545646718,0.019280581020286847,9.0,8.0,7.0,-0.3000000000000007,0
29.5,29.5,0.8235294117647058,0.804248830744419,0.09993793234801189,0.1929255545646718,0.019280581020286847,9.0,8.0,7.0,-0.1999999999999993,0
29.5,29.5,0.8235294117647058,0.804248830744419,0.09993793234801189,0.1929255545646718,0.019280581020286847,9.0,8.0,7.0,-0.1999999999999993,0
29.5,29.5,0.8235294117647058,0.804248830744419,0.09993793234801189,0.1929255545646718,0.019280581020286847,9.0,8.0,7.0,-0.5,0
29.5,29.5,0.8235294117647058,0.804248830744419,0.09993793234801189,0.1929255545646718,0.019280581020286847,9.0,8.0,7.0,-0.1999999999999993,0
29.5,29.5,0.8235294117647058,0.804248830744419,0.09993793234801189,0.1929255545646718,0.019280581020286847,9.0,8.0,7.0,-0.3000000000000007,0
30.5,30.5,0.875,0.8572078922711276,0.09754734509087924,0.18239458708278045,0.01779210772887241,9.0,7.0,7.0,0.3999999999999986,0
30.5,30.5,0.875,0.8572078922711276,0.09754734509087924,0.18239458708278045,0.01779210772887241,9.0,7.0,7.0,-0.1999999999999993,0
30.5,30.5,0.875,0.8572078922711276,0.09754734509087924,0.18239458708278045,0.01779210772887241,9.0,7.0,7.0,-0.1999999999999993,0
30.5,30.5,0.875,0.8572078922711276,0.09754734509087924,0.18239458708278045,0.01779210772887241,9.0,7.0,7.0,-0.5,0
30.5,30.5,0.875,0.8572078922711276,0.09754734509087924,0.18239458708278045,0.01779210772887241,9.0,7.0,7.0,-0.1999999999999993,0
30.5,30.5,0.875,0.8572078922711276,0.09754734509087924,0.18239458708278045,0.01779210772887241,9.0,7.0,7.0,-0.3000000000000007,0
30.5,30.5,0.875,0.8572078922711276,0.09754734509087924,0.18239458708278045,0.01779210772887241,9.0,7.0,7.0,-0.30000000000000426,0
31.5,31.5,0.8888888888888888,0.8880684116537059,0.10549743079650216,0.0077772248005320505,0.0008204772351829703,10.0,8.0,8.0,-0.1999999999999993,0
31.5,31.5,0.8888888888888888,0.8880684116537059,0.10549743079650216,0.0077772248005320505,0.0008204772351829703,10.0,8.0,8.0,-0.1999999999999993,0
31.5,31.5,0.8888888888888888,0.8880684116537059,0.10549743079650216,0.0077772248005320505,0.0008204772351829703,10.0,8.0,8.0,-0.5,0
31.5,31.5,0.8888888888888888,0.8880684116537059,0.10549743079650216,0.0077772248005320505,0.0008204772351829703,10.0,8.0,8.0,-0.1999999999999993,0
31.5,31.5,0.8888888888888888,0.8880684116537059,0.10549743079650216,0.0077772248005320505,0.0008204772351829703,10.0,8.0,8.0,-0.3000000000000007,0
31.5,31.5,0.8888888888888888,0.8880684116537059,0.10549743079650216,0.0077772248005320505,0.0008204772351829703,10.0,8.0,8.0,-0.30000000000000426,0
31.5,31.5,0.8888888888888888,0.8880684116537059,0.10549743079650216,0.0077772248005320505,0.0008204772351829703,10.0,8.0,8.0,-0.30000000000000426,0
31.5,31.5,0.8888888888888888,0.8880684116537059,0.10549743079650216,0.0077772248005320505,0.0008204772351829703,10.0,8.0,8.0,-0.30000000000000426,0
32.5,32.5,0.875,0.8773560212663153,0.10160081954886098,-0.023188998639742782,-0.002356021266315289,8.0,8.0,7.0,-0.5,0
32.5,32.5,0.875,0.8773560212663153,0.10160081954886098,-0.023188998639742782,-0.002356021266315289,8.0,8.0,7.0,-0.1999999999999993,0
32.5,32.5,0.875,0.8773560212663153,0.10160081954886098,-0.023188998639742782,-0.002356021266315289,8.0,8.0,7.0,-0.3000000000000007,0
32.5,32.5,0.875,0.8773560212663153,0.10160081954886098,-0.023188998639742782,-0.002356021266315289,8.0,8.0,7.0,-0.30000000000000426,0
32.5,32.5,0.875,0.8773560212663153,0.10160081954886098,-0.023188998639742782,-0.002356021266315289,8.0,8.0,7.0,-0.30000000000000426,0
32.5,32.5,0.875,0.8773560212663153,0.10160081954886098,-0.023188998639742782,-0.002356021266315289,8.0,8.0,7.0,-0.30000000000000426,0
32.5,32.5,0.875,0.8773560212663153,0.10160081954886098,-0.023188998639742782,-0.002356021266315289,8.0,8.0,7.0,-0.20000000000000284,0
33.5,33.5,0.9411764705882353,0.8977986714008387,0.10486725234970681,0.41364485304470616,0.04337779918739659,8.0,9.0,8.0,-0.1999999999999993,0
33.5,33.5,0.9411764705882353,0.8977986714008387,0.10486725234970681,0.41364485304470616,0.04337779918739659,8.0,9.0,8.0,-0.3000000000000007,0
33.5,33.5,0.9411764705882353,0.8977986714008387,0.10486725234970681,0.41364485304470616,0.04337779918739659,8.0,9.0,8.0,-0.30000000000000426,0
33.5,33.5,0.9411764705882353,0.8977986714008387,0.10486725234970681,0.41364485304470616,0.04337779918739659,8.0,9.0,8.0,-0.30000000000000426,0
33.5,33.5,0.9411764705882353,0.8977986714008387,0.10486725234970681,0.41364485304470616,0.04337779918739659,8.0,9.0,8.0,-0.30000000000000426,0
33.5,33.5,0.9411764705882353,0.8977986714008387,0.10486725234970681,0.41364485304470616,0.04337779918739659,8.0,9.0,8.0,-0.20000000000000284,0
33.5,33.5,0.9411764705882353,0.8977986714008387,0.10486725234970681,0.41364485304470616,0.04337779918739659,8.0,9.0,8.0,-0.19999999999999574,0
33.5,33.5,0.9411764705882353,0.8977986714008387,0.10486725234970681,0.41364485304470616,0.04337779918739659,8.0,9.0,8.0,-0.10000000000000142,0
34.5,34.5,0.8235294117647058,0.8561987935525088,0.10525009643160885,-0.3103976423340518,-0.03266938178780299,8.0,9.0,7.0,-0.30000000000000426,0
34.5,34.5,0.8235294117647058,0.8561987935525088,0.10525009643160885,-0.3103976423340518,-0.03266938178780299,8.0,9.0,7.0,-0.30000000000000426,0
34.5,34.5,0.8235294117647058,0.8561987935525088,0.10525009643160885,-0.3103976423340518,-0.03266938178780299,8.0,9.0,7.0,-0.30000000000000426,0
34.5,34.5,0.8235294117647058,0.8561987935525088,0.10525009643160885,-0.3103976423340518,-0.03266938178780299,8.0,9.0,7.0,-0.20000000000000284,0
34.5,34.5,0.8235294117647058,0.8561987935525088,0.10525009643160885,-0.3103976423340518,-0.03266938178780299,8.0,9.0,7.0,-0.19999999999999574,0
34.5,34.5,0.8235294117647058,0.8561987935525088,0.10525009643160885,-0.3103976423340518,-0.03266938178780299,8.0,9.0,7.0,-0.10000000000000142,0
34.5,34.5,0.8235294117647058,0.8561987935525088,0.10525009643160885,-0.3103976423340518,-0.03266938178780299,8.0,9.0,7.0,-0.20000000000000284,0
35.5,35.5,0.8235294117647058,0.8765592601327122,0.10767566310434411,-0.4924961392308058,-0.053029848368006394,8.0,9.0,7.0,-0.30000000000000426,0
35.5,35.5,0.8235294117647058,0.8765592601327122,0.10767566310434411,-0.4924961392308058,-0.053029848368006394,8.0,9.0,7.0,-0.20000000000000284,0
35.5,35.5,0.8235294117647058,0.8765592601327122,0.10767566310434411,-0.4924961392308058,-0.053029848368006394,8.0,9.0,7.0,-0.19999999999999574,0
35.5,35.5,0.8235294117647058,0.8765592601327122,0.10767566310434411,-0.4924961392308058,-0.053029848368006394,8.0,9.0,7.0,-0.10000000000000142,0
35.5,35.5,0.8235294117647058,0.8765592601327122,0.10767566310434411,-0.4924961392308058,-0.053029848368006394,8.0,9.0,7.0,-0.20000000000000284,0
35.5,35.5,0.8235294117647058,0.8765592601327122,0.10767566310434411,-0.4924961392308058,-0.053029848368006394,8.0,9.0,7.0,-0.3999999999999986,0
35.5,35.5,0.8235294117647058,0.8765592601327122,0.10767566310434411,-0.4924961392308058,-0.053029848368006394,8.0,9.0,7.0,-0.3999999999999986,0
36.5,36.5,0.8888888888888888,0.8802044721961905,0.11929094339827821,0.07280030189470124,0.008684416692698371,9.0,9.0,8.0,-0.20000000000000284,0
36.5,36.5,0.8888888888888888,0.8802044721961905,0.11929094339827821,0.07280030189470124,0.008684416692698371,9.0,9.0,8.0,-0.19999999999999574,0
36.5,36.5,0.8888888888888888,0.8802044721961905,0.11929094339827821,0.07280030189470124,0.008684416692698371,9.0,9.0,8.0,-0.10000000000000142,0
36.5,36.5,0.8888888888888888,0.8802044721961905,0.11929094339827821,0.07280030189470124,0.008684416692698371,9.0,9.0,8.0,-0.20000000000000284,0
36.5,36.5,0.8888888888888888,0.8802044721961905,0.11929094339827821,0.07280030189470124,0.008684416692698371,9.0,9.0,8.0,-0.3999999999999986,0
36.5,36.5,0.8888888888888888,0.8802044721961905,0.11929094339827821,0.07280030189470124,0.008684416692698371,9.0,9.0,8.0,-0.3999999999999986,0
36.5,36.5,0.8888888888888888,0.8802044721961905,0.11929094339827821,0.07280030189470124,0.008684416692698371,9.0,9.0,8.0,-0.5,0
36.5,36.5,0.8888888888888888,0.8802044721961905,0.11929094339827821,0.07280030189470124,0.008684416692698371,9.0,9.0,8.0,-0.3999999999999986,0
37.5,37.5,0.9411764705882353,0.8850349301025773,0.11163355040875204,0.502909208567611,0.056141540485658004,9.0,8.0,8.0,-0.19999999999999574,0
37.5,37.5,0.9411764705882353,0.8850349301025773,0.11163355040875204,0.502909208567611,0.056141540485658004,9.0,8.0,8.0,-0.10000000000000142,0
37.5,37.5,0.9411764705882353,0.8850349301025773,0.11163355040875204,0.502909208567611,0.056141540485658004,9.0,8.0,8.0,-0.20000000000000284,0
37.5,37.5,0.9411764705882353,0.8850349301025773,0.11163355040875204,0.502909208567611,0.056141540485658004,9.0,8.0,8.0,-0.3999999999999986,0
37.5,37.5,0.9411764705882353,0.8850349301025773,0.11163355040875204,0.502909208567611,0.056141540485658004,9.0,8.0,8.0,-0.3999999999999986,0
37.5,37.5,0.9411764705882353,0.8850349301025773,0.11163355040875204,0.502909208567611,0.056141540485658004,9.0,8.0,8.0,-0.5,0
37.5,37.5,0.9411764705882353,0.8850349301025773,0.11163355040875204,0.502909208567611,0.056141540485658004,9.0,8.0,8.0,-0.3999999999999986,0
37.5,37.5,0.9411764705882353,0.8850349301025773,0.11163355040875204,0.502909208567611,0.056141540485658004,9.0,8.0,8.0,-0.5,0
38.5,38.5,0.9411764705882353,0.8751186646686647,0.12088811561582855,0.5464375516406945,0.06605780591957056,9.0,8.0,8.0,-0.20000000000000284,0
38.5,38.5,0.9411764705882353,0.8751186646686647,0.12088811561582855,0.5464375516406945,0.06605780591957056,9.0,8.0,8.0,-0.3999999999999986,0
38.5,38.5,0.9411764705882353,0.8751186646686647,0.12088811561582855,0.5464375516406945,0.06605780591957056,9.0,8.0,8.0,-0.3999999999999986,0
38.5,38.5,0.9411764705882353,0.8751186646686647,0.12088811561582855,0.5464375516406945,0.06605780591957056,9.0,8.0,8.0,-0.5,0
38.5,38.5,0.9411764705882353,0.8751186646686647,0.12088811561582855,0.5464375516406945,0.06605780591957056,9.0,8.0,8.0,-0.3999999999999986,0
38.5,38.5,0.9411764705882353,0.8751186646686647,0.12088811561582855,0.5464375516406945,0.06605780591957056,9.0,8.0,8.0,-0.5,0
38.5,38.5,0.9411764705882353,0.8751186646686647,0.12088811561582855,0.5464375516406945,0.06605780591957056,9.0,8.0,8.0,-0.10000000000000142,0
38.5,38.5,0.9411764705882353,0.8751186646686647,0.12088811561582855,0.5464375516406945,0.06605780591957056,9.0,8.0,8.0,-0.09999999999999432,0
39.5,39.5,0.9411764705882353,0.8659565852448207,0.11649784170135072,0.645676213781242,0.07521988534341462,9.0,8.0,8.0,0.20000000000000284,0
39.5,39.5,0.9411764705882353,0.8659565852448207,0.11649784170135072,0.645676213781242,0.07521988534341462,9.0,8.0,8.0,0.10000000000000142,0
39.5,39.5,0.9411764705882353,0.8659565852448207,0.11649784170135072,0.645676213781242,0.07521988534341462,9.0,8.0,8.0,0.10000000000000142,0
39.5,39.5,0.9411764705882353,0.8659565852448207,0.11649784170135072,0.645676213781242,0.07521988534341462,9.0,8.0,8.0,0.0,0
39.5,39.5,0.9411764705882353,0.8659565852448207,0.11649784170135072,0.645676213781242,0.07521988534341462,9.0,8.0,8.0,0.0,0
39.5,39.5,0.9411764705882353,0.8659565852448207,0.11649784170135072,0.645676213781242,0.07521988534341462,9.0,8.0,8.0,-0.10000000000000142,0
39.5,39.5,0.9411764705882353,0.8659565852448207,0.11649784170135072,0.645676213781242,0.07521988534341462,9.0,8.0,8.0,-0.09999999999999432,0
39.5,39.5,0.9411764705882353,0.8659565852448207,0.11649784170135072,0.645676213781242,0.07521988534341462,9.0,8.0,8.0,0.0,0
40.5,40.5,0.9411764705882353,0.8892814912211972,0.10611004065773011,0.489067566512685,0.05189497936703813,9.0,8.0,8.0,-0.5,0
40.5,40.5,0.9411764705882353,0.8892814912211972,0.10611004065773011,0.489067566512685,0.05189497936703813,9.0,8.0,8.0,-0.3999999999999986,0
40.5,40.5,0.9411764705882353,0.8892814912211972,0.10611004065773011,0.489067566512685,0.05189497936703813,9.0,8.0,8.0,-0.5,0
40.5,40.5,0.9411764705882353,0.8892814912211972,0.10611004065773011,0.489067566512685,0.05189497936703813,9.0,8.0,8.0,-0.10000000000000142,0
40.5,40.5,0.9411764705882353,0.8892814912211972,0.10611004065773011,0.489067566512685,0.05189497936703813,9.0,8.0,8.0,-0.09999999999999432,0
40.5,40.5,0.9411764705882353,0.8892814912211972,0.10611004065773011,0.489067566512685,0.05189497936703813,9.0,8.0,8.0,0.0,0
40.5,40.5,0.9411764705882353,0.8892814912211972,0.10611004065773011,0.489067566512685,0.05189497936703813,9.0,8.0,8.0,-0.20000000000000284,0
40.5,40.5,0.9411764705882353,0.8892814912211972,0.10611004065773011,0.489067566512685,0.05189497936703813,9.0,8.0,8.0,-0.29999999999999716,0
41.5,41.5,1.0,0.8581988575837648,0.11421779787239708,1.2414977793097879,0.1418011424162352,9.0,9.0,9.0,0.0,0
41.5,41.5,1.0,0.8581988575837648,0.11421779787239708,1.2414977793097879,0.1418011424162352,9.0,9.0,9.0,0.0,0
41.5,41.5,1.0,0.8581988575837648,0.11421779787239708,1.2414977793097879,0.1418011424162352,9.0,9.0,9.0,-0.10000000000000142,0
41.5,41.5,1.0,0.8581988575837648,0.11421779787239708,1.2414977793097879,0.1418011424162352,9.0,9.0,9.0,-0.09999999999999432,0
41.5,41.5,1.0,0.8581988575837648,0.11421779787239708,1.2414977793097879,0.1418011424162352,9.0,9.0,9.0,0.0,0
41.5,41.5,1.0,0.8581988575837648,0.11421779787239708,1.2414977793097879,0.1418011424162352,9.0,9.0,9.0,-0.20000000000000284,0
41.5,41.5,1.0,0.8581988575837648,0.11421779787239708,1.2414977793097879,0.1418011424162352,9.0,9.0,9.0,-0.29999999999999716,0
41.5,41.5,1.0,0.8581988575837648,0.11421779787239708,1.2414977793097879,0.1418011424162352,9.0,9.0,9.0,-0.09999999999999432,0
41.5,41.5,1.0,0.8581988575837648,0.11421779787239708,1.2414977793097879,0.1418011424162352,9.0,9.0,9.0,-0.20000000000000284,0
42.5,42.5,1.0,0.8746488728591671,0.11069184219601474,1.1324332909633867,0.12535112714083285,8.0,8.0,8.0,-0.10000000000000142,0
42.5,42.5,1.0,0.8746488728591671,0.11069184219601474,1.1324332909633867,0.12535112714083285,8.0,8.0,8.0,-0.09999999999999432,0
42.5,42.5,1.0,0.8746488728591671,0.11069184219601474,1.1324332909633867,0.12535112714083285,8.0,8.0,8.0,0.0,0
42.5,42.5,1.0,0.8746488728591671,0.11069184219601474,1.1324332909633867,0.12535112714083285,8.0,8.0,8.0,-0.20000000000000284,0
42.5,42.5,1.0,0.8746488728591671,0.11069184219601474,1.1324332909633867,0.12535112714083285,8.0,8.0,8.0,-0.29999999999999716,0
42.5,42.5,1.0,0.8746488728591671,0.11069184219601474,1.1324332909633867,0.12535112714083285,8.0,8.0,8.0,-0.09999999999999432,0
42.5,42.5,1.0,0.8746488728591671,0.11069184219601474,1.1324332909633867,0.12535112714083285,8.0,8.0,8.0,-0.20000000000000284,0
42.5,42.5,1.0,0.8746488728591671,0.11069184219601474,1.1324332909633867,0.12535112714083285,8.0,8.0,8.0,0.09999999999999432,0
43.5,43.5,0.9333333333333333,0.887993454911102,0.11464248109496826,0.39548933335342223,0.045339878422231306,7.0,8.0,7.0,0.0,0
43.5,43.5,0.9333333333333333,0.887993454911102,0.11464248109496826,0.39548933335342223,0.045339878422231306,7.0,8.0,7.0,-0.20000000000000284,0
43.5,43.5,0.9333333333333333,0.887993454911102,0.11464248109496826,0.39548933335342223,0.045339878422231306,7.0,8.0,7.0,-0.29999999999999716,0
43.5,43.5,0.9333333333333333,0.887993454911102,0.11464248109496826,0.39548933335342223,0.045339878422231306,7.0,8.0,7.0,-0.09999999999999432,0
43.5,43.5,0.9333333333333333,0.887993454911102,0.11464248109496826,0.39548933335342223,0.045339878422231306,7.0,8.0,7.0,-0.20000000000000284,0
43.5,43.5,0.9333333333333333,0.887993454911102,0.11464248109496826,0.39548933335342223,0.045339878422231306,7.0,8.0,7.0,0.09999999999999432,0
43.5,43.5,0.9333333333333333,0.887993454911102,0.11464248109496826,0.39548933335342223,0.045339878422231306,7.0,8.0,7.0,0.29999999999999716,0
44.5,44.5,1.0,0.8652776883247473,0.11831623782059753,1.1386629101538173,0.13472231167525273,8.0,8.0,8.0,-0.20000000000000284,0
44.5,44.5,1.0,0.8652776883247473,0.11831623782059753,1.1386629101538173,0.13472231167525273,8.0,8.0,8.0,-0.29999999999999716,0
44.5,44.5,1.0,0.8652776883247473,0.11831623782059753,1.1386629101538173,0.13472231167525273,8.0,8.0,8.0,-0.09999999999999432,0
44.5,44.5,1.0,0.8652776883247473,0.11831623782059753,1.1386629101538173,0.13472231167525273,8.0,8.0,8.0,-0.20000000000000284,0
44.5,44.5,1.0,0.8652776883247473,0.11831623782059753,1.1386629101538173,0.13472231167525273,8.0,8.0,8.0,0.09999999999999432,0
44.5,44.5,1.0,0.8652776883247473,0.11831623782059753,1.1386629101538173,0.13472231167525273,8.0,8.0,8.0,0.29999999999999716,0
44.5,44.5,1.0,0.8652776883247473,0.11831623782059753,1.1386629101538173,0.13472231167525273,8.0,8.0,8.0,0.30000000000000426,0
44.5,44.5,1.0,0.8652776883247473,0.11831623782059753,1.1386629101538173,0.13472231167525273,8.0,8.0,8.0,0.10000000000000142,0
45.5,45.5,0.9333333333333333,0.8428437524893408,0.1151299892214148,0.785977497747919,0.0904895808439925,8.0,7.0,7.0,-0.09999999999999432,0
45.5,45.5,0.9333333333333333,0.8428437524893408,0.1151299892214148,0.785977497747919,0.0904895808439925,8.0,7.0,7.0,-0.20000000000000284,0
45.5,45.5,0.9333333333333333,0.8428437524893408,0.1151299892214148,0.785977497747919,0.0904895808439925,8.0,7.0,7.0,0.09999999999999432,0
45.5,45.5,0.9333333333333333,0.8428437524893408,0.1151299892214148,0.785977497747919,0.0904895808439925,8.0,7.0,7.0,0.29999999999999716,0
45.5,45.5,0.9333333333333333,0.8428437524893408,0.1151299892214148,0.785977497747919,0.0904895808439925,8.0,7.0,7.0,0.30000000000000426,0
45.5,45.5,0.9333333333333333,0.8428437524893408,0.1151299892214148,0.785977497747919,0.0904895808439925,8.0,7.0,7.0,0.10000000000000142,0
45.5,45.5,0.9333333333333333,0.8428437524893408,0.1151299892214148,0.785977497747919,0.0904895808439925,8.0,7.0,7.0,0.0,0
46.5,46.5,0.8,0.8029824778163014,0.11306014672795078,-0.02637956789033614,-0.0029824778163013432,8.0,7.0,6.0,0.09999999999999432,0
46.5,46.5,0.8,0.8029824778163014,0.11306014672795078,-0.02637956789033614,-0.0029824778163013432,8.0,7.0,6.0,0.29999999999999716,0
46.5,46.5,0.8,0.8029824778163014,0.11306014672795078,-0.02637956789033614,-0.0029824778163013432,8.0,7.0,6.0,0.30000000000000426,0
46.5,46.5,0.8,0.8029824778163014,0.11306014672795078,-0.02637956789033614,-0.0029824778163013432,8.0,7.0,6.0,0.10000000000000142,0
46.5,46.5,0.8,0.8029824778163014,0.11306014672795078,-0.02637956789033614,-0.0029824778163013432,8.0,7.0,6.0,0.0,0
46.5,46.5,0.8,0.8029824778163014,0.11306014672795078,-0.02637956789033614,-0.0029824778163013432,8.0,7.0,6.0,0.10000000000000142,0
47.5,47.5,0.9333333333333333,0.8483428543678544,0.09536544141336144,0.8912083633848847,0.08499047896547895,8.0,7.0,7.0,0.29999999999999716,0
47.5,47.5,0.9333333333333333,0.8483428543678544,0.09536544141336144,0.8912083633848847,0.08499047896547895,8.0,7.0,7.0,0.30000000000000426,0
47.5,47.5,0.9333333333333333,0.8483428543678544,0.09536544141336144,0.8912083633848847,0.08499047896547895,8.0,7.0,7.0,0.10000000000000142,0
47.5,47.5,0.9333333333333333,0.8483428543678544,0.09536544141336144,0.8912083633848847,0.08499047896547895,8.0,7.0,7.0,0.0,0
47.5,47.5,0.9333333333333333,0.8483428543678544,0.09536544141336144,0.8912083633848847,0.08499047896547895,8.0,7.0,7.0,0.10000000000000142,0
47.5,47.5,0.9333333333333333,0.8483428543678544,0.09536544141336144,0.8912083633848847,0.08499047896547895,8.0,7.0,7.0,-0.20000000000000284,0
47.5,47.5,0.9333333333333333,0.8483428543678544,0.09536544141336144,0.8912083633848847,0.08499047896547895,8.0,7.0,7.0,-0.19999999999999574,0
48.5,48.5,0.875,0.8346976012549543,0.09772938001737232,0.4123877460174369,0.04030239874504571,9.0,7.0,7.0,-0.3999999999999986,0
48.5,48.5,0.875,0.8346976012549543,0.09772938001737232,0.4123877460174369,0.04030239874504571,9.0,7.0,7.0,-0.5,0
48.5,48.5,0.875,0.8346976012549543,0.09772938001737232,0.4123877460174369,0.04030239874504571,9.0,7.0,7.0,0.10000000000000142,0
48.5,48.5,0.875,0.8346976012549543,0.09772938001737232,0.4123877460174369,0.04030239874504571,9.0,7.0,7.0,-0.20000000000000284,0
48.5,48.5,0.875,0.8346976012549543,0.09772938001737232,0.4123877460174369,0.04030239874504571,9.0,7.0,7.0,-0.19999999999999574,0
48.5,48.5,0.875,0.8346976012549543,0.09772938001737232,0.4123877460174369,0.04030239874504571,9.0,7.0,7.0,-0.20000000000000284,0
48.5,48.5,0.875,0.8346976012549543,0.09772938001737232,0.4123877460174369,0.04030239874504571,9.0,7.0,7.0,-0.10000000000000142,0
49.5,49.5,0.9333333333333333,0.8613512861321685,0.08809341781982637,0.8171103923835332,0.07198204720116486,8.0,7.0,7.0,0.0,0
49.5,49.5,0.9333333333333333,0.8613512861321685,0.08809341781982637,0.8171103923835332,0.07198204720116486,8.0,7.0,7.0,0.10000000000000142,0
49.5,49.5,0.9333333333333333,0.8613512861321685,0.08809341781982637,0.8171103923835332,0.07198204720116486,8.0,7.0,7.0,-0.20000000000000284,0
49.5,49.5,0.9333333333333333,0.8613512861321685,0.08809341781982637,0.8171103923835332,0.07198204720116486,8.0,7.0,7.0,-0.19999999999999574,0
49.5,49.5,0.9333333333333333,0.8613512861321685,0.08809341781982637,0.8171103923835332,0.07198204720116486,8.0,7.0,7.0,-0.20000000000000284,0
49.5,49.5,0.9333333333333333,0.8613512861321685,0.08809341781982637,0.8171103923835332,0.07198204720116486,8.0,7.0,7.0,-0.10000000000000142,0
49.5,49.5,0.9333333333333333,0.8613512861321685,0.08809341781982637,0.8171103923835332,0.07198204720116486,8.0,7.0,7.0,-0.19999999999999574,0
50.5,50.5,1.0,0.8616387481799247,0.0931062973020442,1.4860568600555604,0.1383612518200753,7.0,7.0,7.0,0.10000000000000142,0
50.5,50.5,1.0,0.8616387481799247,0.0931062973020442,1.4860568600555604,0.1383612518200753,7.0,7.0,7.0,-0.20000000000000284,0
50.5,50.5,1.0,0.8616387481799247,0.0931062973020442,1.4860568600555604,0.1383612518200753,7.0,7.0,7.0,-0.19999999999999574,0
50.5,50.5,1.0,0.8616387481799247,0.0931062973020442,1.4860568600555604,0.1383612518200753,7.0,7.0,7.0,-0.20000000000000284,0
50.5,50.5,1.0,0.8616387481799247,0.0931062973020442,1.4860568600555604,0.1383612518200753,7.0,7.0,7.0,-0.10000000000000142,0
50.5,50.5,1.0,0.8616387481799247,0.0931062973020442,1.4860568600555604,0.1383612518200753,7.0,7.0,7.0,-0.19999999999999574,0
50.5,50.5,1.0,0.8616387481799247,0.0931062973020442,1.4860568600555604,0.1383612518200753,7.0,7.0,7.0,0.10000000000000142,0
51.5,51.5,0.9333333333333333,0.8369034126004715,0.09630321074384468,1.001315740026095,0.09642992073286183,8.0,7.0,7.0,-0.20000000000000284,0
51.5,51.5,0.9333333333333333,0.8369034126004715,0.09630321074384468,1.001315740026095,0.09642992073286183,8.0,7.0,7.0,-0.19999999999999574,0
51.5,51.5,0.9333333333333333,0.8369034126004715,0.09630321074384468,1.001315740026095,0.09642992073286183,8.0,7.0,7.0,-0.20000000000000284,0
51.5,51.5,0.9333333333333333,0.8369034126004715,0.09630321074384468,1.001315740026095,0.09642992073286183,8.0,7.0,7.0,-0.10000000000000142,0
51.5,51.5,0.9333333333333333,0.8369034126004715,0.09630321074384468,1.001315740026095,0.09642992073286183,8.0,7.0,7.0,-0.19999999999999574,0
51.5,51.5,0.9333333333333333,0.8369034126004715,0.09630321074384468,1.001315740026095,0.09642992073286183,8.0,7.0,7.0,0.10000000000000142,0
51.5,51.5,0.9333333333333333,0.8369034126004715,0.09630321074384468,1.001315740026095,0.09642992073286183,8.0,7.0,7.0,-0.10000000000000142,0
52.5,52.5,0.8571428571428571,0.8080423187923188,0.08775157563616306,0.5595402475064345,0.04910053835053829,8.0,6.0,6.0,-0.20000000000000284,0
52.5,52.5,0.8571428571428571,0.8080423187923188,0.08775157563616306,0.5595402475064345,0.04910053835053829,8.0,6.0,6.0,-0.10000000000000142,0
52.5,52.5,0.8571428571428571,0.8080423187923188,0.08775157563616306,0.5595402475064345,0.04910053835053829,8.0,6.0,6.0,-0.19999999999999574,0
52.5,52.5,0.8571428571428571,0.8080423187923188,0.08775157563616306,0.5595402475064345,0.04910053835053829,8.0,6.0,6.0,0.10000000000000142,0
52.5,52.5,0.8571428571428571,0.8080423187923188,0.08775157563616306,0.5595402475064345,0.04910053835053829,8.0,6.0,6.0,-0.10000000000000142,0
52.5,52.5,0.8571428571428571,0.8080423187923188,0.08775157563616306,0.5595402475064345,0.04910053835053829,8.0,6.0,6.0,-0.10000000000000142,0
53.5,53.5,0.8,0.8289705090660974,0.09314841678691745,-0.3110145085167587,-0.028970509066097327,8.0,7.0,6.0,-0.19999999999999574,0
53.5,53.5,0.8,0.8289705090660974,0.09314841678691745,-0.3110145085167587,-0.028970509066097327,8.0,7.0,6.0,0.10000000000000142,0
53.5,53.5,0.8,0.8289705090660974,0.09314841678691745,-0.3110145085167587,-0.028970509066097327,8.0,7.0,6.0,-0.10000000000000142,0
53.5,53.5,0.8,0.8289705090660974,0.09314841678691745,-0.3110145085167587,-0.028970509066097327,8.0,7.0,6.0,-0.10000000000000142,0
53.5,53.5,0.8,0.8289705090660974,0.09314841678691745,-0.3110145085167587,-0.028970509066097327,8.0,7.0,6.0,-0.20000000000000284,0
53.5,53.5,0.8,0.8289705090660974,0.09314841678691745,-0.3110145085167587,-0.028970509066097327,8.0,7.0,6.0,-0.30000000000000426,0
54.5,54.5,0.9333333333333333,0.8512389140271495,0.09399022724565362,0.8734356933899229,0.08209441930618389,8.0,7.0,7.0,0.10000000000000142,0
54.5,54.5,0.9333333333333333,0.8512389140271495,0.09399022724565362,0.8734356933899229,0.08209441930618389,8.0,7.0,7.0,-0.10000000000000142,0
54.5,54.5,0.9333333333333333,0.8512389140271495,0.09399022724565362,0.8734356933899229,0.08209441930618389,8.0,7.0,7.0,-0.10000000000000142,0
54.5,54.5,0.9333333333333333,0.8512389140271495,0.09399022724565362,0.8734356933899229,0.08209441930618389,8.0,7.0,7.0,-0.20000000000000284,0
54.5,54.5,0.9333333333333333,0.8512389140271495,0.09399022724565362,0.8734356933899229,0.08209441930618389,8.0,7.0,7.0,-0.30000000000000426,0
54.5,54.5,0.9333333333333333,0.8512389140271495,0.09399022724565362,0.8734356933899229,0.08209441930618389,8.0,7.0,7.0,-0.29999999999999716,0
54.5,54.5,0.9333333333333333,0.8512389140271495,0.09399022724565362,0.8734356933899229,0.08209441930618389,8.0,7.0,7.0,-0.29999999999999716,0
55.5,55.5,0.875,0.8650749918382272,0.09259359750443641,0.10718892482060913,0.009925008161772775,9.0,7.0,7.0,-0.10000000000000142,0
55.5,55.5,0.875,0.8650749918382272,0.09259359750443641,0.10718892482060913,0.009925008161772775,9.0,7.0,7.0,-0.10000000000000142,0
55.5,55.5,0.875,0.8650749918382272,0.09259359750443641,0.10718892482060913,0.009925008161772775,9.0,7.0,7.0,-0.20000000000000284,0
55.5,55.5,0.875,0.8650749918382272,0.09259359750443641,0.10718892482060913,0.009925008161772775,9.0,7.0,7.0,-0.30000000000000426,0
55.5,55.5,0.875,0.8650749918382272,0.09259359750443641,0.10718892482060913,0.009925008161772775,9.0,7.0,7.0,-0.29999999999999716,0
55.5,55.5,0.875,0.8650749918382272,0.09259359750443641,0.10718892482060913,0.009925008161772775,9.0,7.0,7.0,-0.29999999999999716,0
55.5,55.5,0.875,0.8650749918382272,0.09259359750443641,0.10718892482060913,0.009925008161772775,9.0,7.0,7.0,-0.5,0
56.5,56.5,0.875,0.8591988625753333,0.0967646734044239,0.16329448412052733,0.01580113742466671,9.0,7.0,7.0,-0.10000000000000142,0
56.5,56.5,0.875,0.8591988625753333,0.0967646734044239,0.16329448412052733,0.01580113742466671,9.0,7.0,7.0,-0.20000000000000284,0
56.5,56.5,0.875,0.8591988625753333,0.0967646734044239,0.16329448412052733,0.01580113742466671,9.0,7.0,7.0,-0.30000000000000426,0
56.5,56.5,0.875,0.8591988625753333,0.0967646734044239,0.16329448412052733,0.01580113742466671,9.0,7.0,7.0,-0.29999999999999716,0
56.5,56.5,0.875,0.8591988625753333,0.0967646734044239,0.16329448412052733,0.01580113742466671,9.0,7.0,7.0,-0.29999999999999716,0
56.5,56.5,0.875,0.8591988625753333,0.0967646734044239,0.16329448412052733,0.01580113742466671,9.0,7.0,7.0,-0.5,0
56.5,56.5,0.875,0.8591988625753333,0.0967646734044239,0.16329448412052733,0.01580113742466671,9.0,7.0,7.0,-0.09999999999999432,0
57.5,57.5,0.8235294117647058,0.8677041065144007,0.10189366016496067,-0.4335372257525957,-0.04417469474969482,9.0,8.0,7.0,-0.30000000000000426,0
57.5,57.5,0.8235294117647058,0.8677041065144007,0.10189366016496067,-0.4335372257525957,-0.04417469474969482,9.0,8.0,7.0,-0.29999999999999716,0
57.5,57.5,0.8235294117647058,0.8677041065144007,0.10189366016496067,-0.4335372257525957,-0.04417469474969482,9.0,8.0,7.0,-0.29999999999999716,0
57.5,57.5,0.8235294117647058,0.8677041065144007,0.10189366016496067,-0.4335372257525957,-0.04417469474969482,9.0,8.0,7.0,-0.5,0
57.5,57.5,0.8235294117647058,0.8677041065144007,0.10189366016496067,-0.4335372257525957,-0.04417469474969482,9.0,8.0,7.0,-0.09999999999999432,0
57.5,57.5,0.8235294117647058,0.8677041065144007,0.10189366016496067,-0.4335372257525957,-0.04417469474969482,9.0,8.0,7.0,-0.3999999999999986,0
57.5,57.5,0.8235294117647058,0.8677041065144007,0.10189366016496067,-0.4335372257525957,-0.04417469474969482,9.0,8.0,7.0,-0.3999999999999986,0
58.5,58.5,0.875,0.8646368451809628,0.09419388282314221,0.11001940368564002,0.010363154819037157,9.0,7.0,7.0,-0.29999999999999716,0
58.5,58.5,0.875,0.8646368451809628,0.09419388282314221,0.11001940368564002,0.010363154819037157,9.0,7.0,7.0,-0.29999999999999716,0
58.5,58.5,0.875,0.8646368451809628,0.09419388282314221,0.11001940368564002,0.010363154819037157,9.0,7.0,7.0,-0.5,0
58.5,58.5,0.875,0.8646368451809628,0.09419388282314221,0.11001940368564002,0.010363154819037157,9.0,7.0,7.0,-0.09999999999999432,0
58.5,58.5,0.875,0.8646368451809628,0.09419388282314221,0.11001940368564002,0.010363154819037157,9.0,7.0,7.0,-0.3999999999999986,0
58.5,58.5,0.875,0.8646368451809628,0.09419388282314221,0.11001940368564002,0.010363154819037157,9.0,7.0,7.0,-0.3999999999999986,0
58.5,58.5,0.875,0.8646368451809628,0.09419388282314221,0.11001940368564002,0.010363154819037157,9.0,7.0,7.0,0.20000000000000284,0
59.5,59.5,0.875,0.856306512931513,0.10770566629078787,0.17356085071715313,0.018693487068486947,8.0,8.0,7.0,0.10000000000000142,0
59.5,59.5,0.875,0.856306512931513,0.10770566629078787,0.17356085071715313,0.018693487068486947,8.0,8.0,7.0,0.10000000000000142,0
59.5,59.5,0.875,0.856306512931513,0.10770566629078787,0.17356085071715313,0.018693487068486947,8.0,8.0,7.0,-0.09999999999999432,0
59.5,59.5,0.875,0.856306512931513,0.10770566629078787,0.17356085071715313,0.018693487068486947,8.0,8.0,7.0,-0.3999999999999986,0
59.5,59.5,0.875,0.856306512931513,0.10770566629078787,0.17356085071715313,0.018693487068486947,8.0,8.0,7.0,-0.3999999999999986,0
59.5,59.5,0.875,0.856306512931513,0.10770566629078787,0.17356085071715313,0.018693487068486947,8.0,8.0,7.0,0.20000000000000284,0
59.5,59.5,0.875,0.856306512931513,0.10770566629078787,0.17356085071715313,0.018693487068486947,8.0,8.0,7.0,-0.20000000000000284,0
60.5,60.5,0.8571428571428571,0.8560287736773032,0.10601415605962895,0.010508817944343503,0.0011140834655538612,7.0,7.0,6.0,-0.09999999999999432,0
60.5,60.5,0.8571428571428571,0.8560287736773032,0.10601415605962895,0.010508817944343503,0.0011140834655538612,7.0,7.0,6.0,-0.3999999999999986,0
60.5,60.5,0.8571428571428571,0.8560287736773032,0.10601415605962895,0.010508817944343503,0.0011140834655538612,7.0,7.0,6.0,-0.3999999999999986,0
60.5,60.5,0.8571428571428571,0.8560287736773032,0.10601415605962895,0.010508817944343503,0.0011140834655538612,7.0,7.0,6.0,0.20000000000000284,0
60.5,60.5,0.8571428571428571,0.8560287736773032,0.10601415605962895,0.010508817944343503,0.0011140834655538612,7.0,7.0,6.0,-0.20000000000000284,0
60.5,60.5,0.8571428571428571,0.8560287736773032,0.10601415605962895,0.010508817944343503,0.0011140834655538612,7.0,7.0,6.0,0.0,0
61.5,61.5,0.8571428571428571,0.8759506677962561,0.11092139852830739,-0.16955980453671604,-0.018807810653398982,6.0,8.0,6.0,0.29999999999999716,0
61.5,61.5,0.8571428571428571,0.8759506677962561,0.11092139852830739,-0.16955980453671604,-0.018807810653398982,6.0,8.0,6.0,0.10000000000000142,0
61.5,61.5,0.8571428571428571,0.8759506677962561,0.11092139852830739,-0.16955980453671604,-0.018807810653398982,6.0,8.0,6.0,0.20000000000000284,0
61.5,61.5,0.8571428571428571,0.8759506677962561,0.11092139852830739,-0.16955980453671604,-0.018807810653398982,6.0,8.0,6.0,-0.20000000000000284,0
61.5,61.5,0.8571428571428571,0.8759506677962561,0.11092139852830739,-0.16955980453671604,-0.018807810653398982,6.0,8.0,6.0,0.0,0
61.5,61.5,0.8571428571428571,0.8759506677962561,0.11092139852830739,-0.16955980453671604,-0.018807810653398982,6.0,8.0,6.0,-0.09999999999999432,0
62.5,62.5,0.7692307692307693,0.8613062258003436,0.09528993513156685,-0.9662663369688064,-0.09207545656957428,6.0,7.0,5.0,0.20000000000000284,0
62.5,62.5,0.7692307692307693,0.8613062258003436,0.09528993513156685,-0.9662663369688064,-0.09207545656957428,6.0,7.0,5.0,-0.20000000000000284,0
62.5,62.5,0.7692307692307693,0.8613062258003436,0.09528993513156685,-0.9662663369688064,-0.09207545656957428,6.0,7.0,5.0,0.0,0
62.5,62.5,0.7692307692307693,0.8613062258003436,0.09528993513156685,-0.9662663369688064,-0.09207545656957428,6.0,7.0,5.0,-0.09999999999999432,0
62.5,62.5,0.7692307692307693,0.8613062258003436,0.09528993513156685,-0.9662663369688064,-0.09207545656957428,6.0,7.0,5.0,0.09999999999999432,0
63.5,63.5,0.7692307692307693,0.8159861499611499,0.09909110196496,-0.4718423733637962,-0.04675538073038066,6.0,7.0,5.0,-0.20000000000000284,0
63.5,63.5,0.7692307692307693,0.8159861499611499,0.09909110196496,-0.4718423733637962,-0.04675538073038066,6.0,7.0,5.0,0.0,0
63.5,63.5,0.7692307692307693,0.8159861499611499,0.09909110196496,-0.4718423733637962,-0.04675538073038066,6.0,7.0,5.0,-0.09999999999999432,0
63.5,63.5,0.7692307692307693,0.8159861499611499,0.09909110196496,-0.4718423733637962,-0.04675538073038066,6.0,7.0,5.0,0.09999999999999432,0
63.5,63.5,0.7692307692307693,0.8159861499611499,0.09909110196496,-0.4718423733637962,-0.04675538073038066,6.0,7.0,5.0,-0.29999999999999716,0
64.5,64.5,0.7692307692307693,0.8141207292707293,0.08231526711788735,-0.5453418498377844,-0.04488996003996004,7.0,6.0,5.0,0.0,0
64.5,64.5,0.7692307692307693,0.8141207292707293,0.08231526711788735,-0.5453418498377844,-0.04488996003996004,7.0,6.0,5.0,-0.09999999999999432,0
64.5,64.5,0.7692307692307693,0.8141207292707293,0.08231526711788735,-0.5453418498377844,-0.04488996003996004,7.0,6.0,5.0,0.09999999999999432,0
64.5,64.5,0.7692307692307693,0.8141207292707293,0.08231526711788735,-0.5453418498377844,-0.04488996003996004,7.0,6.0,5.0,-0.29999999999999716,0
64.5,64.5,0.7692307692307693,0.8141207292707293,0.08231526711788735,-0.5453418498377844,-0.04488996003996004,7.0,6.0,5.0,-0.20000000000000284,0
65.5,65.5,0.7692307692307693,0.7993180597180598,0.0839003056142647,-0.35860763875662327,-0.03008729048729053,7.0,6.0,5.0,-0.09999999999999432,0
65.5,65.5,0.7692307692307693,0.7993180597180598,0.0839003056142647,-0.35860763875662327,-0.03008729048729053,7.0,6.0,5.0,0.09999999999999432,0
65.5,65.5,0.7692307692307693,0.7993180597180598,0.0839003056142647,-0.35860763875662327,-0.03008729048729053,7.0,6.0,5.0,-0.29999999999999716,0
65.5,65.5,0.7692307692307693,0.7993180597180598,0.0839003056142647,-0.35860763875662327,-0.03008729048729053,7.0,6.0,5.0,-0.20000000000000284,0
65.5,65.5,0.7692307692307693,0.7993180597180598,0.0839003056142647,-0.35860763875662327,-0.03008729048729053,7.0,6.0,5.0,-0.19999999999998863,0
66.5,66.5,0.8571428571428571,0.8068445276945279,0.09263909791932382,0.5429492576895806,0.05029832944832924,8.0,6.0,6.0,0.09999999999999432,0
66.5,66.5,0.8571428571428571,0.8068445276945279,0.09263909791932382,0.5429492576895806,0.05029832944832924,8.0,6.0,6.0,-0.29999999999999716,0
66.5,66.5,0.8571428571428571,0.8068445276945279,0.09263909791932382,0.5429492576895806,0.05029832944832924,8.0,6.0,6.0,-0.20000000000000284,0
66.5,66.5,0.8571428571428571,0.8068445276945279,0.09263909791932382,0.5429492576895806,0.05029832944832924,8.0,6.0,6.0,-0.19999999999998863,0
66.5,66.5,0.8571428571428571,0.8068445276945279,0.09263909791932382,0.5429492576895806,0.05029832944832924,8.0,6.0,6.0,0.0,0
66.5,66.5,0.8571428571428571,0.8068445276945279,0.09263909791932382,0.5429492576895806,0.05029832944832924,8.0,6.0,6.0,-0.20000000000000284,0
67.5,67.5,0.8,0.8016051726051727,0.08534120982328079,-0.01880888035799549,-0.0016051726051726778,9.0,6.0,6.0,-0.29999999999999716,0
67.5,67.5,0.8,0.8016051726051727,0.08534120982328079,-0.01880888035799549,-0.0016051726051726778,9.0,6.0,6.0,-0.20000000000000284,0
67.5,67.5,0.8,0.8016051726051727,0.08534120982328079,-0.01880888035799549,-0.0016051726051726778,9.0,6.0,6.0,-0.19999999999998863,0
67.5,67.5,0.8,0.8016051726051727,0.08534120982328079,-0.01880888035799549,-0.0016051726051726778,9.0,6.0,6.0,0.0,0
67.5,67.5,0.8,0.8016051726051727,0.08534120982328079,-0.01880888035799549,-0.0016051726051726778,9.0,6.0,6.0,-0.20000000000000284,0
67.5,67.5,0.8,0.8016051726051727,0.08534120982328079,-0.01880888035799549,-0.0016051726051726778,9.0,6.0,6.0,-0.30000000000001137,0
68.5,68.5,1.0,0.8867845708213355,0.10169385657000035,1.113296643448007,0.11321542917866445,8.0,8.0,8.0,0.20000000000000284,0
68.5,68.5,1.0,0.8867845708213355,0.10169385657000035,1.113296643448007,0.11321542917866445,8.0,8.0,8.0,-0.20000000000000284,0
68.5,68.5,1.0,0.8867845708213355,0.10169385657000035,1.113296643448007,0.11321542917866445,8.0,8.0,8.0,-0.19999999999998863,0
68.5,68.5,1.0,0.8867845708213355,0.10169385657000035,1.113296643448007,0.11321542917866445,8.0,8.0,8.0,0.0,0
68.5,68.5,1.0,0.8867845708213355,0.10169385657000035,1.113296643448007,0.11321542917866445,8.0,8.0,8.0,-0.20000000000000284,0
68.5,68.5,1.0,0.8867845708213355,0.10169385657000035,1.113296643448007,0.11321542917866445,8.0,8.0,8.0,-0.30000000000001137,0
68.5,68.5,1.0,0.8867845708213355,0.10169385657000035,1.113296643448007,0.11321542917866445,8.0,8.0,8.0,-0.3999999999999915,0
68.5,68.5,1.0,0.8867845708213355,0.10169385657000035,1.113296643448007,0.11321542917866445,8.0,8.0,8.0,-0.20000000000000284,0
69.5,69.5,0.9333333333333333,0.8572959643297879,0.10036923616985571,0.7575764437906722,0.07603736900354541,8.0,7.0,7.0,-0.19999999999998863,0
69.5,69.5,0.9333333333333333,0.8572959643297879,0.10036923616985571,0.7575764437906722,0.07603736900354541,8.0,7.0,7.0,0.0,0
69.5,69.5,0.9333333333333333,0.8572959643297879,0.10036923616985571,0.7575764437906722,0.07603736900354541,8.0,7.0,7.0,-0.20000000000000284,0
69.5,69.5,0.9333333333333333,0.8572959643297879,0.10036923616985571,0.7575764437906722,0.07603736900354541,8.0,7.0,7.0,-0.30000000000001137,0
69.5,69.5,0.9333333333333333,0.8572959643297879,0.10036923616985571,0.7575764437906722,0.07603736900354541,8.0,7.0,7.0,-0.3999999999999915,0
69.5,69.5,0.9333333333333333,0.8572959643297879,0.10036923616985571,0.7575764437906722,0.07603736900354541,8.0,7.0,7.0,-0.20000000000000284,0
69.5,69.5,0.9333333333333333,0.8572959643297879,0.10036923616985571,0.7575764437906722,0.07603736900354541,8.0,7.0,7.0,-0.20000000000000284,0
70.5,70.5,0.8571428571428571,0.7558840770340771,0.1134422895431736,0.8926016965678671,0.10125878010877998,8.0,6.0,6.0,0.0,0
70.5,70.5,0.8571428571428571,0.7558840770340771,0.1134422895431736,0.8926016965678671,0.10125878010877998,8.0,6.0,6.0,-0.20000000000000284,0
70.5,70.5,0.8571428571428571,0.7558840770340771,0.1134422895431736,0.8926016965678671,0.10125878010877998,8.0,6.0,6.0,-0.30000000000001137,0
70.5,70.5,0.8571428571428571,0.7558840770340771,0.1134422895431736,0.8926016965678671,0.10125878010877998,8.0,6.0,6.0,-0.3999999999999915,0
70.5,70.5,0.8571428571428571,0.7558840770340771,0.1134422895431736,0.8926016965678671,0.10125878010877998,8.0,6.0,6.0,-0.20000000000000284,0
70.5,70.5,0.8571428571428571,0.7558840770340771,0.1134422895431736,0.8926016965678671,0.10125878010877998,8.0,6.0,6.0,-0.20000000000000284,0
71.5,71.5,0.6666666666666666,0.7298857642357642,0.08888204635773388,-0.711269600101829,-0.0632190975690976,7.0,5.0,4.0,-0.30000000000001137,0
71.5,71.5,0.6666666666666666,0.7298857642357642,0.08888204635773388,-0.711269600101829,-0.0632190975690976,7.0,5.0,4.0,-0.3999999999999915,0
71.5,71.5,0.6666666666666666,0.7298857642357642,0.08888204635773388,-0.711269600101829,-0.0632190975690976,7.0,5.0,4.0,-0.20000000000000284,0
71.5,71.5,0.6666666666666666,0.7298857642357642,0.08888204635773388,-0.711269600101829,-0.0632190975690976,7.0,5.0,4.0,-0.20000000000000284,0
72.5,72.5,0.6666666666666666,0.7520395937395938,0.09269307685217537,-0.9210280850756292,-0.08537292707292721,6.0,6.0,4.0,-0.20000000000000284,0
72.5,72.5,0.6666666666666666,0.7520395937395938,0.09269307685217537,-0.9210280850756292,-0.08537292707292721,6.0,6.0,4.0,-0.20000000000000284,0
72.5,72.5,0.6666666666666666,0.7520395937395938,0.09269307685217537,-0.9210280850756292,-0.08537292707292721,6.0,6.0,4.0,-0.3999999999999915,0
72.5,72.5,0.6666666666666666,0.7520395937395938,0.09269307685217537,-0.9210280850756292,-0.08537292707292721,6.0,6.0,4.0,-0.5,0
73.5,73.5,0.7272727272727273,0.7416626651126652,0.08285483784639866,-0.17367649510840705,-0.014389937839937916,6.0,5.0,4.0,-0.20000000000000284,0
73.5,73.5,0.7272727272727273,0.7416626651126652,0.08285483784639866,-0.17367649510840705,-0.014389937839937916,6.0,5.0,4.0,-0.3999999999999915,0
73.5,73.5,0.7272727272727273,0.7416626651126652,0.08285483784639866,-0.17367649510840705,-0.014389937839937916,6.0,5.0,4.0,-0.5,0
73.5,73.5,0.7272727272727273,0.7416626651126652,0.08285483784639866,-0.17367649510840705,-0.014389937839937916,6.0,5.0,4.0,-0.09999999999999432,0
74.5,74.5,0.6,0.7927258852258853,0.10348562082862676,-1.862344581621067,-0.1927258852258853,4.0,6.0,3.0,-0.3999999999999915,0
74.5,74.5,0.6,0.7927258852258853,0.10348562082862676,-1.862344581621067,-0.1927258852258853,4.0,6.0,3.0,-0.5,0
74.5,74.5,0.6,0.7927258852258853,0.10348562082862676,-1.862344581621067,-0.1927258852258853,4.0,6.0,3.0,-0.09999999999999432,0
75.5,75.5,0.6666666666666666,0.8746462645197939,0.1080157834868192,-1.925455624533856,-0.20797959785312725,4.0,8.0,4.0,-0.3999999999999915,0
75.5,75.5,0.6666666666666666,0.8746462645197939,0.1080157834868192,-1.925455624533856,-0.20797959785312725,4.0,8.0,4.0,-0.5,0
75.5,75.5,0.6666666666666666,0.8746462645197939,0.1080157834868192,-1.925455624533856,-0.20797959785312725,4.0,8.0,4.0,-0.09999999999999432,0
75.5,75.5,0.6666666666666666,0.8746462645197939,0.1080157834868192,-1.925455624533856,-0.20797959785312725,4.0,8.0,4.0,-0.20000000000000284,0
76.5,76.5,0.7692307692307693,0.8725745972981267,0.11086626263092213,-0.9321485690501973,-0.10334382806735742,5.0,8.0,5.0,0.30000000000001137,0
76.5,76.5,0.7692307692307693,0.8725745972981267,0.11086626263092213,-0.9321485690501973,-0.10334382806735742,5.0,8.0,5.0,-0.09999999999999432,0
76.5,76.5,0.7692307692307693,0.8725745972981267,0.11086626263092213,-0.9321485690501973,-0.10334382806735742,5.0,8.0,5.0,-0.20000000000000284,0
76.5,76.5,0.7692307692307693,0.8725745972981267,0.11086626263092213,-0.9321485690501973,-0.10334382806735742,5.0,8.0,5.0,0.20000000000000284,0
76.5,76.5,0.7692307692307693,0.8725745972981267,0.11086626263092213,-0.9321485690501973,-0.10334382806735742,5.0,8.0,5.0,0.10000000000000853,0
77.5,77.5,0.7692307692307693,0.87353889101095,0.11467480310675658,-0.9095993099990323,-0.10430812178018067,5.0,8.0,5.0,-0.09999999999999432,0
77.5,77.5,0.7692307692307693,0.87353889101095,0.11467480310675658,-0.9095993099990323,-0.10430812178018067,5.0,8.0,5.0,-0.20000000000000284,0
77.5,77.5,0.7692307692307693,0.87353889101095,0.11467480310675658,-0.9095993099990323,-0.10430812178018067,5.0,8.0,5.0,0.20000000000000284,0
77.5,77.5,0.7692307692307693,0.87353889101095,0.11467480310675658,-0.9095993099990323,-0.10430812178018067,5.0,8.0,5.0,0.10000000000000853,0
77.5,77.5,0.7692307692307693,0.87353889101095,0.11467480310675658,-0.9095993099990323,-0.10430812178018067,5.0,8.0,5.0,0.20000000000000284,0
78.5,78.5,0.8,0.8676007675588946,0.12291006829906025,-0.5500018712414255,-0.06760076755889455,6.0,9.0,6.0,-0.20000000000000284,0
78.5,78.5,0.8,0.8676007675588946,0.12291006829906025,-0.5500018712414255,-0.06760076755889455,6.0,9.0,6.0,0.20000000000000284,0
78.5,78.5,0.8,0.8676007675588946,0.12291006829906025,-0.5500018712414255,-0.06760076755889455,6.0,9.0,6.0,0.10000000000000853,0
78.5,78.5,0.8,0.8676007675588946,0.12291006829906025,-0.5500018712414255,-0.06760076755889455,6.0,9.0,6.0,0.20000000000000284,0
78.5,78.5,0.8,0.8676007675588946,0.12291006829906025,-0.5500018712414255,-0.06760076755889455,6.0,9.0,6.0,-0.20000000000000284,0
78.5,78.5,0.8,0.8676007675588946,0.12291006829906025,-0.5500018712414255,-0.06760076755889455,6.0,9.0,6.0,-0.09999999999999432,0
79.5,79.5,0.9333333333333333,0.8750417469785118,0.11427187319505532,0.5101131601765316,0.05829158635482157,7.0,8.0,7.0,-0.20000000000000284,0
79.5,79.5,0.9333333333333333,0.8750417469785118,0.11427187319505532,0.5101131601765316,0.05829158635482157,7.0,8.0,7.0,0.20000000000000284,0
79.5,79.5,0.9333333333333333,0.8750417469785118,0.11427187319505532,0.5101131601765316,0.05829158635482157,7.0,8.0,7.0,0.10000000000000853,0
79.5,79.5,0.9333333333333333,0.8750417469785118,0.11427187319505532,0.5101131601765316,0.05829158635482157,7.0,8.0,7.0,0.20000000000000284,0
79.5,79.5,0.9333333333333333,0.8750417469785118,0.11427187319505532,0.5101131601765316,0.05829158635482157,7.0,8.0,7.0,-0.20000000000000284,0
79.5,79.5,0.9333333333333333,0.8750417469785118,0.11427187319505532,0.5101131601765316,0.05829158635482157,7.0,8.0,7.0,-0.09999999999999432,0
79.5,79.5,0.9333333333333333,0.8750417469785118,0.11427187319505532,0.5101131601765316,0.05829158635482157,7.0,8.0,7.0,-0.09999999999999432,0
80.5,80.5,0.9411764705882353,0.8702297955999968,0.12504748214178849,0.5673578849655978,0.07094667498823848,8.0,9.0,8.0,0.20000000000000284,0
80.5,80.5,0.9411764705882353,0.8702297955999968,0.12504748214178849,0.5673578849655978,0.07094667498823848,8.0,9.0,8.0,0.10000000000000853,0
80.5,80.5,0.9411764705882353,0.8702297955999968,0.12504748214178849,0.5673578849655978,0.07094667498823848,8.0,9.0,8.0,0.20000000000000284,0
80.5,80.5,0.9411764705882353,0.8702297955999968,0.12504748214178849,0.5673578849655978,0.07094667498823848,8.0,9.0,8.0,-0.20000000000000284,0
80.5,80.5,0.9411764705882353,0.8702297955999968,0.12504748214178849,0.5673578849655978,0.07094667498823848,8.0,9.0,8.0,-0.09999999999999432,0
80.5,80.5,0.9411764705882353,0.8702297955999968,0.12504748214178849,0.5673578849655978,0.07094667498823848,8.0,9.0,8.0,-0.09999999999999432,0
80.5,80.5,0.9411764705882353,0.8702297955999968,0.12504748214178849,0.5673578849655978,0.07094667498823848,8.0,9.0,8.0,0.0,0
80.5,80.5,0.9411764705882353,0.8702297955999968,0.12504748214178849,0.5673578849655978,0.07094667498823848,8.0,9.0,8.0,-0.09999999999999432,0
81.5,81.5,0.875,0.8844868143724182,0.12208349909541406,-0.07770758900843565,-0.009486814372418162,7.0,9.0,7.0,0.20000000000000284,0
81.5,81.5,0.875,0.8844868143724182,0.12208349909541406,-0.07770758900843565,-0.009486814372418162,7.0,9.0,7.0,-0.20000000000000284,0
81.5,81.5,0.875,0.8844868143724182,0.12208349909541406,-0.07770758900843565,-0.009486814372418162,7.0,9.0,7.0,-0.09999999999999432,0
81.5,81.5,0.875,0.8844868143724182,0.12208349909541406,-0.07770758900843565,-0.009486814372418162,7.0,9.0,7.0,-0.09999999999999432,0
81.5,81.5,0.875,0.8844868143724182,0.12208349909541406,-0.07770758900843565,-0.009486814372418162,7.0,9.0,7.0,0.0,0
81.5,81.5,0.875,0.8844868143724182,0.12208349909541406,-0.07770758900843565,-0.009486814372418162,7.0,9.0,7.0,-0.09999999999999432,0
81.5,81.5,0.875,0.8844868143724182,0.12208349909541406,-0.07770758900843565,-0.009486814372418162,7.0,9.0,7.0,0.10000000000000853,0
82.5,82.5,0.875,0.833674702997381,0.11474501374943784,0.36014895682402986,0.041325297002619,7.0,9.0,7.0,-0.20000000000000284,0
82.5,82.5,0.875,0.833674702997381,0.11474501374943784,0.36014895682402986,0.041325297002619,7.0,9.0,7.0,-0.09999999999999432,0
82.5,82.5,0.875,0.833674702997381,0.11474501374943784,0.36014895682402986,0.041325297002619,7.0,9.0,7.0,-0.09999999999999432,0
82.5,82.5,0.875,0.833674702997381,0.11474501374943784,0.36014895682402986,0.041325297002619,7.0,9.0,7.0,0.0,0
82.5,82.5,0.875,0.833674702997381,0.11474501374943784,0.36014895682402986,0.041325297002619,7.0,9.0,7.0,-0.09999999999999432,0
82.5,82.5,0.875,0.833674702997381,0.11474501374943784,0.36014895682402986,0.041325297002619,7.0,9.0,7.0,0.10000000000000853,0
82.5,82.5,0.875,0.833674702997381,0.11474501374943784,0.36014895682402986,0.041325297002619,7.0,9.0,7.0,0.19999999999998863,0
83.5,83.5,0.8571428571428571,0.8080504244121891,0.11711557713233597,0.4191793605319938,0.04909243273066799,6.0,8.0,6.0,-0.09999999999999432,0
83.5,83.5,0.8571428571428571,0.8080504244121891,0.11711557713233597,0.4191793605319938,0.04909243273066799,6.0,8.0,6.0,0.0,0
83.5,83.5,0.8571428571428571,0.8080504244121891,0.11711557713233597,0.4191793605319938,0.04909243273066799,6.0,8.0,6.0,-0.09999999999999432,0
83.5,83.5,0.8571428571428571,0.8080504244121891,0.11711557713233597,0.4191793605319938,0.04909243273066799,6.0,8.0,6.0,0.10000000000000853,0
83.5,83.5,0.8571428571428571,0.8080504244121891,0.11711557713233597,0.4191793605319938,0.04909243273066799,6.0,8.0,6.0,0.19999999999998863,0
83.5,83.5,0.8571428571428571,0.8080504244121891,0.11711557713233597,0.4191793605319938,0.04909243273066799,6.0,8.0,6.0,0.10000000000000853,0
84.5,84.5,0.7692307692307693,0.7195364746364746,0.123031160421024,0.40391632838572095,0.04969429459429464,7.0,6.0,5.0,0.0,0
84.5,84.5,0.7692307692307693,0.7195364746364746,0.123031160421024,0.40391632838572095,0.04969429459429464,7.0,6.0,5.0,-0.09999999999999432,0
84.5,84.5,0.7692307692307693,0.7195364746364746,0.123031160421024,0.40391632838572095,0.04969429459429464,7.0,6.0,5.0,0.10000000000000853,0
84.5,84.5,0.7692307692307693,0.7195364746364746,0.123031160421024,0.40391632838572095,0.04969429459429464,7.0,6.0,5.0,0.19999999999998863,0
84.5,84.5,0.7692307692307693,0.7195364746364746,0.123031160421024,0.40391632838572095,0.04969429459429464,7.0,6.0,5.0,0.10000000000000853,0
85.5,85.5,0.6666666666666666,0.6965081862581862,0.1051476771939053,-0.2838057899889519,-0.029841519591519594,7.0,5.0,4.0,0.10000000000000853,0
85.5,85.5,0.6666666666666666,0.6965081862581862,0.1051476771939053,-0.2838057899889519,-0.029841519591519594,7.0,5.0,4.0,0.19999999999998863,0
85.5,85.5,0.6666666666666666,0.6965081862581862,0.1051476771939053,-0.2838057899889519,-0.029841519591519594,7.0,5.0,4.0,0.10000000000000853,0
85.5,85.5,0.6666666666666666,0.6965081862581862,0.1051476771939053,-0.2838057899889519,-0.029841519591519594,7.0,5.0,4.0,-0.3999999999999915,0
86.5,86.5,0.6666666666666666,0.6479809579309579,0.08332714683050291,0.22424515234774137,0.01868570873570874,8.0,4.0,4.0,-0.4000000000000057,0
86.5,86.5,0.6666666666666666,0.6479809579309579,0.08332714683050291,0.22424515234774137,0.01868570873570874,8.0,4.0,4.0,0.10000000000000853,0
86.5,86.5,0.6666666666666666,0.6479809579309579,0.08332714683050291,0.22424515234774137,0.01868570873570874,8.0,4.0,4.0,-0.3999999999999915,0
86.5,86.5,0.6666666666666666,0.6479809579309579,0.08332714683050291,0.22424515234774137,0.01868570873570874,8.0,4.0,4.0,-0.19999999999998863,0
87.5,87.5,0.7142857142857143,0.720916378066378,0.08993193675312383,-0.07372980078107083,-0.0066306637806636815,9.0,5.0,5.0,0.10000000000000853,0
87.5,87.5,0.7142857142857143,0.720916378066378,0.08993193675312383,-0.07372980078107083,-0.0066306637806636815,9.0,5.0,5.0,-0.3999999999999915,0
87.5,87.5,0.7142857142857143,0.720916378066378,0.08993193675312383,-0.07372980078107083,-0.0066306637806636815,9.0,5.0,5.0,-0.19999999999998863,0
87.5,87.5,0.7142857142857143,0.720916378066378,0.08993193675312383,-0.07372980078107083,-0.0066306637806636815,9.0,5.0,5.0,-0.29999999999999716,0
87.5,87.5,0.7142857142857143,0.720916378066378,0.08993193675312383,-0.07372980078107083,-0.0066306637806636815,9.0,5.0,5.0,-0.29999999999999716,0
88.5,88.5,0.75,0.7699247752247752,0.10895789277184564,-0.1828667452893665,-0.019924775224775204,10.0,6.0,6.0,-0.3999999999999915,0
88.5,88.5,0.75,0.7699247752247752,0.10895789277184564,-0.1828667452893665,-0.019924775224775204,10.0,6.0,6.0,-0.19999999999998863,0
88.5,88.5,0.75,0.7699247752247752,0.10895789277184564,-0.1828667452893665,-0.019924775224775204,10.0,6.0,6.0,-0.29999999999999716,0
88.5,88.5,0.75,0.7699247752247752,0.10895789277184564,-0.1828667452893665,-0.019924775224775204,10.0,6.0,6.0,-0.29999999999999716,0
88.5,88.5,0.75,0.7699247752247752,0.10895789277184564,-0.1828667452893665,-0.019924775224775204,10.0,6.0,6.0,-0.3999999999999915,0
88.5,88.5,0.75,0.7699247752247752,0.10895789277184564,-0.1828667452893665,-0.019924775224775204,10.0,6.0,6.0,-0.4000000000000057,0
89.5,89.5,0.8235294117647058,0.8411566614757793,0.10202646111537063,-0.1727713528271915,-0.017627249711073434,10.0,7.0,7.0,0.20000000000000284,0
89.5,89.5,0.8235294117647058,0.8411566614757793,0.10202646111537063,-0.1727713528271915,-0.017627249711073434,10.0,7.0,7.0,-0.19999999999998863,0
89.5,89.5,0.8235294117647058,0.8411566614757793,0.10202646111537063,-0.1727713528271915,-0.017627249711073434,10.0,7.0,7.0,-0.29999999999999716,0
89.5,89.5,0.8235294117647058,0.8411566614757793,0.10202646111537063,-0.1727713528271915,-0.017627249711073434,10.0,7.0,7.0,-0.29999999999999716,0
89.5,89.5,0.8235294117647058,0.8411566614757793,0.10202646111537063,-0.1727713528271915,-0.017627249711073434,10.0,7.0,7.0,-0.3999999999999915,0
89.5,89.5,0.8235294117647058,0.8411566614757793,0.10202646111537063,-0.1727713528271915,-0.017627249711073434,10.0,7.0,7.0,-0.4000000000000057,0
89.5,89.5,0.8235294117647058,0.8411566614757793,0.10202646111537063,-0.1727713528271915,-0.017627249711073434,10.0,7.0,7.0,-0.09999999999999432,0
90.5,90.5,0.8888888888888888,0.8831575578016756,0.12035383563767361,0.0476206766227831,0.005731331087213243,10.0,8.0,8.0,0.20000000000000284,0
90.5,90.5,0.8888888888888888,0.8831575578016756,0.12035383563767361,0.0476206766227831,0.005731331087213243,10.0,8.0,8.0,-0.29999999999999716,0
90.5,90.5,0.8888888888888888,0.8831575578016756,0.12035383563767361,0.0476206766227831,0.005731331087213243,10.0,8.0,8.0,-0.29999999999999716,0
90.5,90.5,0.8888888888888888,0.8831575578016756,0.12035383563767361,0.0476206766227831,0.005731331087213243,10.0,8.0,8.0,-0.3999999999999915,0
90.5,90.5,0.8888888888888888,0.8831575578016756,0.12035383563767361,0.0476206766227831,0.005731331087213243,10.0,8.0,8.0,-0.4000000000000057,0
90.5,90.5,0.8888888888888888,0.8831575578016756,0.12035383563767361,0.0476206766227831,0.005731331087213243,10.0,8.0,8.0,-0.09999999999999432,0
90.5,90.5,0.8888888888888888,0.8831575578016756,0.12035383563767361,0.0476206766227831,0.005731331087213243,10.0,8.0,8.0,-0.09999999999999432,0
90.5,90.5,0.8888888888888888,0.8831575578016756,0.12035383563767361,0.0476206766227831,0.005731331087213243,10.0,8.0,8.0,-0.29999999999999716,0
91.5,91.5,0.9411764705882353,0.87142320653203,0.13163052389026572,0.5299170890967156,0.0697532640562053,8.0,9.0,8.0,0.20000000000000284,0
91.5,91.5,0.9411764705882353,0.87142320653203,0.13163052389026572,0.5299170890967156,0.0697532640562053,8.0,9.0,8.0,0.20000000000000284,0
91.5,91.5,0.9411764705882353,0.87142320653203,0.13163052389026572,0.5299170890967156,0.0697532640562053,8.0,9.0,8.0,0.20000000000000284,0
91.5,91.5,0.9411764705882353,0.87142320653203,0.13163052389026572,0.5299170890967156,0.0697532640562053,8.0,9.0,8.0,0.09999999999999432,0
91.5,91.5,0.9411764705882353,0.87142320653203,0.13163052389026572,0.5299170890967156,0.0697532640562053,8.0,9.0,8.0,-0.09999999999999432,0
91.5,91.5,0.9411764705882353,0.87142320653203,0.13163052389026572,0.5299170890967156,0.0697532640562053,8.0,9.0,8.0,-0.09999999999999432,0
91.5,91.5,0.9411764705882353,0.87142320653203,0.13163052389026572,0.5299170890967156,0.0697532640562053,8.0,9.0,8.0,-0.29999999999999716,0
91.5,91.5,0.9411764705882353,0.87142320653203,0.13163052389026572,0.5299170890967156,0.0697532640562053,8.0,9.0,8.0,-0.4000000000000057,0
92.5,92.5,0.8,0.875560117539839,0.13291136757973254,-0.5685000381514469,-0.07556011753983893,6.0,9.0,6.0,0.20000000000000284,0
92.5,92.5,0.8,0.875560117539839,0.13291136757973254,-0.5685000381514469,-0.07556011753983893,6.0,9.0,6.0,0.09999999999999432,0
92.5,92.5,0.8,0.875560117539839,0.13291136757973254,-0.5685000381514469,-0.07556011753983893,6.0,9.0,6.0,-0.09999999999999432,0
92.5,92.5,0.8,0.875560117539839,0.13291136757973254,-0.5685000381514469,-0.07556011753983893,6.0,9.0,6.0,-0.09999999999999432,0
92.5,92.5,0.8,0.875560117539839,0.13291136757973254,-0.5685000381514469,-0.07556011753983893,6.0,9.0,6.0,-0.29999999999999716,0
92.5,92.5,0.8,0.875560117539839,0.13291136757973254,-0.5685000381514469,-0.07556011753983893,6.0,9.0,6.0,-0.4000000000000057,0
93.5,93.5,0.7142857142857143,0.8711833101538985,0.12452732984712456,-1.259945074392897,-0.1568975958681842,6.0,8.0,5.0,-0.09999999999999432,0
93.5,93.5,0.7142857142857143,0.8711833101538985,0.12452732984712456,-1.259945074392897,-0.1568975958681842,6.0,8.0,5.0,-0.09999999999999432,0
93.5,93.5,0.7142857142857143,0.8711833101538985,0.12452732984712456,-1.259945074392897,-0.1568975958681842,6.0,8.0,5.0,-0.29999999999999716,0
93.5,93.5,0.7142857142857143,0.8711833101538985,0.12452732984712456,-1.259945074392897,-0.1568975958681842,6.0,8.0,5.0,-0.4000000000000057,0
93.5,93.5,0.7142857142857143,0.8711833101538985,0.12452732984712456,-1.259945074392897,-0.1568975958681842,6.0,8.0,5.0,-0.20000000000000284,0
94.5,94.5,0.7142857142857143,0.8750467167851069,0.11941194503207689,-1.3462723721333607,-0.16076100249939262,5.0,9.0,5.0,-0.09999999999999432,0
94.5,94.5,0.7142857142857143,0.8750467167851069,0.11941194503207689,-1.3462723721333607,-0.16076100249939262,5.0,9.0,5.0,-0.29999999999999716,0
94.5,94.5,0.7142857142857143,0.8750467167851069,0.11941194503207689,-1.3462723721333607,-0.16076100249939262,5.0,9.0,5.0,-0.4000000000000057,0
94.5,94.5,0.7142857142857143,0.8750467167851069,0.11941194503207689,-1.3462723721333607,-0.16076100249939262,5.0,9.0,5.0,-0.20000000000000284,0
94.5,94.5,0.7142857142857143,0.8750467167851069,0.11941194503207689,-1.3462723721333607,-0.16076100249939262,5.0,9.0,5.0,-0.10000000000000853,0
95.5,95.5,0.6666666666666666,0.8645402778593956,0.1106279264392318,-1.7886406946389022,-0.19787361119272895,4.0,8.0,4.0,-0.4000000000000057,0
95.5,95.5,0.6666666666666666,0.8645402778593956,0.1106279264392318,-1.7886406946389022,-0.19787361119272895,4.0,8.0,4.0,-0.20000000000000284,0
95.5,95.5,0.6666666666666666,0.8645402778593956,0.1106279264392318,-1.7886406946389022,-0.19787361119272895,4.0,8.0,4.0,-0.10000000000000853,0
95.5,95.5,0.6666666666666666,0.8645402778593956,0.1106279264392318,-1.7886406946389022,-0.19787361119272895,4.0,8.0,4.0,-0.20000000000000284,0
96.5,96.5,0.5454545454545454,0.7749191475191475,0.10743977523760226,-2.135750950308141,-0.22946460206460206,5.0,6.0,3.0,-0.20000000000000284,0
96.5,96.5,0.5454545454545454,0.7749191475191475,0.10743977523760226,-2.135750950308141,-0.22946460206460206,5.0,6.0,3.0,-0.10000000000000853,0
96.5,96.5,0.5454545454545454,0.7749191475191475,0.10743977523760226,-2.135750950308141,-0.22946460206460206,5.0,6.0,3.0,-0.20000000000000284,0
97.5,97.5,0.6153846153846154,0.7164346375846375,0.09896814680353738,-1.0210358126702876,-0.10105002220002213,7.0,6.0,4.0,-0.20000000000000284,0
97.5,97.5,0.6153846153846154,0.7164346375846375,0.09896814680353738,-1.0210358126702876,-0.10105002220002213,7.0,6.0,4.0,-0.10000000000000853,0
97.5,97.5,0.6153846153846154,0.7164346375846375,0.09896814680353738,-1.0210358126702876,-0.10105002220002213,7.0,6.0,4.0,-0.20000000000000284,0
97.5,97.5,0.6153846153846154,0.7164346375846375,0.09896814680353738,-1.0210358126702876,-0.10105002220002213,7.0,6.0,4.0,-0.29999999999999716,0
98.5,98.5,0.6153846153846154,0.7620277222777224,0.09331854713688395,-1.5714250959994494,-0.146643106893107,7.0,6.0,4.0,-0.10000000000000853,0
98.5,98.5,0.6153846153846154,0.7620277222777224,0.09331854713688395,-1.5714250959994494,-0.146643106893107,7.0,6.0,4.0,-0.20000000000000284,0
98.5,98.5,0.6153846153846154,0.7620277222777224,0.09331854713688395,-1.5714250959994494,-0.146643106893107,7.0,6.0,4.0,-0.29999999999999716,0
98.5,98.5,0.6153846153846154,0.7620277222777224,0.09331854713688395,-1.5714250959994494,-0.146643106893107,7.0,6.0,4.0,-0.5,0
99.5,99.5,0.7692307692307693,0.7357674880674882,0.09001129405711619,0.37176758221081874,0.03346328116328112,8.0,5.0,5.0,-0.20000000000000284,0
99.5,99.5,0.7692307692307693,0.7357674880674882,0.09001129405711619,0.37176758221081874,0.03346328116328112,8.0,5.0,5.0,-0.29999999999999716,0
99.5,99.5,0.7692307692307693,0.7357674880674882,0.09001129405711619,0.37176758221081874,0.03346328116328112,8.0,5.0,5.0,-0.5,0
99.5,99.5,0.7692307692307693,0.7357674880674882,0.09001129405711619,0.37176758221081874,0.03346328116328112,8.0,5.0,5.0,0.20000000000000284,0
99.5,99.5,0.7692307692307693,0.7357674880674882,0.09001129405711619,0.37176758221081874,0.03346328116328112,8.0,5.0,5.0,0.0,0
100.5,100.5,0.7142857142857143,0.7301532023532025,0.0968277752842365,-0.16387331032763472,-0.015867488067488167,9.0,5.0,5.0,-0.29999999999999716,0
100.5,100.5,0.7142857142857143,0.7301532023532025,0.0968277752842365,-0.16387331032763472,-0.015867488067488167,9.0,5.0,5.0,-0.5,0
100.5,100.5,0.7142857142857143,0.7301532023532025,0.0968277752842365,-0.16387331032763472,-0.015867488067488167,9.0,5.0,5.0,0.20000000000000284,0
100.5,100.5,0.7142857142857143,0.7301532023532025,0.0968277752842365,-0.16387331032763472,-0.015867488067488167,9.0,5.0,5.0,0.0,0
100.5,100.5,0.7142857142857143,0.7301532023532025,0.0968277752842365,-0.16387331032763472,-0.015867488067488167,9.0,5.0,5.0,-0.30000000000001137,0
101.5,101.5,0.875,0.8587598920687157,0.09313517884619175,0.1743713614176232,0.016240107931284276,9.0,7.0,7.0,-0.29999999999999716,0
101.5,101.5,0.875,0.8587598920687157,0.09313517884619175,0.1743713614176232,0.016240107931284276,9.0,7.0,7.0,-0.5,0
101.5,101.5,0.875,0.8587598920687157,0.09313517884619175,0.1743713614176232,0.016240107931284276,9.0,7.0,7.0,0.20000000000000284,0
101.5,101.5,0.875,0.8587598920687157,0.09313517884619175,0.1743713614176232,0.016240107931284276,9.0,7.0,7.0,0.0,0
101.5,101.5,0.875,0.8587598920687157,0.09313517884619175,0.1743713614176232,0.016240107931284276,9.0,7.0,7.0,-0.30000000000001137,0
101.5,101.5,0.875,0.8587598920687157,0.09313517884619175,0.1743713614176232,0.016240107931284276,9.0,7.0,7.0,-0.5,0
101.5,101.5,0.875,0.8587598920687157,0.09313517884619175,0.1743713614176232,0.016240107931284276,9.0,7.0,7.0,-0.29999999999999716,0
102.5,102.5,0.875,0.8616910068689481,0.09229867707196719,0.14419484171668723,0.013308993131051938,9.0,7.0,7.0,0.0,0
102.5,102.5,0.875,0.8616910068689481,0.09229867707196719,0.14419484171668723,0.013308993131051938,9.0,7.0,7.0,0.20000000000000284,0
102.5,102.5,0.875,0.8616910068689481,0.09229867707196719,0.14419484171668723,0.013308993131051938,9.0,7.0,7.0,0.0,0
102.5,102.5,0.875,0.8616910068689481,0.09229867707196719,0.14419484171668723,0.013308993131051938,9.0,7.0,7.0,-0.30000000000001137,0
102.5,102.5,0.875,0.8616910068689481,0.09229867707196719,0.14419484171668723,0.013308993131051938,9.0,7.0,7.0,-0.5,0
102.5,102.5,0.875,0.8616910068689481,0.09229867707196719,0.14419484171668723,0.013308993131051938,9.0,7.0,7.0,-0.29999999999999716,0
102.5,102.5,0.875,0.8616910068689481,0.09229867707196719,0.14419484171668723,0.013308993131051938,9.0,7.0,7.0,-0.4000000000000057,0
103.5,103.5,0.9411764705882353,0.8651676991309345,0.10382293017785191,0.7321000411671622,0.07600877145730078,9.0,8.0,8.0,0.20000000000000284,0
103.5,103.5,0.9411764705882353,0.8651676991309345,0.10382293017785191,0.7321000411671622,0.07600877145730078,9.0,8.0,8.0,0.0,0
103.5,103.5,0.9411764705882353,0.8651676991309345,0.10382293017785191,0.7321000411671622,0.07600877145730078,9.0,8.0,8.0,-0.30000000000001137,0
103.5,103.5,0.9411764705882353,0.8651676991309345,0.10382293017785191,0.7321000411671622,0.07600877145730078,9.0,8.0,8.0,-0.5,0
103.5,103.5,0.9411764705882353,0.8651676991309345,0.10382293017785191,0.7321000411671622,0.07600877145730078,9.0,8.0,8.0,-0.29999999999999716,0
103.5,103.5,0.9411764705882353,0.8651676991309345,0.10382293017785191,0.7321000411671622,0.07600877145730078,9.0,8.0,8.0,-0.4000000000000057,0
103.5,103.5,0.9411764705882353,0.8651676991309345,0.10382293017785191,0.7321000411671622,0.07600877145730078,9.0,8.0,8.0,-0.5,0
103.5,103.5,0.9411764705882353,0.8651676991309345,0.10382293017785191,0.7321000411671622,0.07600877145730078,9.0,8.0,8.0,-0.4000000000000057,0
104.5,104.5,0.875,0.8654995385333621,0.08838616874374643,0.10748810138136053,0.009500461466637855,9.0,7.0,7.0,-0.30000000000001137,0
104.5,104.5,0.875,0.8654995385333621,0.08838616874374643,0.10748810138136053,0.009500461466637855,9.0,7.0,7.0,-0.5,0
104.5,104.5,0.875,0.8654995385333621,0.08838616874374643,0.10748810138136053,0.009500461466637855,9.0,7.0,7.0,-0.29999999999999716,0
104.5,104.5,0.875,0.8654995385333621,0.08838616874374643,0.10748810138136053,0.009500461466637855,9.0,7.0,7.0,-0.4000000000000057,0
104.5,104.5,0.875,0.8654995385333621,0.08838616874374643,0.10748810138136053,0.009500461466637855,9.0,7.0,7.0,-0.5,0
104.5,104.5,0.875,0.8654995385333621,0.08838616874374643,0.10748810138136053,0.009500461466637855,9.0,7.0,7.0,-0.4000000000000057,0
104.5,104.5,0.875,0.8654995385333621,0.08838616874374643,0.10748810138136053,0.009500461466637855,9.0,7.0,7.0,-0.3999999999999915,0
105.5,105.5,0.9411764705882353,0.8890729360508773,0.10094962153047565,0.516134025540932,0.05210353453735794,9.0,8.0,8.0,0.0,0
105.5,105.5,0.9411764705882353,0.8890729360508773,0.10094962153047565,0.516134025540932,0.05210353453735794,9.0,8.0,8.0,-0.29999999999999716,0
105.5,105.5,0.9411764705882353,0.8890729360508773,0.10094962153047565,0.516134025540932,0.05210353453735794,9.0,8.0,8.0,-0.4000000000000057,0
105.5,105.5,0.9411764705882353,0.8890729360508773,0.10094962153047565,0.516134025540932,0.05210353453735794,9.0,8.0,8.0,-0.5,0
105.5,105.5,0.9411764705882353,0.8890729360508773,0.10094962153047565,0.516134025540932,0.05210353453735794,9.0,8.0,8.0,-0.4000000000000057,0
105.5,105.5,0.9411764705882353,0.8890729360508773,0.10094962153047565,0.516134025540932,0.05210353453735794,9.0,8.0,8.0,-0.3999999999999915,0
105.5,105.5,0.9411764705882353,0.8890729360508773,0.10094962153047565,0.516134025540932,0.05210353453735794,9.0,8.0,8.0,-0.09999999999999432,0
105.5,105.5,0.9411764705882353,0.8890729360508773,0.10094962153047565,0.516134025540932,0.05210353453735794,9.0,8.0,8.0,-0.29999999999999716,0
106.5,106.5,0.875,0.8099132656559127,0.10557846084693896,0.6164773934187766,0.0650867343440873,9.0,7.0,7.0,0.29999999999999716,0
106.5,106.5,0.875,0.8099132656559127,0.10557846084693896,0.6164773934187766,0.0650867343440873,9.0,7.0,7.0,0.09999999999999432,0
106.5,106.5,0.875,0.8099132656559127,0.10557846084693896,0.6164773934187766,0.0650867343440873,9.0,7.0,7.0,0.29999999999999716,0
106.5,106.5,0.875,0.8099132656559127,0.10557846084693896,0.6164773934187766,0.0650867343440873,9.0,7.0,7.0,0.20000000000000284,0
106.5,106.5,0.875,0.8099132656559127,0.10557846084693896,0.6164773934187766,0.0650867343440873,9.0,7.0,7.0,0.10000000000000853,0
106.5,106.5,0.875,0.8099132656559127,0.10557846084693896,0.6164773934187766,0.0650867343440873,9.0,7.0,7.0,-0.09999999999999432,0
106.5,106.5,0.875,0.8099132656559127,0.10557846084693896,0.6164773934187766,0.0650867343440873,9.0,7.0,7.0,-0.29999999999999716,0
107.5,107.5,0.8571428571428571,0.858059639869934,0.09160909838780752,-0.010007551031623032,-0.0009167827270769591,7.0,7.0,6.0,0.29999999999999716,0
107.5,107.5,0.8571428571428571,0.858059639869934,0.09160909838780752,-0.010007551031623032,-0.0009167827270769591,7.0,7.0,6.0,0.20000000000000284,0
107.5,107.5,0.8571428571428571,0.858059639869934,0.09160909838780752,-0.010007551031623032,-0.0009167827270769591,7.0,7.0,6.0,0.10000000000000853,0
107.5,107.5,0.8571428571428571,0.858059639869934,0.09160909838780752,-0.010007551031623032,-0.0009167827270769591,7.0,7.0,6.0,-0.09999999999999432,0
107.5,107.5,0.8571428571428571,0.858059639869934,0.09160909838780752,-0.010007551031623032,-0.0009167827270769591,7.0,7.0,6.0,-0.29999999999999716,0
107.5,107.5,0.8571428571428571,0.858059639869934,0.09160909838780752,-0.010007551031623032,-0.0009167827270769591,7.0,7.0,6.0,-0.19999999999998863,0
108.5,108.5,0.875,0.838731042160454,0.10989374442746326,0.3300366006136569,0.03626895783954598,8.0,8.0,7.0,0.20000000000000284,0
108.5,108.5,0.875,0.838731042160454,0.10989374442746326,0.3300366006136569,0.03626895783954598,8.0,8.0,7.0,0.10000000000000853,0
108.5,108.5,0.875,0.838731042160454,0.10989374442746326,0.3300366006136569,0.03626895783954598,8.0,8.0,7.0,-0.09999999999999432,0
108.5,108.5,0.875,0.838731042160454,0.10989374442746326,0.3300366006136569,0.03626895783954598,8.0,8.0,7.0,-0.29999999999999716,0
108.5,108.5,0.875,0.838731042160454,0.10989374442746326,0.3300366006136569,0.03626895783954598,8.0,8.0,7.0,-0.19999999999998863,0
108.5,108.5,0.875,0.838731042160454,0.10989374442746326,0.3300366006136569,0.03626895783954598,8.0,8.0,7.0,0.0,0
108.5,108.5,0.875,0.838731042160454,0.10989374442746326,0.3300366006136569,0.03626895783954598,8.0,8.0,7.0,0.0,0
109.5,109.5,0.8,0.837226699934053,0.10899467738370368,-0.3415460353444641,-0.03722669993405292,8.0,7.0,6.0,-0.09999999999999432,0
109.5,109.5,0.8,0.837226699934053,0.10899467738370368,-0.3415460353444641,-0.03722669993405292,8.0,7.0,6.0,-0.29999999999999716,0
109.5,109.5,0.8,0.837226699934053,0.10899467738370368,-0.3415460353444641,-0.03722669993405292,8.0,7.0,6.0,-0.19999999999998863,0
109.5,109.5,0.8,0.837226699934053,0.10899467738370368,-0.3415460353444641,-0.03722669993405292,8.0,7.0,6.0,0.0,0
109.5,109.5,0.8,0.837226699934053,0.10899467738370368,-0.3415460353444641,-0.03722669993405292,8.0,7.0,6.0,0.0,0
109.5,109.5,0.8,0.837226699934053,0.10899467738370368,-0.3415460353444641,-0.03722669993405292,8.0,7.0,6.0,-0.09999999999999432,0
110.5,110.5,0.7142857142857143,0.750764912864913,0.11680410432831692,-0.3123109311010315,-0.03647919857919868,8.0,6.0,5.0,0.29999999999999716,0
110.5,110.5,0.7142857142857143,0.750764912864913,0.11680410432831692,-0.3123109311010315,-0.03647919857919868,8.0,6.0,5.0,-0.19999999999998863,0
110.5,110.5,0.7142857142857143,0.750764912864913,0.11680410432831692,-0.3123109311010315,-0.03647919857919868,8.0,6.0,5.0,0.0,0
110.5,110.5,0.7142857142857143,0.750764912864913,0.11680410432831692,-0.3123109311010315,-0.03647919857919868,8.0,6.0,5.0,0.0,0
110.5,110.5,0.7142857142857143,0.750764912864913,0.11680410432831692,-0.3123109311010315,-0.03647919857919868,8.0,6.0,5.0,-0.09999999999999432,0
111.5,111.5,0.5714285714285714,0.7006615384615383,0.11238700303872344,-1.1498924567677915,-0.12923296703296694,8.0,6.0,4.0,0.0,0
111.5,111.5,0.5714285714285714,0.7006615384615383,0.11238700303872344,-1.1498924567677915,-0.12923296703296694,8.0,6.0,4.0,0.0,0
111.5,111.5,0.5714285714285714,0.7006615384615383,0.11238700303872344,-1.1498924567677915,-0.12923296703296694,8.0,6.0,4.0,-0.09999999999999432,0
111.5,111.5,0.5714285714285714,0.7006615384615383,0.11238700303872344,-1.1498924567677915,-0.12923296703296694,8.0,6.0,4.0,-0.19999999999998863,0
112.5,112.5,0.6666666666666666,0.729675135975136,0.09834394623738604,-0.6406949458421908,-0.06300846930846937,9.0,6.0,5.0,0.0,0
112.5,112.5,0.6666666666666666,0.729675135975136,0.09834394623738604,-0.6406949458421908,-0.06300846930846937,9.0,6.0,5.0,0.0,0
112.5,112.5,0.6666666666666666,0.729675135975136,0.09834394623738604,-0.6406949458421908,-0.06300846930846937,9.0,6.0,5.0,-0.09999999999999432,0
112.5,112.5,0.6666666666666666,0.729675135975136,0.09834394623738604,-0.6406949458421908,-0.06300846930846937,9.0,6.0,5.0,-0.19999999999998863,0
112.5,112.5,0.6666666666666666,0.729675135975136,0.09834394623738604,-0.6406949458421908,-0.06300846930846937,9.0,6.0,5.0,-0.5,0
113.5,113.5,0.5714285714285714,0.7299535464535466,0.10343633969852806,-1.5325849260231612,-0.1585249750249752,8.0,6.0,4.0,-0.09999999999999432,0
113.5,113.5,0.5714285714285714,0.7299535464535466,0.10343633969852806,-1.5325849260231612,-0.1585249750249752,8.0,6.0,4.0,-0.19999999999998863,0
113.5,113.5,0.5714285714285714,0.7299535464535466,0.10343633969852806,-1.5325849260231612,-0.1585249750249752,8.0,6.0,4.0,-0.5,0
113.5,113.5,0.5714285714285714,0.7299535464535466,0.10343633969852806,-1.5325849260231612,-0.1585249750249752,8.0,6.0,4.0,-0.09999999999999432,0
114.5,114.5,0.6153846153846154,0.767075740925741,0.11334843392974568,-1.3382727955036862,-0.15169112554112563,7.0,6.0,4.0,-0.19999999999998863,0
114.5,114.5,0.6153846153846154,0.767075740925741,0.11334843392974568,-1.3382727955036862,-0.15169112554112563,7.0,6.0,4.0,-0.5,0
114.5,114.5,0.6153846153846154,0.767075740925741,0.11334843392974568,-1.3382727955036862,-0.15169112554112563,7.0,6.0,4.0,-0.09999999999999432,0
114.5,114.5,0.6153846153846154,0.767075740925741,0.11334843392974568,-1.3382727955036862,-0.15169112554112563,7.0,6.0,4.0,-0.09999999999999432,0
115.5,115.5,0.8,0.8548034920961393,0.12275130157688785,-0.4464595600382445,-0.05480349209613922,7.0,8.0,6.0,0.20000000000000284,0
115.5,115.5,0.8,0.8548034920961393,0.12275130157688785,-0.4464595600382445,-0.05480349209613922,7.0,8.0,6.0,-0.5,0
115.5,115.5,0.8,0.8548034920961393,0.12275130157688785,-0.4464595600382445,-0.05480349209613922,7.0,8.0,6.0,-0.09999999999999432,0
115.5,115.5,0.8,0.8548034920961393,0.12275130157688785,-0.4464595600382445,-0.05480349209613922,7.0,8.0,6.0,-0.09999999999999432,0
115.5,115.5,0.8,0.8548034920961393,0.12275130157688785,-0.4464595600382445,-0.05480349209613922,7.0,8.0,6.0,0.0,0
115.5,115.5,0.8,0.8548034920961393,0.12275130157688785,-0.4464595600382445,-0.05480349209613922,7.0,8.0,6.0,0.29999999999999716,0
116.5,116.5,0.8,0.8783112001775315,0.12320942695575324,-0.6355942245040588,-0.07831120017753146,6.0,9.0,6.0,-0.10000000000000853,0
116.5,116.5,0.8,0.8783112001775315,0.12320942695575324,-0.6355942245040588,-0.07831120017753146,6.0,9.0,6.0,-0.09999999999999432,0
116.5,116.5,0.8,0.8783112001775315,0.12320942695575324,-0.6355942245040588,-0.07831120017753146,6.0,9.0,6.0,-0.09999999999999432,0
116.5,116.5,0.8,0.8783112001775315,0.12320942695575324,-0.6355942245040588,-0.07831120017753146,6.0,9.0,6.0,0.0,0
116.5,116.5,0.8,0.8783112001775315,0.12320942695575324,-0.6355942245040588,-0.07831120017753146,6.0,9.0,6.0,-0.20000000000000284,0
116.5,116.5,0.8,0.8783112001775315,0.12320942695575324,-0.6355942245040588,-0.07831120017753146,6.0,9.0,6.0,0.0,0
117.5,117.5,0.8235294117647058,0.8397139477653411,0.1203717461473953,-0.13445460848276902,-0.016184536000635297,7.0,10.0,7.0,-0.09999999999999432,0
117.5,117.5,0.8235294117647058,0.8397139477653411,0.1203717461473953,-0.13445460848276902,-0.016184536000635297,7.0,10.0,7.0,-0.09999999999999432,0
117.5,117.5,0.8235294117647058,0.8397139477653411,0.1203717461473953,-0.13445460848276902,-0.016184536000635297,7.0,10.0,7.0,0.0,0
117.5,117.5,0.8235294117647058,0.8397139477653411,0.1203717461473953,-0.13445460848276902,-0.016184536000635297,7.0,10.0,7.0,-0.20000000000000284,0
117.5,117.5,0.8235294117647058,0.8397139477653411,0.1203717461473953,-0.13445460848276902,-0.016184536000635297,7.0,10.0,7.0,0.0,0
117.5,117.5,0.8235294117647058,0.8397139477653411,0.1203717461473953,-0.13445460848276902,-0.016184536000635297,7.0,10.0,7.0,-0.09999999999999432,0
117.5,117.5,0.8235294117647058,0.8397139477653411,0.1203717461473953,-0.13445460848276902,-0.016184536000635297,7.0,10.0,7.0,-0.10000000000000853,0
118.5,118.5,0.8235294117647058,0.8384551157906422,0.11184493409691867,-0.13344997827977267,-0.014925704025936404,8.0,9.0,7.0,-0.09999999999999432,0
118.5,118.5,0.8235294117647058,0.8384551157906422,0.11184493409691867,-0.13344997827977267,-0.014925704025936404,8.0,9.0,7.0,0.0,0
118.5,118.5,0.8235294117647058,0.8384551157906422,0.11184493409691867,-0.13344997827977267,-0.014925704025936404,8.0,9.0,7.0,-0.20000000000000284,0
118.5,118.5,0.8235294117647058,0.8384551157906422,0.11184493409691867,-0.13344997827977267,-0.014925704025936404,8.0,9.0,7.0,0.0,0
118.5,118.5,0.8235294117647058,0.8384551157906422,0.11184493409691867,-0.13344997827977267,-0.014925704025936404,8.0,9.0,7.0,-0.09999999999999432,0
118.5,118.5,0.8235294117647058,0.8384551157906422,0.11184493409691867,-0.13344997827977267,-0.014925704025936404,8.0,9.0,7.0,-0.10000000000000853,0
118.5,118.5,0.8235294117647058,0.8384551157906422,0.11184493409691867,-0.13344997827977267,-0.014925704025936404,8.0,9.0,7.0,0.0,0
119.5,119.5,0.9411764705882353,0.8650363081191256,0.11401702496097965,0.6677964321132511,0.0761401624691097,8.0,9.0,8.0,0.0,0
119.5,119.5,0.9411764705882353,0.8650363081191256,0.11401702496097965,0.6677964321132511,0.0761401624691097,8.0,9.0,8.0,-0.20000000000000284,0
119.5,119.5,0.9411764705882353,0.8650363081191256,0.11401702496097965,0.6677964321132511,0.0761401624691097,8.0,9.0,8.0,0.0,0
119.5,119.5,0.9411764705882353,0.8650363081191256,0.11401702496097965,0.6677964321132511,0.0761401624691097,8.0,9.0,8.0,-0.09999999999999432,0
119.5,119.5,0.9411764705882353,0.8650363081191256,0.11401702496097965,0.6677964321132511,0.0761401624691097,8.0,9.0,8.0,-0.10000000000000853,0
119.5,119.5,0.9411764705882353,0.8650363081191256,0.11401702496097965,0.6677964321132511,0.0761401624691097,8.0,9.0,8.0,0.0,0
119.5,119.5,0.9411764705882353,0.8650363081191256,0.11401702496097965,0.6677964321132511,0.0761401624691097,8.0,9.0,8.0,-0.29999999999999716,0
119.5,119.5,0.9411764705882353,0.8650363081191256,0.11401702496097965,0.6677964321132511,0.0761401624691097,8.0,9.0,8.0,0.0,0
120.5,120.5,1.0,0.8580488591473886,0.10441027910441472,1.359551397335642,0.1419511408526114,8.0,8.0,8.0,-0.20000000000000284,0
120.5,120.5,1.0,0.8580488591473886,0.10441027910441472,1.359551397335642,0.1419511408526114,8.0,8.0,8.0,0.0,0
120.5,120.5,1.0,0.8580488591473886,0.10441027910441472,1.359551397335642,0.1419511408526114,8.0,8.0,8.0,-0.09999999999999432,0
120.5,120.5,1.0,0.8580488591473886,0.10441027910441472,1.359551397335642,0.1419511408526114,8.0,8.0,8.0,-0.10000000000000853,0
120.5,120.5,1.0,0.8580488591473886,0.10441027910441472,1.359551397335642,0.1419511408526114,8.0,8.0,8.0,0.0,0
120.5,120.5,1.0,0.8580488591473886,0.10441027910441472,1.359551397335642,0.1419511408526114,8.0,8.0,8.0,-0.29999999999999716,0
120.5,120.5,1.0,0.8580488591473886,0.10441027910441472,1.359551397335642,0.1419511408526114,8.0,8.0,8.0,0.0,0
120.5,120.5,1.0,0.8580488591473886,0.10441027910441472,1.359551397335642,0.1419511408526114,8.0,8.0,8.0,0.0,0
121.5,121.5,0.9333333333333333,0.8864978936096584,0.10764006996770999,0.4351115689326916,0.04683543972367499,7.0,8.0,7.0,-0.09999999999999432,0
121.5,121.5,0.9333333333333333,0.8864978936096584,0.10764006996770999,0.4351115689326916,0.04683543972367499,7.0,8.0,7.0,-0.10000000000000853,0
121.5,121.5,0.9333333333333333,0.8864978936096584,0.10764006996770999,0.4351115689326916,0.04683543972367499,7.0,8.0,7.0,0.0,0
121.5,121.5,0.9333333333333333,0.8864978936096584,0.10764006996770999,0.4351115689326916,0.04683543972367499,7.0,8.0,7.0,-0.29999999999999716,0
121.5,121.5,0.9333333333333333,0.8864978936096584,0.10764006996770999,0.4351115689326916,0.04683543972367499,7.0,8.0,7.0,0.0,0
121.5,121.5,0.9333333333333333,0.8864978936096584,0.10764006996770999,0.4351115689326916,0.04683543972367499,7.0,8.0,7.0,0.0,0
121.5,121.5,0.9333333333333333,0.8864978936096584,0.10764006996770999,0.4351115689326916,0.04683543972367499,7.0,8.0,7.0,-0.20000000000000284,0
122.5,122.5,0.9230769230769231,0.8622457163751283,0.0936902136444654,0.649280264560357,0.06083120670179487,6.0,7.0,6.0,0.0,0
122.5,122.5,0.9230769230769231,0.8622457163751283,0.0936902136444654,0.649280264560357,0.06083120670179487,6.0,7.0,6.0,-0.29999999999999716,0
122.5,122.5,0.9230769230769231,0.8622457163751283,0.0936902136444654,0.649280264560357,0.06083120670179487,6.0,7.0,6.0,0.0,0
122.5,122.5,0.9230769230769231,0.8622457163751283,0.0936902136444654,0.649280264560357,0.06083120670179487,6.0,7.0,6.0,0.0,0
122.5,122.5,0.9230769230769231,0.8622457163751283,0.0936902136444654,0.649280264560357,0.06083120670179487,6.0,7.0,6.0,-0.20000000000000284,0
122.5,122.5,0.9230769230769231,0.8622457163751283,0.0936902136444654,0.649280264560357,0.06083120670179487,6.0,7.0,6.0,-0.5,0
123.5,123.5,0.7272727272727273,0.8391275105613343,0.10113854741272807,-1.1059559994682135,-0.11185478328860698,4.0,7.0,4.0,0.0,0
123.5,123.5,0.7272727272727273,0.8391275105613343,0.10113854741272807,-1.1059559994682135,-0.11185478328860698,4.0,7.0,4.0,0.0,0
123.5,123.5,0.7272727272727273,0.8391275105613343,0.10113854741272807,-1.1059559994682135,-0.11185478328860698,4.0,7.0,4.0,-0.20000000000000284,0
123.5,123.5,0.7272727272727273,0.8391275105613343,0.10113854741272807,-1.1059559994682135,-0.11185478328860698,4.0,7.0,4.0,-0.5,0
124.5,124.5,0.7272727272727273,0.8039144355644356,0.08928809217673182,-0.8583642725841658,-0.07664170829170835,5.0,6.0,4.0,0.0,0
124.5,124.5,0.7272727272727273,0.8039144355644356,0.08928809217673182,-0.8583642725841658,-0.07664170829170835,5.0,6.0,4.0,-0.20000000000000284,0
124.5,124.5,0.7272727272727273,0.8039144355644356,0.08928809217673182,-0.8583642725841658,-0.07664170829170835,5.0,6.0,4.0,-0.5,0
124.5,124.5,0.7272727272727273,0.8039144355644356,0.08928809217673182,-0.8583642725841658,-0.07664170829170835,5.0,6.0,4.0,0.09999999999999432,0
125.5,125.5,0.7272727272727273,0.7834788544788546,0.08769547429437698,-0.6409239206284926,-0.056206127206127277,5.0,6.0,4.0,-0.20000000000000284,0
125.5,125.5,0.7272727272727273,0.7834788544788546,0.08769547429437698,-0.6409239206284926,-0.056206127206127277,5.0,6.0,4.0,-0.5,0
125.5,125.5,0.7272727272727273,0.7834788544788546,0.08769547429437698,-0.6409239206284926,-0.056206127206127277,5.0,6.0,4.0,0.09999999999999432,0
125.5,125.5,0.7272727272727273,0.7834788544788546,0.08769547429437698,-0.6409239206284926,-0.056206127206127277,5.0,6.0,4.0,0.0,0
126.5,126.5,0.7272727272727273,0.7460345654345655,0.07571910194996215,-0.24778210093189787,-0.018761838161838185,6.0,5.0,4.0,-0.5,0
126.5,126.5,0.7272727272727273,0.7460345654345655,0.07571910194996215,-0.24778210093189787,-0.018761838161838185,6.0,5.0,4.0,0.09999999999999432,0
126.5,126.5,0.7272727272727273,0.7460345654345655,0.07571910194996215,-0.24778210093189787,-0.018761838161838185,6.0,5.0,4.0,0.0,0
126.5,126.5,0.7272727272727273,0.7460345654345655,0.07571910194996215,-0.24778210093189787,-0.018761838161838185,6.0,5.0,4.0,-0.4000000000000057,0
127.5,127.5,0.8333333333333334,0.8019999000999002,0.08727605394955239,0.35901523746186603,0.03133343323343318,6.0,6.0,5.0,0.09999999999999432,0
127.5,127.5,0.8333333333333334,0.8019999000999002,0.08727605394955239,0.35901523746186603,0.03133343323343318,6.0,6.0,5.0,0.0,0
127.5,127.5,0.8333333333333334,0.8019999000999002,0.08727605394955239,0.35901523746186603,0.03133343323343318,6.0,6.0,5.0,-0.4000000000000057,0
127.5,127.5,0.8333333333333334,0.8019999000999002,0.08727605394955239,0.35901523746186603,0.03133343323343318,6.0,6.0,5.0,-0.5,0
127.5,127.5,0.8333333333333334,0.8019999000999002,0.08727605394955239,0.35901523746186603,0.03133343323343318,6.0,6.0,5.0,-0.5,0
128.5,128.5,0.9333333333333333,0.822686020352197,0.10414330441025871,1.0624524889786098,0.11064731298113639,8.0,7.0,7.0,0.09999999999999432,0
128.5,128.5,0.9333333333333333,0.822686020352197,0.10414330441025871,1.0624524889786098,0.11064731298113639,8.0,7.0,7.0,0.0,0
128.5,128.5,0.9333333333333333,0.822686020352197,0.10414330441025871,1.0624524889786098,0.11064731298113639,8.0,7.0,7.0,-0.4000000000000057,0
128.5,128.5,0.9333333333333333,0.822686020352197,0.10414330441025871,1.0624524889786098,0.11064731298113639,8.0,7.0,7.0,-0.5,0
128.5,128.5,0.9333333333333333,0.822686020352197,0.10414330441025871,1.0624524889786098,0.11064731298113639,8.0,7.0,7.0,-0.5,0
128.5,128.5,0.9333333333333333,0.822686020352197,0.10414330441025871,1.0624524889786098,0.11064731298113639,8.0,7.0,7.0,-0.30000000000001137,0
128.5,128.5,0.9333333333333333,0.822686020352197,0.10414330441025871,1.0624524889786098,0.11064731298113639,8.0,7.0,7.0,-0.19999999999998863,0
129.5,129.5,0.875,0.8526867078999433,0.10372123482513217,0.2151275207788994,0.022313292100056725,9.0,7.0,7.0,0.0,0
129.5,129.5,0.875,0.8526867078999433,0.10372123482513217,0.2151275207788994,0.022313292100056725,9.0,7.0,7.0,-0.4000000000000057,0
129.5,129.5,0.875,0.8526867078999433,0.10372123482513217,0.2151275207788994,0.022313292100056725,9.0,7.0,7.0,-0.5,0
129.5,129.5,0.875,0.8526867078999433,0.10372123482513217,0.2151275207788994,0.022313292100056725,9.0,7.0,7.0,-0.5,0
129.5,129.5,0.875,0.8526867078999433,0.10372123482513217,0.2151275207788994,0.022313292100056725,9.0,7.0,7.0,-0.30000000000001137,0
129.5,129.5,0.875,0.8526867078999433,0.10372123482513217,0.2151275207788994,0.022313292100056725,9.0,7.0,7.0,-0.19999999999998863,0
129.5,129.5,0.875,0.8526867078999433,0.10372123482513217,0.2151275207788994,0.022313292100056725,9.0,7.0,7.0,0.0,0
130.5,130.5,1.0,0.8871754402460286,0.10752602513114524,1.0492767645448047,0.11282455975397143,8.0,8.0,8.0,-0.4000000000000057,0
130.5,130.5,1.0,0.8871754402460286,0.10752602513114524,1.0492767645448047,0.11282455975397143,8.0,8.0,8.0,-0.5,0
130.5,130.5,1.0,0.8871754402460286,0.10752602513114524,1.0492767645448047,0.11282455975397143,8.0,8.0,8.0,-0.5,0
130.5,130.5,1.0,0.8871754402460286,0.10752602513114524,1.0492767645448047,0.11282455975397143,8.0,8.0,8.0,-0.30000000000001137,0
130.5,130.5,1.0,0.8871754402460286,0.10752602513114524,1.0492767645448047,0.11282455975397143,8.0,8.0,8.0,-0.19999999999998863,0
130.5,130.5,1.0,0.8871754402460286,0.10752602513114524,1.0492767645448047,0.11282455975397143,8.0,8.0,8.0,0.0,0
130.5,130.5,1.0,0.8871754402460286,0.10752602513114524,1.0492767645448047,0.11282455975397143,8.0,8.0,8.0,-0.19999999999998863,0
130.5,130.5,1.0,0.8871754402460286,0.10752602513114524,1.0492767645448047,0.11282455975397143,8.0,8.0,8.0,-0.09999999999999432,0
131.5,131.5,0.9411764705882353,0.888541690739601,0.11662054316272497,0.45133368805520857,0.052634779848634294,8.0,9.0,8.0,0.09999999999999432,0
131.5,131.5,0.9411764705882353,0.888541690739601,0.11662054316272497,0.45133368805520857,0.052634779848634294,8.0,9.0,8.0,-0.30000000000001137,0
131.5,131.5,0.9411764705882353,0.888541690739601,0.11662054316272497,0.45133368805520857,0.052634779848634294,8.0,9.0,8.0,-0.19999999999998863,0
131.5,131.5,0.9411764705882353,0.888541690739601,0.11662054316272497,0.45133368805520857,0.052634779848634294,8.0,9.0,8.0,0.0,0
131.5,131.5,0.9411764705882353,0.888541690739601,0.11662054316272497,0.45133368805520857,0.052634779848634294,8.0,9.0,8.0,-0.19999999999998863,0
131.5,131.5,0.9411764705882353,0.888541690739601,0.11662054316272497,0.45133368805520857,0.052634779848634294,8.0,9.0,8.0,-0.09999999999999432,0
131.5,131.5,0.9411764705882353,0.888541690739601,0.11662054316272497,0.45133368805520857,0.052634779848634294,8.0,9.0,8.0,0.0,0
131.5,131.5,0.9411764705882353,0.888541690739601,0.11662054316272497,0.45133368805520857,0.052634779848634294,8.0,9.0,8.0,0.09999999999999432,0
132.5,132.5,1.0,0.8809125534596124,0.10984946998086366,1.0840966875956093,0.11908744654038761,8.0,8.0,8.0,-0.30000000000001137,0
132.5,132.5,1.0,0.8809125534596124,0.10984946998086366,1.0840966875956093,0.11908744654038761,8.0,8.0,8.0,-0.19999999999998863,0
132.5,132.5,1.0,0.8809125534596124,0.10984946998086366,1.0840966875956093,0.11908744654038761,8.0,8.0,8.0,0.0,0
132.5,132.5,1.0,0.8809125534596124,0.10984946998086366,1.0840966875956093,0.11908744654038761,8.0,8.0,8.0,-0.19999999999998863,0
132.5,132.5,1.0,0.8809125534596124,0.10984946998086366,1.0840966875956093,0.11908744654038761,8.0,8.0,8.0,-0.09999999999999432,0
132.5,132.5,1.0,0.8809125534596124,0.10984946998086366,1.0840966875956093,0.11908744654038761,8.0,8.0,8.0,0.0,0
132.5,132.5,1.0,0.8809125534596124,0.10984946998086366,1.0840966875956093,0.11908744654038761,8.0,8.0,8.0,0.09999999999999432,0
132.5,132.5,1.0,0.8809125534596124,0.10984946998086366,1.0840966875956093,0.11908744654038761,8.0,8.0,8.0,0.19999999999998863,0
133.5,133.5,0.875,0.8245114672908792,0.10752498513777732,0.46955163624926083,0.05048853270912079,8.0,8.0,7.0,0.0,0
133.5,133.5,0.875,0.8245114672908792,0.10752498513777732,0.46955163624926083,0.05048853270912079,8.0,8.0,7.0,-0.19999999999998863,0
133.5,133.5,0.875,0.8245114672908792,0.10752498513777732,0.46955163624926083,0.05048853270912079,8.0,8.0,7.0,-0.09999999999999432,0
133.5,133.5,0.875,0.8245114672908792,0.10752498513777732,0.46955163624926083,0.05048853270912079,8.0,8.0,7.0,0.0,0
133.5,133.5,0.875,0.8245114672908792,0.10752498513777732,0.46955163624926083,0.05048853270912079,8.0,8.0,7.0,0.09999999999999432,0
133.5,133.5,0.875,0.8245114672908792,0.10752498513777732,0.46955163624926083,0.05048853270912079,8.0,8.0,7.0,0.19999999999998863,0
133.5,133.5,0.875,0.8245114672908792,0.10752498513777732,0.46955163624926083,0.05048853270912079,8.0,8.0,7.0,-0.5,0
134.5,134.5,1.0,0.8504815916110035,0.10760534902269071,1.3895072108122397,0.14951840838899655,8.0,8.0,8.0,-0.19999999999998863,0
134.5,134.5,1.0,0.8504815916110035,0.10760534902269071,1.3895072108122397,0.14951840838899655,8.0,8.0,8.0,-0.09999999999999432,0
134.5,134.5,1.0,0.8504815916110035,0.10760534902269071,1.3895072108122397,0.14951840838899655,8.0,8.0,8.0,0.0,0
134.5,134.5,1.0,0.8504815916110035,0.10760534902269071,1.3895072108122397,0.14951840838899655,8.0,8.0,8.0,0.09999999999999432,0
134.5,134.5,1.0,0.8504815916110035,0.10760534902269071,1.3895072108122397,0.14951840838899655,8.0,8.0,8.0,0.19999999999998863,0
134.5,134.5,1.0,0.8504815916110035,0.10760534902269071,1.3895072108122397,0.14951840838899655,8.0,8.0,8.0,-0.5,0
134.5,134.5,1.0,0.8504815916110035,0.10760534902269071,1.3895072108122397,0.14951840838899655,8.0,8.0,8.0,-0.4000000000000057,0
134.5,134.5,1.0,0.8504815916110035,0.10760534902269071,1.3895072108122397,0.14951840838899655,8.0,8.0,8.0,-0.5,0
135.5,135.5,0.9333333333333333,0.8467025216613454,0.09875914582041591,0.8771928002447268,0.08663081167198794,8.0,7.0,7.0,0.0,0
135.5,135.5,0.9333333333333333,0.8467025216613454,0.09875914582041591,0.8771928002447268,0.08663081167198794,8.0,7.0,7.0,0.09999999999999432,0
135.5,135.5,0.9333333333333333,0.8467025216613454,0.09875914582041591,0.8771928002447268,0.08663081167198794,8.0,7.0,7.0,0.19999999999998863,0
135.5,135.5,0.9333333333333333,0.8467025216613454,0.09875914582041591,0.8771928002447268,0.08663081167198794,8.0,7.0,7.0,-0.5,0
135.5,135.5,0.9333333333333333,0.8467025216613454,0.09875914582041591,0.8771928002447268,0.08663081167198794,8.0,7.0,7.0,-0.4000000000000057,0
135.5,135.5,0.9333333333333333,0.8467025216613454,0.09875914582041591,0.8771928002447268,0.08663081167198794,8.0,7.0,7.0,-0.5,0
135.5,135.5,0.9333333333333333,0.8467025216613454,0.09875914582041591,0.8771928002447268,0.08663081167198794,8.0,7.0,7.0,-0.4000000000000057,0
136.5,136.5,1.0,0.8488139512448338,0.09882422470435155,1.5298480631390063,0.15118604875516617,7.0,7.0,7.0,0.19999999999998863,0
136.5,136.5,1.0,0.8488139512448338,0.09882422470435155,1.5298480631390063,0.15118604875516617,7.0,7.0,7.0,-0.5,0
136.5,136.5,1.0,0.8488139512448338,0.09882422470435155,1.5298480631390063,0.15118604875516617,7.0,7.0,7.0,-0.4000000000000057,0
136.5,136.5,1.0,0.8488139512448338,0.09882422470435155,1.5298480631390063,0.15118604875516617,7.0,7.0,7.0,-0.5,0
136.5,136.5,1.0,0.8488139512448338,0.09882422470435155,1.5298480631390063,0.15118604875516617,7.0,7.0,7.0,-0.4000000000000057,0
136.5,136.5,1.0,0.8488139512448338,0.09882422470435155,1.5298480631390063,0.15118604875516617,7.0,7.0,7.0,-0.39999999999997726,0
136.5,136.5,1.0,0.8488139512448338,0.09882422470435155,1.5298480631390063,0.15118604875516617,7.0,7.0,7.0,-0.30000000000001137,0
137.5,137.5,0.9333333333333333,0.8577916327136915,0.09692245521610228,0.7794034978912879,0.07554170061964183,8.0,7.0,7.0,-0.5,0
137.5,137.5,0.9333333333333333,0.8577916327136915,0.09692245521610228,0.7794034978912879,0.07554170061964183,8.0,7.0,7.0,-0.4000000000000057,0
137.5,137.5,0.9333333333333333,0.8577916327136915,0.09692245521610228,0.7794034978912879,0.07554170061964183,8.0,7.0,7.0,-0.5,0
137.5,137.5,0.9333333333333333,0.8577916327136915,0.09692245521610228,0.7794034978912879,0.07554170061964183,8.0,7.0,7.0,-0.4000000000000057,0
137.5,137.5,0.9333333333333333,0.8577916327136915,0.09692245521610228,0.7794034978912879,0.07554170061964183,8.0,7.0,7.0,-0.39999999999997726,0
137.5,137.5,0.9333333333333333,0.8577916327136915,0.09692245521610228,0.7794034978912879,0.07554170061964183,8.0,7.0,7.0,-0.30000000000001137,0
137.5,137.5,0.9333333333333333,0.8577916327136915,0.09692245521610228,0.7794034978912879,0.07554170061964183,8.0,7.0,7.0,-0.10000000000002274,0
138.5,138.5,0.8,0.8550481836790661,0.09310225291481354,-0.5912658604452236,-0.055048183679066054,8.0,7.0,6.0,0.19999999999998863,0
138.5,138.5,0.8,0.8550481836790661,0.09310225291481354,-0.5912658604452236,-0.055048183679066054,8.0,7.0,6.0,0.19999999999998863,0
138.5,138.5,0.8,0.8550481836790661,0.09310225291481354,-0.5912658604452236,-0.055048183679066054,8.0,7.0,6.0,0.20000000000001705,0
138.5,138.5,0.8,0.8550481836790661,0.09310225291481354,-0.5912658604452236,-0.055048183679066054,8.0,7.0,6.0,-0.30000000000001137,0
138.5,138.5,0.8,0.8550481836790661,0.09310225291481354,-0.5912658604452236,-0.055048183679066054,8.0,7.0,6.0,-0.10000000000002274,0
138.5,138.5,0.8,0.8550481836790661,0.09310225291481354,-0.5912658604452236,-0.055048183679066054,8.0,7.0,6.0,-0.19999999999998863,0
139.5,139.5,0.875,0.8482408090275737,0.10108435097528985,0.26472140063467986,0.026759190972426294,8.0,8.0,7.0,0.19999999999998863,0
139.5,139.5,0.875,0.8482408090275737,0.10108435097528985,0.26472140063467986,0.026759190972426294,8.0,8.0,7.0,0.20000000000001705,0
139.5,139.5,0.875,0.8482408090275737,0.10108435097528985,0.26472140063467986,0.026759190972426294,8.0,8.0,7.0,-0.30000000000001137,0
139.5,139.5,0.875,0.8482408090275737,0.10108435097528985,0.26472140063467986,0.026759190972426294,8.0,8.0,7.0,-0.10000000000002274,0
139.5,139.5,0.875,0.8482408090275737,0.10108435097528985,0.26472140063467986,0.026759190972426294,8.0,8.0,7.0,-0.19999999999998863,0
139.5,139.5,0.875,0.8482408090275737,0.10108435097528985,0.26472140063467986,0.026759190972426294,8.0,8.0,7.0,-0.09999999999999432,0
139.5,139.5,0.875,0.8482408090275737,0.10108435097528985,0.26472140063467986,0.026759190972426294,8.0,8.0,7.0,-0.09999999999999432,0
140.5,140.5,0.875,0.8852338419750185,0.10909233166493693,-0.09380899481047358,-0.010233841975018532,8.0,8.0,7.0,-0.30000000000001137,0
140.5,140.5,0.875,0.8852338419750185,0.10909233166493693,-0.09380899481047358,-0.010233841975018532,8.0,8.0,7.0,-0.10000000000002274,0
140.5,140.5,0.875,0.8852338419750185,0.10909233166493693,-0.09380899481047358,-0.010233841975018532,8.0,8.0,7.0,-0.19999999999998863,0
140.5,140.5,0.875,0.8852338419750185,0.10909233166493693,-0.09380899481047358,-0.010233841975018532,8.0,8.0,7.0,-0.09999999999999432,0
140.5,140.5,0.875,0.8852338419750185,0.10909233166493693,-0.09380899481047358,-0.010233841975018532,8.0,8.0,7.0,-0.09999999999999432,0
140.5,140.5,0.875,0.8852338419750185,0.10909233166493693,-0.09380899481047358,-0.010233841975018532,8.0,8.0,7.0,-0.09999999999999432,0
140.5,140.5,0.875,0.8852338419750185,0.10909233166493693,-0.09380899481047358,-0.010233841975018532,8.0,8.0,7.0,-0.20000000000001705,0
141.5,141.5,0.9411764705882353,0.8612417009461129,0.10903026405752911,0.733142951941723,0.07993476964212243,9.0,8.0,8.0,0.19999999999998863,0
141.5,141.5,0.9411764705882353,0.8612417009461129,0.10903026405752911,0.733142951941723,0.07993476964212243,9.0,8.0,8.0,-0.10000000000002274,0
141.5,141.5,0.9411764705882353,0.8612417009461129,0.10903026405752911,0.733142951941723,0.07993476964212243,9.0,8.0,8.0,-0.19999999999998863,0
141.5,141.5,0.9411764705882353,0.8612417009461129,0.10903026405752911,0.733142951941723,0.07993476964212243,9.0,8.0,8.0,-0.09999999999999432,0
141.5,141.5,0.9411764705882353,0.8612417009461129,0.10903026405752911,0.733142951941723,0.07993476964212243,9.0,8.0,8.0,-0.09999999999999432,0
141.5,141.5,0.9411764705882353,0.8612417009461129,0.10903026405752911,0.733142951941723,0.07993476964212243,9.0,8.0,8.0,-0.09999999999999432,0
141.5,141.5,0.9411764705882353,0.8612417009461129,0.10903026405752911,0.733142951941723,0.07993476964212243,9.0,8.0,8.0,-0.20000000000001705,0
141.5,141.5,0.9411764705882353,0.8612417009461129,0.10903026405752911,0.733142951941723,0.07993476964212243,9.0,8.0,8.0,-0.4000000000000057,0
142.5,142.5,0.9333333333333333,0.8501082551435493,0.0980331433767111,0.8489483793248964,0.08322507818978409,8.0,7.0,7.0,-0.19999999999998863,0
142.5,142.5,0.9333333333333333,0.8501082551435493,0.0980331433767111,0.8489483793248964,0.08322507818978409,8.0,7.0,7.0,-0.09999999999999432,0
142.5,142.5,0.9333333333333333,0.8501082551435493,0.0980331433767111,0.8489483793248964,0.08322507818978409,8.0,7.0,7.0,-0.09999999999999432,0
142.5,142.5,0.9333333333333333,0.8501082551435493,0.0980331433767111,0.8489483793248964,0.08322507818978409,8.0,7.0,7.0,-0.09999999999999432,0
142.5,142.5,0.9333333333333333,0.8501082551435493,0.0980331433767111,0.8489483793248964,0.08322507818978409,8.0,7.0,7.0,-0.20000000000001705,0
142.5,142.5,0.9333333333333333,0.8501082551435493,0.0980331433767111,0.8489483793248964,0.08322507818978409,8.0,7.0,7.0,-0.4000000000000057,0
142.5,142.5,0.9333333333333333,0.8501082551435493,0.0980331433767111,0.8489483793248964,0.08322507818978409,8.0,7.0,7.0,-0.09999999999999432,0
143.5,143.5,0.9333333333333333,0.7989344181961829,0.09488916524003611,1.4163778846317023,0.1343989151371504,8.0,7.0,7.0,-0.09999999999999432,0
143.5,143.5,0.9333333333333333,0.7989344181961829,0.09488916524003611,1.4163778846317023,0.1343989151371504,8.0,7.0,7.0,-0.09999999999999432,0
143.5,143.5,0.9333333333333333,0.7989344181961829,0.09488916524003611,1.4163778846317023,0.1343989151371504,8.0,7.0,7.0,-0.09999999999999432,0
143.5,143.5,0.9333333333333333,0.7989344181961829,0.09488916524003611,1.4163778846317023,0.1343989151371504,8.0,7.0,7.0,-0.20000000000001705,0
143.5,143.5,0.9333333333333333,0.7989344181961829,0.09488916524003611,1.4163778846317023,0.1343989151371504,8.0,7.0,7.0,-0.4000000000000057,0
143.5,143.5,0.9333333333333333,0.7989344181961829,0.09488916524003611,1.4163778846317023,0.1343989151371504,8.0,7.0,7.0,-0.09999999999999432,0
143.5,143.5,0.9333333333333333,0.7989344181961829,0.09488916524003611,1.4163778846317023,0.1343989151371504,8.0,7.0,7.0,-0.5,0
144.5,144.5,0.8333333333333334,0.7926029692529692,0.08798815499951297,0.4629073547523479,0.04073036408036412,6.0,6.0,5.0,-0.09999999999999432,0
144.5,144.5,0.8333333333333334,0.7926029692529692,0.08798815499951297,0.4629073547523479,0.04073036408036412,6.0,6.0,5.0,-0.20000000000001705,0
144.5,144.5,0.8333333333333334,0.7926029692529692,0.08798815499951297,0.4629073547523479,0.04073036408036412,6.0,6.0,5.0,-0.4000000000000057,0
144.5,144.5,0.8333333333333334,0.7926029692529692,0.08798815499951297,0.4629073547523479,0.04073036408036412,6.0,6.0,5.0,-0.09999999999999432,0
144.5,144.5,0.8333333333333334,0.7926029692529692,0.08798815499951297,0.4629073547523479,0.04073036408036412,6.0,6.0,5.0,-0.5,0
145.5,145.5,0.8,0.7529112054612056,0.07854965446670299,0.5994780608329127,0.04708879453879444,5.0,5.0,4.0,-0.4000000000000057,0
145.5,145.5,0.8,0.7529112054612056,0.07854965446670299,0.5994780608329127,0.04708879453879444,5.0,5.0,4.0,-0.09999999999999432,0
145.5,145.5,0.8,0.7529112054612056,0.07854965446670299,0.5994780608329127,0.04708879453879444,5.0,5.0,4.0,-0.5,0
145.5,145.5,0.8,0.7529112054612056,0.07854965446670299,0.5994780608329127,0.04708879453879444,5.0,5.0,4.0,-0.19999999999998863,0
146.5,146.5,0.8,0.8004914862914864,0.08889337254528841,-0.005528941893119462,-0.0004914862914863205,4.0,6.0,4.0,-0.09999999999999432,0
146.5,146.5,0.8,0.8004914862914864,0.08889337254528841,-0.005528941893119462,-0.0004914862914863205,4.0,6.0,4.0,-0.5,0
146.5,146.5,0.8,0.8004914862914864,0.08889337254528841,-0.005528941893119462,-0.0004914862914863205,4.0,6.0,4.0,-0.19999999999998863,0
146.5,146.5,0.8,0.8004914862914864,0.08889337254528841,-0.005528941893119462,-0.0004914862914863205,4.0,6.0,4.0,-0.20000000000001705,0
147.5,147.5,0.8,0.8052842879342881,0.09302676662792267,-0.05680395144145445,-0.0052842879342880344,4.0,6.0,4.0,-0.5,0
147.5,147.5,0.8,0.8052842879342881,0.09302676662792267,-0.05680395144145445,-0.0052842879342880344,4.0,6.0,4.0,-0.19999999999998863,0
147.5,147.5,0.8,0.8052842879342881,0.09302676662792267,-0.05680395144145445,-0.0052842879342880344,4.0,6.0,4.0,-0.20000000000001705,0
147.5,147.5,0.8,0.8052842879342881,0.09302676662792267,-0.05680395144145445,-0.0052842879342880344,4.0,6.0,4.0,0.0,0
148.5,148.5,0.8,0.8020674936174937,0.08782920960208591,-0.023539931952713332,-0.0020674936174936986,4.0,6.0,4.0,-0.19999999999998863,0
148.5,148.5,0.8,0.8020674936174937,0.08782920960208591,-0.023539931952713332,-0.0020674936174936986,4.0,6.0,4.0,-0.20000000000001705,0
148.5,148.5,0.8,0.8020674936174937,0.08782920960208591,-0.023539931952713332,-0.0020674936174936986,4.0,6.0,4.0,0.0,0
148.5,148.5,0.8,0.8020674936174937,0.08782920960208591,-0.023539931952713332,-0.0020674936174936986,4.0,6.0,4.0,0.19999999999998863,0
149.5,149.5,0.9230769230769231,0.8463704881719589,0.09040481775325201,0.8484772914904188,0.0767064349049642,6.0,7.0,6.0,-0.19999999999998863,0
149.5,149.5,0.9230769230769231,0.8463704881719589,0.09040481775325201,0.8484772914904188,0.0767064349049642,6.0,7.0,6.0,-0.20000000000001705,0
149.5,149.5,0.9230769230769231,0.8463704881719589,0.09040481775325201,0.8484772914904188,0.0767064349049642,6.0,7.0,6.0,0.0,0
149.5,149.5,0.9230769230769231,0.8463704881719589,0.09040481775325201,0.8484772914904188,0.0767064349049642,6.0,7.0,6.0,0.19999999999998863,0
149.5,149.5,0.9230769230769231,0.8463704881719589,0.09040481775325201,0.8484772914904188,0.0767064349049642,6.0,7.0,6.0,-0.09999999999999432,0
149.5,149.5,0.9230769230769231,0.8463704881719589,0.09040481775325201,0.8484772914904188,0.0767064349049642,6.0,7.0,6.0,-0.19999999999998863,0
150.5,150.5,0.9230769230769231,0.8538444896606662,0.08847652408401442,0.7824949514349828,0.06923243341625696,6.0,7.0,6.0,-0.20000000000001705,0
150.5,150.5,0.9230769230769231,0.8538444896606662,0.08847652408401442,0.7824949514349828,0.06923243341625696,6.0,7.0,6.0,0.0,0
150.5,150.5,0.9230769230769231,0.8538444896606662,0.08847652408401442,0.7824949514349828,0.06923243341625696,6.0,7.0,6.0,0.19999999999998863,0
150.5,150.5,0.9230769230769231,0.8538444896606662,0.08847652408401442,0.7824949514349828,0.06923243341625696,6.0,7.0,6.0,-0.09999999999999432,0
150.5,150.5,0.9230769230769231,0.8538444896606662,0.08847652408401442,0.7824949514349828,0.06923243341625696,6.0,7.0,6.0,-0.19999999999998863,0
150.5,150.5,0.9230769230769231,0.8538444896606662,0.08847652408401442,0.7824949514349828,0.06923243341625696,6.0,7.0,6.0,0.0,0
151.5,151.5,1.0,0.8574196236769767,0.09415969327948909,1.5142400251858275,0.14258037632302334,7.0,7.0,7.0,0.0,0
151.5,151.5,1.0,0.8574196236769767,0.09415969327948909,1.5142400251858275,0.14258037632302334,7.0,7.0,7.0,0.19999999999998863,0
151.5,151.5,1.0,0.8574196236769767,0.09415969327948909,1.5142400251858275,0.14258037632302334,7.0,7.0,7.0,-0.09999999999999432,0
151.5,151.5,1.0,0.8574196236769767,0.09415969327948909,1.5142400251858275,0.14258037632302334,7.0,7.0,7.0,-0.19999999999998863,0
151.5,151.5,1.0,0.8574196236769767,0.09415969327948909,1.5142400251858275,0.14258037632302334,7.0,7.0,7.0,0.0,0
151.5,151.5,1.0,0.8574196236769767,0.09415969327948909,1.5142400251858275,0.14258037632302334,7.0,7.0,7.0,-0.09999999999999432,0
151.5,151.5,1.0,0.8574196236769767,0.09415969327948909,1.5142400251858275,0.14258037632302334,7.0,7.0,7.0,0.0,0
152.5,152.5,0.9333333333333333,0.8468160331498569,0.10429231853280481,0.8295654119172999,0.08651730018347648,8.0,7.0,7.0,0.19999999999998863,0
152.5,152.5,0.9333333333333333,0.8468160331498569,0.10429231853280481,0.8295654119172999,0.08651730018347648,8.0,7.0,7.0,-0.09999999999999432,0
152.5,152.5,0.9333333333333333,0.8468160331498569,0.10429231853280481,0.8295654119172999,0.08651730018347648,8.0,7.0,7.0,-0.19999999999998863,0
152.5,152.5,0.9333333333333333,0.8468160331498569,0.10429231853280481,0.8295654119172999,0.08651730018347648,8.0,7.0,7.0,0.0,0
152.5,152.5,0.9333333333333333,0.8468160331498569,0.10429231853280481,0.8295654119172999,0.08651730018347648,8.0,7.0,7.0,-0.09999999999999432,0
152.5,152.5,0.9333333333333333,0.8468160331498569,0.10429231853280481,0.8295654119172999,0.08651730018347648,8.0,7.0,7.0,0.0,0
152.5,152.5,0.9333333333333333,0.8468160331498569,0.10429231853280481,0.8295654119172999,0.08651730018347648,8.0,7.0,7.0,0.0,0
153.5,153.5,0.9411764705882353,0.8903108200622908,0.10761542543190912,0.47266133383571873,0.050865650525944495,9.0,8.0,8.0,-0.09999999999999432,0
153.5,153.5,0.9411764705882353,0.8903108200622908,0.10761542543190912,0.47266133383571873,0.050865650525944495,9.0,8.0,8.0,-0.19999999999998863,0
153.5,153.5,0.9411764705882353,0.8903108200622908,0.10761542543190912,0.47266133383571873,0.050865650525944495,9.0,8.0,8.0,0.0,0
153.5,153.5,0.9411764705882353,0.8903108200622908,0.10761542543190912,0.47266133383571873,0.050865650525944495,9.0,8.0,8.0,-0.09999999999999432,0
153.5,153.5,0.9411764705882353,0.8903108200622908,0.10761542543190912,0.47266133383571873,0.050865650525944495,9.0,8.0,8.0,0.0,0
153.5,153.5,0.9411764705882353,0.8903108200622908,0.10761542543190912,0.47266133383571873,0.050865650525944495,9.0,8.0,8.0,0.0,0
153.5,153.5,0.9411764705882353,0.8903108200622908,0.10761542543190912,0.47266133383571873,0.050865650525944495,9.0,8.0,8.0,-0.4000000000000057,0
153.5,153.5,0.9411764705882353,0.8903108200622908,0.10761542543190912,0.47266133383571873,0.050865650525944495,9.0,8.0,8.0,-0.5,0
154.5,154.5,0.8235294117647058,0.8332207522869288,0.10673463010658114,-0.09079846449597076,-0.00969134052222298,9.0,8.0,7.0,0.0,0
154.5,154.5,0.8235294117647058,0.8332207522869288,0.10673463010658114,-0.09079846449597076,-0.00969134052222298,9.0,8.0,7.0,-0.09999999999999432,0
154.5,154.5,0.8235294117647058,0.8332207522869288,0.10673463010658114,-0.09079846449597076,-0.00969134052222298,9.0,8.0,7.0,0.0,0
154.5,154.5,0.8235294117647058,0.8332207522869288,0.10673463010658114,-0.09079846449597076,-0.00969134052222298,9.0,8.0,7.0,0.0,0
154.5,154.5,0.8235294117647058,0.8332207522869288,0.10673463010658114,-0.09079846449597076,-0.00969134052222298,9.0,8.0,7.0,-0.4000000000000057,0
154.5,154.5,0.8235294117647058,0.8332207522869288,0.10673463010658114,-0.09079846449597076,-0.00969134052222298,9.0,8.0,7.0,-0.5,0
154.5,154.5,0.8235294117647058,0.8332207522869288,0.10673463010658114,-0.09079846449597076,-0.00969134052222298,9.0,8.0,7.0,-0.5,0
155.5,155.5,0.9411764705882353,0.8739545072574484,0.10586646247106778,0.6349693922110411,0.0672219633307869,9.0,8.0,8.0,-0.09999999999999432,0
155.5,155.5,0.9411764705882353,0.8739545072574484,0.10586646247106778,0.6349693922110411,0.0672219633307869,9.0,8.0,8.0,0.0,0
155.5,155.5,0.9411764705882353,0.8739545072574484,0.10586646247106778,0.6349693922110411,0.0672219633307869,9.0,8.0,8.0,0.0,0
155.5,155.5,0.9411764705882353,0.8739545072574484,0.10586646247106778,0.6349693922110411,0.0672219633307869,9.0,8.0,8.0,-0.4000000000000057,0
155.5,155.5,0.9411764705882353,0.8739545072574484,0.10586646247106778,0.6349693922110411,0.0672219633307869,9.0,8.0,8.0,-0.5,0
155.5,155.5,0.9411764705882353,0.8739545072574484,0.10586646247106778,0.6349693922110411,0.0672219633307869,9.0,8.0,8.0,-0.5,0
155.5,155.5,0.9411764705882353,0.8739545072574484,0.10586646247106778,0.6349693922110411,0.0672219633307869,9.0,8.0,8.0,-0.09999999999999432,0
155.5,155.5,0.9411764705882353,0.8739545072574484,0.10586646247106778,0.6349693922110411,0.0672219633307869,9.0,8.0,8.0,-0.19999999999998863,0
156.5,156.5,0.9411764705882353,0.8959168147212265,0.1061551563776555,0.4263538146559164,0.04525965586700875,9.0,8.0,8.0,0.0,0
156.5,156.5,0.9411764705882353,0.8959168147212265,0.1061551563776555,0.4263538146559164,0.04525965586700875,9.0,8.0,8.0,-0.4000000000000057,0
156.5,156.5,0.9411764705882353,0.8959168147212265,0.1061551563776555,0.4263538146559164,0.04525965586700875,9.0,8.0,8.0,-0.5,0
156.5,156.5,0.9411764705882353,0.8959168147212265,0.1061551563776555,0.4263538146559164,0.04525965586700875,9.0,8.0,8.0,-0.5,0
156.5,156.5,0.9411764705882353,0.8959168147212265,0.1061551563776555,0.4263538146559164,0.04525965586700875,9.0,8.0,8.0,-0.09999999999999432,0
156.5,156.5,0.9411764705882353,0.8959168147212265,0.1061551563776555,0.4263538146559164,0.04525965586700875,9.0,8.0,8.0,-0.19999999999998863,0
156.5,156.5,0.9411764705882353,0.8959168147212265,0.1061551563776555,0.4263538146559164,0.04525965586700875,9.0,8.0,8.0,-0.09999999999999432,0
156.5,156.5,0.9411764705882353,0.8959168147212265,0.1061551563776555,0.4263538146559164,0.04525965586700875,9.0,8.0,8.0,-0.20000000000001705,0
157.5,157.5,0.9411764705882353,0.8735917972550326,0.10908838759980868,0.6195404920745318,0.06758467333320273,9.0,8.0,8.0,0.20000000000001705,0
157.5,157.5,0.9411764705882353,0.8735917972550326,0.10908838759980868,0.6195404920745318,0.06758467333320273,9.0,8.0,8.0,0.09999999999999432,0
157.5,157.5,0.9411764705882353,0.8735917972550326,0.10908838759980868,0.6195404920745318,0.06758467333320273,9.0,8.0,8.0,0.09999999999999432,0
157.5,157.5,0.9411764705882353,0.8735917972550326,0.10908838759980868,0.6195404920745318,0.06758467333320273,9.0,8.0,8.0,-0.09999999999999432,0
157.5,157.5,0.9411764705882353,0.8735917972550326,0.10908838759980868,0.6195404920745318,0.06758467333320273,9.0,8.0,8.0,-0.19999999999998863,0
157.5,157.5,0.9411764705882353,0.8735917972550326,0.10908838759980868,0.6195404920745318,0.06758467333320273,9.0,8.0,8.0,-0.09999999999999432,0
157.5,157.5,0.9411764705882353,0.8735917972550326,0.10908838759980868,0.6195404920745318,0.06758467333320273,9.0,8.0,8.0,-0.20000000000001705,0
157.5,157.5,0.9411764705882353,0.8735917972550326,0.10908838759980868,0.6195404920745318,0.06758467333320273,9.0,8.0,8.0,-0.09999999999999432,0
158.5,158.5,0.9333333333333333,0.8527178600810955,0.09709960207378487,0.8302348468017311,0.08061547325223783,8.0,7.0,7.0,0.09999999999999432,0
158.5,158.5,0.9333333333333333,0.8527178600810955,0.09709960207378487,0.8302348468017311,0.08061547325223783,8.0,7.0,7.0,-0.09999999999999432,0
158.5,158.5,0.9333333333333333,0.8527178600810955,0.09709960207378487,0.8302348468017311,0.08061547325223783,8.0,7.0,7.0,-0.19999999999998863,0
158.5,158.5,0.9333333333333333,0.8527178600810955,0.09709960207378487,0.8302348468017311,0.08061547325223783,8.0,7.0,7.0,-0.09999999999999432,0
158.5,158.5,0.9333333333333333,0.8527178600810955,0.09709960207378487,0.8302348468017311,0.08061547325223783,8.0,7.0,7.0,-0.20000000000001705,0
158.5,158.5,0.9333333333333333,0.8527178600810955,0.09709960207378487,0.8302348468017311,0.08061547325223783,8.0,7.0,7.0,-0.09999999999999432,0
158.5,158.5,0.9333333333333333,0.8527178600810955,0.09709960207378487,0.8302348468017311,0.08061547325223783,8.0,7.0,7.0,-0.20000000000001705,0
159.5,159.5,0.8,0.7323890026640026,0.10806923657779159,0.6256266767215377,0.0676109973359974,9.0,6.0,6.0,-0.09999999999999432,0
159.5,159.5,0.8,0.7323890026640026,0.10806923657779159,0.6256266767215377,0.0676109973359974,9.0,6.0,6.0,-0.19999999999998863,0
159.5,159.5,0.8,0.7323890026640026,0.10806923657779159,0.6256266767215377,0.0676109973359974,9.0,6.0,6.0,-0.09999999999999432,0
159.5,159.5,0.8,0.7323890026640026,0.10806923657779159,0.6256266767215377,0.0676109973359974,9.0,6.0,6.0,-0.20000000000001705,0
159.5,159.5,0.8,0.7323890026640026,0.10806923657779159,0.6256266767215377,0.0676109973359974,9.0,6.0,6.0,-0.09999999999999432,0
159.5,159.5,0.8,0.7323890026640026,0.10806923657779159,0.6256266767215377,0.0676109973359974,9.0,6.0,6.0,-0.20000000000001705,0
160.5,160.5,0.6666666666666666,0.7151466866466867,0.09288406464767009,-0.5219411980291296,-0.04848001998002005,7.0,5.0,4.0,-0.09999999999999432,0
160.5,160.5,0.6666666666666666,0.7151466866466867,0.09288406464767009,-0.5219411980291296,-0.04848001998002005,7.0,5.0,4.0,-0.20000000000001705,0
160.5,160.5,0.6666666666666666,0.7151466866466867,0.09288406464767009,-0.5219411980291296,-0.04848001998002005,7.0,5.0,4.0,-0.09999999999999432,0
160.5,160.5,0.6666666666666666,0.7151466866466867,0.09288406464767009,-0.5219411980291296,-0.04848001998002005,7.0,5.0,4.0,-0.20000000000001705,0
161.5,161.5,0.6,0.6520441114441115,0.0842834934767625,-0.6174887786119161,-0.052044111444111474,6.0,4.0,3.0,-0.09999999999999432,0
161.5,161.5,0.6,0.6520441114441115,0.0842834934767625,-0.6174887786119161,-0.052044111444111474,6.0,4.0,3.0,-0.20000000000001705,0
161.5,161.5,0.6,0.6520441114441115,0.0842834934767625,-0.6174887786119161,-0.052044111444111474,6.0,4.0,3.0,0.09999999999999432,0
162.5,162.5,0.4444444444444444,0.6457251581751581,0.08906677425500838,-2.2598855231292414,-0.20128071373071366,5.0,4.0,2.0,-0.20000000000001705,0
162.5,162.5,0.4444444444444444,0.6457251581751581,0.08906677425500838,-2.2598855231292414,-0.20128071373071366,5.0,4.0,2.0,0.09999999999999432,0
163.5,163.5,0.25,0.7245191974691975,0.09704470498959995,-4.8896969445169685,-0.47451919746919746,3.0,5.0,1.0,0.09999999999999432,0
164.5,164.5,0.25,0.8139774558774558,0.08272382602347131,-6.8175939507130385,-0.5639774558774558,2.0,6.0,1.0,0.09999999999999432,0
165.5,165.5,0.5714285714285714,0.7309741092241093,0.09077420240658395,-1.7576088091738047,-0.15954553779553793,2.0,5.0,2.0,0.09999999999999432,0
165.5,165.5,0.5714285714285714,0.7309741092241093,0.09077420240658395,-1.7576088091738047,-0.15954553779553793,2.0,5.0,2.0,0.4000000000000057,0
166.5,166.5,0.4444444444444444,0.7935977277624336,0.09521097183982664,-3.667153864424045,-0.3491532833179892,2.0,7.0,2.0,0.4000000000000057,0
166.5,166.5,0.4444444444444444,0.7935977277624336,0.09521097183982664,-3.667153864424045,-0.3491532833179892,2.0,7.0,2.0,0.0,0
167.5,167.5,0.7272727272727273,0.7954723408943999,0.10945561192505876,-0.6230800999803189,-0.0681996136216726,4.0,7.0,4.0,0.4000000000000057,0
167.5,167.5,0.7272727272727273,0.7954723408943999,0.10945561192505876,-0.6230800999803189,-0.0681996136216726,4.0,7.0,4.0,0.0,0
167.5,167.5,0.7272727272727273,0.7954723408943999,0.10945561192505876,-0.6230800999803189,-0.0681996136216726,4.0,7.0,4.0,0.09999999999999432,0
167.5,167.5,0.7272727272727273,0.7954723408943999,0.10945561192505876,-0.6230800999803189,-0.0681996136216726,4.0,7.0,4.0,0.19999999999998863,0
168.5,168.5,0.9230769230769231,0.8040483273262684,0.11088370399217491,1.073454362230311,0.11902859575065472,6.0,7.0,6.0,0.4000000000000057,0
168.5,168.5,0.9230769230769231,0.8040483273262684,0.11088370399217491,1.073454362230311,0.11902859575065472,6.0,7.0,6.0,0.0,0
168.5,168.5,0.9230769230769231,0.8040483273262684,0.11088370399217491,1.073454362230311,0.11902859575065472,6.0,7.0,6.0,0.09999999999999432,0
168.5,168.5,0.9230769230769231,0.8040483273262684,0.11088370399217491,1.073454362230311,0.11902859575065472,6.0,7.0,6.0,0.19999999999998863,0
168.5,168.5,0.9230769230769231,0.8040483273262684,0.11088370399217491,1.073454362230311,0.11902859575065472,6.0,7.0,6.0,-0.10000000000002274,0
168.5,168.5,0.9230769230769231,0.8040483273262684,0.11088370399217491,1.073454362230311,0.11902859575065472,6.0,7.0,6.0,-0.09999999999999432,0
169.5,169.5,0.8,0.822280785227844,0.1175819534602005,-0.18949153821794262,-0.022280785227843936,7.0,8.0,6.0,0.0,0
169.5,169.5,0.8,0.822280785227844,0.1175819534602005,-0.18949153821794262,-0.022280785227843936,7.0,8.0,6.0,0.09999999999999432,0
169.5,169.5,0.8,0.822280785227844,0.1175819534602005,-0.18949153821794262,-0.022280785227843936,7.0,8.0,6.0,0.19999999999998863,0
169.5,169.5,0.8,0.822280785227844,0.1175819534602005,-0.18949153821794262,-0.022280785227843936,7.0,8.0,6.0,-0.10000000000002274,0
169.5,169.5,0.8,0.822280785227844,0.1175819534602005,-0.18949153821794262,-0.022280785227843936,7.0,8.0,6.0,-0.09999999999999432,0
169.5,169.5,0.8,0.822280785227844,0.1175819534602005,-0.18949153821794262,-0.022280785227843936,7.0,8.0,6.0,0.0,0
170.5,170.5,0.9411764705882353,0.8406273153660925,0.10670894712580362,0.9422748319651324,0.1005491552221428,8.0,9.0,8.0,0.0,0
170.5,170.5,0.9411764705882353,0.8406273153660925,0.10670894712580362,0.9422748319651324,0.1005491552221428,8.0,9.0,8.0,0.09999999999999432,0
170.5,170.5,0.9411764705882353,0.8406273153660925,0.10670894712580362,0.9422748319651324,0.1005491552221428,8.0,9.0,8.0,0.19999999999998863,0
170.5,170.5,0.9411764705882353,0.8406273153660925,0.10670894712580362,0.9422748319651324,0.1005491552221428,8.0,9.0,8.0,-0.10000000000002274,0
170.5,170.5,0.9411764705882353,0.8406273153660925,0.10670894712580362,0.9422748319651324,0.1005491552221428,8.0,9.0,8.0,-0.09999999999999432,0
170.5,170.5,0.9411764705882353,0.8406273153660925,0.10670894712580362,0.9422748319651324,0.1005491552221428,8.0,9.0,8.0,0.0,0
170.5,170.5,0.9411764705882353,0.8406273153660925,0.10670894712580362,0.9422748319651324,0.1005491552221428,8.0,9.0,8.0,0.09999999999999432,0
170.5,170.5,0.9411764705882353,0.8406273153660925,0.10670894712580362,0.9422748319651324,0.1005491552221428,8.0,9.0,8.0,0.20000000000001705,0
171.5,171.5,0.8888888888888888,0.8519704339691956,0.11355855724586841,0.32510500146422433,0.036918454919693255,9.0,9.0,8.0,0.09999999999999432,0
171.5,171.5,0.8888888888888888,0.8519704339691956,0.11355855724586841,0.32510500146422433,0.036918454919693255,9.0,9.0,8.0,0.19999999999998863,0
171.5,171.5,0.8888888888888888,0.8519704339691956,0.11355855724586841,0.32510500146422433,0.036918454919693255,9.0,9.0,8.0,-0.10000000000002274,0
171.5,171.5,0.8888888888888888,0.8519704339691956,0.11355855724586841,0.32510500146422433,0.036918454919693255,9.0,9.0,8.0,-0.09999999999999432,0
171.5,171.5,0.8888888888888888,0.8519704339691956,0.11355855724586841,0.32510500146422433,0.036918454919693255,9.0,9.0,8.0,0.0,0
171.5,171.5,0.8888888888888888,0.8519704339691956,0.11355855724586841,0.32510500146422433,0.036918454919693255,9.0,9.0,8.0,0.09999999999999432,0
171.5,171.5,0.8888888888888888,0.8519704339691956,0.11355855724586841,0.32510500146422433,0.036918454919693255,9.0,9.0,8.0,0.20000000000001705,0
171.5,171.5,0.8888888888888888,0.8519704339691956,0.11355855724586841,0.32510500146422433,0.036918454919693255,9.0,9.0,8.0,-0.19999999999998863,0
172.5,172.5,0.9411764705882353,0.8760360948906616,0.1203819248891501,0.5411142557950968,0.0651403756975737,8.0,9.0,8.0,-0.10000000000002274,0
172.5,172.5,0.9411764705882353,0.8760360948906616,0.1203819248891501,0.5411142557950968,0.0651403756975737,8.0,9.0,8.0,-0.09999999999999432,0
172.5,172.5,0.9411764705882353,0.8760360948906616,0.1203819248891501,0.5411142557950968,0.0651403756975737,8.0,9.0,8.0,0.0,0
172.5,172.5,0.9411764705882353,0.8760360948906616,0.1203819248891501,0.5411142557950968,0.0651403756975737,8.0,9.0,8.0,0.09999999999999432,0
172.5,172.5,0.9411764705882353,0.8760360948906616,0.1203819248891501,0.5411142557950968,0.0651403756975737,8.0,9.0,8.0,0.20000000000001705,0
172.5,172.5,0.9411764705882353,0.8760360948906616,0.1203819248891501,0.5411142557950968,0.0651403756975737,8.0,9.0,8.0,-0.19999999999998863,0
172.5,172.5,0.9411764705882353,0.8760360948906616,0.1203819248891501,0.5411142557950968,0.0651403756975737,8.0,9.0,8.0,-0.19999999999998863,0
172.5,172.5,0.9411764705882353,0.8760360948906616,0.1203819248891501,0.5411142557950968,0.0651403756975737,8.0,9.0,8.0,-0.19999999999998863,0
173.5,173.5,0.8888888888888888,0.8419370774220621,0.1173740090389977,0.4000188103929115,0.0469518114668267,8.0,10.0,8.0,0.0,0
173.5,173.5,0.8888888888888888,0.8419370774220621,0.1173740090389977,0.4000188103929115,0.0469518114668267,8.0,10.0,8.0,0.09999999999999432,0
173.5,173.5,0.8888888888888888,0.8419370774220621,0.1173740090389977,0.4000188103929115,0.0469518114668267,8.0,10.0,8.0,0.20000000000001705,0
173.5,173.5,0.8888888888888888,0.8419370774220621,0.1173740090389977,0.4000188103929115,0.0469518114668267,8.0,10.0,8.0,-0.19999999999998863,0
173.5,173.5,0.8888888888888888,0.8419370774220621,0.1173740090389977,0.4000188103929115,0.0469518114668267,8.0,10.0,8.0,-0.19999999999998863,0
173.5,173.5,0.8888888888888888,0.8419370774220621,0.1173740090389977,0.4000188103929115,0.0469518114668267,8.0,10.0,8.0,-0.19999999999998863,0
173.5,173.5,0.8888888888888888,0.8419370774220621,0.1173740090389977,0.4000188103929115,0.0469518114668267,8.0,10.0,8.0,-0.10000000000002274,0
173.5,173.5,0.8888888888888888,0.8419370774220621,0.1173740090389977,0.4000188103929115,0.0469518114668267,8.0,10.0,8.0,-0.30000000000001137,0
174.5,174.5,0.875,0.7866934797228915,0.11536071715036787,0.7654817208010648,0.0883065202771085,8.0,8.0,7.0,0.09999999999999432,0
174.5,174.5,0.875,0.7866934797228915,0.11536071715036787,0.7654817208010648,0.0883065202771085,8.0,8.0,7.0,0.20000000000001705,0
174.5,174.5,0.875,0.7866934797228915,0.11536071715036787,0.7654817208010648,0.0883065202771085,8.0,8.0,7.0,-0.19999999999998863,0
174.5,174.5,0.875,0.7866934797228915,0.11536071715036787,0.7654817208010648,0.0883065202771085,8.0,8.0,7.0,-0.19999999999998863,0
174.5,174.5,0.875,0.7866934797228915,0.11536071715036787,0.7654817208010648,0.0883065202771085,8.0,8.0,7.0,-0.19999999999998863,0
174.5,174.5,0.875,0.7866934797228915,0.11536071715036787,0.7654817208010648,0.0883065202771085,8.0,8.0,7.0,-0.10000000000002274,0
174.5,174.5,0.875,0.7866934797228915,0.11536071715036787,0.7654817208010648,0.0883065202771085,8.0,8.0,7.0,-0.30000000000001137,0
175.5,175.5,0.875,0.8147897657897658,0.10485155530689765,0.5742426426961477,0.06021023421023419,8.0,8.0,7.0,-0.19999999999998863,0
175.5,175.5,0.875,0.8147897657897658,0.10485155530689765,0.5742426426961477,0.06021023421023419,8.0,8.0,7.0,-0.19999999999998863,0
175.5,175.5,0.875,0.8147897657897658,0.10485155530689765,0.5742426426961477,0.06021023421023419,8.0,8.0,7.0,-0.19999999999998863,0
175.5,175.5,0.875,0.8147897657897658,0.10485155530689765,0.5742426426961477,0.06021023421023419,8.0,8.0,7.0,-0.10000000000002274,0
175.5,175.5,0.875,0.8147897657897658,0.10485155530689765,0.5742426426961477,0.06021023421023419,8.0,8.0,7.0,-0.30000000000001137,0
175.5,175.5,0.875,0.8147897657897658,0.10485155530689765,0.5742426426961477,0.06021023421023419,8.0,8.0,7.0,0.0,0
175.5,175.5,0.875,0.8147897657897658,0.10485155530689765,0.5742426426961477,0.06021023421023419,8.0,8.0,7.0,0.0,0
176.5,176.5,0.875,0.8185194674606439,0.11514527526243558,0.49051541550990646,0.05648053253935614,8.0,8.0,7.0,-0.19999999999998863,0
176.5,176.5,0.875,0.8185194674606439,0.11514527526243558,0.49051541550990646,0.05648053253935614,8.0,8.0,7.0,-0.10000000000002274,0
176.5,176.5,0.875,0.8185194674606439,0.11514527526243558,0.49051541550990646,0.05648053253935614,8.0,8.0,7.0,-0.30000000000001137,0
176.5,176.5,0.875,0.8185194674606439,0.11514527526243558,0.49051541550990646,0.05648053253935614,8.0,8.0,7.0,0.0,0
176.5,176.5,0.875,0.8185194674606439,0.11514527526243558,0.49051541550990646,0.05648053253935614,8.0,8.0,7.0,0.0,0
176.5,176.5,0.875,0.8185194674606439,0.11514527526243558,0.49051541550990646,0.05648053253935614,8.0,8.0,7.0,0.0,0
176.5,176.5,0.875,0.8185194674606439,0.11514527526243558,0.49051541550990646,0.05648053253935614,8.0,8.0,7.0,0.0,0
