t_center,t_center_abs,S,S_null_mean,S_null_sd,z_S_t,S_excess,nA,nB,nM,dt,episode
6.5,6.5,0.8,0.7584474050459344,0.1394497690773599,0.2979753586469853,0.0415525949540656,8.0,7.0,6.0,-0.09999999999999964,0
6.5,6.5,0.8,0.7584474050459344,0.1394497690773599,0.2979753586469853,0.0415525949540656,8.0,7.0,6.0,0.20000000000000018,0
6.5,6.5,0.8,0.7584474050459344,0.1394497690773599,0.2979753586469853,0.0415525949540656,8.0,7.0,6.0,0.09999999999999964,0
6.5,6.5,0.8,0.7584474050459344,0.1394497690773599,0.2979753586469853,0.0415525949540656,8.0,7.0,6.0,0.20000000000000018,0
6.5,6.5,0.8,0.7584474050459344,0.1394497690773599,0.2979753586469853,0.0415525949540656,8.0,7.0,6.0,0.10000000000000053,0
6.5,6.5,0.8,0.7584474050459344,0.1394497690773599,0.2979753586469853,0.0415525949540656,8.0,7.0,6.0,-0.5,0
7.5,7.5,0.9411764705882353,0.7679517478307727,0.13404491384296105,1.2922886649798757,0.1732247227574626,9.0,8.0,8.0,-0.09999999999999964,0
7.5,7.5,0.9411764705882353,0.7679517478307727,0.13404491384296105,1.2922886649798757,0.1732247227574626,9.0,8.0,8.0,0.20000000000000018,0
7.5,7.5,0.9411764705882353,0.7679517478307727,0.13404491384296105,1.2922886649798757,0.1732247227574626,9.0,8.0,8.0,0.09999999999999964,0
7.5,7.5,0.9411764705882353,0.7679517478307727,0.13404491384296105,1.2922886649798757,0.1732247227574626,9.0,8.0,8.0,0.20000000000000018,0
7.5,7.5,0.9411764705882353,0.7679517478307727,0.13404491384296105,1.2922886649798757,0.1732247227574626,9.0,8.0,8.0,0.10000000000000053,0
7.5,7.5,0.9411764705882353,0.7679517478307727,0.13404491384296105,1.2922886649798757,0.1732247227574626,9.0,8.0,8.0,-0.5,0
7.5,7.5,0.9411764705882353,0.7679517478307727,0.13404491384296105,1.2922886649798757,0.1732247227574626,9.0,8.0,8.0,-0.09999999999999964,0
7.5,7.5,0.9411764705882353,0.7679517478307727,0.13404491384296105,1.2922886649798757,0.1732247227574626,9.0,8.0,8.0,-0.09999999999999964,0
8.5,8.5,0.875,0.7694132824691648,0.1324269313980728,0.7973205783455294,0.10558671753083515,9.0,7.0,7.0,-0.40000000000000036,0
8.5,8.5,0.875,0.7694132824691648,0.1324269313980728,0.7973205783455294,0.10558671753083515,9.0,7.0,7.0,-0.5,0
8.5,8.5,0.875,0.7694132824691648,0.1324269313980728,0.7973205783455294,0.10558671753083515,9.0,7.0,7.0,-0.39999999999999947,0
8.5,8.5,0.875,0.7694132824691648,0.1324269313980728,0.7973205783455294,0.10558671753083515,9.0,7.0,7.0,-0.5,0
8.5,8.5,0.875,0.7694132824691648,0.1324269313980728,0.7973205783455294,0.10558671753083515,9.0,7.0,7.0,-0.09999999999999964,0
8.5,8.5,0.875,0.7694132824691648,0.1324269313980728,0.7973205783455294,0.10558671753083515,9.0,7.0,7.0,-0.09999999999999964,0
8.5,8.5,0.875,0.7694132824691648,0.1324269313980728,0.7973205783455294,0.10558671753083515,9.0,7.0,7.0,0.09999999999999964,0
9.5,9.5,0.875,0.7456417078965066,0.15453901284454746,0.8370591329816267,0.12935829210349337,8.0,8.0,7.0,0.20000000000000018,0
9.5,9.5,0.875,0.7456417078965066,0.15453901284454746,0.8370591329816267,0.12935829210349337,8.0,8.0,7.0,0.10000000000000053,0
9.5,9.5,0.875,0.7456417078965066,0.15453901284454746,0.8370591329816267,0.12935829210349337,8.0,8.0,7.0,-0.5,0
9.5,9.5,0.875,0.7456417078965066,0.15453901284454746,0.8370591329816267,0.12935829210349337,8.0,8.0,7.0,-0.09999999999999964,0
9.5,9.5,0.875,0.7456417078965066,0.15453901284454746,0.8370591329816267,0.12935829210349337,8.0,8.0,7.0,-0.09999999999999964,0
9.5,9.5,0.875,0.7456417078965066,0.15453901284454746,0.8370591329816267,0.12935829210349337,8.0,8.0,7.0,0.09999999999999964,0
9.5,9.5,0.875,0.7456417078965066,0.15453901284454746,0.8370591329816267,0.12935829210349337,8.0,8.0,7.0,0.10000000000000142,0
10.5,10.5,0.8571428571428571,0.7457783554938354,0.16347142346825372,0.6812475189013617,0.11136450164902167,7.0,7.0,6.0,-0.5,0
10.5,10.5,0.8571428571428571,0.7457783554938354,0.16347142346825372,0.6812475189013617,0.11136450164902167,7.0,7.0,6.0,-0.09999999999999964,0
10.5,10.5,0.8571428571428571,0.7457783554938354,0.16347142346825372,0.6812475189013617,0.11136450164902167,7.0,7.0,6.0,-0.09999999999999964,0
10.5,10.5,0.8571428571428571,0.7457783554938354,0.16347142346825372,0.6812475189013617,0.11136450164902167,7.0,7.0,6.0,0.09999999999999964,0
10.5,10.5,0.8571428571428571,0.7457783554938354,0.16347142346825372,0.6812475189013617,0.11136450164902167,7.0,7.0,6.0,0.10000000000000142,0
10.5,10.5,0.8571428571428571,0.7457783554938354,0.16347142346825372,0.6812475189013617,0.11136450164902167,7.0,7.0,6.0,0.0,0
11.5,11.5,0.9230769230769231,0.7681876915825833,0.14923375880687223,1.0378967381957225,0.15488923149433986,6.0,7.0,6.0,-0.09999999999999964,0
11.5,11.5,0.9230769230769231,0.7681876915825833,0.14923375880687223,1.0378967381957225,0.15488923149433986,6.0,7.0,6.0,-0.09999999999999964,0
11.5,11.5,0.9230769230769231,0.7681876915825833,0.14923375880687223,1.0378967381957225,0.15488923149433986,6.0,7.0,6.0,0.09999999999999964,0
11.5,11.5,0.9230769230769231,0.7681876915825833,0.14923375880687223,1.0378967381957225,0.15488923149433986,6.0,7.0,6.0,0.10000000000000142,0
11.5,11.5,0.9230769230769231,0.7681876915825833,0.14923375880687223,1.0378967381957225,0.15488923149433986,6.0,7.0,6.0,0.0,0
11.5,11.5,0.9230769230769231,0.7681876915825833,0.14923375880687223,1.0378967381957225,0.15488923149433986,6.0,7.0,6.0,-0.09999999999999964,0
12.5,12.5,0.7272727272727273,0.7136255690645783,0.1452024627503617,0.09398709876988637,0.01364715820814899,4.0,7.0,4.0,0.09999999999999964,0
12.5,12.5,0.7272727272727273,0.7136255690645783,0.1452024627503617,0.09398709876988637,0.01364715820814899,4.0,7.0,4.0,0.10000000000000142,0
12.5,12.5,0.7272727272727273,0.7136255690645783,0.1452024627503617,0.09398709876988637,0.01364715820814899,4.0,7.0,4.0,0.0,0
12.5,12.5,0.7272727272727273,0.7136255690645783,0.1452024627503617,0.09398709876988637,0.01364715820814899,4.0,7.0,4.0,-0.09999999999999964,0
13.5,13.5,0.8,0.7206204625439919,0.1253748971695962,0.6331374082694593,0.07937953745600812,4.0,6.0,4.0,0.10000000000000142,0
13.5,13.5,0.8,0.7206204625439919,0.1253748971695962,0.6331374082694593,0.07937953745600812,4.0,6.0,4.0,0.0,0
13.5,13.5,0.8,0.7206204625439919,0.1253748971695962,0.6331374082694593,0.07937953745600812,4.0,6.0,4.0,-0.09999999999999964,0
13.5,13.5,0.8,0.7206204625439919,0.1253748971695962,0.6331374082694593,0.07937953745600812,4.0,6.0,4.0,0.3000000000000007,0
14.5,14.5,0.8,0.747403043035396,0.1261231386302457,0.4170286081985496,0.05259695696460409,4.0,6.0,4.0,0.0,0
14.5,14.5,0.8,0.747403043035396,0.1261231386302457,0.4170286081985496,0.05259695696460409,4.0,6.0,4.0,-0.09999999999999964,0
14.5,14.5,0.8,0.747403043035396,0.1261231386302457,0.4170286081985496,0.05259695696460409,4.0,6.0,4.0,0.3000000000000007,0
14.5,14.5,0.8,0.747403043035396,0.1261231386302457,0.4170286081985496,0.05259695696460409,4.0,6.0,4.0,0.0,0
15.5,15.5,0.8,0.7562191316853082,0.12879532792271664,0.3399259043073556,0.043780868314691856,4.0,6.0,4.0,-0.09999999999999964,0
15.5,15.5,0.8,0.7562191316853082,0.12879532792271664,0.3399259043073556,0.043780868314691856,4.0,6.0,4.0,0.3000000000000007,0
15.5,15.5,0.8,0.7562191316853082,0.12879532792271664,0.3399259043073556,0.043780868314691856,4.0,6.0,4.0,0.0,0
15.5,15.5,0.8,0.7562191316853082,0.12879532792271664,0.3399259043073556,0.043780868314691856,4.0,6.0,4.0,0.0,0
16.5,16.5,0.7272727272727273,0.7565620968900381,0.13194378331529555,-0.2219837030693617,-0.029289369617310768,5.0,6.0,4.0,0.3000000000000007,0
16.5,16.5,0.7272727272727273,0.7565620968900381,0.13194378331529555,-0.2219837030693617,-0.029289369617310768,5.0,6.0,4.0,0.0,0
16.5,16.5,0.7272727272727273,0.7565620968900381,0.13194378331529555,-0.2219837030693617,-0.029289369617310768,5.0,6.0,4.0,0.0,0
16.5,16.5,0.7272727272727273,0.7565620968900381,0.13194378331529555,-0.2219837030693617,-0.029289369617310768,5.0,6.0,4.0,-0.5,0
17.5,17.5,0.7692307692307693,0.7668126474832357,0.12023443754679333,0.020111723370373282,0.0024181217475335304,7.0,6.0,5.0,0.3000000000000007,0
17.5,17.5,0.7692307692307693,0.7668126474832357,0.12023443754679333,0.020111723370373282,0.0024181217475335304,7.0,6.0,5.0,0.0,0
17.5,17.5,0.7692307692307693,0.7668126474832357,0.12023443754679333,0.020111723370373282,0.0024181217475335304,7.0,6.0,5.0,0.0,0
17.5,17.5,0.7692307692307693,0.7668126474832357,0.12023443754679333,0.020111723370373282,0.0024181217475335304,7.0,6.0,5.0,-0.5,0
17.5,17.5,0.7692307692307693,0.7668126474832357,0.12023443754679333,0.020111723370373282,0.0024181217475335304,7.0,6.0,5.0,-0.3000000000000007,0
18.5,18.5,0.8,0.773331589703726,0.1285018841435463,0.20753322392131984,0.026668410296274092,8.0,7.0,6.0,0.0,0
18.5,18.5,0.8,0.773331589703726,0.1285018841435463,0.20753322392131984,0.026668410296274092,8.0,7.0,6.0,0.0,0
18.5,18.5,0.8,0.773331589703726,0.1285018841435463,0.20753322392131984,0.026668410296274092,8.0,7.0,6.0,-0.5,0
18.5,18.5,0.8,0.773331589703726,0.1285018841435463,0.20753322392131984,0.026668410296274092,8.0,7.0,6.0,-0.3000000000000007,0
18.5,18.5,0.8,0.773331589703726,0.1285018841435463,0.20753322392131984,0.026668410296274092,8.0,7.0,6.0,0.10000000000000142,0
18.5,18.5,0.8,0.773331589703726,0.1285018841435463,0.20753322392131984,0.026668410296274092,8.0,7.0,6.0,0.10000000000000142,0
19.5,19.5,0.875,0.7636945246188281,0.12573174837883733,0.8852614937462077,0.11130547538117186,9.0,7.0,7.0,0.0,0
19.5,19.5,0.875,0.7636945246188281,0.12573174837883733,0.8852614937462077,0.11130547538117186,9.0,7.0,7.0,0.0,0
19.5,19.5,0.875,0.7636945246188281,0.12573174837883733,0.8852614937462077,0.11130547538117186,9.0,7.0,7.0,-0.5,0
19.5,19.5,0.875,0.7636945246188281,0.12573174837883733,0.8852614937462077,0.11130547538117186,9.0,7.0,7.0,-0.3000000000000007,0
19.5,19.5,0.875,0.7636945246188281,0.12573174837883733,0.8852614937462077,0.11130547538117186,9.0,7.0,7.0,0.10000000000000142,0
19.5,19.5,0.875,0.7636945246188281,0.12573174837883733,0.8852614937462077,0.11130547538117186,9.0,7.0,7.0,0.10000000000000142,0
19.5,19.5,0.875,0.7636945246188281,0.12573174837883733,0.8852614937462077,0.11130547538117186,9.0,7.0,7.0,0.0,0
20.5,20.5,0.7142857142857143,0.6654325700443349,0.14226622063513802,0.3433924372439068,0.04885314424137943,9.0,5.0,5.0,-0.5,0
20.5,20.5,0.7142857142857143,0.6654325700443349,0.14226622063513802,0.3433924372439068,0.04885314424137943,9.0,5.0,5.0,-0.3000000000000007,0
20.5,20.5,0.7142857142857143,0.6654325700443349,0.14226622063513802,0.3433924372439068,0.04885314424137943,9.0,5.0,5.0,0.10000000000000142,0
20.5,20.5,0.7142857142857143,0.6654325700443349,0.14226622063513802,0.3433924372439068,0.04885314424137943,9.0,5.0,5.0,0.10000000000000142,0
20.5,20.5,0.7142857142857143,0.6654325700443349,0.14226622063513802,0.3433924372439068,0.04885314424137943,9.0,5.0,5.0,0.0,0
21.5,21.5,0.7142857142857143,0.672224333999334,0.13706840684917881,0.30686415092474156,0.04206138028638029,9.0,5.0,5.0,-0.3000000000000007,0
21.5,21.5,0.7142857142857143,0.672224333999334,0.13706840684917881,0.30686415092474156,0.04206138028638029,9.0,5.0,5.0,0.10000000000000142,0
21.5,21.5,0.7142857142857143,0.672224333999334,0.13706840684917881,0.30686415092474156,0.04206138028638029,9.0,5.0,5.0,0.10000000000000142,0
21.5,21.5,0.7142857142857143,0.672224333999334,0.13706840684917881,0.30686415092474156,0.04206138028638029,9.0,5.0,5.0,0.0,0
21.5,21.5,0.7142857142857143,0.672224333999334,0.13706840684917881,0.30686415092474156,0.04206138028638029,9.0,5.0,5.0,-0.40000000000000213,0
22.5,22.5,0.8571428571428571,0.7078802214125743,0.12204484812745076,1.2230146378191122,0.14926263573028276,8.0,6.0,6.0,0.10000000000000142,0
22.5,22.5,0.8571428571428571,0.7078802214125743,0.12204484812745076,1.2230146378191122,0.14926263573028276,8.0,6.0,6.0,0.10000000000000142,0
22.5,22.5,0.8571428571428571,0.7078802214125743,0.12204484812745076,1.2230146378191122,0.14926263573028276,8.0,6.0,6.0,0.0,0
22.5,22.5,0.8571428571428571,0.7078802214125743,0.12204484812745076,1.2230146378191122,0.14926263573028276,8.0,6.0,6.0,-0.40000000000000213,0
22.5,22.5,0.8571428571428571,0.7078802214125743,0.12204484812745076,1.2230146378191122,0.14926263573028276,8.0,6.0,6.0,-0.40000000000000213,0
22.5,22.5,0.8571428571428571,0.7078802214125743,0.12204484812745076,1.2230146378191122,0.14926263573028276,8.0,6.0,6.0,-0.1999999999999993,0
23.5,23.5,0.7142857142857143,0.6883431490078549,0.15504705862301002,0.16732058968585542,0.02594256527785943,8.0,6.0,5.0,0.0,0
23.5,23.5,0.7142857142857143,0.6883431490078549,0.15504705862301002,0.16732058968585542,0.02594256527785943,8.0,6.0,5.0,-0.40000000000000213,0
23.5,23.5,0.7142857142857143,0.6883431490078549,0.15504705862301002,0.16732058968585542,0.02594256527785943,8.0,6.0,5.0,-0.40000000000000213,0
23.5,23.5,0.7142857142857143,0.6883431490078549,0.15504705862301002,0.16732058968585542,0.02594256527785943,8.0,6.0,5.0,-0.1999999999999993,0
23.5,23.5,0.7142857142857143,0.6883431490078549,0.15504705862301002,0.16732058968585542,0.02594256527785943,8.0,6.0,5.0,-0.1999999999999993,0
24.5,24.5,0.6153846153846154,0.6974343132357839,0.17804201172533493,-0.460844589746303,-0.08204969785116845,6.0,7.0,4.0,-0.40000000000000213,0
24.5,24.5,0.6153846153846154,0.6974343132357839,0.17804201172533493,-0.460844589746303,-0.08204969785116845,6.0,7.0,4.0,-0.40000000000000213,0
24.5,24.5,0.6153846153846154,0.6974343132357839,0.17804201172533493,-0.460844589746303,-0.08204969785116845,6.0,7.0,4.0,-0.1999999999999993,0
24.5,24.5,0.6153846153846154,0.6974343132357839,0.17804201172533493,-0.460844589746303,-0.08204969785116845,6.0,7.0,4.0,-0.1999999999999993,0
25.5,25.5,0.7142857142857143,0.7725534310804435,0.16485153544563413,-0.35345571175432045,-0.058267716794729196,5.0,9.0,5.0,-0.40000000000000213,0
25.5,25.5,0.7142857142857143,0.7725534310804435,0.16485153544563413,-0.35345571175432045,-0.058267716794729196,5.0,9.0,5.0,-0.40000000000000213,0
25.5,25.5,0.7142857142857143,0.7725534310804435,0.16485153544563413,-0.35345571175432045,-0.058267716794729196,5.0,9.0,5.0,-0.1999999999999993,0
25.5,25.5,0.7142857142857143,0.7725534310804435,0.16485153544563413,-0.35345571175432045,-0.058267716794729196,5.0,9.0,5.0,-0.1999999999999993,0
25.5,25.5,0.7142857142857143,0.7725534310804435,0.16485153544563413,-0.35345571175432045,-0.058267716794729196,5.0,9.0,5.0,-0.10000000000000142,0
26.5,26.5,0.5714285714285714,0.7536794812170974,0.17099921272818194,-1.0657997009508435,-0.18225090978852598,5.0,9.0,4.0,-0.1999999999999993,0
26.5,26.5,0.5714285714285714,0.7536794812170974,0.17099921272818194,-1.0657997009508435,-0.18225090978852598,5.0,9.0,4.0,-0.1999999999999993,0
26.5,26.5,0.5714285714285714,0.7536794812170974,0.17099921272818194,-1.0657997009508435,-0.18225090978852598,5.0,9.0,4.0,-0.10000000000000142,0
26.5,26.5,0.5714285714285714,0.7536794812170974,0.17099921272818194,-1.0657997009508435,-0.18225090978852598,5.0,9.0,4.0,0.0,0
27.5,27.5,0.7142857142857143,0.773458815874528,0.1638366411029175,-0.3611713545301681,-0.059173101588813726,5.0,9.0,5.0,-0.1999999999999993,0
27.5,27.5,0.7142857142857143,0.773458815874528,0.1638366411029175,-0.3611713545301681,-0.059173101588813726,5.0,9.0,5.0,-0.10000000000000142,0
27.5,27.5,0.7142857142857143,0.773458815874528,0.1638366411029175,-0.3611713545301681,-0.059173101588813726,5.0,9.0,5.0,0.0,0
27.5,27.5,0.7142857142857143,0.773458815874528,0.1638366411029175,-0.3611713545301681,-0.059173101588813726,5.0,9.0,5.0,-0.20000000000000284,0
27.5,27.5,0.7142857142857143,0.773458815874528,0.1638366411029175,-0.3611713545301681,-0.059173101588813726,5.0,9.0,5.0,-0.10000000000000142,0
28.5,28.5,0.7142857142857143,0.7649433408954308,0.15809870599802772,-0.32041771809535535,-0.05065762660971651,6.0,8.0,5.0,-0.10000000000000142,0
28.5,28.5,0.7142857142857143,0.7649433408954308,0.15809870599802772,-0.32041771809535535,-0.05065762660971651,6.0,8.0,5.0,0.0,0
28.5,28.5,0.7142857142857143,0.7649433408954308,0.15809870599802772,-0.32041771809535535,-0.05065762660971651,6.0,8.0,5.0,-0.20000000000000284,0
28.5,28.5,0.7142857142857143,0.7649433408954308,0.15809870599802772,-0.32041771809535535,-0.05065762660971651,6.0,8.0,5.0,-0.10000000000000142,0
28.5,28.5,0.7142857142857143,0.7649433408954308,0.15809870599802772,-0.32041771809535535,-0.05065762660971651,6.0,8.0,5.0,-0.1999999999999993,0
29.5,29.5,0.875,0.7745958973517023,0.14933492656197267,0.6723417284879494,0.10040410264829769,8.0,8.0,7.0,-0.10000000000000142,0
29.5,29.5,0.875,0.7745958973517023,0.14933492656197267,0.6723417284879494,0.10040410264829769,8.0,8.0,7.0,0.0,0
29.5,29.5,0.875,0.7745958973517023,0.14933492656197267,0.6723417284879494,0.10040410264829769,8.0,8.0,7.0,-0.20000000000000284,0
29.5,29.5,0.875,0.7745958973517023,0.14933492656197267,0.6723417284879494,0.10040410264829769,8.0,8.0,7.0,-0.10000000000000142,0
29.5,29.5,0.875,0.7745958973517023,0.14933492656197267,0.6723417284879494,0.10040410264829769,8.0,8.0,7.0,-0.1999999999999993,0
29.5,29.5,0.875,0.7745958973517023,0.14933492656197267,0.6723417284879494,0.10040410264829769,8.0,8.0,7.0,0.0,0
29.5,29.5,0.875,0.7745958973517023,0.14933492656197267,0.6723417284879494,0.10040410264829769,8.0,8.0,7.0,0.1999999999999993,0
30.5,30.5,0.8,0.7795969311562191,0.14864076431400397,0.13726428909285898,0.020403068843780958,7.0,8.0,6.0,0.0,0
30.5,30.5,0.8,0.7795969311562191,0.14864076431400397,0.13726428909285898,0.020403068843780958,7.0,8.0,6.0,-0.20000000000000284,0
30.5,30.5,0.8,0.7795969311562191,0.14864076431400397,0.13726428909285898,0.020403068843780958,7.0,8.0,6.0,-0.10000000000000142,0
30.5,30.5,0.8,0.7795969311562191,0.14864076431400397,0.13726428909285898,0.020403068843780958,7.0,8.0,6.0,-0.1999999999999993,0
30.5,30.5,0.8,0.7795969311562191,0.14864076431400397,0.13726428909285898,0.020403068843780958,7.0,8.0,6.0,0.0,0
30.5,30.5,0.8,0.7795969311562191,0.14864076431400397,0.13726428909285898,0.020403068843780958,7.0,8.0,6.0,0.1999999999999993,0
31.5,31.5,0.6666666666666666,0.7643828792724304,0.16150565737407363,-0.6050327536170266,-0.0977162126057638,6.0,9.0,5.0,-0.10000000000000142,0
31.5,31.5,0.6666666666666666,0.7643828792724304,0.16150565737407363,-0.6050327536170266,-0.0977162126057638,6.0,9.0,5.0,-0.1999999999999993,0
31.5,31.5,0.6666666666666666,0.7643828792724304,0.16150565737407363,-0.6050327536170266,-0.0977162126057638,6.0,9.0,5.0,0.0,0
31.5,31.5,0.6666666666666666,0.7643828792724304,0.16150565737407363,-0.6050327536170266,-0.0977162126057638,6.0,9.0,5.0,0.1999999999999993,0
31.5,31.5,0.6666666666666666,0.7643828792724304,0.16150565737407363,-0.6050327536170266,-0.0977162126057638,6.0,9.0,5.0,0.20000000000000284,0
32.5,32.5,0.5714285714285714,0.7600130175895656,0.17427504476556624,-1.0821081493031715,-0.18858444616099423,5.0,9.0,4.0,-0.1999999999999993,0
32.5,32.5,0.5714285714285714,0.7600130175895656,0.17427504476556624,-1.0821081493031715,-0.18858444616099423,5.0,9.0,4.0,0.0,0
32.5,32.5,0.5714285714285714,0.7600130175895656,0.17427504476556624,-1.0821081493031715,-0.18858444616099423,5.0,9.0,4.0,0.1999999999999993,0
32.5,32.5,0.5714285714285714,0.7600130175895656,0.17427504476556624,-1.0821081493031715,-0.18858444616099423,5.0,9.0,4.0,0.20000000000000284,0
33.5,33.5,0.5,0.7206657859684176,0.1787006552819029,-1.2348347890516354,-0.22066578596841757,4.0,8.0,3.0,0.0,0
33.5,33.5,0.5,0.7206657859684176,0.1787006552819029,-1.2348347890516354,-0.22066578596841757,4.0,8.0,3.0,0.1999999999999993,0
33.5,33.5,0.5,0.7206657859684176,0.1787006552819029,-1.2348347890516354,-0.22066578596841757,4.0,8.0,3.0,0.20000000000000284,0
34.5,34.5,0.5,0.7047387621064866,0.16733184373754026,-1.2235493109585227,-0.20473876210648656,5.0,7.0,3.0,-0.29999999999999716,0
34.5,34.5,0.5,0.7047387621064866,0.16733184373754026,-1.2235493109585227,-0.20473876210648656,5.0,7.0,3.0,0.20000000000000284,0
34.5,34.5,0.5,0.7047387621064866,0.16733184373754026,-1.2235493109585227,-0.20473876210648656,5.0,7.0,3.0,0.10000000000000142,0
35.5,35.5,0.4,0.6219537475596298,0.16750755033065598,-1.325037272179662,-0.22195374755962982,5.0,5.0,2.0,0.20000000000000284,0
35.5,35.5,0.4,0.6219537475596298,0.16750755033065598,-1.325037272179662,-0.22195374755962982,5.0,5.0,2.0,0.10000000000000142,0
36.5,36.5,0.5454545454545454,0.6669163072221895,0.1186635308139402,-1.0235812210753399,-0.12146176176764412,6.0,5.0,3.0,0.10000000000000142,0
36.5,36.5,0.5454545454545454,0.6669163072221895,0.1186635308139402,-1.0235812210753399,-0.12146176176764412,6.0,5.0,3.0,-0.20000000000000284,0
36.5,36.5,0.5454545454545454,0.6669163072221895,0.1186635308139402,-1.0235812210753399,-0.12146176176764412,6.0,5.0,3.0,-0.10000000000000142,0
37.5,37.5,0.8333333333333334,0.6251890511449335,0.17281880754380344,1.2044075824076188,0.20814428218839987,7.0,5.0,5.0,0.10000000000000142,0
37.5,37.5,0.8333333333333334,0.6251890511449335,0.17281880754380344,1.2044075824076188,0.20814428218839987,7.0,5.0,5.0,-0.20000000000000284,0
37.5,37.5,0.8333333333333334,0.6251890511449335,0.17281880754380344,1.2044075824076188,0.20814428218839987,7.0,5.0,5.0,-0.10000000000000142,0
37.5,37.5,0.8333333333333334,0.6251890511449335,0.17281880754380344,1.2044075824076188,0.20814428218839987,7.0,5.0,5.0,-0.10000000000000142,0
37.5,37.5,0.8333333333333334,0.6251890511449335,0.17281880754380344,1.2044075824076188,0.20814428218839987,7.0,5.0,5.0,0.0,0
38.5,38.5,0.8,0.6978809065461543,0.1764878947086852,0.5786181178171215,0.10211909345384573,7.0,8.0,6.0,0.10000000000000142,0
38.5,38.5,0.8,0.6978809065461543,0.1764878947086852,0.5786181178171215,0.10211909345384573,7.0,8.0,6.0,-0.20000000000000284,0
38.5,38.5,0.8,0.6978809065461543,0.1764878947086852,0.5786181178171215,0.10211909345384573,7.0,8.0,6.0,-0.10000000000000142,0
38.5,38.5,0.8,0.6978809065461543,0.1764878947086852,0.5786181178171215,0.10211909345384573,7.0,8.0,6.0,-0.10000000000000142,0
38.5,38.5,0.8,0.6978809065461543,0.1764878947086852,0.5786181178171215,0.10211909345384573,7.0,8.0,6.0,0.0,0
38.5,38.5,0.8,0.6978809065461543,0.1764878947086852,0.5786181178171215,0.10211909345384573,7.0,8.0,6.0,-0.10000000000000142,0
39.5,39.5,0.7692307692307693,0.7216861882355691,0.17617219339882875,0.26987562610159505,0.0475445809952002,5.0,8.0,5.0,-0.20000000000000284,0
39.5,39.5,0.7692307692307693,0.7216861882355691,0.17617219339882875,0.26987562610159505,0.0475445809952002,5.0,8.0,5.0,-0.10000000000000142,0
39.5,39.5,0.7692307692307693,0.7216861882355691,0.17617219339882875,0.26987562610159505,0.0475445809952002,5.0,8.0,5.0,-0.10000000000000142,0
39.5,39.5,0.7692307692307693,0.7216861882355691,0.17617219339882875,0.26987562610159505,0.0475445809952002,5.0,8.0,5.0,0.0,0
39.5,39.5,0.7692307692307693,0.7216861882355691,0.17617219339882875,0.26987562610159505,0.0475445809952002,5.0,8.0,5.0,-0.10000000000000142,0
40.5,40.5,0.7142857142857143,0.7293805319981017,0.1717139912643267,-0.08790674307460077,-0.01509481771238741,5.0,9.0,5.0,-0.20000000000000284,0
40.5,40.5,0.7142857142857143,0.7293805319981017,0.1717139912643267,-0.08790674307460077,-0.01509481771238741,5.0,9.0,5.0,-0.10000000000000142,0
40.5,40.5,0.7142857142857143,0.7293805319981017,0.1717139912643267,-0.08790674307460077,-0.01509481771238741,5.0,9.0,5.0,-0.10000000000000142,0
40.5,40.5,0.7142857142857143,0.7293805319981017,0.1717139912643267,-0.08790674307460077,-0.01509481771238741,5.0,9.0,5.0,0.0,0
40.5,40.5,0.7142857142857143,0.7293805319981017,0.1717139912643267,-0.08790674307460077,-0.01509481771238741,5.0,9.0,5.0,-0.10000000000000142,0
41.5,41.5,0.5,0.7598095920763103,0.15387451574515573,-1.6884510785827742,-0.25980959207631027,3.0,9.0,3.0,-0.10000000000000142,0
41.5,41.5,0.5,0.7598095920763103,0.15387451574515573,-1.6884510785827742,-0.25980959207631027,3.0,9.0,3.0,0.0,0
41.5,41.5,0.5,0.7598095920763103,0.15387451574515573,-1.6884510785827742,-0.25980959207631027,3.0,9.0,3.0,-0.10000000000000142,0
42.5,42.5,0.36363636363636365,0.7672589362134253,0.15188628593017708,-2.65739971258899,-0.4036225725770617,2.0,9.0,2.0,-0.10000000000000142,0
42.5,42.5,0.36363636363636365,0.7672589362134253,0.15188628593017708,-2.65739971258899,-0.4036225725770617,2.0,9.0,2.0,-0.19999999999999574,0
43.5,43.5,0.4,0.7768759952465835,0.14545527622834573,-2.5910094499077334,-0.37687599524658344,2.0,8.0,2.0,-0.19999999999999574,0
43.5,43.5,0.4,0.7768759952465835,0.14545527622834573,-2.5910094499077334,-0.37687599524658344,2.0,8.0,2.0,0.10000000000000142,0
44.5,44.5,0.6666666666666666,0.7910677242176468,0.1424467352216344,-0.8733163126373045,-0.12440105755098019,4.0,8.0,4.0,-0.19999999999999574,0
44.5,44.5,0.6666666666666666,0.7910677242176468,0.1424467352216344,-0.8733163126373045,-0.12440105755098019,4.0,8.0,4.0,0.10000000000000142,0
44.5,44.5,0.6666666666666666,0.7910677242176468,0.1424467352216344,-0.8733163126373045,-0.12440105755098019,4.0,8.0,4.0,0.09999999999999432,0
44.5,44.5,0.6666666666666666,0.7910677242176468,0.1424467352216344,-0.8733163126373045,-0.12440105755098019,4.0,8.0,4.0,-0.29999999999999716,0
45.5,45.5,0.7142857142857143,0.7785405875514235,0.15196922769529386,-0.42281502801701115,-0.06425487326570922,5.0,9.0,5.0,-0.19999999999999574,0
45.5,45.5,0.7142857142857143,0.7785405875514235,0.15196922769529386,-0.42281502801701115,-0.06425487326570922,5.0,9.0,5.0,0.10000000000000142,0
45.5,45.5,0.7142857142857143,0.7785405875514235,0.15196922769529386,-0.42281502801701115,-0.06425487326570922,5.0,9.0,5.0,0.09999999999999432,0
45.5,45.5,0.7142857142857143,0.7785405875514235,0.15196922769529386,-0.42281502801701115,-0.06425487326570922,5.0,9.0,5.0,-0.29999999999999716,0
45.5,45.5,0.7142857142857143,0.7785405875514235,0.15196922769529386,-0.42281502801701115,-0.06425487326570922,5.0,9.0,5.0,-0.09999999999999432,0
46.5,46.5,0.875,0.7807876890825033,0.1576439399011343,0.5976272286558021,0.09421231091749671,7.0,9.0,7.0,-0.19999999999999574,0
46.5,46.5,0.875,0.7807876890825033,0.1576439399011343,0.5976272286558021,0.09421231091749671,7.0,9.0,7.0,0.10000000000000142,0
46.5,46.5,0.875,0.7807876890825033,0.1576439399011343,0.5976272286558021,0.09421231091749671,7.0,9.0,7.0,0.09999999999999432,0
46.5,46.5,0.875,0.7807876890825033,0.1576439399011343,0.5976272286558021,0.09421231091749671,7.0,9.0,7.0,-0.29999999999999716,0
46.5,46.5,0.875,0.7807876890825033,0.1576439399011343,0.5976272286558021,0.09421231091749671,7.0,9.0,7.0,-0.09999999999999432,0
46.5,46.5,0.875,0.7807876890825033,0.1576439399011343,0.5976272286558021,0.09421231091749671,7.0,9.0,7.0,0.10000000000000142,0
46.5,46.5,0.875,0.7807876890825033,0.1576439399011343,0.5976272286558021,0.09421231091749671,7.0,9.0,7.0,0.0,0
47.5,47.5,0.9333333333333333,0.7653843780488518,0.16180731549425265,1.0379565025936481,0.1679489552844815,7.0,8.0,7.0,0.10000000000000142,0
47.5,47.5,0.9333333333333333,0.7653843780488518,0.16180731549425265,1.0379565025936481,0.1679489552844815,7.0,8.0,7.0,0.09999999999999432,0
47.5,47.5,0.9333333333333333,0.7653843780488518,0.16180731549425265,1.0379565025936481,0.1679489552844815,7.0,8.0,7.0,-0.29999999999999716,0
47.5,47.5,0.9333333333333333,0.7653843780488518,0.16180731549425265,1.0379565025936481,0.1679489552844815,7.0,8.0,7.0,-0.09999999999999432,0
47.5,47.5,0.9333333333333333,0.7653843780488518,0.16180731549425265,1.0379565025936481,0.1679489552844815,7.0,8.0,7.0,0.10000000000000142,0
47.5,47.5,0.9333333333333333,0.7653843780488518,0.16180731549425265,1.0379565025936481,0.1679489552844815,7.0,8.0,7.0,0.0,0
47.5,47.5,0.9333333333333333,0.7653843780488518,0.16180731549425265,1.0379565025936481,0.1679489552844815,7.0,8.0,7.0,-0.20000000000000284,0
48.5,48.5,0.875,0.7705506073132234,0.15355834265377075,0.680193540003746,0.10444939268677655,8.0,8.0,7.0,0.09999999999999432,0
48.5,48.5,0.875,0.7705506073132234,0.15355834265377075,0.680193540003746,0.10444939268677655,8.0,8.0,7.0,-0.29999999999999716,0
48.5,48.5,0.875,0.7705506073132234,0.15355834265377075,0.680193540003746,0.10444939268677655,8.0,8.0,7.0,-0.09999999999999432,0
48.5,48.5,0.875,0.7705506073132234,0.15355834265377075,0.680193540003746,0.10444939268677655,8.0,8.0,7.0,0.10000000000000142,0
48.5,48.5,0.875,0.7705506073132234,0.15355834265377075,0.680193540003746,0.10444939268677655,8.0,8.0,7.0,0.0,0
48.5,48.5,0.875,0.7705506073132234,0.15355834265377075,0.680193540003746,0.10444939268677655,8.0,8.0,7.0,-0.20000000000000284,0
48.5,48.5,0.875,0.7705506073132234,0.15355834265377075,0.680193540003746,0.10444939268677655,8.0,8.0,7.0,-0.3999999999999986,0
49.5,49.5,0.8,0.7604677177397765,0.14314116679708655,0.27617688988286326,0.03953228226022354,8.0,7.0,6.0,-0.09999999999999432,0
49.5,49.5,0.8,0.7604677177397765,0.14314116679708655,0.27617688988286326,0.03953228226022354,8.0,7.0,6.0,0.10000000000000142,0
49.5,49.5,0.8,0.7604677177397765,0.14314116679708655,0.27617688988286326,0.03953228226022354,8.0,7.0,6.0,0.0,0
49.5,49.5,0.8,0.7604677177397765,0.14314116679708655,0.27617688988286326,0.03953228226022354,8.0,7.0,6.0,-0.20000000000000284,0
49.5,49.5,0.8,0.7604677177397765,0.14314116679708655,0.27617688988286326,0.03953228226022354,8.0,7.0,6.0,-0.3999999999999986,0
49.5,49.5,0.8,0.7604677177397765,0.14314116679708655,0.27617688988286326,0.03953228226022354,8.0,7.0,6.0,-0.09999999999999432,0
50.5,50.5,0.8,0.755240988260106,0.12274319806155867,0.36465574016937646,0.04475901173989405,9.0,6.0,6.0,0.10000000000000142,0
50.5,50.5,0.8,0.755240988260106,0.12274319806155867,0.36465574016937646,0.04475901173989405,9.0,6.0,6.0,0.0,0
50.5,50.5,0.8,0.755240988260106,0.12274319806155867,0.36465574016937646,0.04475901173989405,9.0,6.0,6.0,-0.20000000000000284,0
50.5,50.5,0.8,0.755240988260106,0.12274319806155867,0.36465574016937646,0.04475901173989405,9.0,6.0,6.0,-0.3999999999999986,0
50.5,50.5,0.8,0.755240988260106,0.12274319806155867,0.36465574016937646,0.04475901173989405,9.0,6.0,6.0,-0.09999999999999432,0
50.5,50.5,0.8,0.755240988260106,0.12274319806155867,0.36465574016937646,0.04475901173989405,9.0,6.0,6.0,-0.10000000000000142,0
51.5,51.5,0.875,0.7443377344877345,0.12923708371203252,1.011027653667956,0.13066226551226545,9.0,7.0,7.0,0.0,0
51.5,51.5,0.875,0.7443377344877345,0.12923708371203252,1.011027653667956,0.13066226551226545,9.0,7.0,7.0,-0.20000000000000284,0
51.5,51.5,0.875,0.7443377344877345,0.12923708371203252,1.011027653667956,0.13066226551226545,9.0,7.0,7.0,-0.3999999999999986,0
51.5,51.5,0.875,0.7443377344877345,0.12923708371203252,1.011027653667956,0.13066226551226545,9.0,7.0,7.0,-0.09999999999999432,0
51.5,51.5,0.875,0.7443377344877345,0.12923708371203252,1.011027653667956,0.13066226551226545,9.0,7.0,7.0,-0.10000000000000142,0
51.5,51.5,0.875,0.7443377344877345,0.12923708371203252,1.011027653667956,0.13066226551226545,9.0,7.0,7.0,-0.29999999999999716,0
51.5,51.5,0.875,0.7443377344877345,0.12923708371203252,1.011027653667956,0.13066226551226545,9.0,7.0,7.0,0.0,0
52.5,52.5,0.7142857142857143,0.7455404474868097,0.14994248495591606,-0.20844481275793492,-0.0312547332010954,7.0,7.0,5.0,-0.3999999999999986,0
52.5,52.5,0.7142857142857143,0.7455404474868097,0.14994248495591606,-0.20844481275793492,-0.0312547332010954,7.0,7.0,5.0,-0.09999999999999432,0
52.5,52.5,0.7142857142857143,0.7455404474868097,0.14994248495591606,-0.20844481275793492,-0.0312547332010954,7.0,7.0,5.0,-0.10000000000000142,0
52.5,52.5,0.7142857142857143,0.7455404474868097,0.14994248495591606,-0.20844481275793492,-0.0312547332010954,7.0,7.0,5.0,-0.29999999999999716,0
52.5,52.5,0.7142857142857143,0.7455404474868097,0.14994248495591606,-0.20844481275793492,-0.0312547332010954,7.0,7.0,5.0,0.0,0
53.5,53.5,0.6666666666666666,0.7578269924519925,0.1537693882665437,-0.5928379296619729,-0.09116032578532585,5.0,7.0,4.0,-0.09999999999999432,0
53.5,53.5,0.6666666666666666,0.7578269924519925,0.1537693882665437,-0.5928379296619729,-0.09116032578532585,5.0,7.0,4.0,-0.10000000000000142,0
53.5,53.5,0.6666666666666666,0.7578269924519925,0.1537693882665437,-0.5928379296619729,-0.09116032578532585,5.0,7.0,4.0,-0.29999999999999716,0
53.5,53.5,0.6666666666666666,0.7578269924519925,0.1537693882665437,-0.5928379296619729,-0.09116032578532585,5.0,7.0,4.0,0.0,0
54.5,54.5,0.7692307692307693,0.7755951090275394,0.15736261234752472,-0.0404437858639184,-0.006364339796770091,5.0,8.0,5.0,-0.10000000000000142,0
54.5,54.5,0.7692307692307693,0.7755951090275394,0.15736261234752472,-0.0404437858639184,-0.006364339796770091,5.0,8.0,5.0,-0.29999999999999716,0
54.5,54.5,0.7692307692307693,0.7755951090275394,0.15736261234752472,-0.0404437858639184,-0.006364339796770091,5.0,8.0,5.0,0.0,0
54.5,54.5,0.7692307692307693,0.7755951090275394,0.15736261234752472,-0.0404437858639184,-0.006364339796770091,5.0,8.0,5.0,0.0,0
54.5,54.5,0.7692307692307693,0.7755951090275394,0.15736261234752472,-0.0404437858639184,-0.006364339796770091,5.0,8.0,5.0,0.3999999999999986,0
55.5,55.5,0.6666666666666666,0.7740359082609857,0.1657103095208173,-0.6479333838962555,-0.10736924159431904,6.0,9.0,5.0,-0.29999999999999716,0
55.5,55.5,0.6666666666666666,0.7740359082609857,0.1657103095208173,-0.6479333838962555,-0.10736924159431904,6.0,9.0,5.0,0.0,0
55.5,55.5,0.6666666666666666,0.7740359082609857,0.1657103095208173,-0.6479333838962555,-0.10736924159431904,6.0,9.0,5.0,0.0,0
55.5,55.5,0.6666666666666666,0.7740359082609857,0.1657103095208173,-0.6479333838962555,-0.10736924159431904,6.0,9.0,5.0,-0.30000000000000426,0
55.5,55.5,0.6666666666666666,0.7740359082609857,0.1657103095208173,-0.6479333838962555,-0.10736924159431904,6.0,9.0,5.0,-0.20000000000000284,0
56.5,56.5,0.6666666666666666,0.7800132950297036,0.16709855517153221,-0.6783220132973796,-0.113346628363037,6.0,9.0,5.0,0.0,0
56.5,56.5,0.6666666666666666,0.7800132950297036,0.16709855517153221,-0.6783220132973796,-0.113346628363037,6.0,9.0,5.0,-0.30000000000000426,0
56.5,56.5,0.6666666666666666,0.7800132950297036,0.16709855517153221,-0.6783220132973796,-0.113346628363037,6.0,9.0,5.0,-0.20000000000000284,0
56.5,56.5,0.6666666666666666,0.7800132950297036,0.16709855517153221,-0.6783220132973796,-0.113346628363037,6.0,9.0,5.0,-0.30000000000000426,0
56.5,56.5,0.6666666666666666,0.7800132950297036,0.16709855517153221,-0.6783220132973796,-0.113346628363037,6.0,9.0,5.0,-0.4000000000000057,0
57.5,57.5,0.7058823529411765,0.7318060125375141,0.1712035627723734,-0.151420094164774,-0.025923659596337578,8.0,9.0,6.0,0.0,0
57.5,57.5,0.7058823529411765,0.7318060125375141,0.1712035627723734,-0.151420094164774,-0.025923659596337578,8.0,9.0,6.0,-0.30000000000000426,0
57.5,57.5,0.7058823529411765,0.7318060125375141,0.1712035627723734,-0.151420094164774,-0.025923659596337578,8.0,9.0,6.0,-0.20000000000000284,0
57.5,57.5,0.7058823529411765,0.7318060125375141,0.1712035627723734,-0.151420094164774,-0.025923659596337578,8.0,9.0,6.0,-0.30000000000000426,0
57.5,57.5,0.7058823529411765,0.7318060125375141,0.1712035627723734,-0.151420094164774,-0.025923659596337578,8.0,9.0,6.0,-0.4000000000000057,0
57.5,57.5,0.7058823529411765,0.7318060125375141,0.1712035627723734,-0.151420094164774,-0.025923659596337578,8.0,9.0,6.0,-0.09999999999999432,0
58.5,58.5,0.7777777777777778,0.7171261511192627,0.16946988457691542,0.35789029307438874,0.06065162665851509,10.0,8.0,7.0,0.0,0
58.5,58.5,0.7777777777777778,0.7171261511192627,0.16946988457691542,0.35789029307438874,0.06065162665851509,10.0,8.0,7.0,-0.30000000000000426,0
58.5,58.5,0.7777777777777778,0.7171261511192627,0.16946988457691542,0.35789029307438874,0.06065162665851509,10.0,8.0,7.0,-0.20000000000000284,0
58.5,58.5,0.7777777777777778,0.7171261511192627,0.16946988457691542,0.35789029307438874,0.06065162665851509,10.0,8.0,7.0,-0.30000000000000426,0
58.5,58.5,0.7777777777777778,0.7171261511192627,0.16946988457691542,0.35789029307438874,0.06065162665851509,10.0,8.0,7.0,-0.4000000000000057,0
58.5,58.5,0.7777777777777778,0.7171261511192627,0.16946988457691542,0.35789029307438874,0.06065162665851509,10.0,8.0,7.0,-0.09999999999999432,0
58.5,58.5,0.7777777777777778,0.7171261511192627,0.16946988457691542,0.35789029307438874,0.06065162665851509,10.0,8.0,7.0,-0.30000000000000426,0
59.5,59.5,0.8235294117647058,0.7538405960740326,0.1385961979221778,0.5028191013566164,0.0696888156906732,9.0,8.0,7.0,-0.20000000000000284,0
59.5,59.5,0.8235294117647058,0.7538405960740326,0.1385961979221778,0.5028191013566164,0.0696888156906732,9.0,8.0,7.0,-0.30000000000000426,0
59.5,59.5,0.8235294117647058,0.7538405960740326,0.1385961979221778,0.5028191013566164,0.0696888156906732,9.0,8.0,7.0,-0.4000000000000057,0
59.5,59.5,0.8235294117647058,0.7538405960740326,0.1385961979221778,0.5028191013566164,0.0696888156906732,9.0,8.0,7.0,-0.09999999999999432,0
59.5,59.5,0.8235294117647058,0.7538405960740326,0.1385961979221778,0.5028191013566164,0.0696888156906732,9.0,8.0,7.0,-0.30000000000000426,0
59.5,59.5,0.8235294117647058,0.7538405960740326,0.1385961979221778,0.5028191013566164,0.0696888156906732,9.0,8.0,7.0,-0.5,0
59.5,59.5,0.8235294117647058,0.7538405960740326,0.1385961979221778,0.5028191013566164,0.0696888156906732,9.0,8.0,7.0,-0.5,0
60.5,60.5,0.8,0.699041265597148,0.14113361590139703,0.7153415134873812,0.10095873440285208,9.0,6.0,6.0,0.19999999999999574,0
60.5,60.5,0.8,0.699041265597148,0.14113361590139703,0.7153415134873812,0.10095873440285208,9.0,6.0,6.0,0.0,0
60.5,60.5,0.8,0.699041265597148,0.14113361590139703,0.7153415134873812,0.10095873440285208,9.0,6.0,6.0,-0.09999999999999432,0
60.5,60.5,0.8,0.699041265597148,0.14113361590139703,0.7153415134873812,0.10095873440285208,9.0,6.0,6.0,-0.30000000000000426,0
60.5,60.5,0.8,0.699041265597148,0.14113361590139703,0.7153415134873812,0.10095873440285208,9.0,6.0,6.0,-0.5,0
60.5,60.5,0.8,0.699041265597148,0.14113361590139703,0.7153415134873812,0.10095873440285208,9.0,6.0,6.0,-0.5,0
61.5,61.5,0.8333333333333334,0.6992211510711511,0.12551630389059956,1.0684841578754174,0.13411218226218224,7.0,5.0,5.0,-0.09999999999999432,0
61.5,61.5,0.8333333333333334,0.6992211510711511,0.12551630389059956,1.0684841578754174,0.13411218226218224,7.0,5.0,5.0,-0.30000000000000426,0
61.5,61.5,0.8333333333333334,0.6992211510711511,0.12551630389059956,1.0684841578754174,0.13411218226218224,7.0,5.0,5.0,-0.5,0
61.5,61.5,0.8333333333333334,0.6992211510711511,0.12551630389059956,1.0684841578754174,0.13411218226218224,7.0,5.0,5.0,-0.5,0
61.5,61.5,0.8333333333333334,0.6992211510711511,0.12551630389059956,1.0684841578754174,0.13411218226218224,7.0,5.0,5.0,-0.5,0
62.5,62.5,0.8333333333333334,0.7253829201843908,0.13448695021365972,0.8026831821038513,0.1079504131489426,6.0,6.0,5.0,0.19999999999999574,0
62.5,62.5,0.8333333333333334,0.7253829201843908,0.13448695021365972,0.8026831821038513,0.1079504131489426,6.0,6.0,5.0,-0.5,0
62.5,62.5,0.8333333333333334,0.7253829201843908,0.13448695021365972,0.8026831821038513,0.1079504131489426,6.0,6.0,5.0,-0.5,0
62.5,62.5,0.8333333333333334,0.7253829201843908,0.13448695021365972,0.8026831821038513,0.1079504131489426,6.0,6.0,5.0,-0.5,0
62.5,62.5,0.8333333333333334,0.7253829201843908,0.13448695021365972,0.8026831821038513,0.1079504131489426,6.0,6.0,5.0,-0.30000000000001137,0
63.5,63.5,0.8,0.7308392953451778,0.13145393978743328,0.5261212008301777,0.06916070465482227,4.0,6.0,4.0,0.10000000000000142,0
63.5,63.5,0.8,0.7308392953451778,0.13145393978743328,0.5261212008301777,0.06916070465482227,4.0,6.0,4.0,0.30000000000000426,0
63.5,63.5,0.8,0.7308392953451778,0.13145393978743328,0.5261212008301777,0.06916070465482227,4.0,6.0,4.0,-0.5,0
63.5,63.5,0.8,0.7308392953451778,0.13145393978743328,0.5261212008301777,0.06916070465482227,4.0,6.0,4.0,-0.30000000000001137,0
64.5,64.5,0.4444444444444444,0.6978422043642631,0.16405101138528172,-1.5446278433767278,-0.2533977599198187,3.0,6.0,2.0,-0.5,0
64.5,64.5,0.4444444444444444,0.6978422043642631,0.16405101138528172,-1.5446278433767278,-0.2533977599198187,3.0,6.0,2.0,-0.30000000000001137,0
65.5,65.5,0.4444444444444444,0.7755968240050284,0.13659691086433948,-2.42430357659747,-0.33115237956058396,2.0,7.0,2.0,-0.5,0
65.5,65.5,0.4444444444444444,0.7755968240050284,0.13659691086433948,-2.42430357659747,-0.33115237956058396,2.0,7.0,2.0,-0.30000000000001137,0
66.5,66.5,0.25,0.765209325830688,0.14797412415572278,-3.48175283192418,-0.515209325830688,1.0,7.0,1.0,-0.30000000000001137,0
67.5,67.5,0.0,0.6565052003552003,0.15838096802319654,-4.145101577223902,-0.6565052003552003,1.0,5.0,0.0,,0
68.5,68.5,0.25,0.7095323921176862,0.12900381302998293,-3.562161313874359,-0.45953239211768615,2.0,6.0,1.0,0.09999999999999432,0
69.5,69.5,0.6,0.7079049932094049,0.1404216718840202,-0.7684354684120834,-0.10790499320940494,4.0,6.0,3.0,0.09999999999999432,0
69.5,69.5,0.6,0.7079049932094049,0.1404216718840202,-0.7684354684120834,-0.10790499320940494,4.0,6.0,3.0,0.20000000000000284,0
69.5,69.5,0.6,0.7079049932094049,0.1404216718840202,-0.7684354684120834,-0.10790499320940494,4.0,6.0,3.0,0.20000000000000284,0
70.5,70.5,0.7692307692307693,0.7247885759665171,0.15785939678336783,0.28153023620912887,0.04444219326425214,6.0,7.0,5.0,0.09999999999999432,0
70.5,70.5,0.7692307692307693,0.7247885759665171,0.15785939678336783,0.28153023620912887,0.04444219326425214,6.0,7.0,5.0,0.20000000000000284,0
70.5,70.5,0.7692307692307693,0.7247885759665171,0.15785939678336783,0.28153023620912887,0.04444219326425214,6.0,7.0,5.0,0.20000000000000284,0
70.5,70.5,0.7692307692307693,0.7247885759665171,0.15785939678336783,0.28153023620912887,0.04444219326425214,6.0,7.0,5.0,0.0,0
70.5,70.5,0.7692307692307693,0.7247885759665171,0.15785939678336783,0.28153023620912887,0.04444219326425214,6.0,7.0,5.0,0.0,0
71.5,71.5,0.8571428571428571,0.7420089293059882,0.16060067211224915,0.7168956787204352,0.11513392783686893,7.0,7.0,6.0,0.09999999999999432,0
71.5,71.5,0.8571428571428571,0.7420089293059882,0.16060067211224915,0.7168956787204352,0.11513392783686893,7.0,7.0,6.0,0.20000000000000284,0
71.5,71.5,0.8571428571428571,0.7420089293059882,0.16060067211224915,0.7168956787204352,0.11513392783686893,7.0,7.0,6.0,0.20000000000000284,0
71.5,71.5,0.8571428571428571,0.7420089293059882,0.16060067211224915,0.7168956787204352,0.11513392783686893,7.0,7.0,6.0,0.0,0
71.5,71.5,0.8571428571428571,0.7420089293059882,0.16060067211224915,0.7168956787204352,0.11513392783686893,7.0,7.0,6.0,0.0,0
71.5,71.5,0.8571428571428571,0.7420089293059882,0.16060067211224915,0.7168956787204352,0.11513392783686893,7.0,7.0,6.0,0.09999999999999432,0
72.5,72.5,0.8,0.7076354909796087,0.1737284517100009,0.5316602324561804,0.0923645090203914,8.0,7.0,6.0,0.09999999999999432,0
72.5,72.5,0.8,0.7076354909796087,0.1737284517100009,0.5316602324561804,0.0923645090203914,8.0,7.0,6.0,0.20000000000000284,0
72.5,72.5,0.8,0.7076354909796087,0.1737284517100009,0.5316602324561804,0.0923645090203914,8.0,7.0,6.0,0.20000000000000284,0
72.5,72.5,0.8,0.7076354909796087,0.1737284517100009,0.5316602324561804,0.0923645090203914,8.0,7.0,6.0,0.0,0
72.5,72.5,0.8,0.7076354909796087,0.1737284517100009,0.5316602324561804,0.0923645090203914,8.0,7.0,6.0,0.0,0
72.5,72.5,0.8,0.7076354909796087,0.1737284517100009,0.5316602324561804,0.0923645090203914,8.0,7.0,6.0,0.09999999999999432,0
73.5,73.5,0.8,0.6907794491456256,0.15535838963703108,0.7030231911488656,0.10922055085437443,9.0,6.0,6.0,0.20000000000000284,0
73.5,73.5,0.8,0.6907794491456256,0.15535838963703108,0.7030231911488656,0.10922055085437443,9.0,6.0,6.0,0.20000000000000284,0
73.5,73.5,0.8,0.6907794491456256,0.15535838963703108,0.7030231911488656,0.10922055085437443,9.0,6.0,6.0,0.0,0
73.5,73.5,0.8,0.6907794491456256,0.15535838963703108,0.7030231911488656,0.10922055085437443,9.0,6.0,6.0,0.0,0
73.5,73.5,0.8,0.6907794491456256,0.15535838963703108,0.7030231911488656,0.10922055085437443,9.0,6.0,6.0,0.09999999999999432,0
73.5,73.5,0.8,0.6907794491456256,0.15535838963703108,0.7030231911488656,0.10922055085437443,9.0,6.0,6.0,-0.09999999999999432,0
74.5,74.5,0.75,0.6930777820218996,0.12886067140071286,0.4417346065277872,0.056922217978100376,10.0,6.0,6.0,-0.5,0
74.5,74.5,0.75,0.6930777820218996,0.12886067140071286,0.4417346065277872,0.056922217978100376,10.0,6.0,6.0,-0.5,0
74.5,74.5,0.75,0.6930777820218996,0.12886067140071286,0.4417346065277872,0.056922217978100376,10.0,6.0,6.0,-0.5,0
74.5,74.5,0.75,0.6930777820218996,0.12886067140071286,0.4417346065277872,0.056922217978100376,10.0,6.0,6.0,-0.09999999999999432,0
74.5,74.5,0.75,0.6930777820218996,0.12886067140071286,0.4417346065277872,0.056922217978100376,10.0,6.0,6.0,-0.20000000000000284,0
74.5,74.5,0.75,0.6930777820218996,0.12886067140071286,0.4417346065277872,0.056922217978100376,10.0,6.0,6.0,-0.29999999999999716,0
75.5,75.5,0.8235294117647058,0.6608282415297122,0.1568520411895029,1.0372907422889321,0.16270117023499364,10.0,7.0,7.0,0.0,0
75.5,75.5,0.8235294117647058,0.6608282415297122,0.1568520411895029,1.0372907422889321,0.16270117023499364,10.0,7.0,7.0,0.09999999999999432,0
75.5,75.5,0.8235294117647058,0.6608282415297122,0.1568520411895029,1.0372907422889321,0.16270117023499364,10.0,7.0,7.0,-0.09999999999999432,0
75.5,75.5,0.8235294117647058,0.6608282415297122,0.1568520411895029,1.0372907422889321,0.16270117023499364,10.0,7.0,7.0,-0.20000000000000284,0
75.5,75.5,0.8235294117647058,0.6608282415297122,0.1568520411895029,1.0372907422889321,0.16270117023499364,10.0,7.0,7.0,-0.29999999999999716,0
75.5,75.5,0.8235294117647058,0.6608282415297122,0.1568520411895029,1.0372907422889321,0.16270117023499364,10.0,7.0,7.0,-0.20000000000000284,0
75.5,75.5,0.8235294117647058,0.6608282415297122,0.1568520411895029,1.0372907422889321,0.16270117023499364,10.0,7.0,7.0,-0.29999999999999716,0
76.5,76.5,0.75,0.6712811965811966,0.1716010869304598,0.4587313800098697,0.07871880341880344,10.0,6.0,6.0,-0.09999999999999432,0
76.5,76.5,0.75,0.6712811965811966,0.1716010869304598,0.4587313800098697,0.07871880341880344,10.0,6.0,6.0,-0.20000000000000284,0
76.5,76.5,0.75,0.6712811965811966,0.1716010869304598,0.4587313800098697,0.07871880341880344,10.0,6.0,6.0,-0.29999999999999716,0
76.5,76.5,0.75,0.6712811965811966,0.1716010869304598,0.4587313800098697,0.07871880341880344,10.0,6.0,6.0,-0.20000000000000284,0
76.5,76.5,0.75,0.6712811965811966,0.1716010869304598,0.4587313800098697,0.07871880341880344,10.0,6.0,6.0,-0.29999999999999716,0
76.5,76.5,0.75,0.6712811965811966,0.1716010869304598,0.4587313800098697,0.07871880341880344,10.0,6.0,6.0,-0.5,0
77.5,77.5,0.8888888888888888,0.7633472863050262,0.16226164884877012,0.7736985509180234,0.1255416025838626,10.0,8.0,8.0,-0.09999999999999432,0
77.5,77.5,0.8888888888888888,0.7633472863050262,0.16226164884877012,0.7736985509180234,0.1255416025838626,10.0,8.0,8.0,-0.20000000000000284,0
77.5,77.5,0.8888888888888888,0.7633472863050262,0.16226164884877012,0.7736985509180234,0.1255416025838626,10.0,8.0,8.0,-0.29999999999999716,0
77.5,77.5,0.8888888888888888,0.7633472863050262,0.16226164884877012,0.7736985509180234,0.1255416025838626,10.0,8.0,8.0,-0.20000000000000284,0
77.5,77.5,0.8888888888888888,0.7633472863050262,0.16226164884877012,0.7736985509180234,0.1255416025838626,10.0,8.0,8.0,-0.29999999999999716,0
77.5,77.5,0.8888888888888888,0.7633472863050262,0.16226164884877012,0.7736985509180234,0.1255416025838626,10.0,8.0,8.0,-0.5,0
77.5,77.5,0.8888888888888888,0.7633472863050262,0.16226164884877012,0.7736985509180234,0.1255416025838626,10.0,8.0,8.0,-0.5,0
77.5,77.5,0.8888888888888888,0.7633472863050262,0.16226164884877012,0.7736985509180234,0.1255416025838626,10.0,8.0,8.0,-0.29999999999999716,0
78.5,78.5,0.8235294117647058,0.7364906472870095,0.16809662708668496,0.5177900710215423,0.08703876447769632,10.0,7.0,7.0,-0.20000000000000284,0
78.5,78.5,0.8235294117647058,0.7364906472870095,0.16809662708668496,0.5177900710215423,0.08703876447769632,10.0,7.0,7.0,-0.29999999999999716,0
78.5,78.5,0.8235294117647058,0.7364906472870095,0.16809662708668496,0.5177900710215423,0.08703876447769632,10.0,7.0,7.0,-0.20000000000000284,0
78.5,78.5,0.8235294117647058,0.7364906472870095,0.16809662708668496,0.5177900710215423,0.08703876447769632,10.0,7.0,7.0,-0.29999999999999716,0
78.5,78.5,0.8235294117647058,0.7364906472870095,0.16809662708668496,0.5177900710215423,0.08703876447769632,10.0,7.0,7.0,-0.5,0
78.5,78.5,0.8235294117647058,0.7364906472870095,0.16809662708668496,0.5177900710215423,0.08703876447769632,10.0,7.0,7.0,-0.5,0
78.5,78.5,0.8235294117647058,0.7364906472870095,0.16809662708668496,0.5177900710215423,0.08703876447769632,10.0,7.0,7.0,-0.29999999999999716,0
79.5,79.5,0.75,0.7260776858160759,0.13721683954302796,0.17433949261324172,0.023922314183924098,8.0,8.0,6.0,-0.20000000000000284,0
79.5,79.5,0.75,0.7260776858160759,0.13721683954302796,0.17433949261324172,0.023922314183924098,8.0,8.0,6.0,-0.29999999999999716,0
79.5,79.5,0.75,0.7260776858160759,0.13721683954302796,0.17433949261324172,0.023922314183924098,8.0,8.0,6.0,-0.5,0
79.5,79.5,0.75,0.7260776858160759,0.13721683954302796,0.17433949261324172,0.023922314183924098,8.0,8.0,6.0,-0.5,0
79.5,79.5,0.75,0.7260776858160759,0.13721683954302796,0.17433949261324172,0.023922314183924098,8.0,8.0,6.0,-0.29999999999999716,0
79.5,79.5,0.75,0.7260776858160759,0.13721683954302796,0.17433949261324172,0.023922314183924098,8.0,8.0,6.0,-0.5,0
80.5,80.5,0.8,0.731669720149132,0.13038809320294015,0.5240530647573519,0.06833027985086804,8.0,7.0,6.0,0.09999999999999432,0
80.5,80.5,0.8,0.731669720149132,0.13038809320294015,0.5240530647573519,0.06833027985086804,8.0,7.0,6.0,0.10000000000000853,0
80.5,80.5,0.8,0.731669720149132,0.13038809320294015,0.5240530647573519,0.06833027985086804,8.0,7.0,6.0,0.0,0
80.5,80.5,0.8,0.731669720149132,0.13038809320294015,0.5240530647573519,0.06833027985086804,8.0,7.0,6.0,-0.29999999999999716,0
80.5,80.5,0.8,0.731669720149132,0.13038809320294015,0.5240530647573519,0.06833027985086804,8.0,7.0,6.0,-0.5,0
80.5,80.5,0.8,0.731669720149132,0.13038809320294015,0.5240530647573519,0.06833027985086804,8.0,7.0,6.0,-0.09999999999999432,0
81.5,81.5,0.8,0.7646283682004271,0.14018694650383703,0.25231758506563073,0.03537163179957292,8.0,7.0,6.0,0.0,0
81.5,81.5,0.8,0.7646283682004271,0.14018694650383703,0.25231758506563073,0.03537163179957292,8.0,7.0,6.0,-0.29999999999999716,0
81.5,81.5,0.8,0.7646283682004271,0.14018694650383703,0.25231758506563073,0.03537163179957292,8.0,7.0,6.0,-0.5,0
81.5,81.5,0.8,0.7646283682004271,0.14018694650383703,0.25231758506563073,0.03537163179957292,8.0,7.0,6.0,-0.09999999999999432,0
81.5,81.5,0.8,0.7646283682004271,0.14018694650383703,0.25231758506563073,0.03537163179957292,8.0,7.0,6.0,-0.09999999999999432,0
81.5,81.5,0.8,0.7646283682004271,0.14018694650383703,0.25231758506563073,0.03537163179957292,8.0,7.0,6.0,-0.09999999999999432,0
82.5,82.5,0.875,0.7779309760672765,0.1562951932826101,0.6210621190199056,0.09706902393272354,8.0,8.0,7.0,0.4000000000000057,0
82.5,82.5,0.875,0.7779309760672765,0.1562951932826101,0.6210621190199056,0.09706902393272354,8.0,8.0,7.0,-0.5,0
82.5,82.5,0.875,0.7779309760672765,0.1562951932826101,0.6210621190199056,0.09706902393272354,8.0,8.0,7.0,-0.09999999999999432,0
82.5,82.5,0.875,0.7779309760672765,0.1562951932826101,0.6210621190199056,0.09706902393272354,8.0,8.0,7.0,-0.09999999999999432,0
82.5,82.5,0.875,0.7779309760672765,0.1562951932826101,0.6210621190199056,0.09706902393272354,8.0,8.0,7.0,-0.09999999999999432,0
82.5,82.5,0.875,0.7779309760672765,0.1562951932826101,0.6210621190199056,0.09706902393272354,8.0,8.0,7.0,-0.20000000000000284,0
82.5,82.5,0.875,0.7779309760672765,0.1562951932826101,0.6210621190199056,0.09706902393272354,8.0,8.0,7.0,-0.5,0
83.5,83.5,0.8235294117647058,0.7878285328534556,0.15857496715330113,0.22513565383076345,0.03570087891125029,8.0,9.0,7.0,-0.09999999999999432,0
83.5,83.5,0.8235294117647058,0.7878285328534556,0.15857496715330113,0.22513565383076345,0.03570087891125029,8.0,9.0,7.0,-0.09999999999999432,0
83.5,83.5,0.8235294117647058,0.7878285328534556,0.15857496715330113,0.22513565383076345,0.03570087891125029,8.0,9.0,7.0,-0.09999999999999432,0
83.5,83.5,0.8235294117647058,0.7878285328534556,0.15857496715330113,0.22513565383076345,0.03570087891125029,8.0,9.0,7.0,-0.20000000000000284,0
83.5,83.5,0.8235294117647058,0.7878285328534556,0.15857496715330113,0.22513565383076345,0.03570087891125029,8.0,9.0,7.0,-0.5,0
83.5,83.5,0.8235294117647058,0.7878285328534556,0.15857496715330113,0.22513565383076345,0.03570087891125029,8.0,9.0,7.0,-0.5,0
83.5,83.5,0.8235294117647058,0.7878285328534556,0.15857496715330113,0.22513565383076345,0.03570087891125029,8.0,9.0,7.0,-0.29999999999999716,0
84.5,84.5,0.8888888888888888,0.7929938366672887,0.138823459412284,0.6907697922784561,0.09589505222160011,10.0,8.0,8.0,-0.09999999999999432,0
84.5,84.5,0.8888888888888888,0.7929938366672887,0.138823459412284,0.6907697922784561,0.09589505222160011,10.0,8.0,8.0,-0.09999999999999432,0
84.5,84.5,0.8888888888888888,0.7929938366672887,0.138823459412284,0.6907697922784561,0.09589505222160011,10.0,8.0,8.0,-0.09999999999999432,0
84.5,84.5,0.8888888888888888,0.7929938366672887,0.138823459412284,0.6907697922784561,0.09589505222160011,10.0,8.0,8.0,-0.20000000000000284,0
84.5,84.5,0.8888888888888888,0.7929938366672887,0.138823459412284,0.6907697922784561,0.09589505222160011,10.0,8.0,8.0,-0.5,0
84.5,84.5,0.8888888888888888,0.7929938366672887,0.138823459412284,0.6907697922784561,0.09589505222160011,10.0,8.0,8.0,-0.5,0
84.5,84.5,0.8888888888888888,0.7929938366672887,0.138823459412284,0.6907697922784561,0.09589505222160011,10.0,8.0,8.0,-0.29999999999999716,0
84.5,84.5,0.8888888888888888,0.7929938366672887,0.138823459412284,0.6907697922784561,0.09589505222160011,10.0,8.0,8.0,-0.3999999999999915,0
85.5,85.5,0.8888888888888888,0.7572434878588904,0.14570692644605093,0.9034944613888423,0.13164540102999844,10.0,8.0,8.0,-0.09999999999999432,0
85.5,85.5,0.8888888888888888,0.7572434878588904,0.14570692644605093,0.9034944613888423,0.13164540102999844,10.0,8.0,8.0,-0.09999999999999432,0
85.5,85.5,0.8888888888888888,0.7572434878588904,0.14570692644605093,0.9034944613888423,0.13164540102999844,10.0,8.0,8.0,-0.20000000000000284,0
85.5,85.5,0.8888888888888888,0.7572434878588904,0.14570692644605093,0.9034944613888423,0.13164540102999844,10.0,8.0,8.0,-0.5,0
85.5,85.5,0.8888888888888888,0.7572434878588904,0.14570692644605093,0.9034944613888423,0.13164540102999844,10.0,8.0,8.0,-0.5,0
85.5,85.5,0.8888888888888888,0.7572434878588904,0.14570692644605093,0.9034944613888423,0.13164540102999844,10.0,8.0,8.0,-0.29999999999999716,0
85.5,85.5,0.8888888888888888,0.7572434878588904,0.14570692644605093,0.9034944613888423,0.13164540102999844,10.0,8.0,8.0,-0.3999999999999915,0
85.5,85.5,0.8888888888888888,0.7572434878588904,0.14570692644605093,0.9034944613888423,0.13164540102999844,10.0,8.0,8.0,-0.20000000000000284,0
86.5,86.5,0.75,0.7482241387955011,0.1396190859440104,0.012719329828667247,0.0017758612044989075,9.0,7.0,6.0,-0.20000000000000284,0
86.5,86.5,0.75,0.7482241387955011,0.1396190859440104,0.012719329828667247,0.0017758612044989075,9.0,7.0,6.0,-0.5,0
86.5,86.5,0.75,0.7482241387955011,0.1396190859440104,0.012719329828667247,0.0017758612044989075,9.0,7.0,6.0,-0.5,0
86.5,86.5,0.75,0.7482241387955011,0.1396190859440104,0.012719329828667247,0.0017758612044989075,9.0,7.0,6.0,-0.29999999999999716,0
86.5,86.5,0.75,0.7482241387955011,0.1396190859440104,0.012719329828667247,0.0017758612044989075,9.0,7.0,6.0,-0.3999999999999915,0
86.5,86.5,0.75,0.7482241387955011,0.1396190859440104,0.012719329828667247,0.0017758612044989075,9.0,7.0,6.0,-0.20000000000000284,0
87.5,87.5,0.5714285714285714,0.7059213863621758,0.12956504776233924,-1.0380331521222004,-0.13449281493360443,6.0,8.0,4.0,-0.10000000000000853,0
87.5,87.5,0.5714285714285714,0.7059213863621758,0.12956504776233924,-1.0380331521222004,-0.13449281493360443,6.0,8.0,4.0,-0.29999999999999716,0
87.5,87.5,0.5714285714285714,0.7059213863621758,0.12956504776233924,-1.0380331521222004,-0.13449281493360443,6.0,8.0,4.0,-0.3999999999999915,0
87.5,87.5,0.5714285714285714,0.7059213863621758,0.12956504776233924,-1.0380331521222004,-0.13449281493360443,6.0,8.0,4.0,-0.20000000000000284,0
88.5,88.5,0.7142857142857143,0.7045654501587164,0.14568535075246158,0.0667209439850537,0.00972026412699789,6.0,8.0,5.0,0.20000000000000284,0
88.5,88.5,0.7142857142857143,0.7045654501587164,0.14568535075246158,0.0667209439850537,0.00972026412699789,6.0,8.0,5.0,0.0,0
88.5,88.5,0.7142857142857143,0.7045654501587164,0.14568535075246158,0.0667209439850537,0.00972026412699789,6.0,8.0,5.0,-0.20000000000000284,0
88.5,88.5,0.7142857142857143,0.7045654501587164,0.14568535075246158,0.0667209439850537,0.00972026412699789,6.0,8.0,5.0,-0.19999999999998863,0
88.5,88.5,0.7142857142857143,0.7045654501587164,0.14568535075246158,0.0667209439850537,0.00972026412699789,6.0,8.0,5.0,-0.20000000000000284,0
89.5,89.5,0.6666666666666666,0.733582312785254,0.15515699054639495,-0.43127703033514486,-0.06691564611858736,5.0,7.0,4.0,-0.20000000000000284,0
89.5,89.5,0.6666666666666666,0.733582312785254,0.15515699054639495,-0.43127703033514486,-0.06691564611858736,5.0,7.0,4.0,-0.19999999999998863,0
89.5,89.5,0.6666666666666666,0.733582312785254,0.15515699054639495,-0.43127703033514486,-0.06691564611858736,5.0,7.0,4.0,-0.20000000000000284,0
89.5,89.5,0.6666666666666666,0.733582312785254,0.15515699054639495,-0.43127703033514486,-0.06691564611858736,5.0,7.0,4.0,0.10000000000000853,0
90.5,90.5,0.6153846153846154,0.7473920178892315,0.17196746845244038,-0.7676300854607525,-0.13200740250461607,5.0,8.0,4.0,-0.19999999999998863,0
90.5,90.5,0.6153846153846154,0.7473920178892315,0.17196746845244038,-0.7676300854607525,-0.13200740250461607,5.0,8.0,4.0,-0.20000000000000284,0
90.5,90.5,0.6153846153846154,0.7473920178892315,0.17196746845244038,-0.7676300854607525,-0.13200740250461607,5.0,8.0,4.0,0.10000000000000853,0
90.5,90.5,0.6153846153846154,0.7473920178892315,0.17196746845244038,-0.7676300854607525,-0.13200740250461607,5.0,8.0,4.0,-0.10000000000000853,0
91.5,91.5,0.7142857142857143,0.7819907912950483,0.1647283899806892,-0.41101037299806653,-0.06770507700933404,5.0,9.0,5.0,-0.19999999999998863,0
91.5,91.5,0.7142857142857143,0.7819907912950483,0.1647283899806892,-0.41101037299806653,-0.06770507700933404,5.0,9.0,5.0,-0.20000000000000284,0
91.5,91.5,0.7142857142857143,0.7819907912950483,0.1647283899806892,-0.41101037299806653,-0.06770507700933404,5.0,9.0,5.0,0.10000000000000853,0
91.5,91.5,0.7142857142857143,0.7819907912950483,0.1647283899806892,-0.41101037299806653,-0.06770507700933404,5.0,9.0,5.0,-0.10000000000000853,0
91.5,91.5,0.7142857142857143,0.7819907912950483,0.1647283899806892,-0.41101037299806653,-0.06770507700933404,5.0,9.0,5.0,-0.10000000000000853,0
92.5,92.5,0.7142857142857143,0.7040460759055186,0.16682139024043682,0.061380847896288886,0.010239638380195704,6.0,8.0,5.0,-0.19999999999998863,0
92.5,92.5,0.7142857142857143,0.7040460759055186,0.16682139024043682,0.061380847896288886,0.010239638380195704,6.0,8.0,5.0,-0.20000000000000284,0
92.5,92.5,0.7142857142857143,0.7040460759055186,0.16682139024043682,0.061380847896288886,0.010239638380195704,6.0,8.0,5.0,0.10000000000000853,0
92.5,92.5,0.7142857142857143,0.7040460759055186,0.16682139024043682,0.061380847896288886,0.010239638380195704,6.0,8.0,5.0,-0.10000000000000853,0
92.5,92.5,0.7142857142857143,0.7040460759055186,0.16682139024043682,0.061380847896288886,0.010239638380195704,6.0,8.0,5.0,-0.10000000000000853,0
93.5,93.5,0.6153846153846154,0.7043707978553954,0.1463626264696369,-0.6079843237114921,-0.08898618247077994,6.0,7.0,4.0,0.10000000000000853,0
93.5,93.5,0.6153846153846154,0.7043707978553954,0.1463626264696369,-0.6079843237114921,-0.08898618247077994,6.0,7.0,4.0,-0.10000000000000853,0
93.5,93.5,0.6153846153846154,0.7043707978553954,0.1463626264696369,-0.6079843237114921,-0.08898618247077994,6.0,7.0,4.0,-0.10000000000000853,0
93.5,93.5,0.6153846153846154,0.7043707978553954,0.1463626264696369,-0.6079843237114921,-0.08898618247077994,6.0,7.0,4.0,0.0,0
94.5,94.5,0.6153846153846154,0.6784015045412104,0.13090342495594773,-0.48139985013991604,-0.06301688915659498,7.0,6.0,4.0,-0.10000000000000853,0
94.5,94.5,0.6153846153846154,0.6784015045412104,0.13090342495594773,-0.48139985013991604,-0.06301688915659498,7.0,6.0,4.0,-0.10000000000000853,0
94.5,94.5,0.6153846153846154,0.6784015045412104,0.13090342495594773,-0.48139985013991604,-0.06301688915659498,7.0,6.0,4.0,0.0,0
94.5,94.5,0.6153846153846154,0.6784015045412104,0.13090342495594773,-0.48139985013991604,-0.06301688915659498,7.0,6.0,4.0,-0.5,0
95.5,95.5,0.6153846153846154,0.6860387111254759,0.11082655499924625,-0.6375195524334487,-0.07065409574086046,8.0,5.0,4.0,-0.10000000000000853,0
95.5,95.5,0.6153846153846154,0.6860387111254759,0.11082655499924625,-0.6375195524334487,-0.07065409574086046,8.0,5.0,4.0,0.0,0
95.5,95.5,0.6153846153846154,0.6860387111254759,0.11082655499924625,-0.6375195524334487,-0.07065409574086046,8.0,5.0,4.0,-0.5,0
95.5,95.5,0.6153846153846154,0.6860387111254759,0.11082655499924625,-0.6375195524334487,-0.07065409574086046,8.0,5.0,4.0,-0.29999999999999716,0
96.5,96.5,0.6666666666666666,0.7046098393436628,0.13062717497792387,-0.29046921273011256,-0.037943172676996206,9.0,6.0,5.0,0.0,0
96.5,96.5,0.6666666666666666,0.7046098393436628,0.13062717497792387,-0.29046921273011256,-0.037943172676996206,9.0,6.0,5.0,-0.5,0
96.5,96.5,0.6666666666666666,0.7046098393436628,0.13062717497792387,-0.29046921273011256,-0.037943172676996206,9.0,6.0,5.0,-0.29999999999999716,0
96.5,96.5,0.6666666666666666,0.7046098393436628,0.13062717497792387,-0.29046921273011256,-0.037943172676996206,9.0,6.0,5.0,-0.29999999999999716,0
96.5,96.5,0.6666666666666666,0.7046098393436628,0.13062717497792387,-0.29046921273011256,-0.037943172676996206,9.0,6.0,5.0,-0.3999999999999915,0
97.5,97.5,0.7777777777777778,0.7301977875323851,0.15844254712013284,0.3002980645679539,0.04757999024539272,11.0,7.0,7.0,0.0,0
97.5,97.5,0.7777777777777778,0.7301977875323851,0.15844254712013284,0.3002980645679539,0.04757999024539272,11.0,7.0,7.0,-0.5,0
97.5,97.5,0.7777777777777778,0.7301977875323851,0.15844254712013284,0.3002980645679539,0.04757999024539272,11.0,7.0,7.0,-0.29999999999999716,0
97.5,97.5,0.7777777777777778,0.7301977875323851,0.15844254712013284,0.3002980645679539,0.04757999024539272,11.0,7.0,7.0,-0.29999999999999716,0
97.5,97.5,0.7777777777777778,0.7301977875323851,0.15844254712013284,0.3002980645679539,0.04757999024539272,11.0,7.0,7.0,-0.3999999999999915,0
97.5,97.5,0.7777777777777778,0.7301977875323851,0.15844254712013284,0.3002980645679539,0.04757999024539272,11.0,7.0,7.0,-0.5,0
97.5,97.5,0.7777777777777778,0.7301977875323851,0.15844254712013284,0.3002980645679539,0.04757999024539272,11.0,7.0,7.0,-0.4000000000000057,0
98.5,98.5,0.6666666666666666,0.6766241696212285,0.17423695589017757,-0.05714920180789973,-0.009957502954561881,12.0,6.0,6.0,-0.5,0
98.5,98.5,0.6666666666666666,0.6766241696212285,0.17423695589017757,-0.05714920180789973,-0.009957502954561881,12.0,6.0,6.0,-0.29999999999999716,0
98.5,98.5,0.6666666666666666,0.6766241696212285,0.17423695589017757,-0.05714920180789973,-0.009957502954561881,12.0,6.0,6.0,-0.29999999999999716,0
98.5,98.5,0.6666666666666666,0.6766241696212285,0.17423695589017757,-0.05714920180789973,-0.009957502954561881,12.0,6.0,6.0,-0.3999999999999915,0
98.5,98.5,0.6666666666666666,0.6766241696212285,0.17423695589017757,-0.05714920180789973,-0.009957502954561881,12.0,6.0,6.0,-0.5,0
98.5,98.5,0.6666666666666666,0.6766241696212285,0.17423695589017757,-0.05714920180789973,-0.009957502954561881,12.0,6.0,6.0,-0.4000000000000057,0
99.5,99.5,0.7058823529411765,0.6114194444444445,0.1960708119967557,0.48177955471666556,0.094462908496732,11.0,6.0,6.0,0.0,0
99.5,99.5,0.7058823529411765,0.6114194444444445,0.1960708119967557,0.48177955471666556,0.094462908496732,11.0,6.0,6.0,-0.29999999999999716,0
99.5,99.5,0.7058823529411765,0.6114194444444445,0.1960708119967557,0.48177955471666556,0.094462908496732,11.0,6.0,6.0,-0.29999999999999716,0
99.5,99.5,0.7058823529411765,0.6114194444444445,0.1960708119967557,0.48177955471666556,0.094462908496732,11.0,6.0,6.0,-0.3999999999999915,0
99.5,99.5,0.7058823529411765,0.6114194444444445,0.1960708119967557,0.48177955471666556,0.094462908496732,11.0,6.0,6.0,-0.5,0
99.5,99.5,0.7058823529411765,0.6114194444444445,0.1960708119967557,0.48177955471666556,0.094462908496732,11.0,6.0,6.0,-0.4000000000000057,0
100.5,100.5,0.6153846153846154,0.5009353757353757,0.1950323518585576,0.5868218198601285,0.1144492396492397,9.0,4.0,4.0,0.10000000000000853,0
100.5,100.5,0.6153846153846154,0.5009353757353757,0.1950323518585576,0.5868218198601285,0.1144492396492397,9.0,4.0,4.0,0.0,0
100.5,100.5,0.6153846153846154,0.5009353757353757,0.1950323518585576,0.5868218198601285,0.1144492396492397,9.0,4.0,4.0,0.0,0
100.5,100.5,0.6153846153846154,0.5009353757353757,0.1950323518585576,0.5868218198601285,0.1144492396492397,9.0,4.0,4.0,-0.4000000000000057,0
101.5,101.5,0.5454545454545454,0.48812889332889337,0.14183369367865983,0.40417513384041,0.05732565212565205,8.0,3.0,3.0,0.0,0
101.5,101.5,0.5454545454545454,0.48812889332889337,0.14183369367865983,0.40417513384041,0.05732565212565205,8.0,3.0,3.0,-0.4000000000000057,0
101.5,101.5,0.5454545454545454,0.48812889332889337,0.14183369367865983,0.40417513384041,0.05732565212565205,8.0,3.0,3.0,-0.09999999999999432,0
102.5,102.5,0.4,0.4759902763902764,0.17760596555512512,-0.4278588061654417,-0.07599027639027639,7.0,3.0,2.0,-0.09999999999999432,0
102.5,102.5,0.4,0.4759902763902764,0.17760596555512512,-0.4278588061654417,-0.07599027639027639,7.0,3.0,2.0,0.0,0
103.5,103.5,0.5454545454545454,0.6160220222587869,0.17692202380992528,-0.3988620256800536,-0.07056747680424147,6.0,5.0,3.0,-0.09999999999999432,0
103.5,103.5,0.5454545454545454,0.6160220222587869,0.17692202380992528,-0.3988620256800536,-0.07056747680424147,6.0,5.0,3.0,0.0,0
103.5,103.5,0.5454545454545454,0.6160220222587869,0.17692202380992528,-0.3988620256800536,-0.07056747680424147,6.0,5.0,3.0,-0.29999999999999716,0
104.5,104.5,0.6666666666666666,0.7075601196189432,0.14859564114115265,-0.2751995458159596,-0.04089345295227653,6.0,6.0,4.0,-0.09999999999999432,0
104.5,104.5,0.6666666666666666,0.7075601196189432,0.14859564114115265,-0.2751995458159596,-0.04089345295227653,6.0,6.0,4.0,0.0,0
104.5,104.5,0.6666666666666666,0.7075601196189432,0.14859564114115265,-0.2751995458159596,-0.04089345295227653,6.0,6.0,4.0,-0.29999999999999716,0
104.5,104.5,0.6666666666666666,0.7075601196189432,0.14859564114115265,-0.2751995458159596,-0.04089345295227653,6.0,6.0,4.0,-0.29999999999999716,0
105.5,105.5,0.7142857142857143,0.7728317009787599,0.1331142111938651,-0.439817703669372,-0.05854598669304556,7.0,7.0,5.0,-0.09999999999999432,0
105.5,105.5,0.7142857142857143,0.7728317009787599,0.1331142111938651,-0.439817703669372,-0.05854598669304556,7.0,7.0,5.0,0.0,0
105.5,105.5,0.7142857142857143,0.7728317009787599,0.1331142111938651,-0.439817703669372,-0.05854598669304556,7.0,7.0,5.0,-0.29999999999999716,0
105.5,105.5,0.7142857142857143,0.7728317009787599,0.1331142111938651,-0.439817703669372,-0.05854598669304556,7.0,7.0,5.0,-0.29999999999999716,0
105.5,105.5,0.7142857142857143,0.7728317009787599,0.1331142111938651,-0.439817703669372,-0.05854598669304556,7.0,7.0,5.0,-0.10000000000000853,0
106.5,106.5,0.75,0.7751900831366776,0.1396361050886075,-0.18039806481778453,-0.025190083136677588,8.0,8.0,6.0,0.0,0
106.5,106.5,0.75,0.7751900831366776,0.1396361050886075,-0.18039806481778453,-0.025190083136677588,8.0,8.0,6.0,-0.29999999999999716,0
106.5,106.5,0.75,0.7751900831366776,0.1396361050886075,-0.18039806481778453,-0.025190083136677588,8.0,8.0,6.0,-0.29999999999999716,0
106.5,106.5,0.75,0.7751900831366776,0.1396361050886075,-0.18039806481778453,-0.025190083136677588,8.0,8.0,6.0,-0.10000000000000853,0
106.5,106.5,0.75,0.7751900831366776,0.1396361050886075,-0.18039806481778453,-0.025190083136677588,8.0,8.0,6.0,0.0,0
106.5,106.5,0.75,0.7751900831366776,0.1396361050886075,-0.18039806481778453,-0.025190083136677588,8.0,8.0,6.0,-0.4000000000000057,0
107.5,107.5,0.75,0.7816387375696199,0.1308271477771393,-0.24183617931895648,-0.03163873756961988,9.0,7.0,6.0,-0.29999999999999716,0
107.5,107.5,0.75,0.7816387375696199,0.1308271477771393,-0.24183617931895648,-0.03163873756961988,9.0,7.0,6.0,-0.29999999999999716,0
107.5,107.5,0.75,0.7816387375696199,0.1308271477771393,-0.24183617931895648,-0.03163873756961988,9.0,7.0,6.0,-0.10000000000000853,0
107.5,107.5,0.75,0.7816387375696199,0.1308271477771393,-0.24183617931895648,-0.03163873756961988,9.0,7.0,6.0,0.0,0
107.5,107.5,0.75,0.7816387375696199,0.1308271477771393,-0.24183617931895648,-0.03163873756961988,9.0,7.0,6.0,-0.4000000000000057,0
107.5,107.5,0.75,0.7816387375696199,0.1308271477771393,-0.24183617931895648,-0.03163873756961988,9.0,7.0,6.0,-0.20000000000000284,0
108.5,108.5,0.8888888888888888,0.76387277999778,0.1355241638782912,0.9224636058509887,0.1250161088911088,10.0,8.0,8.0,0.20000000000000284,0
108.5,108.5,0.8888888888888888,0.76387277999778,0.1355241638782912,0.9224636058509887,0.1250161088911088,10.0,8.0,8.0,0.09999999999999432,0
108.5,108.5,0.8888888888888888,0.76387277999778,0.1355241638782912,0.9224636058509887,0.1250161088911088,10.0,8.0,8.0,-0.10000000000000853,0
108.5,108.5,0.8888888888888888,0.76387277999778,0.1355241638782912,0.9224636058509887,0.1250161088911088,10.0,8.0,8.0,0.0,0
108.5,108.5,0.8888888888888888,0.76387277999778,0.1355241638782912,0.9224636058509887,0.1250161088911088,10.0,8.0,8.0,-0.4000000000000057,0
108.5,108.5,0.8888888888888888,0.76387277999778,0.1355241638782912,0.9224636058509887,0.1250161088911088,10.0,8.0,8.0,-0.20000000000000284,0
108.5,108.5,0.8888888888888888,0.76387277999778,0.1355241638782912,0.9224636058509887,0.1250161088911088,10.0,8.0,8.0,0.0,0
108.5,108.5,0.8888888888888888,0.76387277999778,0.1355241638782912,0.9224636058509887,0.1250161088911088,10.0,8.0,8.0,-0.20000000000000284,0
109.5,109.5,0.8235294117647058,0.7807786794732616,0.1402683841311244,0.3047781048898401,0.042750732291444216,9.0,8.0,7.0,-0.10000000000000853,0
109.5,109.5,0.8235294117647058,0.7807786794732616,0.1402683841311244,0.3047781048898401,0.042750732291444216,9.0,8.0,7.0,0.0,0
109.5,109.5,0.8235294117647058,0.7807786794732616,0.1402683841311244,0.3047781048898401,0.042750732291444216,9.0,8.0,7.0,-0.4000000000000057,0
109.5,109.5,0.8235294117647058,0.7807786794732616,0.1402683841311244,0.3047781048898401,0.042750732291444216,9.0,8.0,7.0,-0.20000000000000284,0
109.5,109.5,0.8235294117647058,0.7807786794732616,0.1402683841311244,0.3047781048898401,0.042750732291444216,9.0,8.0,7.0,0.0,0
109.5,109.5,0.8235294117647058,0.7807786794732616,0.1402683841311244,0.3047781048898401,0.042750732291444216,9.0,8.0,7.0,-0.20000000000000284,0
109.5,109.5,0.8235294117647058,0.7807786794732616,0.1402683841311244,0.3047781048898401,0.042750732291444216,9.0,8.0,7.0,-0.09999999999999432,0
110.5,110.5,0.8571428571428571,0.7637817728539091,0.14298169152563117,0.6529583144021756,0.09336108428894796,7.0,7.0,6.0,0.0,0
110.5,110.5,0.8571428571428571,0.7637817728539091,0.14298169152563117,0.6529583144021756,0.09336108428894796,7.0,7.0,6.0,-0.4000000000000057,0
110.5,110.5,0.8571428571428571,0.7637817728539091,0.14298169152563117,0.6529583144021756,0.09336108428894796,7.0,7.0,6.0,-0.20000000000000284,0
110.5,110.5,0.8571428571428571,0.7637817728539091,0.14298169152563117,0.6529583144021756,0.09336108428894796,7.0,7.0,6.0,0.0,0
110.5,110.5,0.8571428571428571,0.7637817728539091,0.14298169152563117,0.6529583144021756,0.09336108428894796,7.0,7.0,6.0,-0.20000000000000284,0
110.5,110.5,0.8571428571428571,0.7637817728539091,0.14298169152563117,0.6529583144021756,0.09336108428894796,7.0,7.0,6.0,-0.09999999999999432,0
111.5,111.5,0.8333333333333334,0.6518328413416649,0.16944106522534402,1.0711718068479228,0.1815004919916685,6.0,6.0,5.0,0.09999999999999432,0
111.5,111.5,0.8333333333333334,0.6518328413416649,0.16944106522534402,1.0711718068479228,0.1815004919916685,6.0,6.0,5.0,-0.20000000000000284,0
111.5,111.5,0.8333333333333334,0.6518328413416649,0.16944106522534402,1.0711718068479228,0.1815004919916685,6.0,6.0,5.0,0.0,0
111.5,111.5,0.8333333333333334,0.6518328413416649,0.16944106522534402,1.0711718068479228,0.1815004919916685,6.0,6.0,5.0,-0.20000000000000284,0
111.5,111.5,0.8333333333333334,0.6518328413416649,0.16944106522534402,1.0711718068479228,0.1815004919916685,6.0,6.0,5.0,-0.09999999999999432,0
112.5,112.5,0.8333333333333334,0.6976040928026223,0.12977079724047266,1.0459151320400468,0.13572924053071111,6.0,6.0,5.0,0.0,0
112.5,112.5,0.8333333333333334,0.6976040928026223,0.12977079724047266,1.0459151320400468,0.13572924053071111,6.0,6.0,5.0,-0.20000000000000284,0
112.5,112.5,0.8333333333333334,0.6976040928026223,0.12977079724047266,1.0459151320400468,0.13572924053071111,6.0,6.0,5.0,-0.09999999999999432,0
112.5,112.5,0.8333333333333334,0.6976040928026223,0.12977079724047266,1.0459151320400468,0.13572924053071111,6.0,6.0,5.0,-0.10000000000000853,0
112.5,112.5,0.8333333333333334,0.6976040928026223,0.12977079724047266,1.0459151320400468,0.13572924053071111,6.0,6.0,5.0,-0.10000000000000853,0
113.5,113.5,0.7272727272727273,0.683246654652537,0.12144788113284888,0.3625100101337401,0.044026072620190315,6.0,5.0,4.0,-0.09999999999999432,0
113.5,113.5,0.7272727272727273,0.683246654652537,0.12144788113284888,0.3625100101337401,0.044026072620190315,6.0,5.0,4.0,-0.10000000000000853,0
113.5,113.5,0.7272727272727273,0.683246654652537,0.12144788113284888,0.3625100101337401,0.044026072620190315,6.0,5.0,4.0,-0.10000000000000853,0
113.5,113.5,0.7272727272727273,0.683246654652537,0.12144788113284888,0.3625100101337401,0.044026072620190315,6.0,5.0,4.0,-0.09999999999999432,0
114.5,114.5,0.8333333333333334,0.6948369762590351,0.14289229943313328,0.9692359743927834,0.1384963570742983,6.0,6.0,5.0,-0.10000000000000853,0
114.5,114.5,0.8333333333333334,0.6948369762590351,0.14289229943313328,0.9692359743927834,0.1384963570742983,6.0,6.0,5.0,-0.10000000000000853,0
114.5,114.5,0.8333333333333334,0.6948369762590351,0.14289229943313328,0.9692359743927834,0.1384963570742983,6.0,6.0,5.0,-0.09999999999999432,0
114.5,114.5,0.8333333333333334,0.6948369762590351,0.14289229943313328,0.9692359743927834,0.1384963570742983,6.0,6.0,5.0,-0.29999999999999716,0
114.5,114.5,0.8333333333333334,0.6948369762590351,0.14289229943313328,0.9692359743927834,0.1384963570742983,6.0,6.0,5.0,-0.5,0
115.5,115.5,0.8571428571428571,0.7288072515719574,0.1433068404058279,0.8955302147997165,0.12833560557089974,8.0,6.0,6.0,-0.10000000000000853,0
115.5,115.5,0.8571428571428571,0.7288072515719574,0.1433068404058279,0.8955302147997165,0.12833560557089974,8.0,6.0,6.0,-0.10000000000000853,0
115.5,115.5,0.8571428571428571,0.7288072515719574,0.1433068404058279,0.8955302147997165,0.12833560557089974,8.0,6.0,6.0,-0.09999999999999432,0
115.5,115.5,0.8571428571428571,0.7288072515719574,0.1433068404058279,0.8955302147997165,0.12833560557089974,8.0,6.0,6.0,-0.29999999999999716,0
115.5,115.5,0.8571428571428571,0.7288072515719574,0.1433068404058279,0.8955302147997165,0.12833560557089974,8.0,6.0,6.0,-0.5,0
115.5,115.5,0.8571428571428571,0.7288072515719574,0.1433068404058279,0.8955302147997165,0.12833560557089974,8.0,6.0,6.0,-0.4000000000000057,0
116.5,116.5,0.9333333333333333,0.7685876781715016,0.1478564246912254,1.1142272343313913,0.1647456551618317,8.0,7.0,7.0,-0.10000000000000853,0
116.5,116.5,0.9333333333333333,0.7685876781715016,0.1478564246912254,1.1142272343313913,0.1647456551618317,8.0,7.0,7.0,-0.10000000000000853,0
116.5,116.5,0.9333333333333333,0.7685876781715016,0.1478564246912254,1.1142272343313913,0.1647456551618317,8.0,7.0,7.0,-0.09999999999999432,0
116.5,116.5,0.9333333333333333,0.7685876781715016,0.1478564246912254,1.1142272343313913,0.1647456551618317,8.0,7.0,7.0,-0.29999999999999716,0
116.5,116.5,0.9333333333333333,0.7685876781715016,0.1478564246912254,1.1142272343313913,0.1647456551618317,8.0,7.0,7.0,-0.5,0
116.5,116.5,0.9333333333333333,0.7685876781715016,0.1478564246912254,1.1142272343313913,0.1647456551618317,8.0,7.0,7.0,-0.4000000000000057,0
116.5,116.5,0.9333333333333333,0.7685876781715016,0.1478564246912254,1.1142272343313913,0.1647456551618317,8.0,7.0,7.0,-0.29999999999999716,0
117.5,117.5,0.8571428571428571,0.7793704656712398,0.13626325417874832,0.5707510211784353,0.0777723914716173,7.0,7.0,6.0,-0.09999999999999432,0
117.5,117.5,0.8571428571428571,0.7793704656712398,0.13626325417874832,0.5707510211784353,0.0777723914716173,7.0,7.0,6.0,-0.29999999999999716,0
117.5,117.5,0.8571428571428571,0.7793704656712398,0.13626325417874832,0.5707510211784353,0.0777723914716173,7.0,7.0,6.0,-0.5,0
117.5,117.5,0.8571428571428571,0.7793704656712398,0.13626325417874832,0.5707510211784353,0.0777723914716173,7.0,7.0,6.0,-0.4000000000000057,0
117.5,117.5,0.8571428571428571,0.7793704656712398,0.13626325417874832,0.5707510211784353,0.0777723914716173,7.0,7.0,6.0,-0.29999999999999716,0
117.5,117.5,0.8571428571428571,0.7793704656712398,0.13626325417874832,0.5707510211784353,0.0777723914716173,7.0,7.0,6.0,0.10000000000000853,0
118.5,118.5,0.9230769230769231,0.723524952172011,0.1528778833372334,1.3053030729416915,0.19955197090491217,7.0,6.0,6.0,-0.29999999999999716,0
118.5,118.5,0.9230769230769231,0.723524952172011,0.1528778833372334,1.3053030729416915,0.19955197090491217,7.0,6.0,6.0,-0.5,0
118.5,118.5,0.9230769230769231,0.723524952172011,0.1528778833372334,1.3053030729416915,0.19955197090491217,7.0,6.0,6.0,-0.4000000000000057,0
118.5,118.5,0.9230769230769231,0.723524952172011,0.1528778833372334,1.3053030729416915,0.19955197090491217,7.0,6.0,6.0,-0.29999999999999716,0
118.5,118.5,0.9230769230769231,0.723524952172011,0.1528778833372334,1.3053030729416915,0.19955197090491217,7.0,6.0,6.0,0.10000000000000853,0
118.5,118.5,0.9230769230769231,0.723524952172011,0.1528778833372334,1.3053030729416915,0.19955197090491217,7.0,6.0,6.0,0.3999999999999915,0
119.5,119.5,0.8,0.6101400390459213,0.1787231166564962,1.0623133957482815,0.18985996095407875,5.0,5.0,4.0,0.29999999999999716,0
119.5,119.5,0.8,0.6101400390459213,0.1787231166564962,1.0623133957482815,0.18985996095407875,5.0,5.0,4.0,-0.29999999999999716,0
119.5,119.5,0.8,0.6101400390459213,0.1787231166564962,1.0623133957482815,0.18985996095407875,5.0,5.0,4.0,0.10000000000000853,0
119.5,119.5,0.8,0.6101400390459213,0.1787231166564962,1.0623133957482815,0.18985996095407875,5.0,5.0,4.0,0.3999999999999915,0
120.5,120.5,0.8,0.6609170439038086,0.12532138811461283,1.1098102102810494,0.13908295609619148,5.0,5.0,4.0,-0.29999999999999716,0
120.5,120.5,0.8,0.6609170439038086,0.12532138811461283,1.1098102102810494,0.13908295609619148,5.0,5.0,4.0,0.10000000000000853,0
120.5,120.5,0.8,0.6609170439038086,0.12532138811461283,1.1098102102810494,0.13908295609619148,5.0,5.0,4.0,0.3999999999999915,0
120.5,120.5,0.8,0.6609170439038086,0.12532138811461283,1.1098102102810494,0.13908295609619148,5.0,5.0,4.0,0.20000000000000284,0
121.5,121.5,0.9090909090909091,0.6665080058830058,0.14197335522297577,1.7086509142994857,0.2425829032079032,5.0,6.0,5.0,0.10000000000000853,0
121.5,121.5,0.9090909090909091,0.6665080058830058,0.14197335522297577,1.7086509142994857,0.2425829032079032,5.0,6.0,5.0,0.3999999999999915,0
121.5,121.5,0.9090909090909091,0.6665080058830058,0.14197335522297577,1.7086509142994857,0.2425829032079032,5.0,6.0,5.0,0.20000000000000284,0
121.5,121.5,0.9090909090909091,0.6665080058830058,0.14197335522297577,1.7086509142994857,0.2425829032079032,5.0,6.0,5.0,-0.20000000000000284,0
121.5,121.5,0.9090909090909091,0.6665080058830058,0.14197335522297577,1.7086509142994857,0.2425829032079032,5.0,6.0,5.0,-0.30000000000001137,0
122.5,122.5,0.7272727272727273,0.6136757270507271,0.18040015110894553,0.6296945957290121,0.11359700022200014,6.0,5.0,4.0,0.20000000000000284,0
122.5,122.5,0.7272727272727273,0.6136757270507271,0.18040015110894553,0.6296945957290121,0.11359700022200014,6.0,5.0,4.0,-0.20000000000000284,0
122.5,122.5,0.7272727272727273,0.6136757270507271,0.18040015110894553,0.6296945957290121,0.11359700022200014,6.0,5.0,4.0,-0.30000000000001137,0
122.5,122.5,0.7272727272727273,0.6136757270507271,0.18040015110894553,0.6296945957290121,0.11359700022200014,6.0,5.0,4.0,-0.30000000000001137,0
123.5,123.5,0.8,0.7288149992680178,0.1611977069164971,0.44160057915003176,0.0711850007319822,8.0,7.0,6.0,0.20000000000000284,0
123.5,123.5,0.8,0.7288149992680178,0.1611977069164971,0.44160057915003176,0.0711850007319822,8.0,7.0,6.0,-0.20000000000000284,0
123.5,123.5,0.8,0.7288149992680178,0.1611977069164971,0.44160057915003176,0.0711850007319822,8.0,7.0,6.0,-0.30000000000001137,0
123.5,123.5,0.8,0.7288149992680178,0.1611977069164971,0.44160057915003176,0.0711850007319822,8.0,7.0,6.0,-0.30000000000001137,0
123.5,123.5,0.8,0.7288149992680178,0.1611977069164971,0.44160057915003176,0.0711850007319822,8.0,7.0,6.0,-0.10000000000000853,0
123.5,123.5,0.8,0.7288149992680178,0.1611977069164971,0.44160057915003176,0.0711850007319822,8.0,7.0,6.0,-0.09999999999999432,0
124.5,124.5,0.8888888888888888,0.7799840486053334,0.157990474146953,0.6893126998420097,0.1089048402835554,9.0,9.0,8.0,0.20000000000000284,0
124.5,124.5,0.8888888888888888,0.7799840486053334,0.157990474146953,0.6893126998420097,0.1089048402835554,9.0,9.0,8.0,-0.20000000000000284,0
124.5,124.5,0.8888888888888888,0.7799840486053334,0.157990474146953,0.6893126998420097,0.1089048402835554,9.0,9.0,8.0,-0.30000000000001137,0
124.5,124.5,0.8888888888888888,0.7799840486053334,0.157990474146953,0.6893126998420097,0.1089048402835554,9.0,9.0,8.0,-0.30000000000001137,0
124.5,124.5,0.8888888888888888,0.7799840486053334,0.157990474146953,0.6893126998420097,0.1089048402835554,9.0,9.0,8.0,-0.10000000000000853,0
124.5,124.5,0.8888888888888888,0.7799840486053334,0.157990474146953,0.6893126998420097,0.1089048402835554,9.0,9.0,8.0,-0.09999999999999432,0
124.5,124.5,0.8888888888888888,0.7799840486053334,0.157990474146953,0.6893126998420097,0.1089048402835554,9.0,9.0,8.0,-0.09999999999999432,0
124.5,124.5,0.8888888888888888,0.7799840486053334,0.157990474146953,0.6893126998420097,0.1089048402835554,9.0,9.0,8.0,-0.20000000000000284,0
125.5,125.5,0.8888888888888888,0.78473297449025,0.15121026271100196,0.6888151143398581,0.1041559143986388,9.0,9.0,8.0,-0.20000000000000284,0
125.5,125.5,0.8888888888888888,0.78473297449025,0.15121026271100196,0.6888151143398581,0.1041559143986388,9.0,9.0,8.0,-0.30000000000001137,0
125.5,125.5,0.8888888888888888,0.78473297449025,0.15121026271100196,0.6888151143398581,0.1041559143986388,9.0,9.0,8.0,-0.30000000000001137,0
125.5,125.5,0.8888888888888888,0.78473297449025,0.15121026271100196,0.6888151143398581,0.1041559143986388,9.0,9.0,8.0,-0.10000000000000853,0
125.5,125.5,0.8888888888888888,0.78473297449025,0.15121026271100196,0.6888151143398581,0.1041559143986388,9.0,9.0,8.0,-0.09999999999999432,0
125.5,125.5,0.8888888888888888,0.78473297449025,0.15121026271100196,0.6888151143398581,0.1041559143986388,9.0,9.0,8.0,-0.09999999999999432,0
125.5,125.5,0.8888888888888888,0.78473297449025,0.15121026271100196,0.6888151143398581,0.1041559143986388,9.0,9.0,8.0,-0.20000000000000284,0
125.5,125.5,0.8888888888888888,0.78473297449025,0.15121026271100196,0.6888151143398581,0.1041559143986388,9.0,9.0,8.0,0.20000000000000284,0
126.5,126.5,0.875,0.7767867001849199,0.14551692570305455,0.6749269842018006,0.09821329981508009,8.0,8.0,7.0,-0.30000000000001137,0
126.5,126.5,0.875,0.7767867001849199,0.14551692570305455,0.6749269842018006,0.09821329981508009,8.0,8.0,7.0,-0.10000000000000853,0
126.5,126.5,0.875,0.7767867001849199,0.14551692570305455,0.6749269842018006,0.09821329981508009,8.0,8.0,7.0,-0.09999999999999432,0
126.5,126.5,0.875,0.7767867001849199,0.14551692570305455,0.6749269842018006,0.09821329981508009,8.0,8.0,7.0,-0.09999999999999432,0
126.5,126.5,0.875,0.7767867001849199,0.14551692570305455,0.6749269842018006,0.09821329981508009,8.0,8.0,7.0,-0.20000000000000284,0
126.5,126.5,0.875,0.7767867001849199,0.14551692570305455,0.6749269842018006,0.09821329981508009,8.0,8.0,7.0,0.20000000000000284,0
126.5,126.5,0.875,0.7767867001849199,0.14551692570305455,0.6749269842018006,0.09821329981508009,8.0,8.0,7.0,0.19999999999998863,0
127.5,127.5,0.8,0.7671923970766076,0.14898044436191174,0.2202141567231091,0.032807602923392465,6.0,9.0,6.0,-0.10000000000000853,0
127.5,127.5,0.8,0.7671923970766076,0.14898044436191174,0.2202141567231091,0.032807602923392465,6.0,9.0,6.0,-0.09999999999999432,0
127.5,127.5,0.8,0.7671923970766076,0.14898044436191174,0.2202141567231091,0.032807602923392465,6.0,9.0,6.0,-0.09999999999999432,0
127.5,127.5,0.8,0.7671923970766076,0.14898044436191174,0.2202141567231091,0.032807602923392465,6.0,9.0,6.0,-0.20000000000000284,0
127.5,127.5,0.8,0.7671923970766076,0.14898044436191174,0.2202141567231091,0.032807602923392465,6.0,9.0,6.0,0.20000000000000284,0
127.5,127.5,0.8,0.7671923970766076,0.14898044436191174,0.2202141567231091,0.032807602923392465,6.0,9.0,6.0,0.19999999999998863,0
128.5,128.5,0.8333333333333334,0.7095736270265681,0.15856913838283876,0.7804778885029195,0.12375970630676525,5.0,7.0,5.0,-0.09999999999999432,0
128.5,128.5,0.8333333333333334,0.7095736270265681,0.15856913838283876,0.7804778885029195,0.12375970630676525,5.0,7.0,5.0,-0.20000000000000284,0
128.5,128.5,0.8333333333333334,0.7095736270265681,0.15856913838283876,0.7804778885029195,0.12375970630676525,5.0,7.0,5.0,0.20000000000000284,0
128.5,128.5,0.8333333333333334,0.7095736270265681,0.15856913838283876,0.7804778885029195,0.12375970630676525,5.0,7.0,5.0,0.19999999999998863,0
128.5,128.5,0.8333333333333334,0.7095736270265681,0.15856913838283876,0.7804778885029195,0.12375970630676525,5.0,7.0,5.0,0.39999999999997726,0
129.5,129.5,0.6,0.7459530285847623,0.13320784320660256,-1.0956789410544863,-0.14595302858476233,3.0,7.0,3.0,0.20000000000000284,0
129.5,129.5,0.6,0.7459530285847623,0.13320784320660256,-1.0956789410544863,-0.14595302858476233,3.0,7.0,3.0,0.19999999999998863,0
129.5,129.5,0.6,0.7459530285847623,0.13320784320660256,-1.0956789410544863,-0.14595302858476233,3.0,7.0,3.0,0.39999999999997726,0
130.5,130.5,0.7272727272727273,0.7480802695670343,0.1342799698674666,-0.1549564117034278,-0.020807542294307035,4.0,7.0,4.0,0.19999999999998863,0
130.5,130.5,0.7272727272727273,0.7480802695670343,0.1342799698674666,-0.1549564117034278,-0.020807542294307035,4.0,7.0,4.0,0.39999999999997726,0
130.5,130.5,0.7272727272727273,0.7480802695670343,0.1342799698674666,-0.1549564117034278,-0.020807542294307035,4.0,7.0,4.0,-0.09999999999999432,0
130.5,130.5,0.7272727272727273,0.7480802695670343,0.1342799698674666,-0.1549564117034278,-0.020807542294307035,4.0,7.0,4.0,0.09999999999999432,0
131.5,131.5,0.7692307692307693,0.7408318521949327,0.15631274921506547,0.18168010721098257,0.028398917035836524,5.0,8.0,5.0,0.39999999999997726,0
131.5,131.5,0.7692307692307693,0.7408318521949327,0.15631274921506547,0.18168010721098257,0.028398917035836524,5.0,8.0,5.0,-0.09999999999999432,0
131.5,131.5,0.7692307692307693,0.7408318521949327,0.15631274921506547,0.18168010721098257,0.028398917035836524,5.0,8.0,5.0,0.09999999999999432,0
131.5,131.5,0.7692307692307693,0.7408318521949327,0.15631274921506547,0.18168010721098257,0.028398917035836524,5.0,8.0,5.0,0.09999999999999432,0
131.5,131.5,0.7692307692307693,0.7408318521949327,0.15631274921506547,0.18168010721098257,0.028398917035836524,5.0,8.0,5.0,0.09999999999999432,0
132.5,132.5,0.7142857142857143,0.7131137188233163,0.18105054880005206,0.006473305218711677,0.00117199546239799,6.0,8.0,5.0,-0.09999999999999432,0
132.5,132.5,0.7142857142857143,0.7131137188233163,0.18105054880005206,0.006473305218711677,0.00117199546239799,6.0,8.0,5.0,0.09999999999999432,0
132.5,132.5,0.7142857142857143,0.7131137188233163,0.18105054880005206,0.006473305218711677,0.00117199546239799,6.0,8.0,5.0,0.09999999999999432,0
132.5,132.5,0.7142857142857143,0.7131137188233163,0.18105054880005206,0.006473305218711677,0.00117199546239799,6.0,8.0,5.0,0.09999999999999432,0
132.5,132.5,0.7142857142857143,0.7131137188233163,0.18105054880005206,0.006473305218711677,0.00117199546239799,6.0,8.0,5.0,0.09999999999999432,0
133.5,133.5,0.875,0.7821694976849776,0.16901928876049763,0.5492302268918217,0.09283050231502243,7.0,9.0,7.0,-0.09999999999999432,0
133.5,133.5,0.875,0.7821694976849776,0.16901928876049763,0.5492302268918217,0.09283050231502243,7.0,9.0,7.0,0.09999999999999432,0
133.5,133.5,0.875,0.7821694976849776,0.16901928876049763,0.5492302268918217,0.09283050231502243,7.0,9.0,7.0,0.09999999999999432,0
133.5,133.5,0.875,0.7821694976849776,0.16901928876049763,0.5492302268918217,0.09283050231502243,7.0,9.0,7.0,0.09999999999999432,0
133.5,133.5,0.875,0.7821694976849776,0.16901928876049763,0.5492302268918217,0.09283050231502243,7.0,9.0,7.0,0.09999999999999432,0
133.5,133.5,0.875,0.7821694976849776,0.16901928876049763,0.5492302268918217,0.09283050231502243,7.0,9.0,7.0,0.09999999999999432,0
133.5,133.5,0.875,0.7821694976849776,0.16901928876049763,0.5492302268918217,0.09283050231502243,7.0,9.0,7.0,0.09999999999999432,0
134.5,134.5,1.0,0.7788610145272685,0.16407875163620408,1.3477612626102953,0.22113898547273148,9.0,9.0,9.0,-0.09999999999999432,0
134.5,134.5,1.0,0.7788610145272685,0.16407875163620408,1.3477612626102953,0.22113898547273148,9.0,9.0,9.0,0.09999999999999432,0
134.5,134.5,1.0,0.7788610145272685,0.16407875163620408,1.3477612626102953,0.22113898547273148,9.0,9.0,9.0,0.09999999999999432,0
134.5,134.5,1.0,0.7788610145272685,0.16407875163620408,1.3477612626102953,0.22113898547273148,9.0,9.0,9.0,0.09999999999999432,0
134.5,134.5,1.0,0.7788610145272685,0.16407875163620408,1.3477612626102953,0.22113898547273148,9.0,9.0,9.0,0.09999999999999432,0
134.5,134.5,1.0,0.7788610145272685,0.16407875163620408,1.3477612626102953,0.22113898547273148,9.0,9.0,9.0,0.09999999999999432,0
134.5,134.5,1.0,0.7788610145272685,0.16407875163620408,1.3477612626102953,0.22113898547273148,9.0,9.0,9.0,0.09999999999999432,0
134.5,134.5,1.0,0.7788610145272685,0.16407875163620408,1.3477612626102953,0.22113898547273148,9.0,9.0,9.0,0.09999999999999432,0
134.5,134.5,1.0,0.7788610145272685,0.16407875163620408,1.3477612626102953,0.22113898547273148,9.0,9.0,9.0,0.0,0
135.5,135.5,0.8235294117647058,0.7130022752015786,0.17660361389001167,0.6258486682609075,0.11052713656312729,10.0,7.0,7.0,-0.4000000000000057,0
135.5,135.5,0.8235294117647058,0.7130022752015786,0.17660361389001167,0.6258486682609075,0.11052713656312729,10.0,7.0,7.0,-0.4000000000000057,0
135.5,135.5,0.8235294117647058,0.7130022752015786,0.17660361389001167,0.6258486682609075,0.11052713656312729,10.0,7.0,7.0,-0.5,0
135.5,135.5,0.8235294117647058,0.7130022752015786,0.17660361389001167,0.6258486682609075,0.11052713656312729,10.0,7.0,7.0,-0.4000000000000057,0
135.5,135.5,0.8235294117647058,0.7130022752015786,0.17660361389001167,0.6258486682609075,0.11052713656312729,10.0,7.0,7.0,-0.4000000000000057,0
135.5,135.5,0.8235294117647058,0.7130022752015786,0.17660361389001167,0.6258486682609075,0.11052713656312729,10.0,7.0,7.0,-0.5,0
135.5,135.5,0.8235294117647058,0.7130022752015786,0.17660361389001167,0.6258486682609075,0.11052713656312729,10.0,7.0,7.0,-0.5,0
136.5,136.5,0.7142857142857143,0.6201056304806305,0.19359262756527293,0.48648590077806264,0.0941800838050838,9.0,5.0,5.0,-0.5,0
136.5,136.5,0.7142857142857143,0.6201056304806305,0.19359262756527293,0.48648590077806264,0.0941800838050838,9.0,5.0,5.0,-0.4000000000000057,0
136.5,136.5,0.7142857142857143,0.6201056304806305,0.19359262756527293,0.48648590077806264,0.0941800838050838,9.0,5.0,5.0,-0.4000000000000057,0
136.5,136.5,0.7142857142857143,0.6201056304806305,0.19359262756527293,0.48648590077806264,0.0941800838050838,9.0,5.0,5.0,-0.5,0
136.5,136.5,0.7142857142857143,0.6201056304806305,0.19359262756527293,0.48648590077806264,0.0941800838050838,9.0,5.0,5.0,-0.5,0
137.5,137.5,0.7142857142857143,0.622427474159827,0.13341263145675686,0.6885273090176725,0.09185824012588728,8.0,6.0,5.0,0.09999999999999432,0
137.5,137.5,0.7142857142857143,0.622427474159827,0.13341263145675686,0.6885273090176725,0.09185824012588728,8.0,6.0,5.0,0.09999999999999432,0
137.5,137.5,0.7142857142857143,0.622427474159827,0.13341263145675686,0.6885273090176725,0.09185824012588728,8.0,6.0,5.0,0.09999999999999432,0
137.5,137.5,0.7142857142857143,0.622427474159827,0.13341263145675686,0.6885273090176725,0.09185824012588728,8.0,6.0,5.0,0.0,0
137.5,137.5,0.7142857142857143,0.622427474159827,0.13341263145675686,0.6885273090176725,0.09185824012588728,8.0,6.0,5.0,0.09999999999999432,0
138.5,138.5,0.5,0.630522504456328,0.1408130424042937,-0.9269205623835597,-0.13052250445632796,6.0,6.0,3.0,0.09999999999999432,0
138.5,138.5,0.5,0.630522504456328,0.1408130424042937,-0.9269205623835597,-0.13052250445632796,6.0,6.0,3.0,0.0,0
138.5,138.5,0.5,0.630522504456328,0.1408130424042937,-0.9269205623835597,-0.13052250445632796,6.0,6.0,3.0,0.09999999999999432,0
139.5,139.5,0.2222222222222222,0.62457437007437,0.1802382887256191,-2.2323344872889788,-0.4023521478521478,4.0,5.0,1.0,0.09999999999999432,0
140.5,140.5,0.4,0.7199566316036905,0.1764667762917541,-1.8131267444626704,-0.3199566316036905,3.0,7.0,2.0,0.09999999999999432,0
140.5,140.5,0.4,0.7199566316036905,0.1764667762917541,-1.8131267444626704,-0.3199566316036905,3.0,7.0,2.0,0.20000000000001705,0
141.5,141.5,0.5,0.7846013906114526,0.16984025266633107,-1.6757004664293675,-0.2846013906114526,3.0,9.0,3.0,0.09999999999999432,0
141.5,141.5,0.5,0.7846013906114526,0.16984025266633107,-1.6757004664293675,-0.2846013906114526,3.0,9.0,3.0,0.20000000000001705,0
141.5,141.5,0.5,0.7846013906114526,0.16984025266633107,-1.6757004664293675,-0.2846013906114526,3.0,9.0,3.0,-0.10000000000002274,0
142.5,142.5,0.36363636363636365,0.6983919047326942,0.17911358371517044,-1.868956748856439,-0.33475554109633054,3.0,8.0,2.0,0.20000000000001705,0
142.5,142.5,0.36363636363636365,0.6983919047326942,0.17911358371517044,-1.868956748856439,-0.33475554109633054,3.0,8.0,2.0,-0.10000000000002274,0
143.5,143.5,0.5,0.6911405606089817,0.1600308680077988,-1.1943980744993945,-0.19114056060898166,5.0,7.0,3.0,0.20000000000001705,0
143.5,143.5,0.5,0.6911405606089817,0.1600308680077988,-1.1943980744993945,-0.19114056060898166,5.0,7.0,3.0,-0.10000000000002274,0
143.5,143.5,0.5,0.6911405606089817,0.1600308680077988,-1.1943980744993945,-0.19114056060898166,5.0,7.0,3.0,-0.29999999999998295,0
144.5,144.5,0.6153846153846154,0.6883098378745437,0.1337329525457512,-0.5453048115794791,-0.07292522248992828,7.0,6.0,4.0,0.20000000000001705,0
144.5,144.5,0.6153846153846154,0.6883098378745437,0.1337329525457512,-0.5453048115794791,-0.07292522248992828,7.0,6.0,4.0,-0.10000000000002274,0
144.5,144.5,0.6153846153846154,0.6883098378745437,0.1337329525457512,-0.5453048115794791,-0.07292522248992828,7.0,6.0,4.0,-0.29999999999998295,0
144.5,144.5,0.6153846153846154,0.6883098378745437,0.1337329525457512,-0.5453048115794791,-0.07292522248992828,7.0,6.0,4.0,-0.29999999999998295,0
145.5,145.5,0.7142857142857143,0.7183736696310226,0.1229360459589498,-0.03325269910399826,-0.0040879553453082584,8.0,6.0,5.0,-0.10000000000002274,0
145.5,145.5,0.7142857142857143,0.7183736696310226,0.1229360459589498,-0.03325269910399826,-0.0040879553453082584,8.0,6.0,5.0,-0.29999999999998295,0
145.5,145.5,0.7142857142857143,0.7183736696310226,0.1229360459589498,-0.03325269910399826,-0.0040879553453082584,8.0,6.0,5.0,-0.29999999999998295,0
145.5,145.5,0.7142857142857143,0.7183736696310226,0.1229360459589498,-0.03325269910399826,-0.0040879553453082584,8.0,6.0,5.0,-0.5,0
145.5,145.5,0.7142857142857143,0.7183736696310226,0.1229360459589498,-0.03325269910399826,-0.0040879553453082584,8.0,6.0,5.0,0.0,0
146.5,146.5,0.7692307692307693,0.6627543983793985,0.1507855484577133,0.7061444013729953,0.10647637085137074,8.0,5.0,5.0,-0.29999999999998295,0
146.5,146.5,0.7692307692307693,0.6627543983793985,0.1507855484577133,0.7061444013729953,0.10647637085137074,8.0,5.0,5.0,-0.29999999999998295,0
146.5,146.5,0.7692307692307693,0.6627543983793985,0.1507855484577133,0.7061444013729953,0.10647637085137074,8.0,5.0,5.0,-0.5,0
146.5,146.5,0.7692307692307693,0.6627543983793985,0.1507855484577133,0.7061444013729953,0.10647637085137074,8.0,5.0,5.0,0.0,0
146.5,146.5,0.7692307692307693,0.6627543983793985,0.1507855484577133,0.7061444013729953,0.10647637085137074,8.0,5.0,5.0,0.09999999999999432,0
147.5,147.5,0.8571428571428571,0.7279672696584462,0.13634413129623146,0.9474231582711425,0.12917558748441094,8.0,6.0,6.0,-0.29999999999998295,0
147.5,147.5,0.8571428571428571,0.7279672696584462,0.13634413129623146,0.9474231582711425,0.12917558748441094,8.0,6.0,6.0,-0.29999999999998295,0
147.5,147.5,0.8571428571428571,0.7279672696584462,0.13634413129623146,0.9474231582711425,0.12917558748441094,8.0,6.0,6.0,-0.5,0
147.5,147.5,0.8571428571428571,0.7279672696584462,0.13634413129623146,0.9474231582711425,0.12917558748441094,8.0,6.0,6.0,0.0,0
147.5,147.5,0.8571428571428571,0.7279672696584462,0.13634413129623146,0.9474231582711425,0.12917558748441094,8.0,6.0,6.0,0.09999999999999432,0
147.5,147.5,0.8571428571428571,0.7279672696584462,0.13634413129623146,0.9474231582711425,0.12917558748441094,8.0,6.0,6.0,0.30000000000001137,0
148.5,148.5,0.9230769230769231,0.7336175879675879,0.14022915446844988,1.3510695106698487,0.18945933510933521,7.0,6.0,6.0,-0.29999999999998295,0
148.5,148.5,0.9230769230769231,0.7336175879675879,0.14022915446844988,1.3510695106698487,0.18945933510933521,7.0,6.0,6.0,-0.5,0
148.5,148.5,0.9230769230769231,0.7336175879675879,0.14022915446844988,1.3510695106698487,0.18945933510933521,7.0,6.0,6.0,0.0,0
148.5,148.5,0.9230769230769231,0.7336175879675879,0.14022915446844988,1.3510695106698487,0.18945933510933521,7.0,6.0,6.0,0.09999999999999432,0
148.5,148.5,0.9230769230769231,0.7336175879675879,0.14022915446844988,1.3510695106698487,0.18945933510933521,7.0,6.0,6.0,0.30000000000001137,0
148.5,148.5,0.9230769230769231,0.7336175879675879,0.14022915446844988,1.3510695106698487,0.18945933510933521,7.0,6.0,6.0,0.4000000000000057,0
149.5,149.5,0.8333333333333334,0.6511934550743375,0.16636358233758367,1.0948302248589425,0.1821398782589959,7.0,5.0,5.0,0.10000000000002274,0
149.5,149.5,0.8333333333333334,0.6511934550743375,0.16636358233758367,1.0948302248589425,0.1821398782589959,7.0,5.0,5.0,0.0,0
149.5,149.5,0.8333333333333334,0.6511934550743375,0.16636358233758367,1.0948302248589425,0.1821398782589959,7.0,5.0,5.0,0.09999999999999432,0
149.5,149.5,0.8333333333333334,0.6511934550743375,0.16636358233758367,1.0948302248589425,0.1821398782589959,7.0,5.0,5.0,0.30000000000001137,0
149.5,149.5,0.8333333333333334,0.6511934550743375,0.16636358233758367,1.0948302248589425,0.1821398782589959,7.0,5.0,5.0,0.4000000000000057,0
150.5,150.5,0.8,0.6289230658230658,0.1259989726876095,1.357764516073373,0.17107693417693426,6.0,4.0,4.0,0.09999999999999432,0
150.5,150.5,0.8,0.6289230658230658,0.1259989726876095,1.357764516073373,0.17107693417693426,6.0,4.0,4.0,0.30000000000001137,0
150.5,150.5,0.8,0.6289230658230658,0.1259989726876095,1.357764516073373,0.17107693417693426,6.0,4.0,4.0,0.4000000000000057,0
150.5,150.5,0.8,0.6289230658230658,0.1259989726876095,1.357764516073373,0.17107693417693426,6.0,4.0,4.0,-0.30000000000001137,0
151.5,151.5,0.7272727272727273,0.6675775654084477,0.11797193486957278,0.5060115520719167,0.05969516186427959,6.0,5.0,4.0,0.30000000000001137,0
151.5,151.5,0.7272727272727273,0.6675775654084477,0.11797193486957278,0.5060115520719167,0.05969516186427959,6.0,5.0,4.0,0.4000000000000057,0
151.5,151.5,0.7272727272727273,0.6675775654084477,0.11797193486957278,0.5060115520719167,0.05969516186427959,6.0,5.0,4.0,-0.30000000000001137,0
151.5,151.5,0.7272727272727273,0.6675775654084477,0.11797193486957278,0.5060115520719167,0.05969516186427959,6.0,5.0,4.0,-0.10000000000002274,0
152.5,152.5,0.6,0.6713525182334006,0.12890235091834837,-0.5535393088260896,-0.07135251823340061,5.0,5.0,3.0,0.4000000000000057,0
152.5,152.5,0.6,0.6713525182334006,0.12890235091834837,-0.5535393088260896,-0.07135251823340061,5.0,5.0,3.0,-0.30000000000001137,0
152.5,152.5,0.6,0.6713525182334006,0.12890235091834837,-0.5535393088260896,-0.07135251823340061,5.0,5.0,3.0,-0.10000000000002274,0
153.5,153.5,0.4,0.7113946999079352,0.15024953221461837,-2.072516934449653,-0.3113946999079352,4.0,6.0,2.0,-0.30000000000001137,0
153.5,153.5,0.4,0.7113946999079352,0.15024953221461837,-2.072516934449653,-0.3113946999079352,4.0,6.0,2.0,-0.10000000000002274,0
154.5,154.5,0.5,0.7823712428610261,0.1518623247530881,-1.8593897026147304,-0.2823712428610261,4.0,8.0,3.0,-0.30000000000001137,0
154.5,154.5,0.5,0.7823712428610261,0.1518623247530881,-1.8593897026147304,-0.2823712428610261,4.0,8.0,3.0,-0.10000000000002274,0
154.5,154.5,0.5,0.7823712428610261,0.1518623247530881,-1.8593897026147304,-0.2823712428610261,4.0,8.0,3.0,-0.20000000000001705,0
155.5,155.5,0.5454545454545454,0.7598569773106151,0.16644652963371137,-1.2881159632939894,-0.21440243185606966,3.0,8.0,3.0,-0.10000000000002274,0
155.5,155.5,0.5454545454545454,0.7598569773106151,0.16644652963371137,-1.2881159632939894,-0.21440243185606966,3.0,8.0,3.0,-0.20000000000001705,0
155.5,155.5,0.5454545454545454,0.7598569773106151,0.16644652963371137,-1.2881159632939894,-0.21440243185606966,3.0,8.0,3.0,-0.20000000000001705,0
156.5,156.5,0.4444444444444444,0.6719546562914209,0.18560344329046052,-1.2257865900199594,-0.2275102118469765,3.0,6.0,2.0,-0.20000000000001705,0
156.5,156.5,0.4444444444444444,0.6719546562914209,0.18560344329046052,-1.2257865900199594,-0.2275102118469765,3.0,6.0,2.0,-0.20000000000001705,0
157.5,157.5,0.6,0.6495426121264356,0.16624882114894643,-0.29800278753284615,-0.049542612126435626,4.0,6.0,3.0,-0.20000000000001705,0
157.5,157.5,0.6,0.6495426121264356,0.16624882114894643,-0.29800278753284615,-0.049542612126435626,4.0,6.0,3.0,-0.20000000000001705,0
157.5,157.5,0.6,0.6495426121264356,0.16624882114894643,-0.29800278753284615,-0.049542612126435626,4.0,6.0,3.0,-0.29999999999998295,0
158.5,158.5,0.7272727272727273,0.6341324786324787,0.1314652689766079,0.7084779833130026,0.09314024864024861,6.0,5.0,4.0,-0.20000000000001705,0
158.5,158.5,0.7272727272727273,0.6341324786324787,0.1314652689766079,0.7084779833130026,0.09314024864024861,6.0,5.0,4.0,-0.20000000000001705,0
158.5,158.5,0.7272727272727273,0.6341324786324787,0.1314652689766079,0.7084779833130026,0.09314024864024861,6.0,5.0,4.0,-0.29999999999998295,0
158.5,158.5,0.7272727272727273,0.6341324786324787,0.1314652689766079,0.7084779833130026,0.09314024864024861,6.0,5.0,4.0,-0.10000000000002274,0
159.5,159.5,0.8,0.5879102231102231,0.1296711295280265,1.6355975124280602,0.21208977688977693,6.0,4.0,4.0,-0.20000000000001705,0
159.5,159.5,0.8,0.5879102231102231,0.1296711295280265,1.6355975124280602,0.21208977688977693,6.0,4.0,4.0,-0.29999999999998295,0
159.5,159.5,0.8,0.5879102231102231,0.1296711295280265,1.6355975124280602,0.21208977688977693,6.0,4.0,4.0,-0.10000000000002274,0
159.5,159.5,0.8,0.5879102231102231,0.1296711295280265,1.6355975124280602,0.21208977688977693,6.0,4.0,4.0,-0.4000000000000057,0
160.5,160.5,0.8333333333333334,0.6149133671883672,0.159331304899201,1.3708540596158858,0.21841996614496617,7.0,5.0,5.0,-0.29999999999998295,0
160.5,160.5,0.8333333333333334,0.6149133671883672,0.159331304899201,1.3708540596158858,0.21841996614496617,7.0,5.0,5.0,-0.10000000000002274,0
160.5,160.5,0.8333333333333334,0.6149133671883672,0.159331304899201,1.3708540596158858,0.21841996614496617,7.0,5.0,5.0,-0.4000000000000057,0
160.5,160.5,0.8333333333333334,0.6149133671883672,0.159331304899201,1.3708540596158858,0.21841996614496617,7.0,5.0,5.0,-0.30000000000001137,0
160.5,160.5,0.8333333333333334,0.6149133671883672,0.159331304899201,1.3708540596158858,0.21841996614496617,7.0,5.0,5.0,-0.30000000000001137,0
161.5,161.5,0.9333333333333333,0.7112317443993914,0.1512051101871563,1.4688762083439675,0.22210158893394194,8.0,7.0,7.0,-0.29999999999998295,0
161.5,161.5,0.9333333333333333,0.7112317443993914,0.1512051101871563,1.4688762083439675,0.22210158893394194,8.0,7.0,7.0,-0.10000000000002274,0
161.5,161.5,0.9333333333333333,0.7112317443993914,0.1512051101871563,1.4688762083439675,0.22210158893394194,8.0,7.0,7.0,-0.4000000000000057,0
161.5,161.5,0.9333333333333333,0.7112317443993914,0.1512051101871563,1.4688762083439675,0.22210158893394194,8.0,7.0,7.0,-0.30000000000001137,0
161.5,161.5,0.9333333333333333,0.7112317443993914,0.1512051101871563,1.4688762083439675,0.22210158893394194,8.0,7.0,7.0,-0.30000000000001137,0
161.5,161.5,0.9333333333333333,0.7112317443993914,0.1512051101871563,1.4688762083439675,0.22210158893394194,8.0,7.0,7.0,-0.4000000000000057,0
161.5,161.5,0.9333333333333333,0.7112317443993914,0.1512051101871563,1.4688762083439675,0.22210158893394194,8.0,7.0,7.0,-0.09999999999999432,0
162.5,162.5,0.875,0.7306433699599334,0.16024385840018845,0.900855929714039,0.1443566300400666,8.0,8.0,7.0,-0.10000000000002274,0
162.5,162.5,0.875,0.7306433699599334,0.16024385840018845,0.900855929714039,0.1443566300400666,8.0,8.0,7.0,-0.4000000000000057,0
162.5,162.5,0.875,0.7306433699599334,0.16024385840018845,0.900855929714039,0.1443566300400666,8.0,8.0,7.0,-0.30000000000001137,0
162.5,162.5,0.875,0.7306433699599334,0.16024385840018845,0.900855929714039,0.1443566300400666,8.0,8.0,7.0,-0.30000000000001137,0
162.5,162.5,0.875,0.7306433699599334,0.16024385840018845,0.900855929714039,0.1443566300400666,8.0,8.0,7.0,-0.4000000000000057,0
162.5,162.5,0.875,0.7306433699599334,0.16024385840018845,0.900855929714039,0.1443566300400666,8.0,8.0,7.0,-0.09999999999999432,0
162.5,162.5,0.875,0.7306433699599334,0.16024385840018845,0.900855929714039,0.1443566300400666,8.0,8.0,7.0,-0.30000000000001137,0
163.5,163.5,0.8571428571428571,0.7373629826228123,0.1687720281336926,0.7097140198206381,0.1197798745200448,6.0,8.0,6.0,-0.4000000000000057,0
163.5,163.5,0.8571428571428571,0.7373629826228123,0.1687720281336926,0.7097140198206381,0.1197798745200448,6.0,8.0,6.0,-0.30000000000001137,0
163.5,163.5,0.8571428571428571,0.7373629826228123,0.1687720281336926,0.7097140198206381,0.1197798745200448,6.0,8.0,6.0,-0.30000000000001137,0
163.5,163.5,0.8571428571428571,0.7373629826228123,0.1687720281336926,0.7097140198206381,0.1197798745200448,6.0,8.0,6.0,-0.4000000000000057,0
163.5,163.5,0.8571428571428571,0.7373629826228123,0.1687720281336926,0.7097140198206381,0.1197798745200448,6.0,8.0,6.0,-0.09999999999999432,0
163.5,163.5,0.8571428571428571,0.7373629826228123,0.1687720281336926,0.7097140198206381,0.1197798745200448,6.0,8.0,6.0,-0.30000000000001137,0
164.5,164.5,0.7142857142857143,0.742608446197765,0.17300233669783924,-0.16371300210538975,-0.028322731912050703,6.0,8.0,5.0,-0.30000000000001137,0
164.5,164.5,0.7142857142857143,0.742608446197765,0.17300233669783924,-0.16371300210538975,-0.028322731912050703,6.0,8.0,5.0,-0.30000000000001137,0
164.5,164.5,0.7142857142857143,0.742608446197765,0.17300233669783924,-0.16371300210538975,-0.028322731912050703,6.0,8.0,5.0,-0.4000000000000057,0
164.5,164.5,0.7142857142857143,0.742608446197765,0.17300233669783924,-0.16371300210538975,-0.028322731912050703,6.0,8.0,5.0,-0.09999999999999432,0
164.5,164.5,0.7142857142857143,0.742608446197765,0.17300233669783924,-0.16371300210538975,-0.028322731912050703,6.0,8.0,5.0,-0.30000000000001137,0
165.5,165.5,0.5454545454545454,0.6523939323748148,0.19398631420664844,-0.5512728429199892,-0.10693938692026939,5.0,6.0,3.0,-0.4000000000000057,0
165.5,165.5,0.5454545454545454,0.6523939323748148,0.19398631420664844,-0.5512728429199892,-0.10693938692026939,5.0,6.0,3.0,-0.09999999999999432,0
165.5,165.5,0.5454545454545454,0.6523939323748148,0.19398631420664844,-0.5512728429199892,-0.10693938692026939,5.0,6.0,3.0,-0.30000000000001137,0
166.5,166.5,0.46153846153846156,0.6595719047292576,0.139120813665884,-1.4234638079848938,-0.19803344319079608,6.0,7.0,3.0,-0.30000000000001137,0
166.5,166.5,0.46153846153846156,0.6595719047292576,0.139120813665884,-1.4234638079848938,-0.19803344319079608,6.0,7.0,3.0,-0.09999999999999432,0
166.5,166.5,0.46153846153846156,0.6595719047292576,0.139120813665884,-1.4234638079848938,-0.19803344319079608,6.0,7.0,3.0,-0.20000000000001705,0
167.5,167.5,0.5714285714285714,0.6632637667887668,0.1390005442779527,-0.6606822716935333,-0.09183519536019535,7.0,7.0,4.0,-0.09999999999999432,0
167.5,167.5,0.5714285714285714,0.6632637667887668,0.1390005442779527,-0.6606822716935333,-0.09183519536019535,7.0,7.0,4.0,-0.20000000000001705,0
167.5,167.5,0.5714285714285714,0.6632637667887668,0.1390005442779527,-0.6606822716935333,-0.09183519536019535,7.0,7.0,4.0,-0.19999999999998863,0
167.5,167.5,0.5714285714285714,0.6632637667887668,0.1390005442779527,-0.6606822716935333,-0.09183519536019535,7.0,7.0,4.0,-0.09999999999999432,0
168.5,168.5,0.8235294117647058,0.6679103380709419,0.1778444161561706,0.8750292927786391,0.15561907369376393,9.0,8.0,7.0,-0.09999999999999432,0
168.5,168.5,0.8235294117647058,0.6679103380709419,0.1778444161561706,0.8750292927786391,0.15561907369376393,9.0,8.0,7.0,-0.20000000000001705,0
168.5,168.5,0.8235294117647058,0.6679103380709419,0.1778444161561706,0.8750292927786391,0.15561907369376393,9.0,8.0,7.0,-0.19999999999998863,0
168.5,168.5,0.8235294117647058,0.6679103380709419,0.1778444161561706,0.8750292927786391,0.15561907369376393,9.0,8.0,7.0,-0.09999999999999432,0
168.5,168.5,0.8235294117647058,0.6679103380709419,0.1778444161561706,0.8750292927786391,0.15561907369376393,9.0,8.0,7.0,-0.09999999999999432,0
168.5,168.5,0.8235294117647058,0.6679103380709419,0.1778444161561706,0.8750292927786391,0.15561907369376393,9.0,8.0,7.0,0.0,0
168.5,168.5,0.8235294117647058,0.6679103380709419,0.1778444161561706,0.8750292927786391,0.15561907369376393,9.0,8.0,7.0,-0.09999999999999432,0
169.5,169.5,0.8888888888888888,0.6993790780770658,0.1887612356705012,1.003965724946983,0.18950981081182305,10.0,8.0,8.0,-0.09999999999999432,0
169.5,169.5,0.8888888888888888,0.6993790780770658,0.1887612356705012,1.003965724946983,0.18950981081182305,10.0,8.0,8.0,-0.20000000000001705,0
169.5,169.5,0.8888888888888888,0.6993790780770658,0.1887612356705012,1.003965724946983,0.18950981081182305,10.0,8.0,8.0,-0.19999999999998863,0
169.5,169.5,0.8888888888888888,0.6993790780770658,0.1887612356705012,1.003965724946983,0.18950981081182305,10.0,8.0,8.0,-0.09999999999999432,0
169.5,169.5,0.8888888888888888,0.6993790780770658,0.1887612356705012,1.003965724946983,0.18950981081182305,10.0,8.0,8.0,-0.09999999999999432,0
169.5,169.5,0.8888888888888888,0.6993790780770658,0.1887612356705012,1.003965724946983,0.18950981081182305,10.0,8.0,8.0,0.0,0
169.5,169.5,0.8888888888888888,0.6993790780770658,0.1887612356705012,1.003965724946983,0.18950981081182305,10.0,8.0,8.0,-0.09999999999999432,0
169.5,169.5,0.8888888888888888,0.6993790780770658,0.1887612356705012,1.003965724946983,0.18950981081182305,10.0,8.0,8.0,-0.09999999999999432,0
170.5,170.5,1.0,0.7381168114393347,0.17681771008962907,1.4810913930958411,0.2618831885606653,10.0,10.0,10.0,-0.09999999999999432,0
170.5,170.5,1.0,0.7381168114393347,0.17681771008962907,1.4810913930958411,0.2618831885606653,10.0,10.0,10.0,-0.20000000000001705,0
170.5,170.5,1.0,0.7381168114393347,0.17681771008962907,1.4810913930958411,0.2618831885606653,10.0,10.0,10.0,-0.19999999999998863,0
170.5,170.5,1.0,0.7381168114393347,0.17681771008962907,1.4810913930958411,0.2618831885606653,10.0,10.0,10.0,-0.09999999999999432,0
170.5,170.5,1.0,0.7381168114393347,0.17681771008962907,1.4810913930958411,0.2618831885606653,10.0,10.0,10.0,-0.09999999999999432,0
170.5,170.5,1.0,0.7381168114393347,0.17681771008962907,1.4810913930958411,0.2618831885606653,10.0,10.0,10.0,0.0,0
170.5,170.5,1.0,0.7381168114393347,0.17681771008962907,1.4810913930958411,0.2618831885606653,10.0,10.0,10.0,-0.09999999999999432,0
170.5,170.5,1.0,0.7381168114393347,0.17681771008962907,1.4810913930958411,0.2618831885606653,10.0,10.0,10.0,-0.09999999999999432,0
170.5,170.5,1.0,0.7381168114393347,0.17681771008962907,1.4810913930958411,0.2618831885606653,10.0,10.0,10.0,-0.19999999999998863,0
170.5,170.5,1.0,0.7381168114393347,0.17681771008962907,1.4810913930958411,0.2618831885606653,10.0,10.0,10.0,-0.09999999999999432,0
171.5,171.5,1.0,0.730975617468187,0.16851336624033986,1.5964572338322454,0.26902438253181304,9.0,9.0,9.0,-0.19999999999998863,0
171.5,171.5,1.0,0.730975617468187,0.16851336624033986,1.5964572338322454,0.26902438253181304,9.0,9.0,9.0,-0.09999999999999432,0
171.5,171.5,1.0,0.730975617468187,0.16851336624033986,1.5964572338322454,0.26902438253181304,9.0,9.0,9.0,-0.09999999999999432,0
171.5,171.5,1.0,0.730975617468187,0.16851336624033986,1.5964572338322454,0.26902438253181304,9.0,9.0,9.0,0.0,0
171.5,171.5,1.0,0.730975617468187,0.16851336624033986,1.5964572338322454,0.26902438253181304,9.0,9.0,9.0,-0.09999999999999432,0
171.5,171.5,1.0,0.730975617468187,0.16851336624033986,1.5964572338322454,0.26902438253181304,9.0,9.0,9.0,-0.09999999999999432,0
171.5,171.5,1.0,0.730975617468187,0.16851336624033986,1.5964572338322454,0.26902438253181304,9.0,9.0,9.0,-0.19999999999998863,0
171.5,171.5,1.0,0.730975617468187,0.16851336624033986,1.5964572338322454,0.26902438253181304,9.0,9.0,9.0,-0.09999999999999432,0
171.5,171.5,1.0,0.730975617468187,0.16851336624033986,1.5964572338322454,0.26902438253181304,9.0,9.0,9.0,-0.09999999999999432,0
172.5,172.5,1.0,0.7291966034051948,0.14983185842851388,1.8073819509087112,0.27080339659480523,8.0,8.0,8.0,-0.09999999999999432,0
172.5,172.5,1.0,0.7291966034051948,0.14983185842851388,1.8073819509087112,0.27080339659480523,8.0,8.0,8.0,0.0,0
172.5,172.5,1.0,0.7291966034051948,0.14983185842851388,1.8073819509087112,0.27080339659480523,8.0,8.0,8.0,-0.09999999999999432,0
172.5,172.5,1.0,0.7291966034051948,0.14983185842851388,1.8073819509087112,0.27080339659480523,8.0,8.0,8.0,-0.09999999999999432,0
172.5,172.5,1.0,0.7291966034051948,0.14983185842851388,1.8073819509087112,0.27080339659480523,8.0,8.0,8.0,-0.19999999999998863,0
172.5,172.5,1.0,0.7291966034051948,0.14983185842851388,1.8073819509087112,0.27080339659480523,8.0,8.0,8.0,-0.09999999999999432,0
172.5,172.5,1.0,0.7291966034051948,0.14983185842851388,1.8073819509087112,0.27080339659480523,8.0,8.0,8.0,-0.09999999999999432,0
172.5,172.5,1.0,0.7291966034051948,0.14983185842851388,1.8073819509087112,0.27080339659480523,8.0,8.0,8.0,0.19999999999998863,0
173.5,173.5,0.9090909090909091,0.6482852175602175,0.15676971915996554,1.663622879011279,0.26080569153069155,5.0,6.0,5.0,-0.09999999999999432,0
173.5,173.5,0.9090909090909091,0.6482852175602175,0.15676971915996554,1.663622879011279,0.26080569153069155,5.0,6.0,5.0,-0.19999999999998863,0
173.5,173.5,0.9090909090909091,0.6482852175602175,0.15676971915996554,1.663622879011279,0.26080569153069155,5.0,6.0,5.0,-0.09999999999999432,0
173.5,173.5,0.9090909090909091,0.6482852175602175,0.15676971915996554,1.663622879011279,0.26080569153069155,5.0,6.0,5.0,-0.09999999999999432,0
173.5,173.5,0.9090909090909091,0.6482852175602175,0.15676971915996554,1.663622879011279,0.26080569153069155,5.0,6.0,5.0,0.19999999999998863,0
174.5,174.5,0.75,0.5358031191031191,0.1610849695385154,1.3297136381533505,0.21419688089688094,4.0,4.0,3.0,-0.09999999999999432,0
174.5,174.5,0.75,0.5358031191031191,0.1610849695385154,1.3297136381533505,0.21419688089688094,4.0,4.0,3.0,-0.09999999999999432,0
174.5,174.5,0.75,0.5358031191031191,0.1610849695385154,1.3297136381533505,0.21419688089688094,4.0,4.0,3.0,0.19999999999998863,0
175.5,175.5,0.5714285714285714,0.3986695249195249,0.1603459607113296,1.0774143966124856,0.1727590465090465,5.0,2.0,2.0,-0.09999999999999432,0
175.5,175.5,0.5714285714285714,0.3986695249195249,0.1603459607113296,1.0774143966124856,0.1727590465090465,5.0,2.0,2.0,0.19999999999998863,0
176.5,176.5,0.6,0.508695004995005,0.1396185375823041,0.6539604022937955,0.091304995004995,7.0,3.0,3.0,0.19999999999998863,0
176.5,176.5,0.6,0.508695004995005,0.1396185375823041,0.6539604022937955,0.091304995004995,7.0,3.0,3.0,-0.5,0
176.5,176.5,0.6,0.508695004995005,0.1396185375823041,0.6539604022937955,0.091304995004995,7.0,3.0,3.0,-0.29999999999998295,0
