t_center,t_center_abs,S,S_null_mean,S_null_sd,z_S_t,S_excess,nA,nB,nM,dt,episode
12.5,12.5,0.8,0.7753192307692309,0.11685318741673617,0.21121177587351153,0.024680769230769117,9.0,6.0,6.0,0.09999999999999964,0
12.5,12.5,0.8,0.7753192307692309,0.11685318741673617,0.21121177587351153,0.024680769230769117,9.0,6.0,6.0,0.0,0
12.5,12.5,0.8,0.7753192307692309,0.11685318741673617,0.21121177587351153,0.024680769230769117,9.0,6.0,6.0,-0.09999999999999964,0
12.5,12.5,0.8,0.7753192307692309,0.11685318741673617,0.21121177587351153,0.024680769230769117,9.0,6.0,6.0,-0.3000000000000007,0
12.5,12.5,0.8,0.7753192307692309,0.11685318741673617,0.21121177587351153,0.024680769230769117,9.0,6.0,6.0,-0.3000000000000007,0
12.5,12.5,0.8,0.7753192307692309,0.11685318741673617,0.21121177587351153,0.024680769230769117,9.0,6.0,6.0,-0.40000000000000036,0
13.5,13.5,0.9230769230769231,0.7969629204129204,0.12015901877060685,1.0495591920966367,0.12611400266400274,7.0,6.0,6.0,0.0,0
13.5,13.5,0.9230769230769231,0.7969629204129204,0.12015901877060685,1.0495591920966367,0.12611400266400274,7.0,6.0,6.0,-0.09999999999999964,0
13.5,13.5,0.9230769230769231,0.7969629204129204,0.12015901877060685,1.0495591920966367,0.12611400266400274,7.0,6.0,6.0,-0.3000000000000007,0
13.5,13.5,0.9230769230769231,0.7969629204129204,0.12015901877060685,1.0495591920966367,0.12611400266400274,7.0,6.0,6.0,-0.3000000000000007,0
13.5,13.5,0.9230769230769231,0.7969629204129204,0.12015901877060685,1.0495591920966367,0.12611400266400274,7.0,6.0,6.0,-0.40000000000000036,0
13.5,13.5,0.9230769230769231,0.7969629204129204,0.12015901877060685,1.0495591920966367,0.12611400266400274,7.0,6.0,6.0,-0.5,0
14.5,14.5,0.9230769230769231,0.787645942945943,0.13135786437059221,1.031007780005441,0.1354309801309801,7.0,6.0,6.0,-0.09999999999999964,0
14.5,14.5,0.9230769230769231,0.787645942945943,0.13135786437059221,1.031007780005441,0.1354309801309801,7.0,6.0,6.0,-0.3000000000000007,0
14.5,14.5,0.9230769230769231,0.787645942945943,0.13135786437059221,1.031007780005441,0.1354309801309801,7.0,6.0,6.0,-0.3000000000000007,0
14.5,14.5,0.9230769230769231,0.787645942945943,0.13135786437059221,1.031007780005441,0.1354309801309801,7.0,6.0,6.0,-0.40000000000000036,0
14.5,14.5,0.9230769230769231,0.787645942945943,0.13135786437059221,1.031007780005441,0.1354309801309801,7.0,6.0,6.0,-0.5,0
14.5,14.5,0.9230769230769231,0.787645942945943,0.13135786437059221,1.031007780005441,0.1354309801309801,7.0,6.0,6.0,0.1999999999999993,0
15.5,15.5,0.9230769230769231,0.7602580974580974,0.12824824809808777,1.2695598422077272,0.16281882561882577,7.0,6.0,6.0,-0.3000000000000007,0
15.5,15.5,0.9230769230769231,0.7602580974580974,0.12824824809808777,1.2695598422077272,0.16281882561882577,7.0,6.0,6.0,-0.3000000000000007,0
15.5,15.5,0.9230769230769231,0.7602580974580974,0.12824824809808777,1.2695598422077272,0.16281882561882577,7.0,6.0,6.0,-0.40000000000000036,0
15.5,15.5,0.9230769230769231,0.7602580974580974,0.12824824809808777,1.2695598422077272,0.16281882561882577,7.0,6.0,6.0,-0.5,0
15.5,15.5,0.9230769230769231,0.7602580974580974,0.12824824809808777,1.2695598422077272,0.16281882561882577,7.0,6.0,6.0,0.1999999999999993,0
15.5,15.5,0.9230769230769231,0.7602580974580974,0.12824824809808777,1.2695598422077272,0.16281882561882577,7.0,6.0,6.0,-0.1999999999999993,0
16.5,16.5,0.8333333333333334,0.7276203629703629,0.10488266445671672,1.0079165218633093,0.10571297036297045,7.0,5.0,5.0,-0.40000000000000036,0
16.5,16.5,0.8333333333333334,0.7276203629703629,0.10488266445671672,1.0079165218633093,0.10571297036297045,7.0,5.0,5.0,-0.5,0
16.5,16.5,0.8333333333333334,0.7276203629703629,0.10488266445671672,1.0079165218633093,0.10571297036297045,7.0,5.0,5.0,0.1999999999999993,0
16.5,16.5,0.8333333333333334,0.7276203629703629,0.10488266445671672,1.0079165218633093,0.10571297036297045,7.0,5.0,5.0,-0.1999999999999993,0
16.5,16.5,0.8333333333333334,0.7276203629703629,0.10488266445671672,1.0079165218633093,0.10571297036297045,7.0,5.0,5.0,-0.10000000000000142,0
17.5,17.5,0.7272727272727273,0.7390261294261296,0.10015388714204265,-0.11735342969497596,-0.01175340215340226,6.0,5.0,4.0,0.1999999999999993,0
17.5,17.5,0.7272727272727273,0.7390261294261296,0.10015388714204265,-0.11735342969497596,-0.01175340215340226,6.0,5.0,4.0,-0.1999999999999993,0
17.5,17.5,0.7272727272727273,0.7390261294261296,0.10015388714204265,-0.11735342969497596,-0.01175340215340226,6.0,5.0,4.0,-0.10000000000000142,0
17.5,17.5,0.7272727272727273,0.7390261294261296,0.10015388714204265,-0.11735342969497596,-0.01175340215340226,6.0,5.0,4.0,-0.1999999999999993,0
18.5,18.5,0.7692307692307693,0.7259685203685203,0.11038493522196326,0.39192167640680975,0.04326224886224894,8.0,5.0,5.0,0.1999999999999993,0
18.5,18.5,0.7692307692307693,0.7259685203685203,0.11038493522196326,0.39192167640680975,0.04326224886224894,8.0,5.0,5.0,-0.1999999999999993,0
18.5,18.5,0.7692307692307693,0.7259685203685203,0.11038493522196326,0.39192167640680975,0.04326224886224894,8.0,5.0,5.0,-0.10000000000000142,0
18.5,18.5,0.7692307692307693,0.7259685203685203,0.11038493522196326,0.39192167640680975,0.04326224886224894,8.0,5.0,5.0,-0.1999999999999993,0
18.5,18.5,0.7692307692307693,0.7259685203685203,0.11038493522196326,0.39192167640680975,0.04326224886224894,8.0,5.0,5.0,-0.1999999999999993,0
19.5,19.5,0.7142857142857143,0.7745767288267289,0.12523830793974314,-0.48141032510613985,-0.0602910145410146,8.0,6.0,5.0,-0.1999999999999993,0
19.5,19.5,0.7142857142857143,0.7745767288267289,0.12523830793974314,-0.48141032510613985,-0.0602910145410146,8.0,6.0,5.0,-0.10000000000000142,0
19.5,19.5,0.7142857142857143,0.7745767288267289,0.12523830793974314,-0.48141032510613985,-0.0602910145410146,8.0,6.0,5.0,-0.1999999999999993,0
19.5,19.5,0.7142857142857143,0.7745767288267289,0.12523830793974314,-0.48141032510613985,-0.0602910145410146,8.0,6.0,5.0,-0.1999999999999993,0
19.5,19.5,0.7142857142857143,0.7745767288267289,0.12523830793974314,-0.48141032510613985,-0.0602910145410146,8.0,6.0,5.0,-0.10000000000000142,0
20.5,20.5,0.7692307692307693,0.7860849317349319,0.12604043831045741,-0.133720278428802,-0.016854162504162606,7.0,6.0,5.0,-0.10000000000000142,0
20.5,20.5,0.7692307692307693,0.7860849317349319,0.12604043831045741,-0.133720278428802,-0.016854162504162606,7.0,6.0,5.0,-0.1999999999999993,0
20.5,20.5,0.7692307692307693,0.7860849317349319,0.12604043831045741,-0.133720278428802,-0.016854162504162606,7.0,6.0,5.0,-0.1999999999999993,0
20.5,20.5,0.7692307692307693,0.7860849317349319,0.12604043831045741,-0.133720278428802,-0.016854162504162606,7.0,6.0,5.0,-0.10000000000000142,0
20.5,20.5,0.7692307692307693,0.7860849317349319,0.12604043831045741,-0.133720278428802,-0.016854162504162606,7.0,6.0,5.0,0.3999999999999986,0
21.5,21.5,0.7692307692307693,0.7929705185337539,0.12425323762238366,-0.19105940221156864,-0.023739749302984614,6.0,7.0,5.0,-0.1999999999999993,0
21.5,21.5,0.7692307692307693,0.7929705185337539,0.12425323762238366,-0.19105940221156864,-0.023739749302984614,6.0,7.0,5.0,-0.1999999999999993,0
21.5,21.5,0.7692307692307693,0.7929705185337539,0.12425323762238366,-0.19105940221156864,-0.023739749302984614,6.0,7.0,5.0,-0.10000000000000142,0
21.5,21.5,0.7692307692307693,0.7929705185337539,0.12425323762238366,-0.19105940221156864,-0.023739749302984614,6.0,7.0,5.0,0.3999999999999986,0
21.5,21.5,0.7692307692307693,0.7929705185337539,0.12425323762238366,-0.19105940221156864,-0.023739749302984614,6.0,7.0,5.0,0.10000000000000142,0
22.5,22.5,0.8571428571428571,0.8319998449263155,0.12013615137688344,0.2092876451291047,0.025143012216541583,7.0,7.0,6.0,-0.1999999999999993,0
22.5,22.5,0.8571428571428571,0.8319998449263155,0.12013615137688344,0.2092876451291047,0.025143012216541583,7.0,7.0,6.0,-0.10000000000000142,0
22.5,22.5,0.8571428571428571,0.8319998449263155,0.12013615137688344,0.2092876451291047,0.025143012216541583,7.0,7.0,6.0,0.3999999999999986,0
22.5,22.5,0.8571428571428571,0.8319998449263155,0.12013615137688344,0.2092876451291047,0.025143012216541583,7.0,7.0,6.0,0.10000000000000142,0
22.5,22.5,0.8571428571428571,0.8319998449263155,0.12013615137688344,0.2092876451291047,0.025143012216541583,7.0,7.0,6.0,0.0,0
22.5,22.5,0.8571428571428571,0.8319998449263155,0.12013615137688344,0.2092876451291047,0.025143012216541583,7.0,7.0,6.0,-0.1999999999999993,0
23.5,23.5,0.8571428571428571,0.8305263102910162,0.1193632730218899,0.22298774303013386,0.026616546851840894,7.0,7.0,6.0,-0.10000000000000142,0
23.5,23.5,0.8571428571428571,0.8305263102910162,0.1193632730218899,0.22298774303013386,0.026616546851840894,7.0,7.0,6.0,0.3999999999999986,0
23.5,23.5,0.8571428571428571,0.8305263102910162,0.1193632730218899,0.22298774303013386,0.026616546851840894,7.0,7.0,6.0,0.10000000000000142,0
23.5,23.5,0.8571428571428571,0.8305263102910162,0.1193632730218899,0.22298774303013386,0.026616546851840894,7.0,7.0,6.0,0.0,0
23.5,23.5,0.8571428571428571,0.8305263102910162,0.1193632730218899,0.22298774303013386,0.026616546851840894,7.0,7.0,6.0,-0.1999999999999993,0
23.5,23.5,0.8571428571428571,0.8305263102910162,0.1193632730218899,0.22298774303013386,0.026616546851840894,7.0,7.0,6.0,-0.3000000000000007,0
24.5,24.5,0.875,0.8086835840629958,0.12294788188653348,0.5393864043807319,0.06631641593700421,8.0,8.0,7.0,0.3999999999999986,0
24.5,24.5,0.875,0.8086835840629958,0.12294788188653348,0.5393864043807319,0.06631641593700421,8.0,8.0,7.0,0.10000000000000142,0
24.5,24.5,0.875,0.8086835840629958,0.12294788188653348,0.5393864043807319,0.06631641593700421,8.0,8.0,7.0,0.0,0
24.5,24.5,0.875,0.8086835840629958,0.12294788188653348,0.5393864043807319,0.06631641593700421,8.0,8.0,7.0,-0.1999999999999993,0
24.5,24.5,0.875,0.8086835840629958,0.12294788188653348,0.5393864043807319,0.06631641593700421,8.0,8.0,7.0,-0.3000000000000007,0
24.5,24.5,0.875,0.8086835840629958,0.12294788188653348,0.5393864043807319,0.06631641593700421,8.0,8.0,7.0,-0.3000000000000007,0
24.5,24.5,0.875,0.8086835840629958,0.12294788188653348,0.5393864043807319,0.06631641593700421,8.0,8.0,7.0,-0.3000000000000007,0
25.5,25.5,0.8,0.8322325481707835,0.12270563516574261,-0.26268189009613035,-0.03223254817078347,8.0,7.0,6.0,-0.5,0
25.5,25.5,0.8,0.8322325481707835,0.12270563516574261,-0.26268189009613035,-0.03223254817078347,8.0,7.0,6.0,-0.5,0
25.5,25.5,0.8,0.8322325481707835,0.12270563516574261,-0.26268189009613035,-0.03223254817078347,8.0,7.0,6.0,-0.1999999999999993,0
25.5,25.5,0.8,0.8322325481707835,0.12270563516574261,-0.26268189009613035,-0.03223254817078347,8.0,7.0,6.0,-0.3000000000000007,0
25.5,25.5,0.8,0.8322325481707835,0.12270563516574261,-0.26268189009613035,-0.03223254817078347,8.0,7.0,6.0,-0.3000000000000007,0
25.5,25.5,0.8,0.8322325481707835,0.12270563516574261,-0.26268189009613035,-0.03223254817078347,8.0,7.0,6.0,-0.3000000000000007,0
26.5,26.5,0.8,0.8101197696094755,0.12987260664255246,-0.07792073995502415,-0.01011976960947547,8.0,7.0,6.0,0.0,0
26.5,26.5,0.8,0.8101197696094755,0.12987260664255246,-0.07792073995502415,-0.01011976960947547,8.0,7.0,6.0,-0.1999999999999993,0
26.5,26.5,0.8,0.8101197696094755,0.12987260664255246,-0.07792073995502415,-0.01011976960947547,8.0,7.0,6.0,-0.3000000000000007,0
26.5,26.5,0.8,0.8101197696094755,0.12987260664255246,-0.07792073995502415,-0.01011976960947547,8.0,7.0,6.0,-0.3000000000000007,0
26.5,26.5,0.8,0.8101197696094755,0.12987260664255246,-0.07792073995502415,-0.01011976960947547,8.0,7.0,6.0,-0.3000000000000007,0
26.5,26.5,0.8,0.8101197696094755,0.12987260664255246,-0.07792073995502415,-0.01011976960947547,8.0,7.0,6.0,-0.1999999999999993,0
27.5,27.5,0.7692307692307693,0.7890248362748363,0.13209699933375188,-0.1498449407927581,-0.019794067044067054,7.0,6.0,5.0,-0.3000000000000007,0
27.5,27.5,0.7692307692307693,0.7890248362748363,0.13209699933375188,-0.1498449407927581,-0.019794067044067054,7.0,6.0,5.0,-0.3000000000000007,0
27.5,27.5,0.7692307692307693,0.7890248362748363,0.13209699933375188,-0.1498449407927581,-0.019794067044067054,7.0,6.0,5.0,-0.3000000000000007,0
27.5,27.5,0.7692307692307693,0.7890248362748363,0.13209699933375188,-0.1498449407927581,-0.019794067044067054,7.0,6.0,5.0,-0.1999999999999993,0
27.5,27.5,0.7692307692307693,0.7890248362748363,0.13209699933375188,-0.1498449407927581,-0.019794067044067054,7.0,6.0,5.0,-0.3000000000000007,0
28.5,28.5,0.7142857142857143,0.8162650075414781,0.11455995012252046,-0.8901827658505282,-0.10197929325576383,7.0,7.0,5.0,-0.3000000000000007,0
28.5,28.5,0.7142857142857143,0.8162650075414781,0.11455995012252046,-0.8901827658505282,-0.10197929325576383,7.0,7.0,5.0,-0.1999999999999993,0
28.5,28.5,0.7142857142857143,0.8162650075414781,0.11455995012252046,-0.8901827658505282,-0.10197929325576383,7.0,7.0,5.0,-0.3000000000000007,0
28.5,28.5,0.7142857142857143,0.8162650075414781,0.11455995012252046,-0.8901827658505282,-0.10197929325576383,7.0,7.0,5.0,0.0,0
28.5,28.5,0.7142857142857143,0.8162650075414781,0.11455995012252046,-0.8901827658505282,-0.10197929325576383,7.0,7.0,5.0,0.0,0
29.5,29.5,0.6666666666666666,0.7343347596847598,0.1199270307439569,-0.5642438789513928,-0.06766809301809318,7.0,5.0,4.0,-0.1999999999999993,0
29.5,29.5,0.6666666666666666,0.7343347596847598,0.1199270307439569,-0.5642438789513928,-0.06766809301809318,7.0,5.0,4.0,-0.3000000000000007,0
29.5,29.5,0.6666666666666666,0.7343347596847598,0.1199270307439569,-0.5642438789513928,-0.06766809301809318,7.0,5.0,4.0,0.0,0
29.5,29.5,0.6666666666666666,0.7343347596847598,0.1199270307439569,-0.5642438789513928,-0.06766809301809318,7.0,5.0,4.0,0.0,0
30.5,30.5,0.7272727272727273,0.6381491397491398,0.14272470234542506,0.6244440244680903,0.08912358752358751,7.0,4.0,4.0,-0.1999999999999993,0
30.5,30.5,0.7272727272727273,0.6381491397491398,0.14272470234542506,0.6244440244680903,0.08912358752358751,7.0,4.0,4.0,-0.3000000000000007,0
30.5,30.5,0.7272727272727273,0.6381491397491398,0.14272470234542506,0.6244440244680903,0.08912358752358751,7.0,4.0,4.0,0.0,0
30.5,30.5,0.7272727272727273,0.6381491397491398,0.14272470234542506,0.6244440244680903,0.08912358752358751,7.0,4.0,4.0,0.0,0
31.5,31.5,0.6666666666666666,0.5091400266400266,0.16263158260079164,0.9686103861715313,0.15752664002664007,6.0,3.0,3.0,0.3000000000000007,0
31.5,31.5,0.6666666666666666,0.5091400266400266,0.16263158260079164,0.9686103861715313,0.15752664002664007,6.0,3.0,3.0,0.0,0
31.5,31.5,0.6666666666666666,0.5091400266400266,0.16263158260079164,0.9686103861715313,0.15752664002664007,6.0,3.0,3.0,0.0,0
32.5,32.5,0.6,0.46226131646131646,0.1352146903047371,1.0186665607727832,0.13773868353868352,7.0,3.0,3.0,0.0,0
32.5,32.5,0.6,0.46226131646131646,0.1352146903047371,1.0186665607727832,0.13773868353868352,7.0,3.0,3.0,0.0,0
32.5,32.5,0.6,0.46226131646131646,0.1352146903047371,1.0186665607727832,0.13773868353868352,7.0,3.0,3.0,0.29999999999999716,0
33.5,33.5,0.4444444444444444,0.41316551226551235,0.1407771464228986,0.2221875707365829,0.03127893217893207,7.0,2.0,2.0,0.29999999999999716,0
33.5,33.5,0.4444444444444444,0.41316551226551235,0.1407771464228986,0.2221875707365829,0.03127893217893207,7.0,2.0,2.0,-0.10000000000000142,0
34.5,34.5,0.7272727272727273,0.6066710622710623,0.1559601910688999,0.7732849272311147,0.12060166500166503,7.0,4.0,4.0,0.29999999999999716,0
34.5,34.5,0.7272727272727273,0.6066710622710623,0.1559601910688999,0.7732849272311147,0.12060166500166503,7.0,4.0,4.0,-0.10000000000000142,0
34.5,34.5,0.7272727272727273,0.6066710622710623,0.1559601910688999,0.7732849272311147,0.12060166500166503,7.0,4.0,4.0,-0.20000000000000284,0
34.5,34.5,0.7272727272727273,0.6066710622710623,0.1559601910688999,0.7732849272311147,0.12060166500166503,7.0,4.0,4.0,-0.3999999999999986,0
35.5,35.5,0.7692307692307693,0.7154971916971917,0.13445964382345976,0.3996260588353754,0.05373357753357755,8.0,5.0,5.0,0.29999999999999716,0
35.5,35.5,0.7692307692307693,0.7154971916971917,0.13445964382345976,0.3996260588353754,0.05373357753357755,8.0,5.0,5.0,-0.10000000000000142,0
35.5,35.5,0.7692307692307693,0.7154971916971917,0.13445964382345976,0.3996260588353754,0.05373357753357755,8.0,5.0,5.0,-0.20000000000000284,0
35.5,35.5,0.7692307692307693,0.7154971916971917,0.13445964382345976,0.3996260588353754,0.05373357753357755,8.0,5.0,5.0,-0.3999999999999986,0
35.5,35.5,0.7692307692307693,0.7154971916971917,0.13445964382345976,0.3996260588353754,0.05373357753357755,8.0,5.0,5.0,-0.5,0
36.5,36.5,0.8,0.8176951132201132,0.1291214196432388,-0.13704243082987014,-0.01769511322011319,8.0,7.0,6.0,0.29999999999999716,0
36.5,36.5,0.8,0.8176951132201132,0.1291214196432388,-0.13704243082987014,-0.01769511322011319,8.0,7.0,6.0,-0.10000000000000142,0
36.5,36.5,0.8,0.8176951132201132,0.1291214196432388,-0.13704243082987014,-0.01769511322011319,8.0,7.0,6.0,-0.20000000000000284,0
36.5,36.5,0.8,0.8176951132201132,0.1291214196432388,-0.13704243082987014,-0.01769511322011319,8.0,7.0,6.0,-0.3999999999999986,0
36.5,36.5,0.8,0.8176951132201132,0.1291214196432388,-0.13704243082987014,-0.01769511322011319,8.0,7.0,6.0,-0.5,0
36.5,36.5,0.8,0.8176951132201132,0.1291214196432388,-0.13704243082987014,-0.01769511322011319,8.0,7.0,6.0,0.19999999999999574,0
37.5,37.5,0.8,0.8190386035533095,0.1347624657775948,-0.14127526862509177,-0.01903860355330944,8.0,7.0,6.0,-0.10000000000000142,0
37.5,37.5,0.8,0.8190386035533095,0.1347624657775948,-0.14127526862509177,-0.01903860355330944,8.0,7.0,6.0,-0.20000000000000284,0
37.5,37.5,0.8,0.8190386035533095,0.1347624657775948,-0.14127526862509177,-0.01903860355330944,8.0,7.0,6.0,-0.3999999999999986,0
37.5,37.5,0.8,0.8190386035533095,0.1347624657775948,-0.14127526862509177,-0.01903860355330944,8.0,7.0,6.0,-0.5,0
37.5,37.5,0.8,0.8190386035533095,0.1347624657775948,-0.14127526862509177,-0.01903860355330944,8.0,7.0,6.0,0.19999999999999574,0
37.5,37.5,0.8,0.8190386035533095,0.1347624657775948,-0.14127526862509177,-0.01903860355330944,8.0,7.0,6.0,0.10000000000000142,0
38.5,38.5,0.8571428571428571,0.7958458735708737,0.13678884011871403,0.448113921565429,0.06129698357198343,7.0,7.0,6.0,-0.20000000000000284,0
38.5,38.5,0.8571428571428571,0.7958458735708737,0.13678884011871403,0.448113921565429,0.06129698357198343,7.0,7.0,6.0,-0.3999999999999986,0
38.5,38.5,0.8571428571428571,0.7958458735708737,0.13678884011871403,0.448113921565429,0.06129698357198343,7.0,7.0,6.0,-0.5,0
38.5,38.5,0.8571428571428571,0.7958458735708737,0.13678884011871403,0.448113921565429,0.06129698357198343,7.0,7.0,6.0,0.19999999999999574,0
38.5,38.5,0.8571428571428571,0.7958458735708737,0.13678884011871403,0.448113921565429,0.06129698357198343,7.0,7.0,6.0,0.10000000000000142,0
38.5,38.5,0.8571428571428571,0.7958458735708737,0.13678884011871403,0.448113921565429,0.06129698357198343,7.0,7.0,6.0,0.19999999999999574,0
39.5,39.5,0.7692307692307693,0.7833890220890221,0.13100860553434385,-0.10807116677950751,-0.014158252858252784,7.0,6.0,5.0,-0.5,0
39.5,39.5,0.7692307692307693,0.7833890220890221,0.13100860553434385,-0.10807116677950751,-0.014158252858252784,7.0,6.0,5.0,0.19999999999999574,0
39.5,39.5,0.7692307692307693,0.7833890220890221,0.13100860553434385,-0.10807116677950751,-0.014158252858252784,7.0,6.0,5.0,0.10000000000000142,0
39.5,39.5,0.7692307692307693,0.7833890220890221,0.13100860553434385,-0.10807116677950751,-0.014158252858252784,7.0,6.0,5.0,0.19999999999999574,0
39.5,39.5,0.7692307692307693,0.7833890220890221,0.13100860553434385,-0.10807116677950751,-0.014158252858252784,7.0,6.0,5.0,0.0,0
40.5,40.5,0.6666666666666666,0.6712037684537684,0.14700513242052313,-0.030863560424019207,-0.0045371017871017605,7.0,5.0,4.0,0.19999999999999574,0
40.5,40.5,0.6666666666666666,0.6712037684537684,0.14700513242052313,-0.030863560424019207,-0.0045371017871017605,7.0,5.0,4.0,0.10000000000000142,0
40.5,40.5,0.6666666666666666,0.6712037684537684,0.14700513242052313,-0.030863560424019207,-0.0045371017871017605,7.0,5.0,4.0,0.19999999999999574,0
40.5,40.5,0.6666666666666666,0.6712037684537684,0.14700513242052313,-0.030863560424019207,-0.0045371017871017605,7.0,5.0,4.0,0.0,0
41.5,41.5,0.6666666666666666,0.6625795926295927,0.11251517326544055,0.0363246477649014,0.004087074037073979,8.0,4.0,4.0,0.10000000000000142,0
41.5,41.5,0.6666666666666666,0.6625795926295927,0.11251517326544055,0.0363246477649014,0.004087074037073979,8.0,4.0,4.0,0.19999999999999574,0
41.5,41.5,0.6666666666666666,0.6625795926295927,0.11251517326544055,0.0363246477649014,0.004087074037073979,8.0,4.0,4.0,0.0,0
41.5,41.5,0.6666666666666666,0.6625795926295927,0.11251517326544055,0.0363246477649014,0.004087074037073979,8.0,4.0,4.0,-0.20000000000000284,0
42.5,42.5,0.6666666666666666,0.6548940226440226,0.10571341929869293,0.11136376158054663,0.011772644022643997,8.0,4.0,4.0,0.19999999999999574,0
42.5,42.5,0.6666666666666666,0.6548940226440226,0.10571341929869293,0.11136376158054663,0.011772644022643997,8.0,4.0,4.0,0.0,0
42.5,42.5,0.6666666666666666,0.6548940226440226,0.10571341929869293,0.11136376158054663,0.011772644022643997,8.0,4.0,4.0,-0.20000000000000284,0
42.5,42.5,0.6666666666666666,0.6548940226440226,0.10571341929869293,0.11136376158054663,0.011772644022643997,8.0,4.0,4.0,-0.3999999999999986,0
43.5,43.5,0.6153846153846154,0.7029062104562105,0.12427519866450923,-0.7042563279891957,-0.08752159507159507,8.0,5.0,4.0,0.0,0
43.5,43.5,0.6153846153846154,0.7029062104562105,0.12427519866450923,-0.7042563279891957,-0.08752159507159507,8.0,5.0,4.0,-0.20000000000000284,0
43.5,43.5,0.6153846153846154,0.7029062104562105,0.12427519866450923,-0.7042563279891957,-0.08752159507159507,8.0,5.0,4.0,-0.3999999999999986,0
43.5,43.5,0.6153846153846154,0.7029062104562105,0.12427519866450923,-0.7042563279891957,-0.08752159507159507,8.0,5.0,4.0,0.19999999999999574,0
44.5,44.5,0.6666666666666666,0.7215625818625818,0.13385187005950303,-0.41012437982010674,-0.05489591519591519,7.0,5.0,4.0,-0.20000000000000284,0
44.5,44.5,0.6666666666666666,0.7215625818625818,0.13385187005950303,-0.41012437982010674,-0.05489591519591519,7.0,5.0,4.0,-0.3999999999999986,0
44.5,44.5,0.6666666666666666,0.7215625818625818,0.13385187005950303,-0.41012437982010674,-0.05489591519591519,7.0,5.0,4.0,0.19999999999999574,0
44.5,44.5,0.6666666666666666,0.7215625818625818,0.13385187005950303,-0.41012437982010674,-0.05489591519591519,7.0,5.0,4.0,0.10000000000000142,0
45.5,45.5,0.7692307692307693,0.8044794927294928,0.11819641462079389,-0.2982215967532602,-0.035248723498723544,7.0,6.0,5.0,-0.20000000000000284,0
45.5,45.5,0.7692307692307693,0.8044794927294928,0.11819641462079389,-0.2982215967532602,-0.035248723498723544,7.0,6.0,5.0,-0.3999999999999986,0
45.5,45.5,0.7692307692307693,0.8044794927294928,0.11819641462079389,-0.2982215967532602,-0.035248723498723544,7.0,6.0,5.0,0.19999999999999574,0
45.5,45.5,0.7692307692307693,0.8044794927294928,0.11819641462079389,-0.2982215967532602,-0.035248723498723544,7.0,6.0,5.0,0.10000000000000142,0
45.5,45.5,0.7692307692307693,0.8044794927294928,0.11819641462079389,-0.2982215967532602,-0.035248723498723544,7.0,6.0,5.0,-0.3999999999999986,0
46.5,46.5,0.7142857142857143,0.7968782772782774,0.12007467122061206,-0.6878433407559916,-0.08259256299256312,8.0,6.0,5.0,-0.3999999999999986,0
46.5,46.5,0.7142857142857143,0.7968782772782774,0.12007467122061206,-0.6878433407559916,-0.08259256299256312,8.0,6.0,5.0,0.19999999999999574,0
46.5,46.5,0.7142857142857143,0.7968782772782774,0.12007467122061206,-0.6878433407559916,-0.08259256299256312,8.0,6.0,5.0,0.10000000000000142,0
46.5,46.5,0.7142857142857143,0.7968782772782774,0.12007467122061206,-0.6878433407559916,-0.08259256299256312,8.0,6.0,5.0,-0.3999999999999986,0
46.5,46.5,0.7142857142857143,0.7968782772782774,0.12007467122061206,-0.6878433407559916,-0.08259256299256312,8.0,6.0,5.0,-0.09999999999999432,0
47.5,47.5,0.7692307692307693,0.7526221556221556,0.12093051373752207,0.1373401393519456,0.016608613608613654,7.0,6.0,5.0,0.19999999999999574,0
47.5,47.5,0.7692307692307693,0.7526221556221556,0.12093051373752207,0.1373401393519456,0.016608613608613654,7.0,6.0,5.0,0.10000000000000142,0
47.5,47.5,0.7692307692307693,0.7526221556221556,0.12093051373752207,0.1373401393519456,0.016608613608613654,7.0,6.0,5.0,-0.3999999999999986,0
47.5,47.5,0.7692307692307693,0.7526221556221556,0.12093051373752207,0.1373401393519456,0.016608613608613654,7.0,6.0,5.0,-0.09999999999999432,0
47.5,47.5,0.7692307692307693,0.7526221556221556,0.12093051373752207,0.1373401393519456,0.016608613608613654,7.0,6.0,5.0,-0.4000000000000057,0
48.5,48.5,0.8571428571428571,0.791845387945388,0.10059632546920631,0.6491039199782447,0.06529746919746915,8.0,6.0,6.0,0.10000000000000142,0
48.5,48.5,0.8571428571428571,0.791845387945388,0.10059632546920631,0.6491039199782447,0.06529746919746915,8.0,6.0,6.0,-0.3999999999999986,0
48.5,48.5,0.8571428571428571,0.791845387945388,0.10059632546920631,0.6491039199782447,0.06529746919746915,8.0,6.0,6.0,-0.09999999999999432,0
48.5,48.5,0.8571428571428571,0.791845387945388,0.10059632546920631,0.6491039199782447,0.06529746919746915,8.0,6.0,6.0,-0.4000000000000057,0
48.5,48.5,0.8571428571428571,0.791845387945388,0.10059632546920631,0.6491039199782447,0.06529746919746915,8.0,6.0,6.0,-0.19999999999999574,0
48.5,48.5,0.8571428571428571,0.791845387945388,0.10059632546920631,0.6491039199782447,0.06529746919746915,8.0,6.0,6.0,-0.29999999999999716,0
49.5,49.5,0.7692307692307693,0.7510820457320457,0.10786273487888581,0.1682575870072451,0.01814872349872354,8.0,5.0,5.0,-0.3999999999999986,0
49.5,49.5,0.7692307692307693,0.7510820457320457,0.10786273487888581,0.1682575870072451,0.01814872349872354,8.0,5.0,5.0,-0.09999999999999432,0
49.5,49.5,0.7692307692307693,0.7510820457320457,0.10786273487888581,0.1682575870072451,0.01814872349872354,8.0,5.0,5.0,-0.4000000000000057,0
49.5,49.5,0.7692307692307693,0.7510820457320457,0.10786273487888581,0.1682575870072451,0.01814872349872354,8.0,5.0,5.0,-0.19999999999999574,0
49.5,49.5,0.7692307692307693,0.7510820457320457,0.10786273487888581,0.1682575870072451,0.01814872349872354,8.0,5.0,5.0,-0.29999999999999716,0
50.5,50.5,0.8,0.6532448662448662,0.13182145642692633,1.1132871516746274,0.14675513375513383,6.0,4.0,4.0,-0.09999999999999432,0
50.5,50.5,0.8,0.6532448662448662,0.13182145642692633,1.1132871516746274,0.14675513375513383,6.0,4.0,4.0,-0.4000000000000057,0
50.5,50.5,0.8,0.6532448662448662,0.13182145642692633,1.1132871516746274,0.14675513375513383,6.0,4.0,4.0,-0.19999999999999574,0
50.5,50.5,0.8,0.6532448662448662,0.13182145642692633,1.1132871516746274,0.14675513375513383,6.0,4.0,4.0,-0.29999999999999716,0
51.5,51.5,0.8888888888888888,0.6607896769896769,0.12248676641230812,1.8622355588308785,0.2280992118992119,5.0,4.0,4.0,0.19999999999999574,0
51.5,51.5,0.8888888888888888,0.6607896769896769,0.12248676641230812,1.8622355588308785,0.2280992118992119,5.0,4.0,4.0,-0.19999999999999574,0
51.5,51.5,0.8888888888888888,0.6607896769896769,0.12248676641230812,1.8622355588308785,0.2280992118992119,5.0,4.0,4.0,-0.29999999999999716,0
51.5,51.5,0.8888888888888888,0.6607896769896769,0.12248676641230812,1.8622355588308785,0.2280992118992119,5.0,4.0,4.0,0.10000000000000142,0
52.5,52.5,0.6666666666666666,0.7055140914640915,0.10981263655931092,-0.35376096972631177,-0.03884742479742487,4.0,5.0,3.0,-0.19999999999999574,0
52.5,52.5,0.6666666666666666,0.7055140914640915,0.10981263655931092,-0.35376096972631177,-0.03884742479742487,4.0,5.0,3.0,-0.29999999999999716,0
52.5,52.5,0.6666666666666666,0.7055140914640915,0.10981263655931092,-0.35376096972631177,-0.03884742479742487,4.0,5.0,3.0,0.10000000000000142,0
53.5,53.5,0.75,0.7040857142857144,0.1250756688169376,0.3670920663353504,0.045914285714285574,3.0,5.0,3.0,0.3999999999999986,0
53.5,53.5,0.75,0.7040857142857144,0.1250756688169376,0.3670920663353504,0.045914285714285574,3.0,5.0,3.0,0.10000000000000142,0
53.5,53.5,0.75,0.7040857142857144,0.1250756688169376,0.3670920663353504,0.045914285714285574,3.0,5.0,3.0,0.29999999999999716,0
54.5,54.5,0.75,0.7332574814074815,0.12045415572406035,0.13899494369353876,0.016742518592518518,3.0,5.0,3.0,0.10000000000000142,0
54.5,54.5,0.75,0.7332574814074815,0.12045415572406035,0.13899494369353876,0.016742518592518518,3.0,5.0,3.0,0.29999999999999716,0
54.5,54.5,0.75,0.7332574814074815,0.12045415572406035,0.13899494369353876,0.016742518592518518,3.0,5.0,3.0,0.0,0
55.5,55.5,0.8333333333333334,0.8322499893896953,0.11111685822657978,0.009749591204504818,0.001083343943638071,5.0,7.0,5.0,0.10000000000000142,0
55.5,55.5,0.8333333333333334,0.8322499893896953,0.11111685822657978,0.009749591204504818,0.001083343943638071,5.0,7.0,5.0,0.29999999999999716,0
55.5,55.5,0.8333333333333334,0.8322499893896953,0.11111685822657978,0.009749591204504818,0.001083343943638071,5.0,7.0,5.0,0.0,0
55.5,55.5,0.8333333333333334,0.8322499893896953,0.11111685822657978,0.009749591204504818,0.001083343943638071,5.0,7.0,5.0,0.0,0
55.5,55.5,0.8333333333333334,0.8322499893896953,0.11111685822657978,0.009749591204504818,0.001083343943638071,5.0,7.0,5.0,-0.29999999999999716,0
56.5,56.5,0.7692307692307693,0.8245505052137405,0.11348993865439205,-0.48744176478440954,-0.05531973598297124,6.0,7.0,5.0,0.29999999999999716,0
56.5,56.5,0.7692307692307693,0.8245505052137405,0.11348993865439205,-0.48744176478440954,-0.05531973598297124,6.0,7.0,5.0,0.0,0
56.5,56.5,0.7692307692307693,0.8245505052137405,0.11348993865439205,-0.48744176478440954,-0.05531973598297124,6.0,7.0,5.0,0.0,0
56.5,56.5,0.7692307692307693,0.8245505052137405,0.11348993865439205,-0.48744176478440954,-0.05531973598297124,6.0,7.0,5.0,-0.29999999999999716,0
56.5,56.5,0.7692307692307693,0.8245505052137405,0.11348993865439205,-0.48744176478440954,-0.05531973598297124,6.0,7.0,5.0,-0.10000000000000142,0
57.5,57.5,0.8571428571428571,0.8097006160506162,0.10503810000758866,0.45166697692373897,0.04744224109224093,8.0,6.0,6.0,0.29999999999999716,0
57.5,57.5,0.8571428571428571,0.8097006160506162,0.10503810000758866,0.45166697692373897,0.04744224109224093,8.0,6.0,6.0,0.0,0
57.5,57.5,0.8571428571428571,0.8097006160506162,0.10503810000758866,0.45166697692373897,0.04744224109224093,8.0,6.0,6.0,0.0,0
57.5,57.5,0.8571428571428571,0.8097006160506162,0.10503810000758866,0.45166697692373897,0.04744224109224093,8.0,6.0,6.0,-0.29999999999999716,0
57.5,57.5,0.8571428571428571,0.8097006160506162,0.10503810000758866,0.45166697692373897,0.04744224109224093,8.0,6.0,6.0,-0.10000000000000142,0
57.5,57.5,0.8571428571428571,0.8097006160506162,0.10503810000758866,0.45166697692373897,0.04744224109224093,8.0,6.0,6.0,-0.10000000000000142,0
58.5,58.5,0.8571428571428571,0.8023377067377069,0.11263957063026629,0.486553260976512,0.054805150405150216,8.0,6.0,6.0,0.0,0
58.5,58.5,0.8571428571428571,0.8023377067377069,0.11263957063026629,0.486553260976512,0.054805150405150216,8.0,6.0,6.0,0.0,0
58.5,58.5,0.8571428571428571,0.8023377067377069,0.11263957063026629,0.486553260976512,0.054805150405150216,8.0,6.0,6.0,-0.29999999999999716,0
58.5,58.5,0.8571428571428571,0.8023377067377069,0.11263957063026629,0.486553260976512,0.054805150405150216,8.0,6.0,6.0,-0.10000000000000142,0
58.5,58.5,0.8571428571428571,0.8023377067377069,0.11263957063026629,0.486553260976512,0.054805150405150216,8.0,6.0,6.0,-0.10000000000000142,0
58.5,58.5,0.8571428571428571,0.8023377067377069,0.11263957063026629,0.486553260976512,0.054805150405150216,8.0,6.0,6.0,-0.29999999999999716,0
59.5,59.5,0.8,0.7889463480963482,0.12383800460458208,0.08925896326371223,0.011053651903651818,9.0,6.0,6.0,0.0,0
59.5,59.5,0.8,0.7889463480963482,0.12383800460458208,0.08925896326371223,0.011053651903651818,9.0,6.0,6.0,-0.29999999999999716,0
59.5,59.5,0.8,0.7889463480963482,0.12383800460458208,0.08925896326371223,0.011053651903651818,9.0,6.0,6.0,-0.10000000000000142,0
59.5,59.5,0.8,0.7889463480963482,0.12383800460458208,0.08925896326371223,0.011053651903651818,9.0,6.0,6.0,-0.10000000000000142,0
59.5,59.5,0.8,0.7889463480963482,0.12383800460458208,0.08925896326371223,0.011053651903651818,9.0,6.0,6.0,-0.29999999999999716,0
59.5,59.5,0.8,0.7889463480963482,0.12383800460458208,0.08925896326371223,0.011053651903651818,9.0,6.0,6.0,-0.10000000000000142,0
60.5,60.5,0.7692307692307693,0.684033633033633,0.15128897796326016,0.5631417261462766,0.08519713619713631,8.0,5.0,5.0,0.20000000000000284,0
60.5,60.5,0.7692307692307693,0.684033633033633,0.15128897796326016,0.5631417261462766,0.08519713619713631,8.0,5.0,5.0,-0.10000000000000142,0
60.5,60.5,0.7692307692307693,0.684033633033633,0.15128897796326016,0.5631417261462766,0.08519713619713631,8.0,5.0,5.0,-0.10000000000000142,0
60.5,60.5,0.7692307692307693,0.684033633033633,0.15128897796326016,0.5631417261462766,0.08519713619713631,8.0,5.0,5.0,-0.29999999999999716,0
60.5,60.5,0.7692307692307693,0.684033633033633,0.15128897796326016,0.5631417261462766,0.08519713619713631,8.0,5.0,5.0,-0.10000000000000142,0
61.5,61.5,0.7272727272727273,0.6723804084804085,0.11755688202686711,0.4669426225490858,0.05489231879231882,7.0,4.0,4.0,-0.10000000000000142,0
61.5,61.5,0.7272727272727273,0.6723804084804085,0.11755688202686711,0.4669426225490858,0.05489231879231882,7.0,4.0,4.0,-0.29999999999999716,0
61.5,61.5,0.7272727272727273,0.6723804084804085,0.11755688202686711,0.4669426225490858,0.05489231879231882,7.0,4.0,4.0,-0.10000000000000142,0
61.5,61.5,0.7272727272727273,0.6723804084804085,0.11755688202686711,0.4669426225490858,0.05489231879231882,7.0,4.0,4.0,-0.10000000000000142,0
62.5,62.5,0.7272727272727273,0.663786297036297,0.10824810031503075,0.5864900173921567,0.0634864302364303,7.0,4.0,4.0,-0.29999999999999716,0
62.5,62.5,0.7272727272727273,0.663786297036297,0.10824810031503075,0.5864900173921567,0.0634864302364303,7.0,4.0,4.0,-0.10000000000000142,0
62.5,62.5,0.7272727272727273,0.663786297036297,0.10824810031503075,0.5864900173921567,0.0634864302364303,7.0,4.0,4.0,-0.10000000000000142,0
62.5,62.5,0.7272727272727273,0.663786297036297,0.10824810031503075,0.5864900173921567,0.0634864302364303,7.0,4.0,4.0,-0.10000000000000853,0
63.5,63.5,0.7272727272727273,0.7166109002109001,0.11880814138752768,0.08973986914794402,0.010661827061827167,6.0,5.0,4.0,-0.10000000000000142,0
63.5,63.5,0.7272727272727273,0.7166109002109001,0.11880814138752768,0.08973986914794402,0.010661827061827167,6.0,5.0,4.0,-0.10000000000000142,0
63.5,63.5,0.7272727272727273,0.7166109002109001,0.11880814138752768,0.08973986914794402,0.010661827061827167,6.0,5.0,4.0,-0.10000000000000853,0
63.5,63.5,0.7272727272727273,0.7166109002109001,0.11880814138752768,0.08973986914794402,0.010661827061827167,6.0,5.0,4.0,-0.4000000000000057,0
64.5,64.5,0.7272727272727273,0.7347746642246643,0.12185483635026449,-0.06156454004314727,-0.007501936951937016,6.0,5.0,4.0,-0.10000000000000142,0
64.5,64.5,0.7272727272727273,0.7347746642246643,0.12185483635026449,-0.06156454004314727,-0.007501936951937016,6.0,5.0,4.0,-0.10000000000000853,0
64.5,64.5,0.7272727272727273,0.7347746642246643,0.12185483635026449,-0.06156454004314727,-0.007501936951937016,6.0,5.0,4.0,-0.4000000000000057,0
64.5,64.5,0.7272727272727273,0.7347746642246643,0.12185483635026449,-0.06156454004314727,-0.007501936951937016,6.0,5.0,4.0,-0.5,0
65.5,65.5,0.8571428571428571,0.8204319128583836,0.11484374738031765,0.3196599303129774,0.03671094428447352,7.0,7.0,6.0,-0.10000000000000142,0
65.5,65.5,0.8571428571428571,0.8204319128583836,0.11484374738031765,0.3196599303129774,0.03671094428447352,7.0,7.0,6.0,-0.10000000000000853,0
65.5,65.5,0.8571428571428571,0.8204319128583836,0.11484374738031765,0.3196599303129774,0.03671094428447352,7.0,7.0,6.0,-0.4000000000000057,0
65.5,65.5,0.8571428571428571,0.8204319128583836,0.11484374738031765,0.3196599303129774,0.03671094428447352,7.0,7.0,6.0,-0.5,0
65.5,65.5,0.8571428571428571,0.8204319128583836,0.11484374738031765,0.3196599303129774,0.03671094428447352,7.0,7.0,6.0,0.0,0
65.5,65.5,0.8571428571428571,0.8204319128583836,0.11484374738031765,0.3196599303129774,0.03671094428447352,7.0,7.0,6.0,-0.10000000000000853,0
66.5,66.5,0.8,0.8312931292563647,0.1208643932892421,-0.25891106888260007,-0.03129312925636463,8.0,7.0,6.0,-0.10000000000000853,0
66.5,66.5,0.8,0.8312931292563647,0.1208643932892421,-0.25891106888260007,-0.03129312925636463,8.0,7.0,6.0,-0.4000000000000057,0
66.5,66.5,0.8,0.8312931292563647,0.1208643932892421,-0.25891106888260007,-0.03129312925636463,8.0,7.0,6.0,-0.5,0
66.5,66.5,0.8,0.8312931292563647,0.1208643932892421,-0.25891106888260007,-0.03129312925636463,8.0,7.0,6.0,0.0,0
66.5,66.5,0.8,0.8312931292563647,0.1208643932892421,-0.25891106888260007,-0.03129312925636463,8.0,7.0,6.0,-0.10000000000000853,0
66.5,66.5,0.8,0.8312931292563647,0.1208643932892421,-0.25891106888260007,-0.03129312925636463,8.0,7.0,6.0,-0.5,0
67.5,67.5,0.8,0.8102994951127305,0.12372629994193184,-0.08324418589713153,-0.010299495112730428,8.0,7.0,6.0,-0.4000000000000057,0
67.5,67.5,0.8,0.8102994951127305,0.12372629994193184,-0.08324418589713153,-0.010299495112730428,8.0,7.0,6.0,-0.5,0
67.5,67.5,0.8,0.8102994951127305,0.12372629994193184,-0.08324418589713153,-0.010299495112730428,8.0,7.0,6.0,0.0,0
67.5,67.5,0.8,0.8102994951127305,0.12372629994193184,-0.08324418589713153,-0.010299495112730428,8.0,7.0,6.0,-0.10000000000000853,0
67.5,67.5,0.8,0.8102994951127305,0.12372629994193184,-0.08324418589713153,-0.010299495112730428,8.0,7.0,6.0,-0.5,0
67.5,67.5,0.8,0.8102994951127305,0.12372629994193184,-0.08324418589713153,-0.010299495112730428,8.0,7.0,6.0,-0.10000000000000853,0
68.5,68.5,0.875,0.8146841519591521,0.12478157416217224,0.4833714308048275,0.060315848040847886,9.0,7.0,7.0,-0.5,0
68.5,68.5,0.875,0.8146841519591521,0.12478157416217224,0.4833714308048275,0.060315848040847886,9.0,7.0,7.0,0.0,0
68.5,68.5,0.875,0.8146841519591521,0.12478157416217224,0.4833714308048275,0.060315848040847886,9.0,7.0,7.0,-0.10000000000000853,0
68.5,68.5,0.875,0.8146841519591521,0.12478157416217224,0.4833714308048275,0.060315848040847886,9.0,7.0,7.0,-0.5,0
68.5,68.5,0.875,0.8146841519591521,0.12478157416217224,0.4833714308048275,0.060315848040847886,9.0,7.0,7.0,-0.10000000000000853,0
68.5,68.5,0.875,0.8146841519591521,0.12478157416217224,0.4833714308048275,0.060315848040847886,9.0,7.0,7.0,-0.09999999999999432,0
68.5,68.5,0.875,0.8146841519591521,0.12478157416217224,0.4833714308048275,0.060315848040847886,9.0,7.0,7.0,-0.20000000000000284,0
69.5,69.5,0.8571428571428571,0.7820851093351093,0.12739428436600697,0.589176729405732,0.07505774780774777,8.0,6.0,6.0,0.0,0
69.5,69.5,0.8571428571428571,0.7820851093351093,0.12739428436600697,0.589176729405732,0.07505774780774777,8.0,6.0,6.0,-0.10000000000000853,0
69.5,69.5,0.8571428571428571,0.7820851093351093,0.12739428436600697,0.589176729405732,0.07505774780774777,8.0,6.0,6.0,-0.5,0
69.5,69.5,0.8571428571428571,0.7820851093351093,0.12739428436600697,0.589176729405732,0.07505774780774777,8.0,6.0,6.0,-0.10000000000000853,0
69.5,69.5,0.8571428571428571,0.7820851093351093,0.12739428436600697,0.589176729405732,0.07505774780774777,8.0,6.0,6.0,-0.09999999999999432,0
69.5,69.5,0.8571428571428571,0.7820851093351093,0.12739428436600697,0.589176729405732,0.07505774780774777,8.0,6.0,6.0,-0.20000000000000284,0
70.5,70.5,0.8333333333333334,0.7409582750582752,0.11656653000034382,0.792466399015101,0.09237505827505821,7.0,5.0,5.0,-0.5,0
70.5,70.5,0.8333333333333334,0.7409582750582752,0.11656653000034382,0.792466399015101,0.09237505827505821,7.0,5.0,5.0,-0.10000000000000853,0
70.5,70.5,0.8333333333333334,0.7409582750582752,0.11656653000034382,0.792466399015101,0.09237505827505821,7.0,5.0,5.0,-0.09999999999999432,0
70.5,70.5,0.8333333333333334,0.7409582750582752,0.11656653000034382,0.792466399015101,0.09237505827505821,7.0,5.0,5.0,-0.20000000000000284,0
70.5,70.5,0.8333333333333334,0.7409582750582752,0.11656653000034382,0.792466399015101,0.09237505827505821,7.0,5.0,5.0,0.10000000000000853,0
71.5,71.5,0.8333333333333334,0.7739107725607726,0.11291698337643609,0.5262499846853093,0.059422560772560806,6.0,6.0,5.0,-0.10000000000000853,0
71.5,71.5,0.8333333333333334,0.7739107725607726,0.11291698337643609,0.5262499846853093,0.059422560772560806,6.0,6.0,5.0,-0.09999999999999432,0
71.5,71.5,0.8333333333333334,0.7739107725607726,0.11291698337643609,0.5262499846853093,0.059422560772560806,6.0,6.0,5.0,-0.20000000000000284,0
71.5,71.5,0.8333333333333334,0.7739107725607726,0.11291698337643609,0.5262499846853093,0.059422560772560806,6.0,6.0,5.0,0.10000000000000853,0
71.5,71.5,0.8333333333333334,0.7739107725607726,0.11291698337643609,0.5262499846853093,0.059422560772560806,6.0,6.0,5.0,-0.29999999999999716,0
72.5,72.5,0.7272727272727273,0.7824890775890777,0.1167756097234839,-0.4728414644727499,-0.055216350316350415,5.0,6.0,4.0,-0.09999999999999432,0
72.5,72.5,0.7272727272727273,0.7824890775890777,0.1167756097234839,-0.4728414644727499,-0.055216350316350415,5.0,6.0,4.0,-0.20000000000000284,0
72.5,72.5,0.7272727272727273,0.7824890775890777,0.1167756097234839,-0.4728414644727499,-0.055216350316350415,5.0,6.0,4.0,0.10000000000000853,0
72.5,72.5,0.7272727272727273,0.7824890775890777,0.1167756097234839,-0.4728414644727499,-0.055216350316350415,5.0,6.0,4.0,-0.29999999999999716,0
73.5,73.5,0.4,0.7838485214132274,0.14089069011499408,-2.7244420557521054,-0.38384852141322734,3.0,7.0,2.0,0.10000000000000853,0
73.5,73.5,0.4,0.7838485214132274,0.14089069011499408,-2.7244420557521054,-0.38384852141322734,3.0,7.0,2.0,-0.29999999999999716,0
74.5,74.5,0.7272727272727273,0.8270418888301242,0.13520502419634417,-0.7379101638450398,-0.0997691615573969,4.0,7.0,4.0,0.10000000000000853,0
74.5,74.5,0.7272727272727273,0.8270418888301242,0.13520502419634417,-0.7379101638450398,-0.0997691615573969,4.0,7.0,4.0,-0.29999999999999716,0
74.5,74.5,0.7272727272727273,0.8270418888301242,0.13520502419634417,-0.7379101638450398,-0.0997691615573969,4.0,7.0,4.0,0.09999999999999432,0
74.5,74.5,0.7272727272727273,0.8270418888301242,0.13520502419634417,-0.7379101638450398,-0.0997691615573969,4.0,7.0,4.0,0.0,0
75.5,75.5,0.6666666666666666,0.8190153516418223,0.13528215380858505,-1.1261550817021924,-0.15234868497515563,5.0,7.0,4.0,-0.29999999999999716,0
75.5,75.5,0.6666666666666666,0.8190153516418223,0.13528215380858505,-1.1261550817021924,-0.15234868497515563,5.0,7.0,4.0,0.09999999999999432,0
75.5,75.5,0.6666666666666666,0.8190153516418223,0.13528215380858505,-1.1261550817021924,-0.15234868497515563,5.0,7.0,4.0,0.0,0
75.5,75.5,0.6666666666666666,0.8190153516418223,0.13528215380858505,-1.1261550817021924,-0.15234868497515563,5.0,7.0,4.0,-0.29999999999999716,0
76.5,76.5,0.7692307692307693,0.8127520350564469,0.12817269847489937,-0.33955176370263107,-0.04352126582567761,5.0,8.0,5.0,0.09999999999999432,0
76.5,76.5,0.7692307692307693,0.8127520350564469,0.12817269847489937,-0.33955176370263107,-0.04352126582567761,5.0,8.0,5.0,0.0,0
76.5,76.5,0.7692307692307693,0.8127520350564469,0.12817269847489937,-0.33955176370263107,-0.04352126582567761,5.0,8.0,5.0,-0.29999999999999716,0
76.5,76.5,0.7692307692307693,0.8127520350564469,0.12817269847489937,-0.33955176370263107,-0.04352126582567761,5.0,8.0,5.0,-0.4000000000000057,0
76.5,76.5,0.7692307692307693,0.8127520350564469,0.12817269847489937,-0.33955176370263107,-0.04352126582567761,5.0,8.0,5.0,-0.29999999999999716,0
77.5,77.5,0.8571428571428571,0.8281263579557698,0.1259214989810197,0.2304332415186779,0.029016499187087264,6.0,8.0,6.0,0.09999999999999432,0
77.5,77.5,0.8571428571428571,0.8281263579557698,0.1259214989810197,0.2304332415186779,0.029016499187087264,6.0,8.0,6.0,0.0,0
77.5,77.5,0.8571428571428571,0.8281263579557698,0.1259214989810197,0.2304332415186779,0.029016499187087264,6.0,8.0,6.0,-0.29999999999999716,0
77.5,77.5,0.8571428571428571,0.8281263579557698,0.1259214989810197,0.2304332415186779,0.029016499187087264,6.0,8.0,6.0,-0.4000000000000057,0
77.5,77.5,0.8571428571428571,0.8281263579557698,0.1259214989810197,0.2304332415186779,0.029016499187087264,6.0,8.0,6.0,-0.29999999999999716,0
77.5,77.5,0.8571428571428571,0.8281263579557698,0.1259214989810197,0.2304332415186779,0.029016499187087264,6.0,8.0,6.0,-0.30000000000001137,0
78.5,78.5,0.875,0.80269265113971,0.12838310049432758,0.5632154744812756,0.07230734886029,8.0,8.0,7.0,0.09999999999999432,0
78.5,78.5,0.875,0.80269265113971,0.12838310049432758,0.5632154744812756,0.07230734886029,8.0,8.0,7.0,0.0,0
78.5,78.5,0.875,0.80269265113971,0.12838310049432758,0.5632154744812756,0.07230734886029,8.0,8.0,7.0,-0.29999999999999716,0
78.5,78.5,0.875,0.80269265113971,0.12838310049432758,0.5632154744812756,0.07230734886029,8.0,8.0,7.0,-0.4000000000000057,0
78.5,78.5,0.875,0.80269265113971,0.12838310049432758,0.5632154744812756,0.07230734886029,8.0,8.0,7.0,-0.29999999999999716,0
78.5,78.5,0.875,0.80269265113971,0.12838310049432758,0.5632154744812756,0.07230734886029,8.0,8.0,7.0,-0.30000000000001137,0
78.5,78.5,0.875,0.80269265113971,0.12838310049432758,0.5632154744812756,0.07230734886029,8.0,8.0,7.0,-0.4000000000000057,0
79.5,79.5,0.8,0.8197350345732698,0.12894103852046204,-0.15305472020172955,-0.01973503457326975,8.0,7.0,6.0,-0.29999999999999716,0
79.5,79.5,0.8,0.8197350345732698,0.12894103852046204,-0.15305472020172955,-0.01973503457326975,8.0,7.0,6.0,-0.4000000000000057,0
79.5,79.5,0.8,0.8197350345732698,0.12894103852046204,-0.15305472020172955,-0.01973503457326975,8.0,7.0,6.0,-0.29999999999999716,0
79.5,79.5,0.8,0.8197350345732698,0.12894103852046204,-0.15305472020172955,-0.01973503457326975,8.0,7.0,6.0,-0.30000000000001137,0
79.5,79.5,0.8,0.8197350345732698,0.12894103852046204,-0.15305472020172955,-0.01973503457326975,8.0,7.0,6.0,-0.4000000000000057,0
79.5,79.5,0.8,0.8197350345732698,0.12894103852046204,-0.15305472020172955,-0.01973503457326975,8.0,7.0,6.0,-0.09999999999999432,0
80.5,80.5,0.7142857142857143,0.7809905596037949,0.12828485510722193,-0.5199744370629562,-0.06670484531808063,7.0,7.0,5.0,0.20000000000000284,0
80.5,80.5,0.7142857142857143,0.7809905596037949,0.12828485510722193,-0.5199744370629562,-0.06670484531808063,7.0,7.0,5.0,-0.30000000000001137,0
80.5,80.5,0.7142857142857143,0.7809905596037949,0.12828485510722193,-0.5199744370629562,-0.06670484531808063,7.0,7.0,5.0,-0.4000000000000057,0
80.5,80.5,0.7142857142857143,0.7809905596037949,0.12828485510722193,-0.5199744370629562,-0.06670484531808063,7.0,7.0,5.0,-0.09999999999999432,0
80.5,80.5,0.7142857142857143,0.7809905596037949,0.12828485510722193,-0.5199744370629562,-0.06670484531808063,7.0,7.0,5.0,-0.29999999999999716,0
81.5,81.5,0.7142857142857143,0.7838290653790654,0.12845284105459479,-0.5413920822801723,-0.06954335109335108,8.0,6.0,5.0,-0.30000000000001137,0
81.5,81.5,0.7142857142857143,0.7838290653790654,0.12845284105459479,-0.5413920822801723,-0.06954335109335108,8.0,6.0,5.0,-0.4000000000000057,0
81.5,81.5,0.7142857142857143,0.7838290653790654,0.12845284105459479,-0.5413920822801723,-0.06954335109335108,8.0,6.0,5.0,-0.09999999999999432,0
81.5,81.5,0.7142857142857143,0.7838290653790654,0.12845284105459479,-0.5413920822801723,-0.06954335109335108,8.0,6.0,5.0,-0.29999999999999716,0
81.5,81.5,0.7142857142857143,0.7838290653790654,0.12845284105459479,-0.5413920822801723,-0.06954335109335108,8.0,6.0,5.0,0.20000000000000284,0
82.5,82.5,0.8333333333333334,0.7505144744144744,0.11723270856912496,0.7064483959271978,0.08281885891885898,7.0,5.0,5.0,-0.4000000000000057,0
82.5,82.5,0.8333333333333334,0.7505144744144744,0.11723270856912496,0.7064483959271978,0.08281885891885898,7.0,5.0,5.0,-0.09999999999999432,0
82.5,82.5,0.8333333333333334,0.7505144744144744,0.11723270856912496,0.7064483959271978,0.08281885891885898,7.0,5.0,5.0,-0.29999999999999716,0
82.5,82.5,0.8333333333333334,0.7505144744144744,0.11723270856912496,0.7064483959271978,0.08281885891885898,7.0,5.0,5.0,0.20000000000000284,0
82.5,82.5,0.8333333333333334,0.7505144744144744,0.11723270856912496,0.7064483959271978,0.08281885891885898,7.0,5.0,5.0,-0.3999999999999915,0
83.5,83.5,0.8333333333333334,0.7972709568209568,0.09742384447937268,0.3701596534718145,0.03606237651237654,6.0,6.0,5.0,-0.09999999999999432,0
83.5,83.5,0.8333333333333334,0.7972709568209568,0.09742384447937268,0.3701596534718145,0.03606237651237654,6.0,6.0,5.0,-0.29999999999999716,0
83.5,83.5,0.8333333333333334,0.7972709568209568,0.09742384447937268,0.3701596534718145,0.03606237651237654,6.0,6.0,5.0,0.20000000000000284,0
83.5,83.5,0.8333333333333334,0.7972709568209568,0.09742384447937268,0.3701596534718145,0.03606237651237654,6.0,6.0,5.0,-0.3999999999999915,0
83.5,83.5,0.8333333333333334,0.7972709568209568,0.09742384447937268,0.3701596534718145,0.03606237651237654,6.0,6.0,5.0,-0.20000000000000284,0
84.5,84.5,0.8,0.7900028194028196,0.10582974568826718,0.09446475121114085,0.009997180597180466,4.0,6.0,4.0,0.20000000000000284,0
84.5,84.5,0.8,0.7900028194028196,0.10582974568826718,0.09446475121114085,0.009997180597180466,4.0,6.0,4.0,0.20000000000000284,0
84.5,84.5,0.8,0.7900028194028196,0.10582974568826718,0.09446475121114085,0.009997180597180466,4.0,6.0,4.0,-0.3999999999999915,0
84.5,84.5,0.8,0.7900028194028196,0.10582974568826718,0.09446475121114085,0.009997180597180466,4.0,6.0,4.0,-0.20000000000000284,0
85.5,85.5,0.75,0.72938334998335,0.12608407449861705,0.163515099735107,0.02061665001665003,3.0,5.0,3.0,0.20000000000000284,0
85.5,85.5,0.75,0.72938334998335,0.12608407449861705,0.163515099735107,0.02061665001665003,3.0,5.0,3.0,-0.3999999999999915,0
85.5,85.5,0.75,0.72938334998335,0.12608407449861705,0.163515099735107,0.02061665001665003,3.0,5.0,3.0,-0.20000000000000284,0
86.5,86.5,0.3333333333333333,0.6350125818625818,0.1511908286891341,-1.9953541570271833,-0.3016792485292485,2.0,4.0,1.0,-0.20000000000000284,0
87.5,87.5,0.5,0.5975222943722943,0.13468045634073056,-0.7241013063214671,-0.09752229437229432,4.0,4.0,2.0,-0.20000000000000284,0
87.5,87.5,0.5,0.5975222943722943,0.13468045634073056,-0.7241013063214671,-0.09752229437229432,4.0,4.0,2.0,-0.20000000000000284,0
88.5,88.5,0.2857142857142857,0.4266867965367966,0.11131257462238263,-1.266456294814371,-0.1409725108225109,5.0,2.0,1.0,-0.20000000000000284,0
89.5,89.5,0.6666666666666666,0.5236692640692641,0.1436661806709839,0.9953449164552307,0.14299740259740257,6.0,3.0,3.0,-0.20000000000000284,0
89.5,89.5,0.6666666666666666,0.5236692640692641,0.1436661806709839,0.9953449164552307,0.14299740259740257,6.0,3.0,3.0,-0.09999999999999432,0
89.5,89.5,0.6666666666666666,0.5236692640692641,0.1436661806709839,0.9953449164552307,0.14299740259740257,6.0,3.0,3.0,-0.4000000000000057,0
90.5,90.5,0.7272727272727273,0.653213886113886,0.12785791263441373,0.579227672600905,0.07405884115884132,7.0,4.0,4.0,-0.20000000000000284,0
90.5,90.5,0.7272727272727273,0.653213886113886,0.12785791263441373,0.579227672600905,0.07405884115884132,7.0,4.0,4.0,-0.09999999999999432,0
90.5,90.5,0.7272727272727273,0.653213886113886,0.12785791263441373,0.579227672600905,0.07405884115884132,7.0,4.0,4.0,-0.4000000000000057,0
90.5,90.5,0.7272727272727273,0.653213886113886,0.12785791263441373,0.579227672600905,0.07405884115884132,7.0,4.0,4.0,0.20000000000000284,0
91.5,91.5,0.8571428571428571,0.7644875957375957,0.12572956349087921,0.7369409296643494,0.09265526140526137,8.0,6.0,6.0,-0.20000000000000284,0
91.5,91.5,0.8571428571428571,0.7644875957375957,0.12572956349087921,0.7369409296643494,0.09265526140526137,8.0,6.0,6.0,-0.09999999999999432,0
91.5,91.5,0.8571428571428571,0.7644875957375957,0.12572956349087921,0.7369409296643494,0.09265526140526137,8.0,6.0,6.0,-0.4000000000000057,0
91.5,91.5,0.8571428571428571,0.7644875957375957,0.12572956349087921,0.7369409296643494,0.09265526140526137,8.0,6.0,6.0,0.20000000000000284,0
91.5,91.5,0.8571428571428571,0.7644875957375957,0.12572956349087921,0.7369409296643494,0.09265526140526137,8.0,6.0,6.0,0.0,0
91.5,91.5,0.8571428571428571,0.7644875957375957,0.12572956349087921,0.7369409296643494,0.09265526140526137,8.0,6.0,6.0,0.0,0
92.5,92.5,0.9230769230769231,0.7823099844599846,0.12904697642111013,1.0908193475032184,0.14076693861693856,7.0,6.0,6.0,-0.09999999999999432,0
92.5,92.5,0.9230769230769231,0.7823099844599846,0.12904697642111013,1.0908193475032184,0.14076693861693856,7.0,6.0,6.0,-0.4000000000000057,0
92.5,92.5,0.9230769230769231,0.7823099844599846,0.12904697642111013,1.0908193475032184,0.14076693861693856,7.0,6.0,6.0,0.20000000000000284,0
92.5,92.5,0.9230769230769231,0.7823099844599846,0.12904697642111013,1.0908193475032184,0.14076693861693856,7.0,6.0,6.0,0.0,0
92.5,92.5,0.9230769230769231,0.7823099844599846,0.12904697642111013,1.0908193475032184,0.14076693861693856,7.0,6.0,6.0,0.0,0
92.5,92.5,0.9230769230769231,0.7823099844599846,0.12904697642111013,1.0908193475032184,0.14076693861693856,7.0,6.0,6.0,-0.09999999999999432,0
93.5,93.5,0.9333333333333333,0.8220059358941713,0.13069219056887316,0.8518289957080024,0.11132739743916209,8.0,7.0,7.0,-0.09999999999999432,0
93.5,93.5,0.9333333333333333,0.8220059358941713,0.13069219056887316,0.8518289957080024,0.11132739743916209,8.0,7.0,7.0,-0.4000000000000057,0
93.5,93.5,0.9333333333333333,0.8220059358941713,0.13069219056887316,0.8518289957080024,0.11132739743916209,8.0,7.0,7.0,0.20000000000000284,0
93.5,93.5,0.9333333333333333,0.8220059358941713,0.13069219056887316,0.8518289957080024,0.11132739743916209,8.0,7.0,7.0,0.0,0
93.5,93.5,0.9333333333333333,0.8220059358941713,0.13069219056887316,0.8518289957080024,0.11132739743916209,8.0,7.0,7.0,0.0,0
93.5,93.5,0.9333333333333333,0.8220059358941713,0.13069219056887316,0.8518289957080024,0.11132739743916209,8.0,7.0,7.0,-0.09999999999999432,0
93.5,93.5,0.9333333333333333,0.8220059358941713,0.13069219056887316,0.8518289957080024,0.11132739743916209,8.0,7.0,7.0,-0.10000000000000853,0
94.5,94.5,0.8571428571428571,0.7744859202888615,0.13459009666810137,0.6141383274122109,0.08265693685399556,7.0,7.0,6.0,0.20000000000000284,0
94.5,94.5,0.8571428571428571,0.7744859202888615,0.13459009666810137,0.6141383274122109,0.08265693685399556,7.0,7.0,6.0,0.0,0
94.5,94.5,0.8571428571428571,0.7744859202888615,0.13459009666810137,0.6141383274122109,0.08265693685399556,7.0,7.0,6.0,0.0,0
94.5,94.5,0.8571428571428571,0.7744859202888615,0.13459009666810137,0.6141383274122109,0.08265693685399556,7.0,7.0,6.0,-0.09999999999999432,0
94.5,94.5,0.8571428571428571,0.7744859202888615,0.13459009666810137,0.6141383274122109,0.08265693685399556,7.0,7.0,6.0,-0.10000000000000853,0
94.5,94.5,0.8571428571428571,0.7744859202888615,0.13459009666810137,0.6141383274122109,0.08265693685399556,7.0,7.0,6.0,-0.5,0
95.5,95.5,0.9333333333333333,0.8256568934333641,0.1158952347492595,0.9290842728169824,0.10767643989996922,8.0,7.0,7.0,0.0,0
95.5,95.5,0.9333333333333333,0.8256568934333641,0.1158952347492595,0.9290842728169824,0.10767643989996922,8.0,7.0,7.0,0.0,0
95.5,95.5,0.9333333333333333,0.8256568934333641,0.1158952347492595,0.9290842728169824,0.10767643989996922,8.0,7.0,7.0,-0.09999999999999432,0
95.5,95.5,0.9333333333333333,0.8256568934333641,0.1158952347492595,0.9290842728169824,0.10767643989996922,8.0,7.0,7.0,-0.10000000000000853,0
95.5,95.5,0.9333333333333333,0.8256568934333641,0.1158952347492595,0.9290842728169824,0.10767643989996922,8.0,7.0,7.0,-0.5,0
95.5,95.5,0.9333333333333333,0.8256568934333641,0.1158952347492595,0.9290842728169824,0.10767643989996922,8.0,7.0,7.0,-0.5,0
95.5,95.5,0.9333333333333333,0.8256568934333641,0.1158952347492595,0.9290842728169824,0.10767643989996922,8.0,7.0,7.0,0.0,0
96.5,96.5,0.8571428571428571,0.7434842046842047,0.1276707702427235,0.8902480359644439,0.11365865245865236,8.0,6.0,6.0,0.0,0
96.5,96.5,0.8571428571428571,0.7434842046842047,0.1276707702427235,0.8902480359644439,0.11365865245865236,8.0,6.0,6.0,-0.09999999999999432,0
96.5,96.5,0.8571428571428571,0.7434842046842047,0.1276707702427235,0.8902480359644439,0.11365865245865236,8.0,6.0,6.0,-0.10000000000000853,0
96.5,96.5,0.8571428571428571,0.7434842046842047,0.1276707702427235,0.8902480359644439,0.11365865245865236,8.0,6.0,6.0,-0.5,0
96.5,96.5,0.8571428571428571,0.7434842046842047,0.1276707702427235,0.8902480359644439,0.11365865245865236,8.0,6.0,6.0,-0.5,0
96.5,96.5,0.8571428571428571,0.7434842046842047,0.1276707702427235,0.8902480359644439,0.11365865245865236,8.0,6.0,6.0,0.0,0
97.5,97.5,0.8,0.6544918303918303,0.13570561824857771,1.0722339390668132,0.1455081696081697,6.0,4.0,4.0,-0.10000000000000853,0
97.5,97.5,0.8,0.6544918303918303,0.13570561824857771,1.0722339390668132,0.1455081696081697,6.0,4.0,4.0,-0.5,0
97.5,97.5,0.8,0.6544918303918303,0.13570561824857771,1.0722339390668132,0.1455081696081697,6.0,4.0,4.0,-0.5,0
97.5,97.5,0.8,0.6544918303918303,0.13570561824857771,1.0722339390668132,0.1455081696081697,6.0,4.0,4.0,0.0,0
98.5,98.5,0.75,0.5323335997335996,0.1572208258257236,1.3844628987490473,0.21766640026640038,5.0,3.0,3.0,0.4000000000000057,0
98.5,98.5,0.75,0.5323335997335996,0.1572208258257236,1.3844628987490473,0.21766640026640038,5.0,3.0,3.0,0.09999999999999432,0
98.5,98.5,0.75,0.5323335997335996,0.1572208258257236,1.3844628987490473,0.21766640026640038,5.0,3.0,3.0,0.0,0
99.5,99.5,0.5,0.5234768398268398,0.1301825786595872,-0.18033779994655877,-0.02347683982683979,5.0,3.0,2.0,0.09999999999999432,0
99.5,99.5,0.5,0.5234768398268398,0.1301825786595872,-0.18033779994655877,-0.02347683982683979,5.0,3.0,2.0,0.0,0
100.5,100.5,0.5714285714285714,0.5238966033966034,0.161700095032261,0.2939513920661881,0.04753196803196802,4.0,3.0,2.0,-0.3999999999999915,0
100.5,100.5,0.5714285714285714,0.5238966033966034,0.161700095032261,0.2939513920661881,0.04753196803196802,4.0,3.0,2.0,0.4000000000000057,0
101.5,101.5,0.4444444444444444,0.6643821234321236,0.16310841777859658,-1.3484140302692569,-0.21993767898767913,4.0,5.0,2.0,-0.3999999999999915,0
101.5,101.5,0.4444444444444444,0.6643821234321236,0.16310841777859658,-1.3484140302692569,-0.21993767898767913,4.0,5.0,2.0,-0.20000000000000284,0
102.5,102.5,0.6,0.7563526196026196,0.13169851508449507,-1.1872010819735284,-0.1563526196026196,4.0,6.0,3.0,-0.3999999999999915,0
102.5,102.5,0.6,0.7563526196026196,0.13169851508449507,-1.1872010819735284,-0.1563526196026196,4.0,6.0,3.0,-0.20000000000000284,0
102.5,102.5,0.6,0.7563526196026196,0.13169851508449507,-1.1872010819735284,-0.1563526196026196,4.0,6.0,3.0,0.3999999999999915,0
103.5,103.5,0.7272727272727273,0.8108159952792308,0.11990769234982868,-0.6967298458448136,-0.08354326800650347,4.0,7.0,4.0,-0.3999999999999915,0
103.5,103.5,0.7272727272727273,0.8108159952792308,0.11990769234982868,-0.6967298458448136,-0.08354326800650347,4.0,7.0,4.0,-0.20000000000000284,0
103.5,103.5,0.7272727272727273,0.8108159952792308,0.11990769234982868,-0.6967298458448136,-0.08354326800650347,4.0,7.0,4.0,0.3999999999999915,0
103.5,103.5,0.7272727272727273,0.8108159952792308,0.11990769234982868,-0.6967298458448136,-0.08354326800650347,4.0,7.0,4.0,0.4000000000000057,0
104.5,104.5,0.8333333333333334,0.7762598985981339,0.11337309062705163,0.5034125330758277,0.057073434735199435,5.0,7.0,5.0,-0.20000000000000284,0
104.5,104.5,0.8333333333333334,0.7762598985981339,0.11337309062705163,0.5034125330758277,0.057073434735199435,5.0,7.0,5.0,0.3999999999999915,0
104.5,104.5,0.8333333333333334,0.7762598985981339,0.11337309062705163,0.5034125330758277,0.057073434735199435,5.0,7.0,5.0,0.4000000000000057,0
104.5,104.5,0.8333333333333334,0.7762598985981339,0.11337309062705163,0.5034125330758277,0.057073434735199435,5.0,7.0,5.0,0.09999999999999432,0
104.5,104.5,0.8333333333333334,0.7762598985981339,0.11337309062705163,0.5034125330758277,0.057073434735199435,5.0,7.0,5.0,-0.10000000000000853,0
105.5,105.5,1.0,0.7979241813741814,0.10225594355507867,1.9761767541362856,0.20207581862581858,6.0,6.0,6.0,-0.20000000000000284,0
105.5,105.5,1.0,0.7979241813741814,0.10225594355507867,1.9761767541362856,0.20207581862581858,6.0,6.0,6.0,0.3999999999999915,0
105.5,105.5,1.0,0.7979241813741814,0.10225594355507867,1.9761767541362856,0.20207581862581858,6.0,6.0,6.0,0.4000000000000057,0
105.5,105.5,1.0,0.7979241813741814,0.10225594355507867,1.9761767541362856,0.20207581862581858,6.0,6.0,6.0,0.09999999999999432,0
105.5,105.5,1.0,0.7979241813741814,0.10225594355507867,1.9761767541362856,0.20207581862581858,6.0,6.0,6.0,-0.10000000000000853,0
105.5,105.5,1.0,0.7979241813741814,0.10225594355507867,1.9761767541362856,0.20207581862581858,6.0,6.0,6.0,-0.09999999999999432,0
106.5,106.5,0.8333333333333334,0.7747413530913532,0.13011926080987854,0.45029444432205035,0.0585919802419802,6.0,6.0,5.0,0.4000000000000057,0
106.5,106.5,0.8333333333333334,0.7747413530913532,0.13011926080987854,0.45029444432205035,0.0585919802419802,6.0,6.0,5.0,0.09999999999999432,0
106.5,106.5,0.8333333333333334,0.7747413530913532,0.13011926080987854,0.45029444432205035,0.0585919802419802,6.0,6.0,5.0,-0.10000000000000853,0
106.5,106.5,0.8333333333333334,0.7747413530913532,0.13011926080987854,0.45029444432205035,0.0585919802419802,6.0,6.0,5.0,-0.09999999999999432,0
106.5,106.5,0.8333333333333334,0.7747413530913532,0.13011926080987854,0.45029444432205035,0.0585919802419802,6.0,6.0,5.0,0.0,0
107.5,107.5,0.8571428571428571,0.8043109839506899,0.13032467329647718,0.4053865768915402,0.0528318731921672,7.0,7.0,6.0,0.4000000000000057,0
107.5,107.5,0.8571428571428571,0.8043109839506899,0.13032467329647718,0.4053865768915402,0.0528318731921672,7.0,7.0,6.0,0.09999999999999432,0
107.5,107.5,0.8571428571428571,0.8043109839506899,0.13032467329647718,0.4053865768915402,0.0528318731921672,7.0,7.0,6.0,-0.10000000000000853,0
107.5,107.5,0.8571428571428571,0.8043109839506899,0.13032467329647718,0.4053865768915402,0.0528318731921672,7.0,7.0,6.0,-0.09999999999999432,0
107.5,107.5,0.8571428571428571,0.8043109839506899,0.13032467329647718,0.4053865768915402,0.0528318731921672,7.0,7.0,6.0,0.0,0
107.5,107.5,0.8571428571428571,0.8043109839506899,0.13032467329647718,0.4053865768915402,0.0528318731921672,7.0,7.0,6.0,-0.20000000000000284,0
108.5,108.5,0.9333333333333333,0.8242977432698021,0.13455225296474616,0.8103587094308968,0.10903559006353125,7.0,8.0,7.0,0.09999999999999432,0
108.5,108.5,0.9333333333333333,0.8242977432698021,0.13455225296474616,0.8103587094308968,0.10903559006353125,7.0,8.0,7.0,-0.10000000000000853,0
108.5,108.5,0.9333333333333333,0.8242977432698021,0.13455225296474616,0.8103587094308968,0.10903559006353125,7.0,8.0,7.0,-0.09999999999999432,0
108.5,108.5,0.9333333333333333,0.8242977432698021,0.13455225296474616,0.8103587094308968,0.10903559006353125,7.0,8.0,7.0,0.0,0
108.5,108.5,0.9333333333333333,0.8242977432698021,0.13455225296474616,0.8103587094308968,0.10903559006353125,7.0,8.0,7.0,-0.20000000000000284,0
108.5,108.5,0.9333333333333333,0.8242977432698021,0.13455225296474616,0.8103587094308968,0.10903559006353125,7.0,8.0,7.0,-0.09999999999999432,0
108.5,108.5,0.9333333333333333,0.8242977432698021,0.13455225296474616,0.8103587094308968,0.10903559006353125,7.0,8.0,7.0,0.0,0
109.5,109.5,0.8571428571428571,0.811667827107533,0.13296578112231752,0.3420055118804648,0.04547503003532405,7.0,7.0,6.0,-0.09999999999999432,0
109.5,109.5,0.8571428571428571,0.811667827107533,0.13296578112231752,0.3420055118804648,0.04547503003532405,7.0,7.0,6.0,0.0,0
109.5,109.5,0.8571428571428571,0.811667827107533,0.13296578112231752,0.3420055118804648,0.04547503003532405,7.0,7.0,6.0,-0.20000000000000284,0
109.5,109.5,0.8571428571428571,0.811667827107533,0.13296578112231752,0.3420055118804648,0.04547503003532405,7.0,7.0,6.0,-0.09999999999999432,0
109.5,109.5,0.8571428571428571,0.811667827107533,0.13296578112231752,0.3420055118804648,0.04547503003532405,7.0,7.0,6.0,0.0,0
109.5,109.5,0.8571428571428571,0.811667827107533,0.13296578112231752,0.3420055118804648,0.04547503003532405,7.0,7.0,6.0,-0.29999999999999716,0
110.5,110.5,0.8,0.785757207171913,0.1331493264211602,0.1069685683804073,0.014242792828087047,8.0,7.0,6.0,0.0,0
110.5,110.5,0.8,0.785757207171913,0.1331493264211602,0.1069685683804073,0.014242792828087047,8.0,7.0,6.0,-0.20000000000000284,0
110.5,110.5,0.8,0.785757207171913,0.1331493264211602,0.1069685683804073,0.014242792828087047,8.0,7.0,6.0,-0.09999999999999432,0
110.5,110.5,0.8,0.785757207171913,0.1331493264211602,0.1069685683804073,0.014242792828087047,8.0,7.0,6.0,0.0,0
110.5,110.5,0.8,0.785757207171913,0.1331493264211602,0.1069685683804073,0.014242792828087047,8.0,7.0,6.0,-0.29999999999999716,0
110.5,110.5,0.8,0.785757207171913,0.1331493264211602,0.1069685683804073,0.014242792828087047,8.0,7.0,6.0,-0.10000000000000853,0
111.5,111.5,0.7692307692307693,0.789039615939616,0.11494654324409241,-0.17233094749776054,-0.01980884670884675,7.0,6.0,5.0,-0.20000000000000284,0
111.5,111.5,0.7692307692307693,0.789039615939616,0.11494654324409241,-0.17233094749776054,-0.01980884670884675,7.0,6.0,5.0,-0.09999999999999432,0
111.5,111.5,0.7692307692307693,0.789039615939616,0.11494654324409241,-0.17233094749776054,-0.01980884670884675,7.0,6.0,5.0,0.0,0
111.5,111.5,0.7692307692307693,0.789039615939616,0.11494654324409241,-0.17233094749776054,-0.01980884670884675,7.0,6.0,5.0,-0.29999999999999716,0
111.5,111.5,0.7692307692307693,0.789039615939616,0.11494654324409241,-0.17233094749776054,-0.01980884670884675,7.0,6.0,5.0,-0.10000000000000853,0
112.5,112.5,0.7142857142857143,0.7874554114186467,0.11815386709292196,-0.619274670674877,-0.07316969713293242,7.0,7.0,5.0,-0.09999999999999432,0
112.5,112.5,0.7142857142857143,0.7874554114186467,0.11815386709292196,-0.619274670674877,-0.07316969713293242,7.0,7.0,5.0,0.0,0
112.5,112.5,0.7142857142857143,0.7874554114186467,0.11815386709292196,-0.619274670674877,-0.07316969713293242,7.0,7.0,5.0,-0.29999999999999716,0
112.5,112.5,0.7142857142857143,0.7874554114186467,0.11815386709292196,-0.619274670674877,-0.07316969713293242,7.0,7.0,5.0,-0.10000000000000853,0
112.5,112.5,0.7142857142857143,0.7874554114186467,0.11815386709292196,-0.619274670674877,-0.07316969713293242,7.0,7.0,5.0,-0.29999999999999716,0
113.5,113.5,0.46153846153846156,0.7193714563214563,0.12466542570946244,-2.0681996898152373,-0.2578329947829947,8.0,5.0,3.0,-0.29999999999999716,0
113.5,113.5,0.46153846153846156,0.7193714563214563,0.12466542570946244,-2.0681996898152373,-0.2578329947829947,8.0,5.0,3.0,-0.10000000000000853,0
113.5,113.5,0.46153846153846156,0.7193714563214563,0.12466542570946244,-2.0681996898152373,-0.2578329947829947,8.0,5.0,3.0,-0.29999999999999716,0
114.5,114.5,0.46153846153846156,0.7173304195804197,0.12217076922663968,-2.093724707318794,-0.2557919580419581,7.0,6.0,3.0,-0.10000000000000853,0
114.5,114.5,0.46153846153846156,0.7173304195804197,0.12217076922663968,-2.093724707318794,-0.2557919580419581,7.0,6.0,3.0,-0.29999999999999716,0
114.5,114.5,0.46153846153846156,0.7173304195804197,0.12217076922663968,-2.093724707318794,-0.2557919580419581,7.0,6.0,3.0,-0.5,0
115.5,115.5,0.36363636363636365,0.6527831668331667,0.14044262447123812,-2.058825120118848,-0.2891468031968031,7.0,4.0,2.0,-0.29999999999999716,0
115.5,115.5,0.36363636363636365,0.6527831668331667,0.14044262447123812,-2.058825120118848,-0.2891468031968031,7.0,4.0,2.0,-0.5,0
116.5,116.5,0.36363636363636365,0.5070983294483294,0.1626289194268574,-0.8821430180902606,-0.1434619658119658,8.0,3.0,2.0,-0.29999999999999716,0
116.5,116.5,0.36363636363636365,0.5070983294483294,0.1626289194268574,-0.8821430180902606,-0.1434619658119658,8.0,3.0,2.0,-0.5,0
117.5,117.5,0.36363636363636365,0.5162419136419137,0.13389554548385105,-1.1397358250723557,-0.1526055500055501,8.0,3.0,2.0,-0.5,0
117.5,117.5,0.36363636363636365,0.5162419136419137,0.13389554548385105,-1.1397358250723557,-0.1526055500055501,8.0,3.0,2.0,-0.5,0
118.5,118.5,0.5454545454545454,0.6260271894771895,0.1319168058246907,-0.6107837702629045,-0.08057264402264408,7.0,4.0,3.0,-0.09999999999999432,0
118.5,118.5,0.5454545454545454,0.6260271894771895,0.1319168058246907,-0.6107837702629045,-0.08057264402264408,7.0,4.0,3.0,-0.5,0
118.5,118.5,0.5454545454545454,0.6260271894771895,0.1319168058246907,-0.6107837702629045,-0.08057264402264408,7.0,4.0,3.0,0.09999999999999432,0
119.5,119.5,0.4,0.6687419469419469,0.17324417500800784,-1.5512322242841634,-0.26874194694194686,5.0,5.0,2.0,-0.5,0
119.5,119.5,0.4,0.6687419469419469,0.17324417500800784,-1.5512322242841634,-0.26874194694194686,5.0,5.0,2.0,0.09999999999999432,0
120.5,120.5,0.5,0.7619559802942156,0.15161623282280315,-1.7277568200785511,-0.26195598029421563,5.0,7.0,3.0,-0.5,0
120.5,120.5,0.5,0.7619559802942156,0.15161623282280315,-1.7277568200785511,-0.26195598029421563,5.0,7.0,3.0,0.09999999999999432,0
120.5,120.5,0.5,0.7619559802942156,0.15161623282280315,-1.7277568200785511,-0.26195598029421563,5.0,7.0,3.0,-0.29999999999999716,0
121.5,121.5,0.6153846153846154,0.8297070599335306,0.13587962549804686,-1.577296403072555,-0.21432244454891514,5.0,8.0,4.0,0.0,0
121.5,121.5,0.6153846153846154,0.8297070599335306,0.13587962549804686,-1.577296403072555,-0.21432244454891514,5.0,8.0,4.0,0.09999999999999432,0
121.5,121.5,0.6153846153846154,0.8297070599335306,0.13587962549804686,-1.577296403072555,-0.21432244454891514,5.0,8.0,4.0,-0.29999999999999716,0
121.5,121.5,0.6153846153846154,0.8297070599335306,0.13587962549804686,-1.577296403072555,-0.21432244454891514,5.0,8.0,4.0,-0.09999999999999432,0
122.5,122.5,0.5714285714285714,0.789718933517463,0.13001962512544687,-1.6789031800259266,-0.21829036208889163,6.0,8.0,4.0,0.09999999999999432,0
122.5,122.5,0.5714285714285714,0.789718933517463,0.13001962512544687,-1.6789031800259266,-0.21829036208889163,6.0,8.0,4.0,-0.29999999999999716,0
122.5,122.5,0.5714285714285714,0.789718933517463,0.13001962512544687,-1.6789031800259266,-0.21829036208889163,6.0,8.0,4.0,-0.09999999999999432,0
122.5,122.5,0.5714285714285714,0.789718933517463,0.13001962512544687,-1.6789031800259266,-0.21829036208889163,6.0,8.0,4.0,-0.29999999999999716,0
123.5,123.5,0.7142857142857143,0.8111308219558221,0.12504491384414881,-0.7744825814411918,-0.09684510767010779,6.0,8.0,5.0,-0.29999999999999716,0
123.5,123.5,0.7142857142857143,0.8111308219558221,0.12504491384414881,-0.7744825814411918,-0.09684510767010779,6.0,8.0,5.0,-0.09999999999999432,0
123.5,123.5,0.7142857142857143,0.8111308219558221,0.12504491384414881,-0.7744825814411918,-0.09684510767010779,6.0,8.0,5.0,-0.29999999999999716,0
123.5,123.5,0.7142857142857143,0.8111308219558221,0.12504491384414881,-0.7744825814411918,-0.09684510767010779,6.0,8.0,5.0,-0.29999999999999716,0
123.5,123.5,0.7142857142857143,0.8111308219558221,0.12504491384414881,-0.7744825814411918,-0.09684510767010779,6.0,8.0,5.0,-0.29999999999999716,0
124.5,124.5,0.8,0.8369289016539017,0.11538489946364759,-0.3200496930322862,-0.036928901653901613,8.0,7.0,6.0,-0.29999999999999716,0
124.5,124.5,0.8,0.8369289016539017,0.11538489946364759,-0.3200496930322862,-0.036928901653901613,8.0,7.0,6.0,-0.09999999999999432,0
124.5,124.5,0.8,0.8369289016539017,0.11538489946364759,-0.3200496930322862,-0.036928901653901613,8.0,7.0,6.0,-0.29999999999999716,0
124.5,124.5,0.8,0.8369289016539017,0.11538489946364759,-0.3200496930322862,-0.036928901653901613,8.0,7.0,6.0,-0.29999999999999716,0
124.5,124.5,0.8,0.8369289016539017,0.11538489946364759,-0.3200496930322862,-0.036928901653901613,8.0,7.0,6.0,-0.29999999999999716,0
124.5,124.5,0.8,0.8369289016539017,0.11538489946364759,-0.3200496930322862,-0.036928901653901613,8.0,7.0,6.0,-0.5,0
125.5,125.5,0.875,0.8059439008703714,0.12329751871998725,0.5600769573186409,0.06905609912962862,9.0,7.0,7.0,0.09999999999999432,0
125.5,125.5,0.875,0.8059439008703714,0.12329751871998725,0.5600769573186409,0.06905609912962862,9.0,7.0,7.0,-0.09999999999999432,0
125.5,125.5,0.875,0.8059439008703714,0.12329751871998725,0.5600769573186409,0.06905609912962862,9.0,7.0,7.0,-0.29999999999999716,0
125.5,125.5,0.875,0.8059439008703714,0.12329751871998725,0.5600769573186409,0.06905609912962862,9.0,7.0,7.0,-0.29999999999999716,0
125.5,125.5,0.875,0.8059439008703714,0.12329751871998725,0.5600769573186409,0.06905609912962862,9.0,7.0,7.0,-0.29999999999999716,0
125.5,125.5,0.875,0.8059439008703714,0.12329751871998725,0.5600769573186409,0.06905609912962862,9.0,7.0,7.0,-0.5,0
125.5,125.5,0.875,0.8059439008703714,0.12329751871998725,0.5600769573186409,0.06905609912962862,9.0,7.0,7.0,-0.5,0
126.5,126.5,0.8571428571428571,0.8151524586524588,0.10504193982547064,0.39974888658916846,0.04199039849039832,8.0,6.0,6.0,-0.29999999999999716,0
126.5,126.5,0.8571428571428571,0.8151524586524588,0.10504193982547064,0.39974888658916846,0.04199039849039832,8.0,6.0,6.0,-0.29999999999999716,0
126.5,126.5,0.8571428571428571,0.8151524586524588,0.10504193982547064,0.39974888658916846,0.04199039849039832,8.0,6.0,6.0,-0.29999999999999716,0
126.5,126.5,0.8571428571428571,0.8151524586524588,0.10504193982547064,0.39974888658916846,0.04199039849039832,8.0,6.0,6.0,-0.5,0
126.5,126.5,0.8571428571428571,0.8151524586524588,0.10504193982547064,0.39974888658916846,0.04199039849039832,8.0,6.0,6.0,-0.5,0
126.5,126.5,0.8571428571428571,0.8151524586524588,0.10504193982547064,0.39974888658916846,0.04199039849039832,8.0,6.0,6.0,0.30000000000001137,0
127.5,127.5,0.8571428571428571,0.8046976134976135,0.10886811015451099,0.48173191920766084,0.05244524364524361,8.0,6.0,6.0,-0.29999999999999716,0
127.5,127.5,0.8571428571428571,0.8046976134976135,0.10886811015451099,0.48173191920766084,0.05244524364524361,8.0,6.0,6.0,-0.29999999999999716,0
127.5,127.5,0.8571428571428571,0.8046976134976135,0.10886811015451099,0.48173191920766084,0.05244524364524361,8.0,6.0,6.0,-0.5,0
127.5,127.5,0.8571428571428571,0.8046976134976135,0.10886811015451099,0.48173191920766084,0.05244524364524361,8.0,6.0,6.0,-0.5,0
127.5,127.5,0.8571428571428571,0.8046976134976135,0.10886811015451099,0.48173191920766084,0.05244524364524361,8.0,6.0,6.0,0.30000000000001137,0
127.5,127.5,0.8571428571428571,0.8046976134976135,0.10886811015451099,0.48173191920766084,0.05244524364524361,8.0,6.0,6.0,0.0,0
128.5,128.5,0.9230769230769231,0.7668354811854812,0.11359300253632912,1.3754495294855251,0.15624144189144196,7.0,6.0,6.0,0.20000000000000284,0
128.5,128.5,0.9230769230769231,0.7668354811854812,0.11359300253632912,1.3754495294855251,0.15624144189144196,7.0,6.0,6.0,0.09999999999999432,0
128.5,128.5,0.9230769230769231,0.7668354811854812,0.11359300253632912,1.3754495294855251,0.15624144189144196,7.0,6.0,6.0,-0.5,0
128.5,128.5,0.9230769230769231,0.7668354811854812,0.11359300253632912,1.3754495294855251,0.15624144189144196,7.0,6.0,6.0,0.30000000000001137,0
128.5,128.5,0.9230769230769231,0.7668354811854812,0.11359300253632912,1.3754495294855251,0.15624144189144196,7.0,6.0,6.0,0.0,0
128.5,128.5,0.9230769230769231,0.7668354811854812,0.11359300253632912,1.3754495294855251,0.15624144189144196,7.0,6.0,6.0,0.5,0
129.5,129.5,0.8,0.6611497391497392,0.11949127983584537,1.1620116634536886,0.13885026085026086,6.0,4.0,4.0,-0.5,0
129.5,129.5,0.8,0.6611497391497392,0.11949127983584537,1.1620116634536886,0.13885026085026086,6.0,4.0,4.0,0.30000000000001137,0
129.5,129.5,0.8,0.6611497391497392,0.11949127983584537,1.1620116634536886,0.13885026085026086,6.0,4.0,4.0,0.0,0
129.5,129.5,0.8,0.6611497391497392,0.11949127983584537,1.1620116634536886,0.13885026085026086,6.0,4.0,4.0,0.5,0
130.5,130.5,0.8571428571428571,0.5622565656565656,0.1322835508673372,2.229198487286021,0.29488629148629153,4.0,3.0,3.0,0.30000000000001137,1
130.5,130.5,0.8571428571428571,0.5622565656565656,0.1322835508673372,2.229198487286021,0.29488629148629153,4.0,3.0,3.0,0.0,1
130.5,130.5,0.8571428571428571,0.5622565656565656,0.1322835508673372,2.229198487286021,0.29488629148629153,4.0,3.0,3.0,0.5,1
131.5,131.5,0.8571428571428571,0.556066872016872,0.11320727392513401,2.659510954438246,0.3010759851259851,4.0,3.0,3.0,0.0,1
131.5,131.5,0.8571428571428571,0.556066872016872,0.11320727392513401,2.659510954438246,0.3010759851259851,4.0,3.0,3.0,0.5,1
131.5,131.5,0.8571428571428571,0.556066872016872,0.11320727392513401,2.659510954438246,0.3010759851259851,4.0,3.0,3.0,0.20000000000001705,1
132.5,132.5,0.8571428571428571,0.5458059496059495,0.12195581968117992,2.5528663441466968,0.31133690753690757,4.0,3.0,3.0,0.5,1
132.5,132.5,0.8571428571428571,0.5458059496059495,0.12195581968117992,2.5528663441466968,0.31133690753690757,4.0,3.0,3.0,0.20000000000001705,1
132.5,132.5,0.8571428571428571,0.5458059496059495,0.12195581968117992,2.5528663441466968,0.31133690753690757,4.0,3.0,3.0,0.09999999999999432,1
133.5,133.5,0.8571428571428571,0.5544608780108778,0.13163135399590017,2.2994671857694837,0.30268197913197925,4.0,3.0,3.0,0.20000000000001705,1
133.5,133.5,0.8571428571428571,0.5544608780108778,0.13163135399590017,2.2994671857694837,0.30268197913197925,4.0,3.0,3.0,0.09999999999999432,1
133.5,133.5,0.8571428571428571,0.5544608780108778,0.13163135399590017,2.2994671857694837,0.30268197913197925,4.0,3.0,3.0,0.30000000000001137,1
134.5,134.5,0.8888888888888888,0.7020344044844045,0.14210921230893367,1.3148653867581659,0.18685448440448438,4.0,5.0,4.0,0.20000000000001705,1
134.5,134.5,0.8888888888888888,0.7020344044844045,0.14210921230893367,1.3148653867581659,0.18685448440448438,4.0,5.0,4.0,0.09999999999999432,1
134.5,134.5,0.8888888888888888,0.7020344044844045,0.14210921230893367,1.3148653867581659,0.18685448440448438,4.0,5.0,4.0,0.30000000000001137,1
134.5,134.5,0.8888888888888888,0.7020344044844045,0.14210921230893367,1.3148653867581659,0.18685448440448438,4.0,5.0,4.0,-0.20000000000001705,1
135.5,135.5,0.8333333333333334,0.7803964535464536,0.12687867427235672,0.4172244082031146,0.052936879786879776,6.0,6.0,5.0,0.20000000000001705,0
135.5,135.5,0.8333333333333334,0.7803964535464536,0.12687867427235672,0.4172244082031146,0.052936879786879776,6.0,6.0,5.0,0.09999999999999432,0
135.5,135.5,0.8333333333333334,0.7803964535464536,0.12687867427235672,0.4172244082031146,0.052936879786879776,6.0,6.0,5.0,0.30000000000001137,0
135.5,135.5,0.8333333333333334,0.7803964535464536,0.12687867427235672,0.4172244082031146,0.052936879786879776,6.0,6.0,5.0,-0.20000000000001705,0
135.5,135.5,0.8333333333333334,0.7803964535464536,0.12687867427235672,0.4172244082031146,0.052936879786879776,6.0,6.0,5.0,-0.30000000000001137,0
136.5,136.5,0.7272727272727273,0.6903817071817072,0.15336565595202828,0.24054290292058172,0.03689102009102008,6.0,5.0,4.0,0.09999999999999432,0
136.5,136.5,0.7272727272727273,0.6903817071817072,0.15336565595202828,0.24054290292058172,0.03689102009102008,6.0,5.0,4.0,0.30000000000001137,0
136.5,136.5,0.7272727272727273,0.6903817071817072,0.15336565595202828,0.24054290292058172,0.03689102009102008,6.0,5.0,4.0,-0.20000000000001705,0
136.5,136.5,0.7272727272727273,0.6903817071817072,0.15336565595202828,0.24054290292058172,0.03689102009102008,6.0,5.0,4.0,-0.30000000000001137,0
137.5,137.5,0.7692307692307693,0.7551634143634144,0.11624121167442314,0.12101865306390439,0.014067354867354886,7.0,6.0,5.0,0.30000000000001137,0
137.5,137.5,0.7692307692307693,0.7551634143634144,0.11624121167442314,0.12101865306390439,0.014067354867354886,7.0,6.0,5.0,-0.20000000000001705,0
137.5,137.5,0.7692307692307693,0.7551634143634144,0.11624121167442314,0.12101865306390439,0.014067354867354886,7.0,6.0,5.0,-0.30000000000001137,0
137.5,137.5,0.7692307692307693,0.7551634143634144,0.11624121167442314,0.12101865306390439,0.014067354867354886,7.0,6.0,5.0,0.10000000000002274,0
137.5,137.5,0.7692307692307693,0.7551634143634144,0.11624121167442314,0.12101865306390439,0.014067354867354886,7.0,6.0,5.0,-0.09999999999999432,0
138.5,138.5,0.7142857142857143,0.7453194527694528,0.11371380177860266,-0.27291092196671274,-0.03103373848373847,8.0,6.0,5.0,-0.20000000000001705,0
138.5,138.5,0.7142857142857143,0.7453194527694528,0.11371380177860266,-0.27291092196671274,-0.03103373848373847,8.0,6.0,5.0,-0.30000000000001137,0
138.5,138.5,0.7142857142857143,0.7453194527694528,0.11371380177860266,-0.27291092196671274,-0.03103373848373847,8.0,6.0,5.0,0.10000000000002274,0
138.5,138.5,0.7142857142857143,0.7453194527694528,0.11371380177860266,-0.27291092196671274,-0.03103373848373847,8.0,6.0,5.0,-0.09999999999999432,0
138.5,138.5,0.7142857142857143,0.7453194527694528,0.11371380177860266,-0.27291092196671274,-0.03103373848373847,8.0,6.0,5.0,-0.19999999999998863,0
139.5,139.5,0.8571428571428571,0.7503271506271507,0.130922528658357,0.8158695650802965,0.10681570651570638,8.0,6.0,6.0,-0.30000000000001137,0
139.5,139.5,0.8571428571428571,0.7503271506271507,0.130922528658357,0.8158695650802965,0.10681570651570638,8.0,6.0,6.0,0.10000000000002274,0
139.5,139.5,0.8571428571428571,0.7503271506271507,0.130922528658357,0.8158695650802965,0.10681570651570638,8.0,6.0,6.0,-0.09999999999999432,0
139.5,139.5,0.8571428571428571,0.7503271506271507,0.130922528658357,0.8158695650802965,0.10681570651570638,8.0,6.0,6.0,-0.19999999999998863,0
139.5,139.5,0.8571428571428571,0.7503271506271507,0.130922528658357,0.8158695650802965,0.10681570651570638,8.0,6.0,6.0,-0.30000000000001137,0
139.5,139.5,0.8571428571428571,0.7503271506271507,0.130922528658357,0.8158695650802965,0.10681570651570638,8.0,6.0,6.0,-0.20000000000001705,0
140.5,140.5,0.9230769230769231,0.7480276834276836,0.14010243393812805,1.2494375345866204,0.17504923964923957,7.0,6.0,6.0,0.10000000000002274,0
140.5,140.5,0.9230769230769231,0.7480276834276836,0.14010243393812805,1.2494375345866204,0.17504923964923957,7.0,6.0,6.0,-0.09999999999999432,0
140.5,140.5,0.9230769230769231,0.7480276834276836,0.14010243393812805,1.2494375345866204,0.17504923964923957,7.0,6.0,6.0,-0.19999999999998863,0
140.5,140.5,0.9230769230769231,0.7480276834276836,0.14010243393812805,1.2494375345866204,0.17504923964923957,7.0,6.0,6.0,-0.30000000000001137,0
140.5,140.5,0.9230769230769231,0.7480276834276836,0.14010243393812805,1.2494375345866204,0.17504923964923957,7.0,6.0,6.0,-0.20000000000001705,0
140.5,140.5,0.9230769230769231,0.7480276834276836,0.14010243393812805,1.2494375345866204,0.17504923964923957,7.0,6.0,6.0,-0.09999999999999432,0
141.5,141.5,0.9333333333333333,0.8237683974522211,0.13606739702734663,0.8052254858604524,0.10956493588111227,7.0,8.0,7.0,0.10000000000002274,0
141.5,141.5,0.9333333333333333,0.8237683974522211,0.13606739702734663,0.8052254858604524,0.10956493588111227,7.0,8.0,7.0,-0.09999999999999432,0
141.5,141.5,0.9333333333333333,0.8237683974522211,0.13606739702734663,0.8052254858604524,0.10956493588111227,7.0,8.0,7.0,-0.19999999999998863,0
141.5,141.5,0.9333333333333333,0.8237683974522211,0.13606739702734663,0.8052254858604524,0.10956493588111227,7.0,8.0,7.0,-0.30000000000001137,0
141.5,141.5,0.9333333333333333,0.8237683974522211,0.13606739702734663,0.8052254858604524,0.10956493588111227,7.0,8.0,7.0,-0.20000000000001705,0
141.5,141.5,0.9333333333333333,0.8237683974522211,0.13606739702734663,0.8052254858604524,0.10956493588111227,7.0,8.0,7.0,-0.09999999999999432,0
141.5,141.5,0.9333333333333333,0.8237683974522211,0.13606739702734663,0.8052254858604524,0.10956493588111227,7.0,8.0,7.0,0.10000000000002274,0
142.5,142.5,0.8333333333333334,0.7361438644688644,0.14542584566079458,0.6683094633065652,0.097189468864469,5.0,7.0,5.0,-0.19999999999998863,0
142.5,142.5,0.8333333333333334,0.7361438644688644,0.14542584566079458,0.6683094633065652,0.097189468864469,5.0,7.0,5.0,-0.30000000000001137,0
142.5,142.5,0.8333333333333334,0.7361438644688644,0.14542584566079458,0.6683094633065652,0.097189468864469,5.0,7.0,5.0,-0.20000000000001705,0
142.5,142.5,0.8333333333333334,0.7361438644688644,0.14542584566079458,0.6683094633065652,0.097189468864469,5.0,7.0,5.0,-0.09999999999999432,0
142.5,142.5,0.8333333333333334,0.7361438644688644,0.14542584566079458,0.6683094633065652,0.097189468864469,5.0,7.0,5.0,0.10000000000002274,0
143.5,143.5,0.8,0.7218861971361971,0.13387871369369964,0.5834669359202175,0.07811380286380298,4.0,6.0,4.0,-0.30000000000001137,0
143.5,143.5,0.8,0.7218861971361971,0.13387871369369964,0.5834669359202175,0.07811380286380298,4.0,6.0,4.0,-0.20000000000001705,0
143.5,143.5,0.8,0.7218861971361971,0.13387871369369964,0.5834669359202175,0.07811380286380298,4.0,6.0,4.0,-0.09999999999999432,0
143.5,143.5,0.8,0.7218861971361971,0.13387871369369964,0.5834669359202175,0.07811380286380298,4.0,6.0,4.0,0.10000000000002274,0
144.5,144.5,0.5714285714285714,0.7246032856032857,0.09932557139537501,-1.542147827823588,-0.1531747141747143,2.0,5.0,2.0,-0.09999999999999432,0
144.5,144.5,0.5714285714285714,0.7246032856032857,0.09932557139537501,-1.542147827823588,-0.1531747141747143,2.0,5.0,2.0,0.10000000000002274,0
145.5,145.5,0.5,0.7177567266067266,0.12299622846135416,-1.7704341777857566,-0.21775672660672662,2.0,6.0,2.0,0.10000000000002274,0
145.5,145.5,0.5,0.7177567266067266,0.12299622846135416,-1.7704341777857566,-0.21775672660672662,2.0,6.0,2.0,0.09999999999999432,0
146.5,146.5,0.5714285714285714,0.6965352591852592,0.15058820177770804,-0.8307867832923922,-0.12510668775668776,2.0,5.0,2.0,0.09999999999999432,0
146.5,146.5,0.5714285714285714,0.6965352591852592,0.15058820177770804,-0.8307867832923922,-0.12510668775668776,2.0,5.0,2.0,-0.29999999999998295,0
147.5,147.5,0.7272727272727273,0.7876626930259283,0.13744687488388563,-0.43936950770410826,-0.06038996575320099,4.0,7.0,4.0,0.09999999999999432,0
147.5,147.5,0.7272727272727273,0.7876626930259283,0.13744687488388563,-0.43936950770410826,-0.06038996575320099,4.0,7.0,4.0,-0.29999999999998295,0
147.5,147.5,0.7272727272727273,0.7876626930259283,0.13744687488388563,-0.43936950770410826,-0.06038996575320099,4.0,7.0,4.0,-0.30000000000001137,0
147.5,147.5,0.7272727272727273,0.7876626930259283,0.13744687488388563,-0.43936950770410826,-0.06038996575320099,4.0,7.0,4.0,-0.09999999999999432,0
148.5,148.5,0.8333333333333334,0.8175620520002874,0.13075109628948417,0.1206206431962007,0.01577128133304595,5.0,7.0,5.0,0.09999999999999432,0
148.5,148.5,0.8333333333333334,0.8175620520002874,0.13075109628948417,0.1206206431962007,0.01577128133304595,5.0,7.0,5.0,-0.29999999999998295,0
148.5,148.5,0.8333333333333334,0.8175620520002874,0.13075109628948417,0.1206206431962007,0.01577128133304595,5.0,7.0,5.0,-0.30000000000001137,0
148.5,148.5,0.8333333333333334,0.8175620520002874,0.13075109628948417,0.1206206431962007,0.01577128133304595,5.0,7.0,5.0,-0.09999999999999432,0
148.5,148.5,0.8333333333333334,0.8175620520002874,0.13075109628948417,0.1206206431962007,0.01577128133304595,5.0,7.0,5.0,-0.09999999999999432,0
149.5,149.5,0.8571428571428571,0.8221897435897436,0.12325047600134224,0.2835941465470107,0.03495311355311348,7.0,7.0,6.0,0.09999999999999432,0
149.5,149.5,0.8571428571428571,0.8221897435897436,0.12325047600134224,0.2835941465470107,0.03495311355311348,7.0,7.0,6.0,-0.29999999999998295,0
149.5,149.5,0.8571428571428571,0.8221897435897436,0.12325047600134224,0.2835941465470107,0.03495311355311348,7.0,7.0,6.0,-0.30000000000001137,0
149.5,149.5,0.8571428571428571,0.8221897435897436,0.12325047600134224,0.2835941465470107,0.03495311355311348,7.0,7.0,6.0,-0.09999999999999432,0
149.5,149.5,0.8571428571428571,0.8221897435897436,0.12325047600134224,0.2835941465470107,0.03495311355311348,7.0,7.0,6.0,-0.09999999999999432,0
149.5,149.5,0.8571428571428571,0.8221897435897436,0.12325047600134224,0.2835941465470107,0.03495311355311348,7.0,7.0,6.0,0.0,0
150.5,150.5,0.8333333333333334,0.7139717893217894,0.13433759044080942,0.8885193162976669,0.11936154401154397,7.0,5.0,5.0,-0.29999999999998295,0
150.5,150.5,0.8333333333333334,0.7139717893217894,0.13433759044080942,0.8885193162976669,0.11936154401154397,7.0,5.0,5.0,-0.30000000000001137,0
150.5,150.5,0.8333333333333334,0.7139717893217894,0.13433759044080942,0.8885193162976669,0.11936154401154397,7.0,5.0,5.0,-0.09999999999999432,0
150.5,150.5,0.8333333333333334,0.7139717893217894,0.13433759044080942,0.8885193162976669,0.11936154401154397,7.0,5.0,5.0,-0.09999999999999432,0
150.5,150.5,0.8333333333333334,0.7139717893217894,0.13433759044080942,0.8885193162976669,0.11936154401154397,7.0,5.0,5.0,0.0,0
151.5,151.5,0.8333333333333334,0.7201871683871685,0.12622923358608787,0.8963546852956186,0.11314616494616492,7.0,5.0,5.0,-0.30000000000001137,0
151.5,151.5,0.8333333333333334,0.7201871683871685,0.12622923358608787,0.8963546852956186,0.11314616494616492,7.0,5.0,5.0,-0.09999999999999432,0
151.5,151.5,0.8333333333333334,0.7201871683871685,0.12622923358608787,0.8963546852956186,0.11314616494616492,7.0,5.0,5.0,-0.09999999999999432,0
151.5,151.5,0.8333333333333334,0.7201871683871685,0.12622923358608787,0.8963546852956186,0.11314616494616492,7.0,5.0,5.0,0.0,0
151.5,151.5,0.8333333333333334,0.7201871683871685,0.12622923358608787,0.8963546852956186,0.11314616494616492,7.0,5.0,5.0,-0.4000000000000057,0
152.5,152.5,0.6666666666666666,0.7177623210123211,0.1134143186079828,-0.4505220766900416,-0.05109565434565444,6.0,6.0,4.0,-0.09999999999999432,0
152.5,152.5,0.6666666666666666,0.7177623210123211,0.1134143186079828,-0.4505220766900416,-0.05109565434565444,6.0,6.0,4.0,0.0,0
152.5,152.5,0.6666666666666666,0.7177623210123211,0.1134143186079828,-0.4505220766900416,-0.05109565434565444,6.0,6.0,4.0,-0.4000000000000057,0
152.5,152.5,0.6666666666666666,0.7177623210123211,0.1134143186079828,-0.4505220766900416,-0.05109565434565444,6.0,6.0,4.0,-0.4000000000000057,0
153.5,153.5,0.7272727272727273,0.7290846375846376,0.1149277854987534,-0.01576564191198095,-0.001811910311910303,6.0,5.0,4.0,0.0,0
153.5,153.5,0.7272727272727273,0.7290846375846376,0.1149277854987534,-0.01576564191198095,-0.001811910311910303,6.0,5.0,4.0,-0.4000000000000057,0
153.5,153.5,0.7272727272727273,0.7290846375846376,0.1149277854987534,-0.01576564191198095,-0.001811910311910303,6.0,5.0,4.0,-0.4000000000000057,0
153.5,153.5,0.7272727272727273,0.7290846375846376,0.1149277854987534,-0.01576564191198095,-0.001811910311910303,6.0,5.0,4.0,-0.5,0
154.5,154.5,0.6,0.7375141525141525,0.11910481549456749,-1.1545641705848975,-0.13751415251415255,5.0,5.0,3.0,-0.4000000000000057,0
154.5,154.5,0.6,0.7375141525141525,0.11910481549456749,-1.1545641705848975,-0.13751415251415255,5.0,5.0,3.0,-0.4000000000000057,0
154.5,154.5,0.6,0.7375141525141525,0.11910481549456749,-1.1545641705848975,-0.13751415251415255,5.0,5.0,3.0,-0.5,0
155.5,155.5,0.6,0.8255911950794305,0.11460523032483791,-1.9684197173201707,-0.22559119507943048,3.0,7.0,3.0,0.29999999999998295,0
155.5,155.5,0.6,0.8255911950794305,0.11460523032483791,-1.9684197173201707,-0.22559119507943048,3.0,7.0,3.0,-0.4000000000000057,0
155.5,155.5,0.6,0.8255911950794305,0.11460523032483791,-1.9684197173201707,-0.22559119507943048,3.0,7.0,3.0,-0.5,0
156.5,156.5,0.6,0.8296185068199775,0.12115790397619634,-1.8952003896096636,-0.22961850681997753,3.0,7.0,3.0,-0.4000000000000057,0
156.5,156.5,0.6,0.8296185068199775,0.12115790397619634,-1.8952003896096636,-0.22961850681997753,3.0,7.0,3.0,-0.5,0
156.5,156.5,0.6,0.8296185068199775,0.12115790397619634,-1.8952003896096636,-0.22961850681997753,3.0,7.0,3.0,0.30000000000001137,0
157.5,157.5,0.5454545454545454,0.8272155365875956,0.13161875636871959,-2.1407358563981487,-0.2817609911330502,3.0,8.0,3.0,0.4000000000000057,0
157.5,157.5,0.5454545454545454,0.8272155365875956,0.13161875636871959,-2.1407358563981487,-0.2817609911330502,3.0,8.0,3.0,0.30000000000001137,0
157.5,157.5,0.5454545454545454,0.8272155365875956,0.13161875636871959,-2.1407358563981487,-0.2817609911330502,3.0,8.0,3.0,-0.09999999999999432,0
158.5,158.5,0.5454545454545454,0.8285401933034287,0.1301657983040557,-2.1748082179592245,-0.28308564784888324,4.0,7.0,3.0,0.30000000000001137,0
158.5,158.5,0.5454545454545454,0.8285401933034287,0.1301657983040557,-2.1748082179592245,-0.28308564784888324,4.0,7.0,3.0,-0.09999999999999432,0
158.5,158.5,0.5454545454545454,0.8285401933034287,0.1301657983040557,-2.1748082179592245,-0.28308564784888324,4.0,7.0,3.0,0.0,0
159.5,159.5,0.6666666666666666,0.7966359558741912,0.14229698062125387,-0.9133664582346874,-0.1299692892075246,5.0,7.0,4.0,0.30000000000001137,0
159.5,159.5,0.6666666666666666,0.7966359558741912,0.14229698062125387,-0.9133664582346874,-0.1299692892075246,5.0,7.0,4.0,-0.09999999999999432,0
159.5,159.5,0.6666666666666666,0.7966359558741912,0.14229698062125387,-0.9133664582346874,-0.1299692892075246,5.0,7.0,4.0,0.0,0
159.5,159.5,0.6666666666666666,0.7966359558741912,0.14229698062125387,-0.9133664582346874,-0.1299692892075246,5.0,7.0,4.0,-0.09999999999999432,0
160.5,160.5,0.8571428571428571,0.7962899102531455,0.12327458846259717,0.49363739638988924,0.060852946889711546,6.0,8.0,6.0,0.30000000000001137,0
160.5,160.5,0.8571428571428571,0.7962899102531455,0.12327458846259717,0.49363739638988924,0.060852946889711546,6.0,8.0,6.0,-0.09999999999999432,0
160.5,160.5,0.8571428571428571,0.7962899102531455,0.12327458846259717,0.49363739638988924,0.060852946889711546,6.0,8.0,6.0,0.0,0
160.5,160.5,0.8571428571428571,0.7962899102531455,0.12327458846259717,0.49363739638988924,0.060852946889711546,6.0,8.0,6.0,-0.09999999999999432,0
160.5,160.5,0.8571428571428571,0.7962899102531455,0.12327458846259717,0.49363739638988924,0.060852946889711546,6.0,8.0,6.0,-0.4000000000000057,0
160.5,160.5,0.8571428571428571,0.7962899102531455,0.12327458846259717,0.49363739638988924,0.060852946889711546,6.0,8.0,6.0,-0.09999999999999432,0
161.5,161.5,0.8571428571428571,0.8156200025464732,0.11475762677266278,0.3618308931975525,0.04152285459638394,7.0,7.0,6.0,-0.09999999999999432,0
161.5,161.5,0.8571428571428571,0.8156200025464732,0.11475762677266278,0.3618308931975525,0.04152285459638394,7.0,7.0,6.0,0.0,0
161.5,161.5,0.8571428571428571,0.8156200025464732,0.11475762677266278,0.3618308931975525,0.04152285459638394,7.0,7.0,6.0,-0.09999999999999432,0
161.5,161.5,0.8571428571428571,0.8156200025464732,0.11475762677266278,0.3618308931975525,0.04152285459638394,7.0,7.0,6.0,-0.4000000000000057,0
161.5,161.5,0.8571428571428571,0.8156200025464732,0.11475762677266278,0.3618308931975525,0.04152285459638394,7.0,7.0,6.0,-0.09999999999999432,0
161.5,161.5,0.8571428571428571,0.8156200025464732,0.11475762677266278,0.3618308931975525,0.04152285459638394,7.0,7.0,6.0,-0.30000000000001137,0
162.5,162.5,1.0,0.8310407179421886,0.10811200768692342,1.5628169865006374,0.1689592820578114,7.0,7.0,7.0,0.0,0
162.5,162.5,1.0,0.8310407179421886,0.10811200768692342,1.5628169865006374,0.1689592820578114,7.0,7.0,7.0,-0.09999999999999432,0
162.5,162.5,1.0,0.8310407179421886,0.10811200768692342,1.5628169865006374,0.1689592820578114,7.0,7.0,7.0,-0.4000000000000057,0
162.5,162.5,1.0,0.8310407179421886,0.10811200768692342,1.5628169865006374,0.1689592820578114,7.0,7.0,7.0,-0.09999999999999432,0
162.5,162.5,1.0,0.8310407179421886,0.10811200768692342,1.5628169865006374,0.1689592820578114,7.0,7.0,7.0,-0.30000000000001137,0
162.5,162.5,1.0,0.8310407179421886,0.10811200768692342,1.5628169865006374,0.1689592820578114,7.0,7.0,7.0,-0.5,0
162.5,162.5,1.0,0.8310407179421886,0.10811200768692342,1.5628169865006374,0.1689592820578114,7.0,7.0,7.0,-0.4000000000000057,0
163.5,163.5,1.0,0.8297109615874322,0.11384267777365421,1.4958277663772293,0.17028903841256782,7.0,7.0,7.0,-0.09999999999999432,0
163.5,163.5,1.0,0.8297109615874322,0.11384267777365421,1.4958277663772293,0.17028903841256782,7.0,7.0,7.0,-0.4000000000000057,0
163.5,163.5,1.0,0.8297109615874322,0.11384267777365421,1.4958277663772293,0.17028903841256782,7.0,7.0,7.0,-0.09999999999999432,0
163.5,163.5,1.0,0.8297109615874322,0.11384267777365421,1.4958277663772293,0.17028903841256782,7.0,7.0,7.0,-0.30000000000001137,0
163.5,163.5,1.0,0.8297109615874322,0.11384267777365421,1.4958277663772293,0.17028903841256782,7.0,7.0,7.0,-0.5,0
163.5,163.5,1.0,0.8297109615874322,0.11384267777365421,1.4958277663772293,0.17028903841256782,7.0,7.0,7.0,-0.4000000000000057,0
163.5,163.5,1.0,0.8297109615874322,0.11384267777365421,1.4958277663772293,0.17028903841256782,7.0,7.0,7.0,-0.5,0
164.5,164.5,0.8333333333333334,0.8206062078444432,0.11768646308602077,0.10814434519616374,0.012727125488890212,5.0,7.0,5.0,-0.09999999999999432,0
164.5,164.5,0.8333333333333334,0.8206062078444432,0.11768646308602077,0.10814434519616374,0.012727125488890212,5.0,7.0,5.0,-0.30000000000001137,0
164.5,164.5,0.8333333333333334,0.8206062078444432,0.11768646308602077,0.10814434519616374,0.012727125488890212,5.0,7.0,5.0,-0.5,0
164.5,164.5,0.8333333333333334,0.8206062078444432,0.11768646308602077,0.10814434519616374,0.012727125488890212,5.0,7.0,5.0,-0.4000000000000057,0
164.5,164.5,0.8333333333333334,0.8206062078444432,0.11768646308602077,0.10814434519616374,0.012727125488890212,5.0,7.0,5.0,-0.5,0
165.5,165.5,0.7272727272727273,0.8117136363636364,0.10518959737834989,-0.8027496177895694,-0.08444090909090907,5.0,6.0,4.0,-0.30000000000001137,0
165.5,165.5,0.7272727272727273,0.8117136363636364,0.10518959737834989,-0.8027496177895694,-0.08444090909090907,5.0,6.0,4.0,-0.5,0
165.5,165.5,0.7272727272727273,0.8117136363636364,0.10518959737834989,-0.8027496177895694,-0.08444090909090907,5.0,6.0,4.0,-0.4000000000000057,0
165.5,165.5,0.7272727272727273,0.8117136363636364,0.10518959737834989,-0.8027496177895694,-0.08444090909090907,5.0,6.0,4.0,-0.5,0
166.5,166.5,0.4444444444444444,0.7154920301920301,0.13703651201848324,-1.9779223927636693,-0.2710475857475857,4.0,5.0,2.0,-0.4000000000000057,0
166.5,166.5,0.4444444444444444,0.7154920301920301,0.13703651201848324,-1.9779223927636693,-0.2710475857475857,4.0,5.0,2.0,-0.5,0
167.5,167.5,0.25,0.5974865134865136,0.15922785034781856,-2.182322456325708,-0.3474865134865136,4.0,4.0,1.0,0.4000000000000057,0
168.5,168.5,0.25,0.5468082084582084,0.12427249361485408,-2.388366080253269,-0.29680820845820843,5.0,3.0,1.0,0.09999999999999432,0
169.5,169.5,0.4444444444444444,0.54937553002553,0.12206556927551653,-0.8596288552445415,-0.10493108558108555,6.0,3.0,2.0,0.09999999999999432,0
169.5,169.5,0.4444444444444444,0.54937553002553,0.12206556927551653,-0.8596288552445415,-0.10493108558108555,6.0,3.0,2.0,0.09999999999999432,0
170.5,170.5,0.6666666666666666,0.588722238872239,0.17194417147160973,0.45331241604370015,0.07794442779442767,8.0,4.0,4.0,0.09999999999999432,0
170.5,170.5,0.6666666666666666,0.588722238872239,0.17194417147160973,0.45331241604370015,0.07794442779442767,8.0,4.0,4.0,0.09999999999999432,0
170.5,170.5,0.6666666666666666,0.588722238872239,0.17194417147160973,0.45331241604370015,0.07794442779442767,8.0,4.0,4.0,0.0,0
170.5,170.5,0.6666666666666666,0.588722238872239,0.17194417147160973,0.45331241604370015,0.07794442779442767,8.0,4.0,4.0,-0.09999999999999432,0
171.5,171.5,0.8333333333333334,0.7038371073371075,0.14207706216142088,0.9114506171946232,0.1294962259962259,7.0,5.0,5.0,0.09999999999999432,0
171.5,171.5,0.8333333333333334,0.7038371073371075,0.14207706216142088,0.9114506171946232,0.1294962259962259,7.0,5.0,5.0,0.09999999999999432,0
171.5,171.5,0.8333333333333334,0.7038371073371075,0.14207706216142088,0.9114506171946232,0.1294962259962259,7.0,5.0,5.0,0.0,0
171.5,171.5,0.8333333333333334,0.7038371073371075,0.14207706216142088,0.9114506171946232,0.1294962259962259,7.0,5.0,5.0,-0.09999999999999432,0
171.5,171.5,0.8333333333333334,0.7038371073371075,0.14207706216142088,0.9114506171946232,0.1294962259962259,7.0,5.0,5.0,-0.20000000000001705,0
172.5,172.5,0.9230769230769231,0.7966472971472972,0.12184570769420525,1.037620678825428,0.12642962592962592,7.0,6.0,6.0,0.09999999999999432,0
172.5,172.5,0.9230769230769231,0.7966472971472972,0.12184570769420525,1.037620678825428,0.12642962592962592,7.0,6.0,6.0,0.09999999999999432,0
172.5,172.5,0.9230769230769231,0.7966472971472972,0.12184570769420525,1.037620678825428,0.12642962592962592,7.0,6.0,6.0,0.0,0
172.5,172.5,0.9230769230769231,0.7966472971472972,0.12184570769420525,1.037620678825428,0.12642962592962592,7.0,6.0,6.0,-0.09999999999999432,0
172.5,172.5,0.9230769230769231,0.7966472971472972,0.12184570769420525,1.037620678825428,0.12642962592962592,7.0,6.0,6.0,-0.20000000000001705,0
172.5,172.5,0.9230769230769231,0.7966472971472972,0.12184570769420525,1.037620678825428,0.12642962592962592,7.0,6.0,6.0,-0.19999999999998863,0
173.5,173.5,0.8571428571428571,0.8097798201798203,0.10882154526199647,0.4352358427644685,0.047363036963036786,8.0,6.0,6.0,-0.5,0
173.5,173.5,0.8571428571428571,0.8097798201798203,0.10882154526199647,0.4352358427644685,0.047363036963036786,8.0,6.0,6.0,0.0,0
173.5,173.5,0.8571428571428571,0.8097798201798203,0.10882154526199647,0.4352358427644685,0.047363036963036786,8.0,6.0,6.0,-0.09999999999999432,0
173.5,173.5,0.8571428571428571,0.8097798201798203,0.10882154526199647,0.4352358427644685,0.047363036963036786,8.0,6.0,6.0,-0.20000000000001705,0
173.5,173.5,0.8571428571428571,0.8097798201798203,0.10882154526199647,0.4352358427644685,0.047363036963036786,8.0,6.0,6.0,-0.19999999999998863,0
173.5,173.5,0.8571428571428571,0.8097798201798203,0.10882154526199647,0.4352358427644685,0.047363036963036786,8.0,6.0,6.0,-0.4000000000000057,0
174.5,174.5,0.9230769230769231,0.7968425796425798,0.11792839460574983,1.07043213686035,0.12623434343434337,7.0,6.0,6.0,0.0,0
174.5,174.5,0.9230769230769231,0.7968425796425798,0.11792839460574983,1.07043213686035,0.12623434343434337,7.0,6.0,6.0,-0.09999999999999432,0
174.5,174.5,0.9230769230769231,0.7968425796425798,0.11792839460574983,1.07043213686035,0.12623434343434337,7.0,6.0,6.0,-0.20000000000001705,0
174.5,174.5,0.9230769230769231,0.7968425796425798,0.11792839460574983,1.07043213686035,0.12623434343434337,7.0,6.0,6.0,-0.19999999999998863,0
174.5,174.5,0.9230769230769231,0.7968425796425798,0.11792839460574983,1.07043213686035,0.12623434343434337,7.0,6.0,6.0,-0.4000000000000057,0
174.5,174.5,0.9230769230769231,0.7968425796425798,0.11792839460574983,1.07043213686035,0.12623434343434337,7.0,6.0,6.0,0.19999999999998863,0
175.5,175.5,0.8333333333333334,0.7643496947496948,0.11850369993728993,0.5821222343280713,0.06898363858363854,6.0,6.0,5.0,-0.20000000000001705,0
175.5,175.5,0.8333333333333334,0.7643496947496948,0.11850369993728993,0.5821222343280713,0.06898363858363854,6.0,6.0,5.0,-0.19999999999998863,0
175.5,175.5,0.8333333333333334,0.7643496947496948,0.11850369993728993,0.5821222343280713,0.06898363858363854,6.0,6.0,5.0,-0.4000000000000057,0
175.5,175.5,0.8333333333333334,0.7643496947496948,0.11850369993728993,0.5821222343280713,0.06898363858363854,6.0,6.0,5.0,0.19999999999998863,0
175.5,175.5,0.8333333333333334,0.7643496947496948,0.11850369993728993,0.5821222343280713,0.06898363858363854,6.0,6.0,5.0,-0.10000000000002274,0
176.5,176.5,0.9090909090909091,0.7361072372072373,0.10042547579065036,1.7225078648796068,0.1729836718836718,6.0,5.0,5.0,-0.19999999999998863,0
176.5,176.5,0.9090909090909091,0.7361072372072373,0.10042547579065036,1.7225078648796068,0.1729836718836718,6.0,5.0,5.0,-0.4000000000000057,0
176.5,176.5,0.9090909090909091,0.7361072372072373,0.10042547579065036,1.7225078648796068,0.1729836718836718,6.0,5.0,5.0,0.19999999999998863,0
176.5,176.5,0.9090909090909091,0.7361072372072373,0.10042547579065036,1.7225078648796068,0.1729836718836718,6.0,5.0,5.0,-0.10000000000002274,0
176.5,176.5,0.9090909090909091,0.7361072372072373,0.10042547579065036,1.7225078648796068,0.1729836718836718,6.0,5.0,5.0,0.0,0
