t_center,t_center_abs,S,S_null_mean,S_null_sd,z_S_t,S_excess,nA,nB,nM,dt,episode
7.5,7.5,0.8235294117647058,0.7948659358615241,0.10494164596128103,0.2731372815874962,0.028663475903181745,9.0,8.0,7.0,0.09999999999999964,0
7.5,7.5,0.8235294117647058,0.7948659358615241,0.10494164596128103,0.2731372815874962,0.028663475903181745,9.0,8.0,7.0,-0.2999999999999998,0
7.5,7.5,0.8235294117647058,0.7948659358615241,0.10494164596128103,0.2731372815874962,0.028663475903181745,9.0,8.0,7.0,-0.20000000000000018,0
7.5,7.5,0.8235294117647058,0.7948659358615241,0.10494164596128103,0.2731372815874962,0.028663475903181745,9.0,8.0,7.0,0.20000000000000107,0
7.5,7.5,0.8235294117647058,0.7948659358615241,0.10494164596128103,0.2731372815874962,0.028663475903181745,9.0,8.0,7.0,-0.09999999999999964,0
7.5,7.5,0.8235294117647058,0.7948659358615241,0.10494164596128103,0.2731372815874962,0.028663475903181745,9.0,8.0,7.0,0.0,0
7.5,7.5,0.8235294117647058,0.7948659358615241,0.10494164596128103,0.2731372815874962,0.028663475903181745,9.0,8.0,7.0,-0.09999999999999964,0
8.5,8.5,0.875,0.8226794764059471,0.09295425559431224,0.5628631336944875,0.052320523594052926,9.0,7.0,7.0,-0.2999999999999998,0
8.5,8.5,0.875,0.8226794764059471,0.09295425559431224,0.5628631336944875,0.052320523594052926,9.0,7.0,7.0,-0.20000000000000018,0
8.5,8.5,0.875,0.8226794764059471,0.09295425559431224,0.5628631336944875,0.052320523594052926,9.0,7.0,7.0,0.20000000000000107,0
8.5,8.5,0.875,0.8226794764059471,0.09295425559431224,0.5628631336944875,0.052320523594052926,9.0,7.0,7.0,-0.09999999999999964,0
8.5,8.5,0.875,0.8226794764059471,0.09295425559431224,0.5628631336944875,0.052320523594052926,9.0,7.0,7.0,0.0,0
8.5,8.5,0.875,0.8226794764059471,0.09295425559431224,0.5628631336944875,0.052320523594052926,9.0,7.0,7.0,-0.09999999999999964,0
8.5,8.5,0.875,0.8226794764059471,0.09295425559431224,0.5628631336944875,0.052320523594052926,9.0,7.0,7.0,0.0,0
9.5,9.5,0.9333333333333333,0.8350220921235627,0.0993498521775713,0.9895459233704312,0.09831124120977064,8.0,7.0,7.0,-0.20000000000000018,0
9.5,9.5,0.9333333333333333,0.8350220921235627,0.0993498521775713,0.9895459233704312,0.09831124120977064,8.0,7.0,7.0,0.20000000000000107,0
9.5,9.5,0.9333333333333333,0.8350220921235627,0.0993498521775713,0.9895459233704312,0.09831124120977064,8.0,7.0,7.0,-0.09999999999999964,0
9.5,9.5,0.9333333333333333,0.8350220921235627,0.0993498521775713,0.9895459233704312,0.09831124120977064,8.0,7.0,7.0,0.0,0
9.5,9.5,0.9333333333333333,0.8350220921235627,0.0993498521775713,0.9895459233704312,0.09831124120977064,8.0,7.0,7.0,-0.09999999999999964,0
9.5,9.5,0.9333333333333333,0.8350220921235627,0.0993498521775713,0.9895459233704312,0.09831124120977064,8.0,7.0,7.0,0.0,0
9.5,9.5,0.9333333333333333,0.8350220921235627,0.0993498521775713,0.9895459233704312,0.09831124120977064,8.0,7.0,7.0,-0.09999999999999964,0
10.5,10.5,0.9333333333333333,0.845725937297996,0.0887278699929004,0.9873717924519909,0.08760739603533729,7.0,8.0,7.0,0.20000000000000107,0
10.5,10.5,0.9333333333333333,0.845725937297996,0.0887278699929004,0.9873717924519909,0.08760739603533729,7.0,8.0,7.0,-0.09999999999999964,0
10.5,10.5,0.9333333333333333,0.845725937297996,0.0887278699929004,0.9873717924519909,0.08760739603533729,7.0,8.0,7.0,0.0,0
10.5,10.5,0.9333333333333333,0.845725937297996,0.0887278699929004,0.9873717924519909,0.08760739603533729,7.0,8.0,7.0,-0.09999999999999964,0
10.5,10.5,0.9333333333333333,0.845725937297996,0.0887278699929004,0.9873717924519909,0.08760739603533729,7.0,8.0,7.0,0.0,0
10.5,10.5,0.9333333333333333,0.845725937297996,0.0887278699929004,0.9873717924519909,0.08760739603533729,7.0,8.0,7.0,-0.09999999999999964,0
10.5,10.5,0.9333333333333333,0.845725937297996,0.0887278699929004,0.9873717924519909,0.08760739603533729,7.0,8.0,7.0,0.09999999999999964,0
11.5,11.5,0.9230769230769231,0.8389232600732601,0.09641186500176445,0.8728558772524823,0.084153663003663,6.0,7.0,6.0,0.0,0
11.5,11.5,0.9230769230769231,0.8389232600732601,0.09641186500176445,0.8728558772524823,0.084153663003663,6.0,7.0,6.0,-0.09999999999999964,0
11.5,11.5,0.9230769230769231,0.8389232600732601,0.09641186500176445,0.8728558772524823,0.084153663003663,6.0,7.0,6.0,0.0,0
11.5,11.5,0.9230769230769231,0.8389232600732601,0.09641186500176445,0.8728558772524823,0.084153663003663,6.0,7.0,6.0,-0.09999999999999964,0
11.5,11.5,0.9230769230769231,0.8389232600732601,0.09641186500176445,0.8728558772524823,0.084153663003663,6.0,7.0,6.0,0.09999999999999964,0
11.5,11.5,0.9230769230769231,0.8389232600732601,0.09641186500176445,0.8728558772524823,0.084153663003663,6.0,7.0,6.0,0.29999999999999893,0
12.5,12.5,0.7692307692307693,0.8076191866956574,0.10145253537068946,-0.3783879557531377,-0.03838841746488808,6.0,7.0,5.0,0.0,0
12.5,12.5,0.7692307692307693,0.8076191866956574,0.10145253537068946,-0.3783879557531377,-0.03838841746488808,6.0,7.0,5.0,-0.09999999999999964,0
12.5,12.5,0.7692307692307693,0.8076191866956574,0.10145253537068946,-0.3783879557531377,-0.03838841746488808,6.0,7.0,5.0,0.09999999999999964,0
12.5,12.5,0.7692307692307693,0.8076191866956574,0.10145253537068946,-0.3783879557531377,-0.03838841746488808,6.0,7.0,5.0,0.29999999999999893,0
12.5,12.5,0.7692307692307693,0.8076191866956574,0.10145253537068946,-0.3783879557531377,-0.03838841746488808,6.0,7.0,5.0,-0.20000000000000107,0
13.5,13.5,0.7142857142857143,0.8195584777967131,0.09979456639958598,-1.0548947433618545,-0.10527276351099879,7.0,7.0,5.0,-0.09999999999999964,0
13.5,13.5,0.7142857142857143,0.8195584777967131,0.09979456639958598,-1.0548947433618545,-0.10527276351099879,7.0,7.0,5.0,0.09999999999999964,0
13.5,13.5,0.7142857142857143,0.8195584777967131,0.09979456639958598,-1.0548947433618545,-0.10527276351099879,7.0,7.0,5.0,0.29999999999999893,0
13.5,13.5,0.7142857142857143,0.8195584777967131,0.09979456639958598,-1.0548947433618545,-0.10527276351099879,7.0,7.0,5.0,-0.20000000000000107,0
13.5,13.5,0.7142857142857143,0.8195584777967131,0.09979456639958598,-1.0548947433618545,-0.10527276351099879,7.0,7.0,5.0,-0.1999999999999993,0
14.5,14.5,0.75,0.847251335918983,0.09181064443869594,-1.0592599203888606,-0.09725133591898305,8.0,8.0,6.0,0.09999999999999964,0
14.5,14.5,0.75,0.847251335918983,0.09181064443869594,-1.0592599203888606,-0.09725133591898305,8.0,8.0,6.0,0.29999999999999893,0
14.5,14.5,0.75,0.847251335918983,0.09181064443869594,-1.0592599203888606,-0.09725133591898305,8.0,8.0,6.0,-0.20000000000000107,0
14.5,14.5,0.75,0.847251335918983,0.09181064443869594,-1.0592599203888606,-0.09725133591898305,8.0,8.0,6.0,-0.1999999999999993,0
14.5,14.5,0.75,0.847251335918983,0.09181064443869594,-1.0592599203888606,-0.09725133591898305,8.0,8.0,6.0,0.1999999999999993,0
14.5,14.5,0.75,0.847251335918983,0.09181064443869594,-1.0592599203888606,-0.09725133591898305,8.0,8.0,6.0,0.0,0
15.5,15.5,0.6666666666666666,0.8233451215451216,0.10488087677482662,-1.4938705672229924,-0.156678454878455,8.0,7.0,5.0,-0.20000000000000107,0
15.5,15.5,0.6666666666666666,0.8233451215451216,0.10488087677482662,-1.4938705672229924,-0.156678454878455,8.0,7.0,5.0,-0.1999999999999993,0
15.5,15.5,0.6666666666666666,0.8233451215451216,0.10488087677482662,-1.4938705672229924,-0.156678454878455,8.0,7.0,5.0,0.1999999999999993,0
15.5,15.5,0.6666666666666666,0.8233451215451216,0.10488087677482662,-1.4938705672229924,-0.156678454878455,8.0,7.0,5.0,0.0,0
15.5,15.5,0.6666666666666666,0.8233451215451216,0.10488087677482662,-1.4938705672229924,-0.156678454878455,8.0,7.0,5.0,-0.09999999999999787,0
16.5,16.5,0.7142857142857143,0.7547665334665334,0.11316269825281844,-0.35772228663530403,-0.04048081918081914,8.0,6.0,5.0,-0.20000000000000107,0
16.5,16.5,0.7142857142857143,0.7547665334665334,0.11316269825281844,-0.35772228663530403,-0.04048081918081914,8.0,6.0,5.0,-0.1999999999999993,0
16.5,16.5,0.7142857142857143,0.7547665334665334,0.11316269825281844,-0.35772228663530403,-0.04048081918081914,8.0,6.0,5.0,0.1999999999999993,0
16.5,16.5,0.7142857142857143,0.7547665334665334,0.11316269825281844,-0.35772228663530403,-0.04048081918081914,8.0,6.0,5.0,0.0,0
16.5,16.5,0.7142857142857143,0.7547665334665334,0.11316269825281844,-0.35772228663530403,-0.04048081918081914,8.0,6.0,5.0,-0.09999999999999787,0
17.5,17.5,0.75,0.7731948717948719,0.1014516025620258,-0.22862992016997408,-0.023194871794871896,9.0,7.0,6.0,-0.1999999999999993,0
17.5,17.5,0.75,0.7731948717948719,0.1014516025620258,-0.22862992016997408,-0.023194871794871896,9.0,7.0,6.0,0.1999999999999993,0
17.5,17.5,0.75,0.7731948717948719,0.1014516025620258,-0.22862992016997408,-0.023194871794871896,9.0,7.0,6.0,0.0,0
17.5,17.5,0.75,0.7731948717948719,0.1014516025620258,-0.22862992016997408,-0.023194871794871896,9.0,7.0,6.0,-0.09999999999999787,0
17.5,17.5,0.75,0.7731948717948719,0.1014516025620258,-0.22862992016997408,-0.023194871794871896,9.0,7.0,6.0,0.0,0
17.5,17.5,0.75,0.7731948717948719,0.1014516025620258,-0.22862992016997408,-0.023194871794871896,9.0,7.0,6.0,0.0,0
18.5,18.5,0.8,0.7833509490509492,0.10309674424465695,0.1614895899092734,0.016649050949050892,9.0,6.0,6.0,0.1999999999999993,0
18.5,18.5,0.8,0.7833509490509492,0.10309674424465695,0.1614895899092734,0.016649050949050892,9.0,6.0,6.0,0.0,0
18.5,18.5,0.8,0.7833509490509492,0.10309674424465695,0.1614895899092734,0.016649050949050892,9.0,6.0,6.0,-0.09999999999999787,0
18.5,18.5,0.8,0.7833509490509492,0.10309674424465695,0.1614895899092734,0.016649050949050892,9.0,6.0,6.0,0.0,0
18.5,18.5,0.8,0.7833509490509492,0.10309674424465695,0.1614895899092734,0.016649050949050892,9.0,6.0,6.0,0.0,0
18.5,18.5,0.8,0.7833509490509492,0.10309674424465695,0.1614895899092734,0.016649050949050892,9.0,6.0,6.0,0.10000000000000142,0
19.5,19.5,0.8571428571428571,0.770135730935731,0.0984851707459791,0.8834540829658705,0.08700712620712614,8.0,6.0,6.0,-0.09999999999999787,0
19.5,19.5,0.8571428571428571,0.770135730935731,0.0984851707459791,0.8834540829658705,0.08700712620712614,8.0,6.0,6.0,0.0,0
19.5,19.5,0.8571428571428571,0.770135730935731,0.0984851707459791,0.8834540829658705,0.08700712620712614,8.0,6.0,6.0,0.0,0
19.5,19.5,0.8571428571428571,0.770135730935731,0.0984851707459791,0.8834540829658705,0.08700712620712614,8.0,6.0,6.0,0.10000000000000142,0
19.5,19.5,0.8571428571428571,0.770135730935731,0.0984851707459791,0.8834540829658705,0.08700712620712614,8.0,6.0,6.0,-0.1999999999999993,0
19.5,19.5,0.8571428571428571,0.770135730935731,0.0984851707459791,0.8834540829658705,0.08700712620712614,8.0,6.0,6.0,-0.1999999999999993,0
20.5,20.5,0.8571428571428571,0.7870381784881786,0.09798657601744058,0.7154518660005081,0.07010467865467851,8.0,6.0,6.0,0.0,0
20.5,20.5,0.8571428571428571,0.7870381784881786,0.09798657601744058,0.7154518660005081,0.07010467865467851,8.0,6.0,6.0,0.0,0
20.5,20.5,0.8571428571428571,0.7870381784881786,0.09798657601744058,0.7154518660005081,0.07010467865467851,8.0,6.0,6.0,0.10000000000000142,0
20.5,20.5,0.8571428571428571,0.7870381784881786,0.09798657601744058,0.7154518660005081,0.07010467865467851,8.0,6.0,6.0,-0.1999999999999993,0
20.5,20.5,0.8571428571428571,0.7870381784881786,0.09798657601744058,0.7154518660005081,0.07010467865467851,8.0,6.0,6.0,-0.1999999999999993,0
20.5,20.5,0.8571428571428571,0.7870381784881786,0.09798657601744058,0.7154518660005081,0.07010467865467851,8.0,6.0,6.0,-0.09999999999999787,0
21.5,21.5,0.875,0.8261941356029593,0.09507553102885323,0.513337804889349,0.04880586439704071,8.0,8.0,7.0,0.0,0
21.5,21.5,0.875,0.8261941356029593,0.09507553102885323,0.513337804889349,0.04880586439704071,8.0,8.0,7.0,0.0,0
21.5,21.5,0.875,0.8261941356029593,0.09507553102885323,0.513337804889349,0.04880586439704071,8.0,8.0,7.0,0.10000000000000142,0
21.5,21.5,0.875,0.8261941356029593,0.09507553102885323,0.513337804889349,0.04880586439704071,8.0,8.0,7.0,-0.1999999999999993,0
21.5,21.5,0.875,0.8261941356029593,0.09507553102885323,0.513337804889349,0.04880586439704071,8.0,8.0,7.0,-0.1999999999999993,0
21.5,21.5,0.875,0.8261941356029593,0.09507553102885323,0.513337804889349,0.04880586439704071,8.0,8.0,7.0,-0.09999999999999787,0
21.5,21.5,0.875,0.8261941356029593,0.09507553102885323,0.513337804889349,0.04880586439704071,8.0,8.0,7.0,-0.10000000000000142,0
22.5,22.5,0.8571428571428571,0.8401464706861766,0.09583327572475019,0.1773537044220112,0.016996386456680446,7.0,7.0,6.0,0.10000000000000142,0
22.5,22.5,0.8571428571428571,0.8401464706861766,0.09583327572475019,0.1773537044220112,0.016996386456680446,7.0,7.0,6.0,-0.1999999999999993,0
22.5,22.5,0.8571428571428571,0.8401464706861766,0.09583327572475019,0.1773537044220112,0.016996386456680446,7.0,7.0,6.0,-0.1999999999999993,0
22.5,22.5,0.8571428571428571,0.8401464706861766,0.09583327572475019,0.1773537044220112,0.016996386456680446,7.0,7.0,6.0,-0.09999999999999787,0
22.5,22.5,0.8571428571428571,0.8401464706861766,0.09583327572475019,0.1773537044220112,0.016996386456680446,7.0,7.0,6.0,-0.10000000000000142,0
22.5,22.5,0.8571428571428571,0.8401464706861766,0.09583327572475019,0.1773537044220112,0.016996386456680446,7.0,7.0,6.0,0.1999999999999993,0
23.5,23.5,0.9333333333333333,0.8471380880557351,0.0940531897980678,0.9164521210036517,0.08619524527759825,7.0,8.0,7.0,-0.1999999999999993,0
23.5,23.5,0.9333333333333333,0.8471380880557351,0.0940531897980678,0.9164521210036517,0.08619524527759825,7.0,8.0,7.0,-0.1999999999999993,0
23.5,23.5,0.9333333333333333,0.8471380880557351,0.0940531897980678,0.9164521210036517,0.08619524527759825,7.0,8.0,7.0,-0.09999999999999787,0
23.5,23.5,0.9333333333333333,0.8471380880557351,0.0940531897980678,0.9164521210036517,0.08619524527759825,7.0,8.0,7.0,-0.10000000000000142,0
23.5,23.5,0.9333333333333333,0.8471380880557351,0.0940531897980678,0.9164521210036517,0.08619524527759825,7.0,8.0,7.0,0.1999999999999993,0
23.5,23.5,0.9333333333333333,0.8471380880557351,0.0940531897980678,0.9164521210036517,0.08619524527759825,7.0,8.0,7.0,0.09999999999999787,0
23.5,23.5,0.9333333333333333,0.8471380880557351,0.0940531897980678,0.9164521210036517,0.08619524527759825,7.0,8.0,7.0,0.10000000000000142,0
24.5,24.5,0.9230769230769231,0.8250286463536465,0.10043795255672426,0.9762074417825474,0.09804827672327665,6.0,7.0,6.0,-0.09999999999999787,0
24.5,24.5,0.9230769230769231,0.8250286463536465,0.10043795255672426,0.9762074417825474,0.09804827672327665,6.0,7.0,6.0,-0.10000000000000142,0
24.5,24.5,0.9230769230769231,0.8250286463536465,0.10043795255672426,0.9762074417825474,0.09804827672327665,6.0,7.0,6.0,0.1999999999999993,0
24.5,24.5,0.9230769230769231,0.8250286463536465,0.10043795255672426,0.9762074417825474,0.09804827672327665,6.0,7.0,6.0,0.09999999999999787,0
24.5,24.5,0.9230769230769231,0.8250286463536465,0.10043795255672426,0.9762074417825474,0.09804827672327665,6.0,7.0,6.0,0.10000000000000142,0
24.5,24.5,0.9230769230769231,0.8250286463536465,0.10043795255672426,0.9762074417825474,0.09804827672327665,6.0,7.0,6.0,0.10000000000000142,0
25.5,25.5,0.8571428571428571,0.8340221974104328,0.0929808478495819,0.24866045284752952,0.023120659732424276,7.0,7.0,6.0,-0.10000000000000142,0
25.5,25.5,0.8571428571428571,0.8340221974104328,0.0929808478495819,0.24866045284752952,0.023120659732424276,7.0,7.0,6.0,0.1999999999999993,0
25.5,25.5,0.8571428571428571,0.8340221974104328,0.0929808478495819,0.24866045284752952,0.023120659732424276,7.0,7.0,6.0,0.09999999999999787,0
25.5,25.5,0.8571428571428571,0.8340221974104328,0.0929808478495819,0.24866045284752952,0.023120659732424276,7.0,7.0,6.0,0.10000000000000142,0
25.5,25.5,0.8571428571428571,0.8340221974104328,0.0929808478495819,0.24866045284752952,0.023120659732424276,7.0,7.0,6.0,0.10000000000000142,0
25.5,25.5,0.8571428571428571,0.8340221974104328,0.0929808478495819,0.24866045284752952,0.023120659732424276,7.0,7.0,6.0,0.0,0
26.5,26.5,0.9333333333333333,0.8167110177404295,0.0979863596658682,1.190189287474133,0.11662231559290381,7.0,8.0,7.0,0.1999999999999993,0
26.5,26.5,0.9333333333333333,0.8167110177404295,0.0979863596658682,1.190189287474133,0.11662231559290381,7.0,8.0,7.0,0.09999999999999787,0
26.5,26.5,0.9333333333333333,0.8167110177404295,0.0979863596658682,1.190189287474133,0.11662231559290381,7.0,8.0,7.0,0.10000000000000142,0
26.5,26.5,0.9333333333333333,0.8167110177404295,0.0979863596658682,1.190189287474133,0.11662231559290381,7.0,8.0,7.0,0.10000000000000142,0
26.5,26.5,0.9333333333333333,0.8167110177404295,0.0979863596658682,1.190189287474133,0.11662231559290381,7.0,8.0,7.0,0.0,0
26.5,26.5,0.9333333333333333,0.8167110177404295,0.0979863596658682,1.190189287474133,0.11662231559290381,7.0,8.0,7.0,-0.3000000000000007,0
26.5,26.5,0.9333333333333333,0.8167110177404295,0.0979863596658682,1.190189287474133,0.11662231559290381,7.0,8.0,7.0,-0.29999999999999716,0
27.5,27.5,0.9333333333333333,0.8350053338818045,0.09973952583504504,0.9858478735315958,0.09832799945152881,8.0,7.0,7.0,0.09999999999999787,0
27.5,27.5,0.9333333333333333,0.8350053338818045,0.09973952583504504,0.9858478735315958,0.09832799945152881,8.0,7.0,7.0,0.10000000000000142,0
27.5,27.5,0.9333333333333333,0.8350053338818045,0.09973952583504504,0.9858478735315958,0.09832799945152881,8.0,7.0,7.0,0.10000000000000142,0
27.5,27.5,0.9333333333333333,0.8350053338818045,0.09973952583504504,0.9858478735315958,0.09832799945152881,8.0,7.0,7.0,0.0,0
27.5,27.5,0.9333333333333333,0.8350053338818045,0.09973952583504504,0.9858478735315958,0.09832799945152881,8.0,7.0,7.0,-0.3000000000000007,0
27.5,27.5,0.9333333333333333,0.8350053338818045,0.09973952583504504,0.9858478735315958,0.09832799945152881,8.0,7.0,7.0,-0.29999999999999716,0
27.5,27.5,0.9333333333333333,0.8350053338818045,0.09973952583504504,0.9858478735315958,0.09832799945152881,8.0,7.0,7.0,-0.1999999999999993,0
28.5,28.5,0.8,0.7912646853146853,0.10909777741477401,0.08006867685401452,0.008735314685314743,9.0,6.0,6.0,0.10000000000000142,0
28.5,28.5,0.8,0.7912646853146853,0.10909777741477401,0.08006867685401452,0.008735314685314743,9.0,6.0,6.0,0.0,0
28.5,28.5,0.8,0.7912646853146853,0.10909777741477401,0.08006867685401452,0.008735314685314743,9.0,6.0,6.0,-0.3000000000000007,0
28.5,28.5,0.8,0.7912646853146853,0.10909777741477401,0.08006867685401452,0.008735314685314743,9.0,6.0,6.0,-0.29999999999999716,0
28.5,28.5,0.8,0.7912646853146853,0.10909777741477401,0.08006867685401452,0.008735314685314743,9.0,6.0,6.0,-0.1999999999999993,0
28.5,28.5,0.8,0.7912646853146853,0.10909777741477401,0.08006867685401452,0.008735314685314743,9.0,6.0,6.0,0.10000000000000142,0
29.5,29.5,0.7692307692307693,0.7102053946053947,0.10949150624216437,0.5390863332798355,0.059025374625374605,8.0,5.0,5.0,0.0,0
29.5,29.5,0.7692307692307693,0.7102053946053947,0.10949150624216437,0.5390863332798355,0.059025374625374605,8.0,5.0,5.0,-0.3000000000000007,0
29.5,29.5,0.7692307692307693,0.7102053946053947,0.10949150624216437,0.5390863332798355,0.059025374625374605,8.0,5.0,5.0,-0.29999999999999716,0
29.5,29.5,0.7692307692307693,0.7102053946053947,0.10949150624216437,0.5390863332798355,0.059025374625374605,8.0,5.0,5.0,-0.1999999999999993,0
29.5,29.5,0.7692307692307693,0.7102053946053947,0.10949150624216437,0.5390863332798355,0.059025374625374605,8.0,5.0,5.0,0.10000000000000142,0
30.5,30.5,0.5,0.6073175713175712,0.11367735262445233,-0.9440541043571675,-0.10731757131757125,8.0,4.0,3.0,-0.29999999999999716,0
30.5,30.5,0.5,0.6073175713175712,0.11367735262445233,-0.9440541043571675,-0.10731757131757125,8.0,4.0,3.0,-0.1999999999999993,0
30.5,30.5,0.5,0.6073175713175712,0.11367735262445233,-0.9440541043571675,-0.10731757131757125,8.0,4.0,3.0,0.10000000000000142,0
31.5,31.5,0.4,0.38841428571428577,0.11819147780367883,0.09802495493760242,0.011585714285714255,8.0,2.0,2.0,-0.1999999999999993,0
31.5,31.5,0.4,0.38841428571428577,0.11819147780367883,0.09802495493760242,0.011585714285714255,8.0,2.0,2.0,0.10000000000000142,0
32.5,32.5,0.4,0.3893099567099567,0.10115532667485233,0.10567948956761065,0.010690043290043305,8.0,2.0,2.0,0.10000000000000142,0
32.5,32.5,0.4,0.3893099567099567,0.10115532667485233,0.10567948956761065,0.010690043290043305,8.0,2.0,2.0,0.0,0
33.5,33.5,0.25,0.21546774891774892,0.0879139610520722,0.392795986769352,0.03453225108225108,7.0,1.0,1.0,0.0,0
34.5,34.5,0.5,0.38621075036075037,0.106094809515638,1.0725241900026927,0.11378924963924963,6.0,2.0,2.0,0.0,0
34.5,34.5,0.5,0.38621075036075037,0.106094809515638,1.0725241900026927,0.11378924963924963,6.0,2.0,2.0,-0.10000000000000142,0
35.5,35.5,0.75,0.51839097014097,0.11641727549929425,1.9894730302328203,0.23160902985902998,5.0,3.0,3.0,0.0,1
35.5,35.5,0.75,0.51839097014097,0.11641727549929425,1.9894730302328203,0.23160902985902998,5.0,3.0,3.0,-0.10000000000000142,1
35.5,35.5,0.75,0.51839097014097,0.11641727549929425,1.9894730302328203,0.23160902985902998,5.0,3.0,3.0,-0.19999999999999574,1
36.5,36.5,0.8,0.5919785547785548,0.12610844958826795,1.6495440702079476,0.20802144522144528,6.0,4.0,4.0,0.0,1
36.5,36.5,0.8,0.5919785547785548,0.12610844958826795,1.6495440702079476,0.20802144522144528,6.0,4.0,4.0,-0.10000000000000142,1
36.5,36.5,0.8,0.5919785547785548,0.12610844958826795,1.6495440702079476,0.20802144522144528,6.0,4.0,4.0,-0.19999999999999574,1
36.5,36.5,0.8,0.5919785547785548,0.12610844958826795,1.6495440702079476,0.20802144522144528,6.0,4.0,4.0,-0.10000000000000142,1
37.5,37.5,1.0,0.7086412587412587,0.12082481547665398,2.411414742156492,0.2913587412587413,5.0,5.0,5.0,-0.10000000000000142,1
37.5,37.5,1.0,0.7086412587412587,0.12082481547665398,2.411414742156492,0.2913587412587413,5.0,5.0,5.0,-0.19999999999999574,1
37.5,37.5,1.0,0.7086412587412587,0.12082481547665398,2.411414742156492,0.2913587412587413,5.0,5.0,5.0,-0.10000000000000142,1
37.5,37.5,1.0,0.7086412587412587,0.12082481547665398,2.411414742156492,0.2913587412587413,5.0,5.0,5.0,-0.20000000000000284,1
37.5,37.5,1.0,0.7086412587412587,0.12082481547665398,2.411414742156492,0.2913587412587413,5.0,5.0,5.0,0.0,1
38.5,38.5,1.0,0.8012988677988678,0.11230358455305353,1.7693213711024818,0.19870113220113217,6.0,6.0,6.0,-0.10000000000000142,1
38.5,38.5,1.0,0.8012988677988678,0.11230358455305353,1.7693213711024818,0.19870113220113217,6.0,6.0,6.0,-0.19999999999999574,1
38.5,38.5,1.0,0.8012988677988678,0.11230358455305353,1.7693213711024818,0.19870113220113217,6.0,6.0,6.0,-0.10000000000000142,1
38.5,38.5,1.0,0.8012988677988678,0.11230358455305353,1.7693213711024818,0.19870113220113217,6.0,6.0,6.0,-0.20000000000000284,1
38.5,38.5,1.0,0.8012988677988678,0.11230358455305353,1.7693213711024818,0.19870113220113217,6.0,6.0,6.0,0.0,1
38.5,38.5,1.0,0.8012988677988678,0.11230358455305353,1.7693213711024818,0.19870113220113217,6.0,6.0,6.0,-0.10000000000000142,1
39.5,39.5,0.9230769230769231,0.8201408067422774,0.1040889871056795,0.9889241810964757,0.10293611633464572,6.0,7.0,6.0,-0.19999999999999574,1
39.5,39.5,0.9230769230769231,0.8201408067422774,0.1040889871056795,0.9889241810964757,0.10293611633464572,6.0,7.0,6.0,-0.10000000000000142,1
39.5,39.5,0.9230769230769231,0.8201408067422774,0.1040889871056795,0.9889241810964757,0.10293611633464572,6.0,7.0,6.0,-0.20000000000000284,1
39.5,39.5,0.9230769230769231,0.8201408067422774,0.1040889871056795,0.9889241810964757,0.10293611633464572,6.0,7.0,6.0,0.0,1
39.5,39.5,0.9230769230769231,0.8201408067422774,0.1040889871056795,0.9889241810964757,0.10293611633464572,6.0,7.0,6.0,-0.10000000000000142,1
39.5,39.5,0.9230769230769231,0.8201408067422774,0.1040889871056795,0.9889241810964757,0.10293611633464572,6.0,7.0,6.0,-0.10000000000000142,1
40.5,40.5,0.8571428571428571,0.8384028001410355,0.10250836629654035,0.18281490261594432,0.018740057001821575,7.0,7.0,6.0,-0.10000000000000142,0
40.5,40.5,0.8571428571428571,0.8384028001410355,0.10250836629654035,0.18281490261594432,0.018740057001821575,7.0,7.0,6.0,-0.20000000000000284,0
40.5,40.5,0.8571428571428571,0.8384028001410355,0.10250836629654035,0.18281490261594432,0.018740057001821575,7.0,7.0,6.0,0.0,0
40.5,40.5,0.8571428571428571,0.8384028001410355,0.10250836629654035,0.18281490261594432,0.018740057001821575,7.0,7.0,6.0,-0.10000000000000142,0
40.5,40.5,0.8571428571428571,0.8384028001410355,0.10250836629654035,0.18281490261594432,0.018740057001821575,7.0,7.0,6.0,-0.10000000000000142,0
40.5,40.5,0.8571428571428571,0.8384028001410355,0.10250836629654035,0.18281490261594432,0.018740057001821575,7.0,7.0,6.0,0.19999999999999574,0
41.5,41.5,0.7692307692307693,0.8251263462028169,0.10886607015526328,-0.5134343224875308,-0.05589557697204761,6.0,7.0,5.0,0.0,0
41.5,41.5,0.7692307692307693,0.8251263462028169,0.10886607015526328,-0.5134343224875308,-0.05589557697204761,6.0,7.0,5.0,-0.10000000000000142,0
41.5,41.5,0.7692307692307693,0.8251263462028169,0.10886607015526328,-0.5134343224875308,-0.05589557697204761,6.0,7.0,5.0,-0.10000000000000142,0
41.5,41.5,0.7692307692307693,0.8251263462028169,0.10886607015526328,-0.5134343224875308,-0.05589557697204761,6.0,7.0,5.0,0.19999999999999574,0
41.5,41.5,0.7692307692307693,0.8251263462028169,0.10886607015526328,-0.5134343224875308,-0.05589557697204761,6.0,7.0,5.0,0.10000000000000142,0
42.5,42.5,0.8571428571428571,0.8036273143523145,0.10870129601901819,0.49231743089042485,0.0535155427905426,7.0,7.0,6.0,-0.10000000000000142,0
42.5,42.5,0.8571428571428571,0.8036273143523145,0.10870129601901819,0.49231743089042485,0.0535155427905426,7.0,7.0,6.0,-0.10000000000000142,0
42.5,42.5,0.8571428571428571,0.8036273143523145,0.10870129601901819,0.49231743089042485,0.0535155427905426,7.0,7.0,6.0,0.19999999999999574,0
42.5,42.5,0.8571428571428571,0.8036273143523145,0.10870129601901819,0.49231743089042485,0.0535155427905426,7.0,7.0,6.0,0.10000000000000142,0
42.5,42.5,0.8571428571428571,0.8036273143523145,0.10870129601901819,0.49231743089042485,0.0535155427905426,7.0,7.0,6.0,-0.09999999999999432,0
42.5,42.5,0.8571428571428571,0.8036273143523145,0.10870129601901819,0.49231743089042485,0.0535155427905426,7.0,7.0,6.0,-0.10000000000000142,0
43.5,43.5,0.8,0.8493936122700829,0.09834291468249204,-0.5022589825566397,-0.049393612270082876,8.0,7.0,6.0,-0.10000000000000142,0
43.5,43.5,0.8,0.8493936122700829,0.09834291468249204,-0.5022589825566397,-0.049393612270082876,8.0,7.0,6.0,0.19999999999999574,0
43.5,43.5,0.8,0.8493936122700829,0.09834291468249204,-0.5022589825566397,-0.049393612270082876,8.0,7.0,6.0,0.10000000000000142,0
43.5,43.5,0.8,0.8493936122700829,0.09834291468249204,-0.5022589825566397,-0.049393612270082876,8.0,7.0,6.0,-0.09999999999999432,0
43.5,43.5,0.8,0.8493936122700829,0.09834291468249204,-0.5022589825566397,-0.049393612270082876,8.0,7.0,6.0,-0.10000000000000142,0
43.5,43.5,0.8,0.8493936122700829,0.09834291468249204,-0.5022589825566397,-0.049393612270082876,8.0,7.0,6.0,0.09999999999999432,0
44.5,44.5,0.8,0.8031312354312355,0.10472993660826672,-0.02989818892899379,-0.0031312354312355017,9.0,6.0,6.0,0.19999999999999574,0
44.5,44.5,0.8,0.8031312354312355,0.10472993660826672,-0.02989818892899379,-0.0031312354312355017,9.0,6.0,6.0,0.10000000000000142,0
44.5,44.5,0.8,0.8031312354312355,0.10472993660826672,-0.02989818892899379,-0.0031312354312355017,9.0,6.0,6.0,-0.09999999999999432,0
44.5,44.5,0.8,0.8031312354312355,0.10472993660826672,-0.02989818892899379,-0.0031312354312355017,9.0,6.0,6.0,-0.10000000000000142,0
44.5,44.5,0.8,0.8031312354312355,0.10472993660826672,-0.02989818892899379,-0.0031312354312355017,9.0,6.0,6.0,0.09999999999999432,0
44.5,44.5,0.8,0.8031312354312355,0.10472993660826672,-0.02989818892899379,-0.0031312354312355017,9.0,6.0,6.0,-0.20000000000000284,0
45.5,45.5,0.9333333333333333,0.8370383533133535,0.09433343660074486,1.0207937237306106,0.09629498001997983,8.0,7.0,7.0,0.10000000000000142,0
45.5,45.5,0.9333333333333333,0.8370383533133535,0.09433343660074486,1.0207937237306106,0.09629498001997983,8.0,7.0,7.0,-0.09999999999999432,0
45.5,45.5,0.9333333333333333,0.8370383533133535,0.09433343660074486,1.0207937237306106,0.09629498001997983,8.0,7.0,7.0,-0.10000000000000142,0
45.5,45.5,0.9333333333333333,0.8370383533133535,0.09433343660074486,1.0207937237306106,0.09629498001997983,8.0,7.0,7.0,0.09999999999999432,0
45.5,45.5,0.9333333333333333,0.8370383533133535,0.09433343660074486,1.0207937237306106,0.09629498001997983,8.0,7.0,7.0,-0.20000000000000284,0
45.5,45.5,0.9333333333333333,0.8370383533133535,0.09433343660074486,1.0207937237306106,0.09629498001997983,8.0,7.0,7.0,-0.20000000000000284,0
45.5,45.5,0.9333333333333333,0.8370383533133535,0.09433343660074486,1.0207937237306106,0.09629498001997983,8.0,7.0,7.0,0.10000000000000142,0
46.5,46.5,0.8571428571428571,0.7795536297036297,0.09939081608540996,0.7806478555579245,0.07758922743922736,8.0,6.0,6.0,-0.09999999999999432,0
46.5,46.5,0.8571428571428571,0.7795536297036297,0.09939081608540996,0.7806478555579245,0.07758922743922736,8.0,6.0,6.0,-0.10000000000000142,0
46.5,46.5,0.8571428571428571,0.7795536297036297,0.09939081608540996,0.7806478555579245,0.07758922743922736,8.0,6.0,6.0,0.09999999999999432,0
46.5,46.5,0.8571428571428571,0.7795536297036297,0.09939081608540996,0.7806478555579245,0.07758922743922736,8.0,6.0,6.0,-0.20000000000000284,0
46.5,46.5,0.8571428571428571,0.7795536297036297,0.09939081608540996,0.7806478555579245,0.07758922743922736,8.0,6.0,6.0,-0.20000000000000284,0
46.5,46.5,0.8571428571428571,0.7795536297036297,0.09939081608540996,0.7806478555579245,0.07758922743922736,8.0,6.0,6.0,0.10000000000000142,0
47.5,47.5,0.8571428571428571,0.7262542790542791,0.11510279617868528,1.1371450775651613,0.130888578088578,8.0,6.0,6.0,0.29999999999999716,0
47.5,47.5,0.8571428571428571,0.7262542790542791,0.11510279617868528,1.1371450775651613,0.130888578088578,8.0,6.0,6.0,0.09999999999999432,0
47.5,47.5,0.8571428571428571,0.7262542790542791,0.11510279617868528,1.1371450775651613,0.130888578088578,8.0,6.0,6.0,-0.20000000000000284,0
47.5,47.5,0.8571428571428571,0.7262542790542791,0.11510279617868528,1.1371450775651613,0.130888578088578,8.0,6.0,6.0,-0.20000000000000284,0
47.5,47.5,0.8571428571428571,0.7262542790542791,0.11510279617868528,1.1371450775651613,0.130888578088578,8.0,6.0,6.0,0.10000000000000142,0
47.5,47.5,0.8571428571428571,0.7262542790542791,0.11510279617868528,1.1371450775651613,0.130888578088578,8.0,6.0,6.0,0.0,0
48.5,48.5,0.8,0.6036640248640248,0.1225856295787054,1.6016230924516224,0.19633597513597523,6.0,4.0,4.0,-0.20000000000000284,0
48.5,48.5,0.8,0.6036640248640248,0.1225856295787054,1.6016230924516224,0.19633597513597523,6.0,4.0,4.0,-0.20000000000000284,0
48.5,48.5,0.8,0.6036640248640248,0.1225856295787054,1.6016230924516224,0.19633597513597523,6.0,4.0,4.0,0.10000000000000142,0
48.5,48.5,0.8,0.6036640248640248,0.1225856295787054,1.6016230924516224,0.19633597513597523,6.0,4.0,4.0,0.0,0
49.5,49.5,0.6666666666666666,0.4833870851370851,0.12423976561936473,1.4752086871372405,0.18327958152958151,6.0,3.0,3.0,-0.20000000000000284,0
49.5,49.5,0.6666666666666666,0.4833870851370851,0.12423976561936473,1.4752086871372405,0.18327958152958151,6.0,3.0,3.0,0.10000000000000142,0
49.5,49.5,0.6666666666666666,0.4833870851370851,0.12423976561936473,1.4752086871372405,0.18327958152958151,6.0,3.0,3.0,0.0,0
50.5,50.5,0.2857142857142857,0.2134588744588745,0.09111220714246406,0.7930376567700951,0.07225541125541121,6.0,1.0,1.0,0.0,0
51.5,51.5,0.25,0.16591269841269843,0.11698987837834882,0.7187570647382049,0.08408730158730157,7.0,1.0,1.0,0.0,0
52.5,52.5,0.25,0.21945800865800869,0.08453543570928865,0.3612921739354731,0.030541991341991315,7.0,1.0,1.0,-0.10000000000000142,0
53.5,53.5,0.2,0.38752229437229435,0.10812443141503944,-1.7343193570422897,-0.18752229437229434,8.0,2.0,1.0,-0.10000000000000142,0
54.5,54.5,0.46153846153846156,0.5984780996780996,0.11941218338287177,-1.1467811261818062,-0.13693963813963805,9.0,4.0,3.0,-0.10000000000000142,0
54.5,54.5,0.46153846153846156,0.5984780996780996,0.11941218338287177,-1.1467811261818062,-0.13693963813963805,9.0,4.0,3.0,0.0,0
54.5,54.5,0.46153846153846156,0.5984780996780996,0.11941218338287177,-1.1467811261818062,-0.13693963813963805,9.0,4.0,3.0,0.20000000000000284,0
55.5,55.5,0.6153846153846154,0.6957408591408591,0.11412253436115165,-0.7041224961053593,-0.08035624375624373,8.0,5.0,4.0,-0.10000000000000142,0
55.5,55.5,0.6153846153846154,0.6957408591408591,0.11412253436115165,-0.7041224961053593,-0.08035624375624373,8.0,5.0,4.0,0.0,0
55.5,55.5,0.6153846153846154,0.6957408591408591,0.11412253436115165,-0.7041224961053593,-0.08035624375624373,8.0,5.0,4.0,0.20000000000000284,0
55.5,55.5,0.6153846153846154,0.6957408591408591,0.11412253436115165,-0.7041224961053593,-0.08035624375624373,8.0,5.0,4.0,0.20000000000000284,0
56.5,56.5,0.6666666666666666,0.7798366966366966,0.11433047914292624,-0.9898500453982569,-0.11317002997003,9.0,6.0,5.0,-0.10000000000000142,0
56.5,56.5,0.6666666666666666,0.7798366966366966,0.11433047914292624,-0.9898500453982569,-0.11317002997003,9.0,6.0,5.0,0.0,0
56.5,56.5,0.6666666666666666,0.7798366966366966,0.11433047914292624,-0.9898500453982569,-0.11317002997003,9.0,6.0,5.0,0.20000000000000284,0
56.5,56.5,0.6666666666666666,0.7798366966366966,0.11433047914292624,-0.9898500453982569,-0.11317002997003,9.0,6.0,5.0,0.20000000000000284,0
56.5,56.5,0.6666666666666666,0.7798366966366966,0.11433047914292624,-0.9898500453982569,-0.11317002997003,9.0,6.0,5.0,-0.19999999999999574,0
57.5,57.5,0.7142857142857143,0.7771000666000666,0.11416807759212773,-0.5501919068722547,-0.06281435231435228,8.0,6.0,5.0,0.0,0
57.5,57.5,0.7142857142857143,0.7771000666000666,0.11416807759212773,-0.5501919068722547,-0.06281435231435228,8.0,6.0,5.0,0.20000000000000284,0
57.5,57.5,0.7142857142857143,0.7771000666000666,0.11416807759212773,-0.5501919068722547,-0.06281435231435228,8.0,6.0,5.0,0.20000000000000284,0
57.5,57.5,0.7142857142857143,0.7771000666000666,0.11416807759212773,-0.5501919068722547,-0.06281435231435228,8.0,6.0,5.0,-0.19999999999999574,0
57.5,57.5,0.7142857142857143,0.7771000666000666,0.11416807759212773,-0.5501919068722547,-0.06281435231435228,8.0,6.0,5.0,0.10000000000000142,0
58.5,58.5,0.8571428571428571,0.805963339601575,0.10187134526048743,0.5023936555506842,0.05117951754128214,7.0,7.0,6.0,0.0,0
58.5,58.5,0.8571428571428571,0.805963339601575,0.10187134526048743,0.5023936555506842,0.05117951754128214,7.0,7.0,6.0,0.20000000000000284,0
58.5,58.5,0.8571428571428571,0.805963339601575,0.10187134526048743,0.5023936555506842,0.05117951754128214,7.0,7.0,6.0,0.20000000000000284,0
58.5,58.5,0.8571428571428571,0.805963339601575,0.10187134526048743,0.5023936555506842,0.05117951754128214,7.0,7.0,6.0,-0.19999999999999574,0
58.5,58.5,0.8571428571428571,0.805963339601575,0.10187134526048743,0.5023936555506842,0.05117951754128214,7.0,7.0,6.0,0.10000000000000142,0
58.5,58.5,0.8571428571428571,0.805963339601575,0.10187134526048743,0.5023936555506842,0.05117951754128214,7.0,7.0,6.0,0.0,0
59.5,59.5,0.7692307692307693,0.797595437895438,0.10584412855436047,-0.26798528224549445,-0.02836466866466869,7.0,6.0,5.0,0.20000000000000284,0
59.5,59.5,0.7692307692307693,0.797595437895438,0.10584412855436047,-0.26798528224549445,-0.02836466866466869,7.0,6.0,5.0,-0.19999999999999574,0
59.5,59.5,0.7692307692307693,0.797595437895438,0.10584412855436047,-0.26798528224549445,-0.02836466866466869,7.0,6.0,5.0,0.10000000000000142,0
59.5,59.5,0.7692307692307693,0.797595437895438,0.10584412855436047,-0.26798528224549445,-0.02836466866466869,7.0,6.0,5.0,0.0,0
59.5,59.5,0.7692307692307693,0.797595437895438,0.10584412855436047,-0.26798528224549445,-0.02836466866466869,7.0,6.0,5.0,-0.19999999999999574,0
60.5,60.5,0.6666666666666666,0.7317128538128539,0.10532141467592475,-0.6175969753761393,-0.06504618714618726,7.0,5.0,4.0,-0.19999999999999574,0
60.5,60.5,0.6666666666666666,0.7317128538128539,0.10532141467592475,-0.6175969753761393,-0.06504618714618726,7.0,5.0,4.0,0.10000000000000142,0
60.5,60.5,0.6666666666666666,0.7317128538128539,0.10532141467592475,-0.6175969753761393,-0.06504618714618726,7.0,5.0,4.0,0.0,0
60.5,60.5,0.6666666666666666,0.7317128538128539,0.10532141467592475,-0.6175969753761393,-0.06504618714618726,7.0,5.0,4.0,-0.19999999999999574,0
61.5,61.5,0.5454545454545454,0.6343197802197802,0.10754967529447601,-0.8262715300805663,-0.08886523476523478,7.0,4.0,3.0,0.10000000000000142,0
61.5,61.5,0.5454545454545454,0.6343197802197802,0.10754967529447601,-0.8262715300805663,-0.08886523476523478,7.0,4.0,3.0,0.0,0
61.5,61.5,0.5454545454545454,0.6343197802197802,0.10754967529447601,-0.8262715300805663,-0.08886523476523478,7.0,4.0,3.0,-0.19999999999999574,0
62.5,62.5,0.5,0.6562060273060272,0.12146343368731145,-1.2860333564104163,-0.15620602730602717,7.0,5.0,3.0,0.0,0
62.5,62.5,0.5,0.6562060273060272,0.12146343368731145,-1.2860333564104163,-0.15620602730602717,7.0,5.0,3.0,-0.19999999999999574,0
62.5,62.5,0.5,0.6562060273060272,0.12146343368731145,-1.2860333564104163,-0.15620602730602717,7.0,5.0,3.0,-0.29999999999999716,0
63.5,63.5,0.6666666666666666,0.6288757575757575,0.11050617875341134,0.3419800550269456,0.0377909090909091,8.0,4.0,4.0,-0.19999999999999574,0
63.5,63.5,0.6666666666666666,0.6288757575757575,0.11050617875341134,0.3419800550269456,0.0377909090909091,8.0,4.0,4.0,-0.29999999999999716,0
63.5,63.5,0.6666666666666666,0.6288757575757575,0.11050617875341134,0.3419800550269456,0.0377909090909091,8.0,4.0,4.0,0.20000000000000284,0
63.5,63.5,0.6666666666666666,0.6288757575757575,0.11050617875341134,0.3419800550269456,0.0377909090909091,8.0,4.0,4.0,0.09999999999999432,0
64.5,64.5,0.6666666666666666,0.6282880785880786,0.11090711377298375,0.3460426186650693,0.03837858807858807,8.0,4.0,4.0,-0.29999999999999716,0
64.5,64.5,0.6666666666666666,0.6282880785880786,0.11090711377298375,0.3460426186650693,0.03837858807858807,8.0,4.0,4.0,0.20000000000000284,0
64.5,64.5,0.6666666666666666,0.6282880785880786,0.11090711377298375,0.3460426186650693,0.03837858807858807,8.0,4.0,4.0,0.09999999999999432,0
64.5,64.5,0.6666666666666666,0.6282880785880786,0.11090711377298375,0.3460426186650693,0.03837858807858807,8.0,4.0,4.0,0.09999999999999432,0
65.5,65.5,0.8571428571428571,0.7571613053613053,0.10360772836152359,0.9650009064254471,0.09998155178155177,8.0,6.0,6.0,-0.29999999999999716,0
65.5,65.5,0.8571428571428571,0.7571613053613053,0.10360772836152359,0.9650009064254471,0.09998155178155177,8.0,6.0,6.0,0.20000000000000284,0
65.5,65.5,0.8571428571428571,0.7571613053613053,0.10360772836152359,0.9650009064254471,0.09998155178155177,8.0,6.0,6.0,0.09999999999999432,0
65.5,65.5,0.8571428571428571,0.7571613053613053,0.10360772836152359,0.9650009064254471,0.09998155178155177,8.0,6.0,6.0,0.09999999999999432,0
65.5,65.5,0.8571428571428571,0.7571613053613053,0.10360772836152359,0.9650009064254471,0.09998155178155177,8.0,6.0,6.0,-0.20000000000000284,0
65.5,65.5,0.8571428571428571,0.7571613053613053,0.10360772836152359,0.9650009064254471,0.09998155178155177,8.0,6.0,6.0,-0.10000000000000853,0
66.5,66.5,0.9230769230769231,0.8275029583161937,0.10335597870418207,0.9247066880792087,0.09557396476072944,6.0,7.0,6.0,0.30000000000001137,0
66.5,66.5,0.9230769230769231,0.8275029583161937,0.10335597870418207,0.9247066880792087,0.09557396476072944,6.0,7.0,6.0,0.20000000000000284,0
66.5,66.5,0.9230769230769231,0.8275029583161937,0.10335597870418207,0.9247066880792087,0.09557396476072944,6.0,7.0,6.0,0.09999999999999432,0
66.5,66.5,0.9230769230769231,0.8275029583161937,0.10335597870418207,0.9247066880792087,0.09557396476072944,6.0,7.0,6.0,0.09999999999999432,0
66.5,66.5,0.9230769230769231,0.8275029583161937,0.10335597870418207,0.9247066880792087,0.09557396476072944,6.0,7.0,6.0,-0.20000000000000284,0
66.5,66.5,0.9230769230769231,0.8275029583161937,0.10335597870418207,0.9247066880792087,0.09557396476072944,6.0,7.0,6.0,-0.10000000000000853,0
67.5,67.5,0.9230769230769231,0.8093756718771427,0.0971042478339273,1.1709194369564369,0.11370125119978047,6.0,7.0,6.0,0.20000000000000284,0
67.5,67.5,0.9230769230769231,0.8093756718771427,0.0971042478339273,1.1709194369564369,0.11370125119978047,6.0,7.0,6.0,0.09999999999999432,0
67.5,67.5,0.9230769230769231,0.8093756718771427,0.0971042478339273,1.1709194369564369,0.11370125119978047,6.0,7.0,6.0,0.09999999999999432,0
67.5,67.5,0.9230769230769231,0.8093756718771427,0.0971042478339273,1.1709194369564369,0.11370125119978047,6.0,7.0,6.0,-0.20000000000000284,0
67.5,67.5,0.9230769230769231,0.8093756718771427,0.0971042478339273,1.1709194369564369,0.11370125119978047,6.0,7.0,6.0,-0.10000000000000853,0
67.5,67.5,0.9230769230769231,0.8093756718771427,0.0971042478339273,1.1709194369564369,0.11370125119978047,6.0,7.0,6.0,0.20000000000000284,0
68.5,68.5,0.9230769230769231,0.8087566854713913,0.10147872365416374,1.1265439048596186,0.11432023760553178,6.0,7.0,6.0,0.09999999999999432,0
68.5,68.5,0.9230769230769231,0.8087566854713913,0.10147872365416374,1.1265439048596186,0.11432023760553178,6.0,7.0,6.0,-0.20000000000000284,0
68.5,68.5,0.9230769230769231,0.8087566854713913,0.10147872365416374,1.1265439048596186,0.11432023760553178,6.0,7.0,6.0,-0.10000000000000853,0
68.5,68.5,0.9230769230769231,0.8087566854713913,0.10147872365416374,1.1265439048596186,0.11432023760553178,6.0,7.0,6.0,0.20000000000000284,0
68.5,68.5,0.9230769230769231,0.8087566854713913,0.10147872365416374,1.1265439048596186,0.11432023760553178,6.0,7.0,6.0,0.10000000000000853,0
68.5,68.5,0.9230769230769231,0.8087566854713913,0.10147872365416374,1.1265439048596186,0.11432023760553178,6.0,7.0,6.0,-0.09999999999999432,0
69.5,69.5,0.9230769230769231,0.8545625017139724,0.08552295040931612,0.8011232193819093,0.06851442136295072,6.0,7.0,6.0,-0.20000000000000284,0
69.5,69.5,0.9230769230769231,0.8545625017139724,0.08552295040931612,0.8011232193819093,0.06851442136295072,6.0,7.0,6.0,-0.10000000000000853,0
69.5,69.5,0.9230769230769231,0.8545625017139724,0.08552295040931612,0.8011232193819093,0.06851442136295072,6.0,7.0,6.0,0.20000000000000284,0
69.5,69.5,0.9230769230769231,0.8545625017139724,0.08552295040931612,0.8011232193819093,0.06851442136295072,6.0,7.0,6.0,0.10000000000000853,0
69.5,69.5,0.9230769230769231,0.8545625017139724,0.08552295040931612,0.8011232193819093,0.06851442136295072,6.0,7.0,6.0,-0.09999999999999432,0
69.5,69.5,0.9230769230769231,0.8545625017139724,0.08552295040931612,0.8011232193819093,0.06851442136295072,6.0,7.0,6.0,0.20000000000000284,0
70.5,70.5,0.8333333333333334,0.8021325507825509,0.09460254297919347,0.3298091316387203,0.031200782550782513,6.0,6.0,5.0,0.20000000000000284,0
70.5,70.5,0.8333333333333334,0.8021325507825509,0.09460254297919347,0.3298091316387203,0.031200782550782513,6.0,6.0,5.0,0.10000000000000853,0
70.5,70.5,0.8333333333333334,0.8021325507825509,0.09460254297919347,0.3298091316387203,0.031200782550782513,6.0,6.0,5.0,-0.09999999999999432,0
70.5,70.5,0.8333333333333334,0.8021325507825509,0.09460254297919347,0.3298091316387203,0.031200782550782513,6.0,6.0,5.0,0.20000000000000284,0
70.5,70.5,0.8333333333333334,0.8021325507825509,0.09460254297919347,0.3298091316387203,0.031200782550782513,6.0,6.0,5.0,0.0,0
71.5,71.5,1.0,0.8600241870874225,0.08194455295702241,1.708177149809956,0.13997581291257755,7.0,7.0,7.0,0.20000000000000284,0
71.5,71.5,1.0,0.8600241870874225,0.08194455295702241,1.708177149809956,0.13997581291257755,7.0,7.0,7.0,0.10000000000000853,0
71.5,71.5,1.0,0.8600241870874225,0.08194455295702241,1.708177149809956,0.13997581291257755,7.0,7.0,7.0,-0.09999999999999432,0
71.5,71.5,1.0,0.8600241870874225,0.08194455295702241,1.708177149809956,0.13997581291257755,7.0,7.0,7.0,0.20000000000000284,0
71.5,71.5,1.0,0.8600241870874225,0.08194455295702241,1.708177149809956,0.13997581291257755,7.0,7.0,7.0,0.0,0
71.5,71.5,1.0,0.8600241870874225,0.08194455295702241,1.708177149809956,0.13997581291257755,7.0,7.0,7.0,-0.09999999999999432,0
71.5,71.5,1.0,0.8600241870874225,0.08194455295702241,1.708177149809956,0.13997581291257755,7.0,7.0,7.0,-0.20000000000000284,0
72.5,72.5,0.9333333333333333,0.8590382730015084,0.08036273640628515,0.9244963978854058,0.07429506033182498,8.0,7.0,7.0,0.10000000000000853,0
72.5,72.5,0.9333333333333333,0.8590382730015084,0.08036273640628515,0.9244963978854058,0.07429506033182498,8.0,7.0,7.0,-0.09999999999999432,0
72.5,72.5,0.9333333333333333,0.8590382730015084,0.08036273640628515,0.9244963978854058,0.07429506033182498,8.0,7.0,7.0,0.20000000000000284,0
72.5,72.5,0.9333333333333333,0.8590382730015084,0.08036273640628515,0.9244963978854058,0.07429506033182498,8.0,7.0,7.0,0.0,0
72.5,72.5,0.9333333333333333,0.8590382730015084,0.08036273640628515,0.9244963978854058,0.07429506033182498,8.0,7.0,7.0,-0.09999999999999432,0
72.5,72.5,0.9333333333333333,0.8590382730015084,0.08036273640628515,0.9244963978854058,0.07429506033182498,8.0,7.0,7.0,-0.20000000000000284,0
72.5,72.5,0.9333333333333333,0.8590382730015084,0.08036273640628515,0.9244963978854058,0.07429506033182498,8.0,7.0,7.0,-0.20000000000000284,0
73.5,73.5,0.8571428571428571,0.8144571262071262,0.09128594648552306,0.46760462677023784,0.042685730935730914,7.0,7.0,6.0,0.20000000000000284,0
73.5,73.5,0.8571428571428571,0.8144571262071262,0.09128594648552306,0.46760462677023784,0.042685730935730914,7.0,7.0,6.0,0.0,0
73.5,73.5,0.8571428571428571,0.8144571262071262,0.09128594648552306,0.46760462677023784,0.042685730935730914,7.0,7.0,6.0,-0.09999999999999432,0
73.5,73.5,0.8571428571428571,0.8144571262071262,0.09128594648552306,0.46760462677023784,0.042685730935730914,7.0,7.0,6.0,-0.20000000000000284,0
73.5,73.5,0.8571428571428571,0.8144571262071262,0.09128594648552306,0.46760462677023784,0.042685730935730914,7.0,7.0,6.0,-0.20000000000000284,0
73.5,73.5,0.8571428571428571,0.8144571262071262,0.09128594648552306,0.46760462677023784,0.042685730935730914,7.0,7.0,6.0,-0.29999999999999716,0
74.5,74.5,0.8571428571428571,0.7907241258741259,0.1008201558949302,0.6587842547868061,0.06641873126873121,8.0,6.0,6.0,0.0,0
74.5,74.5,0.8571428571428571,0.7907241258741259,0.1008201558949302,0.6587842547868061,0.06641873126873121,8.0,6.0,6.0,-0.09999999999999432,0
74.5,74.5,0.8571428571428571,0.7907241258741259,0.1008201558949302,0.6587842547868061,0.06641873126873121,8.0,6.0,6.0,-0.20000000000000284,0
74.5,74.5,0.8571428571428571,0.7907241258741259,0.1008201558949302,0.6587842547868061,0.06641873126873121,8.0,6.0,6.0,-0.20000000000000284,0
74.5,74.5,0.8571428571428571,0.7907241258741259,0.1008201558949302,0.6587842547868061,0.06641873126873121,8.0,6.0,6.0,-0.29999999999999716,0
74.5,74.5,0.8571428571428571,0.7907241258741259,0.1008201558949302,0.6587842547868061,0.06641873126873121,8.0,6.0,6.0,0.09999999999999432,0
75.5,75.5,0.7692307692307693,0.6686866355866355,0.11259382460002684,0.8929808895052824,0.10054413364413373,8.0,5.0,5.0,-0.09999999999999432,0
75.5,75.5,0.7692307692307693,0.6686866355866355,0.11259382460002684,0.8929808895052824,0.10054413364413373,8.0,5.0,5.0,-0.20000000000000284,0
75.5,75.5,0.7692307692307693,0.6686866355866355,0.11259382460002684,0.8929808895052824,0.10054413364413373,8.0,5.0,5.0,-0.20000000000000284,0
75.5,75.5,0.7692307692307693,0.6686866355866355,0.11259382460002684,0.8929808895052824,0.10054413364413373,8.0,5.0,5.0,-0.29999999999999716,0
75.5,75.5,0.7692307692307693,0.6686866355866355,0.11259382460002684,0.8929808895052824,0.10054413364413373,8.0,5.0,5.0,0.09999999999999432,0
76.5,76.5,0.6666666666666666,0.627220152070152,0.11694442651789055,0.3373099152397822,0.039446514596514604,8.0,4.0,4.0,-0.20000000000000284,0
76.5,76.5,0.6666666666666666,0.627220152070152,0.11694442651789055,0.3373099152397822,0.039446514596514604,8.0,4.0,4.0,-0.29999999999999716,0
76.5,76.5,0.6666666666666666,0.627220152070152,0.11694442651789055,0.3373099152397822,0.039446514596514604,8.0,4.0,4.0,0.09999999999999432,0
76.5,76.5,0.6666666666666666,0.627220152070152,0.11694442651789055,0.3373099152397822,0.039446514596514604,8.0,4.0,4.0,-0.20000000000000284,0
77.5,77.5,0.5,0.6092739982239982,0.11786264262746671,-0.9271300540018012,-0.10927399822399819,8.0,4.0,3.0,0.09999999999999432,0
77.5,77.5,0.5,0.6092739982239982,0.11786264262746671,-0.9271300540018012,-0.10927399822399819,8.0,4.0,3.0,-0.20000000000000284,0
77.5,77.5,0.5,0.6092739982239982,0.11786264262746671,-0.9271300540018012,-0.10927399822399819,8.0,4.0,3.0,-0.20000000000000284,0
78.5,78.5,0.6666666666666666,0.6170994671994672,0.11618854450486471,0.4266100386955456,0.04956719946719945,8.0,4.0,4.0,0.09999999999999432,0
78.5,78.5,0.6666666666666666,0.6170994671994672,0.11618854450486471,0.4266100386955456,0.04956719946719945,8.0,4.0,4.0,-0.20000000000000284,0
78.5,78.5,0.6666666666666666,0.6170994671994672,0.11618854450486471,0.4266100386955456,0.04956719946719945,8.0,4.0,4.0,-0.20000000000000284,0
78.5,78.5,0.6666666666666666,0.6170994671994672,0.11618854450486471,0.4266100386955456,0.04956719946719945,8.0,4.0,4.0,0.10000000000000853,0
79.5,79.5,0.7692307692307693,0.6722607392607393,0.1396791116328349,0.6942342977161011,0.09697002997003001,8.0,5.0,5.0,-0.20000000000000284,0
79.5,79.5,0.7692307692307693,0.6722607392607393,0.1396791116328349,0.6942342977161011,0.09697002997003001,8.0,5.0,5.0,-0.20000000000000284,0
79.5,79.5,0.7692307692307693,0.6722607392607393,0.1396791116328349,0.6942342977161011,0.09697002997003001,8.0,5.0,5.0,0.10000000000000853,0
79.5,79.5,0.7692307692307693,0.6722607392607393,0.1396791116328349,0.6942342977161011,0.09697002997003001,8.0,5.0,5.0,0.10000000000000853,0
79.5,79.5,0.7692307692307693,0.6722607392607393,0.1396791116328349,0.6942342977161011,0.09697002997003001,8.0,5.0,5.0,-0.29999999999999716,0
80.5,80.5,0.8,0.8023232267732268,0.11927451598520074,-0.01947798114322238,-0.0023232267732267164,9.0,6.0,6.0,-0.20000000000000284,0
80.5,80.5,0.8,0.8023232267732268,0.11927451598520074,-0.01947798114322238,-0.0023232267732267164,9.0,6.0,6.0,-0.20000000000000284,0
80.5,80.5,0.8,0.8023232267732268,0.11927451598520074,-0.01947798114322238,-0.0023232267732267164,9.0,6.0,6.0,0.10000000000000853,0
80.5,80.5,0.8,0.8023232267732268,0.11927451598520074,-0.01947798114322238,-0.0023232267732267164,9.0,6.0,6.0,0.10000000000000853,0
80.5,80.5,0.8,0.8023232267732268,0.11927451598520074,-0.01947798114322238,-0.0023232267732267164,9.0,6.0,6.0,-0.29999999999999716,0
80.5,80.5,0.8,0.8023232267732268,0.11927451598520074,-0.01947798114322238,-0.0023232267732267164,9.0,6.0,6.0,-0.29999999999999716,0
81.5,81.5,0.8571428571428571,0.8028157342657344,0.11427653764577031,0.47540049774279725,0.05432712287712271,8.0,6.0,6.0,-0.20000000000000284,0
81.5,81.5,0.8571428571428571,0.8028157342657344,0.11427653764577031,0.47540049774279725,0.05432712287712271,8.0,6.0,6.0,0.10000000000000853,0
81.5,81.5,0.8571428571428571,0.8028157342657344,0.11427653764577031,0.47540049774279725,0.05432712287712271,8.0,6.0,6.0,0.10000000000000853,0
81.5,81.5,0.8571428571428571,0.8028157342657344,0.11427653764577031,0.47540049774279725,0.05432712287712271,8.0,6.0,6.0,-0.29999999999999716,0
81.5,81.5,0.8571428571428571,0.8028157342657344,0.11427653764577031,0.47540049774279725,0.05432712287712271,8.0,6.0,6.0,-0.29999999999999716,0
81.5,81.5,0.8571428571428571,0.8028157342657344,0.11427653764577031,0.47540049774279725,0.05432712287712271,8.0,6.0,6.0,-0.10000000000000853,0
82.5,82.5,0.8571428571428571,0.8034799866799868,0.11188402673744631,0.4796294165278731,0.05366287046287033,8.0,6.0,6.0,0.10000000000000853,0
82.5,82.5,0.8571428571428571,0.8034799866799868,0.11188402673744631,0.4796294165278731,0.05366287046287033,8.0,6.0,6.0,0.10000000000000853,0
82.5,82.5,0.8571428571428571,0.8034799866799868,0.11188402673744631,0.4796294165278731,0.05366287046287033,8.0,6.0,6.0,-0.29999999999999716,0
82.5,82.5,0.8571428571428571,0.8034799866799868,0.11188402673744631,0.4796294165278731,0.05366287046287033,8.0,6.0,6.0,-0.29999999999999716,0
82.5,82.5,0.8571428571428571,0.8034799866799868,0.11188402673744631,0.4796294165278731,0.05366287046287033,8.0,6.0,6.0,-0.10000000000000853,0
82.5,82.5,0.8571428571428571,0.8034799866799868,0.11188402673744631,0.4796294165278731,0.05366287046287033,8.0,6.0,6.0,-0.20000000000000284,0
83.5,83.5,0.7142857142857143,0.7697634365634367,0.11357470220667674,-0.4884690093817479,-0.05547772227772241,8.0,6.0,5.0,0.10000000000000853,0
83.5,83.5,0.7142857142857143,0.7697634365634367,0.11357470220667674,-0.4884690093817479,-0.05547772227772241,8.0,6.0,5.0,-0.29999999999999716,0
83.5,83.5,0.7142857142857143,0.7697634365634367,0.11357470220667674,-0.4884690093817479,-0.05547772227772241,8.0,6.0,5.0,-0.29999999999999716,0
83.5,83.5,0.7142857142857143,0.7697634365634367,0.11357470220667674,-0.4884690093817479,-0.05547772227772241,8.0,6.0,5.0,-0.10000000000000853,0
83.5,83.5,0.7142857142857143,0.7697634365634367,0.11357470220667674,-0.4884690093817479,-0.05547772227772241,8.0,6.0,5.0,-0.20000000000000284,0
84.5,84.5,0.7142857142857143,0.809107908757909,0.10407053896742802,-0.9111338848919778,-0.09482219447219464,7.0,7.0,5.0,-0.29999999999999716,0
84.5,84.5,0.7142857142857143,0.809107908757909,0.10407053896742802,-0.9111338848919778,-0.09482219447219464,7.0,7.0,5.0,-0.10000000000000853,0
84.5,84.5,0.7142857142857143,0.809107908757909,0.10407053896742802,-0.9111338848919778,-0.09482219447219464,7.0,7.0,5.0,-0.20000000000000284,0
84.5,84.5,0.7142857142857143,0.809107908757909,0.10407053896742802,-0.9111338848919778,-0.09482219447219464,7.0,7.0,5.0,-0.09999999999999432,0
84.5,84.5,0.7142857142857143,0.809107908757909,0.10407053896742802,-0.9111338848919778,-0.09482219447219464,7.0,7.0,5.0,-0.20000000000000284,0
85.5,85.5,0.7142857142857143,0.7890286713286714,0.11395022142607372,-0.6559263870447788,-0.07474295704295708,8.0,6.0,5.0,-0.10000000000000853,0
85.5,85.5,0.7142857142857143,0.7890286713286714,0.11395022142607372,-0.6559263870447788,-0.07474295704295708,8.0,6.0,5.0,-0.20000000000000284,0
85.5,85.5,0.7142857142857143,0.7890286713286714,0.11395022142607372,-0.6559263870447788,-0.07474295704295708,8.0,6.0,5.0,-0.09999999999999432,0
85.5,85.5,0.7142857142857143,0.7890286713286714,0.11395022142607372,-0.6559263870447788,-0.07474295704295708,8.0,6.0,5.0,-0.20000000000000284,0
85.5,85.5,0.7142857142857143,0.7890286713286714,0.11395022142607372,-0.6559263870447788,-0.07474295704295708,8.0,6.0,5.0,0.20000000000000284,0
86.5,86.5,0.8,0.8232077564592271,0.10643792099104431,-0.21804030220751602,-0.023207756459227014,8.0,7.0,6.0,-0.20000000000000284,0
86.5,86.5,0.8,0.8232077564592271,0.10643792099104431,-0.21804030220751602,-0.023207756459227014,8.0,7.0,6.0,-0.09999999999999432,0
86.5,86.5,0.8,0.8232077564592271,0.10643792099104431,-0.21804030220751602,-0.023207756459227014,8.0,7.0,6.0,-0.20000000000000284,0
86.5,86.5,0.8,0.8232077564592271,0.10643792099104431,-0.21804030220751602,-0.023207756459227014,8.0,7.0,6.0,0.20000000000000284,0
86.5,86.5,0.8,0.8232077564592271,0.10643792099104431,-0.21804030220751602,-0.023207756459227014,8.0,7.0,6.0,0.09999999999999432,0
86.5,86.5,0.8,0.8232077564592271,0.10643792099104431,-0.21804030220751602,-0.023207756459227014,8.0,7.0,6.0,0.0,0
87.5,87.5,0.8,0.8224915584415585,0.1146674860487661,-0.19614591037596488,-0.02249155844155848,8.0,7.0,6.0,-0.09999999999999432,0
87.5,87.5,0.8,0.8224915584415585,0.1146674860487661,-0.19614591037596488,-0.02249155844155848,8.0,7.0,6.0,-0.20000000000000284,0
87.5,87.5,0.8,0.8224915584415585,0.1146674860487661,-0.19614591037596488,-0.02249155844155848,8.0,7.0,6.0,0.20000000000000284,0
87.5,87.5,0.8,0.8224915584415585,0.1146674860487661,-0.19614591037596488,-0.02249155844155848,8.0,7.0,6.0,0.09999999999999432,0
87.5,87.5,0.8,0.8224915584415585,0.1146674860487661,-0.19614591037596488,-0.02249155844155848,8.0,7.0,6.0,0.0,0
87.5,87.5,0.8,0.8224915584415585,0.1146674860487661,-0.19614591037596488,-0.02249155844155848,8.0,7.0,6.0,0.20000000000000284,0
88.5,88.5,0.8,0.8121985431235432,0.10459109412523185,-0.11663080136571945,-0.012198543123543182,8.0,7.0,6.0,-0.09999999999999432,0
88.5,88.5,0.8,0.8121985431235432,0.10459109412523185,-0.11663080136571945,-0.012198543123543182,8.0,7.0,6.0,-0.20000000000000284,0
88.5,88.5,0.8,0.8121985431235432,0.10459109412523185,-0.11663080136571945,-0.012198543123543182,8.0,7.0,6.0,0.20000000000000284,0
88.5,88.5,0.8,0.8121985431235432,0.10459109412523185,-0.11663080136571945,-0.012198543123543182,8.0,7.0,6.0,0.09999999999999432,0
88.5,88.5,0.8,0.8121985431235432,0.10459109412523185,-0.11663080136571945,-0.012198543123543182,8.0,7.0,6.0,0.0,0
88.5,88.5,0.8,0.8121985431235432,0.10459109412523185,-0.11663080136571945,-0.012198543123543182,8.0,7.0,6.0,0.20000000000000284,0
89.5,89.5,0.6153846153846154,0.7147388611388611,0.1101245172296316,-0.902199149232793,-0.09935424575424567,8.0,5.0,4.0,0.20000000000000284,0
89.5,89.5,0.6153846153846154,0.7147388611388611,0.1101245172296316,-0.902199149232793,-0.09935424575424567,8.0,5.0,4.0,0.09999999999999432,0
89.5,89.5,0.6153846153846154,0.7147388611388611,0.1101245172296316,-0.902199149232793,-0.09935424575424567,8.0,5.0,4.0,0.0,0
89.5,89.5,0.6153846153846154,0.7147388611388611,0.1101245172296316,-0.902199149232793,-0.09935424575424567,8.0,5.0,4.0,0.20000000000000284,0
90.5,90.5,0.6666666666666666,0.7075822954822955,0.10991675997315382,-0.3722419476849763,-0.040915628815628824,7.0,5.0,4.0,0.09999999999999432,0
90.5,90.5,0.6666666666666666,0.7075822954822955,0.10991675997315382,-0.3722419476849763,-0.040915628815628824,7.0,5.0,4.0,0.0,0
90.5,90.5,0.6666666666666666,0.7075822954822955,0.10991675997315382,-0.3722419476849763,-0.040915628815628824,7.0,5.0,4.0,0.20000000000000284,0
90.5,90.5,0.6666666666666666,0.7075822954822955,0.10991675997315382,-0.3722419476849763,-0.040915628815628824,7.0,5.0,4.0,-0.29999999999999716,0
91.5,91.5,0.5454545454545454,0.6263936563436563,0.11008588734598729,-0.7352360310702548,-0.08093911088911088,7.0,4.0,3.0,0.20000000000000284,0
91.5,91.5,0.5454545454545454,0.6263936563436563,0.11008588734598729,-0.7352360310702548,-0.08093911088911088,7.0,4.0,3.0,-0.29999999999999716,0
91.5,91.5,0.5454545454545454,0.6263936563436563,0.11008588734598729,-0.7352360310702548,-0.08093911088911088,7.0,4.0,3.0,0.0,0
92.5,92.5,0.5454545454545454,0.6277843045843046,0.11592219470095845,-0.7102156695889268,-0.08232975912975915,7.0,4.0,3.0,-0.29999999999999716,0
92.5,92.5,0.5454545454545454,0.6277843045843046,0.11592219470095845,-0.7102156695889268,-0.08232975912975915,7.0,4.0,3.0,0.0,0
92.5,92.5,0.5454545454545454,0.6277843045843046,0.11592219470095845,-0.7102156695889268,-0.08232975912975915,7.0,4.0,3.0,0.0,0
93.5,93.5,0.5454545454545454,0.5187742424242424,0.11314370204200265,0.23580899819239073,0.026680303030303,8.0,3.0,3.0,-0.29999999999999716,0
93.5,93.5,0.5454545454545454,0.5187742424242424,0.11314370204200265,0.23580899819239073,0.026680303030303,8.0,3.0,3.0,0.0,0
93.5,93.5,0.5454545454545454,0.5187742424242424,0.11314370204200265,0.23580899819239073,0.026680303030303,8.0,3.0,3.0,0.0,0
94.5,94.5,0.5454545454545454,0.6129163614163614,0.11336847051639305,-0.5950668263806297,-0.067461815961816,7.0,4.0,3.0,0.0,0
94.5,94.5,0.5454545454545454,0.6129163614163614,0.11336847051639305,-0.5950668263806297,-0.067461815961816,7.0,4.0,3.0,0.0,0
94.5,94.5,0.5454545454545454,0.6129163614163614,0.11336847051639305,-0.5950668263806297,-0.067461815961816,7.0,4.0,3.0,0.20000000000000284,0
95.5,95.5,0.6,0.6304694527694528,0.10543251973746975,-0.28899482669410415,-0.030469452769452787,6.0,4.0,3.0,0.0,0
95.5,95.5,0.6,0.6304694527694528,0.10543251973746975,-0.28899482669410415,-0.030469452769452787,6.0,4.0,3.0,0.0,0
95.5,95.5,0.6,0.6304694527694528,0.10543251973746975,-0.28899482669410415,-0.030469452769452787,6.0,4.0,3.0,0.20000000000000284,0
96.5,96.5,0.6,0.6989004329004329,0.10418443846352288,-0.9492821995202289,-0.09890043290043293,5.0,5.0,3.0,0.0,0
96.5,96.5,0.6,0.6989004329004329,0.10418443846352288,-0.9492821995202289,-0.09890043290043293,5.0,5.0,3.0,0.20000000000000284,0
96.5,96.5,0.6,0.6989004329004329,0.10418443846352288,-0.9492821995202289,-0.09890043290043293,5.0,5.0,3.0,-0.10000000000000853,0
97.5,97.5,0.5454545454545454,0.7098649683649684,0.1069416665156799,-1.537384148453652,-0.16441042291042296,6.0,5.0,3.0,0.20000000000000284,0
97.5,97.5,0.5454545454545454,0.7098649683649684,0.1069416665156799,-1.537384148453652,-0.16441042291042296,6.0,5.0,3.0,-0.10000000000000853,0
97.5,97.5,0.5454545454545454,0.7098649683649684,0.1069416665156799,-1.537384148453652,-0.16441042291042296,6.0,5.0,3.0,0.29999999999999716,0
98.5,98.5,0.7692307692307693,0.8161037491919847,0.0972654243987069,-0.48190793646337676,-0.04687297996121542,6.0,7.0,5.0,0.20000000000000284,0
98.5,98.5,0.7692307692307693,0.8161037491919847,0.0972654243987069,-0.48190793646337676,-0.04687297996121542,6.0,7.0,5.0,-0.10000000000000853,0
98.5,98.5,0.7692307692307693,0.8161037491919847,0.0972654243987069,-0.48190793646337676,-0.04687297996121542,6.0,7.0,5.0,0.29999999999999716,0
98.5,98.5,0.7692307692307693,0.8161037491919847,0.0972654243987069,-0.48190793646337676,-0.04687297996121542,6.0,7.0,5.0,-0.20000000000000284,0
98.5,98.5,0.7692307692307693,0.8161037491919847,0.0972654243987069,-0.48190793646337676,-0.04687297996121542,6.0,7.0,5.0,-0.20000000000000284,0
99.5,99.5,0.8333333333333334,0.8505424271806625,0.09587878203925321,-0.17948803146335005,-0.01720909384732916,5.0,7.0,5.0,-0.10000000000000853,0
99.5,99.5,0.8333333333333334,0.8505424271806625,0.09587878203925321,-0.17948803146335005,-0.01720909384732916,5.0,7.0,5.0,0.29999999999999716,0
99.5,99.5,0.8333333333333334,0.8505424271806625,0.09587878203925321,-0.17948803146335005,-0.01720909384732916,5.0,7.0,5.0,-0.20000000000000284,0
99.5,99.5,0.8333333333333334,0.8505424271806625,0.09587878203925321,-0.17948803146335005,-0.01720909384732916,5.0,7.0,5.0,-0.20000000000000284,0
99.5,99.5,0.8333333333333334,0.8505424271806625,0.09587878203925321,-0.17948803146335005,-0.01720909384732916,5.0,7.0,5.0,0.20000000000000284,0
100.5,100.5,0.8333333333333334,0.7605184315684317,0.10653986055641582,0.6834521969957355,0.07281490176490168,6.0,6.0,5.0,-0.10000000000000853,0
100.5,100.5,0.8333333333333334,0.7605184315684317,0.10653986055641582,0.6834521969957355,0.07281490176490168,6.0,6.0,5.0,0.29999999999999716,0
100.5,100.5,0.8333333333333334,0.7605184315684317,0.10653986055641582,0.6834521969957355,0.07281490176490168,6.0,6.0,5.0,-0.20000000000000284,0
100.5,100.5,0.8333333333333334,0.7605184315684317,0.10653986055641582,0.6834521969957355,0.07281490176490168,6.0,6.0,5.0,-0.20000000000000284,0
100.5,100.5,0.8333333333333334,0.7605184315684317,0.10653986055641582,0.6834521969957355,0.07281490176490168,6.0,6.0,5.0,0.20000000000000284,0
101.5,101.5,0.6666666666666666,0.6613762903762903,0.1178428794908526,0.04489347437226343,0.00529037629037632,7.0,5.0,4.0,-0.20000000000000284,0
101.5,101.5,0.6666666666666666,0.6613762903762903,0.1178428794908526,0.04489347437226343,0.00529037629037632,7.0,5.0,4.0,-0.20000000000000284,0
101.5,101.5,0.6666666666666666,0.6613762903762903,0.1178428794908526,0.04489347437226343,0.00529037629037632,7.0,5.0,4.0,0.20000000000000284,0
101.5,101.5,0.6666666666666666,0.6613762903762903,0.1178428794908526,0.04489347437226343,0.00529037629037632,7.0,5.0,4.0,0.0,0
102.5,102.5,0.8333333333333334,0.7020999777999778,0.10722124482783102,1.2239491879065727,0.13123335553335558,7.0,5.0,5.0,-0.20000000000000284,0
102.5,102.5,0.8333333333333334,0.7020999777999778,0.10722124482783102,1.2239491879065727,0.13123335553335558,7.0,5.0,5.0,-0.20000000000000284,0
102.5,102.5,0.8333333333333334,0.7020999777999778,0.10722124482783102,1.2239491879065727,0.13123335553335558,7.0,5.0,5.0,0.20000000000000284,0
102.5,102.5,0.8333333333333334,0.7020999777999778,0.10722124482783102,1.2239491879065727,0.13123335553335558,7.0,5.0,5.0,0.0,0
102.5,102.5,0.8333333333333334,0.7020999777999778,0.10722124482783102,1.2239491879065727,0.13123335553335558,7.0,5.0,5.0,0.0,0
103.5,103.5,0.8,0.6330519036519037,0.11932571486127475,1.3990957149696215,0.16694809634809638,6.0,4.0,4.0,0.20000000000000284,0
103.5,103.5,0.8,0.6330519036519037,0.11932571486127475,1.3990957149696215,0.16694809634809638,6.0,4.0,4.0,0.0,0
103.5,103.5,0.8,0.6330519036519037,0.11932571486127475,1.3990957149696215,0.16694809634809638,6.0,4.0,4.0,0.0,0
103.5,103.5,0.8,0.6330519036519037,0.11932571486127475,1.3990957149696215,0.16694809634809638,6.0,4.0,4.0,-0.29999999999999716,0
104.5,104.5,0.8,0.6317689421689421,0.11810532907103186,1.424415470108712,0.16823105783105796,6.0,4.0,4.0,0.0,0
104.5,104.5,0.8,0.6317689421689421,0.11810532907103186,1.424415470108712,0.16823105783105796,6.0,4.0,4.0,0.0,0
104.5,104.5,0.8,0.6317689421689421,0.11810532907103186,1.424415470108712,0.16823105783105796,6.0,4.0,4.0,-0.29999999999999716,0
104.5,104.5,0.8,0.6317689421689421,0.11810532907103186,1.424415470108712,0.16823105783105796,6.0,4.0,4.0,-0.20000000000000284,0
105.5,105.5,0.8333333333333334,0.7913006826506827,0.09716556575412773,0.432587927177948,0.04203265068265072,6.0,6.0,5.0,0.0,0
105.5,105.5,0.8333333333333334,0.7913006826506827,0.09716556575412773,0.432587927177948,0.04203265068265072,6.0,6.0,5.0,0.0,0
105.5,105.5,0.8333333333333334,0.7913006826506827,0.09716556575412773,0.432587927177948,0.04203265068265072,6.0,6.0,5.0,-0.29999999999999716,0
105.5,105.5,0.8333333333333334,0.7913006826506827,0.09716556575412773,0.432587927177948,0.04203265068265072,6.0,6.0,5.0,-0.20000000000000284,0
105.5,105.5,0.8333333333333334,0.7913006826506827,0.09716556575412773,0.432587927177948,0.04203265068265072,6.0,6.0,5.0,0.0,0
106.5,106.5,0.8571428571428571,0.8128146299778652,0.10106283566103229,0.43862045701616786,0.04432822716499185,7.0,7.0,6.0,0.0,0
106.5,106.5,0.8571428571428571,0.8128146299778652,0.10106283566103229,0.43862045701616786,0.04432822716499185,7.0,7.0,6.0,0.0,0
106.5,106.5,0.8571428571428571,0.8128146299778652,0.10106283566103229,0.43862045701616786,0.04432822716499185,7.0,7.0,6.0,-0.29999999999999716,0
106.5,106.5,0.8571428571428571,0.8128146299778652,0.10106283566103229,0.43862045701616786,0.04432822716499185,7.0,7.0,6.0,-0.20000000000000284,0
106.5,106.5,0.8571428571428571,0.8128146299778652,0.10106283566103229,0.43862045701616786,0.04432822716499185,7.0,7.0,6.0,0.0,0
106.5,106.5,0.8571428571428571,0.8128146299778652,0.10106283566103229,0.43862045701616786,0.04432822716499185,7.0,7.0,6.0,-0.10000000000000853,0
107.5,107.5,0.9230769230769231,0.8509488095238096,0.08188899758134591,0.8808034740132676,0.07212811355311355,6.0,7.0,6.0,-0.29999999999999716,0
107.5,107.5,0.9230769230769231,0.8509488095238096,0.08188899758134591,0.8808034740132676,0.07212811355311355,6.0,7.0,6.0,-0.20000000000000284,0
107.5,107.5,0.9230769230769231,0.8509488095238096,0.08188899758134591,0.8808034740132676,0.07212811355311355,6.0,7.0,6.0,0.0,0
107.5,107.5,0.9230769230769231,0.8509488095238096,0.08188899758134591,0.8808034740132676,0.07212811355311355,6.0,7.0,6.0,-0.10000000000000853,0
107.5,107.5,0.9230769230769231,0.8509488095238096,0.08188899758134591,0.8808034740132676,0.07212811355311355,6.0,7.0,6.0,-0.19999999999998863,0
107.5,107.5,0.9230769230769231,0.8509488095238096,0.08188899758134591,0.8808034740132676,0.07212811355311355,6.0,7.0,6.0,-0.10000000000000853,0
108.5,108.5,0.8333333333333334,0.7795032467532468,0.0933167113902762,0.5768536608084519,0.05383008658008659,6.0,6.0,5.0,-0.20000000000000284,0
108.5,108.5,0.8333333333333334,0.7795032467532468,0.0933167113902762,0.5768536608084519,0.05383008658008659,6.0,6.0,5.0,0.0,0
108.5,108.5,0.8333333333333334,0.7795032467532468,0.0933167113902762,0.5768536608084519,0.05383008658008659,6.0,6.0,5.0,-0.10000000000000853,0
108.5,108.5,0.8333333333333334,0.7795032467532468,0.0933167113902762,0.5768536608084519,0.05383008658008659,6.0,6.0,5.0,-0.19999999999998863,0
108.5,108.5,0.8333333333333334,0.7795032467532468,0.0933167113902762,0.5768536608084519,0.05383008658008659,6.0,6.0,5.0,-0.10000000000000853,0
109.5,109.5,0.7692307692307693,0.6963747918747918,0.11027953331178013,0.6606482197381132,0.07285597735597749,7.0,6.0,5.0,0.0,0
109.5,109.5,0.7692307692307693,0.6963747918747918,0.11027953331178013,0.6606482197381132,0.07285597735597749,7.0,6.0,5.0,-0.10000000000000853,0
109.5,109.5,0.7692307692307693,0.6963747918747918,0.11027953331178013,0.6606482197381132,0.07285597735597749,7.0,6.0,5.0,-0.19999999999998863,0
109.5,109.5,0.7692307692307693,0.6963747918747918,0.11027953331178013,0.6606482197381132,0.07285597735597749,7.0,6.0,5.0,-0.10000000000000853,0
109.5,109.5,0.7692307692307693,0.6963747918747918,0.11027953331178013,0.6606482197381132,0.07285597735597749,7.0,6.0,5.0,-0.20000000000000284,0
110.5,110.5,0.7692307692307693,0.6583298035298035,0.11500486325928552,0.9643154433472323,0.11090096570096575,8.0,5.0,5.0,-0.10000000000000853,0
110.5,110.5,0.7692307692307693,0.6583298035298035,0.11500486325928552,0.9643154433472323,0.11090096570096575,8.0,5.0,5.0,-0.19999999999998863,0
110.5,110.5,0.7692307692307693,0.6583298035298035,0.11500486325928552,0.9643154433472323,0.11090096570096575,8.0,5.0,5.0,-0.10000000000000853,0
110.5,110.5,0.7692307692307693,0.6583298035298035,0.11500486325928552,0.9643154433472323,0.11090096570096575,8.0,5.0,5.0,-0.20000000000000284,0
110.5,110.5,0.7692307692307693,0.6583298035298035,0.11500486325928552,0.9643154433472323,0.11090096570096575,8.0,5.0,5.0,-0.20000000000000284,0
111.5,111.5,0.6153846153846154,0.6203386724386724,0.13160244350648168,-0.03764411147740536,-0.004954057054056937,8.0,5.0,4.0,-0.10000000000000853,0
111.5,111.5,0.6153846153846154,0.6203386724386724,0.13160244350648168,-0.03764411147740536,-0.004954057054056937,8.0,5.0,4.0,-0.20000000000000284,0
111.5,111.5,0.6153846153846154,0.6203386724386724,0.13160244350648168,-0.03764411147740536,-0.004954057054056937,8.0,5.0,4.0,-0.20000000000000284,0
111.5,111.5,0.6153846153846154,0.6203386724386724,0.13160244350648168,-0.03764411147740536,-0.004954057054056937,8.0,5.0,4.0,-0.09999999999999432,0
112.5,112.5,0.6153846153846154,0.6224292374292374,0.12054250796203078,-0.05844097790665623,-0.007044622044621973,9.0,4.0,4.0,-0.20000000000000284,0
112.5,112.5,0.6153846153846154,0.6224292374292374,0.12054250796203078,-0.05844097790665623,-0.007044622044621973,9.0,4.0,4.0,-0.20000000000000284,0
112.5,112.5,0.6153846153846154,0.6224292374292374,0.12054250796203078,-0.05844097790665623,-0.007044622044621973,9.0,4.0,4.0,-0.09999999999999432,0
112.5,112.5,0.6153846153846154,0.6224292374292374,0.12054250796203078,-0.05844097790665623,-0.007044622044621973,9.0,4.0,4.0,-0.19999999999998863,0
113.5,113.5,0.7142857142857143,0.7141974913974914,0.11882639280918322,0.000742451959848075,8.822288822285529e-05,9.0,5.0,5.0,-0.20000000000000284,0
113.5,113.5,0.7142857142857143,0.7141974913974914,0.11882639280918322,0.000742451959848075,8.822288822285529e-05,9.0,5.0,5.0,-0.20000000000000284,0
113.5,113.5,0.7142857142857143,0.7141974913974914,0.11882639280918322,0.000742451959848075,8.822288822285529e-05,9.0,5.0,5.0,-0.09999999999999432,0
113.5,113.5,0.7142857142857143,0.7141974913974914,0.11882639280918322,0.000742451959848075,8.822288822285529e-05,9.0,5.0,5.0,-0.19999999999998863,0
113.5,113.5,0.7142857142857143,0.7141974913974914,0.11882639280918322,0.000742451959848075,8.822288822285529e-05,9.0,5.0,5.0,0.09999999999999432,0
114.5,114.5,0.6666666666666666,0.7879385310767665,0.11755260006731164,-1.0316391499691078,-0.12127186441009985,8.0,7.0,5.0,-0.20000000000000284,0
114.5,114.5,0.6666666666666666,0.7879385310767665,0.11755260006731164,-1.0316391499691078,-0.12127186441009985,8.0,7.0,5.0,-0.09999999999999432,0
114.5,114.5,0.6666666666666666,0.7879385310767665,0.11755260006731164,-1.0316391499691078,-0.12127186441009985,8.0,7.0,5.0,-0.19999999999998863,0
114.5,114.5,0.6666666666666666,0.7879385310767665,0.11755260006731164,-1.0316391499691078,-0.12127186441009985,8.0,7.0,5.0,0.09999999999999432,0
114.5,114.5,0.6666666666666666,0.7879385310767665,0.11755260006731164,-1.0316391499691078,-0.12127186441009985,8.0,7.0,5.0,0.20000000000000284,0
115.5,115.5,0.5714285714285714,0.7915816516816517,0.11752147550284739,-1.8733008525556363,-0.22015308025308034,7.0,7.0,4.0,-0.09999999999999432,0
115.5,115.5,0.5714285714285714,0.7915816516816517,0.11752147550284739,-1.8733008525556363,-0.22015308025308034,7.0,7.0,4.0,-0.19999999999998863,0
115.5,115.5,0.5714285714285714,0.7915816516816517,0.11752147550284739,-1.8733008525556363,-0.22015308025308034,7.0,7.0,4.0,0.09999999999999432,0
115.5,115.5,0.5714285714285714,0.7915816516816517,0.11752147550284739,-1.8733008525556363,-0.22015308025308034,7.0,7.0,4.0,0.20000000000000284,0
116.5,116.5,0.6153846153846154,0.7814087887602593,0.10512402738959652,-1.5793170933258431,-0.1660241733756439,6.0,7.0,4.0,-0.19999999999998863,0
116.5,116.5,0.6153846153846154,0.7814087887602593,0.10512402738959652,-1.5793170933258431,-0.1660241733756439,6.0,7.0,4.0,0.09999999999999432,0
116.5,116.5,0.6153846153846154,0.7814087887602593,0.10512402738959652,-1.5793170933258431,-0.1660241733756439,6.0,7.0,4.0,0.20000000000000284,0
116.5,116.5,0.6153846153846154,0.7814087887602593,0.10512402738959652,-1.5793170933258431,-0.1660241733756439,6.0,7.0,4.0,0.20000000000000284,0
117.5,117.5,0.7142857142857143,0.8384577731092439,0.10065748138434064,-1.2336098332264362,-0.12417205882352955,7.0,7.0,5.0,0.09999999999999432,0
117.5,117.5,0.7142857142857143,0.8384577731092439,0.10065748138434064,-1.2336098332264362,-0.12417205882352955,7.0,7.0,5.0,0.20000000000000284,0
117.5,117.5,0.7142857142857143,0.8384577731092439,0.10065748138434064,-1.2336098332264362,-0.12417205882352955,7.0,7.0,5.0,0.20000000000000284,0
117.5,117.5,0.7142857142857143,0.8384577731092439,0.10065748138434064,-1.2336098332264362,-0.12417205882352955,7.0,7.0,5.0,0.0,0
117.5,117.5,0.7142857142857143,0.8384577731092439,0.10065748138434064,-1.2336098332264362,-0.12417205882352955,7.0,7.0,5.0,0.09999999999999432,0
118.5,118.5,0.6153846153846154,0.7433338161838162,0.10929571176521702,-1.1706699076543292,-0.1279492007992008,7.0,6.0,4.0,0.20000000000000284,0
118.5,118.5,0.6153846153846154,0.7433338161838162,0.10929571176521702,-1.1706699076543292,-0.1279492007992008,7.0,6.0,4.0,0.20000000000000284,0
118.5,118.5,0.6153846153846154,0.7433338161838162,0.10929571176521702,-1.1706699076543292,-0.1279492007992008,7.0,6.0,4.0,0.0,0
118.5,118.5,0.6153846153846154,0.7433338161838162,0.10929571176521702,-1.1706699076543292,-0.1279492007992008,7.0,6.0,4.0,0.09999999999999432,0
119.5,119.5,0.5,0.6239317016317015,0.11522597625782373,-1.0755534963261957,-0.12393170163170153,8.0,4.0,3.0,0.20000000000000284,0
119.5,119.5,0.5,0.6239317016317015,0.11522597625782373,-1.0755534963261957,-0.12393170163170153,8.0,4.0,3.0,0.0,0
119.5,119.5,0.5,0.6239317016317015,0.11522597625782373,-1.0755534963261957,-0.12393170163170153,8.0,4.0,3.0,0.09999999999999432,0
120.5,120.5,0.5454545454545454,0.4971807914307914,0.12871748601521565,0.3750364889666007,0.048273754023754,8.0,3.0,3.0,0.20000000000000284,0
120.5,120.5,0.5454545454545454,0.4971807914307914,0.12871748601521565,0.3750364889666007,0.048273754023754,8.0,3.0,3.0,0.0,0
120.5,120.5,0.5454545454545454,0.4971807914307914,0.12871748601521565,0.3750364889666007,0.048273754023754,8.0,3.0,3.0,0.09999999999999432,0
121.5,121.5,0.36363636363636365,0.3140512987012987,0.11538900276628572,0.42972088974108597,0.049585064935064926,9.0,2.0,2.0,0.0,0
121.5,121.5,0.36363636363636365,0.3140512987012987,0.11538900276628572,0.42972088974108597,0.049585064935064926,9.0,2.0,2.0,0.09999999999999432,0
122.5,122.5,0.2222222222222222,0.21091911976911978,0.09398261636335828,0.12026801221836651,0.011303102453102426,8.0,1.0,1.0,0.09999999999999432,0
123.5,123.5,0.4444444444444444,0.37973297258297267,0.12049746980643229,0.5370359391398389,0.06471147186147175,7.0,2.0,2.0,0.09999999999999432,0
123.5,123.5,0.4444444444444444,0.37973297258297267,0.12049746980643229,0.5370359391398389,0.06471147186147175,7.0,2.0,2.0,0.09999999999999432,0
124.5,124.5,0.6666666666666666,0.5994984182484181,0.11364019250383504,0.5910606708623957,0.06716824841824853,8.0,4.0,4.0,0.09999999999999432,0
124.5,124.5,0.6666666666666666,0.5994984182484181,0.11364019250383504,0.5910606708623957,0.06716824841824853,8.0,4.0,4.0,0.09999999999999432,0
124.5,124.5,0.6666666666666666,0.5994984182484181,0.11364019250383504,0.5910606708623957,0.06716824841824853,8.0,4.0,4.0,0.09999999999999432,0
124.5,124.5,0.6666666666666666,0.5994984182484181,0.11364019250383504,0.5910606708623957,0.06716824841824853,8.0,4.0,4.0,0.20000000000000284,0
125.5,125.5,0.7272727272727273,0.7121206349206348,0.10536903233395802,0.1438002420300229,0.015152092352092472,6.0,5.0,4.0,0.09999999999999432,0
125.5,125.5,0.7272727272727273,0.7121206349206348,0.10536903233395802,0.1438002420300229,0.015152092352092472,6.0,5.0,4.0,0.09999999999999432,0
125.5,125.5,0.7272727272727273,0.7121206349206348,0.10536903233395802,0.1438002420300229,0.015152092352092472,6.0,5.0,4.0,0.09999999999999432,0
125.5,125.5,0.7272727272727273,0.7121206349206348,0.10536903233395802,0.1438002420300229,0.015152092352092472,6.0,5.0,4.0,0.20000000000000284,0
126.5,126.5,0.8571428571428571,0.8222763569763569,0.10377875466981144,0.3359695370929577,0.03486650016650017,7.0,7.0,6.0,0.09999999999999432,0
126.5,126.5,0.8571428571428571,0.8222763569763569,0.10377875466981144,0.3359695370929577,0.03486650016650017,7.0,7.0,6.0,0.09999999999999432,0
126.5,126.5,0.8571428571428571,0.8222763569763569,0.10377875466981144,0.3359695370929577,0.03486650016650017,7.0,7.0,6.0,0.09999999999999432,0
126.5,126.5,0.8571428571428571,0.8222763569763569,0.10377875466981144,0.3359695370929577,0.03486650016650017,7.0,7.0,6.0,0.20000000000000284,0
126.5,126.5,0.8571428571428571,0.8222763569763569,0.10377875466981144,0.3359695370929577,0.03486650016650017,7.0,7.0,6.0,0.0,0
126.5,126.5,0.8571428571428571,0.8222763569763569,0.10377875466981144,0.3359695370929577,0.03486650016650017,7.0,7.0,6.0,0.09999999999999432,0
127.5,127.5,0.9230769230769231,0.8318232767232768,0.10267902555795558,0.8887272338023855,0.0912536463536463,6.0,7.0,6.0,0.09999999999999432,0
127.5,127.5,0.9230769230769231,0.8318232767232768,0.10267902555795558,0.8887272338023855,0.0912536463536463,6.0,7.0,6.0,0.09999999999999432,0
127.5,127.5,0.9230769230769231,0.8318232767232768,0.10267902555795558,0.8887272338023855,0.0912536463536463,6.0,7.0,6.0,0.20000000000000284,0
127.5,127.5,0.9230769230769231,0.8318232767232768,0.10267902555795558,0.8887272338023855,0.0912536463536463,6.0,7.0,6.0,0.0,0
127.5,127.5,0.9230769230769231,0.8318232767232768,0.10267902555795558,0.8887272338023855,0.0912536463536463,6.0,7.0,6.0,0.09999999999999432,0
127.5,127.5,0.9230769230769231,0.8318232767232768,0.10267902555795558,0.8887272338023855,0.0912536463536463,6.0,7.0,6.0,0.19999999999998863,0
128.5,128.5,0.9333333333333333,0.8656356927386339,0.09191514024083287,0.7365232802487206,0.0676976405946994,7.0,8.0,7.0,0.09999999999999432,0
128.5,128.5,0.9333333333333333,0.8656356927386339,0.09191514024083287,0.7365232802487206,0.0676976405946994,7.0,8.0,7.0,0.20000000000000284,0
128.5,128.5,0.9333333333333333,0.8656356927386339,0.09191514024083287,0.7365232802487206,0.0676976405946994,7.0,8.0,7.0,0.0,0
128.5,128.5,0.9333333333333333,0.8656356927386339,0.09191514024083287,0.7365232802487206,0.0676976405946994,7.0,8.0,7.0,0.09999999999999432,0
128.5,128.5,0.9333333333333333,0.8656356927386339,0.09191514024083287,0.7365232802487206,0.0676976405946994,7.0,8.0,7.0,0.19999999999998863,0
128.5,128.5,0.9333333333333333,0.8656356927386339,0.09191514024083287,0.7365232802487206,0.0676976405946994,7.0,8.0,7.0,0.09999999999999432,0
128.5,128.5,0.9333333333333333,0.8656356927386339,0.09191514024083287,0.7365232802487206,0.0676976405946994,7.0,8.0,7.0,0.0,0
129.5,129.5,0.8571428571428571,0.8404357642357643,0.10385710527622093,0.16086615222577433,0.016707092907092824,7.0,7.0,6.0,0.0,0
129.5,129.5,0.8571428571428571,0.8404357642357643,0.10385710527622093,0.16086615222577433,0.016707092907092824,7.0,7.0,6.0,0.09999999999999432,0
129.5,129.5,0.8571428571428571,0.8404357642357643,0.10385710527622093,0.16086615222577433,0.016707092907092824,7.0,7.0,6.0,0.19999999999998863,0
129.5,129.5,0.8571428571428571,0.8404357642357643,0.10385710527622093,0.16086615222577433,0.016707092907092824,7.0,7.0,6.0,0.09999999999999432,0
129.5,129.5,0.8571428571428571,0.8404357642357643,0.10385710527622093,0.16086615222577433,0.016707092907092824,7.0,7.0,6.0,0.0,0
129.5,129.5,0.8571428571428571,0.8404357642357643,0.10385710527622093,0.16086615222577433,0.016707092907092824,7.0,7.0,6.0,-0.09999999999999432,0
130.5,130.5,1.0,0.8083779083661436,0.11074157741259893,1.7303536405293767,0.19162209163385635,7.0,7.0,7.0,0.0,0
130.5,130.5,1.0,0.8083779083661436,0.11074157741259893,1.7303536405293767,0.19162209163385635,7.0,7.0,7.0,0.09999999999999432,0
130.5,130.5,1.0,0.8083779083661436,0.11074157741259893,1.7303536405293767,0.19162209163385635,7.0,7.0,7.0,0.19999999999998863,0
130.5,130.5,1.0,0.8083779083661436,0.11074157741259893,1.7303536405293767,0.19162209163385635,7.0,7.0,7.0,0.09999999999999432,0
130.5,130.5,1.0,0.8083779083661436,0.11074157741259893,1.7303536405293767,0.19162209163385635,7.0,7.0,7.0,0.0,0
130.5,130.5,1.0,0.8083779083661436,0.11074157741259893,1.7303536405293767,0.19162209163385635,7.0,7.0,7.0,-0.09999999999999432,0
130.5,130.5,1.0,0.8083779083661436,0.11074157741259893,1.7303536405293767,0.19162209163385635,7.0,7.0,7.0,0.20000000000001705,0
131.5,131.5,0.8333333333333334,0.7107928182928183,0.10372028928650193,1.181451728330866,0.12254051504051511,7.0,5.0,5.0,0.19999999999998863,0
131.5,131.5,0.8333333333333334,0.7107928182928183,0.10372028928650193,1.181451728330866,0.12254051504051511,7.0,5.0,5.0,0.09999999999999432,0
131.5,131.5,0.8333333333333334,0.7107928182928183,0.10372028928650193,1.181451728330866,0.12254051504051511,7.0,5.0,5.0,0.0,0
131.5,131.5,0.8333333333333334,0.7107928182928183,0.10372028928650193,1.181451728330866,0.12254051504051511,7.0,5.0,5.0,-0.09999999999999432,0
131.5,131.5,0.8333333333333334,0.7107928182928183,0.10372028928650193,1.181451728330866,0.12254051504051511,7.0,5.0,5.0,0.20000000000001705,0
132.5,132.5,0.9230769230769231,0.734012370962371,0.10238810749791177,1.8465479706069194,0.1890645521145521,7.0,6.0,6.0,0.09999999999999432,0
132.5,132.5,0.9230769230769231,0.734012370962371,0.10238810749791177,1.8465479706069194,0.1890645521145521,7.0,6.0,6.0,0.0,0
132.5,132.5,0.9230769230769231,0.734012370962371,0.10238810749791177,1.8465479706069194,0.1890645521145521,7.0,6.0,6.0,-0.09999999999999432,0
132.5,132.5,0.9230769230769231,0.734012370962371,0.10238810749791177,1.8465479706069194,0.1890645521145521,7.0,6.0,6.0,0.20000000000001705,0
132.5,132.5,0.9230769230769231,0.734012370962371,0.10238810749791177,1.8465479706069194,0.1890645521145521,7.0,6.0,6.0,0.10000000000002274,0
132.5,132.5,0.9230769230769231,0.734012370962371,0.10238810749791177,1.8465479706069194,0.1890645521145521,7.0,6.0,6.0,0.0,0
133.5,133.5,0.8333333333333334,0.7184867687867689,0.10488006925882987,1.095027542965658,0.1148465645465645,7.0,5.0,5.0,-0.09999999999999432,0
133.5,133.5,0.8333333333333334,0.7184867687867689,0.10488006925882987,1.095027542965658,0.1148465645465645,7.0,5.0,5.0,0.20000000000001705,0
133.5,133.5,0.8333333333333334,0.7184867687867689,0.10488006925882987,1.095027542965658,0.1148465645465645,7.0,5.0,5.0,0.10000000000002274,0
133.5,133.5,0.8333333333333334,0.7184867687867689,0.10488006925882987,1.095027542965658,0.1148465645465645,7.0,5.0,5.0,0.0,0
133.5,133.5,0.8333333333333334,0.7184867687867689,0.10488006925882987,1.095027542965658,0.1148465645465645,7.0,5.0,5.0,0.30000000000001137,0
134.5,134.5,0.7692307692307693,0.7325583416583417,0.09813431907524676,0.37369625547927,0.03667242757242761,7.0,6.0,5.0,0.20000000000001705,0
134.5,134.5,0.7692307692307693,0.7325583416583417,0.09813431907524676,0.37369625547927,0.03667242757242761,7.0,6.0,5.0,0.10000000000002274,0
134.5,134.5,0.7692307692307693,0.7325583416583417,0.09813431907524676,0.37369625547927,0.03667242757242761,7.0,6.0,5.0,0.0,0
134.5,134.5,0.7692307692307693,0.7325583416583417,0.09813431907524676,0.37369625547927,0.03667242757242761,7.0,6.0,5.0,0.30000000000001137,0
134.5,134.5,0.7692307692307693,0.7325583416583417,0.09813431907524676,0.37369625547927,0.03667242757242761,7.0,6.0,5.0,-0.30000000000001137,0
135.5,135.5,0.7142857142857143,0.7792966366966368,0.09637421850251476,-0.6745675702597388,-0.06501092241092254,8.0,6.0,5.0,0.10000000000002274,0
135.5,135.5,0.7142857142857143,0.7792966366966368,0.09637421850251476,-0.6745675702597388,-0.06501092241092254,8.0,6.0,5.0,0.0,0
135.5,135.5,0.7142857142857143,0.7792966366966368,0.09637421850251476,-0.6745675702597388,-0.06501092241092254,8.0,6.0,5.0,0.30000000000001137,0
135.5,135.5,0.7142857142857143,0.7792966366966368,0.09637421850251476,-0.6745675702597388,-0.06501092241092254,8.0,6.0,5.0,-0.30000000000001137,0
135.5,135.5,0.7142857142857143,0.7792966366966368,0.09637421850251476,-0.6745675702597388,-0.06501092241092254,8.0,6.0,5.0,-0.29999999999998295,0
136.5,136.5,0.8235294117647058,0.8552451590892768,0.08839804195708673,-0.3587833692059323,-0.03171574732457094,9.0,8.0,7.0,0.10000000000002274,0
136.5,136.5,0.8235294117647058,0.8552451590892768,0.08839804195708673,-0.3587833692059323,-0.03171574732457094,9.0,8.0,7.0,0.0,0
136.5,136.5,0.8235294117647058,0.8552451590892768,0.08839804195708673,-0.3587833692059323,-0.03171574732457094,9.0,8.0,7.0,0.30000000000001137,0
136.5,136.5,0.8235294117647058,0.8552451590892768,0.08839804195708673,-0.3587833692059323,-0.03171574732457094,9.0,8.0,7.0,-0.30000000000001137,0
136.5,136.5,0.8235294117647058,0.8552451590892768,0.08839804195708673,-0.3587833692059323,-0.03171574732457094,9.0,8.0,7.0,-0.29999999999998295,0
136.5,136.5,0.8235294117647058,0.8552451590892768,0.08839804195708673,-0.3587833692059323,-0.03171574732457094,9.0,8.0,7.0,0.0,0
136.5,136.5,0.8235294117647058,0.8552451590892768,0.08839804195708673,-0.3587833692059323,-0.03171574732457094,9.0,8.0,7.0,0.0,0
137.5,137.5,0.75,0.8453961210358271,0.08469771598327504,-1.1263127928345151,-0.09539612103582706,9.0,7.0,6.0,0.30000000000001137,0
137.5,137.5,0.75,0.8453961210358271,0.08469771598327504,-1.1263127928345151,-0.09539612103582706,9.0,7.0,6.0,-0.30000000000001137,0
137.5,137.5,0.75,0.8453961210358271,0.08469771598327504,-1.1263127928345151,-0.09539612103582706,9.0,7.0,6.0,-0.29999999999998295,0
137.5,137.5,0.75,0.8453961210358271,0.08469771598327504,-1.1263127928345151,-0.09539612103582706,9.0,7.0,6.0,0.0,0
137.5,137.5,0.75,0.8453961210358271,0.08469771598327504,-1.1263127928345151,-0.09539612103582706,9.0,7.0,6.0,0.0,0
137.5,137.5,0.75,0.8453961210358271,0.08469771598327504,-1.1263127928345151,-0.09539612103582706,9.0,7.0,6.0,-0.19999999999998863,0
138.5,138.5,0.75,0.8434482017982019,0.09122231377471447,-1.024400696840299,-0.0934482017982019,9.0,7.0,6.0,-0.30000000000001137,0
138.5,138.5,0.75,0.8434482017982019,0.09122231377471447,-1.024400696840299,-0.0934482017982019,9.0,7.0,6.0,-0.29999999999998295,0
138.5,138.5,0.75,0.8434482017982019,0.09122231377471447,-1.024400696840299,-0.0934482017982019,9.0,7.0,6.0,0.0,0
138.5,138.5,0.75,0.8434482017982019,0.09122231377471447,-1.024400696840299,-0.0934482017982019,9.0,7.0,6.0,0.0,0
138.5,138.5,0.75,0.8434482017982019,0.09122231377471447,-1.024400696840299,-0.0934482017982019,9.0,7.0,6.0,-0.19999999999998863,0
138.5,138.5,0.75,0.8434482017982019,0.09122231377471447,-1.024400696840299,-0.0934482017982019,9.0,7.0,6.0,0.30000000000001137,0
139.5,139.5,0.7058823529411765,0.8440234216763629,0.08365226507515873,-1.6513727226760844,-0.1381410687351864,9.0,8.0,6.0,-0.29999999999998295,0
139.5,139.5,0.7058823529411765,0.8440234216763629,0.08365226507515873,-1.6513727226760844,-0.1381410687351864,9.0,8.0,6.0,0.0,0
139.5,139.5,0.7058823529411765,0.8440234216763629,0.08365226507515873,-1.6513727226760844,-0.1381410687351864,9.0,8.0,6.0,0.0,0
139.5,139.5,0.7058823529411765,0.8440234216763629,0.08365226507515873,-1.6513727226760844,-0.1381410687351864,9.0,8.0,6.0,-0.19999999999998863,0
139.5,139.5,0.7058823529411765,0.8440234216763629,0.08365226507515873,-1.6513727226760844,-0.1381410687351864,9.0,8.0,6.0,-0.29999999999998295,0
139.5,139.5,0.7058823529411765,0.8440234216763629,0.08365226507515873,-1.6513727226760844,-0.1381410687351864,9.0,8.0,6.0,0.20000000000001705,0
140.5,140.5,0.8,0.8464111555111555,0.09210423966210109,-0.5038981449868336,-0.04641115551115549,8.0,7.0,6.0,0.0,0
140.5,140.5,0.8,0.8464111555111555,0.09210423966210109,-0.5038981449868336,-0.04641115551115549,8.0,7.0,6.0,0.0,0
140.5,140.5,0.8,0.8464111555111555,0.09210423966210109,-0.5038981449868336,-0.04641115551115549,8.0,7.0,6.0,-0.19999999999998863,0
140.5,140.5,0.8,0.8464111555111555,0.09210423966210109,-0.5038981449868336,-0.04641115551115549,8.0,7.0,6.0,-0.29999999999998295,0
140.5,140.5,0.8,0.8464111555111555,0.09210423966210109,-0.5038981449868336,-0.04641115551115549,8.0,7.0,6.0,0.20000000000001705,0
140.5,140.5,0.8,0.8464111555111555,0.09210423966210109,-0.5038981449868336,-0.04641115551115549,8.0,7.0,6.0,0.29999999999998295,0
141.5,141.5,0.75,0.8385014239028944,0.09277955668433543,-0.9538892733019132,-0.0885014239028944,8.0,8.0,6.0,0.0,0
141.5,141.5,0.75,0.8385014239028944,0.09277955668433543,-0.9538892733019132,-0.0885014239028944,8.0,8.0,6.0,-0.19999999999998863,0
141.5,141.5,0.75,0.8385014239028944,0.09277955668433543,-0.9538892733019132,-0.0885014239028944,8.0,8.0,6.0,-0.29999999999998295,0
141.5,141.5,0.75,0.8385014239028944,0.09277955668433543,-0.9538892733019132,-0.0885014239028944,8.0,8.0,6.0,0.20000000000001705,0
141.5,141.5,0.75,0.8385014239028944,0.09277955668433543,-0.9538892733019132,-0.0885014239028944,8.0,8.0,6.0,0.29999999999998295,0
141.5,141.5,0.75,0.8385014239028944,0.09277955668433543,-0.9538892733019132,-0.0885014239028944,8.0,8.0,6.0,-0.30000000000001137,0
142.5,142.5,0.7142857142857143,0.8449649908914616,0.09746425021744184,-1.3407918935835759,-0.1306792766057473,7.0,7.0,5.0,-0.29999999999998295,0
142.5,142.5,0.7142857142857143,0.8449649908914616,0.09746425021744184,-1.3407918935835759,-0.1306792766057473,7.0,7.0,5.0,0.20000000000001705,0
142.5,142.5,0.7142857142857143,0.8449649908914616,0.09746425021744184,-1.3407918935835759,-0.1306792766057473,7.0,7.0,5.0,0.29999999999998295,0
142.5,142.5,0.7142857142857143,0.8449649908914616,0.09746425021744184,-1.3407918935835759,-0.1306792766057473,7.0,7.0,5.0,-0.30000000000001137,0
142.5,142.5,0.7142857142857143,0.8449649908914616,0.09746425021744184,-1.3407918935835759,-0.1306792766057473,7.0,7.0,5.0,-0.19999999999998863,0
143.5,143.5,0.8571428571428571,0.825631857358328,0.09802946006790798,0.32144418384739104,0.03151099978452909,7.0,7.0,6.0,0.20000000000001705,0
143.5,143.5,0.8571428571428571,0.825631857358328,0.09802946006790798,0.32144418384739104,0.03151099978452909,7.0,7.0,6.0,0.20000000000001705,0
143.5,143.5,0.8571428571428571,0.825631857358328,0.09802946006790798,0.32144418384739104,0.03151099978452909,7.0,7.0,6.0,0.29999999999998295,0
143.5,143.5,0.8571428571428571,0.825631857358328,0.09802946006790798,0.32144418384739104,0.03151099978452909,7.0,7.0,6.0,-0.30000000000001137,0
143.5,143.5,0.8571428571428571,0.825631857358328,0.09802946006790798,0.32144418384739104,0.03151099978452909,7.0,7.0,6.0,-0.19999999999998863,0
143.5,143.5,0.8571428571428571,0.825631857358328,0.09802946006790798,0.32144418384739104,0.03151099978452909,7.0,7.0,6.0,-0.09999999999999432,0
144.5,144.5,0.8,0.7271669996669997,0.10801528973515842,0.6742841732089857,0.07283300033300033,5.0,5.0,4.0,0.29999999999998295,0
144.5,144.5,0.8,0.7271669996669997,0.10801528973515842,0.6742841732089857,0.07283300033300033,5.0,5.0,4.0,-0.30000000000001137,0
144.5,144.5,0.8,0.7271669996669997,0.10801528973515842,0.6742841732089857,0.07283300033300033,5.0,5.0,4.0,-0.19999999999998863,0
144.5,144.5,0.8,0.7271669996669997,0.10801528973515842,0.6742841732089857,0.07283300033300033,5.0,5.0,4.0,-0.09999999999999432,0
145.5,145.5,0.6,0.6202878399378399,0.10998686542803718,-0.18445693364280785,-0.02028783993783989,6.0,4.0,3.0,-0.30000000000001137,0
145.5,145.5,0.6,0.6202878399378399,0.10998686542803718,-0.18445693364280785,-0.02028783993783989,6.0,4.0,3.0,-0.19999999999998863,0
145.5,145.5,0.6,0.6202878399378399,0.10998686542803718,-0.18445693364280785,-0.02028783993783989,6.0,4.0,3.0,-0.09999999999999432,0
146.5,146.5,0.4444444444444444,0.39197113997114,0.09922484596475455,0.5288323097215322,0.052473304473304394,7.0,2.0,2.0,-0.19999999999998863,0
146.5,146.5,0.4444444444444444,0.39197113997114,0.09922484596475455,0.5288323097215322,0.052473304473304394,7.0,2.0,2.0,-0.09999999999999432,0
147.5,147.5,0.25,0.2263367243867244,0.08054602858762037,0.29378575242271554,0.02366327561327561,7.0,1.0,1.0,-0.09999999999999432,0
148.5,148.5,0.2222222222222222,0.20088419913419914,0.10116399395227124,0.21092507575462338,0.021338023088023073,8.0,1.0,1.0,-0.10000000000002274,0
149.5,149.5,0.2,0.34311681096681107,0.12709898104559858,-1.1260264227882824,-0.14311681096681106,8.0,2.0,1.0,-0.10000000000002274,0
150.5,150.5,0.4,0.520334681984682,0.11036387780954988,-1.0903448154688646,-0.120334681984682,7.0,3.0,2.0,-0.10000000000002274,0
150.5,150.5,0.4,0.520334681984682,0.11036387780954988,-1.0903448154688646,-0.120334681984682,7.0,3.0,2.0,-0.29999999999998295,0
151.5,151.5,0.4,0.6784653013653013,0.10594267408694938,-2.6284526397432533,-0.27846530136530123,5.0,5.0,2.0,-0.10000000000002274,0
151.5,151.5,0.4,0.6784653013653013,0.10594267408694938,-2.6284526397432533,-0.27846530136530123,5.0,5.0,2.0,-0.29999999999998295,0
152.5,152.5,0.5,0.77354333999334,0.09867447654545988,-2.7721792865789063,-0.27354333999334,6.0,6.0,3.0,-0.10000000000002274,0
152.5,152.5,0.5,0.77354333999334,0.09867447654545988,-2.7721792865789063,-0.27354333999334,6.0,6.0,3.0,-0.29999999999998295,0
152.5,152.5,0.5,0.77354333999334,0.09867447654545988,-2.7721792865789063,-0.27354333999334,6.0,6.0,3.0,-0.09999999999999432,0
153.5,153.5,0.6666666666666666,0.8232218952616013,0.08963346077716935,-1.7466159092544045,-0.15655522859493465,5.0,7.0,4.0,-0.29999999999998295,0
153.5,153.5,0.6666666666666666,0.8232218952616013,0.08963346077716935,-1.7466159092544045,-0.15655522859493465,5.0,7.0,4.0,-0.09999999999999432,0
153.5,153.5,0.6666666666666666,0.8232218952616013,0.08963346077716935,-1.7466159092544045,-0.15655522859493465,5.0,7.0,4.0,-0.29999999999998295,0
153.5,153.5,0.6666666666666666,0.8232218952616013,0.08963346077716935,-1.7466159092544045,-0.15655522859493465,5.0,7.0,4.0,0.09999999999999432,0
154.5,154.5,0.8333333333333334,0.8375462150594506,0.09526857247821853,-0.04422110688265455,-0.0042128817261172236,5.0,7.0,5.0,-0.29999999999998295,0
154.5,154.5,0.8333333333333334,0.8375462150594506,0.09526857247821853,-0.04422110688265455,-0.0042128817261172236,5.0,7.0,5.0,-0.09999999999999432,0
154.5,154.5,0.8333333333333334,0.8375462150594506,0.09526857247821853,-0.04422110688265455,-0.0042128817261172236,5.0,7.0,5.0,-0.29999999999998295,0
154.5,154.5,0.8333333333333334,0.8375462150594506,0.09526857247821853,-0.04422110688265455,-0.0042128817261172236,5.0,7.0,5.0,0.09999999999999432,0
154.5,154.5,0.8333333333333334,0.8375462150594506,0.09526857247821853,-0.04422110688265455,-0.0042128817261172236,5.0,7.0,5.0,0.19999999999998863,0
155.5,155.5,0.7692307692307693,0.857381449759391,0.08484519415876797,-1.0389590288834547,-0.08815068052862174,5.0,8.0,5.0,-0.09999999999999432,0
155.5,155.5,0.7692307692307693,0.857381449759391,0.08484519415876797,-1.0389590288834547,-0.08815068052862174,5.0,8.0,5.0,-0.29999999999998295,0
155.5,155.5,0.7692307692307693,0.857381449759391,0.08484519415876797,-1.0389590288834547,-0.08815068052862174,5.0,8.0,5.0,0.09999999999999432,0
155.5,155.5,0.7692307692307693,0.857381449759391,0.08484519415876797,-1.0389590288834547,-0.08815068052862174,5.0,8.0,5.0,0.19999999999998863,0
155.5,155.5,0.7692307692307693,0.857381449759391,0.08484519415876797,-1.0389590288834547,-0.08815068052862174,5.0,8.0,5.0,0.09999999999999432,0
156.5,156.5,0.8571428571428571,0.8238155844155844,0.09693402464103215,0.3438139791542837,0.03332727272727265,7.0,7.0,6.0,-0.09999999999999432,0
156.5,156.5,0.8571428571428571,0.8238155844155844,0.09693402464103215,0.3438139791542837,0.03332727272727265,7.0,7.0,6.0,-0.29999999999998295,0
156.5,156.5,0.8571428571428571,0.8238155844155844,0.09693402464103215,0.3438139791542837,0.03332727272727265,7.0,7.0,6.0,0.09999999999999432,0
156.5,156.5,0.8571428571428571,0.8238155844155844,0.09693402464103215,0.3438139791542837,0.03332727272727265,7.0,7.0,6.0,0.19999999999998863,0
156.5,156.5,0.8571428571428571,0.8238155844155844,0.09693402464103215,0.3438139791542837,0.03332727272727265,7.0,7.0,6.0,0.09999999999999432,0
156.5,156.5,0.8571428571428571,0.8238155844155844,0.09693402464103215,0.3438139791542837,0.03332727272727265,7.0,7.0,6.0,0.19999999999998863,0
157.5,157.5,0.6666666666666666,0.7353192973692974,0.1023043559023623,-0.6710626355748893,-0.06865263070263072,6.0,6.0,4.0,0.09999999999999432,0
157.5,157.5,0.6666666666666666,0.7353192973692974,0.1023043559023623,-0.6710626355748893,-0.06865263070263072,6.0,6.0,4.0,0.19999999999998863,0
157.5,157.5,0.6666666666666666,0.7353192973692974,0.1023043559023623,-0.6710626355748893,-0.06865263070263072,6.0,6.0,4.0,0.09999999999999432,0
157.5,157.5,0.6666666666666666,0.7353192973692974,0.1023043559023623,-0.6710626355748893,-0.06865263070263072,6.0,6.0,4.0,0.19999999999998863,0
158.5,158.5,0.7692307692307693,0.7530638944388944,0.10295165354423516,0.15703365837566108,0.01616687479187484,7.0,6.0,5.0,0.19999999999998863,0
158.5,158.5,0.7692307692307693,0.7530638944388944,0.10295165354423516,0.15703365837566108,0.01616687479187484,7.0,6.0,5.0,0.09999999999999432,0
158.5,158.5,0.7692307692307693,0.7530638944388944,0.10295165354423516,0.15703365837566108,0.01616687479187484,7.0,6.0,5.0,0.19999999999998863,0
158.5,158.5,0.7692307692307693,0.7530638944388944,0.10295165354423516,0.15703365837566108,0.01616687479187484,7.0,6.0,5.0,0.20000000000001705,0
158.5,158.5,0.7692307692307693,0.7530638944388944,0.10295165354423516,0.15703365837566108,0.01616687479187484,7.0,6.0,5.0,0.19999999999998863,0
159.5,159.5,0.7692307692307693,0.7618732434232435,0.09554595721887532,0.07700509808773263,0.0073575258075258,7.0,6.0,5.0,0.09999999999999432,0
159.5,159.5,0.7692307692307693,0.7618732434232435,0.09554595721887532,0.07700509808773263,0.0073575258075258,7.0,6.0,5.0,0.19999999999998863,0
159.5,159.5,0.7692307692307693,0.7618732434232435,0.09554595721887532,0.07700509808773263,0.0073575258075258,7.0,6.0,5.0,0.20000000000001705,0
159.5,159.5,0.7692307692307693,0.7618732434232435,0.09554595721887532,0.07700509808773263,0.0073575258075258,7.0,6.0,5.0,0.19999999999998863,0
159.5,159.5,0.7692307692307693,0.7618732434232435,0.09554595721887532,0.07700509808773263,0.0073575258075258,7.0,6.0,5.0,0.19999999999998863,0
160.5,160.5,0.7692307692307693,0.7202592407592407,0.10743701372782355,0.4558161733310175,0.048971528471528525,8.0,5.0,5.0,-0.30000000000001137,0
160.5,160.5,0.7692307692307693,0.7202592407592407,0.10743701372782355,0.4558161733310175,0.048971528471528525,8.0,5.0,5.0,0.20000000000001705,0
160.5,160.5,0.7692307692307693,0.7202592407592407,0.10743701372782355,0.4558161733310175,0.048971528471528525,8.0,5.0,5.0,0.19999999999998863,0
160.5,160.5,0.7692307692307693,0.7202592407592407,0.10743701372782355,0.4558161733310175,0.048971528471528525,8.0,5.0,5.0,0.19999999999998863,0
160.5,160.5,0.7692307692307693,0.7202592407592407,0.10743701372782355,0.4558161733310175,0.048971528471528525,8.0,5.0,5.0,0.0,0
161.5,161.5,0.9230769230769231,0.7748293373293372,0.10311302908524292,1.4377192393895297,0.1482475857475859,7.0,6.0,6.0,0.20000000000001705,0
161.5,161.5,0.9230769230769231,0.7748293373293372,0.10311302908524292,1.4377192393895297,0.1482475857475859,7.0,6.0,6.0,0.19999999999998863,0
161.5,161.5,0.9230769230769231,0.7748293373293372,0.10311302908524292,1.4377192393895297,0.1482475857475859,7.0,6.0,6.0,0.19999999999998863,0
161.5,161.5,0.9230769230769231,0.7748293373293372,0.10311302908524292,1.4377192393895297,0.1482475857475859,7.0,6.0,6.0,0.0,0
161.5,161.5,0.9230769230769231,0.7748293373293372,0.10311302908524292,1.4377192393895297,0.1482475857475859,7.0,6.0,6.0,-0.19999999999998863,0
161.5,161.5,0.9230769230769231,0.7748293373293372,0.10311302908524292,1.4377192393895297,0.1482475857475859,7.0,6.0,6.0,0.0,0
162.5,162.5,1.0,0.8326597045111753,0.10013890063466427,1.6710818116461112,0.16734029548882468,7.0,7.0,7.0,0.20000000000001705,0
162.5,162.5,1.0,0.8326597045111753,0.10013890063466427,1.6710818116461112,0.16734029548882468,7.0,7.0,7.0,0.19999999999998863,0
162.5,162.5,1.0,0.8326597045111753,0.10013890063466427,1.6710818116461112,0.16734029548882468,7.0,7.0,7.0,0.19999999999998863,0
162.5,162.5,1.0,0.8326597045111753,0.10013890063466427,1.6710818116461112,0.16734029548882468,7.0,7.0,7.0,0.0,0
162.5,162.5,1.0,0.8326597045111753,0.10013890063466427,1.6710818116461112,0.16734029548882468,7.0,7.0,7.0,-0.19999999999998863,0
162.5,162.5,1.0,0.8326597045111753,0.10013890063466427,1.6710818116461112,0.16734029548882468,7.0,7.0,7.0,0.0,0
162.5,162.5,1.0,0.8326597045111753,0.10013890063466427,1.6710818116461112,0.16734029548882468,7.0,7.0,7.0,0.30000000000001137,0
163.5,163.5,0.7692307692307693,0.7913410256410257,0.10286828378481642,-0.21493754534203627,-0.022110256410256435,7.0,6.0,5.0,0.19999999999998863,0
163.5,163.5,0.7692307692307693,0.7913410256410257,0.10286828378481642,-0.21493754534203627,-0.022110256410256435,7.0,6.0,5.0,0.0,0
163.5,163.5,0.7692307692307693,0.7913410256410257,0.10286828378481642,-0.21493754534203627,-0.022110256410256435,7.0,6.0,5.0,-0.19999999999998863,0
163.5,163.5,0.7692307692307693,0.7913410256410257,0.10286828378481642,-0.21493754534203627,-0.022110256410256435,7.0,6.0,5.0,0.0,0
163.5,163.5,0.7692307692307693,0.7913410256410257,0.10286828378481642,-0.21493754534203627,-0.022110256410256435,7.0,6.0,5.0,0.30000000000001137,0
164.5,164.5,0.7692307692307693,0.8487143856143857,0.09300977519412017,-0.8545727179506311,-0.07948361638361645,6.0,7.0,5.0,0.0,0
164.5,164.5,0.7692307692307693,0.8487143856143857,0.09300977519412017,-0.8545727179506311,-0.07948361638361645,6.0,7.0,5.0,-0.19999999999998863,0
164.5,164.5,0.7692307692307693,0.8487143856143857,0.09300977519412017,-0.8545727179506311,-0.07948361638361645,6.0,7.0,5.0,0.0,0
164.5,164.5,0.7692307692307693,0.8487143856143857,0.09300977519412017,-0.8545727179506311,-0.07948361638361645,6.0,7.0,5.0,0.30000000000001137,0
164.5,164.5,0.7692307692307693,0.8487143856143857,0.09300977519412017,-0.8545727179506311,-0.07948361638361645,6.0,7.0,5.0,0.20000000000001705,0
165.5,165.5,0.8571428571428571,0.8475612470862471,0.09331819652661197,0.10267675987370295,0.009581610056609957,7.0,7.0,6.0,-0.19999999999998863,0
165.5,165.5,0.8571428571428571,0.8475612470862471,0.09331819652661197,0.10267675987370295,0.009581610056609957,7.0,7.0,6.0,0.0,0
165.5,165.5,0.8571428571428571,0.8475612470862471,0.09331819652661197,0.10267675987370295,0.009581610056609957,7.0,7.0,6.0,0.30000000000001137,0
165.5,165.5,0.8571428571428571,0.8475612470862471,0.09331819652661197,0.10267675987370295,0.009581610056609957,7.0,7.0,6.0,0.20000000000001705,0
165.5,165.5,0.8571428571428571,0.8475612470862471,0.09331819652661197,0.10267675987370295,0.009581610056609957,7.0,7.0,6.0,0.29999999999998295,0
165.5,165.5,0.8571428571428571,0.8475612470862471,0.09331819652661197,0.10267675987370295,0.009581610056609957,7.0,7.0,6.0,0.10000000000002274,0
166.5,166.5,0.7272727272727273,0.8027502164502166,0.10850848032442682,-0.6955906944030644,-0.07547748917748931,5.0,6.0,4.0,0.30000000000001137,0
166.5,166.5,0.7272727272727273,0.8027502164502166,0.10850848032442682,-0.6955906944030644,-0.07547748917748931,5.0,6.0,4.0,0.20000000000001705,0
166.5,166.5,0.7272727272727273,0.8027502164502166,0.10850848032442682,-0.6955906944030644,-0.07547748917748931,5.0,6.0,4.0,0.29999999999998295,0
166.5,166.5,0.7272727272727273,0.8027502164502166,0.10850848032442682,-0.6955906944030644,-0.07547748917748931,5.0,6.0,4.0,0.10000000000002274,0
167.5,167.5,0.6,0.7074028638028638,0.11474359673626142,-0.9360249012389743,-0.10740286380286379,5.0,5.0,3.0,0.20000000000001705,0
167.5,167.5,0.6,0.7074028638028638,0.11474359673626142,-0.9360249012389743,-0.10740286380286379,5.0,5.0,3.0,0.29999999999998295,0
167.5,167.5,0.6,0.7074028638028638,0.11474359673626142,-0.9360249012389743,-0.10740286380286379,5.0,5.0,3.0,0.10000000000002274,0
168.5,168.5,0.6,0.6549623043623043,0.12157728215508297,-0.45207709358229325,-0.054962304362304315,5.0,5.0,3.0,0.20000000000001705,0
168.5,168.5,0.6,0.6549623043623043,0.12157728215508297,-0.45207709358229325,-0.054962304362304315,5.0,5.0,3.0,0.29999999999998295,0
168.5,168.5,0.6,0.6549623043623043,0.12157728215508297,-0.45207709358229325,-0.054962304362304315,5.0,5.0,3.0,0.10000000000002274,0
169.5,169.5,0.4444444444444444,0.5184088633588633,0.11085662096607357,-0.6672079508634385,-0.07396441891441885,6.0,3.0,2.0,0.10000000000002274,0
169.5,169.5,0.4444444444444444,0.5184088633588633,0.11085662096607357,-0.6672079508634385,-0.07396441891441885,6.0,3.0,2.0,0.19999999999998863,0
170.5,170.5,0.4444444444444444,0.482689454989455,0.12453961681331537,-0.307091121071456,-0.03824501054501056,6.0,3.0,2.0,0.19999999999998863,0
170.5,170.5,0.4444444444444444,0.482689454989455,0.12453961681331537,-0.307091121071456,-0.03824501054501056,6.0,3.0,2.0,-0.09999999999999432,0
171.5,171.5,0.5454545454545454,0.5042080808080808,0.11812841785905348,0.3491663174197289,0.04124646464646464,8.0,3.0,3.0,0.19999999999998863,0
171.5,171.5,0.5454545454545454,0.5042080808080808,0.11812841785905348,0.3491663174197289,0.04124646464646464,8.0,3.0,3.0,-0.09999999999999432,0
171.5,171.5,0.5454545454545454,0.5042080808080808,0.11812841785905348,0.3491663174197289,0.04124646464646464,8.0,3.0,3.0,0.09999999999999432,0
172.5,172.5,0.5,0.6203655677655677,0.11176782649318937,-1.0769250109100248,-0.12036556776556773,8.0,4.0,3.0,0.19999999999998863,0
172.5,172.5,0.5,0.6203655677655677,0.11176782649318937,-1.0769250109100248,-0.12036556776556773,8.0,4.0,3.0,-0.09999999999999432,0
172.5,172.5,0.5,0.6203655677655677,0.11176782649318937,-1.0769250109100248,-0.12036556776556773,8.0,4.0,3.0,0.09999999999999432,0
173.5,173.5,0.46153846153846156,0.6819653013653014,0.11289608162179107,-1.9524755568159005,-0.22042683982683986,8.0,5.0,3.0,-0.09999999999999432,0
173.5,173.5,0.46153846153846156,0.6819653013653014,0.11289608162179107,-1.9524755568159005,-0.22042683982683986,8.0,5.0,3.0,0.09999999999999432,0
173.5,173.5,0.46153846153846156,0.6819653013653014,0.11289608162179107,-1.9524755568159005,-0.22042683982683986,8.0,5.0,3.0,-0.20000000000001705,0
174.5,174.5,0.6153846153846154,0.792480303030303,0.10105320109744172,-1.7524995321515946,-0.17709568764568762,7.0,6.0,4.0,-0.09999999999999432,0
174.5,174.5,0.6153846153846154,0.792480303030303,0.10105320109744172,-1.7524995321515946,-0.17709568764568762,7.0,6.0,4.0,0.09999999999999432,0
174.5,174.5,0.6153846153846154,0.792480303030303,0.10105320109744172,-1.7524995321515946,-0.17709568764568762,7.0,6.0,4.0,-0.20000000000001705,0
174.5,174.5,0.6153846153846154,0.792480303030303,0.10105320109744172,-1.7524995321515946,-0.17709568764568762,7.0,6.0,4.0,-0.09999999999999432,0
175.5,175.5,0.6153846153846154,0.8273201778613544,0.09383443739537312,-2.2586117459600104,-0.21193556247673895,6.0,7.0,4.0,0.09999999999999432,0
175.5,175.5,0.6153846153846154,0.8273201778613544,0.09383443739537312,-2.2586117459600104,-0.21193556247673895,6.0,7.0,4.0,-0.20000000000001705,0
175.5,175.5,0.6153846153846154,0.8273201778613544,0.09383443739537312,-2.2586117459600104,-0.21193556247673895,6.0,7.0,4.0,-0.09999999999999432,0
175.5,175.5,0.6153846153846154,0.8273201778613544,0.09383443739537312,-2.2586117459600104,-0.21193556247673895,6.0,7.0,4.0,0.19999999999998863,0
176.5,176.5,0.5,0.8517796595561303,0.08867146257430868,-3.9672251854572838,-0.35177965955613033,5.0,7.0,3.0,-0.20000000000001705,0
176.5,176.5,0.5,0.8517796595561303,0.08867146257430868,-3.9672251854572838,-0.35177965955613033,5.0,7.0,3.0,-0.09999999999999432,0
176.5,176.5,0.5,0.8517796595561303,0.08867146257430868,-3.9672251854572838,-0.35177965955613033,5.0,7.0,3.0,0.19999999999998863,0
