t_center,t_center_abs,S,S_null_mean,S_null_sd,z_S_t,S_excess,nA,nB,nM,dt,episode
7.5,7.5,0.5,0.5789295981795981,0.11356832532948334,-0.6949965842201891,-0.0789295981795981,8.0,4.0,3.0,-0.2999999999999998,0
7.5,7.5,0.5,0.5789295981795981,0.11356832532948334,-0.6949965842201891,-0.0789295981795981,8.0,4.0,3.0,-0.20000000000000018,0
7.5,7.5,0.5,0.5789295981795981,0.11356832532948334,-0.6949965842201891,-0.0789295981795981,8.0,4.0,3.0,-0.1999999999999993,0
8.5,8.5,0.5454545454545454,0.49872545787545786,0.10742356326472823,0.4349984878450846,0.04672908757908756,8.0,3.0,3.0,-0.20000000000000018,0
8.5,8.5,0.5454545454545454,0.49872545787545786,0.10742356326472823,0.4349984878450846,0.04672908757908756,8.0,3.0,3.0,-0.1999999999999993,0
8.5,8.5,0.5454545454545454,0.49872545787545786,0.10742356326472823,0.4349984878450846,0.04672908757908756,8.0,3.0,3.0,0.1999999999999993,0
9.5,9.5,0.6,0.44316757686757685,0.12692835823396267,1.2355979807391766,0.15683242313242313,7.0,3.0,3.0,0.2999999999999998,0
9.5,9.5,0.6,0.44316757686757685,0.12692835823396267,1.2355979807391766,0.15683242313242313,7.0,3.0,3.0,-0.1999999999999993,0
9.5,9.5,0.6,0.44316757686757685,0.12692835823396267,1.2355979807391766,0.15683242313242313,7.0,3.0,3.0,0.1999999999999993,0
10.5,10.5,0.6666666666666666,0.4987241647241647,0.10713899670348209,1.567519830405913,0.16794250194250193,6.0,3.0,3.0,-0.1999999999999993,0
10.5,10.5,0.6666666666666666,0.4987241647241647,0.10713899670348209,1.567519830405913,0.16794250194250193,6.0,3.0,3.0,0.1999999999999993,0
10.5,10.5,0.6666666666666666,0.4987241647241647,0.10713899670348209,1.567519830405913,0.16794250194250193,6.0,3.0,3.0,-0.3000000000000007,0
11.5,11.5,0.5,0.4996629093129093,0.11052715591139563,0.0030498449391109963,0.000337090687090702,5.0,3.0,2.0,0.1999999999999993,0
11.5,11.5,0.5,0.4996629093129093,0.11052715591139563,0.0030498449391109963,0.000337090687090702,5.0,3.0,2.0,-0.3000000000000007,0
12.5,12.5,0.4444444444444444,0.5805684260184261,0.13210332508689393,-1.0304356948202706,-0.13612398157398164,5.0,4.0,2.0,-0.3000000000000007,0
12.5,12.5,0.4444444444444444,0.5805684260184261,0.13210332508689393,-1.0304356948202706,-0.13612398157398164,5.0,4.0,2.0,0.0,0
13.5,13.5,0.8,0.6487664502164502,0.12041197219106592,1.2559677167613967,0.15123354978354986,5.0,5.0,4.0,-0.3000000000000007,0
13.5,13.5,0.8,0.6487664502164502,0.12041197219106592,1.2559677167613967,0.15123354978354986,5.0,5.0,4.0,0.0,0
13.5,13.5,0.8,0.6487664502164502,0.12041197219106592,1.2559677167613967,0.15123354978354986,5.0,5.0,4.0,0.29999999999999893,0
13.5,13.5,0.8,0.6487664502164502,0.12041197219106592,1.2559677167613967,0.15123354978354986,5.0,5.0,4.0,0.0,0
14.5,14.5,0.8333333333333334,0.7695319264069265,0.10055130633779115,0.6345159426579008,0.0638014069264069,6.0,6.0,5.0,-0.3000000000000007,0
14.5,14.5,0.8333333333333334,0.7695319264069265,0.10055130633779115,0.6345159426579008,0.0638014069264069,6.0,6.0,5.0,0.0,0
14.5,14.5,0.8333333333333334,0.7695319264069265,0.10055130633779115,0.6345159426579008,0.0638014069264069,6.0,6.0,5.0,0.29999999999999893,0
14.5,14.5,0.8333333333333334,0.7695319264069265,0.10055130633779115,0.6345159426579008,0.0638014069264069,6.0,6.0,5.0,0.0,0
14.5,14.5,0.8333333333333334,0.7695319264069265,0.10055130633779115,0.6345159426579008,0.0638014069264069,6.0,6.0,5.0,-0.1999999999999993,0
15.5,15.5,0.6666666666666666,0.689589477189477,0.11848329274032425,-0.19346871607501284,-0.022922810522810422,7.0,5.0,4.0,0.0,0
15.5,15.5,0.6666666666666666,0.689589477189477,0.11848329274032425,-0.19346871607501284,-0.022922810522810422,7.0,5.0,4.0,0.29999999999999893,0
15.5,15.5,0.6666666666666666,0.689589477189477,0.11848329274032425,-0.19346871607501284,-0.022922810522810422,7.0,5.0,4.0,0.0,0
15.5,15.5,0.6666666666666666,0.689589477189477,0.11848329274032425,-0.19346871607501284,-0.022922810522810422,7.0,5.0,4.0,-0.1999999999999993,0
16.5,16.5,0.6666666666666666,0.5773738428238427,0.13182569543975212,0.6773552268770933,0.08929282384282389,8.0,4.0,4.0,0.0,0
16.5,16.5,0.6666666666666666,0.5773738428238427,0.13182569543975212,0.6773552268770933,0.08929282384282389,8.0,4.0,4.0,0.29999999999999893,0
16.5,16.5,0.6666666666666666,0.5773738428238427,0.13182569543975212,0.6773552268770933,0.08929282384282389,8.0,4.0,4.0,0.0,0
16.5,16.5,0.6666666666666666,0.5773738428238427,0.13182569543975212,0.6773552268770933,0.08929282384282389,8.0,4.0,4.0,-0.1999999999999993,0
17.5,17.5,0.36363636363636365,0.3680955266955267,0.11012845298874467,-0.04049056295759268,-0.0044591630591630516,9.0,2.0,2.0,0.0,0
17.5,17.5,0.36363636363636365,0.3680955266955267,0.11012845298874467,-0.04049056295759268,-0.0044591630591630516,9.0,2.0,2.0,-0.1999999999999993,0
18.5,18.5,0.3333333333333333,0.3012123376623376,0.12607399474856162,0.2547789156285314,0.03212099567099569,10.0,2.0,2.0,0.0,0
18.5,18.5,0.3333333333333333,0.3012123376623376,0.12607399474856162,0.2547789156285314,0.03212099567099569,10.0,2.0,2.0,-0.1999999999999993,0
19.5,19.5,0.2222222222222222,0.20830093795093796,0.09182406074831524,0.1516082403439087,0.013921284271284251,8.0,1.0,1.0,-0.10000000000000142,0
20.5,20.5,0.36363636363636365,0.3579361471861472,0.11436026963058465,0.04984437749779476,0.005700216450216455,9.0,2.0,2.0,-0.10000000000000142,0
20.5,20.5,0.36363636363636365,0.3579361471861472,0.11436026963058465,0.04984437749779476,0.005700216450216455,9.0,2.0,2.0,0.1999999999999993,0
21.5,21.5,0.5454545454545454,0.5019423187923188,0.11606218192639495,0.3749044343300517,0.04351222666222665,8.0,3.0,3.0,-0.10000000000000142,0
21.5,21.5,0.5454545454545454,0.5019423187923188,0.11606218192639495,0.3749044343300517,0.04351222666222665,8.0,3.0,3.0,0.1999999999999993,0
21.5,21.5,0.5454545454545454,0.5019423187923188,0.11606218192639495,0.3749044343300517,0.04351222666222665,8.0,3.0,3.0,0.10000000000000142,0
22.5,22.5,0.7272727272727273,0.6040510434010433,0.11569380886361144,1.0650672242708075,0.12322168387168397,7.0,4.0,4.0,-0.10000000000000142,0
22.5,22.5,0.7272727272727273,0.6040510434010433,0.11569380886361144,1.0650672242708075,0.12322168387168397,7.0,4.0,4.0,0.1999999999999993,0
22.5,22.5,0.7272727272727273,0.6040510434010433,0.11569380886361144,1.0650672242708075,0.12322168387168397,7.0,4.0,4.0,0.10000000000000142,0
22.5,22.5,0.7272727272727273,0.6040510434010433,0.11569380886361144,1.0650672242708075,0.12322168387168397,7.0,4.0,4.0,0.0,0
23.5,23.5,0.9090909090909091,0.6861264402264402,0.11312826936966879,1.9708996708496334,0.22296446886446886,6.0,5.0,5.0,-0.10000000000000142,0
23.5,23.5,0.9090909090909091,0.6861264402264402,0.11312826936966879,1.9708996708496334,0.22296446886446886,6.0,5.0,5.0,0.1999999999999993,0
23.5,23.5,0.9090909090909091,0.6861264402264402,0.11312826936966879,1.9708996708496334,0.22296446886446886,6.0,5.0,5.0,0.10000000000000142,0
23.5,23.5,0.9090909090909091,0.6861264402264402,0.11312826936966879,1.9708996708496334,0.22296446886446886,6.0,5.0,5.0,0.0,0
23.5,23.5,0.9090909090909091,0.6861264402264402,0.11312826936966879,1.9708996708496334,0.22296446886446886,6.0,5.0,5.0,0.09999999999999787,0
24.5,24.5,0.9090909090909091,0.6851580974580975,0.11735357963300265,1.9081890159048565,0.22393281163281153,6.0,5.0,5.0,0.1999999999999993,0
24.5,24.5,0.9090909090909091,0.6851580974580975,0.11735357963300265,1.9081890159048565,0.22393281163281153,6.0,5.0,5.0,0.10000000000000142,0
24.5,24.5,0.9090909090909091,0.6851580974580975,0.11735357963300265,1.9081890159048565,0.22393281163281153,6.0,5.0,5.0,0.0,0
24.5,24.5,0.9090909090909091,0.6851580974580975,0.11735357963300265,1.9081890159048565,0.22393281163281153,6.0,5.0,5.0,0.09999999999999787,0
24.5,24.5,0.9090909090909091,0.6851580974580975,0.11735357963300265,1.9081890159048565,0.22393281163281153,6.0,5.0,5.0,0.10000000000000142,0
25.5,25.5,0.8333333333333334,0.678953341103341,0.11771263074980799,1.3114989550961518,0.15437999222999232,7.0,5.0,5.0,0.10000000000000142,0
25.5,25.5,0.8333333333333334,0.678953341103341,0.11771263074980799,1.3114989550961518,0.15437999222999232,7.0,5.0,5.0,0.0,0
25.5,25.5,0.8333333333333334,0.678953341103341,0.11771263074980799,1.3114989550961518,0.15437999222999232,7.0,5.0,5.0,0.09999999999999787,0
25.5,25.5,0.8333333333333334,0.678953341103341,0.11771263074980799,1.3114989550961518,0.15437999222999232,7.0,5.0,5.0,0.10000000000000142,0
25.5,25.5,0.8333333333333334,0.678953341103341,0.11771263074980799,1.3114989550961518,0.15437999222999232,7.0,5.0,5.0,0.1999999999999993,0
26.5,26.5,0.9090909090909091,0.6780748529248528,0.11820809775175713,1.954316671698765,0.23101605616605625,6.0,5.0,5.0,0.0,0
26.5,26.5,0.9090909090909091,0.6780748529248528,0.11820809775175713,1.954316671698765,0.23101605616605625,6.0,5.0,5.0,0.09999999999999787,0
26.5,26.5,0.9090909090909091,0.6780748529248528,0.11820809775175713,1.954316671698765,0.23101605616605625,6.0,5.0,5.0,0.10000000000000142,0
26.5,26.5,0.9090909090909091,0.6780748529248528,0.11820809775175713,1.954316671698765,0.23101605616605625,6.0,5.0,5.0,0.1999999999999993,0
26.5,26.5,0.9090909090909091,0.6780748529248528,0.11820809775175713,1.954316671698765,0.23101605616605625,6.0,5.0,5.0,0.10000000000000142,0
27.5,27.5,0.8333333333333334,0.6828388611388612,0.1156234630451418,1.3015911150811668,0.1504944721944722,7.0,5.0,5.0,0.09999999999999787,0
27.5,27.5,0.8333333333333334,0.6828388611388612,0.1156234630451418,1.3015911150811668,0.1504944721944722,7.0,5.0,5.0,0.10000000000000142,0
27.5,27.5,0.8333333333333334,0.6828388611388612,0.1156234630451418,1.3015911150811668,0.1504944721944722,7.0,5.0,5.0,0.1999999999999993,0
27.5,27.5,0.8333333333333334,0.6828388611388612,0.1156234630451418,1.3015911150811668,0.1504944721944722,7.0,5.0,5.0,0.10000000000000142,0
27.5,27.5,0.8333333333333334,0.6828388611388612,0.1156234630451418,1.3015911150811668,0.1504944721944722,7.0,5.0,5.0,0.3000000000000007,0
28.5,28.5,0.8333333333333334,0.695610273060273,0.11081167164137556,1.2428569863901995,0.13772306027306036,7.0,5.0,5.0,0.10000000000000142,0
28.5,28.5,0.8333333333333334,0.695610273060273,0.11081167164137556,1.2428569863901995,0.13772306027306036,7.0,5.0,5.0,0.1999999999999993,0
28.5,28.5,0.8333333333333334,0.695610273060273,0.11081167164137556,1.2428569863901995,0.13772306027306036,7.0,5.0,5.0,0.10000000000000142,0
28.5,28.5,0.8333333333333334,0.695610273060273,0.11081167164137556,1.2428569863901995,0.13772306027306036,7.0,5.0,5.0,0.3000000000000007,0
28.5,28.5,0.8333333333333334,0.695610273060273,0.11081167164137556,1.2428569863901995,0.13772306027306036,7.0,5.0,5.0,0.1999999999999993,0
29.5,29.5,0.6666666666666666,0.605061926961927,0.12145654394723103,0.5072163071880669,0.061604739704739675,8.0,4.0,4.0,0.1999999999999993,0
29.5,29.5,0.6666666666666666,0.605061926961927,0.12145654394723103,0.5072163071880669,0.061604739704739675,8.0,4.0,4.0,0.10000000000000142,0
29.5,29.5,0.6666666666666666,0.605061926961927,0.12145654394723103,0.5072163071880669,0.061604739704739675,8.0,4.0,4.0,0.3000000000000007,0
29.5,29.5,0.6666666666666666,0.605061926961927,0.12145654394723103,0.5072163071880669,0.061604739704739675,8.0,4.0,4.0,0.1999999999999993,0
30.5,30.5,0.5454545454545454,0.5030898046398047,0.1245174171504449,0.3402314454013662,0.04236474081474073,8.0,3.0,3.0,0.10000000000000142,0
30.5,30.5,0.5454545454545454,0.5030898046398047,0.1245174171504449,0.3402314454013662,0.04236474081474073,8.0,3.0,3.0,0.3000000000000007,0
30.5,30.5,0.5454545454545454,0.5030898046398047,0.1245174171504449,0.3402314454013662,0.04236474081474073,8.0,3.0,3.0,0.1999999999999993,0
31.5,31.5,0.4,0.3758766233766234,0.1252787880648065,0.19255755101093108,0.024123376623376602,8.0,2.0,2.0,0.3000000000000007,0
31.5,31.5,0.4,0.3758766233766234,0.1252787880648065,0.19255755101093108,0.024123376623376602,8.0,2.0,2.0,0.1999999999999993,0
32.5,32.5,0.25,0.3719327561327561,0.1078603471301292,-1.1304687902186066,-0.12193275613275611,6.0,2.0,1.0,0.1999999999999993,0
33.5,33.5,0.25,0.3670958152958153,0.1161389844085187,-1.0082386710385804,-0.11709581529581531,6.0,2.0,1.0,0.29999999999999716,0
34.5,34.5,0.25,0.5493279609279609,0.13917891989840037,-2.150670239045311,-0.2993279609279609,4.0,4.0,1.0,0.29999999999999716,0
35.5,35.5,0.2222222222222222,0.6777979020979021,0.11961655316096834,-3.808634071428312,-0.45557567987567993,4.0,5.0,1.0,0.29999999999999716,0
36.5,36.5,0.4444444444444444,0.743710236985237,0.11751033335556592,-2.5467189479861836,-0.29926579254079255,3.0,6.0,2.0,0.29999999999999716,0
36.5,36.5,0.4444444444444444,0.743710236985237,0.11751033335556592,-2.5467189479861836,-0.29926579254079255,3.0,6.0,2.0,0.10000000000000142,0
37.5,37.5,0.5454545454545454,0.7496468337218338,0.11762732259704119,-1.7359256655598203,-0.2041922882672884,5.0,6.0,3.0,0.29999999999999716,0
37.5,37.5,0.5454545454545454,0.7496468337218338,0.11762732259704119,-1.7359256655598203,-0.2041922882672884,5.0,6.0,3.0,0.10000000000000142,0
37.5,37.5,0.5454545454545454,0.7496468337218338,0.11762732259704119,-1.7359256655598203,-0.2041922882672884,5.0,6.0,3.0,-0.29999999999999716,0
38.5,38.5,0.5,0.7503823898323899,0.11466288656627094,-2.1836393390260422,-0.2503823898323899,6.0,6.0,3.0,0.10000000000000142,0
38.5,38.5,0.5,0.7503823898323899,0.11466288656627094,-2.1836393390260422,-0.2503823898323899,6.0,6.0,3.0,-0.29999999999999716,0
38.5,38.5,0.5,0.7503823898323899,0.11466288656627094,-2.1836393390260422,-0.2503823898323899,6.0,6.0,3.0,0.0,0
39.5,39.5,0.5714285714285714,0.6991307248307249,0.1132016179729754,-1.1280947718665986,-0.12770215340215352,8.0,6.0,4.0,0.10000000000000142,0
39.5,39.5,0.5714285714285714,0.6991307248307249,0.1132016179729754,-1.1280947718665986,-0.12770215340215352,8.0,6.0,4.0,-0.29999999999999716,0
39.5,39.5,0.5714285714285714,0.6991307248307249,0.1132016179729754,-1.1280947718665986,-0.12770215340215352,8.0,6.0,4.0,0.0,0
39.5,39.5,0.5714285714285714,0.6991307248307249,0.1132016179729754,-1.1280947718665986,-0.12770215340215352,8.0,6.0,4.0,-0.30000000000000426,0
40.5,40.5,0.6153846153846154,0.6061906926406927,0.11638342989547766,0.07899683616627948,0.009193922743922722,9.0,4.0,4.0,0.10000000000000142,0
40.5,40.5,0.6153846153846154,0.6061906926406927,0.11638342989547766,0.07899683616627948,0.009193922743922722,9.0,4.0,4.0,-0.29999999999999716,0
40.5,40.5,0.6153846153846154,0.6061906926406927,0.11638342989547766,0.07899683616627948,0.009193922743922722,9.0,4.0,4.0,0.0,0
40.5,40.5,0.6153846153846154,0.6061906926406927,0.11638342989547766,0.07899683616627948,0.009193922743922722,9.0,4.0,4.0,-0.30000000000000426,0
41.5,41.5,0.6666666666666666,0.6062811743811745,0.10767617817392593,0.5608064226420945,0.06038549228549217,8.0,4.0,4.0,-0.29999999999999716,0
41.5,41.5,0.6666666666666666,0.6062811743811745,0.10767617817392593,0.5608064226420945,0.06038549228549217,8.0,4.0,4.0,0.0,0
41.5,41.5,0.6666666666666666,0.6062811743811745,0.10767617817392593,0.5608064226420945,0.06038549228549217,8.0,4.0,4.0,-0.30000000000000426,0
41.5,41.5,0.6666666666666666,0.6062811743811745,0.10767617817392593,0.5608064226420945,0.06038549228549217,8.0,4.0,4.0,0.0,0
42.5,42.5,0.7272727272727273,0.603673038073038,0.10928198687238774,1.1310161238559915,0.12359968919968933,7.0,4.0,4.0,0.0,0
42.5,42.5,0.7272727272727273,0.603673038073038,0.10928198687238774,1.1310161238559915,0.12359968919968933,7.0,4.0,4.0,-0.30000000000000426,0
42.5,42.5,0.7272727272727273,0.603673038073038,0.10928198687238774,1.1310161238559915,0.12359968919968933,7.0,4.0,4.0,0.0,0
42.5,42.5,0.7272727272727273,0.603673038073038,0.10928198687238774,1.1310161238559915,0.12359968919968933,7.0,4.0,4.0,0.0,0
43.5,43.5,0.5454545454545454,0.6451564546564547,0.125937884036671,-0.7916752767807161,-0.09970190920190924,6.0,5.0,3.0,-0.30000000000000426,0
43.5,43.5,0.5454545454545454,0.6451564546564547,0.125937884036671,-0.7916752767807161,-0.09970190920190924,6.0,5.0,3.0,0.0,0
43.5,43.5,0.5454545454545454,0.6451564546564547,0.125937884036671,-0.7916752767807161,-0.09970190920190924,6.0,5.0,3.0,0.0,0
44.5,44.5,0.4444444444444444,0.663872716172716,0.12499925523227709,-1.7554366329665236,-0.21942827172827162,4.0,5.0,2.0,0.0,0
44.5,44.5,0.4444444444444444,0.663872716172716,0.12499925523227709,-1.7554366329665236,-0.21942827172827162,4.0,5.0,2.0,0.0,0
45.5,45.5,0.6,0.7576820818070819,0.1131184539408401,-1.3939554185345227,-0.15768208180708188,4.0,6.0,3.0,0.0,0
45.5,45.5,0.6,0.7576820818070819,0.1131184539408401,-1.3939554185345227,-0.15768208180708188,4.0,6.0,3.0,0.0,0
45.5,45.5,0.6,0.7576820818070819,0.1131184539408401,-1.3939554185345227,-0.15768208180708188,4.0,6.0,3.0,-0.29999999999999716,0
46.5,46.5,0.5454545454545454,0.7689408591408592,0.10532275602856238,-2.1219185873345996,-0.22348631368631378,5.0,6.0,3.0,0.0,0
46.5,46.5,0.5454545454545454,0.7689408591408592,0.10532275602856238,-2.1219185873345996,-0.22348631368631378,5.0,6.0,3.0,-0.29999999999999716,0
46.5,46.5,0.5454545454545454,0.7689408591408592,0.10532275602856238,-2.1219185873345996,-0.22348631368631378,5.0,6.0,3.0,-0.29999999999999716,0
47.5,47.5,0.6153846153846154,0.7697890619184736,0.11365066057474499,-1.3585882013621078,-0.1544044465338582,6.0,7.0,4.0,-0.29999999999999716,0
47.5,47.5,0.6153846153846154,0.7697890619184736,0.11365066057474499,-1.3585882013621078,-0.1544044465338582,6.0,7.0,4.0,-0.29999999999999716,0
47.5,47.5,0.6153846153846154,0.7697890619184736,0.11365066057474499,-1.3585882013621078,-0.1544044465338582,6.0,7.0,4.0,0.19999999999999574,0
47.5,47.5,0.6153846153846154,0.7697890619184736,0.11365066057474499,-1.3585882013621078,-0.1544044465338582,6.0,7.0,4.0,-0.10000000000000142,0
48.5,48.5,0.7142857142857143,0.7941799641534936,0.10531215299182488,-0.7586422611071417,-0.07989424986777927,7.0,7.0,5.0,-0.29999999999999716,0
48.5,48.5,0.7142857142857143,0.7941799641534936,0.10531215299182488,-0.7586422611071417,-0.07989424986777927,7.0,7.0,5.0,-0.29999999999999716,0
48.5,48.5,0.7142857142857143,0.7941799641534936,0.10531215299182488,-0.7586422611071417,-0.07989424986777927,7.0,7.0,5.0,0.19999999999999574,0
48.5,48.5,0.7142857142857143,0.7941799641534936,0.10531215299182488,-0.7586422611071417,-0.07989424986777927,7.0,7.0,5.0,-0.10000000000000142,0
48.5,48.5,0.7142857142857143,0.7941799641534936,0.10531215299182488,-0.7586422611071417,-0.07989424986777927,7.0,7.0,5.0,0.29999999999999716,0
49.5,49.5,0.8571428571428571,0.7692971223221224,0.10533194818289149,0.8339894622304439,0.08784573482073466,8.0,6.0,6.0,-0.29999999999999716,0
49.5,49.5,0.8571428571428571,0.7692971223221224,0.10533194818289149,0.8339894622304439,0.08784573482073466,8.0,6.0,6.0,-0.29999999999999716,0
49.5,49.5,0.8571428571428571,0.7692971223221224,0.10533194818289149,0.8339894622304439,0.08784573482073466,8.0,6.0,6.0,0.19999999999999574,0
49.5,49.5,0.8571428571428571,0.7692971223221224,0.10533194818289149,0.8339894622304439,0.08784573482073466,8.0,6.0,6.0,-0.10000000000000142,0
49.5,49.5,0.8571428571428571,0.7692971223221224,0.10533194818289149,0.8339894622304439,0.08784573482073466,8.0,6.0,6.0,0.29999999999999716,0
49.5,49.5,0.8571428571428571,0.7692971223221224,0.10533194818289149,0.8339894622304439,0.08784573482073466,8.0,6.0,6.0,0.10000000000000142,0
50.5,50.5,0.7692307692307693,0.695134792984793,0.11172674820099261,0.6631892312186529,0.0740959762459763,8.0,5.0,5.0,-0.29999999999999716,0
50.5,50.5,0.7692307692307693,0.695134792984793,0.11172674820099261,0.6631892312186529,0.0740959762459763,8.0,5.0,5.0,0.19999999999999574,0
50.5,50.5,0.7692307692307693,0.695134792984793,0.11172674820099261,0.6631892312186529,0.0740959762459763,8.0,5.0,5.0,-0.10000000000000142,0
50.5,50.5,0.7692307692307693,0.695134792984793,0.11172674820099261,0.6631892312186529,0.0740959762459763,8.0,5.0,5.0,0.29999999999999716,0
50.5,50.5,0.7692307692307693,0.695134792984793,0.11172674820099261,0.6631892312186529,0.0740959762459763,8.0,5.0,5.0,0.10000000000000142,0
51.5,51.5,0.7692307692307693,0.7083491813741813,0.10687988253848443,0.5696262609071093,0.060881587856587926,7.0,6.0,5.0,0.19999999999999574,0
51.5,51.5,0.7692307692307693,0.7083491813741813,0.10687988253848443,0.5696262609071093,0.060881587856587926,7.0,6.0,5.0,-0.10000000000000142,0
51.5,51.5,0.7692307692307693,0.7083491813741813,0.10687988253848443,0.5696262609071093,0.060881587856587926,7.0,6.0,5.0,0.29999999999999716,0
51.5,51.5,0.7692307692307693,0.7083491813741813,0.10687988253848443,0.5696262609071093,0.060881587856587926,7.0,6.0,5.0,0.10000000000000142,0
51.5,51.5,0.7692307692307693,0.7083491813741813,0.10687988253848443,0.5696262609071093,0.060881587856587926,7.0,6.0,5.0,-0.10000000000000142,0
52.5,52.5,0.8333333333333334,0.7115809773559774,0.10478548993552578,1.1619199953378077,0.12175235597735601,6.0,6.0,5.0,0.29999999999999716,0
52.5,52.5,0.8333333333333334,0.7115809773559774,0.10478548993552578,1.1619199953378077,0.12175235597735601,6.0,6.0,5.0,0.29999999999999716,0
52.5,52.5,0.8333333333333334,0.7115809773559774,0.10478548993552578,1.1619199953378077,0.12175235597735601,6.0,6.0,5.0,0.10000000000000142,0
52.5,52.5,0.8333333333333334,0.7115809773559774,0.10478548993552578,1.1619199953378077,0.12175235597735601,6.0,6.0,5.0,-0.10000000000000142,0
52.5,52.5,0.8333333333333334,0.7115809773559774,0.10478548993552578,1.1619199953378077,0.12175235597735601,6.0,6.0,5.0,-0.29999999999999716,0
53.5,53.5,0.6666666666666666,0.685236840936841,0.10568431569250862,-0.1757136255128415,-0.018570174270174378,7.0,5.0,4.0,0.10000000000000142,0
53.5,53.5,0.6666666666666666,0.685236840936841,0.10568431569250862,-0.1757136255128415,-0.018570174270174378,7.0,5.0,4.0,-0.10000000000000142,0
53.5,53.5,0.6666666666666666,0.685236840936841,0.10568431569250862,-0.1757136255128415,-0.018570174270174378,7.0,5.0,4.0,-0.29999999999999716,0
53.5,53.5,0.6666666666666666,0.685236840936841,0.10568431569250862,-0.1757136255128415,-0.018570174270174378,7.0,5.0,4.0,0.20000000000000284,0
54.5,54.5,0.6666666666666666,0.6836508325008325,0.10936127714468794,-0.1553032872110238,-0.016984165834165843,7.0,5.0,4.0,-0.10000000000000142,0
54.5,54.5,0.6666666666666666,0.6836508325008325,0.10936127714468794,-0.1553032872110238,-0.016984165834165843,7.0,5.0,4.0,-0.29999999999999716,0
54.5,54.5,0.6666666666666666,0.6836508325008325,0.10936127714468794,-0.1553032872110238,-0.016984165834165843,7.0,5.0,4.0,0.20000000000000284,0
54.5,54.5,0.6666666666666666,0.6836508325008325,0.10936127714468794,-0.1553032872110238,-0.016984165834165843,7.0,5.0,4.0,-0.10000000000000142,0
55.5,55.5,0.7142857142857143,0.7638356643356643,0.10696656838850896,-0.463228378702228,-0.04954995004995,8.0,6.0,5.0,-0.10000000000000142,0
55.5,55.5,0.7142857142857143,0.7638356643356643,0.10696656838850896,-0.463228378702228,-0.04954995004995,8.0,6.0,5.0,-0.29999999999999716,0
55.5,55.5,0.7142857142857143,0.7638356643356643,0.10696656838850896,-0.463228378702228,-0.04954995004995,8.0,6.0,5.0,0.20000000000000284,0
55.5,55.5,0.7142857142857143,0.7638356643356643,0.10696656838850896,-0.463228378702228,-0.04954995004995,8.0,6.0,5.0,-0.10000000000000142,0
55.5,55.5,0.7142857142857143,0.7638356643356643,0.10696656838850896,-0.463228378702228,-0.04954995004995,8.0,6.0,5.0,0.09999999999999432,0
56.5,56.5,0.7142857142857143,0.7296962925962925,0.11425196151839777,-0.13488239594115592,-0.015410578310578238,8.0,6.0,5.0,-0.29999999999999716,0
56.5,56.5,0.7142857142857143,0.7296962925962925,0.11425196151839777,-0.13488239594115592,-0.015410578310578238,8.0,6.0,5.0,0.20000000000000284,0
56.5,56.5,0.7142857142857143,0.7296962925962925,0.11425196151839777,-0.13488239594115592,-0.015410578310578238,8.0,6.0,5.0,-0.10000000000000142,0
56.5,56.5,0.7142857142857143,0.7296962925962925,0.11425196151839777,-0.13488239594115592,-0.015410578310578238,8.0,6.0,5.0,0.09999999999999432,0
56.5,56.5,0.7142857142857143,0.7296962925962925,0.11425196151839777,-0.13488239594115592,-0.015410578310578238,8.0,6.0,5.0,-0.10000000000000142,0
57.5,57.5,0.8,0.7577783189033189,0.10447133589960407,0.40414608211055847,0.04222168109668112,9.0,6.0,6.0,0.20000000000000284,0
57.5,57.5,0.8,0.7577783189033189,0.10447133589960407,0.40414608211055847,0.04222168109668112,9.0,6.0,6.0,-0.10000000000000142,0
57.5,57.5,0.8,0.7577783189033189,0.10447133589960407,0.40414608211055847,0.04222168109668112,9.0,6.0,6.0,0.09999999999999432,0
57.5,57.5,0.8,0.7577783189033189,0.10447133589960407,0.40414608211055847,0.04222168109668112,9.0,6.0,6.0,-0.10000000000000142,0
57.5,57.5,0.8,0.7577783189033189,0.10447133589960407,0.40414608211055847,0.04222168109668112,9.0,6.0,6.0,-0.10000000000000142,0
57.5,57.5,0.8,0.7577783189033189,0.10447133589960407,0.40414608211055847,0.04222168109668112,9.0,6.0,6.0,0.0,0
58.5,58.5,0.7142857142857143,0.7835078127754598,0.10161683529362642,-0.6812069898627044,-0.06922209848974548,7.0,7.0,5.0,-0.10000000000000142,0
58.5,58.5,0.7142857142857143,0.7835078127754598,0.10161683529362642,-0.6812069898627044,-0.06922209848974548,7.0,7.0,5.0,0.09999999999999432,0
58.5,58.5,0.7142857142857143,0.7835078127754598,0.10161683529362642,-0.6812069898627044,-0.06922209848974548,7.0,7.0,5.0,-0.10000000000000142,0
58.5,58.5,0.7142857142857143,0.7835078127754598,0.10161683529362642,-0.6812069898627044,-0.06922209848974548,7.0,7.0,5.0,-0.10000000000000142,0
58.5,58.5,0.7142857142857143,0.7835078127754598,0.10161683529362642,-0.6812069898627044,-0.06922209848974548,7.0,7.0,5.0,0.0,0
59.5,59.5,0.7142857142857143,0.7986372098489747,0.1014243405204055,-0.8316691548641596,-0.08435149556326038,7.0,7.0,5.0,0.09999999999999432,0
59.5,59.5,0.7142857142857143,0.7986372098489747,0.1014243405204055,-0.8316691548641596,-0.08435149556326038,7.0,7.0,5.0,-0.10000000000000142,0
59.5,59.5,0.7142857142857143,0.7986372098489747,0.1014243405204055,-0.8316691548641596,-0.08435149556326038,7.0,7.0,5.0,-0.10000000000000142,0
59.5,59.5,0.7142857142857143,0.7986372098489747,0.1014243405204055,-0.8316691548641596,-0.08435149556326038,7.0,7.0,5.0,0.0,0
59.5,59.5,0.7142857142857143,0.7986372098489747,0.1014243405204055,-0.8316691548641596,-0.08435149556326038,7.0,7.0,5.0,-0.30000000000000426,0
60.5,60.5,0.7142857142857143,0.8044423130790779,0.10676043317225564,-0.8444757679832364,-0.09015659879336357,7.0,7.0,5.0,-0.10000000000000142,0
60.5,60.5,0.7142857142857143,0.8044423130790779,0.10676043317225564,-0.8444757679832364,-0.09015659879336357,7.0,7.0,5.0,-0.10000000000000142,0
60.5,60.5,0.7142857142857143,0.8044423130790779,0.10676043317225564,-0.8444757679832364,-0.09015659879336357,7.0,7.0,5.0,0.0,0
60.5,60.5,0.7142857142857143,0.8044423130790779,0.10676043317225564,-0.8444757679832364,-0.09015659879336357,7.0,7.0,5.0,-0.30000000000000426,0
60.5,60.5,0.7142857142857143,0.8044423130790779,0.10676043317225564,-0.8444757679832364,-0.09015659879336357,7.0,7.0,5.0,-0.10000000000000142,0
61.5,61.5,0.8,0.8411105623135036,0.0920222977797048,-0.44674566170820296,-0.04111056231350352,7.0,8.0,6.0,-0.10000000000000142,0
61.5,61.5,0.8,0.8411105623135036,0.0920222977797048,-0.44674566170820296,-0.04111056231350352,7.0,8.0,6.0,0.0,0
61.5,61.5,0.8,0.8411105623135036,0.0920222977797048,-0.44674566170820296,-0.04111056231350352,7.0,8.0,6.0,-0.30000000000000426,0
61.5,61.5,0.8,0.8411105623135036,0.0920222977797048,-0.44674566170820296,-0.04111056231350352,7.0,8.0,6.0,-0.10000000000000142,0
61.5,61.5,0.8,0.8411105623135036,0.0920222977797048,-0.44674566170820296,-0.04111056231350352,7.0,8.0,6.0,-0.10000000000000142,0
61.5,61.5,0.8,0.8411105623135036,0.0920222977797048,-0.44674566170820296,-0.04111056231350352,7.0,8.0,6.0,-0.29999999999999716,0
62.5,62.5,0.6153846153846154,0.765007980907981,0.10691896424713225,-1.3994090438205744,-0.14962336552336553,7.0,6.0,4.0,-0.30000000000000426,0
62.5,62.5,0.6153846153846154,0.765007980907981,0.10691896424713225,-1.3994090438205744,-0.14962336552336553,7.0,6.0,4.0,-0.10000000000000142,0
62.5,62.5,0.6153846153846154,0.765007980907981,0.10691896424713225,-1.3994090438205744,-0.14962336552336553,7.0,6.0,4.0,-0.10000000000000142,0
62.5,62.5,0.6153846153846154,0.765007980907981,0.10691896424713225,-1.3994090438205744,-0.14962336552336553,7.0,6.0,4.0,-0.29999999999999716,0
63.5,63.5,0.6153846153846154,0.6089412698412698,0.12292298833558007,0.05241774244663846,0.00644334554334558,9.0,4.0,4.0,-0.30000000000000426,0
63.5,63.5,0.6153846153846154,0.6089412698412698,0.12292298833558007,0.05241774244663846,0.00644334554334558,9.0,4.0,4.0,-0.10000000000000142,0
63.5,63.5,0.6153846153846154,0.6089412698412698,0.12292298833558007,0.05241774244663846,0.00644334554334558,9.0,4.0,4.0,-0.10000000000000142,0
63.5,63.5,0.6153846153846154,0.6089412698412698,0.12292298833558007,0.05241774244663846,0.00644334554334558,9.0,4.0,4.0,-0.29999999999999716,0
64.5,64.5,0.7692307692307693,0.6691310689310689,0.10830949328998198,0.9242006149146952,0.10009970029970039,8.0,5.0,5.0,-0.10000000000000142,0
64.5,64.5,0.7692307692307693,0.6691310689310689,0.10830949328998198,0.9242006149146952,0.10009970029970039,8.0,5.0,5.0,-0.10000000000000142,0
64.5,64.5,0.7692307692307693,0.6691310689310689,0.10830949328998198,0.9242006149146952,0.10009970029970039,8.0,5.0,5.0,-0.29999999999999716,0
64.5,64.5,0.7692307692307693,0.6691310689310689,0.10830949328998198,0.9242006149146952,0.10009970029970039,8.0,5.0,5.0,-0.20000000000000284,0
64.5,64.5,0.7692307692307693,0.6691310689310689,0.10830949328998198,0.9242006149146952,0.10009970029970039,8.0,5.0,5.0,-0.30000000000001137,0
65.5,65.5,0.7272727272727273,0.5798048895548895,0.1117294560013171,1.3198653514978125,0.14746783771783778,7.0,4.0,4.0,-0.10000000000000142,0
65.5,65.5,0.7272727272727273,0.5798048895548895,0.1117294560013171,1.3198653514978125,0.14746783771783778,7.0,4.0,4.0,-0.29999999999999716,0
65.5,65.5,0.7272727272727273,0.5798048895548895,0.1117294560013171,1.3198653514978125,0.14746783771783778,7.0,4.0,4.0,-0.20000000000000284,0
65.5,65.5,0.7272727272727273,0.5798048895548895,0.1117294560013171,1.3198653514978125,0.14746783771783778,7.0,4.0,4.0,-0.30000000000001137,0
66.5,66.5,0.6,0.4788685703185703,0.11444620024176061,1.0584137299931928,0.1211314296814297,7.0,3.0,3.0,-0.20000000000000284,0
66.5,66.5,0.6,0.4788685703185703,0.11444620024176061,1.0584137299931928,0.1211314296814297,7.0,3.0,3.0,-0.30000000000001137,0
66.5,66.5,0.6,0.4788685703185703,0.11444620024176061,1.0584137299931928,0.1211314296814297,7.0,3.0,3.0,-0.09999999999999432,0
67.5,67.5,0.6666666666666666,0.6028504384504384,0.10862167904823242,0.5875091305474227,0.06381622821622823,8.0,4.0,4.0,-0.20000000000000284,0
67.5,67.5,0.6666666666666666,0.6028504384504384,0.10862167904823242,0.5875091305474227,0.06381622821622823,8.0,4.0,4.0,-0.30000000000001137,0
67.5,67.5,0.6666666666666666,0.6028504384504384,0.10862167904823242,0.5875091305474227,0.06381622821622823,8.0,4.0,4.0,-0.09999999999999432,0
67.5,67.5,0.6666666666666666,0.6028504384504384,0.10862167904823242,0.5875091305474227,0.06381622821622823,8.0,4.0,4.0,0.09999999999999432,0
68.5,68.5,0.7142857142857143,0.6825725385725385,0.10367795662140995,0.3058815658277245,0.03171317571317578,9.0,5.0,5.0,-0.20000000000000284,0
68.5,68.5,0.7142857142857143,0.6825725385725385,0.10367795662140995,0.3058815658277245,0.03171317571317578,9.0,5.0,5.0,-0.30000000000001137,0
68.5,68.5,0.7142857142857143,0.6825725385725385,0.10367795662140995,0.3058815658277245,0.03171317571317578,9.0,5.0,5.0,-0.09999999999999432,0
68.5,68.5,0.7142857142857143,0.6825725385725385,0.10367795662140995,0.3058815658277245,0.03171317571317578,9.0,5.0,5.0,0.09999999999999432,0
68.5,68.5,0.7142857142857143,0.6825725385725385,0.10367795662140995,0.3058815658277245,0.03171317571317578,9.0,5.0,5.0,0.0,0
69.5,69.5,0.6666666666666666,0.6040930735930735,0.11178570362363648,0.5597638252944026,0.06257359307359311,8.0,4.0,4.0,-0.09999999999999432,0
69.5,69.5,0.6666666666666666,0.6040930735930735,0.11178570362363648,0.5597638252944026,0.06257359307359311,8.0,4.0,4.0,0.09999999999999432,0
69.5,69.5,0.6666666666666666,0.6040930735930735,0.11178570362363648,0.5597638252944026,0.06257359307359311,8.0,4.0,4.0,0.0,0
69.5,69.5,0.6666666666666666,0.6040930735930735,0.11178570362363648,0.5597638252944026,0.06257359307359311,8.0,4.0,4.0,0.0,0
70.5,70.5,0.6666666666666666,0.748938197913198,0.1054475840438591,-0.7802125766325002,-0.08227153124653142,9.0,6.0,5.0,-0.09999999999999432,0
70.5,70.5,0.6666666666666666,0.748938197913198,0.1054475840438591,-0.7802125766325002,-0.08227153124653142,9.0,6.0,5.0,0.09999999999999432,0
70.5,70.5,0.6666666666666666,0.748938197913198,0.1054475840438591,-0.7802125766325002,-0.08227153124653142,9.0,6.0,5.0,0.0,0
70.5,70.5,0.6666666666666666,0.748938197913198,0.1054475840438591,-0.7802125766325002,-0.08227153124653142,9.0,6.0,5.0,0.0,0
70.5,70.5,0.6666666666666666,0.748938197913198,0.1054475840438591,-0.7802125766325002,-0.08227153124653142,9.0,6.0,5.0,-0.20000000000000284,0
71.5,71.5,0.7142857142857143,0.7517032412032413,0.10701938897488249,-0.34963315784122906,-0.03741752691752698,8.0,6.0,5.0,0.09999999999999432,0
71.5,71.5,0.7142857142857143,0.7517032412032413,0.10701938897488249,-0.34963315784122906,-0.03741752691752698,8.0,6.0,5.0,0.0,0
71.5,71.5,0.7142857142857143,0.7517032412032413,0.10701938897488249,-0.34963315784122906,-0.03741752691752698,8.0,6.0,5.0,0.0,0
71.5,71.5,0.7142857142857143,0.7517032412032413,0.10701938897488249,-0.34963315784122906,-0.03741752691752698,8.0,6.0,5.0,-0.20000000000000284,0
71.5,71.5,0.7142857142857143,0.7517032412032413,0.10701938897488249,-0.34963315784122906,-0.03741752691752698,8.0,6.0,5.0,-0.20000000000000284,0
72.5,72.5,0.6666666666666666,0.7911608842138255,0.10378161782203053,-1.1995786937976551,-0.12449421754715884,8.0,7.0,5.0,0.0,0
72.5,72.5,0.6666666666666666,0.7911608842138255,0.10378161782203053,-1.1995786937976551,-0.12449421754715884,8.0,7.0,5.0,0.0,0
72.5,72.5,0.6666666666666666,0.7911608842138255,0.10378161782203053,-1.1995786937976551,-0.12449421754715884,8.0,7.0,5.0,-0.20000000000000284,0
72.5,72.5,0.6666666666666666,0.7911608842138255,0.10378161782203053,-1.1995786937976551,-0.12449421754715884,8.0,7.0,5.0,-0.20000000000000284,0
72.5,72.5,0.6666666666666666,0.7911608842138255,0.10378161782203053,-1.1995786937976551,-0.12449421754715884,8.0,7.0,5.0,0.10000000000000853,0
73.5,73.5,0.7692307692307693,0.7923241914947798,0.10662870273804134,-0.2165779163678379,-0.023093422264010566,6.0,7.0,5.0,0.0,0
73.5,73.5,0.7692307692307693,0.7923241914947798,0.10662870273804134,-0.2165779163678379,-0.023093422264010566,6.0,7.0,5.0,-0.20000000000000284,0
73.5,73.5,0.7692307692307693,0.7923241914947798,0.10662870273804134,-0.2165779163678379,-0.023093422264010566,6.0,7.0,5.0,-0.20000000000000284,0
73.5,73.5,0.7692307692307693,0.7923241914947798,0.10662870273804134,-0.2165779163678379,-0.023093422264010566,6.0,7.0,5.0,0.10000000000000853,0
73.5,73.5,0.7692307692307693,0.7923241914947798,0.10662870273804134,-0.2165779163678379,-0.023093422264010566,6.0,7.0,5.0,-0.29999999999999716,0
74.5,74.5,0.7692307692307693,0.7827775126833951,0.11002167585053206,-0.12312795045068696,-0.013546743452625853,6.0,7.0,5.0,-0.20000000000000284,0
74.5,74.5,0.7692307692307693,0.7827775126833951,0.11002167585053206,-0.12312795045068696,-0.013546743452625853,6.0,7.0,5.0,-0.20000000000000284,0
74.5,74.5,0.7692307692307693,0.7827775126833951,0.11002167585053206,-0.12312795045068696,-0.013546743452625853,6.0,7.0,5.0,0.10000000000000853,0
74.5,74.5,0.7692307692307693,0.7827775126833951,0.11002167585053206,-0.12312795045068696,-0.013546743452625853,6.0,7.0,5.0,-0.29999999999999716,0
74.5,74.5,0.7692307692307693,0.7827775126833951,0.11002167585053206,-0.12312795045068696,-0.013546743452625853,6.0,7.0,5.0,-0.29999999999999716,0
75.5,75.5,0.7692307692307693,0.7458868742368743,0.11540920024322471,0.202270659052292,0.023343894993894998,7.0,6.0,5.0,-0.20000000000000284,0
75.5,75.5,0.7692307692307693,0.7458868742368743,0.11540920024322471,0.202270659052292,0.023343894993894998,7.0,6.0,5.0,0.10000000000000853,0
75.5,75.5,0.7692307692307693,0.7458868742368743,0.11540920024322471,0.202270659052292,0.023343894993894998,7.0,6.0,5.0,-0.29999999999999716,0
75.5,75.5,0.7692307692307693,0.7458868742368743,0.11540920024322471,0.202270659052292,0.023343894993894998,7.0,6.0,5.0,-0.29999999999999716,0
75.5,75.5,0.7692307692307693,0.7458868742368743,0.11540920024322471,0.202270659052292,0.023343894993894998,7.0,6.0,5.0,-0.10000000000000853,0
76.5,76.5,0.7142857142857143,0.7157077922077921,0.11200456984649275,-0.012696606254788047,-0.0014220779220778246,8.0,6.0,5.0,0.10000000000000853,0
76.5,76.5,0.7142857142857143,0.7157077922077921,0.11200456984649275,-0.012696606254788047,-0.0014220779220778246,8.0,6.0,5.0,-0.29999999999999716,0
76.5,76.5,0.7142857142857143,0.7157077922077921,0.11200456984649275,-0.012696606254788047,-0.0014220779220778246,8.0,6.0,5.0,-0.29999999999999716,0
76.5,76.5,0.7142857142857143,0.7157077922077921,0.11200456984649275,-0.012696606254788047,-0.0014220779220778246,8.0,6.0,5.0,-0.10000000000000853,0
76.5,76.5,0.7142857142857143,0.7157077922077921,0.11200456984649275,-0.012696606254788047,-0.0014220779220778246,8.0,6.0,5.0,0.0,0
77.5,77.5,0.7142857142857143,0.6966857642357642,0.10617380737183477,0.16576546029203523,0.017599950049950075,9.0,5.0,5.0,-0.29999999999999716,0
77.5,77.5,0.7142857142857143,0.6966857642357642,0.10617380737183477,0.16576546029203523,0.017599950049950075,9.0,5.0,5.0,-0.29999999999999716,0
77.5,77.5,0.7142857142857143,0.6966857642357642,0.10617380737183477,0.16576546029203523,0.017599950049950075,9.0,5.0,5.0,-0.10000000000000853,0
77.5,77.5,0.7142857142857143,0.6966857642357642,0.10617380737183477,0.16576546029203523,0.017599950049950075,9.0,5.0,5.0,0.0,0
77.5,77.5,0.7142857142857143,0.6966857642357642,0.10617380737183477,0.16576546029203523,0.017599950049950075,9.0,5.0,5.0,-0.20000000000000284,0
78.5,78.5,0.7142857142857143,0.7155238899988899,0.10771736051487099,-0.011494671864009334,-0.0012381757131756377,8.0,6.0,5.0,0.29999999999999716,0
78.5,78.5,0.7142857142857143,0.7155238899988899,0.10771736051487099,-0.011494671864009334,-0.0012381757131756377,8.0,6.0,5.0,-0.10000000000000853,0
78.5,78.5,0.7142857142857143,0.7155238899988899,0.10771736051487099,-0.011494671864009334,-0.0012381757131756377,8.0,6.0,5.0,0.0,0
78.5,78.5,0.7142857142857143,0.7155238899988899,0.10771736051487099,-0.011494671864009334,-0.0012381757131756377,8.0,6.0,5.0,-0.20000000000000284,0
78.5,78.5,0.7142857142857143,0.7155238899988899,0.10771736051487099,-0.011494671864009334,-0.0012381757131756377,8.0,6.0,5.0,0.09999999999999432,0
79.5,79.5,0.8,0.7484246697746698,0.10729055065920337,0.48070710708861575,0.05157533022533023,9.0,6.0,6.0,-0.10000000000000853,0
79.5,79.5,0.8,0.7484246697746698,0.10729055065920337,0.48070710708861575,0.05157533022533023,9.0,6.0,6.0,0.0,0
79.5,79.5,0.8,0.7484246697746698,0.10729055065920337,0.48070710708861575,0.05157533022533023,9.0,6.0,6.0,-0.20000000000000284,0
79.5,79.5,0.8,0.7484246697746698,0.10729055065920337,0.48070710708861575,0.05157533022533023,9.0,6.0,6.0,0.09999999999999432,0
79.5,79.5,0.8,0.7484246697746698,0.10729055065920337,0.48070710708861575,0.05157533022533023,9.0,6.0,6.0,0.09999999999999432,0
79.5,79.5,0.8,0.7484246697746698,0.10729055065920337,0.48070710708861575,0.05157533022533023,9.0,6.0,6.0,0.10000000000000853,0
80.5,80.5,0.75,0.7842496547570078,0.10303051081217775,-0.3324224493018786,-0.03424965475700781,9.0,7.0,6.0,0.0,0
80.5,80.5,0.75,0.7842496547570078,0.10303051081217775,-0.3324224493018786,-0.03424965475700781,9.0,7.0,6.0,-0.20000000000000284,0
80.5,80.5,0.75,0.7842496547570078,0.10303051081217775,-0.3324224493018786,-0.03424965475700781,9.0,7.0,6.0,0.09999999999999432,0
80.5,80.5,0.75,0.7842496547570078,0.10303051081217775,-0.3324224493018786,-0.03424965475700781,9.0,7.0,6.0,0.09999999999999432,0
80.5,80.5,0.75,0.7842496547570078,0.10303051081217775,-0.3324224493018786,-0.03424965475700781,9.0,7.0,6.0,0.10000000000000853,0
80.5,80.5,0.75,0.7842496547570078,0.10303051081217775,-0.3324224493018786,-0.03424965475700781,9.0,7.0,6.0,-0.20000000000000284,0
81.5,81.5,0.8,0.795287780356898,0.10812167595012309,0.043582561976525894,0.004712219643102089,8.0,7.0,6.0,-0.20000000000000284,0
81.5,81.5,0.8,0.795287780356898,0.10812167595012309,0.043582561976525894,0.004712219643102089,8.0,7.0,6.0,0.09999999999999432,0
81.5,81.5,0.8,0.795287780356898,0.10812167595012309,0.043582561976525894,0.004712219643102089,8.0,7.0,6.0,0.09999999999999432,0
81.5,81.5,0.8,0.795287780356898,0.10812167595012309,0.043582561976525894,0.004712219643102089,8.0,7.0,6.0,0.10000000000000853,0
81.5,81.5,0.8,0.795287780356898,0.10812167595012309,0.043582561976525894,0.004712219643102089,8.0,7.0,6.0,-0.20000000000000284,0
81.5,81.5,0.8,0.795287780356898,0.10812167595012309,0.043582561976525894,0.004712219643102089,8.0,7.0,6.0,-0.10000000000000853,0
82.5,82.5,0.8,0.7936284676108205,0.11092108835609472,0.057442029136287695,0.006371532389179535,8.0,7.0,6.0,0.09999999999999432,0
82.5,82.5,0.8,0.7936284676108205,0.11092108835609472,0.057442029136287695,0.006371532389179535,8.0,7.0,6.0,0.09999999999999432,0
82.5,82.5,0.8,0.7936284676108205,0.11092108835609472,0.057442029136287695,0.006371532389179535,8.0,7.0,6.0,0.10000000000000853,0
82.5,82.5,0.8,0.7936284676108205,0.11092108835609472,0.057442029136287695,0.006371532389179535,8.0,7.0,6.0,-0.20000000000000284,0
82.5,82.5,0.8,0.7936284676108205,0.11092108835609472,0.057442029136287695,0.006371532389179535,8.0,7.0,6.0,-0.10000000000000853,0
82.5,82.5,0.8,0.7936284676108205,0.11092108835609472,0.057442029136287695,0.006371532389179535,8.0,7.0,6.0,-0.29999999999999716,0
83.5,83.5,0.8571428571428571,0.7500236053162525,0.11022048648903851,0.9718633553414565,0.10711925182660464,7.0,7.0,6.0,0.09999999999999432,0
83.5,83.5,0.8571428571428571,0.7500236053162525,0.11022048648903851,0.9718633553414565,0.10711925182660464,7.0,7.0,6.0,0.10000000000000853,0
83.5,83.5,0.8571428571428571,0.7500236053162525,0.11022048648903851,0.9718633553414565,0.10711925182660464,7.0,7.0,6.0,-0.20000000000000284,0
83.5,83.5,0.8571428571428571,0.7500236053162525,0.11022048648903851,0.9718633553414565,0.10711925182660464,7.0,7.0,6.0,-0.10000000000000853,0
83.5,83.5,0.8571428571428571,0.7500236053162525,0.11022048648903851,0.9718633553414565,0.10711925182660464,7.0,7.0,6.0,-0.29999999999999716,0
83.5,83.5,0.8571428571428571,0.7500236053162525,0.11022048648903851,0.9718633553414565,0.10711925182660464,7.0,7.0,6.0,-0.29999999999999716,0
84.5,84.5,0.7692307692307693,0.7301114024864025,0.11376968088813774,0.3438470288303813,0.03911936674436678,7.0,6.0,5.0,-0.20000000000000284,0
84.5,84.5,0.7692307692307693,0.7301114024864025,0.11376968088813774,0.3438470288303813,0.03911936674436678,7.0,6.0,5.0,-0.10000000000000853,0
84.5,84.5,0.7692307692307693,0.7301114024864025,0.11376968088813774,0.3438470288303813,0.03911936674436678,7.0,6.0,5.0,-0.29999999999999716,0
84.5,84.5,0.7692307692307693,0.7301114024864025,0.11376968088813774,0.3438470288303813,0.03911936674436678,7.0,6.0,5.0,-0.29999999999999716,0
84.5,84.5,0.7692307692307693,0.7301114024864025,0.11376968088813774,0.3438470288303813,0.03911936674436678,7.0,6.0,5.0,0.10000000000000853,0
85.5,85.5,0.8333333333333334,0.6942205794205792,0.10841909591786868,1.2831019548266385,0.13911275391275413,7.0,5.0,5.0,-0.10000000000000853,0
85.5,85.5,0.8333333333333334,0.6942205794205792,0.10841909591786868,1.2831019548266385,0.13911275391275413,7.0,5.0,5.0,-0.29999999999999716,0
85.5,85.5,0.8333333333333334,0.6942205794205792,0.10841909591786868,1.2831019548266385,0.13911275391275413,7.0,5.0,5.0,-0.29999999999999716,0
85.5,85.5,0.8333333333333334,0.6942205794205792,0.10841909591786868,1.2831019548266385,0.13911275391275413,7.0,5.0,5.0,0.10000000000000853,0
85.5,85.5,0.8333333333333334,0.6942205794205792,0.10841909591786868,1.2831019548266385,0.13911275391275413,7.0,5.0,5.0,-0.09999999999999432,0
86.5,86.5,0.7272727272727273,0.6053233766233765,0.1157373552685538,1.0536732100572266,0.12194935064935075,7.0,4.0,4.0,-0.29999999999999716,0
86.5,86.5,0.7272727272727273,0.6053233766233765,0.1157373552685538,1.0536732100572266,0.12194935064935075,7.0,4.0,4.0,-0.29999999999999716,0
86.5,86.5,0.7272727272727273,0.6053233766233765,0.1157373552685538,1.0536732100572266,0.12194935064935075,7.0,4.0,4.0,0.10000000000000853,0
86.5,86.5,0.7272727272727273,0.6053233766233765,0.1157373552685538,1.0536732100572266,0.12194935064935075,7.0,4.0,4.0,-0.09999999999999432,0
87.5,87.5,0.6666666666666666,0.6097772338772338,0.11028029821651583,0.5158621595104911,0.056889432789432814,8.0,4.0,4.0,-0.29999999999999716,0
87.5,87.5,0.6666666666666666,0.6097772338772338,0.11028029821651583,0.5158621595104911,0.056889432789432814,8.0,4.0,4.0,0.10000000000000853,0
87.5,87.5,0.6666666666666666,0.6097772338772338,0.11028029821651583,0.5158621595104911,0.056889432789432814,8.0,4.0,4.0,-0.09999999999999432,0
87.5,87.5,0.6666666666666666,0.6097772338772338,0.11028029821651583,0.5158621595104911,0.056889432789432814,8.0,4.0,4.0,-0.20000000000000284,0
88.5,88.5,0.7142857142857143,0.6587476190476191,0.11685596681665311,0.47526965674961535,0.055538095238095164,9.0,5.0,5.0,0.10000000000000853,0
88.5,88.5,0.7142857142857143,0.6587476190476191,0.11685596681665311,0.47526965674961535,0.055538095238095164,9.0,5.0,5.0,-0.09999999999999432,0
88.5,88.5,0.7142857142857143,0.6587476190476191,0.11685596681665311,0.47526965674961535,0.055538095238095164,9.0,5.0,5.0,-0.20000000000000284,0
88.5,88.5,0.7142857142857143,0.6587476190476191,0.11685596681665311,0.47526965674961535,0.055538095238095164,9.0,5.0,5.0,0.09999999999999432,0
88.5,88.5,0.7142857142857143,0.6587476190476191,0.11685596681665311,0.47526965674961535,0.055538095238095164,9.0,5.0,5.0,-0.20000000000000284,0
89.5,89.5,0.5714285714285714,0.5871152958152958,0.10992862746494449,-0.1426991744414052,-0.01568672438672436,10.0,4.0,4.0,-0.09999999999999432,0
89.5,89.5,0.5714285714285714,0.5871152958152958,0.10992862746494449,-0.1426991744414052,-0.01568672438672436,10.0,4.0,4.0,-0.20000000000000284,0
89.5,89.5,0.5714285714285714,0.5871152958152958,0.10992862746494449,-0.1426991744414052,-0.01568672438672436,10.0,4.0,4.0,0.09999999999999432,0
89.5,89.5,0.5714285714285714,0.5871152958152958,0.10992862746494449,-0.1426991744414052,-0.01568672438672436,10.0,4.0,4.0,-0.20000000000000284,0
90.5,90.5,0.7142857142857143,0.6929461649461649,0.10999378898948857,0.19400685743800217,0.021339549339549402,9.0,5.0,5.0,-0.20000000000000284,0
90.5,90.5,0.7142857142857143,0.6929461649461649,0.10999378898948857,0.19400685743800217,0.021339549339549402,9.0,5.0,5.0,0.09999999999999432,0
90.5,90.5,0.7142857142857143,0.6929461649461649,0.10999378898948857,0.19400685743800217,0.021339549339549402,9.0,5.0,5.0,-0.20000000000000284,0
90.5,90.5,0.7142857142857143,0.6929461649461649,0.10999378898948857,0.19400685743800217,0.021339549339549402,9.0,5.0,5.0,-0.19999999999998863,0
90.5,90.5,0.7142857142857143,0.6929461649461649,0.10999378898948857,0.19400685743800217,0.021339549339549402,9.0,5.0,5.0,0.09999999999999432,0
91.5,91.5,0.7142857142857143,0.7687857198357199,0.10177376647899741,-0.5355015092347248,-0.05450000555000556,8.0,6.0,5.0,-0.20000000000000284,0
91.5,91.5,0.7142857142857143,0.7687857198357199,0.10177376647899741,-0.5355015092347248,-0.05450000555000556,8.0,6.0,5.0,0.09999999999999432,0
91.5,91.5,0.7142857142857143,0.7687857198357199,0.10177376647899741,-0.5355015092347248,-0.05450000555000556,8.0,6.0,5.0,-0.20000000000000284,0
91.5,91.5,0.7142857142857143,0.7687857198357199,0.10177376647899741,-0.5355015092347248,-0.05450000555000556,8.0,6.0,5.0,-0.19999999999998863,0
91.5,91.5,0.7142857142857143,0.7687857198357199,0.10177376647899741,-0.5355015092347248,-0.05450000555000556,8.0,6.0,5.0,0.09999999999999432,0
92.5,92.5,0.8,0.8143790768055474,0.10009352083162906,-0.14365641937738372,-0.014379076805547397,8.0,7.0,6.0,0.09999999999999432,0
92.5,92.5,0.8,0.8143790768055474,0.10009352083162906,-0.14365641937738372,-0.014379076805547397,8.0,7.0,6.0,-0.20000000000000284,0
92.5,92.5,0.8,0.8143790768055474,0.10009352083162906,-0.14365641937738372,-0.014379076805547397,8.0,7.0,6.0,-0.19999999999998863,0
92.5,92.5,0.8,0.8143790768055474,0.10009352083162906,-0.14365641937738372,-0.014379076805547397,8.0,7.0,6.0,0.09999999999999432,0
92.5,92.5,0.8,0.8143790768055474,0.10009352083162906,-0.14365641937738372,-0.014379076805547397,8.0,7.0,6.0,-0.29999999999999716,0
92.5,92.5,0.8,0.8143790768055474,0.10009352083162906,-0.14365641937738372,-0.014379076805547397,8.0,7.0,6.0,0.20000000000000284,0
93.5,93.5,0.8571428571428571,0.7920418174962294,0.10340176728391022,0.6295931042249965,0.06510103964662772,7.0,7.0,6.0,0.29999999999999716,0
93.5,93.5,0.8571428571428571,0.7920418174962294,0.10340176728391022,0.6295931042249965,0.06510103964662772,7.0,7.0,6.0,-0.19999999999998863,0
93.5,93.5,0.8571428571428571,0.7920418174962294,0.10340176728391022,0.6295931042249965,0.06510103964662772,7.0,7.0,6.0,0.09999999999999432,0
93.5,93.5,0.8571428571428571,0.7920418174962294,0.10340176728391022,0.6295931042249965,0.06510103964662772,7.0,7.0,6.0,-0.29999999999999716,0
93.5,93.5,0.8571428571428571,0.7920418174962294,0.10340176728391022,0.6295931042249965,0.06510103964662772,7.0,7.0,6.0,0.20000000000000284,0
93.5,93.5,0.8571428571428571,0.7920418174962294,0.10340176728391022,0.6295931042249965,0.06510103964662772,7.0,7.0,6.0,-0.09999999999999432,0
94.5,94.5,0.7142857142857143,0.7910338259779437,0.10141743396806464,-0.7567546198851435,-0.07674811169222939,7.0,7.0,5.0,0.09999999999999432,0
94.5,94.5,0.7142857142857143,0.7910338259779437,0.10141743396806464,-0.7567546198851435,-0.07674811169222939,7.0,7.0,5.0,-0.29999999999999716,0
94.5,94.5,0.7142857142857143,0.7910338259779437,0.10141743396806464,-0.7567546198851435,-0.07674811169222939,7.0,7.0,5.0,0.20000000000000284,0
94.5,94.5,0.7142857142857143,0.7910338259779437,0.10141743396806464,-0.7567546198851435,-0.07674811169222939,7.0,7.0,5.0,-0.09999999999999432,0
94.5,94.5,0.7142857142857143,0.7910338259779437,0.10141743396806464,-0.7567546198851435,-0.07674811169222939,7.0,7.0,5.0,0.20000000000000284,0
95.5,95.5,0.6666666666666666,0.7601855810855811,0.0997396201465998,-0.9376305452282454,-0.09351891441891447,6.0,6.0,4.0,-0.29999999999999716,0
95.5,95.5,0.6666666666666666,0.7601855810855811,0.0997396201465998,-0.9376305452282454,-0.09351891441891447,6.0,6.0,4.0,0.20000000000000284,0
95.5,95.5,0.6666666666666666,0.7601855810855811,0.0997396201465998,-0.9376305452282454,-0.09351891441891447,6.0,6.0,4.0,-0.09999999999999432,0
95.5,95.5,0.6666666666666666,0.7601855810855811,0.0997396201465998,-0.9376305452282454,-0.09351891441891447,6.0,6.0,4.0,0.20000000000000284,0
96.5,96.5,0.7692307692307693,0.7193064657564657,0.11326939592175723,0.44075721485077585,0.049924303474303544,7.0,6.0,5.0,0.20000000000000284,0
96.5,96.5,0.7692307692307693,0.7193064657564657,0.11326939592175723,0.44075721485077585,0.049924303474303544,7.0,6.0,5.0,0.20000000000000284,0
96.5,96.5,0.7692307692307693,0.7193064657564657,0.11326939592175723,0.44075721485077585,0.049924303474303544,7.0,6.0,5.0,-0.09999999999999432,0
96.5,96.5,0.7692307692307693,0.7193064657564657,0.11326939592175723,0.44075721485077585,0.049924303474303544,7.0,6.0,5.0,0.20000000000000284,0
96.5,96.5,0.7692307692307693,0.7193064657564657,0.11326939592175723,0.44075721485077585,0.049924303474303544,7.0,6.0,5.0,0.09999999999999432,0
97.5,97.5,0.6153846153846154,0.6904100455100455,0.10873909285291092,-0.6899582124242601,-0.07502543012543006,7.0,6.0,4.0,-0.09999999999999432,0
97.5,97.5,0.6153846153846154,0.6904100455100455,0.10873909285291092,-0.6899582124242601,-0.07502543012543006,7.0,6.0,4.0,0.20000000000000284,0
97.5,97.5,0.6153846153846154,0.6904100455100455,0.10873909285291092,-0.6899582124242601,-0.07502543012543006,7.0,6.0,4.0,0.09999999999999432,0
97.5,97.5,0.6153846153846154,0.6904100455100455,0.10873909285291092,-0.6899582124242601,-0.07502543012543006,7.0,6.0,4.0,0.09999999999999432,0
98.5,98.5,0.6153846153846154,0.691363073038073,0.12149126446289041,-0.6253820633883125,-0.07597845765345757,7.0,6.0,4.0,0.20000000000000284,0
98.5,98.5,0.6153846153846154,0.691363073038073,0.12149126446289041,-0.6253820633883125,-0.07597845765345757,7.0,6.0,4.0,0.09999999999999432,0
98.5,98.5,0.6153846153846154,0.691363073038073,0.12149126446289041,-0.6253820633883125,-0.07597845765345757,7.0,6.0,4.0,0.09999999999999432,0
98.5,98.5,0.6153846153846154,0.691363073038073,0.12149126446289041,-0.6253820633883125,-0.07597845765345757,7.0,6.0,4.0,-0.20000000000000284,0
99.5,99.5,0.6666666666666666,0.7112176268176269,0.11551461700591258,-0.38567379008563,-0.04455096015096027,6.0,6.0,4.0,0.09999999999999432,0
99.5,99.5,0.6666666666666666,0.7112176268176269,0.11551461700591258,-0.38567379008563,-0.04455096015096027,6.0,6.0,4.0,0.09999999999999432,0
99.5,99.5,0.6666666666666666,0.7112176268176269,0.11551461700591258,-0.38567379008563,-0.04455096015096027,6.0,6.0,4.0,-0.20000000000000284,0
99.5,99.5,0.6666666666666666,0.7112176268176269,0.11551461700591258,-0.38567379008563,-0.04455096015096027,6.0,6.0,4.0,-0.29999999999999716,0
100.5,100.5,0.8,0.7648720514779338,0.10626114527150929,0.33058130921053364,0.035127948522066244,8.0,7.0,6.0,0.09999999999999432,0
100.5,100.5,0.8,0.7648720514779338,0.10626114527150929,0.33058130921053364,0.035127948522066244,8.0,7.0,6.0,0.09999999999999432,0
100.5,100.5,0.8,0.7648720514779338,0.10626114527150929,0.33058130921053364,0.035127948522066244,8.0,7.0,6.0,-0.20000000000000284,0
100.5,100.5,0.8,0.7648720514779338,0.10626114527150929,0.33058130921053364,0.035127948522066244,8.0,7.0,6.0,-0.29999999999999716,0
100.5,100.5,0.8,0.7648720514779338,0.10626114527150929,0.33058130921053364,0.035127948522066244,8.0,7.0,6.0,0.0,0
100.5,100.5,0.8,0.7648720514779338,0.10626114527150929,0.33058130921053364,0.035127948522066244,8.0,7.0,6.0,0.10000000000000853,0
101.5,101.5,0.6666666666666666,0.7651196641593702,0.11363692772422909,-0.8663820772383648,-0.09845299749270353,8.0,7.0,5.0,0.09999999999999432,0
101.5,101.5,0.6666666666666666,0.7651196641593702,0.11363692772422909,-0.8663820772383648,-0.09845299749270353,8.0,7.0,5.0,-0.20000000000000284,0
101.5,101.5,0.6666666666666666,0.7651196641593702,0.11363692772422909,-0.8663820772383648,-0.09845299749270353,8.0,7.0,5.0,-0.29999999999999716,0
101.5,101.5,0.6666666666666666,0.7651196641593702,0.11363692772422909,-0.8663820772383648,-0.09845299749270353,8.0,7.0,5.0,0.0,0
101.5,101.5,0.6666666666666666,0.7651196641593702,0.11363692772422909,-0.8663820772383648,-0.09845299749270353,8.0,7.0,5.0,0.10000000000000853,0
102.5,102.5,0.6666666666666666,0.7318909867909867,0.10993579659212577,-0.5932946514801699,-0.06522432012432011,6.0,6.0,4.0,-0.20000000000000284,0
102.5,102.5,0.6666666666666666,0.7318909867909867,0.10993579659212577,-0.5932946514801699,-0.06522432012432011,6.0,6.0,4.0,-0.29999999999999716,0
102.5,102.5,0.6666666666666666,0.7318909867909867,0.10993579659212577,-0.5932946514801699,-0.06522432012432011,6.0,6.0,4.0,0.0,0
102.5,102.5,0.6666666666666666,0.7318909867909867,0.10993579659212577,-0.5932946514801699,-0.06522432012432011,6.0,6.0,4.0,0.10000000000000853,0
103.5,103.5,0.5,0.7492433282403871,0.10402504595006744,-2.395993445271105,-0.24924332824038709,5.0,7.0,3.0,0.0,0
103.5,103.5,0.5,0.7492433282403871,0.10402504595006744,-2.395993445271105,-0.24924332824038709,5.0,7.0,3.0,0.10000000000000853,0
103.5,103.5,0.5,0.7492433282403871,0.10402504595006744,-2.395993445271105,-0.24924332824038709,5.0,7.0,3.0,0.0,0
104.5,104.5,0.7692307692307693,0.7396127475465711,0.10631023033779173,0.27859992015904195,0.029618021684198137,6.0,7.0,5.0,0.0,0
104.5,104.5,0.7692307692307693,0.7396127475465711,0.10631023033779173,0.27859992015904195,0.029618021684198137,6.0,7.0,5.0,0.10000000000000853,0
104.5,104.5,0.7692307692307693,0.7396127475465711,0.10631023033779173,0.27859992015904195,0.029618021684198137,6.0,7.0,5.0,0.0,0
104.5,104.5,0.7692307692307693,0.7396127475465711,0.10631023033779173,0.27859992015904195,0.029618021684198137,6.0,7.0,5.0,0.19999999999998863,0
104.5,104.5,0.7692307692307693,0.7396127475465711,0.10631023033779173,0.27859992015904195,0.029618021684198137,6.0,7.0,5.0,0.0,0
105.5,105.5,0.6153846153846154,0.7529470000587648,0.11818107000773197,-1.1639967777000952,-0.13756238467414938,6.0,7.0,4.0,0.0,0
105.5,105.5,0.6153846153846154,0.7529470000587648,0.11818107000773197,-1.1639967777000952,-0.13756238467414938,6.0,7.0,4.0,0.19999999999998863,0
105.5,105.5,0.6153846153846154,0.7529470000587648,0.11818107000773197,-1.1639967777000952,-0.13756238467414938,6.0,7.0,4.0,0.0,0
105.5,105.5,0.6153846153846154,0.7529470000587648,0.11818107000773197,-1.1639967777000952,-0.13756238467414938,6.0,7.0,4.0,-0.10000000000000853,0
106.5,106.5,0.7142857142857143,0.7916622612681438,0.11083805244162823,-0.6981045342995273,-0.07737654698242946,7.0,7.0,5.0,0.0,0
106.5,106.5,0.7142857142857143,0.7916622612681438,0.11083805244162823,-0.6981045342995273,-0.07737654698242946,7.0,7.0,5.0,0.19999999999998863,0
106.5,106.5,0.7142857142857143,0.7916622612681438,0.11083805244162823,-0.6981045342995273,-0.07737654698242946,7.0,7.0,5.0,0.0,0
106.5,106.5,0.7142857142857143,0.7916622612681438,0.11083805244162823,-0.6981045342995273,-0.07737654698242946,7.0,7.0,5.0,-0.10000000000000853,0
106.5,106.5,0.7142857142857143,0.7916622612681438,0.11083805244162823,-0.6981045342995273,-0.07737654698242946,7.0,7.0,5.0,0.20000000000000284,0
107.5,107.5,0.8,0.7912667053534701,0.11187075259543039,0.07806593272964782,0.008733294646529943,8.0,7.0,6.0,0.0,0
107.5,107.5,0.8,0.7912667053534701,0.11187075259543039,0.07806593272964782,0.008733294646529943,8.0,7.0,6.0,0.19999999999998863,0
107.5,107.5,0.8,0.7912667053534701,0.11187075259543039,0.07806593272964782,0.008733294646529943,8.0,7.0,6.0,0.0,0
107.5,107.5,0.8,0.7912667053534701,0.11187075259543039,0.07806593272964782,0.008733294646529943,8.0,7.0,6.0,-0.10000000000000853,0
107.5,107.5,0.8,0.7912667053534701,0.11187075259543039,0.07806593272964782,0.008733294646529943,8.0,7.0,6.0,0.20000000000000284,0
107.5,107.5,0.8,0.7912667053534701,0.11187075259543039,0.07806593272964782,0.008733294646529943,8.0,7.0,6.0,-0.20000000000000284,0
108.5,108.5,0.6666666666666666,0.7525107031857032,0.11118350018645574,-0.7720933085851351,-0.0858440365190366,9.0,6.0,5.0,0.0,0
108.5,108.5,0.6666666666666666,0.7525107031857032,0.11118350018645574,-0.7720933085851351,-0.0858440365190366,9.0,6.0,5.0,-0.10000000000000853,0
108.5,108.5,0.6666666666666666,0.7525107031857032,0.11118350018645574,-0.7720933085851351,-0.0858440365190366,9.0,6.0,5.0,0.20000000000000284,0
108.5,108.5,0.6666666666666666,0.7525107031857032,0.11118350018645574,-0.7720933085851351,-0.0858440365190366,9.0,6.0,5.0,-0.20000000000000284,0
108.5,108.5,0.6666666666666666,0.7525107031857032,0.11118350018645574,-0.7720933085851351,-0.0858440365190366,9.0,6.0,5.0,-0.20000000000000284,0
109.5,109.5,0.6666666666666666,0.7431882922632924,0.11796853810126376,-0.6486613026512197,-0.07652162559662579,9.0,6.0,5.0,-0.10000000000000853,0
109.5,109.5,0.6666666666666666,0.7431882922632924,0.11796853810126376,-0.6486613026512197,-0.07652162559662579,9.0,6.0,5.0,0.20000000000000284,0
109.5,109.5,0.6666666666666666,0.7431882922632924,0.11796853810126376,-0.6486613026512197,-0.07652162559662579,9.0,6.0,5.0,-0.20000000000000284,0
109.5,109.5,0.6666666666666666,0.7431882922632924,0.11796853810126376,-0.6486613026512197,-0.07652162559662579,9.0,6.0,5.0,-0.20000000000000284,0
109.5,109.5,0.6666666666666666,0.7431882922632924,0.11796853810126376,-0.6486613026512197,-0.07652162559662579,9.0,6.0,5.0,0.0,0
110.5,110.5,0.7692307692307693,0.6959023670773671,0.11564388495731022,0.6340880210006026,0.0733284021534022,7.0,6.0,5.0,0.20000000000000284,0
110.5,110.5,0.7692307692307693,0.6959023670773671,0.11564388495731022,0.6340880210006026,0.0733284021534022,7.0,6.0,5.0,-0.20000000000000284,0
110.5,110.5,0.7692307692307693,0.6959023670773671,0.11564388495731022,0.6340880210006026,0.0733284021534022,7.0,6.0,5.0,-0.20000000000000284,0
110.5,110.5,0.7692307692307693,0.6959023670773671,0.11564388495731022,0.6340880210006026,0.0733284021534022,7.0,6.0,5.0,0.0,0
110.5,110.5,0.7692307692307693,0.6959023670773671,0.11564388495731022,0.6340880210006026,0.0733284021534022,7.0,6.0,5.0,-0.09999999999999432,0
111.5,111.5,0.7692307692307693,0.7356857808857808,0.10740826713267095,0.3123129088709119,0.033544988344988425,7.0,6.0,5.0,-0.20000000000000284,0
111.5,111.5,0.7692307692307693,0.7356857808857808,0.10740826713267095,0.3123129088709119,0.033544988344988425,7.0,6.0,5.0,-0.20000000000000284,0
111.5,111.5,0.7692307692307693,0.7356857808857808,0.10740826713267095,0.3123129088709119,0.033544988344988425,7.0,6.0,5.0,0.0,0
111.5,111.5,0.7692307692307693,0.7356857808857808,0.10740826713267095,0.3123129088709119,0.033544988344988425,7.0,6.0,5.0,-0.09999999999999432,0
111.5,111.5,0.7692307692307693,0.7356857808857808,0.10740826713267095,0.3123129088709119,0.033544988344988425,7.0,6.0,5.0,0.20000000000000284,0
112.5,112.5,0.8571428571428571,0.7657497850189027,0.10068854724204734,0.9076809093714767,0.09139307212395442,7.0,7.0,6.0,-0.20000000000000284,0
112.5,112.5,0.8571428571428571,0.7657497850189027,0.10068854724204734,0.9076809093714767,0.09139307212395442,7.0,7.0,6.0,0.0,0
112.5,112.5,0.8571428571428571,0.7657497850189027,0.10068854724204734,0.9076809093714767,0.09139307212395442,7.0,7.0,6.0,-0.09999999999999432,0
112.5,112.5,0.8571428571428571,0.7657497850189027,0.10068854724204734,0.9076809093714767,0.09139307212395442,7.0,7.0,6.0,0.20000000000000284,0
112.5,112.5,0.8571428571428571,0.7657497850189027,0.10068854724204734,0.9076809093714767,0.09139307212395442,7.0,7.0,6.0,-0.30000000000001137,0
112.5,112.5,0.8571428571428571,0.7657497850189027,0.10068854724204734,0.9076809093714767,0.09139307212395442,7.0,7.0,6.0,-0.29999999999999716,0
113.5,113.5,0.8571428571428571,0.7946820351217412,0.10704842062521344,0.5834819575694359,0.062460822021115914,7.0,7.0,6.0,0.0,0
113.5,113.5,0.8571428571428571,0.7946820351217412,0.10704842062521344,0.5834819575694359,0.062460822021115914,7.0,7.0,6.0,-0.09999999999999432,0
113.5,113.5,0.8571428571428571,0.7946820351217412,0.10704842062521344,0.5834819575694359,0.062460822021115914,7.0,7.0,6.0,0.20000000000000284,0
113.5,113.5,0.8571428571428571,0.7946820351217412,0.10704842062521344,0.5834819575694359,0.062460822021115914,7.0,7.0,6.0,-0.30000000000001137,0
113.5,113.5,0.8571428571428571,0.7946820351217412,0.10704842062521344,0.5834819575694359,0.062460822021115914,7.0,7.0,6.0,-0.29999999999999716,0
113.5,113.5,0.8571428571428571,0.7946820351217412,0.10704842062521344,0.5834819575694359,0.062460822021115914,7.0,7.0,6.0,-0.29999999999999716,0
114.5,114.5,0.8,0.7701714329787859,0.11380834473504181,0.2620947268028396,0.02982856702121417,8.0,7.0,6.0,-0.09999999999999432,0
114.5,114.5,0.8,0.7701714329787859,0.11380834473504181,0.2620947268028396,0.02982856702121417,8.0,7.0,6.0,0.20000000000000284,0
114.5,114.5,0.8,0.7701714329787859,0.11380834473504181,0.2620947268028396,0.02982856702121417,8.0,7.0,6.0,-0.30000000000001137,0
114.5,114.5,0.8,0.7701714329787859,0.11380834473504181,0.2620947268028396,0.02982856702121417,8.0,7.0,6.0,-0.29999999999999716,0
114.5,114.5,0.8,0.7701714329787859,0.11380834473504181,0.2620947268028396,0.02982856702121417,8.0,7.0,6.0,-0.29999999999999716,0
114.5,114.5,0.8,0.7701714329787859,0.11380834473504181,0.2620947268028396,0.02982856702121417,8.0,7.0,6.0,0.0,0
115.5,115.5,0.875,0.831031089661972,0.09842902246759996,0.44670676631479583,0.04396891033802797,8.0,8.0,7.0,0.20000000000000284,0
115.5,115.5,0.875,0.831031089661972,0.09842902246759996,0.44670676631479583,0.04396891033802797,8.0,8.0,7.0,-0.30000000000001137,0
115.5,115.5,0.875,0.831031089661972,0.09842902246759996,0.44670676631479583,0.04396891033802797,8.0,8.0,7.0,-0.29999999999999716,0
115.5,115.5,0.875,0.831031089661972,0.09842902246759996,0.44670676631479583,0.04396891033802797,8.0,8.0,7.0,-0.29999999999999716,0
115.5,115.5,0.875,0.831031089661972,0.09842902246759996,0.44670676631479583,0.04396891033802797,8.0,8.0,7.0,0.0,0
115.5,115.5,0.875,0.831031089661972,0.09842902246759996,0.44670676631479583,0.04396891033802797,8.0,8.0,7.0,-0.20000000000000284,0
115.5,115.5,0.875,0.831031089661972,0.09842902246759996,0.44670676631479583,0.04396891033802797,8.0,8.0,7.0,-0.20000000000000284,0
116.5,116.5,0.8571428571428571,0.7474155316905317,0.11242421628137306,0.9760114776135251,0.10972732545232544,8.0,6.0,6.0,-0.30000000000001137,0
116.5,116.5,0.8571428571428571,0.7474155316905317,0.11242421628137306,0.9760114776135251,0.10972732545232544,8.0,6.0,6.0,-0.29999999999999716,0
116.5,116.5,0.8571428571428571,0.7474155316905317,0.11242421628137306,0.9760114776135251,0.10972732545232544,8.0,6.0,6.0,-0.29999999999999716,0
116.5,116.5,0.8571428571428571,0.7474155316905317,0.11242421628137306,0.9760114776135251,0.10972732545232544,8.0,6.0,6.0,0.0,0
116.5,116.5,0.8571428571428571,0.7474155316905317,0.11242421628137306,0.9760114776135251,0.10972732545232544,8.0,6.0,6.0,-0.20000000000000284,0
116.5,116.5,0.8571428571428571,0.7474155316905317,0.11242421628137306,0.9760114776135251,0.10972732545232544,8.0,6.0,6.0,-0.20000000000000284,0
117.5,117.5,0.6666666666666666,0.6198677655677656,0.12353912484944045,0.3788184605964774,0.04679890109890106,7.0,5.0,4.0,-0.29999999999999716,0
117.5,117.5,0.6666666666666666,0.6198677655677656,0.12353912484944045,0.3788184605964774,0.04679890109890106,7.0,5.0,4.0,0.0,0
117.5,117.5,0.6666666666666666,0.6198677655677656,0.12353912484944045,0.3788184605964774,0.04679890109890106,7.0,5.0,4.0,-0.20000000000000284,0
117.5,117.5,0.6666666666666666,0.6198677655677656,0.12353912484944045,0.3788184605964774,0.04679890109890106,7.0,5.0,4.0,-0.20000000000000284,0
118.5,118.5,0.6,0.641511666111666,0.11015260260658732,-0.37685597189133996,-0.04151166611166601,5.0,5.0,3.0,0.0,0
118.5,118.5,0.6,0.641511666111666,0.11015260260658732,-0.37685597189133996,-0.04151166611166601,5.0,5.0,3.0,-0.20000000000000284,0
118.5,118.5,0.6,0.641511666111666,0.11015260260658732,-0.37685597189133996,-0.04151166611166601,5.0,5.0,3.0,-0.20000000000000284,0
119.5,119.5,0.7272727272727273,0.6737447996447995,0.1035808508516998,0.516774357304378,0.053527927627927796,6.0,5.0,4.0,-0.20000000000000284,0
119.5,119.5,0.7272727272727273,0.6737447996447995,0.1035808508516998,0.516774357304378,0.053527927627927796,6.0,5.0,4.0,-0.20000000000000284,0
119.5,119.5,0.7272727272727273,0.6737447996447995,0.1035808508516998,0.516774357304378,0.053527927627927796,6.0,5.0,4.0,0.09999999999999432,0
119.5,119.5,0.7272727272727273,0.6737447996447995,0.1035808508516998,0.516774357304378,0.053527927627927796,6.0,5.0,4.0,0.30000000000001137,0
120.5,120.5,0.6,0.6471305583305583,0.1214640609577866,-0.3880206042751857,-0.04713055833055835,5.0,5.0,3.0,0.09999999999999432,0
120.5,120.5,0.6,0.6471305583305583,0.1214640609577866,-0.3880206042751857,-0.04713055833055835,5.0,5.0,3.0,-0.19999999999998863,0
120.5,120.5,0.6,0.6471305583305583,0.1214640609577866,-0.3880206042751857,-0.04713055833055835,5.0,5.0,3.0,-0.09999999999999432,0
121.5,121.5,0.7692307692307693,0.7628267193590723,0.10268053580876803,0.0623686838138812,0.00640404987169696,6.0,7.0,5.0,0.09999999999999432,0
121.5,121.5,0.7692307692307693,0.7628267193590723,0.10268053580876803,0.0623686838138812,0.00640404987169696,6.0,7.0,5.0,-0.19999999999998863,0
121.5,121.5,0.7692307692307693,0.7628267193590723,0.10268053580876803,0.0623686838138812,0.00640404987169696,6.0,7.0,5.0,-0.09999999999999432,0
121.5,121.5,0.7692307692307693,0.7628267193590723,0.10268053580876803,0.0623686838138812,0.00640404987169696,6.0,7.0,5.0,-0.10000000000000853,0
121.5,121.5,0.7692307692307693,0.7628267193590723,0.10268053580876803,0.0623686838138812,0.00640404987169696,6.0,7.0,5.0,-0.20000000000000284,0
122.5,122.5,0.8,0.8313673765776707,0.09767194620390433,-0.32115031794479343,-0.031367376577670636,7.0,8.0,6.0,0.09999999999999432,0
122.5,122.5,0.8,0.8313673765776707,0.09767194620390433,-0.32115031794479343,-0.031367376577670636,7.0,8.0,6.0,-0.19999999999998863,0
122.5,122.5,0.8,0.8313673765776707,0.09767194620390433,-0.32115031794479343,-0.031367376577670636,7.0,8.0,6.0,-0.09999999999999432,0
122.5,122.5,0.8,0.8313673765776707,0.09767194620390433,-0.32115031794479343,-0.031367376577670636,7.0,8.0,6.0,-0.10000000000000853,0
122.5,122.5,0.8,0.8313673765776707,0.09767194620390433,-0.32115031794479343,-0.031367376577670636,7.0,8.0,6.0,-0.20000000000000284,0
122.5,122.5,0.8,0.8313673765776707,0.09767194620390433,-0.32115031794479343,-0.031367376577670636,7.0,8.0,6.0,0.10000000000000853,0
123.5,123.5,0.75,0.7213689741630919,0.11272958805000333,0.2539796900899549,0.02863102583690813,9.0,7.0,6.0,0.09999999999999432,0
123.5,123.5,0.75,0.7213689741630919,0.11272958805000333,0.2539796900899549,0.02863102583690813,9.0,7.0,6.0,-0.19999999999998863,0
123.5,123.5,0.75,0.7213689741630919,0.11272958805000333,0.2539796900899549,0.02863102583690813,9.0,7.0,6.0,-0.09999999999999432,0
123.5,123.5,0.75,0.7213689741630919,0.11272958805000333,0.2539796900899549,0.02863102583690813,9.0,7.0,6.0,-0.10000000000000853,0
123.5,123.5,0.75,0.7213689741630919,0.11272958805000333,0.2539796900899549,0.02863102583690813,9.0,7.0,6.0,-0.20000000000000284,0
123.5,123.5,0.75,0.7213689741630919,0.11272958805000333,0.2539796900899549,0.02863102583690813,9.0,7.0,6.0,0.10000000000000853,0
124.5,124.5,0.6666666666666666,0.6907303252303252,0.11758091196161927,-0.20465616537753514,-0.024063658563658552,9.0,6.0,5.0,-0.09999999999999432,0
124.5,124.5,0.6666666666666666,0.6907303252303252,0.11758091196161927,-0.20465616537753514,-0.024063658563658552,9.0,6.0,5.0,-0.10000000000000853,0
124.5,124.5,0.6666666666666666,0.6907303252303252,0.11758091196161927,-0.20465616537753514,-0.024063658563658552,9.0,6.0,5.0,-0.20000000000000284,0
124.5,124.5,0.6666666666666666,0.6907303252303252,0.11758091196161927,-0.20465616537753514,-0.024063658563658552,9.0,6.0,5.0,0.10000000000000853,0
124.5,124.5,0.6666666666666666,0.6907303252303252,0.11758091196161927,-0.20465616537753514,-0.024063658563658552,9.0,6.0,5.0,-0.29999999999999716,0
125.5,125.5,0.7142857142857143,0.6678043290043291,0.11530483690396358,0.4031173932460369,0.046481385281385235,9.0,5.0,5.0,-0.10000000000000853,0
125.5,125.5,0.7142857142857143,0.6678043290043291,0.11530483690396358,0.4031173932460369,0.046481385281385235,9.0,5.0,5.0,-0.20000000000000284,0
125.5,125.5,0.7142857142857143,0.6678043290043291,0.11530483690396358,0.4031173932460369,0.046481385281385235,9.0,5.0,5.0,0.10000000000000853,0
125.5,125.5,0.7142857142857143,0.6678043290043291,0.11530483690396358,0.4031173932460369,0.046481385281385235,9.0,5.0,5.0,-0.29999999999999716,0
125.5,125.5,0.7142857142857143,0.6678043290043291,0.11530483690396358,0.4031173932460369,0.046481385281385235,9.0,5.0,5.0,0.20000000000000284,0
126.5,126.5,0.7142857142857143,0.677379254079254,0.10983447250834713,0.3360189143135865,0.03690646020646027,9.0,5.0,5.0,0.10000000000000853,0
126.5,126.5,0.7142857142857143,0.677379254079254,0.10983447250834713,0.3360189143135865,0.03690646020646027,9.0,5.0,5.0,-0.29999999999999716,0
126.5,126.5,0.7142857142857143,0.677379254079254,0.10983447250834713,0.3360189143135865,0.03690646020646027,9.0,5.0,5.0,0.20000000000000284,0
126.5,126.5,0.7142857142857143,0.677379254079254,0.10983447250834713,0.3360189143135865,0.03690646020646027,9.0,5.0,5.0,0.10000000000002274,0
126.5,126.5,0.7142857142857143,0.677379254079254,0.10983447250834713,0.3360189143135865,0.03690646020646027,9.0,5.0,5.0,0.09999999999999432,0
127.5,127.5,0.6666666666666666,0.6874073815073815,0.11229586389002029,-0.18469705047220397,-0.020740714840714825,7.0,5.0,4.0,-0.29999999999999716,0
127.5,127.5,0.6666666666666666,0.6874073815073815,0.11229586389002029,-0.18469705047220397,-0.020740714840714825,7.0,5.0,4.0,0.20000000000000284,0
127.5,127.5,0.6666666666666666,0.6874073815073815,0.11229586389002029,-0.18469705047220397,-0.020740714840714825,7.0,5.0,4.0,0.10000000000002274,0
127.5,127.5,0.6666666666666666,0.6874073815073815,0.11229586389002029,-0.18469705047220397,-0.020740714840714825,7.0,5.0,4.0,0.09999999999999432,0
128.5,128.5,0.7692307692307693,0.7645714396714397,0.10140134257265834,0.045949387267638656,0.0046593295593295725,7.0,6.0,5.0,-0.29999999999999716,0
128.5,128.5,0.7692307692307693,0.7645714396714397,0.10140134257265834,0.045949387267638656,0.0046593295593295725,7.0,6.0,5.0,0.20000000000000284,0
128.5,128.5,0.7692307692307693,0.7645714396714397,0.10140134257265834,0.045949387267638656,0.0046593295593295725,7.0,6.0,5.0,0.10000000000002274,0
128.5,128.5,0.7692307692307693,0.7645714396714397,0.10140134257265834,0.045949387267638656,0.0046593295593295725,7.0,6.0,5.0,0.09999999999999432,0
128.5,128.5,0.7692307692307693,0.7645714396714397,0.10140134257265834,0.045949387267638656,0.0046593295593295725,7.0,6.0,5.0,0.29999999999998295,0
129.5,129.5,0.8333333333333334,0.8177871148459385,0.0965586565458697,0.16100284576774068,0.015546218487394903,5.0,7.0,5.0,0.20000000000000284,0
129.5,129.5,0.8333333333333334,0.8177871148459385,0.0965586565458697,0.16100284576774068,0.015546218487394903,5.0,7.0,5.0,0.10000000000002274,0
129.5,129.5,0.8333333333333334,0.8177871148459385,0.0965586565458697,0.16100284576774068,0.015546218487394903,5.0,7.0,5.0,0.09999999999999432,0
129.5,129.5,0.8333333333333334,0.8177871148459385,0.0965586565458697,0.16100284576774068,0.015546218487394903,5.0,7.0,5.0,0.29999999999998295,0
129.5,129.5,0.8333333333333334,0.8177871148459385,0.0965586565458697,0.16100284576774068,0.015546218487394903,5.0,7.0,5.0,0.19999999999998863,0
130.5,130.5,0.8333333333333334,0.8094928067031008,0.09790983425948666,0.2434947092959936,0.023840526630232617,5.0,7.0,5.0,0.10000000000002274,0
130.5,130.5,0.8333333333333334,0.8094928067031008,0.09790983425948666,0.2434947092959936,0.023840526630232617,5.0,7.0,5.0,0.09999999999999432,0
130.5,130.5,0.8333333333333334,0.8094928067031008,0.09790983425948666,0.2434947092959936,0.023840526630232617,5.0,7.0,5.0,0.29999999999998295,0
130.5,130.5,0.8333333333333334,0.8094928067031008,0.09790983425948666,0.2434947092959936,0.023840526630232617,5.0,7.0,5.0,0.19999999999998863,0
130.5,130.5,0.8333333333333334,0.8094928067031008,0.09790983425948666,0.2434947092959936,0.023840526630232617,5.0,7.0,5.0,-0.09999999999999432,0
131.5,131.5,0.8333333333333334,0.8179244671994672,0.10090975019290813,0.1526994775471071,0.015408866133866161,5.0,7.0,5.0,0.29999999999998295,0
131.5,131.5,0.8333333333333334,0.8179244671994672,0.10090975019290813,0.1526994775471071,0.015408866133866161,5.0,7.0,5.0,0.19999999999998863,0
131.5,131.5,0.8333333333333334,0.8179244671994672,0.10090975019290813,0.1526994775471071,0.015408866133866161,5.0,7.0,5.0,-0.09999999999999432,0
131.5,131.5,0.8333333333333334,0.8179244671994672,0.10090975019290813,0.1526994775471071,0.015408866133866161,5.0,7.0,5.0,-0.09999999999999432,0
131.5,131.5,0.8333333333333334,0.8179244671994672,0.10090975019290813,0.1526994775471071,0.015408866133866161,5.0,7.0,5.0,-0.09999999999999432,0
132.5,132.5,0.9333333333333333,0.8318885704165115,0.10119469714493379,1.0024711351379398,0.1014447629168218,7.0,8.0,7.0,0.29999999999998295,0
132.5,132.5,0.9333333333333333,0.8318885704165115,0.10119469714493379,1.0024711351379398,0.1014447629168218,7.0,8.0,7.0,0.19999999999998863,0
132.5,132.5,0.9333333333333333,0.8318885704165115,0.10119469714493379,1.0024711351379398,0.1014447629168218,7.0,8.0,7.0,-0.09999999999999432,0
132.5,132.5,0.9333333333333333,0.8318885704165115,0.10119469714493379,1.0024711351379398,0.1014447629168218,7.0,8.0,7.0,-0.09999999999999432,0
132.5,132.5,0.9333333333333333,0.8318885704165115,0.10119469714493379,1.0024711351379398,0.1014447629168218,7.0,8.0,7.0,-0.09999999999999432,0
132.5,132.5,0.9333333333333333,0.8318885704165115,0.10119469714493379,1.0024711351379398,0.1014447629168218,7.0,8.0,7.0,-0.20000000000001705,0
132.5,132.5,0.9333333333333333,0.8318885704165115,0.10119469714493379,1.0024711351379398,0.1014447629168218,7.0,8.0,7.0,-0.30000000000001137,0
133.5,133.5,0.875,0.8314941204220616,0.1061049702727499,0.4100267825918392,0.04350587957793839,8.0,8.0,7.0,0.19999999999998863,0
133.5,133.5,0.875,0.8314941204220616,0.1061049702727499,0.4100267825918392,0.04350587957793839,8.0,8.0,7.0,-0.09999999999999432,0
133.5,133.5,0.875,0.8314941204220616,0.1061049702727499,0.4100267825918392,0.04350587957793839,8.0,8.0,7.0,-0.09999999999999432,0
133.5,133.5,0.875,0.8314941204220616,0.1061049702727499,0.4100267825918392,0.04350587957793839,8.0,8.0,7.0,-0.09999999999999432,0
133.5,133.5,0.875,0.8314941204220616,0.1061049702727499,0.4100267825918392,0.04350587957793839,8.0,8.0,7.0,-0.20000000000001705,0
133.5,133.5,0.875,0.8314941204220616,0.1061049702727499,0.4100267825918392,0.04350587957793839,8.0,8.0,7.0,-0.30000000000001137,0
133.5,133.5,0.875,0.8314941204220616,0.1061049702727499,0.4100267825918392,0.04350587957793839,8.0,8.0,7.0,-0.30000000000001137,0
134.5,134.5,0.8,0.7903305351511234,0.11543869645451256,0.08376276886223162,0.009669464848876652,8.0,7.0,6.0,-0.09999999999999432,0
134.5,134.5,0.8,0.7903305351511234,0.11543869645451256,0.08376276886223162,0.009669464848876652,8.0,7.0,6.0,-0.09999999999999432,0
134.5,134.5,0.8,0.7903305351511234,0.11543869645451256,0.08376276886223162,0.009669464848876652,8.0,7.0,6.0,-0.09999999999999432,0
134.5,134.5,0.8,0.7903305351511234,0.11543869645451256,0.08376276886223162,0.009669464848876652,8.0,7.0,6.0,-0.20000000000001705,0
134.5,134.5,0.8,0.7903305351511234,0.11543869645451256,0.08376276886223162,0.009669464848876652,8.0,7.0,6.0,-0.30000000000001137,0
134.5,134.5,0.8,0.7903305351511234,0.11543869645451256,0.08376276886223162,0.009669464848876652,8.0,7.0,6.0,-0.30000000000001137,0
135.5,135.5,0.7142857142857143,0.7711511086952264,0.11497525583284635,-0.49458810939446235,-0.056865394409512104,7.0,7.0,5.0,-0.09999999999999432,0
135.5,135.5,0.7142857142857143,0.7711511086952264,0.11497525583284635,-0.49458810939446235,-0.056865394409512104,7.0,7.0,5.0,-0.09999999999999432,0
135.5,135.5,0.7142857142857143,0.7711511086952264,0.11497525583284635,-0.49458810939446235,-0.056865394409512104,7.0,7.0,5.0,-0.20000000000001705,0
135.5,135.5,0.7142857142857143,0.7711511086952264,0.11497525583284635,-0.49458810939446235,-0.056865394409512104,7.0,7.0,5.0,-0.30000000000001137,0
135.5,135.5,0.7142857142857143,0.7711511086952264,0.11497525583284635,-0.49458810939446235,-0.056865394409512104,7.0,7.0,5.0,-0.30000000000001137,0
136.5,136.5,0.5,0.6701933677433676,0.1317417202397252,-1.291871454491967,-0.17019336774336757,7.0,5.0,3.0,-0.20000000000001705,0
136.5,136.5,0.5,0.6701933677433676,0.1317417202397252,-1.291871454491967,-0.17019336774336757,7.0,5.0,3.0,-0.30000000000001137,0
136.5,136.5,0.5,0.6701933677433676,0.1317417202397252,-1.291871454491967,-0.17019336774336757,7.0,5.0,3.0,-0.30000000000001137,0
137.5,137.5,0.4,0.6035877289377288,0.12292967624124146,-1.656131661310172,-0.2035877289377288,6.0,4.0,2.0,-0.30000000000001137,0
137.5,137.5,0.4,0.6035877289377288,0.12292967624124146,-1.656131661310172,-0.2035877289377288,6.0,4.0,2.0,-0.19999999999998863,0
138.5,138.5,0.5454545454545454,0.6731033744033743,0.10989094874762972,-1.1615954762751304,-0.1276488289488289,6.0,5.0,3.0,-0.19999999999998863,0
138.5,138.5,0.5454545454545454,0.6731033744033743,0.10989094874762972,-1.1615954762751304,-0.1276488289488289,6.0,5.0,3.0,-0.29999999999998295,0
138.5,138.5,0.5454545454545454,0.6731033744033743,0.10989094874762972,-1.1615954762751304,-0.1276488289488289,6.0,5.0,3.0,0.0,0
139.5,139.5,0.6666666666666666,0.6896627372627372,0.10387389993600003,-0.22138449225685336,-0.02299607059607056,7.0,5.0,4.0,-0.19999999999998863,0
139.5,139.5,0.6666666666666666,0.6896627372627372,0.10387389993600003,-0.22138449225685336,-0.02299607059607056,7.0,5.0,4.0,-0.29999999999998295,0
139.5,139.5,0.6666666666666666,0.6896627372627372,0.10387389993600003,-0.22138449225685336,-0.02299607059607056,7.0,5.0,4.0,0.0,0
139.5,139.5,0.6666666666666666,0.6896627372627372,0.10387389993600003,-0.22138449225685336,-0.02299607059607056,7.0,5.0,4.0,0.0,0
140.5,140.5,0.7692307692307693,0.7401510767010767,0.10264977206258842,0.28329037605618707,0.029079692529692558,7.0,6.0,5.0,-0.19999999999998863,0
140.5,140.5,0.7692307692307693,0.7401510767010767,0.10264977206258842,0.28329037605618707,0.029079692529692558,7.0,6.0,5.0,-0.29999999999998295,0
140.5,140.5,0.7692307692307693,0.7401510767010767,0.10264977206258842,0.28329037605618707,0.029079692529692558,7.0,6.0,5.0,0.0,0
140.5,140.5,0.7692307692307693,0.7401510767010767,0.10264977206258842,0.28329037605618707,0.029079692529692558,7.0,6.0,5.0,0.0,0
140.5,140.5,0.7692307692307693,0.7401510767010767,0.10264977206258842,0.28329037605618707,0.029079692529692558,7.0,6.0,5.0,0.09999999999999432,0
141.5,141.5,0.7142857142857143,0.7974455436720143,0.10475342457338577,-0.7938626324148642,-0.08315982938629995,7.0,7.0,5.0,-0.29999999999998295,0
141.5,141.5,0.7142857142857143,0.7974455436720143,0.10475342457338577,-0.7938626324148642,-0.08315982938629995,7.0,7.0,5.0,0.0,0
141.5,141.5,0.7142857142857143,0.7974455436720143,0.10475342457338577,-0.7938626324148642,-0.08315982938629995,7.0,7.0,5.0,0.0,0
141.5,141.5,0.7142857142857143,0.7974455436720143,0.10475342457338577,-0.7938626324148642,-0.08315982938629995,7.0,7.0,5.0,0.09999999999999432,0
141.5,141.5,0.7142857142857143,0.7974455436720143,0.10475342457338577,-0.7938626324148642,-0.08315982938629995,7.0,7.0,5.0,0.19999999999998863,0
142.5,142.5,0.7142857142857143,0.7360429625929625,0.11474142294659771,-0.1896198229768718,-0.021757248307248234,8.0,6.0,5.0,0.20000000000001705,0
142.5,142.5,0.7142857142857143,0.7360429625929625,0.11474142294659771,-0.1896198229768718,-0.021757248307248234,8.0,6.0,5.0,0.0,0
142.5,142.5,0.7142857142857143,0.7360429625929625,0.11474142294659771,-0.1896198229768718,-0.021757248307248234,8.0,6.0,5.0,0.0,0
142.5,142.5,0.7142857142857143,0.7360429625929625,0.11474142294659771,-0.1896198229768718,-0.021757248307248234,8.0,6.0,5.0,0.09999999999999432,0
142.5,142.5,0.7142857142857143,0.7360429625929625,0.11474142294659771,-0.1896198229768718,-0.021757248307248234,8.0,6.0,5.0,0.19999999999998863,0
143.5,143.5,0.6666666666666666,0.7274733266733268,0.10414232099423289,-0.58388039968907,-0.06080666000666013,6.0,6.0,4.0,0.0,0
143.5,143.5,0.6666666666666666,0.7274733266733268,0.10414232099423289,-0.58388039968907,-0.06080666000666013,6.0,6.0,4.0,0.09999999999999432,0
143.5,143.5,0.6666666666666666,0.7274733266733268,0.10414232099423289,-0.58388039968907,-0.06080666000666013,6.0,6.0,4.0,0.19999999999998863,0
143.5,143.5,0.6666666666666666,0.7274733266733268,0.10414232099423289,-0.58388039968907,-0.06080666000666013,6.0,6.0,4.0,-0.30000000000001137,0
144.5,144.5,0.6666666666666666,0.7414733960483961,0.10901701299365217,-0.6861931668049402,-0.0748067293817295,6.0,6.0,4.0,0.09999999999999432,0
144.5,144.5,0.6666666666666666,0.7414733960483961,0.10901701299365217,-0.6861931668049402,-0.0748067293817295,6.0,6.0,4.0,0.19999999999998863,0
144.5,144.5,0.6666666666666666,0.7414733960483961,0.10901701299365217,-0.6861931668049402,-0.0748067293817295,6.0,6.0,4.0,-0.30000000000001137,0
144.5,144.5,0.6666666666666666,0.7414733960483961,0.10901701299365217,-0.6861931668049402,-0.0748067293817295,6.0,6.0,4.0,0.19999999999998863,0
145.5,145.5,0.7142857142857143,0.7244187451437452,0.11619441895807978,-0.08720755221200956,-0.010133030858030856,8.0,6.0,5.0,0.19999999999998863,0
145.5,145.5,0.7142857142857143,0.7244187451437452,0.11619441895807978,-0.08720755221200956,-0.010133030858030856,8.0,6.0,5.0,-0.30000000000001137,0
145.5,145.5,0.7142857142857143,0.7244187451437452,0.11619441895807978,-0.08720755221200956,-0.010133030858030856,8.0,6.0,5.0,0.19999999999998863,0
145.5,145.5,0.7142857142857143,0.7244187451437452,0.11619441895807978,-0.08720755221200956,-0.010133030858030856,8.0,6.0,5.0,0.09999999999999432,0
145.5,145.5,0.7142857142857143,0.7244187451437452,0.11619441895807978,-0.08720755221200956,-0.010133030858030856,8.0,6.0,5.0,0.30000000000001137,0
146.5,146.5,0.8,0.7679337706411236,0.11530379805038615,0.2781021085260695,0.032066229358876486,8.0,7.0,6.0,-0.30000000000001137,0
146.5,146.5,0.8,0.7679337706411236,0.11530379805038615,0.2781021085260695,0.032066229358876486,8.0,7.0,6.0,0.19999999999998863,0
146.5,146.5,0.8,0.7679337706411236,0.11530379805038615,0.2781021085260695,0.032066229358876486,8.0,7.0,6.0,0.09999999999999432,0
146.5,146.5,0.8,0.7679337706411236,0.11530379805038615,0.2781021085260695,0.032066229358876486,8.0,7.0,6.0,0.30000000000001137,0
146.5,146.5,0.8,0.7679337706411236,0.11530379805038615,0.2781021085260695,0.032066229358876486,8.0,7.0,6.0,0.19999999999998863,0
146.5,146.5,0.8,0.7679337706411236,0.11530379805038615,0.2781021085260695,0.032066229358876486,8.0,7.0,6.0,0.09999999999999432,0
147.5,147.5,0.8571428571428571,0.7875244241053064,0.11696490937109574,0.595207856885278,0.06961843303755066,7.0,7.0,6.0,-0.30000000000001137,0
147.5,147.5,0.8571428571428571,0.7875244241053064,0.11696490937109574,0.595207856885278,0.06961843303755066,7.0,7.0,6.0,0.19999999999998863,0
147.5,147.5,0.8571428571428571,0.7875244241053064,0.11696490937109574,0.595207856885278,0.06961843303755066,7.0,7.0,6.0,0.09999999999999432,0
147.5,147.5,0.8571428571428571,0.7875244241053064,0.11696490937109574,0.595207856885278,0.06961843303755066,7.0,7.0,6.0,0.30000000000001137,0
147.5,147.5,0.8571428571428571,0.7875244241053064,0.11696490937109574,0.595207856885278,0.06961843303755066,7.0,7.0,6.0,0.19999999999998863,0
147.5,147.5,0.8571428571428571,0.7875244241053064,0.11696490937109574,0.595207856885278,0.06961843303755066,7.0,7.0,6.0,0.09999999999999432,0
148.5,148.5,0.6666666666666666,0.6589800921300921,0.12851393548034248,0.059811214307963115,0.007686574536574509,7.0,5.0,4.0,0.09999999999999432,0
148.5,148.5,0.6666666666666666,0.6589800921300921,0.12851393548034248,0.059811214307963115,0.007686574536574509,7.0,5.0,4.0,0.30000000000001137,0
148.5,148.5,0.6666666666666666,0.6589800921300921,0.12851393548034248,0.059811214307963115,0.007686574536574509,7.0,5.0,4.0,0.19999999999998863,0
148.5,148.5,0.6666666666666666,0.6589800921300921,0.12851393548034248,0.059811214307963115,0.007686574536574509,7.0,5.0,4.0,0.09999999999999432,0
149.5,149.5,0.7692307692307693,0.6854005799755799,0.10883560788133255,0.7702459781966992,0.08383018925518937,7.0,6.0,5.0,0.09999999999999432,0
149.5,149.5,0.7692307692307693,0.6854005799755799,0.10883560788133255,0.7702459781966992,0.08383018925518937,7.0,6.0,5.0,0.30000000000001137,0
149.5,149.5,0.7692307692307693,0.6854005799755799,0.10883560788133255,0.7702459781966992,0.08383018925518937,7.0,6.0,5.0,0.19999999999998863,0
149.5,149.5,0.7692307692307693,0.6854005799755799,0.10883560788133255,0.7702459781966992,0.08383018925518937,7.0,6.0,5.0,0.09999999999999432,0
149.5,149.5,0.7692307692307693,0.6854005799755799,0.10883560788133255,0.7702459781966992,0.08383018925518937,7.0,6.0,5.0,0.0,0
150.5,150.5,0.7272727272727273,0.6887299700299699,0.10125204992157608,0.38066150041021707,0.03854275724275735,6.0,5.0,4.0,0.19999999999998863,0
150.5,150.5,0.7272727272727273,0.6887299700299699,0.10125204992157608,0.38066150041021707,0.03854275724275735,6.0,5.0,4.0,0.09999999999999432,0
150.5,150.5,0.7272727272727273,0.6887299700299699,0.10125204992157608,0.38066150041021707,0.03854275724275735,6.0,5.0,4.0,0.0,0
150.5,150.5,0.7272727272727273,0.6887299700299699,0.10125204992157608,0.38066150041021707,0.03854275724275735,6.0,5.0,4.0,-0.09999999999999432,0
151.5,151.5,0.6666666666666666,0.6362191142191143,0.13509106483081088,0.22538539085234935,0.030447552447552373,7.0,5.0,4.0,0.0,0
151.5,151.5,0.6666666666666666,0.6362191142191143,0.13509106483081088,0.22538539085234935,0.030447552447552373,7.0,5.0,4.0,-0.09999999999999432,0
151.5,151.5,0.6666666666666666,0.6362191142191143,0.13509106483081088,0.22538539085234935,0.030447552447552373,7.0,5.0,4.0,-0.09999999999999432,0
151.5,151.5,0.6666666666666666,0.6362191142191143,0.13509106483081088,0.22538539085234935,0.030447552447552373,7.0,5.0,4.0,-0.09999999999999432,0
152.5,152.5,0.8333333333333334,0.7510041736041736,0.1122982550012416,0.7331294660656082,0.08232915972915977,6.0,6.0,5.0,0.0,0
152.5,152.5,0.8333333333333334,0.7510041736041736,0.1122982550012416,0.7331294660656082,0.08232915972915977,6.0,6.0,5.0,-0.09999999999999432,0
152.5,152.5,0.8333333333333334,0.7510041736041736,0.1122982550012416,0.7331294660656082,0.08232915972915977,6.0,6.0,5.0,-0.09999999999999432,0
152.5,152.5,0.8333333333333334,0.7510041736041736,0.1122982550012416,0.7331294660656082,0.08232915972915977,6.0,6.0,5.0,-0.09999999999999432,0
152.5,152.5,0.8333333333333334,0.7510041736041736,0.1122982550012416,0.7331294660656082,0.08232915972915977,6.0,6.0,5.0,-0.20000000000001705,0
153.5,153.5,0.8571428571428571,0.8201812628547923,0.10267713336053466,0.3599788295440615,0.03696159428806478,7.0,7.0,6.0,0.0,0
153.5,153.5,0.8571428571428571,0.8201812628547923,0.10267713336053466,0.3599788295440615,0.03696159428806478,7.0,7.0,6.0,-0.09999999999999432,0
153.5,153.5,0.8571428571428571,0.8201812628547923,0.10267713336053466,0.3599788295440615,0.03696159428806478,7.0,7.0,6.0,-0.09999999999999432,0
153.5,153.5,0.8571428571428571,0.8201812628547923,0.10267713336053466,0.3599788295440615,0.03696159428806478,7.0,7.0,6.0,-0.09999999999999432,0
153.5,153.5,0.8571428571428571,0.8201812628547923,0.10267713336053466,0.3599788295440615,0.03696159428806478,7.0,7.0,6.0,-0.20000000000001705,0
153.5,153.5,0.8571428571428571,0.8201812628547923,0.10267713336053466,0.3599788295440615,0.03696159428806478,7.0,7.0,6.0,-0.30000000000001137,0
154.5,154.5,0.9230769230769231,0.7517832833832835,0.10658745802031751,1.6070712528015065,0.17129363969363964,7.0,6.0,6.0,-0.09999999999999432,0
154.5,154.5,0.9230769230769231,0.7517832833832835,0.10658745802031751,1.6070712528015065,0.17129363969363964,7.0,6.0,6.0,-0.09999999999999432,0
154.5,154.5,0.9230769230769231,0.7517832833832835,0.10658745802031751,1.6070712528015065,0.17129363969363964,7.0,6.0,6.0,-0.09999999999999432,0
154.5,154.5,0.9230769230769231,0.7517832833832835,0.10658745802031751,1.6070712528015065,0.17129363969363964,7.0,6.0,6.0,-0.20000000000001705,0
154.5,154.5,0.9230769230769231,0.7517832833832835,0.10658745802031751,1.6070712528015065,0.17129363969363964,7.0,6.0,6.0,-0.30000000000001137,0
154.5,154.5,0.9230769230769231,0.7517832833832835,0.10658745802031751,1.6070712528015065,0.17129363969363964,7.0,6.0,6.0,-0.19999999999998863,0
155.5,155.5,0.8,0.7543455322455322,0.11090715660305905,0.41164582298207214,0.0456544677544678,9.0,6.0,6.0,-0.09999999999999432,0
155.5,155.5,0.8,0.7543455322455322,0.11090715660305905,0.41164582298207214,0.0456544677544678,9.0,6.0,6.0,-0.09999999999999432,0
155.5,155.5,0.8,0.7543455322455322,0.11090715660305905,0.41164582298207214,0.0456544677544678,9.0,6.0,6.0,-0.20000000000001705,0
155.5,155.5,0.8,0.7543455322455322,0.11090715660305905,0.41164582298207214,0.0456544677544678,9.0,6.0,6.0,-0.30000000000001137,0
155.5,155.5,0.8,0.7543455322455322,0.11090715660305905,0.41164582298207214,0.0456544677544678,9.0,6.0,6.0,-0.19999999999998863,0
155.5,155.5,0.8,0.7543455322455322,0.11090715660305905,0.41164582298207214,0.0456544677544678,9.0,6.0,6.0,0.0,0
156.5,156.5,0.75,0.7672799362402304,0.11514739624428004,-0.15006797204143268,-0.017279936240230387,9.0,7.0,6.0,-0.20000000000001705,0
156.5,156.5,0.75,0.7672799362402304,0.11514739624428004,-0.15006797204143268,-0.017279936240230387,9.0,7.0,6.0,-0.30000000000001137,0
156.5,156.5,0.75,0.7672799362402304,0.11514739624428004,-0.15006797204143268,-0.017279936240230387,9.0,7.0,6.0,-0.19999999999998863,0
156.5,156.5,0.75,0.7672799362402304,0.11514739624428004,-0.15006797204143268,-0.017279936240230387,9.0,7.0,6.0,0.0,0
156.5,156.5,0.75,0.7672799362402304,0.11514739624428004,-0.15006797204143268,-0.017279936240230387,9.0,7.0,6.0,-0.09999999999999432,0
156.5,156.5,0.75,0.7672799362402304,0.11514739624428004,-0.15006797204143268,-0.017279936240230387,9.0,7.0,6.0,-0.30000000000001137,0
157.5,157.5,0.8,0.7637719891219892,0.10557014919717536,0.34316529012710895,0.03622801087801086,9.0,6.0,6.0,-0.30000000000001137,0
157.5,157.5,0.8,0.7637719891219892,0.10557014919717536,0.34316529012710895,0.03622801087801086,9.0,6.0,6.0,-0.19999999999998863,0
157.5,157.5,0.8,0.7637719891219892,0.10557014919717536,0.34316529012710895,0.03622801087801086,9.0,6.0,6.0,0.0,0
157.5,157.5,0.8,0.7637719891219892,0.10557014919717536,0.34316529012710895,0.03622801087801086,9.0,6.0,6.0,-0.09999999999999432,0
157.5,157.5,0.8,0.7637719891219892,0.10557014919717536,0.34316529012710895,0.03622801087801086,9.0,6.0,6.0,-0.30000000000001137,0
157.5,157.5,0.8,0.7637719891219892,0.10557014919717536,0.34316529012710895,0.03622801087801086,9.0,6.0,6.0,0.0,0
158.5,158.5,0.6666666666666666,0.7616774225774224,0.10844852284468055,-0.8760908255691943,-0.0950107559107558,8.0,7.0,5.0,0.0,0
158.5,158.5,0.6666666666666666,0.7616774225774224,0.10844852284468055,-0.8760908255691943,-0.0950107559107558,8.0,7.0,5.0,-0.09999999999999432,0
158.5,158.5,0.6666666666666666,0.7616774225774224,0.10844852284468055,-0.8760908255691943,-0.0950107559107558,8.0,7.0,5.0,-0.30000000000001137,0
158.5,158.5,0.6666666666666666,0.7616774225774224,0.10844852284468055,-0.8760908255691943,-0.0950107559107558,8.0,7.0,5.0,0.0,0
158.5,158.5,0.6666666666666666,0.7616774225774224,0.10844852284468055,-0.8760908255691943,-0.0950107559107558,8.0,7.0,5.0,-0.09999999999999432,0
159.5,159.5,0.8,0.8030865590292062,0.10233013844380685,-0.030162756311534963,-0.0030865590292061817,8.0,7.0,6.0,0.0,0
159.5,159.5,0.8,0.8030865590292062,0.10233013844380685,-0.030162756311534963,-0.0030865590292061817,8.0,7.0,6.0,-0.09999999999999432,0
159.5,159.5,0.8,0.8030865590292062,0.10233013844380685,-0.030162756311534963,-0.0030865590292061817,8.0,7.0,6.0,-0.30000000000001137,0
159.5,159.5,0.8,0.8030865590292062,0.10233013844380685,-0.030162756311534963,-0.0030865590292061817,8.0,7.0,6.0,0.0,0
159.5,159.5,0.8,0.8030865590292062,0.10233013844380685,-0.030162756311534963,-0.0030865590292061817,8.0,7.0,6.0,-0.09999999999999432,0
159.5,159.5,0.8,0.8030865590292062,0.10233013844380685,-0.030162756311534963,-0.0030865590292061817,8.0,7.0,6.0,-0.19999999999998863,0
160.5,160.5,0.8,0.8074054969540264,0.10561636954825752,-0.0701169429104709,-0.007405496954026369,8.0,7.0,6.0,-0.09999999999999432,0
160.5,160.5,0.8,0.8074054969540264,0.10561636954825752,-0.0701169429104709,-0.007405496954026369,8.0,7.0,6.0,-0.30000000000001137,0
160.5,160.5,0.8,0.8074054969540264,0.10561636954825752,-0.0701169429104709,-0.007405496954026369,8.0,7.0,6.0,0.0,0
160.5,160.5,0.8,0.8074054969540264,0.10561636954825752,-0.0701169429104709,-0.007405496954026369,8.0,7.0,6.0,-0.09999999999999432,0
160.5,160.5,0.8,0.8074054969540264,0.10561636954825752,-0.0701169429104709,-0.007405496954026369,8.0,7.0,6.0,-0.19999999999998863,0
160.5,160.5,0.8,0.8074054969540264,0.10561636954825752,-0.0701169429104709,-0.007405496954026369,8.0,7.0,6.0,0.0,0
161.5,161.5,0.7692307692307693,0.7596116383616384,0.10623709451560236,0.09054399419515573,0.00961913086913091,7.0,6.0,5.0,0.0,0
161.5,161.5,0.7692307692307693,0.7596116383616384,0.10623709451560236,0.09054399419515573,0.00961913086913091,7.0,6.0,5.0,-0.09999999999999432,0
161.5,161.5,0.7692307692307693,0.7596116383616384,0.10623709451560236,0.09054399419515573,0.00961913086913091,7.0,6.0,5.0,-0.19999999999998863,0
161.5,161.5,0.7692307692307693,0.7596116383616384,0.10623709451560236,0.09054399419515573,0.00961913086913091,7.0,6.0,5.0,0.0,0
161.5,161.5,0.7692307692307693,0.7596116383616384,0.10623709451560236,0.09054399419515573,0.00961913086913091,7.0,6.0,5.0,-0.19999999999998863,0
162.5,162.5,0.8571428571428571,0.7749880012144718,0.10750403365799756,0.7642025432249777,0.08215485592838534,7.0,7.0,6.0,-0.09999999999999432,0
162.5,162.5,0.8571428571428571,0.7749880012144718,0.10750403365799756,0.7642025432249777,0.08215485592838534,7.0,7.0,6.0,-0.19999999999998863,0
162.5,162.5,0.8571428571428571,0.7749880012144718,0.10750403365799756,0.7642025432249777,0.08215485592838534,7.0,7.0,6.0,0.0,0
162.5,162.5,0.8571428571428571,0.7749880012144718,0.10750403365799756,0.7642025432249777,0.08215485592838534,7.0,7.0,6.0,-0.19999999999998863,0
162.5,162.5,0.8571428571428571,0.7749880012144718,0.10750403365799756,0.7642025432249777,0.08215485592838534,7.0,7.0,6.0,-0.30000000000001137,0
162.5,162.5,0.8571428571428571,0.7749880012144718,0.10750403365799756,0.7642025432249777,0.08215485592838534,7.0,7.0,6.0,-0.30000000000001137,0
163.5,163.5,0.8,0.7849953619909503,0.10676731832055708,0.14053587038685333,0.01500463800904972,8.0,7.0,6.0,-0.19999999999998863,0
163.5,163.5,0.8,0.7849953619909503,0.10676731832055708,0.14053587038685333,0.01500463800904972,8.0,7.0,6.0,0.0,0
163.5,163.5,0.8,0.7849953619909503,0.10676731832055708,0.14053587038685333,0.01500463800904972,8.0,7.0,6.0,-0.19999999999998863,0
163.5,163.5,0.8,0.7849953619909503,0.10676731832055708,0.14053587038685333,0.01500463800904972,8.0,7.0,6.0,-0.30000000000001137,0
163.5,163.5,0.8,0.7849953619909503,0.10676731832055708,0.14053587038685333,0.01500463800904972,8.0,7.0,6.0,-0.30000000000001137,0
163.5,163.5,0.8,0.7849953619909503,0.10676731832055708,0.14053587038685333,0.01500463800904972,8.0,7.0,6.0,0.10000000000002274,0
164.5,164.5,0.7692307692307693,0.6847852980352981,0.12426879522117391,0.6795388258586955,0.08444547119547119,8.0,5.0,5.0,0.0,0
164.5,164.5,0.7692307692307693,0.6847852980352981,0.12426879522117391,0.6795388258586955,0.08444547119547119,8.0,5.0,5.0,-0.19999999999998863,0
164.5,164.5,0.7692307692307693,0.6847852980352981,0.12426879522117391,0.6795388258586955,0.08444547119547119,8.0,5.0,5.0,-0.30000000000001137,0
164.5,164.5,0.7692307692307693,0.6847852980352981,0.12426879522117391,0.6795388258586955,0.08444547119547119,8.0,5.0,5.0,-0.30000000000001137,0
164.5,164.5,0.7692307692307693,0.6847852980352981,0.12426879522117391,0.6795388258586955,0.08444547119547119,8.0,5.0,5.0,0.10000000000002274,0
165.5,165.5,0.6666666666666666,0.594083644133644,0.13455079138269493,0.539447013184627,0.07258302253302262,8.0,4.0,4.0,-0.19999999999998863,0
165.5,165.5,0.6666666666666666,0.594083644133644,0.13455079138269493,0.539447013184627,0.07258302253302262,8.0,4.0,4.0,-0.30000000000001137,0
165.5,165.5,0.6666666666666666,0.594083644133644,0.13455079138269493,0.539447013184627,0.07258302253302262,8.0,4.0,4.0,-0.30000000000001137,0
165.5,165.5,0.6666666666666666,0.594083644133644,0.13455079138269493,0.539447013184627,0.07258302253302262,8.0,4.0,4.0,0.10000000000002274,0
166.5,166.5,0.6666666666666666,0.597440231990232,0.116626380701411,0.5935744062372083,0.06922643467643463,8.0,4.0,4.0,-0.30000000000001137,0
166.5,166.5,0.6666666666666666,0.597440231990232,0.116626380701411,0.5935744062372083,0.06922643467643463,8.0,4.0,4.0,-0.30000000000001137,0
166.5,166.5,0.6666666666666666,0.597440231990232,0.116626380701411,0.5935744062372083,0.06922643467643463,8.0,4.0,4.0,0.10000000000002274,0
166.5,166.5,0.6666666666666666,0.597440231990232,0.116626380701411,0.5935744062372083,0.06922643467643463,8.0,4.0,4.0,-0.09999999999999432,0
167.5,167.5,0.6666666666666666,0.5289522311022312,0.12197572790546407,1.1290314715003746,0.1377144355644354,8.0,4.0,4.0,0.30000000000001137,0
167.5,167.5,0.6666666666666666,0.5289522311022312,0.12197572790546407,1.1290314715003746,0.1377144355644354,8.0,4.0,4.0,0.10000000000002274,0
167.5,167.5,0.6666666666666666,0.5289522311022312,0.12197572790546407,1.1290314715003746,0.1377144355644354,8.0,4.0,4.0,-0.09999999999999432,0
167.5,167.5,0.6666666666666666,0.5289522311022312,0.12197572790546407,1.1290314715003746,0.1377144355644354,8.0,4.0,4.0,-0.20000000000001705,0
168.5,168.5,0.5454545454545454,0.4961162726162726,0.11542767307646672,0.42743885866596265,0.0493382728382728,8.0,3.0,3.0,-0.09999999999999432,0
168.5,168.5,0.5454545454545454,0.4961162726162726,0.11542767307646672,0.42743885866596265,0.0493382728382728,8.0,3.0,3.0,-0.20000000000001705,0
168.5,168.5,0.5454545454545454,0.4961162726162726,0.11542767307646672,0.42743885866596265,0.0493382728382728,8.0,3.0,3.0,0.0,0
169.5,169.5,0.6153846153846154,0.6058160062160062,0.11151055843167353,0.0858089969522686,0.009568609168609243,9.0,4.0,4.0,-0.09999999999999432,0
169.5,169.5,0.6153846153846154,0.6058160062160062,0.11151055843167353,0.0858089969522686,0.009568609168609243,9.0,4.0,4.0,-0.20000000000001705,0
169.5,169.5,0.6153846153846154,0.6058160062160062,0.11151055843167353,0.0858089969522686,0.009568609168609243,9.0,4.0,4.0,0.0,0
169.5,169.5,0.6153846153846154,0.6058160062160062,0.11151055843167353,0.0858089969522686,0.009568609168609243,9.0,4.0,4.0,0.30000000000001137,0
170.5,170.5,0.6666666666666666,0.6973543484293484,0.11714147614718552,-0.2619711034213315,-0.030687681762681773,9.0,6.0,5.0,-0.09999999999999432,0
170.5,170.5,0.6666666666666666,0.6973543484293484,0.11714147614718552,-0.2619711034213315,-0.030687681762681773,9.0,6.0,5.0,-0.20000000000001705,0
170.5,170.5,0.6666666666666666,0.6973543484293484,0.11714147614718552,-0.2619711034213315,-0.030687681762681773,9.0,6.0,5.0,0.0,0
170.5,170.5,0.6666666666666666,0.6973543484293484,0.11714147614718552,-0.2619711034213315,-0.030687681762681773,9.0,6.0,5.0,0.30000000000001137,0
170.5,170.5,0.6666666666666666,0.6973543484293484,0.11714147614718552,-0.2619711034213315,-0.030687681762681773,9.0,6.0,5.0,0.09999999999999432,0
171.5,171.5,0.8,0.7463574758574759,0.11344367116392326,0.47285603147496896,0.05364252414252413,9.0,6.0,6.0,-0.20000000000001705,0
171.5,171.5,0.8,0.7463574758574759,0.11344367116392326,0.47285603147496896,0.05364252414252413,9.0,6.0,6.0,0.0,0
171.5,171.5,0.8,0.7463574758574759,0.11344367116392326,0.47285603147496896,0.05364252414252413,9.0,6.0,6.0,0.30000000000001137,0
171.5,171.5,0.8,0.7463574758574759,0.11344367116392326,0.47285603147496896,0.05364252414252413,9.0,6.0,6.0,0.09999999999999432,0
171.5,171.5,0.8,0.7463574758574759,0.11344367116392326,0.47285603147496896,0.05364252414252413,9.0,6.0,6.0,0.19999999999998863,0
171.5,171.5,0.8,0.7463574758574759,0.11344367116392326,0.47285603147496896,0.05364252414252413,9.0,6.0,6.0,0.19999999999998863,0
172.5,172.5,0.8,0.7784199099919688,0.11835394597952784,0.1823351965955076,0.021580090008031294,8.0,7.0,6.0,0.0,0
172.5,172.5,0.8,0.7784199099919688,0.11835394597952784,0.1823351965955076,0.021580090008031294,8.0,7.0,6.0,0.30000000000001137,0
172.5,172.5,0.8,0.7784199099919688,0.11835394597952784,0.1823351965955076,0.021580090008031294,8.0,7.0,6.0,0.09999999999999432,0
172.5,172.5,0.8,0.7784199099919688,0.11835394597952784,0.1823351965955076,0.021580090008031294,8.0,7.0,6.0,0.19999999999998863,0
172.5,172.5,0.8,0.7784199099919688,0.11835394597952784,0.1823351965955076,0.021580090008031294,8.0,7.0,6.0,0.19999999999998863,0
172.5,172.5,0.8,0.7784199099919688,0.11835394597952784,0.1823351965955076,0.021580090008031294,8.0,7.0,6.0,-0.20000000000001705,0
173.5,173.5,0.7142857142857143,0.8039720651897123,0.10794708207566187,-0.8308362688408325,-0.08968635090399801,7.0,7.0,5.0,0.30000000000001137,0
173.5,173.5,0.7142857142857143,0.8039720651897123,0.10794708207566187,-0.8308362688408325,-0.08968635090399801,7.0,7.0,5.0,0.09999999999999432,0
173.5,173.5,0.7142857142857143,0.8039720651897123,0.10794708207566187,-0.8308362688408325,-0.08968635090399801,7.0,7.0,5.0,0.19999999999998863,0
173.5,173.5,0.7142857142857143,0.8039720651897123,0.10794708207566187,-0.8308362688408325,-0.08968635090399801,7.0,7.0,5.0,0.19999999999998863,0
173.5,173.5,0.7142857142857143,0.8039720651897123,0.10794708207566187,-0.8308362688408325,-0.08968635090399801,7.0,7.0,5.0,-0.20000000000001705,0
174.5,174.5,0.7142857142857143,0.8006303466141701,0.10538843197216022,-0.8192989563718426,-0.0863446323284558,7.0,7.0,5.0,0.09999999999999432,0
174.5,174.5,0.7142857142857143,0.8006303466141701,0.10538843197216022,-0.8192989563718426,-0.0863446323284558,7.0,7.0,5.0,0.19999999999998863,0
174.5,174.5,0.7142857142857143,0.8006303466141701,0.10538843197216022,-0.8192989563718426,-0.0863446323284558,7.0,7.0,5.0,0.19999999999998863,0
174.5,174.5,0.7142857142857143,0.8006303466141701,0.10538843197216022,-0.8192989563718426,-0.0863446323284558,7.0,7.0,5.0,-0.20000000000001705,0
174.5,174.5,0.7142857142857143,0.8006303466141701,0.10538843197216022,-0.8192989563718426,-0.0863446323284558,7.0,7.0,5.0,0.0,0
175.5,175.5,0.5,0.6864519203019203,0.11658472955753639,-1.5992825219009779,-0.18645192030192026,7.0,5.0,3.0,0.19999999999998863,0
175.5,175.5,0.5,0.6864519203019203,0.11658472955753639,-1.5992825219009779,-0.18645192030192026,7.0,5.0,3.0,-0.20000000000001705,0
175.5,175.5,0.5,0.6864519203019203,0.11658472955753639,-1.5992825219009779,-0.18645192030192026,7.0,5.0,3.0,0.0,0
176.5,176.5,0.5,0.6680635364635364,0.11649970040293543,-1.4426091730902149,-0.16806353646353644,7.0,5.0,3.0,-0.20000000000001705,0
176.5,176.5,0.5,0.6680635364635364,0.11649970040293543,-1.4426091730902149,-0.16806353646353644,7.0,5.0,3.0,0.0,0
176.5,176.5,0.5,0.6680635364635364,0.11649970040293543,-1.4426091730902149,-0.16806353646353644,7.0,5.0,3.0,-0.30000000000001137,0
