t_center,t_center_abs,S,S_null_mean,S_null_sd,z_S_t,S_excess,nA,nB,nM,dt,episode
8.5,8.5,0.8235294117647058,0.7393065387313066,0.1056616878164362,0.7970994480016055,0.08422287303339926,10.0,7.0,7.0,0.20000000000000018,0
8.5,8.5,0.8235294117647058,0.7393065387313066,0.1056616878164362,0.7970994480016055,0.08422287303339926,10.0,7.0,7.0,0.09999999999999964,0
8.5,8.5,0.8235294117647058,0.7393065387313066,0.1056616878164362,0.7970994480016055,0.08422287303339926,10.0,7.0,7.0,0.10000000000000053,0
8.5,8.5,0.8235294117647058,0.7393065387313066,0.1056616878164362,0.7970994480016055,0.08422287303339926,10.0,7.0,7.0,0.0,0
8.5,8.5,0.8235294117647058,0.7393065387313066,0.1056616878164362,0.7970994480016055,0.08422287303339926,10.0,7.0,7.0,0.1999999999999993,0
8.5,8.5,0.8235294117647058,0.7393065387313066,0.1056616878164362,0.7970994480016055,0.08422287303339926,10.0,7.0,7.0,-0.1999999999999993,0
8.5,8.5,0.8235294117647058,0.7393065387313066,0.1056616878164362,0.7970994480016055,0.08422287303339926,10.0,7.0,7.0,-0.1999999999999993,0
9.5,9.5,0.8888888888888888,0.774949855682673,0.10607327264902049,1.0741540291984941,0.11393903320621579,10.0,8.0,8.0,0.09999999999999964,0
9.5,9.5,0.8888888888888888,0.774949855682673,0.10607327264902049,1.0741540291984941,0.11393903320621579,10.0,8.0,8.0,0.10000000000000053,0
9.5,9.5,0.8888888888888888,0.774949855682673,0.10607327264902049,1.0741540291984941,0.11393903320621579,10.0,8.0,8.0,0.0,0
9.5,9.5,0.8888888888888888,0.774949855682673,0.10607327264902049,1.0741540291984941,0.11393903320621579,10.0,8.0,8.0,0.1999999999999993,0
9.5,9.5,0.8888888888888888,0.774949855682673,0.10607327264902049,1.0741540291984941,0.11393903320621579,10.0,8.0,8.0,-0.1999999999999993,0
9.5,9.5,0.8888888888888888,0.774949855682673,0.10607327264902049,1.0741540291984941,0.11393903320621579,10.0,8.0,8.0,-0.1999999999999993,0
9.5,9.5,0.8888888888888888,0.774949855682673,0.10607327264902049,1.0741540291984941,0.11393903320621579,10.0,8.0,8.0,-0.29999999999999893,0
9.5,9.5,0.8888888888888888,0.774949855682673,0.10607327264902049,1.0741540291984941,0.11393903320621579,10.0,8.0,8.0,0.0,0
10.5,10.5,0.8,0.6657053084170732,0.1214780665689355,1.1055056717314335,0.13429469158292684,9.0,6.0,6.0,0.0,0
10.5,10.5,0.8,0.6657053084170732,0.1214780665689355,1.1055056717314335,0.13429469158292684,9.0,6.0,6.0,0.1999999999999993,0
10.5,10.5,0.8,0.6657053084170732,0.1214780665689355,1.1055056717314335,0.13429469158292684,9.0,6.0,6.0,-0.1999999999999993,0
10.5,10.5,0.8,0.6657053084170732,0.1214780665689355,1.1055056717314335,0.13429469158292684,9.0,6.0,6.0,-0.1999999999999993,0
10.5,10.5,0.8,0.6657053084170732,0.1214780665689355,1.1055056717314335,0.13429469158292684,9.0,6.0,6.0,-0.29999999999999893,0
10.5,10.5,0.8,0.6657053084170732,0.1214780665689355,1.1055056717314335,0.13429469158292684,9.0,6.0,6.0,0.0,0
11.5,11.5,0.6666666666666666,0.6654782883782884,0.11395117592388389,0.010428837427461549,0.0011883782883782557,9.0,6.0,5.0,-0.1999999999999993,0
11.5,11.5,0.6666666666666666,0.6654782883782884,0.11395117592388389,0.010428837427461549,0.0011883782883782557,9.0,6.0,5.0,-0.1999999999999993,0
11.5,11.5,0.6666666666666666,0.6654782883782884,0.11395117592388389,0.010428837427461549,0.0011883782883782557,9.0,6.0,5.0,-0.29999999999999893,0
11.5,11.5,0.6666666666666666,0.6654782883782884,0.11395117592388389,0.010428837427461549,0.0011883782883782557,9.0,6.0,5.0,0.0,0
11.5,11.5,0.6666666666666666,0.6654782883782884,0.11395117592388389,0.010428837427461549,0.0011883782883782557,9.0,6.0,5.0,-0.10000000000000142,0
12.5,12.5,0.75,0.7419335379704576,0.10396358492419273,0.07758930240260811,0.00806646202954242,8.0,8.0,6.0,-0.1999999999999993,0
12.5,12.5,0.75,0.7419335379704576,0.10396358492419273,0.07758930240260811,0.00806646202954242,8.0,8.0,6.0,-0.29999999999999893,0
12.5,12.5,0.75,0.7419335379704576,0.10396358492419273,0.07758930240260811,0.00806646202954242,8.0,8.0,6.0,0.0,0
12.5,12.5,0.75,0.7419335379704576,0.10396358492419273,0.07758930240260811,0.00806646202954242,8.0,8.0,6.0,-0.10000000000000142,0
12.5,12.5,0.75,0.7419335379704576,0.10396358492419273,0.07758930240260811,0.00806646202954242,8.0,8.0,6.0,-0.20000000000000107,0
12.5,12.5,0.75,0.7419335379704576,0.10396358492419273,0.07758930240260811,0.00806646202954242,8.0,8.0,6.0,0.09999999999999964,0
13.5,13.5,0.8,0.7443228850870491,0.11491044507130574,0.48452614449801684,0.05567711491295091,7.0,8.0,6.0,0.20000000000000107,0
13.5,13.5,0.8,0.7443228850870491,0.11491044507130574,0.48452614449801684,0.05567711491295091,7.0,8.0,6.0,0.0,0
13.5,13.5,0.8,0.7443228850870491,0.11491044507130574,0.48452614449801684,0.05567711491295091,7.0,8.0,6.0,-0.10000000000000142,0
13.5,13.5,0.8,0.7443228850870491,0.11491044507130574,0.48452614449801684,0.05567711491295091,7.0,8.0,6.0,-0.20000000000000107,0
13.5,13.5,0.8,0.7443228850870491,0.11491044507130574,0.48452614449801684,0.05567711491295091,7.0,8.0,6.0,0.09999999999999964,0
13.5,13.5,0.8,0.7443228850870491,0.11491044507130574,0.48452614449801684,0.05567711491295091,7.0,8.0,6.0,-0.10000000000000142,0
14.5,14.5,0.6666666666666666,0.7103361514904084,0.13136198330599277,-0.3324362477233515,-0.04366948482374178,8.0,7.0,5.0,-0.10000000000000142,0
14.5,14.5,0.6666666666666666,0.7103361514904084,0.13136198330599277,-0.3324362477233515,-0.04366948482374178,8.0,7.0,5.0,-0.20000000000000107,0
14.5,14.5,0.6666666666666666,0.7103361514904084,0.13136198330599277,-0.3324362477233515,-0.04366948482374178,8.0,7.0,5.0,0.09999999999999964,0
14.5,14.5,0.6666666666666666,0.7103361514904084,0.13136198330599277,-0.3324362477233515,-0.04366948482374178,8.0,7.0,5.0,-0.10000000000000142,0
14.5,14.5,0.6666666666666666,0.7103361514904084,0.13136198330599277,-0.3324362477233515,-0.04366948482374178,8.0,7.0,5.0,-0.1999999999999993,0
15.5,15.5,0.7368421052631579,0.8177789324796292,0.10841520797058937,-0.7465449610946435,-0.08093682721647133,10.0,9.0,7.0,-0.10000000000000142,0
15.5,15.5,0.7368421052631579,0.8177789324796292,0.10841520797058937,-0.7465449610946435,-0.08093682721647133,10.0,9.0,7.0,-0.20000000000000107,0
15.5,15.5,0.7368421052631579,0.8177789324796292,0.10841520797058937,-0.7465449610946435,-0.08093682721647133,10.0,9.0,7.0,0.09999999999999964,0
15.5,15.5,0.7368421052631579,0.8177789324796292,0.10841520797058937,-0.7465449610946435,-0.08093682721647133,10.0,9.0,7.0,-0.10000000000000142,0
15.5,15.5,0.7368421052631579,0.8177789324796292,0.10841520797058937,-0.7465449610946435,-0.08093682721647133,10.0,9.0,7.0,-0.1999999999999993,0
15.5,15.5,0.7368421052631579,0.8177789324796292,0.10841520797058937,-0.7465449610946435,-0.08093682721647133,10.0,9.0,7.0,-0.20000000000000284,0
15.5,15.5,0.7368421052631579,0.8177789324796292,0.10841520797058937,-0.7465449610946435,-0.08093682721647133,10.0,9.0,7.0,0.0,0
16.5,16.5,0.8,0.8067703230807721,0.10128549819560131,-0.0668439529980621,-0.006770323080772078,11.0,9.0,8.0,-0.20000000000000107,0
16.5,16.5,0.8,0.8067703230807721,0.10128549819560131,-0.0668439529980621,-0.006770323080772078,11.0,9.0,8.0,0.09999999999999964,0
16.5,16.5,0.8,0.8067703230807721,0.10128549819560131,-0.0668439529980621,-0.006770323080772078,11.0,9.0,8.0,-0.10000000000000142,0
16.5,16.5,0.8,0.8067703230807721,0.10128549819560131,-0.0668439529980621,-0.006770323080772078,11.0,9.0,8.0,-0.1999999999999993,0
16.5,16.5,0.8,0.8067703230807721,0.10128549819560131,-0.0668439529980621,-0.006770323080772078,11.0,9.0,8.0,-0.20000000000000284,0
16.5,16.5,0.8,0.8067703230807721,0.10128549819560131,-0.0668439529980621,-0.006770323080772078,11.0,9.0,8.0,0.0,0
16.5,16.5,0.8,0.8067703230807721,0.10128549819560131,-0.0668439529980621,-0.006770323080772078,11.0,9.0,8.0,0.10000000000000142,0
16.5,16.5,0.8,0.8067703230807721,0.10128549819560131,-0.0668439529980621,-0.006770323080772078,11.0,9.0,8.0,0.0,0
17.5,17.5,0.6666666666666666,0.7509307753306206,0.10424137889585783,-0.8083556602617264,-0.08426410866395395,11.0,7.0,6.0,-0.10000000000000142,0
17.5,17.5,0.6666666666666666,0.7509307753306206,0.10424137889585783,-0.8083556602617264,-0.08426410866395395,11.0,7.0,6.0,-0.1999999999999993,0
17.5,17.5,0.6666666666666666,0.7509307753306206,0.10424137889585783,-0.8083556602617264,-0.08426410866395395,11.0,7.0,6.0,-0.20000000000000284,0
17.5,17.5,0.6666666666666666,0.7509307753306206,0.10424137889585783,-0.8083556602617264,-0.08426410866395395,11.0,7.0,6.0,0.0,0
17.5,17.5,0.6666666666666666,0.7509307753306206,0.10424137889585783,-0.8083556602617264,-0.08426410866395395,11.0,7.0,6.0,0.10000000000000142,0
17.5,17.5,0.6666666666666666,0.7509307753306206,0.10424137889585783,-0.8083556602617264,-0.08426410866395395,11.0,7.0,6.0,0.0,0
18.5,18.5,0.625,0.7002362363127069,0.09866283853401148,-0.7625590083420433,-0.07523623631270693,10.0,6.0,5.0,-0.1999999999999993,0
18.5,18.5,0.625,0.7002362363127069,0.09866283853401148,-0.7625590083420433,-0.07523623631270693,10.0,6.0,5.0,-0.20000000000000284,0
18.5,18.5,0.625,0.7002362363127069,0.09866283853401148,-0.7625590083420433,-0.07523623631270693,10.0,6.0,5.0,0.0,0
18.5,18.5,0.625,0.7002362363127069,0.09866283853401148,-0.7625590083420433,-0.07523623631270693,10.0,6.0,5.0,0.10000000000000142,0
18.5,18.5,0.625,0.7002362363127069,0.09866283853401148,-0.7625590083420433,-0.07523623631270693,10.0,6.0,5.0,0.0,0
19.5,19.5,0.6666666666666666,0.7146630161891772,0.10064635325277604,-0.47688115834625816,-0.04799634952251053,8.0,7.0,5.0,0.09999999999999787,0
19.5,19.5,0.6666666666666666,0.7146630161891772,0.10064635325277604,-0.47688115834625816,-0.04799634952251053,8.0,7.0,5.0,0.0,0
19.5,19.5,0.6666666666666666,0.7146630161891772,0.10064635325277604,-0.47688115834625816,-0.04799634952251053,8.0,7.0,5.0,0.10000000000000142,0
19.5,19.5,0.6666666666666666,0.7146630161891772,0.10064635325277604,-0.47688115834625816,-0.04799634952251053,8.0,7.0,5.0,0.0,0
19.5,19.5,0.6666666666666666,0.7146630161891772,0.10064635325277604,-0.47688115834625816,-0.04799634952251053,8.0,7.0,5.0,-0.09999999999999787,0
20.5,20.5,0.6666666666666666,0.7203375936670828,0.11397682046435094,-0.4708933516635789,-0.0536709270004162,8.0,7.0,5.0,0.10000000000000142,0
20.5,20.5,0.6666666666666666,0.7203375936670828,0.11397682046435094,-0.4708933516635789,-0.0536709270004162,8.0,7.0,5.0,0.0,0
20.5,20.5,0.6666666666666666,0.7203375936670828,0.11397682046435094,-0.4708933516635789,-0.0536709270004162,8.0,7.0,5.0,-0.09999999999999787,0
20.5,20.5,0.6666666666666666,0.7203375936670828,0.11397682046435094,-0.4708933516635789,-0.0536709270004162,8.0,7.0,5.0,-0.09999999999999787,0
20.5,20.5,0.6666666666666666,0.7203375936670828,0.11397682046435094,-0.4708933516635789,-0.0536709270004162,8.0,7.0,5.0,-0.1999999999999993,0
21.5,21.5,0.75,0.7283992133339657,0.12907625632583736,0.167349032896536,0.021600786666034266,8.0,8.0,6.0,0.0,0
21.5,21.5,0.75,0.7283992133339657,0.12907625632583736,0.167349032896536,0.021600786666034266,8.0,8.0,6.0,-0.09999999999999787,0
21.5,21.5,0.75,0.7283992133339657,0.12907625632583736,0.167349032896536,0.021600786666034266,8.0,8.0,6.0,-0.09999999999999787,0
21.5,21.5,0.75,0.7283992133339657,0.12907625632583736,0.167349032896536,0.021600786666034266,8.0,8.0,6.0,-0.1999999999999993,0
21.5,21.5,0.75,0.7283992133339657,0.12907625632583736,0.167349032896536,0.021600786666034266,8.0,8.0,6.0,-0.09999999999999787,0
21.5,21.5,0.75,0.7283992133339657,0.12907625632583736,0.167349032896536,0.021600786666034266,8.0,8.0,6.0,-0.1999999999999993,0
22.5,22.5,0.8235294117647058,0.7825805081227682,0.12771231588889223,0.3206339447916873,0.040948903641937595,8.0,9.0,7.0,-0.09999999999999787,0
22.5,22.5,0.8235294117647058,0.7825805081227682,0.12771231588889223,0.3206339447916873,0.040948903641937595,8.0,9.0,7.0,-0.09999999999999787,0
22.5,22.5,0.8235294117647058,0.7825805081227682,0.12771231588889223,0.3206339447916873,0.040948903641937595,8.0,9.0,7.0,-0.1999999999999993,0
22.5,22.5,0.8235294117647058,0.7825805081227682,0.12771231588889223,0.3206339447916873,0.040948903641937595,8.0,9.0,7.0,-0.09999999999999787,0
22.5,22.5,0.8235294117647058,0.7825805081227682,0.12771231588889223,0.3206339447916873,0.040948903641937595,8.0,9.0,7.0,-0.1999999999999993,0
22.5,22.5,0.8235294117647058,0.7825805081227682,0.12771231588889223,0.3206339447916873,0.040948903641937595,8.0,9.0,7.0,-0.1999999999999993,0
22.5,22.5,0.8235294117647058,0.7825805081227682,0.12771231588889223,0.3206339447916873,0.040948903641937595,8.0,9.0,7.0,0.0,0
23.5,23.5,0.8421052631578947,0.8124677190198863,0.11963240887563939,0.24773842152436507,0.029637544138008343,9.0,10.0,8.0,-0.09999999999999787,0
23.5,23.5,0.8421052631578947,0.8124677190198863,0.11963240887563939,0.24773842152436507,0.029637544138008343,9.0,10.0,8.0,-0.09999999999999787,0
23.5,23.5,0.8421052631578947,0.8124677190198863,0.11963240887563939,0.24773842152436507,0.029637544138008343,9.0,10.0,8.0,-0.1999999999999993,0
23.5,23.5,0.8421052631578947,0.8124677190198863,0.11963240887563939,0.24773842152436507,0.029637544138008343,9.0,10.0,8.0,-0.09999999999999787,0
23.5,23.5,0.8421052631578947,0.8124677190198863,0.11963240887563939,0.24773842152436507,0.029637544138008343,9.0,10.0,8.0,-0.1999999999999993,0
23.5,23.5,0.8421052631578947,0.8124677190198863,0.11963240887563939,0.24773842152436507,0.029637544138008343,9.0,10.0,8.0,-0.1999999999999993,0
23.5,23.5,0.8421052631578947,0.8124677190198863,0.11963240887563939,0.24773842152436507,0.029637544138008343,9.0,10.0,8.0,0.0,0
23.5,23.5,0.8421052631578947,0.8124677190198863,0.11963240887563939,0.24773842152436507,0.029637544138008343,9.0,10.0,8.0,-0.10000000000000142,0
24.5,24.5,0.9523809523809523,0.815651038108778,0.11075103069115531,1.2345701292249345,0.1367299142721743,11.0,10.0,10.0,-0.09999999999999787,0
24.5,24.5,0.9523809523809523,0.815651038108778,0.11075103069115531,1.2345701292249345,0.1367299142721743,11.0,10.0,10.0,-0.1999999999999993,0
24.5,24.5,0.9523809523809523,0.815651038108778,0.11075103069115531,1.2345701292249345,0.1367299142721743,11.0,10.0,10.0,-0.09999999999999787,0
24.5,24.5,0.9523809523809523,0.815651038108778,0.11075103069115531,1.2345701292249345,0.1367299142721743,11.0,10.0,10.0,-0.1999999999999993,0
24.5,24.5,0.9523809523809523,0.815651038108778,0.11075103069115531,1.2345701292249345,0.1367299142721743,11.0,10.0,10.0,-0.1999999999999993,0
24.5,24.5,0.9523809523809523,0.815651038108778,0.11075103069115531,1.2345701292249345,0.1367299142721743,11.0,10.0,10.0,0.0,0
24.5,24.5,0.9523809523809523,0.815651038108778,0.11075103069115531,1.2345701292249345,0.1367299142721743,11.0,10.0,10.0,-0.10000000000000142,0
24.5,24.5,0.9523809523809523,0.815651038108778,0.11075103069115531,1.2345701292249345,0.1367299142721743,11.0,10.0,10.0,0.10000000000000142,0
24.5,24.5,0.9523809523809523,0.815651038108778,0.11075103069115531,1.2345701292249345,0.1367299142721743,11.0,10.0,10.0,0.0,0
24.5,24.5,0.9523809523809523,0.815651038108778,0.11075103069115531,1.2345701292249345,0.1367299142721743,11.0,10.0,10.0,-0.10000000000000142,0
25.5,25.5,0.9473684210526315,0.8140994617439664,0.10868130157879725,1.226236320072419,0.1332689593086651,10.0,9.0,9.0,-0.09999999999999787,0
25.5,25.5,0.9473684210526315,0.8140994617439664,0.10868130157879725,1.226236320072419,0.1332689593086651,10.0,9.0,9.0,-0.1999999999999993,0
25.5,25.5,0.9473684210526315,0.8140994617439664,0.10868130157879725,1.226236320072419,0.1332689593086651,10.0,9.0,9.0,-0.1999999999999993,0
25.5,25.5,0.9473684210526315,0.8140994617439664,0.10868130157879725,1.226236320072419,0.1332689593086651,10.0,9.0,9.0,0.0,0
25.5,25.5,0.9473684210526315,0.8140994617439664,0.10868130157879725,1.226236320072419,0.1332689593086651,10.0,9.0,9.0,-0.10000000000000142,0
25.5,25.5,0.9473684210526315,0.8140994617439664,0.10868130157879725,1.226236320072419,0.1332689593086651,10.0,9.0,9.0,0.10000000000000142,0
25.5,25.5,0.9473684210526315,0.8140994617439664,0.10868130157879725,1.226236320072419,0.1332689593086651,10.0,9.0,9.0,0.0,0
25.5,25.5,0.9473684210526315,0.8140994617439664,0.10868130157879725,1.226236320072419,0.1332689593086651,10.0,9.0,9.0,-0.10000000000000142,0
25.5,25.5,0.9473684210526315,0.8140994617439664,0.10868130157879725,1.226236320072419,0.1332689593086651,10.0,9.0,9.0,0.10000000000000142,0
26.5,26.5,0.9411764705882353,0.790115274964114,0.10721612976041402,1.408940949106107,0.15106119562412124,9.0,8.0,8.0,-0.1999999999999993,0
26.5,26.5,0.9411764705882353,0.790115274964114,0.10721612976041402,1.408940949106107,0.15106119562412124,9.0,8.0,8.0,0.0,0
26.5,26.5,0.9411764705882353,0.790115274964114,0.10721612976041402,1.408940949106107,0.15106119562412124,9.0,8.0,8.0,-0.10000000000000142,0
26.5,26.5,0.9411764705882353,0.790115274964114,0.10721612976041402,1.408940949106107,0.15106119562412124,9.0,8.0,8.0,0.10000000000000142,0
26.5,26.5,0.9411764705882353,0.790115274964114,0.10721612976041402,1.408940949106107,0.15106119562412124,9.0,8.0,8.0,0.0,0
26.5,26.5,0.9411764705882353,0.790115274964114,0.10721612976041402,1.408940949106107,0.15106119562412124,9.0,8.0,8.0,-0.10000000000000142,0
26.5,26.5,0.9411764705882353,0.790115274964114,0.10721612976041402,1.408940949106107,0.15106119562412124,9.0,8.0,8.0,0.10000000000000142,0
26.5,26.5,0.9411764705882353,0.790115274964114,0.10721612976041402,1.408940949106107,0.15106119562412124,9.0,8.0,8.0,0.0,0
27.5,27.5,0.9411764705882353,0.7770382241597413,0.11027489399633474,1.4884461955043866,0.16413824642849395,8.0,9.0,8.0,0.0,0
27.5,27.5,0.9411764705882353,0.7770382241597413,0.11027489399633474,1.4884461955043866,0.16413824642849395,8.0,9.0,8.0,-0.10000000000000142,0
27.5,27.5,0.9411764705882353,0.7770382241597413,0.11027489399633474,1.4884461955043866,0.16413824642849395,8.0,9.0,8.0,0.10000000000000142,0
27.5,27.5,0.9411764705882353,0.7770382241597413,0.11027489399633474,1.4884461955043866,0.16413824642849395,8.0,9.0,8.0,0.0,0
27.5,27.5,0.9411764705882353,0.7770382241597413,0.11027489399633474,1.4884461955043866,0.16413824642849395,8.0,9.0,8.0,-0.10000000000000142,0
27.5,27.5,0.9411764705882353,0.7770382241597413,0.11027489399633474,1.4884461955043866,0.16413824642849395,8.0,9.0,8.0,0.10000000000000142,0
27.5,27.5,0.9411764705882353,0.7770382241597413,0.11027489399633474,1.4884461955043866,0.16413824642849395,8.0,9.0,8.0,0.0,0
27.5,27.5,0.9411764705882353,0.7770382241597413,0.11027489399633474,1.4884461955043866,0.16413824642849395,8.0,9.0,8.0,-0.1999999999999993,0
28.5,28.5,0.8571428571428571,0.6947990414642118,0.11733117033174947,1.383637572348629,0.1623438156786453,7.0,7.0,6.0,0.10000000000000142,0
28.5,28.5,0.8571428571428571,0.6947990414642118,0.11733117033174947,1.383637572348629,0.1623438156786453,7.0,7.0,6.0,0.0,0
28.5,28.5,0.8571428571428571,0.6947990414642118,0.11733117033174947,1.383637572348629,0.1623438156786453,7.0,7.0,6.0,-0.10000000000000142,0
28.5,28.5,0.8571428571428571,0.6947990414642118,0.11733117033174947,1.383637572348629,0.1623438156786453,7.0,7.0,6.0,0.10000000000000142,0
28.5,28.5,0.8571428571428571,0.6947990414642118,0.11733117033174947,1.383637572348629,0.1623438156786453,7.0,7.0,6.0,0.0,0
28.5,28.5,0.8571428571428571,0.6947990414642118,0.11733117033174947,1.383637572348629,0.1623438156786453,7.0,7.0,6.0,-0.1999999999999993,0
29.5,29.5,0.5,0.5711289008377244,0.12621902635476281,-0.5635354897906037,-0.07112890083772438,7.0,5.0,3.0,0.10000000000000142,0
29.5,29.5,0.5,0.5711289008377244,0.12621902635476281,-0.5635354897906037,-0.07112890083772438,7.0,5.0,3.0,0.0,0
29.5,29.5,0.5,0.5711289008377244,0.12621902635476281,-0.5635354897906037,-0.07112890083772438,7.0,5.0,3.0,-0.1999999999999993,0
30.5,30.5,0.5,0.5484933399933399,0.11198211338004152,-0.4330454081426799,-0.048493339993339935,8.0,4.0,3.0,0.0,0
30.5,30.5,0.5,0.5484933399933399,0.11198211338004152,-0.4330454081426799,-0.048493339993339935,8.0,4.0,3.0,-0.1999999999999993,0
30.5,30.5,0.5,0.5484933399933399,0.11198211338004152,-0.4330454081426799,-0.048493339993339935,8.0,4.0,3.0,0.0,0
31.5,31.5,0.5,0.5287353646353646,0.11451532235446546,-0.2509303038629059,-0.028735364635364635,8.0,4.0,3.0,-0.1999999999999993,0
31.5,31.5,0.5,0.5287353646353646,0.11451532235446546,-0.2509303038629059,-0.028735364635364635,8.0,4.0,3.0,0.0,0
31.5,31.5,0.5,0.5287353646353646,0.11451532235446546,-0.2509303038629059,-0.028735364635364635,8.0,4.0,3.0,-0.20000000000000284,0
32.5,32.5,0.6153846153846154,0.5395611444111443,0.11989062342467537,0.6324387079454075,0.07582347097347109,9.0,4.0,4.0,0.0,0
32.5,32.5,0.6153846153846154,0.5395611444111443,0.11989062342467537,0.6324387079454075,0.07582347097347109,9.0,4.0,4.0,-0.20000000000000284,0
32.5,32.5,0.6153846153846154,0.5395611444111443,0.11989062342467537,0.6324387079454075,0.07582347097347109,9.0,4.0,4.0,0.0,0
32.5,32.5,0.6153846153846154,0.5395611444111443,0.11989062342467537,0.6324387079454075,0.07582347097347109,9.0,4.0,4.0,-0.10000000000000142,0
33.5,33.5,0.625,0.6229742238154001,0.10895876209202082,0.01859213656345514,0.00202577618459987,11.0,5.0,5.0,0.0,0
33.5,33.5,0.625,0.6229742238154001,0.10895876209202082,0.01859213656345514,0.00202577618459987,11.0,5.0,5.0,-0.20000000000000284,0
33.5,33.5,0.625,0.6229742238154001,0.10895876209202082,0.01859213656345514,0.00202577618459987,11.0,5.0,5.0,0.0,0
33.5,33.5,0.625,0.6229742238154001,0.10895876209202082,0.01859213656345514,0.00202577618459987,11.0,5.0,5.0,-0.10000000000000142,0
33.5,33.5,0.625,0.6229742238154001,0.10895876209202082,0.01859213656345514,0.00202577618459987,11.0,5.0,5.0,-0.10000000000000142,0
34.5,34.5,0.6666666666666666,0.6982805015246192,0.10457584487945275,-0.30230532580821723,-0.03161383485795255,9.0,6.0,5.0,0.0,0
34.5,34.5,0.6666666666666666,0.6982805015246192,0.10457584487945275,-0.30230532580821723,-0.03161383485795255,9.0,6.0,5.0,-0.20000000000000284,0
34.5,34.5,0.6666666666666666,0.6982805015246192,0.10457584487945275,-0.30230532580821723,-0.03161383485795255,9.0,6.0,5.0,0.0,0
34.5,34.5,0.6666666666666666,0.6982805015246192,0.10457584487945275,-0.30230532580821723,-0.03161383485795255,9.0,6.0,5.0,-0.10000000000000142,0
34.5,34.5,0.6666666666666666,0.6982805015246192,0.10457584487945275,-0.30230532580821723,-0.03161383485795255,9.0,6.0,5.0,-0.10000000000000142,0
35.5,35.5,0.5714285714285714,0.6898317910847322,0.1196258262296374,-0.9897797439565467,-0.11840321965616085,8.0,6.0,4.0,0.0,0
35.5,35.5,0.5714285714285714,0.6898317910847322,0.1196258262296374,-0.9897797439565467,-0.11840321965616085,8.0,6.0,4.0,-0.10000000000000142,0
35.5,35.5,0.5714285714285714,0.6898317910847322,0.1196258262296374,-0.9897797439565467,-0.11840321965616085,8.0,6.0,4.0,-0.10000000000000142,0
35.5,35.5,0.5714285714285714,0.6898317910847322,0.1196258262296374,-0.9897797439565467,-0.11840321965616085,8.0,6.0,4.0,-0.29999999999999716,0
36.5,36.5,0.6666666666666666,0.6790778202189967,0.11757057812912197,-0.10556343049278422,-0.012411153552330023,9.0,6.0,5.0,0.0,0
36.5,36.5,0.6666666666666666,0.6790778202189967,0.11757057812912197,-0.10556343049278422,-0.012411153552330023,9.0,6.0,5.0,-0.10000000000000142,0
36.5,36.5,0.6666666666666666,0.6790778202189967,0.11757057812912197,-0.10556343049278422,-0.012411153552330023,9.0,6.0,5.0,-0.10000000000000142,0
36.5,36.5,0.6666666666666666,0.6790778202189967,0.11757057812912197,-0.10556343049278422,-0.012411153552330023,9.0,6.0,5.0,-0.29999999999999716,0
36.5,36.5,0.6666666666666666,0.6790778202189967,0.11757057812912197,-0.10556343049278422,-0.012411153552330023,9.0,6.0,5.0,-0.20000000000000284,0
37.5,37.5,0.46153846153846156,0.5486898989898991,0.11876273932412819,-0.733828117702667,-0.0871514374514375,9.0,4.0,3.0,-0.10000000000000142,0
37.5,37.5,0.46153846153846156,0.5486898989898991,0.11876273932412819,-0.733828117702667,-0.0871514374514375,9.0,4.0,3.0,-0.29999999999999716,0
37.5,37.5,0.46153846153846156,0.5486898989898991,0.11876273932412819,-0.733828117702667,-0.0871514374514375,9.0,4.0,3.0,-0.20000000000000284,0
38.5,38.5,0.5,0.5333744838494838,0.1212734910086829,-0.27520015769228817,-0.03337448384948383,8.0,4.0,3.0,-0.29999999999999716,0
38.5,38.5,0.5,0.5333744838494838,0.1212734910086829,-0.27520015769228817,-0.03337448384948383,8.0,4.0,3.0,-0.20000000000000284,0
38.5,38.5,0.5,0.5333744838494838,0.1212734910086829,-0.27520015769228817,-0.03337448384948383,8.0,4.0,3.0,-0.29999999999999716,0
39.5,39.5,0.6153846153846154,0.5874193528693529,0.12113568302788799,0.23085899890310893,0.027965262515262546,8.0,5.0,4.0,-0.29999999999999716,0
39.5,39.5,0.6153846153846154,0.5874193528693529,0.12113568302788799,0.23085899890310893,0.027965262515262546,8.0,5.0,4.0,-0.20000000000000284,0
39.5,39.5,0.6153846153846154,0.5874193528693529,0.12113568302788799,0.23085899890310893,0.027965262515262546,8.0,5.0,4.0,-0.29999999999999716,0
39.5,39.5,0.6153846153846154,0.5874193528693529,0.12113568302788799,0.23085899890310893,0.027965262515262546,8.0,5.0,4.0,0.10000000000000142,0
40.5,40.5,0.5454545454545454,0.6148509996539407,0.12042679046577198,-0.5762542863676117,-0.06939645419939533,6.0,5.0,3.0,-0.20000000000000284,0
40.5,40.5,0.5454545454545454,0.6148509996539407,0.12042679046577198,-0.5762542863676117,-0.06939645419939533,6.0,5.0,3.0,-0.29999999999999716,0
40.5,40.5,0.5454545454545454,0.6148509996539407,0.12042679046577198,-0.5762542863676117,-0.06939645419939533,6.0,5.0,3.0,0.10000000000000142,0
41.5,41.5,0.4,0.6149809083073788,0.12111439518609568,-1.775023588047107,-0.21498090830737882,5.0,5.0,2.0,-0.29999999999999716,0
41.5,41.5,0.4,0.6149809083073788,0.12111439518609568,-1.775023588047107,-0.21498090830737882,5.0,5.0,2.0,0.10000000000000142,0
42.5,42.5,0.5,0.6942226863006276,0.10862718443488156,-1.7879749651161922,-0.19422268630062756,6.0,6.0,3.0,-0.29999999999999716,0
42.5,42.5,0.5,0.6942226863006276,0.10862718443488156,-1.7879749651161922,-0.19422268630062756,6.0,6.0,3.0,0.10000000000000142,0
42.5,42.5,0.5,0.6942226863006276,0.10862718443488156,-1.7879749651161922,-0.19422268630062756,6.0,6.0,3.0,0.09999999999999432,0
43.5,43.5,0.6153846153846154,0.7461936411283935,0.10352184434779961,-1.263588632601081,-0.13080902574377806,6.0,7.0,4.0,0.10000000000000142,0
43.5,43.5,0.6153846153846154,0.7461936411283935,0.10352184434779961,-1.263588632601081,-0.13080902574377806,6.0,7.0,4.0,0.09999999999999432,0
43.5,43.5,0.6153846153846154,0.7461936411283935,0.10352184434779961,-1.263588632601081,-0.13080902574377806,6.0,7.0,4.0,-0.10000000000000142,0
43.5,43.5,0.6153846153846154,0.7461936411283935,0.10352184434779961,-1.263588632601081,-0.13080902574377806,6.0,7.0,4.0,-0.10000000000000142,0
44.5,44.5,0.625,0.7415900480066889,0.10900883018402717,-1.069546823040512,-0.11659004800668893,8.0,8.0,5.0,0.09999999999999432,0
44.5,44.5,0.625,0.7415900480066889,0.10900883018402717,-1.069546823040512,-0.11659004800668893,8.0,8.0,5.0,-0.10000000000000142,0
44.5,44.5,0.625,0.7415900480066889,0.10900883018402717,-1.069546823040512,-0.11659004800668893,8.0,8.0,5.0,-0.10000000000000142,0
44.5,44.5,0.625,0.7415900480066889,0.10900883018402717,-1.069546823040512,-0.11659004800668893,8.0,8.0,5.0,-0.19999999999999574,0
44.5,44.5,0.625,0.7415900480066889,0.10900883018402717,-1.069546823040512,-0.11659004800668893,8.0,8.0,5.0,-0.29999999999999716,0
45.5,45.5,0.7777777777777778,0.7675114741897251,0.11486709430747283,0.08937549652446294,0.010266303588052694,10.0,8.0,7.0,0.09999999999999432,0
45.5,45.5,0.7777777777777778,0.7675114741897251,0.11486709430747283,0.08937549652446294,0.010266303588052694,10.0,8.0,7.0,-0.10000000000000142,0
45.5,45.5,0.7777777777777778,0.7675114741897251,0.11486709430747283,0.08937549652446294,0.010266303588052694,10.0,8.0,7.0,-0.10000000000000142,0
45.5,45.5,0.7777777777777778,0.7675114741897251,0.11486709430747283,0.08937549652446294,0.010266303588052694,10.0,8.0,7.0,-0.19999999999999574,0
45.5,45.5,0.7777777777777778,0.7675114741897251,0.11486709430747283,0.08937549652446294,0.010266303588052694,10.0,8.0,7.0,-0.29999999999999716,0
45.5,45.5,0.7777777777777778,0.7675114741897251,0.11486709430747283,0.08937549652446294,0.010266303588052694,10.0,8.0,7.0,-0.10000000000000142,0
45.5,45.5,0.7777777777777778,0.7675114741897251,0.11486709430747283,0.08937549652446294,0.010266303588052694,10.0,8.0,7.0,-0.20000000000000284,0
46.5,46.5,0.8421052631578947,0.7859943474568087,0.11147355338570727,0.5033563028796414,0.05611091570108595,11.0,8.0,8.0,0.09999999999999432,0
46.5,46.5,0.8421052631578947,0.7859943474568087,0.11147355338570727,0.5033563028796414,0.05611091570108595,11.0,8.0,8.0,-0.10000000000000142,0
46.5,46.5,0.8421052631578947,0.7859943474568087,0.11147355338570727,0.5033563028796414,0.05611091570108595,11.0,8.0,8.0,-0.10000000000000142,0
46.5,46.5,0.8421052631578947,0.7859943474568087,0.11147355338570727,0.5033563028796414,0.05611091570108595,11.0,8.0,8.0,-0.19999999999999574,0
46.5,46.5,0.8421052631578947,0.7859943474568087,0.11147355338570727,0.5033563028796414,0.05611091570108595,11.0,8.0,8.0,-0.29999999999999716,0
46.5,46.5,0.8421052631578947,0.7859943474568087,0.11147355338570727,0.5033563028796414,0.05611091570108595,11.0,8.0,8.0,-0.10000000000000142,0
46.5,46.5,0.8421052631578947,0.7859943474568087,0.11147355338570727,0.5033563028796414,0.05611091570108595,11.0,8.0,8.0,-0.20000000000000284,0
46.5,46.5,0.8421052631578947,0.7859943474568087,0.11147355338570727,0.5033563028796414,0.05611091570108595,11.0,8.0,8.0,-0.29999999999999716,0
47.5,47.5,0.9,0.8124051564878191,0.10701507307584972,0.8185280913661183,0.08759484351218094,11.0,9.0,9.0,-0.10000000000000142,0
47.5,47.5,0.9,0.8124051564878191,0.10701507307584972,0.8185280913661183,0.08759484351218094,11.0,9.0,9.0,-0.10000000000000142,0
47.5,47.5,0.9,0.8124051564878191,0.10701507307584972,0.8185280913661183,0.08759484351218094,11.0,9.0,9.0,-0.19999999999999574,0
47.5,47.5,0.9,0.8124051564878191,0.10701507307584972,0.8185280913661183,0.08759484351218094,11.0,9.0,9.0,-0.29999999999999716,0
47.5,47.5,0.9,0.8124051564878191,0.10701507307584972,0.8185280913661183,0.08759484351218094,11.0,9.0,9.0,-0.10000000000000142,0
47.5,47.5,0.9,0.8124051564878191,0.10701507307584972,0.8185280913661183,0.08759484351218094,11.0,9.0,9.0,-0.20000000000000284,0
47.5,47.5,0.9,0.8124051564878191,0.10701507307584972,0.8185280913661183,0.08759484351218094,11.0,9.0,9.0,-0.29999999999999716,0
47.5,47.5,0.9,0.8124051564878191,0.10701507307584972,0.8185280913661183,0.08759484351218094,11.0,9.0,9.0,-0.09999999999999432,0
47.5,47.5,0.9,0.8124051564878191,0.10701507307584972,0.8185280913661183,0.08759484351218094,11.0,9.0,9.0,-0.20000000000000284,0
48.5,48.5,0.8421052631578947,0.7999771546736717,0.10198779866225652,0.4130700832531421,0.04212810848422299,11.0,8.0,8.0,-0.19999999999999574,0
48.5,48.5,0.8421052631578947,0.7999771546736717,0.10198779866225652,0.4130700832531421,0.04212810848422299,11.0,8.0,8.0,-0.29999999999999716,0
48.5,48.5,0.8421052631578947,0.7999771546736717,0.10198779866225652,0.4130700832531421,0.04212810848422299,11.0,8.0,8.0,-0.10000000000000142,0
48.5,48.5,0.8421052631578947,0.7999771546736717,0.10198779866225652,0.4130700832531421,0.04212810848422299,11.0,8.0,8.0,-0.20000000000000284,0
48.5,48.5,0.8421052631578947,0.7999771546736717,0.10198779866225652,0.4130700832531421,0.04212810848422299,11.0,8.0,8.0,-0.29999999999999716,0
48.5,48.5,0.8421052631578947,0.7999771546736717,0.10198779866225652,0.4130700832531421,0.04212810848422299,11.0,8.0,8.0,-0.09999999999999432,0
48.5,48.5,0.8421052631578947,0.7999771546736717,0.10198779866225652,0.4130700832531421,0.04212810848422299,11.0,8.0,8.0,-0.20000000000000284,0
48.5,48.5,0.8421052631578947,0.7999771546736717,0.10198779866225652,0.4130700832531421,0.04212810848422299,11.0,8.0,8.0,0.10000000000000142,0
49.5,49.5,0.8421052631578947,0.7589273770261387,0.10456718173191673,0.795449248551067,0.08317788613175603,11.0,8.0,8.0,0.0,0
49.5,49.5,0.8421052631578947,0.7589273770261387,0.10456718173191673,0.795449248551067,0.08317788613175603,11.0,8.0,8.0,-0.10000000000000142,0
49.5,49.5,0.8421052631578947,0.7589273770261387,0.10456718173191673,0.795449248551067,0.08317788613175603,11.0,8.0,8.0,-0.20000000000000284,0
49.5,49.5,0.8421052631578947,0.7589273770261387,0.10456718173191673,0.795449248551067,0.08317788613175603,11.0,8.0,8.0,-0.29999999999999716,0
49.5,49.5,0.8421052631578947,0.7589273770261387,0.10456718173191673,0.795449248551067,0.08317788613175603,11.0,8.0,8.0,-0.09999999999999432,0
49.5,49.5,0.8421052631578947,0.7589273770261387,0.10456718173191673,0.795449248551067,0.08317788613175603,11.0,8.0,8.0,-0.20000000000000284,0
49.5,49.5,0.8421052631578947,0.7589273770261387,0.10456718173191673,0.795449248551067,0.08317788613175603,11.0,8.0,8.0,0.10000000000000142,0
49.5,49.5,0.8421052631578947,0.7589273770261387,0.10456718173191673,0.795449248551067,0.08317788613175603,11.0,8.0,8.0,-0.29999999999999716,0
50.5,50.5,0.75,0.6520804184377713,0.1194891549659385,0.8194850954477131,0.09791958156222869,10.0,6.0,6.0,0.20000000000000284,0
50.5,50.5,0.75,0.6520804184377713,0.1194891549659385,0.8194850954477131,0.09791958156222869,10.0,6.0,6.0,0.20000000000000284,0
50.5,50.5,0.75,0.6520804184377713,0.1194891549659385,0.8194850954477131,0.09791958156222869,10.0,6.0,6.0,-0.09999999999999432,0
50.5,50.5,0.75,0.6520804184377713,0.1194891549659385,0.8194850954477131,0.09791958156222869,10.0,6.0,6.0,-0.20000000000000284,0
50.5,50.5,0.75,0.6520804184377713,0.1194891549659385,0.8194850954477131,0.09791958156222869,10.0,6.0,6.0,0.10000000000000142,0
50.5,50.5,0.75,0.6520804184377713,0.1194891549659385,0.8194850954477131,0.09791958156222869,10.0,6.0,6.0,-0.29999999999999716,0
51.5,51.5,0.7142857142857143,0.7004834234393058,0.09963182053108234,0.1385329583745041,0.013802290846408494,8.0,6.0,5.0,-0.09999999999999432,0
51.5,51.5,0.7142857142857143,0.7004834234393058,0.09963182053108234,0.1385329583745041,0.013802290846408494,8.0,6.0,5.0,-0.20000000000000284,0
51.5,51.5,0.7142857142857143,0.7004834234393058,0.09963182053108234,0.1385329583745041,0.013802290846408494,8.0,6.0,5.0,0.10000000000000142,0
51.5,51.5,0.7142857142857143,0.7004834234393058,0.09963182053108234,0.1385329583745041,0.013802290846408494,8.0,6.0,5.0,-0.29999999999999716,0
51.5,51.5,0.7142857142857143,0.7004834234393058,0.09963182053108234,0.1385329583745041,0.013802290846408494,8.0,6.0,5.0,-0.10000000000000142,0
52.5,52.5,0.8,0.6885527595899114,0.10884369657004364,1.023920024053663,0.11144724041008869,8.0,7.0,6.0,0.20000000000000284,0
52.5,52.5,0.8,0.6885527595899114,0.10884369657004364,1.023920024053663,0.11144724041008869,8.0,7.0,6.0,0.10000000000000142,0
52.5,52.5,0.8,0.6885527595899114,0.10884369657004364,1.023920024053663,0.11144724041008869,8.0,7.0,6.0,-0.29999999999999716,0
52.5,52.5,0.8,0.6885527595899114,0.10884369657004364,1.023920024053663,0.11144724041008869,8.0,7.0,6.0,-0.10000000000000142,0
52.5,52.5,0.8,0.6885527595899114,0.10884369657004364,1.023920024053663,0.11144724041008869,8.0,7.0,6.0,-0.20000000000000284,0
52.5,52.5,0.8,0.6885527595899114,0.10884369657004364,1.023920024053663,0.11144724041008869,8.0,7.0,6.0,0.0,0
53.5,53.5,0.7692307692307693,0.6976440311322665,0.10958387071045048,0.6532598057943569,0.0715867380985028,7.0,6.0,5.0,-0.29999999999999716,0
53.5,53.5,0.7692307692307693,0.6976440311322665,0.10958387071045048,0.6532598057943569,0.0715867380985028,7.0,6.0,5.0,-0.10000000000000142,0
53.5,53.5,0.7692307692307693,0.6976440311322665,0.10958387071045048,0.6532598057943569,0.0715867380985028,7.0,6.0,5.0,-0.20000000000000284,0
53.5,53.5,0.7692307692307693,0.6976440311322665,0.10958387071045048,0.6532598057943569,0.0715867380985028,7.0,6.0,5.0,0.0,0
53.5,53.5,0.7692307692307693,0.6976440311322665,0.10958387071045048,0.6532598057943569,0.0715867380985028,7.0,6.0,5.0,0.10000000000000142,0
54.5,54.5,0.8571428571428571,0.7334172267704776,0.11793777144870407,1.0490755323979715,0.12372563037237949,7.0,7.0,6.0,-0.10000000000000142,0
54.5,54.5,0.8571428571428571,0.7334172267704776,0.11793777144870407,1.0490755323979715,0.12372563037237949,7.0,7.0,6.0,-0.20000000000000284,0
54.5,54.5,0.8571428571428571,0.7334172267704776,0.11793777144870407,1.0490755323979715,0.12372563037237949,7.0,7.0,6.0,0.0,0
54.5,54.5,0.8571428571428571,0.7334172267704776,0.11793777144870407,1.0490755323979715,0.12372563037237949,7.0,7.0,6.0,0.10000000000000142,0
54.5,54.5,0.8571428571428571,0.7334172267704776,0.11793777144870407,1.0490755323979715,0.12372563037237949,7.0,7.0,6.0,0.19999999999999574,0
54.5,54.5,0.8571428571428571,0.7334172267704776,0.11793777144870407,1.0490755323979715,0.12372563037237949,7.0,7.0,6.0,0.19999999999999574,0
55.5,55.5,0.9411764705882353,0.7982142384619164,0.11010527700705953,1.2984139907949432,0.14296223212631887,8.0,9.0,8.0,-0.10000000000000142,0
55.5,55.5,0.9411764705882353,0.7982142384619164,0.11010527700705953,1.2984139907949432,0.14296223212631887,8.0,9.0,8.0,-0.20000000000000284,0
55.5,55.5,0.9411764705882353,0.7982142384619164,0.11010527700705953,1.2984139907949432,0.14296223212631887,8.0,9.0,8.0,0.0,0
55.5,55.5,0.9411764705882353,0.7982142384619164,0.11010527700705953,1.2984139907949432,0.14296223212631887,8.0,9.0,8.0,0.10000000000000142,0
55.5,55.5,0.9411764705882353,0.7982142384619164,0.11010527700705953,1.2984139907949432,0.14296223212631887,8.0,9.0,8.0,0.19999999999999574,0
55.5,55.5,0.9411764705882353,0.7982142384619164,0.11010527700705953,1.2984139907949432,0.14296223212631887,8.0,9.0,8.0,0.19999999999999574,0
55.5,55.5,0.9411764705882353,0.7982142384619164,0.11010527700705953,1.2984139907949432,0.14296223212631887,8.0,9.0,8.0,0.10000000000000142,0
55.5,55.5,0.9411764705882353,0.7982142384619164,0.11010527700705953,1.2984139907949432,0.14296223212631887,8.0,9.0,8.0,-0.10000000000000142,0
56.5,56.5,0.9411764705882353,0.781306167138675,0.10969065250885988,1.4574651512502157,0.15987030344956032,9.0,8.0,8.0,-0.20000000000000284,0
56.5,56.5,0.9411764705882353,0.781306167138675,0.10969065250885988,1.4574651512502157,0.15987030344956032,9.0,8.0,8.0,0.0,0
56.5,56.5,0.9411764705882353,0.781306167138675,0.10969065250885988,1.4574651512502157,0.15987030344956032,9.0,8.0,8.0,0.10000000000000142,0
56.5,56.5,0.9411764705882353,0.781306167138675,0.10969065250885988,1.4574651512502157,0.15987030344956032,9.0,8.0,8.0,0.19999999999999574,0
56.5,56.5,0.9411764705882353,0.781306167138675,0.10969065250885988,1.4574651512502157,0.15987030344956032,9.0,8.0,8.0,0.19999999999999574,0
56.5,56.5,0.9411764705882353,0.781306167138675,0.10969065250885988,1.4574651512502157,0.15987030344956032,9.0,8.0,8.0,0.10000000000000142,0
56.5,56.5,0.9411764705882353,0.781306167138675,0.10969065250885988,1.4574651512502157,0.15987030344956032,9.0,8.0,8.0,-0.10000000000000142,0
56.5,56.5,0.9411764705882353,0.781306167138675,0.10969065250885988,1.4574651512502157,0.15987030344956032,9.0,8.0,8.0,-0.20000000000000284,0
57.5,57.5,0.8421052631578947,0.7355189032501726,0.12371130757091385,0.8615733032053247,0.10658635990772214,11.0,8.0,8.0,0.0,0
57.5,57.5,0.8421052631578947,0.7355189032501726,0.12371130757091385,0.8615733032053247,0.10658635990772214,11.0,8.0,8.0,0.10000000000000142,0
57.5,57.5,0.8421052631578947,0.7355189032501726,0.12371130757091385,0.8615733032053247,0.10658635990772214,11.0,8.0,8.0,0.19999999999999574,0
57.5,57.5,0.8421052631578947,0.7355189032501726,0.12371130757091385,0.8615733032053247,0.10658635990772214,11.0,8.0,8.0,0.19999999999999574,0
57.5,57.5,0.8421052631578947,0.7355189032501726,0.12371130757091385,0.8615733032053247,0.10658635990772214,11.0,8.0,8.0,0.10000000000000142,0
57.5,57.5,0.8421052631578947,0.7355189032501726,0.12371130757091385,0.8615733032053247,0.10658635990772214,11.0,8.0,8.0,-0.10000000000000142,0
57.5,57.5,0.8421052631578947,0.7355189032501726,0.12371130757091385,0.8615733032053247,0.10658635990772214,11.0,8.0,8.0,-0.20000000000000284,0
57.5,57.5,0.8421052631578947,0.7355189032501726,0.12371130757091385,0.8615733032053247,0.10658635990772214,11.0,8.0,8.0,0.0,0
58.5,58.5,0.7058823529411765,0.6828828366078366,0.11670823916069412,0.1970684888979622,0.022999516333339964,11.0,6.0,6.0,0.19999999999999574,0
58.5,58.5,0.7058823529411765,0.6828828366078366,0.11670823916069412,0.1970684888979622,0.022999516333339964,11.0,6.0,6.0,0.19999999999999574,0
58.5,58.5,0.7058823529411765,0.6828828366078366,0.11670823916069412,0.1970684888979622,0.022999516333339964,11.0,6.0,6.0,0.10000000000000142,0
58.5,58.5,0.7058823529411765,0.6828828366078366,0.11670823916069412,0.1970684888979622,0.022999516333339964,11.0,6.0,6.0,-0.10000000000000142,0
58.5,58.5,0.7058823529411765,0.6828828366078366,0.11670823916069412,0.1970684888979622,0.022999516333339964,11.0,6.0,6.0,-0.20000000000000284,0
58.5,58.5,0.7058823529411765,0.6828828366078366,0.11670823916069412,0.1970684888979622,0.022999516333339964,11.0,6.0,6.0,0.0,0
59.5,59.5,0.625,0.641098407474878,0.10426717322509815,-0.1543957410269847,-0.016098407474878007,11.0,5.0,5.0,0.10000000000000142,0
59.5,59.5,0.625,0.641098407474878,0.10426717322509815,-0.1543957410269847,-0.016098407474878007,11.0,5.0,5.0,-0.10000000000000142,0
59.5,59.5,0.625,0.641098407474878,0.10426717322509815,-0.1543957410269847,-0.016098407474878007,11.0,5.0,5.0,-0.20000000000000284,0
59.5,59.5,0.625,0.641098407474878,0.10426717322509815,-0.1543957410269847,-0.016098407474878007,11.0,5.0,5.0,0.0,0
59.5,59.5,0.625,0.641098407474878,0.10426717322509815,-0.1543957410269847,-0.016098407474878007,11.0,5.0,5.0,0.0,0
60.5,60.5,0.42857142857142855,0.4960173104673105,0.11747580498557784,-0.5741257266052537,-0.06744588189588197,10.0,4.0,3.0,-0.20000000000000284,0
60.5,60.5,0.42857142857142855,0.4960173104673105,0.11747580498557784,-0.5741257266052537,-0.06744588189588197,10.0,4.0,3.0,0.0,0
60.5,60.5,0.42857142857142855,0.4960173104673105,0.11747580498557784,-0.5741257266052537,-0.06744588189588197,10.0,4.0,3.0,0.0,0
61.5,61.5,0.36363636363636365,0.457372360972361,0.10621901044437086,-0.882478540741903,-0.09373599733599736,8.0,3.0,2.0,0.0,0
61.5,61.5,0.36363636363636365,0.457372360972361,0.10621901044437086,-0.882478540741903,-0.09373599733599736,8.0,3.0,2.0,0.0,0
62.5,62.5,0.36363636363636365,0.5967963193669076,0.11108596714000742,-2.0989145770021547,-0.23315995573054393,6.0,5.0,2.0,0.0,0
62.5,62.5,0.36363636363636365,0.5967963193669076,0.11108596714000742,-2.0989145770021547,-0.23315995573054393,6.0,5.0,2.0,0.0,0
63.5,63.5,0.5454545454545454,0.6630066879199232,0.11424023282837555,-1.0289907465610455,-0.11755214246537782,5.0,6.0,3.0,0.0,0
63.5,63.5,0.5454545454545454,0.6630066879199232,0.11424023282837555,-1.0289907465610455,-0.11755214246537782,5.0,6.0,3.0,0.19999999999998863,0
63.5,63.5,0.5454545454545454,0.6630066879199232,0.11424023282837555,-1.0289907465610455,-0.11755214246537782,5.0,6.0,3.0,0.20000000000000284,0
64.5,64.5,0.5454545454545454,0.6929039930657578,0.11513828752937434,-1.2806291527793892,-0.14744944761121237,5.0,6.0,3.0,0.19999999999998863,0
64.5,64.5,0.5454545454545454,0.6929039930657578,0.11513828752937434,-1.2806291527793892,-0.14744944761121237,5.0,6.0,3.0,0.20000000000000284,0
64.5,64.5,0.5454545454545454,0.6929039930657578,0.11513828752937434,-1.2806291527793892,-0.14744944761121237,5.0,6.0,3.0,0.09999999999999432,0
65.5,65.5,0.7142857142857143,0.7988881331688606,0.09704185479463662,-0.8718137041195777,-0.08460241888314635,6.0,8.0,5.0,0.19999999999998863,0
65.5,65.5,0.7142857142857143,0.7988881331688606,0.09704185479463662,-0.8718137041195777,-0.08460241888314635,6.0,8.0,5.0,0.20000000000000284,0
65.5,65.5,0.7142857142857143,0.7988881331688606,0.09704185479463662,-0.8718137041195777,-0.08460241888314635,6.0,8.0,5.0,0.09999999999999432,0
65.5,65.5,0.7142857142857143,0.7988881331688606,0.09704185479463662,-0.8718137041195777,-0.08460241888314635,6.0,8.0,5.0,-0.20000000000000284,0
65.5,65.5,0.7142857142857143,0.7988881331688606,0.09704185479463662,-0.8718137041195777,-0.08460241888314635,6.0,8.0,5.0,-0.10000000000000853,0
66.5,66.5,0.7058823529411765,0.8051904503047692,0.09898418856720909,-1.0032723286524057,-0.0993080973635927,9.0,8.0,6.0,0.19999999999998863,0
66.5,66.5,0.7058823529411765,0.8051904503047692,0.09898418856720909,-1.0032723286524057,-0.0993080973635927,9.0,8.0,6.0,0.20000000000000284,0
66.5,66.5,0.7058823529411765,0.8051904503047692,0.09898418856720909,-1.0032723286524057,-0.0993080973635927,9.0,8.0,6.0,0.09999999999999432,0
66.5,66.5,0.7058823529411765,0.8051904503047692,0.09898418856720909,-1.0032723286524057,-0.0993080973635927,9.0,8.0,6.0,-0.20000000000000284,0
66.5,66.5,0.7058823529411765,0.8051904503047692,0.09898418856720909,-1.0032723286524057,-0.0993080973635927,9.0,8.0,6.0,-0.10000000000000853,0
66.5,66.5,0.7058823529411765,0.8051904503047692,0.09898418856720909,-1.0032723286524057,-0.0993080973635927,9.0,8.0,6.0,-0.29999999999999716,0
67.5,67.5,0.7777777777777778,0.8069332604787715,0.0975437333464342,-0.2988965226238131,-0.029155482700993662,10.0,8.0,7.0,0.20000000000000284,0
67.5,67.5,0.7777777777777778,0.8069332604787715,0.0975437333464342,-0.2988965226238131,-0.029155482700993662,10.0,8.0,7.0,0.09999999999999432,0
67.5,67.5,0.7777777777777778,0.8069332604787715,0.0975437333464342,-0.2988965226238131,-0.029155482700993662,10.0,8.0,7.0,-0.20000000000000284,0
67.5,67.5,0.7777777777777778,0.8069332604787715,0.0975437333464342,-0.2988965226238131,-0.029155482700993662,10.0,8.0,7.0,-0.10000000000000853,0
67.5,67.5,0.7777777777777778,0.8069332604787715,0.0975437333464342,-0.2988965226238131,-0.029155482700993662,10.0,8.0,7.0,-0.29999999999999716,0
67.5,67.5,0.7777777777777778,0.8069332604787715,0.0975437333464342,-0.2988965226238131,-0.029155482700993662,10.0,8.0,7.0,-0.09999999999999432,0
67.5,67.5,0.7777777777777778,0.8069332604787715,0.0975437333464342,-0.2988965226238131,-0.029155482700993662,10.0,8.0,7.0,-0.10000000000000853,0
68.5,68.5,0.7777777777777778,0.7669672084709237,0.09677105152346532,0.11171284321771281,0.01081056930685409,10.0,8.0,7.0,0.09999999999999432,0
68.5,68.5,0.7777777777777778,0.7669672084709237,0.09677105152346532,0.11171284321771281,0.01081056930685409,10.0,8.0,7.0,-0.20000000000000284,0
68.5,68.5,0.7777777777777778,0.7669672084709237,0.09677105152346532,0.11171284321771281,0.01081056930685409,10.0,8.0,7.0,-0.10000000000000853,0
68.5,68.5,0.7777777777777778,0.7669672084709237,0.09677105152346532,0.11171284321771281,0.01081056930685409,10.0,8.0,7.0,-0.29999999999999716,0
68.5,68.5,0.7777777777777778,0.7669672084709237,0.09677105152346532,0.11171284321771281,0.01081056930685409,10.0,8.0,7.0,-0.09999999999999432,0
68.5,68.5,0.7777777777777778,0.7669672084709237,0.09677105152346532,0.11171284321771281,0.01081056930685409,10.0,8.0,7.0,-0.10000000000000853,0
68.5,68.5,0.7777777777777778,0.7669672084709237,0.09677105152346532,0.11171284321771281,0.01081056930685409,10.0,8.0,7.0,-0.20000000000000284,0
69.5,69.5,0.8421052631578947,0.7960616771944946,0.09486267496477847,0.4853709425809001,0.04604358596340008,11.0,8.0,8.0,-0.20000000000000284,0
69.5,69.5,0.8421052631578947,0.7960616771944946,0.09486267496477847,0.4853709425809001,0.04604358596340008,11.0,8.0,8.0,-0.10000000000000853,0
69.5,69.5,0.8421052631578947,0.7960616771944946,0.09486267496477847,0.4853709425809001,0.04604358596340008,11.0,8.0,8.0,-0.29999999999999716,0
69.5,69.5,0.8421052631578947,0.7960616771944946,0.09486267496477847,0.4853709425809001,0.04604358596340008,11.0,8.0,8.0,-0.09999999999999432,0
69.5,69.5,0.8421052631578947,0.7960616771944946,0.09486267496477847,0.4853709425809001,0.04604358596340008,11.0,8.0,8.0,-0.10000000000000853,0
69.5,69.5,0.8421052631578947,0.7960616771944946,0.09486267496477847,0.4853709425809001,0.04604358596340008,11.0,8.0,8.0,-0.20000000000000284,0
69.5,69.5,0.8421052631578947,0.7960616771944946,0.09486267496477847,0.4853709425809001,0.04604358596340008,11.0,8.0,8.0,0.30000000000001137,0
69.5,69.5,0.8421052631578947,0.7960616771944946,0.09486267496477847,0.4853709425809001,0.04604358596340008,11.0,8.0,8.0,0.0,0
70.5,70.5,0.8,0.7296394655396204,0.10405430262056349,0.6761905340613447,0.0703605344603796,8.0,7.0,6.0,-0.29999999999999716,0
70.5,70.5,0.8,0.7296394655396204,0.10405430262056349,0.6761905340613447,0.0703605344603796,8.0,7.0,6.0,-0.09999999999999432,0
70.5,70.5,0.8,0.7296394655396204,0.10405430262056349,0.6761905340613447,0.0703605344603796,8.0,7.0,6.0,-0.10000000000000853,0
70.5,70.5,0.8,0.7296394655396204,0.10405430262056349,0.6761905340613447,0.0703605344603796,8.0,7.0,6.0,-0.20000000000000284,0
70.5,70.5,0.8,0.7296394655396204,0.10405430262056349,0.6761905340613447,0.0703605344603796,8.0,7.0,6.0,0.30000000000001137,0
70.5,70.5,0.8,0.7296394655396204,0.10405430262056349,0.6761905340613447,0.0703605344603796,8.0,7.0,6.0,0.0,0
71.5,71.5,0.9230769230769231,0.67905243596273,0.10977160383695037,2.223020148969088,0.2440244871141931,7.0,6.0,6.0,-0.09999999999999432,0
71.5,71.5,0.9230769230769231,0.67905243596273,0.10977160383695037,2.223020148969088,0.2440244871141931,7.0,6.0,6.0,-0.10000000000000853,0
71.5,71.5,0.9230769230769231,0.67905243596273,0.10977160383695037,2.223020148969088,0.2440244871141931,7.0,6.0,6.0,-0.20000000000000284,0
71.5,71.5,0.9230769230769231,0.67905243596273,0.10977160383695037,2.223020148969088,0.2440244871141931,7.0,6.0,6.0,0.30000000000001137,0
71.5,71.5,0.9230769230769231,0.67905243596273,0.10977160383695037,2.223020148969088,0.2440244871141931,7.0,6.0,6.0,0.0,0
71.5,71.5,0.9230769230769231,0.67905243596273,0.10977160383695037,2.223020148969088,0.2440244871141931,7.0,6.0,6.0,0.09999999999999432,0
72.5,72.5,0.8,0.6382320930703284,0.10043540508404289,1.6106661470056964,0.1617679069296717,5.0,5.0,4.0,-0.20000000000000284,0
72.5,72.5,0.8,0.6382320930703284,0.10043540508404289,1.6106661470056964,0.1617679069296717,5.0,5.0,4.0,0.30000000000001137,0
72.5,72.5,0.8,0.6382320930703284,0.10043540508404289,1.6106661470056964,0.1617679069296717,5.0,5.0,4.0,0.0,0
72.5,72.5,0.8,0.6382320930703284,0.10043540508404289,1.6106661470056964,0.1617679069296717,5.0,5.0,4.0,0.09999999999999432,0
73.5,73.5,0.9090909090909091,0.6683465669950964,0.103228090315839,2.3321592151828616,0.24074434209581264,5.0,6.0,5.0,0.30000000000001137,0
73.5,73.5,0.9090909090909091,0.6683465669950964,0.103228090315839,2.3321592151828616,0.24074434209581264,5.0,6.0,5.0,0.0,0
73.5,73.5,0.9090909090909091,0.6683465669950964,0.103228090315839,2.3321592151828616,0.24074434209581264,5.0,6.0,5.0,0.09999999999999432,0
73.5,73.5,0.9090909090909091,0.6683465669950964,0.103228090315839,2.3321592151828616,0.24074434209581264,5.0,6.0,5.0,-0.30000000000001137,0
73.5,73.5,0.9090909090909091,0.6683465669950964,0.103228090315839,2.3321592151828616,0.24074434209581264,5.0,6.0,5.0,-0.10000000000000853,0
74.5,74.5,0.8,0.6178264421852657,0.1158191178485475,1.572914396161747,0.18217355781473432,5.0,5.0,4.0,0.09999999999999432,0
74.5,74.5,0.8,0.6178264421852657,0.1158191178485475,1.572914396161747,0.18217355781473432,5.0,5.0,4.0,-0.30000000000001137,0
74.5,74.5,0.8,0.6178264421852657,0.1158191178485475,1.572914396161747,0.18217355781473432,5.0,5.0,4.0,-0.10000000000000853,0
74.5,74.5,0.8,0.6178264421852657,0.1158191178485475,1.572914396161747,0.18217355781473432,5.0,5.0,4.0,-0.09999999999999432,0
75.5,75.5,0.8571428571428571,0.7149812923574533,0.11605118792626902,1.224990173092614,0.14216156478540376,7.0,7.0,6.0,0.09999999999999432,0
75.5,75.5,0.8571428571428571,0.7149812923574533,0.11605118792626902,1.224990173092614,0.14216156478540376,7.0,7.0,6.0,-0.30000000000001137,0
75.5,75.5,0.8571428571428571,0.7149812923574533,0.11605118792626902,1.224990173092614,0.14216156478540376,7.0,7.0,6.0,-0.10000000000000853,0
75.5,75.5,0.8571428571428571,0.7149812923574533,0.11605118792626902,1.224990173092614,0.14216156478540376,7.0,7.0,6.0,-0.09999999999999432,0
75.5,75.5,0.8571428571428571,0.7149812923574533,0.11605118792626902,1.224990173092614,0.14216156478540376,7.0,7.0,6.0,-0.09999999999999432,0
75.5,75.5,0.8571428571428571,0.7149812923574533,0.11605118792626902,1.224990173092614,0.14216156478540376,7.0,7.0,6.0,0.0,0
76.5,76.5,0.8,0.7817662036879529,0.11185464439694165,0.1630133143809421,0.018233796312047135,7.0,8.0,6.0,-0.30000000000001137,0
76.5,76.5,0.8,0.7817662036879529,0.11185464439694165,0.1630133143809421,0.018233796312047135,7.0,8.0,6.0,-0.10000000000000853,0
76.5,76.5,0.8,0.7817662036879529,0.11185464439694165,0.1630133143809421,0.018233796312047135,7.0,8.0,6.0,-0.09999999999999432,0
76.5,76.5,0.8,0.7817662036879529,0.11185464439694165,0.1630133143809421,0.018233796312047135,7.0,8.0,6.0,-0.09999999999999432,0
76.5,76.5,0.8,0.7817662036879529,0.11185464439694165,0.1630133143809421,0.018233796312047135,7.0,8.0,6.0,0.0,0
76.5,76.5,0.8,0.7817662036879529,0.11185464439694165,0.1630133143809421,0.018233796312047135,7.0,8.0,6.0,-0.29999999999999716,0
77.5,77.5,0.8888888888888888,0.7986315857431183,0.10480280552110177,0.8612107538246907,0.09025730314577052,10.0,8.0,8.0,-0.30000000000001137,0
77.5,77.5,0.8888888888888888,0.7986315857431183,0.10480280552110177,0.8612107538246907,0.09025730314577052,10.0,8.0,8.0,-0.10000000000000853,0
77.5,77.5,0.8888888888888888,0.7986315857431183,0.10480280552110177,0.8612107538246907,0.09025730314577052,10.0,8.0,8.0,-0.09999999999999432,0
77.5,77.5,0.8888888888888888,0.7986315857431183,0.10480280552110177,0.8612107538246907,0.09025730314577052,10.0,8.0,8.0,-0.09999999999999432,0
77.5,77.5,0.8888888888888888,0.7986315857431183,0.10480280552110177,0.8612107538246907,0.09025730314577052,10.0,8.0,8.0,0.0,0
77.5,77.5,0.8888888888888888,0.7986315857431183,0.10480280552110177,0.8612107538246907,0.09025730314577052,10.0,8.0,8.0,-0.29999999999999716,0
77.5,77.5,0.8888888888888888,0.7986315857431183,0.10480280552110177,0.8612107538246907,0.09025730314577052,10.0,8.0,8.0,0.19999999999998863,0
77.5,77.5,0.8888888888888888,0.7986315857431183,0.10480280552110177,0.8612107538246907,0.09025730314577052,10.0,8.0,8.0,0.10000000000000853,0
78.5,78.5,0.8888888888888888,0.787683946213745,0.10144714228836016,0.9976125536140986,0.1012049426751438,10.0,8.0,8.0,-0.09999999999999432,0
78.5,78.5,0.8888888888888888,0.787683946213745,0.10144714228836016,0.9976125536140986,0.1012049426751438,10.0,8.0,8.0,-0.09999999999999432,0
78.5,78.5,0.8888888888888888,0.787683946213745,0.10144714228836016,0.9976125536140986,0.1012049426751438,10.0,8.0,8.0,0.0,0
78.5,78.5,0.8888888888888888,0.787683946213745,0.10144714228836016,0.9976125536140986,0.1012049426751438,10.0,8.0,8.0,-0.29999999999999716,0
78.5,78.5,0.8888888888888888,0.787683946213745,0.10144714228836016,0.9976125536140986,0.1012049426751438,10.0,8.0,8.0,0.19999999999998863,0
78.5,78.5,0.8888888888888888,0.787683946213745,0.10144714228836016,0.9976125536140986,0.1012049426751438,10.0,8.0,8.0,0.10000000000000853,0
78.5,78.5,0.8888888888888888,0.787683946213745,0.10144714228836016,0.9976125536140986,0.1012049426751438,10.0,8.0,8.0,-0.20000000000000284,0
78.5,78.5,0.8888888888888888,0.787683946213745,0.10144714228836016,0.9976125536140986,0.1012049426751438,10.0,8.0,8.0,-0.09999999999999432,0
79.5,79.5,0.7777777777777778,0.7366997898128703,0.11780988253829874,0.34868032358451295,0.04107798796490747,11.0,7.0,7.0,-0.09999999999999432,0
79.5,79.5,0.7777777777777778,0.7366997898128703,0.11780988253829874,0.34868032358451295,0.04107798796490747,11.0,7.0,7.0,0.0,0
79.5,79.5,0.7777777777777778,0.7366997898128703,0.11780988253829874,0.34868032358451295,0.04107798796490747,11.0,7.0,7.0,-0.29999999999999716,0
79.5,79.5,0.7777777777777778,0.7366997898128703,0.11780988253829874,0.34868032358451295,0.04107798796490747,11.0,7.0,7.0,0.19999999999998863,0
79.5,79.5,0.7777777777777778,0.7366997898128703,0.11780988253829874,0.34868032358451295,0.04107798796490747,11.0,7.0,7.0,0.10000000000000853,0
79.5,79.5,0.7777777777777778,0.7366997898128703,0.11780988253829874,0.34868032358451295,0.04107798796490747,11.0,7.0,7.0,-0.20000000000000284,0
79.5,79.5,0.7777777777777778,0.7366997898128703,0.11780988253829874,0.34868032358451295,0.04107798796490747,11.0,7.0,7.0,-0.09999999999999432,0
80.5,80.5,0.7058823529411765,0.7386344008760417,0.09758674644375712,-0.3356198370005236,-0.03275204793486519,10.0,7.0,6.0,-0.29999999999999716,0
80.5,80.5,0.7058823529411765,0.7386344008760417,0.09758674644375712,-0.3356198370005236,-0.03275204793486519,10.0,7.0,6.0,0.19999999999998863,0
80.5,80.5,0.7058823529411765,0.7386344008760417,0.09758674644375712,-0.3356198370005236,-0.03275204793486519,10.0,7.0,6.0,0.10000000000000853,0
80.5,80.5,0.7058823529411765,0.7386344008760417,0.09758674644375712,-0.3356198370005236,-0.03275204793486519,10.0,7.0,6.0,-0.20000000000000284,0
80.5,80.5,0.7058823529411765,0.7386344008760417,0.09758674644375712,-0.3356198370005236,-0.03275204793486519,10.0,7.0,6.0,-0.09999999999999432,0
80.5,80.5,0.7058823529411765,0.7386344008760417,0.09758674644375712,-0.3356198370005236,-0.03275204793486519,10.0,7.0,6.0,-0.20000000000000284,0
81.5,81.5,0.6666666666666666,0.7033094165638283,0.10049248844614841,-0.36463172983120673,-0.03664274989716165,9.0,6.0,5.0,0.10000000000000853,0
81.5,81.5,0.6666666666666666,0.7033094165638283,0.10049248844614841,-0.36463172983120673,-0.03664274989716165,9.0,6.0,5.0,-0.20000000000000284,0
81.5,81.5,0.6666666666666666,0.7033094165638283,0.10049248844614841,-0.36463172983120673,-0.03664274989716165,9.0,6.0,5.0,-0.09999999999999432,0
81.5,81.5,0.6666666666666666,0.7033094165638283,0.10049248844614841,-0.36463172983120673,-0.03664274989716165,9.0,6.0,5.0,-0.20000000000000284,0
81.5,81.5,0.6666666666666666,0.7033094165638283,0.10049248844614841,-0.36463172983120673,-0.03664274989716165,9.0,6.0,5.0,-0.09999999999999432,0
82.5,82.5,0.6666666666666666,0.7437795020940532,0.10498808649991219,-0.734491293233076,-0.07711283542738656,8.0,7.0,5.0,-0.20000000000000284,0
82.5,82.5,0.6666666666666666,0.7437795020940532,0.10498808649991219,-0.734491293233076,-0.07711283542738656,8.0,7.0,5.0,-0.09999999999999432,0
82.5,82.5,0.6666666666666666,0.7437795020940532,0.10498808649991219,-0.734491293233076,-0.07711283542738656,8.0,7.0,5.0,-0.20000000000000284,0
82.5,82.5,0.6666666666666666,0.7437795020940532,0.10498808649991219,-0.734491293233076,-0.07711283542738656,8.0,7.0,5.0,-0.09999999999999432,0
82.5,82.5,0.6666666666666666,0.7437795020940532,0.10498808649991219,-0.734491293233076,-0.07711283542738656,8.0,7.0,5.0,0.10000000000000853,0
83.5,83.5,0.5714285714285714,0.761177997355242,0.12046107980083523,-1.5751928028571018,-0.18974942592667066,6.0,8.0,4.0,-0.20000000000000284,0
83.5,83.5,0.5714285714285714,0.761177997355242,0.12046107980083523,-1.5751928028571018,-0.18974942592667066,6.0,8.0,4.0,-0.09999999999999432,0
83.5,83.5,0.5714285714285714,0.761177997355242,0.12046107980083523,-1.5751928028571018,-0.18974942592667066,6.0,8.0,4.0,0.10000000000000853,0
83.5,83.5,0.5714285714285714,0.761177997355242,0.12046107980083523,-1.5751928028571018,-0.18974942592667066,6.0,8.0,4.0,0.29999999999999716,0
84.5,84.5,0.5714285714285714,0.7829585520688462,0.12009644557820488,-1.761334231182803,-0.21152998064027484,6.0,8.0,4.0,-0.20000000000000284,0
84.5,84.5,0.5714285714285714,0.7829585520688462,0.12009644557820488,-1.761334231182803,-0.21152998064027484,6.0,8.0,4.0,-0.09999999999999432,0
84.5,84.5,0.5714285714285714,0.7829585520688462,0.12009644557820488,-1.761334231182803,-0.21152998064027484,6.0,8.0,4.0,0.10000000000000853,0
84.5,84.5,0.5714285714285714,0.7829585520688462,0.12009644557820488,-1.761334231182803,-0.21152998064027484,6.0,8.0,4.0,-0.20000000000000284,0
85.5,85.5,0.6666666666666666,0.7823410922668662,0.12393759473768182,-0.9333279853060605,-0.11567442560019958,6.0,9.0,5.0,-0.09999999999999432,0
85.5,85.5,0.6666666666666666,0.7823410922668662,0.12393759473768182,-0.9333279853060605,-0.11567442560019958,6.0,9.0,5.0,0.10000000000000853,0
85.5,85.5,0.6666666666666666,0.7823410922668662,0.12393759473768182,-0.9333279853060605,-0.11567442560019958,6.0,9.0,5.0,-0.20000000000000284,0
85.5,85.5,0.6666666666666666,0.7823410922668662,0.12393759473768182,-0.9333279853060605,-0.11567442560019958,6.0,9.0,5.0,0.0,0
85.5,85.5,0.6666666666666666,0.7823410922668662,0.12393759473768182,-0.9333279853060605,-0.11567442560019958,6.0,9.0,5.0,0.29999999999999716,0
86.5,86.5,0.6666666666666666,0.72577100134128,0.1279522338800346,-0.46192499249390534,-0.0591043346746134,7.0,8.0,5.0,0.10000000000000853,0
86.5,86.5,0.6666666666666666,0.72577100134128,0.1279522338800346,-0.46192499249390534,-0.0591043346746134,7.0,8.0,5.0,-0.20000000000000284,0
86.5,86.5,0.6666666666666666,0.72577100134128,0.1279522338800346,-0.46192499249390534,-0.0591043346746134,7.0,8.0,5.0,0.0,0
86.5,86.5,0.6666666666666666,0.72577100134128,0.1279522338800346,-0.46192499249390534,-0.0591043346746134,7.0,8.0,5.0,0.29999999999999716,0
86.5,86.5,0.6666666666666666,0.72577100134128,0.1279522338800346,-0.46192499249390534,-0.0591043346746134,7.0,8.0,5.0,0.0,0
87.5,87.5,0.6666666666666666,0.7210313753841617,0.11607610982412443,-0.4683539860171669,-0.0543647087174951,8.0,7.0,5.0,-0.20000000000000284,0
87.5,87.5,0.6666666666666666,0.7210313753841617,0.11607610982412443,-0.4683539860171669,-0.0543647087174951,8.0,7.0,5.0,0.0,0
87.5,87.5,0.6666666666666666,0.7210313753841617,0.11607610982412443,-0.4683539860171669,-0.0543647087174951,8.0,7.0,5.0,0.29999999999999716,0
87.5,87.5,0.6666666666666666,0.7210313753841617,0.11607610982412443,-0.4683539860171669,-0.0543647087174951,8.0,7.0,5.0,0.0,0
87.5,87.5,0.6666666666666666,0.7210313753841617,0.11607610982412443,-0.4683539860171669,-0.0543647087174951,8.0,7.0,5.0,-0.20000000000000284,0
88.5,88.5,0.6666666666666666,0.6094868636265695,0.12763408895202938,0.4479978938979845,0.05717980304009718,10.0,5.0,5.0,-0.20000000000000284,0
88.5,88.5,0.6666666666666666,0.6094868636265695,0.12763408895202938,0.4479978938979845,0.05717980304009718,10.0,5.0,5.0,0.0,0
88.5,88.5,0.6666666666666666,0.6094868636265695,0.12763408895202938,0.4479978938979845,0.05717980304009718,10.0,5.0,5.0,0.29999999999999716,0
88.5,88.5,0.6666666666666666,0.6094868636265695,0.12763408895202938,0.4479978938979845,0.05717980304009718,10.0,5.0,5.0,0.0,0
88.5,88.5,0.6666666666666666,0.6094868636265695,0.12763408895202938,0.4479978938979845,0.05717980304009718,10.0,5.0,5.0,-0.20000000000000284,0
89.5,89.5,0.6666666666666666,0.5754874783713019,0.11849452262666767,0.7694801943093741,0.09117918829536475,10.0,5.0,5.0,0.0,0
89.5,89.5,0.6666666666666666,0.5754874783713019,0.11849452262666767,0.7694801943093741,0.09117918829536475,10.0,5.0,5.0,0.29999999999999716,0
89.5,89.5,0.6666666666666666,0.5754874783713019,0.11849452262666767,0.7694801943093741,0.09117918829536475,10.0,5.0,5.0,0.0,0
89.5,89.5,0.6666666666666666,0.5754874783713019,0.11849452262666767,0.7694801943093741,0.09117918829536475,10.0,5.0,5.0,-0.20000000000000284,0
89.5,89.5,0.6666666666666666,0.5754874783713019,0.11849452262666767,0.7694801943093741,0.09117918829536475,10.0,5.0,5.0,0.0,0
90.5,90.5,0.5714285714285714,0.6316261816614757,0.10892511706870166,-0.5526513246245693,-0.060197610232904264,9.0,5.0,4.0,0.0,0
90.5,90.5,0.5714285714285714,0.6316261816614757,0.10892511706870166,-0.5526513246245693,-0.060197610232904264,9.0,5.0,4.0,-0.20000000000000284,0
90.5,90.5,0.5714285714285714,0.6316261816614757,0.10892511706870166,-0.5526513246245693,-0.060197610232904264,9.0,5.0,4.0,0.0,0
90.5,90.5,0.5714285714285714,0.6316261816614757,0.10892511706870166,-0.5526513246245693,-0.060197610232904264,9.0,5.0,4.0,0.09999999999999432,0
91.5,91.5,0.625,0.700389201063814,0.11223548416132673,-0.6717055807007516,-0.07538920106381397,9.0,7.0,5.0,0.0,0
91.5,91.5,0.625,0.700389201063814,0.11223548416132673,-0.6717055807007516,-0.07538920106381397,9.0,7.0,5.0,-0.20000000000000284,0
91.5,91.5,0.625,0.700389201063814,0.11223548416132673,-0.6717055807007516,-0.07538920106381397,9.0,7.0,5.0,0.0,0
91.5,91.5,0.625,0.700389201063814,0.11223548416132673,-0.6717055807007516,-0.07538920106381397,9.0,7.0,5.0,0.09999999999999432,0
91.5,91.5,0.625,0.700389201063814,0.11223548416132673,-0.6717055807007516,-0.07538920106381397,9.0,7.0,5.0,-0.09999999999999432,0
92.5,92.5,0.6153846153846154,0.6846804659392894,0.1199027878587776,-0.5779336059833003,-0.06929585055467402,7.0,6.0,4.0,0.0,0
92.5,92.5,0.6153846153846154,0.6846804659392894,0.1199027878587776,-0.5779336059833003,-0.06929585055467402,7.0,6.0,4.0,0.09999999999999432,0
92.5,92.5,0.6153846153846154,0.6846804659392894,0.1199027878587776,-0.5779336059833003,-0.06929585055467402,7.0,6.0,4.0,-0.09999999999999432,0
92.5,92.5,0.6153846153846154,0.6846804659392894,0.1199027878587776,-0.5779336059833003,-0.06929585055467402,7.0,6.0,4.0,-0.09999999999999432,0
93.5,93.5,0.75,0.7928536188613589,0.10863997440925038,-0.39445534753099126,-0.042853618861358855,8.0,8.0,6.0,0.0,0
93.5,93.5,0.75,0.7928536188613589,0.10863997440925038,-0.39445534753099126,-0.042853618861358855,8.0,8.0,6.0,0.09999999999999432,0
93.5,93.5,0.75,0.7928536188613589,0.10863997440925038,-0.39445534753099126,-0.042853618861358855,8.0,8.0,6.0,-0.09999999999999432,0
93.5,93.5,0.75,0.7928536188613589,0.10863997440925038,-0.39445534753099126,-0.042853618861358855,8.0,8.0,6.0,-0.09999999999999432,0
93.5,93.5,0.75,0.7928536188613589,0.10863997440925038,-0.39445534753099126,-0.042853618861358855,8.0,8.0,6.0,-0.20000000000000284,0
93.5,93.5,0.75,0.7928536188613589,0.10863997440925038,-0.39445534753099126,-0.042853618861358855,8.0,8.0,6.0,-0.20000000000000284,0
94.5,94.5,0.8235294117647058,0.8108910954714361,0.10949696047404969,0.11542161753672561,0.012638316293269725,8.0,9.0,7.0,0.09999999999999432,0
94.5,94.5,0.8235294117647058,0.8108910954714361,0.10949696047404969,0.11542161753672561,0.012638316293269725,8.0,9.0,7.0,-0.09999999999999432,0
94.5,94.5,0.8235294117647058,0.8108910954714361,0.10949696047404969,0.11542161753672561,0.012638316293269725,8.0,9.0,7.0,-0.09999999999999432,0
94.5,94.5,0.8235294117647058,0.8108910954714361,0.10949696047404969,0.11542161753672561,0.012638316293269725,8.0,9.0,7.0,-0.20000000000000284,0
94.5,94.5,0.8235294117647058,0.8108910954714361,0.10949696047404969,0.11542161753672561,0.012638316293269725,8.0,9.0,7.0,-0.20000000000000284,0
94.5,94.5,0.8235294117647058,0.8108910954714361,0.10949696047404969,0.11542161753672561,0.012638316293269725,8.0,9.0,7.0,-0.30000000000001137,0
94.5,94.5,0.8235294117647058,0.8108910954714361,0.10949696047404969,0.11542161753672561,0.012638316293269725,8.0,9.0,7.0,-0.29999999999999716,0
95.5,95.5,0.8235294117647058,0.7728661322423707,0.11770407863388657,0.43042926048400676,0.05066327952233518,9.0,8.0,7.0,-0.09999999999999432,0
95.5,95.5,0.8235294117647058,0.7728661322423707,0.11770407863388657,0.43042926048400676,0.05066327952233518,9.0,8.0,7.0,-0.09999999999999432,0
95.5,95.5,0.8235294117647058,0.7728661322423707,0.11770407863388657,0.43042926048400676,0.05066327952233518,9.0,8.0,7.0,-0.20000000000000284,0
95.5,95.5,0.8235294117647058,0.7728661322423707,0.11770407863388657,0.43042926048400676,0.05066327952233518,9.0,8.0,7.0,-0.20000000000000284,0
95.5,95.5,0.8235294117647058,0.7728661322423707,0.11770407863388657,0.43042926048400676,0.05066327952233518,9.0,8.0,7.0,-0.30000000000001137,0
95.5,95.5,0.8235294117647058,0.7728661322423707,0.11770407863388657,0.43042926048400676,0.05066327952233518,9.0,8.0,7.0,-0.29999999999999716,0
95.5,95.5,0.8235294117647058,0.7728661322423707,0.11770407863388657,0.43042926048400676,0.05066327952233518,9.0,8.0,7.0,0.19999999999998863,0
96.5,96.5,0.8421052631578947,0.7688621741090007,0.11896048290841447,0.6156926002501395,0.07324308904889398,10.0,9.0,8.0,-0.09999999999999432,0
96.5,96.5,0.8421052631578947,0.7688621741090007,0.11896048290841447,0.6156926002501395,0.07324308904889398,10.0,9.0,8.0,-0.20000000000000284,0
96.5,96.5,0.8421052631578947,0.7688621741090007,0.11896048290841447,0.6156926002501395,0.07324308904889398,10.0,9.0,8.0,-0.20000000000000284,0
96.5,96.5,0.8421052631578947,0.7688621741090007,0.11896048290841447,0.6156926002501395,0.07324308904889398,10.0,9.0,8.0,-0.30000000000001137,0
96.5,96.5,0.8421052631578947,0.7688621741090007,0.11896048290841447,0.6156926002501395,0.07324308904889398,10.0,9.0,8.0,-0.29999999999999716,0
96.5,96.5,0.8421052631578947,0.7688621741090007,0.11896048290841447,0.6156926002501395,0.07324308904889398,10.0,9.0,8.0,0.19999999999998863,0
96.5,96.5,0.8421052631578947,0.7688621741090007,0.11896048290841447,0.6156926002501395,0.07324308904889398,10.0,9.0,8.0,-0.19999999999998863,0
96.5,96.5,0.8421052631578947,0.7688621741090007,0.11896048290841447,0.6156926002501395,0.07324308904889398,10.0,9.0,8.0,-0.09999999999999432,0
97.5,97.5,0.7777777777777778,0.7322077098340256,0.1234796346420698,0.3690492612473794,0.04557006794375218,11.0,7.0,7.0,-0.20000000000000284,0
97.5,97.5,0.7777777777777778,0.7322077098340256,0.1234796346420698,0.3690492612473794,0.04557006794375218,11.0,7.0,7.0,-0.20000000000000284,0
97.5,97.5,0.7777777777777778,0.7322077098340256,0.1234796346420698,0.3690492612473794,0.04557006794375218,11.0,7.0,7.0,-0.30000000000001137,0
97.5,97.5,0.7777777777777778,0.7322077098340256,0.1234796346420698,0.3690492612473794,0.04557006794375218,11.0,7.0,7.0,-0.29999999999999716,0
97.5,97.5,0.7777777777777778,0.7322077098340256,0.1234796346420698,0.3690492612473794,0.04557006794375218,11.0,7.0,7.0,0.19999999999998863,0
97.5,97.5,0.7777777777777778,0.7322077098340256,0.1234796346420698,0.3690492612473794,0.04557006794375218,11.0,7.0,7.0,-0.19999999999998863,0
97.5,97.5,0.7777777777777778,0.7322077098340256,0.1234796346420698,0.3690492612473794,0.04557006794375218,11.0,7.0,7.0,-0.09999999999999432,0
98.5,98.5,0.75,0.6827123962638668,0.11559682629741526,0.582088677443541,0.06728760373613318,10.0,6.0,6.0,-0.30000000000001137,0
98.5,98.5,0.75,0.6827123962638668,0.11559682629741526,0.582088677443541,0.06728760373613318,10.0,6.0,6.0,-0.29999999999999716,0
98.5,98.5,0.75,0.6827123962638668,0.11559682629741526,0.582088677443541,0.06728760373613318,10.0,6.0,6.0,0.19999999999998863,0
98.5,98.5,0.75,0.6827123962638668,0.11559682629741526,0.582088677443541,0.06728760373613318,10.0,6.0,6.0,-0.19999999999998863,0
98.5,98.5,0.75,0.6827123962638668,0.11559682629741526,0.582088677443541,0.06728760373613318,10.0,6.0,6.0,-0.09999999999999432,0
98.5,98.5,0.75,0.6827123962638668,0.11559682629741526,0.582088677443541,0.06728760373613318,10.0,6.0,6.0,-0.09999999999999432,0
99.5,99.5,0.6666666666666666,0.6382500889633242,0.09859968536419383,0.28820150488696966,0.028416577703342383,7.0,5.0,4.0,0.19999999999998863,0
99.5,99.5,0.6666666666666666,0.6382500889633242,0.09859968536419383,0.28820150488696966,0.028416577703342383,7.0,5.0,4.0,-0.19999999999998863,0
99.5,99.5,0.6666666666666666,0.6382500889633242,0.09859968536419383,0.28820150488696966,0.028416577703342383,7.0,5.0,4.0,-0.09999999999999432,0
99.5,99.5,0.6666666666666666,0.6382500889633242,0.09859968536419383,0.28820150488696966,0.028416577703342383,7.0,5.0,4.0,-0.09999999999999432,0
100.5,100.5,0.7272727272727273,0.6237282501811914,0.10580016205291169,0.978679758919011,0.10354447709153591,6.0,5.0,4.0,0.20000000000000284,0
100.5,100.5,0.7272727272727273,0.6237282501811914,0.10580016205291169,0.978679758919011,0.10354447709153591,6.0,5.0,4.0,-0.09999999999999432,0
100.5,100.5,0.7272727272727273,0.6237282501811914,0.10580016205291169,0.978679758919011,0.10354447709153591,6.0,5.0,4.0,-0.09999999999999432,0
100.5,100.5,0.7272727272727273,0.6237282501811914,0.10580016205291169,0.978679758919011,0.10354447709153591,6.0,5.0,4.0,0.29999999999999716,0
101.5,101.5,0.8333333333333334,0.6671642217259864,0.10740078357955428,1.5471871439770415,0.16616911160734693,6.0,6.0,5.0,0.29999999999999716,0
101.5,101.5,0.8333333333333334,0.6671642217259864,0.10740078357955428,1.5471871439770415,0.16616911160734693,6.0,6.0,5.0,-0.09999999999999432,0
101.5,101.5,0.8333333333333334,0.6671642217259864,0.10740078357955428,1.5471871439770415,0.16616911160734693,6.0,6.0,5.0,0.29999999999999716,0
101.5,101.5,0.8333333333333334,0.6671642217259864,0.10740078357955428,1.5471871439770415,0.16616911160734693,6.0,6.0,5.0,0.20000000000000284,0
101.5,101.5,0.8333333333333334,0.6671642217259864,0.10740078357955428,1.5471871439770415,0.16616911160734693,6.0,6.0,5.0,0.20000000000000284,0
102.5,102.5,0.9230769230769231,0.7273599529641325,0.10422224079047604,1.877881041785042,0.19571697011279066,6.0,7.0,6.0,-0.09999999999999432,0
102.5,102.5,0.9230769230769231,0.7273599529641325,0.10422224079047604,1.877881041785042,0.19571697011279066,6.0,7.0,6.0,0.29999999999999716,0
102.5,102.5,0.9230769230769231,0.7273599529641325,0.10422224079047604,1.877881041785042,0.19571697011279066,6.0,7.0,6.0,0.20000000000000284,0
102.5,102.5,0.9230769230769231,0.7273599529641325,0.10422224079047604,1.877881041785042,0.19571697011279066,6.0,7.0,6.0,0.20000000000000284,0
102.5,102.5,0.9230769230769231,0.7273599529641325,0.10422224079047604,1.877881041785042,0.19571697011279066,6.0,7.0,6.0,0.0,0
102.5,102.5,0.9230769230769231,0.7273599529641325,0.10422224079047604,1.877881041785042,0.19571697011279066,6.0,7.0,6.0,-0.09999999999999432,0
103.5,103.5,0.8571428571428571,0.766575057029314,0.1114230427793507,0.8128282790920819,0.09056780011354304,6.0,8.0,6.0,0.29999999999999716,0
103.5,103.5,0.8571428571428571,0.766575057029314,0.1114230427793507,0.8128282790920819,0.09056780011354304,6.0,8.0,6.0,0.20000000000000284,0
103.5,103.5,0.8571428571428571,0.766575057029314,0.1114230427793507,0.8128282790920819,0.09056780011354304,6.0,8.0,6.0,0.20000000000000284,0
103.5,103.5,0.8571428571428571,0.766575057029314,0.1114230427793507,0.8128282790920819,0.09056780011354304,6.0,8.0,6.0,0.0,0
103.5,103.5,0.8571428571428571,0.766575057029314,0.1114230427793507,0.8128282790920819,0.09056780011354304,6.0,8.0,6.0,-0.09999999999999432,0
103.5,103.5,0.8571428571428571,0.766575057029314,0.1114230427793507,0.8128282790920819,0.09056780011354304,6.0,8.0,6.0,-0.20000000000000284,0
104.5,104.5,0.8235294117647058,0.7969447240753743,0.10518046092997946,0.25275310123454814,0.026584687689331532,9.0,8.0,7.0,0.29999999999999716,0
104.5,104.5,0.8235294117647058,0.7969447240753743,0.10518046092997946,0.25275310123454814,0.026584687689331532,9.0,8.0,7.0,0.20000000000000284,0
104.5,104.5,0.8235294117647058,0.7969447240753743,0.10518046092997946,0.25275310123454814,0.026584687689331532,9.0,8.0,7.0,0.20000000000000284,0
104.5,104.5,0.8235294117647058,0.7969447240753743,0.10518046092997946,0.25275310123454814,0.026584687689331532,9.0,8.0,7.0,0.0,0
104.5,104.5,0.8235294117647058,0.7969447240753743,0.10518046092997946,0.25275310123454814,0.026584687689331532,9.0,8.0,7.0,-0.09999999999999432,0
104.5,104.5,0.8235294117647058,0.7969447240753743,0.10518046092997946,0.25275310123454814,0.026584687689331532,9.0,8.0,7.0,-0.20000000000000284,0
104.5,104.5,0.8235294117647058,0.7969447240753743,0.10518046092997946,0.25275310123454814,0.026584687689331532,9.0,8.0,7.0,-0.20000000000000284,0
105.5,105.5,0.8888888888888888,0.8256497731284884,0.10141110774234274,0.623591608140928,0.06323911576040042,9.0,9.0,8.0,0.20000000000000284,0
105.5,105.5,0.8888888888888888,0.8256497731284884,0.10141110774234274,0.623591608140928,0.06323911576040042,9.0,9.0,8.0,0.20000000000000284,0
105.5,105.5,0.8888888888888888,0.8256497731284884,0.10141110774234274,0.623591608140928,0.06323911576040042,9.0,9.0,8.0,0.0,0
105.5,105.5,0.8888888888888888,0.8256497731284884,0.10141110774234274,0.623591608140928,0.06323911576040042,9.0,9.0,8.0,-0.09999999999999432,0
105.5,105.5,0.8888888888888888,0.8256497731284884,0.10141110774234274,0.623591608140928,0.06323911576040042,9.0,9.0,8.0,-0.20000000000000284,0
105.5,105.5,0.8888888888888888,0.8256497731284884,0.10141110774234274,0.623591608140928,0.06323911576040042,9.0,9.0,8.0,-0.20000000000000284,0
105.5,105.5,0.8888888888888888,0.8256497731284884,0.10141110774234274,0.623591608140928,0.06323911576040042,9.0,9.0,8.0,-0.20000000000000284,0
105.5,105.5,0.8888888888888888,0.8256497731284884,0.10141110774234274,0.623591608140928,0.06323911576040042,9.0,9.0,8.0,-0.20000000000000284,0
106.5,106.5,0.8421052631578947,0.8191991639595355,0.10638396132740713,0.21531534370922134,0.022906099198359176,10.0,9.0,8.0,0.0,0
106.5,106.5,0.8421052631578947,0.8191991639595355,0.10638396132740713,0.21531534370922134,0.022906099198359176,10.0,9.0,8.0,-0.09999999999999432,0
106.5,106.5,0.8421052631578947,0.8191991639595355,0.10638396132740713,0.21531534370922134,0.022906099198359176,10.0,9.0,8.0,-0.20000000000000284,0
106.5,106.5,0.8421052631578947,0.8191991639595355,0.10638396132740713,0.21531534370922134,0.022906099198359176,10.0,9.0,8.0,-0.20000000000000284,0
106.5,106.5,0.8421052631578947,0.8191991639595355,0.10638396132740713,0.21531534370922134,0.022906099198359176,10.0,9.0,8.0,-0.20000000000000284,0
106.5,106.5,0.8421052631578947,0.8191991639595355,0.10638396132740713,0.21531534370922134,0.022906099198359176,10.0,9.0,8.0,-0.20000000000000284,0
106.5,106.5,0.8421052631578947,0.8191991639595355,0.10638396132740713,0.21531534370922134,0.022906099198359176,10.0,9.0,8.0,-0.20000000000000284,0
106.5,106.5,0.8421052631578947,0.8191991639595355,0.10638396132740713,0.21531534370922134,0.022906099198359176,10.0,9.0,8.0,-0.20000000000000284,0
107.5,107.5,0.7777777777777778,0.7901599409534394,0.11478061710623497,-0.10787677822119886,-0.012382163175661653,9.0,9.0,7.0,-0.20000000000000284,0
107.5,107.5,0.7777777777777778,0.7901599409534394,0.11478061710623497,-0.10787677822119886,-0.012382163175661653,9.0,9.0,7.0,-0.20000000000000284,0
107.5,107.5,0.7777777777777778,0.7901599409534394,0.11478061710623497,-0.10787677822119886,-0.012382163175661653,9.0,9.0,7.0,-0.20000000000000284,0
107.5,107.5,0.7777777777777778,0.7901599409534394,0.11478061710623497,-0.10787677822119886,-0.012382163175661653,9.0,9.0,7.0,-0.20000000000000284,0
107.5,107.5,0.7777777777777778,0.7901599409534394,0.11478061710623497,-0.10787677822119886,-0.012382163175661653,9.0,9.0,7.0,-0.20000000000000284,0
107.5,107.5,0.7777777777777778,0.7901599409534394,0.11478061710623497,-0.10787677822119886,-0.012382163175661653,9.0,9.0,7.0,-0.20000000000000284,0
107.5,107.5,0.7777777777777778,0.7901599409534394,0.11478061710623497,-0.10787677822119886,-0.012382163175661653,9.0,9.0,7.0,0.20000000000000284,0
108.5,108.5,0.875,0.7109471942144543,0.1293218882529027,1.2685617879683524,0.1640528057855457,9.0,7.0,7.0,0.09999999999999432,0
108.5,108.5,0.875,0.7109471942144543,0.1293218882529027,1.2685617879683524,0.1640528057855457,9.0,7.0,7.0,-0.20000000000000284,0
108.5,108.5,0.875,0.7109471942144543,0.1293218882529027,1.2685617879683524,0.1640528057855457,9.0,7.0,7.0,-0.20000000000000284,0
108.5,108.5,0.875,0.7109471942144543,0.1293218882529027,1.2685617879683524,0.1640528057855457,9.0,7.0,7.0,-0.20000000000000284,0
108.5,108.5,0.875,0.7109471942144543,0.1293218882529027,1.2685617879683524,0.1640528057855457,9.0,7.0,7.0,-0.20000000000000284,0
108.5,108.5,0.875,0.7109471942144543,0.1293218882529027,1.2685617879683524,0.1640528057855457,9.0,7.0,7.0,-0.20000000000000284,0
108.5,108.5,0.875,0.7109471942144543,0.1293218882529027,1.2685617879683524,0.1640528057855457,9.0,7.0,7.0,0.20000000000000284,0
109.5,109.5,0.8,0.6599219331322272,0.11892176131718848,1.1779010444871916,0.1400780668677728,9.0,6.0,6.0,-0.20000000000000284,0
109.5,109.5,0.8,0.6599219331322272,0.11892176131718848,1.1779010444871916,0.1400780668677728,9.0,6.0,6.0,-0.20000000000000284,0
109.5,109.5,0.8,0.6599219331322272,0.11892176131718848,1.1779010444871916,0.1400780668677728,9.0,6.0,6.0,-0.20000000000000284,0
109.5,109.5,0.8,0.6599219331322272,0.11892176131718848,1.1779010444871916,0.1400780668677728,9.0,6.0,6.0,-0.20000000000000284,0
109.5,109.5,0.8,0.6599219331322272,0.11892176131718848,1.1779010444871916,0.1400780668677728,9.0,6.0,6.0,0.20000000000000284,0
109.5,109.5,0.8,0.6599219331322272,0.11892176131718848,1.1779010444871916,0.1400780668677728,9.0,6.0,6.0,-0.20000000000000284,0
110.5,110.5,0.6666666666666666,0.6309558777823484,0.10955208265726381,0.32597088086440346,0.03571078888431822,10.0,5.0,5.0,-0.20000000000000284,0
110.5,110.5,0.6666666666666666,0.6309558777823484,0.10955208265726381,0.32597088086440346,0.03571078888431822,10.0,5.0,5.0,-0.20000000000000284,0
110.5,110.5,0.6666666666666666,0.6309558777823484,0.10955208265726381,0.32597088086440346,0.03571078888431822,10.0,5.0,5.0,0.20000000000000284,0
110.5,110.5,0.6666666666666666,0.6309558777823484,0.10955208265726381,0.32597088086440346,0.03571078888431822,10.0,5.0,5.0,-0.20000000000000284,0
110.5,110.5,0.6666666666666666,0.6309558777823484,0.10955208265726381,0.32597088086440346,0.03571078888431822,10.0,5.0,5.0,-0.09999999999999432,0
111.5,111.5,0.7142857142857143,0.6239461636402811,0.11993886233160443,0.7532133362718109,0.0903395506454332,9.0,5.0,5.0,0.20000000000000284,0
111.5,111.5,0.7142857142857143,0.6239461636402811,0.11993886233160443,0.7532133362718109,0.0903395506454332,9.0,5.0,5.0,-0.20000000000000284,0
111.5,111.5,0.7142857142857143,0.6239461636402811,0.11993886233160443,0.7532133362718109,0.0903395506454332,9.0,5.0,5.0,-0.09999999999999432,0
111.5,111.5,0.7142857142857143,0.6239461636402811,0.11993886233160443,0.7532133362718109,0.0903395506454332,9.0,5.0,5.0,-0.20000000000000284,0
111.5,111.5,0.7142857142857143,0.6239461636402811,0.11993886233160443,0.7532133362718109,0.0903395506454332,9.0,5.0,5.0,-0.20000000000000284,0
112.5,112.5,0.75,0.6567479279234697,0.14603710495370134,0.6385505389612752,0.0932520720765303,9.0,7.0,6.0,-0.20000000000000284,0
112.5,112.5,0.75,0.6567479279234697,0.14603710495370134,0.6385505389612752,0.0932520720765303,9.0,7.0,6.0,-0.09999999999999432,0
112.5,112.5,0.75,0.6567479279234697,0.14603710495370134,0.6385505389612752,0.0932520720765303,9.0,7.0,6.0,-0.20000000000000284,0
112.5,112.5,0.75,0.6567479279234697,0.14603710495370134,0.6385505389612752,0.0932520720765303,9.0,7.0,6.0,-0.20000000000000284,0
112.5,112.5,0.75,0.6567479279234697,0.14603710495370134,0.6385505389612752,0.0932520720765303,9.0,7.0,6.0,0.0,0
112.5,112.5,0.75,0.6567479279234697,0.14603710495370134,0.6385505389612752,0.0932520720765303,9.0,7.0,6.0,0.10000000000000853,0
113.5,113.5,0.8888888888888888,0.7509285897023512,0.1264918266848165,1.0906657196934744,0.13796029918653763,10.0,8.0,8.0,-0.20000000000000284,0
113.5,113.5,0.8888888888888888,0.7509285897023512,0.1264918266848165,1.0906657196934744,0.13796029918653763,10.0,8.0,8.0,-0.09999999999999432,0
113.5,113.5,0.8888888888888888,0.7509285897023512,0.1264918266848165,1.0906657196934744,0.13796029918653763,10.0,8.0,8.0,-0.20000000000000284,0
113.5,113.5,0.8888888888888888,0.7509285897023512,0.1264918266848165,1.0906657196934744,0.13796029918653763,10.0,8.0,8.0,-0.20000000000000284,0
113.5,113.5,0.8888888888888888,0.7509285897023512,0.1264918266848165,1.0906657196934744,0.13796029918653763,10.0,8.0,8.0,0.0,0
113.5,113.5,0.8888888888888888,0.7509285897023512,0.1264918266848165,1.0906657196934744,0.13796029918653763,10.0,8.0,8.0,0.10000000000000853,0
113.5,113.5,0.8888888888888888,0.7509285897023512,0.1264918266848165,1.0906657196934744,0.13796029918653763,10.0,8.0,8.0,0.20000000000000284,0
113.5,113.5,0.8888888888888888,0.7509285897023512,0.1264918266848165,1.0906657196934744,0.13796029918653763,10.0,8.0,8.0,0.10000000000000853,0
114.5,114.5,0.9473684210526315,0.7915859827221284,0.11975374708635254,1.3008564835818526,0.1557824383305031,10.0,9.0,9.0,-0.09999999999999432,0
114.5,114.5,0.9473684210526315,0.7915859827221284,0.11975374708635254,1.3008564835818526,0.1557824383305031,10.0,9.0,9.0,-0.20000000000000284,0
114.5,114.5,0.9473684210526315,0.7915859827221284,0.11975374708635254,1.3008564835818526,0.1557824383305031,10.0,9.0,9.0,-0.20000000000000284,0
114.5,114.5,0.9473684210526315,0.7915859827221284,0.11975374708635254,1.3008564835818526,0.1557824383305031,10.0,9.0,9.0,0.0,0
114.5,114.5,0.9473684210526315,0.7915859827221284,0.11975374708635254,1.3008564835818526,0.1557824383305031,10.0,9.0,9.0,0.10000000000000853,0
114.5,114.5,0.9473684210526315,0.7915859827221284,0.11975374708635254,1.3008564835818526,0.1557824383305031,10.0,9.0,9.0,0.20000000000000284,0
114.5,114.5,0.9473684210526315,0.7915859827221284,0.11975374708635254,1.3008564835818526,0.1557824383305031,10.0,9.0,9.0,0.10000000000000853,0
114.5,114.5,0.9473684210526315,0.7915859827221284,0.11975374708635254,1.3008564835818526,0.1557824383305031,10.0,9.0,9.0,0.20000000000000284,0
114.5,114.5,0.9473684210526315,0.7915859827221284,0.11975374708635254,1.3008564835818526,0.1557824383305031,10.0,9.0,9.0,0.20000000000000284,0
115.5,115.5,0.9411764705882353,0.7862893076222024,0.11838022223054752,1.3083871617033078,0.1548871629660329,8.0,9.0,8.0,-0.20000000000000284,0
115.5,115.5,0.9411764705882353,0.7862893076222024,0.11838022223054752,1.3083871617033078,0.1548871629660329,8.0,9.0,8.0,-0.20000000000000284,0
115.5,115.5,0.9411764705882353,0.7862893076222024,0.11838022223054752,1.3083871617033078,0.1548871629660329,8.0,9.0,8.0,0.0,0
115.5,115.5,0.9411764705882353,0.7862893076222024,0.11838022223054752,1.3083871617033078,0.1548871629660329,8.0,9.0,8.0,0.10000000000000853,0
115.5,115.5,0.9411764705882353,0.7862893076222024,0.11838022223054752,1.3083871617033078,0.1548871629660329,8.0,9.0,8.0,0.20000000000000284,0
115.5,115.5,0.9411764705882353,0.7862893076222024,0.11838022223054752,1.3083871617033078,0.1548871629660329,8.0,9.0,8.0,0.10000000000000853,0
115.5,115.5,0.9411764705882353,0.7862893076222024,0.11838022223054752,1.3083871617033078,0.1548871629660329,8.0,9.0,8.0,0.20000000000000284,0
115.5,115.5,0.9411764705882353,0.7862893076222024,0.11838022223054752,1.3083871617033078,0.1548871629660329,8.0,9.0,8.0,0.20000000000000284,0
116.5,116.5,0.8571428571428571,0.7502898317626646,0.11563407300530726,0.9240617631386923,0.10685302538019248,6.0,8.0,6.0,0.0,0
116.5,116.5,0.8571428571428571,0.7502898317626646,0.11563407300530726,0.9240617631386923,0.10685302538019248,6.0,8.0,6.0,0.10000000000000853,0
116.5,116.5,0.8571428571428571,0.7502898317626646,0.11563407300530726,0.9240617631386923,0.10685302538019248,6.0,8.0,6.0,0.20000000000000284,0
116.5,116.5,0.8571428571428571,0.7502898317626646,0.11563407300530726,0.9240617631386923,0.10685302538019248,6.0,8.0,6.0,0.10000000000000853,0
116.5,116.5,0.8571428571428571,0.7502898317626646,0.11563407300530726,0.9240617631386923,0.10685302538019248,6.0,8.0,6.0,0.20000000000000284,0
116.5,116.5,0.8571428571428571,0.7502898317626646,0.11563407300530726,0.9240617631386923,0.10685302538019248,6.0,8.0,6.0,0.20000000000000284,0
117.5,117.5,0.6153846153846154,0.7125467587538021,0.1092672115688334,-0.8892159136684746,-0.09716214336918672,6.0,7.0,4.0,0.20000000000000284,0
117.5,117.5,0.6153846153846154,0.7125467587538021,0.1092672115688334,-0.8892159136684746,-0.09716214336918672,6.0,7.0,4.0,0.10000000000000853,0
117.5,117.5,0.6153846153846154,0.7125467587538021,0.1092672115688334,-0.8892159136684746,-0.09716214336918672,6.0,7.0,4.0,0.20000000000000284,0
117.5,117.5,0.6153846153846154,0.7125467587538021,0.1092672115688334,-0.8892159136684746,-0.09716214336918672,6.0,7.0,4.0,0.20000000000000284,0
118.5,118.5,0.6153846153846154,0.7351313000724765,0.10660160575345569,-1.1233103276587302,-0.1197466846878611,6.0,7.0,4.0,0.20000000000000284,0
118.5,118.5,0.6153846153846154,0.7351313000724765,0.10660160575345569,-1.1233103276587302,-0.1197466846878611,6.0,7.0,4.0,0.20000000000000284,0
118.5,118.5,0.6153846153846154,0.7351313000724765,0.10660160575345569,-1.1233103276587302,-0.1197466846878611,6.0,7.0,4.0,-0.20000000000000284,0
118.5,118.5,0.6153846153846154,0.7351313000724765,0.10660160575345569,-1.1233103276587302,-0.1197466846878611,6.0,7.0,4.0,-0.19999999999998863,0
119.5,119.5,0.5714285714285714,0.7344123382035921,0.11135224092509016,-1.463677474480864,-0.1629837667750207,7.0,7.0,4.0,-0.20000000000000284,0
119.5,119.5,0.5714285714285714,0.7344123382035921,0.11135224092509016,-1.463677474480864,-0.1629837667750207,7.0,7.0,4.0,-0.19999999999998863,0
119.5,119.5,0.5714285714285714,0.7344123382035921,0.11135224092509016,-1.463677474480864,-0.1629837667750207,7.0,7.0,4.0,0.0,0
119.5,119.5,0.5714285714285714,0.7344123382035921,0.11135224092509016,-1.463677474480864,-0.1629837667750207,7.0,7.0,4.0,0.0,0
120.5,120.5,0.7058823529411765,0.7767413161228177,0.1111672420522821,-0.6374086635010351,-0.0708589631816412,9.0,8.0,6.0,-0.20000000000000284,0
120.5,120.5,0.7058823529411765,0.7767413161228177,0.1111672420522821,-0.6374086635010351,-0.0708589631816412,9.0,8.0,6.0,-0.19999999999998863,0
120.5,120.5,0.7058823529411765,0.7767413161228177,0.1111672420522821,-0.6374086635010351,-0.0708589631816412,9.0,8.0,6.0,0.0,0
120.5,120.5,0.7058823529411765,0.7767413161228177,0.1111672420522821,-0.6374086635010351,-0.0708589631816412,9.0,8.0,6.0,0.0,0
120.5,120.5,0.7058823529411765,0.7767413161228177,0.1111672420522821,-0.6374086635010351,-0.0708589631816412,9.0,8.0,6.0,0.0,0
120.5,120.5,0.7058823529411765,0.7767413161228177,0.1111672420522821,-0.6374086635010351,-0.0708589631816412,9.0,8.0,6.0,-0.30000000000001137,0
121.5,121.5,0.7777777777777778,0.7922190706266559,0.10904001838794719,-0.13244030093151885,-0.014441292848878073,10.0,8.0,7.0,-0.20000000000000284,0
121.5,121.5,0.7777777777777778,0.7922190706266559,0.10904001838794719,-0.13244030093151885,-0.014441292848878073,10.0,8.0,7.0,-0.19999999999998863,0
121.5,121.5,0.7777777777777778,0.7922190706266559,0.10904001838794719,-0.13244030093151885,-0.014441292848878073,10.0,8.0,7.0,0.0,0
121.5,121.5,0.7777777777777778,0.7922190706266559,0.10904001838794719,-0.13244030093151885,-0.014441292848878073,10.0,8.0,7.0,0.0,0
121.5,121.5,0.7777777777777778,0.7922190706266559,0.10904001838794719,-0.13244030093151885,-0.014441292848878073,10.0,8.0,7.0,0.0,0
121.5,121.5,0.7777777777777778,0.7922190706266559,0.10904001838794719,-0.13244030093151885,-0.014441292848878073,10.0,8.0,7.0,-0.30000000000001137,0
121.5,121.5,0.7777777777777778,0.7922190706266559,0.10904001838794719,-0.13244030093151885,-0.014441292848878073,10.0,8.0,7.0,0.20000000000000284,0
122.5,122.5,0.8,0.8161422132734827,0.10789507370410432,-0.14961029006525062,-0.016142213273482642,11.0,9.0,8.0,-0.20000000000000284,0
122.5,122.5,0.8,0.8161422132734827,0.10789507370410432,-0.14961029006525062,-0.016142213273482642,11.0,9.0,8.0,-0.19999999999998863,0
122.5,122.5,0.8,0.8161422132734827,0.10789507370410432,-0.14961029006525062,-0.016142213273482642,11.0,9.0,8.0,0.0,0
122.5,122.5,0.8,0.8161422132734827,0.10789507370410432,-0.14961029006525062,-0.016142213273482642,11.0,9.0,8.0,0.0,0
122.5,122.5,0.8,0.8161422132734827,0.10789507370410432,-0.14961029006525062,-0.016142213273482642,11.0,9.0,8.0,0.0,0
122.5,122.5,0.8,0.8161422132734827,0.10789507370410432,-0.14961029006525062,-0.016142213273482642,11.0,9.0,8.0,-0.30000000000001137,0
122.5,122.5,0.8,0.8161422132734827,0.10789507370410432,-0.14961029006525062,-0.016142213273482642,11.0,9.0,8.0,0.20000000000000284,0
122.5,122.5,0.8,0.8161422132734827,0.10789507370410432,-0.14961029006525062,-0.016142213273482642,11.0,9.0,8.0,-0.09999999999999432,0
123.5,123.5,0.8888888888888888,0.8291684339740069,0.10513377210675048,0.5680425396916527,0.05972045491488198,9.0,9.0,8.0,0.0,0
123.5,123.5,0.8888888888888888,0.8291684339740069,0.10513377210675048,0.5680425396916527,0.05972045491488198,9.0,9.0,8.0,0.0,0
123.5,123.5,0.8888888888888888,0.8291684339740069,0.10513377210675048,0.5680425396916527,0.05972045491488198,9.0,9.0,8.0,0.0,0
123.5,123.5,0.8888888888888888,0.8291684339740069,0.10513377210675048,0.5680425396916527,0.05972045491488198,9.0,9.0,8.0,-0.30000000000001137,0
123.5,123.5,0.8888888888888888,0.8291684339740069,0.10513377210675048,0.5680425396916527,0.05972045491488198,9.0,9.0,8.0,0.20000000000000284,0
123.5,123.5,0.8888888888888888,0.8291684339740069,0.10513377210675048,0.5680425396916527,0.05972045491488198,9.0,9.0,8.0,-0.09999999999999432,0
123.5,123.5,0.8888888888888888,0.8291684339740069,0.10513377210675048,0.5680425396916527,0.05972045491488198,9.0,9.0,8.0,-0.19999999999998863,0
123.5,123.5,0.8888888888888888,0.8291684339740069,0.10513377210675048,0.5680425396916527,0.05972045491488198,9.0,9.0,8.0,-0.29999999999999716,0
124.5,124.5,0.875,0.799063501135947,0.10364156514027743,0.7326838297093831,0.07593649886405296,8.0,8.0,7.0,0.0,0
124.5,124.5,0.875,0.799063501135947,0.10364156514027743,0.7326838297093831,0.07593649886405296,8.0,8.0,7.0,-0.30000000000001137,0
124.5,124.5,0.875,0.799063501135947,0.10364156514027743,0.7326838297093831,0.07593649886405296,8.0,8.0,7.0,0.20000000000000284,0
124.5,124.5,0.875,0.799063501135947,0.10364156514027743,0.7326838297093831,0.07593649886405296,8.0,8.0,7.0,-0.09999999999999432,0
124.5,124.5,0.875,0.799063501135947,0.10364156514027743,0.7326838297093831,0.07593649886405296,8.0,8.0,7.0,-0.19999999999998863,0
124.5,124.5,0.875,0.799063501135947,0.10364156514027743,0.7326838297093831,0.07593649886405296,8.0,8.0,7.0,-0.29999999999999716,0
124.5,124.5,0.875,0.799063501135947,0.10364156514027743,0.7326838297093831,0.07593649886405296,8.0,8.0,7.0,-0.20000000000000284,0
125.5,125.5,0.8333333333333334,0.6778238612694495,0.12618624204600531,1.2323805633833507,0.15550947206388388,6.0,6.0,5.0,0.20000000000000284,0
125.5,125.5,0.8333333333333334,0.6778238612694495,0.12618624204600531,1.2323805633833507,0.15550947206388388,6.0,6.0,5.0,-0.09999999999999432,0
125.5,125.5,0.8333333333333334,0.6778238612694495,0.12618624204600531,1.2323805633833507,0.15550947206388388,6.0,6.0,5.0,-0.19999999999998863,0
125.5,125.5,0.8333333333333334,0.6778238612694495,0.12618624204600531,1.2323805633833507,0.15550947206388388,6.0,6.0,5.0,-0.29999999999999716,0
125.5,125.5,0.8333333333333334,0.6778238612694495,0.12618624204600531,1.2323805633833507,0.15550947206388388,6.0,6.0,5.0,-0.20000000000000284,0
126.5,126.5,0.7272727272727273,0.6625984375102022,0.12022613834604089,0.537938676665937,0.0646742897625251,5.0,6.0,4.0,-0.09999999999999432,0
126.5,126.5,0.7272727272727273,0.6625984375102022,0.12022613834604089,0.537938676665937,0.0646742897625251,5.0,6.0,4.0,-0.19999999999998863,0
126.5,126.5,0.7272727272727273,0.6625984375102022,0.12022613834604089,0.537938676665937,0.0646742897625251,5.0,6.0,4.0,-0.29999999999999716,0
126.5,126.5,0.7272727272727273,0.6625984375102022,0.12022613834604089,0.537938676665937,0.0646742897625251,5.0,6.0,4.0,-0.20000000000000284,0
127.5,127.5,0.7272727272727273,0.6743650627150627,0.10372332956409898,0.5100845179190734,0.0529076645576646,5.0,6.0,4.0,-0.29999999999999716,0
127.5,127.5,0.7272727272727273,0.6743650627150627,0.10372332956409898,0.5100845179190734,0.0529076645576646,5.0,6.0,4.0,-0.20000000000000284,0
127.5,127.5,0.7272727272727273,0.6743650627150627,0.10372332956409898,0.5100845179190734,0.0529076645576646,5.0,6.0,4.0,-0.20000000000001705,0
127.5,127.5,0.7272727272727273,0.6743650627150627,0.10372332956409898,0.5100845179190734,0.0529076645576646,5.0,6.0,4.0,-0.09999999999999432,0
128.5,128.5,0.8333333333333334,0.6615522931317048,0.13016453077443163,1.3197223481665383,0.17178104020162854,6.0,6.0,5.0,-0.20000000000000284,0
128.5,128.5,0.8333333333333334,0.6615522931317048,0.13016453077443163,1.3197223481665383,0.17178104020162854,6.0,6.0,5.0,-0.20000000000001705,0
128.5,128.5,0.8333333333333334,0.6615522931317048,0.13016453077443163,1.3197223481665383,0.17178104020162854,6.0,6.0,5.0,-0.09999999999999432,0
128.5,128.5,0.8333333333333334,0.6615522931317048,0.13016453077443163,1.3197223481665383,0.17178104020162854,6.0,6.0,5.0,-0.09999999999999432,0
128.5,128.5,0.8333333333333334,0.6615522931317048,0.13016453077443163,1.3197223481665383,0.17178104020162854,6.0,6.0,5.0,0.19999999999998863,0
129.5,129.5,0.8571428571428571,0.687061013178428,0.1409140603053915,1.2069898745080838,0.17008184396442905,7.0,7.0,6.0,-0.20000000000001705,0
129.5,129.5,0.8571428571428571,0.687061013178428,0.1409140603053915,1.2069898745080838,0.17008184396442905,7.0,7.0,6.0,-0.09999999999999432,0
129.5,129.5,0.8571428571428571,0.687061013178428,0.1409140603053915,1.2069898745080838,0.17008184396442905,7.0,7.0,6.0,-0.09999999999999432,0
129.5,129.5,0.8571428571428571,0.687061013178428,0.1409140603053915,1.2069898745080838,0.17008184396442905,7.0,7.0,6.0,0.19999999999998863,0
129.5,129.5,0.8571428571428571,0.687061013178428,0.1409140603053915,1.2069898745080838,0.17008184396442905,7.0,7.0,6.0,0.0,0
129.5,129.5,0.8571428571428571,0.687061013178428,0.1409140603053915,1.2069898745080838,0.17008184396442905,7.0,7.0,6.0,0.0,0
130.5,130.5,0.8888888888888888,0.7805798165714574,0.12171840855695239,0.8898331287888418,0.10830907231743148,9.0,9.0,8.0,-0.20000000000001705,0
130.5,130.5,0.8888888888888888,0.7805798165714574,0.12171840855695239,0.8898331287888418,0.10830907231743148,9.0,9.0,8.0,-0.09999999999999432,0
130.5,130.5,0.8888888888888888,0.7805798165714574,0.12171840855695239,0.8898331287888418,0.10830907231743148,9.0,9.0,8.0,-0.09999999999999432,0
130.5,130.5,0.8888888888888888,0.7805798165714574,0.12171840855695239,0.8898331287888418,0.10830907231743148,9.0,9.0,8.0,0.19999999999998863,0
130.5,130.5,0.8888888888888888,0.7805798165714574,0.12171840855695239,0.8898331287888418,0.10830907231743148,9.0,9.0,8.0,0.0,0
130.5,130.5,0.8888888888888888,0.7805798165714574,0.12171840855695239,0.8898331287888418,0.10830907231743148,9.0,9.0,8.0,0.0,0
130.5,130.5,0.8888888888888888,0.7805798165714574,0.12171840855695239,0.8898331287888418,0.10830907231743148,9.0,9.0,8.0,0.0,0
130.5,130.5,0.8888888888888888,0.7805798165714574,0.12171840855695239,0.8898331287888418,0.10830907231743148,9.0,9.0,8.0,0.0,0
131.5,131.5,1.0,0.8113301360576128,0.11480050970966228,1.6434584168619557,0.18866986394238716,9.0,9.0,9.0,-0.20000000000001705,0
131.5,131.5,1.0,0.8113301360576128,0.11480050970966228,1.6434584168619557,0.18866986394238716,9.0,9.0,9.0,-0.09999999999999432,0
131.5,131.5,1.0,0.8113301360576128,0.11480050970966228,1.6434584168619557,0.18866986394238716,9.0,9.0,9.0,-0.09999999999999432,0
131.5,131.5,1.0,0.8113301360576128,0.11480050970966228,1.6434584168619557,0.18866986394238716,9.0,9.0,9.0,0.19999999999998863,0
131.5,131.5,1.0,0.8113301360576128,0.11480050970966228,1.6434584168619557,0.18866986394238716,9.0,9.0,9.0,0.0,0
131.5,131.5,1.0,0.8113301360576128,0.11480050970966228,1.6434584168619557,0.18866986394238716,9.0,9.0,9.0,0.0,0
131.5,131.5,1.0,0.8113301360576128,0.11480050970966228,1.6434584168619557,0.18866986394238716,9.0,9.0,9.0,0.0,0
131.5,131.5,1.0,0.8113301360576128,0.11480050970966228,1.6434584168619557,0.18866986394238716,9.0,9.0,9.0,0.0,0
131.5,131.5,1.0,0.8113301360576128,0.11480050970966228,1.6434584168619557,0.18866986394238716,9.0,9.0,9.0,0.09999999999999432,0
132.5,132.5,0.9473684210526315,0.8165620043527165,0.11809111736578075,1.1076736304793298,0.130806416699915,10.0,9.0,9.0,-0.09999999999999432,0
132.5,132.5,0.9473684210526315,0.8165620043527165,0.11809111736578075,1.1076736304793298,0.130806416699915,10.0,9.0,9.0,0.19999999999998863,0
132.5,132.5,0.9473684210526315,0.8165620043527165,0.11809111736578075,1.1076736304793298,0.130806416699915,10.0,9.0,9.0,0.0,0
132.5,132.5,0.9473684210526315,0.8165620043527165,0.11809111736578075,1.1076736304793298,0.130806416699915,10.0,9.0,9.0,0.0,0
132.5,132.5,0.9473684210526315,0.8165620043527165,0.11809111736578075,1.1076736304793298,0.130806416699915,10.0,9.0,9.0,0.0,0
132.5,132.5,0.9473684210526315,0.8165620043527165,0.11809111736578075,1.1076736304793298,0.130806416699915,10.0,9.0,9.0,0.0,0
132.5,132.5,0.9473684210526315,0.8165620043527165,0.11809111736578075,1.1076736304793298,0.130806416699915,10.0,9.0,9.0,0.09999999999999432,0
132.5,132.5,0.9473684210526315,0.8165620043527165,0.11809111736578075,1.1076736304793298,0.130806416699915,10.0,9.0,9.0,0.0,0
132.5,132.5,0.9473684210526315,0.8165620043527165,0.11809111736578075,1.1076736304793298,0.130806416699915,10.0,9.0,9.0,-0.20000000000001705,0
133.5,133.5,0.8421052631578947,0.7861025987772118,0.11488797899773175,0.4874545176026517,0.05600266438068291,11.0,8.0,8.0,0.0,0
133.5,133.5,0.8421052631578947,0.7861025987772118,0.11488797899773175,0.4874545176026517,0.05600266438068291,11.0,8.0,8.0,0.0,0
133.5,133.5,0.8421052631578947,0.7861025987772118,0.11488797899773175,0.4874545176026517,0.05600266438068291,11.0,8.0,8.0,0.0,0
133.5,133.5,0.8421052631578947,0.7861025987772118,0.11488797899773175,0.4874545176026517,0.05600266438068291,11.0,8.0,8.0,0.0,0
133.5,133.5,0.8421052631578947,0.7861025987772118,0.11488797899773175,0.4874545176026517,0.05600266438068291,11.0,8.0,8.0,0.09999999999999432,0
133.5,133.5,0.8421052631578947,0.7861025987772118,0.11488797899773175,0.4874545176026517,0.05600266438068291,11.0,8.0,8.0,0.0,0
133.5,133.5,0.8421052631578947,0.7861025987772118,0.11488797899773175,0.4874545176026517,0.05600266438068291,11.0,8.0,8.0,-0.20000000000001705,0
133.5,133.5,0.8421052631578947,0.7861025987772118,0.11488797899773175,0.4874545176026517,0.05600266438068291,11.0,8.0,8.0,0.0,0
134.5,134.5,0.7777777777777778,0.7909169365807911,0.10253508388984822,-0.12814305410944504,-0.013139158803013307,9.0,9.0,7.0,0.0,0
134.5,134.5,0.7777777777777778,0.7909169365807911,0.10253508388984822,-0.12814305410944504,-0.013139158803013307,9.0,9.0,7.0,0.0,0
134.5,134.5,0.7777777777777778,0.7909169365807911,0.10253508388984822,-0.12814305410944504,-0.013139158803013307,9.0,9.0,7.0,0.0,0
134.5,134.5,0.7777777777777778,0.7909169365807911,0.10253508388984822,-0.12814305410944504,-0.013139158803013307,9.0,9.0,7.0,0.09999999999999432,0
134.5,134.5,0.7777777777777778,0.7909169365807911,0.10253508388984822,-0.12814305410944504,-0.013139158803013307,9.0,9.0,7.0,0.0,0
134.5,134.5,0.7777777777777778,0.7909169365807911,0.10253508388984822,-0.12814305410944504,-0.013139158803013307,9.0,9.0,7.0,-0.20000000000001705,0
134.5,134.5,0.7777777777777778,0.7909169365807911,0.10253508388984822,-0.12814305410944504,-0.013139158803013307,9.0,9.0,7.0,0.0,0
135.5,135.5,0.625,0.7622649785714801,0.10151628823861004,-1.3521473347099155,-0.13726497857148012,8.0,8.0,5.0,0.0,0
135.5,135.5,0.625,0.7622649785714801,0.10151628823861004,-1.3521473347099155,-0.13726497857148012,8.0,8.0,5.0,0.09999999999999432,0
135.5,135.5,0.625,0.7622649785714801,0.10151628823861004,-1.3521473347099155,-0.13726497857148012,8.0,8.0,5.0,0.0,0
135.5,135.5,0.625,0.7622649785714801,0.10151628823861004,-1.3521473347099155,-0.13726497857148012,8.0,8.0,5.0,-0.20000000000001705,0
135.5,135.5,0.625,0.7622649785714801,0.10151628823861004,-1.3521473347099155,-0.13726497857148012,8.0,8.0,5.0,0.0,0
136.5,136.5,0.46153846153846156,0.6992782563841388,0.10879391457553532,-2.185230633287077,-0.2377397948456772,7.0,6.0,3.0,0.0,0
136.5,136.5,0.46153846153846156,0.6992782563841388,0.10879391457553532,-2.185230633287077,-0.2377397948456772,7.0,6.0,3.0,-0.20000000000001705,0
136.5,136.5,0.46153846153846156,0.6992782563841388,0.10879391457553532,-2.185230633287077,-0.2377397948456772,7.0,6.0,3.0,0.0,0
137.5,137.5,0.3333333333333333,0.6379244022317551,0.10677513498997672,-2.852640447862834,-0.30459106889842175,7.0,5.0,2.0,0.0,0
137.5,137.5,0.3333333333333333,0.6379244022317551,0.10677513498997672,-2.852640447862834,-0.30459106889842175,7.0,5.0,2.0,-0.29999999999998295,0
138.5,138.5,0.5,0.6869333602671839,0.10192796890298642,-1.8339751324300828,-0.18693336026718388,6.0,6.0,3.0,-0.29999999999998295,0
138.5,138.5,0.5,0.6869333602671839,0.10192796890298642,-1.8339751324300828,-0.18693336026718388,6.0,6.0,3.0,0.0,0
138.5,138.5,0.5,0.6869333602671839,0.10192796890298642,-1.8339751324300828,-0.18693336026718388,6.0,6.0,3.0,0.09999999999999432,0
139.5,139.5,0.6666666666666666,0.6613235013352661,0.1273381823282379,0.04196043349847379,0.005343165331400557,9.0,6.0,5.0,-0.29999999999998295,0
139.5,139.5,0.6666666666666666,0.6613235013352661,0.1273381823282379,0.04196043349847379,0.005343165331400557,9.0,6.0,5.0,0.0,0
139.5,139.5,0.6666666666666666,0.6613235013352661,0.1273381823282379,0.04196043349847379,0.005343165331400557,9.0,6.0,5.0,0.09999999999999432,0
139.5,139.5,0.6666666666666666,0.6613235013352661,0.1273381823282379,0.04196043349847379,0.005343165331400557,9.0,6.0,5.0,0.0,0
139.5,139.5,0.6666666666666666,0.6613235013352661,0.1273381823282379,0.04196043349847379,0.005343165331400557,9.0,6.0,5.0,0.0,0
140.5,140.5,0.875,0.7077466738455903,0.1336383730727707,1.2515366829805274,0.1672533261544097,9.0,7.0,7.0,-0.29999999999998295,0
140.5,140.5,0.875,0.7077466738455903,0.1336383730727707,1.2515366829805274,0.1672533261544097,9.0,7.0,7.0,0.0,0
140.5,140.5,0.875,0.7077466738455903,0.1336383730727707,1.2515366829805274,0.1672533261544097,9.0,7.0,7.0,0.09999999999999432,0
140.5,140.5,0.875,0.7077466738455903,0.1336383730727707,1.2515366829805274,0.1672533261544097,9.0,7.0,7.0,0.0,0
140.5,140.5,0.875,0.7077466738455903,0.1336383730727707,1.2515366829805274,0.1672533261544097,9.0,7.0,7.0,0.0,0
140.5,140.5,0.875,0.7077466738455903,0.1336383730727707,1.2515366829805274,0.1672533261544097,9.0,7.0,7.0,-0.19999999999998863,0
140.5,140.5,0.875,0.7077466738455903,0.1336383730727707,1.2515366829805274,0.1672533261544097,9.0,7.0,7.0,-0.30000000000001137,0
141.5,141.5,0.9473684210526315,0.8028631694329064,0.11660115945751105,1.2393123043719152,0.14450525161972516,10.0,9.0,9.0,-0.29999999999998295,0
141.5,141.5,0.9473684210526315,0.8028631694329064,0.11660115945751105,1.2393123043719152,0.14450525161972516,10.0,9.0,9.0,0.0,0
141.5,141.5,0.9473684210526315,0.8028631694329064,0.11660115945751105,1.2393123043719152,0.14450525161972516,10.0,9.0,9.0,0.09999999999999432,0
141.5,141.5,0.9473684210526315,0.8028631694329064,0.11660115945751105,1.2393123043719152,0.14450525161972516,10.0,9.0,9.0,0.0,0
141.5,141.5,0.9473684210526315,0.8028631694329064,0.11660115945751105,1.2393123043719152,0.14450525161972516,10.0,9.0,9.0,0.0,0
141.5,141.5,0.9473684210526315,0.8028631694329064,0.11660115945751105,1.2393123043719152,0.14450525161972516,10.0,9.0,9.0,-0.19999999999998863,0
141.5,141.5,0.9473684210526315,0.8028631694329064,0.11660115945751105,1.2393123043719152,0.14450525161972516,10.0,9.0,9.0,-0.30000000000001137,0
141.5,141.5,0.9473684210526315,0.8028631694329064,0.11660115945751105,1.2393123043719152,0.14450525161972516,10.0,9.0,9.0,0.0,0
141.5,141.5,0.9473684210526315,0.8028631694329064,0.11660115945751105,1.2393123043719152,0.14450525161972516,10.0,9.0,9.0,-0.09999999999999432,0
142.5,142.5,0.9,0.8150238252115961,0.111659607320351,0.7610287804846705,0.08497617478840391,10.0,10.0,9.0,0.0,0
142.5,142.5,0.9,0.8150238252115961,0.111659607320351,0.7610287804846705,0.08497617478840391,10.0,10.0,9.0,0.09999999999999432,0
142.5,142.5,0.9,0.8150238252115961,0.111659607320351,0.7610287804846705,0.08497617478840391,10.0,10.0,9.0,0.0,0
142.5,142.5,0.9,0.8150238252115961,0.111659607320351,0.7610287804846705,0.08497617478840391,10.0,10.0,9.0,0.0,0
142.5,142.5,0.9,0.8150238252115961,0.111659607320351,0.7610287804846705,0.08497617478840391,10.0,10.0,9.0,-0.19999999999998863,0
142.5,142.5,0.9,0.8150238252115961,0.111659607320351,0.7610287804846705,0.08497617478840391,10.0,10.0,9.0,-0.30000000000001137,0
142.5,142.5,0.9,0.8150238252115961,0.111659607320351,0.7610287804846705,0.08497617478840391,10.0,10.0,9.0,0.0,0
142.5,142.5,0.9,0.8150238252115961,0.111659607320351,0.7610287804846705,0.08497617478840391,10.0,10.0,9.0,-0.09999999999999432,0
142.5,142.5,0.9,0.8150238252115961,0.111659607320351,0.7610287804846705,0.08497617478840391,10.0,10.0,9.0,-0.30000000000001137,0
143.5,143.5,0.9473684210526315,0.8096713010072144,0.10933867562436281,1.2593633429261648,0.13769712004541712,10.0,9.0,9.0,0.0,0
143.5,143.5,0.9473684210526315,0.8096713010072144,0.10933867562436281,1.2593633429261648,0.13769712004541712,10.0,9.0,9.0,0.0,0
143.5,143.5,0.9473684210526315,0.8096713010072144,0.10933867562436281,1.2593633429261648,0.13769712004541712,10.0,9.0,9.0,-0.19999999999998863,0
143.5,143.5,0.9473684210526315,0.8096713010072144,0.10933867562436281,1.2593633429261648,0.13769712004541712,10.0,9.0,9.0,-0.30000000000001137,0
143.5,143.5,0.9473684210526315,0.8096713010072144,0.10933867562436281,1.2593633429261648,0.13769712004541712,10.0,9.0,9.0,0.0,0
143.5,143.5,0.9473684210526315,0.8096713010072144,0.10933867562436281,1.2593633429261648,0.13769712004541712,10.0,9.0,9.0,-0.09999999999999432,0
143.5,143.5,0.9473684210526315,0.8096713010072144,0.10933867562436281,1.2593633429261648,0.13769712004541712,10.0,9.0,9.0,-0.30000000000001137,0
143.5,143.5,0.9473684210526315,0.8096713010072144,0.10933867562436281,1.2593633429261648,0.13769712004541712,10.0,9.0,9.0,0.09999999999999432,0
143.5,143.5,0.9473684210526315,0.8096713010072144,0.10933867562436281,1.2593633429261648,0.13769712004541712,10.0,9.0,9.0,0.09999999999999432,0
144.5,144.5,0.8888888888888888,0.816809143565413,0.09701128983310804,0.7430036797518842,0.07207974532347583,9.0,9.0,8.0,-0.19999999999998863,0
144.5,144.5,0.8888888888888888,0.816809143565413,0.09701128983310804,0.7430036797518842,0.07207974532347583,9.0,9.0,8.0,-0.30000000000001137,0
144.5,144.5,0.8888888888888888,0.816809143565413,0.09701128983310804,0.7430036797518842,0.07207974532347583,9.0,9.0,8.0,0.0,0
144.5,144.5,0.8888888888888888,0.816809143565413,0.09701128983310804,0.7430036797518842,0.07207974532347583,9.0,9.0,8.0,-0.09999999999999432,0
144.5,144.5,0.8888888888888888,0.816809143565413,0.09701128983310804,0.7430036797518842,0.07207974532347583,9.0,9.0,8.0,-0.30000000000001137,0
144.5,144.5,0.8888888888888888,0.816809143565413,0.09701128983310804,0.7430036797518842,0.07207974532347583,9.0,9.0,8.0,0.09999999999999432,0
144.5,144.5,0.8888888888888888,0.816809143565413,0.09701128983310804,0.7430036797518842,0.07207974532347583,9.0,9.0,8.0,0.09999999999999432,0
144.5,144.5,0.8888888888888888,0.816809143565413,0.09701128983310804,0.7430036797518842,0.07207974532347583,9.0,9.0,8.0,-0.10000000000002274,0
145.5,145.5,0.875,0.810956580983516,0.08946961905213542,0.715811911294323,0.06404341901648403,8.0,8.0,7.0,0.0,0
145.5,145.5,0.875,0.810956580983516,0.08946961905213542,0.715811911294323,0.06404341901648403,8.0,8.0,7.0,-0.09999999999999432,0
145.5,145.5,0.875,0.810956580983516,0.08946961905213542,0.715811911294323,0.06404341901648403,8.0,8.0,7.0,-0.30000000000001137,0
145.5,145.5,0.875,0.810956580983516,0.08946961905213542,0.715811911294323,0.06404341901648403,8.0,8.0,7.0,0.09999999999999432,0
145.5,145.5,0.875,0.810956580983516,0.08946961905213542,0.715811911294323,0.06404341901648403,8.0,8.0,7.0,0.09999999999999432,0
145.5,145.5,0.875,0.810956580983516,0.08946961905213542,0.715811911294323,0.06404341901648403,8.0,8.0,7.0,-0.10000000000002274,0
145.5,145.5,0.875,0.810956580983516,0.08946961905213542,0.715811911294323,0.06404341901648403,8.0,8.0,7.0,-0.09999999999999432,0
146.5,146.5,0.7692307692307693,0.7044869894811071,0.10199496276591906,0.6347742868267988,0.06474377974966217,7.0,6.0,5.0,-0.30000000000001137,0
146.5,146.5,0.7692307692307693,0.7044869894811071,0.10199496276591906,0.6347742868267988,0.06474377974966217,7.0,6.0,5.0,0.09999999999999432,0
146.5,146.5,0.7692307692307693,0.7044869894811071,0.10199496276591906,0.6347742868267988,0.06474377974966217,7.0,6.0,5.0,0.09999999999999432,0
146.5,146.5,0.7692307692307693,0.7044869894811071,0.10199496276591906,0.6347742868267988,0.06474377974966217,7.0,6.0,5.0,-0.10000000000002274,0
146.5,146.5,0.7692307692307693,0.7044869894811071,0.10199496276591906,0.6347742868267988,0.06474377974966217,7.0,6.0,5.0,-0.09999999999999432,0
147.5,147.5,0.8333333333333334,0.6652535981991864,0.10570454020226508,1.590090026526082,0.16807973513414698,6.0,6.0,5.0,0.09999999999999432,0
147.5,147.5,0.8333333333333334,0.6652535981991864,0.10570454020226508,1.590090026526082,0.16807973513414698,6.0,6.0,5.0,0.09999999999999432,0
147.5,147.5,0.8333333333333334,0.6652535981991864,0.10570454020226508,1.590090026526082,0.16807973513414698,6.0,6.0,5.0,-0.10000000000002274,0
147.5,147.5,0.8333333333333334,0.6652535981991864,0.10570454020226508,1.590090026526082,0.16807973513414698,6.0,6.0,5.0,-0.09999999999999432,0
147.5,147.5,0.8333333333333334,0.6652535981991864,0.10570454020226508,1.590090026526082,0.16807973513414698,6.0,6.0,5.0,0.09999999999999432,0
148.5,148.5,0.6666666666666666,0.6813869147192676,0.10467064410195671,-0.14063396837667677,-0.01472024805260097,6.0,6.0,4.0,-0.10000000000002274,0
148.5,148.5,0.6666666666666666,0.6813869147192676,0.10467064410195671,-0.14063396837667677,-0.01472024805260097,6.0,6.0,4.0,-0.09999999999999432,0
148.5,148.5,0.6666666666666666,0.6813869147192676,0.10467064410195671,-0.14063396837667677,-0.01472024805260097,6.0,6.0,4.0,0.09999999999999432,0
148.5,148.5,0.6666666666666666,0.6813869147192676,0.10467064410195671,-0.14063396837667677,-0.01472024805260097,6.0,6.0,4.0,-0.20000000000001705,0
149.5,149.5,0.7692307692307693,0.6837910834263775,0.09964202578447731,0.8574663665429205,0.08543968580439176,7.0,6.0,5.0,-0.09999999999999432,0
149.5,149.5,0.7692307692307693,0.6837910834263775,0.09964202578447731,0.8574663665429205,0.08543968580439176,7.0,6.0,5.0,0.09999999999999432,0
149.5,149.5,0.7692307692307693,0.6837910834263775,0.09964202578447731,0.8574663665429205,0.08543968580439176,7.0,6.0,5.0,-0.20000000000001705,0
149.5,149.5,0.7692307692307693,0.6837910834263775,0.09964202578447731,0.8574663665429205,0.08543968580439176,7.0,6.0,5.0,0.09999999999999432,0
149.5,149.5,0.7692307692307693,0.6837910834263775,0.09964202578447731,0.8574663665429205,0.08543968580439176,7.0,6.0,5.0,0.0,0
150.5,150.5,0.8571428571428571,0.6860358946608947,0.12235797554136436,1.398412826993186,0.17110696248196244,8.0,6.0,6.0,0.09999999999999432,0
150.5,150.5,0.8571428571428571,0.6860358946608947,0.12235797554136436,1.398412826993186,0.17110696248196244,8.0,6.0,6.0,-0.20000000000001705,0
150.5,150.5,0.8571428571428571,0.6860358946608947,0.12235797554136436,1.398412826993186,0.17110696248196244,8.0,6.0,6.0,0.09999999999999432,0
150.5,150.5,0.8571428571428571,0.6860358946608947,0.12235797554136436,1.398412826993186,0.17110696248196244,8.0,6.0,6.0,0.0,0
150.5,150.5,0.8571428571428571,0.6860358946608947,0.12235797554136436,1.398412826993186,0.17110696248196244,8.0,6.0,6.0,0.0,0
150.5,150.5,0.8571428571428571,0.6860358946608947,0.12235797554136436,1.398412826993186,0.17110696248196244,8.0,6.0,6.0,0.0,0
151.5,151.5,0.9411764705882353,0.7910919900704731,0.11167419709615696,1.3439494925451045,0.15008448051776213,9.0,8.0,8.0,0.09999999999999432,0
151.5,151.5,0.9411764705882353,0.7910919900704731,0.11167419709615696,1.3439494925451045,0.15008448051776213,9.0,8.0,8.0,-0.20000000000001705,0
151.5,151.5,0.9411764705882353,0.7910919900704731,0.11167419709615696,1.3439494925451045,0.15008448051776213,9.0,8.0,8.0,0.09999999999999432,0
151.5,151.5,0.9411764705882353,0.7910919900704731,0.11167419709615696,1.3439494925451045,0.15008448051776213,9.0,8.0,8.0,0.0,0
151.5,151.5,0.9411764705882353,0.7910919900704731,0.11167419709615696,1.3439494925451045,0.15008448051776213,9.0,8.0,8.0,0.0,0
151.5,151.5,0.9411764705882353,0.7910919900704731,0.11167419709615696,1.3439494925451045,0.15008448051776213,9.0,8.0,8.0,0.0,0
151.5,151.5,0.9411764705882353,0.7910919900704731,0.11167419709615696,1.3439494925451045,0.15008448051776213,9.0,8.0,8.0,0.10000000000002274,0
151.5,151.5,0.9411764705882353,0.7910919900704731,0.11167419709615696,1.3439494925451045,0.15008448051776213,9.0,8.0,8.0,0.10000000000002274,0
152.5,152.5,0.9473684210526315,0.8220430750020534,0.11160873813136317,1.1228990502792937,0.1253253460505781,10.0,9.0,9.0,-0.20000000000001705,0
152.5,152.5,0.9473684210526315,0.8220430750020534,0.11160873813136317,1.1228990502792937,0.1253253460505781,10.0,9.0,9.0,0.09999999999999432,0
152.5,152.5,0.9473684210526315,0.8220430750020534,0.11160873813136317,1.1228990502792937,0.1253253460505781,10.0,9.0,9.0,0.0,0
152.5,152.5,0.9473684210526315,0.8220430750020534,0.11160873813136317,1.1228990502792937,0.1253253460505781,10.0,9.0,9.0,0.0,0
152.5,152.5,0.9473684210526315,0.8220430750020534,0.11160873813136317,1.1228990502792937,0.1253253460505781,10.0,9.0,9.0,0.0,0
152.5,152.5,0.9473684210526315,0.8220430750020534,0.11160873813136317,1.1228990502792937,0.1253253460505781,10.0,9.0,9.0,0.10000000000002274,0
152.5,152.5,0.9473684210526315,0.8220430750020534,0.11160873813136317,1.1228990502792937,0.1253253460505781,10.0,9.0,9.0,0.10000000000002274,0
152.5,152.5,0.9473684210526315,0.8220430750020534,0.11160873813136317,1.1228990502792937,0.1253253460505781,10.0,9.0,9.0,0.0,0
152.5,152.5,0.9473684210526315,0.8220430750020534,0.11160873813136317,1.1228990502792937,0.1253253460505781,10.0,9.0,9.0,-0.20000000000001705,0
153.5,153.5,0.9473684210526315,0.8046312225871823,0.11652466707492001,1.224952639201069,0.1427371984654492,10.0,9.0,9.0,0.09999999999999432,0
153.5,153.5,0.9473684210526315,0.8046312225871823,0.11652466707492001,1.224952639201069,0.1427371984654492,10.0,9.0,9.0,0.0,0
153.5,153.5,0.9473684210526315,0.8046312225871823,0.11652466707492001,1.224952639201069,0.1427371984654492,10.0,9.0,9.0,0.0,0
153.5,153.5,0.9473684210526315,0.8046312225871823,0.11652466707492001,1.224952639201069,0.1427371984654492,10.0,9.0,9.0,0.0,0
153.5,153.5,0.9473684210526315,0.8046312225871823,0.11652466707492001,1.224952639201069,0.1427371984654492,10.0,9.0,9.0,0.10000000000002274,0
153.5,153.5,0.9473684210526315,0.8046312225871823,0.11652466707492001,1.224952639201069,0.1427371984654492,10.0,9.0,9.0,0.10000000000002274,0
153.5,153.5,0.9473684210526315,0.8046312225871823,0.11652466707492001,1.224952639201069,0.1427371984654492,10.0,9.0,9.0,0.0,0
153.5,153.5,0.9473684210526315,0.8046312225871823,0.11652466707492001,1.224952639201069,0.1427371984654492,10.0,9.0,9.0,-0.20000000000001705,0
153.5,153.5,0.9473684210526315,0.8046312225871823,0.11652466707492001,1.224952639201069,0.1427371984654492,10.0,9.0,9.0,0.09999999999999432,0
154.5,154.5,0.9411764705882353,0.7746919089166767,0.11720737660603692,1.4204273356544315,0.16648456167155856,9.0,8.0,8.0,0.0,0
154.5,154.5,0.9411764705882353,0.7746919089166767,0.11720737660603692,1.4204273356544315,0.16648456167155856,9.0,8.0,8.0,0.0,0
154.5,154.5,0.9411764705882353,0.7746919089166767,0.11720737660603692,1.4204273356544315,0.16648456167155856,9.0,8.0,8.0,0.10000000000002274,0
154.5,154.5,0.9411764705882353,0.7746919089166767,0.11720737660603692,1.4204273356544315,0.16648456167155856,9.0,8.0,8.0,0.10000000000002274,0
154.5,154.5,0.9411764705882353,0.7746919089166767,0.11720737660603692,1.4204273356544315,0.16648456167155856,9.0,8.0,8.0,0.0,0
154.5,154.5,0.9411764705882353,0.7746919089166767,0.11720737660603692,1.4204273356544315,0.16648456167155856,9.0,8.0,8.0,-0.20000000000001705,0
154.5,154.5,0.9411764705882353,0.7746919089166767,0.11720737660603692,1.4204273356544315,0.16648456167155856,9.0,8.0,8.0,0.09999999999999432,0
154.5,154.5,0.9411764705882353,0.7746919089166767,0.11720737660603692,1.4204273356544315,0.16648456167155856,9.0,8.0,8.0,0.0,0
155.5,155.5,0.9333333333333333,0.7410516066492846,0.11274398402183634,1.705472166451094,0.19228172668404875,8.0,7.0,7.0,0.10000000000002274,1
155.5,155.5,0.9333333333333333,0.7410516066492846,0.11274398402183634,1.705472166451094,0.19228172668404875,8.0,7.0,7.0,0.10000000000002274,1
155.5,155.5,0.9333333333333333,0.7410516066492846,0.11274398402183634,1.705472166451094,0.19228172668404875,8.0,7.0,7.0,0.0,1
155.5,155.5,0.9333333333333333,0.7410516066492846,0.11274398402183634,1.705472166451094,0.19228172668404875,8.0,7.0,7.0,-0.20000000000001705,1
155.5,155.5,0.9333333333333333,0.7410516066492846,0.11274398402183634,1.705472166451094,0.19228172668404875,8.0,7.0,7.0,0.09999999999999432,1
155.5,155.5,0.9333333333333333,0.7410516066492846,0.11274398402183634,1.705472166451094,0.19228172668404875,8.0,7.0,7.0,0.0,1
155.5,155.5,0.9333333333333333,0.7410516066492846,0.11274398402183634,1.705472166451094,0.19228172668404875,8.0,7.0,7.0,0.10000000000002274,1
156.5,156.5,0.9230769230769231,0.6999695280209985,0.1032753079527269,2.1603169187164224,0.22310739505592458,7.0,6.0,6.0,0.0,1
156.5,156.5,0.9230769230769231,0.6999695280209985,0.1032753079527269,2.1603169187164224,0.22310739505592458,7.0,6.0,6.0,-0.20000000000001705,1
156.5,156.5,0.9230769230769231,0.6999695280209985,0.1032753079527269,2.1603169187164224,0.22310739505592458,7.0,6.0,6.0,0.09999999999999432,1
156.5,156.5,0.9230769230769231,0.6999695280209985,0.1032753079527269,2.1603169187164224,0.22310739505592458,7.0,6.0,6.0,0.0,1
156.5,156.5,0.9230769230769231,0.6999695280209985,0.1032753079527269,2.1603169187164224,0.22310739505592458,7.0,6.0,6.0,0.10000000000002274,1
156.5,156.5,0.9230769230769231,0.6999695280209985,0.1032753079527269,2.1603169187164224,0.22310739505592458,7.0,6.0,6.0,-0.09999999999999432,1
157.5,157.5,0.8888888888888888,0.5489400599400599,0.11346647557597625,2.99602880254443,0.33994882894882894,5.0,4.0,4.0,0.09999999999999432,1
157.5,157.5,0.8888888888888888,0.5489400599400599,0.11346647557597625,2.99602880254443,0.33994882894882894,5.0,4.0,4.0,0.0,1
157.5,157.5,0.8888888888888888,0.5489400599400599,0.11346647557597625,2.99602880254443,0.33994882894882894,5.0,4.0,4.0,0.10000000000002274,1
157.5,157.5,0.8888888888888888,0.5489400599400599,0.11346647557597625,2.99602880254443,0.33994882894882894,5.0,4.0,4.0,-0.09999999999999432,1
158.5,158.5,0.8888888888888888,0.5862808036734507,0.11267450971319583,2.6856836207737085,0.30260808521543814,4.0,5.0,4.0,0.0,1
158.5,158.5,0.8888888888888888,0.5862808036734507,0.11267450971319583,2.6856836207737085,0.30260808521543814,4.0,5.0,4.0,0.10000000000002274,1
158.5,158.5,0.8888888888888888,0.5862808036734507,0.11267450971319583,2.6856836207737085,0.30260808521543814,4.0,5.0,4.0,-0.09999999999999432,1
158.5,158.5,0.8888888888888888,0.5862808036734507,0.11267450971319583,2.6856836207737085,0.30260808521543814,4.0,5.0,4.0,0.09999999999999432,1
159.5,159.5,0.75,0.6242904175889469,0.11216951740995723,1.1207107359801651,0.12570958241105312,3.0,5.0,3.0,0.10000000000002274,1
159.5,159.5,0.75,0.6242904175889469,0.11216951740995723,1.1207107359801651,0.12570958241105312,3.0,5.0,3.0,-0.09999999999999432,1
159.5,159.5,0.75,0.6242904175889469,0.11216951740995723,1.1207107359801651,0.12570958241105312,3.0,5.0,3.0,0.09999999999999432,1
160.5,160.5,0.5714285714285714,0.6302500318309142,0.1052582199021037,-0.5588300890614549,-0.05882146040234282,2.0,5.0,2.0,-0.09999999999999432,0
160.5,160.5,0.5714285714285714,0.6302500318309142,0.1052582199021037,-0.5588300890614549,-0.05882146040234282,2.0,5.0,2.0,0.09999999999999432,0
161.5,161.5,0.5,0.6889747895894954,0.10599735956390324,-1.7828254436429343,-0.18897478958949543,2.0,6.0,2.0,0.09999999999999432,0
161.5,161.5,0.5,0.6889747895894954,0.10599735956390324,-1.7828254436429343,-0.18897478958949543,2.0,6.0,2.0,0.0,0
162.5,162.5,0.6,0.759219514506821,0.09553505992505851,-1.6666082025982831,-0.15921951450682104,3.0,7.0,3.0,0.09999999999999432,0
162.5,162.5,0.6,0.759219514506821,0.09553505992505851,-1.6666082025982831,-0.15921951450682104,3.0,7.0,3.0,0.0,0
162.5,162.5,0.6,0.759219514506821,0.09553505992505851,-1.6666082025982831,-0.15921951450682104,3.0,7.0,3.0,-0.20000000000001705,0
163.5,163.5,0.6153846153846154,0.7896391980998019,0.09296463904068532,-1.8744178917203687,-0.17425458271518646,5.0,8.0,4.0,0.0,0
163.5,163.5,0.6153846153846154,0.7896391980998019,0.09296463904068532,-1.8744178917203687,-0.17425458271518646,5.0,8.0,4.0,-0.20000000000001705,0
163.5,163.5,0.6153846153846154,0.7896391980998019,0.09296463904068532,-1.8744178917203687,-0.17425458271518646,5.0,8.0,4.0,0.0,0
163.5,163.5,0.6153846153846154,0.7896391980998019,0.09296463904068532,-1.8744178917203687,-0.17425458271518646,5.0,8.0,4.0,-0.19999999999998863,0
164.5,164.5,0.7142857142857143,0.7592855627602533,0.09918742807924479,-0.45368500167770054,-0.04499984847453897,7.0,7.0,5.0,0.0,0
164.5,164.5,0.7142857142857143,0.7592855627602533,0.09918742807924479,-0.45368500167770054,-0.04499984847453897,7.0,7.0,5.0,-0.20000000000001705,0
164.5,164.5,0.7142857142857143,0.7592855627602533,0.09918742807924479,-0.45368500167770054,-0.04499984847453897,7.0,7.0,5.0,0.0,0
164.5,164.5,0.7142857142857143,0.7592855627602533,0.09918742807924479,-0.45368500167770054,-0.04499984847453897,7.0,7.0,5.0,-0.19999999999998863,0
164.5,164.5,0.7142857142857143,0.7592855627602533,0.09918742807924479,-0.45368500167770054,-0.04499984847453897,7.0,7.0,5.0,-0.19999999999998863,0
165.5,165.5,0.8235294117647058,0.7953159426916393,0.09108123907577745,0.3097615860231502,0.028213469073066544,9.0,8.0,7.0,0.0,0
165.5,165.5,0.8235294117647058,0.7953159426916393,0.09108123907577745,0.3097615860231502,0.028213469073066544,9.0,8.0,7.0,-0.20000000000001705,0
165.5,165.5,0.8235294117647058,0.7953159426916393,0.09108123907577745,0.3097615860231502,0.028213469073066544,9.0,8.0,7.0,0.0,0
165.5,165.5,0.8235294117647058,0.7953159426916393,0.09108123907577745,0.3097615860231502,0.028213469073066544,9.0,8.0,7.0,-0.19999999999998863,0
165.5,165.5,0.8235294117647058,0.7953159426916393,0.09108123907577745,0.3097615860231502,0.028213469073066544,9.0,8.0,7.0,-0.19999999999998863,0
165.5,165.5,0.8235294117647058,0.7953159426916393,0.09108123907577745,0.3097615860231502,0.028213469073066544,9.0,8.0,7.0,0.09999999999999432,0
165.5,165.5,0.8235294117647058,0.7953159426916393,0.09108123907577745,0.3097615860231502,0.028213469073066544,9.0,8.0,7.0,0.0,0
166.5,166.5,0.8235294117647058,0.7668446855002583,0.08928264757229308,0.63489074087492,0.05668472626444754,10.0,7.0,7.0,-0.20000000000001705,0
166.5,166.5,0.8235294117647058,0.7668446855002583,0.08928264757229308,0.63489074087492,0.05668472626444754,10.0,7.0,7.0,0.0,0
166.5,166.5,0.8235294117647058,0.7668446855002583,0.08928264757229308,0.63489074087492,0.05668472626444754,10.0,7.0,7.0,-0.19999999999998863,0
166.5,166.5,0.8235294117647058,0.7668446855002583,0.08928264757229308,0.63489074087492,0.05668472626444754,10.0,7.0,7.0,-0.19999999999998863,0
166.5,166.5,0.8235294117647058,0.7668446855002583,0.08928264757229308,0.63489074087492,0.05668472626444754,10.0,7.0,7.0,0.09999999999999432,0
166.5,166.5,0.8235294117647058,0.7668446855002583,0.08928264757229308,0.63489074087492,0.05668472626444754,10.0,7.0,7.0,0.0,0
166.5,166.5,0.8235294117647058,0.7668446855002583,0.08928264757229308,0.63489074087492,0.05668472626444754,10.0,7.0,7.0,0.09999999999999432,0
167.5,167.5,0.8421052631578947,0.7822070162723415,0.09476546109690673,0.6320683315654588,0.05989824688555323,11.0,8.0,8.0,0.0,0
167.5,167.5,0.8421052631578947,0.7822070162723415,0.09476546109690673,0.6320683315654588,0.05989824688555323,11.0,8.0,8.0,-0.19999999999998863,0
167.5,167.5,0.8421052631578947,0.7822070162723415,0.09476546109690673,0.6320683315654588,0.05989824688555323,11.0,8.0,8.0,-0.19999999999998863,0
167.5,167.5,0.8421052631578947,0.7822070162723415,0.09476546109690673,0.6320683315654588,0.05989824688555323,11.0,8.0,8.0,0.09999999999999432,0
167.5,167.5,0.8421052631578947,0.7822070162723415,0.09476546109690673,0.6320683315654588,0.05989824688555323,11.0,8.0,8.0,0.0,0
167.5,167.5,0.8421052631578947,0.7822070162723415,0.09476546109690673,0.6320683315654588,0.05989824688555323,11.0,8.0,8.0,0.09999999999999432,0
167.5,167.5,0.8421052631578947,0.7822070162723415,0.09476546109690673,0.6320683315654588,0.05989824688555323,11.0,8.0,8.0,0.10000000000002274,0
167.5,167.5,0.8421052631578947,0.7822070162723415,0.09476546109690673,0.6320683315654588,0.05989824688555323,11.0,8.0,8.0,0.09999999999999432,0
168.5,168.5,0.8,0.7016399776693893,0.10091211995403569,0.9747097016236757,0.0983600223306107,9.0,6.0,6.0,-0.19999999999998863,0
168.5,168.5,0.8,0.7016399776693893,0.10091211995403569,0.9747097016236757,0.0983600223306107,9.0,6.0,6.0,0.09999999999999432,0
168.5,168.5,0.8,0.7016399776693893,0.10091211995403569,0.9747097016236757,0.0983600223306107,9.0,6.0,6.0,0.0,0
168.5,168.5,0.8,0.7016399776693893,0.10091211995403569,0.9747097016236757,0.0983600223306107,9.0,6.0,6.0,0.09999999999999432,0
168.5,168.5,0.8,0.7016399776693893,0.10091211995403569,0.9747097016236757,0.0983600223306107,9.0,6.0,6.0,0.10000000000002274,0
168.5,168.5,0.8,0.7016399776693893,0.10091211995403569,0.9747097016236757,0.0983600223306107,9.0,6.0,6.0,0.09999999999999432,0
169.5,169.5,0.8,0.7044518244827068,0.10231190192716386,0.9338911086347925,0.09554817551729322,9.0,6.0,6.0,0.09999999999999432,0
169.5,169.5,0.8,0.7044518244827068,0.10231190192716386,0.9338911086347925,0.09554817551729322,9.0,6.0,6.0,0.0,0
169.5,169.5,0.8,0.7044518244827068,0.10231190192716386,0.9338911086347925,0.09554817551729322,9.0,6.0,6.0,0.09999999999999432,0
169.5,169.5,0.8,0.7044518244827068,0.10231190192716386,0.9338911086347925,0.09554817551729322,9.0,6.0,6.0,0.10000000000002274,0
169.5,169.5,0.8,0.7044518244827068,0.10231190192716386,0.9338911086347925,0.09554817551729322,9.0,6.0,6.0,0.09999999999999432,0
169.5,169.5,0.8,0.7044518244827068,0.10231190192716386,0.9338911086347925,0.09554817551729322,9.0,6.0,6.0,-0.09999999999999432,0
170.5,170.5,0.7142857142857143,0.6272379218820394,0.10743538758801063,0.8102338936727499,0.08704779240367488,9.0,5.0,5.0,0.09999999999999432,0
170.5,170.5,0.7142857142857143,0.6272379218820394,0.10743538758801063,0.8102338936727499,0.08704779240367488,9.0,5.0,5.0,0.10000000000002274,0
170.5,170.5,0.7142857142857143,0.6272379218820394,0.10743538758801063,0.8102338936727499,0.08704779240367488,9.0,5.0,5.0,0.09999999999999432,0
170.5,170.5,0.7142857142857143,0.6272379218820394,0.10743538758801063,0.8102338936727499,0.08704779240367488,9.0,5.0,5.0,-0.09999999999999432,0
170.5,170.5,0.7142857142857143,0.6272379218820394,0.10743538758801063,0.8102338936727499,0.08704779240367488,9.0,5.0,5.0,0.19999999999998863,0
171.5,171.5,0.6666666666666666,0.6366854661678191,0.1026185789401391,0.2921615248281368,0.02998120049884756,7.0,5.0,4.0,0.10000000000002274,0
171.5,171.5,0.6666666666666666,0.6366854661678191,0.1026185789401391,0.2921615248281368,0.02998120049884756,7.0,5.0,4.0,0.09999999999999432,0
171.5,171.5,0.6666666666666666,0.6366854661678191,0.1026185789401391,0.2921615248281368,0.02998120049884756,7.0,5.0,4.0,-0.09999999999999432,0
171.5,171.5,0.6666666666666666,0.6366854661678191,0.1026185789401391,0.2921615248281368,0.02998120049884756,7.0,5.0,4.0,0.19999999999998863,0
172.5,172.5,0.36363636363636365,0.44764084249084246,0.1089745451635425,-0.7708633124222716,-0.08400447885447881,8.0,3.0,2.0,-0.09999999999999432,0
172.5,172.5,0.36363636363636365,0.44764084249084246,0.1089745451635425,-0.7708633124222716,-0.08400447885447881,8.0,3.0,2.0,0.19999999999998863,0
173.5,173.5,0.5,0.5566178821178821,0.10167157446833253,-0.5568703191029738,-0.0566178821178821,8.0,4.0,3.0,-0.09999999999999432,0
173.5,173.5,0.5,0.5566178821178821,0.10167157446833253,-0.5568703191029738,-0.0566178821178821,8.0,4.0,3.0,0.19999999999998863,0
173.5,173.5,0.5,0.5566178821178821,0.10167157446833253,-0.5568703191029738,-0.0566178821178821,8.0,4.0,3.0,0.20000000000001705,0
174.5,174.5,0.4,0.5620887001887002,0.1046280324955715,-1.549189985920463,-0.16208870018870014,6.0,4.0,2.0,0.19999999999998863,0
174.5,174.5,0.4,0.5620887001887002,0.1046280324955715,-1.549189985920463,-0.16208870018870014,6.0,4.0,2.0,0.20000000000001705,0
