t_center,t_center_abs,S,S_null_mean,S_null_sd,z_S_t,S_excess,nA,nB,nM,dt,episode
6.5,6.5,0.9473684210526315,0.8279365750348724,0.10116201422540959,1.1805997234460026,0.11943184601775914,9.0,10.0,9.0,0.0,0
6.5,6.5,0.9473684210526315,0.8279365750348724,0.10116201422540959,1.1805997234460026,0.11943184601775914,9.0,10.0,9.0,-0.40000000000000036,0
6.5,6.5,0.9473684210526315,0.8279365750348724,0.10116201422540959,1.1805997234460026,0.11943184601775914,9.0,10.0,9.0,-0.39999999999999947,0
6.5,6.5,0.9473684210526315,0.8279365750348724,0.10116201422540959,1.1805997234460026,0.11943184601775914,9.0,10.0,9.0,-0.2999999999999998,0
6.5,6.5,0.9473684210526315,0.8279365750348724,0.10116201422540959,1.1805997234460026,0.11943184601775914,9.0,10.0,9.0,0.0,0
6.5,6.5,0.9473684210526315,0.8279365750348724,0.10116201422540959,1.1805997234460026,0.11943184601775914,9.0,10.0,9.0,0.10000000000000053,0
6.5,6.5,0.9473684210526315,0.8279365750348724,0.10116201422540959,1.1805997234460026,0.11943184601775914,9.0,10.0,9.0,0.09999999999999964,0
6.5,6.5,0.9473684210526315,0.8279365750348724,0.10116201422540959,1.1805997234460026,0.11943184601775914,9.0,10.0,9.0,-0.1999999999999993,0
6.5,6.5,0.9473684210526315,0.8279365750348724,0.10116201422540959,1.1805997234460026,0.11943184601775914,9.0,10.0,9.0,0.0,0
7.5,7.5,0.8888888888888888,0.8100997392614268,0.105014754674934,0.7502674254808147,0.07878914962746209,8.0,10.0,8.0,0.20000000000000018,0
7.5,7.5,0.8888888888888888,0.8100997392614268,0.105014754674934,0.7502674254808147,0.07878914962746209,8.0,10.0,8.0,0.10000000000000053,0
7.5,7.5,0.8888888888888888,0.8100997392614268,0.105014754674934,0.7502674254808147,0.07878914962746209,8.0,10.0,8.0,0.0,0
7.5,7.5,0.8888888888888888,0.8100997392614268,0.105014754674934,0.7502674254808147,0.07878914962746209,8.0,10.0,8.0,0.10000000000000053,0
7.5,7.5,0.8888888888888888,0.8100997392614268,0.105014754674934,0.7502674254808147,0.07878914962746209,8.0,10.0,8.0,0.09999999999999964,0
7.5,7.5,0.8888888888888888,0.8100997392614268,0.105014754674934,0.7502674254808147,0.07878914962746209,8.0,10.0,8.0,-0.1999999999999993,0
7.5,7.5,0.8888888888888888,0.8100997392614268,0.105014754674934,0.7502674254808147,0.07878914962746209,8.0,10.0,8.0,0.0,0
7.5,7.5,0.8888888888888888,0.8100997392614268,0.105014754674934,0.7502674254808147,0.07878914962746209,8.0,10.0,8.0,0.0,0
8.5,8.5,0.8888888888888888,0.823004888730121,0.10234198621707678,0.6437631571759981,0.06588400015876783,8.0,10.0,8.0,0.0,0
8.5,8.5,0.8888888888888888,0.823004888730121,0.10234198621707678,0.6437631571759981,0.06588400015876783,8.0,10.0,8.0,0.10000000000000053,0
8.5,8.5,0.8888888888888888,0.823004888730121,0.10234198621707678,0.6437631571759981,0.06588400015876783,8.0,10.0,8.0,0.09999999999999964,0
8.5,8.5,0.8888888888888888,0.823004888730121,0.10234198621707678,0.6437631571759981,0.06588400015876783,8.0,10.0,8.0,-0.1999999999999993,0
8.5,8.5,0.8888888888888888,0.823004888730121,0.10234198621707678,0.6437631571759981,0.06588400015876783,8.0,10.0,8.0,0.0,0
8.5,8.5,0.8888888888888888,0.823004888730121,0.10234198621707678,0.6437631571759981,0.06588400015876783,8.0,10.0,8.0,0.0,0
8.5,8.5,0.8888888888888888,0.823004888730121,0.10234198621707678,0.6437631571759981,0.06588400015876783,8.0,10.0,8.0,-0.10000000000000142,0
8.5,8.5,0.8888888888888888,0.823004888730121,0.10234198621707678,0.6437631571759981,0.06588400015876783,8.0,10.0,8.0,-0.3000000000000007,0
9.5,9.5,0.8235294117647058,0.7814026801629743,0.10216932640764731,0.4123226909967997,0.042126731601731526,9.0,8.0,7.0,0.10000000000000053,0
9.5,9.5,0.8235294117647058,0.7814026801629743,0.10216932640764731,0.4123226909967997,0.042126731601731526,9.0,8.0,7.0,0.09999999999999964,0
9.5,9.5,0.8235294117647058,0.7814026801629743,0.10216932640764731,0.4123226909967997,0.042126731601731526,9.0,8.0,7.0,-0.1999999999999993,0
9.5,9.5,0.8235294117647058,0.7814026801629743,0.10216932640764731,0.4123226909967997,0.042126731601731526,9.0,8.0,7.0,0.0,0
9.5,9.5,0.8235294117647058,0.7814026801629743,0.10216932640764731,0.4123226909967997,0.042126731601731526,9.0,8.0,7.0,0.0,0
9.5,9.5,0.8235294117647058,0.7814026801629743,0.10216932640764731,0.4123226909967997,0.042126731601731526,9.0,8.0,7.0,-0.10000000000000142,0
9.5,9.5,0.8235294117647058,0.7814026801629743,0.10216932640764731,0.4123226909967997,0.042126731601731526,9.0,8.0,7.0,-0.3000000000000007,0
10.5,10.5,0.8235294117647058,0.8366187941143823,0.08762593870149651,-0.14937794155069,-0.013089382349676493,9.0,8.0,7.0,-0.1999999999999993,0
10.5,10.5,0.8235294117647058,0.8366187941143823,0.08762593870149651,-0.14937794155069,-0.013089382349676493,9.0,8.0,7.0,0.0,0
10.5,10.5,0.8235294117647058,0.8366187941143823,0.08762593870149651,-0.14937794155069,-0.013089382349676493,9.0,8.0,7.0,0.0,0
10.5,10.5,0.8235294117647058,0.8366187941143823,0.08762593870149651,-0.14937794155069,-0.013089382349676493,9.0,8.0,7.0,-0.10000000000000142,0
10.5,10.5,0.8235294117647058,0.8366187941143823,0.08762593870149651,-0.14937794155069,-0.013089382349676493,9.0,8.0,7.0,-0.3000000000000007,0
10.5,10.5,0.8235294117647058,0.8366187941143823,0.08762593870149651,-0.14937794155069,-0.013089382349676493,9.0,8.0,7.0,-0.9000000000000004,0
10.5,10.5,0.8235294117647058,0.8366187941143823,0.08762593870149651,-0.14937794155069,-0.013089382349676493,9.0,8.0,7.0,-1.0,0
11.5,11.5,0.9411764705882353,0.8835306361938716,0.08951242739560208,0.643998113687574,0.05764583439436366,9.0,8.0,8.0,0.0,0
11.5,11.5,0.9411764705882353,0.8835306361938716,0.08951242739560208,0.643998113687574,0.05764583439436366,9.0,8.0,8.0,0.0,0
11.5,11.5,0.9411764705882353,0.8835306361938716,0.08951242739560208,0.643998113687574,0.05764583439436366,9.0,8.0,8.0,-0.10000000000000142,0
11.5,11.5,0.9411764705882353,0.8835306361938716,0.08951242739560208,0.643998113687574,0.05764583439436366,9.0,8.0,8.0,-0.3000000000000007,0
11.5,11.5,0.9411764705882353,0.8835306361938716,0.08951242739560208,0.643998113687574,0.05764583439436366,9.0,8.0,8.0,-0.9000000000000004,0
11.5,11.5,0.9411764705882353,0.8835306361938716,0.08951242739560208,0.643998113687574,0.05764583439436366,9.0,8.0,8.0,-1.0,0
11.5,11.5,0.9411764705882353,0.8835306361938716,0.08951242739560208,0.643998113687574,0.05764583439436366,9.0,8.0,8.0,-1.0,0
11.5,11.5,0.9411764705882353,0.8835306361938716,0.08951242739560208,0.643998113687574,0.05764583439436366,9.0,8.0,8.0,-0.9000000000000004,0
12.5,12.5,0.9411764705882353,0.909963289977996,0.09032092461001871,0.34558083572560083,0.031213180610239255,9.0,8.0,8.0,-0.10000000000000142,0
12.5,12.5,0.9411764705882353,0.909963289977996,0.09032092461001871,0.34558083572560083,0.031213180610239255,9.0,8.0,8.0,-0.3000000000000007,0
12.5,12.5,0.9411764705882353,0.909963289977996,0.09032092461001871,0.34558083572560083,0.031213180610239255,9.0,8.0,8.0,-0.9000000000000004,0
12.5,12.5,0.9411764705882353,0.909963289977996,0.09032092461001871,0.34558083572560083,0.031213180610239255,9.0,8.0,8.0,-1.0,0
12.5,12.5,0.9411764705882353,0.909963289977996,0.09032092461001871,0.34558083572560083,0.031213180610239255,9.0,8.0,8.0,-1.0,0
12.5,12.5,0.9411764705882353,0.909963289977996,0.09032092461001871,0.34558083572560083,0.031213180610239255,9.0,8.0,8.0,-0.9000000000000004,0
12.5,12.5,0.9411764705882353,0.909963289977996,0.09032092461001871,0.34558083572560083,0.031213180610239255,9.0,8.0,8.0,-0.7000000000000011,0
12.5,12.5,0.9411764705882353,0.909963289977996,0.09032092461001871,0.34558083572560083,0.031213180610239255,9.0,8.0,8.0,-0.7000000000000011,0
13.5,13.5,1.0,0.874460319444917,0.10271670130124869,1.22219345992137,0.12553968055508302,9.0,9.0,9.0,0.1999999999999993,0
13.5,13.5,1.0,0.874460319444917,0.10271670130124869,1.22219345992137,0.12553968055508302,9.0,9.0,9.0,-0.29999999999999893,0
13.5,13.5,1.0,0.874460319444917,0.10271670130124869,1.22219345992137,0.12553968055508302,9.0,9.0,9.0,-0.5,0
13.5,13.5,1.0,0.874460319444917,0.10271670130124869,1.22219345992137,0.12553968055508302,9.0,9.0,9.0,-0.40000000000000036,0
13.5,13.5,1.0,0.874460319444917,0.10271670130124869,1.22219345992137,0.12553968055508302,9.0,9.0,9.0,-0.20000000000000107,0
13.5,13.5,1.0,0.874460319444917,0.10271670130124869,1.22219345992137,0.12553968055508302,9.0,9.0,9.0,-0.20000000000000107,0
13.5,13.5,1.0,0.874460319444917,0.10271670130124869,1.22219345992137,0.12553968055508302,9.0,9.0,9.0,-0.10000000000000142,0
13.5,13.5,1.0,0.874460319444917,0.10271670130124869,1.22219345992137,0.12553968055508302,9.0,9.0,9.0,0.0,0
13.5,13.5,1.0,0.874460319444917,0.10271670130124869,1.22219345992137,0.12553968055508302,9.0,9.0,9.0,0.20000000000000107,0
14.5,14.5,0.8888888888888888,0.8241299371165471,0.09785698787767824,0.6617713581506385,0.0647589517723417,8.0,10.0,8.0,0.20000000000000107,0
14.5,14.5,0.8888888888888888,0.8241299371165471,0.09785698787767824,0.6617713581506385,0.0647589517723417,8.0,10.0,8.0,0.09999999999999964,0
14.5,14.5,0.8888888888888888,0.8241299371165471,0.09785698787767824,0.6617713581506385,0.0647589517723417,8.0,10.0,8.0,-0.20000000000000107,0
14.5,14.5,0.8888888888888888,0.8241299371165471,0.09785698787767824,0.6617713581506385,0.0647589517723417,8.0,10.0,8.0,-0.20000000000000107,0
14.5,14.5,0.8888888888888888,0.8241299371165471,0.09785698787767824,0.6617713581506385,0.0647589517723417,8.0,10.0,8.0,-0.10000000000000142,0
14.5,14.5,0.8888888888888888,0.8241299371165471,0.09785698787767824,0.6617713581506385,0.0647589517723417,8.0,10.0,8.0,0.0,0
14.5,14.5,0.8888888888888888,0.8241299371165471,0.09785698787767824,0.6617713581506385,0.0647589517723417,8.0,10.0,8.0,0.20000000000000107,0
14.5,14.5,0.8888888888888888,0.8241299371165471,0.09785698787767824,0.6617713581506385,0.0647589517723417,8.0,10.0,8.0,0.1999999999999993,0
15.5,15.5,0.8235294117647058,0.8289310916809369,0.09756206000760302,-0.055366603737253293,-0.005401679916231084,7.0,10.0,7.0,-0.20000000000000107,0
15.5,15.5,0.8235294117647058,0.8289310916809369,0.09756206000760302,-0.055366603737253293,-0.005401679916231084,7.0,10.0,7.0,-0.20000000000000107,0
15.5,15.5,0.8235294117647058,0.8289310916809369,0.09756206000760302,-0.055366603737253293,-0.005401679916231084,7.0,10.0,7.0,-0.10000000000000142,0
15.5,15.5,0.8235294117647058,0.8289310916809369,0.09756206000760302,-0.055366603737253293,-0.005401679916231084,7.0,10.0,7.0,0.0,0
15.5,15.5,0.8235294117647058,0.8289310916809369,0.09756206000760302,-0.055366603737253293,-0.005401679916231084,7.0,10.0,7.0,0.20000000000000107,0
15.5,15.5,0.8235294117647058,0.8289310916809369,0.09756206000760302,-0.055366603737253293,-0.005401679916231084,7.0,10.0,7.0,0.1999999999999993,0
15.5,15.5,0.8235294117647058,0.8289310916809369,0.09756206000760302,-0.055366603737253293,-0.005401679916231084,7.0,10.0,7.0,0.1999999999999993,0
16.5,16.5,0.9411764705882353,0.8412588911948045,0.09472775314381282,1.0547867554901145,0.09991757939343082,8.0,9.0,8.0,-0.20000000000000107,0
16.5,16.5,0.9411764705882353,0.8412588911948045,0.09472775314381282,1.0547867554901145,0.09991757939343082,8.0,9.0,8.0,-0.10000000000000142,0
16.5,16.5,0.9411764705882353,0.8412588911948045,0.09472775314381282,1.0547867554901145,0.09991757939343082,8.0,9.0,8.0,0.0,0
16.5,16.5,0.9411764705882353,0.8412588911948045,0.09472775314381282,1.0547867554901145,0.09991757939343082,8.0,9.0,8.0,0.20000000000000107,0
16.5,16.5,0.9411764705882353,0.8412588911948045,0.09472775314381282,1.0547867554901145,0.09991757939343082,8.0,9.0,8.0,0.1999999999999993,0
16.5,16.5,0.9411764705882353,0.8412588911948045,0.09472775314381282,1.0547867554901145,0.09991757939343082,8.0,9.0,8.0,0.1999999999999993,0
16.5,16.5,0.9411764705882353,0.8412588911948045,0.09472775314381282,1.0547867554901145,0.09991757939343082,8.0,9.0,8.0,0.3000000000000007,0
16.5,16.5,0.9411764705882353,0.8412588911948045,0.09472775314381282,1.0547867554901145,0.09991757939343082,8.0,9.0,8.0,-0.1999999999999993,0
17.5,17.5,0.875,0.8455671733495264,0.0903115861493635,0.32590310839846853,0.029432826650473642,8.0,8.0,7.0,0.0,0
17.5,17.5,0.875,0.8455671733495264,0.0903115861493635,0.32590310839846853,0.029432826650473642,8.0,8.0,7.0,0.20000000000000107,0
17.5,17.5,0.875,0.8455671733495264,0.0903115861493635,0.32590310839846853,0.029432826650473642,8.0,8.0,7.0,0.1999999999999993,0
17.5,17.5,0.875,0.8455671733495264,0.0903115861493635,0.32590310839846853,0.029432826650473642,8.0,8.0,7.0,0.1999999999999993,0
17.5,17.5,0.875,0.8455671733495264,0.0903115861493635,0.32590310839846853,0.029432826650473642,8.0,8.0,7.0,0.3000000000000007,0
17.5,17.5,0.875,0.8455671733495264,0.0903115861493635,0.32590310839846853,0.029432826650473642,8.0,8.0,7.0,-0.1999999999999993,0
17.5,17.5,0.875,0.8455671733495264,0.0903115861493635,0.32590310839846853,0.029432826650473642,8.0,8.0,7.0,-0.3999999999999986,0
18.5,18.5,0.875,0.8864765107441579,0.08749867659741656,-0.131162106564898,-0.011476510744157897,8.0,8.0,7.0,0.1999999999999993,0
18.5,18.5,0.875,0.8864765107441579,0.08749867659741656,-0.131162106564898,-0.011476510744157897,8.0,8.0,7.0,0.1999999999999993,0
18.5,18.5,0.875,0.8864765107441579,0.08749867659741656,-0.131162106564898,-0.011476510744157897,8.0,8.0,7.0,0.3000000000000007,0
18.5,18.5,0.875,0.8864765107441579,0.08749867659741656,-0.131162106564898,-0.011476510744157897,8.0,8.0,7.0,-0.1999999999999993,0
18.5,18.5,0.875,0.8864765107441579,0.08749867659741656,-0.131162106564898,-0.011476510744157897,8.0,8.0,7.0,-0.3999999999999986,0
18.5,18.5,0.875,0.8864765107441579,0.08749867659741656,-0.131162106564898,-0.011476510744157897,8.0,8.0,7.0,-0.20000000000000284,0
18.5,18.5,0.875,0.8864765107441579,0.08749867659741656,-0.131162106564898,-0.011476510744157897,8.0,8.0,7.0,-0.3000000000000007,0
19.5,19.5,1.0,0.8759030029825695,0.10024084363470674,1.2379883540252243,0.12409699701743049,9.0,9.0,9.0,0.1999999999999993,0
19.5,19.5,1.0,0.8759030029825695,0.10024084363470674,1.2379883540252243,0.12409699701743049,9.0,9.0,9.0,0.3000000000000007,0
19.5,19.5,1.0,0.8759030029825695,0.10024084363470674,1.2379883540252243,0.12409699701743049,9.0,9.0,9.0,-0.1999999999999993,0
19.5,19.5,1.0,0.8759030029825695,0.10024084363470674,1.2379883540252243,0.12409699701743049,9.0,9.0,9.0,-0.3999999999999986,0
19.5,19.5,1.0,0.8759030029825695,0.10024084363470674,1.2379883540252243,0.12409699701743049,9.0,9.0,9.0,-0.20000000000000284,0
19.5,19.5,1.0,0.8759030029825695,0.10024084363470674,1.2379883540252243,0.12409699701743049,9.0,9.0,9.0,-0.3000000000000007,0
19.5,19.5,1.0,0.8759030029825695,0.10024084363470674,1.2379883540252243,0.12409699701743049,9.0,9.0,9.0,-0.20000000000000284,0
19.5,19.5,1.0,0.8759030029825695,0.10024084363470674,1.2379883540252243,0.12409699701743049,9.0,9.0,9.0,-0.1999999999999993,0
19.5,19.5,1.0,0.8759030029825695,0.10024084363470674,1.2379883540252243,0.12409699701743049,9.0,9.0,9.0,0.0,0
20.5,20.5,0.9411764705882353,0.862869632886893,0.10186818272217384,0.7687075160151756,0.07830683770134228,8.0,9.0,8.0,-0.7999999999999972,0
20.5,20.5,0.9411764705882353,0.862869632886893,0.10186818272217384,0.7687075160151756,0.07830683770134228,8.0,9.0,8.0,-1.0,0
20.5,20.5,0.9411764705882353,0.862869632886893,0.10186818272217384,0.7687075160151756,0.07830683770134228,8.0,9.0,8.0,-0.8000000000000007,0
20.5,20.5,0.9411764705882353,0.862869632886893,0.10186818272217384,0.7687075160151756,0.07830683770134228,8.0,9.0,8.0,-0.8000000000000007,0
20.5,20.5,0.9411764705882353,0.862869632886893,0.10186818272217384,0.7687075160151756,0.07830683770134228,8.0,9.0,8.0,-0.7000000000000028,0
20.5,20.5,0.9411764705882353,0.862869632886893,0.10186818272217384,0.7687075160151756,0.07830683770134228,8.0,9.0,8.0,-0.6000000000000014,0
20.5,20.5,0.9411764705882353,0.862869632886893,0.10186818272217384,0.7687075160151756,0.07830683770134228,8.0,9.0,8.0,-0.5999999999999979,0
20.5,20.5,0.9411764705882353,0.862869632886893,0.10186818272217384,0.7687075160151756,0.07830683770134228,8.0,9.0,8.0,-0.40000000000000213,0
21.5,21.5,0.8888888888888888,0.8231303362100576,0.10487360080764883,0.6270267462203435,0.06575855267883124,8.0,10.0,8.0,-0.3999999999999986,0
21.5,21.5,0.8888888888888888,0.8231303362100576,0.10487360080764883,0.6270267462203435,0.06575855267883124,8.0,10.0,8.0,-0.20000000000000284,0
21.5,21.5,0.8888888888888888,0.8231303362100576,0.10487360080764883,0.6270267462203435,0.06575855267883124,8.0,10.0,8.0,-0.3000000000000007,0
21.5,21.5,0.8888888888888888,0.8231303362100576,0.10487360080764883,0.6270267462203435,0.06575855267883124,8.0,10.0,8.0,-0.20000000000000284,0
21.5,21.5,0.8888888888888888,0.8231303362100576,0.10487360080764883,0.6270267462203435,0.06575855267883124,8.0,10.0,8.0,-0.1999999999999993,0
21.5,21.5,0.8888888888888888,0.8231303362100576,0.10487360080764883,0.6270267462203435,0.06575855267883124,8.0,10.0,8.0,0.0,0
21.5,21.5,0.8888888888888888,0.8231303362100576,0.10487360080764883,0.6270267462203435,0.06575855267883124,8.0,10.0,8.0,0.20000000000000284,0
21.5,21.5,0.8888888888888888,0.8231303362100576,0.10487360080764883,0.6270267462203435,0.06575855267883124,8.0,10.0,8.0,-0.1999999999999993,0
22.5,22.5,0.8421052631578947,0.7787923952036956,0.1022861418178311,0.6189779654311103,0.0633128679541991,8.0,11.0,8.0,-0.3000000000000007,0
22.5,22.5,0.8421052631578947,0.7787923952036956,0.1022861418178311,0.6189779654311103,0.0633128679541991,8.0,11.0,8.0,-0.20000000000000284,0
22.5,22.5,0.8421052631578947,0.7787923952036956,0.1022861418178311,0.6189779654311103,0.0633128679541991,8.0,11.0,8.0,-0.1999999999999993,0
22.5,22.5,0.8421052631578947,0.7787923952036956,0.1022861418178311,0.6189779654311103,0.0633128679541991,8.0,11.0,8.0,0.0,0
22.5,22.5,0.8421052631578947,0.7787923952036956,0.1022861418178311,0.6189779654311103,0.0633128679541991,8.0,11.0,8.0,0.20000000000000284,0
22.5,22.5,0.8421052631578947,0.7787923952036956,0.1022861418178311,0.6189779654311103,0.0633128679541991,8.0,11.0,8.0,-0.1999999999999993,0
22.5,22.5,0.8421052631578947,0.7787923952036956,0.1022861418178311,0.6189779654311103,0.0633128679541991,8.0,11.0,8.0,-0.3000000000000007,0
22.5,22.5,0.8421052631578947,0.7787923952036956,0.1022861418178311,0.6189779654311103,0.0633128679541991,8.0,11.0,8.0,0.0,0
23.5,23.5,0.7777777777777778,0.7804798147329107,0.0998022873562883,-0.02707389807096127,-0.002702036955132936,7.0,11.0,7.0,-0.1999999999999993,0
23.5,23.5,0.7777777777777778,0.7804798147329107,0.0998022873562883,-0.02707389807096127,-0.002702036955132936,7.0,11.0,7.0,0.0,0
23.5,23.5,0.7777777777777778,0.7804798147329107,0.0998022873562883,-0.02707389807096127,-0.002702036955132936,7.0,11.0,7.0,0.20000000000000284,0
23.5,23.5,0.7777777777777778,0.7804798147329107,0.0998022873562883,-0.02707389807096127,-0.002702036955132936,7.0,11.0,7.0,-0.1999999999999993,0
23.5,23.5,0.7777777777777778,0.7804798147329107,0.0998022873562883,-0.02707389807096127,-0.002702036955132936,7.0,11.0,7.0,-0.3000000000000007,0
23.5,23.5,0.7777777777777778,0.7804798147329107,0.0998022873562883,-0.02707389807096127,-0.002702036955132936,7.0,11.0,7.0,0.0,0
23.5,23.5,0.7777777777777778,0.7804798147329107,0.0998022873562883,-0.02707389807096127,-0.002702036955132936,7.0,11.0,7.0,0.10000000000000142,0
24.5,24.5,0.75,0.8204214086309289,0.10477809400032398,-0.6721004929781524,-0.07042140863092894,6.0,10.0,6.0,0.20000000000000284,0
24.5,24.5,0.75,0.8204214086309289,0.10477809400032398,-0.6721004929781524,-0.07042140863092894,6.0,10.0,6.0,-0.1999999999999993,0
24.5,24.5,0.75,0.8204214086309289,0.10477809400032398,-0.6721004929781524,-0.07042140863092894,6.0,10.0,6.0,-0.3000000000000007,0
24.5,24.5,0.75,0.8204214086309289,0.10477809400032398,-0.6721004929781524,-0.07042140863092894,6.0,10.0,6.0,0.0,0
24.5,24.5,0.75,0.8204214086309289,0.10477809400032398,-0.6721004929781524,-0.07042140863092894,6.0,10.0,6.0,0.10000000000000142,0
24.5,24.5,0.75,0.8204214086309289,0.10477809400032398,-0.6721004929781524,-0.07042140863092894,6.0,10.0,6.0,-0.1999999999999993,0
25.5,25.5,0.8235294117647058,0.8206268419918575,0.09853165187805724,0.02945824735020709,0.002902569772848307,8.0,9.0,7.0,-0.29999999999999716,0
25.5,25.5,0.8235294117647058,0.8206268419918575,0.09853165187805724,0.02945824735020709,0.002902569772848307,8.0,9.0,7.0,-0.1999999999999993,0
25.5,25.5,0.8235294117647058,0.8206268419918575,0.09853165187805724,0.02945824735020709,0.002902569772848307,8.0,9.0,7.0,-0.3000000000000007,0
25.5,25.5,0.8235294117647058,0.8206268419918575,0.09853165187805724,0.02945824735020709,0.002902569772848307,8.0,9.0,7.0,0.0,0
25.5,25.5,0.8235294117647058,0.8206268419918575,0.09853165187805724,0.02945824735020709,0.002902569772848307,8.0,9.0,7.0,0.10000000000000142,0
25.5,25.5,0.8235294117647058,0.8206268419918575,0.09853165187805724,0.02945824735020709,0.002902569772848307,8.0,9.0,7.0,-0.1999999999999993,0
25.5,25.5,0.8235294117647058,0.8206268419918575,0.09853165187805724,0.02945824735020709,0.002902569772848307,8.0,9.0,7.0,-0.3999999999999986,0
26.5,26.5,0.875,0.8521538060838371,0.09940764435104373,0.22982331052413743,0.022846193916162938,7.0,9.0,7.0,-0.3000000000000007,0
26.5,26.5,0.875,0.8521538060838371,0.09940764435104373,0.22982331052413743,0.022846193916162938,7.0,9.0,7.0,0.0,0
26.5,26.5,0.875,0.8521538060838371,0.09940764435104373,0.22982331052413743,0.022846193916162938,7.0,9.0,7.0,0.10000000000000142,0
26.5,26.5,0.875,0.8521538060838371,0.09940764435104373,0.22982331052413743,0.022846193916162938,7.0,9.0,7.0,-0.1999999999999993,0
26.5,26.5,0.875,0.8521538060838371,0.09940764435104373,0.22982331052413743,0.022846193916162938,7.0,9.0,7.0,-0.3999999999999986,0
26.5,26.5,0.875,0.8521538060838371,0.09940764435104373,0.22982331052413743,0.022846193916162938,7.0,9.0,7.0,-0.3000000000000007,0
26.5,26.5,0.875,0.8521538060838371,0.09940764435104373,0.22982331052413743,0.022846193916162938,7.0,9.0,7.0,-0.3000000000000007,0
27.5,27.5,0.8888888888888888,0.818551399898691,0.09949407164886,0.7069515582640626,0.07033748899019787,8.0,10.0,8.0,0.0,0
27.5,27.5,0.8888888888888888,0.818551399898691,0.09949407164886,0.7069515582640626,0.07033748899019787,8.0,10.0,8.0,0.10000000000000142,0
27.5,27.5,0.8888888888888888,0.818551399898691,0.09949407164886,0.7069515582640626,0.07033748899019787,8.0,10.0,8.0,-0.1999999999999993,0
27.5,27.5,0.8888888888888888,0.818551399898691,0.09949407164886,0.7069515582640626,0.07033748899019787,8.0,10.0,8.0,-0.3999999999999986,0
27.5,27.5,0.8888888888888888,0.818551399898691,0.09949407164886,0.7069515582640626,0.07033748899019787,8.0,10.0,8.0,-0.3000000000000007,0
27.5,27.5,0.8888888888888888,0.818551399898691,0.09949407164886,0.7069515582640626,0.07033748899019787,8.0,10.0,8.0,-0.3000000000000007,0
27.5,27.5,0.8888888888888888,0.818551399898691,0.09949407164886,0.7069515582640626,0.07033748899019787,8.0,10.0,8.0,0.10000000000000142,0
27.5,27.5,0.8888888888888888,0.818551399898691,0.09949407164886,0.7069515582640626,0.07033748899019787,8.0,10.0,8.0,0.10000000000000142,0
28.5,28.5,0.875,0.8729388562847541,0.10219309701530083,0.02016910902443148,0.0020611437152459056,7.0,9.0,7.0,-0.1999999999999993,0
28.5,28.5,0.875,0.8729388562847541,0.10219309701530083,0.02016910902443148,0.0020611437152459056,7.0,9.0,7.0,-0.3999999999999986,0
28.5,28.5,0.875,0.8729388562847541,0.10219309701530083,0.02016910902443148,0.0020611437152459056,7.0,9.0,7.0,-0.3000000000000007,0
28.5,28.5,0.875,0.8729388562847541,0.10219309701530083,0.02016910902443148,0.0020611437152459056,7.0,9.0,7.0,-0.3000000000000007,0
28.5,28.5,0.875,0.8729388562847541,0.10219309701530083,0.02016910902443148,0.0020611437152459056,7.0,9.0,7.0,0.10000000000000142,0
28.5,28.5,0.875,0.8729388562847541,0.10219309701530083,0.02016910902443148,0.0020611437152459056,7.0,9.0,7.0,0.10000000000000142,0
28.5,28.5,0.875,0.8729388562847541,0.10219309701530083,0.02016910902443148,0.0020611437152459056,7.0,9.0,7.0,-0.1999999999999993,0
29.5,29.5,0.9411764705882353,0.862016172595894,0.10779189227672603,0.7343808177067619,0.07916029799234126,8.0,9.0,8.0,-0.3999999999999986,0
29.5,29.5,0.9411764705882353,0.862016172595894,0.10779189227672603,0.7343808177067619,0.07916029799234126,8.0,9.0,8.0,-0.3000000000000007,0
29.5,29.5,0.9411764705882353,0.862016172595894,0.10779189227672603,0.7343808177067619,0.07916029799234126,8.0,9.0,8.0,-0.3000000000000007,0
29.5,29.5,0.9411764705882353,0.862016172595894,0.10779189227672603,0.7343808177067619,0.07916029799234126,8.0,9.0,8.0,0.10000000000000142,0
29.5,29.5,0.9411764705882353,0.862016172595894,0.10779189227672603,0.7343808177067619,0.07916029799234126,8.0,9.0,8.0,0.10000000000000142,0
29.5,29.5,0.9411764705882353,0.862016172595894,0.10779189227672603,0.7343808177067619,0.07916029799234126,8.0,9.0,8.0,-0.1999999999999993,0
29.5,29.5,0.9411764705882353,0.862016172595894,0.10779189227672603,0.7343808177067619,0.07916029799234126,8.0,9.0,8.0,0.0,0
29.5,29.5,0.9411764705882353,0.862016172595894,0.10779189227672603,0.7343808177067619,0.07916029799234126,8.0,9.0,8.0,0.29999999999999716,0
30.5,30.5,0.7777777777777778,0.8164600073902707,0.1042126088753743,-0.3711856946096818,-0.0386822296124929,8.0,10.0,7.0,0.1999999999999993,0
30.5,30.5,0.7777777777777778,0.8164600073902707,0.1042126088753743,-0.3711856946096818,-0.0386822296124929,8.0,10.0,7.0,0.10000000000000142,0
30.5,30.5,0.7777777777777778,0.8164600073902707,0.1042126088753743,-0.3711856946096818,-0.0386822296124929,8.0,10.0,7.0,0.10000000000000142,0
30.5,30.5,0.7777777777777778,0.8164600073902707,0.1042126088753743,-0.3711856946096818,-0.0386822296124929,8.0,10.0,7.0,-0.1999999999999993,0
30.5,30.5,0.7777777777777778,0.8164600073902707,0.1042126088753743,-0.3711856946096818,-0.0386822296124929,8.0,10.0,7.0,0.0,0
30.5,30.5,0.7777777777777778,0.8164600073902707,0.1042126088753743,-0.3711856946096818,-0.0386822296124929,8.0,10.0,7.0,-0.20000000000000284,0
30.5,30.5,0.7777777777777778,0.8164600073902707,0.1042126088753743,-0.3711856946096818,-0.0386822296124929,8.0,10.0,7.0,-0.30000000000000426,0
31.5,31.5,0.8421052631578947,0.8256915668696629,0.10034696082937676,0.16356944099324042,0.01641369628823175,9.0,10.0,8.0,0.10000000000000142,0
31.5,31.5,0.8421052631578947,0.8256915668696629,0.10034696082937676,0.16356944099324042,0.01641369628823175,9.0,10.0,8.0,0.10000000000000142,0
31.5,31.5,0.8421052631578947,0.8256915668696629,0.10034696082937676,0.16356944099324042,0.01641369628823175,9.0,10.0,8.0,-0.1999999999999993,0
31.5,31.5,0.8421052631578947,0.8256915668696629,0.10034696082937676,0.16356944099324042,0.01641369628823175,9.0,10.0,8.0,0.0,0
31.5,31.5,0.8421052631578947,0.8256915668696629,0.10034696082937676,0.16356944099324042,0.01641369628823175,9.0,10.0,8.0,-0.20000000000000284,0
31.5,31.5,0.8421052631578947,0.8256915668696629,0.10034696082937676,0.16356944099324042,0.01641369628823175,9.0,10.0,8.0,-0.30000000000000426,0
31.5,31.5,0.8421052631578947,0.8256915668696629,0.10034696082937676,0.16356944099324042,0.01641369628823175,9.0,10.0,8.0,-0.30000000000000426,0
31.5,31.5,0.8421052631578947,0.8256915668696629,0.10034696082937676,0.16356944099324042,0.01641369628823175,9.0,10.0,8.0,-0.3999999999999986,0
32.5,32.5,0.9473684210526315,0.825165703190858,0.10139434968546693,1.2052221671213015,0.1222027178617735,9.0,10.0,9.0,-0.3000000000000007,0
32.5,32.5,0.9473684210526315,0.825165703190858,0.10139434968546693,1.2052221671213015,0.1222027178617735,9.0,10.0,9.0,-0.1999999999999993,0
32.5,32.5,0.9473684210526315,0.825165703190858,0.10139434968546693,1.2052221671213015,0.1222027178617735,9.0,10.0,9.0,0.0,0
32.5,32.5,0.9473684210526315,0.825165703190858,0.10139434968546693,1.2052221671213015,0.1222027178617735,9.0,10.0,9.0,-0.20000000000000284,0
32.5,32.5,0.9473684210526315,0.825165703190858,0.10139434968546693,1.2052221671213015,0.1222027178617735,9.0,10.0,9.0,-0.30000000000000426,0
32.5,32.5,0.9473684210526315,0.825165703190858,0.10139434968546693,1.2052221671213015,0.1222027178617735,9.0,10.0,9.0,-0.30000000000000426,0
32.5,32.5,0.9473684210526315,0.825165703190858,0.10139434968546693,1.2052221671213015,0.1222027178617735,9.0,10.0,9.0,-0.3999999999999986,0
32.5,32.5,0.9473684210526315,0.825165703190858,0.10139434968546693,1.2052221671213015,0.1222027178617735,9.0,10.0,9.0,-0.29999999999999716,0
32.5,32.5,0.9473684210526315,0.825165703190858,0.10139434968546693,1.2052221671213015,0.1222027178617735,9.0,10.0,9.0,0.0,0
33.5,33.5,0.8235294117647058,0.7723173310349781,0.10277020556149011,0.4983164181673859,0.051212080729727716,9.0,8.0,7.0,0.0,0
33.5,33.5,0.8235294117647058,0.7723173310349781,0.10277020556149011,0.4983164181673859,0.051212080729727716,9.0,8.0,7.0,-0.20000000000000284,0
33.5,33.5,0.8235294117647058,0.7723173310349781,0.10277020556149011,0.4983164181673859,0.051212080729727716,9.0,8.0,7.0,-0.30000000000000426,0
33.5,33.5,0.8235294117647058,0.7723173310349781,0.10277020556149011,0.4983164181673859,0.051212080729727716,9.0,8.0,7.0,-0.30000000000000426,0
33.5,33.5,0.8235294117647058,0.7723173310349781,0.10277020556149011,0.4983164181673859,0.051212080729727716,9.0,8.0,7.0,-0.3999999999999986,0
33.5,33.5,0.8235294117647058,0.7723173310349781,0.10277020556149011,0.4983164181673859,0.051212080729727716,9.0,8.0,7.0,-0.29999999999999716,0
33.5,33.5,0.8235294117647058,0.7723173310349781,0.10277020556149011,0.4983164181673859,0.051212080729727716,9.0,8.0,7.0,0.0,0
34.5,34.5,0.8888888888888888,0.8574147566313975,0.09900336191335435,0.31790973204563283,0.031474132257491294,9.0,9.0,8.0,-0.30000000000000426,0
34.5,34.5,0.8888888888888888,0.8574147566313975,0.09900336191335435,0.31790973204563283,0.031474132257491294,9.0,9.0,8.0,-0.30000000000000426,0
34.5,34.5,0.8888888888888888,0.8574147566313975,0.09900336191335435,0.31790973204563283,0.031474132257491294,9.0,9.0,8.0,-0.3999999999999986,0
34.5,34.5,0.8888888888888888,0.8574147566313975,0.09900336191335435,0.31790973204563283,0.031474132257491294,9.0,9.0,8.0,-0.29999999999999716,0
34.5,34.5,0.8888888888888888,0.8574147566313975,0.09900336191335435,0.31790973204563283,0.031474132257491294,9.0,9.0,8.0,0.0,0
34.5,34.5,0.8888888888888888,0.8574147566313975,0.09900336191335435,0.31790973204563283,0.031474132257491294,9.0,9.0,8.0,-0.8000000000000043,0
34.5,34.5,0.8888888888888888,0.8574147566313975,0.09900336191335435,0.31790973204563283,0.031474132257491294,9.0,9.0,8.0,-0.6000000000000014,0
34.5,34.5,0.8888888888888888,0.8574147566313975,0.09900336191335435,0.31790973204563283,0.031474132257491294,9.0,9.0,8.0,-0.5,0
35.5,35.5,0.9411764705882353,0.8648395339782337,0.10332630264838931,0.7387948146153045,0.07633693661000163,8.0,9.0,8.0,0.29999999999999716,0
35.5,35.5,0.9411764705882353,0.8648395339782337,0.10332630264838931,0.7387948146153045,0.07633693661000163,8.0,9.0,8.0,0.10000000000000142,0
35.5,35.5,0.9411764705882353,0.8648395339782337,0.10332630264838931,0.7387948146153045,0.07633693661000163,8.0,9.0,8.0,0.0,0
35.5,35.5,0.9411764705882353,0.8648395339782337,0.10332630264838931,0.7387948146153045,0.07633693661000163,8.0,9.0,8.0,-0.8000000000000043,0
35.5,35.5,0.9411764705882353,0.8648395339782337,0.10332630264838931,0.7387948146153045,0.07633693661000163,8.0,9.0,8.0,-0.6000000000000014,0
35.5,35.5,0.9411764705882353,0.8648395339782337,0.10332630264838931,0.7387948146153045,0.07633693661000163,8.0,9.0,8.0,-0.5,0
35.5,35.5,0.9411764705882353,0.8648395339782337,0.10332630264838931,0.7387948146153045,0.07633693661000163,8.0,9.0,8.0,-0.29999999999999716,0
35.5,35.5,0.9411764705882353,0.8648395339782337,0.10332630264838931,0.7387948146153045,0.07633693661000163,8.0,9.0,8.0,-0.10000000000000142,0
36.5,36.5,0.9411764705882353,0.863481519503888,0.10417906796442476,0.745782743140673,0.07769495108434732,8.0,9.0,8.0,-0.29999999999999716,0
36.5,36.5,0.9411764705882353,0.863481519503888,0.10417906796442476,0.745782743140673,0.07769495108434732,8.0,9.0,8.0,0.0,0
36.5,36.5,0.9411764705882353,0.863481519503888,0.10417906796442476,0.745782743140673,0.07769495108434732,8.0,9.0,8.0,-0.8000000000000043,0
36.5,36.5,0.9411764705882353,0.863481519503888,0.10417906796442476,0.745782743140673,0.07769495108434732,8.0,9.0,8.0,-0.6000000000000014,0
36.5,36.5,0.9411764705882353,0.863481519503888,0.10417906796442476,0.745782743140673,0.07769495108434732,8.0,9.0,8.0,-0.5,0
36.5,36.5,0.9411764705882353,0.863481519503888,0.10417906796442476,0.745782743140673,0.07769495108434732,8.0,9.0,8.0,-0.29999999999999716,0
36.5,36.5,0.9411764705882353,0.863481519503888,0.10417906796442476,0.745782743140673,0.07769495108434732,8.0,9.0,8.0,-0.10000000000000142,0
36.5,36.5,0.9411764705882353,0.863481519503888,0.10417906796442476,0.745782743140673,0.07769495108434732,8.0,9.0,8.0,0.19999999999999574,0
37.5,37.5,0.875,0.8430477230973361,0.10874742946134484,0.29382098557117237,0.03195227690266389,7.0,9.0,7.0,-0.8000000000000043,0
37.5,37.5,0.875,0.8430477230973361,0.10874742946134484,0.29382098557117237,0.03195227690266389,7.0,9.0,7.0,-0.6000000000000014,0
37.5,37.5,0.875,0.8430477230973361,0.10874742946134484,0.29382098557117237,0.03195227690266389,7.0,9.0,7.0,-0.5,0
37.5,37.5,0.875,0.8430477230973361,0.10874742946134484,0.29382098557117237,0.03195227690266389,7.0,9.0,7.0,-0.29999999999999716,0
37.5,37.5,0.875,0.8430477230973361,0.10874742946134484,0.29382098557117237,0.03195227690266389,7.0,9.0,7.0,-0.10000000000000142,0
37.5,37.5,0.875,0.8430477230973361,0.10874742946134484,0.29382098557117237,0.03195227690266389,7.0,9.0,7.0,-0.20000000000000284,0
37.5,37.5,0.875,0.8430477230973361,0.10874742946134484,0.29382098557117237,0.03195227690266389,7.0,9.0,7.0,0.29999999999999716,0
38.5,38.5,0.6666666666666666,0.736580346588396,0.09819525155838067,-0.7119863619898475,-0.06991367992172937,6.0,12.0,6.0,-0.10000000000000142,0
38.5,38.5,0.6666666666666666,0.736580346588396,0.09819525155838067,-0.7119863619898475,-0.06991367992172937,6.0,12.0,6.0,0.10000000000000142,0
38.5,38.5,0.6666666666666666,0.736580346588396,0.09819525155838067,-0.7119863619898475,-0.06991367992172937,6.0,12.0,6.0,-0.10000000000000142,0
38.5,38.5,0.6666666666666666,0.736580346588396,0.09819525155838067,-0.7119863619898475,-0.06991367992172937,6.0,12.0,6.0,-0.20000000000000284,0
38.5,38.5,0.6666666666666666,0.736580346588396,0.09819525155838067,-0.7119863619898475,-0.06991367992172937,6.0,12.0,6.0,-0.10000000000000142,0
38.5,38.5,0.6666666666666666,0.736580346588396,0.09819525155838067,-0.7119863619898475,-0.06991367992172937,6.0,12.0,6.0,0.10000000000000142,0
39.5,39.5,0.7142857142857143,0.7532175865757909,0.10531205453807425,-0.3696810632063134,-0.03893187229007655,5.0,9.0,5.0,-0.29999999999999716,0
39.5,39.5,0.7142857142857143,0.7532175865757909,0.10531205453807425,-0.3696810632063134,-0.03893187229007655,5.0,9.0,5.0,-0.10000000000000142,0
39.5,39.5,0.7142857142857143,0.7532175865757909,0.10531205453807425,-0.3696810632063134,-0.03893187229007655,5.0,9.0,5.0,-0.20000000000000284,0
39.5,39.5,0.7142857142857143,0.7532175865757909,0.10531205453807425,-0.3696810632063134,-0.03893187229007655,5.0,9.0,5.0,-0.10000000000000142,0
39.5,39.5,0.7142857142857143,0.7532175865757909,0.10531205453807425,-0.3696810632063134,-0.03893187229007655,5.0,9.0,5.0,0.10000000000000142,0
40.5,40.5,0.5714285714285714,0.8021689829778066,0.09362658707821399,-2.4644753029017146,-0.2307404115492352,5.0,9.0,4.0,-0.20000000000000284,0
40.5,40.5,0.5714285714285714,0.8021689829778066,0.09362658707821399,-2.4644753029017146,-0.2307404115492352,5.0,9.0,4.0,-0.10000000000000142,0
40.5,40.5,0.5714285714285714,0.8021689829778066,0.09362658707821399,-2.4644753029017146,-0.2307404115492352,5.0,9.0,4.0,0.10000000000000142,0
40.5,40.5,0.5714285714285714,0.8021689829778066,0.09362658707821399,-2.4644753029017146,-0.2307404115492352,5.0,9.0,4.0,-0.30000000000000426,0
41.5,41.5,0.7142857142857143,0.8441226077070505,0.08899164221288047,-1.4589785084620437,-0.1298368934213362,5.0,9.0,5.0,-0.10000000000000142,0
41.5,41.5,0.7142857142857143,0.8441226077070505,0.08899164221288047,-1.4589785084620437,-0.1298368934213362,5.0,9.0,5.0,0.10000000000000142,0
41.5,41.5,0.7142857142857143,0.8441226077070505,0.08899164221288047,-1.4589785084620437,-0.1298368934213362,5.0,9.0,5.0,-0.30000000000000426,0
41.5,41.5,0.7142857142857143,0.8441226077070505,0.08899164221288047,-1.4589785084620437,-0.1298368934213362,5.0,9.0,5.0,-0.6000000000000014,0
41.5,41.5,0.7142857142857143,0.8441226077070505,0.08899164221288047,-1.4589785084620437,-0.1298368934213362,5.0,9.0,5.0,-0.3999999999999986,0
42.5,42.5,0.875,0.8628045141133377,0.09234344525261251,0.13206661126082775,0.012195485886662305,7.0,9.0,7.0,-0.10000000000000142,0
42.5,42.5,0.875,0.8628045141133377,0.09234344525261251,0.13206661126082775,0.012195485886662305,7.0,9.0,7.0,0.10000000000000142,0
42.5,42.5,0.875,0.8628045141133377,0.09234344525261251,0.13206661126082775,0.012195485886662305,7.0,9.0,7.0,-0.30000000000000426,0
42.5,42.5,0.875,0.8628045141133377,0.09234344525261251,0.13206661126082775,0.012195485886662305,7.0,9.0,7.0,-0.6000000000000014,0
42.5,42.5,0.875,0.8628045141133377,0.09234344525261251,0.13206661126082775,0.012195485886662305,7.0,9.0,7.0,-0.3999999999999986,0
42.5,42.5,0.875,0.8628045141133377,0.09234344525261251,0.13206661126082775,0.012195485886662305,7.0,9.0,7.0,-0.19999999999999574,0
42.5,42.5,0.875,0.8628045141133377,0.09234344525261251,0.13206661126082775,0.012195485886662305,7.0,9.0,7.0,0.0,0
43.5,43.5,0.875,0.8952238154002861,0.09643177775402358,-0.20972148259957005,-0.02022381540028606,8.0,8.0,7.0,-0.30000000000000426,0
43.5,43.5,0.875,0.8952238154002861,0.09643177775402358,-0.20972148259957005,-0.02022381540028606,8.0,8.0,7.0,-0.6000000000000014,0
43.5,43.5,0.875,0.8952238154002861,0.09643177775402358,-0.20972148259957005,-0.02022381540028606,8.0,8.0,7.0,-0.3999999999999986,0
43.5,43.5,0.875,0.8952238154002861,0.09643177775402358,-0.20972148259957005,-0.02022381540028606,8.0,8.0,7.0,-0.19999999999999574,0
43.5,43.5,0.875,0.8952238154002861,0.09643177775402358,-0.20972148259957005,-0.02022381540028606,8.0,8.0,7.0,0.0,0
43.5,43.5,0.875,0.8952238154002861,0.09643177775402358,-0.20972148259957005,-0.02022381540028606,8.0,8.0,7.0,0.19999999999999574,0
43.5,43.5,0.875,0.8952238154002861,0.09643177775402358,-0.20972148259957005,-0.02022381540028606,8.0,8.0,7.0,0.19999999999999574,0
44.5,44.5,0.8888888888888888,0.8228257333567706,0.10292170052997394,0.6418778080029748,0.06606315553211828,8.0,10.0,8.0,-0.30000000000000426,0
44.5,44.5,0.8888888888888888,0.8228257333567706,0.10292170052997394,0.6418778080029748,0.06606315553211828,8.0,10.0,8.0,-0.6000000000000014,0
44.5,44.5,0.8888888888888888,0.8228257333567706,0.10292170052997394,0.6418778080029748,0.06606315553211828,8.0,10.0,8.0,-0.3999999999999986,0
44.5,44.5,0.8888888888888888,0.8228257333567706,0.10292170052997394,0.6418778080029748,0.06606315553211828,8.0,10.0,8.0,-0.19999999999999574,0
44.5,44.5,0.8888888888888888,0.8228257333567706,0.10292170052997394,0.6418778080029748,0.06606315553211828,8.0,10.0,8.0,0.0,0
44.5,44.5,0.8888888888888888,0.8228257333567706,0.10292170052997394,0.6418778080029748,0.06606315553211828,8.0,10.0,8.0,0.19999999999999574,0
44.5,44.5,0.8888888888888888,0.8228257333567706,0.10292170052997394,0.6418778080029748,0.06606315553211828,8.0,10.0,8.0,0.19999999999999574,0
44.5,44.5,0.8888888888888888,0.8228257333567706,0.10292170052997394,0.6418778080029748,0.06606315553211828,8.0,10.0,8.0,-0.10000000000000142,0
45.5,45.5,0.8235294117647058,0.8216976083685836,0.10296398504232106,0.017790719690669404,0.0018318033961222113,7.0,10.0,7.0,0.0,0
45.5,45.5,0.8235294117647058,0.8216976083685836,0.10296398504232106,0.017790719690669404,0.0018318033961222113,7.0,10.0,7.0,-0.19999999999999574,0
45.5,45.5,0.8235294117647058,0.8216976083685836,0.10296398504232106,0.017790719690669404,0.0018318033961222113,7.0,10.0,7.0,0.0,0
45.5,45.5,0.8235294117647058,0.8216976083685836,0.10296398504232106,0.017790719690669404,0.0018318033961222113,7.0,10.0,7.0,0.19999999999999574,0
45.5,45.5,0.8235294117647058,0.8216976083685836,0.10296398504232106,0.017790719690669404,0.0018318033961222113,7.0,10.0,7.0,0.19999999999999574,0
45.5,45.5,0.8235294117647058,0.8216976083685836,0.10296398504232106,0.017790719690669404,0.0018318033961222113,7.0,10.0,7.0,-0.10000000000000142,0
45.5,45.5,0.8235294117647058,0.8216976083685836,0.10296398504232106,0.017790719690669404,0.0018318033961222113,7.0,10.0,7.0,0.09999999999999432,0
46.5,46.5,0.8888888888888888,0.810470573870574,0.10665622437689741,0.7352436810551575,0.07841831501831487,8.0,10.0,8.0,-0.19999999999999574,0
46.5,46.5,0.8888888888888888,0.810470573870574,0.10665622437689741,0.7352436810551575,0.07841831501831487,8.0,10.0,8.0,0.0,0
46.5,46.5,0.8888888888888888,0.810470573870574,0.10665622437689741,0.7352436810551575,0.07841831501831487,8.0,10.0,8.0,0.19999999999999574,0
46.5,46.5,0.8888888888888888,0.810470573870574,0.10665622437689741,0.7352436810551575,0.07841831501831487,8.0,10.0,8.0,0.19999999999999574,0
46.5,46.5,0.8888888888888888,0.810470573870574,0.10665622437689741,0.7352436810551575,0.07841831501831487,8.0,10.0,8.0,-0.10000000000000142,0
46.5,46.5,0.8888888888888888,0.810470573870574,0.10665622437689741,0.7352436810551575,0.07841831501831487,8.0,10.0,8.0,0.09999999999999432,0
46.5,46.5,0.8888888888888888,0.810470573870574,0.10665622437689741,0.7352436810551575,0.07841831501831487,8.0,10.0,8.0,0.0,0
46.5,46.5,0.8888888888888888,0.810470573870574,0.10665622437689741,0.7352436810551575,0.07841831501831487,8.0,10.0,8.0,0.29999999999999716,0
47.5,47.5,0.75,0.8119675225015783,0.10226836410516126,-0.605930514717708,-0.06196752250157833,6.0,10.0,6.0,0.19999999999999574,0
47.5,47.5,0.75,0.8119675225015783,0.10226836410516126,-0.605930514717708,-0.06196752250157833,6.0,10.0,6.0,0.19999999999999574,0
47.5,47.5,0.75,0.8119675225015783,0.10226836410516126,-0.605930514717708,-0.06196752250157833,6.0,10.0,6.0,-0.10000000000000142,0
47.5,47.5,0.75,0.8119675225015783,0.10226836410516126,-0.605930514717708,-0.06196752250157833,6.0,10.0,6.0,0.09999999999999432,0
47.5,47.5,0.75,0.8119675225015783,0.10226836410516126,-0.605930514717708,-0.06196752250157833,6.0,10.0,6.0,0.0,0
47.5,47.5,0.75,0.8119675225015783,0.10226836410516126,-0.605930514717708,-0.06196752250157833,6.0,10.0,6.0,-0.20000000000000284,0
48.5,48.5,0.7142857142857143,0.7847959492433951,0.10016684728938419,-0.7039278650148111,-0.07051023495768083,5.0,9.0,5.0,-0.10000000000000142,0
48.5,48.5,0.7142857142857143,0.7847959492433951,0.10016684728938419,-0.7039278650148111,-0.07051023495768083,5.0,9.0,5.0,0.09999999999999432,0
48.5,48.5,0.7142857142857143,0.7847959492433951,0.10016684728938419,-0.7039278650148111,-0.07051023495768083,5.0,9.0,5.0,0.0,0
48.5,48.5,0.7142857142857143,0.7847959492433951,0.10016684728938419,-0.7039278650148111,-0.07051023495768083,5.0,9.0,5.0,-0.20000000000000284,0
48.5,48.5,0.7142857142857143,0.7847959492433951,0.10016684728938419,-0.7039278650148111,-0.07051023495768083,5.0,9.0,5.0,0.29999999999999716,0
49.5,49.5,0.7692307692307693,0.7777417185755421,0.09901450684007093,-0.0859565897603244,-0.008510949344772811,5.0,8.0,5.0,0.09999999999999432,0
49.5,49.5,0.7692307692307693,0.7777417185755421,0.09901450684007093,-0.0859565897603244,-0.008510949344772811,5.0,8.0,5.0,0.0,0
49.5,49.5,0.7692307692307693,0.7777417185755421,0.09901450684007093,-0.0859565897603244,-0.008510949344772811,5.0,8.0,5.0,-0.20000000000000284,0
49.5,49.5,0.7692307692307693,0.7777417185755421,0.09901450684007093,-0.0859565897603244,-0.008510949344772811,5.0,8.0,5.0,0.29999999999999716,0
49.5,49.5,0.7692307692307693,0.7777417185755421,0.09901450684007093,-0.0859565897603244,-0.008510949344772811,5.0,8.0,5.0,0.10000000000000142,0
50.5,50.5,0.8,0.850084950876437,0.0947369118293292,-0.5286740923819236,-0.05008495087643694,6.0,9.0,6.0,0.0,0
50.5,50.5,0.8,0.850084950876437,0.0947369118293292,-0.5286740923819236,-0.05008495087643694,6.0,9.0,6.0,-0.20000000000000284,0
50.5,50.5,0.8,0.850084950876437,0.0947369118293292,-0.5286740923819236,-0.05008495087643694,6.0,9.0,6.0,0.29999999999999716,0
50.5,50.5,0.8,0.850084950876437,0.0947369118293292,-0.5286740923819236,-0.05008495087643694,6.0,9.0,6.0,0.10000000000000142,0
50.5,50.5,0.8,0.850084950876437,0.0947369118293292,-0.5286740923819236,-0.05008495087643694,6.0,9.0,6.0,0.10000000000000142,0
50.5,50.5,0.8,0.850084950876437,0.0947369118293292,-0.5286740923819236,-0.05008495087643694,6.0,9.0,6.0,-0.10000000000000142,0
51.5,51.5,0.7142857142857143,0.8587824083209532,0.10208465775716372,-1.4154594550237296,-0.1444966940352389,5.0,9.0,5.0,0.29999999999999716,0
51.5,51.5,0.7142857142857143,0.8587824083209532,0.10208465775716372,-1.4154594550237296,-0.1444966940352389,5.0,9.0,5.0,0.10000000000000142,0
51.5,51.5,0.7142857142857143,0.8587824083209532,0.10208465775716372,-1.4154594550237296,-0.1444966940352389,5.0,9.0,5.0,0.10000000000000142,0
51.5,51.5,0.7142857142857143,0.8587824083209532,0.10208465775716372,-1.4154594550237296,-0.1444966940352389,5.0,9.0,5.0,-0.10000000000000142,0
51.5,51.5,0.7142857142857143,0.8587824083209532,0.10208465775716372,-1.4154594550237296,-0.1444966940352389,5.0,9.0,5.0,-0.10000000000000142,0
52.5,52.5,0.875,0.8742175154137228,0.10230687142602429,0.007648406948334472,0.0007824845862771657,7.0,9.0,7.0,0.29999999999999716,0
52.5,52.5,0.875,0.8742175154137228,0.10230687142602429,0.007648406948334472,0.0007824845862771657,7.0,9.0,7.0,0.10000000000000142,0
52.5,52.5,0.875,0.8742175154137228,0.10230687142602429,0.007648406948334472,0.0007824845862771657,7.0,9.0,7.0,0.10000000000000142,0
52.5,52.5,0.875,0.8742175154137228,0.10230687142602429,0.007648406948334472,0.0007824845862771657,7.0,9.0,7.0,-0.10000000000000142,0
52.5,52.5,0.875,0.8742175154137228,0.10230687142602429,0.007648406948334472,0.0007824845862771657,7.0,9.0,7.0,-0.10000000000000142,0
52.5,52.5,0.875,0.8742175154137228,0.10230687142602429,0.007648406948334472,0.0007824845862771657,7.0,9.0,7.0,0.10000000000000142,0
52.5,52.5,0.875,0.8742175154137228,0.10230687142602429,0.007648406948334472,0.0007824845862771657,7.0,9.0,7.0,0.10000000000000142,0
53.5,53.5,0.8235294117647058,0.8289824381844506,0.0990204288990356,-0.05506971117348771,-0.005453026419744766,7.0,10.0,7.0,0.10000000000000142,0
53.5,53.5,0.8235294117647058,0.8289824381844506,0.0990204288990356,-0.05506971117348771,-0.005453026419744766,7.0,10.0,7.0,0.10000000000000142,0
53.5,53.5,0.8235294117647058,0.8289824381844506,0.0990204288990356,-0.05506971117348771,-0.005453026419744766,7.0,10.0,7.0,-0.10000000000000142,0
53.5,53.5,0.8235294117647058,0.8289824381844506,0.0990204288990356,-0.05506971117348771,-0.005453026419744766,7.0,10.0,7.0,-0.10000000000000142,0
53.5,53.5,0.8235294117647058,0.8289824381844506,0.0990204288990356,-0.05506971117348771,-0.005453026419744766,7.0,10.0,7.0,0.10000000000000142,0
53.5,53.5,0.8235294117647058,0.8289824381844506,0.0990204288990356,-0.05506971117348771,-0.005453026419744766,7.0,10.0,7.0,0.10000000000000142,0
53.5,53.5,0.8235294117647058,0.8289824381844506,0.0990204288990356,-0.05506971117348771,-0.005453026419744766,7.0,10.0,7.0,0.10000000000000142,0
54.5,54.5,0.8421052631578947,0.7818502371123889,0.09834544721927864,0.6126874984985988,0.06025502604550581,8.0,11.0,8.0,0.10000000000000142,0
54.5,54.5,0.8421052631578947,0.7818502371123889,0.09834544721927864,0.6126874984985988,0.06025502604550581,8.0,11.0,8.0,-0.10000000000000142,0
54.5,54.5,0.8421052631578947,0.7818502371123889,0.09834544721927864,0.6126874984985988,0.06025502604550581,8.0,11.0,8.0,-0.10000000000000142,0
54.5,54.5,0.8421052631578947,0.7818502371123889,0.09834544721927864,0.6126874984985988,0.06025502604550581,8.0,11.0,8.0,0.10000000000000142,0
54.5,54.5,0.8421052631578947,0.7818502371123889,0.09834544721927864,0.6126874984985988,0.06025502604550581,8.0,11.0,8.0,0.10000000000000142,0
54.5,54.5,0.8421052631578947,0.7818502371123889,0.09834544721927864,0.6126874984985988,0.06025502604550581,8.0,11.0,8.0,0.10000000000000142,0
54.5,54.5,0.8421052631578947,0.7818502371123889,0.09834544721927864,0.6126874984985988,0.06025502604550581,8.0,11.0,8.0,-0.19999999999999574,0
54.5,54.5,0.8421052631578947,0.7818502371123889,0.09834544721927864,0.6126874984985988,0.06025502604550581,8.0,11.0,8.0,-0.09999999999999432,0
55.5,55.5,0.8421052631578947,0.7807922969187675,0.10147453799277163,0.6042202058953421,0.06131296623912719,8.0,11.0,8.0,-0.10000000000000142,0
55.5,55.5,0.8421052631578947,0.7807922969187675,0.10147453799277163,0.6042202058953421,0.06131296623912719,8.0,11.0,8.0,0.10000000000000142,0
55.5,55.5,0.8421052631578947,0.7807922969187675,0.10147453799277163,0.6042202058953421,0.06131296623912719,8.0,11.0,8.0,0.10000000000000142,0
55.5,55.5,0.8421052631578947,0.7807922969187675,0.10147453799277163,0.6042202058953421,0.06131296623912719,8.0,11.0,8.0,0.10000000000000142,0
55.5,55.5,0.8421052631578947,0.7807922969187675,0.10147453799277163,0.6042202058953421,0.06131296623912719,8.0,11.0,8.0,-0.19999999999999574,0
55.5,55.5,0.8421052631578947,0.7807922969187675,0.10147453799277163,0.6042202058953421,0.06131296623912719,8.0,11.0,8.0,-0.09999999999999432,0
55.5,55.5,0.8421052631578947,0.7807922969187675,0.10147453799277163,0.6042202058953421,0.06131296623912719,8.0,11.0,8.0,0.0,0
55.5,55.5,0.8421052631578947,0.7807922969187675,0.10147453799277163,0.6042202058953421,0.06131296623912719,8.0,11.0,8.0,0.10000000000000142,0
56.5,56.5,0.8421052631578947,0.7819837006732518,0.09855419727110817,0.610035535262463,0.06012156248464284,8.0,11.0,8.0,0.10000000000000142,0
56.5,56.5,0.8421052631578947,0.7819837006732518,0.09855419727110817,0.610035535262463,0.06012156248464284,8.0,11.0,8.0,0.10000000000000142,0
56.5,56.5,0.8421052631578947,0.7819837006732518,0.09855419727110817,0.610035535262463,0.06012156248464284,8.0,11.0,8.0,0.10000000000000142,0
56.5,56.5,0.8421052631578947,0.7819837006732518,0.09855419727110817,0.610035535262463,0.06012156248464284,8.0,11.0,8.0,-0.19999999999999574,0
56.5,56.5,0.8421052631578947,0.7819837006732518,0.09855419727110817,0.610035535262463,0.06012156248464284,8.0,11.0,8.0,-0.09999999999999432,0
56.5,56.5,0.8421052631578947,0.7819837006732518,0.09855419727110817,0.610035535262463,0.06012156248464284,8.0,11.0,8.0,0.0,0
56.5,56.5,0.8421052631578947,0.7819837006732518,0.09855419727110817,0.610035535262463,0.06012156248464284,8.0,11.0,8.0,0.10000000000000142,0
56.5,56.5,0.8421052631578947,0.7819837006732518,0.09855419727110817,0.610035535262463,0.06012156248464284,8.0,11.0,8.0,0.10000000000000142,0
57.5,57.5,0.8421052631578947,0.7800554032139172,0.09984600872390913,0.6214555868282698,0.06204985994397749,8.0,11.0,8.0,0.10000000000000142,0
57.5,57.5,0.8421052631578947,0.7800554032139172,0.09984600872390913,0.6214555868282698,0.06204985994397749,8.0,11.0,8.0,-0.19999999999999574,0
57.5,57.5,0.8421052631578947,0.7800554032139172,0.09984600872390913,0.6214555868282698,0.06204985994397749,8.0,11.0,8.0,-0.09999999999999432,0
57.5,57.5,0.8421052631578947,0.7800554032139172,0.09984600872390913,0.6214555868282698,0.06204985994397749,8.0,11.0,8.0,0.0,0
57.5,57.5,0.8421052631578947,0.7800554032139172,0.09984600872390913,0.6214555868282698,0.06204985994397749,8.0,11.0,8.0,0.10000000000000142,0
57.5,57.5,0.8421052631578947,0.7800554032139172,0.09984600872390913,0.6214555868282698,0.06204985994397749,8.0,11.0,8.0,0.10000000000000142,0
57.5,57.5,0.8421052631578947,0.7800554032139172,0.09984600872390913,0.6214555868282698,0.06204985994397749,8.0,11.0,8.0,0.0,0
57.5,57.5,0.8421052631578947,0.7800554032139172,0.09984600872390913,0.6214555868282698,0.06204985994397749,8.0,11.0,8.0,0.10000000000000142,0
58.5,58.5,0.9473684210526315,0.8206386748356562,0.10181996978954036,1.2446452938350199,0.1267297462169753,9.0,10.0,9.0,-0.19999999999999574,0
58.5,58.5,0.9473684210526315,0.8206386748356562,0.10181996978954036,1.2446452938350199,0.1267297462169753,9.0,10.0,9.0,-0.09999999999999432,0
58.5,58.5,0.9473684210526315,0.8206386748356562,0.10181996978954036,1.2446452938350199,0.1267297462169753,9.0,10.0,9.0,0.0,0
58.5,58.5,0.9473684210526315,0.8206386748356562,0.10181996978954036,1.2446452938350199,0.1267297462169753,9.0,10.0,9.0,0.10000000000000142,0
58.5,58.5,0.9473684210526315,0.8206386748356562,0.10181996978954036,1.2446452938350199,0.1267297462169753,9.0,10.0,9.0,0.10000000000000142,0
58.5,58.5,0.9473684210526315,0.8206386748356562,0.10181996978954036,1.2446452938350199,0.1267297462169753,9.0,10.0,9.0,0.0,0
58.5,58.5,0.9473684210526315,0.8206386748356562,0.10181996978954036,1.2446452938350199,0.1267297462169753,9.0,10.0,9.0,0.10000000000000142,0
58.5,58.5,0.9473684210526315,0.8206386748356562,0.10181996978954036,1.2446452938350199,0.1267297462169753,9.0,10.0,9.0,0.19999999999999574,0
58.5,58.5,0.9473684210526315,0.8206386748356562,0.10181996978954036,1.2446452938350199,0.1267297462169753,9.0,10.0,9.0,0.29999999999999716,0
59.5,59.5,0.875,0.7650764632426398,0.10596761023191005,1.0373314687081516,0.10992353675736022,8.0,8.0,7.0,0.0,0
59.5,59.5,0.875,0.7650764632426398,0.10596761023191005,1.0373314687081516,0.10992353675736022,8.0,8.0,7.0,0.10000000000000142,0
59.5,59.5,0.875,0.7650764632426398,0.10596761023191005,1.0373314687081516,0.10992353675736022,8.0,8.0,7.0,0.10000000000000142,0
59.5,59.5,0.875,0.7650764632426398,0.10596761023191005,1.0373314687081516,0.10992353675736022,8.0,8.0,7.0,0.0,0
59.5,59.5,0.875,0.7650764632426398,0.10596761023191005,1.0373314687081516,0.10992353675736022,8.0,8.0,7.0,0.10000000000000142,0
59.5,59.5,0.875,0.7650764632426398,0.10596761023191005,1.0373314687081516,0.10992353675736022,8.0,8.0,7.0,0.19999999999999574,0
59.5,59.5,0.875,0.7650764632426398,0.10596761023191005,1.0373314687081516,0.10992353675736022,8.0,8.0,7.0,0.29999999999999716,0
60.5,60.5,0.8,0.7655910315175021,0.09806252179072579,0.3508880646158559,0.03440896848249797,8.0,7.0,6.0,0.10000000000000142,0
60.5,60.5,0.8,0.7655910315175021,0.09806252179072579,0.3508880646158559,0.03440896848249797,8.0,7.0,6.0,0.0,0
60.5,60.5,0.8,0.7655910315175021,0.09806252179072579,0.3508880646158559,0.03440896848249797,8.0,7.0,6.0,0.10000000000000142,0
60.5,60.5,0.8,0.7655910315175021,0.09806252179072579,0.3508880646158559,0.03440896848249797,8.0,7.0,6.0,0.19999999999999574,0
60.5,60.5,0.8,0.7655910315175021,0.09806252179072579,0.3508880646158559,0.03440896848249797,8.0,7.0,6.0,0.29999999999999716,0
60.5,60.5,0.8,0.7655910315175021,0.09806252179072579,0.3508880646158559,0.03440896848249797,8.0,7.0,6.0,-1.0,0
61.5,61.5,0.875,0.770102199271317,0.07676542765427409,1.366471912344549,0.10489780072868304,8.0,8.0,7.0,0.0,0
61.5,61.5,0.875,0.770102199271317,0.07676542765427409,1.366471912344549,0.10489780072868304,8.0,8.0,7.0,0.10000000000000142,0
61.5,61.5,0.875,0.770102199271317,0.07676542765427409,1.366471912344549,0.10489780072868304,8.0,8.0,7.0,0.19999999999999574,0
61.5,61.5,0.875,0.770102199271317,0.07676542765427409,1.366471912344549,0.10489780072868304,8.0,8.0,7.0,0.29999999999999716,0
61.5,61.5,0.875,0.770102199271317,0.07676542765427409,1.366471912344549,0.10489780072868304,8.0,8.0,7.0,-1.0,0
61.5,61.5,0.875,0.770102199271317,0.07676542765427409,1.366471912344549,0.10489780072868304,8.0,8.0,7.0,-0.9000000000000057,0
61.5,61.5,0.875,0.770102199271317,0.07676542765427409,1.366471912344549,0.10489780072868304,8.0,8.0,7.0,-0.8000000000000043,0
62.5,62.5,1.0,0.8651225617519736,0.08893487816205516,1.5165865297780674,0.13487743824802645,7.0,7.0,7.0,0.19999999999999574,0
62.5,62.5,1.0,0.8651225617519736,0.08893487816205516,1.5165865297780674,0.13487743824802645,7.0,7.0,7.0,0.29999999999999716,0
62.5,62.5,1.0,0.8651225617519736,0.08893487816205516,1.5165865297780674,0.13487743824802645,7.0,7.0,7.0,-1.0,0
62.5,62.5,1.0,0.8651225617519736,0.08893487816205516,1.5165865297780674,0.13487743824802645,7.0,7.0,7.0,-0.9000000000000057,0
62.5,62.5,1.0,0.8651225617519736,0.08893487816205516,1.5165865297780674,0.13487743824802645,7.0,7.0,7.0,-0.8000000000000043,0
62.5,62.5,1.0,0.8651225617519736,0.08893487816205516,1.5165865297780674,0.13487743824802645,7.0,7.0,7.0,-0.5999999999999943,0
62.5,62.5,1.0,0.8651225617519736,0.08893487816205516,1.5165865297780674,0.13487743824802645,7.0,7.0,7.0,-0.10000000000000853,0
63.5,63.5,0.8571428571428571,0.8619326952459306,0.09567682858457408,-0.05006267634424709,-0.00478983810307354,7.0,7.0,6.0,-1.0,0
63.5,63.5,0.8571428571428571,0.8619326952459306,0.09567682858457408,-0.05006267634424709,-0.00478983810307354,7.0,7.0,6.0,-0.9000000000000057,0
63.5,63.5,0.8571428571428571,0.8619326952459306,0.09567682858457408,-0.05006267634424709,-0.00478983810307354,7.0,7.0,6.0,-0.8000000000000043,0
63.5,63.5,0.8571428571428571,0.8619326952459306,0.09567682858457408,-0.05006267634424709,-0.00478983810307354,7.0,7.0,6.0,-0.5999999999999943,0
63.5,63.5,0.8571428571428571,0.8619326952459306,0.09567682858457408,-0.05006267634424709,-0.00478983810307354,7.0,7.0,6.0,-0.10000000000000853,0
63.5,63.5,0.8571428571428571,0.8619326952459306,0.09567682858457408,-0.05006267634424709,-0.00478983810307354,7.0,7.0,6.0,-0.20000000000000284,0
64.5,64.5,0.7142857142857143,0.8753537427656622,0.10381513918690151,-1.551488826595631,-0.16106802847994794,5.0,9.0,5.0,-0.20000000000000284,0
64.5,64.5,0.7142857142857143,0.8753537427656622,0.10381513918690151,-1.551488826595631,-0.16106802847994794,5.0,9.0,5.0,-0.30000000000000426,0
64.5,64.5,0.7142857142857143,0.8753537427656622,0.10381513918690151,-1.551488826595631,-0.16106802847994794,5.0,9.0,5.0,-0.20000000000000284,0
64.5,64.5,0.7142857142857143,0.8753537427656622,0.10381513918690151,-1.551488826595631,-0.16106802847994794,5.0,9.0,5.0,-0.10000000000000853,0
64.5,64.5,0.7142857142857143,0.8753537427656622,0.10381513918690151,-1.551488826595631,-0.16106802847994794,5.0,9.0,5.0,-0.20000000000000284,0
65.5,65.5,0.7142857142857143,0.8448172758442108,0.10418331023991706,-1.2529028042774202,-0.13053156155849654,5.0,9.0,5.0,-0.20000000000000284,0
65.5,65.5,0.7142857142857143,0.8448172758442108,0.10418331023991706,-1.2529028042774202,-0.13053156155849654,5.0,9.0,5.0,-0.10000000000000853,0
65.5,65.5,0.7142857142857143,0.8448172758442108,0.10418331023991706,-1.2529028042774202,-0.13053156155849654,5.0,9.0,5.0,-0.20000000000000284,0
65.5,65.5,0.7142857142857143,0.8448172758442108,0.10418331023991706,-1.2529028042774202,-0.13053156155849654,5.0,9.0,5.0,0.19999999999998863,0
65.5,65.5,0.7142857142857143,0.8448172758442108,0.10418331023991706,-1.2529028042774202,-0.13053156155849654,5.0,9.0,5.0,0.30000000000001137,0
66.5,66.5,0.7142857142857143,0.8653760393631137,0.10109143219860353,-1.4945908054855566,-0.1510903250773994,5.0,9.0,5.0,-0.10000000000000853,0
66.5,66.5,0.7142857142857143,0.8653760393631137,0.10109143219860353,-1.4945908054855566,-0.1510903250773994,5.0,9.0,5.0,-0.20000000000000284,0
66.5,66.5,0.7142857142857143,0.8653760393631137,0.10109143219860353,-1.4945908054855566,-0.1510903250773994,5.0,9.0,5.0,0.19999999999998863,0
66.5,66.5,0.7142857142857143,0.8653760393631137,0.10109143219860353,-1.4945908054855566,-0.1510903250773994,5.0,9.0,5.0,-0.19999999999998863,0
66.5,66.5,0.7142857142857143,0.8653760393631137,0.10109143219860353,-1.4945908054855566,-0.1510903250773994,5.0,9.0,5.0,0.0,0
67.5,67.5,0.7692307692307693,0.8676704194498314,0.09576454061288414,-1.0279342394278457,-0.09843965021906209,5.0,8.0,5.0,-0.20000000000000284,0
67.5,67.5,0.7692307692307693,0.8676704194498314,0.09576454061288414,-1.0279342394278457,-0.09843965021906209,5.0,8.0,5.0,0.19999999999998863,0
67.5,67.5,0.7692307692307693,0.8676704194498314,0.09576454061288414,-1.0279342394278457,-0.09843965021906209,5.0,8.0,5.0,-0.19999999999998863,0
67.5,67.5,0.7692307692307693,0.8676704194498314,0.09576454061288414,-1.0279342394278457,-0.09843965021906209,5.0,8.0,5.0,0.0,0
67.5,67.5,0.7692307692307693,0.8676704194498314,0.09576454061288414,-1.0279342394278457,-0.09843965021906209,5.0,8.0,5.0,-0.4000000000000057,0
68.5,68.5,0.8571428571428571,0.904250619968267,0.09095801554289862,-0.5179066687442458,-0.04710776282540996,6.0,8.0,6.0,0.19999999999998863,0
68.5,68.5,0.8571428571428571,0.904250619968267,0.09095801554289862,-0.5179066687442458,-0.04710776282540996,6.0,8.0,6.0,-0.19999999999998863,0
68.5,68.5,0.8571428571428571,0.904250619968267,0.09095801554289862,-0.5179066687442458,-0.04710776282540996,6.0,8.0,6.0,0.0,0
68.5,68.5,0.8571428571428571,0.904250619968267,0.09095801554289862,-0.5179066687442458,-0.04710776282540996,6.0,8.0,6.0,-0.4000000000000057,0
68.5,68.5,0.8571428571428571,0.904250619968267,0.09095801554289862,-0.5179066687442458,-0.04710776282540996,6.0,8.0,6.0,-0.20000000000000284,0
68.5,68.5,0.8571428571428571,0.904250619968267,0.09095801554289862,-0.5179066687442458,-0.04710776282540996,6.0,8.0,6.0,-0.09999999999999432,0
69.5,69.5,0.9333333333333333,0.9124445836842897,0.0916370460434659,0.22795092760994876,0.020888749649043636,7.0,8.0,7.0,-0.5,0
69.5,69.5,0.9333333333333333,0.9124445836842897,0.0916370460434659,0.22795092760994876,0.020888749649043636,7.0,8.0,7.0,-0.19999999999998863,0
69.5,69.5,0.9333333333333333,0.9124445836842897,0.0916370460434659,0.22795092760994876,0.020888749649043636,7.0,8.0,7.0,0.0,0
69.5,69.5,0.9333333333333333,0.9124445836842897,0.0916370460434659,0.22795092760994876,0.020888749649043636,7.0,8.0,7.0,-0.4000000000000057,0
69.5,69.5,0.9333333333333333,0.9124445836842897,0.0916370460434659,0.22795092760994876,0.020888749649043636,7.0,8.0,7.0,-0.20000000000000284,0
69.5,69.5,0.9333333333333333,0.9124445836842897,0.0916370460434659,0.22795092760994876,0.020888749649043636,7.0,8.0,7.0,-0.09999999999999432,0
69.5,69.5,0.9333333333333333,0.9124445836842897,0.0916370460434659,0.22795092760994876,0.020888749649043636,7.0,8.0,7.0,-0.10000000000000853,0
70.5,70.5,0.875,0.8710994720965309,0.10267763081394132,0.037988098016568765,0.0039005279034690643,7.0,9.0,7.0,0.0,0
70.5,70.5,0.875,0.8710994720965309,0.10267763081394132,0.037988098016568765,0.0039005279034690643,7.0,9.0,7.0,-0.4000000000000057,0
70.5,70.5,0.875,0.8710994720965309,0.10267763081394132,0.037988098016568765,0.0039005279034690643,7.0,9.0,7.0,-0.20000000000000284,0
70.5,70.5,0.875,0.8710994720965309,0.10267763081394132,0.037988098016568765,0.0039005279034690643,7.0,9.0,7.0,-0.09999999999999432,0
70.5,70.5,0.875,0.8710994720965309,0.10267763081394132,0.037988098016568765,0.0039005279034690643,7.0,9.0,7.0,-0.10000000000000853,0
70.5,70.5,0.875,0.8710994720965309,0.10267763081394132,0.037988098016568765,0.0039005279034690643,7.0,9.0,7.0,-0.10000000000000853,0
70.5,70.5,0.875,0.8710994720965309,0.10267763081394132,0.037988098016568765,0.0039005279034690643,7.0,9.0,7.0,0.20000000000000284,0
71.5,71.5,0.875,0.8625305462940912,0.10187659112141619,0.12239763392797214,0.012469453705908795,7.0,9.0,7.0,-0.4000000000000057,0
71.5,71.5,0.875,0.8625305462940912,0.10187659112141619,0.12239763392797214,0.012469453705908795,7.0,9.0,7.0,-0.20000000000000284,0
71.5,71.5,0.875,0.8625305462940912,0.10187659112141619,0.12239763392797214,0.012469453705908795,7.0,9.0,7.0,-0.09999999999999432,0
71.5,71.5,0.875,0.8625305462940912,0.10187659112141619,0.12239763392797214,0.012469453705908795,7.0,9.0,7.0,-0.10000000000000853,0
71.5,71.5,0.875,0.8625305462940912,0.10187659112141619,0.12239763392797214,0.012469453705908795,7.0,9.0,7.0,-0.10000000000000853,0
71.5,71.5,0.875,0.8625305462940912,0.10187659112141619,0.12239763392797214,0.012469453705908795,7.0,9.0,7.0,-0.19999999999998863,0
71.5,71.5,0.875,0.8625305462940912,0.10187659112141619,0.12239763392797214,0.012469453705908795,7.0,9.0,7.0,0.0,0
72.5,72.5,0.8235294117647058,0.8235426831596337,0.10112313329426445,-0.0001312399497084987,-1.3271394927905078e-05,7.0,10.0,7.0,-0.20000000000000284,0
72.5,72.5,0.8235294117647058,0.8235426831596337,0.10112313329426445,-0.0001312399497084987,-1.3271394927905078e-05,7.0,10.0,7.0,-0.09999999999999432,0
72.5,72.5,0.8235294117647058,0.8235426831596337,0.10112313329426445,-0.0001312399497084987,-1.3271394927905078e-05,7.0,10.0,7.0,-0.10000000000000853,0
72.5,72.5,0.8235294117647058,0.8235426831596337,0.10112313329426445,-0.0001312399497084987,-1.3271394927905078e-05,7.0,10.0,7.0,-0.10000000000000853,0
72.5,72.5,0.8235294117647058,0.8235426831596337,0.10112313329426445,-0.0001312399497084987,-1.3271394927905078e-05,7.0,10.0,7.0,-0.19999999999998863,0
72.5,72.5,0.8235294117647058,0.8235426831596337,0.10112313329426445,-0.0001312399497084987,-1.3271394927905078e-05,7.0,10.0,7.0,0.0,0
72.5,72.5,0.8235294117647058,0.8235426831596337,0.10112313329426445,-0.0001312399497084987,-1.3271394927905078e-05,7.0,10.0,7.0,0.20000000000000284,0
73.5,73.5,0.8235294117647058,0.8221672945561491,0.10093014194539529,0.013495643445083522,0.0013621172085567235,7.0,10.0,7.0,-0.10000000000000853,0
73.5,73.5,0.8235294117647058,0.8221672945561491,0.10093014194539529,0.013495643445083522,0.0013621172085567235,7.0,10.0,7.0,-0.10000000000000853,0
73.5,73.5,0.8235294117647058,0.8221672945561491,0.10093014194539529,0.013495643445083522,0.0013621172085567235,7.0,10.0,7.0,-0.19999999999998863,0
73.5,73.5,0.8235294117647058,0.8221672945561491,0.10093014194539529,0.013495643445083522,0.0013621172085567235,7.0,10.0,7.0,0.0,0
73.5,73.5,0.8235294117647058,0.8221672945561491,0.10093014194539529,0.013495643445083522,0.0013621172085567235,7.0,10.0,7.0,0.20000000000000284,0
73.5,73.5,0.8235294117647058,0.8221672945561491,0.10093014194539529,0.013495643445083522,0.0013621172085567235,7.0,10.0,7.0,-0.10000000000000853,0
73.5,73.5,0.8235294117647058,0.8221672945561491,0.10093014194539529,0.013495643445083522,0.0013621172085567235,7.0,10.0,7.0,-0.20000000000000284,0
74.5,74.5,0.8235294117647058,0.8246463178118751,0.1053478823831152,-0.01060207402278369,-0.001116906047169297,7.0,10.0,7.0,-0.10000000000000853,0
74.5,74.5,0.8235294117647058,0.8246463178118751,0.1053478823831152,-0.01060207402278369,-0.001116906047169297,7.0,10.0,7.0,-0.19999999999998863,0
74.5,74.5,0.8235294117647058,0.8246463178118751,0.1053478823831152,-0.01060207402278369,-0.001116906047169297,7.0,10.0,7.0,0.0,0
74.5,74.5,0.8235294117647058,0.8246463178118751,0.1053478823831152,-0.01060207402278369,-0.001116906047169297,7.0,10.0,7.0,0.20000000000000284,0
74.5,74.5,0.8235294117647058,0.8246463178118751,0.1053478823831152,-0.01060207402278369,-0.001116906047169297,7.0,10.0,7.0,-0.10000000000000853,0
74.5,74.5,0.8235294117647058,0.8246463178118751,0.1053478823831152,-0.01060207402278369,-0.001116906047169297,7.0,10.0,7.0,-0.20000000000000284,0
74.5,74.5,0.8235294117647058,0.8246463178118751,0.1053478823831152,-0.01060207402278369,-0.001116906047169297,7.0,10.0,7.0,-0.09999999999999432,0
75.5,75.5,0.8571428571428571,0.7896554618584031,0.10034295403691879,0.6725673559463243,0.06748739528445402,6.0,8.0,6.0,0.0,0
75.5,75.5,0.8571428571428571,0.7896554618584031,0.10034295403691879,0.6725673559463243,0.06748739528445402,6.0,8.0,6.0,0.20000000000000284,0
75.5,75.5,0.8571428571428571,0.7896554618584031,0.10034295403691879,0.6725673559463243,0.06748739528445402,6.0,8.0,6.0,-0.10000000000000853,0
75.5,75.5,0.8571428571428571,0.7896554618584031,0.10034295403691879,0.6725673559463243,0.06748739528445402,6.0,8.0,6.0,-0.20000000000000284,0
75.5,75.5,0.8571428571428571,0.7896554618584031,0.10034295403691879,0.6725673559463243,0.06748739528445402,6.0,8.0,6.0,-0.09999999999999432,0
75.5,75.5,0.8571428571428571,0.7896554618584031,0.10034295403691879,0.6725673559463243,0.06748739528445402,6.0,8.0,6.0,0.7999999999999972,0
76.5,76.5,0.8571428571428571,0.8453903442962266,0.09019779977871627,0.13029711229612154,0.01175251284663048,6.0,8.0,6.0,0.20000000000000284,0
76.5,76.5,0.8571428571428571,0.8453903442962266,0.09019779977871627,0.13029711229612154,0.01175251284663048,6.0,8.0,6.0,-0.10000000000000853,0
76.5,76.5,0.8571428571428571,0.8453903442962266,0.09019779977871627,0.13029711229612154,0.01175251284663048,6.0,8.0,6.0,-0.20000000000000284,0
76.5,76.5,0.8571428571428571,0.8453903442962266,0.09019779977871627,0.13029711229612154,0.01175251284663048,6.0,8.0,6.0,-0.09999999999999432,0
76.5,76.5,0.8571428571428571,0.8453903442962266,0.09019779977871627,0.13029711229612154,0.01175251284663048,6.0,8.0,6.0,-0.5999999999999943,0
76.5,76.5,0.8571428571428571,0.8453903442962266,0.09019779977871627,0.13029711229612154,0.01175251284663048,6.0,8.0,6.0,-0.10000000000000853,0
77.5,77.5,0.875,0.8631442527888348,0.1034689296960673,0.11458267951539314,0.011855747211165224,7.0,9.0,7.0,-0.10000000000000853,0
77.5,77.5,0.875,0.8631442527888348,0.1034689296960673,0.11458267951539314,0.011855747211165224,7.0,9.0,7.0,-0.20000000000000284,0
77.5,77.5,0.875,0.8631442527888348,0.1034689296960673,0.11458267951539314,0.011855747211165224,7.0,9.0,7.0,-0.09999999999999432,0
77.5,77.5,0.875,0.8631442527888348,0.1034689296960673,0.11458267951539314,0.011855747211165224,7.0,9.0,7.0,-0.5999999999999943,0
77.5,77.5,0.875,0.8631442527888348,0.1034689296960673,0.11458267951539314,0.011855747211165224,7.0,9.0,7.0,-0.10000000000000853,0
77.5,77.5,0.875,0.8631442527888348,0.1034689296960673,0.11458267951539314,0.011855747211165224,7.0,9.0,7.0,0.0,0
77.5,77.5,0.875,0.8631442527888348,0.1034689296960673,0.11458267951539314,0.011855747211165224,7.0,9.0,7.0,0.0,0
78.5,78.5,0.8,0.860579030532591,0.10035363221095978,-0.6036555847350289,-0.06057903053259095,6.0,9.0,6.0,-0.09999999999999432,0
78.5,78.5,0.8,0.860579030532591,0.10035363221095978,-0.6036555847350289,-0.06057903053259095,6.0,9.0,6.0,-0.5999999999999943,0
78.5,78.5,0.8,0.860579030532591,0.10035363221095978,-0.6036555847350289,-0.06057903053259095,6.0,9.0,6.0,-0.10000000000000853,0
78.5,78.5,0.8,0.860579030532591,0.10035363221095978,-0.6036555847350289,-0.06057903053259095,6.0,9.0,6.0,0.0,0
78.5,78.5,0.8,0.860579030532591,0.10035363221095978,-0.6036555847350289,-0.06057903053259095,6.0,9.0,6.0,0.0,0
78.5,78.5,0.8,0.860579030532591,0.10035363221095978,-0.6036555847350289,-0.06057903053259095,6.0,9.0,6.0,0.09999999999999432,0
79.5,79.5,0.875,0.8231833112192246,0.10897250113194168,0.4755024271493668,0.05181668878077539,7.0,9.0,7.0,-0.5999999999999943,0
79.5,79.5,0.875,0.8231833112192246,0.10897250113194168,0.4755024271493668,0.05181668878077539,7.0,9.0,7.0,-0.10000000000000853,0
79.5,79.5,0.875,0.8231833112192246,0.10897250113194168,0.4755024271493668,0.05181668878077539,7.0,9.0,7.0,0.0,0
79.5,79.5,0.875,0.8231833112192246,0.10897250113194168,0.4755024271493668,0.05181668878077539,7.0,9.0,7.0,0.0,0
79.5,79.5,0.875,0.8231833112192246,0.10897250113194168,0.4755024271493668,0.05181668878077539,7.0,9.0,7.0,0.09999999999999432,0
79.5,79.5,0.875,0.8231833112192246,0.10897250113194168,0.4755024271493668,0.05181668878077539,7.0,9.0,7.0,-0.20000000000000284,0
79.5,79.5,0.875,0.8231833112192246,0.10897250113194168,0.4755024271493668,0.05181668878077539,7.0,9.0,7.0,-0.09999999999999432,0
80.5,80.5,0.8421052631578947,0.7795782311170083,0.10047580683262768,0.6223093300961867,0.06252703204088639,8.0,11.0,8.0,-0.10000000000000853,0
80.5,80.5,0.8421052631578947,0.7795782311170083,0.10047580683262768,0.6223093300961867,0.06252703204088639,8.0,11.0,8.0,0.0,0
80.5,80.5,0.8421052631578947,0.7795782311170083,0.10047580683262768,0.6223093300961867,0.06252703204088639,8.0,11.0,8.0,0.0,0
80.5,80.5,0.8421052631578947,0.7795782311170083,0.10047580683262768,0.6223093300961867,0.06252703204088639,8.0,11.0,8.0,0.09999999999999432,0
80.5,80.5,0.8421052631578947,0.7795782311170083,0.10047580683262768,0.6223093300961867,0.06252703204088639,8.0,11.0,8.0,-0.20000000000000284,0
80.5,80.5,0.8421052631578947,0.7795782311170083,0.10047580683262768,0.6223093300961867,0.06252703204088639,8.0,11.0,8.0,-0.09999999999999432,0
80.5,80.5,0.8421052631578947,0.7795782311170083,0.10047580683262768,0.6223093300961867,0.06252703204088639,8.0,11.0,8.0,0.0,0
80.5,80.5,0.8421052631578947,0.7795782311170083,0.10047580683262768,0.6223093300961867,0.06252703204088639,8.0,11.0,8.0,-0.09999999999999432,0
81.5,81.5,0.8888888888888888,0.7984460479063421,0.10016410523850751,0.9029466271094538,0.09044284098254673,8.0,10.0,8.0,0.0,0
81.5,81.5,0.8888888888888888,0.7984460479063421,0.10016410523850751,0.9029466271094538,0.09044284098254673,8.0,10.0,8.0,0.0,0
81.5,81.5,0.8888888888888888,0.7984460479063421,0.10016410523850751,0.9029466271094538,0.09044284098254673,8.0,10.0,8.0,0.09999999999999432,0
81.5,81.5,0.8888888888888888,0.7984460479063421,0.10016410523850751,0.9029466271094538,0.09044284098254673,8.0,10.0,8.0,-0.20000000000000284,0
81.5,81.5,0.8888888888888888,0.7984460479063421,0.10016410523850751,0.9029466271094538,0.09044284098254673,8.0,10.0,8.0,-0.09999999999999432,0
81.5,81.5,0.8888888888888888,0.7984460479063421,0.10016410523850751,0.9029466271094538,0.09044284098254673,8.0,10.0,8.0,0.0,0
81.5,81.5,0.8888888888888888,0.7984460479063421,0.10016410523850751,0.9029466271094538,0.09044284098254673,8.0,10.0,8.0,-0.09999999999999432,0
81.5,81.5,0.8888888888888888,0.7984460479063421,0.10016410523850751,0.9029466271094538,0.09044284098254673,8.0,10.0,8.0,-0.09999999999999432,0
82.5,82.5,0.875,0.8436088693985754,0.0979124449792954,0.3206040928511447,0.03139113060142462,8.0,8.0,7.0,0.09999999999999432,0
82.5,82.5,0.875,0.8436088693985754,0.0979124449792954,0.3206040928511447,0.03139113060142462,8.0,8.0,7.0,-0.20000000000000284,0
82.5,82.5,0.875,0.8436088693985754,0.0979124449792954,0.3206040928511447,0.03139113060142462,8.0,8.0,7.0,-0.09999999999999432,0
82.5,82.5,0.875,0.8436088693985754,0.0979124449792954,0.3206040928511447,0.03139113060142462,8.0,8.0,7.0,0.0,0
82.5,82.5,0.875,0.8436088693985754,0.0979124449792954,0.3206040928511447,0.03139113060142462,8.0,8.0,7.0,-0.09999999999999432,0
82.5,82.5,0.875,0.8436088693985754,0.0979124449792954,0.3206040928511447,0.03139113060142462,8.0,8.0,7.0,-0.09999999999999432,0
82.5,82.5,0.875,0.8436088693985754,0.0979124449792954,0.3206040928511447,0.03139113060142462,8.0,8.0,7.0,-0.7000000000000028,0
83.5,83.5,0.8888888888888888,0.8327431031386914,0.08915978885796845,0.6297209366392478,0.05614578575019746,9.0,9.0,8.0,-0.20000000000000284,0
83.5,83.5,0.8888888888888888,0.8327431031386914,0.08915978885796845,0.6297209366392478,0.05614578575019746,9.0,9.0,8.0,-0.09999999999999432,0
83.5,83.5,0.8888888888888888,0.8327431031386914,0.08915978885796845,0.6297209366392478,0.05614578575019746,9.0,9.0,8.0,0.0,0
83.5,83.5,0.8888888888888888,0.8327431031386914,0.08915978885796845,0.6297209366392478,0.05614578575019746,9.0,9.0,8.0,-0.09999999999999432,0
83.5,83.5,0.8888888888888888,0.8327431031386914,0.08915978885796845,0.6297209366392478,0.05614578575019746,9.0,9.0,8.0,-0.09999999999999432,0
83.5,83.5,0.8888888888888888,0.8327431031386914,0.08915978885796845,0.6297209366392478,0.05614578575019746,9.0,9.0,8.0,-0.7000000000000028,0
83.5,83.5,0.8888888888888888,0.8327431031386914,0.08915978885796845,0.6297209366392478,0.05614578575019746,9.0,9.0,8.0,-1.0,0
83.5,83.5,0.8888888888888888,0.8327431031386914,0.08915978885796845,0.6297209366392478,0.05614578575019746,9.0,9.0,8.0,-0.7999999999999972,0
84.5,84.5,0.9411764705882353,0.8527681676854277,0.09604735011196468,0.9204658202412445,0.08840830290280755,8.0,9.0,8.0,0.0,0
84.5,84.5,0.9411764705882353,0.8527681676854277,0.09604735011196468,0.9204658202412445,0.08840830290280755,8.0,9.0,8.0,-0.09999999999999432,0
84.5,84.5,0.9411764705882353,0.8527681676854277,0.09604735011196468,0.9204658202412445,0.08840830290280755,8.0,9.0,8.0,-0.09999999999999432,0
84.5,84.5,0.9411764705882353,0.8527681676854277,0.09604735011196468,0.9204658202412445,0.08840830290280755,8.0,9.0,8.0,-0.7000000000000028,0
84.5,84.5,0.9411764705882353,0.8527681676854277,0.09604735011196468,0.9204658202412445,0.08840830290280755,8.0,9.0,8.0,-1.0,0
84.5,84.5,0.9411764705882353,0.8527681676854277,0.09604735011196468,0.9204658202412445,0.08840830290280755,8.0,9.0,8.0,-0.7999999999999972,0
84.5,84.5,0.9411764705882353,0.8527681676854277,0.09604735011196468,0.9204658202412445,0.08840830290280755,8.0,9.0,8.0,-0.5999999999999943,0
84.5,84.5,0.9411764705882353,0.8527681676854277,0.09604735011196468,0.9204658202412445,0.08840830290280755,8.0,9.0,8.0,-0.4000000000000057,0
85.5,85.5,0.9411764705882353,0.8622119550384257,0.10485125369817302,0.7531098843807669,0.07896451554980954,8.0,9.0,8.0,-0.09999999999999432,0
85.5,85.5,0.9411764705882353,0.8622119550384257,0.10485125369817302,0.7531098843807669,0.07896451554980954,8.0,9.0,8.0,-0.7000000000000028,0
85.5,85.5,0.9411764705882353,0.8622119550384257,0.10485125369817302,0.7531098843807669,0.07896451554980954,8.0,9.0,8.0,-1.0,0
85.5,85.5,0.9411764705882353,0.8622119550384257,0.10485125369817302,0.7531098843807669,0.07896451554980954,8.0,9.0,8.0,-0.7999999999999972,0
85.5,85.5,0.9411764705882353,0.8622119550384257,0.10485125369817302,0.7531098843807669,0.07896451554980954,8.0,9.0,8.0,-0.5999999999999943,0
85.5,85.5,0.9411764705882353,0.8622119550384257,0.10485125369817302,0.7531098843807669,0.07896451554980954,8.0,9.0,8.0,-0.4000000000000057,0
85.5,85.5,0.9411764705882353,0.8622119550384257,0.10485125369817302,0.7531098843807669,0.07896451554980954,8.0,9.0,8.0,-0.20000000000000284,0
85.5,85.5,0.9411764705882353,0.8622119550384257,0.10485125369817302,0.7531098843807669,0.07896451554980954,8.0,9.0,8.0,-0.20000000000000284,0
86.5,86.5,1.0,0.8728146550388037,0.10300249551107356,1.234779257824126,0.12718534496119627,9.0,9.0,9.0,-0.7000000000000028,0
86.5,86.5,1.0,0.8728146550388037,0.10300249551107356,1.234779257824126,0.12718534496119627,9.0,9.0,9.0,-1.0,0
86.5,86.5,1.0,0.8728146550388037,0.10300249551107356,1.234779257824126,0.12718534496119627,9.0,9.0,9.0,-0.7999999999999972,0
86.5,86.5,1.0,0.8728146550388037,0.10300249551107356,1.234779257824126,0.12718534496119627,9.0,9.0,9.0,-0.5999999999999943,0
86.5,86.5,1.0,0.8728146550388037,0.10300249551107356,1.234779257824126,0.12718534496119627,9.0,9.0,9.0,-0.4000000000000057,0
86.5,86.5,1.0,0.8728146550388037,0.10300249551107356,1.234779257824126,0.12718534496119627,9.0,9.0,9.0,-0.20000000000000284,0
86.5,86.5,1.0,0.8728146550388037,0.10300249551107356,1.234779257824126,0.12718534496119627,9.0,9.0,9.0,-0.20000000000000284,0
86.5,86.5,1.0,0.8728146550388037,0.10300249551107356,1.234779257824126,0.12718534496119627,9.0,9.0,9.0,-0.09999999999999432,0
86.5,86.5,1.0,0.8728146550388037,0.10300249551107356,1.234779257824126,0.12718534496119627,9.0,9.0,9.0,0.0,0
87.5,87.5,0.9473684210526315,0.8249070602600016,0.10277143538918757,1.1915894755082297,0.12246136079262993,9.0,10.0,9.0,-0.3999999999999915,0
87.5,87.5,0.9473684210526315,0.8249070602600016,0.10277143538918757,1.1915894755082297,0.12246136079262993,9.0,10.0,9.0,-0.09999999999999432,0
87.5,87.5,0.9473684210526315,0.8249070602600016,0.10277143538918757,1.1915894755082297,0.12246136079262993,9.0,10.0,9.0,0.0,0
87.5,87.5,0.9473684210526315,0.8249070602600016,0.10277143538918757,1.1915894755082297,0.12246136079262993,9.0,10.0,9.0,-0.20000000000000284,0
87.5,87.5,0.9473684210526315,0.8249070602600016,0.10277143538918757,1.1915894755082297,0.12246136079262993,9.0,10.0,9.0,-0.20000000000000284,0
87.5,87.5,0.9473684210526315,0.8249070602600016,0.10277143538918757,1.1915894755082297,0.12246136079262993,9.0,10.0,9.0,-0.09999999999999432,0
87.5,87.5,0.9473684210526315,0.8249070602600016,0.10277143538918757,1.1915894755082297,0.12246136079262993,9.0,10.0,9.0,0.0,0
87.5,87.5,0.9473684210526315,0.8249070602600016,0.10277143538918757,1.1915894755082297,0.12246136079262993,9.0,10.0,9.0,-0.19999999999998863,0
87.5,87.5,0.9473684210526315,0.8249070602600016,0.10277143538918757,1.1915894755082297,0.12246136079262993,9.0,10.0,9.0,0.0,0
88.5,88.5,0.8421052631578947,0.7798173509754779,0.10070375269932356,0.6185262268069897,0.062287912182416805,8.0,11.0,8.0,0.0,0
88.5,88.5,0.8421052631578947,0.7798173509754779,0.10070375269932356,0.6185262268069897,0.062287912182416805,8.0,11.0,8.0,-0.20000000000000284,0
88.5,88.5,0.8421052631578947,0.7798173509754779,0.10070375269932356,0.6185262268069897,0.062287912182416805,8.0,11.0,8.0,-0.20000000000000284,0
88.5,88.5,0.8421052631578947,0.7798173509754779,0.10070375269932356,0.6185262268069897,0.062287912182416805,8.0,11.0,8.0,-0.09999999999999432,0
88.5,88.5,0.8421052631578947,0.7798173509754779,0.10070375269932356,0.6185262268069897,0.062287912182416805,8.0,11.0,8.0,0.0,0
88.5,88.5,0.8421052631578947,0.7798173509754779,0.10070375269932356,0.6185262268069897,0.062287912182416805,8.0,11.0,8.0,-0.19999999999998863,0
88.5,88.5,0.8421052631578947,0.7798173509754779,0.10070375269932356,0.6185262268069897,0.062287912182416805,8.0,11.0,8.0,0.0,0
88.5,88.5,0.8421052631578947,0.7798173509754779,0.10070375269932356,0.6185262268069897,0.062287912182416805,8.0,11.0,8.0,0.09999999999999432,0
89.5,89.5,1.0,0.8603023311483838,0.1047321253629299,1.333856907491561,0.13969766885161616,9.0,9.0,9.0,-0.20000000000000284,0
89.5,89.5,1.0,0.8603023311483838,0.1047321253629299,1.333856907491561,0.13969766885161616,9.0,9.0,9.0,-0.20000000000000284,0
89.5,89.5,1.0,0.8603023311483838,0.1047321253629299,1.333856907491561,0.13969766885161616,9.0,9.0,9.0,-0.09999999999999432,0
89.5,89.5,1.0,0.8603023311483838,0.1047321253629299,1.333856907491561,0.13969766885161616,9.0,9.0,9.0,0.0,0
89.5,89.5,1.0,0.8603023311483838,0.1047321253629299,1.333856907491561,0.13969766885161616,9.0,9.0,9.0,-0.19999999999998863,0
89.5,89.5,1.0,0.8603023311483838,0.1047321253629299,1.333856907491561,0.13969766885161616,9.0,9.0,9.0,0.0,0
89.5,89.5,1.0,0.8603023311483838,0.1047321253629299,1.333856907491561,0.13969766885161616,9.0,9.0,9.0,0.09999999999999432,0
89.5,89.5,1.0,0.8603023311483838,0.1047321253629299,1.333856907491561,0.13969766885161616,9.0,9.0,9.0,0.29999999999999716,0
89.5,89.5,1.0,0.8603023311483838,0.1047321253629299,1.333856907491561,0.13969766885161616,9.0,9.0,9.0,-0.09999999999999432,0
90.5,90.5,0.8888888888888888,0.8211683216336468,0.09918168415270427,0.6827930765016712,0.067720567255242,8.0,10.0,8.0,-0.09999999999999432,0
90.5,90.5,0.8888888888888888,0.8211683216336468,0.09918168415270427,0.6827930765016712,0.067720567255242,8.0,10.0,8.0,0.0,0
90.5,90.5,0.8888888888888888,0.8211683216336468,0.09918168415270427,0.6827930765016712,0.067720567255242,8.0,10.0,8.0,-0.19999999999998863,0
90.5,90.5,0.8888888888888888,0.8211683216336468,0.09918168415270427,0.6827930765016712,0.067720567255242,8.0,10.0,8.0,0.0,0
90.5,90.5,0.8888888888888888,0.8211683216336468,0.09918168415270427,0.6827930765016712,0.067720567255242,8.0,10.0,8.0,0.09999999999999432,0
90.5,90.5,0.8888888888888888,0.8211683216336468,0.09918168415270427,0.6827930765016712,0.067720567255242,8.0,10.0,8.0,0.29999999999999716,0
90.5,90.5,0.8888888888888888,0.8211683216336468,0.09918168415270427,0.6827930765016712,0.067720567255242,8.0,10.0,8.0,-0.09999999999999432,0
90.5,90.5,0.8888888888888888,0.8211683216336468,0.09918168415270427,0.6827930765016712,0.067720567255242,8.0,10.0,8.0,-0.20000000000000284,0
91.5,91.5,0.9411764705882353,0.829143641721196,0.10047724686052216,1.1150069529926314,0.11203282886703925,8.0,9.0,8.0,0.0,0
91.5,91.5,0.9411764705882353,0.829143641721196,0.10047724686052216,1.1150069529926314,0.11203282886703925,8.0,9.0,8.0,-0.19999999999998863,0
91.5,91.5,0.9411764705882353,0.829143641721196,0.10047724686052216,1.1150069529926314,0.11203282886703925,8.0,9.0,8.0,0.0,0
91.5,91.5,0.9411764705882353,0.829143641721196,0.10047724686052216,1.1150069529926314,0.11203282886703925,8.0,9.0,8.0,0.09999999999999432,0
91.5,91.5,0.9411764705882353,0.829143641721196,0.10047724686052216,1.1150069529926314,0.11203282886703925,8.0,9.0,8.0,0.29999999999999716,0
91.5,91.5,0.9411764705882353,0.829143641721196,0.10047724686052216,1.1150069529926314,0.11203282886703925,8.0,9.0,8.0,-0.09999999999999432,0
91.5,91.5,0.9411764705882353,0.829143641721196,0.10047724686052216,1.1150069529926314,0.11203282886703925,8.0,9.0,8.0,-0.20000000000000284,0
91.5,91.5,0.9411764705882353,0.829143641721196,0.10047724686052216,1.1150069529926314,0.11203282886703925,8.0,9.0,8.0,0.0,0
92.5,92.5,0.9411764705882353,0.8509095483807558,0.10193090952948725,0.8855696728710778,0.09026692220747945,8.0,9.0,8.0,0.0,0
92.5,92.5,0.9411764705882353,0.8509095483807558,0.10193090952948725,0.8855696728710778,0.09026692220747945,8.0,9.0,8.0,0.09999999999999432,0
92.5,92.5,0.9411764705882353,0.8509095483807558,0.10193090952948725,0.8855696728710778,0.09026692220747945,8.0,9.0,8.0,0.29999999999999716,0
92.5,92.5,0.9411764705882353,0.8509095483807558,0.10193090952948725,0.8855696728710778,0.09026692220747945,8.0,9.0,8.0,-0.09999999999999432,0
92.5,92.5,0.9411764705882353,0.8509095483807558,0.10193090952948725,0.8855696728710778,0.09026692220747945,8.0,9.0,8.0,-0.20000000000000284,0
92.5,92.5,0.9411764705882353,0.8509095483807558,0.10193090952948725,0.8855696728710778,0.09026692220747945,8.0,9.0,8.0,0.0,0
92.5,92.5,0.9411764705882353,0.8509095483807558,0.10193090952948725,0.8855696728710778,0.09026692220747945,8.0,9.0,8.0,0.0,0
92.5,92.5,0.9411764705882353,0.8509095483807558,0.10193090952948725,0.8855696728710778,0.09026692220747945,8.0,9.0,8.0,0.20000000000000284,0
93.5,93.5,0.75,0.8234273579877296,0.10362610456362363,-0.7085797376726362,-0.07342735798772959,6.0,10.0,6.0,0.29999999999999716,0
93.5,93.5,0.75,0.8234273579877296,0.10362610456362363,-0.7085797376726362,-0.07342735798772959,6.0,10.0,6.0,-0.09999999999999432,0
93.5,93.5,0.75,0.8234273579877296,0.10362610456362363,-0.7085797376726362,-0.07342735798772959,6.0,10.0,6.0,-0.20000000000000284,0
93.5,93.5,0.75,0.8234273579877296,0.10362610456362363,-0.7085797376726362,-0.07342735798772959,6.0,10.0,6.0,0.0,0
93.5,93.5,0.75,0.8234273579877296,0.10362610456362363,-0.7085797376726362,-0.07342735798772959,6.0,10.0,6.0,0.0,0
93.5,93.5,0.75,0.8234273579877296,0.10362610456362363,-0.7085797376726362,-0.07342735798772959,6.0,10.0,6.0,0.20000000000000284,0
94.5,94.5,0.5333333333333333,0.7786777409209299,0.10170387426528034,-2.412340821428788,-0.24534440758759657,4.0,11.0,4.0,-0.20000000000000284,0
94.5,94.5,0.5333333333333333,0.7786777409209299,0.10170387426528034,-2.412340821428788,-0.24534440758759657,4.0,11.0,4.0,0.0,0
94.5,94.5,0.5333333333333333,0.7786777409209299,0.10170387426528034,-2.412340821428788,-0.24534440758759657,4.0,11.0,4.0,0.0,0
94.5,94.5,0.5333333333333333,0.7786777409209299,0.10170387426528034,-2.412340821428788,-0.24534440758759657,4.0,11.0,4.0,0.20000000000000284,0
95.5,95.5,0.6666666666666666,0.8239983234859396,0.10168882759448461,-1.547187243093029,-0.15733165681927297,5.0,10.0,5.0,0.0,0
95.5,95.5,0.6666666666666666,0.8239983234859396,0.10168882759448461,-1.547187243093029,-0.15733165681927297,5.0,10.0,5.0,0.0,0
95.5,95.5,0.6666666666666666,0.8239983234859396,0.10168882759448461,-1.547187243093029,-0.15733165681927297,5.0,10.0,5.0,0.20000000000000284,0
95.5,95.5,0.6666666666666666,0.8239983234859396,0.10168882759448461,-1.547187243093029,-0.15733165681927297,5.0,10.0,5.0,-0.29999999999999716,0
95.5,95.5,0.6666666666666666,0.8239983234859396,0.10168882759448461,-1.547187243093029,-0.15733165681927297,5.0,10.0,5.0,-0.10000000000000853,0
96.5,96.5,0.5714285714285714,0.7937724285260664,0.10010936136025589,-2.2210096446161836,-0.22234385709749505,4.0,10.0,4.0,0.0,0
96.5,96.5,0.5714285714285714,0.7937724285260664,0.10010936136025589,-2.2210096446161836,-0.22234385709749505,4.0,10.0,4.0,0.20000000000000284,0
96.5,96.5,0.5714285714285714,0.7937724285260664,0.10010936136025589,-2.2210096446161836,-0.22234385709749505,4.0,10.0,4.0,-0.29999999999999716,0
96.5,96.5,0.5714285714285714,0.7937724285260664,0.10010936136025589,-2.2210096446161836,-0.22234385709749505,4.0,10.0,4.0,-0.10000000000000853,0
97.5,97.5,0.46153846153846156,0.7964970480499893,0.1020142522336597,-3.283448921865526,-0.33495858651152777,3.0,10.0,3.0,-0.29999999999999716,0
97.5,97.5,0.46153846153846156,0.7964970480499893,0.1020142522336597,-3.283448921865526,-0.33495858651152777,3.0,10.0,3.0,-0.10000000000000853,0
97.5,97.5,0.46153846153846156,0.7964970480499893,0.1020142522336597,-3.283448921865526,-0.33495858651152777,3.0,10.0,3.0,0.0,0
98.5,98.5,0.6153846153846154,0.7673906630263441,0.09701973164957016,-1.566753948472729,-0.15200604764172865,4.0,9.0,4.0,-0.29999999999999716,0
98.5,98.5,0.6153846153846154,0.7673906630263441,0.09701973164957016,-1.566753948472729,-0.15200604764172865,4.0,9.0,4.0,-0.10000000000000853,0
98.5,98.5,0.6153846153846154,0.7673906630263441,0.09701973164957016,-1.566753948472729,-0.15200604764172865,4.0,9.0,4.0,0.0,0
98.5,98.5,0.6153846153846154,0.7673906630263441,0.09701973164957016,-1.566753948472729,-0.15200604764172865,4.0,9.0,4.0,0.0,0
99.5,99.5,0.8571428571428571,0.870916600719542,0.09354394636778138,-0.1472435588993807,-0.013773743576684927,6.0,8.0,6.0,-0.29999999999999716,0
99.5,99.5,0.8571428571428571,0.870916600719542,0.09354394636778138,-0.1472435588993807,-0.013773743576684927,6.0,8.0,6.0,-0.10000000000000853,0
99.5,99.5,0.8571428571428571,0.870916600719542,0.09354394636778138,-0.1472435588993807,-0.013773743576684927,6.0,8.0,6.0,0.0,0
99.5,99.5,0.8571428571428571,0.870916600719542,0.09354394636778138,-0.1472435588993807,-0.013773743576684927,6.0,8.0,6.0,0.0,0
99.5,99.5,0.8571428571428571,0.870916600719542,0.09354394636778138,-0.1472435588993807,-0.013773743576684927,6.0,8.0,6.0,-0.10000000000000853,0
99.5,99.5,0.8571428571428571,0.870916600719542,0.09354394636778138,-0.1472435588993807,-0.013773743576684927,6.0,8.0,6.0,0.20000000000000284,0
100.5,100.5,0.7692307692307693,0.9023749361749362,0.09279726459840787,-1.4347854704593452,-0.13314416694416698,5.0,8.0,5.0,0.0,0
100.5,100.5,0.7692307692307693,0.9023749361749362,0.09279726459840787,-1.4347854704593452,-0.13314416694416698,5.0,8.0,5.0,0.0,0
100.5,100.5,0.7692307692307693,0.9023749361749362,0.09279726459840787,-1.4347854704593452,-0.13314416694416698,5.0,8.0,5.0,-0.10000000000000853,0
100.5,100.5,0.7692307692307693,0.9023749361749362,0.09279726459840787,-1.4347854704593452,-0.13314416694416698,5.0,8.0,5.0,0.20000000000000284,0
100.5,100.5,0.7692307692307693,0.9023749361749362,0.09279726459840787,-1.4347854704593452,-0.13314416694416698,5.0,8.0,5.0,-0.10000000000000853,0
101.5,101.5,0.8235294117647058,0.823711841821749,0.10091968228928916,-0.0018076756971961395,-0.00018243005704310367,7.0,10.0,7.0,0.0,0
101.5,101.5,0.8235294117647058,0.823711841821749,0.10091968228928916,-0.0018076756971961395,-0.00018243005704310367,7.0,10.0,7.0,0.0,0
101.5,101.5,0.8235294117647058,0.823711841821749,0.10091968228928916,-0.0018076756971961395,-0.00018243005704310367,7.0,10.0,7.0,-0.10000000000000853,0
101.5,101.5,0.8235294117647058,0.823711841821749,0.10091968228928916,-0.0018076756971961395,-0.00018243005704310367,7.0,10.0,7.0,0.20000000000000284,0
101.5,101.5,0.8235294117647058,0.823711841821749,0.10091968228928916,-0.0018076756971961395,-0.00018243005704310367,7.0,10.0,7.0,-0.10000000000000853,0
101.5,101.5,0.8235294117647058,0.823711841821749,0.10091968228928916,-0.0018076756971961395,-0.00018243005704310367,7.0,10.0,7.0,0.0,0
101.5,101.5,0.8235294117647058,0.823711841821749,0.10091968228928916,-0.0018076756971961395,-0.00018243005704310367,7.0,10.0,7.0,-0.10000000000000853,0
102.5,102.5,0.8888888888888888,0.8265565000359119,0.09556596561367596,0.6522446401573,0.06233238885297698,8.0,10.0,8.0,0.0,0
102.5,102.5,0.8888888888888888,0.8265565000359119,0.09556596561367596,0.6522446401573,0.06233238885297698,8.0,10.0,8.0,-0.10000000000000853,0
102.5,102.5,0.8888888888888888,0.8265565000359119,0.09556596561367596,0.6522446401573,0.06233238885297698,8.0,10.0,8.0,0.20000000000000284,0
102.5,102.5,0.8888888888888888,0.8265565000359119,0.09556596561367596,0.6522446401573,0.06233238885297698,8.0,10.0,8.0,-0.10000000000000853,0
102.5,102.5,0.8888888888888888,0.8265565000359119,0.09556596561367596,0.6522446401573,0.06233238885297698,8.0,10.0,8.0,0.0,0
102.5,102.5,0.8888888888888888,0.8265565000359119,0.09556596561367596,0.6522446401573,0.06233238885297698,8.0,10.0,8.0,-0.10000000000000853,0
102.5,102.5,0.8888888888888888,0.8265565000359119,0.09556596561367596,0.6522446401573,0.06233238885297698,8.0,10.0,8.0,0.10000000000000853,0
102.5,102.5,0.8888888888888888,0.8265565000359119,0.09556596561367596,0.6522446401573,0.06233238885297698,8.0,10.0,8.0,0.29999999999999716,0
103.5,103.5,0.8,0.743367505662552,0.09563141596162517,0.5921955015303066,0.05663249433744799,8.0,12.0,8.0,-0.10000000000000853,0
103.5,103.5,0.8,0.743367505662552,0.09563141596162517,0.5921955015303066,0.05663249433744799,8.0,12.0,8.0,0.20000000000000284,0
103.5,103.5,0.8,0.743367505662552,0.09563141596162517,0.5921955015303066,0.05663249433744799,8.0,12.0,8.0,-0.10000000000000853,0
103.5,103.5,0.8,0.743367505662552,0.09563141596162517,0.5921955015303066,0.05663249433744799,8.0,12.0,8.0,0.0,0
103.5,103.5,0.8,0.743367505662552,0.09563141596162517,0.5921955015303066,0.05663249433744799,8.0,12.0,8.0,-0.10000000000000853,0
103.5,103.5,0.8,0.743367505662552,0.09563141596162517,0.5921955015303066,0.05663249433744799,8.0,12.0,8.0,0.10000000000000853,0
103.5,103.5,0.8,0.743367505662552,0.09563141596162517,0.5921955015303066,0.05663249433744799,8.0,12.0,8.0,-0.09999999999999432,0
103.5,103.5,0.8,0.743367505662552,0.09563141596162517,0.5921955015303066,0.05663249433744799,8.0,12.0,8.0,-0.20000000000000284,0
104.5,104.5,0.9,0.7612025111799106,0.09855616346893238,1.4083085616846507,0.13879748882008947,9.0,11.0,9.0,-0.29999999999999716,0
104.5,104.5,0.9,0.7612025111799106,0.09855616346893238,1.4083085616846507,0.13879748882008947,9.0,11.0,9.0,-0.10000000000000853,0
104.5,104.5,0.9,0.7612025111799106,0.09855616346893238,1.4083085616846507,0.13879748882008947,9.0,11.0,9.0,0.0,0
104.5,104.5,0.9,0.7612025111799106,0.09855616346893238,1.4083085616846507,0.13879748882008947,9.0,11.0,9.0,-0.10000000000000853,0
104.5,104.5,0.9,0.7612025111799106,0.09855616346893238,1.4083085616846507,0.13879748882008947,9.0,11.0,9.0,0.10000000000000853,0
104.5,104.5,0.9,0.7612025111799106,0.09855616346893238,1.4083085616846507,0.13879748882008947,9.0,11.0,9.0,-0.09999999999999432,0
104.5,104.5,0.9,0.7612025111799106,0.09855616346893238,1.4083085616846507,0.13879748882008947,9.0,11.0,9.0,-0.20000000000000284,0
104.5,104.5,0.9,0.7612025111799106,0.09855616346893238,1.4083085616846507,0.13879748882008947,9.0,11.0,9.0,0.20000000000000284,0
104.5,104.5,0.9,0.7612025111799106,0.09855616346893238,1.4083085616846507,0.13879748882008947,9.0,11.0,9.0,0.5,0
105.5,105.5,0.8421052631578947,0.7761526647501106,0.09889510818219804,0.6668944462478088,0.06595259840778411,8.0,11.0,8.0,0.0,0
105.5,105.5,0.8421052631578947,0.7761526647501106,0.09889510818219804,0.6668944462478088,0.06595259840778411,8.0,11.0,8.0,-0.10000000000000853,0
105.5,105.5,0.8421052631578947,0.7761526647501106,0.09889510818219804,0.6668944462478088,0.06595259840778411,8.0,11.0,8.0,0.10000000000000853,0
105.5,105.5,0.8421052631578947,0.7761526647501106,0.09889510818219804,0.6668944462478088,0.06595259840778411,8.0,11.0,8.0,-0.09999999999999432,0
105.5,105.5,0.8421052631578947,0.7761526647501106,0.09889510818219804,0.6668944462478088,0.06595259840778411,8.0,11.0,8.0,-0.20000000000000284,0
105.5,105.5,0.8421052631578947,0.7761526647501106,0.09889510818219804,0.6668944462478088,0.06595259840778411,8.0,11.0,8.0,0.20000000000000284,0
105.5,105.5,0.8421052631578947,0.7761526647501106,0.09889510818219804,0.6668944462478088,0.06595259840778411,8.0,11.0,8.0,-0.20000000000000284,0
105.5,105.5,0.8421052631578947,0.7761526647501106,0.09889510818219804,0.6668944462478088,0.06595259840778411,8.0,11.0,8.0,-0.20000000000000284,0
106.5,106.5,0.8888888888888888,0.8226418850671173,0.10139216830016677,0.6533739728856607,0.06624700382177151,8.0,10.0,8.0,0.10000000000000853,0
106.5,106.5,0.8888888888888888,0.8226418850671173,0.10139216830016677,0.6533739728856607,0.06624700382177151,8.0,10.0,8.0,-0.09999999999999432,0
106.5,106.5,0.8888888888888888,0.8226418850671173,0.10139216830016677,0.6533739728856607,0.06624700382177151,8.0,10.0,8.0,-0.20000000000000284,0
106.5,106.5,0.8888888888888888,0.8226418850671173,0.10139216830016677,0.6533739728856607,0.06624700382177151,8.0,10.0,8.0,0.20000000000000284,0
106.5,106.5,0.8888888888888888,0.8226418850671173,0.10139216830016677,0.6533739728856607,0.06624700382177151,8.0,10.0,8.0,-0.20000000000000284,0
106.5,106.5,0.8888888888888888,0.8226418850671173,0.10139216830016677,0.6533739728856607,0.06624700382177151,8.0,10.0,8.0,-0.20000000000000284,0
106.5,106.5,0.8888888888888888,0.8226418850671173,0.10139216830016677,0.6533739728856607,0.06624700382177151,8.0,10.0,8.0,0.0,0
106.5,106.5,0.8888888888888888,0.8226418850671173,0.10139216830016677,0.6533739728856607,0.06624700382177151,8.0,10.0,8.0,0.20000000000000284,0
107.5,107.5,0.8888888888888888,0.8142474755894261,0.10002601215646419,0.7462200250741379,0.07464141329946272,8.0,10.0,8.0,-0.09999999999999432,0
107.5,107.5,0.8888888888888888,0.8142474755894261,0.10002601215646419,0.7462200250741379,0.07464141329946272,8.0,10.0,8.0,-0.20000000000000284,0
107.5,107.5,0.8888888888888888,0.8142474755894261,0.10002601215646419,0.7462200250741379,0.07464141329946272,8.0,10.0,8.0,0.20000000000000284,0
107.5,107.5,0.8888888888888888,0.8142474755894261,0.10002601215646419,0.7462200250741379,0.07464141329946272,8.0,10.0,8.0,-0.20000000000000284,0
107.5,107.5,0.8888888888888888,0.8142474755894261,0.10002601215646419,0.7462200250741379,0.07464141329946272,8.0,10.0,8.0,-0.20000000000000284,0
107.5,107.5,0.8888888888888888,0.8142474755894261,0.10002601215646419,0.7462200250741379,0.07464141329946272,8.0,10.0,8.0,0.0,0
107.5,107.5,0.8888888888888888,0.8142474755894261,0.10002601215646419,0.7462200250741379,0.07464141329946272,8.0,10.0,8.0,-0.19999999999998863,0
107.5,107.5,0.8888888888888888,0.8142474755894261,0.10002601215646419,0.7462200250741379,0.07464141329946272,8.0,10.0,8.0,0.0,0
108.5,108.5,0.8235294117647058,0.8110993407349445,0.09846939568402122,0.12623283552636239,0.012430071029761347,8.0,9.0,7.0,0.20000000000000284,0
108.5,108.5,0.8235294117647058,0.8110993407349445,0.09846939568402122,0.12623283552636239,0.012430071029761347,8.0,9.0,7.0,-0.20000000000000284,0
108.5,108.5,0.8235294117647058,0.8110993407349445,0.09846939568402122,0.12623283552636239,0.012430071029761347,8.0,9.0,7.0,-0.20000000000000284,0
108.5,108.5,0.8235294117647058,0.8110993407349445,0.09846939568402122,0.12623283552636239,0.012430071029761347,8.0,9.0,7.0,0.0,0
108.5,108.5,0.8235294117647058,0.8110993407349445,0.09846939568402122,0.12623283552636239,0.012430071029761347,8.0,9.0,7.0,-0.19999999999998863,0
108.5,108.5,0.8235294117647058,0.8110993407349445,0.09846939568402122,0.12623283552636239,0.012430071029761347,8.0,9.0,7.0,0.0,0
108.5,108.5,0.8235294117647058,0.8110993407349445,0.09846939568402122,0.12623283552636239,0.012430071029761347,8.0,9.0,7.0,-0.4000000000000057,0
109.5,109.5,0.875,0.8496487663351442,0.09820731461573078,0.2581399742376732,0.02535123366485581,7.0,9.0,7.0,-0.20000000000000284,0
109.5,109.5,0.875,0.8496487663351442,0.09820731461573078,0.2581399742376732,0.02535123366485581,7.0,9.0,7.0,-0.20000000000000284,0
109.5,109.5,0.875,0.8496487663351442,0.09820731461573078,0.2581399742376732,0.02535123366485581,7.0,9.0,7.0,0.0,0
109.5,109.5,0.875,0.8496487663351442,0.09820731461573078,0.2581399742376732,0.02535123366485581,7.0,9.0,7.0,-0.19999999999998863,0
109.5,109.5,0.875,0.8496487663351442,0.09820731461573078,0.2581399742376732,0.02535123366485581,7.0,9.0,7.0,0.0,0
109.5,109.5,0.875,0.8496487663351442,0.09820731461573078,0.2581399742376732,0.02535123366485581,7.0,9.0,7.0,-0.4000000000000057,0
109.5,109.5,0.875,0.8496487663351442,0.09820731461573078,0.2581399742376732,0.02535123366485581,7.0,9.0,7.0,-0.3999999999999915,0
110.5,110.5,0.6666666666666666,0.8244868052484153,0.10585065427454858,-1.490969892093487,-0.1578201385817487,5.0,10.0,5.0,0.0,0
110.5,110.5,0.6666666666666666,0.8244868052484153,0.10585065427454858,-1.490969892093487,-0.1578201385817487,5.0,10.0,5.0,-0.19999999999998863,0
110.5,110.5,0.6666666666666666,0.8244868052484153,0.10585065427454858,-1.490969892093487,-0.1578201385817487,5.0,10.0,5.0,0.0,0
110.5,110.5,0.6666666666666666,0.8244868052484153,0.10585065427454858,-1.490969892093487,-0.1578201385817487,5.0,10.0,5.0,-0.4000000000000057,0
110.5,110.5,0.6666666666666666,0.8244868052484153,0.10585065427454858,-1.490969892093487,-0.1578201385817487,5.0,10.0,5.0,-0.3999999999999915,0
111.5,111.5,0.5714285714285714,0.8266224516797273,0.10591308944254217,-2.4094649829811496,-0.25519388025115586,4.0,10.0,4.0,0.0,0
111.5,111.5,0.5714285714285714,0.8266224516797273,0.10591308944254217,-2.4094649829811496,-0.25519388025115586,4.0,10.0,4.0,-0.4000000000000057,0
111.5,111.5,0.5714285714285714,0.8266224516797273,0.10591308944254217,-2.4094649829811496,-0.25519388025115586,4.0,10.0,4.0,-0.3999999999999915,0
111.5,111.5,0.5714285714285714,0.8266224516797273,0.10591308944254217,-2.4094649829811496,-0.25519388025115586,4.0,10.0,4.0,0.19999999999998863,0
112.5,112.5,0.5714285714285714,0.8213697853230363,0.10443404823255314,-2.393292399600341,-0.2499412138944649,4.0,10.0,4.0,-0.4000000000000057,0
112.5,112.5,0.5714285714285714,0.8213697853230363,0.10443404823255314,-2.393292399600341,-0.2499412138944649,4.0,10.0,4.0,-0.3999999999999915,0
112.5,112.5,0.5714285714285714,0.8213697853230363,0.10443404823255314,-2.393292399600341,-0.2499412138944649,4.0,10.0,4.0,0.19999999999998863,0
112.5,112.5,0.5714285714285714,0.8213697853230363,0.10443404823255314,-2.393292399600341,-0.2499412138944649,4.0,10.0,4.0,0.09999999999999432,0
113.5,113.5,0.42857142857142855,0.7796947822988846,0.10006933106216327,-3.508800848377186,-0.351123353727456,3.0,11.0,3.0,0.19999999999998863,0
113.5,113.5,0.42857142857142855,0.7796947822988846,0.10006933106216327,-3.508800848377186,-0.351123353727456,3.0,11.0,3.0,0.09999999999999432,0
113.5,113.5,0.42857142857142855,0.7796947822988846,0.10006933106216327,-3.508800848377186,-0.351123353727456,3.0,11.0,3.0,-0.20000000000000284,0
114.5,114.5,0.5333333333333333,0.7877364414996768,0.09654698355908485,-2.6350187109745775,-0.2544031081663435,5.0,10.0,4.0,0.19999999999998863,0
114.5,114.5,0.5333333333333333,0.7877364414996768,0.09654698355908485,-2.6350187109745775,-0.2544031081663435,5.0,10.0,4.0,0.09999999999999432,0
114.5,114.5,0.5333333333333333,0.7877364414996768,0.09654698355908485,-2.6350187109745775,-0.2544031081663435,5.0,10.0,4.0,-0.20000000000000284,0
114.5,114.5,0.5333333333333333,0.7877364414996768,0.09654698355908485,-2.6350187109745775,-0.2544031081663435,5.0,10.0,4.0,-0.09999999999999432,0
115.5,115.5,0.75,0.858037165594983,0.09679197855693987,-1.1161789148821657,-0.108037165594983,7.0,9.0,6.0,-0.30000000000001137,0
115.5,115.5,0.75,0.858037165594983,0.09679197855693987,-1.1161789148821657,-0.108037165594983,7.0,9.0,6.0,0.09999999999999432,0
115.5,115.5,0.75,0.858037165594983,0.09679197855693987,-1.1161789148821657,-0.108037165594983,7.0,9.0,6.0,-0.20000000000000284,0
115.5,115.5,0.75,0.858037165594983,0.09679197855693987,-1.1161789148821657,-0.108037165594983,7.0,9.0,6.0,-0.09999999999999432,0
115.5,115.5,0.75,0.858037165594983,0.09679197855693987,-1.1161789148821657,-0.108037165594983,7.0,9.0,6.0,-0.19999999999998863,0
115.5,115.5,0.75,0.858037165594983,0.09679197855693987,-1.1161789148821657,-0.108037165594983,7.0,9.0,6.0,-0.09999999999999432,0
116.5,116.5,0.8235294117647058,0.8311546645648814,0.09814291929873706,-0.07769539417270716,-0.007625252800175564,7.0,10.0,7.0,0.09999999999999432,0
116.5,116.5,0.8235294117647058,0.8311546645648814,0.09814291929873706,-0.07769539417270716,-0.007625252800175564,7.0,10.0,7.0,-0.20000000000000284,0
116.5,116.5,0.8235294117647058,0.8311546645648814,0.09814291929873706,-0.07769539417270716,-0.007625252800175564,7.0,10.0,7.0,-0.09999999999999432,0
116.5,116.5,0.8235294117647058,0.8311546645648814,0.09814291929873706,-0.07769539417270716,-0.007625252800175564,7.0,10.0,7.0,-0.19999999999998863,0
116.5,116.5,0.8235294117647058,0.8311546645648814,0.09814291929873706,-0.07769539417270716,-0.007625252800175564,7.0,10.0,7.0,-0.09999999999999432,0
116.5,116.5,0.8235294117647058,0.8311546645648814,0.09814291929873706,-0.07769539417270716,-0.007625252800175564,7.0,10.0,7.0,-0.09999999999999432,0
116.5,116.5,0.8235294117647058,0.8311546645648814,0.09814291929873706,-0.07769539417270716,-0.007625252800175564,7.0,10.0,7.0,0.09999999999999432,0
117.5,117.5,0.8888888888888888,0.8311434523337,0.09969619132728601,0.5792140681244298,0.05774543655518882,8.0,10.0,8.0,-0.20000000000000284,0
117.5,117.5,0.8888888888888888,0.8311434523337,0.09969619132728601,0.5792140681244298,0.05774543655518882,8.0,10.0,8.0,-0.09999999999999432,0
117.5,117.5,0.8888888888888888,0.8311434523337,0.09969619132728601,0.5792140681244298,0.05774543655518882,8.0,10.0,8.0,-0.19999999999998863,0
117.5,117.5,0.8888888888888888,0.8311434523337,0.09969619132728601,0.5792140681244298,0.05774543655518882,8.0,10.0,8.0,-0.09999999999999432,0
117.5,117.5,0.8888888888888888,0.8311434523337,0.09969619132728601,0.5792140681244298,0.05774543655518882,8.0,10.0,8.0,-0.09999999999999432,0
117.5,117.5,0.8888888888888888,0.8311434523337,0.09969619132728601,0.5792140681244298,0.05774543655518882,8.0,10.0,8.0,0.09999999999999432,0
117.5,117.5,0.8888888888888888,0.8311434523337,0.09969619132728601,0.5792140681244298,0.05774543655518882,8.0,10.0,8.0,-0.09999999999999432,0
117.5,117.5,0.8888888888888888,0.8311434523337,0.09969619132728601,0.5792140681244298,0.05774543655518882,8.0,10.0,8.0,0.10000000000000853,0
118.5,118.5,0.8421052631578947,0.7819891518010713,0.09600581667646824,0.6261715533279589,0.060116111356823376,8.0,11.0,8.0,-0.09999999999999432,0
118.5,118.5,0.8421052631578947,0.7819891518010713,0.09600581667646824,0.6261715533279589,0.060116111356823376,8.0,11.0,8.0,-0.19999999999998863,0
118.5,118.5,0.8421052631578947,0.7819891518010713,0.09600581667646824,0.6261715533279589,0.060116111356823376,8.0,11.0,8.0,-0.09999999999999432,0
118.5,118.5,0.8421052631578947,0.7819891518010713,0.09600581667646824,0.6261715533279589,0.060116111356823376,8.0,11.0,8.0,-0.09999999999999432,0
118.5,118.5,0.8421052631578947,0.7819891518010713,0.09600581667646824,0.6261715533279589,0.060116111356823376,8.0,11.0,8.0,0.09999999999999432,0
118.5,118.5,0.8421052631578947,0.7819891518010713,0.09600581667646824,0.6261715533279589,0.060116111356823376,8.0,11.0,8.0,-0.09999999999999432,0
118.5,118.5,0.8421052631578947,0.7819891518010713,0.09600581667646824,0.6261715533279589,0.060116111356823376,8.0,11.0,8.0,0.10000000000000853,0
118.5,118.5,0.8421052631578947,0.7819891518010713,0.09600581667646824,0.6261715533279589,0.060116111356823376,8.0,11.0,8.0,-0.20000000000000284,0
119.5,119.5,0.7777777777777778,0.7725494078333088,0.09756069644654929,0.05359094527716325,0.005228369944468958,7.0,11.0,7.0,-0.09999999999999432,0
119.5,119.5,0.7777777777777778,0.7725494078333088,0.09756069644654929,0.05359094527716325,0.005228369944468958,7.0,11.0,7.0,-0.09999999999999432,0
119.5,119.5,0.7777777777777778,0.7725494078333088,0.09756069644654929,0.05359094527716325,0.005228369944468958,7.0,11.0,7.0,0.09999999999999432,0
119.5,119.5,0.7777777777777778,0.7725494078333088,0.09756069644654929,0.05359094527716325,0.005228369944468958,7.0,11.0,7.0,-0.09999999999999432,0
119.5,119.5,0.7777777777777778,0.7725494078333088,0.09756069644654929,0.05359094527716325,0.005228369944468958,7.0,11.0,7.0,0.10000000000000853,0
119.5,119.5,0.7777777777777778,0.7725494078333088,0.09756069644654929,0.05359094527716325,0.005228369944468958,7.0,11.0,7.0,-0.20000000000000284,0
119.5,119.5,0.7777777777777778,0.7725494078333088,0.09756069644654929,0.05359094527716325,0.005228369944468958,7.0,11.0,7.0,0.30000000000001137,0
120.5,120.5,0.8235294117647058,0.7684606351852483,0.0933003849880799,0.5902309683555232,0.05506877657945752,7.0,10.0,7.0,-0.09999999999999432,0
120.5,120.5,0.8235294117647058,0.7684606351852483,0.0933003849880799,0.5902309683555232,0.05506877657945752,7.0,10.0,7.0,0.09999999999999432,0
120.5,120.5,0.8235294117647058,0.7684606351852483,0.0933003849880799,0.5902309683555232,0.05506877657945752,7.0,10.0,7.0,-0.09999999999999432,0
120.5,120.5,0.8235294117647058,0.7684606351852483,0.0933003849880799,0.5902309683555232,0.05506877657945752,7.0,10.0,7.0,0.10000000000000853,0
120.5,120.5,0.8235294117647058,0.7684606351852483,0.0933003849880799,0.5902309683555232,0.05506877657945752,7.0,10.0,7.0,-0.20000000000000284,0
120.5,120.5,0.8235294117647058,0.7684606351852483,0.0933003849880799,0.5902309683555232,0.05506877657945752,7.0,10.0,7.0,0.30000000000001137,0
120.5,120.5,0.8235294117647058,0.7684606351852483,0.0933003849880799,0.5902309683555232,0.05506877657945752,7.0,10.0,7.0,-0.30000000000001137,0
121.5,121.5,0.875,0.8518074337427278,0.09220557582139396,0.2515310603579673,0.023192566257272174,7.0,9.0,7.0,-0.09999999999999432,0
121.5,121.5,0.875,0.8518074337427278,0.09220557582139396,0.2515310603579673,0.023192566257272174,7.0,9.0,7.0,0.10000000000000853,0
121.5,121.5,0.875,0.8518074337427278,0.09220557582139396,0.2515310603579673,0.023192566257272174,7.0,9.0,7.0,-0.20000000000000284,0
121.5,121.5,0.875,0.8518074337427278,0.09220557582139396,0.2515310603579673,0.023192566257272174,7.0,9.0,7.0,0.30000000000001137,0
121.5,121.5,0.875,0.8518074337427278,0.09220557582139396,0.2515310603579673,0.023192566257272174,7.0,9.0,7.0,-0.30000000000001137,0
121.5,121.5,0.875,0.8518074337427278,0.09220557582139396,0.2515310603579673,0.023192566257272174,7.0,9.0,7.0,-0.4000000000000057,0
121.5,121.5,0.875,0.8518074337427278,0.09220557582139396,0.2515310603579673,0.023192566257272174,7.0,9.0,7.0,-0.29999999999999716,0
122.5,122.5,0.875,0.8670780673402966,0.09294124173277073,0.085235924461618,0.007921932659703423,7.0,9.0,7.0,-0.20000000000000284,0
122.5,122.5,0.875,0.8670780673402966,0.09294124173277073,0.085235924461618,0.007921932659703423,7.0,9.0,7.0,0.30000000000001137,0
122.5,122.5,0.875,0.8670780673402966,0.09294124173277073,0.085235924461618,0.007921932659703423,7.0,9.0,7.0,-0.30000000000001137,0
122.5,122.5,0.875,0.8670780673402966,0.09294124173277073,0.085235924461618,0.007921932659703423,7.0,9.0,7.0,-0.4000000000000057,0
122.5,122.5,0.875,0.8670780673402966,0.09294124173277073,0.085235924461618,0.007921932659703423,7.0,9.0,7.0,-0.29999999999999716,0
122.5,122.5,0.875,0.8670780673402966,0.09294124173277073,0.085235924461618,0.007921932659703423,7.0,9.0,7.0,-0.20000000000000284,0
122.5,122.5,0.875,0.8670780673402966,0.09294124173277073,0.085235924461618,0.007921932659703423,7.0,9.0,7.0,-0.29999999999999716,0
123.5,123.5,0.9411764705882353,0.8752749214665624,0.10196015972133324,0.6463460757788931,0.0659015491216729,8.0,9.0,8.0,0.30000000000001137,0
123.5,123.5,0.9411764705882353,0.8752749214665624,0.10196015972133324,0.6463460757788931,0.0659015491216729,8.0,9.0,8.0,-0.30000000000001137,0
123.5,123.5,0.9411764705882353,0.8752749214665624,0.10196015972133324,0.6463460757788931,0.0659015491216729,8.0,9.0,8.0,-0.4000000000000057,0
123.5,123.5,0.9411764705882353,0.8752749214665624,0.10196015972133324,0.6463460757788931,0.0659015491216729,8.0,9.0,8.0,-0.29999999999999716,0
123.5,123.5,0.9411764705882353,0.8752749214665624,0.10196015972133324,0.6463460757788931,0.0659015491216729,8.0,9.0,8.0,-0.20000000000000284,0
123.5,123.5,0.9411764705882353,0.8752749214665624,0.10196015972133324,0.6463460757788931,0.0659015491216729,8.0,9.0,8.0,-0.29999999999999716,0
123.5,123.5,0.9411764705882353,0.8752749214665624,0.10196015972133324,0.6463460757788931,0.0659015491216729,8.0,9.0,8.0,-0.20000000000000284,0
123.5,123.5,0.9411764705882353,0.8752749214665624,0.10196015972133324,0.6463460757788931,0.0659015491216729,8.0,9.0,8.0,0.09999999999999432,0
124.5,124.5,0.875,0.8786809793148029,0.10124223828371416,-0.03635813843316676,-0.0036809793148029346,7.0,9.0,7.0,-0.30000000000001137,0
124.5,124.5,0.875,0.8786809793148029,0.10124223828371416,-0.03635813843316676,-0.0036809793148029346,7.0,9.0,7.0,-0.4000000000000057,0
124.5,124.5,0.875,0.8786809793148029,0.10124223828371416,-0.03635813843316676,-0.0036809793148029346,7.0,9.0,7.0,-0.29999999999999716,0
124.5,124.5,0.875,0.8786809793148029,0.10124223828371416,-0.03635813843316676,-0.0036809793148029346,7.0,9.0,7.0,-0.20000000000000284,0
124.5,124.5,0.875,0.8786809793148029,0.10124223828371416,-0.03635813843316676,-0.0036809793148029346,7.0,9.0,7.0,-0.29999999999999716,0
124.5,124.5,0.875,0.8786809793148029,0.10124223828371416,-0.03635813843316676,-0.0036809793148029346,7.0,9.0,7.0,-0.20000000000000284,0
124.5,124.5,0.875,0.8786809793148029,0.10124223828371416,-0.03635813843316676,-0.0036809793148029346,7.0,9.0,7.0,0.09999999999999432,0
125.5,125.5,0.8888888888888888,0.8255106450137412,0.10080336030186417,0.6287314597981275,0.06337824387514768,8.0,10.0,8.0,-0.4000000000000057,0
125.5,125.5,0.8888888888888888,0.8255106450137412,0.10080336030186417,0.6287314597981275,0.06337824387514768,8.0,10.0,8.0,-0.29999999999999716,0
125.5,125.5,0.8888888888888888,0.8255106450137412,0.10080336030186417,0.6287314597981275,0.06337824387514768,8.0,10.0,8.0,-0.20000000000000284,0
125.5,125.5,0.8888888888888888,0.8255106450137412,0.10080336030186417,0.6287314597981275,0.06337824387514768,8.0,10.0,8.0,-0.29999999999999716,0
125.5,125.5,0.8888888888888888,0.8255106450137412,0.10080336030186417,0.6287314597981275,0.06337824387514768,8.0,10.0,8.0,-0.20000000000000284,0
125.5,125.5,0.8888888888888888,0.8255106450137412,0.10080336030186417,0.6287314597981275,0.06337824387514768,8.0,10.0,8.0,0.09999999999999432,0
125.5,125.5,0.8888888888888888,0.8255106450137412,0.10080336030186417,0.6287314597981275,0.06337824387514768,8.0,10.0,8.0,0.19999999999998863,0
125.5,125.5,0.8888888888888888,0.8255106450137412,0.10080336030186417,0.6287314597981275,0.06337824387514768,8.0,10.0,8.0,0.0,0
126.5,126.5,0.8235294117647058,0.7719563169802334,0.0992812856111254,0.519464413328399,0.05157309478447247,7.0,10.0,7.0,-0.20000000000000284,0
126.5,126.5,0.8235294117647058,0.7719563169802334,0.0992812856111254,0.519464413328399,0.05157309478447247,7.0,10.0,7.0,-0.29999999999999716,0
126.5,126.5,0.8235294117647058,0.7719563169802334,0.0992812856111254,0.519464413328399,0.05157309478447247,7.0,10.0,7.0,-0.20000000000000284,0
126.5,126.5,0.8235294117647058,0.7719563169802334,0.0992812856111254,0.519464413328399,0.05157309478447247,7.0,10.0,7.0,0.09999999999999432,0
126.5,126.5,0.8235294117647058,0.7719563169802334,0.0992812856111254,0.519464413328399,0.05157309478447247,7.0,10.0,7.0,0.19999999999998863,0
126.5,126.5,0.8235294117647058,0.7719563169802334,0.0992812856111254,0.519464413328399,0.05157309478447247,7.0,10.0,7.0,0.0,0
126.5,126.5,0.8235294117647058,0.7719563169802334,0.0992812856111254,0.519464413328399,0.05157309478447247,7.0,10.0,7.0,0.19999999999998863,0
127.5,127.5,0.75,0.7517521503608192,0.09863915898417117,-0.017763232968160108,-0.0017521503608192157,7.0,9.0,6.0,-0.20000000000000284,0
127.5,127.5,0.75,0.7517521503608192,0.09863915898417117,-0.017763232968160108,-0.0017521503608192157,7.0,9.0,6.0,0.09999999999999432,0
127.5,127.5,0.75,0.7517521503608192,0.09863915898417117,-0.017763232968160108,-0.0017521503608192157,7.0,9.0,6.0,0.19999999999998863,0
127.5,127.5,0.75,0.7517521503608192,0.09863915898417117,-0.017763232968160108,-0.0017521503608192157,7.0,9.0,6.0,0.0,0
127.5,127.5,0.75,0.7517521503608192,0.09863915898417117,-0.017763232968160108,-0.0017521503608192157,7.0,9.0,6.0,0.19999999999998863,0
127.5,127.5,0.75,0.7517521503608192,0.09863915898417117,-0.017763232968160108,-0.0017521503608192157,7.0,9.0,6.0,0.0,0
128.5,128.5,0.875,0.8550775998511293,0.0929174398168142,0.21440969734150567,0.0199224001488707,8.0,8.0,7.0,-0.4000000000000057,0
128.5,128.5,0.875,0.8550775998511293,0.0929174398168142,0.21440969734150567,0.0199224001488707,8.0,8.0,7.0,0.19999999999998863,0
128.5,128.5,0.875,0.8550775998511293,0.0929174398168142,0.21440969734150567,0.0199224001488707,8.0,8.0,7.0,0.0,0
128.5,128.5,0.875,0.8550775998511293,0.0929174398168142,0.21440969734150567,0.0199224001488707,8.0,8.0,7.0,0.19999999999998863,0
128.5,128.5,0.875,0.8550775998511293,0.0929174398168142,0.21440969734150567,0.0199224001488707,8.0,8.0,7.0,0.0,0
128.5,128.5,0.875,0.8550775998511293,0.0929174398168142,0.21440969734150567,0.0199224001488707,8.0,8.0,7.0,-0.5,0
128.5,128.5,0.875,0.8550775998511293,0.0929174398168142,0.21440969734150567,0.0199224001488707,8.0,8.0,7.0,-0.5,0
129.5,129.5,0.9411764705882353,0.8925912362147658,0.08969597120611227,0.5416657372695766,0.04858523437346951,9.0,8.0,8.0,-0.30000000000001137,0
129.5,129.5,0.9411764705882353,0.8925912362147658,0.08969597120611227,0.5416657372695766,0.04858523437346951,9.0,8.0,8.0,0.0,0
129.5,129.5,0.9411764705882353,0.8925912362147658,0.08969597120611227,0.5416657372695766,0.04858523437346951,9.0,8.0,8.0,0.19999999999998863,0
129.5,129.5,0.9411764705882353,0.8925912362147658,0.08969597120611227,0.5416657372695766,0.04858523437346951,9.0,8.0,8.0,0.0,0
129.5,129.5,0.9411764705882353,0.8925912362147658,0.08969597120611227,0.5416657372695766,0.04858523437346951,9.0,8.0,8.0,-0.5,0
129.5,129.5,0.9411764705882353,0.8925912362147658,0.08969597120611227,0.5416657372695766,0.04858523437346951,9.0,8.0,8.0,-0.5,0
129.5,129.5,0.9411764705882353,0.8925912362147658,0.08969597120611227,0.5416657372695766,0.04858523437346951,9.0,8.0,8.0,-0.39999999999997726,0
129.5,129.5,0.9411764705882353,0.8925912362147658,0.08969597120611227,0.5416657372695766,0.04858523437346951,9.0,8.0,8.0,-0.29999999999998295,0
130.5,130.5,1.0,0.9047139685477921,0.09243213452573514,1.0308755925752013,0.09528603145220793,8.0,8.0,8.0,0.19999999999998863,0
130.5,130.5,1.0,0.9047139685477921,0.09243213452573514,1.0308755925752013,0.09528603145220793,8.0,8.0,8.0,0.0,0
130.5,130.5,1.0,0.9047139685477921,0.09243213452573514,1.0308755925752013,0.09528603145220793,8.0,8.0,8.0,-0.5,0
130.5,130.5,1.0,0.9047139685477921,0.09243213452573514,1.0308755925752013,0.09528603145220793,8.0,8.0,8.0,-0.5,0
130.5,130.5,1.0,0.9047139685477921,0.09243213452573514,1.0308755925752013,0.09528603145220793,8.0,8.0,8.0,-0.39999999999997726,0
130.5,130.5,1.0,0.9047139685477921,0.09243213452573514,1.0308755925752013,0.09528603145220793,8.0,8.0,8.0,-0.29999999999998295,0
130.5,130.5,1.0,0.9047139685477921,0.09243213452573514,1.0308755925752013,0.09528603145220793,8.0,8.0,8.0,-0.19999999999998863,0
130.5,130.5,1.0,0.9047139685477921,0.09243213452573514,1.0308755925752013,0.09528603145220793,8.0,8.0,8.0,0.0,0
131.5,131.5,1.0,0.8720486699403109,0.10558599982566223,1.2118209826203779,0.12795133005968906,9.0,9.0,9.0,0.0,0
131.5,131.5,1.0,0.8720486699403109,0.10558599982566223,1.2118209826203779,0.12795133005968906,9.0,9.0,9.0,-0.5,0
131.5,131.5,1.0,0.8720486699403109,0.10558599982566223,1.2118209826203779,0.12795133005968906,9.0,9.0,9.0,-0.5,0
131.5,131.5,1.0,0.8720486699403109,0.10558599982566223,1.2118209826203779,0.12795133005968906,9.0,9.0,9.0,-0.39999999999997726,0
131.5,131.5,1.0,0.8720486699403109,0.10558599982566223,1.2118209826203779,0.12795133005968906,9.0,9.0,9.0,-0.29999999999998295,0
131.5,131.5,1.0,0.8720486699403109,0.10558599982566223,1.2118209826203779,0.12795133005968906,9.0,9.0,9.0,-0.19999999999998863,0
131.5,131.5,1.0,0.8720486699403109,0.10558599982566223,1.2118209826203779,0.12795133005968906,9.0,9.0,9.0,0.0,0
131.5,131.5,1.0,0.8720486699403109,0.10558599982566223,1.2118209826203779,0.12795133005968906,9.0,9.0,9.0,0.0,0
131.5,131.5,1.0,0.8720486699403109,0.10558599982566223,1.2118209826203779,0.12795133005968906,9.0,9.0,9.0,0.0,0
132.5,132.5,0.8888888888888888,0.8245937354698966,0.10184905081218248,0.6312788671693907,0.06429515341899228,8.0,10.0,8.0,0.0,0
132.5,132.5,0.8888888888888888,0.8245937354698966,0.10184905081218248,0.6312788671693907,0.06429515341899228,8.0,10.0,8.0,0.10000000000002274,0
132.5,132.5,0.8888888888888888,0.8245937354698966,0.10184905081218248,0.6312788671693907,0.06429515341899228,8.0,10.0,8.0,0.20000000000001705,0
132.5,132.5,0.8888888888888888,0.8245937354698966,0.10184905081218248,0.6312788671693907,0.06429515341899228,8.0,10.0,8.0,-0.19999999999998863,0
132.5,132.5,0.8888888888888888,0.8245937354698966,0.10184905081218248,0.6312788671693907,0.06429515341899228,8.0,10.0,8.0,0.0,0
132.5,132.5,0.8888888888888888,0.8245937354698966,0.10184905081218248,0.6312788671693907,0.06429515341899228,8.0,10.0,8.0,0.0,0
132.5,132.5,0.8888888888888888,0.8245937354698966,0.10184905081218248,0.6312788671693907,0.06429515341899228,8.0,10.0,8.0,0.0,0
132.5,132.5,0.8888888888888888,0.8245937354698966,0.10184905081218248,0.6312788671693907,0.06429515341899228,8.0,10.0,8.0,0.09999999999999432,0
133.5,133.5,0.75,0.8277985981167096,0.10255222901114353,-0.7586241553877477,-0.07779859811670964,6.0,10.0,6.0,0.20000000000001705,0
133.5,133.5,0.75,0.8277985981167096,0.10255222901114353,-0.7586241553877477,-0.07779859811670964,6.0,10.0,6.0,-0.19999999999998863,0
133.5,133.5,0.75,0.8277985981167096,0.10255222901114353,-0.7586241553877477,-0.07779859811670964,6.0,10.0,6.0,0.0,0
133.5,133.5,0.75,0.8277985981167096,0.10255222901114353,-0.7586241553877477,-0.07779859811670964,6.0,10.0,6.0,0.0,0
133.5,133.5,0.75,0.8277985981167096,0.10255222901114353,-0.7586241553877477,-0.07779859811670964,6.0,10.0,6.0,0.0,0
133.5,133.5,0.75,0.8277985981167096,0.10255222901114353,-0.7586241553877477,-0.07779859811670964,6.0,10.0,6.0,0.09999999999999432,0
134.5,134.5,0.7692307692307693,0.7884290544422897,0.1044768127929052,-0.18375642114557464,-0.01919828521152045,5.0,8.0,5.0,-0.19999999999998863,0
134.5,134.5,0.7692307692307693,0.7884290544422897,0.1044768127929052,-0.18375642114557464,-0.01919828521152045,5.0,8.0,5.0,0.0,0
134.5,134.5,0.7692307692307693,0.7884290544422897,0.1044768127929052,-0.18375642114557464,-0.01919828521152045,5.0,8.0,5.0,0.0,0
134.5,134.5,0.7692307692307693,0.7884290544422897,0.1044768127929052,-0.18375642114557464,-0.01919828521152045,5.0,8.0,5.0,0.0,0
134.5,134.5,0.7692307692307693,0.7884290544422897,0.1044768127929052,-0.18375642114557464,-0.01919828521152045,5.0,8.0,5.0,0.09999999999999432,0
135.5,135.5,0.7692307692307693,0.8442887646667059,0.08838169866646484,-0.8492481652699473,-0.07505799543593661,5.0,8.0,5.0,0.0,0
135.5,135.5,0.7692307692307693,0.8442887646667059,0.08838169866646484,-0.8492481652699473,-0.07505799543593661,5.0,8.0,5.0,0.0,0
135.5,135.5,0.7692307692307693,0.8442887646667059,0.08838169866646484,-0.8492481652699473,-0.07505799543593661,5.0,8.0,5.0,0.09999999999999432,0
135.5,135.5,0.7692307692307693,0.8442887646667059,0.08838169866646484,-0.8492481652699473,-0.07505799543593661,5.0,8.0,5.0,-0.20000000000001705,0
135.5,135.5,0.7692307692307693,0.8442887646667059,0.08838169866646484,-0.8492481652699473,-0.07505799543593661,5.0,8.0,5.0,-0.19999999999998863,0
136.5,136.5,0.7272727272727273,0.8475073015220075,0.08182295734859128,-1.4694479171297055,-0.12023457424928019,4.0,7.0,4.0,0.09999999999999432,0
136.5,136.5,0.7272727272727273,0.8475073015220075,0.08182295734859128,-1.4694479171297055,-0.12023457424928019,4.0,7.0,4.0,-0.20000000000001705,0
136.5,136.5,0.7272727272727273,0.8475073015220075,0.08182295734859128,-1.4694479171297055,-0.12023457424928019,4.0,7.0,4.0,-0.19999999999998863,0
136.5,136.5,0.7272727272727273,0.8475073015220075,0.08182295734859128,-1.4694479171297055,-0.12023457424928019,4.0,7.0,4.0,0.0,0
137.5,137.5,0.8333333333333334,0.8925887509549275,0.07938712661170229,-0.746410912583142,-0.05925541762159414,5.0,7.0,5.0,-0.20000000000001705,0
137.5,137.5,0.8333333333333334,0.8925887509549275,0.07938712661170229,-0.746410912583142,-0.05925541762159414,5.0,7.0,5.0,-0.19999999999998863,0
137.5,137.5,0.8333333333333334,0.8925887509549275,0.07938712661170229,-0.746410912583142,-0.05925541762159414,5.0,7.0,5.0,0.0,0
137.5,137.5,0.8333333333333334,0.8925887509549275,0.07938712661170229,-0.746410912583142,-0.05925541762159414,5.0,7.0,5.0,0.09999999999999432,0
137.5,137.5,0.8333333333333334,0.8925887509549275,0.07938712661170229,-0.746410912583142,-0.05925541762159414,5.0,7.0,5.0,0.20000000000001705,0
138.5,138.5,0.8571428571428571,0.880103957806899,0.0896589258045995,-0.25609386302578235,-0.02296110066404189,7.0,7.0,6.0,-0.20000000000001705,0
138.5,138.5,0.8571428571428571,0.880103957806899,0.0896589258045995,-0.25609386302578235,-0.02296110066404189,7.0,7.0,6.0,-0.19999999999998863,0
138.5,138.5,0.8571428571428571,0.880103957806899,0.0896589258045995,-0.25609386302578235,-0.02296110066404189,7.0,7.0,6.0,0.0,0
138.5,138.5,0.8571428571428571,0.880103957806899,0.0896589258045995,-0.25609386302578235,-0.02296110066404189,7.0,7.0,6.0,0.09999999999999432,0
138.5,138.5,0.8571428571428571,0.880103957806899,0.0896589258045995,-0.25609386302578235,-0.02296110066404189,7.0,7.0,6.0,0.20000000000001705,0
138.5,138.5,0.8571428571428571,0.880103957806899,0.0896589258045995,-0.25609386302578235,-0.02296110066404189,7.0,7.0,6.0,-0.19999999999998863,0
139.5,139.5,0.9411764705882353,0.8777354089409043,0.09686503313768921,0.654942858039933,0.06344106164733099,8.0,9.0,8.0,-0.20000000000001705,0
139.5,139.5,0.9411764705882353,0.8777354089409043,0.09686503313768921,0.654942858039933,0.06344106164733099,8.0,9.0,8.0,-0.19999999999998863,0
139.5,139.5,0.9411764705882353,0.8777354089409043,0.09686503313768921,0.654942858039933,0.06344106164733099,8.0,9.0,8.0,0.0,0
139.5,139.5,0.9411764705882353,0.8777354089409043,0.09686503313768921,0.654942858039933,0.06344106164733099,8.0,9.0,8.0,0.09999999999999432,0
139.5,139.5,0.9411764705882353,0.8777354089409043,0.09686503313768921,0.654942858039933,0.06344106164733099,8.0,9.0,8.0,0.20000000000001705,0
139.5,139.5,0.9411764705882353,0.8777354089409043,0.09686503313768921,0.654942858039933,0.06344106164733099,8.0,9.0,8.0,-0.19999999999998863,0
139.5,139.5,0.9411764705882353,0.8777354089409043,0.09686503313768921,0.654942858039933,0.06344106164733099,8.0,9.0,8.0,-0.29999999999998295,0
139.5,139.5,0.9411764705882353,0.8777354089409043,0.09686503313768921,0.654942858039933,0.06344106164733099,8.0,9.0,8.0,-0.4000000000000057,0
140.5,140.5,0.8888888888888888,0.825854809251636,0.09558302649045292,0.6594693843843586,0.06303407963725283,8.0,10.0,8.0,0.0,0
140.5,140.5,0.8888888888888888,0.825854809251636,0.09558302649045292,0.6594693843843586,0.06303407963725283,8.0,10.0,8.0,0.09999999999999432,0
140.5,140.5,0.8888888888888888,0.825854809251636,0.09558302649045292,0.6594693843843586,0.06303407963725283,8.0,10.0,8.0,0.20000000000001705,0
140.5,140.5,0.8888888888888888,0.825854809251636,0.09558302649045292,0.6594693843843586,0.06303407963725283,8.0,10.0,8.0,-0.19999999999998863,0
140.5,140.5,0.8888888888888888,0.825854809251636,0.09558302649045292,0.6594693843843586,0.06303407963725283,8.0,10.0,8.0,-0.29999999999998295,0
140.5,140.5,0.8888888888888888,0.825854809251636,0.09558302649045292,0.6594693843843586,0.06303407963725283,8.0,10.0,8.0,-0.4000000000000057,0
140.5,140.5,0.8888888888888888,0.825854809251636,0.09558302649045292,0.6594693843843586,0.06303407963725283,8.0,10.0,8.0,-0.09999999999999432,0
140.5,140.5,0.8888888888888888,0.825854809251636,0.09558302649045292,0.6594693843843586,0.06303407963725283,8.0,10.0,8.0,0.30000000000001137,0
141.5,141.5,0.8888888888888888,0.8242611066693885,0.09767335721147383,0.6616725795507771,0.06462778221950038,8.0,10.0,8.0,0.09999999999999432,0
141.5,141.5,0.8888888888888888,0.8242611066693885,0.09767335721147383,0.6616725795507771,0.06462778221950038,8.0,10.0,8.0,0.20000000000001705,0
141.5,141.5,0.8888888888888888,0.8242611066693885,0.09767335721147383,0.6616725795507771,0.06462778221950038,8.0,10.0,8.0,-0.19999999999998863,0
141.5,141.5,0.8888888888888888,0.8242611066693885,0.09767335721147383,0.6616725795507771,0.06462778221950038,8.0,10.0,8.0,-0.29999999999998295,0
141.5,141.5,0.8888888888888888,0.8242611066693885,0.09767335721147383,0.6616725795507771,0.06462778221950038,8.0,10.0,8.0,-0.4000000000000057,0
141.5,141.5,0.8888888888888888,0.8242611066693885,0.09767335721147383,0.6616725795507771,0.06462778221950038,8.0,10.0,8.0,-0.09999999999999432,0
141.5,141.5,0.8888888888888888,0.8242611066693885,0.09767335721147383,0.6616725795507771,0.06462778221950038,8.0,10.0,8.0,-0.19999999999998863,0
141.5,141.5,0.8888888888888888,0.8242611066693885,0.09767335721147383,0.6616725795507771,0.06462778221950038,8.0,10.0,8.0,-0.30000000000001137,0
142.5,142.5,0.8235294117647058,0.8282775917924525,0.10235287874526684,-0.04639029293512917,-0.004748180027746685,7.0,10.0,7.0,-0.19999999999998863,0
142.5,142.5,0.8235294117647058,0.8282775917924525,0.10235287874526684,-0.04639029293512917,-0.004748180027746685,7.0,10.0,7.0,-0.29999999999998295,0
142.5,142.5,0.8235294117647058,0.8282775917924525,0.10235287874526684,-0.04639029293512917,-0.004748180027746685,7.0,10.0,7.0,-0.4000000000000057,0
142.5,142.5,0.8235294117647058,0.8282775917924525,0.10235287874526684,-0.04639029293512917,-0.004748180027746685,7.0,10.0,7.0,-0.09999999999999432,0
142.5,142.5,0.8235294117647058,0.8282775917924525,0.10235287874526684,-0.04639029293512917,-0.004748180027746685,7.0,10.0,7.0,-0.19999999999998863,0
142.5,142.5,0.8235294117647058,0.8282775917924525,0.10235287874526684,-0.04639029293512917,-0.004748180027746685,7.0,10.0,7.0,-0.30000000000001137,0
142.5,142.5,0.8235294117647058,0.8282775917924525,0.10235287874526684,-0.04639029293512917,-0.004748180027746685,7.0,10.0,7.0,0.09999999999999432,0
143.5,143.5,0.75,0.825007447823934,0.1024279236792113,-0.732294916558554,-0.07500744782393398,6.0,10.0,6.0,0.20000000000001705,0
143.5,143.5,0.75,0.825007447823934,0.1024279236792113,-0.732294916558554,-0.07500744782393398,6.0,10.0,6.0,-0.09999999999999432,0
143.5,143.5,0.75,0.825007447823934,0.1024279236792113,-0.732294916558554,-0.07500744782393398,6.0,10.0,6.0,-0.19999999999998863,0
143.5,143.5,0.75,0.825007447823934,0.1024279236792113,-0.732294916558554,-0.07500744782393398,6.0,10.0,6.0,-0.30000000000001137,0
143.5,143.5,0.75,0.825007447823934,0.1024279236792113,-0.732294916558554,-0.07500744782393398,6.0,10.0,6.0,0.09999999999999432,0
143.5,143.5,0.75,0.825007447823934,0.1024279236792113,-0.732294916558554,-0.07500744782393398,6.0,10.0,6.0,0.10000000000002274,0
144.5,144.5,0.875,0.8274290259018587,0.10127155681125703,0.46973677107384426,0.04757097409814126,7.0,9.0,7.0,-0.09999999999999432,0
144.5,144.5,0.875,0.8274290259018587,0.10127155681125703,0.46973677107384426,0.04757097409814126,7.0,9.0,7.0,-0.19999999999998863,0
144.5,144.5,0.875,0.8274290259018587,0.10127155681125703,0.46973677107384426,0.04757097409814126,7.0,9.0,7.0,-0.30000000000001137,0
144.5,144.5,0.875,0.8274290259018587,0.10127155681125703,0.46973677107384426,0.04757097409814126,7.0,9.0,7.0,0.09999999999999432,0
144.5,144.5,0.875,0.8274290259018587,0.10127155681125703,0.46973677107384426,0.04757097409814126,7.0,9.0,7.0,0.10000000000002274,0
144.5,144.5,0.875,0.8274290259018587,0.10127155681125703,0.46973677107384426,0.04757097409814126,7.0,9.0,7.0,0.5,0
144.5,144.5,0.875,0.8274290259018587,0.10127155681125703,0.46973677107384426,0.04757097409814126,7.0,9.0,7.0,0.0,0
145.5,145.5,0.875,0.8614169590643276,0.09636622880096452,0.14095229319108177,0.013583040935672419,7.0,9.0,7.0,-0.19999999999998863,0
145.5,145.5,0.875,0.8614169590643276,0.09636622880096452,0.14095229319108177,0.013583040935672419,7.0,9.0,7.0,-0.30000000000001137,0
145.5,145.5,0.875,0.8614169590643276,0.09636622880096452,0.14095229319108177,0.013583040935672419,7.0,9.0,7.0,0.09999999999999432,0
145.5,145.5,0.875,0.8614169590643276,0.09636622880096452,0.14095229319108177,0.013583040935672419,7.0,9.0,7.0,0.10000000000002274,0
145.5,145.5,0.875,0.8614169590643276,0.09636622880096452,0.14095229319108177,0.013583040935672419,7.0,9.0,7.0,0.5,0
145.5,145.5,0.875,0.8614169590643276,0.09636622880096452,0.14095229319108177,0.013583040935672419,7.0,9.0,7.0,0.0,0
145.5,145.5,0.875,0.8614169590643276,0.09636622880096452,0.14095229319108177,0.013583040935672419,7.0,9.0,7.0,0.0,0
146.5,146.5,0.875,0.8735586562560247,0.10124746173005703,0.014235850650934613,0.0014413437439753096,7.0,9.0,7.0,0.09999999999999432,0
146.5,146.5,0.875,0.8735586562560247,0.10124746173005703,0.014235850650934613,0.0014413437439753096,7.0,9.0,7.0,0.10000000000002274,0
146.5,146.5,0.875,0.8735586562560247,0.10124746173005703,0.014235850650934613,0.0014413437439753096,7.0,9.0,7.0,0.5,0
146.5,146.5,0.875,0.8735586562560247,0.10124746173005703,0.014235850650934613,0.0014413437439753096,7.0,9.0,7.0,0.0,0
146.5,146.5,0.875,0.8735586562560247,0.10124746173005703,0.014235850650934613,0.0014413437439753096,7.0,9.0,7.0,0.0,0
146.5,146.5,0.875,0.8735586562560247,0.10124746173005703,0.014235850650934613,0.0014413437439753096,7.0,9.0,7.0,-0.20000000000001705,0
146.5,146.5,0.875,0.8735586562560247,0.10124746173005703,0.014235850650934613,0.0014413437439753096,7.0,9.0,7.0,-0.10000000000002274,0
147.5,147.5,0.9411764705882353,0.8737392667188334,0.10483056041912509,0.6432971797515906,0.06743720386940188,8.0,9.0,8.0,0.10000000000002274,0
147.5,147.5,0.9411764705882353,0.8737392667188334,0.10483056041912509,0.6432971797515906,0.06743720386940188,8.0,9.0,8.0,0.5,0
147.5,147.5,0.9411764705882353,0.8737392667188334,0.10483056041912509,0.6432971797515906,0.06743720386940188,8.0,9.0,8.0,0.0,0
147.5,147.5,0.9411764705882353,0.8737392667188334,0.10483056041912509,0.6432971797515906,0.06743720386940188,8.0,9.0,8.0,0.0,0
147.5,147.5,0.9411764705882353,0.8737392667188334,0.10483056041912509,0.6432971797515906,0.06743720386940188,8.0,9.0,8.0,-0.20000000000001705,0
147.5,147.5,0.9411764705882353,0.8737392667188334,0.10483056041912509,0.6432971797515906,0.06743720386940188,8.0,9.0,8.0,-0.10000000000002274,0
147.5,147.5,0.9411764705882353,0.8737392667188334,0.10483056041912509,0.6432971797515906,0.06743720386940188,8.0,9.0,8.0,0.10000000000002274,0
147.5,147.5,0.9411764705882353,0.8737392667188334,0.10483056041912509,0.6432971797515906,0.06743720386940188,8.0,9.0,8.0,0.20000000000001705,0
148.5,148.5,0.8888888888888888,0.8734705168842165,0.10379067402040879,0.14855257613647016,0.015418372004672332,9.0,9.0,8.0,-0.6000000000000227,0
148.5,148.5,0.8888888888888888,0.8734705168842165,0.10379067402040879,0.14855257613647016,0.015418372004672332,9.0,9.0,8.0,-0.5999999999999943,0
148.5,148.5,0.8888888888888888,0.8734705168842165,0.10379067402040879,0.14855257613647016,0.015418372004672332,9.0,9.0,8.0,-0.4000000000000057,0
148.5,148.5,0.8888888888888888,0.8734705168842165,0.10379067402040879,0.14855257613647016,0.015418372004672332,9.0,9.0,8.0,-0.20000000000001705,0
148.5,148.5,0.8888888888888888,0.8734705168842165,0.10379067402040879,0.14855257613647016,0.015418372004672332,9.0,9.0,8.0,-0.10000000000002274,0
148.5,148.5,0.8888888888888888,0.8734705168842165,0.10379067402040879,0.14855257613647016,0.015418372004672332,9.0,9.0,8.0,0.10000000000002274,0
148.5,148.5,0.8888888888888888,0.8734705168842165,0.10379067402040879,0.14855257613647016,0.015418372004672332,9.0,9.0,8.0,0.20000000000001705,0
148.5,148.5,0.8888888888888888,0.8734705168842165,0.10379067402040879,0.14855257613647016,0.015418372004672332,9.0,9.0,8.0,-0.19999999999998863,0
149.5,149.5,0.8888888888888888,0.8215304559475614,0.10193035621062743,0.6608279951670039,0.06735843294132748,8.0,10.0,8.0,0.0,0
149.5,149.5,0.8888888888888888,0.8215304559475614,0.10193035621062743,0.6608279951670039,0.06735843294132748,8.0,10.0,8.0,-0.20000000000001705,0
149.5,149.5,0.8888888888888888,0.8215304559475614,0.10193035621062743,0.6608279951670039,0.06735843294132748,8.0,10.0,8.0,-0.10000000000002274,0
149.5,149.5,0.8888888888888888,0.8215304559475614,0.10193035621062743,0.6608279951670039,0.06735843294132748,8.0,10.0,8.0,0.10000000000002274,0
149.5,149.5,0.8888888888888888,0.8215304559475614,0.10193035621062743,0.6608279951670039,0.06735843294132748,8.0,10.0,8.0,0.20000000000001705,0
149.5,149.5,0.8888888888888888,0.8215304559475614,0.10193035621062743,0.6608279951670039,0.06735843294132748,8.0,10.0,8.0,-0.19999999999998863,0
149.5,149.5,0.8888888888888888,0.8215304559475614,0.10193035621062743,0.6608279951670039,0.06735843294132748,8.0,10.0,8.0,-0.19999999999998863,0
149.5,149.5,0.8888888888888888,0.8215304559475614,0.10193035621062743,0.6608279951670039,0.06735843294132748,8.0,10.0,8.0,-0.09999999999999432,0
150.5,150.5,0.9473684210526315,0.8223912805203054,0.10300367776830556,1.2133269727848672,0.12497714053232611,9.0,10.0,9.0,-0.20000000000001705,0
150.5,150.5,0.9473684210526315,0.8223912805203054,0.10300367776830556,1.2133269727848672,0.12497714053232611,9.0,10.0,9.0,-0.10000000000002274,0
150.5,150.5,0.9473684210526315,0.8223912805203054,0.10300367776830556,1.2133269727848672,0.12497714053232611,9.0,10.0,9.0,0.10000000000002274,0
150.5,150.5,0.9473684210526315,0.8223912805203054,0.10300367776830556,1.2133269727848672,0.12497714053232611,9.0,10.0,9.0,0.20000000000001705,0
150.5,150.5,0.9473684210526315,0.8223912805203054,0.10300367776830556,1.2133269727848672,0.12497714053232611,9.0,10.0,9.0,-0.19999999999998863,0
150.5,150.5,0.9473684210526315,0.8223912805203054,0.10300367776830556,1.2133269727848672,0.12497714053232611,9.0,10.0,9.0,-0.19999999999998863,0
150.5,150.5,0.9473684210526315,0.8223912805203054,0.10300367776830556,1.2133269727848672,0.12497714053232611,9.0,10.0,9.0,-0.09999999999999432,0
150.5,150.5,0.9473684210526315,0.8223912805203054,0.10300367776830556,1.2133269727848672,0.12497714053232611,9.0,10.0,9.0,-0.20000000000001705,0
150.5,150.5,0.9473684210526315,0.8223912805203054,0.10300367776830556,1.2133269727848672,0.12497714053232611,9.0,10.0,9.0,-0.20000000000001705,0
151.5,151.5,0.8888888888888888,0.8175879055670852,0.10419973792590013,0.6842721943553078,0.07130098332180368,9.0,9.0,8.0,0.10000000000002274,0
151.5,151.5,0.8888888888888888,0.8175879055670852,0.10419973792590013,0.6842721943553078,0.07130098332180368,9.0,9.0,8.0,0.20000000000001705,0
151.5,151.5,0.8888888888888888,0.8175879055670852,0.10419973792590013,0.6842721943553078,0.07130098332180368,9.0,9.0,8.0,-0.19999999999998863,0
151.5,151.5,0.8888888888888888,0.8175879055670852,0.10419973792590013,0.6842721943553078,0.07130098332180368,9.0,9.0,8.0,-0.19999999999998863,0
151.5,151.5,0.8888888888888888,0.8175879055670852,0.10419973792590013,0.6842721943553078,0.07130098332180368,9.0,9.0,8.0,-0.09999999999999432,0
151.5,151.5,0.8888888888888888,0.8175879055670852,0.10419973792590013,0.6842721943553078,0.07130098332180368,9.0,9.0,8.0,-0.20000000000001705,0
151.5,151.5,0.8888888888888888,0.8175879055670852,0.10419973792590013,0.6842721943553078,0.07130098332180368,9.0,9.0,8.0,-0.20000000000001705,0
151.5,151.5,0.8888888888888888,0.8175879055670852,0.10419973792590013,0.6842721943553078,0.07130098332180368,9.0,9.0,8.0,0.0,0
152.5,152.5,0.8,0.7394431960196667,0.10876457208238491,0.5567695695475541,0.06055680398033336,8.0,7.0,6.0,-0.19999999999998863,0
152.5,152.5,0.8,0.7394431960196667,0.10876457208238491,0.5567695695475541,0.06055680398033336,8.0,7.0,6.0,-0.19999999999998863,0
152.5,152.5,0.8,0.7394431960196667,0.10876457208238491,0.5567695695475541,0.06055680398033336,8.0,7.0,6.0,-0.09999999999999432,0
152.5,152.5,0.8,0.7394431960196667,0.10876457208238491,0.5567695695475541,0.06055680398033336,8.0,7.0,6.0,-0.20000000000001705,0
152.5,152.5,0.8,0.7394431960196667,0.10876457208238491,0.5567695695475541,0.06055680398033336,8.0,7.0,6.0,-0.20000000000001705,0
152.5,152.5,0.8,0.7394431960196667,0.10876457208238491,0.5567695695475541,0.06055680398033336,8.0,7.0,6.0,0.0,0
153.5,153.5,0.8,0.7309309523809524,0.1022873543418753,0.6752452252132554,0.06906904761904764,9.0,6.0,6.0,-0.19999999999998863,0
153.5,153.5,0.8,0.7309309523809524,0.1022873543418753,0.6752452252132554,0.06906904761904764,9.0,6.0,6.0,-0.09999999999999432,0
153.5,153.5,0.8,0.7309309523809524,0.1022873543418753,0.6752452252132554,0.06906904761904764,9.0,6.0,6.0,-0.20000000000001705,0
153.5,153.5,0.8,0.7309309523809524,0.1022873543418753,0.6752452252132554,0.06906904761904764,9.0,6.0,6.0,-0.20000000000001705,0
153.5,153.5,0.8,0.7309309523809524,0.1022873543418753,0.6752452252132554,0.06906904761904764,9.0,6.0,6.0,0.0,0
153.5,153.5,0.8,0.7309309523809524,0.1022873543418753,0.6752452252132554,0.06906904761904764,9.0,6.0,6.0,-0.5,0
154.5,154.5,0.8571428571428571,0.8091783716283717,0.08070144464636198,0.5943448190384736,0.0479644855144854,8.0,6.0,6.0,-0.20000000000001705,0
154.5,154.5,0.8571428571428571,0.8091783716283717,0.08070144464636198,0.5943448190384736,0.0479644855144854,8.0,6.0,6.0,-0.20000000000001705,0
154.5,154.5,0.8571428571428571,0.8091783716283717,0.08070144464636198,0.5943448190384736,0.0479644855144854,8.0,6.0,6.0,0.0,0
154.5,154.5,0.8571428571428571,0.8091783716283717,0.08070144464636198,0.5943448190384736,0.0479644855144854,8.0,6.0,6.0,-0.5,0
154.5,154.5,0.8571428571428571,0.8091783716283717,0.08070144464636198,0.5943448190384736,0.0479644855144854,8.0,6.0,6.0,-0.29999999999998295,0
154.5,154.5,0.8571428571428571,0.8091783716283717,0.08070144464636198,0.5943448190384736,0.0479644855144854,8.0,6.0,6.0,0.20000000000001705,0
155.5,155.5,0.7692307692307693,0.8388913641913643,0.0797125238301777,-0.8738977467204827,-0.06966059496059507,7.0,6.0,5.0,0.0,0
155.5,155.5,0.7692307692307693,0.8388913641913643,0.0797125238301777,-0.8738977467204827,-0.06966059496059507,7.0,6.0,5.0,-0.5,0
155.5,155.5,0.7692307692307693,0.8388913641913643,0.0797125238301777,-0.8738977467204827,-0.06966059496059507,7.0,6.0,5.0,-0.29999999999998295,0
155.5,155.5,0.7692307692307693,0.8388913641913643,0.0797125238301777,-0.8738977467204827,-0.06966059496059507,7.0,6.0,5.0,0.20000000000001705,0
155.5,155.5,0.7692307692307693,0.8388913641913643,0.0797125238301777,-0.8738977467204827,-0.06966059496059507,7.0,6.0,5.0,-0.30000000000001137,0
156.5,156.5,0.8571428571428571,0.8636726528373588,0.09295372184244972,-0.07024781326743755,-0.006529795694501739,7.0,7.0,6.0,-0.5,0
156.5,156.5,0.8571428571428571,0.8636726528373588,0.09295372184244972,-0.07024781326743755,-0.006529795694501739,7.0,7.0,6.0,-0.29999999999998295,0
156.5,156.5,0.8571428571428571,0.8636726528373588,0.09295372184244972,-0.07024781326743755,-0.006529795694501739,7.0,7.0,6.0,0.20000000000001705,0
156.5,156.5,0.8571428571428571,0.8636726528373588,0.09295372184244972,-0.07024781326743755,-0.006529795694501739,7.0,7.0,6.0,-0.30000000000001137,0
156.5,156.5,0.8571428571428571,0.8636726528373588,0.09295372184244972,-0.07024781326743755,-0.006529795694501739,7.0,7.0,6.0,-0.30000000000001137,0
156.5,156.5,0.8571428571428571,0.8636726528373588,0.09295372184244972,-0.07024781326743755,-0.006529795694501739,7.0,7.0,6.0,-0.09999999999999432,0
157.5,157.5,0.875,0.8833045261154395,0.09883973029962473,-0.0840201211624619,-0.008304526115439526,7.0,9.0,7.0,-0.5,0
157.5,157.5,0.875,0.8833045261154395,0.09883973029962473,-0.0840201211624619,-0.008304526115439526,7.0,9.0,7.0,-0.29999999999998295,0
157.5,157.5,0.875,0.8833045261154395,0.09883973029962473,-0.0840201211624619,-0.008304526115439526,7.0,9.0,7.0,0.20000000000001705,0
157.5,157.5,0.875,0.8833045261154395,0.09883973029962473,-0.0840201211624619,-0.008304526115439526,7.0,9.0,7.0,-0.30000000000001137,0
157.5,157.5,0.875,0.8833045261154395,0.09883973029962473,-0.0840201211624619,-0.008304526115439526,7.0,9.0,7.0,-0.30000000000001137,0
157.5,157.5,0.875,0.8833045261154395,0.09883973029962473,-0.0840201211624619,-0.008304526115439526,7.0,9.0,7.0,-0.09999999999999432,0
157.5,157.5,0.875,0.8833045261154395,0.09883973029962473,-0.0840201211624619,-0.008304526115439526,7.0,9.0,7.0,0.0,0
158.5,158.5,0.8,0.8394990169617104,0.10142734337853598,-0.38943164284897447,-0.03949901696171032,6.0,9.0,6.0,0.20000000000001705,0
158.5,158.5,0.8,0.8394990169617104,0.10142734337853598,-0.38943164284897447,-0.03949901696171032,6.0,9.0,6.0,-0.30000000000001137,0
158.5,158.5,0.8,0.8394990169617104,0.10142734337853598,-0.38943164284897447,-0.03949901696171032,6.0,9.0,6.0,-0.30000000000001137,0
158.5,158.5,0.8,0.8394990169617104,0.10142734337853598,-0.38943164284897447,-0.03949901696171032,6.0,9.0,6.0,-0.09999999999999432,0
158.5,158.5,0.8,0.8394990169617104,0.10142734337853598,-0.38943164284897447,-0.03949901696171032,6.0,9.0,6.0,0.0,0
158.5,158.5,0.8,0.8394990169617104,0.10142734337853598,-0.38943164284897447,-0.03949901696171032,6.0,9.0,6.0,-0.20000000000001705,0
159.5,159.5,0.875,0.8488908917278113,0.10335366183041458,0.25261909263581994,0.026109108272188708,7.0,9.0,7.0,-0.30000000000001137,0
159.5,159.5,0.875,0.8488908917278113,0.10335366183041458,0.25261909263581994,0.026109108272188708,7.0,9.0,7.0,-0.30000000000001137,0
159.5,159.5,0.875,0.8488908917278113,0.10335366183041458,0.25261909263581994,0.026109108272188708,7.0,9.0,7.0,-0.09999999999999432,0
159.5,159.5,0.875,0.8488908917278113,0.10335366183041458,0.25261909263581994,0.026109108272188708,7.0,9.0,7.0,0.0,0
159.5,159.5,0.875,0.8488908917278113,0.10335366183041458,0.25261909263581994,0.026109108272188708,7.0,9.0,7.0,-0.20000000000001705,0
159.5,159.5,0.875,0.8488908917278113,0.10335366183041458,0.25261909263581994,0.026109108272188708,7.0,9.0,7.0,0.09999999999999432,0
159.5,159.5,0.875,0.8488908917278113,0.10335366183041458,0.25261909263581994,0.026109108272188708,7.0,9.0,7.0,0.5,0
160.5,160.5,0.875,0.8610724935453264,0.10503065295162456,0.13260420708884235,0.013927506454673555,7.0,9.0,7.0,-0.30000000000001137,0
160.5,160.5,0.875,0.8610724935453264,0.10503065295162456,0.13260420708884235,0.013927506454673555,7.0,9.0,7.0,-0.09999999999999432,0
160.5,160.5,0.875,0.8610724935453264,0.10503065295162456,0.13260420708884235,0.013927506454673555,7.0,9.0,7.0,0.0,0
160.5,160.5,0.875,0.8610724935453264,0.10503065295162456,0.13260420708884235,0.013927506454673555,7.0,9.0,7.0,-0.20000000000001705,0
160.5,160.5,0.875,0.8610724935453264,0.10503065295162456,0.13260420708884235,0.013927506454673555,7.0,9.0,7.0,0.09999999999999432,0
160.5,160.5,0.875,0.8610724935453264,0.10503065295162456,0.13260420708884235,0.013927506454673555,7.0,9.0,7.0,-0.09999999999999432,0
160.5,160.5,0.875,0.8610724935453264,0.10503065295162456,0.13260420708884235,0.013927506454673555,7.0,9.0,7.0,0.20000000000001705,0
161.5,161.5,0.6666666666666666,0.8265580608761725,0.10196243891442566,-1.5681401495672183,-0.15989139420950582,5.0,10.0,5.0,0.0,0
161.5,161.5,0.6666666666666666,0.8265580608761725,0.10196243891442566,-1.5681401495672183,-0.15989139420950582,5.0,10.0,5.0,-0.20000000000001705,0
161.5,161.5,0.6666666666666666,0.8265580608761725,0.10196243891442566,-1.5681401495672183,-0.15989139420950582,5.0,10.0,5.0,0.09999999999999432,0
161.5,161.5,0.6666666666666666,0.8265580608761725,0.10196243891442566,-1.5681401495672183,-0.15989139420950582,5.0,10.0,5.0,-0.09999999999999432,0
161.5,161.5,0.6666666666666666,0.8265580608761725,0.10196243891442566,-1.5681401495672183,-0.15989139420950582,5.0,10.0,5.0,0.20000000000001705,0
162.5,162.5,0.6666666666666666,0.8268812944881057,0.10034917284333264,-1.5965714841672851,-0.16021462782143903,5.0,10.0,5.0,-0.20000000000001705,0
162.5,162.5,0.6666666666666666,0.8268812944881057,0.10034917284333264,-1.5965714841672851,-0.16021462782143903,5.0,10.0,5.0,0.09999999999999432,0
162.5,162.5,0.6666666666666666,0.8268812944881057,0.10034917284333264,-1.5965714841672851,-0.16021462782143903,5.0,10.0,5.0,-0.09999999999999432,0
162.5,162.5,0.6666666666666666,0.8268812944881057,0.10034917284333264,-1.5965714841672851,-0.16021462782143903,5.0,10.0,5.0,0.20000000000001705,0
162.5,162.5,0.6666666666666666,0.8268812944881057,0.10034917284333264,-1.5965714841672851,-0.16021462782143903,5.0,10.0,5.0,-0.09999999999999432,0
163.5,163.5,0.625,0.7826205820924861,0.09653278873840992,-1.6328191089518336,-0.15762058209248608,5.0,11.0,5.0,0.09999999999999432,0
163.5,163.5,0.625,0.7826205820924861,0.09653278873840992,-1.6328191089518336,-0.15762058209248608,5.0,11.0,5.0,-0.09999999999999432,0
163.5,163.5,0.625,0.7826205820924861,0.09653278873840992,-1.6328191089518336,-0.15762058209248608,5.0,11.0,5.0,0.20000000000001705,0
163.5,163.5,0.625,0.7826205820924861,0.09653278873840992,-1.6328191089518336,-0.15762058209248608,5.0,11.0,5.0,-0.09999999999999432,0
163.5,163.5,0.625,0.7826205820924861,0.09653278873840992,-1.6328191089518336,-0.15762058209248608,5.0,11.0,5.0,-0.10000000000002274,0
164.5,164.5,0.625,0.7791901678215146,0.09944143874243136,-1.5505625197247086,-0.15419016782151462,5.0,11.0,5.0,-0.09999999999999432,0
164.5,164.5,0.625,0.7791901678215146,0.09944143874243136,-1.5505625197247086,-0.15419016782151462,5.0,11.0,5.0,0.20000000000001705,0
164.5,164.5,0.625,0.7791901678215146,0.09944143874243136,-1.5505625197247086,-0.15419016782151462,5.0,11.0,5.0,-0.09999999999999432,0
164.5,164.5,0.625,0.7791901678215146,0.09944143874243136,-1.5505625197247086,-0.15419016782151462,5.0,11.0,5.0,-0.10000000000002274,0
164.5,164.5,0.625,0.7791901678215146,0.09944143874243136,-1.5505625197247086,-0.15419016782151462,5.0,11.0,5.0,0.19999999999998863,0
165.5,165.5,0.5333333333333333,0.7685331005681626,0.10155609272830178,-2.3159591996520708,-0.23519976723482927,5.0,10.0,4.0,-0.09999999999999432,0
165.5,165.5,0.5333333333333333,0.7685331005681626,0.10155609272830178,-2.3159591996520708,-0.23519976723482927,5.0,10.0,4.0,-0.10000000000002274,0
165.5,165.5,0.5333333333333333,0.7685331005681626,0.10155609272830178,-2.3159591996520708,-0.23519976723482927,5.0,10.0,4.0,0.19999999999998863,0
165.5,165.5,0.5333333333333333,0.7685331005681626,0.10155609272830178,-2.3159591996520708,-0.23519976723482927,5.0,10.0,4.0,-0.20000000000001705,0
166.5,166.5,0.6666666666666666,0.7631214097649857,0.09670078425827378,-0.9974556446274768,-0.09645474309831903,6.0,9.0,5.0,-0.09999999999999432,0
166.5,166.5,0.6666666666666666,0.7631214097649857,0.09670078425827378,-0.9974556446274768,-0.09645474309831903,6.0,9.0,5.0,-0.10000000000002274,0
166.5,166.5,0.6666666666666666,0.7631214097649857,0.09670078425827378,-0.9974556446274768,-0.09645474309831903,6.0,9.0,5.0,0.19999999999998863,0
166.5,166.5,0.6666666666666666,0.7631214097649857,0.09670078425827378,-0.9974556446274768,-0.09645474309831903,6.0,9.0,5.0,-0.20000000000001705,0
166.5,166.5,0.6666666666666666,0.7631214097649857,0.09670078425827378,-0.9974556446274768,-0.09645474309831903,6.0,9.0,5.0,-0.6999999999999886,0
167.5,167.5,0.75,0.8124165523159331,0.10236827433648667,-0.6097255494487346,-0.06241655231593313,6.0,10.0,6.0,-0.10000000000002274,0
167.5,167.5,0.75,0.8124165523159331,0.10236827433648667,-0.6097255494487346,-0.06241655231593313,6.0,10.0,6.0,0.19999999999998863,0
167.5,167.5,0.75,0.8124165523159331,0.10236827433648667,-0.6097255494487346,-0.06241655231593313,6.0,10.0,6.0,-0.20000000000001705,0
167.5,167.5,0.75,0.8124165523159331,0.10236827433648667,-0.6097255494487346,-0.06241655231593313,6.0,10.0,6.0,-0.6999999999999886,0
167.5,167.5,0.75,0.8124165523159331,0.10236827433648667,-0.6097255494487346,-0.06241655231593313,6.0,10.0,6.0,-0.6999999999999886,0
167.5,167.5,0.75,0.8124165523159331,0.10236827433648667,-0.6097255494487346,-0.06241655231593313,6.0,10.0,6.0,-0.4000000000000057,0
168.5,168.5,0.8,0.864524850398999,0.10505917650029824,-0.6141762437935704,-0.06452485039899891,6.0,9.0,6.0,0.19999999999998863,0
168.5,168.5,0.8,0.864524850398999,0.10505917650029824,-0.6141762437935704,-0.06452485039899891,6.0,9.0,6.0,-0.20000000000001705,0
168.5,168.5,0.8,0.864524850398999,0.10505917650029824,-0.6141762437935704,-0.06452485039899891,6.0,9.0,6.0,-0.6999999999999886,0
168.5,168.5,0.8,0.864524850398999,0.10505917650029824,-0.6141762437935704,-0.06452485039899891,6.0,9.0,6.0,-0.6999999999999886,0
168.5,168.5,0.8,0.864524850398999,0.10505917650029824,-0.6141762437935704,-0.06452485039899891,6.0,9.0,6.0,-0.4000000000000057,0
168.5,168.5,0.8,0.864524850398999,0.10505917650029824,-0.6141762437935704,-0.06452485039899891,6.0,9.0,6.0,0.19999999999998863,0
169.5,169.5,0.875,0.858771644514756,0.10652134141025482,0.15234839582748377,0.01622835548524404,7.0,9.0,7.0,-0.20000000000001705,0
169.5,169.5,0.875,0.858771644514756,0.10652134141025482,0.15234839582748377,0.01622835548524404,7.0,9.0,7.0,-0.6999999999999886,0
169.5,169.5,0.875,0.858771644514756,0.10652134141025482,0.15234839582748377,0.01622835548524404,7.0,9.0,7.0,-0.6999999999999886,0
169.5,169.5,0.875,0.858771644514756,0.10652134141025482,0.15234839582748377,0.01622835548524404,7.0,9.0,7.0,-0.4000000000000057,0
169.5,169.5,0.875,0.858771644514756,0.10652134141025482,0.15234839582748377,0.01622835548524404,7.0,9.0,7.0,0.19999999999998863,0
169.5,169.5,0.875,0.858771644514756,0.10652134141025482,0.15234839582748377,0.01622835548524404,7.0,9.0,7.0,0.19999999999998863,0
169.5,169.5,0.875,0.858771644514756,0.10652134141025482,0.15234839582748377,0.01622835548524404,7.0,9.0,7.0,0.19999999999998863,0
170.5,170.5,0.8235294117647058,0.8491540207986029,0.10569874807491629,-0.24243058220268676,-0.025624609033897072,8.0,9.0,7.0,-0.6999999999999886,0
170.5,170.5,0.8235294117647058,0.8491540207986029,0.10569874807491629,-0.24243058220268676,-0.025624609033897072,8.0,9.0,7.0,-0.6999999999999886,0
170.5,170.5,0.8235294117647058,0.8491540207986029,0.10569874807491629,-0.24243058220268676,-0.025624609033897072,8.0,9.0,7.0,-0.4000000000000057,0
170.5,170.5,0.8235294117647058,0.8491540207986029,0.10569874807491629,-0.24243058220268676,-0.025624609033897072,8.0,9.0,7.0,0.19999999999998863,0
170.5,170.5,0.8235294117647058,0.8491540207986029,0.10569874807491629,-0.24243058220268676,-0.025624609033897072,8.0,9.0,7.0,0.19999999999998863,0
170.5,170.5,0.8235294117647058,0.8491540207986029,0.10569874807491629,-0.24243058220268676,-0.025624609033897072,8.0,9.0,7.0,0.19999999999998863,0
170.5,170.5,0.8235294117647058,0.8491540207986029,0.10569874807491629,-0.24243058220268676,-0.025624609033897072,8.0,9.0,7.0,-0.29999999999998295,0
171.5,171.5,0.75,0.7935501602800364,0.09482894250708833,-0.4592496671233166,-0.04355016028003644,7.0,9.0,6.0,0.09999999999999432,0
171.5,171.5,0.75,0.7935501602800364,0.09482894250708833,-0.4592496671233166,-0.04355016028003644,7.0,9.0,6.0,0.19999999999998863,0
171.5,171.5,0.75,0.7935501602800364,0.09482894250708833,-0.4592496671233166,-0.04355016028003644,7.0,9.0,6.0,0.19999999999998863,0
171.5,171.5,0.75,0.7935501602800364,0.09482894250708833,-0.4592496671233166,-0.04355016028003644,7.0,9.0,6.0,0.19999999999998863,0
171.5,171.5,0.75,0.7935501602800364,0.09482894250708833,-0.4592496671233166,-0.04355016028003644,7.0,9.0,6.0,-0.29999999999998295,0
171.5,171.5,0.75,0.7935501602800364,0.09482894250708833,-0.4592496671233166,-0.04355016028003644,7.0,9.0,6.0,-0.4000000000000057,0
172.5,172.5,0.8235294117647058,0.8313870621122944,0.09666230085473813,-0.08128970941211981,-0.007857650347588563,7.0,10.0,7.0,0.19999999999998863,0
172.5,172.5,0.8235294117647058,0.8313870621122944,0.09666230085473813,-0.08128970941211981,-0.007857650347588563,7.0,10.0,7.0,0.19999999999998863,0
172.5,172.5,0.8235294117647058,0.8313870621122944,0.09666230085473813,-0.08128970941211981,-0.007857650347588563,7.0,10.0,7.0,0.19999999999998863,0
172.5,172.5,0.8235294117647058,0.8313870621122944,0.09666230085473813,-0.08128970941211981,-0.007857650347588563,7.0,10.0,7.0,-0.29999999999998295,0
172.5,172.5,0.8235294117647058,0.8313870621122944,0.09666230085473813,-0.08128970941211981,-0.007857650347588563,7.0,10.0,7.0,-0.4000000000000057,0
172.5,172.5,0.8235294117647058,0.8313870621122944,0.09666230085473813,-0.08128970941211981,-0.007857650347588563,7.0,10.0,7.0,-0.5,0
172.5,172.5,0.8235294117647058,0.8313870621122944,0.09666230085473813,-0.08128970941211981,-0.007857650347588563,7.0,10.0,7.0,0.09999999999999432,0
173.5,173.5,0.8235294117647058,0.8492527423385009,0.09493551788327953,-0.2709558145079184,-0.025723330573795056,8.0,9.0,7.0,0.19999999999998863,0
173.5,173.5,0.8235294117647058,0.8492527423385009,0.09493551788327953,-0.2709558145079184,-0.025723330573795056,8.0,9.0,7.0,0.19999999999998863,0
173.5,173.5,0.8235294117647058,0.8492527423385009,0.09493551788327953,-0.2709558145079184,-0.025723330573795056,8.0,9.0,7.0,-0.29999999999998295,0
173.5,173.5,0.8235294117647058,0.8492527423385009,0.09493551788327953,-0.2709558145079184,-0.025723330573795056,8.0,9.0,7.0,-0.4000000000000057,0
173.5,173.5,0.8235294117647058,0.8492527423385009,0.09493551788327953,-0.2709558145079184,-0.025723330573795056,8.0,9.0,7.0,-0.5,0
173.5,173.5,0.8235294117647058,0.8492527423385009,0.09493551788327953,-0.2709558145079184,-0.025723330573795056,8.0,9.0,7.0,0.09999999999999432,0
173.5,173.5,0.8235294117647058,0.8492527423385009,0.09493551788327953,-0.2709558145079184,-0.025723330573795056,8.0,9.0,7.0,-0.19999999999998863,0
174.5,174.5,0.875,0.8695230048159615,0.09432871938562859,0.05806285953748453,0.005476995184038547,7.0,9.0,7.0,-0.29999999999998295,0
174.5,174.5,0.875,0.8695230048159615,0.09432871938562859,0.05806285953748453,0.005476995184038547,7.0,9.0,7.0,-0.4000000000000057,0
174.5,174.5,0.875,0.8695230048159615,0.09432871938562859,0.05806285953748453,0.005476995184038547,7.0,9.0,7.0,-0.5,0
174.5,174.5,0.875,0.8695230048159615,0.09432871938562859,0.05806285953748453,0.005476995184038547,7.0,9.0,7.0,0.09999999999999432,0
174.5,174.5,0.875,0.8695230048159615,0.09432871938562859,0.05806285953748453,0.005476995184038547,7.0,9.0,7.0,-0.19999999999998863,0
174.5,174.5,0.875,0.8695230048159615,0.09432871938562859,0.05806285953748453,0.005476995184038547,7.0,9.0,7.0,-0.29999999999998295,0
174.5,174.5,0.875,0.8695230048159615,0.09432871938562859,0.05806285953748453,0.005476995184038547,7.0,9.0,7.0,-0.19999999999998863,0
175.5,175.5,0.875,0.8771168528410015,0.09952772437224833,-0.021268976602782076,-0.002116852841001493,7.0,9.0,7.0,0.29999999999998295,0
175.5,175.5,0.875,0.8771168528410015,0.09952772437224833,-0.021268976602782076,-0.002116852841001493,7.0,9.0,7.0,0.09999999999999432,0
175.5,175.5,0.875,0.8771168528410015,0.09952772437224833,-0.021268976602782076,-0.002116852841001493,7.0,9.0,7.0,-0.19999999999998863,0
175.5,175.5,0.875,0.8771168528410015,0.09952772437224833,-0.021268976602782076,-0.002116852841001493,7.0,9.0,7.0,-0.29999999999998295,0
175.5,175.5,0.875,0.8771168528410015,0.09952772437224833,-0.021268976602782076,-0.002116852841001493,7.0,9.0,7.0,-0.19999999999998863,0
175.5,175.5,0.875,0.8771168528410015,0.09952772437224833,-0.021268976602782076,-0.002116852841001493,7.0,9.0,7.0,-0.20000000000001705,0
175.5,175.5,0.875,0.8771168528410015,0.09952772437224833,-0.021268976602782076,-0.002116852841001493,7.0,9.0,7.0,0.0,0
176.5,176.5,0.8235294117647058,0.8289157681156134,0.10081128959918348,-0.05343009074006716,-0.005386356350907562,7.0,10.0,7.0,0.09999999999999432,0
176.5,176.5,0.8235294117647058,0.8289157681156134,0.10081128959918348,-0.05343009074006716,-0.005386356350907562,7.0,10.0,7.0,-0.19999999999998863,0
176.5,176.5,0.8235294117647058,0.8289157681156134,0.10081128959918348,-0.05343009074006716,-0.005386356350907562,7.0,10.0,7.0,-0.29999999999998295,0
176.5,176.5,0.8235294117647058,0.8289157681156134,0.10081128959918348,-0.05343009074006716,-0.005386356350907562,7.0,10.0,7.0,-0.19999999999998863,0
176.5,176.5,0.8235294117647058,0.8289157681156134,0.10081128959918348,-0.05343009074006716,-0.005386356350907562,7.0,10.0,7.0,-0.20000000000001705,0
176.5,176.5,0.8235294117647058,0.8289157681156134,0.10081128959918348,-0.05343009074006716,-0.005386356350907562,7.0,10.0,7.0,0.0,0
176.5,176.5,0.8235294117647058,0.8289157681156134,0.10081128959918348,-0.05343009074006716,-0.005386356350907562,7.0,10.0,7.0,0.09999999999999432,0
