t_center,t_center_abs,S,S_null_mean,S_null_sd,z_S_t,S_excess,nA,nB,nM,dt,episode
8.5,8.5,1.0,0.86534054001554,0.11522675228224223,1.1686475346855074,0.13465945998446005,7.0,7.0,7.0,-0.7999999999999998,0
8.5,8.5,1.0,0.86534054001554,0.11522675228224223,1.1686475346855074,0.13465945998446005,7.0,7.0,7.0,-0.09999999999999964,0
8.5,8.5,1.0,0.86534054001554,0.11522675228224223,1.1686475346855074,0.13465945998446005,7.0,7.0,7.0,0.0,0
8.5,8.5,1.0,0.86534054001554,0.11522675228224223,1.1686475346855074,0.13465945998446005,7.0,7.0,7.0,-0.1999999999999993,0
8.5,8.5,1.0,0.86534054001554,0.11522675228224223,1.1686475346855074,0.13465945998446005,7.0,7.0,7.0,-0.3999999999999986,0
8.5,8.5,1.0,0.86534054001554,0.11522675228224223,1.1686475346855074,0.13465945998446005,7.0,7.0,7.0,-0.09999999999999964,0
8.5,8.5,1.0,0.86534054001554,0.11522675228224223,1.1686475346855074,0.13465945998446005,7.0,7.0,7.0,-0.20000000000000107,0
9.5,9.5,0.9230769230769231,0.8512272368154722,0.11902071089455432,0.6036738120738141,0.07184968626145094,6.0,7.0,6.0,-0.09999999999999964,0
9.5,9.5,0.9230769230769231,0.8512272368154722,0.11902071089455432,0.6036738120738141,0.07184968626145094,6.0,7.0,6.0,0.0,0
9.5,9.5,0.9230769230769231,0.8512272368154722,0.11902071089455432,0.6036738120738141,0.07184968626145094,6.0,7.0,6.0,-0.1999999999999993,0
9.5,9.5,0.9230769230769231,0.8512272368154722,0.11902071089455432,0.6036738120738141,0.07184968626145094,6.0,7.0,6.0,-0.3999999999999986,0
9.5,9.5,0.9230769230769231,0.8512272368154722,0.11902071089455432,0.6036738120738141,0.07184968626145094,6.0,7.0,6.0,-0.09999999999999964,0
9.5,9.5,0.9230769230769231,0.8512272368154722,0.11902071089455432,0.6036738120738141,0.07184968626145094,6.0,7.0,6.0,-0.20000000000000107,0
10.5,10.5,0.9333333333333333,0.8374174092247622,0.12852382095880946,0.7462890800555272,0.0959159241085712,7.0,8.0,7.0,0.0,0
10.5,10.5,0.9333333333333333,0.8374174092247622,0.12852382095880946,0.7462890800555272,0.0959159241085712,7.0,8.0,7.0,-0.1999999999999993,0
10.5,10.5,0.9333333333333333,0.8374174092247622,0.12852382095880946,0.7462890800555272,0.0959159241085712,7.0,8.0,7.0,-0.3999999999999986,0
10.5,10.5,0.9333333333333333,0.8374174092247622,0.12852382095880946,0.7462890800555272,0.0959159241085712,7.0,8.0,7.0,-0.09999999999999964,0
10.5,10.5,0.9333333333333333,0.8374174092247622,0.12852382095880946,0.7462890800555272,0.0959159241085712,7.0,8.0,7.0,-0.20000000000000107,0
10.5,10.5,0.9333333333333333,0.8374174092247622,0.12852382095880946,0.7462890800555272,0.0959159241085712,7.0,8.0,7.0,0.1999999999999993,0
10.5,10.5,0.9333333333333333,0.8374174092247622,0.12852382095880946,0.7462890800555272,0.0959159241085712,7.0,8.0,7.0,0.0,0
11.5,11.5,0.8571428571428571,0.8117932221373398,0.11984418630900988,0.37840496399705514,0.04534963500551725,6.0,8.0,6.0,0.3000000000000007,0
11.5,11.5,0.8571428571428571,0.8117932221373398,0.11984418630900988,0.37840496399705514,0.04534963500551725,6.0,8.0,6.0,-0.09999999999999964,0
11.5,11.5,0.8571428571428571,0.8117932221373398,0.11984418630900988,0.37840496399705514,0.04534963500551725,6.0,8.0,6.0,-0.20000000000000107,0
11.5,11.5,0.8571428571428571,0.8117932221373398,0.11984418630900988,0.37840496399705514,0.04534963500551725,6.0,8.0,6.0,0.1999999999999993,0
11.5,11.5,0.8571428571428571,0.8117932221373398,0.11984418630900988,0.37840496399705514,0.04534963500551725,6.0,8.0,6.0,0.0,0
11.5,11.5,0.8571428571428571,0.8117932221373398,0.11984418630900988,0.37840496399705514,0.04534963500551725,6.0,8.0,6.0,0.3000000000000007,0
12.5,12.5,0.8571428571428571,0.8355093055637174,0.12649450832919878,0.1710236425666712,0.02163355157913971,6.0,8.0,6.0,-0.09999999999999964,0
12.5,12.5,0.8571428571428571,0.8355093055637174,0.12649450832919878,0.1710236425666712,0.02163355157913971,6.0,8.0,6.0,-0.20000000000000107,0
12.5,12.5,0.8571428571428571,0.8355093055637174,0.12649450832919878,0.1710236425666712,0.02163355157913971,6.0,8.0,6.0,0.1999999999999993,0
12.5,12.5,0.8571428571428571,0.8355093055637174,0.12649450832919878,0.1710236425666712,0.02163355157913971,6.0,8.0,6.0,0.0,0
12.5,12.5,0.8571428571428571,0.8355093055637174,0.12649450832919878,0.1710236425666712,0.02163355157913971,6.0,8.0,6.0,-0.29999999999999893,0
12.5,12.5,0.8571428571428571,0.8355093055637174,0.12649450832919878,0.1710236425666712,0.02163355157913971,6.0,8.0,6.0,-0.5,0
13.5,13.5,0.7692307692307693,0.8564549866799868,0.12007032255849634,-0.7264427677932093,-0.08722421744921749,6.0,7.0,5.0,0.1999999999999993,0
13.5,13.5,0.7692307692307693,0.8564549866799868,0.12007032255849634,-0.7264427677932093,-0.08722421744921749,6.0,7.0,5.0,0.0,0
13.5,13.5,0.7692307692307693,0.8564549866799868,0.12007032255849634,-0.7264427677932093,-0.08722421744921749,6.0,7.0,5.0,-0.29999999999999893,0
13.5,13.5,0.7692307692307693,0.8564549866799868,0.12007032255849634,-0.7264427677932093,-0.08722421744921749,6.0,7.0,5.0,-0.5,0
13.5,13.5,0.7692307692307693,0.8564549866799868,0.12007032255849634,-0.7264427677932093,-0.08722421744921749,6.0,7.0,5.0,-0.7000000000000011,0
14.5,14.5,0.7692307692307693,0.7744547341547341,0.1320183045452112,-0.03957000464413487,-0.005223964923964819,7.0,6.0,5.0,0.1999999999999993,0
14.5,14.5,0.7692307692307693,0.7744547341547341,0.1320183045452112,-0.03957000464413487,-0.005223964923964819,7.0,6.0,5.0,0.0,0
14.5,14.5,0.7692307692307693,0.7744547341547341,0.1320183045452112,-0.03957000464413487,-0.005223964923964819,7.0,6.0,5.0,-0.29999999999999893,0
14.5,14.5,0.7692307692307693,0.7744547341547341,0.1320183045452112,-0.03957000464413487,-0.005223964923964819,7.0,6.0,5.0,-0.5,0
14.5,14.5,0.7692307692307693,0.7744547341547341,0.1320183045452112,-0.03957000464413487,-0.005223964923964819,7.0,6.0,5.0,-0.7000000000000011,0
15.5,15.5,0.7142857142857143,0.7375345321345321,0.11280179005788925,-0.2061032704967418,-0.023248817848817827,8.0,6.0,5.0,0.0,0
15.5,15.5,0.7142857142857143,0.7375345321345321,0.11280179005788925,-0.2061032704967418,-0.023248817848817827,8.0,6.0,5.0,-0.29999999999999893,0
15.5,15.5,0.7142857142857143,0.7375345321345321,0.11280179005788925,-0.2061032704967418,-0.023248817848817827,8.0,6.0,5.0,-0.5,0
15.5,15.5,0.7142857142857143,0.7375345321345321,0.11280179005788925,-0.2061032704967418,-0.023248817848817827,8.0,6.0,5.0,-0.7000000000000011,0
15.5,15.5,0.7142857142857143,0.7375345321345321,0.11280179005788925,-0.2061032704967418,-0.023248817848817827,8.0,6.0,5.0,-0.6000000000000014,0
16.5,16.5,0.8333333333333334,0.7670755244755244,0.0992568782205243,0.6675387141493656,0.06625780885780896,7.0,5.0,5.0,0.3000000000000007,0
16.5,16.5,0.8333333333333334,0.7670755244755244,0.0992568782205243,0.6675387141493656,0.06625780885780896,7.0,5.0,5.0,0.09999999999999964,0
16.5,16.5,0.8333333333333334,0.7670755244755244,0.0992568782205243,0.6675387141493656,0.06625780885780896,7.0,5.0,5.0,0.0,0
16.5,16.5,0.8333333333333334,0.7670755244755244,0.0992568782205243,0.6675387141493656,0.06625780885780896,7.0,5.0,5.0,-0.6000000000000014,0
16.5,16.5,0.8333333333333334,0.7670755244755244,0.0992568782205243,0.6675387141493656,0.06625780885780896,7.0,5.0,5.0,-0.6999999999999993,0
17.5,17.5,0.8571428571428571,0.7907888000888001,0.10392741461537332,0.638465387594099,0.06635405705405695,8.0,6.0,6.0,0.09999999999999964,0
17.5,17.5,0.8571428571428571,0.7907888000888001,0.10392741461537332,0.638465387594099,0.06635405705405695,8.0,6.0,6.0,0.0,0
17.5,17.5,0.8571428571428571,0.7907888000888001,0.10392741461537332,0.638465387594099,0.06635405705405695,8.0,6.0,6.0,-0.6000000000000014,0
17.5,17.5,0.8571428571428571,0.7907888000888001,0.10392741461537332,0.638465387594099,0.06635405705405695,8.0,6.0,6.0,-0.6999999999999993,0
17.5,17.5,0.8571428571428571,0.7907888000888001,0.10392741461537332,0.638465387594099,0.06635405705405695,8.0,6.0,6.0,-0.6999999999999993,0
17.5,17.5,0.8571428571428571,0.7907888000888001,0.10392741461537332,0.638465387594099,0.06635405705405695,8.0,6.0,6.0,-0.40000000000000213,0
18.5,18.5,0.8571428571428571,0.7958592907092907,0.12910028378972066,0.4746973797004615,0.06128356643356636,8.0,6.0,6.0,-0.6000000000000014,0
18.5,18.5,0.8571428571428571,0.7958592907092907,0.12910028378972066,0.4746973797004615,0.06128356643356636,8.0,6.0,6.0,-0.6999999999999993,0
18.5,18.5,0.8571428571428571,0.7958592907092907,0.12910028378972066,0.4746973797004615,0.06128356643356636,8.0,6.0,6.0,-0.6999999999999993,0
18.5,18.5,0.8571428571428571,0.7958592907092907,0.12910028378972066,0.4746973797004615,0.06128356643356636,8.0,6.0,6.0,-0.40000000000000213,0
18.5,18.5,0.8571428571428571,0.7958592907092907,0.12910028378972066,0.4746973797004615,0.06128356643356636,8.0,6.0,6.0,-0.3999999999999986,0
18.5,18.5,0.8571428571428571,0.7958592907092907,0.12910028378972066,0.4746973797004615,0.06128356643356636,8.0,6.0,6.0,-0.5,0
19.5,19.5,0.9333333333333333,0.8444638972138974,0.12223452022975374,0.7270404133987333,0.08886943611943598,8.0,7.0,7.0,-0.10000000000000142,0
19.5,19.5,0.9333333333333333,0.8444638972138974,0.12223452022975374,0.7270404133987333,0.08886943611943598,8.0,7.0,7.0,-0.6999999999999993,0
19.5,19.5,0.9333333333333333,0.8444638972138974,0.12223452022975374,0.7270404133987333,0.08886943611943598,8.0,7.0,7.0,-0.6999999999999993,0
19.5,19.5,0.9333333333333333,0.8444638972138974,0.12223452022975374,0.7270404133987333,0.08886943611943598,8.0,7.0,7.0,-0.40000000000000213,0
19.5,19.5,0.9333333333333333,0.8444638972138974,0.12223452022975374,0.7270404133987333,0.08886943611943598,8.0,7.0,7.0,-0.3999999999999986,0
19.5,19.5,0.9333333333333333,0.8444638972138974,0.12223452022975374,0.7270404133987333,0.08886943611943598,8.0,7.0,7.0,-0.5,0
19.5,19.5,0.9333333333333333,0.8444638972138974,0.12223452022975374,0.7270404133987333,0.08886943611943598,8.0,7.0,7.0,-0.3999999999999986,0
20.5,20.5,0.9230769230769231,0.7997282802165155,0.13044657336340568,0.9455874514754461,0.12334864286040759,6.0,7.0,6.0,0.0,0
20.5,20.5,0.9230769230769231,0.7997282802165155,0.13044657336340568,0.9455874514754461,0.12334864286040759,6.0,7.0,6.0,0.0,0
20.5,20.5,0.9230769230769231,0.7997282802165155,0.13044657336340568,0.9455874514754461,0.12334864286040759,6.0,7.0,6.0,0.1999999999999993,0
20.5,20.5,0.9230769230769231,0.7997282802165155,0.13044657336340568,0.9455874514754461,0.12334864286040759,6.0,7.0,6.0,0.1999999999999993,0
20.5,20.5,0.9230769230769231,0.7997282802165155,0.13044657336340568,0.9455874514754461,0.12334864286040759,6.0,7.0,6.0,0.10000000000000142,0
20.5,20.5,0.9230769230769231,0.7997282802165155,0.13044657336340568,0.9455874514754461,0.12334864286040759,6.0,7.0,6.0,0.20000000000000284,0
21.5,21.5,0.9230769230769231,0.7562921052803406,0.12414088563052379,1.3435123887627027,0.1667848177965825,6.0,7.0,6.0,0.0,0
21.5,21.5,0.9230769230769231,0.7562921052803406,0.12414088563052379,1.3435123887627027,0.1667848177965825,6.0,7.0,6.0,0.1999999999999993,0
21.5,21.5,0.9230769230769231,0.7562921052803406,0.12414088563052379,1.3435123887627027,0.1667848177965825,6.0,7.0,6.0,0.1999999999999993,0
21.5,21.5,0.9230769230769231,0.7562921052803406,0.12414088563052379,1.3435123887627027,0.1667848177965825,6.0,7.0,6.0,0.10000000000000142,0
21.5,21.5,0.9230769230769231,0.7562921052803406,0.12414088563052379,1.3435123887627027,0.1667848177965825,6.0,7.0,6.0,0.20000000000000284,0
21.5,21.5,0.9230769230769231,0.7562921052803406,0.12414088563052379,1.3435123887627027,0.1667848177965825,6.0,7.0,6.0,0.5,0
22.5,22.5,0.7692307692307693,0.8234349651982005,0.11543286414220168,-0.46957334352075925,-0.0542041959674312,6.0,7.0,5.0,0.1999999999999993,0
22.5,22.5,0.7692307692307693,0.8234349651982005,0.11543286414220168,-0.46957334352075925,-0.0542041959674312,6.0,7.0,5.0,0.10000000000000142,0
22.5,22.5,0.7692307692307693,0.8234349651982005,0.11543286414220168,-0.46957334352075925,-0.0542041959674312,6.0,7.0,5.0,0.20000000000000284,0
22.5,22.5,0.7692307692307693,0.8234349651982005,0.11543286414220168,-0.46957334352075925,-0.0542041959674312,6.0,7.0,5.0,-0.3000000000000007,0
22.5,22.5,0.7692307692307693,0.8234349651982005,0.11543286414220168,-0.46957334352075925,-0.0542041959674312,6.0,7.0,5.0,-0.1999999999999993,0
23.5,23.5,0.9230769230769231,0.8500473585238292,0.12002129205469406,0.6084717411625111,0.07302956455309395,6.0,7.0,6.0,-0.3999999999999986,0
23.5,23.5,0.9230769230769231,0.8500473585238292,0.12002129205469406,0.6084717411625111,0.07302956455309395,6.0,7.0,6.0,-0.5,0
23.5,23.5,0.9230769230769231,0.8500473585238292,0.12002129205469406,0.6084717411625111,0.07302956455309395,6.0,7.0,6.0,-0.3000000000000007,0
23.5,23.5,0.9230769230769231,0.8500473585238292,0.12002129205469406,0.6084717411625111,0.07302956455309395,6.0,7.0,6.0,-0.1999999999999993,0
23.5,23.5,0.9230769230769231,0.8500473585238292,0.12002129205469406,0.6084717411625111,0.07302956455309395,6.0,7.0,6.0,-0.3999999999999986,0
23.5,23.5,0.9230769230769231,0.8500473585238292,0.12002129205469406,0.6084717411625111,0.07302956455309395,6.0,7.0,6.0,-0.1999999999999993,0
24.5,24.5,0.7692307692307693,0.8326732953321189,0.1327251222881988,-0.4779993795265884,-0.0634425261013496,5.0,8.0,5.0,-0.3000000000000007,0
24.5,24.5,0.7692307692307693,0.8326732953321189,0.1327251222881988,-0.4779993795265884,-0.0634425261013496,5.0,8.0,5.0,-0.1999999999999993,0
24.5,24.5,0.7692307692307693,0.8326732953321189,0.1327251222881988,-0.4779993795265884,-0.0634425261013496,5.0,8.0,5.0,-0.3999999999999986,0
24.5,24.5,0.7692307692307693,0.8326732953321189,0.1327251222881988,-0.4779993795265884,-0.0634425261013496,5.0,8.0,5.0,-0.1999999999999993,0
24.5,24.5,0.7692307692307693,0.8326732953321189,0.1327251222881988,-0.4779993795265884,-0.0634425261013496,5.0,8.0,5.0,0.1999999999999993,0
25.5,25.5,0.8571428571428571,0.7979513465292878,0.13337918435423793,0.443783720077072,0.05919151061356931,6.0,8.0,6.0,-0.3000000000000007,0
25.5,25.5,0.8571428571428571,0.7979513465292878,0.13337918435423793,0.443783720077072,0.05919151061356931,6.0,8.0,6.0,-0.1999999999999993,0
25.5,25.5,0.8571428571428571,0.7979513465292878,0.13337918435423793,0.443783720077072,0.05919151061356931,6.0,8.0,6.0,-0.3999999999999986,0
25.5,25.5,0.8571428571428571,0.7979513465292878,0.13337918435423793,0.443783720077072,0.05919151061356931,6.0,8.0,6.0,-0.1999999999999993,0
25.5,25.5,0.8571428571428571,0.7979513465292878,0.13337918435423793,0.443783720077072,0.05919151061356931,6.0,8.0,6.0,0.1999999999999993,0
25.5,25.5,0.8571428571428571,0.7979513465292878,0.13337918435423793,0.443783720077072,0.05919151061356931,6.0,8.0,6.0,0.3999999999999986,0
26.5,26.5,0.8,0.7718098720337111,0.12946596563903598,0.21774161129640693,0.028190127966288947,6.0,9.0,6.0,-0.1999999999999993,0
26.5,26.5,0.8,0.7718098720337111,0.12946596563903598,0.21774161129640693,0.028190127966288947,6.0,9.0,6.0,-0.3999999999999986,0
26.5,26.5,0.8,0.7718098720337111,0.12946596563903598,0.21774161129640693,0.028190127966288947,6.0,9.0,6.0,-0.1999999999999993,0
26.5,26.5,0.8,0.7718098720337111,0.12946596563903598,0.21774161129640693,0.028190127966288947,6.0,9.0,6.0,0.1999999999999993,0
26.5,26.5,0.8,0.7718098720337111,0.12946596563903598,0.21774161129640693,0.028190127966288947,6.0,9.0,6.0,-0.40000000000000213,0
26.5,26.5,0.8,0.7718098720337111,0.12946596563903598,0.21774161129640693,0.028190127966288947,6.0,9.0,6.0,-0.40000000000000213,0
27.5,27.5,0.8,0.7921663010192421,0.12543605231634042,0.06245173405969371,0.00783369898075792,6.0,9.0,6.0,-0.1999999999999993,0
27.5,27.5,0.8,0.7921663010192421,0.12543605231634042,0.06245173405969371,0.00783369898075792,6.0,9.0,6.0,0.1999999999999993,0
27.5,27.5,0.8,0.7921663010192421,0.12543605231634042,0.06245173405969371,0.00783369898075792,6.0,9.0,6.0,-0.40000000000000213,0
27.5,27.5,0.8,0.7921663010192421,0.12543605231634042,0.06245173405969371,0.00783369898075792,6.0,9.0,6.0,-0.40000000000000213,0
27.5,27.5,0.8,0.7921663010192421,0.12543605231634042,0.06245173405969371,0.00783369898075792,6.0,9.0,6.0,-0.1999999999999993,0
27.5,27.5,0.8,0.7921663010192421,0.12543605231634042,0.06245173405969371,0.00783369898075792,6.0,9.0,6.0,-0.3000000000000007,0
28.5,28.5,0.8571428571428571,0.8228627034729977,0.12501024978211547,0.27421874389985934,0.03428015366985937,6.0,8.0,6.0,0.1999999999999993,0
28.5,28.5,0.8571428571428571,0.8228627034729977,0.12501024978211547,0.27421874389985934,0.03428015366985937,6.0,8.0,6.0,-0.40000000000000213,0
28.5,28.5,0.8571428571428571,0.8228627034729977,0.12501024978211547,0.27421874389985934,0.03428015366985937,6.0,8.0,6.0,-0.40000000000000213,0
28.5,28.5,0.8571428571428571,0.8228627034729977,0.12501024978211547,0.27421874389985934,0.03428015366985937,6.0,8.0,6.0,-0.1999999999999993,0
28.5,28.5,0.8571428571428571,0.8228627034729977,0.12501024978211547,0.27421874389985934,0.03428015366985937,6.0,8.0,6.0,-0.3000000000000007,0
28.5,28.5,0.8571428571428571,0.8228627034729977,0.12501024978211547,0.27421874389985934,0.03428015366985937,6.0,8.0,6.0,-0.29999999999999716,0
29.5,29.5,1.0,0.8449971115485823,0.11824941496905882,1.3108131527921374,0.15500288845141774,7.0,7.0,7.0,-0.3000000000000007,0
29.5,29.5,1.0,0.8449971115485823,0.11824941496905882,1.3108131527921374,0.15500288845141774,7.0,7.0,7.0,-0.40000000000000213,0
29.5,29.5,1.0,0.8449971115485823,0.11824941496905882,1.3108131527921374,0.15500288845141774,7.0,7.0,7.0,-0.40000000000000213,0
29.5,29.5,1.0,0.8449971115485823,0.11824941496905882,1.3108131527921374,0.15500288845141774,7.0,7.0,7.0,-0.1999999999999993,0
29.5,29.5,1.0,0.8449971115485823,0.11824941496905882,1.3108131527921374,0.15500288845141774,7.0,7.0,7.0,-0.3000000000000007,0
29.5,29.5,1.0,0.8449971115485823,0.11824941496905882,1.3108131527921374,0.15500288845141774,7.0,7.0,7.0,-0.29999999999999716,0
29.5,29.5,1.0,0.8449971115485823,0.11824941496905882,1.3108131527921374,0.15500288845141774,7.0,7.0,7.0,-0.40000000000000213,0
30.5,30.5,0.8571428571428571,0.8280663584781233,0.1254311005266137,0.23181251334524045,0.02907649866473383,6.0,8.0,6.0,0.29999999999999716,0
30.5,30.5,0.8571428571428571,0.8280663584781233,0.1254311005266137,0.23181251334524045,0.02907649866473383,6.0,8.0,6.0,-0.1999999999999993,0
30.5,30.5,0.8571428571428571,0.8280663584781233,0.1254311005266137,0.23181251334524045,0.02907649866473383,6.0,8.0,6.0,-0.3000000000000007,0
30.5,30.5,0.8571428571428571,0.8280663584781233,0.1254311005266137,0.23181251334524045,0.02907649866473383,6.0,8.0,6.0,-0.29999999999999716,0
30.5,30.5,0.8571428571428571,0.8280663584781233,0.1254311005266137,0.23181251334524045,0.02907649866473383,6.0,8.0,6.0,-0.40000000000000213,0
30.5,30.5,0.8571428571428571,0.8280663584781233,0.1254311005266137,0.23181251334524045,0.02907649866473383,6.0,8.0,6.0,0.0,0
31.5,31.5,0.9230769230769231,0.8554756105006106,0.11591026841098158,0.5832210856127035,0.06760131257631252,6.0,7.0,6.0,-0.1999999999999993,0
31.5,31.5,0.9230769230769231,0.8554756105006106,0.11591026841098158,0.5832210856127035,0.06760131257631252,6.0,7.0,6.0,-0.3000000000000007,0
31.5,31.5,0.9230769230769231,0.8554756105006106,0.11591026841098158,0.5832210856127035,0.06760131257631252,6.0,7.0,6.0,-0.29999999999999716,0
31.5,31.5,0.9230769230769231,0.8554756105006106,0.11591026841098158,0.5832210856127035,0.06760131257631252,6.0,7.0,6.0,-0.40000000000000213,0
31.5,31.5,0.9230769230769231,0.8554756105006106,0.11591026841098158,0.5832210856127035,0.06760131257631252,6.0,7.0,6.0,0.0,0
31.5,31.5,0.9230769230769231,0.8554756105006106,0.11591026841098158,0.5832210856127035,0.06760131257631252,6.0,7.0,6.0,-0.10000000000000142,0
32.5,32.5,0.6666666666666666,0.7745827061827063,0.12767308815579398,-0.8452528334268407,-0.10791603951603967,6.0,6.0,4.0,-0.29999999999999716,0
32.5,32.5,0.6666666666666666,0.7745827061827063,0.12767308815579398,-0.8452528334268407,-0.10791603951603967,6.0,6.0,4.0,-0.40000000000000213,0
32.5,32.5,0.6666666666666666,0.7745827061827063,0.12767308815579398,-0.8452528334268407,-0.10791603951603967,6.0,6.0,4.0,0.0,0
32.5,32.5,0.6666666666666666,0.7745827061827063,0.12767308815579398,-0.8452528334268407,-0.10791603951603967,6.0,6.0,4.0,-0.10000000000000142,0
33.5,33.5,0.6,0.6826133089133088,0.12335931985862168,-0.6696965337356711,-0.08261330891330887,6.0,4.0,3.0,-0.40000000000000213,0
33.5,33.5,0.6,0.6826133089133088,0.12335931985862168,-0.6696965337356711,-0.08261330891330887,6.0,4.0,3.0,0.0,0
33.5,33.5,0.6,0.6826133089133088,0.12335931985862168,-0.6696965337356711,-0.08261330891330887,6.0,4.0,3.0,-0.10000000000000142,0
34.5,34.5,0.6,0.6699357087357086,0.12391846962700644,-0.5643687252288908,-0.06993570873570865,6.0,4.0,3.0,0.0,0
34.5,34.5,0.6,0.6699357087357086,0.12391846962700644,-0.5643687252288908,-0.06993570873570865,6.0,4.0,3.0,-0.10000000000000142,0
34.5,34.5,0.6,0.6699357087357086,0.12391846962700644,-0.5643687252288908,-0.06993570873570865,6.0,4.0,3.0,-1.0,0
35.5,35.5,0.6,0.6456050893550894,0.12191711491516145,-0.37406634324331484,-0.045605089355089445,6.0,4.0,3.0,0.0,0
35.5,35.5,0.6,0.6456050893550894,0.12191711491516145,-0.37406634324331484,-0.045605089355089445,6.0,4.0,3.0,-0.10000000000000142,0
35.5,35.5,0.6,0.6456050893550894,0.12191711491516145,-0.37406634324331484,-0.045605089355089445,6.0,4.0,3.0,-1.0,0
36.5,36.5,0.4444444444444444,0.6595865967365967,0.14368359268594574,-1.4973327731468686,-0.21514215229215228,5.0,4.0,2.0,-1.0,0
36.5,36.5,0.4444444444444444,0.6595865967365967,0.14368359268594574,-1.4973327731468686,-0.21514215229215228,5.0,4.0,2.0,-0.29999999999999716,0
37.5,37.5,0.6666666666666666,0.7614992895992897,0.1419780378982466,-0.6679386779565731,-0.09483262293262307,6.0,6.0,4.0,-1.0,0
37.5,37.5,0.6666666666666666,0.7614992895992897,0.1419780378982466,-0.6679386779565731,-0.09483262293262307,6.0,6.0,4.0,-0.29999999999999716,0
37.5,37.5,0.6666666666666666,0.7614992895992897,0.1419780378982466,-0.6679386779565731,-0.09483262293262307,6.0,6.0,4.0,0.10000000000000142,0
37.5,37.5,0.6666666666666666,0.7614992895992897,0.1419780378982466,-0.6679386779565731,-0.09483262293262307,6.0,6.0,4.0,0.10000000000000142,0
38.5,38.5,0.7692307692307693,0.829925896489132,0.128401049159504,-0.4726996208805521,-0.06069512725836268,6.0,7.0,5.0,-0.30000000000000426,0
38.5,38.5,0.7692307692307693,0.829925896489132,0.128401049159504,-0.4726996208805521,-0.06069512725836268,6.0,7.0,5.0,-0.29999999999999716,0
38.5,38.5,0.7692307692307693,0.829925896489132,0.128401049159504,-0.4726996208805521,-0.06069512725836268,6.0,7.0,5.0,0.10000000000000142,0
38.5,38.5,0.7692307692307693,0.829925896489132,0.128401049159504,-0.4726996208805521,-0.06069512725836268,6.0,7.0,5.0,0.10000000000000142,0
38.5,38.5,0.7692307692307693,0.829925896489132,0.128401049159504,-0.4726996208805521,-0.06069512725836268,6.0,7.0,5.0,-0.10000000000000142,0
39.5,39.5,0.8571428571428571,0.8219759847995142,0.1341441801245669,0.26215727220284035,0.035166872343342925,6.0,8.0,6.0,-0.29999999999999716,0
39.5,39.5,0.8571428571428571,0.8219759847995142,0.1341441801245669,0.26215727220284035,0.035166872343342925,6.0,8.0,6.0,0.10000000000000142,0
39.5,39.5,0.8571428571428571,0.8219759847995142,0.1341441801245669,0.26215727220284035,0.035166872343342925,6.0,8.0,6.0,0.10000000000000142,0
39.5,39.5,0.8571428571428571,0.8219759847995142,0.1341441801245669,0.26215727220284035,0.035166872343342925,6.0,8.0,6.0,-0.10000000000000142,0
39.5,39.5,0.8571428571428571,0.8219759847995142,0.1341441801245669,0.26215727220284035,0.035166872343342925,6.0,8.0,6.0,-0.20000000000000284,0
39.5,39.5,0.8571428571428571,0.8219759847995142,0.1341441801245669,0.26215727220284035,0.035166872343342925,6.0,8.0,6.0,0.0,0
40.5,40.5,0.9411764705882353,0.7804006307847638,0.13547072681812058,1.1867939560058967,0.16077583980347143,8.0,9.0,8.0,-0.29999999999999716,0
40.5,40.5,0.9411764705882353,0.7804006307847638,0.13547072681812058,1.1867939560058967,0.16077583980347143,8.0,9.0,8.0,0.10000000000000142,0
40.5,40.5,0.9411764705882353,0.7804006307847638,0.13547072681812058,1.1867939560058967,0.16077583980347143,8.0,9.0,8.0,0.10000000000000142,0
40.5,40.5,0.9411764705882353,0.7804006307847638,0.13547072681812058,1.1867939560058967,0.16077583980347143,8.0,9.0,8.0,-0.10000000000000142,0
40.5,40.5,0.9411764705882353,0.7804006307847638,0.13547072681812058,1.1867939560058967,0.16077583980347143,8.0,9.0,8.0,-0.20000000000000284,0
40.5,40.5,0.9411764705882353,0.7804006307847638,0.13547072681812058,1.1867939560058967,0.16077583980347143,8.0,9.0,8.0,0.0,0
40.5,40.5,0.9411764705882353,0.7804006307847638,0.13547072681812058,1.1867939560058967,0.16077583980347143,8.0,9.0,8.0,-0.10000000000000142,0
40.5,40.5,0.9411764705882353,0.7804006307847638,0.13547072681812058,1.1867939560058967,0.16077583980347143,8.0,9.0,8.0,0.0,0
41.5,41.5,0.8888888888888888,0.7377913701107974,0.13421159549399272,1.1258156809919937,0.1510975187780914,8.0,10.0,8.0,0.10000000000000142,0
41.5,41.5,0.8888888888888888,0.7377913701107974,0.13421159549399272,1.1258156809919937,0.1510975187780914,8.0,10.0,8.0,0.10000000000000142,0
41.5,41.5,0.8888888888888888,0.7377913701107974,0.13421159549399272,1.1258156809919937,0.1510975187780914,8.0,10.0,8.0,-0.10000000000000142,0
41.5,41.5,0.8888888888888888,0.7377913701107974,0.13421159549399272,1.1258156809919937,0.1510975187780914,8.0,10.0,8.0,-0.20000000000000284,0
41.5,41.5,0.8888888888888888,0.7377913701107974,0.13421159549399272,1.1258156809919937,0.1510975187780914,8.0,10.0,8.0,0.0,0
41.5,41.5,0.8888888888888888,0.7377913701107974,0.13421159549399272,1.1258156809919937,0.1510975187780914,8.0,10.0,8.0,-0.10000000000000142,0
41.5,41.5,0.8888888888888888,0.7377913701107974,0.13421159549399272,1.1258156809919937,0.1510975187780914,8.0,10.0,8.0,0.0,0
41.5,41.5,0.8888888888888888,0.7377913701107974,0.13421159549399272,1.1258156809919937,0.1510975187780914,8.0,10.0,8.0,-0.29999999999999716,0
42.5,42.5,0.9333333333333333,0.8110064677152914,0.13905472258810272,0.8797030646732455,0.12232686561804196,7.0,8.0,7.0,-0.10000000000000142,0
42.5,42.5,0.9333333333333333,0.8110064677152914,0.13905472258810272,0.8797030646732455,0.12232686561804196,7.0,8.0,7.0,-0.20000000000000284,0
42.5,42.5,0.9333333333333333,0.8110064677152914,0.13905472258810272,0.8797030646732455,0.12232686561804196,7.0,8.0,7.0,0.0,0
42.5,42.5,0.9333333333333333,0.8110064677152914,0.13905472258810272,0.8797030646732455,0.12232686561804196,7.0,8.0,7.0,-0.10000000000000142,0
42.5,42.5,0.9333333333333333,0.8110064677152914,0.13905472258810272,0.8797030646732455,0.12232686561804196,7.0,8.0,7.0,0.0,0
42.5,42.5,0.9333333333333333,0.8110064677152914,0.13905472258810272,0.8797030646732455,0.12232686561804196,7.0,8.0,7.0,-0.29999999999999716,0
42.5,42.5,0.9333333333333333,0.8110064677152914,0.13905472258810272,0.8797030646732455,0.12232686561804196,7.0,8.0,7.0,-0.10000000000000142,0
43.5,43.5,0.7692307692307693,0.7749367754794226,0.13057369099486196,-0.04369950948907381,-0.005706006248653361,5.0,8.0,5.0,0.0,0
43.5,43.5,0.7692307692307693,0.7749367754794226,0.13057369099486196,-0.04369950948907381,-0.005706006248653361,5.0,8.0,5.0,-0.10000000000000142,0
43.5,43.5,0.7692307692307693,0.7749367754794226,0.13057369099486196,-0.04369950948907381,-0.005706006248653361,5.0,8.0,5.0,0.0,0
43.5,43.5,0.7692307692307693,0.7749367754794226,0.13057369099486196,-0.04369950948907381,-0.005706006248653361,5.0,8.0,5.0,-0.29999999999999716,0
43.5,43.5,0.7692307692307693,0.7749367754794226,0.13057369099486196,-0.04369950948907381,-0.005706006248653361,5.0,8.0,5.0,-0.10000000000000142,0
44.5,44.5,0.6666666666666666,0.8182223340385105,0.12157848435117193,-1.2465665136446735,-0.1515556673718439,4.0,8.0,4.0,-0.10000000000000142,0
44.5,44.5,0.6666666666666666,0.8182223340385105,0.12157848435117193,-1.2465665136446735,-0.1515556673718439,4.0,8.0,4.0,0.0,0
44.5,44.5,0.6666666666666666,0.8182223340385105,0.12157848435117193,-1.2465665136446735,-0.1515556673718439,4.0,8.0,4.0,-0.29999999999999716,0
44.5,44.5,0.6666666666666666,0.8182223340385105,0.12157848435117193,-1.2465665136446735,-0.1515556673718439,4.0,8.0,4.0,-0.10000000000000142,0
45.5,45.5,0.5454545454545454,0.8356223834988541,0.12570471091236668,-2.308329066892292,-0.2901678380443087,3.0,8.0,3.0,-0.29999999999999716,0
45.5,45.5,0.5454545454545454,0.8356223834988541,0.12570471091236668,-2.308329066892292,-0.2901678380443087,3.0,8.0,3.0,-0.10000000000000142,0
45.5,45.5,0.5454545454545454,0.8356223834988541,0.12570471091236668,-2.308329066892292,-0.2901678380443087,3.0,8.0,3.0,0.20000000000000284,0
46.5,46.5,0.5,0.8098460049754168,0.12445412873589956,-2.4896402242542863,-0.3098460049754168,4.0,8.0,3.0,-0.10000000000000142,0
46.5,46.5,0.5,0.8098460049754168,0.12445412873589956,-2.4896402242542863,-0.3098460049754168,4.0,8.0,3.0,0.20000000000000284,0
46.5,46.5,0.5,0.8098460049754168,0.12445412873589956,-2.4896402242542863,-0.3098460049754168,4.0,8.0,3.0,0.0,0
47.5,47.5,0.5454545454545454,0.8313846237096237,0.12281444967497482,-2.3281468834635066,-0.2859300782550783,4.0,7.0,3.0,0.20000000000000284,0
47.5,47.5,0.5454545454545454,0.8313846237096237,0.12281444967497482,-2.3281468834635066,-0.2859300782550783,4.0,7.0,3.0,0.0,0
47.5,47.5,0.5454545454545454,0.8313846237096237,0.12281444967497482,-2.3281468834635066,-0.2859300782550783,4.0,7.0,3.0,-0.6000000000000014,0
48.5,48.5,0.7142857142857143,0.8199821155968215,0.12953903492016164,-0.8159424792399508,-0.10569640131110725,6.0,8.0,5.0,0.20000000000000284,0
48.5,48.5,0.7142857142857143,0.8199821155968215,0.12953903492016164,-0.8159424792399508,-0.10569640131110725,6.0,8.0,5.0,0.0,0
48.5,48.5,0.7142857142857143,0.8199821155968215,0.12953903492016164,-0.8159424792399508,-0.10569640131110725,6.0,8.0,5.0,-0.6000000000000014,0
48.5,48.5,0.7142857142857143,0.8199821155968215,0.12953903492016164,-0.8159424792399508,-0.10569640131110725,6.0,8.0,5.0,-0.6000000000000014,0
48.5,48.5,0.7142857142857143,0.8199821155968215,0.12953903492016164,-0.8159424792399508,-0.10569640131110725,6.0,8.0,5.0,-0.5,0
49.5,49.5,0.7692307692307693,0.785439543789544,0.1327706677504769,-0.12208098997616476,-0.016208774558774675,7.0,6.0,5.0,0.20000000000000284,0
49.5,49.5,0.7692307692307693,0.785439543789544,0.1327706677504769,-0.12208098997616476,-0.016208774558774675,7.0,6.0,5.0,0.0,0
49.5,49.5,0.7692307692307693,0.785439543789544,0.1327706677504769,-0.12208098997616476,-0.016208774558774675,7.0,6.0,5.0,-0.6000000000000014,0
49.5,49.5,0.7692307692307693,0.785439543789544,0.1327706677504769,-0.12208098997616476,-0.016208774558774675,7.0,6.0,5.0,-0.6000000000000014,0
49.5,49.5,0.7692307692307693,0.785439543789544,0.1327706677504769,-0.12208098997616476,-0.016208774558774675,7.0,6.0,5.0,-0.5,0
50.5,50.5,0.7692307692307693,0.8033743759508466,0.1080393791315568,-0.316029275570915,-0.034143606720077324,6.0,7.0,5.0,0.0,0
50.5,50.5,0.7692307692307693,0.8033743759508466,0.1080393791315568,-0.316029275570915,-0.034143606720077324,6.0,7.0,5.0,-0.6000000000000014,0
50.5,50.5,0.7692307692307693,0.8033743759508466,0.1080393791315568,-0.316029275570915,-0.034143606720077324,6.0,7.0,5.0,-0.6000000000000014,0
50.5,50.5,0.7692307692307693,0.8033743759508466,0.1080393791315568,-0.316029275570915,-0.034143606720077324,6.0,7.0,5.0,-0.5,0
50.5,50.5,0.7692307692307693,0.8033743759508466,0.1080393791315568,-0.316029275570915,-0.034143606720077324,6.0,7.0,5.0,-0.6000000000000014,0
51.5,51.5,0.8571428571428571,0.8482197137829491,0.11210081544889924,0.07959927253138976,0.008923143359907959,7.0,7.0,6.0,-0.6000000000000014,0
51.5,51.5,0.8571428571428571,0.8482197137829491,0.11210081544889924,0.07959927253138976,0.008923143359907959,7.0,7.0,6.0,-0.6000000000000014,0
51.5,51.5,0.8571428571428571,0.8482197137829491,0.11210081544889924,0.07959927253138976,0.008923143359907959,7.0,7.0,6.0,-0.5,0
51.5,51.5,0.8571428571428571,0.8482197137829491,0.11210081544889924,0.07959927253138976,0.008923143359907959,7.0,7.0,6.0,-0.6000000000000014,0
51.5,51.5,0.8571428571428571,0.8482197137829491,0.11210081544889924,0.07959927253138976,0.008923143359907959,7.0,7.0,6.0,-0.19999999999999574,0
51.5,51.5,0.8571428571428571,0.8482197137829491,0.11210081544889924,0.07959927253138976,0.008923143359907959,7.0,7.0,6.0,0.0,0
52.5,52.5,0.9333333333333333,0.8167677933177934,0.12935069857217527,0.9011589523847727,0.11656554001553998,7.0,8.0,7.0,0.10000000000000142,0
52.5,52.5,0.9333333333333333,0.8167677933177934,0.12935069857217527,0.9011589523847727,0.11656554001553998,7.0,8.0,7.0,0.09999999999999432,0
52.5,52.5,0.9333333333333333,0.8167677933177934,0.12935069857217527,0.9011589523847727,0.11656554001553998,7.0,8.0,7.0,-0.6000000000000014,0
52.5,52.5,0.9333333333333333,0.8167677933177934,0.12935069857217527,0.9011589523847727,0.11656554001553998,7.0,8.0,7.0,-0.19999999999999574,0
52.5,52.5,0.9333333333333333,0.8167677933177934,0.12935069857217527,0.9011589523847727,0.11656554001553998,7.0,8.0,7.0,0.0,0
52.5,52.5,0.9333333333333333,0.8167677933177934,0.12935069857217527,0.9011589523847727,0.11656554001553998,7.0,8.0,7.0,-0.10000000000000142,0
52.5,52.5,0.9333333333333333,0.8167677933177934,0.12935069857217527,0.9011589523847727,0.11656554001553998,7.0,8.0,7.0,-0.19999999999999574,0
53.5,53.5,0.9230769230769231,0.8255447970330324,0.13177256863238873,0.7401550038534958,0.09753212604389072,6.0,7.0,6.0,-0.6000000000000014,0
53.5,53.5,0.9230769230769231,0.8255447970330324,0.13177256863238873,0.7401550038534958,0.09753212604389072,6.0,7.0,6.0,-0.19999999999999574,0
53.5,53.5,0.9230769230769231,0.8255447970330324,0.13177256863238873,0.7401550038534958,0.09753212604389072,6.0,7.0,6.0,0.0,0
53.5,53.5,0.9230769230769231,0.8255447970330324,0.13177256863238873,0.7401550038534958,0.09753212604389072,6.0,7.0,6.0,-0.10000000000000142,0
53.5,53.5,0.9230769230769231,0.8255447970330324,0.13177256863238873,0.7401550038534958,0.09753212604389072,6.0,7.0,6.0,-0.19999999999999574,0
53.5,53.5,0.9230769230769231,0.8255447970330324,0.13177256863238873,0.7401550038534958,0.09753212604389072,6.0,7.0,6.0,-0.20000000000000284,0
54.5,54.5,0.7142857142857143,0.7717127330615721,0.1317401735384948,-0.43591121245242215,-0.05742701877585776,5.0,9.0,5.0,-0.19999999999999574,0
54.5,54.5,0.7142857142857143,0.7717127330615721,0.1317401735384948,-0.43591121245242215,-0.05742701877585776,5.0,9.0,5.0,0.0,0
54.5,54.5,0.7142857142857143,0.7717127330615721,0.1317401735384948,-0.43591121245242215,-0.05742701877585776,5.0,9.0,5.0,-0.10000000000000142,0
54.5,54.5,0.7142857142857143,0.7717127330615721,0.1317401735384948,-0.43591121245242215,-0.05742701877585776,5.0,9.0,5.0,-0.19999999999999574,0
54.5,54.5,0.7142857142857143,0.7717127330615721,0.1317401735384948,-0.43591121245242215,-0.05742701877585776,5.0,9.0,5.0,-0.20000000000000284,0
55.5,55.5,0.8,0.7854973277582412,0.1325030814385087,0.10945158470513873,0.01450267224175883,6.0,9.0,6.0,-0.19999999999999574,0
55.5,55.5,0.8,0.7854973277582412,0.1325030814385087,0.10945158470513873,0.01450267224175883,6.0,9.0,6.0,0.0,0
55.5,55.5,0.8,0.7854973277582412,0.1325030814385087,0.10945158470513873,0.01450267224175883,6.0,9.0,6.0,-0.10000000000000142,0
55.5,55.5,0.8,0.7854973277582412,0.1325030814385087,0.10945158470513873,0.01450267224175883,6.0,9.0,6.0,-0.19999999999999574,0
55.5,55.5,0.8,0.7854973277582412,0.1325030814385087,0.10945158470513873,0.01450267224175883,6.0,9.0,6.0,-0.20000000000000284,0
55.5,55.5,0.8,0.7854973277582412,0.1325030814385087,0.10945158470513873,0.01450267224175883,6.0,9.0,6.0,0.10000000000000142,0
56.5,56.5,0.6666666666666666,0.8054542147395088,0.13579752089813119,-1.0220182751123565,-0.13878754807284222,4.0,8.0,4.0,-0.10000000000000142,0
56.5,56.5,0.6666666666666666,0.8054542147395088,0.13579752089813119,-1.0220182751123565,-0.13878754807284222,4.0,8.0,4.0,-0.19999999999999574,0
56.5,56.5,0.6666666666666666,0.8054542147395088,0.13579752089813119,-1.0220182751123565,-0.13878754807284222,4.0,8.0,4.0,-0.20000000000000284,0
56.5,56.5,0.6666666666666666,0.8054542147395088,0.13579752089813119,-1.0220182751123565,-0.13878754807284222,4.0,8.0,4.0,0.10000000000000142,0
57.5,57.5,0.5454545454545454,0.8226488834694718,0.1386524727469485,-1.9992022682554502,-0.27719433801492643,3.0,8.0,3.0,-0.20000000000000284,0
57.5,57.5,0.5454545454545454,0.8226488834694718,0.1386524727469485,-1.9992022682554502,-0.27719433801492643,3.0,8.0,3.0,0.10000000000000142,0
57.5,57.5,0.5454545454545454,0.8226488834694718,0.1386524727469485,-1.9992022682554502,-0.27719433801492643,3.0,8.0,3.0,-0.29999999999999716,0
58.5,58.5,0.5,0.7877773011302422,0.1317684068898252,-2.1839628172089833,-0.28777730113024225,4.0,8.0,3.0,0.10000000000000142,0
58.5,58.5,0.5,0.7877773011302422,0.1317684068898252,-2.1839628172089833,-0.28777730113024225,4.0,8.0,3.0,-0.29999999999999716,0
58.5,58.5,0.5,0.7877773011302422,0.1317684068898252,-2.1839628172089833,-0.28777730113024225,4.0,8.0,3.0,-0.29999999999999716,0
59.5,59.5,0.7142857142857143,0.8172857591754652,0.1291233039551472,-0.7976874950901923,-0.1030000448897509,6.0,8.0,5.0,0.10000000000000142,0
59.5,59.5,0.7142857142857143,0.8172857591754652,0.1291233039551472,-0.7976874950901923,-0.1030000448897509,6.0,8.0,5.0,-0.29999999999999716,0
59.5,59.5,0.7142857142857143,0.8172857591754652,0.1291233039551472,-0.7976874950901923,-0.1030000448897509,6.0,8.0,5.0,-0.29999999999999716,0
59.5,59.5,0.7142857142857143,0.8172857591754652,0.1291233039551472,-0.7976874950901923,-0.1030000448897509,6.0,8.0,5.0,-0.3999999999999986,0
59.5,59.5,0.7142857142857143,0.8172857591754652,0.1291233039551472,-0.7976874950901923,-0.1030000448897509,6.0,8.0,5.0,-0.3999999999999986,0
60.5,60.5,0.9333333333333333,0.8322816575581282,0.13027540314724853,0.7756773215354228,0.10105167577520513,7.0,8.0,7.0,-0.5,0
60.5,60.5,0.9333333333333333,0.8322816575581282,0.13027540314724853,0.7756773215354228,0.10105167577520513,7.0,8.0,7.0,-0.29999999999999716,0
60.5,60.5,0.9333333333333333,0.8322816575581282,0.13027540314724853,0.7756773215354228,0.10105167577520513,7.0,8.0,7.0,-0.29999999999999716,0
60.5,60.5,0.9333333333333333,0.8322816575581282,0.13027540314724853,0.7756773215354228,0.10105167577520513,7.0,8.0,7.0,-0.3999999999999986,0
60.5,60.5,0.9333333333333333,0.8322816575581282,0.13027540314724853,0.7756773215354228,0.10105167577520513,7.0,8.0,7.0,-0.3999999999999986,0
60.5,60.5,0.9333333333333333,0.8322816575581282,0.13027540314724853,0.7756773215354228,0.10105167577520513,7.0,8.0,7.0,-0.29999999999999716,0
60.5,60.5,0.9333333333333333,0.8322816575581282,0.13027540314724853,0.7756773215354228,0.10105167577520513,7.0,8.0,7.0,-0.3999999999999986,0
61.5,61.5,0.8,0.7697623683506036,0.13266570540891953,0.227923498059985,0.030237631649396413,8.0,7.0,6.0,-0.29999999999999716,0
61.5,61.5,0.8,0.7697623683506036,0.13266570540891953,0.227923498059985,0.030237631649396413,8.0,7.0,6.0,-0.29999999999999716,0
61.5,61.5,0.8,0.7697623683506036,0.13266570540891953,0.227923498059985,0.030237631649396413,8.0,7.0,6.0,-0.3999999999999986,0
61.5,61.5,0.8,0.7697623683506036,0.13266570540891953,0.227923498059985,0.030237631649396413,8.0,7.0,6.0,-0.3999999999999986,0
61.5,61.5,0.8,0.7697623683506036,0.13266570540891953,0.227923498059985,0.030237631649396413,8.0,7.0,6.0,-0.29999999999999716,0
61.5,61.5,0.8,0.7697623683506036,0.13266570540891953,0.227923498059985,0.030237631649396413,8.0,7.0,6.0,-0.3999999999999986,0
62.5,62.5,0.7142857142857143,0.693877145077145,0.14445637742523587,0.141278423094417,0.02040856920856926,9.0,5.0,5.0,-0.29999999999999716,0
62.5,62.5,0.7142857142857143,0.693877145077145,0.14445637742523587,0.141278423094417,0.02040856920856926,9.0,5.0,5.0,-0.3999999999999986,0
62.5,62.5,0.7142857142857143,0.693877145077145,0.14445637742523587,0.141278423094417,0.02040856920856926,9.0,5.0,5.0,-0.3999999999999986,0
62.5,62.5,0.7142857142857143,0.693877145077145,0.14445637742523587,0.141278423094417,0.02040856920856926,9.0,5.0,5.0,-0.29999999999999716,0
62.5,62.5,0.7142857142857143,0.693877145077145,0.14445637742523587,0.141278423094417,0.02040856920856926,9.0,5.0,5.0,-0.3999999999999986,0
63.5,63.5,0.5,0.6599802530802531,0.12664020125556916,-1.2632659415741236,-0.1599802530802531,7.0,5.0,3.0,0.10000000000000142,0
63.5,63.5,0.5,0.6599802530802531,0.12664020125556916,-1.2632659415741236,-0.1599802530802531,7.0,5.0,3.0,-0.29999999999999716,0
63.5,63.5,0.5,0.6599802530802531,0.12664020125556916,-1.2632659415741236,-0.1599802530802531,7.0,5.0,3.0,-0.3999999999999986,0
64.5,64.5,0.36363636363636365,0.7305812964812963,0.10800291992535467,-3.3975464098428416,-0.3669449328449327,6.0,5.0,2.0,-0.29999999999999716,0
64.5,64.5,0.36363636363636365,0.7305812964812963,0.10800291992535467,-3.3975464098428416,-0.3669449328449327,6.0,5.0,2.0,-0.3999999999999986,0
65.5,65.5,0.2,0.6832552392052391,0.15729839284098798,-3.072219814055945,-0.4832552392052391,5.0,5.0,1.0,-0.20000000000000284,0
66.5,66.5,0.2,0.7668562522444876,0.14596143887111085,-3.8836027969348934,-0.5668562522444875,3.0,7.0,1.0,-0.20000000000000284,0
67.5,67.5,0.5454545454545454,0.8138016663075487,0.13151898671643017,-2.0403679160910055,-0.2683471208530033,3.0,8.0,3.0,-0.20000000000000284,0
67.5,67.5,0.5454545454545454,0.8138016663075487,0.13151898671643017,-2.0403679160910055,-0.2683471208530033,3.0,8.0,3.0,0.19999999999998863,0
67.5,67.5,0.5454545454545454,0.8138016663075487,0.13151898671643017,-2.0403679160910055,-0.2683471208530033,3.0,8.0,3.0,0.30000000000001137,0
68.5,68.5,0.6153846153846154,0.7796653830259868,0.13697162073319652,-1.199378139515262,-0.16428076764137134,4.0,9.0,4.0,-0.20000000000000284,0
68.5,68.5,0.6153846153846154,0.7796653830259868,0.13697162073319652,-1.199378139515262,-0.16428076764137134,4.0,9.0,4.0,0.19999999999998863,0
68.5,68.5,0.6153846153846154,0.7796653830259868,0.13697162073319652,-1.199378139515262,-0.16428076764137134,4.0,9.0,4.0,-0.29999999999999716,0
68.5,68.5,0.6153846153846154,0.7796653830259868,0.13697162073319652,-1.199378139515262,-0.16428076764137134,4.0,9.0,4.0,-0.20000000000000284,0
69.5,69.5,0.7142857142857143,0.7955413320339791,0.1300698034934383,-0.6247077766390566,-0.08125561774826484,6.0,8.0,5.0,-0.20000000000000284,0
69.5,69.5,0.7142857142857143,0.7955413320339791,0.1300698034934383,-0.6247077766390566,-0.08125561774826484,6.0,8.0,5.0,0.19999999999998863,0
69.5,69.5,0.7142857142857143,0.7955413320339791,0.1300698034934383,-0.6247077766390566,-0.08125561774826484,6.0,8.0,5.0,-0.29999999999999716,0
69.5,69.5,0.7142857142857143,0.7955413320339791,0.1300698034934383,-0.6247077766390566,-0.08125561774826484,6.0,8.0,5.0,-0.20000000000000284,0
69.5,69.5,0.7142857142857143,0.7955413320339791,0.1300698034934383,-0.6247077766390566,-0.08125561774826484,6.0,8.0,5.0,-0.09999999999999432,0
70.5,70.5,0.7692307692307693,0.8048310775825482,0.12700866425631754,-0.28029826595084567,-0.035600308351778964,6.0,7.0,5.0,0.19999999999998863,0
70.5,70.5,0.7692307692307693,0.8048310775825482,0.12700866425631754,-0.28029826595084567,-0.035600308351778964,6.0,7.0,5.0,-0.29999999999999716,0
70.5,70.5,0.7692307692307693,0.8048310775825482,0.12700866425631754,-0.28029826595084567,-0.035600308351778964,6.0,7.0,5.0,-0.20000000000000284,0
70.5,70.5,0.7692307692307693,0.8048310775825482,0.12700866425631754,-0.28029826595084567,-0.035600308351778964,6.0,7.0,5.0,-0.09999999999999432,0
70.5,70.5,0.7692307692307693,0.8048310775825482,0.12700866425631754,-0.28029826595084567,-0.035600308351778964,6.0,7.0,5.0,-0.20000000000000284,0
71.5,71.5,0.9230769230769231,0.8145515484515485,0.11197956229536449,0.9691534097902713,0.1085253746253746,7.0,6.0,6.0,-0.5,0
71.5,71.5,0.9230769230769231,0.8145515484515485,0.11197956229536449,0.9691534097902713,0.1085253746253746,7.0,6.0,6.0,-0.29999999999999716,0
71.5,71.5,0.9230769230769231,0.8145515484515485,0.11197956229536449,0.9691534097902713,0.1085253746253746,7.0,6.0,6.0,-0.20000000000000284,0
71.5,71.5,0.9230769230769231,0.8145515484515485,0.11197956229536449,0.9691534097902713,0.1085253746253746,7.0,6.0,6.0,-0.09999999999999432,0
71.5,71.5,0.9230769230769231,0.8145515484515485,0.11197956229536449,0.9691534097902713,0.1085253746253746,7.0,6.0,6.0,-0.20000000000000284,0
71.5,71.5,0.9230769230769231,0.8145515484515485,0.11197956229536449,0.9691534097902713,0.1085253746253746,7.0,6.0,6.0,-0.5,0
72.5,72.5,0.8333333333333334,0.7835700022200023,0.10918219854335623,0.45578246066889816,0.04976333111333109,6.0,6.0,5.0,-0.20000000000000284,0
72.5,72.5,0.8333333333333334,0.7835700022200023,0.10918219854335623,0.45578246066889816,0.04976333111333109,6.0,6.0,5.0,-0.09999999999999432,0
72.5,72.5,0.8333333333333334,0.7835700022200023,0.10918219854335623,0.45578246066889816,0.04976333111333109,6.0,6.0,5.0,-0.20000000000000284,0
72.5,72.5,0.8333333333333334,0.7835700022200023,0.10918219854335623,0.45578246066889816,0.04976333111333109,6.0,6.0,5.0,-0.5,0
72.5,72.5,0.8333333333333334,0.7835700022200023,0.10918219854335623,0.45578246066889816,0.04976333111333109,6.0,6.0,5.0,-0.8999999999999915,0
73.5,73.5,1.0,0.8366081085581086,0.09233165645057953,1.7696194103194367,0.16339189144189137,6.0,6.0,6.0,-0.09999999999999432,0
73.5,73.5,1.0,0.8366081085581086,0.09233165645057953,1.7696194103194367,0.16339189144189137,6.0,6.0,6.0,-0.20000000000000284,0
73.5,73.5,1.0,0.8366081085581086,0.09233165645057953,1.7696194103194367,0.16339189144189137,6.0,6.0,6.0,-0.5,0
73.5,73.5,1.0,0.8366081085581086,0.09233165645057953,1.7696194103194367,0.16339189144189137,6.0,6.0,6.0,-0.8999999999999915,0
73.5,73.5,1.0,0.8366081085581086,0.09233165645057953,1.7696194103194367,0.16339189144189137,6.0,6.0,6.0,-0.7999999999999972,0
73.5,73.5,1.0,0.8366081085581086,0.09233165645057953,1.7696194103194367,0.16339189144189137,6.0,6.0,6.0,-0.7000000000000028,0
74.5,74.5,0.9230769230769231,0.8389904595404596,0.09758266716623729,0.8616946633895316,0.08408646353646354,7.0,6.0,6.0,-0.20000000000000284,0
74.5,74.5,0.9230769230769231,0.8389904595404596,0.09758266716623729,0.8616946633895316,0.08408646353646354,7.0,6.0,6.0,-0.5,0
74.5,74.5,0.9230769230769231,0.8389904595404596,0.09758266716623729,0.8616946633895316,0.08408646353646354,7.0,6.0,6.0,-0.8999999999999915,0
74.5,74.5,0.9230769230769231,0.8389904595404596,0.09758266716623729,0.8616946633895316,0.08408646353646354,7.0,6.0,6.0,-0.7999999999999972,0
74.5,74.5,0.9230769230769231,0.8389904595404596,0.09758266716623729,0.8616946633895316,0.08408646353646354,7.0,6.0,6.0,-0.7000000000000028,0
74.5,74.5,0.9230769230769231,0.8389904595404596,0.09758266716623729,0.8616946633895316,0.08408646353646354,7.0,6.0,6.0,-0.4000000000000057,0
75.5,75.5,1.0,0.8573135397282455,0.12084576752531614,1.18073196268014,0.14268646027175447,7.0,7.0,7.0,0.29999999999999716,0
75.5,75.5,1.0,0.8573135397282455,0.12084576752531614,1.18073196268014,0.14268646027175447,7.0,7.0,7.0,-0.09999999999999432,0
75.5,75.5,1.0,0.8573135397282455,0.12084576752531614,1.18073196268014,0.14268646027175447,7.0,7.0,7.0,0.0,0
75.5,75.5,1.0,0.8573135397282455,0.12084576752531614,1.18073196268014,0.14268646027175447,7.0,7.0,7.0,0.09999999999999432,0
75.5,75.5,1.0,0.8573135397282455,0.12084576752531614,1.18073196268014,0.14268646027175447,7.0,7.0,7.0,0.29999999999999716,0
75.5,75.5,1.0,0.8573135397282455,0.12084576752531614,1.18073196268014,0.14268646027175447,7.0,7.0,7.0,0.09999999999999432,0
75.5,75.5,1.0,0.8573135397282455,0.12084576752531614,1.18073196268014,0.14268646027175447,7.0,7.0,7.0,0.20000000000000284,0
76.5,76.5,1.0,0.834531030733972,0.1336527912052978,1.2380509810068905,0.16546896926602805,8.0,8.0,8.0,-0.09999999999999432,0
76.5,76.5,1.0,0.834531030733972,0.1336527912052978,1.2380509810068905,0.16546896926602805,8.0,8.0,8.0,0.0,0
76.5,76.5,1.0,0.834531030733972,0.1336527912052978,1.2380509810068905,0.16546896926602805,8.0,8.0,8.0,0.09999999999999432,0
76.5,76.5,1.0,0.834531030733972,0.1336527912052978,1.2380509810068905,0.16546896926602805,8.0,8.0,8.0,0.29999999999999716,0
76.5,76.5,1.0,0.834531030733972,0.1336527912052978,1.2380509810068905,0.16546896926602805,8.0,8.0,8.0,0.09999999999999432,0
76.5,76.5,1.0,0.834531030733972,0.1336527912052978,1.2380509810068905,0.16546896926602805,8.0,8.0,8.0,0.20000000000000284,0
76.5,76.5,1.0,0.834531030733972,0.1336527912052978,1.2380509810068905,0.16546896926602805,8.0,8.0,8.0,0.20000000000000284,0
76.5,76.5,1.0,0.834531030733972,0.1336527912052978,1.2380509810068905,0.16546896926602805,8.0,8.0,8.0,0.0,0
77.5,77.5,0.9411764705882353,0.8082963103889574,0.13071564870073182,1.0165589316968588,0.13288016019927784,9.0,8.0,8.0,0.0,0
77.5,77.5,0.9411764705882353,0.8082963103889574,0.13071564870073182,1.0165589316968588,0.13288016019927784,9.0,8.0,8.0,0.09999999999999432,0
77.5,77.5,0.9411764705882353,0.8082963103889574,0.13071564870073182,1.0165589316968588,0.13288016019927784,9.0,8.0,8.0,0.29999999999999716,0
77.5,77.5,0.9411764705882353,0.8082963103889574,0.13071564870073182,1.0165589316968588,0.13288016019927784,9.0,8.0,8.0,0.09999999999999432,0
77.5,77.5,0.9411764705882353,0.8082963103889574,0.13071564870073182,1.0165589316968588,0.13288016019927784,9.0,8.0,8.0,0.20000000000000284,0
77.5,77.5,0.9411764705882353,0.8082963103889574,0.13071564870073182,1.0165589316968588,0.13288016019927784,9.0,8.0,8.0,0.20000000000000284,0
77.5,77.5,0.9411764705882353,0.8082963103889574,0.13071564870073182,1.0165589316968588,0.13288016019927784,9.0,8.0,8.0,0.0,0
77.5,77.5,0.9411764705882353,0.8082963103889574,0.13071564870073182,1.0165589316968588,0.13288016019927784,9.0,8.0,8.0,-0.19999999999998863,0
78.5,78.5,0.9411764705882353,0.7655552612420261,0.126582808694367,1.387401742445492,0.17562120934620917,9.0,8.0,8.0,0.09999999999999432,0
78.5,78.5,0.9411764705882353,0.7655552612420261,0.126582808694367,1.387401742445492,0.17562120934620917,9.0,8.0,8.0,0.29999999999999716,0
78.5,78.5,0.9411764705882353,0.7655552612420261,0.126582808694367,1.387401742445492,0.17562120934620917,9.0,8.0,8.0,0.09999999999999432,0
78.5,78.5,0.9411764705882353,0.7655552612420261,0.126582808694367,1.387401742445492,0.17562120934620917,9.0,8.0,8.0,0.20000000000000284,0
78.5,78.5,0.9411764705882353,0.7655552612420261,0.126582808694367,1.387401742445492,0.17562120934620917,9.0,8.0,8.0,0.20000000000000284,0
78.5,78.5,0.9411764705882353,0.7655552612420261,0.126582808694367,1.387401742445492,0.17562120934620917,9.0,8.0,8.0,0.0,0
78.5,78.5,0.9411764705882353,0.7655552612420261,0.126582808694367,1.387401742445492,0.17562120934620917,9.0,8.0,8.0,-0.19999999999998863,0
78.5,78.5,0.9411764705882353,0.7655552612420261,0.126582808694367,1.387401742445492,0.17562120934620917,9.0,8.0,8.0,-0.29999999999999716,0
79.5,79.5,0.875,0.7726142329892329,0.12615627944713717,0.8115788406210047,0.10238576701076707,9.0,7.0,7.0,0.09999999999999432,0
79.5,79.5,0.875,0.7726142329892329,0.12615627944713717,0.8115788406210047,0.10238576701076707,9.0,7.0,7.0,0.20000000000000284,0
79.5,79.5,0.875,0.7726142329892329,0.12615627944713717,0.8115788406210047,0.10238576701076707,9.0,7.0,7.0,0.20000000000000284,0
79.5,79.5,0.875,0.7726142329892329,0.12615627944713717,0.8115788406210047,0.10238576701076707,9.0,7.0,7.0,0.0,0
79.5,79.5,0.875,0.7726142329892329,0.12615627944713717,0.8115788406210047,0.10238576701076707,9.0,7.0,7.0,-0.19999999999998863,0
79.5,79.5,0.875,0.7726142329892329,0.12615627944713717,0.8115788406210047,0.10238576701076707,9.0,7.0,7.0,-0.29999999999999716,0
79.5,79.5,0.875,0.7726142329892329,0.12615627944713717,0.8115788406210047,0.10238576701076707,9.0,7.0,7.0,-0.5,0
80.5,80.5,0.8571428571428571,0.7917384337884338,0.12388649726205542,0.5279382725308169,0.06540442335442331,8.0,6.0,6.0,0.20000000000000284,0
80.5,80.5,0.8571428571428571,0.7917384337884338,0.12388649726205542,0.5279382725308169,0.06540442335442331,8.0,6.0,6.0,0.0,0
80.5,80.5,0.8571428571428571,0.7917384337884338,0.12388649726205542,0.5279382725308169,0.06540442335442331,8.0,6.0,6.0,-0.19999999999998863,0
80.5,80.5,0.8571428571428571,0.7917384337884338,0.12388649726205542,0.5279382725308169,0.06540442335442331,8.0,6.0,6.0,-0.29999999999999716,0
80.5,80.5,0.8571428571428571,0.7917384337884338,0.12388649726205542,0.5279382725308169,0.06540442335442331,8.0,6.0,6.0,-0.5,0
80.5,80.5,0.8571428571428571,0.7917384337884338,0.12388649726205542,0.5279382725308169,0.06540442335442331,8.0,6.0,6.0,-1.0,0
81.5,81.5,0.6666666666666666,0.699150222000222,0.1169228510625902,-0.27782041780837663,-0.0324835553335554,8.0,4.0,4.0,-0.19999999999998863,0
81.5,81.5,0.6666666666666666,0.699150222000222,0.1169228510625902,-0.27782041780837663,-0.0324835553335554,8.0,4.0,4.0,-0.29999999999999716,0
81.5,81.5,0.6666666666666666,0.699150222000222,0.1169228510625902,-0.27782041780837663,-0.0324835553335554,8.0,4.0,4.0,-0.5,0
81.5,81.5,0.6666666666666666,0.699150222000222,0.1169228510625902,-0.27782041780837663,-0.0324835553335554,8.0,4.0,4.0,-1.0,0
82.5,82.5,0.6153846153846154,0.7100015096015095,0.11555554725127859,-0.8188001049499354,-0.09461689421689412,9.0,4.0,4.0,-0.29999999999999716,0
82.5,82.5,0.6153846153846154,0.7100015096015095,0.11555554725127859,-0.8188001049499354,-0.09461689421689412,9.0,4.0,4.0,-0.5,0
82.5,82.5,0.6153846153846154,0.7100015096015095,0.11555554725127859,-0.8188001049499354,-0.09461689421689412,9.0,4.0,4.0,-1.0,0
82.5,82.5,0.6153846153846154,0.7100015096015095,0.11555554725127859,-0.8188001049499354,-0.09461689421689412,9.0,4.0,4.0,-0.7000000000000028,0
83.5,83.5,0.6153846153846154,0.7142710456210457,0.10858054683699718,-0.9107195820709961,-0.09888643023643029,9.0,4.0,4.0,0.10000000000000853,0
83.5,83.5,0.6153846153846154,0.7142710456210457,0.10858054683699718,-0.9107195820709961,-0.09888643023643029,9.0,4.0,4.0,-0.4000000000000057,0
83.5,83.5,0.6153846153846154,0.7142710456210457,0.10858054683699718,-0.9107195820709961,-0.09888643023643029,9.0,4.0,4.0,-0.7000000000000028,0
83.5,83.5,0.6153846153846154,0.7142710456210457,0.10858054683699718,-0.9107195820709961,-0.09888643023643029,9.0,4.0,4.0,-0.8999999999999915,0
84.5,84.5,0.6666666666666666,0.7406040848040848,0.09613502424299813,-0.7690996982590692,-0.07393741813741816,8.0,4.0,4.0,0.20000000000000284,0
84.5,84.5,0.6666666666666666,0.7406040848040848,0.09613502424299813,-0.7690996982590692,-0.07393741813741816,8.0,4.0,4.0,-0.7000000000000028,0
84.5,84.5,0.6666666666666666,0.7406040848040848,0.09613502424299813,-0.7690996982590692,-0.07393741813741816,8.0,4.0,4.0,-0.8999999999999915,0
84.5,84.5,0.6666666666666666,0.7406040848040848,0.09613502424299813,-0.7690996982590692,-0.07393741813741816,8.0,4.0,4.0,-0.5,0
85.5,85.5,0.6666666666666666,0.7817936785436785,0.10927272126584102,-1.053575041816049,-0.11512701187701191,7.0,5.0,4.0,-0.7000000000000028,0
85.5,85.5,0.6666666666666666,0.7817936785436785,0.10927272126584102,-1.053575041816049,-0.11512701187701191,7.0,5.0,4.0,-0.8999999999999915,0
85.5,85.5,0.6666666666666666,0.7817936785436785,0.10927272126584102,-1.053575041816049,-0.11512701187701191,7.0,5.0,4.0,-0.5,0
85.5,85.5,0.6666666666666666,0.7817936785436785,0.10927272126584102,-1.053575041816049,-0.11512701187701191,7.0,5.0,4.0,-0.7000000000000028,0
86.5,86.5,0.8333333333333334,0.8443044622044622,0.10342635661443943,-0.1060767219329579,-0.010971128871128832,6.0,6.0,5.0,-0.10000000000000853,0
86.5,86.5,0.8333333333333334,0.8443044622044622,0.10342635661443943,-0.1060767219329579,-0.010971128871128832,6.0,6.0,5.0,-0.8999999999999915,0
86.5,86.5,0.8333333333333334,0.8443044622044622,0.10342635661443943,-0.1060767219329579,-0.010971128871128832,6.0,6.0,5.0,-0.5,0
86.5,86.5,0.8333333333333334,0.8443044622044622,0.10342635661443943,-0.1060767219329579,-0.010971128871128832,6.0,6.0,5.0,-0.7000000000000028,0
86.5,86.5,0.8333333333333334,0.8443044622044622,0.10342635661443943,-0.1060767219329579,-0.010971128871128832,6.0,6.0,5.0,-0.20000000000000284,0
87.5,87.5,0.7272727272727273,0.8639680487812842,0.11843095707519824,-1.1542195122324446,-0.1366953215085569,4.0,7.0,4.0,-0.3999999999999915,0
87.5,87.5,0.7272727272727273,0.8639680487812842,0.11843095707519824,-1.1542195122324446,-0.1366953215085569,4.0,7.0,4.0,-0.5,0
87.5,87.5,0.7272727272727273,0.8639680487812842,0.11843095707519824,-1.1542195122324446,-0.1366953215085569,4.0,7.0,4.0,-0.7000000000000028,0
87.5,87.5,0.7272727272727273,0.8639680487812842,0.11843095707519824,-1.1542195122324446,-0.1366953215085569,4.0,7.0,4.0,-0.20000000000000284,0
88.5,88.5,0.5454545454545454,0.8359642434363023,0.13262868019844257,-2.1903987700630703,-0.29050969798175685,3.0,8.0,3.0,0.09999999999999432,0
88.5,88.5,0.5454545454545454,0.8359642434363023,0.13262868019844257,-2.1903987700630703,-0.29050969798175685,3.0,8.0,3.0,-0.20000000000000284,0
88.5,88.5,0.5454545454545454,0.8359642434363023,0.13262868019844257,-2.1903987700630703,-0.29050969798175685,3.0,8.0,3.0,-0.10000000000000853,0
89.5,89.5,0.5454545454545454,0.8210973857841505,0.13221093440023285,-2.0848717360636067,-0.27564284032960507,3.0,8.0,3.0,-0.20000000000000284,0
89.5,89.5,0.5454545454545454,0.8210973857841505,0.13221093440023285,-2.0848717360636067,-0.27564284032960507,3.0,8.0,3.0,-0.10000000000000853,0
89.5,89.5,0.5454545454545454,0.8210973857841505,0.13221093440023285,-2.0848717360636067,-0.27564284032960507,3.0,8.0,3.0,-0.3999999999999915,0
90.5,90.5,0.6666666666666666,0.8351237652870006,0.11929456166739454,-1.4121104622523333,-0.16845709862033398,5.0,7.0,4.0,-0.20000000000000284,0
90.5,90.5,0.6666666666666666,0.8351237652870006,0.11929456166739454,-1.4121104622523333,-0.16845709862033398,5.0,7.0,4.0,-0.10000000000000853,0
90.5,90.5,0.6666666666666666,0.8351237652870006,0.11929456166739454,-1.4121104622523333,-0.16845709862033398,5.0,7.0,4.0,-0.3999999999999915,0
90.5,90.5,0.6666666666666666,0.8351237652870006,0.11929456166739454,-1.4121104622523333,-0.16845709862033398,5.0,7.0,4.0,-0.20000000000000284,0
91.5,91.5,0.7142857142857143,0.819985941509471,0.13128077721216433,-0.80514626336294,-0.10570022722375672,6.0,8.0,5.0,-0.10000000000000853,0
91.5,91.5,0.7142857142857143,0.819985941509471,0.13128077721216433,-0.80514626336294,-0.10570022722375672,6.0,8.0,5.0,-0.3999999999999915,0
91.5,91.5,0.7142857142857143,0.819985941509471,0.13128077721216433,-0.80514626336294,-0.10570022722375672,6.0,8.0,5.0,-0.20000000000000284,0
91.5,91.5,0.7142857142857143,0.819985941509471,0.13128077721216433,-0.80514626336294,-0.10570022722375672,6.0,8.0,5.0,-0.6000000000000085,0
91.5,91.5,0.7142857142857143,0.819985941509471,0.13128077721216433,-0.80514626336294,-0.10570022722375672,6.0,8.0,5.0,-0.5,0
92.5,92.5,0.8,0.8377016628796041,0.12182007408337224,-0.3094864550304041,-0.03770166287960408,8.0,7.0,6.0,-0.10000000000000853,0
92.5,92.5,0.8,0.8377016628796041,0.12182007408337224,-0.3094864550304041,-0.03770166287960408,8.0,7.0,6.0,-0.3999999999999915,0
92.5,92.5,0.8,0.8377016628796041,0.12182007408337224,-0.3094864550304041,-0.03770166287960408,8.0,7.0,6.0,-0.20000000000000284,0
92.5,92.5,0.8,0.8377016628796041,0.12182007408337224,-0.3094864550304041,-0.03770166287960408,8.0,7.0,6.0,-0.6000000000000085,0
92.5,92.5,0.8,0.8377016628796041,0.12182007408337224,-0.3094864550304041,-0.03770166287960408,8.0,7.0,6.0,-0.5,0
92.5,92.5,0.8,0.8377016628796041,0.12182007408337224,-0.3094864550304041,-0.03770166287960408,8.0,7.0,6.0,-1.0,0
93.5,93.5,0.8,0.8086618131868133,0.11142489004538125,-0.07773678917955815,-0.00866181318681325,8.0,7.0,6.0,-0.3999999999999915,0
93.5,93.5,0.8,0.8086618131868133,0.11142489004538125,-0.07773678917955815,-0.00866181318681325,8.0,7.0,6.0,-0.20000000000000284,0
93.5,93.5,0.8,0.8086618131868133,0.11142489004538125,-0.07773678917955815,-0.00866181318681325,8.0,7.0,6.0,-0.6000000000000085,0
93.5,93.5,0.8,0.8086618131868133,0.11142489004538125,-0.07773678917955815,-0.00866181318681325,8.0,7.0,6.0,-0.5,0
93.5,93.5,0.8,0.8086618131868133,0.11142489004538125,-0.07773678917955815,-0.00866181318681325,8.0,7.0,6.0,-1.0,0
93.5,93.5,0.8,0.8086618131868133,0.11142489004538125,-0.07773678917955815,-0.00866181318681325,8.0,7.0,6.0,-0.7000000000000028,0
94.5,94.5,0.875,0.8567800310800311,0.11567836219449125,0.15750541911490312,0.01821996891996891,9.0,7.0,7.0,-0.20000000000000284,0
94.5,94.5,0.875,0.8567800310800311,0.11567836219449125,0.15750541911490312,0.01821996891996891,9.0,7.0,7.0,-0.6000000000000085,0
94.5,94.5,0.875,0.8567800310800311,0.11567836219449125,0.15750541911490312,0.01821996891996891,9.0,7.0,7.0,-0.5,0
94.5,94.5,0.875,0.8567800310800311,0.11567836219449125,0.15750541911490312,0.01821996891996891,9.0,7.0,7.0,-1.0,0
94.5,94.5,0.875,0.8567800310800311,0.11567836219449125,0.15750541911490312,0.01821996891996891,9.0,7.0,7.0,-0.7000000000000028,0
94.5,94.5,0.875,0.8567800310800311,0.11567836219449125,0.15750541911490312,0.01821996891996891,9.0,7.0,7.0,-0.7999999999999972,0
94.5,94.5,0.875,0.8567800310800311,0.11567836219449125,0.15750541911490312,0.01821996891996891,9.0,7.0,7.0,-0.3999999999999915,0
95.5,95.5,0.9411764705882353,0.8291278851867088,0.12975325497546497,0.8635512490435309,0.11204858540152651,9.0,8.0,8.0,0.0,0
95.5,95.5,0.9411764705882353,0.8291278851867088,0.12975325497546497,0.8635512490435309,0.11204858540152651,9.0,8.0,8.0,0.20000000000000284,0
95.5,95.5,0.9411764705882353,0.8291278851867088,0.12975325497546497,0.8635512490435309,0.11204858540152651,9.0,8.0,8.0,-0.5,0
95.5,95.5,0.9411764705882353,0.8291278851867088,0.12975325497546497,0.8635512490435309,0.11204858540152651,9.0,8.0,8.0,-0.7000000000000028,0
95.5,95.5,0.9411764705882353,0.8291278851867088,0.12975325497546497,0.8635512490435309,0.11204858540152651,9.0,8.0,8.0,-0.7999999999999972,0
95.5,95.5,0.9411764705882353,0.8291278851867088,0.12975325497546497,0.8635512490435309,0.11204858540152651,9.0,8.0,8.0,-0.3999999999999915,0
95.5,95.5,0.9411764705882353,0.8291278851867088,0.12975325497546497,0.8635512490435309,0.11204858540152651,9.0,8.0,8.0,-0.3999999999999915,0
95.5,95.5,0.9411764705882353,0.8291278851867088,0.12975325497546497,0.8635512490435309,0.11204858540152651,9.0,8.0,8.0,-0.4000000000000057,0
96.5,96.5,0.9333333333333333,0.8432224362239068,0.12888270008854408,0.6991698424033574,0.09011089710942655,8.0,7.0,7.0,-0.5,0
96.5,96.5,0.9333333333333333,0.8432224362239068,0.12888270008854408,0.6991698424033574,0.09011089710942655,8.0,7.0,7.0,-0.7000000000000028,0
96.5,96.5,0.9333333333333333,0.8432224362239068,0.12888270008854408,0.6991698424033574,0.09011089710942655,8.0,7.0,7.0,-0.7999999999999972,0
96.5,96.5,0.9333333333333333,0.8432224362239068,0.12888270008854408,0.6991698424033574,0.09011089710942655,8.0,7.0,7.0,-0.3999999999999915,0
96.5,96.5,0.9333333333333333,0.8432224362239068,0.12888270008854408,0.6991698424033574,0.09011089710942655,8.0,7.0,7.0,-0.3999999999999915,0
96.5,96.5,0.9333333333333333,0.8432224362239068,0.12888270008854408,0.6991698424033574,0.09011089710942655,8.0,7.0,7.0,-0.4000000000000057,0
96.5,96.5,0.9333333333333333,0.8432224362239068,0.12888270008854408,0.6991698424033574,0.09011089710942655,8.0,7.0,7.0,-0.4000000000000057,0
97.5,97.5,1.0,0.8253212321991734,0.13764641987472934,1.269039673969,0.17467876780082658,8.0,8.0,8.0,-0.7000000000000028,0
97.5,97.5,1.0,0.8253212321991734,0.13764641987472934,1.269039673969,0.17467876780082658,8.0,8.0,8.0,-0.7999999999999972,0
97.5,97.5,1.0,0.8253212321991734,0.13764641987472934,1.269039673969,0.17467876780082658,8.0,8.0,8.0,-0.3999999999999915,0
97.5,97.5,1.0,0.8253212321991734,0.13764641987472934,1.269039673969,0.17467876780082658,8.0,8.0,8.0,-0.3999999999999915,0
97.5,97.5,1.0,0.8253212321991734,0.13764641987472934,1.269039673969,0.17467876780082658,8.0,8.0,8.0,-0.4000000000000057,0
97.5,97.5,1.0,0.8253212321991734,0.13764641987472934,1.269039673969,0.17467876780082658,8.0,8.0,8.0,-0.4000000000000057,0
97.5,97.5,1.0,0.8253212321991734,0.13764641987472934,1.269039673969,0.17467876780082658,8.0,8.0,8.0,-0.3999999999999915,0
97.5,97.5,1.0,0.8253212321991734,0.13764641987472934,1.269039673969,0.17467876780082658,8.0,8.0,8.0,0.0,0
98.5,98.5,0.9411764705882353,0.7800801703198762,0.13150030924201386,1.22506404127063,0.16109630026835908,8.0,9.0,8.0,0.10000000000000853,0
98.5,98.5,0.9411764705882353,0.7800801703198762,0.13150030924201386,1.22506404127063,0.16109630026835908,8.0,9.0,8.0,0.10000000000000853,0
98.5,98.5,0.9411764705882353,0.7800801703198762,0.13150030924201386,1.22506404127063,0.16109630026835908,8.0,9.0,8.0,0.20000000000000284,0
98.5,98.5,0.9411764705882353,0.7800801703198762,0.13150030924201386,1.22506404127063,0.16109630026835908,8.0,9.0,8.0,0.09999999999999432,0
98.5,98.5,0.9411764705882353,0.7800801703198762,0.13150030924201386,1.22506404127063,0.16109630026835908,8.0,9.0,8.0,0.29999999999999716,0
98.5,98.5,0.9411764705882353,0.7800801703198762,0.13150030924201386,1.22506404127063,0.16109630026835908,8.0,9.0,8.0,0.0,0
98.5,98.5,0.9411764705882353,0.7800801703198762,0.13150030924201386,1.22506404127063,0.16109630026835908,8.0,9.0,8.0,0.0,0
98.5,98.5,0.9411764705882353,0.7800801703198762,0.13150030924201386,1.22506404127063,0.16109630026835908,8.0,9.0,8.0,-0.10000000000000853,0
99.5,99.5,0.9333333333333333,0.8041771633595164,0.12748392763171917,1.0131172797478332,0.12915616997381696,7.0,8.0,7.0,0.20000000000000284,0
99.5,99.5,0.9333333333333333,0.8041771633595164,0.12748392763171917,1.0131172797478332,0.12915616997381696,7.0,8.0,7.0,0.09999999999999432,0
99.5,99.5,0.9333333333333333,0.8041771633595164,0.12748392763171917,1.0131172797478332,0.12915616997381696,7.0,8.0,7.0,0.29999999999999716,0
99.5,99.5,0.9333333333333333,0.8041771633595164,0.12748392763171917,1.0131172797478332,0.12915616997381696,7.0,8.0,7.0,0.0,0
99.5,99.5,0.9333333333333333,0.8041771633595164,0.12748392763171917,1.0131172797478332,0.12915616997381696,7.0,8.0,7.0,0.0,0
99.5,99.5,0.9333333333333333,0.8041771633595164,0.12748392763171917,1.0131172797478332,0.12915616997381696,7.0,8.0,7.0,-0.10000000000000853,0
99.5,99.5,0.9333333333333333,0.8041771633595164,0.12748392763171917,1.0131172797478332,0.12915616997381696,7.0,8.0,7.0,-0.19999999999998863,0
100.5,100.5,1.0,0.8178040459540461,0.1230861059796657,1.4802316849316313,0.1821959540459539,7.0,7.0,7.0,-0.4000000000000057,0
100.5,100.5,1.0,0.8178040459540461,0.1230861059796657,1.4802316849316313,0.1821959540459539,7.0,7.0,7.0,-0.3999999999999915,0
100.5,100.5,1.0,0.8178040459540461,0.1230861059796657,1.4802316849316313,0.1821959540459539,7.0,7.0,7.0,0.0,0
100.5,100.5,1.0,0.8178040459540461,0.1230861059796657,1.4802316849316313,0.1821959540459539,7.0,7.0,7.0,0.0,0
100.5,100.5,1.0,0.8178040459540461,0.1230861059796657,1.4802316849316313,0.1821959540459539,7.0,7.0,7.0,-0.10000000000000853,0
100.5,100.5,1.0,0.8178040459540461,0.1230861059796657,1.4802316849316313,0.1821959540459539,7.0,7.0,7.0,-0.19999999999998863,0
100.5,100.5,1.0,0.8178040459540461,0.1230861059796657,1.4802316849316313,0.1821959540459539,7.0,7.0,7.0,-0.19999999999998863,0
101.5,101.5,0.9230769230769231,0.7808128655658068,0.1220435864199,1.1656823736861217,0.14226405751111637,6.0,7.0,6.0,0.0,0
101.5,101.5,0.9230769230769231,0.7808128655658068,0.1220435864199,1.1656823736861217,0.14226405751111637,6.0,7.0,6.0,0.0,0
101.5,101.5,0.9230769230769231,0.7808128655658068,0.1220435864199,1.1656823736861217,0.14226405751111637,6.0,7.0,6.0,-0.10000000000000853,0
101.5,101.5,0.9230769230769231,0.7808128655658068,0.1220435864199,1.1656823736861217,0.14226405751111637,6.0,7.0,6.0,-0.19999999999998863,0
101.5,101.5,0.9230769230769231,0.7808128655658068,0.1220435864199,1.1656823736861217,0.14226405751111637,6.0,7.0,6.0,-0.19999999999998863,0
101.5,101.5,0.9230769230769231,0.7808128655658068,0.1220435864199,1.1656823736861217,0.14226405751111637,6.0,7.0,6.0,-0.20000000000000284,0
102.5,102.5,1.0,0.8007238983238983,0.11746210955838622,1.6965139007404648,0.19927610167610166,6.0,6.0,6.0,0.0,0
102.5,102.5,1.0,0.8007238983238983,0.11746210955838622,1.6965139007404648,0.19927610167610166,6.0,6.0,6.0,-0.10000000000000853,0
102.5,102.5,1.0,0.8007238983238983,0.11746210955838622,1.6965139007404648,0.19927610167610166,6.0,6.0,6.0,-0.19999999999998863,0
102.5,102.5,1.0,0.8007238983238983,0.11746210955838622,1.6965139007404648,0.19927610167610166,6.0,6.0,6.0,-0.19999999999998863,0
102.5,102.5,1.0,0.8007238983238983,0.11746210955838622,1.6965139007404648,0.19927610167610166,6.0,6.0,6.0,-0.20000000000000284,0
102.5,102.5,1.0,0.8007238983238983,0.11746210955838622,1.6965139007404648,0.19927610167610166,6.0,6.0,6.0,0.9000000000000057,0
103.5,103.5,0.8888888888888888,0.8017617771117771,0.09509271712304407,0.9162332764598016,0.08712711177711174,4.0,5.0,4.0,-0.19999999999998863,0
103.5,103.5,0.8888888888888888,0.8017617771117771,0.09509271712304407,0.9162332764598016,0.08712711177711174,4.0,5.0,4.0,-0.19999999999998863,0
103.5,103.5,0.8888888888888888,0.8017617771117771,0.09509271712304407,0.9162332764598016,0.08712711177711174,4.0,5.0,4.0,-0.20000000000000284,0
103.5,103.5,0.8888888888888888,0.8017617771117771,0.09509271712304407,0.9162332764598016,0.08712711177711174,4.0,5.0,4.0,-0.29999999999999716,0
104.5,104.5,0.8,0.8464032634032636,0.09516340140834541,-0.48761669629848,-0.046403263403263506,4.0,6.0,4.0,-0.19999999999998863,0
104.5,104.5,0.8,0.8464032634032636,0.09516340140834541,-0.48761669629848,-0.046403263403263506,4.0,6.0,4.0,-0.20000000000000284,0
104.5,104.5,0.8,0.8464032634032636,0.09516340140834541,-0.48761669629848,-0.046403263403263506,4.0,6.0,4.0,-0.29999999999999716,0
104.5,104.5,0.8,0.8464032634032636,0.09516340140834541,-0.48761669629848,-0.046403263403263506,4.0,6.0,4.0,0.20000000000000284,0
105.5,105.5,0.7272727272727273,0.8580088272838272,0.1165483862250683,-1.1217323915462332,-0.13073610001109992,4.0,7.0,4.0,-0.20000000000000284,0
105.5,105.5,0.7272727272727273,0.8580088272838272,0.1165483862250683,-1.1217323915462332,-0.13073610001109992,4.0,7.0,4.0,-0.29999999999999716,0
105.5,105.5,0.7272727272727273,0.8580088272838272,0.1165483862250683,-1.1217323915462332,-0.13073610001109992,4.0,7.0,4.0,0.20000000000000284,0
105.5,105.5,0.7272727272727273,0.8580088272838272,0.1165483862250683,-1.1217323915462332,-0.13073610001109992,4.0,7.0,4.0,0.0,0
106.5,106.5,0.6,0.848472353137059,0.12301925183785169,-2.0197842973761837,-0.24847235313705907,3.0,7.0,3.0,-0.29999999999999716,0
106.5,106.5,0.6,0.848472353137059,0.12301925183785169,-2.0197842973761837,-0.24847235313705907,3.0,7.0,3.0,0.20000000000000284,0
106.5,106.5,0.6,0.848472353137059,0.12301925183785169,-2.0197842973761837,-0.24847235313705907,3.0,7.0,3.0,0.0,0
107.5,107.5,0.7692307692307693,0.8374381525337408,0.12635062606221237,-0.5398262393206317,-0.06820738330297149,5.0,8.0,5.0,-0.29999999999999716,0
107.5,107.5,0.7692307692307693,0.8374381525337408,0.12635062606221237,-0.5398262393206317,-0.06820738330297149,5.0,8.0,5.0,0.20000000000000284,0
107.5,107.5,0.7692307692307693,0.8374381525337408,0.12635062606221237,-0.5398262393206317,-0.06820738330297149,5.0,8.0,5.0,0.0,0
107.5,107.5,0.7692307692307693,0.8374381525337408,0.12635062606221237,-0.5398262393206317,-0.06820738330297149,5.0,8.0,5.0,-0.20000000000000284,0
107.5,107.5,0.7692307692307693,0.8374381525337408,0.12635062606221237,-0.5398262393206317,-0.06820738330297149,5.0,8.0,5.0,-0.30000000000001137,0
108.5,108.5,0.7692307692307693,0.8010994880936059,0.12322928879782012,-0.25861318501255803,-0.0318687188628366,5.0,8.0,5.0,0.20000000000000284,0
108.5,108.5,0.7692307692307693,0.8010994880936059,0.12322928879782012,-0.25861318501255803,-0.0318687188628366,5.0,8.0,5.0,0.0,0
108.5,108.5,0.7692307692307693,0.8010994880936059,0.12322928879782012,-0.25861318501255803,-0.0318687188628366,5.0,8.0,5.0,-0.20000000000000284,0
108.5,108.5,0.7692307692307693,0.8010994880936059,0.12322928879782012,-0.25861318501255803,-0.0318687188628366,5.0,8.0,5.0,-0.30000000000001137,0
108.5,108.5,0.7692307692307693,0.8010994880936059,0.12322928879782012,-0.25861318501255803,-0.0318687188628366,5.0,8.0,5.0,-0.29999999999999716,0
109.5,109.5,0.7692307692307693,0.8289309673986146,0.12635130816930404,-0.4724937084770839,-0.05970019816784533,5.0,8.0,5.0,0.0,0
109.5,109.5,0.7692307692307693,0.8289309673986146,0.12635130816930404,-0.4724937084770839,-0.05970019816784533,5.0,8.0,5.0,-0.20000000000000284,0
109.5,109.5,0.7692307692307693,0.8289309673986146,0.12635130816930404,-0.4724937084770839,-0.05970019816784533,5.0,8.0,5.0,-0.30000000000001137,0
109.5,109.5,0.7692307692307693,0.8289309673986146,0.12635130816930404,-0.4724937084770839,-0.05970019816784533,5.0,8.0,5.0,-0.29999999999999716,0
109.5,109.5,0.7692307692307693,0.8289309673986146,0.12635130816930404,-0.4724937084770839,-0.05970019816784533,5.0,8.0,5.0,0.10000000000000853,0
110.5,110.5,0.9230769230769231,0.8429615497247851,0.11805706478194274,0.6786156635362323,0.08011537335213803,6.0,7.0,6.0,-0.20000000000000284,0
110.5,110.5,0.9230769230769231,0.8429615497247851,0.11805706478194274,0.6786156635362323,0.08011537335213803,6.0,7.0,6.0,-0.30000000000001137,0
110.5,110.5,0.9230769230769231,0.8429615497247851,0.11805706478194274,0.6786156635362323,0.08011537335213803,6.0,7.0,6.0,-0.29999999999999716,0
110.5,110.5,0.9230769230769231,0.8429615497247851,0.11805706478194274,0.6786156635362323,0.08011537335213803,6.0,7.0,6.0,0.10000000000000853,0
110.5,110.5,0.9230769230769231,0.8429615497247851,0.11805706478194274,0.6786156635362323,0.08011537335213803,6.0,7.0,6.0,0.19999999999998863,0
110.5,110.5,0.9230769230769231,0.8429615497247851,0.11805706478194274,0.6786156635362323,0.08011537335213803,6.0,7.0,6.0,0.20000000000000284,0
111.5,111.5,1.0,0.7581349317349318,0.12835878327342845,1.8842891939061923,0.24186506826506815,6.0,6.0,6.0,-0.20000000000000284,1
111.5,111.5,1.0,0.7581349317349318,0.12835878327342845,1.8842891939061923,0.24186506826506815,6.0,6.0,6.0,-0.30000000000001137,1
111.5,111.5,1.0,0.7581349317349318,0.12835878327342845,1.8842891939061923,0.24186506826506815,6.0,6.0,6.0,-0.29999999999999716,1
111.5,111.5,1.0,0.7581349317349318,0.12835878327342845,1.8842891939061923,0.24186506826506815,6.0,6.0,6.0,0.10000000000000853,1
111.5,111.5,1.0,0.7581349317349318,0.12835878327342845,1.8842891939061923,0.24186506826506815,6.0,6.0,6.0,0.19999999999998863,1
111.5,111.5,1.0,0.7581349317349318,0.12835878327342845,1.8842891939061923,0.24186506826506815,6.0,6.0,6.0,0.20000000000000284,1
112.5,112.5,0.8888888888888888,0.6626280719280719,0.13472869067082008,1.6793811016365878,0.2262608169608169,5.0,4.0,4.0,-0.29999999999999716,1
112.5,112.5,0.8888888888888888,0.6626280719280719,0.13472869067082008,1.6793811016365878,0.2262608169608169,5.0,4.0,4.0,0.10000000000000853,1
112.5,112.5,0.8888888888888888,0.6626280719280719,0.13472869067082008,1.6793811016365878,0.2262608169608169,5.0,4.0,4.0,0.19999999999998863,1
112.5,112.5,0.8888888888888888,0.6626280719280719,0.13472869067082008,1.6793811016365878,0.2262608169608169,5.0,4.0,4.0,0.20000000000000284,1
113.5,113.5,0.8888888888888888,0.6506091741591742,0.13319139689979334,1.7890022950129774,0.23827971472971465,5.0,4.0,4.0,0.10000000000000853,1
113.5,113.5,0.8888888888888888,0.6506091741591742,0.13319139689979334,1.7890022950129774,0.23827971472971465,5.0,4.0,4.0,0.19999999999998863,1
113.5,113.5,0.8888888888888888,0.6506091741591742,0.13319139689979334,1.7890022950129774,0.23827971472971465,5.0,4.0,4.0,0.20000000000000284,1
113.5,113.5,0.8888888888888888,0.6506091741591742,0.13319139689979334,1.7890022950129774,0.23827971472971465,5.0,4.0,4.0,0.30000000000001137,1
114.5,114.5,0.5,0.6996588411588411,0.12103633581739044,-1.6495777058227357,-0.19965884115884114,4.0,4.0,2.0,-0.6000000000000085,1
114.5,114.5,0.5,0.6996588411588411,0.12103633581739044,-1.6495777058227357,-0.19965884115884114,4.0,4.0,2.0,0.30000000000001137,1
115.5,115.5,0.75,0.6906610889110889,0.12779178693502444,0.4643405692345619,0.059338911088911095,4.0,4.0,3.0,0.30000000000001137,0
115.5,115.5,0.75,0.6906610889110889,0.12779178693502444,0.4643405692345619,0.059338911088911095,4.0,4.0,3.0,0.09999999999999432,0
115.5,115.5,0.75,0.6906610889110889,0.12779178693502444,0.4643405692345619,0.059338911088911095,4.0,4.0,3.0,-0.09999999999999432,0
116.5,116.5,0.7272727272727273,0.7843697580197581,0.10537379033591764,-0.5418523008901267,-0.057097030747030764,6.0,5.0,4.0,0.30000000000001137,0
116.5,116.5,0.7272727272727273,0.7843697580197581,0.10537379033591764,-0.5418523008901267,-0.057097030747030764,6.0,5.0,4.0,0.09999999999999432,0
116.5,116.5,0.7272727272727273,0.7843697580197581,0.10537379033591764,-0.5418523008901267,-0.057097030747030764,6.0,5.0,4.0,-0.09999999999999432,0
116.5,116.5,0.7272727272727273,0.7843697580197581,0.10537379033591764,-0.5418523008901267,-0.057097030747030764,6.0,5.0,4.0,-0.10000000000000853,0
117.5,117.5,0.9230769230769231,0.8634449690832044,0.11841117376521823,0.5036007337614519,0.05963195399371868,6.0,7.0,6.0,0.30000000000001137,0
117.5,117.5,0.9230769230769231,0.8634449690832044,0.11841117376521823,0.5036007337614519,0.05963195399371868,6.0,7.0,6.0,0.09999999999999432,0
117.5,117.5,0.9230769230769231,0.8634449690832044,0.11841117376521823,0.5036007337614519,0.05963195399371868,6.0,7.0,6.0,-0.09999999999999432,0
117.5,117.5,0.9230769230769231,0.8634449690832044,0.11841117376521823,0.5036007337614519,0.05963195399371868,6.0,7.0,6.0,-0.10000000000000853,0
117.5,117.5,0.9230769230769231,0.8634449690832044,0.11841117376521823,0.5036007337614519,0.05963195399371868,6.0,7.0,6.0,-0.19999999999998863,0
117.5,117.5,0.9230769230769231,0.8634449690832044,0.11841117376521823,0.5036007337614519,0.05963195399371868,6.0,7.0,6.0,-0.10000000000000853,0
118.5,118.5,0.8571428571428571,0.832450283376754,0.12312705225186034,0.2005454797666533,0.02469257376610312,7.0,7.0,6.0,0.09999999999999432,0
118.5,118.5,0.8571428571428571,0.832450283376754,0.12312705225186034,0.2005454797666533,0.02469257376610312,7.0,7.0,6.0,-0.09999999999999432,0
118.5,118.5,0.8571428571428571,0.832450283376754,0.12312705225186034,0.2005454797666533,0.02469257376610312,7.0,7.0,6.0,-0.10000000000000853,0
118.5,118.5,0.8571428571428571,0.832450283376754,0.12312705225186034,0.2005454797666533,0.02469257376610312,7.0,7.0,6.0,-0.19999999999998863,0
118.5,118.5,0.8571428571428571,0.832450283376754,0.12312705225186034,0.2005454797666533,0.02469257376610312,7.0,7.0,6.0,-0.10000000000000853,0
118.5,118.5,0.8571428571428571,0.832450283376754,0.12312705225186034,0.2005454797666533,0.02469257376610312,7.0,7.0,6.0,-0.29999999999999716,0
119.5,119.5,1.0,0.8155293051719523,0.1266537033558983,1.4564966514218933,0.18447069482804768,8.0,8.0,8.0,0.09999999999999432,0
119.5,119.5,1.0,0.8155293051719523,0.1266537033558983,1.4564966514218933,0.18447069482804768,8.0,8.0,8.0,-0.09999999999999432,0
119.5,119.5,1.0,0.8155293051719523,0.1266537033558983,1.4564966514218933,0.18447069482804768,8.0,8.0,8.0,-0.10000000000000853,0
119.5,119.5,1.0,0.8155293051719523,0.1266537033558983,1.4564966514218933,0.18447069482804768,8.0,8.0,8.0,-0.19999999999998863,0
119.5,119.5,1.0,0.8155293051719523,0.1266537033558983,1.4564966514218933,0.18447069482804768,8.0,8.0,8.0,-0.10000000000000853,0
119.5,119.5,1.0,0.8155293051719523,0.1266537033558983,1.4564966514218933,0.18447069482804768,8.0,8.0,8.0,-0.29999999999999716,0
119.5,119.5,1.0,0.8155293051719523,0.1266537033558983,1.4564966514218933,0.18447069482804768,8.0,8.0,8.0,-0.3999999999999915,0
119.5,119.5,1.0,0.8155293051719523,0.1266537033558983,1.4564966514218933,0.18447069482804768,8.0,8.0,8.0,-0.5,0
120.5,120.5,1.0,0.8339419053169054,0.12578758676243174,1.320146915583329,0.16605809468309463,7.0,7.0,7.0,-0.10000000000000853,0
120.5,120.5,1.0,0.8339419053169054,0.12578758676243174,1.320146915583329,0.16605809468309463,7.0,7.0,7.0,-0.19999999999998863,0
120.5,120.5,1.0,0.8339419053169054,0.12578758676243174,1.320146915583329,0.16605809468309463,7.0,7.0,7.0,-0.10000000000000853,0
120.5,120.5,1.0,0.8339419053169054,0.12578758676243174,1.320146915583329,0.16605809468309463,7.0,7.0,7.0,-0.29999999999999716,0
120.5,120.5,1.0,0.8339419053169054,0.12578758676243174,1.320146915583329,0.16605809468309463,7.0,7.0,7.0,-0.3999999999999915,0
120.5,120.5,1.0,0.8339419053169054,0.12578758676243174,1.320146915583329,0.16605809468309463,7.0,7.0,7.0,-0.5,0
120.5,120.5,1.0,0.8339419053169054,0.12578758676243174,1.320146915583329,0.16605809468309463,7.0,7.0,7.0,0.09999999999999432,0
121.5,121.5,0.7692307692307693,0.8147917489373372,0.12629968340499612,-0.3607370856225411,-0.04556097970656792,5.0,8.0,5.0,-0.10000000000000853,0
121.5,121.5,0.7692307692307693,0.8147917489373372,0.12629968340499612,-0.3607370856225411,-0.04556097970656792,5.0,8.0,5.0,-0.29999999999999716,0
121.5,121.5,0.7692307692307693,0.8147917489373372,0.12629968340499612,-0.3607370856225411,-0.04556097970656792,5.0,8.0,5.0,-0.3999999999999915,0
121.5,121.5,0.7692307692307693,0.8147917489373372,0.12629968340499612,-0.3607370856225411,-0.04556097970656792,5.0,8.0,5.0,-0.5,0
121.5,121.5,0.7692307692307693,0.8147917489373372,0.12629968340499612,-0.3607370856225411,-0.04556097970656792,5.0,8.0,5.0,0.09999999999999432,0
122.5,122.5,0.7692307692307693,0.8322830664433607,0.12865482995693223,-0.490088846518226,-0.06305229721259142,5.0,8.0,5.0,-0.29999999999999716,0
122.5,122.5,0.7692307692307693,0.8322830664433607,0.12865482995693223,-0.490088846518226,-0.06305229721259142,5.0,8.0,5.0,-0.3999999999999915,0
122.5,122.5,0.7692307692307693,0.8322830664433607,0.12865482995693223,-0.490088846518226,-0.06305229721259142,5.0,8.0,5.0,-0.5,0
122.5,122.5,0.7692307692307693,0.8322830664433607,0.12865482995693223,-0.490088846518226,-0.06305229721259142,5.0,8.0,5.0,0.09999999999999432,0
122.5,122.5,0.7692307692307693,0.8322830664433607,0.12865482995693223,-0.490088846518226,-0.06305229721259142,5.0,8.0,5.0,-0.09999999999999432,0
123.5,123.5,0.5454545454545454,0.8129952549084903,0.13027337311734263,-2.0536868206595056,-0.2675407094539449,3.0,8.0,3.0,0.20000000000000284,0
123.5,123.5,0.5454545454545454,0.8129952549084903,0.13027337311734263,-2.0536868206595056,-0.2675407094539449,3.0,8.0,3.0,0.09999999999999432,0
123.5,123.5,0.5454545454545454,0.8129952549084903,0.13027337311734263,-2.0536868206595056,-0.2675407094539449,3.0,8.0,3.0,-0.09999999999999432,0
124.5,124.5,0.5454545454545454,0.8349742050433229,0.12962907519381106,-2.2334469265935186,-0.28951965958877746,3.0,8.0,3.0,0.09999999999999432,0
124.5,124.5,0.5454545454545454,0.8349742050433229,0.12962907519381106,-2.2334469265935186,-0.28951965958877746,3.0,8.0,3.0,-0.09999999999999432,0
124.5,124.5,0.5454545454545454,0.8349742050433229,0.12962907519381106,-2.2334469265935186,-0.28951965958877746,3.0,8.0,3.0,-0.10000000000000853,0
125.5,125.5,0.5,0.8109054169686524,0.12805555367383076,-2.4278948319614235,-0.31090541696865237,4.0,8.0,3.0,-0.09999999999999432,0
125.5,125.5,0.5,0.8109054169686524,0.12805555367383076,-2.4278948319614235,-0.31090541696865237,4.0,8.0,3.0,-0.10000000000000853,0
125.5,125.5,0.5,0.8109054169686524,0.12805555367383076,-2.4278948319614235,-0.31090541696865237,4.0,8.0,3.0,-0.6000000000000085,0
126.5,126.5,0.5,0.7812122877122877,0.1350589857291371,-2.0821442290131165,-0.2812122877122877,6.0,6.0,3.0,-0.09999999999999432,0
126.5,126.5,0.5,0.7812122877122877,0.1350589857291371,-2.0821442290131165,-0.2812122877122877,6.0,6.0,3.0,-0.10000000000000853,0
126.5,126.5,0.5,0.7812122877122877,0.1350589857291371,-2.0821442290131165,-0.2812122877122877,6.0,6.0,3.0,-0.6000000000000085,0
127.5,127.5,0.5714285714285714,0.79717642406613,0.1043809441176296,-2.1627305112622612,-0.2257478526375586,7.0,7.0,4.0,-0.10000000000000853,0
127.5,127.5,0.5714285714285714,0.79717642406613,0.1043809441176296,-2.1627305112622612,-0.2257478526375586,7.0,7.0,4.0,-0.6000000000000085,0
127.5,127.5,0.5714285714285714,0.79717642406613,0.1043809441176296,-2.1627305112622612,-0.2257478526375586,7.0,7.0,4.0,-1.0,0
127.5,127.5,0.5714285714285714,0.79717642406613,0.1043809441176296,-2.1627305112622612,-0.2257478526375586,7.0,7.0,4.0,-0.6000000000000227,0
128.5,128.5,0.7142857142857143,0.8249098290598291,0.09725081720541302,-1.137513472410774,-0.11062411477411482,8.0,6.0,5.0,-0.10000000000000853,0
128.5,128.5,0.7142857142857143,0.8249098290598291,0.09725081720541302,-1.137513472410774,-0.11062411477411482,8.0,6.0,5.0,-0.6000000000000085,0
128.5,128.5,0.7142857142857143,0.8249098290598291,0.09725081720541302,-1.137513472410774,-0.11062411477411482,8.0,6.0,5.0,-1.0,0
128.5,128.5,0.7142857142857143,0.8249098290598291,0.09725081720541302,-1.137513472410774,-0.11062411477411482,8.0,6.0,5.0,-0.6000000000000227,0
128.5,128.5,0.7142857142857143,0.8249098290598291,0.09725081720541302,-1.137513472410774,-0.11062411477411482,8.0,6.0,5.0,-0.5999999999999943,0
129.5,129.5,0.7692307692307693,0.8030513098013098,0.08676391464383952,-0.38979961553569514,-0.033820540570540514,8.0,5.0,5.0,-0.6000000000000085,0
129.5,129.5,0.7692307692307693,0.8030513098013098,0.08676391464383952,-0.38979961553569514,-0.033820540570540514,8.0,5.0,5.0,-1.0,0
129.5,129.5,0.7692307692307693,0.8030513098013098,0.08676391464383952,-0.38979961553569514,-0.033820540570540514,8.0,5.0,5.0,-0.6000000000000227,0
129.5,129.5,0.7692307692307693,0.8030513098013098,0.08676391464383952,-0.38979961553569514,-0.033820540570540514,8.0,5.0,5.0,-0.5999999999999943,0
129.5,129.5,0.7692307692307693,0.8030513098013098,0.08676391464383952,-0.38979961553569514,-0.033820540570540514,8.0,5.0,5.0,-0.30000000000001137,0
130.5,130.5,0.7692307692307693,0.8029300921300921,0.083890810521261,-0.4017045811088239,-0.03369932289932287,8.0,5.0,5.0,-1.0,0
130.5,130.5,0.7692307692307693,0.8029300921300921,0.083890810521261,-0.4017045811088239,-0.03369932289932287,8.0,5.0,5.0,-0.6000000000000227,0
130.5,130.5,0.7692307692307693,0.8029300921300921,0.083890810521261,-0.4017045811088239,-0.03369932289932287,8.0,5.0,5.0,-0.5999999999999943,0
130.5,130.5,0.7692307692307693,0.8029300921300921,0.083890810521261,-0.4017045811088239,-0.03369932289932287,8.0,5.0,5.0,-0.30000000000001137,0
130.5,130.5,0.7692307692307693,0.8029300921300921,0.083890810521261,-0.4017045811088239,-0.03369932289932287,8.0,5.0,5.0,-0.5,0
131.5,131.5,0.9230769230769231,0.8041326395826396,0.1022227231318776,1.1635796802324807,0.11894428349428354,7.0,6.0,6.0,0.09999999999999432,0
131.5,131.5,0.9230769230769231,0.8041326395826396,0.1022227231318776,1.1635796802324807,0.11894428349428354,7.0,6.0,6.0,0.19999999999998863,0
131.5,131.5,0.9230769230769231,0.8041326395826396,0.1022227231318776,1.1635796802324807,0.11894428349428354,7.0,6.0,6.0,-0.09999999999999432,0
131.5,131.5,0.9230769230769231,0.8041326395826396,0.1022227231318776,1.1635796802324807,0.11894428349428354,7.0,6.0,6.0,-0.30000000000001137,0
131.5,131.5,0.9230769230769231,0.8041326395826396,0.1022227231318776,1.1635796802324807,0.11894428349428354,7.0,6.0,6.0,-0.5,0
131.5,131.5,0.9230769230769231,0.8041326395826396,0.1022227231318776,1.1635796802324807,0.11894428349428354,7.0,6.0,6.0,-0.5999999999999943,0
132.5,132.5,0.9230769230769231,0.8472117549117549,0.10450734740418824,0.7259314301773946,0.0758651681651682,7.0,6.0,6.0,-0.5999999999999943,0
132.5,132.5,0.9230769230769231,0.8472117549117549,0.10450734740418824,0.7259314301773946,0.0758651681651682,7.0,6.0,6.0,-0.30000000000001137,0
132.5,132.5,0.9230769230769231,0.8472117549117549,0.10450734740418824,0.7259314301773946,0.0758651681651682,7.0,6.0,6.0,-0.5,0
132.5,132.5,0.9230769230769231,0.8472117549117549,0.10450734740418824,0.7259314301773946,0.0758651681651682,7.0,6.0,6.0,-0.5999999999999943,0
132.5,132.5,0.9230769230769231,0.8472117549117549,0.10450734740418824,0.7259314301773946,0.0758651681651682,7.0,6.0,6.0,-0.39999999999997726,0
132.5,132.5,0.9230769230769231,0.8472117549117549,0.10450734740418824,0.7259314301773946,0.0758651681651682,7.0,6.0,6.0,-0.09999999999999432,0
133.5,133.5,0.9230769230769231,0.8568983183483184,0.09948232471475557,0.6652297774339089,0.0661786047286047,7.0,6.0,6.0,-0.30000000000001137,0
133.5,133.5,0.9230769230769231,0.8568983183483184,0.09948232471475557,0.6652297774339089,0.0661786047286047,7.0,6.0,6.0,-0.5,0
133.5,133.5,0.9230769230769231,0.8568983183483184,0.09948232471475557,0.6652297774339089,0.0661786047286047,7.0,6.0,6.0,-0.5999999999999943,0
133.5,133.5,0.9230769230769231,0.8568983183483184,0.09948232471475557,0.6652297774339089,0.0661786047286047,7.0,6.0,6.0,-0.39999999999997726,0
133.5,133.5,0.9230769230769231,0.8568983183483184,0.09948232471475557,0.6652297774339089,0.0661786047286047,7.0,6.0,6.0,-0.09999999999999432,0
133.5,133.5,0.9230769230769231,0.8568983183483184,0.09948232471475557,0.6652297774339089,0.0661786047286047,7.0,6.0,6.0,-0.19999999999998863,0
134.5,134.5,0.9333333333333333,0.8218007283566108,0.12650276321130344,0.8816614131220556,0.11153260497672257,7.0,8.0,7.0,0.19999999999998863,0
134.5,134.5,0.9333333333333333,0.8218007283566108,0.12650276321130344,0.8816614131220556,0.11153260497672257,7.0,8.0,7.0,0.20000000000001705,0
134.5,134.5,0.9333333333333333,0.8218007283566108,0.12650276321130344,0.8816614131220556,0.11153260497672257,7.0,8.0,7.0,0.30000000000001137,0
134.5,134.5,0.9333333333333333,0.8218007283566108,0.12650276321130344,0.8816614131220556,0.11153260497672257,7.0,8.0,7.0,-0.09999999999999432,0
134.5,134.5,0.9333333333333333,0.8218007283566108,0.12650276321130344,0.8816614131220556,0.11153260497672257,7.0,8.0,7.0,-0.19999999999998863,0
134.5,134.5,0.9333333333333333,0.8218007283566108,0.12650276321130344,0.8816614131220556,0.11153260497672257,7.0,8.0,7.0,-0.19999999999998863,0
134.5,134.5,0.9333333333333333,0.8218007283566108,0.12650276321130344,0.8816614131220556,0.11153260497672257,7.0,8.0,7.0,-0.09999999999999432,0
135.5,135.5,0.8571428571428571,0.8308780737236621,0.13026002956958105,0.20163348270364975,0.026264783419195026,6.0,8.0,6.0,0.30000000000001137,0
135.5,135.5,0.8571428571428571,0.8308780737236621,0.13026002956958105,0.20163348270364975,0.026264783419195026,6.0,8.0,6.0,-0.09999999999999432,0
135.5,135.5,0.8571428571428571,0.8308780737236621,0.13026002956958105,0.20163348270364975,0.026264783419195026,6.0,8.0,6.0,-0.19999999999998863,0
135.5,135.5,0.8571428571428571,0.8308780737236621,0.13026002956958105,0.20163348270364975,0.026264783419195026,6.0,8.0,6.0,-0.19999999999998863,0
135.5,135.5,0.8571428571428571,0.8308780737236621,0.13026002956958105,0.20163348270364975,0.026264783419195026,6.0,8.0,6.0,-0.09999999999999432,0
135.5,135.5,0.8571428571428571,0.8308780737236621,0.13026002956958105,0.20163348270364975,0.026264783419195026,6.0,8.0,6.0,0.09999999999999432,0
136.5,136.5,0.9333333333333333,0.8113109522830112,0.1333254971865514,0.9152216464611137,0.12202238105032215,7.0,8.0,7.0,-0.09999999999999432,0
136.5,136.5,0.9333333333333333,0.8113109522830112,0.1333254971865514,0.9152216464611137,0.12202238105032215,7.0,8.0,7.0,-0.19999999999998863,0
136.5,136.5,0.9333333333333333,0.8113109522830112,0.1333254971865514,0.9152216464611137,0.12202238105032215,7.0,8.0,7.0,-0.19999999999998863,0
136.5,136.5,0.9333333333333333,0.8113109522830112,0.1333254971865514,0.9152216464611137,0.12202238105032215,7.0,8.0,7.0,-0.09999999999999432,0
136.5,136.5,0.9333333333333333,0.8113109522830112,0.1333254971865514,0.9152216464611137,0.12202238105032215,7.0,8.0,7.0,0.09999999999999432,0
136.5,136.5,0.9333333333333333,0.8113109522830112,0.1333254971865514,0.9152216464611137,0.12202238105032215,7.0,8.0,7.0,0.09999999999999432,0
136.5,136.5,0.9333333333333333,0.8113109522830112,0.1333254971865514,0.9152216464611137,0.12202238105032215,7.0,8.0,7.0,0.09999999999999432,0
137.5,137.5,1.0,0.8214954047586401,0.12361296982433437,1.4440604047862586,0.17850459524135986,7.0,7.0,7.0,-0.19999999999998863,0
137.5,137.5,1.0,0.8214954047586401,0.12361296982433437,1.4440604047862586,0.17850459524135986,7.0,7.0,7.0,-0.19999999999998863,0
137.5,137.5,1.0,0.8214954047586401,0.12361296982433437,1.4440604047862586,0.17850459524135986,7.0,7.0,7.0,-0.09999999999999432,0
137.5,137.5,1.0,0.8214954047586401,0.12361296982433437,1.4440604047862586,0.17850459524135986,7.0,7.0,7.0,0.09999999999999432,0
137.5,137.5,1.0,0.8214954047586401,0.12361296982433437,1.4440604047862586,0.17850459524135986,7.0,7.0,7.0,0.09999999999999432,0
137.5,137.5,1.0,0.8214954047586401,0.12361296982433437,1.4440604047862586,0.17850459524135986,7.0,7.0,7.0,0.09999999999999432,0
137.5,137.5,1.0,0.8214954047586401,0.12361296982433437,1.4440604047862586,0.17850459524135986,7.0,7.0,7.0,0.0,0
138.5,138.5,0.9333333333333333,0.7819938065202772,0.12447352453860912,1.2158370816125945,0.15133952681305618,8.0,7.0,7.0,-0.19999999999998863,0
138.5,138.5,0.9333333333333333,0.7819938065202772,0.12447352453860912,1.2158370816125945,0.15133952681305618,8.0,7.0,7.0,-0.09999999999999432,0
138.5,138.5,0.9333333333333333,0.7819938065202772,0.12447352453860912,1.2158370816125945,0.15133952681305618,8.0,7.0,7.0,0.09999999999999432,0
138.5,138.5,0.9333333333333333,0.7819938065202772,0.12447352453860912,1.2158370816125945,0.15133952681305618,8.0,7.0,7.0,0.09999999999999432,0
138.5,138.5,0.9333333333333333,0.7819938065202772,0.12447352453860912,1.2158370816125945,0.15133952681305618,8.0,7.0,7.0,0.09999999999999432,0
138.5,138.5,0.9333333333333333,0.7819938065202772,0.12447352453860912,1.2158370816125945,0.15133952681305618,8.0,7.0,7.0,0.0,0
138.5,138.5,0.9333333333333333,0.7819938065202772,0.12447352453860912,1.2158370816125945,0.15133952681305618,8.0,7.0,7.0,-0.30000000000001137,0
139.5,139.5,0.9090909090909091,0.7210903929403929,0.1364057127837972,1.378245179866452,0.18800051615051616,6.0,5.0,5.0,0.09999999999999432,0
139.5,139.5,0.9090909090909091,0.7210903929403929,0.1364057127837972,1.378245179866452,0.18800051615051616,6.0,5.0,5.0,0.09999999999999432,0
139.5,139.5,0.9090909090909091,0.7210903929403929,0.1364057127837972,1.378245179866452,0.18800051615051616,6.0,5.0,5.0,0.09999999999999432,0
139.5,139.5,0.9090909090909091,0.7210903929403929,0.1364057127837972,1.378245179866452,0.18800051615051616,6.0,5.0,5.0,0.0,0
139.5,139.5,0.9090909090909091,0.7210903929403929,0.1364057127837972,1.378245179866452,0.18800051615051616,6.0,5.0,5.0,-0.30000000000001137,0
140.5,140.5,0.9090909090909091,0.6963830946830947,0.11827792678879902,1.7983728678947215,0.2127078144078144,6.0,5.0,5.0,0.09999999999999432,0
140.5,140.5,0.9090909090909091,0.6963830946830947,0.11827792678879902,1.7983728678947215,0.2127078144078144,6.0,5.0,5.0,0.09999999999999432,0
140.5,140.5,0.9090909090909091,0.6963830946830947,0.11827792678879902,1.7983728678947215,0.2127078144078144,6.0,5.0,5.0,0.0,0
140.5,140.5,0.9090909090909091,0.6963830946830947,0.11827792678879902,1.7983728678947215,0.2127078144078144,6.0,5.0,5.0,-0.30000000000001137,0
140.5,140.5,0.9090909090909091,0.6963830946830947,0.11827792678879902,1.7983728678947215,0.2127078144078144,6.0,5.0,5.0,0.8000000000000114,0
141.5,141.5,0.75,0.7348375402375402,0.10802317908146039,0.1403630210792607,0.015162459762459779,4.0,4.0,3.0,0.0,0
141.5,141.5,0.75,0.7348375402375402,0.10802317908146039,0.1403630210792607,0.015162459762459779,4.0,4.0,3.0,-0.30000000000001137,0
141.5,141.5,0.75,0.7348375402375402,0.10802317908146039,0.1403630210792607,0.015162459762459779,4.0,4.0,3.0,-0.30000000000001137,0
142.5,142.5,0.75,0.7443512598512598,0.09805260661767046,0.05760928080949344,0.005648740148740172,4.0,4.0,3.0,-0.30000000000001137,0
142.5,142.5,0.75,0.7443512598512598,0.09805260661767046,0.05760928080949344,0.005648740148740172,4.0,4.0,3.0,-0.30000000000001137,0
142.5,142.5,0.75,0.7443512598512598,0.09805260661767046,0.05760928080949344,0.005648740148740172,4.0,4.0,3.0,-0.5999999999999943,0
143.5,143.5,0.75,0.7857788933288933,0.11001180167716666,-0.3252277735973059,-0.03577889332889328,3.0,5.0,3.0,-0.30000000000001137,0
143.5,143.5,0.75,0.7857788933288933,0.11001180167716666,-0.3252277735973059,-0.03577889332889328,3.0,5.0,3.0,-0.5999999999999943,0
143.5,143.5,0.75,0.7857788933288933,0.11001180167716666,-0.3252277735973059,-0.03577889332889328,3.0,5.0,3.0,-0.20000000000001705,0
144.5,144.5,0.6666666666666666,0.8361646520146521,0.10318619744589518,-1.6426420349180935,-0.16949798534798544,3.0,6.0,3.0,-0.30000000000001137,0
144.5,144.5,0.6666666666666666,0.8361646520146521,0.10318619744589518,-1.6426420349180935,-0.16949798534798544,3.0,6.0,3.0,-0.5999999999999943,0
144.5,144.5,0.6666666666666666,0.8361646520146521,0.10318619744589518,-1.6426420349180935,-0.16949798534798544,3.0,6.0,3.0,-0.20000000000001705,0
145.5,145.5,0.8,0.8364176878676879,0.11250862195820584,-0.32368797372005953,-0.03641768786768784,4.0,6.0,4.0,-0.30000000000001137,0
145.5,145.5,0.8,0.8364176878676879,0.11250862195820584,-0.32368797372005953,-0.03641768786768784,4.0,6.0,4.0,-0.5999999999999943,0
145.5,145.5,0.8,0.8364176878676879,0.11250862195820584,-0.32368797372005953,-0.03641768786768784,4.0,6.0,4.0,-0.20000000000001705,0
145.5,145.5,0.8,0.8364176878676879,0.11250862195820584,-0.32368797372005953,-0.03641768786768784,4.0,6.0,4.0,0.09999999999999432,0
146.5,146.5,0.7272727272727273,0.8562112028494382,0.11950403046801317,-1.0789466687587828,-0.1289384755767109,4.0,7.0,4.0,-0.5999999999999943,0
146.5,146.5,0.7272727272727273,0.8562112028494382,0.11950403046801317,-1.0789466687587828,-0.1289384755767109,4.0,7.0,4.0,-0.20000000000001705,0
146.5,146.5,0.7272727272727273,0.8562112028494382,0.11950403046801317,-1.0789466687587828,-0.1289384755767109,4.0,7.0,4.0,0.09999999999999432,0
146.5,146.5,0.7272727272727273,0.8562112028494382,0.11950403046801317,-1.0789466687587828,-0.1289384755767109,4.0,7.0,4.0,-0.19999999999998863,0
147.5,147.5,0.7142857142857143,0.8356082368611781,0.12495212900456251,-0.9709520241230452,-0.12132252257546383,6.0,8.0,5.0,-0.20000000000001705,0
147.5,147.5,0.7142857142857143,0.8356082368611781,0.12495212900456251,-0.9709520241230452,-0.12132252257546383,6.0,8.0,5.0,0.09999999999999432,0
147.5,147.5,0.7142857142857143,0.8356082368611781,0.12495212900456251,-0.9709520241230452,-0.12132252257546383,6.0,8.0,5.0,-0.19999999999998863,0
147.5,147.5,0.7142857142857143,0.8356082368611781,0.12495212900456251,-0.9709520241230452,-0.12132252257546383,6.0,8.0,5.0,-0.30000000000001137,0
147.5,147.5,0.7142857142857143,0.8356082368611781,0.12495212900456251,-0.9709520241230452,-0.12132252257546383,6.0,8.0,5.0,-0.5,0
148.5,148.5,0.7692307692307693,0.8609374821257174,0.11477295624637354,-0.7990271915457939,-0.09170671289494814,6.0,7.0,5.0,0.09999999999999432,0
148.5,148.5,0.7692307692307693,0.8609374821257174,0.11477295624637354,-0.7990271915457939,-0.09170671289494814,6.0,7.0,5.0,-0.19999999999998863,0
148.5,148.5,0.7692307692307693,0.8609374821257174,0.11477295624637354,-0.7990271915457939,-0.09170671289494814,6.0,7.0,5.0,-0.30000000000001137,0
148.5,148.5,0.7692307692307693,0.8609374821257174,0.11477295624637354,-0.7990271915457939,-0.09170671289494814,6.0,7.0,5.0,-0.5,0
148.5,148.5,0.7692307692307693,0.8609374821257174,0.11477295624637354,-0.7990271915457939,-0.09170671289494814,6.0,7.0,5.0,-0.8000000000000114,0
149.5,149.5,0.8,0.8396247869777282,0.11776416706539099,-0.3364757545962663,-0.0396247869777282,8.0,7.0,6.0,0.09999999999999432,0
149.5,149.5,0.8,0.8396247869777282,0.11776416706539099,-0.3364757545962663,-0.0396247869777282,8.0,7.0,6.0,-0.19999999999998863,0
149.5,149.5,0.8,0.8396247869777282,0.11776416706539099,-0.3364757545962663,-0.0396247869777282,8.0,7.0,6.0,-0.30000000000001137,0
149.5,149.5,0.8,0.8396247869777282,0.11776416706539099,-0.3364757545962663,-0.0396247869777282,8.0,7.0,6.0,-0.5,0
149.5,149.5,0.8,0.8396247869777282,0.11776416706539099,-0.3364757545962663,-0.0396247869777282,8.0,7.0,6.0,-0.8000000000000114,0
149.5,149.5,0.8,0.8396247869777282,0.11776416706539099,-0.3364757545962663,-0.0396247869777282,8.0,7.0,6.0,-0.8000000000000114,0
150.5,150.5,0.875,0.8244162664133253,0.12362801307553879,0.40916077455493166,0.05058373358667467,8.0,8.0,7.0,-0.19999999999998863,0
150.5,150.5,0.875,0.8244162664133253,0.12362801307553879,0.40916077455493166,0.05058373358667467,8.0,8.0,7.0,-0.30000000000001137,0
150.5,150.5,0.875,0.8244162664133253,0.12362801307553879,0.40916077455493166,0.05058373358667467,8.0,8.0,7.0,-0.5,0
150.5,150.5,0.875,0.8244162664133253,0.12362801307553879,0.40916077455493166,0.05058373358667467,8.0,8.0,7.0,-0.8000000000000114,0
150.5,150.5,0.875,0.8244162664133253,0.12362801307553879,0.40916077455493166,0.05058373358667467,8.0,8.0,7.0,-0.8000000000000114,0
150.5,150.5,0.875,0.8244162664133253,0.12362801307553879,0.40916077455493166,0.05058373358667467,8.0,8.0,7.0,-0.9000000000000057,0
150.5,150.5,0.875,0.8244162664133253,0.12362801307553879,0.40916077455493166,0.05058373358667467,8.0,8.0,7.0,-1.0,0
151.5,151.5,0.875,0.8499805168687522,0.1149875987502119,0.21758418649647376,0.0250194831312478,9.0,7.0,7.0,-0.30000000000001137,0
151.5,151.5,0.875,0.8499805168687522,0.1149875987502119,0.21758418649647376,0.0250194831312478,9.0,7.0,7.0,-0.5,0
151.5,151.5,0.875,0.8499805168687522,0.1149875987502119,0.21758418649647376,0.0250194831312478,9.0,7.0,7.0,-0.8000000000000114,0
151.5,151.5,0.875,0.8499805168687522,0.1149875987502119,0.21758418649647376,0.0250194831312478,9.0,7.0,7.0,-0.8000000000000114,0
151.5,151.5,0.875,0.8499805168687522,0.1149875987502119,0.21758418649647376,0.0250194831312478,9.0,7.0,7.0,-0.9000000000000057,0
151.5,151.5,0.875,0.8499805168687522,0.1149875987502119,0.21758418649647376,0.0250194831312478,9.0,7.0,7.0,-1.0,0
151.5,151.5,0.875,0.8499805168687522,0.1149875987502119,0.21758418649647376,0.0250194831312478,9.0,7.0,7.0,-0.4000000000000057,0
152.5,152.5,0.8571428571428571,0.7593322455322454,0.13002428048089287,0.7522488203654007,0.09781061161061166,8.0,6.0,6.0,0.0,0
152.5,152.5,0.8571428571428571,0.7593322455322454,0.13002428048089287,0.7522488203654007,0.09781061161061166,8.0,6.0,6.0,-0.10000000000002274,0
152.5,152.5,0.8571428571428571,0.7593322455322454,0.13002428048089287,0.7522488203654007,0.09781061161061166,8.0,6.0,6.0,-0.30000000000001137,0
152.5,152.5,0.8571428571428571,0.7593322455322454,0.13002428048089287,0.7522488203654007,0.09781061161061166,8.0,6.0,6.0,-0.19999999999998863,0
152.5,152.5,0.8571428571428571,0.7593322455322454,0.13002428048089287,0.7522488203654007,0.09781061161061166,8.0,6.0,6.0,-0.5,0
152.5,152.5,0.8571428571428571,0.7593322455322454,0.13002428048089287,0.7522488203654007,0.09781061161061166,8.0,6.0,6.0,-0.4000000000000057,0
153.5,153.5,0.6666666666666666,0.670621794871795,0.13190666896617712,-0.029984292955972443,-0.003955128205128333,8.0,4.0,4.0,-0.30000000000001137,0
153.5,153.5,0.6666666666666666,0.670621794871795,0.13190666896617712,-0.029984292955972443,-0.003955128205128333,8.0,4.0,4.0,-0.19999999999998863,0
153.5,153.5,0.6666666666666666,0.670621794871795,0.13190666896617712,-0.029984292955972443,-0.003955128205128333,8.0,4.0,4.0,-0.5,0
153.5,153.5,0.6666666666666666,0.670621794871795,0.13190666896617712,-0.029984292955972443,-0.003955128205128333,8.0,4.0,4.0,-0.4000000000000057,0
154.5,154.5,0.6,0.5152642857142857,0.1476736754425341,0.573803787518571,0.08473571428571425,7.0,3.0,3.0,0.30000000000001137,0
154.5,154.5,0.6,0.5152642857142857,0.1476736754425341,0.573803787518571,0.08473571428571425,7.0,3.0,3.0,0.29999999999998295,0
154.5,154.5,0.6,0.5152642857142857,0.1476736754425341,0.573803787518571,0.08473571428571425,7.0,3.0,3.0,0.20000000000001705,0
155.5,155.5,0.25,0.28722777777777775,0.09781951139402961,-0.3805761984213912,-0.03722777777777775,7.0,1.0,1.0,-0.4000000000000057,0
156.5,156.5,0.25,0.27401349206349207,0.11494082344363865,-0.2089204805050584,-0.02401349206349207,7.0,1.0,1.0,-0.5999999999999943,0
157.5,157.5,0.6,0.5482764735264735,0.149698337511676,0.3455183760440375,0.051723526473526515,7.0,3.0,3.0,-0.5999999999999943,0
157.5,157.5,0.6,0.5482764735264735,0.149698337511676,0.3455183760440375,0.051723526473526515,7.0,3.0,3.0,-0.5,0
157.5,157.5,0.6,0.5482764735264735,0.149698337511676,0.3455183760440375,0.051723526473526515,7.0,3.0,3.0,-0.09999999999999432,0
158.5,158.5,0.7272727272727273,0.6904411921411923,0.1589732421936873,0.23168386467617494,0.03683153513153503,6.0,5.0,4.0,-0.5999999999999943,0
158.5,158.5,0.7272727272727273,0.6904411921411923,0.1589732421936873,0.23168386467617494,0.03683153513153503,6.0,5.0,4.0,-0.5,0
158.5,158.5,0.7272727272727273,0.6904411921411923,0.1589732421936873,0.23168386467617494,0.03683153513153503,6.0,5.0,4.0,-0.09999999999999432,0
158.5,158.5,0.7272727272727273,0.6904411921411923,0.1589732421936873,0.23168386467617494,0.03683153513153503,6.0,5.0,4.0,0.09999999999999432,0
159.5,159.5,0.7272727272727273,0.7844221056721058,0.13429898449324923,-0.4255384254394806,-0.0571493783993785,5.0,6.0,4.0,-0.5999999999999943,0
159.5,159.5,0.7272727272727273,0.7844221056721058,0.13429898449324923,-0.4255384254394806,-0.0571493783993785,5.0,6.0,4.0,-0.5,0
159.5,159.5,0.7272727272727273,0.7844221056721058,0.13429898449324923,-0.4255384254394806,-0.0571493783993785,5.0,6.0,4.0,-0.09999999999999432,0
159.5,159.5,0.7272727272727273,0.7844221056721058,0.13429898449324923,-0.4255384254394806,-0.0571493783993785,5.0,6.0,4.0,0.09999999999999432,0
160.5,160.5,0.7692307692307693,0.8314354811854812,0.1261021072041513,-0.4932884416753355,-0.06220471195471189,5.0,8.0,5.0,-0.5999999999999943,0
160.5,160.5,0.7692307692307693,0.8314354811854812,0.1261021072041513,-0.4932884416753355,-0.06220471195471189,5.0,8.0,5.0,-0.5,0
160.5,160.5,0.7692307692307693,0.8314354811854812,0.1261021072041513,-0.4932884416753355,-0.06220471195471189,5.0,8.0,5.0,-0.09999999999999432,0
160.5,160.5,0.7692307692307693,0.8314354811854812,0.1261021072041513,-0.4932884416753355,-0.06220471195471189,5.0,8.0,5.0,0.09999999999999432,0
160.5,160.5,0.7692307692307693,0.8314354811854812,0.1261021072041513,-0.4932884416753355,-0.06220471195471189,5.0,8.0,5.0,-0.30000000000001137,0
161.5,161.5,0.6153846153846154,0.8008675148381031,0.12370786871547863,-1.4993621778424484,-0.18548289945348773,5.0,8.0,4.0,-0.09999999999999432,0
161.5,161.5,0.6153846153846154,0.8008675148381031,0.12370786871547863,-1.4993621778424484,-0.18548289945348773,5.0,8.0,4.0,0.09999999999999432,0
161.5,161.5,0.6153846153846154,0.8008675148381031,0.12370786871547863,-1.4993621778424484,-0.18548289945348773,5.0,8.0,4.0,-0.30000000000001137,0
161.5,161.5,0.6153846153846154,0.8008675148381031,0.12370786871547863,-1.4993621778424484,-0.18548289945348773,5.0,8.0,4.0,-0.29999999999998295,0
162.5,162.5,0.6,0.7623935508935509,0.1231039726023152,-1.3191576799731708,-0.1623935508935509,4.0,6.0,3.0,0.09999999999999432,0
162.5,162.5,0.6,0.7623935508935509,0.1231039726023152,-1.3191576799731708,-0.1623935508935509,4.0,6.0,3.0,-0.30000000000001137,0
162.5,162.5,0.6,0.7623935508935509,0.1231039726023152,-1.3191576799731708,-0.1623935508935509,4.0,6.0,3.0,-0.29999999999998295,0
163.5,163.5,0.6,0.7744891663891665,0.1039214467428836,-1.6790486647176641,-0.17448916638916656,5.0,5.0,3.0,-0.30000000000001137,0
163.5,163.5,0.6,0.7744891663891665,0.1039214467428836,-1.6790486647176641,-0.17448916638916656,5.0,5.0,3.0,-0.29999999999998295,0
163.5,163.5,0.6,0.7744891663891665,0.1039214467428836,-1.6790486647176641,-0.17448916638916656,5.0,5.0,3.0,-0.20000000000001705,0
164.5,164.5,0.7272727272727273,0.7576602175602176,0.10073359023293538,-0.3016619403440559,-0.030387490287490326,6.0,5.0,4.0,-0.30000000000001137,0
164.5,164.5,0.7272727272727273,0.7576602175602176,0.10073359023293538,-0.3016619403440559,-0.030387490287490326,6.0,5.0,4.0,-0.29999999999998295,0
164.5,164.5,0.7272727272727273,0.7576602175602176,0.10073359023293538,-0.3016619403440559,-0.030387490287490326,6.0,5.0,4.0,-0.20000000000001705,0
164.5,164.5,0.7272727272727273,0.7576602175602176,0.10073359023293538,-0.3016619403440559,-0.030387490287490326,6.0,5.0,4.0,-0.6999999999999886,0
165.5,165.5,0.8333333333333334,0.7952376789876789,0.1090252025184777,0.34942062445789024,0.03809565434565443,7.0,5.0,5.0,-0.29999999999998295,0
165.5,165.5,0.8333333333333334,0.7952376789876789,0.1090252025184777,0.34942062445789024,0.03809565434565443,7.0,5.0,5.0,-0.20000000000001705,0
165.5,165.5,0.8333333333333334,0.7952376789876789,0.1090252025184777,0.34942062445789024,0.03809565434565443,7.0,5.0,5.0,-0.6999999999999886,0
165.5,165.5,0.8333333333333334,0.7952376789876789,0.1090252025184777,0.34942062445789024,0.03809565434565443,7.0,5.0,5.0,-0.5999999999999943,0
165.5,165.5,0.8333333333333334,0.7952376789876789,0.1090252025184777,0.34942062445789024,0.03809565434565443,7.0,5.0,5.0,-0.6000000000000227,0
166.5,166.5,1.0,0.7996567266067266,0.133933230178282,1.4958444078933308,0.2003432733932734,6.0,6.0,6.0,-0.20000000000001705,0
166.5,166.5,1.0,0.7996567266067266,0.133933230178282,1.4958444078933308,0.2003432733932734,6.0,6.0,6.0,-0.6999999999999886,0
166.5,166.5,1.0,0.7996567266067266,0.133933230178282,1.4958444078933308,0.2003432733932734,6.0,6.0,6.0,-0.5999999999999943,0
166.5,166.5,1.0,0.7996567266067266,0.133933230178282,1.4958444078933308,0.2003432733932734,6.0,6.0,6.0,-0.6000000000000227,0
166.5,166.5,1.0,0.7996567266067266,0.133933230178282,1.4958444078933308,0.2003432733932734,6.0,6.0,6.0,-0.6999999999999886,0
166.5,166.5,1.0,0.7996567266067266,0.133933230178282,1.4958444078933308,0.2003432733932734,6.0,6.0,6.0,-0.5999999999999943,0
167.5,167.5,0.9333333333333333,0.8557660117660119,0.12168286051884676,0.6374547839899567,0.07756732156732149,8.0,7.0,7.0,-0.20000000000001705,0
167.5,167.5,0.9333333333333333,0.8557660117660119,0.12168286051884676,0.6374547839899567,0.07756732156732149,8.0,7.0,7.0,-0.6999999999999886,0
167.5,167.5,0.9333333333333333,0.8557660117660119,0.12168286051884676,0.6374547839899567,0.07756732156732149,8.0,7.0,7.0,-0.5999999999999943,0
167.5,167.5,0.9333333333333333,0.8557660117660119,0.12168286051884676,0.6374547839899567,0.07756732156732149,8.0,7.0,7.0,-0.6000000000000227,0
167.5,167.5,0.9333333333333333,0.8557660117660119,0.12168286051884676,0.6374547839899567,0.07756732156732149,8.0,7.0,7.0,-0.6999999999999886,0
167.5,167.5,0.9333333333333333,0.8557660117660119,0.12168286051884676,0.6374547839899567,0.07756732156732149,8.0,7.0,7.0,-0.5999999999999943,0
167.5,167.5,0.9333333333333333,0.8557660117660119,0.12168286051884676,0.6374547839899567,0.07756732156732149,8.0,7.0,7.0,-0.4000000000000057,0
168.5,168.5,1.0,0.8286677851560205,0.12516977905296184,1.3687985721496356,0.17133221484397954,7.0,7.0,7.0,0.09999999999999432,0
168.5,168.5,1.0,0.8286677851560205,0.12516977905296184,1.3687985721496356,0.17133221484397954,7.0,7.0,7.0,0.0,0
168.5,168.5,1.0,0.8286677851560205,0.12516977905296184,1.3687985721496356,0.17133221484397954,7.0,7.0,7.0,0.0,0
168.5,168.5,1.0,0.8286677851560205,0.12516977905296184,1.3687985721496356,0.17133221484397954,7.0,7.0,7.0,-0.09999999999999432,0
168.5,168.5,1.0,0.8286677851560205,0.12516977905296184,1.3687985721496356,0.17133221484397954,7.0,7.0,7.0,0.19999999999998863,0
168.5,168.5,1.0,0.8286677851560205,0.12516977905296184,1.3687985721496356,0.17133221484397954,7.0,7.0,7.0,0.30000000000001137,0
168.5,168.5,1.0,0.8286677851560205,0.12516977905296184,1.3687985721496356,0.17133221484397954,7.0,7.0,7.0,0.19999999999998863,0
169.5,169.5,0.9333333333333333,0.8192375849640556,0.12686717935987063,0.8993322697404224,0.11409574836927772,7.0,8.0,7.0,0.0,0
169.5,169.5,0.9333333333333333,0.8192375849640556,0.12686717935987063,0.8993322697404224,0.11409574836927772,7.0,8.0,7.0,0.0,0
169.5,169.5,0.9333333333333333,0.8192375849640556,0.12686717935987063,0.8993322697404224,0.11409574836927772,7.0,8.0,7.0,-0.09999999999999432,0
169.5,169.5,0.9333333333333333,0.8192375849640556,0.12686717935987063,0.8993322697404224,0.11409574836927772,7.0,8.0,7.0,0.19999999999998863,0
169.5,169.5,0.9333333333333333,0.8192375849640556,0.12686717935987063,0.8993322697404224,0.11409574836927772,7.0,8.0,7.0,0.30000000000001137,0
169.5,169.5,0.9333333333333333,0.8192375849640556,0.12686717935987063,0.8993322697404224,0.11409574836927772,7.0,8.0,7.0,0.19999999999998863,0
169.5,169.5,0.9333333333333333,0.8192375849640556,0.12686717935987063,0.8993322697404224,0.11409574836927772,7.0,8.0,7.0,-0.09999999999999432,0
170.5,170.5,0.9230769230769231,0.8265340856855564,0.1271601752232487,0.7592222739695924,0.09654283739136671,6.0,7.0,6.0,-0.09999999999999432,0
170.5,170.5,0.9230769230769231,0.8265340856855564,0.1271601752232487,0.7592222739695924,0.09654283739136671,6.0,7.0,6.0,0.19999999999998863,0
170.5,170.5,0.9230769230769231,0.8265340856855564,0.1271601752232487,0.7592222739695924,0.09654283739136671,6.0,7.0,6.0,0.30000000000001137,0
170.5,170.5,0.9230769230769231,0.8265340856855564,0.1271601752232487,0.7592222739695924,0.09654283739136671,6.0,7.0,6.0,0.19999999999998863,0
170.5,170.5,0.9230769230769231,0.8265340856855564,0.1271601752232487,0.7592222739695924,0.09654283739136671,6.0,7.0,6.0,-0.09999999999999432,0
170.5,170.5,0.9230769230769231,0.8265340856855564,0.1271601752232487,0.7592222739695924,0.09654283739136671,6.0,7.0,6.0,0.6999999999999886,0
171.5,171.5,0.7692307692307693,0.8133309662559663,0.1272591850061246,-0.3465384209640716,-0.044100197025197074,5.0,8.0,5.0,0.19999999999998863,0
171.5,171.5,0.7692307692307693,0.8133309662559663,0.1272591850061246,-0.3465384209640716,-0.044100197025197074,5.0,8.0,5.0,0.30000000000001137,0
171.5,171.5,0.7692307692307693,0.8133309662559663,0.1272591850061246,-0.3465384209640716,-0.044100197025197074,5.0,8.0,5.0,0.19999999999998863,0
171.5,171.5,0.7692307692307693,0.8133309662559663,0.1272591850061246,-0.3465384209640716,-0.044100197025197074,5.0,8.0,5.0,-0.09999999999999432,0
171.5,171.5,0.7692307692307693,0.8133309662559663,0.1272591850061246,-0.3465384209640716,-0.044100197025197074,5.0,8.0,5.0,-0.09999999999999432,0
172.5,172.5,0.7272727272727273,0.8315247507394568,0.12268958129065463,-0.8497218946387457,-0.10425202346672946,4.0,7.0,4.0,0.19999999999998863,0
172.5,172.5,0.7272727272727273,0.8315247507394568,0.12268958129065463,-0.8497218946387457,-0.10425202346672946,4.0,7.0,4.0,-0.09999999999999432,0
172.5,172.5,0.7272727272727273,0.8315247507394568,0.12268958129065463,-0.8497218946387457,-0.10425202346672946,4.0,7.0,4.0,-0.09999999999999432,0
172.5,172.5,0.7272727272727273,0.8315247507394568,0.12268958129065463,-0.8497218946387457,-0.10425202346672946,4.0,7.0,4.0,0.30000000000001137,0
173.5,173.5,0.6,0.7931682040182041,0.12218247220020276,-1.580981302307317,-0.19316820401820411,3.0,7.0,3.0,-0.09999999999999432,0
173.5,173.5,0.6,0.7931682040182041,0.12218247220020276,-1.580981302307317,-0.19316820401820411,3.0,7.0,3.0,-0.09999999999999432,0
173.5,173.5,0.6,0.7931682040182041,0.12218247220020276,-1.580981302307317,-0.19316820401820411,3.0,7.0,3.0,0.30000000000001137,0
174.5,174.5,0.6666666666666666,0.8075094627594629,0.12381166850549973,-1.1375567246033844,-0.14084279609279626,3.0,6.0,3.0,-0.09999999999999432,0
174.5,174.5,0.6666666666666666,0.8075094627594629,0.12381166850549973,-1.1375567246033844,-0.14084279609279626,3.0,6.0,3.0,0.30000000000001137,0
174.5,174.5,0.6666666666666666,0.8075094627594629,0.12381166850549973,-1.1375567246033844,-0.14084279609279626,3.0,6.0,3.0,0.700000000000017,0
175.5,175.5,0.8,0.7745754967254966,0.10758739455333038,0.2363148896769746,0.025424503274503407,4.0,6.0,4.0,-0.09999999999999432,0
175.5,175.5,0.8,0.7745754967254966,0.10758739455333038,0.2363148896769746,0.025424503274503407,4.0,6.0,4.0,0.30000000000001137,0
175.5,175.5,0.8,0.7745754967254966,0.10758739455333038,0.2363148896769746,0.025424503274503407,4.0,6.0,4.0,0.700000000000017,0
175.5,175.5,0.8,0.7745754967254966,0.10758739455333038,0.2363148896769746,0.025424503274503407,4.0,6.0,4.0,0.0,0
176.5,176.5,0.8888888888888888,0.795397397047397,0.08861501373272583,1.0550299311973714,0.09349149184149186,4.0,5.0,4.0,0.30000000000001137,0
176.5,176.5,0.8888888888888888,0.795397397047397,0.08861501373272583,1.0550299311973714,0.09349149184149186,4.0,5.0,4.0,0.700000000000017,0
176.5,176.5,0.8888888888888888,0.795397397047397,0.08861501373272583,1.0550299311973714,0.09349149184149186,4.0,5.0,4.0,0.0,0
176.5,176.5,0.8888888888888888,0.795397397047397,0.08861501373272583,1.0550299311973714,0.09349149184149186,4.0,5.0,4.0,0.0,0
