t_center,t_center_abs,S,S_null_mean,S_null_sd,z_S_t,S_excess,nA,nB,nM,dt,episode
8.5,8.5,1.0,0.8631574394130123,0.08947900994487291,1.5293258236908858,0.13684256058698774,8.0,8.0,8.0,-0.20000000000000018,0
8.5,8.5,1.0,0.8631574394130123,0.08947900994487291,1.5293258236908858,0.13684256058698774,8.0,8.0,8.0,-0.40000000000000036,0
8.5,8.5,1.0,0.8631574394130123,0.08947900994487291,1.5293258236908858,0.13684256058698774,8.0,8.0,8.0,-0.5,0
8.5,8.5,1.0,0.8631574394130123,0.08947900994487291,1.5293258236908858,0.13684256058698774,8.0,8.0,8.0,-0.2999999999999998,0
8.5,8.5,1.0,0.8631574394130123,0.08947900994487291,1.5293258236908858,0.13684256058698774,8.0,8.0,8.0,0.1999999999999993,0
8.5,8.5,1.0,0.8631574394130123,0.08947900994487291,1.5293258236908858,0.13684256058698774,8.0,8.0,8.0,0.09999999999999964,0
8.5,8.5,1.0,0.8631574394130123,0.08947900994487291,1.5293258236908858,0.13684256058698774,8.0,8.0,8.0,0.1999999999999993,0
8.5,8.5,1.0,0.8631574394130123,0.08947900994487291,1.5293258236908858,0.13684256058698774,8.0,8.0,8.0,0.0,0
9.5,9.5,0.9411764705882353,0.8496589240824535,0.08126227090241368,1.1261997171563602,0.09151754650578181,8.0,9.0,8.0,0.0,0
9.5,9.5,0.9411764705882353,0.8496589240824535,0.08126227090241368,1.1261997171563602,0.09151754650578181,8.0,9.0,8.0,0.20000000000000018,0
9.5,9.5,0.9411764705882353,0.8496589240824535,0.08126227090241368,1.1261997171563602,0.09151754650578181,8.0,9.0,8.0,0.1999999999999993,0
9.5,9.5,0.9411764705882353,0.8496589240824535,0.08126227090241368,1.1261997171563602,0.09151754650578181,8.0,9.0,8.0,0.09999999999999964,0
9.5,9.5,0.9411764705882353,0.8496589240824535,0.08126227090241368,1.1261997171563602,0.09151754650578181,8.0,9.0,8.0,0.1999999999999993,0
9.5,9.5,0.9411764705882353,0.8496589240824535,0.08126227090241368,1.1261997171563602,0.09151754650578181,8.0,9.0,8.0,0.0,0
9.5,9.5,0.9411764705882353,0.8496589240824535,0.08126227090241368,1.1261997171563602,0.09151754650578181,8.0,9.0,8.0,-0.10000000000000142,0
9.5,9.5,0.9411764705882353,0.8496589240824535,0.08126227090241368,1.1261997171563602,0.09151754650578181,8.0,9.0,8.0,-0.3000000000000007,0
10.5,10.5,0.8,0.7697165287327052,0.09046839734848684,0.3347408836109035,0.030283471267294804,8.0,7.0,6.0,0.1999999999999993,0
10.5,10.5,0.8,0.7697165287327052,0.09046839734848684,0.3347408836109035,0.030283471267294804,8.0,7.0,6.0,0.09999999999999964,0
10.5,10.5,0.8,0.7697165287327052,0.09046839734848684,0.3347408836109035,0.030283471267294804,8.0,7.0,6.0,0.1999999999999993,0
10.5,10.5,0.8,0.7697165287327052,0.09046839734848684,0.3347408836109035,0.030283471267294804,8.0,7.0,6.0,0.0,0
10.5,10.5,0.8,0.7697165287327052,0.09046839734848684,0.3347408836109035,0.030283471267294804,8.0,7.0,6.0,-0.10000000000000142,0
10.5,10.5,0.8,0.7697165287327052,0.09046839734848684,0.3347408836109035,0.030283471267294804,8.0,7.0,6.0,-0.3000000000000007,0
11.5,11.5,0.8,0.7450202204658086,0.08847607992847213,0.6214084030241782,0.05497977953419142,9.0,6.0,6.0,0.09999999999999964,0
11.5,11.5,0.8,0.7450202204658086,0.08847607992847213,0.6214084030241782,0.05497977953419142,9.0,6.0,6.0,0.1999999999999993,0
11.5,11.5,0.8,0.7450202204658086,0.08847607992847213,0.6214084030241782,0.05497977953419142,9.0,6.0,6.0,0.0,0
11.5,11.5,0.8,0.7450202204658086,0.08847607992847213,0.6214084030241782,0.05497977953419142,9.0,6.0,6.0,-0.10000000000000142,0
11.5,11.5,0.8,0.7450202204658086,0.08847607992847213,0.6214084030241782,0.05497977953419142,9.0,6.0,6.0,-0.3000000000000007,0
11.5,11.5,0.8,0.7450202204658086,0.08847607992847213,0.6214084030241782,0.05497977953419142,9.0,6.0,6.0,-0.8000000000000007,0
12.5,12.5,0.7142857142857143,0.7440189699189699,0.0743209791723004,-0.4000654453747728,-0.029733255633255573,9.0,5.0,5.0,0.0,0
12.5,12.5,0.7142857142857143,0.7440189699189699,0.0743209791723004,-0.4000654453747728,-0.029733255633255573,9.0,5.0,5.0,-0.10000000000000142,0
12.5,12.5,0.7142857142857143,0.7440189699189699,0.0743209791723004,-0.4000654453747728,-0.029733255633255573,9.0,5.0,5.0,-0.3000000000000007,0
12.5,12.5,0.7142857142857143,0.7440189699189699,0.0743209791723004,-0.4000654453747728,-0.029733255633255573,9.0,5.0,5.0,-0.8000000000000007,0
12.5,12.5,0.7142857142857143,0.7440189699189699,0.0743209791723004,-0.4000654453747728,-0.029733255633255573,9.0,5.0,5.0,-0.5999999999999996,0
13.5,13.5,0.7692307692307693,0.7399205044955045,0.07188225888646343,0.40775380725805704,0.02931026473526477,8.0,5.0,5.0,-0.10000000000000142,0
13.5,13.5,0.7692307692307693,0.7399205044955045,0.07188225888646343,0.40775380725805704,0.02931026473526477,8.0,5.0,5.0,-0.3000000000000007,0
13.5,13.5,0.7692307692307693,0.7399205044955045,0.07188225888646343,0.40775380725805704,0.02931026473526477,8.0,5.0,5.0,-0.8000000000000007,0
13.5,13.5,0.7692307692307693,0.7399205044955045,0.07188225888646343,0.40775380725805704,0.02931026473526477,8.0,5.0,5.0,-0.5999999999999996,0
13.5,13.5,0.7692307692307693,0.7399205044955045,0.07188225888646343,0.40775380725805704,0.02931026473526477,8.0,5.0,5.0,-1.0,0
14.5,14.5,0.8571428571428571,0.826061375879023,0.06280108227517477,0.49491951631732684,0.031081481263834143,8.0,6.0,6.0,0.5,0
14.5,14.5,0.8571428571428571,0.826061375879023,0.06280108227517477,0.49491951631732684,0.031081481263834143,8.0,6.0,6.0,-0.8000000000000007,0
14.5,14.5,0.8571428571428571,0.826061375879023,0.06280108227517477,0.49491951631732684,0.031081481263834143,8.0,6.0,6.0,-0.5999999999999996,0
14.5,14.5,0.8571428571428571,0.826061375879023,0.06280108227517477,0.49491951631732684,0.031081481263834143,8.0,6.0,6.0,-1.0,0
14.5,14.5,0.8571428571428571,0.826061375879023,0.06280108227517477,0.49491951631732684,0.031081481263834143,8.0,6.0,6.0,0.0,0
14.5,14.5,0.8571428571428571,0.826061375879023,0.06280108227517477,0.49491951631732684,0.031081481263834143,8.0,6.0,6.0,0.3000000000000007,0
15.5,15.5,0.75,0.8883912239721065,0.06075304917398962,-2.2779305047845453,-0.13839122397210646,9.0,7.0,6.0,-0.8000000000000007,0
15.5,15.5,0.75,0.8883912239721065,0.06075304917398962,-2.2779305047845453,-0.13839122397210646,9.0,7.0,6.0,-0.5999999999999996,0
15.5,15.5,0.75,0.8883912239721065,0.06075304917398962,-2.2779305047845453,-0.13839122397210646,9.0,7.0,6.0,-1.0,0
15.5,15.5,0.75,0.8883912239721065,0.06075304917398962,-2.2779305047845453,-0.13839122397210646,9.0,7.0,6.0,0.0,0
15.5,15.5,0.75,0.8883912239721065,0.06075304917398962,-2.2779305047845453,-0.13839122397210646,9.0,7.0,6.0,-0.3000000000000007,0
15.5,15.5,0.75,0.8883912239721065,0.06075304917398962,-2.2779305047845453,-0.13839122397210646,9.0,7.0,6.0,-0.6000000000000014,0
16.5,16.5,0.75,0.8883695170842231,0.05880986884808268,-2.352828186739515,-0.13836951708422307,9.0,7.0,6.0,-0.5999999999999996,0
16.5,16.5,0.75,0.8883695170842231,0.05880986884808268,-2.352828186739515,-0.13836951708422307,9.0,7.0,6.0,-1.0,0
16.5,16.5,0.75,0.8883695170842231,0.05880986884808268,-2.352828186739515,-0.13836951708422307,9.0,7.0,6.0,0.0,0
16.5,16.5,0.75,0.8883695170842231,0.05880986884808268,-2.352828186739515,-0.13836951708422307,9.0,7.0,6.0,-0.3000000000000007,0
16.5,16.5,0.75,0.8883695170842231,0.05880986884808268,-2.352828186739515,-0.13836951708422307,9.0,7.0,6.0,-0.6000000000000014,0
16.5,16.5,0.75,0.8883695170842231,0.05880986884808268,-2.352828186739515,-0.13836951708422307,9.0,7.0,6.0,-0.7000000000000028,0
17.5,17.5,0.8235294117647058,0.915491433145458,0.06752599505272032,-1.3618758421694286,-0.09196202138075216,9.0,8.0,7.0,-0.5,0
17.5,17.5,0.8235294117647058,0.915491433145458,0.06752599505272032,-1.3618758421694286,-0.09196202138075216,9.0,8.0,7.0,0.0,0
17.5,17.5,0.8235294117647058,0.915491433145458,0.06752599505272032,-1.3618758421694286,-0.09196202138075216,9.0,8.0,7.0,-0.3000000000000007,0
17.5,17.5,0.8235294117647058,0.915491433145458,0.06752599505272032,-1.3618758421694286,-0.09196202138075216,9.0,8.0,7.0,-0.6000000000000014,0
17.5,17.5,0.8235294117647058,0.915491433145458,0.06752599505272032,-1.3618758421694286,-0.09196202138075216,9.0,8.0,7.0,-0.7000000000000028,0
17.5,17.5,0.8235294117647058,0.915491433145458,0.06752599505272032,-1.3618758421694286,-0.09196202138075216,9.0,8.0,7.0,-0.8000000000000007,0
17.5,17.5,0.8235294117647058,0.915491433145458,0.06752599505272032,-1.3618758421694286,-0.09196202138075216,9.0,8.0,7.0,-1.0,0
18.5,18.5,0.7777777777777778,0.8662571580724058,0.0784404090993456,-1.127982137147805,-0.08847938029462799,10.0,8.0,7.0,0.0,0
18.5,18.5,0.7777777777777778,0.8662571580724058,0.0784404090993456,-1.127982137147805,-0.08847938029462799,10.0,8.0,7.0,-0.3000000000000007,0
18.5,18.5,0.7777777777777778,0.8662571580724058,0.0784404090993456,-1.127982137147805,-0.08847938029462799,10.0,8.0,7.0,-0.6000000000000014,0
18.5,18.5,0.7777777777777778,0.8662571580724058,0.0784404090993456,-1.127982137147805,-0.08847938029462799,10.0,8.0,7.0,-0.7000000000000028,0
18.5,18.5,0.7777777777777778,0.8662571580724058,0.0784404090993456,-1.127982137147805,-0.08847938029462799,10.0,8.0,7.0,-0.8000000000000007,0
18.5,18.5,0.7777777777777778,0.8662571580724058,0.0784404090993456,-1.127982137147805,-0.08847938029462799,10.0,8.0,7.0,-1.0,0
18.5,18.5,0.7777777777777778,0.8662571580724058,0.0784404090993456,-1.127982137147805,-0.08847938029462799,10.0,8.0,7.0,-0.9000000000000021,0
19.5,19.5,0.7777777777777778,0.8525048160989338,0.07743095506424452,-0.965079641070615,-0.07472703832115601,11.0,7.0,7.0,-0.3000000000000007,0
19.5,19.5,0.7777777777777778,0.8525048160989338,0.07743095506424452,-0.965079641070615,-0.07472703832115601,11.0,7.0,7.0,-0.6000000000000014,0
19.5,19.5,0.7777777777777778,0.8525048160989338,0.07743095506424452,-0.965079641070615,-0.07472703832115601,11.0,7.0,7.0,-0.7000000000000028,0
19.5,19.5,0.7777777777777778,0.8525048160989338,0.07743095506424452,-0.965079641070615,-0.07472703832115601,11.0,7.0,7.0,-0.8000000000000007,0
19.5,19.5,0.7777777777777778,0.8525048160989338,0.07743095506424452,-0.965079641070615,-0.07472703832115601,11.0,7.0,7.0,-1.0,0
19.5,19.5,0.7777777777777778,0.8525048160989338,0.07743095506424452,-0.965079641070615,-0.07472703832115601,11.0,7.0,7.0,-0.9000000000000021,0
19.5,19.5,0.7777777777777778,0.8525048160989338,0.07743095506424452,-0.965079641070615,-0.07472703832115601,11.0,7.0,7.0,-1.0,0
20.5,20.5,0.7058823529411765,0.7948303704465469,0.08734189754588546,-1.0183888832806862,-0.0889480175053704,10.0,7.0,6.0,-0.20000000000000284,0
20.5,20.5,0.7058823529411765,0.7948303704465469,0.08734189754588546,-1.0183888832806862,-0.0889480175053704,10.0,7.0,6.0,-0.3999999999999986,0
20.5,20.5,0.7058823529411765,0.7948303704465469,0.08734189754588546,-1.0183888832806862,-0.0889480175053704,10.0,7.0,6.0,-0.5,0
20.5,20.5,0.7058823529411765,0.7948303704465469,0.08734189754588546,-1.0183888832806862,-0.0889480175053704,10.0,7.0,6.0,-0.9000000000000021,0
20.5,20.5,0.7058823529411765,0.7948303704465469,0.08734189754588546,-1.0183888832806862,-0.0889480175053704,10.0,7.0,6.0,-1.0,0
20.5,20.5,0.7058823529411765,0.7948303704465469,0.08734189754588546,-1.0183888832806862,-0.0889480175053704,10.0,7.0,6.0,-0.8999999999999986,0
21.5,21.5,0.7142857142857143,0.7013142357642357,0.09342845093843319,0.1388386341760763,0.012971478521478619,9.0,5.0,5.0,0.10000000000000142,0
21.5,21.5,0.7142857142857143,0.7013142357642357,0.09342845093843319,0.1388386341760763,0.012971478521478619,9.0,5.0,5.0,-0.10000000000000142,0
21.5,21.5,0.7142857142857143,0.7013142357642357,0.09342845093843319,0.1388386341760763,0.012971478521478619,9.0,5.0,5.0,-0.40000000000000213,0
21.5,21.5,0.7142857142857143,0.7013142357642357,0.09342845093843319,0.1388386341760763,0.012971478521478619,9.0,5.0,5.0,-0.5999999999999979,0
21.5,21.5,0.7142857142857143,0.7013142357642357,0.09342845093843319,0.1388386341760763,0.012971478521478619,9.0,5.0,5.0,-0.8999999999999986,0
22.5,22.5,0.6153846153846154,0.6527932733932732,0.07213123318642044,-0.5186194156971713,-0.03740865800865778,9.0,4.0,4.0,-0.40000000000000213,0
22.5,22.5,0.6153846153846154,0.6527932733932732,0.07213123318642044,-0.5186194156971713,-0.03740865800865778,9.0,4.0,4.0,-0.5999999999999979,0
22.5,22.5,0.6153846153846154,0.6527932733932732,0.07213123318642044,-0.5186194156971713,-0.03740865800865778,9.0,4.0,4.0,-0.8999999999999986,0
22.5,22.5,0.6153846153846154,0.6527932733932732,0.07213123318642044,-0.5186194156971713,-0.03740865800865778,9.0,4.0,4.0,-0.3000000000000007,0
23.5,23.5,0.7142857142857143,0.750672138972139,0.06780304396889447,-0.5366488369330066,-0.03638642468642472,9.0,5.0,5.0,-0.09999999999999787,0
23.5,23.5,0.7142857142857143,0.750672138972139,0.06780304396889447,-0.5366488369330066,-0.03638642468642472,9.0,5.0,5.0,-0.8999999999999986,0
23.5,23.5,0.7142857142857143,0.750672138972139,0.06780304396889447,-0.5366488369330066,-0.03638642468642472,9.0,5.0,5.0,-0.3000000000000007,0
23.5,23.5,0.7142857142857143,0.750672138972139,0.06780304396889447,-0.5366488369330066,-0.03638642468642472,9.0,5.0,5.0,-0.3000000000000007,0
23.5,23.5,0.7142857142857143,0.750672138972139,0.06780304396889447,-0.5366488369330066,-0.03638642468642472,9.0,5.0,5.0,-0.5,0
24.5,24.5,0.7142857142857143,0.7605329476079475,0.06713659593128705,-0.6888528183580583,-0.04624723332223324,9.0,5.0,5.0,-0.8999999999999986,0
24.5,24.5,0.7142857142857143,0.7605329476079475,0.06713659593128705,-0.6888528183580583,-0.04624723332223324,9.0,5.0,5.0,-0.3000000000000007,0
24.5,24.5,0.7142857142857143,0.7605329476079475,0.06713659593128705,-0.6888528183580583,-0.04624723332223324,9.0,5.0,5.0,-0.3000000000000007,0
24.5,24.5,0.7142857142857143,0.7605329476079475,0.06713659593128705,-0.6888528183580583,-0.04624723332223324,9.0,5.0,5.0,-0.5,0
24.5,24.5,0.7142857142857143,0.7605329476079475,0.06713659593128705,-0.6888528183580583,-0.04624723332223324,9.0,5.0,5.0,-0.9000000000000021,0
25.5,25.5,0.9333333333333333,0.8901612412097707,0.05828826898187612,0.7406651952039678,0.043172092123562655,8.0,7.0,7.0,0.10000000000000142,0
25.5,25.5,0.9333333333333333,0.8901612412097707,0.05828826898187612,0.7406651952039678,0.043172092123562655,8.0,7.0,7.0,-0.3000000000000007,0
25.5,25.5,0.9333333333333333,0.8901612412097707,0.05828826898187612,0.7406651952039678,0.043172092123562655,8.0,7.0,7.0,-0.3000000000000007,0
25.5,25.5,0.9333333333333333,0.8901612412097707,0.05828826898187612,0.7406651952039678,0.043172092123562655,8.0,7.0,7.0,-0.5,0
25.5,25.5,0.9333333333333333,0.8901612412097707,0.05828826898187612,0.7406651952039678,0.043172092123562655,8.0,7.0,7.0,-0.9000000000000021,0
25.5,25.5,0.9333333333333333,0.8901612412097707,0.05828826898187612,0.7406651952039678,0.043172092123562655,8.0,7.0,7.0,-0.8000000000000007,0
25.5,25.5,0.9333333333333333,0.8901612412097707,0.05828826898187612,0.7406651952039678,0.043172092123562655,8.0,7.0,7.0,-0.8999999999999986,0
26.5,26.5,0.875,0.8864157765437178,0.06164949624751247,-0.18517225993032277,-0.011415776543717837,9.0,7.0,7.0,-0.3000000000000007,0
26.5,26.5,0.875,0.8864157765437178,0.06164949624751247,-0.18517225993032277,-0.011415776543717837,9.0,7.0,7.0,-0.3000000000000007,0
26.5,26.5,0.875,0.8864157765437178,0.06164949624751247,-0.18517225993032277,-0.011415776543717837,9.0,7.0,7.0,-0.5,0
26.5,26.5,0.875,0.8864157765437178,0.06164949624751247,-0.18517225993032277,-0.011415776543717837,9.0,7.0,7.0,-0.9000000000000021,0
26.5,26.5,0.875,0.8864157765437178,0.06164949624751247,-0.18517225993032277,-0.011415776543717837,9.0,7.0,7.0,-0.8000000000000007,0
26.5,26.5,0.875,0.8864157765437178,0.06164949624751247,-0.18517225993032277,-0.011415776543717837,9.0,7.0,7.0,-0.8999999999999986,0
26.5,26.5,0.875,0.8864157765437178,0.06164949624751247,-0.18517225993032277,-0.011415776543717837,9.0,7.0,7.0,-0.8999999999999986,0
27.5,27.5,0.9411764705882353,0.91699458157082,0.06656528029564748,0.3632808111077155,0.024181889017415248,9.0,8.0,8.0,0.1999999999999993,0
27.5,27.5,0.9411764705882353,0.91699458157082,0.06656528029564748,0.3632808111077155,0.024181889017415248,9.0,8.0,8.0,0.0,0
27.5,27.5,0.9411764705882353,0.91699458157082,0.06656528029564748,0.3632808111077155,0.024181889017415248,9.0,8.0,8.0,-0.3000000000000007,0
27.5,27.5,0.9411764705882353,0.91699458157082,0.06656528029564748,0.3632808111077155,0.024181889017415248,9.0,8.0,8.0,-0.3000000000000007,0
27.5,27.5,0.9411764705882353,0.91699458157082,0.06656528029564748,0.3632808111077155,0.024181889017415248,9.0,8.0,8.0,-0.29999999999999716,0
27.5,27.5,0.9411764705882353,0.91699458157082,0.06656528029564748,0.3632808111077155,0.024181889017415248,9.0,8.0,8.0,-0.3999999999999986,0
27.5,27.5,0.9411764705882353,0.91699458157082,0.06656528029564748,0.3632808111077155,0.024181889017415248,9.0,8.0,8.0,-0.6999999999999993,0
27.5,27.5,0.9411764705882353,0.91699458157082,0.06656528029564748,0.3632808111077155,0.024181889017415248,9.0,8.0,8.0,-0.6999999999999993,0
28.5,28.5,0.875,0.8882271274477157,0.06294298041923077,-0.2101446000748077,-0.013227127447715703,9.0,7.0,7.0,-0.3000000000000007,0
28.5,28.5,0.875,0.8882271274477157,0.06294298041923077,-0.2101446000748077,-0.013227127447715703,9.0,7.0,7.0,-0.3000000000000007,0
28.5,28.5,0.875,0.8882271274477157,0.06294298041923077,-0.2101446000748077,-0.013227127447715703,9.0,7.0,7.0,-0.29999999999999716,0
28.5,28.5,0.875,0.8882271274477157,0.06294298041923077,-0.2101446000748077,-0.013227127447715703,9.0,7.0,7.0,-0.3999999999999986,0
28.5,28.5,0.875,0.8882271274477157,0.06294298041923077,-0.2101446000748077,-0.013227127447715703,9.0,7.0,7.0,-0.6999999999999993,0
28.5,28.5,0.875,0.8882271274477157,0.06294298041923077,-0.2101446000748077,-0.013227127447715703,9.0,7.0,7.0,-0.6999999999999993,0
28.5,28.5,0.875,0.8882271274477157,0.06294298041923077,-0.2101446000748077,-0.013227127447715703,9.0,7.0,7.0,-0.9000000000000021,0
29.5,29.5,0.8235294117647058,0.8599120942782709,0.07677788735253736,-0.47386928408837814,-0.03638268251356502,10.0,7.0,7.0,-0.3000000000000007,0
29.5,29.5,0.8235294117647058,0.8599120942782709,0.07677788735253736,-0.47386928408837814,-0.03638268251356502,10.0,7.0,7.0,-0.29999999999999716,0
29.5,29.5,0.8235294117647058,0.8599120942782709,0.07677788735253736,-0.47386928408837814,-0.03638268251356502,10.0,7.0,7.0,-0.3999999999999986,0
29.5,29.5,0.8235294117647058,0.8599120942782709,0.07677788735253736,-0.47386928408837814,-0.03638268251356502,10.0,7.0,7.0,-0.6999999999999993,0
29.5,29.5,0.8235294117647058,0.8599120942782709,0.07677788735253736,-0.47386928408837814,-0.03638268251356502,10.0,7.0,7.0,-0.6999999999999993,0
29.5,29.5,0.8235294117647058,0.8599120942782709,0.07677788735253736,-0.47386928408837814,-0.03638268251356502,10.0,7.0,7.0,-0.9000000000000021,0
29.5,29.5,0.8235294117647058,0.8599120942782709,0.07677788735253736,-0.47386928408837814,-0.03638268251356502,10.0,7.0,7.0,-0.8999999999999986,0
30.5,30.5,0.8571428571428571,0.8235809876398112,0.0741880116637258,0.4523893921725889,0.03356186950304585,8.0,6.0,6.0,-0.3999999999999986,0
30.5,30.5,0.8571428571428571,0.8235809876398112,0.0741880116637258,0.4523893921725889,0.03356186950304585,8.0,6.0,6.0,-0.6999999999999993,0
30.5,30.5,0.8571428571428571,0.8235809876398112,0.0741880116637258,0.4523893921725889,0.03356186950304585,8.0,6.0,6.0,-0.6999999999999993,0
30.5,30.5,0.8571428571428571,0.8235809876398112,0.0741880116637258,0.4523893921725889,0.03356186950304585,8.0,6.0,6.0,-0.9000000000000021,0
30.5,30.5,0.8571428571428571,0.8235809876398112,0.0741880116637258,0.4523893921725889,0.03356186950304585,8.0,6.0,6.0,-0.8999999999999986,0
30.5,30.5,0.8571428571428571,0.8235809876398112,0.0741880116637258,0.4523893921725889,0.03356186950304585,8.0,6.0,6.0,-0.7000000000000028,0
31.5,31.5,0.8333333333333334,0.7095057664557665,0.09988406045039072,1.239712986428582,0.12382756687756691,7.0,5.0,5.0,-0.1999999999999993,0
31.5,31.5,0.8333333333333334,0.7095057664557665,0.09988406045039072,1.239712986428582,0.12382756687756691,7.0,5.0,5.0,-0.1999999999999993,0
31.5,31.5,0.8333333333333334,0.7095057664557665,0.09988406045039072,1.239712986428582,0.12382756687756691,7.0,5.0,5.0,-0.3000000000000007,0
31.5,31.5,0.8333333333333334,0.7095057664557665,0.09988406045039072,1.239712986428582,0.12382756687756691,7.0,5.0,5.0,-0.5,0
31.5,31.5,0.8333333333333334,0.7095057664557665,0.09988406045039072,1.239712986428582,0.12382756687756691,7.0,5.0,5.0,-0.7000000000000028,0
32.5,32.5,0.8,0.6471501665001665,0.0801665266441174,1.90665405997167,0.1528498334998335,6.0,4.0,4.0,-0.3000000000000007,0
32.5,32.5,0.8,0.6471501665001665,0.0801665266441174,1.90665405997167,0.1528498334998335,6.0,4.0,4.0,-0.5,0
32.5,32.5,0.8,0.6471501665001665,0.0801665266441174,1.90665405997167,0.1528498334998335,6.0,4.0,4.0,-0.7000000000000028,0
32.5,32.5,0.8,0.6471501665001665,0.0801665266441174,1.90665405997167,0.1528498334998335,6.0,4.0,4.0,-1.0,0
33.5,33.5,0.8,0.6429596903096902,0.0782212574343731,2.0076423576041993,0.1570403096903098,6.0,4.0,4.0,0.1999999999999993,0
33.5,33.5,0.8,0.6429596903096902,0.0782212574343731,2.0076423576041993,0.1570403096903098,6.0,4.0,4.0,-0.20000000000000284,0
33.5,33.5,0.8,0.6429596903096902,0.0782212574343731,2.0076423576041993,0.1570403096903098,6.0,4.0,4.0,-1.0,0
33.5,33.5,0.8,0.6429596903096902,0.0782212574343731,2.0076423576041993,0.1570403096903098,6.0,4.0,4.0,-0.7999999999999972,0
34.5,34.5,0.7272727272727273,0.7432978354978355,0.07247231554530759,-0.22112041135334956,-0.016025108225108164,6.0,5.0,4.0,-1.0,0
34.5,34.5,0.7272727272727273,0.7432978354978355,0.07247231554530759,-0.22112041135334956,-0.016025108225108164,6.0,5.0,4.0,-0.7999999999999972,0
34.5,34.5,0.7272727272727273,0.7432978354978355,0.07247231554530759,-0.22112041135334956,-0.016025108225108164,6.0,5.0,4.0,-0.6999999999999957,0
34.5,34.5,0.7272727272727273,0.7432978354978355,0.07247231554530759,-0.22112041135334956,-0.016025108225108164,6.0,5.0,4.0,-0.6000000000000014,0
35.5,35.5,0.8333333333333334,0.7486084498834499,0.07025927885083379,1.2058888852212868,0.08472488344988349,7.0,5.0,5.0,-1.0,0
35.5,35.5,0.8333333333333334,0.7486084498834499,0.07025927885083379,1.2058888852212868,0.08472488344988349,7.0,5.0,5.0,-0.7999999999999972,0
35.5,35.5,0.8333333333333334,0.7486084498834499,0.07025927885083379,1.2058888852212868,0.08472488344988349,7.0,5.0,5.0,-0.6999999999999957,0
35.5,35.5,0.8333333333333334,0.7486084498834499,0.07025927885083379,1.2058888852212868,0.08472488344988349,7.0,5.0,5.0,-0.6000000000000014,0
35.5,35.5,0.8333333333333334,0.7486084498834499,0.07025927885083379,1.2058888852212868,0.08472488344988349,7.0,5.0,5.0,-0.7000000000000028,0
36.5,36.5,0.9333333333333333,0.8949631156425275,0.05884845367566447,0.6520174328161324,0.03837021769080584,8.0,7.0,7.0,-0.09999999999999432,0
36.5,36.5,0.9333333333333333,0.8949631156425275,0.05884845367566447,0.6520174328161324,0.03837021769080584,8.0,7.0,7.0,-0.3999999999999986,0
36.5,36.5,0.9333333333333333,0.8949631156425275,0.05884845367566447,0.6520174328161324,0.03837021769080584,8.0,7.0,7.0,-0.6999999999999957,0
36.5,36.5,0.9333333333333333,0.8949631156425275,0.05884845367566447,0.6520174328161324,0.03837021769080584,8.0,7.0,7.0,-0.6000000000000014,0
36.5,36.5,0.9333333333333333,0.8949631156425275,0.05884845367566447,0.6520174328161324,0.03837021769080584,8.0,7.0,7.0,-0.7000000000000028,0
36.5,36.5,0.9333333333333333,0.8949631156425275,0.05884845367566447,0.6520174328161324,0.03837021769080584,8.0,7.0,7.0,-0.5,0
36.5,36.5,0.9333333333333333,0.8949631156425275,0.05884845367566447,0.6520174328161324,0.03837021769080584,8.0,7.0,7.0,-0.6999999999999957,0
37.5,37.5,1.0,0.9302431621096483,0.059882997359682374,1.164885542908998,0.0697568378903517,8.0,8.0,8.0,-0.3999999999999986,0
37.5,37.5,1.0,0.9302431621096483,0.059882997359682374,1.164885542908998,0.0697568378903517,8.0,8.0,8.0,-0.6999999999999957,0
37.5,37.5,1.0,0.9302431621096483,0.059882997359682374,1.164885542908998,0.0697568378903517,8.0,8.0,8.0,-0.6000000000000014,0
37.5,37.5,1.0,0.9302431621096483,0.059882997359682374,1.164885542908998,0.0697568378903517,8.0,8.0,8.0,-0.7000000000000028,0
37.5,37.5,1.0,0.9302431621096483,0.059882997359682374,1.164885542908998,0.0697568378903517,8.0,8.0,8.0,-0.5,0
37.5,37.5,1.0,0.9302431621096483,0.059882997359682374,1.164885542908998,0.0697568378903517,8.0,8.0,8.0,-0.6999999999999957,0
37.5,37.5,1.0,0.9302431621096483,0.059882997359682374,1.164885542908998,0.0697568378903517,8.0,8.0,8.0,-0.6000000000000014,0
37.5,37.5,1.0,0.9302431621096483,0.059882997359682374,1.164885542908998,0.0697568378903517,8.0,8.0,8.0,-0.3999999999999986,0
38.5,38.5,1.0,0.909769287472074,0.0694291658941074,1.299608188661591,0.09023071252792603,8.0,8.0,8.0,0.10000000000000142,0
38.5,38.5,1.0,0.909769287472074,0.0694291658941074,1.299608188661591,0.09023071252792603,8.0,8.0,8.0,-0.10000000000000142,0
38.5,38.5,1.0,0.909769287472074,0.0694291658941074,1.299608188661591,0.09023071252792603,8.0,8.0,8.0,0.0,0
38.5,38.5,1.0,0.909769287472074,0.0694291658941074,1.299608188661591,0.09023071252792603,8.0,8.0,8.0,0.0,0
38.5,38.5,1.0,0.909769287472074,0.0694291658941074,1.299608188661591,0.09023071252792603,8.0,8.0,8.0,0.10000000000000142,0
38.5,38.5,1.0,0.909769287472074,0.0694291658941074,1.299608188661591,0.09023071252792603,8.0,8.0,8.0,0.10000000000000142,0
38.5,38.5,1.0,0.909769287472074,0.0694291658941074,1.299608188661591,0.09023071252792603,8.0,8.0,8.0,0.10000000000000142,0
38.5,38.5,1.0,0.909769287472074,0.0694291658941074,1.299608188661591,0.09023071252792603,8.0,8.0,8.0,0.0,0
39.5,39.5,0.8888888888888888,0.8913340063960806,0.07030066016377297,-0.03478086125358738,-0.0024451175071917852,9.0,9.0,8.0,0.0,0
39.5,39.5,0.8888888888888888,0.8913340063960806,0.07030066016377297,-0.03478086125358738,-0.0024451175071917852,9.0,9.0,8.0,0.0,0
39.5,39.5,0.8888888888888888,0.8913340063960806,0.07030066016377297,-0.03478086125358738,-0.0024451175071917852,9.0,9.0,8.0,0.10000000000000142,0
39.5,39.5,0.8888888888888888,0.8913340063960806,0.07030066016377297,-0.03478086125358738,-0.0024451175071917852,9.0,9.0,8.0,0.10000000000000142,0
39.5,39.5,0.8888888888888888,0.8913340063960806,0.07030066016377297,-0.03478086125358738,-0.0024451175071917852,9.0,9.0,8.0,0.10000000000000142,0
39.5,39.5,0.8888888888888888,0.8913340063960806,0.07030066016377297,-0.03478086125358738,-0.0024451175071917852,9.0,9.0,8.0,0.0,0
39.5,39.5,0.8888888888888888,0.8913340063960806,0.07030066016377297,-0.03478086125358738,-0.0024451175071917852,9.0,9.0,8.0,0.0,0
39.5,39.5,0.8888888888888888,0.8913340063960806,0.07030066016377297,-0.03478086125358738,-0.0024451175071917852,9.0,9.0,8.0,-0.29999999999999716,0
40.5,40.5,0.9411764705882353,0.8844434500655863,0.0767205737666493,0.7394759676225334,0.05673302052264895,9.0,8.0,8.0,0.0,0
40.5,40.5,0.9411764705882353,0.8844434500655863,0.0767205737666493,0.7394759676225334,0.05673302052264895,9.0,8.0,8.0,0.10000000000000142,0
40.5,40.5,0.9411764705882353,0.8844434500655863,0.0767205737666493,0.7394759676225334,0.05673302052264895,9.0,8.0,8.0,0.10000000000000142,0
40.5,40.5,0.9411764705882353,0.8844434500655863,0.0767205737666493,0.7394759676225334,0.05673302052264895,9.0,8.0,8.0,0.10000000000000142,0
40.5,40.5,0.9411764705882353,0.8844434500655863,0.0767205737666493,0.7394759676225334,0.05673302052264895,9.0,8.0,8.0,0.0,0
40.5,40.5,0.9411764705882353,0.8844434500655863,0.0767205737666493,0.7394759676225334,0.05673302052264895,9.0,8.0,8.0,0.0,0
40.5,40.5,0.9411764705882353,0.8844434500655863,0.0767205737666493,0.7394759676225334,0.05673302052264895,9.0,8.0,8.0,-0.29999999999999716,0
40.5,40.5,0.9411764705882353,0.8844434500655863,0.0767205737666493,0.7394759676225334,0.05673302052264895,9.0,8.0,8.0,-0.5,0
41.5,41.5,0.9411764705882353,0.9124533441446756,0.06771912003266442,0.42415091084622825,0.028723126443559677,9.0,8.0,8.0,0.10000000000000142,0
41.5,41.5,0.9411764705882353,0.9124533441446756,0.06771912003266442,0.42415091084622825,0.028723126443559677,9.0,8.0,8.0,0.10000000000000142,0
41.5,41.5,0.9411764705882353,0.9124533441446756,0.06771912003266442,0.42415091084622825,0.028723126443559677,9.0,8.0,8.0,0.0,0
41.5,41.5,0.9411764705882353,0.9124533441446756,0.06771912003266442,0.42415091084622825,0.028723126443559677,9.0,8.0,8.0,0.0,0
41.5,41.5,0.9411764705882353,0.9124533441446756,0.06771912003266442,0.42415091084622825,0.028723126443559677,9.0,8.0,8.0,-0.29999999999999716,0
41.5,41.5,0.9411764705882353,0.9124533441446756,0.06771912003266442,0.42415091084622825,0.028723126443559677,9.0,8.0,8.0,-0.5,0
41.5,41.5,0.9411764705882353,0.9124533441446756,0.06771912003266442,0.42415091084622825,0.028723126443559677,9.0,8.0,8.0,-0.5,0
41.5,41.5,0.9411764705882353,0.9124533441446756,0.06771912003266442,0.42415091084622825,0.028723126443559677,9.0,8.0,8.0,-0.8999999999999986,0
42.5,42.5,0.8235294117647058,0.7983748036277448,0.09354060823934135,0.26891644827237166,0.02515460813696102,10.0,7.0,7.0,0.10000000000000142,0
42.5,42.5,0.8235294117647058,0.7983748036277448,0.09354060823934135,0.26891644827237166,0.02515460813696102,10.0,7.0,7.0,0.0,0
42.5,42.5,0.8235294117647058,0.7983748036277448,0.09354060823934135,0.26891644827237166,0.02515460813696102,10.0,7.0,7.0,0.0,0
42.5,42.5,0.8235294117647058,0.7983748036277448,0.09354060823934135,0.26891644827237166,0.02515460813696102,10.0,7.0,7.0,-0.29999999999999716,0
42.5,42.5,0.8235294117647058,0.7983748036277448,0.09354060823934135,0.26891644827237166,0.02515460813696102,10.0,7.0,7.0,-0.5,0
42.5,42.5,0.8235294117647058,0.7983748036277448,0.09354060823934135,0.26891644827237166,0.02515460813696102,10.0,7.0,7.0,-0.5,0
42.5,42.5,0.8235294117647058,0.7983748036277448,0.09354060823934135,0.26891644827237166,0.02515460813696102,10.0,7.0,7.0,-0.8999999999999986,0
43.5,43.5,0.7692307692307693,0.6905300782550783,0.10146868523424998,0.775615558573594,0.07870069097569099,8.0,5.0,5.0,0.0,0
43.5,43.5,0.7692307692307693,0.6905300782550783,0.10146868523424998,0.775615558573594,0.07870069097569099,8.0,5.0,5.0,-0.29999999999999716,0
43.5,43.5,0.7692307692307693,0.6905300782550783,0.10146868523424998,0.775615558573594,0.07870069097569099,8.0,5.0,5.0,-0.5,0
43.5,43.5,0.7692307692307693,0.6905300782550783,0.10146868523424998,0.775615558573594,0.07870069097569099,8.0,5.0,5.0,-0.5,0
43.5,43.5,0.7692307692307693,0.6905300782550783,0.10146868523424998,0.775615558573594,0.07870069097569099,8.0,5.0,5.0,-0.8999999999999986,0
44.5,44.5,0.7692307692307693,0.7381210900210899,0.07592299260995948,0.4097530687376831,0.03110967920967933,8.0,5.0,5.0,-0.5,0
44.5,44.5,0.7692307692307693,0.7381210900210899,0.07592299260995948,0.4097530687376831,0.03110967920967933,8.0,5.0,5.0,-0.5,0
44.5,44.5,0.7692307692307693,0.7381210900210899,0.07592299260995948,0.4097530687376831,0.03110967920967933,8.0,5.0,5.0,-0.8999999999999986,0
44.5,44.5,0.7692307692307693,0.7381210900210899,0.07592299260995948,0.4097530687376831,0.03110967920967933,8.0,5.0,5.0,0.10000000000000142,0
44.5,44.5,0.7692307692307693,0.7381210900210899,0.07592299260995948,0.4097530687376831,0.03110967920967933,8.0,5.0,5.0,0.10000000000000142,0
45.5,45.5,0.8333333333333334,0.7328612221112221,0.07829915290238058,1.2831826079571365,0.1004721112221113,7.0,5.0,5.0,0.0,0
45.5,45.5,0.8333333333333334,0.7328612221112221,0.07829915290238058,1.2831826079571365,0.1004721112221113,7.0,5.0,5.0,-0.29999999999999716,0
45.5,45.5,0.8333333333333334,0.7328612221112221,0.07829915290238058,1.2831826079571365,0.1004721112221113,7.0,5.0,5.0,0.10000000000000142,0
45.5,45.5,0.8333333333333334,0.7328612221112221,0.07829915290238058,1.2831826079571365,0.1004721112221113,7.0,5.0,5.0,0.10000000000000142,0
45.5,45.5,0.8333333333333334,0.7328612221112221,0.07829915290238058,1.2831826079571365,0.1004721112221113,7.0,5.0,5.0,-0.10000000000000142,0
46.5,46.5,0.9230769230769231,0.8228646696440814,0.06939777842598924,1.4440268219783896,0.10021225343284168,7.0,6.0,6.0,0.20000000000000284,0
46.5,46.5,0.9230769230769231,0.8228646696440814,0.06939777842598924,1.4440268219783896,0.10021225343284168,7.0,6.0,6.0,0.10000000000000142,0
46.5,46.5,0.9230769230769231,0.8228646696440814,0.06939777842598924,1.4440268219783896,0.10021225343284168,7.0,6.0,6.0,0.10000000000000142,0
46.5,46.5,0.9230769230769231,0.8228646696440814,0.06939777842598924,1.4440268219783896,0.10021225343284168,7.0,6.0,6.0,-0.10000000000000142,0
46.5,46.5,0.9230769230769231,0.8228646696440814,0.06939777842598924,1.4440268219783896,0.10021225343284168,7.0,6.0,6.0,-0.10000000000000142,0
46.5,46.5,0.9230769230769231,0.8228646696440814,0.06939777842598924,1.4440268219783896,0.10021225343284168,7.0,6.0,6.0,-0.19999999999999574,0
47.5,47.5,0.8571428571428571,0.8269599527923058,0.07142573404520018,0.4225774471068185,0.030182904350551265,8.0,6.0,6.0,0.10000000000000142,0
47.5,47.5,0.8571428571428571,0.8269599527923058,0.07142573404520018,0.4225774471068185,0.030182904350551265,8.0,6.0,6.0,0.10000000000000142,0
47.5,47.5,0.8571428571428571,0.8269599527923058,0.07142573404520018,0.4225774471068185,0.030182904350551265,8.0,6.0,6.0,-0.10000000000000142,0
47.5,47.5,0.8571428571428571,0.8269599527923058,0.07142573404520018,0.4225774471068185,0.030182904350551265,8.0,6.0,6.0,-0.10000000000000142,0
47.5,47.5,0.8571428571428571,0.8269599527923058,0.07142573404520018,0.4225774471068185,0.030182904350551265,8.0,6.0,6.0,-0.19999999999999574,0
47.5,47.5,0.8571428571428571,0.8269599527923058,0.07142573404520018,0.4225774471068185,0.030182904350551265,8.0,6.0,6.0,-0.29999999999999716,0
48.5,48.5,0.9411764705882353,0.9025697566881004,0.07438923281725371,0.5189825521520979,0.038606713900134926,9.0,8.0,8.0,0.10000000000000142,0
48.5,48.5,0.9411764705882353,0.9025697566881004,0.07438923281725371,0.5189825521520979,0.038606713900134926,9.0,8.0,8.0,0.10000000000000142,0
48.5,48.5,0.9411764705882353,0.9025697566881004,0.07438923281725371,0.5189825521520979,0.038606713900134926,9.0,8.0,8.0,-0.10000000000000142,0
48.5,48.5,0.9411764705882353,0.9025697566881004,0.07438923281725371,0.5189825521520979,0.038606713900134926,9.0,8.0,8.0,-0.10000000000000142,0
48.5,48.5,0.9411764705882353,0.9025697566881004,0.07438923281725371,0.5189825521520979,0.038606713900134926,9.0,8.0,8.0,-0.19999999999999574,0
48.5,48.5,0.9411764705882353,0.9025697566881004,0.07438923281725371,0.5189825521520979,0.038606713900134926,9.0,8.0,8.0,-0.29999999999999716,0
48.5,48.5,0.9411764705882353,0.9025697566881004,0.07438923281725371,0.5189825521520979,0.038606713900134926,9.0,8.0,8.0,-0.5999999999999943,0
48.5,48.5,0.9411764705882353,0.9025697566881004,0.07438923281725371,0.5189825521520979,0.038606713900134926,9.0,8.0,8.0,-0.7999999999999972,0
49.5,49.5,0.8235294117647058,0.8785332220067515,0.06653612496379173,-0.8266758888044383,-0.0550038102420457,10.0,7.0,7.0,-0.6000000000000014,0
49.5,49.5,0.8235294117647058,0.8785332220067515,0.06653612496379173,-0.8266758888044383,-0.0550038102420457,10.0,7.0,7.0,-0.7000000000000028,0
49.5,49.5,0.8235294117647058,0.8785332220067515,0.06653612496379173,-0.8266758888044383,-0.0550038102420457,10.0,7.0,7.0,-0.6999999999999957,0
49.5,49.5,0.8235294117647058,0.8785332220067515,0.06653612496379173,-0.8266758888044383,-0.0550038102420457,10.0,7.0,7.0,-0.7999999999999972,0
49.5,49.5,0.8235294117647058,0.8785332220067515,0.06653612496379173,-0.8266758888044383,-0.0550038102420457,10.0,7.0,7.0,-0.5999999999999943,0
49.5,49.5,0.8235294117647058,0.8785332220067515,0.06653612496379173,-0.8266758888044383,-0.0550038102420457,10.0,7.0,7.0,-0.7999999999999972,0
49.5,49.5,0.8235294117647058,0.8785332220067515,0.06653612496379173,-0.8266758888044383,-0.0550038102420457,10.0,7.0,7.0,-0.7000000000000028,0
50.5,50.5,0.875,0.9029275241270598,0.06897356836492188,-0.4049018310797297,-0.02792752412705979,8.0,8.0,7.0,-0.10000000000000142,0
50.5,50.5,0.875,0.9029275241270598,0.06897356836492188,-0.4049018310797297,-0.02792752412705979,8.0,8.0,7.0,-0.19999999999999574,0
50.5,50.5,0.875,0.9029275241270598,0.06897356836492188,-0.4049018310797297,-0.02792752412705979,8.0,8.0,7.0,-0.29999999999999716,0
50.5,50.5,0.875,0.9029275241270598,0.06897356836492188,-0.4049018310797297,-0.02792752412705979,8.0,8.0,7.0,-0.5999999999999943,0
50.5,50.5,0.875,0.9029275241270598,0.06897356836492188,-0.4049018310797297,-0.02792752412705979,8.0,8.0,7.0,-0.7999999999999972,0
50.5,50.5,0.875,0.9029275241270598,0.06897356836492188,-0.4049018310797297,-0.02792752412705979,8.0,8.0,7.0,-0.7000000000000028,0
50.5,50.5,0.875,0.9029275241270598,0.06897356836492188,-0.4049018310797297,-0.02792752412705979,8.0,8.0,7.0,-0.8000000000000043,0
51.5,51.5,0.9333333333333333,0.8849112756524523,0.06403427005617778,0.7561897346280356,0.04842205768088104,8.0,7.0,7.0,-0.29999999999999716,0
51.5,51.5,0.9333333333333333,0.8849112756524523,0.06403427005617778,0.7561897346280356,0.04842205768088104,8.0,7.0,7.0,-0.5999999999999943,0
51.5,51.5,0.9333333333333333,0.8849112756524523,0.06403427005617778,0.7561897346280356,0.04842205768088104,8.0,7.0,7.0,-0.7999999999999972,0
51.5,51.5,0.9333333333333333,0.8849112756524523,0.06403427005617778,0.7561897346280356,0.04842205768088104,8.0,7.0,7.0,-0.7000000000000028,0
51.5,51.5,0.9333333333333333,0.8849112756524523,0.06403427005617778,0.7561897346280356,0.04842205768088104,8.0,7.0,7.0,-0.8000000000000043,0
51.5,51.5,0.9333333333333333,0.8849112756524523,0.06403427005617778,0.7561897346280356,0.04842205768088104,8.0,7.0,7.0,0.20000000000000284,0
51.5,51.5,0.9333333333333333,0.8849112756524523,0.06403427005617778,0.7561897346280356,0.04842205768088104,8.0,7.0,7.0,0.29999999999999716,0
52.5,52.5,1.0,0.9088565107149473,0.06752727183333596,1.349728588325083,0.09114348928505267,8.0,8.0,8.0,-0.19999999999999574,0
52.5,52.5,1.0,0.9088565107149473,0.06752727183333596,1.349728588325083,0.09114348928505267,8.0,8.0,8.0,-0.10000000000000142,0
52.5,52.5,1.0,0.9088565107149473,0.06752727183333596,1.349728588325083,0.09114348928505267,8.0,8.0,8.0,-0.10000000000000142,0
52.5,52.5,1.0,0.9088565107149473,0.06752727183333596,1.349728588325083,0.09114348928505267,8.0,8.0,8.0,-0.4000000000000057,0
52.5,52.5,1.0,0.9088565107149473,0.06752727183333596,1.349728588325083,0.09114348928505267,8.0,8.0,8.0,0.20000000000000284,0
52.5,52.5,1.0,0.9088565107149473,0.06752727183333596,1.349728588325083,0.09114348928505267,8.0,8.0,8.0,0.29999999999999716,0
52.5,52.5,1.0,0.9088565107149473,0.06752727183333596,1.349728588325083,0.09114348928505267,8.0,8.0,8.0,0.10000000000000142,0
52.5,52.5,1.0,0.9088565107149473,0.06752727183333596,1.349728588325083,0.09114348928505267,8.0,8.0,8.0,-0.10000000000000142,0
53.5,53.5,0.9333333333333333,0.8853146423837602,0.060238686708442464,0.7971404021801705,0.04801869094957312,8.0,7.0,7.0,-0.10000000000000142,0
53.5,53.5,0.9333333333333333,0.8853146423837602,0.060238686708442464,0.7971404021801705,0.04801869094957312,8.0,7.0,7.0,-0.4000000000000057,0
53.5,53.5,0.9333333333333333,0.8853146423837602,0.060238686708442464,0.7971404021801705,0.04801869094957312,8.0,7.0,7.0,0.20000000000000284,0
53.5,53.5,0.9333333333333333,0.8853146423837602,0.060238686708442464,0.7971404021801705,0.04801869094957312,8.0,7.0,7.0,0.29999999999999716,0
53.5,53.5,0.9333333333333333,0.8853146423837602,0.060238686708442464,0.7971404021801705,0.04801869094957312,8.0,7.0,7.0,0.10000000000000142,0
53.5,53.5,0.9333333333333333,0.8853146423837602,0.060238686708442464,0.7971404021801705,0.04801869094957312,8.0,7.0,7.0,-0.10000000000000142,0
53.5,53.5,0.9333333333333333,0.8853146423837602,0.060238686708442464,0.7971404021801705,0.04801869094957312,8.0,7.0,7.0,0.0,0
54.5,54.5,0.7142857142857143,0.7827811169222935,0.08590655537135179,-0.7973245154632411,-0.06849540263657916,8.0,6.0,5.0,0.20000000000000284,0
54.5,54.5,0.7142857142857143,0.7827811169222935,0.08590655537135179,-0.7973245154632411,-0.06849540263657916,8.0,6.0,5.0,0.29999999999999716,0
54.5,54.5,0.7142857142857143,0.7827811169222935,0.08590655537135179,-0.7973245154632411,-0.06849540263657916,8.0,6.0,5.0,0.10000000000000142,0
54.5,54.5,0.7142857142857143,0.7827811169222935,0.08590655537135179,-0.7973245154632411,-0.06849540263657916,8.0,6.0,5.0,-0.10000000000000142,0
54.5,54.5,0.7142857142857143,0.7827811169222935,0.08590655537135179,-0.7973245154632411,-0.06849540263657916,8.0,6.0,5.0,0.0,0
55.5,55.5,0.8,0.8128205598323245,0.06855023770227942,-0.18702429432856854,-0.01282055983232444,9.0,6.0,6.0,-0.5,0
55.5,55.5,0.8,0.8128205598323245,0.06855023770227942,-0.18702429432856854,-0.01282055983232444,9.0,6.0,6.0,-0.3999999999999986,0
55.5,55.5,0.8,0.8128205598323245,0.06855023770227942,-0.18702429432856854,-0.01282055983232444,9.0,6.0,6.0,-0.5,0
55.5,55.5,0.8,0.8128205598323245,0.06855023770227942,-0.18702429432856854,-0.01282055983232444,9.0,6.0,6.0,-0.8000000000000043,0
55.5,55.5,0.8,0.8128205598323245,0.06855023770227942,-0.18702429432856854,-0.01282055983232444,9.0,6.0,6.0,-0.8999999999999986,0
55.5,55.5,0.8,0.8128205598323245,0.06855023770227942,-0.18702429432856854,-0.01282055983232444,9.0,6.0,6.0,-0.3999999999999986,0
56.5,56.5,0.8,0.8042356839239193,0.07374117817573426,-0.05743987319846058,-0.0042356839239192645,9.0,6.0,6.0,0.10000000000000142,0
56.5,56.5,0.8,0.8042356839239193,0.07374117817573426,-0.05743987319846058,-0.0042356839239192645,9.0,6.0,6.0,-0.10000000000000142,0
56.5,56.5,0.8,0.8042356839239193,0.07374117817573426,-0.05743987319846058,-0.0042356839239192645,9.0,6.0,6.0,0.0,0
56.5,56.5,0.8,0.8042356839239193,0.07374117817573426,-0.05743987319846058,-0.0042356839239192645,9.0,6.0,6.0,-0.8999999999999986,0
56.5,56.5,0.8,0.8042356839239193,0.07374117817573426,-0.05743987319846058,-0.0042356839239192645,9.0,6.0,6.0,-0.3999999999999986,0
56.5,56.5,0.8,0.8042356839239193,0.07374117817573426,-0.05743987319846058,-0.0042356839239192645,9.0,6.0,6.0,-0.6000000000000014,0
57.5,57.5,0.8,0.8193719084836733,0.06792344532231322,-0.28520208878905956,-0.019371908483673206,9.0,6.0,6.0,0.0,0
57.5,57.5,0.8,0.8193719084836733,0.06792344532231322,-0.28520208878905956,-0.019371908483673206,9.0,6.0,6.0,-0.8999999999999986,0
57.5,57.5,0.8,0.8193719084836733,0.06792344532231322,-0.28520208878905956,-0.019371908483673206,9.0,6.0,6.0,-0.3999999999999986,0
57.5,57.5,0.8,0.8193719084836733,0.06792344532231322,-0.28520208878905956,-0.019371908483673206,9.0,6.0,6.0,-0.6000000000000014,0
57.5,57.5,0.8,0.8193719084836733,0.06792344532231322,-0.28520208878905956,-0.019371908483673206,9.0,6.0,6.0,-0.6999999999999957,0
57.5,57.5,0.8,0.8193719084836733,0.06792344532231322,-0.28520208878905956,-0.019371908483673206,9.0,6.0,6.0,-0.7999999999999972,0
58.5,58.5,0.8235294117647058,0.8651221913707209,0.07249558860718083,-0.5737284213441808,-0.04159277960601504,10.0,7.0,7.0,-0.8999999999999986,0
58.5,58.5,0.8235294117647058,0.8651221913707209,0.07249558860718083,-0.5737284213441808,-0.04159277960601504,10.0,7.0,7.0,-0.3999999999999986,0
58.5,58.5,0.8235294117647058,0.8651221913707209,0.07249558860718083,-0.5737284213441808,-0.04159277960601504,10.0,7.0,7.0,-0.6000000000000014,0
58.5,58.5,0.8235294117647058,0.8651221913707209,0.07249558860718083,-0.5737284213441808,-0.04159277960601504,10.0,7.0,7.0,-0.6999999999999957,0
58.5,58.5,0.8235294117647058,0.8651221913707209,0.07249558860718083,-0.5737284213441808,-0.04159277960601504,10.0,7.0,7.0,-0.7999999999999972,0
58.5,58.5,0.8235294117647058,0.8651221913707209,0.07249558860718083,-0.5737284213441808,-0.04159277960601504,10.0,7.0,7.0,-0.7999999999999972,0
58.5,58.5,0.8235294117647058,0.8651221913707209,0.07249558860718083,-0.5737284213441808,-0.04159277960601504,10.0,7.0,7.0,-0.8999999999999986,0
59.5,59.5,0.9411764705882353,0.9119991029610226,0.06748985654216073,0.43232226473893387,0.02917736762721268,9.0,8.0,8.0,0.20000000000000284,0
59.5,59.5,0.9411764705882353,0.9119991029610226,0.06748985654216073,0.43232226473893387,0.02917736762721268,9.0,8.0,8.0,0.29999999999999716,0
59.5,59.5,0.9411764705882353,0.9119991029610226,0.06748985654216073,0.43232226473893387,0.02917736762721268,9.0,8.0,8.0,-0.19999999999999574,0
59.5,59.5,0.9411764705882353,0.9119991029610226,0.06748985654216073,0.43232226473893387,0.02917736762721268,9.0,8.0,8.0,-0.19999999999999574,0
59.5,59.5,0.9411764705882353,0.9119991029610226,0.06748985654216073,0.43232226473893387,0.02917736762721268,9.0,8.0,8.0,-0.29999999999999716,0
59.5,59.5,0.9411764705882353,0.9119991029610226,0.06748985654216073,0.43232226473893387,0.02917736762721268,9.0,8.0,8.0,-0.3999999999999986,0
59.5,59.5,0.9411764705882353,0.9119991029610226,0.06748985654216073,0.43232226473893387,0.02917736762721268,9.0,8.0,8.0,-0.3999999999999986,0
59.5,59.5,0.9411764705882353,0.9119991029610226,0.06748985654216073,0.43232226473893387,0.02917736762721268,9.0,8.0,8.0,-0.3999999999999986,0
60.5,60.5,1.0,0.8949301327413557,0.07966394969037054,1.3189136073094396,0.10506986725864431,9.0,9.0,9.0,0.29999999999999716,0
60.5,60.5,1.0,0.8949301327413557,0.07966394969037054,1.3189136073094396,0.10506986725864431,9.0,9.0,9.0,-0.19999999999999574,0
60.5,60.5,1.0,0.8949301327413557,0.07966394969037054,1.3189136073094396,0.10506986725864431,9.0,9.0,9.0,-0.19999999999999574,0
60.5,60.5,1.0,0.8949301327413557,0.07966394969037054,1.3189136073094396,0.10506986725864431,9.0,9.0,9.0,-0.29999999999999716,0
60.5,60.5,1.0,0.8949301327413557,0.07966394969037054,1.3189136073094396,0.10506986725864431,9.0,9.0,9.0,-0.3999999999999986,0
60.5,60.5,1.0,0.8949301327413557,0.07966394969037054,1.3189136073094396,0.10506986725864431,9.0,9.0,9.0,-0.3999999999999986,0
60.5,60.5,1.0,0.8949301327413557,0.07966394969037054,1.3189136073094396,0.10506986725864431,9.0,9.0,9.0,-0.3999999999999986,0
60.5,60.5,1.0,0.8949301327413557,0.07966394969037054,1.3189136073094396,0.10506986725864431,9.0,9.0,9.0,-0.5,0
60.5,60.5,1.0,0.8949301327413557,0.07966394969037054,1.3189136073094396,0.10506986725864431,9.0,9.0,9.0,-0.5999999999999943,0
61.5,61.5,1.0,0.8753540654048395,0.08384783373980577,1.4865731055373266,0.12464593459516049,8.0,8.0,8.0,-0.19999999999999574,0
61.5,61.5,1.0,0.8753540654048395,0.08384783373980577,1.4865731055373266,0.12464593459516049,8.0,8.0,8.0,-0.29999999999999716,0
61.5,61.5,1.0,0.8753540654048395,0.08384783373980577,1.4865731055373266,0.12464593459516049,8.0,8.0,8.0,-0.3999999999999986,0
61.5,61.5,1.0,0.8753540654048395,0.08384783373980577,1.4865731055373266,0.12464593459516049,8.0,8.0,8.0,-0.3999999999999986,0
61.5,61.5,1.0,0.8753540654048395,0.08384783373980577,1.4865731055373266,0.12464593459516049,8.0,8.0,8.0,-0.3999999999999986,0
61.5,61.5,1.0,0.8753540654048395,0.08384783373980577,1.4865731055373266,0.12464593459516049,8.0,8.0,8.0,-0.5,0
61.5,61.5,1.0,0.8753540654048395,0.08384783373980577,1.4865731055373266,0.12464593459516049,8.0,8.0,8.0,-0.5999999999999943,0
61.5,61.5,1.0,0.8753540654048395,0.08384783373980577,1.4865731055373266,0.12464593459516049,8.0,8.0,8.0,-0.29999999999999716,0
62.5,62.5,0.875,0.80835431092815,0.08611846413124735,0.773883855734814,0.06664568907184998,8.0,8.0,7.0,0.10000000000000142,0
62.5,62.5,0.875,0.80835431092815,0.08611846413124735,0.773883855734814,0.06664568907184998,8.0,8.0,7.0,0.10000000000000142,0
62.5,62.5,0.875,0.80835431092815,0.08611846413124735,0.773883855734814,0.06664568907184998,8.0,8.0,7.0,0.10000000000000142,0
62.5,62.5,0.875,0.80835431092815,0.08611846413124735,0.773883855734814,0.06664568907184998,8.0,8.0,7.0,0.10000000000000142,0
62.5,62.5,0.875,0.80835431092815,0.08611846413124735,0.773883855734814,0.06664568907184998,8.0,8.0,7.0,0.10000000000000142,0
62.5,62.5,0.875,0.80835431092815,0.08611846413124735,0.773883855734814,0.06664568907184998,8.0,8.0,7.0,-0.29999999999999716,0
62.5,62.5,0.875,0.80835431092815,0.08611846413124735,0.773883855734814,0.06664568907184998,8.0,8.0,7.0,-0.29999999999999716,0
63.5,63.5,0.7692307692307693,0.709207747154806,0.10106422120717878,0.593909707698809,0.06002302207596333,7.0,6.0,5.0,0.10000000000000142,0
63.5,63.5,0.7692307692307693,0.709207747154806,0.10106422120717878,0.593909707698809,0.06002302207596333,7.0,6.0,5.0,0.10000000000000142,0
63.5,63.5,0.7692307692307693,0.709207747154806,0.10106422120717878,0.593909707698809,0.06002302207596333,7.0,6.0,5.0,0.10000000000000142,0
63.5,63.5,0.7692307692307693,0.709207747154806,0.10106422120717878,0.593909707698809,0.06002302207596333,7.0,6.0,5.0,-0.29999999999999716,0
63.5,63.5,0.7692307692307693,0.709207747154806,0.10106422120717878,0.593909707698809,0.06002302207596333,7.0,6.0,5.0,-0.29999999999999716,0
64.5,64.5,0.7692307692307693,0.7808615159350454,0.084605670278692,-0.13747006159237674,-0.011630746704276107,7.0,6.0,5.0,0.10000000000000142,0
64.5,64.5,0.7692307692307693,0.7808615159350454,0.084605670278692,-0.13747006159237674,-0.011630746704276107,7.0,6.0,5.0,-0.29999999999999716,0
64.5,64.5,0.7692307692307693,0.7808615159350454,0.084605670278692,-0.13747006159237674,-0.011630746704276107,7.0,6.0,5.0,-0.29999999999999716,0
64.5,64.5,0.7692307692307693,0.7808615159350454,0.084605670278692,-0.13747006159237674,-0.011630746704276107,7.0,6.0,5.0,-0.7000000000000028,0
64.5,64.5,0.7692307692307693,0.7808615159350454,0.084605670278692,-0.13747006159237674,-0.011630746704276107,7.0,6.0,5.0,-0.9000000000000057,0
65.5,65.5,0.7692307692307693,0.7508180097680097,0.06887685735620543,0.26732868149799033,0.018412759462759554,8.0,5.0,5.0,-0.29999999999999716,0
65.5,65.5,0.7692307692307693,0.7508180097680097,0.06887685735620543,0.26732868149799033,0.018412759462759554,8.0,5.0,5.0,-0.29999999999999716,0
65.5,65.5,0.7692307692307693,0.7508180097680097,0.06887685735620543,0.26732868149799033,0.018412759462759554,8.0,5.0,5.0,-0.7000000000000028,0
65.5,65.5,0.7692307692307693,0.7508180097680097,0.06887685735620543,0.26732868149799033,0.018412759462759554,8.0,5.0,5.0,-0.9000000000000057,0
65.5,65.5,0.7692307692307693,0.7508180097680097,0.06887685735620543,0.26732868149799033,0.018412759462759554,8.0,5.0,5.0,-0.5,0
66.5,66.5,0.7692307692307693,0.7576964174714175,0.0669961187056701,0.1721644773188273,0.011534351759351802,8.0,5.0,5.0,-0.29999999999999716,0
66.5,66.5,0.7692307692307693,0.7576964174714175,0.0669961187056701,0.1721644773188273,0.011534351759351802,8.0,5.0,5.0,-0.7000000000000028,0
66.5,66.5,0.7692307692307693,0.7576964174714175,0.0669961187056701,0.1721644773188273,0.011534351759351802,8.0,5.0,5.0,-0.9000000000000057,0
66.5,66.5,0.7692307692307693,0.7576964174714175,0.0669961187056701,0.1721644773188273,0.011534351759351802,8.0,5.0,5.0,-0.5,0
66.5,66.5,0.7692307692307693,0.7576964174714175,0.0669961187056701,0.1721644773188273,0.011534351759351802,8.0,5.0,5.0,-0.5,0
67.5,67.5,0.75,0.8278001312413078,0.06831523509272987,-1.1388401303999511,-0.0778001312413078,10.0,6.0,6.0,-0.7000000000000028,0
67.5,67.5,0.75,0.8278001312413078,0.06831523509272987,-1.1388401303999511,-0.0778001312413078,10.0,6.0,6.0,-0.9000000000000057,0
67.5,67.5,0.75,0.8278001312413078,0.06831523509272987,-1.1388401303999511,-0.0778001312413078,10.0,6.0,6.0,-0.5,0
67.5,67.5,0.75,0.8278001312413078,0.06831523509272987,-1.1388401303999511,-0.0778001312413078,10.0,6.0,6.0,-0.5,0
67.5,67.5,0.75,0.8278001312413078,0.06831523509272987,-1.1388401303999511,-0.0778001312413078,10.0,6.0,6.0,-1.0,0
67.5,67.5,0.75,0.8278001312413078,0.06831523509272987,-1.1388401303999511,-0.0778001312413078,10.0,6.0,6.0,-0.9000000000000057,0
68.5,68.5,0.875,0.8828978407213702,0.06163457088443204,-0.1281397859681555,-0.00789784072137023,9.0,7.0,7.0,-0.20000000000000284,0
68.5,68.5,0.875,0.8828978407213702,0.06163457088443204,-0.1281397859681555,-0.00789784072137023,9.0,7.0,7.0,-0.4000000000000057,0
68.5,68.5,0.875,0.8828978407213702,0.06163457088443204,-0.1281397859681555,-0.00789784072137023,9.0,7.0,7.0,-0.5,0
68.5,68.5,0.875,0.8828978407213702,0.06163457088443204,-0.1281397859681555,-0.00789784072137023,9.0,7.0,7.0,-0.5,0
68.5,68.5,0.875,0.8828978407213702,0.06163457088443204,-0.1281397859681555,-0.00789784072137023,9.0,7.0,7.0,-1.0,0
68.5,68.5,0.875,0.8828978407213702,0.06163457088443204,-0.1281397859681555,-0.00789784072137023,9.0,7.0,7.0,-0.9000000000000057,0
68.5,68.5,0.875,0.8828978407213702,0.06163457088443204,-0.1281397859681555,-0.00789784072137023,9.0,7.0,7.0,-0.5999999999999943,0
69.5,69.5,0.8,0.8568812607327313,0.07355400612652402,-0.7733264811557222,-0.056881260732731254,8.0,7.0,6.0,-0.5,0
69.5,69.5,0.8,0.8568812607327313,0.07355400612652402,-0.7733264811557222,-0.056881260732731254,8.0,7.0,6.0,-0.5,0
69.5,69.5,0.8,0.8568812607327313,0.07355400612652402,-0.7733264811557222,-0.056881260732731254,8.0,7.0,6.0,-1.0,0
69.5,69.5,0.8,0.8568812607327313,0.07355400612652402,-0.7733264811557222,-0.056881260732731254,8.0,7.0,6.0,-0.9000000000000057,0
69.5,69.5,0.8,0.8568812607327313,0.07355400612652402,-0.7733264811557222,-0.056881260732731254,8.0,7.0,6.0,-0.5999999999999943,0
69.5,69.5,0.8,0.8568812607327313,0.07355400612652402,-0.7733264811557222,-0.056881260732731254,8.0,7.0,6.0,-0.8000000000000114,0
70.5,70.5,0.8,0.8718028211554527,0.07152825125952013,-1.0038386216788153,-0.07180282115545267,7.0,8.0,6.0,0.0,0
70.5,70.5,0.8,0.8718028211554527,0.07152825125952013,-1.0038386216788153,-0.07180282115545267,7.0,8.0,6.0,0.0,0
70.5,70.5,0.8,0.8718028211554527,0.07152825125952013,-1.0038386216788153,-0.07180282115545267,7.0,8.0,6.0,-0.4000000000000057,0
70.5,70.5,0.8,0.8718028211554527,0.07152825125952013,-1.0038386216788153,-0.07180282115545267,7.0,8.0,6.0,-0.5,0
70.5,70.5,0.8,0.8718028211554527,0.07152825125952013,-1.0038386216788153,-0.07180282115545267,7.0,8.0,6.0,-0.5999999999999943,0
70.5,70.5,0.8,0.8718028211554527,0.07152825125952013,-1.0038386216788153,-0.07180282115545267,7.0,8.0,6.0,-0.8000000000000114,0
71.5,71.5,0.8571428571428571,0.8727483496895262,0.06834315268755793,-0.22834024965181512,-0.015605492546669097,7.0,7.0,6.0,-0.4000000000000057,0
71.5,71.5,0.8571428571428571,0.8727483496895262,0.06834315268755793,-0.22834024965181512,-0.015605492546669097,7.0,7.0,6.0,-0.5,0
71.5,71.5,0.8571428571428571,0.8727483496895262,0.06834315268755793,-0.22834024965181512,-0.015605492546669097,7.0,7.0,6.0,-0.5999999999999943,0
71.5,71.5,0.8571428571428571,0.8727483496895262,0.06834315268755793,-0.22834024965181512,-0.015605492546669097,7.0,7.0,6.0,-0.8000000000000114,0
71.5,71.5,0.8571428571428571,0.8727483496895262,0.06834315268755793,-0.22834024965181512,-0.015605492546669097,7.0,7.0,6.0,0.20000000000000284,0
71.5,71.5,0.8571428571428571,0.8727483496895262,0.06834315268755793,-0.22834024965181512,-0.015605492546669097,7.0,7.0,6.0,-0.09999999999999432,0
72.5,72.5,0.8571428571428571,0.8195154208536563,0.07367548714902514,0.5107185272231854,0.037627436289200844,7.0,7.0,6.0,0.0,0
72.5,72.5,0.8571428571428571,0.8195154208536563,0.07367548714902514,0.5107185272231854,0.037627436289200844,7.0,7.0,6.0,0.0,0
72.5,72.5,0.8571428571428571,0.8195154208536563,0.07367548714902514,0.5107185272231854,0.037627436289200844,7.0,7.0,6.0,-0.30000000000001137,0
72.5,72.5,0.8571428571428571,0.8195154208536563,0.07367548714902514,0.5107185272231854,0.037627436289200844,7.0,7.0,6.0,0.20000000000000284,0
72.5,72.5,0.8571428571428571,0.8195154208536563,0.07367548714902514,0.5107185272231854,0.037627436289200844,7.0,7.0,6.0,-0.09999999999999432,0
72.5,72.5,0.8571428571428571,0.8195154208536563,0.07367548714902514,0.5107185272231854,0.037627436289200844,7.0,7.0,6.0,-0.20000000000000284,0
73.5,73.5,0.7692307692307693,0.8209571217997691,0.07210181099570881,-0.7174071199415276,-0.05172635256899982,7.0,6.0,5.0,-0.30000000000001137,0
73.5,73.5,0.7692307692307693,0.8209571217997691,0.07210181099570881,-0.7174071199415276,-0.05172635256899982,7.0,6.0,5.0,0.20000000000000284,0
73.5,73.5,0.7692307692307693,0.8209571217997691,0.07210181099570881,-0.7174071199415276,-0.05172635256899982,7.0,6.0,5.0,-0.09999999999999432,0
73.5,73.5,0.7692307692307693,0.8209571217997691,0.07210181099570881,-0.7174071199415276,-0.05172635256899982,7.0,6.0,5.0,-0.20000000000000284,0
73.5,73.5,0.7692307692307693,0.8209571217997691,0.07210181099570881,-0.7174071199415276,-0.05172635256899982,7.0,6.0,5.0,-0.7000000000000028,0
74.5,74.5,0.6666666666666666,0.719155303030303,0.09002382911495728,-0.583052697043248,-0.05248863636363632,7.0,5.0,4.0,0.20000000000000284,0
74.5,74.5,0.6666666666666666,0.719155303030303,0.09002382911495728,-0.583052697043248,-0.05248863636363632,7.0,5.0,4.0,-0.09999999999999432,0
74.5,74.5,0.6666666666666666,0.719155303030303,0.09002382911495728,-0.583052697043248,-0.05248863636363632,7.0,5.0,4.0,-0.20000000000000284,0
74.5,74.5,0.6666666666666666,0.719155303030303,0.09002382911495728,-0.583052697043248,-0.05248863636363632,7.0,5.0,4.0,-0.7000000000000028,0
75.5,75.5,0.6666666666666666,0.6847519064269063,0.09303531641010768,-0.19439112433947542,-0.01808523976023968,10.0,5.0,5.0,0.20000000000000284,0
75.5,75.5,0.6666666666666666,0.6847519064269063,0.09303531641010768,-0.19439112433947542,-0.01808523976023968,10.0,5.0,5.0,-0.09999999999999432,0
75.5,75.5,0.6666666666666666,0.6847519064269063,0.09303531641010768,-0.19439112433947542,-0.01808523976023968,10.0,5.0,5.0,-0.20000000000000284,0
75.5,75.5,0.6666666666666666,0.6847519064269063,0.09303531641010768,-0.19439112433947542,-0.01808523976023968,10.0,5.0,5.0,-0.7000000000000028,0
75.5,75.5,0.6666666666666666,0.6847519064269063,0.09303531641010768,-0.19439112433947542,-0.01808523976023968,10.0,5.0,5.0,-0.9000000000000057,0
76.5,76.5,0.6153846153846154,0.6573342268842268,0.06868358942195288,-0.6107661502938769,-0.041949611499611406,9.0,4.0,4.0,-0.20000000000000284,0
76.5,76.5,0.6153846153846154,0.6573342268842268,0.06868358942195288,-0.6107661502938769,-0.041949611499611406,9.0,4.0,4.0,-0.7000000000000028,0
76.5,76.5,0.6153846153846154,0.6573342268842268,0.06868358942195288,-0.6107661502938769,-0.041949611499611406,9.0,4.0,4.0,-0.9000000000000057,0
76.5,76.5,0.6153846153846154,0.6573342268842268,0.06868358942195288,-0.6107661502938769,-0.041949611499611406,9.0,4.0,4.0,-0.7999999999999972,0
77.5,77.5,0.7142857142857143,0.7492204711954712,0.06932798529956852,-0.5039055550049905,-0.03493475690975689,9.0,5.0,5.0,-0.20000000000000284,0
77.5,77.5,0.7142857142857143,0.7492204711954712,0.06932798529956852,-0.5039055550049905,-0.03493475690975689,9.0,5.0,5.0,-0.9000000000000057,0
77.5,77.5,0.7142857142857143,0.7492204711954712,0.06932798529956852,-0.5039055550049905,-0.03493475690975689,9.0,5.0,5.0,-0.7999999999999972,0
77.5,77.5,0.7142857142857143,0.7492204711954712,0.06932798529956852,-0.5039055550049905,-0.03493475690975689,9.0,5.0,5.0,-0.7999999999999972,0
77.5,77.5,0.7142857142857143,0.7492204711954712,0.06932798529956852,-0.5039055550049905,-0.03493475690975689,9.0,5.0,5.0,-0.8000000000000114,0
78.5,78.5,0.7142857142857143,0.7532282162282163,0.06862389710339832,-0.5674772722951866,-0.03894250194250204,9.0,5.0,5.0,-0.9000000000000057,0
78.5,78.5,0.7142857142857143,0.7532282162282163,0.06862389710339832,-0.5674772722951866,-0.03894250194250204,9.0,5.0,5.0,-0.7999999999999972,0
78.5,78.5,0.7142857142857143,0.7532282162282163,0.06862389710339832,-0.5674772722951866,-0.03894250194250204,9.0,5.0,5.0,-0.7999999999999972,0
78.5,78.5,0.7142857142857143,0.7532282162282163,0.06862389710339832,-0.5674772722951866,-0.03894250194250204,9.0,5.0,5.0,-0.8000000000000114,0
78.5,78.5,0.7142857142857143,0.7532282162282163,0.06862389710339832,-0.5674772722951866,-0.03894250194250204,9.0,5.0,5.0,-1.0,0
79.5,79.5,0.8,0.8253281972929033,0.06753891438005766,-0.37501635206002004,-0.025328197292903254,9.0,6.0,6.0,-0.4000000000000057,0
79.5,79.5,0.8,0.8253281972929033,0.06753891438005766,-0.37501635206002004,-0.025328197292903254,9.0,6.0,6.0,-0.7999999999999972,0
79.5,79.5,0.8,0.8253281972929033,0.06753891438005766,-0.37501635206002004,-0.025328197292903254,9.0,6.0,6.0,-0.7999999999999972,0
79.5,79.5,0.8,0.8253281972929033,0.06753891438005766,-0.37501635206002004,-0.025328197292903254,9.0,6.0,6.0,-0.8000000000000114,0
79.5,79.5,0.8,0.8253281972929033,0.06753891438005766,-0.37501635206002004,-0.025328197292903254,9.0,6.0,6.0,-1.0,0
79.5,79.5,0.8,0.8253281972929033,0.06753891438005766,-0.37501635206002004,-0.025328197292903254,9.0,6.0,6.0,-1.0,0
80.5,80.5,0.875,0.8837968247438837,0.059955293939930966,-0.1467230692371748,-0.008796824743883658,9.0,7.0,7.0,-0.29999999999999716,0
80.5,80.5,0.875,0.8837968247438837,0.059955293939930966,-0.1467230692371748,-0.008796824743883658,9.0,7.0,7.0,-0.7999999999999972,0
80.5,80.5,0.875,0.8837968247438837,0.059955293939930966,-0.1467230692371748,-0.008796824743883658,9.0,7.0,7.0,-0.8000000000000114,0
80.5,80.5,0.875,0.8837968247438837,0.059955293939930966,-0.1467230692371748,-0.008796824743883658,9.0,7.0,7.0,-1.0,0
80.5,80.5,0.875,0.8837968247438837,0.059955293939930966,-0.1467230692371748,-0.008796824743883658,9.0,7.0,7.0,-1.0,0
80.5,80.5,0.875,0.8837968247438837,0.059955293939930966,-0.1467230692371748,-0.008796824743883658,9.0,7.0,7.0,-0.5999999999999943,0
80.5,80.5,0.875,0.8837968247438837,0.059955293939930966,-0.1467230692371748,-0.008796824743883658,9.0,7.0,7.0,-0.6000000000000085,0
81.5,81.5,0.9333333333333333,0.8628254141283553,0.07272503437846019,0.9695137280795999,0.07050791920497801,8.0,7.0,7.0,-0.20000000000000284,0
81.5,81.5,0.9333333333333333,0.8628254141283553,0.07272503437846019,0.9695137280795999,0.07050791920497801,8.0,7.0,7.0,-0.30000000000001137,0
81.5,81.5,0.9333333333333333,0.8628254141283553,0.07272503437846019,0.9695137280795999,0.07050791920497801,8.0,7.0,7.0,-0.3999999999999915,0
81.5,81.5,0.9333333333333333,0.8628254141283553,0.07272503437846019,0.9695137280795999,0.07050791920497801,8.0,7.0,7.0,-0.20000000000000284,0
81.5,81.5,0.9333333333333333,0.8628254141283553,0.07272503437846019,0.9695137280795999,0.07050791920497801,8.0,7.0,7.0,-0.5999999999999943,0
81.5,81.5,0.9333333333333333,0.8628254141283553,0.07272503437846019,0.9695137280795999,0.07050791920497801,8.0,7.0,7.0,-0.6000000000000085,0
81.5,81.5,0.9333333333333333,0.8628254141283553,0.07272503437846019,0.9695137280795999,0.07050791920497801,8.0,7.0,7.0,-1.0,0
82.5,82.5,0.7692307692307693,0.885739681233799,0.06026192481062516,-1.933375217754201,-0.11650891200302971,6.0,7.0,5.0,-0.3999999999999915,0
82.5,82.5,0.7692307692307693,0.885739681233799,0.06026192481062516,-1.933375217754201,-0.11650891200302971,6.0,7.0,5.0,-0.20000000000000284,0
82.5,82.5,0.7692307692307693,0.885739681233799,0.06026192481062516,-1.933375217754201,-0.11650891200302971,6.0,7.0,5.0,-0.5999999999999943,0
82.5,82.5,0.7692307692307693,0.885739681233799,0.06026192481062516,-1.933375217754201,-0.11650891200302971,6.0,7.0,5.0,-0.6000000000000085,0
82.5,82.5,0.7692307692307693,0.885739681233799,0.06026192481062516,-1.933375217754201,-0.11650891200302971,6.0,7.0,5.0,-1.0,0
83.5,83.5,0.6666666666666666,0.8901189679601446,0.05949557711945573,-3.7557800447053142,-0.22345230129347793,5.0,7.0,4.0,-0.20000000000000284,0
83.5,83.5,0.6666666666666666,0.8901189679601446,0.05949557711945573,-3.7557800447053142,-0.22345230129347793,5.0,7.0,4.0,-0.5999999999999943,0
83.5,83.5,0.6666666666666666,0.8901189679601446,0.05949557711945573,-3.7557800447053142,-0.22345230129347793,5.0,7.0,4.0,-0.6000000000000085,0
83.5,83.5,0.6666666666666666,0.8901189679601446,0.05949557711945573,-3.7557800447053142,-0.22345230129347793,5.0,7.0,4.0,-1.0,0
84.5,84.5,0.6666666666666666,0.8718633608221844,0.07179109011362823,-2.8582473651081237,-0.20519669415551778,5.0,7.0,4.0,0.0,0
84.5,84.5,0.6666666666666666,0.8718633608221844,0.07179109011362823,-2.8582473651081237,-0.20519669415551778,5.0,7.0,4.0,-0.10000000000000853,0
84.5,84.5,0.6666666666666666,0.8718633608221844,0.07179109011362823,-2.8582473651081237,-0.20519669415551778,5.0,7.0,4.0,-0.5,0
84.5,84.5,0.6666666666666666,0.8718633608221844,0.07179109011362823,-2.8582473651081237,-0.20519669415551778,5.0,7.0,4.0,-0.30000000000001137,0
85.5,85.5,0.7272727272727273,0.8944217232114292,0.05867614444312456,-2.8486704013199318,-0.16714899593870192,4.0,7.0,4.0,-0.5,0
85.5,85.5,0.7272727272727273,0.8944217232114292,0.05867614444312456,-2.8486704013199318,-0.16714899593870192,4.0,7.0,4.0,-0.30000000000001137,0
85.5,85.5,0.7272727272727273,0.8944217232114292,0.05867614444312456,-2.8486704013199318,-0.16714899593870192,4.0,7.0,4.0,-0.3999999999999915,0
85.5,85.5,0.7272727272727273,0.8944217232114292,0.05867614444312456,-2.8486704013199318,-0.16714899593870192,4.0,7.0,4.0,-0.4000000000000057,0
86.5,86.5,0.5454545454545454,0.806252158625688,0.08202971127403108,-3.1793067307029,-0.2607976131711426,5.0,6.0,3.0,-0.30000000000001137,0
86.5,86.5,0.5454545454545454,0.806252158625688,0.08202971127403108,-3.1793067307029,-0.2607976131711426,5.0,6.0,3.0,-0.3999999999999915,0
86.5,86.5,0.5454545454545454,0.806252158625688,0.08202971127403108,-3.1793067307029,-0.2607976131711426,5.0,6.0,3.0,-0.4000000000000057,0
87.5,87.5,0.6666666666666666,0.7623452395643572,0.08937932832057792,-1.0704776450603775,-0.09567857289769055,6.0,6.0,4.0,-0.30000000000001137,0
87.5,87.5,0.6666666666666666,0.7623452395643572,0.08937932832057792,-1.0704776450603775,-0.09567857289769055,6.0,6.0,4.0,-0.3999999999999915,0
87.5,87.5,0.6666666666666666,0.7623452395643572,0.08937932832057792,-1.0704776450603775,-0.09567857289769055,6.0,6.0,4.0,-0.4000000000000057,0
87.5,87.5,0.6666666666666666,0.7623452395643572,0.08937932832057792,-1.0704776450603775,-0.09567857289769055,6.0,6.0,4.0,-0.8999999999999915,0
88.5,88.5,0.7692307692307693,0.7404267565767566,0.07727229162597812,0.3727599123555573,0.028804012654012667,8.0,5.0,5.0,-0.30000000000001137,0
88.5,88.5,0.7692307692307693,0.7404267565767566,0.07727229162597812,0.3727599123555573,0.028804012654012667,8.0,5.0,5.0,-0.3999999999999915,0
88.5,88.5,0.7692307692307693,0.7404267565767566,0.07727229162597812,0.3727599123555573,0.028804012654012667,8.0,5.0,5.0,-0.4000000000000057,0
88.5,88.5,0.7692307692307693,0.7404267565767566,0.07727229162597812,0.3727599123555573,0.028804012654012667,8.0,5.0,5.0,-0.8999999999999915,0
88.5,88.5,0.7692307692307693,0.7404267565767566,0.07727229162597812,0.3727599123555573,0.028804012654012667,8.0,5.0,5.0,-0.7999999999999972,0
89.5,89.5,0.7142857142857143,0.8105577476445125,0.07019313272774068,-1.3715306557439202,-0.09627203335879819,8.0,6.0,5.0,-0.4000000000000057,0
89.5,89.5,0.7142857142857143,0.8105577476445125,0.07019313272774068,-1.3715306557439202,-0.09627203335879819,8.0,6.0,5.0,-0.8999999999999915,0
89.5,89.5,0.7142857142857143,0.8105577476445125,0.07019313272774068,-1.3715306557439202,-0.09627203335879819,8.0,6.0,5.0,-0.7999999999999972,0
89.5,89.5,0.7142857142857143,0.8105577476445125,0.07019313272774068,-1.3715306557439202,-0.09627203335879819,8.0,6.0,5.0,-1.0,0
89.5,89.5,0.7142857142857143,0.8105577476445125,0.07019313272774068,-1.3715306557439202,-0.09627203335879819,8.0,6.0,5.0,-0.8000000000000114,0
90.5,90.5,0.8,0.8277910608998845,0.06629978763535817,-0.4191726986024809,-0.02779106089988448,9.0,6.0,6.0,0.20000000000000284,0
90.5,90.5,0.8,0.8277910608998845,0.06629978763535817,-0.4191726986024809,-0.02779106089988448,9.0,6.0,6.0,-0.8999999999999915,0
90.5,90.5,0.8,0.8277910608998845,0.06629978763535817,-0.4191726986024809,-0.02779106089988448,9.0,6.0,6.0,-0.7999999999999972,0
90.5,90.5,0.8,0.8277910608998845,0.06629978763535817,-0.4191726986024809,-0.02779106089988448,9.0,6.0,6.0,-1.0,0
90.5,90.5,0.8,0.8277910608998845,0.06629978763535817,-0.4191726986024809,-0.02779106089988448,9.0,6.0,6.0,-0.8000000000000114,0
90.5,90.5,0.8,0.8277910608998845,0.06629978763535817,-0.4191726986024809,-0.02779106089988448,9.0,6.0,6.0,-0.8999999999999915,0
91.5,91.5,0.8571428571428571,0.8287479520479523,0.06674463944087802,0.4254260017399129,0.028394905094904832,8.0,6.0,6.0,-0.09999999999999432,0
91.5,91.5,0.8571428571428571,0.8287479520479523,0.06674463944087802,0.4254260017399129,0.028394905094904832,8.0,6.0,6.0,-0.20000000000000284,0
91.5,91.5,0.8571428571428571,0.8287479520479523,0.06674463944087802,0.4254260017399129,0.028394905094904832,8.0,6.0,6.0,-0.5999999999999943,0
91.5,91.5,0.8571428571428571,0.8287479520479523,0.06674463944087802,0.4254260017399129,0.028394905094904832,8.0,6.0,6.0,-0.8000000000000114,0
91.5,91.5,0.8571428571428571,0.8287479520479523,0.06674463944087802,0.4254260017399129,0.028394905094904832,8.0,6.0,6.0,-0.8999999999999915,0
91.5,91.5,0.8571428571428571,0.8287479520479523,0.06674463944087802,0.4254260017399129,0.028394905094904832,8.0,6.0,6.0,-0.5,0
92.5,92.5,0.875,0.8880397845618436,0.06388498985513007,-0.20411343245750724,-0.013039784561843626,9.0,7.0,7.0,-0.20000000000000284,0
92.5,92.5,0.875,0.8880397845618436,0.06388498985513007,-0.20411343245750724,-0.013039784561843626,9.0,7.0,7.0,-0.5999999999999943,0
92.5,92.5,0.875,0.8880397845618436,0.06388498985513007,-0.20411343245750724,-0.013039784561843626,9.0,7.0,7.0,-0.8000000000000114,0
92.5,92.5,0.875,0.8880397845618436,0.06388498985513007,-0.20411343245750724,-0.013039784561843626,9.0,7.0,7.0,-0.8999999999999915,0
92.5,92.5,0.875,0.8880397845618436,0.06388498985513007,-0.20411343245750724,-0.013039784561843626,9.0,7.0,7.0,-0.5,0
92.5,92.5,0.875,0.8880397845618436,0.06388498985513007,-0.20411343245750724,-0.013039784561843626,9.0,7.0,7.0,-0.6000000000000085,0
92.5,92.5,0.875,0.8880397845618436,0.06388498985513007,-0.20411343245750724,-0.013039784561843626,9.0,7.0,7.0,-0.5,0
93.5,93.5,0.875,0.8596906069420777,0.07298558678000004,0.209759128251847,0.015309393057922338,9.0,7.0,7.0,0.0,0
93.5,93.5,0.875,0.8596906069420777,0.07298558678000004,0.209759128251847,0.015309393057922338,9.0,7.0,7.0,-0.20000000000000284,0
93.5,93.5,0.875,0.8596906069420777,0.07298558678000004,0.209759128251847,0.015309393057922338,9.0,7.0,7.0,-0.3999999999999915,0
93.5,93.5,0.875,0.8596906069420777,0.07298558678000004,0.209759128251847,0.015309393057922338,9.0,7.0,7.0,-0.5,0
93.5,93.5,0.875,0.8596906069420777,0.07298558678000004,0.209759128251847,0.015309393057922338,9.0,7.0,7.0,-0.6000000000000085,0
93.5,93.5,0.875,0.8596906069420777,0.07298558678000004,0.209759128251847,0.015309393057922338,9.0,7.0,7.0,-0.5,0
93.5,93.5,0.875,0.8596906069420777,0.07298558678000004,0.209759128251847,0.015309393057922338,9.0,7.0,7.0,-0.4000000000000057,0
94.5,94.5,0.9333333333333333,0.8932101857293034,0.06063641761970373,0.6617004958253329,0.04012314760402991,8.0,7.0,7.0,-0.3999999999999915,0
94.5,94.5,0.9333333333333333,0.8932101857293034,0.06063641761970373,0.6617004958253329,0.04012314760402991,8.0,7.0,7.0,-0.5,0
94.5,94.5,0.9333333333333333,0.8932101857293034,0.06063641761970373,0.6617004958253329,0.04012314760402991,8.0,7.0,7.0,-0.6000000000000085,0
94.5,94.5,0.9333333333333333,0.8932101857293034,0.06063641761970373,0.6617004958253329,0.04012314760402991,8.0,7.0,7.0,-0.5,0
94.5,94.5,0.9333333333333333,0.8932101857293034,0.06063641761970373,0.6617004958253329,0.04012314760402991,8.0,7.0,7.0,-0.4000000000000057,0
94.5,94.5,0.9333333333333333,0.8932101857293034,0.06063641761970373,0.6617004958253329,0.04012314760402991,8.0,7.0,7.0,-0.7000000000000028,0
94.5,94.5,0.9333333333333333,0.8932101857293034,0.06063641761970373,0.6617004958253329,0.04012314760402991,8.0,7.0,7.0,-0.7999999999999972,0
95.5,95.5,0.9333333333333333,0.8802218635939225,0.06558232470364986,0.8098442679396971,0.05311146973941083,8.0,7.0,7.0,0.19999999999998863,0
95.5,95.5,0.9333333333333333,0.8802218635939225,0.06558232470364986,0.8098442679396971,0.05311146973941083,8.0,7.0,7.0,0.09999999999999432,0
95.5,95.5,0.9333333333333333,0.8802218635939225,0.06558232470364986,0.8098442679396971,0.05311146973941083,8.0,7.0,7.0,0.20000000000000284,0
95.5,95.5,0.9333333333333333,0.8802218635939225,0.06558232470364986,0.8098442679396971,0.05311146973941083,8.0,7.0,7.0,0.09999999999999432,0
95.5,95.5,0.9333333333333333,0.8802218635939225,0.06558232470364986,0.8098442679396971,0.05311146973941083,8.0,7.0,7.0,-0.20000000000000284,0
95.5,95.5,0.9333333333333333,0.8802218635939225,0.06558232470364986,0.8098442679396971,0.05311146973941083,8.0,7.0,7.0,-0.20000000000000284,0
95.5,95.5,0.9333333333333333,0.8802218635939225,0.06558232470364986,0.8098442679396971,0.05311146973941083,8.0,7.0,7.0,-0.29999999999999716,0
96.5,96.5,0.9333333333333333,0.8989828891610625,0.06960025737608623,0.4935390394701791,0.034350444172270844,7.0,8.0,7.0,0.09999999999999432,0
96.5,96.5,0.9333333333333333,0.8989828891610625,0.06960025737608623,0.4935390394701791,0.034350444172270844,7.0,8.0,7.0,0.20000000000000284,0
96.5,96.5,0.9333333333333333,0.8989828891610625,0.06960025737608623,0.4935390394701791,0.034350444172270844,7.0,8.0,7.0,0.09999999999999432,0
96.5,96.5,0.9333333333333333,0.8989828891610625,0.06960025737608623,0.4935390394701791,0.034350444172270844,7.0,8.0,7.0,-0.20000000000000284,0
96.5,96.5,0.9333333333333333,0.8989828891610625,0.06960025737608623,0.4935390394701791,0.034350444172270844,7.0,8.0,7.0,-0.20000000000000284,0
96.5,96.5,0.9333333333333333,0.8989828891610625,0.06960025737608623,0.4935390394701791,0.034350444172270844,7.0,8.0,7.0,-0.29999999999999716,0
96.5,96.5,0.9333333333333333,0.8989828891610625,0.06960025737608623,0.4935390394701791,0.034350444172270844,7.0,8.0,7.0,-0.3999999999999915,0
97.5,97.5,0.9230769230769231,0.8191677876045523,0.07742345722949202,1.342088550300359,0.1039091354723708,7.0,6.0,6.0,-0.4000000000000057,0
97.5,97.5,0.9230769230769231,0.8191677876045523,0.07742345722949202,1.342088550300359,0.1039091354723708,7.0,6.0,6.0,-0.7000000000000028,0
97.5,97.5,0.9230769230769231,0.8191677876045523,0.07742345722949202,1.342088550300359,0.1039091354723708,7.0,6.0,6.0,-0.7999999999999972,0
97.5,97.5,0.9230769230769231,0.8191677876045523,0.07742345722949202,1.342088550300359,0.1039091354723708,7.0,6.0,6.0,-1.0,0
97.5,97.5,0.9230769230769231,0.8191677876045523,0.07742345722949202,1.342088550300359,0.1039091354723708,7.0,6.0,6.0,-1.0,0
97.5,97.5,0.9230769230769231,0.8191677876045523,0.07742345722949202,1.342088550300359,0.1039091354723708,7.0,6.0,6.0,0.20000000000000284,0
98.5,98.5,0.9230769230769231,0.788259446435917,0.08361722631681541,1.6123170138435254,0.13481747664100607,7.0,6.0,6.0,-0.20000000000000284,0
98.5,98.5,0.9230769230769231,0.788259446435917,0.08361722631681541,1.6123170138435254,0.13481747664100607,7.0,6.0,6.0,-0.20000000000000284,0
98.5,98.5,0.9230769230769231,0.788259446435917,0.08361722631681541,1.6123170138435254,0.13481747664100607,7.0,6.0,6.0,-0.29999999999999716,0
98.5,98.5,0.9230769230769231,0.788259446435917,0.08361722631681541,1.6123170138435254,0.13481747664100607,7.0,6.0,6.0,-0.3999999999999915,0
98.5,98.5,0.9230769230769231,0.788259446435917,0.08361722631681541,1.6123170138435254,0.13481747664100607,7.0,6.0,6.0,0.20000000000000284,0
98.5,98.5,0.9230769230769231,0.788259446435917,0.08361722631681541,1.6123170138435254,0.13481747664100607,7.0,6.0,6.0,-0.29999999999999716,0
99.5,99.5,0.8333333333333334,0.7497866494616494,0.0705517095890318,1.1841907780597907,0.08354668387168396,7.0,5.0,5.0,-0.29999999999999716,0
99.5,99.5,0.8333333333333334,0.7497866494616494,0.0705517095890318,1.1841907780597907,0.08354668387168396,7.0,5.0,5.0,-0.3999999999999915,0
99.5,99.5,0.8333333333333334,0.7497866494616494,0.0705517095890318,1.1841907780597907,0.08354668387168396,7.0,5.0,5.0,0.20000000000000284,0
99.5,99.5,0.8333333333333334,0.7497866494616494,0.0705517095890318,1.1841907780597907,0.08354668387168396,7.0,5.0,5.0,-0.29999999999999716,0
99.5,99.5,0.8333333333333334,0.7497866494616494,0.0705517095890318,1.1841907780597907,0.08354668387168396,7.0,5.0,5.0,-1.0,0
100.5,100.5,0.6666666666666666,0.747439701964702,0.07220234906713517,-1.1187037034339562,-0.08077303529803537,7.0,5.0,4.0,0.20000000000000284,0
100.5,100.5,0.6666666666666666,0.747439701964702,0.07220234906713517,-1.1187037034339562,-0.08077303529803537,7.0,5.0,4.0,-0.29999999999999716,0
100.5,100.5,0.6666666666666666,0.747439701964702,0.07220234906713517,-1.1187037034339562,-0.08077303529803537,7.0,5.0,4.0,-1.0,0
100.5,100.5,0.6666666666666666,0.747439701964702,0.07220234906713517,-1.1187037034339562,-0.08077303529803537,7.0,5.0,4.0,-0.7999999999999972,0
101.5,101.5,0.8,0.8266953174276704,0.06671832723673998,-0.4001197052340066,-0.026695317427670395,9.0,6.0,6.0,0.20000000000000284,0
101.5,101.5,0.8,0.8266953174276704,0.06671832723673998,-0.4001197052340066,-0.026695317427670395,9.0,6.0,6.0,-0.29999999999999716,0
101.5,101.5,0.8,0.8266953174276704,0.06671832723673998,-0.4001197052340066,-0.026695317427670395,9.0,6.0,6.0,-1.0,0
101.5,101.5,0.8,0.8266953174276704,0.06671832723673998,-0.4001197052340066,-0.026695317427670395,9.0,6.0,6.0,-0.7999999999999972,0
101.5,101.5,0.8,0.8266953174276704,0.06671832723673998,-0.4001197052340066,-0.026695317427670395,9.0,6.0,6.0,-0.7999999999999972,0
101.5,101.5,0.8,0.8266953174276704,0.06671832723673998,-0.4001197052340066,-0.026695317427670395,9.0,6.0,6.0,-0.7999999999999972,0
102.5,102.5,0.8571428571428571,0.8361723746841396,0.0669140359848519,0.3133943745892834,0.020970482458717465,8.0,6.0,6.0,-0.29999999999999716,0
102.5,102.5,0.8571428571428571,0.8361723746841396,0.0669140359848519,0.3133943745892834,0.020970482458717465,8.0,6.0,6.0,-1.0,0
102.5,102.5,0.8571428571428571,0.8361723746841396,0.0669140359848519,0.3133943745892834,0.020970482458717465,8.0,6.0,6.0,-0.7999999999999972,0
102.5,102.5,0.8571428571428571,0.8361723746841396,0.0669140359848519,0.3133943745892834,0.020970482458717465,8.0,6.0,6.0,-0.7999999999999972,0
102.5,102.5,0.8571428571428571,0.8361723746841396,0.0669140359848519,0.3133943745892834,0.020970482458717465,8.0,6.0,6.0,-0.7999999999999972,0
102.5,102.5,0.8571428571428571,0.8361723746841396,0.0669140359848519,0.3133943745892834,0.020970482458717465,8.0,6.0,6.0,-1.0,0
103.5,103.5,0.8571428571428571,0.8974611065405185,0.05794477637292388,-0.6958047285950191,-0.040318249397661376,7.0,7.0,6.0,-0.5999999999999943,0
103.5,103.5,0.8571428571428571,0.8974611065405185,0.05794477637292388,-0.6958047285950191,-0.040318249397661376,7.0,7.0,6.0,-0.7999999999999972,0
103.5,103.5,0.8571428571428571,0.8974611065405185,0.05794477637292388,-0.6958047285950191,-0.040318249397661376,7.0,7.0,6.0,-0.7999999999999972,0
103.5,103.5,0.8571428571428571,0.8974611065405185,0.05794477637292388,-0.6958047285950191,-0.040318249397661376,7.0,7.0,6.0,-0.7999999999999972,0
103.5,103.5,0.8571428571428571,0.8974611065405185,0.05794477637292388,-0.6958047285950191,-0.040318249397661376,7.0,7.0,6.0,-1.0,0
103.5,103.5,0.8571428571428571,0.8974611065405185,0.05794477637292388,-0.6958047285950191,-0.040318249397661376,7.0,7.0,6.0,-0.20000000000000284,0
104.5,104.5,0.8571428571428571,0.8765642393554159,0.0641530203500215,-0.30273527429566044,-0.019421382212558846,7.0,7.0,6.0,-0.20000000000000284,0
104.5,104.5,0.8571428571428571,0.8765642393554159,0.0641530203500215,-0.30273527429566044,-0.019421382212558846,7.0,7.0,6.0,-0.19999999999998863,0
104.5,104.5,0.8571428571428571,0.8765642393554159,0.0641530203500215,-0.30273527429566044,-0.019421382212558846,7.0,7.0,6.0,-0.29999999999999716,0
104.5,104.5,0.8571428571428571,0.8765642393554159,0.0641530203500215,-0.30273527429566044,-0.019421382212558846,7.0,7.0,6.0,-0.4000000000000057,0
104.5,104.5,0.8571428571428571,0.8765642393554159,0.0641530203500215,-0.30273527429566044,-0.019421382212558846,7.0,7.0,6.0,-0.20000000000000284,0
104.5,104.5,0.8571428571428571,0.8765642393554159,0.0641530203500215,-0.30273527429566044,-0.019421382212558846,7.0,7.0,6.0,-0.5999999999999943,0
105.5,105.5,0.7692307692307693,0.8352346876979231,0.07701335096910103,-0.8570451439469973,-0.06600391846715381,6.0,7.0,5.0,-0.29999999999999716,0
105.5,105.5,0.7692307692307693,0.8352346876979231,0.07701335096910103,-0.8570451439469973,-0.06600391846715381,6.0,7.0,5.0,-0.4000000000000057,0
105.5,105.5,0.7692307692307693,0.8352346876979231,0.07701335096910103,-0.8570451439469973,-0.06600391846715381,6.0,7.0,5.0,-0.20000000000000284,0
105.5,105.5,0.7692307692307693,0.8352346876979231,0.07701335096910103,-0.8570451439469973,-0.06600391846715381,6.0,7.0,5.0,-0.5999999999999943,0
105.5,105.5,0.7692307692307693,0.8352346876979231,0.07701335096910103,-0.8570451439469973,-0.06600391846715381,6.0,7.0,5.0,-0.6000000000000085,0
106.5,106.5,0.7692307692307693,0.8173673160173162,0.0718448059523932,-0.6700073324499448,-0.048136546786546885,7.0,6.0,5.0,-0.4000000000000057,0
106.5,106.5,0.7692307692307693,0.8173673160173162,0.0718448059523932,-0.6700073324499448,-0.048136546786546885,7.0,6.0,5.0,-0.20000000000000284,0
106.5,106.5,0.7692307692307693,0.8173673160173162,0.0718448059523932,-0.6700073324499448,-0.048136546786546885,7.0,6.0,5.0,-0.5999999999999943,0
106.5,106.5,0.7692307692307693,0.8173673160173162,0.0718448059523932,-0.6700073324499448,-0.048136546786546885,7.0,6.0,5.0,-0.6000000000000085,0
106.5,106.5,0.7692307692307693,0.8173673160173162,0.0718448059523932,-0.6700073324499448,-0.048136546786546885,7.0,6.0,5.0,-0.7999999999999972,0
107.5,107.5,0.7142857142857143,0.7925769265048678,0.08289555893325021,-0.9444560508023804,-0.07829121221915347,8.0,6.0,5.0,-0.20000000000000284,0
107.5,107.5,0.7142857142857143,0.7925769265048678,0.08289555893325021,-0.9444560508023804,-0.07829121221915347,8.0,6.0,5.0,-0.5999999999999943,0
107.5,107.5,0.7142857142857143,0.7925769265048678,0.08289555893325021,-0.9444560508023804,-0.07829121221915347,8.0,6.0,5.0,-0.6000000000000085,0
107.5,107.5,0.7142857142857143,0.7925769265048678,0.08289555893325021,-0.9444560508023804,-0.07829121221915347,8.0,6.0,5.0,-0.7999999999999972,0
107.5,107.5,0.7142857142857143,0.7925769265048678,0.08289555893325021,-0.9444560508023804,-0.07829121221915347,8.0,6.0,5.0,-0.6999999999999886,0
108.5,108.5,0.7692307692307693,0.7528990453990455,0.07217509585582457,0.22627921221397015,0.016331723831723766,8.0,5.0,5.0,-0.5999999999999943,0
108.5,108.5,0.7692307692307693,0.7528990453990455,0.07217509585582457,0.22627921221397015,0.016331723831723766,8.0,5.0,5.0,-0.6000000000000085,0
108.5,108.5,0.7692307692307693,0.7528990453990455,0.07217509585582457,0.22627921221397015,0.016331723831723766,8.0,5.0,5.0,-0.7999999999999972,0
108.5,108.5,0.7692307692307693,0.7528990453990455,0.07217509585582457,0.22627921221397015,0.016331723831723766,8.0,5.0,5.0,-0.6999999999999886,0
108.5,108.5,0.7692307692307693,0.7528990453990455,0.07217509585582457,0.22627921221397015,0.016331723831723766,8.0,5.0,5.0,-0.7999999999999972,0
109.5,109.5,0.8333333333333334,0.7502831363081364,0.06941419092328338,1.196444068864595,0.083050197025197,7.0,5.0,5.0,0.09999999999999432,0
109.5,109.5,0.8333333333333334,0.7502831363081364,0.06941419092328338,1.196444068864595,0.083050197025197,7.0,5.0,5.0,0.0,0
109.5,109.5,0.8333333333333334,0.7502831363081364,0.06941419092328338,1.196444068864595,0.083050197025197,7.0,5.0,5.0,-0.6999999999999886,0
109.5,109.5,0.8333333333333334,0.7502831363081364,0.06941419092328338,1.196444068864595,0.083050197025197,7.0,5.0,5.0,-0.7999999999999972,0
109.5,109.5,0.8333333333333334,0.7502831363081364,0.06941419092328338,1.196444068864595,0.083050197025197,7.0,5.0,5.0,0.09999999999999432,0
110.5,110.5,0.6666666666666666,0.6554863802863803,0.07583834334898103,0.14742260822917305,0.011180286380286342,8.0,4.0,4.0,0.0,0
110.5,110.5,0.6666666666666666,0.6554863802863803,0.07583834334898103,0.14742260822917305,0.011180286380286342,8.0,4.0,4.0,-0.6999999999999886,0
110.5,110.5,0.6666666666666666,0.6554863802863803,0.07583834334898103,0.14742260822917305,0.011180286380286342,8.0,4.0,4.0,-0.7999999999999972,0
110.5,110.5,0.6666666666666666,0.6554863802863803,0.07583834334898103,0.14742260822917305,0.011180286380286342,8.0,4.0,4.0,0.09999999999999432,0
111.5,111.5,0.7272727272727273,0.6504761072261072,0.07179300118455452,1.0696950786219825,0.07679662004662013,7.0,4.0,4.0,-0.19999999999998863,0
111.5,111.5,0.7272727272727273,0.6504761072261072,0.07179300118455452,1.0696950786219825,0.07679662004662013,7.0,4.0,4.0,-0.29999999999999716,0
111.5,111.5,0.7272727272727273,0.6504761072261072,0.07179300118455452,1.0696950786219825,0.07679662004662013,7.0,4.0,4.0,0.09999999999999432,0
111.5,111.5,0.7272727272727273,0.6504761072261072,0.07179300118455452,1.0696950786219825,0.07679662004662013,7.0,4.0,4.0,-0.5,0
112.5,112.5,0.7272727272727273,0.6552145299145299,0.07043237874454533,1.0230833977587046,0.0720581973581974,7.0,4.0,4.0,0.20000000000000284,0
112.5,112.5,0.7272727272727273,0.6552145299145299,0.07043237874454533,1.0230833977587046,0.0720581973581974,7.0,4.0,4.0,0.09999999999999432,0
112.5,112.5,0.7272727272727273,0.6552145299145299,0.07043237874454533,1.0230833977587046,0.0720581973581974,7.0,4.0,4.0,-0.5,0
112.5,112.5,0.7272727272727273,0.6552145299145299,0.07043237874454533,1.0230833977587046,0.0720581973581974,7.0,4.0,4.0,-0.6000000000000085,0
113.5,113.5,0.6666666666666666,0.6596050505050505,0.06744291857596661,0.10470507965431637,0.007061616161616158,8.0,4.0,4.0,0.09999999999999432,0
113.5,113.5,0.6666666666666666,0.6596050505050505,0.06744291857596661,0.10470507965431637,0.007061616161616158,8.0,4.0,4.0,-0.5,0
113.5,113.5,0.6666666666666666,0.6596050505050505,0.06744291857596661,0.10470507965431637,0.007061616161616158,8.0,4.0,4.0,-0.6000000000000085,0
113.5,113.5,0.6666666666666666,0.6596050505050505,0.06744291857596661,0.10470507965431637,0.007061616161616158,8.0,4.0,4.0,-0.6999999999999886,0
114.5,114.5,0.7142857142857143,0.7453779720279721,0.07081549027480699,-0.4390601211910131,-0.031092257742257767,9.0,5.0,5.0,-0.5,0
114.5,114.5,0.7142857142857143,0.7453779720279721,0.07081549027480699,-0.4390601211910131,-0.031092257742257767,9.0,5.0,5.0,-0.6000000000000085,0
114.5,114.5,0.7142857142857143,0.7453779720279721,0.07081549027480699,-0.4390601211910131,-0.031092257742257767,9.0,5.0,5.0,-0.6999999999999886,0
114.5,114.5,0.7142857142857143,0.7453779720279721,0.07081549027480699,-0.4390601211910131,-0.031092257742257767,9.0,5.0,5.0,-0.6999999999999886,0
114.5,114.5,0.7142857142857143,0.7453779720279721,0.07081549027480699,-0.4390601211910131,-0.031092257742257767,9.0,5.0,5.0,-0.9000000000000057,0
115.5,115.5,0.9333333333333333,0.885914886094298,0.06384606420291988,0.7426996140016838,0.04741844723903532,8.0,7.0,7.0,-0.5,0
115.5,115.5,0.9333333333333333,0.885914886094298,0.06384606420291988,0.7426996140016838,0.04741844723903532,8.0,7.0,7.0,-0.6000000000000085,0
115.5,115.5,0.9333333333333333,0.885914886094298,0.06384606420291988,0.7426996140016838,0.04741844723903532,8.0,7.0,7.0,-0.6999999999999886,0
115.5,115.5,0.9333333333333333,0.885914886094298,0.06384606420291988,0.7426996140016838,0.04741844723903532,8.0,7.0,7.0,-0.6999999999999886,0
115.5,115.5,0.9333333333333333,0.885914886094298,0.06384606420291988,0.7426996140016838,0.04741844723903532,8.0,7.0,7.0,-0.9000000000000057,0
115.5,115.5,0.9333333333333333,0.885914886094298,0.06384606420291988,0.7426996140016838,0.04741844723903532,8.0,7.0,7.0,-0.5,0
115.5,115.5,0.9333333333333333,0.885914886094298,0.06384606420291988,0.7426996140016838,0.04741844723903532,8.0,7.0,7.0,-0.4000000000000057,0
116.5,116.5,0.875,0.8899520435446908,0.06416150065037023,-0.23303762214303106,-0.014952043544690818,9.0,7.0,7.0,-0.6000000000000085,0
116.5,116.5,0.875,0.8899520435446908,0.06416150065037023,-0.23303762214303106,-0.014952043544690818,9.0,7.0,7.0,-0.6999999999999886,0
116.5,116.5,0.875,0.8899520435446908,0.06416150065037023,-0.23303762214303106,-0.014952043544690818,9.0,7.0,7.0,-0.6999999999999886,0
116.5,116.5,0.875,0.8899520435446908,0.06416150065037023,-0.23303762214303106,-0.014952043544690818,9.0,7.0,7.0,-0.9000000000000057,0
116.5,116.5,0.875,0.8899520435446908,0.06416150065037023,-0.23303762214303106,-0.014952043544690818,9.0,7.0,7.0,-0.5,0
116.5,116.5,0.875,0.8899520435446908,0.06416150065037023,-0.23303762214303106,-0.014952043544690818,9.0,7.0,7.0,-0.4000000000000057,0
116.5,116.5,0.875,0.8899520435446908,0.06416150065037023,-0.23303762214303106,-0.014952043544690818,9.0,7.0,7.0,-0.3999999999999915,0
117.5,117.5,1.0,0.9141614122977126,0.07031676429278735,1.2207414343593757,0.08583858770228736,8.0,8.0,8.0,-0.19999999999998863,0
117.5,117.5,1.0,0.9141614122977126,0.07031676429278735,1.2207414343593757,0.08583858770228736,8.0,8.0,8.0,-0.29999999999999716,0
117.5,117.5,1.0,0.9141614122977126,0.07031676429278735,1.2207414343593757,0.08583858770228736,8.0,8.0,8.0,-0.29999999999999716,0
117.5,117.5,1.0,0.9141614122977126,0.07031676429278735,1.2207414343593757,0.08583858770228736,8.0,8.0,8.0,-0.5,0
117.5,117.5,1.0,0.9141614122977126,0.07031676429278735,1.2207414343593757,0.08583858770228736,8.0,8.0,8.0,-0.4000000000000057,0
117.5,117.5,1.0,0.9141614122977126,0.07031676429278735,1.2207414343593757,0.08583858770228736,8.0,8.0,8.0,-0.3999999999999915,0
117.5,117.5,1.0,0.9141614122977126,0.07031676429278735,1.2207414343593757,0.08583858770228736,8.0,8.0,8.0,-0.19999999999998863,0
117.5,117.5,1.0,0.9141614122977126,0.07031676429278735,1.2207414343593757,0.08583858770228736,8.0,8.0,8.0,0.10000000000000853,0
118.5,118.5,0.9333333333333333,0.8575883847061093,0.08497011850500623,0.8914304223638493,0.07574494862722403,7.0,8.0,7.0,-0.29999999999999716,0
118.5,118.5,0.9333333333333333,0.8575883847061093,0.08497011850500623,0.8914304223638493,0.07574494862722403,7.0,8.0,7.0,-0.5,0
118.5,118.5,0.9333333333333333,0.8575883847061093,0.08497011850500623,0.8914304223638493,0.07574494862722403,7.0,8.0,7.0,-0.4000000000000057,0
118.5,118.5,0.9333333333333333,0.8575883847061093,0.08497011850500623,0.8914304223638493,0.07574494862722403,7.0,8.0,7.0,-0.3999999999999915,0
118.5,118.5,0.9333333333333333,0.8575883847061093,0.08497011850500623,0.8914304223638493,0.07574494862722403,7.0,8.0,7.0,-0.19999999999998863,0
118.5,118.5,0.9333333333333333,0.8575883847061093,0.08497011850500623,0.8914304223638493,0.07574494862722403,7.0,8.0,7.0,0.10000000000000853,0
118.5,118.5,0.9333333333333333,0.8575883847061093,0.08497011850500623,0.8914304223638493,0.07574494862722403,7.0,8.0,7.0,-0.10000000000000853,0
119.5,119.5,0.9333333333333333,0.8368670528817588,0.0910822279984381,1.0591119977129764,0.09646628045157457,8.0,7.0,7.0,-0.5,0
119.5,119.5,0.9333333333333333,0.8368670528817588,0.0910822279984381,1.0591119977129764,0.09646628045157457,8.0,7.0,7.0,-0.4000000000000057,0
119.5,119.5,0.9333333333333333,0.8368670528817588,0.0910822279984381,1.0591119977129764,0.09646628045157457,8.0,7.0,7.0,-0.3999999999999915,0
119.5,119.5,0.9333333333333333,0.8368670528817588,0.0910822279984381,1.0591119977129764,0.09646628045157457,8.0,7.0,7.0,-0.19999999999998863,0
119.5,119.5,0.9333333333333333,0.8368670528817588,0.0910822279984381,1.0591119977129764,0.09646628045157457,8.0,7.0,7.0,0.10000000000000853,0
119.5,119.5,0.9333333333333333,0.8368670528817588,0.0910822279984381,1.0591119977129764,0.09646628045157457,8.0,7.0,7.0,-0.10000000000000853,0
119.5,119.5,0.9333333333333333,0.8368670528817588,0.0910822279984381,1.0591119977129764,0.09646628045157457,8.0,7.0,7.0,0.30000000000001137,0
120.5,120.5,1.0,0.8012295900178253,0.08325937306900928,2.3873637604432165,0.19877040998217466,6.0,6.0,6.0,-0.3999999999999915,0
120.5,120.5,1.0,0.8012295900178253,0.08325937306900928,2.3873637604432165,0.19877040998217466,6.0,6.0,6.0,-0.19999999999998863,0
120.5,120.5,1.0,0.8012295900178253,0.08325937306900928,2.3873637604432165,0.19877040998217466,6.0,6.0,6.0,0.10000000000000853,0
120.5,120.5,1.0,0.8012295900178253,0.08325937306900928,2.3873637604432165,0.19877040998217466,6.0,6.0,6.0,-0.10000000000000853,0
120.5,120.5,1.0,0.8012295900178253,0.08325937306900928,2.3873637604432165,0.19877040998217466,6.0,6.0,6.0,0.30000000000001137,0
120.5,120.5,1.0,0.8012295900178253,0.08325937306900928,2.3873637604432165,0.19877040998217466,6.0,6.0,6.0,-0.19999999999998863,0
121.5,121.5,0.7272727272727273,0.6628530275280275,0.100939918351881,0.6381984530652168,0.06441969974469974,6.0,5.0,4.0,0.10000000000000853,0
121.5,121.5,0.7272727272727273,0.6628530275280275,0.100939918351881,0.6381984530652168,0.06441969974469974,6.0,5.0,4.0,-0.10000000000000853,0
121.5,121.5,0.7272727272727273,0.6628530275280275,0.100939918351881,0.6381984530652168,0.06441969974469974,6.0,5.0,4.0,0.30000000000001137,0
121.5,121.5,0.7272727272727273,0.6628530275280275,0.100939918351881,0.6381984530652168,0.06441969974469974,6.0,5.0,4.0,-0.19999999999998863,0
122.5,122.5,0.7272727272727273,0.6432495226995227,0.08003285490460543,1.0498588944922107,0.08402320457320456,7.0,4.0,4.0,-0.10000000000000853,0
122.5,122.5,0.7272727272727273,0.6432495226995227,0.08003285490460543,1.0498588944922107,0.08402320457320456,7.0,4.0,4.0,0.30000000000001137,0
122.5,122.5,0.7272727272727273,0.6432495226995227,0.08003285490460543,1.0498588944922107,0.08402320457320456,7.0,4.0,4.0,-0.19999999999998863,0
122.5,122.5,0.7272727272727273,0.6432495226995227,0.08003285490460543,1.0498588944922107,0.08402320457320456,7.0,4.0,4.0,-1.0,0
123.5,123.5,0.8333333333333334,0.7254508769008768,0.07644352125549224,1.4112701071407736,0.10788245643245653,7.0,5.0,5.0,0.30000000000001137,0
123.5,123.5,0.8333333333333334,0.7254508769008768,0.07644352125549224,1.4112701071407736,0.10788245643245653,7.0,5.0,5.0,-0.19999999999998863,0
123.5,123.5,0.8333333333333334,0.7254508769008768,0.07644352125549224,1.4112701071407736,0.10788245643245653,7.0,5.0,5.0,-1.0,0
123.5,123.5,0.8333333333333334,0.7254508769008768,0.07644352125549224,1.4112701071407736,0.10788245643245653,7.0,5.0,5.0,-0.7999999999999972,0
123.5,123.5,0.8333333333333334,0.7254508769008768,0.07644352125549224,1.4112701071407736,0.10788245643245653,7.0,5.0,5.0,-0.7000000000000028,0
124.5,124.5,0.6666666666666666,0.7401761821511822,0.06850976116617952,-1.0729787147587404,-0.07350951548451556,7.0,5.0,4.0,-1.0,0
124.5,124.5,0.6666666666666666,0.7401761821511822,0.06850976116617952,-1.0729787147587404,-0.07350951548451556,7.0,5.0,4.0,-0.7999999999999972,0
124.5,124.5,0.6666666666666666,0.7401761821511822,0.06850976116617952,-1.0729787147587404,-0.07350951548451556,7.0,5.0,4.0,-0.7000000000000028,0
124.5,124.5,0.6666666666666666,0.7401761821511822,0.06850976116617952,-1.0729787147587404,-0.07350951548451556,7.0,5.0,4.0,-0.3999999999999915,0
125.5,125.5,0.8,0.8217994045170517,0.06548506180578528,-0.3328912566610081,-0.021799404517051646,9.0,6.0,6.0,-1.0,0
125.5,125.5,0.8,0.8217994045170517,0.06548506180578528,-0.3328912566610081,-0.021799404517051646,9.0,6.0,6.0,-0.7999999999999972,0
125.5,125.5,0.8,0.8217994045170517,0.06548506180578528,-0.3328912566610081,-0.021799404517051646,9.0,6.0,6.0,-0.7000000000000028,0
125.5,125.5,0.8,0.8217994045170517,0.06548506180578528,-0.3328912566610081,-0.021799404517051646,9.0,6.0,6.0,-0.3999999999999915,0
125.5,125.5,0.8,0.8217994045170517,0.06548506180578528,-0.3328912566610081,-0.021799404517051646,9.0,6.0,6.0,-0.6999999999999886,0
125.5,125.5,0.8,0.8217994045170517,0.06548506180578528,-0.3328912566610081,-0.021799404517051646,9.0,6.0,6.0,-0.6999999999999886,0
126.5,126.5,0.9411764705882353,0.9179469792505397,0.06664538988690269,0.3485536115418645,0.023229491337695585,9.0,8.0,8.0,-0.4000000000000057,0
126.5,126.5,0.9411764705882353,0.9179469792505397,0.06664538988690269,0.3485536115418645,0.023229491337695585,9.0,8.0,8.0,-0.7999999999999972,0
126.5,126.5,0.9411764705882353,0.9179469792505397,0.06664538988690269,0.3485536115418645,0.023229491337695585,9.0,8.0,8.0,-0.7000000000000028,0
126.5,126.5,0.9411764705882353,0.9179469792505397,0.06664538988690269,0.3485536115418645,0.023229491337695585,9.0,8.0,8.0,-0.3999999999999915,0
126.5,126.5,0.9411764705882353,0.9179469792505397,0.06664538988690269,0.3485536115418645,0.023229491337695585,9.0,8.0,8.0,-0.6999999999999886,0
126.5,126.5,0.9411764705882353,0.9179469792505397,0.06664538988690269,0.3485536115418645,0.023229491337695585,9.0,8.0,8.0,-0.6999999999999886,0
126.5,126.5,0.9411764705882353,0.9179469792505397,0.06664538988690269,0.3485536115418645,0.023229491337695585,9.0,8.0,8.0,-0.5999999999999943,0
126.5,126.5,0.9411764705882353,0.9179469792505397,0.06664538988690269,0.3485536115418645,0.023229491337695585,9.0,8.0,8.0,-0.6999999999999886,0
127.5,127.5,1.0,0.9070100668337511,0.06768489956321794,1.3738652752139493,0.09298993316624893,9.0,9.0,9.0,-0.29999999999999716,0
127.5,127.5,1.0,0.9070100668337511,0.06768489956321794,1.3738652752139493,0.09298993316624893,9.0,9.0,9.0,0.20000000000000284,0
127.5,127.5,1.0,0.9070100668337511,0.06768489956321794,1.3738652752139493,0.09298993316624893,9.0,9.0,9.0,0.10000000000000853,0
127.5,127.5,1.0,0.9070100668337511,0.06768489956321794,1.3738652752139493,0.09298993316624893,9.0,9.0,9.0,-0.19999999999998863,0
127.5,127.5,1.0,0.9070100668337511,0.06768489956321794,1.3738652752139493,0.09298993316624893,9.0,9.0,9.0,-0.09999999999999432,0
127.5,127.5,1.0,0.9070100668337511,0.06768489956321794,1.3738652752139493,0.09298993316624893,9.0,9.0,9.0,-0.09999999999999432,0
127.5,127.5,1.0,0.9070100668337511,0.06768489956321794,1.3738652752139493,0.09298993316624893,9.0,9.0,9.0,-0.09999999999999432,0
127.5,127.5,1.0,0.9070100668337511,0.06768489956321794,1.3738652752139493,0.09298993316624893,9.0,9.0,9.0,-0.20000000000001705,0
127.5,127.5,1.0,0.9070100668337511,0.06768489956321794,1.3738652752139493,0.09298993316624893,9.0,9.0,9.0,-0.19999999999998863,0
128.5,128.5,0.9411764705882353,0.8967315205434402,0.071111309177578,0.6250053691714196,0.044444950044795095,9.0,8.0,8.0,0.10000000000000853,0
128.5,128.5,0.9411764705882353,0.8967315205434402,0.071111309177578,0.6250053691714196,0.044444950044795095,9.0,8.0,8.0,-0.19999999999998863,0
128.5,128.5,0.9411764705882353,0.8967315205434402,0.071111309177578,0.6250053691714196,0.044444950044795095,9.0,8.0,8.0,-0.09999999999999432,0
128.5,128.5,0.9411764705882353,0.8967315205434402,0.071111309177578,0.6250053691714196,0.044444950044795095,9.0,8.0,8.0,-0.09999999999999432,0
128.5,128.5,0.9411764705882353,0.8967315205434402,0.071111309177578,0.6250053691714196,0.044444950044795095,9.0,8.0,8.0,-0.09999999999999432,0
128.5,128.5,0.9411764705882353,0.8967315205434402,0.071111309177578,0.6250053691714196,0.044444950044795095,9.0,8.0,8.0,-0.20000000000001705,0
128.5,128.5,0.9411764705882353,0.8967315205434402,0.071111309177578,0.6250053691714196,0.044444950044795095,9.0,8.0,8.0,-0.19999999999998863,0
128.5,128.5,0.9411764705882353,0.8967315205434402,0.071111309177578,0.6250053691714196,0.044444950044795095,9.0,8.0,8.0,-0.09999999999999432,0
129.5,129.5,0.8235294117647058,0.8308533122965787,0.08181150072468567,-0.08952164997583177,-0.007323900531872818,9.0,8.0,7.0,-0.09999999999999432,0
129.5,129.5,0.8235294117647058,0.8308533122965787,0.08181150072468567,-0.08952164997583177,-0.007323900531872818,9.0,8.0,7.0,-0.09999999999999432,0
129.5,129.5,0.8235294117647058,0.8308533122965787,0.08181150072468567,-0.08952164997583177,-0.007323900531872818,9.0,8.0,7.0,-0.09999999999999432,0
129.5,129.5,0.8235294117647058,0.8308533122965787,0.08181150072468567,-0.08952164997583177,-0.007323900531872818,9.0,8.0,7.0,-0.20000000000001705,0
129.5,129.5,0.8235294117647058,0.8308533122965787,0.08181150072468567,-0.08952164997583177,-0.007323900531872818,9.0,8.0,7.0,-0.19999999999998863,0
129.5,129.5,0.8235294117647058,0.8308533122965787,0.08181150072468567,-0.08952164997583177,-0.007323900531872818,9.0,8.0,7.0,-0.09999999999999432,0
129.5,129.5,0.8235294117647058,0.8308533122965787,0.08181150072468567,-0.08952164997583177,-0.007323900531872818,9.0,8.0,7.0,-0.39999999999997726,0
130.5,130.5,0.875,0.8103299661123191,0.08436451001770673,0.7665549633857615,0.06467003388768089,9.0,7.0,7.0,-0.09999999999999432,0
130.5,130.5,0.875,0.8103299661123191,0.08436451001770673,0.7665549633857615,0.06467003388768089,9.0,7.0,7.0,-0.09999999999999432,0
130.5,130.5,0.875,0.8103299661123191,0.08436451001770673,0.7665549633857615,0.06467003388768089,9.0,7.0,7.0,-0.20000000000001705,0
130.5,130.5,0.875,0.8103299661123191,0.08436451001770673,0.7665549633857615,0.06467003388768089,9.0,7.0,7.0,-0.19999999999998863,0
130.5,130.5,0.875,0.8103299661123191,0.08436451001770673,0.7665549633857615,0.06467003388768089,9.0,7.0,7.0,-0.09999999999999432,0
130.5,130.5,0.875,0.8103299661123191,0.08436451001770673,0.7665549633857615,0.06467003388768089,9.0,7.0,7.0,-0.39999999999997726,0
130.5,130.5,0.875,0.8103299661123191,0.08436451001770673,0.7665549633857615,0.06467003388768089,9.0,7.0,7.0,-0.5,0
131.5,131.5,0.8,0.7917626324655737,0.08506202453882086,0.09683954242903063,0.008237367534426387,9.0,6.0,6.0,-0.20000000000001705,0
131.5,131.5,0.8,0.7917626324655737,0.08506202453882086,0.09683954242903063,0.008237367534426387,9.0,6.0,6.0,-0.19999999999998863,0
131.5,131.5,0.8,0.7917626324655737,0.08506202453882086,0.09683954242903063,0.008237367534426387,9.0,6.0,6.0,-0.09999999999999432,0
131.5,131.5,0.8,0.7917626324655737,0.08506202453882086,0.09683954242903063,0.008237367534426387,9.0,6.0,6.0,-0.39999999999997726,0
131.5,131.5,0.8,0.7917626324655737,0.08506202453882086,0.09683954242903063,0.008237367534426387,9.0,6.0,6.0,-0.5,0
131.5,131.5,0.8,0.7917626324655737,0.08506202453882086,0.09683954242903063,0.008237367534426387,9.0,6.0,6.0,-0.700000000000017,0
132.5,132.5,0.6153846153846154,0.6390932206682206,0.08894824229142297,-0.26654383125332815,-0.02370860528360519,8.0,5.0,4.0,-0.09999999999999432,0
132.5,132.5,0.6153846153846154,0.6390932206682206,0.08894824229142297,-0.26654383125332815,-0.02370860528360519,8.0,5.0,4.0,-0.39999999999997726,0
132.5,132.5,0.6153846153846154,0.6390932206682206,0.08894824229142297,-0.26654383125332815,-0.02370860528360519,8.0,5.0,4.0,-0.5,0
132.5,132.5,0.6153846153846154,0.6390932206682206,0.08894824229142297,-0.26654383125332815,-0.02370860528360519,8.0,5.0,4.0,-0.700000000000017,0
133.5,133.5,0.6666666666666666,0.661663381063381,0.0702959778957073,0.07117456436424649,0.005003285603285668,8.0,4.0,4.0,0.20000000000001705,0
133.5,133.5,0.6666666666666666,0.661663381063381,0.0702959778957073,0.07117456436424649,0.005003285603285668,8.0,4.0,4.0,-0.5,0
133.5,133.5,0.6666666666666666,0.661663381063381,0.0702959778957073,0.07117456436424649,0.005003285603285668,8.0,4.0,4.0,-0.700000000000017,0
133.5,133.5,0.6666666666666666,0.661663381063381,0.0702959778957073,0.07117456436424649,0.005003285603285668,8.0,4.0,4.0,-0.799999999999983,0
134.5,134.5,0.7272727272727273,0.7579357364857364,0.06875437662275449,-0.44597901572510373,-0.03066300921300913,6.0,5.0,4.0,-0.5,0
134.5,134.5,0.7272727272727273,0.7579357364857364,0.06875437662275449,-0.44597901572510373,-0.03066300921300913,6.0,5.0,4.0,-0.700000000000017,0
134.5,134.5,0.7272727272727273,0.7579357364857364,0.06875437662275449,-0.44597901572510373,-0.03066300921300913,6.0,5.0,4.0,-0.799999999999983,0
134.5,134.5,0.7272727272727273,0.7579357364857364,0.06875437662275449,-0.44597901572510373,-0.03066300921300913,6.0,5.0,4.0,-1.0,0
135.5,135.5,0.8333333333333334,0.804192312099665,0.0776086846718917,0.375486601233723,0.02914102123366835,6.0,6.0,5.0,0.19999999999998863,0
135.5,135.5,0.8333333333333334,0.804192312099665,0.0776086846718917,0.375486601233723,0.02914102123366835,6.0,6.0,5.0,-0.09999999999999432,0
135.5,135.5,0.8333333333333334,0.804192312099665,0.0776086846718917,0.375486601233723,0.02914102123366835,6.0,6.0,5.0,-0.799999999999983,0
135.5,135.5,0.8333333333333334,0.804192312099665,0.0776086846718917,0.375486601233723,0.02914102123366835,6.0,6.0,5.0,-1.0,0
135.5,135.5,0.8333333333333334,0.804192312099665,0.0776086846718917,0.375486601233723,0.02914102123366835,6.0,6.0,5.0,0.5,0
136.5,136.5,0.6,0.7541837662337662,0.07309345840614558,-2.1094058154567037,-0.15418376623376617,5.0,5.0,3.0,-0.799999999999983,0
136.5,136.5,0.6,0.7541837662337662,0.07309345840614558,-2.1094058154567037,-0.15418376623376617,5.0,5.0,3.0,-1.0,0
136.5,136.5,0.6,0.7541837662337662,0.07309345840614558,-2.1094058154567037,-0.15418376623376617,5.0,5.0,3.0,-0.09999999999999432,0
137.5,137.5,0.5454545454545454,0.7190421356421357,0.09051864074354711,-1.917699920830561,-0.1735875901875903,6.0,5.0,3.0,0.0,0
137.5,137.5,0.5454545454545454,0.7190421356421357,0.09051864074354711,-1.917699920830561,-0.1735875901875903,6.0,5.0,3.0,-0.5,0
137.5,137.5,0.5454545454545454,0.7190421356421357,0.09051864074354711,-1.917699920830561,-0.1735875901875903,6.0,5.0,3.0,-0.09999999999999432,0
138.5,138.5,0.5,0.7766102235999295,0.08379827352949717,-3.30090599662011,-0.2766102235999295,6.0,6.0,3.0,-0.09999999999999432,0
138.5,138.5,0.5,0.7766102235999295,0.08379827352949717,-3.30090599662011,-0.2766102235999295,6.0,6.0,3.0,-0.700000000000017,0
138.5,138.5,0.5,0.7766102235999295,0.08379827352949717,-3.30090599662011,-0.2766102235999295,6.0,6.0,3.0,-0.6999999999999886,0
139.5,139.5,0.6153846153846154,0.7421526945276945,0.06866647970700575,-1.8461421014152481,-0.12676807914307908,8.0,5.0,4.0,-0.09999999999999432,0
139.5,139.5,0.6153846153846154,0.7421526945276945,0.06866647970700575,-1.8461421014152481,-0.12676807914307908,8.0,5.0,4.0,-0.700000000000017,0
139.5,139.5,0.6153846153846154,0.7421526945276945,0.06866647970700575,-1.8461421014152481,-0.12676807914307908,8.0,5.0,4.0,-0.6999999999999886,0
139.5,139.5,0.6153846153846154,0.7421526945276945,0.06866647970700575,-1.8461421014152481,-0.12676807914307908,8.0,5.0,4.0,-0.9000000000000057,0
140.5,140.5,0.5333333333333333,0.6491355588855587,0.0652724874740962,-1.774135321534701,-0.11580222555222541,11.0,4.0,4.0,-0.09999999999999432,0
140.5,140.5,0.5333333333333333,0.6491355588855587,0.0652724874740962,-1.774135321534701,-0.11580222555222541,11.0,4.0,4.0,-0.700000000000017,0
140.5,140.5,0.5333333333333333,0.6491355588855587,0.0652724874740962,-1.774135321534701,-0.11580222555222541,11.0,4.0,4.0,-0.6999999999999886,0
140.5,140.5,0.5333333333333333,0.6491355588855587,0.0652724874740962,-1.774135321534701,-0.11580222555222541,11.0,4.0,4.0,-0.9000000000000057,0
141.5,141.5,0.46153846153846156,0.5321835719835719,0.06799633246884379,-1.0389547182927878,-0.07064511044511035,10.0,3.0,3.0,-0.700000000000017,0
141.5,141.5,0.46153846153846156,0.5321835719835719,0.06799633246884379,-1.0389547182927878,-0.07064511044511035,10.0,3.0,3.0,-0.6999999999999886,0
141.5,141.5,0.46153846153846156,0.5321835719835719,0.06799633246884379,-1.0389547182927878,-0.07064511044511035,10.0,3.0,3.0,-0.9000000000000057,0
142.5,142.5,0.7142857142857143,0.7186102758352758,0.08169373540946753,-0.05293626895484493,-0.004324561549561512,9.0,5.0,5.0,-0.09999999999999432,0
142.5,142.5,0.7142857142857143,0.7186102758352758,0.08169373540946753,-0.05293626895484493,-0.004324561549561512,9.0,5.0,5.0,-0.30000000000001137,0
142.5,142.5,0.7142857142857143,0.7186102758352758,0.08169373540946753,-0.05293626895484493,-0.004324561549561512,9.0,5.0,5.0,-0.5,0
142.5,142.5,0.7142857142857143,0.7186102758352758,0.08169373540946753,-0.05293626895484493,-0.004324561549561512,9.0,5.0,5.0,-0.5999999999999943,0
142.5,142.5,0.7142857142857143,0.7186102758352758,0.08169373540946753,-0.05293626895484493,-0.004324561549561512,9.0,5.0,5.0,-0.20000000000001705,0
143.5,143.5,0.7142857142857143,0.7419022423654776,0.08848133326259648,-0.3121169975796195,-0.027616528079763336,8.0,6.0,5.0,0.09999999999999432,0
143.5,143.5,0.7142857142857143,0.7419022423654776,0.08848133326259648,-0.3121169975796195,-0.027616528079763336,8.0,6.0,5.0,0.0,0
143.5,143.5,0.7142857142857143,0.7419022423654776,0.08848133326259648,-0.3121169975796195,-0.027616528079763336,8.0,6.0,5.0,-0.5999999999999943,0
143.5,143.5,0.7142857142857143,0.7419022423654776,0.08848133326259648,-0.3121169975796195,-0.027616528079763336,8.0,6.0,5.0,-0.20000000000001705,0
143.5,143.5,0.7142857142857143,0.7419022423654776,0.08848133326259648,-0.3121169975796195,-0.027616528079763336,8.0,6.0,5.0,0.0,0
144.5,144.5,0.7692307692307693,0.7319465173715174,0.07565712635660633,0.49280555123801956,0.03728425185925188,8.0,5.0,5.0,-0.5999999999999943,0
144.5,144.5,0.7692307692307693,0.7319465173715174,0.07565712635660633,0.49280555123801956,0.03728425185925188,8.0,5.0,5.0,-0.20000000000001705,0
144.5,144.5,0.7692307692307693,0.7319465173715174,0.07565712635660633,0.49280555123801956,0.03728425185925188,8.0,5.0,5.0,0.0,0
144.5,144.5,0.7692307692307693,0.7319465173715174,0.07565712635660633,0.49280555123801956,0.03728425185925188,8.0,5.0,5.0,0.19999999999998863,0
144.5,144.5,0.7692307692307693,0.7319465173715174,0.07565712635660633,0.49280555123801956,0.03728425185925188,8.0,5.0,5.0,0.29999999999998295,0
145.5,145.5,0.9333333333333333,0.8836910595940008,0.06426031314272806,0.7725183913914712,0.0496422737393325,8.0,7.0,7.0,-0.5999999999999943,0
145.5,145.5,0.9333333333333333,0.8836910595940008,0.06426031314272806,0.7725183913914712,0.0496422737393325,8.0,7.0,7.0,-0.20000000000001705,0
145.5,145.5,0.9333333333333333,0.8836910595940008,0.06426031314272806,0.7725183913914712,0.0496422737393325,8.0,7.0,7.0,0.0,0
145.5,145.5,0.9333333333333333,0.8836910595940008,0.06426031314272806,0.7725183913914712,0.0496422737393325,8.0,7.0,7.0,0.19999999999998863,0
145.5,145.5,0.9333333333333333,0.8836910595940008,0.06426031314272806,0.7725183913914712,0.0496422737393325,8.0,7.0,7.0,0.29999999999998295,0
145.5,145.5,0.9333333333333333,0.8836910595940008,0.06426031314272806,0.7725183913914712,0.0496422737393325,8.0,7.0,7.0,0.09999999999999432,0
145.5,145.5,0.9333333333333333,0.8836910595940008,0.06426031314272806,0.7725183913914712,0.0496422737393325,8.0,7.0,7.0,-0.20000000000001705,0
146.5,146.5,0.9333333333333333,0.8702923039121183,0.07998345754446477,0.7881758473140396,0.06304102942121503,7.0,8.0,7.0,-0.20000000000001705,0
146.5,146.5,0.9333333333333333,0.8702923039121183,0.07998345754446477,0.7881758473140396,0.06304102942121503,7.0,8.0,7.0,0.0,0
146.5,146.5,0.9333333333333333,0.8702923039121183,0.07998345754446477,0.7881758473140396,0.06304102942121503,7.0,8.0,7.0,0.19999999999998863,0
146.5,146.5,0.9333333333333333,0.8702923039121183,0.07998345754446477,0.7881758473140396,0.06304102942121503,7.0,8.0,7.0,0.29999999999998295,0
146.5,146.5,0.9333333333333333,0.8702923039121183,0.07998345754446477,0.7881758473140396,0.06304102942121503,7.0,8.0,7.0,0.09999999999999432,0
146.5,146.5,0.9333333333333333,0.8702923039121183,0.07998345754446477,0.7881758473140396,0.06304102942121503,7.0,8.0,7.0,-0.20000000000001705,0
146.5,146.5,0.9333333333333333,0.8702923039121183,0.07998345754446477,0.7881758473140396,0.06304102942121503,7.0,8.0,7.0,0.19999999999998863,0
147.5,147.5,1.0,0.9058722333737814,0.07071615718642313,1.331064503096193,0.09412776662621858,8.0,8.0,8.0,0.0,0
147.5,147.5,1.0,0.9058722333737814,0.07071615718642313,1.331064503096193,0.09412776662621858,8.0,8.0,8.0,0.19999999999998863,0
147.5,147.5,1.0,0.9058722333737814,0.07071615718642313,1.331064503096193,0.09412776662621858,8.0,8.0,8.0,0.29999999999998295,0
147.5,147.5,1.0,0.9058722333737814,0.07071615718642313,1.331064503096193,0.09412776662621858,8.0,8.0,8.0,0.09999999999999432,0
147.5,147.5,1.0,0.9058722333737814,0.07071615718642313,1.331064503096193,0.09412776662621858,8.0,8.0,8.0,-0.20000000000001705,0
147.5,147.5,1.0,0.9058722333737814,0.07071615718642313,1.331064503096193,0.09412776662621858,8.0,8.0,8.0,0.19999999999998863,0
147.5,147.5,1.0,0.9058722333737814,0.07071615718642313,1.331064503096193,0.09412776662621858,8.0,8.0,8.0,0.0,0
147.5,147.5,1.0,0.9058722333737814,0.07071615718642313,1.331064503096193,0.09412776662621858,8.0,8.0,8.0,-0.20000000000001705,0
148.5,148.5,0.8,0.8098454320189614,0.07718180741181761,-0.12756156339316177,-0.009845432018961375,9.0,6.0,6.0,-0.30000000000001137,0
148.5,148.5,0.8,0.8098454320189614,0.07718180741181761,-0.12756156339316177,-0.009845432018961375,9.0,6.0,6.0,-0.4000000000000057,0
148.5,148.5,0.8,0.8098454320189614,0.07718180741181761,-0.12756156339316177,-0.009845432018961375,9.0,6.0,6.0,-0.700000000000017,0
148.5,148.5,0.8,0.8098454320189614,0.07718180741181761,-0.12756156339316177,-0.009845432018961375,9.0,6.0,6.0,-0.8000000000000114,0
148.5,148.5,0.8,0.8098454320189614,0.07718180741181761,-0.12756156339316177,-0.009845432018961375,9.0,6.0,6.0,-0.4000000000000057,0
148.5,148.5,0.8,0.8098454320189614,0.07718180741181761,-0.12756156339316177,-0.009845432018961375,9.0,6.0,6.0,-0.8000000000000114,0
149.5,149.5,0.7692307692307693,0.6873226606726607,0.10230159150073825,0.8006533168891855,0.0819081085581086,8.0,5.0,5.0,0.09999999999999432,0
149.5,149.5,0.7692307692307693,0.6873226606726607,0.10230159150073825,0.8006533168891855,0.0819081085581086,8.0,5.0,5.0,-0.20000000000001705,0
149.5,149.5,0.7692307692307693,0.6873226606726607,0.10230159150073825,0.8006533168891855,0.0819081085581086,8.0,5.0,5.0,0.19999999999998863,0
149.5,149.5,0.7692307692307693,0.6873226606726607,0.10230159150073825,0.8006533168891855,0.0819081085581086,8.0,5.0,5.0,0.0,0
149.5,149.5,0.7692307692307693,0.6873226606726607,0.10230159150073825,0.8006533168891855,0.0819081085581086,8.0,5.0,5.0,-0.20000000000001705,0
150.5,150.5,0.8,0.6428042901542901,0.08289701134701699,1.89627716719086,0.15719570984570996,6.0,4.0,4.0,0.19999999999998863,0
150.5,150.5,0.8,0.6428042901542901,0.08289701134701699,1.89627716719086,0.15719570984570996,6.0,4.0,4.0,0.0,0
150.5,150.5,0.8,0.6428042901542901,0.08289701134701699,1.89627716719086,0.15719570984570996,6.0,4.0,4.0,-0.20000000000001705,0
150.5,150.5,0.8,0.6428042901542901,0.08289701134701699,1.89627716719086,0.15719570984570996,6.0,4.0,4.0,-0.5999999999999943,0
151.5,151.5,0.8,0.6233534687534688,0.08626938572649945,2.047615498347876,0.1766465312465313,6.0,4.0,4.0,0.0,0
151.5,151.5,0.8,0.6233534687534688,0.08626938572649945,2.047615498347876,0.1766465312465313,6.0,4.0,4.0,-0.20000000000001705,0
151.5,151.5,0.8,0.6233534687534688,0.08626938572649945,2.047615498347876,0.1766465312465313,6.0,4.0,4.0,-0.5999999999999943,0
151.5,151.5,0.8,0.6233534687534688,0.08626938572649945,2.047615498347876,0.1766465312465313,6.0,4.0,4.0,0.19999999999998863,0
152.5,152.5,0.6,0.6522678654678654,0.07533646619422214,-0.6937923705249938,-0.05226786546786544,6.0,4.0,3.0,-0.5999999999999943,0
152.5,152.5,0.6,0.6522678654678654,0.07533646619422214,-0.6937923705249938,-0.05226786546786544,6.0,4.0,3.0,0.19999999999998863,0
152.5,152.5,0.6,0.6522678654678654,0.07533646619422214,-0.6937923705249938,-0.05226786546786544,6.0,4.0,3.0,-0.19999999999998863,0
153.5,153.5,0.7692307692307693,0.8225585003232063,0.06888271259801686,-0.7741816354365284,-0.05332773109243705,7.0,6.0,5.0,-0.5999999999999943,0
153.5,153.5,0.7692307692307693,0.8225585003232063,0.06888271259801686,-0.7741816354365284,-0.05332773109243705,7.0,6.0,5.0,0.19999999999998863,0
153.5,153.5,0.7692307692307693,0.8225585003232063,0.06888271259801686,-0.7741816354365284,-0.05332773109243705,7.0,6.0,5.0,-0.19999999999998863,0
153.5,153.5,0.7692307692307693,0.8225585003232063,0.06888271259801686,-0.7741816354365284,-0.05332773109243705,7.0,6.0,5.0,-0.19999999999998863,0
153.5,153.5,0.7692307692307693,0.8225585003232063,0.06888271259801686,-0.7741816354365284,-0.05332773109243705,7.0,6.0,5.0,-0.5,0
154.5,154.5,0.7692307692307693,0.8868553044994222,0.06170693866950197,-1.9061800472494943,-0.11762453526865291,6.0,7.0,5.0,0.19999999999998863,0
154.5,154.5,0.7692307692307693,0.8868553044994222,0.06170693866950197,-1.9061800472494943,-0.11762453526865291,6.0,7.0,5.0,-0.19999999999998863,0
154.5,154.5,0.7692307692307693,0.8868553044994222,0.06170693866950197,-1.9061800472494943,-0.11762453526865291,6.0,7.0,5.0,-0.19999999999998863,0
154.5,154.5,0.7692307692307693,0.8868553044994222,0.06170693866950197,-1.9061800472494943,-0.11762453526865291,6.0,7.0,5.0,-0.5,0
154.5,154.5,0.7692307692307693,0.8868553044994222,0.06170693866950197,-1.9061800472494943,-0.11762453526865291,6.0,7.0,5.0,-0.5,0
155.5,155.5,0.8,0.8579830994169231,0.07747885628319162,-0.7483731975210116,-0.057983099416923034,8.0,7.0,6.0,0.19999999999998863,0
155.5,155.5,0.8,0.8579830994169231,0.07747885628319162,-0.7483731975210116,-0.057983099416923034,8.0,7.0,6.0,-0.19999999999998863,0
155.5,155.5,0.8,0.8579830994169231,0.07747885628319162,-0.7483731975210116,-0.057983099416923034,8.0,7.0,6.0,-0.19999999999998863,0
155.5,155.5,0.8,0.8579830994169231,0.07747885628319162,-0.7483731975210116,-0.057983099416923034,8.0,7.0,6.0,-0.5,0
155.5,155.5,0.8,0.8579830994169231,0.07747885628319162,-0.7483731975210116,-0.057983099416923034,8.0,7.0,6.0,-0.5,0
155.5,155.5,0.8,0.8579830994169231,0.07747885628319162,-0.7483731975210116,-0.057983099416923034,8.0,7.0,6.0,-0.6999999999999886,0
156.5,156.5,0.75,0.8007409987071753,0.08778018228596875,-0.5780461760932799,-0.0507409987071753,9.0,7.0,6.0,-0.19999999999998863,0
156.5,156.5,0.75,0.8007409987071753,0.08778018228596875,-0.5780461760932799,-0.0507409987071753,9.0,7.0,6.0,-0.19999999999998863,0
156.5,156.5,0.75,0.8007409987071753,0.08778018228596875,-0.5780461760932799,-0.0507409987071753,9.0,7.0,6.0,-0.5,0
156.5,156.5,0.75,0.8007409987071753,0.08778018228596875,-0.5780461760932799,-0.0507409987071753,9.0,7.0,6.0,-0.5,0
156.5,156.5,0.75,0.8007409987071753,0.08778018228596875,-0.5780461760932799,-0.0507409987071753,9.0,7.0,6.0,-0.6999999999999886,0
156.5,156.5,0.75,0.8007409987071753,0.08778018228596875,-0.5780461760932799,-0.0507409987071753,9.0,7.0,6.0,-0.700000000000017,0
157.5,157.5,0.6666666666666666,0.7001699356199356,0.09833106479917675,-0.3407190700283095,-0.03350326895326894,10.0,5.0,5.0,-0.19999999999998863,0
157.5,157.5,0.6666666666666666,0.7001699356199356,0.09833106479917675,-0.3407190700283095,-0.03350326895326894,10.0,5.0,5.0,-0.5,0
157.5,157.5,0.6666666666666666,0.7001699356199356,0.09833106479917675,-0.3407190700283095,-0.03350326895326894,10.0,5.0,5.0,-0.5,0
157.5,157.5,0.6666666666666666,0.7001699356199356,0.09833106479917675,-0.3407190700283095,-0.03350326895326894,10.0,5.0,5.0,-0.6999999999999886,0
157.5,157.5,0.6666666666666666,0.7001699356199356,0.09833106479917675,-0.3407190700283095,-0.03350326895326894,10.0,5.0,5.0,-0.700000000000017,0
158.5,158.5,0.46153846153846156,0.526400777000777,0.07791726948391729,-0.8324510842324054,-0.06486231546231547,10.0,3.0,3.0,-0.5,0
158.5,158.5,0.46153846153846156,0.526400777000777,0.07791726948391729,-0.8324510842324054,-0.06486231546231547,10.0,3.0,3.0,-0.6999999999999886,0
158.5,158.5,0.46153846153846156,0.526400777000777,0.07791726948391729,-0.8324510842324054,-0.06486231546231547,10.0,3.0,3.0,-0.700000000000017,0
159.5,159.5,0.5714285714285714,0.6421411754911756,0.07531953858402658,-0.9388348015929104,-0.07071260406260416,10.0,4.0,4.0,-0.09999999999999432,0
159.5,159.5,0.5714285714285714,0.6421411754911756,0.07531953858402658,-0.9388348015929104,-0.07071260406260416,10.0,4.0,4.0,-0.700000000000017,0
159.5,159.5,0.5714285714285714,0.6421411754911756,0.07531953858402658,-0.9388348015929104,-0.07071260406260416,10.0,4.0,4.0,-0.9000000000000057,0
159.5,159.5,0.5714285714285714,0.6421411754911756,0.07531953858402658,-0.9388348015929104,-0.07071260406260416,10.0,4.0,4.0,-0.8000000000000114,0
160.5,160.5,0.5714285714285714,0.6548209013209013,0.06830381935240563,-1.220902881902941,-0.08339232989232992,10.0,4.0,4.0,0.0,0
160.5,160.5,0.5714285714285714,0.6548209013209013,0.06830381935240563,-1.220902881902941,-0.08339232989232992,10.0,4.0,4.0,-0.9000000000000057,0
160.5,160.5,0.5714285714285714,0.6548209013209013,0.06830381935240563,-1.220902881902941,-0.08339232989232992,10.0,4.0,4.0,-0.8000000000000114,0
160.5,160.5,0.5714285714285714,0.6548209013209013,0.06830381935240563,-1.220902881902941,-0.08339232989232992,10.0,4.0,4.0,-1.0,0
161.5,161.5,0.7142857142857143,0.743413591963592,0.07513364137059937,-0.3876808996146403,-0.029127877677877723,9.0,5.0,5.0,-0.9000000000000057,0
161.5,161.5,0.7142857142857143,0.743413591963592,0.07513364137059937,-0.3876808996146403,-0.029127877677877723,9.0,5.0,5.0,-0.8000000000000114,0
161.5,161.5,0.7142857142857143,0.743413591963592,0.07513364137059937,-0.3876808996146403,-0.029127877677877723,9.0,5.0,5.0,-1.0,0
161.5,161.5,0.7142857142857143,0.743413591963592,0.07513364137059937,-0.3876808996146403,-0.029127877677877723,9.0,5.0,5.0,-0.9000000000000057,0
161.5,161.5,0.7142857142857143,0.743413591963592,0.07513364137059937,-0.3876808996146403,-0.029127877677877723,9.0,5.0,5.0,-0.9000000000000057,0
162.5,162.5,0.8,0.8315180368650958,0.06614349741184522,-0.4765099835717401,-0.0315180368650958,9.0,6.0,6.0,-0.9000000000000057,0
162.5,162.5,0.8,0.8315180368650958,0.06614349741184522,-0.4765099835717401,-0.0315180368650958,9.0,6.0,6.0,-0.8000000000000114,0
162.5,162.5,0.8,0.8315180368650958,0.06614349741184522,-0.4765099835717401,-0.0315180368650958,9.0,6.0,6.0,-1.0,0
162.5,162.5,0.8,0.8315180368650958,0.06614349741184522,-0.4765099835717401,-0.0315180368650958,9.0,6.0,6.0,-0.9000000000000057,0
162.5,162.5,0.8,0.8315180368650958,0.06614349741184522,-0.4765099835717401,-0.0315180368650958,9.0,6.0,6.0,-0.9000000000000057,0
162.5,162.5,0.8,0.8315180368650958,0.06614349741184522,-0.4765099835717401,-0.0315180368650958,9.0,6.0,6.0,-0.9000000000000057,0
163.5,163.5,1.0,0.8563312225356344,0.07254078160526702,1.9805242552547038,0.14366877746436557,7.0,7.0,7.0,0.0,0
163.5,163.5,1.0,0.8563312225356344,0.07254078160526702,1.9805242552547038,0.14366877746436557,7.0,7.0,7.0,-0.20000000000001705,0
163.5,163.5,1.0,0.8563312225356344,0.07254078160526702,1.9805242552547038,0.14366877746436557,7.0,7.0,7.0,-0.29999999999998295,0
163.5,163.5,1.0,0.8563312225356344,0.07254078160526702,1.9805242552547038,0.14366877746436557,7.0,7.0,7.0,-0.30000000000001137,0
163.5,163.5,1.0,0.8563312225356344,0.07254078160526702,1.9805242552547038,0.14366877746436557,7.0,7.0,7.0,-0.30000000000001137,0
163.5,163.5,1.0,0.8563312225356344,0.07254078160526702,1.9805242552547038,0.14366877746436557,7.0,7.0,7.0,-0.30000000000001137,0
163.5,163.5,1.0,0.8563312225356344,0.07254078160526702,1.9805242552547038,0.14366877746436557,7.0,7.0,7.0,-0.5,0
164.5,164.5,0.9090909090909091,0.7356463175713176,0.08001271366886173,2.1677128991950476,0.17344459151959146,6.0,5.0,5.0,-0.29999999999998295,0
164.5,164.5,0.9090909090909091,0.7356463175713176,0.08001271366886173,2.1677128991950476,0.17344459151959146,6.0,5.0,5.0,-0.30000000000001137,0
164.5,164.5,0.9090909090909091,0.7356463175713176,0.08001271366886173,2.1677128991950476,0.17344459151959146,6.0,5.0,5.0,-0.30000000000001137,0
164.5,164.5,0.9090909090909091,0.7356463175713176,0.08001271366886173,2.1677128991950476,0.17344459151959146,6.0,5.0,5.0,-0.30000000000001137,0
164.5,164.5,0.9090909090909091,0.7356463175713176,0.08001271366886173,2.1677128991950476,0.17344459151959146,6.0,5.0,5.0,-0.5,0
165.5,165.5,0.9230769230769231,0.7961037398875636,0.07989106642642878,1.5893289308672385,0.12697318318935957,7.0,6.0,6.0,-0.30000000000001137,0
165.5,165.5,0.9230769230769231,0.7961037398875636,0.07989106642642878,1.5893289308672385,0.12697318318935957,7.0,6.0,6.0,-0.30000000000001137,0
165.5,165.5,0.9230769230769231,0.7961037398875636,0.07989106642642878,1.5893289308672385,0.12697318318935957,7.0,6.0,6.0,-0.30000000000001137,0
165.5,165.5,0.9230769230769231,0.7961037398875636,0.07989106642642878,1.5893289308672385,0.12697318318935957,7.0,6.0,6.0,-0.5,0
165.5,165.5,0.9230769230769231,0.7961037398875636,0.07989106642642878,1.5893289308672385,0.12697318318935957,7.0,6.0,6.0,-0.5,0
165.5,165.5,0.9230769230769231,0.7961037398875636,0.07989106642642878,1.5893289308672385,0.12697318318935957,7.0,6.0,6.0,-0.5999999999999943,0
166.5,166.5,0.9090909090909091,0.7489353063603064,0.06918454796448373,2.3149042299563694,0.1601556027306027,6.0,5.0,5.0,-0.30000000000001137,0
166.5,166.5,0.9090909090909091,0.7489353063603064,0.06918454796448373,2.3149042299563694,0.1601556027306027,6.0,5.0,5.0,-0.5,0
166.5,166.5,0.9090909090909091,0.7489353063603064,0.06918454796448373,2.3149042299563694,0.1601556027306027,6.0,5.0,5.0,-0.5,0
166.5,166.5,0.9090909090909091,0.7489353063603064,0.06918454796448373,2.3149042299563694,0.1601556027306027,6.0,5.0,5.0,-0.5999999999999943,0
166.5,166.5,0.9090909090909091,0.7489353063603064,0.06918454796448373,2.3149042299563694,0.1601556027306027,6.0,5.0,5.0,-0.9000000000000057,0
167.5,167.5,0.8333333333333334,0.8252928297193005,0.067135113649016,0.1197659939337975,0.008040503614032857,6.0,6.0,5.0,-0.5,0
167.5,167.5,0.8333333333333334,0.8252928297193005,0.067135113649016,0.1197659939337975,0.008040503614032857,6.0,6.0,5.0,-0.5999999999999943,0
167.5,167.5,0.8333333333333334,0.8252928297193005,0.067135113649016,0.1197659939337975,0.008040503614032857,6.0,6.0,5.0,-0.9000000000000057,0
167.5,167.5,0.8333333333333334,0.8252928297193005,0.067135113649016,0.1197659939337975,0.008040503614032857,6.0,6.0,5.0,-0.5999999999999943,0
167.5,167.5,0.8333333333333334,0.8252928297193005,0.067135113649016,0.1197659939337975,0.008040503614032857,6.0,6.0,5.0,-0.6000000000000227,0
168.5,168.5,0.9230769230769231,0.8264342383107092,0.0668001881022816,1.4467427040510545,0.09664268476621396,7.0,6.0,6.0,-0.5,0
168.5,168.5,0.9230769230769231,0.8264342383107092,0.0668001881022816,1.4467427040510545,0.09664268476621396,7.0,6.0,6.0,-0.5999999999999943,0
168.5,168.5,0.9230769230769231,0.8264342383107092,0.0668001881022816,1.4467427040510545,0.09664268476621396,7.0,6.0,6.0,-0.9000000000000057,0
168.5,168.5,0.9230769230769231,0.8264342383107092,0.0668001881022816,1.4467427040510545,0.09664268476621396,7.0,6.0,6.0,-0.5999999999999943,0
168.5,168.5,0.9230769230769231,0.8264342383107092,0.0668001881022816,1.4467427040510545,0.09664268476621396,7.0,6.0,6.0,-0.6000000000000227,0
168.5,168.5,0.9230769230769231,0.8264342383107092,0.0668001881022816,1.4467427040510545,0.09664268476621396,7.0,6.0,6.0,-0.5999999999999943,0
169.5,169.5,1.0,0.9027644812445896,0.06836396952321634,1.4223211354394696,0.09723551875541037,8.0,8.0,8.0,0.20000000000001705,0
169.5,169.5,1.0,0.9027644812445896,0.06836396952321634,1.4223211354394696,0.09723551875541037,8.0,8.0,8.0,0.0,0
169.5,169.5,1.0,0.9027644812445896,0.06836396952321634,1.4223211354394696,0.09723551875541037,8.0,8.0,8.0,-0.20000000000001705,0
169.5,169.5,1.0,0.9027644812445896,0.06836396952321634,1.4223211354394696,0.09723551875541037,8.0,8.0,8.0,0.0,0
169.5,169.5,1.0,0.9027644812445896,0.06836396952321634,1.4223211354394696,0.09723551875541037,8.0,8.0,8.0,0.0,0
169.5,169.5,1.0,0.9027644812445896,0.06836396952321634,1.4223211354394696,0.09723551875541037,8.0,8.0,8.0,0.19999999999998863,0
169.5,169.5,1.0,0.9027644812445896,0.06836396952321634,1.4223211354394696,0.09723551875541037,8.0,8.0,8.0,-0.20000000000001705,0
169.5,169.5,1.0,0.9027644812445896,0.06836396952321634,1.4223211354394696,0.09723551875541037,8.0,8.0,8.0,-0.20000000000001705,0
170.5,170.5,1.0,0.8811049135505019,0.06345607904925567,1.8736595174310997,0.11889508644949809,7.0,7.0,7.0,-0.20000000000001705,0
170.5,170.5,1.0,0.8811049135505019,0.06345607904925567,1.8736595174310997,0.11889508644949809,7.0,7.0,7.0,0.0,0
170.5,170.5,1.0,0.8811049135505019,0.06345607904925567,1.8736595174310997,0.11889508644949809,7.0,7.0,7.0,0.0,0
170.5,170.5,1.0,0.8811049135505019,0.06345607904925567,1.8736595174310997,0.11889508644949809,7.0,7.0,7.0,0.19999999999998863,0
170.5,170.5,1.0,0.8811049135505019,0.06345607904925567,1.8736595174310997,0.11889508644949809,7.0,7.0,7.0,-0.20000000000001705,0
170.5,170.5,1.0,0.8811049135505019,0.06345607904925567,1.8736595174310997,0.11889508644949809,7.0,7.0,7.0,-0.20000000000001705,0
170.5,170.5,1.0,0.8811049135505019,0.06345607904925567,1.8736595174310997,0.11889508644949809,7.0,7.0,7.0,-0.5,0
171.5,171.5,0.8571428571428571,0.7703839200015671,0.09397897345955818,0.9231739180320463,0.08675893714129002,8.0,6.0,6.0,0.0,0
171.5,171.5,0.8571428571428571,0.7703839200015671,0.09397897345955818,0.9231739180320463,0.08675893714129002,8.0,6.0,6.0,0.0,0
171.5,171.5,0.8571428571428571,0.7703839200015671,0.09397897345955818,0.9231739180320463,0.08675893714129002,8.0,6.0,6.0,0.19999999999998863,0
171.5,171.5,0.8571428571428571,0.7703839200015671,0.09397897345955818,0.9231739180320463,0.08675893714129002,8.0,6.0,6.0,-0.20000000000001705,0
171.5,171.5,0.8571428571428571,0.7703839200015671,0.09397897345955818,0.9231739180320463,0.08675893714129002,8.0,6.0,6.0,-0.20000000000001705,0
171.5,171.5,0.8571428571428571,0.7703839200015671,0.09397897345955818,0.9231739180320463,0.08675893714129002,8.0,6.0,6.0,-0.5,0
172.5,172.5,0.6666666666666666,0.6386277833277834,0.08788326943115202,0.31904688480950294,0.02803888333888327,8.0,4.0,4.0,0.19999999999998863,0
172.5,172.5,0.6666666666666666,0.6386277833277834,0.08788326943115202,0.31904688480950294,0.02803888333888327,8.0,4.0,4.0,-0.20000000000001705,0
172.5,172.5,0.6666666666666666,0.6386277833277834,0.08788326943115202,0.31904688480950294,0.02803888333888327,8.0,4.0,4.0,-0.20000000000001705,0
172.5,172.5,0.6666666666666666,0.6386277833277834,0.08788326943115202,0.31904688480950294,0.02803888333888327,8.0,4.0,4.0,-0.5,0
173.5,173.5,0.6153846153846154,0.6205811577311577,0.09365643849952315,-0.05548515862653457,-0.005196542346542321,9.0,4.0,4.0,-0.20000000000001705,0
173.5,173.5,0.6153846153846154,0.6205811577311577,0.09365643849952315,-0.05548515862653457,-0.005196542346542321,9.0,4.0,4.0,-0.20000000000001705,0
173.5,173.5,0.6153846153846154,0.6205811577311577,0.09365643849952315,-0.05548515862653457,-0.005196542346542321,9.0,4.0,4.0,-0.5,0
173.5,173.5,0.6153846153846154,0.6205811577311577,0.09365643849952315,-0.05548515862653457,-0.005196542346542321,9.0,4.0,4.0,-0.6999999999999886,0
174.5,174.5,0.4,0.40379284604284604,0.05937114110951827,-0.06388366421742833,-0.003792846042846021,8.0,2.0,2.0,-0.5,0
174.5,174.5,0.4,0.40379284604284604,0.05937114110951827,-0.06388366421742833,-0.003792846042846021,8.0,2.0,2.0,-0.6999999999999886,0
175.5,175.5,0.4,0.4014029581529581,0.060768066694943175,-0.023087095398327814,-0.0014029581529581003,8.0,2.0,2.0,-0.6999999999999886,0
175.5,175.5,0.4,0.4014029581529581,0.060768066694943175,-0.023087095398327814,-0.0014029581529581003,8.0,2.0,2.0,-0.09999999999999432,0
176.5,176.5,0.5454545454545454,0.5432965645465645,0.0653441207615793,0.03302486716218477,0.0021579809079809165,8.0,3.0,3.0,-0.6999999999999886,0
176.5,176.5,0.5454545454545454,0.5432965645465645,0.0653441207615793,0.03302486716218477,0.0021579809079809165,8.0,3.0,3.0,-0.09999999999999432,0
176.5,176.5,0.5454545454545454,0.5432965645465645,0.0653441207615793,0.03302486716218477,0.0021579809079809165,8.0,3.0,3.0,-0.39999999999997726,0
