t_center,t_center_abs,S,S_null_mean,S_null_sd,z_S_t,S_excess,nA,nB,nM,dt,episode
8.5,8.5,0.9,0.7659256228807312,0.09107832013853001,1.4720778437211168,0.13407437711926884,9.0,11.0,9.0,-0.20000000000000018,0
8.5,8.5,0.9,0.7659256228807312,0.09107832013853001,1.4720778437211168,0.13407437711926884,9.0,11.0,9.0,0.10000000000000053,0
8.5,8.5,0.9,0.7659256228807312,0.09107832013853001,1.4720778437211168,0.13407437711926884,9.0,11.0,9.0,0.20000000000000018,0
8.5,8.5,0.9,0.7659256228807312,0.09107832013853001,1.4720778437211168,0.13407437711926884,9.0,11.0,9.0,-0.1999999999999993,0
8.5,8.5,0.9,0.7659256228807312,0.09107832013853001,1.4720778437211168,0.13407437711926884,9.0,11.0,9.0,-0.1999999999999993,0
8.5,8.5,0.9,0.7659256228807312,0.09107832013853001,1.4720778437211168,0.13407437711926884,9.0,11.0,9.0,0.09999999999999964,0
8.5,8.5,0.9,0.7659256228807312,0.09107832013853001,1.4720778437211168,0.13407437711926884,9.0,11.0,9.0,-0.1999999999999993,0
8.5,8.5,0.9,0.7659256228807312,0.09107832013853001,1.4720778437211168,0.13407437711926884,9.0,11.0,9.0,0.09999999999999964,0
8.5,8.5,0.9,0.7659256228807312,0.09107832013853001,1.4720778437211168,0.13407437711926884,9.0,11.0,9.0,0.1999999999999993,0
9.5,9.5,0.8421052631578947,0.7637607425426312,0.0923664485316568,0.8481924103470588,0.07834452061526354,8.0,11.0,8.0,0.20000000000000018,0
9.5,9.5,0.8421052631578947,0.7637607425426312,0.0923664485316568,0.8481924103470588,0.07834452061526354,8.0,11.0,8.0,-0.1999999999999993,0
9.5,9.5,0.8421052631578947,0.7637607425426312,0.0923664485316568,0.8481924103470588,0.07834452061526354,8.0,11.0,8.0,-0.1999999999999993,0
9.5,9.5,0.8421052631578947,0.7637607425426312,0.0923664485316568,0.8481924103470588,0.07834452061526354,8.0,11.0,8.0,0.09999999999999964,0
9.5,9.5,0.8421052631578947,0.7637607425426312,0.0923664485316568,0.8481924103470588,0.07834452061526354,8.0,11.0,8.0,-0.1999999999999993,0
9.5,9.5,0.8421052631578947,0.7637607425426312,0.0923664485316568,0.8481924103470588,0.07834452061526354,8.0,11.0,8.0,0.09999999999999964,0
9.5,9.5,0.8421052631578947,0.7637607425426312,0.0923664485316568,0.8481924103470588,0.07834452061526354,8.0,11.0,8.0,0.1999999999999993,0
9.5,9.5,0.8421052631578947,0.7637607425426312,0.0923664485316568,0.8481924103470588,0.07834452061526354,8.0,11.0,8.0,-0.1999999999999993,0
10.5,10.5,0.8421052631578947,0.7625174799744459,0.09338259687856852,0.8522763967138547,0.07958778318344883,8.0,11.0,8.0,-0.1999999999999993,0
10.5,10.5,0.8421052631578947,0.7625174799744459,0.09338259687856852,0.8522763967138547,0.07958778318344883,8.0,11.0,8.0,0.09999999999999964,0
10.5,10.5,0.8421052631578947,0.7625174799744459,0.09338259687856852,0.8522763967138547,0.07958778318344883,8.0,11.0,8.0,-0.1999999999999993,0
10.5,10.5,0.8421052631578947,0.7625174799744459,0.09338259687856852,0.8522763967138547,0.07958778318344883,8.0,11.0,8.0,0.09999999999999964,0
10.5,10.5,0.8421052631578947,0.7625174799744459,0.09338259687856852,0.8522763967138547,0.07958778318344883,8.0,11.0,8.0,0.1999999999999993,0
10.5,10.5,0.8421052631578947,0.7625174799744459,0.09338259687856852,0.8522763967138547,0.07958778318344883,8.0,11.0,8.0,-0.1999999999999993,0
10.5,10.5,0.8421052631578947,0.7625174799744459,0.09338259687856852,0.8522763967138547,0.07958778318344883,8.0,11.0,8.0,0.0,0
10.5,10.5,0.8421052631578947,0.7625174799744459,0.09338259687856852,0.8522763967138547,0.07958778318344883,8.0,11.0,8.0,0.20000000000000107,0
11.5,11.5,0.8421052631578947,0.7678334930463413,0.0953846007720232,0.7786557736826812,0.07427177011155339,8.0,11.0,8.0,0.09999999999999964,0
11.5,11.5,0.8421052631578947,0.7678334930463413,0.0953846007720232,0.7786557736826812,0.07427177011155339,8.0,11.0,8.0,-0.1999999999999993,0
11.5,11.5,0.8421052631578947,0.7678334930463413,0.0953846007720232,0.7786557736826812,0.07427177011155339,8.0,11.0,8.0,0.09999999999999964,0
11.5,11.5,0.8421052631578947,0.7678334930463413,0.0953846007720232,0.7786557736826812,0.07427177011155339,8.0,11.0,8.0,0.1999999999999993,0
11.5,11.5,0.8421052631578947,0.7678334930463413,0.0953846007720232,0.7786557736826812,0.07427177011155339,8.0,11.0,8.0,-0.1999999999999993,0
11.5,11.5,0.8421052631578947,0.7678334930463413,0.0953846007720232,0.7786557736826812,0.07427177011155339,8.0,11.0,8.0,0.0,0
11.5,11.5,0.8421052631578947,0.7678334930463413,0.0953846007720232,0.7786557736826812,0.07427177011155339,8.0,11.0,8.0,0.20000000000000107,0
11.5,11.5,0.8421052631578947,0.7678334930463413,0.0953846007720232,0.7786557736826812,0.07427177011155339,8.0,11.0,8.0,0.0,0
12.5,12.5,0.7777777777777778,0.7677140252592265,0.09881005499659147,0.10184947795948956,0.010063752518551294,7.0,11.0,7.0,0.09999999999999964,0
12.5,12.5,0.7777777777777778,0.7677140252592265,0.09881005499659147,0.10184947795948956,0.010063752518551294,7.0,11.0,7.0,0.1999999999999993,0
12.5,12.5,0.7777777777777778,0.7677140252592265,0.09881005499659147,0.10184947795948956,0.010063752518551294,7.0,11.0,7.0,-0.1999999999999993,0
12.5,12.5,0.7777777777777778,0.7677140252592265,0.09881005499659147,0.10184947795948956,0.010063752518551294,7.0,11.0,7.0,0.0,0
12.5,12.5,0.7777777777777778,0.7677140252592265,0.09881005499659147,0.10184947795948956,0.010063752518551294,7.0,11.0,7.0,0.20000000000000107,0
12.5,12.5,0.7777777777777778,0.7677140252592265,0.09881005499659147,0.10184947795948956,0.010063752518551294,7.0,11.0,7.0,0.0,0
12.5,12.5,0.7777777777777778,0.7677140252592265,0.09881005499659147,0.10184947795948956,0.010063752518551294,7.0,11.0,7.0,0.29999999999999893,0
13.5,13.5,0.9411764705882353,0.8458539916911434,0.097570975270991,0.9769552741719123,0.09532247889709189,8.0,9.0,8.0,-0.3000000000000007,0
13.5,13.5,0.9411764705882353,0.8458539916911434,0.097570975270991,0.9769552741719123,0.09532247889709189,8.0,9.0,8.0,-0.1999999999999993,0
13.5,13.5,0.9411764705882353,0.8458539916911434,0.097570975270991,0.9769552741719123,0.09532247889709189,8.0,9.0,8.0,0.0,0
13.5,13.5,0.9411764705882353,0.8458539916911434,0.097570975270991,0.9769552741719123,0.09532247889709189,8.0,9.0,8.0,0.20000000000000107,0
13.5,13.5,0.9411764705882353,0.8458539916911434,0.097570975270991,0.9769552741719123,0.09532247889709189,8.0,9.0,8.0,0.0,0
13.5,13.5,0.9411764705882353,0.8458539916911434,0.097570975270991,0.9769552741719123,0.09532247889709189,8.0,9.0,8.0,0.29999999999999893,0
13.5,13.5,0.9411764705882353,0.8458539916911434,0.097570975270991,0.9769552741719123,0.09532247889709189,8.0,9.0,8.0,0.3000000000000007,0
13.5,13.5,0.9411764705882353,0.8458539916911434,0.097570975270991,0.9769552741719123,0.09532247889709189,8.0,9.0,8.0,-0.09999999999999964,0
14.5,14.5,0.9333333333333333,0.8479914252414253,0.09614630216210414,0.8876254850448667,0.085341908091908,7.0,8.0,7.0,0.0,0
14.5,14.5,0.9333333333333333,0.8479914252414253,0.09614630216210414,0.8876254850448667,0.085341908091908,7.0,8.0,7.0,0.20000000000000107,0
14.5,14.5,0.9333333333333333,0.8479914252414253,0.09614630216210414,0.8876254850448667,0.085341908091908,7.0,8.0,7.0,0.0,0
14.5,14.5,0.9333333333333333,0.8479914252414253,0.09614630216210414,0.8876254850448667,0.085341908091908,7.0,8.0,7.0,0.29999999999999893,0
14.5,14.5,0.9333333333333333,0.8479914252414253,0.09614630216210414,0.8876254850448667,0.085341908091908,7.0,8.0,7.0,0.3000000000000007,0
14.5,14.5,0.9333333333333333,0.8479914252414253,0.09614630216210414,0.8876254850448667,0.085341908091908,7.0,8.0,7.0,-0.09999999999999964,0
14.5,14.5,0.9333333333333333,0.8479914252414253,0.09614630216210414,0.8876254850448667,0.085341908091908,7.0,8.0,7.0,0.0,0
15.5,15.5,0.9333333333333333,0.8872233201439085,0.08954955588765125,0.5149105736188623,0.04611001318942487,7.0,8.0,7.0,0.0,0
15.5,15.5,0.9333333333333333,0.8872233201439085,0.08954955588765125,0.5149105736188623,0.04611001318942487,7.0,8.0,7.0,0.29999999999999893,0
15.5,15.5,0.9333333333333333,0.8872233201439085,0.08954955588765125,0.5149105736188623,0.04611001318942487,7.0,8.0,7.0,0.3000000000000007,0
15.5,15.5,0.9333333333333333,0.8872233201439085,0.08954955588765125,0.5149105736188623,0.04611001318942487,7.0,8.0,7.0,-0.09999999999999964,0
15.5,15.5,0.9333333333333333,0.8872233201439085,0.08954955588765125,0.5149105736188623,0.04611001318942487,7.0,8.0,7.0,0.0,0
15.5,15.5,0.9333333333333333,0.8872233201439085,0.08954955588765125,0.5149105736188623,0.04611001318942487,7.0,8.0,7.0,-0.1999999999999993,0
15.5,15.5,0.9333333333333333,0.8872233201439085,0.08954955588765125,0.5149105736188623,0.04611001318942487,7.0,8.0,7.0,-0.09999999999999787,0
16.5,16.5,0.9333333333333333,0.9046873703094293,0.08600211598972304,0.33308439791559535,0.028645963023904097,7.0,8.0,7.0,0.29999999999999893,0
16.5,16.5,0.9333333333333333,0.9046873703094293,0.08600211598972304,0.33308439791559535,0.028645963023904097,7.0,8.0,7.0,0.3000000000000007,0
16.5,16.5,0.9333333333333333,0.9046873703094293,0.08600211598972304,0.33308439791559535,0.028645963023904097,7.0,8.0,7.0,-0.09999999999999964,0
16.5,16.5,0.9333333333333333,0.9046873703094293,0.08600211598972304,0.33308439791559535,0.028645963023904097,7.0,8.0,7.0,0.0,0
16.5,16.5,0.9333333333333333,0.9046873703094293,0.08600211598972304,0.33308439791559535,0.028645963023904097,7.0,8.0,7.0,-0.1999999999999993,0
16.5,16.5,0.9333333333333333,0.9046873703094293,0.08600211598972304,0.33308439791559535,0.028645963023904097,7.0,8.0,7.0,-0.09999999999999787,0
16.5,16.5,0.9333333333333333,0.9046873703094293,0.08600211598972304,0.33308439791559535,0.028645963023904097,7.0,8.0,7.0,-0.10000000000000142,0
17.5,17.5,0.875,0.8632316758147254,0.09200437756361995,0.1279104809674623,0.011768324185274626,7.0,9.0,7.0,0.3000000000000007,0
17.5,17.5,0.875,0.8632316758147254,0.09200437756361995,0.1279104809674623,0.011768324185274626,7.0,9.0,7.0,-0.09999999999999964,0
17.5,17.5,0.875,0.8632316758147254,0.09200437756361995,0.1279104809674623,0.011768324185274626,7.0,9.0,7.0,0.0,0
17.5,17.5,0.875,0.8632316758147254,0.09200437756361995,0.1279104809674623,0.011768324185274626,7.0,9.0,7.0,-0.1999999999999993,0
17.5,17.5,0.875,0.8632316758147254,0.09200437756361995,0.1279104809674623,0.011768324185274626,7.0,9.0,7.0,-0.09999999999999787,0
17.5,17.5,0.875,0.8632316758147254,0.09200437756361995,0.1279104809674623,0.011768324185274626,7.0,9.0,7.0,-0.10000000000000142,0
17.5,17.5,0.875,0.8632316758147254,0.09200437756361995,0.1279104809674623,0.011768324185274626,7.0,9.0,7.0,0.09999999999999787,0
18.5,18.5,0.8235294117647058,0.8186362351958328,0.09331459172080342,0.05243742140043169,0.004893176568873003,7.0,10.0,7.0,0.0,0
18.5,18.5,0.8235294117647058,0.8186362351958328,0.09331459172080342,0.05243742140043169,0.004893176568873003,7.0,10.0,7.0,-0.1999999999999993,0
18.5,18.5,0.8235294117647058,0.8186362351958328,0.09331459172080342,0.05243742140043169,0.004893176568873003,7.0,10.0,7.0,-0.09999999999999787,0
18.5,18.5,0.8235294117647058,0.8186362351958328,0.09331459172080342,0.05243742140043169,0.004893176568873003,7.0,10.0,7.0,-0.10000000000000142,0
18.5,18.5,0.8235294117647058,0.8186362351958328,0.09331459172080342,0.05243742140043169,0.004893176568873003,7.0,10.0,7.0,0.09999999999999787,0
18.5,18.5,0.8235294117647058,0.8186362351958328,0.09331459172080342,0.05243742140043169,0.004893176568873003,7.0,10.0,7.0,-0.1999999999999993,0
18.5,18.5,0.8235294117647058,0.8186362351958328,0.09331459172080342,0.05243742140043169,0.004893176568873003,7.0,10.0,7.0,-0.1999999999999993,0
19.5,19.5,0.8888888888888888,0.8234447374091337,0.09412398058384963,0.6952973203407468,0.06544415147975513,8.0,10.0,8.0,-0.1999999999999993,0
19.5,19.5,0.8888888888888888,0.8234447374091337,0.09412398058384963,0.6952973203407468,0.06544415147975513,8.0,10.0,8.0,-0.09999999999999787,0
19.5,19.5,0.8888888888888888,0.8234447374091337,0.09412398058384963,0.6952973203407468,0.06544415147975513,8.0,10.0,8.0,-0.10000000000000142,0
19.5,19.5,0.8888888888888888,0.8234447374091337,0.09412398058384963,0.6952973203407468,0.06544415147975513,8.0,10.0,8.0,0.09999999999999787,0
19.5,19.5,0.8888888888888888,0.8234447374091337,0.09412398058384963,0.6952973203407468,0.06544415147975513,8.0,10.0,8.0,-0.1999999999999993,0
19.5,19.5,0.8888888888888888,0.8234447374091337,0.09412398058384963,0.6952973203407468,0.06544415147975513,8.0,10.0,8.0,-0.1999999999999993,0
19.5,19.5,0.8888888888888888,0.8234447374091337,0.09412398058384963,0.6952973203407468,0.06544415147975513,8.0,10.0,8.0,-0.09999999999999787,0
19.5,19.5,0.8888888888888888,0.8234447374091337,0.09412398058384963,0.6952973203407468,0.06544415147975513,8.0,10.0,8.0,0.0,0
20.5,20.5,0.875,0.8423781792339069,0.09706938646552594,0.3360670336334998,0.0326218207660931,7.0,9.0,7.0,-0.10000000000000142,0
20.5,20.5,0.875,0.8423781792339069,0.09706938646552594,0.3360670336334998,0.0326218207660931,7.0,9.0,7.0,0.09999999999999787,0
20.5,20.5,0.875,0.8423781792339069,0.09706938646552594,0.3360670336334998,0.0326218207660931,7.0,9.0,7.0,-0.1999999999999993,0
20.5,20.5,0.875,0.8423781792339069,0.09706938646552594,0.3360670336334998,0.0326218207660931,7.0,9.0,7.0,-0.1999999999999993,0
20.5,20.5,0.875,0.8423781792339069,0.09706938646552594,0.3360670336334998,0.0326218207660931,7.0,9.0,7.0,-0.09999999999999787,0
20.5,20.5,0.875,0.8423781792339069,0.09706938646552594,0.3360670336334998,0.0326218207660931,7.0,9.0,7.0,0.0,0
20.5,20.5,0.875,0.8423781792339069,0.09706938646552594,0.3360670336334998,0.0326218207660931,7.0,9.0,7.0,0.10000000000000142,0
21.5,21.5,0.875,0.8271822966249438,0.09673131911487216,0.4943352764400001,0.0478177033750562,8.0,8.0,7.0,0.09999999999999787,0
21.5,21.5,0.875,0.8271822966249438,0.09673131911487216,0.4943352764400001,0.0478177033750562,8.0,8.0,7.0,-0.1999999999999993,0
21.5,21.5,0.875,0.8271822966249438,0.09673131911487216,0.4943352764400001,0.0478177033750562,8.0,8.0,7.0,-0.1999999999999993,0
21.5,21.5,0.875,0.8271822966249438,0.09673131911487216,0.4943352764400001,0.0478177033750562,8.0,8.0,7.0,-0.09999999999999787,0
21.5,21.5,0.875,0.8271822966249438,0.09673131911487216,0.4943352764400001,0.0478177033750562,8.0,8.0,7.0,0.0,0
21.5,21.5,0.875,0.8271822966249438,0.09673131911487216,0.4943352764400001,0.0478177033750562,8.0,8.0,7.0,0.10000000000000142,0
21.5,21.5,0.875,0.8271822966249438,0.09673131911487216,0.4943352764400001,0.0478177033750562,8.0,8.0,7.0,-0.09999999999999787,0
22.5,22.5,0.9333333333333333,0.8268118822354118,0.09872505243523623,1.0789708232142978,0.10652145109792155,8.0,7.0,7.0,-0.1999999999999993,0
22.5,22.5,0.9333333333333333,0.8268118822354118,0.09872505243523623,1.0789708232142978,0.10652145109792155,8.0,7.0,7.0,-0.1999999999999993,0
22.5,22.5,0.9333333333333333,0.8268118822354118,0.09872505243523623,1.0789708232142978,0.10652145109792155,8.0,7.0,7.0,-0.09999999999999787,0
22.5,22.5,0.9333333333333333,0.8268118822354118,0.09872505243523623,1.0789708232142978,0.10652145109792155,8.0,7.0,7.0,0.0,0
22.5,22.5,0.9333333333333333,0.8268118822354118,0.09872505243523623,1.0789708232142978,0.10652145109792155,8.0,7.0,7.0,0.10000000000000142,0
22.5,22.5,0.9333333333333333,0.8268118822354118,0.09872505243523623,1.0789708232142978,0.10652145109792155,8.0,7.0,7.0,-0.09999999999999787,0
22.5,22.5,0.9333333333333333,0.8268118822354118,0.09872505243523623,1.0789708232142978,0.10652145109792155,8.0,7.0,7.0,-0.8000000000000007,0
23.5,23.5,0.9230769230769231,0.8250638583638584,0.0961438464940065,1.0194418913661285,0.0980130647130647,7.0,6.0,6.0,-0.09999999999999787,0
23.5,23.5,0.9230769230769231,0.8250638583638584,0.0961438464940065,1.0194418913661285,0.0980130647130647,7.0,6.0,6.0,0.0,0
23.5,23.5,0.9230769230769231,0.8250638583638584,0.0961438464940065,1.0194418913661285,0.0980130647130647,7.0,6.0,6.0,0.10000000000000142,0
23.5,23.5,0.9230769230769231,0.8250638583638584,0.0961438464940065,1.0194418913661285,0.0980130647130647,7.0,6.0,6.0,-0.09999999999999787,0
23.5,23.5,0.9230769230769231,0.8250638583638584,0.0961438464940065,1.0194418913661285,0.0980130647130647,7.0,6.0,6.0,-0.8000000000000007,0
23.5,23.5,0.9230769230769231,0.8250638583638584,0.0961438464940065,1.0194418913661285,0.0980130647130647,7.0,6.0,6.0,-0.8999999999999986,0
24.5,24.5,0.9333333333333333,0.8409611937082526,0.08039052104096633,1.149042678526846,0.09237213962508073,8.0,7.0,7.0,0.0,0
24.5,24.5,0.9333333333333333,0.8409611937082526,0.08039052104096633,1.149042678526846,0.09237213962508073,8.0,7.0,7.0,0.10000000000000142,0
24.5,24.5,0.9333333333333333,0.8409611937082526,0.08039052104096633,1.149042678526846,0.09237213962508073,8.0,7.0,7.0,-0.09999999999999787,0
24.5,24.5,0.9333333333333333,0.8409611937082526,0.08039052104096633,1.149042678526846,0.09237213962508073,8.0,7.0,7.0,-0.8000000000000007,0
24.5,24.5,0.9333333333333333,0.8409611937082526,0.08039052104096633,1.149042678526846,0.09237213962508073,8.0,7.0,7.0,-0.8999999999999986,0
24.5,24.5,0.9333333333333333,0.8409611937082526,0.08039052104096633,1.149042678526846,0.09237213962508073,8.0,7.0,7.0,-1.0,0
24.5,24.5,0.9333333333333333,0.8409611937082526,0.08039052104096633,1.149042678526846,0.09237213962508073,8.0,7.0,7.0,-0.6000000000000014,0
25.5,25.5,1.0,0.8678511655011656,0.07604205602663772,1.7378387882166462,0.1321488344988344,6.0,6.0,6.0,-0.09999999999999787,0
25.5,25.5,1.0,0.8678511655011656,0.07604205602663772,1.7378387882166462,0.1321488344988344,6.0,6.0,6.0,-0.8000000000000007,0
25.5,25.5,1.0,0.8678511655011656,0.07604205602663772,1.7378387882166462,0.1321488344988344,6.0,6.0,6.0,-0.8999999999999986,0
25.5,25.5,1.0,0.8678511655011656,0.07604205602663772,1.7378387882166462,0.1321488344988344,6.0,6.0,6.0,-1.0,0
25.5,25.5,1.0,0.8678511655011656,0.07604205602663772,1.7378387882166462,0.1321488344988344,6.0,6.0,6.0,-0.6000000000000014,0
25.5,25.5,1.0,0.8678511655011656,0.07604205602663772,1.7378387882166462,0.1321488344988344,6.0,6.0,6.0,-0.5,0
26.5,26.5,0.8571428571428571,0.9045238655135716,0.08612145320478015,-0.5501649891816339,-0.04738100837071446,6.0,8.0,6.0,-0.10000000000000142,0
26.5,26.5,0.8571428571428571,0.9045238655135716,0.08612145320478015,-0.5501649891816339,-0.04738100837071446,6.0,8.0,6.0,-0.1999999999999993,0
26.5,26.5,0.8571428571428571,0.9045238655135716,0.08612145320478015,-0.5501649891816339,-0.04738100837071446,6.0,8.0,6.0,0.0,0
26.5,26.5,0.8571428571428571,0.9045238655135716,0.08612145320478015,-0.5501649891816339,-0.04738100837071446,6.0,8.0,6.0,0.09999999999999787,0
26.5,26.5,0.8571428571428571,0.9045238655135716,0.08612145320478015,-0.5501649891816339,-0.04738100837071446,6.0,8.0,6.0,0.09999999999999787,0
26.5,26.5,0.8571428571428571,0.9045238655135716,0.08612145320478015,-0.5501649891816339,-0.04738100837071446,6.0,8.0,6.0,-0.10000000000000142,0
27.5,27.5,0.8,0.866248690825858,0.09724709534876112,-0.681240818435426,-0.06624869082585794,6.0,9.0,6.0,-0.1999999999999993,0
27.5,27.5,0.8,0.866248690825858,0.09724709534876112,-0.681240818435426,-0.06624869082585794,6.0,9.0,6.0,0.0,0
27.5,27.5,0.8,0.866248690825858,0.09724709534876112,-0.681240818435426,-0.06624869082585794,6.0,9.0,6.0,0.09999999999999787,0
27.5,27.5,0.8,0.866248690825858,0.09724709534876112,-0.681240818435426,-0.06624869082585794,6.0,9.0,6.0,0.09999999999999787,0
27.5,27.5,0.8,0.866248690825858,0.09724709534876112,-0.681240818435426,-0.06624869082585794,6.0,9.0,6.0,-0.10000000000000142,0
27.5,27.5,0.8,0.866248690825858,0.09724709534876112,-0.681240818435426,-0.06624869082585794,6.0,9.0,6.0,-0.1999999999999993,0
28.5,28.5,0.75,0.8169037066648522,0.10218048647386314,-0.6547601109920885,-0.06690370666485224,6.0,10.0,6.0,0.0,0
28.5,28.5,0.75,0.8169037066648522,0.10218048647386314,-0.6547601109920885,-0.06690370666485224,6.0,10.0,6.0,0.09999999999999787,0
28.5,28.5,0.75,0.8169037066648522,0.10218048647386314,-0.6547601109920885,-0.06690370666485224,6.0,10.0,6.0,0.09999999999999787,0
28.5,28.5,0.75,0.8169037066648522,0.10218048647386314,-0.6547601109920885,-0.06690370666485224,6.0,10.0,6.0,-0.10000000000000142,0
28.5,28.5,0.75,0.8169037066648522,0.10218048647386314,-0.6547601109920885,-0.06690370666485224,6.0,10.0,6.0,-0.1999999999999993,0
28.5,28.5,0.75,0.8169037066648522,0.10218048647386314,-0.6547601109920885,-0.06690370666485224,6.0,10.0,6.0,0.10000000000000142,0
29.5,29.5,0.75,0.8159140774258422,0.10147282390286465,-0.649573697573833,-0.06591407742584221,6.0,10.0,6.0,0.09999999999999787,0
29.5,29.5,0.75,0.8159140774258422,0.10147282390286465,-0.649573697573833,-0.06591407742584221,6.0,10.0,6.0,-0.10000000000000142,0
29.5,29.5,0.75,0.8159140774258422,0.10147282390286465,-0.649573697573833,-0.06591407742584221,6.0,10.0,6.0,-0.1999999999999993,0
29.5,29.5,0.75,0.8159140774258422,0.10147282390286465,-0.649573697573833,-0.06591407742584221,6.0,10.0,6.0,0.10000000000000142,0
29.5,29.5,0.75,0.8159140774258422,0.10147282390286465,-0.649573697573833,-0.06591407742584221,6.0,10.0,6.0,-0.3000000000000007,0
29.5,29.5,0.75,0.8159140774258422,0.10147282390286465,-0.649573697573833,-0.06591407742584221,6.0,10.0,6.0,0.0,0
30.5,30.5,0.8235294117647058,0.7930735317743833,0.09960008085577818,0.305781679378583,0.03045587999032251,7.0,10.0,7.0,0.09999999999999787,0
30.5,30.5,0.8235294117647058,0.7930735317743833,0.09960008085577818,0.305781679378583,0.03045587999032251,7.0,10.0,7.0,-0.10000000000000142,0
30.5,30.5,0.8235294117647058,0.7930735317743833,0.09960008085577818,0.305781679378583,0.03045587999032251,7.0,10.0,7.0,-0.1999999999999993,0
30.5,30.5,0.8235294117647058,0.7930735317743833,0.09960008085577818,0.305781679378583,0.03045587999032251,7.0,10.0,7.0,0.10000000000000142,0
30.5,30.5,0.8235294117647058,0.7930735317743833,0.09960008085577818,0.305781679378583,0.03045587999032251,7.0,10.0,7.0,-0.3000000000000007,0
30.5,30.5,0.8235294117647058,0.7930735317743833,0.09960008085577818,0.305781679378583,0.03045587999032251,7.0,10.0,7.0,0.0,0
30.5,30.5,0.8235294117647058,0.7930735317743833,0.09960008085577818,0.305781679378583,0.03045587999032251,7.0,10.0,7.0,0.10000000000000142,0
31.5,31.5,0.8235294117647058,0.8027164623474222,0.09644146505463033,0.21580913775515434,0.02081294941728362,7.0,10.0,7.0,-0.1999999999999993,0
31.5,31.5,0.8235294117647058,0.8027164623474222,0.09644146505463033,0.21580913775515434,0.02081294941728362,7.0,10.0,7.0,0.10000000000000142,0
31.5,31.5,0.8235294117647058,0.8027164623474222,0.09644146505463033,0.21580913775515434,0.02081294941728362,7.0,10.0,7.0,-0.3000000000000007,0
31.5,31.5,0.8235294117647058,0.8027164623474222,0.09644146505463033,0.21580913775515434,0.02081294941728362,7.0,10.0,7.0,0.0,0
31.5,31.5,0.8235294117647058,0.8027164623474222,0.09644146505463033,0.21580913775515434,0.02081294941728362,7.0,10.0,7.0,0.10000000000000142,0
31.5,31.5,0.8235294117647058,0.8027164623474222,0.09644146505463033,0.21580913775515434,0.02081294941728362,7.0,10.0,7.0,0.19999999999999574,0
31.5,31.5,0.8235294117647058,0.8027164623474222,0.09644146505463033,0.21580913775515434,0.02081294941728362,7.0,10.0,7.0,0.3999999999999986,0
32.5,32.5,0.8571428571428571,0.743541288450112,0.1014877786893825,1.1193620567895028,0.11360156869274507,6.0,8.0,6.0,0.10000000000000142,0
32.5,32.5,0.8571428571428571,0.743541288450112,0.1014877786893825,1.1193620567895028,0.11360156869274507,6.0,8.0,6.0,-0.3000000000000007,0
32.5,32.5,0.8571428571428571,0.743541288450112,0.1014877786893825,1.1193620567895028,0.11360156869274507,6.0,8.0,6.0,0.0,0
32.5,32.5,0.8571428571428571,0.743541288450112,0.1014877786893825,1.1193620567895028,0.11360156869274507,6.0,8.0,6.0,0.10000000000000142,0
32.5,32.5,0.8571428571428571,0.743541288450112,0.1014877786893825,1.1193620567895028,0.11360156869274507,6.0,8.0,6.0,0.19999999999999574,0
32.5,32.5,0.8571428571428571,0.743541288450112,0.1014877786893825,1.1193620567895028,0.11360156869274507,6.0,8.0,6.0,0.3999999999999986,0
33.5,33.5,1.0,0.793361322011322,0.10011197928915698,2.0640754428781807,0.20663867798867797,6.0,6.0,6.0,-0.3000000000000007,0
33.5,33.5,1.0,0.793361322011322,0.10011197928915698,2.0640754428781807,0.20663867798867797,6.0,6.0,6.0,0.0,0
33.5,33.5,1.0,0.793361322011322,0.10011197928915698,2.0640754428781807,0.20663867798867797,6.0,6.0,6.0,0.10000000000000142,0
33.5,33.5,1.0,0.793361322011322,0.10011197928915698,2.0640754428781807,0.20663867798867797,6.0,6.0,6.0,0.19999999999999574,0
33.5,33.5,1.0,0.793361322011322,0.10011197928915698,2.0640754428781807,0.20663867798867797,6.0,6.0,6.0,0.3999999999999986,0
33.5,33.5,1.0,0.793361322011322,0.10011197928915698,2.0640754428781807,0.20663867798867797,6.0,6.0,6.0,-0.3999999999999986,0
34.5,34.5,1.0,0.7934313020313022,0.08689958126324772,2.3770965862646976,0.2065686979686978,7.0,7.0,7.0,0.0,0
34.5,34.5,1.0,0.7934313020313022,0.08689958126324772,2.3770965862646976,0.2065686979686978,7.0,7.0,7.0,0.10000000000000142,0
34.5,34.5,1.0,0.7934313020313022,0.08689958126324772,2.3770965862646976,0.2065686979686978,7.0,7.0,7.0,0.19999999999999574,0
34.5,34.5,1.0,0.7934313020313022,0.08689958126324772,2.3770965862646976,0.2065686979686978,7.0,7.0,7.0,0.3999999999999986,0
34.5,34.5,1.0,0.7934313020313022,0.08689958126324772,2.3770965862646976,0.2065686979686978,7.0,7.0,7.0,-0.3999999999999986,0
34.5,34.5,1.0,0.7934313020313022,0.08689958126324772,2.3770965862646976,0.2065686979686978,7.0,7.0,7.0,-0.20000000000000284,0
34.5,34.5,1.0,0.7934313020313022,0.08689958126324772,2.3770965862646976,0.2065686979686978,7.0,7.0,7.0,0.0,0
35.5,35.5,0.9230769230769231,0.8228823642044231,0.10129529859665855,0.989133358216935,0.10019455887250006,6.0,7.0,6.0,0.19999999999999574,0
35.5,35.5,0.9230769230769231,0.8228823642044231,0.10129529859665855,0.989133358216935,0.10019455887250006,6.0,7.0,6.0,0.3999999999999986,0
35.5,35.5,0.9230769230769231,0.8228823642044231,0.10129529859665855,0.989133358216935,0.10019455887250006,6.0,7.0,6.0,-0.3999999999999986,0
35.5,35.5,0.9230769230769231,0.8228823642044231,0.10129529859665855,0.989133358216935,0.10019455887250006,6.0,7.0,6.0,-0.20000000000000284,0
35.5,35.5,0.9230769230769231,0.8228823642044231,0.10129529859665855,0.989133358216935,0.10019455887250006,6.0,7.0,6.0,0.0,0
35.5,35.5,0.9230769230769231,0.8228823642044231,0.10129529859665855,0.989133358216935,0.10019455887250006,6.0,7.0,6.0,0.10000000000000142,0
36.5,36.5,0.8571428571428571,0.8130850786468434,0.10975410206758522,0.4014226135154696,0.044057778496013666,7.0,7.0,6.0,-0.3999999999999986,0
36.5,36.5,0.8571428571428571,0.8130850786468434,0.10975410206758522,0.4014226135154696,0.044057778496013666,7.0,7.0,6.0,-0.20000000000000284,0
36.5,36.5,0.8571428571428571,0.8130850786468434,0.10975410206758522,0.4014226135154696,0.044057778496013666,7.0,7.0,6.0,0.0,0
36.5,36.5,0.8571428571428571,0.8130850786468434,0.10975410206758522,0.4014226135154696,0.044057778496013666,7.0,7.0,6.0,0.10000000000000142,0
36.5,36.5,0.8571428571428571,0.8130850786468434,0.10975410206758522,0.4014226135154696,0.044057778496013666,7.0,7.0,6.0,-0.10000000000000142,0
36.5,36.5,0.8571428571428571,0.8130850786468434,0.10975410206758522,0.4014226135154696,0.044057778496013666,7.0,7.0,6.0,0.10000000000000142,0
37.5,37.5,0.875,0.8661661513323279,0.09460948366021757,0.09337170361692472,0.008833848667672117,7.0,9.0,7.0,-0.3999999999999986,0
37.5,37.5,0.875,0.8661661513323279,0.09460948366021757,0.09337170361692472,0.008833848667672117,7.0,9.0,7.0,-0.20000000000000284,0
37.5,37.5,0.875,0.8661661513323279,0.09460948366021757,0.09337170361692472,0.008833848667672117,7.0,9.0,7.0,0.0,0
37.5,37.5,0.875,0.8661661513323279,0.09460948366021757,0.09337170361692472,0.008833848667672117,7.0,9.0,7.0,0.10000000000000142,0
37.5,37.5,0.875,0.8661661513323279,0.09460948366021757,0.09337170361692472,0.008833848667672117,7.0,9.0,7.0,-0.10000000000000142,0
37.5,37.5,0.875,0.8661661513323279,0.09460948366021757,0.09337170361692472,0.008833848667672117,7.0,9.0,7.0,0.10000000000000142,0
37.5,37.5,0.875,0.8661661513323279,0.09460948366021757,0.09337170361692472,0.008833848667672117,7.0,9.0,7.0,0.0,0
38.5,38.5,0.8235294117647058,0.8219291887335232,0.09329646567504006,0.017152021993591903,0.0016002230311826793,7.0,10.0,7.0,-0.20000000000000284,0
38.5,38.5,0.8235294117647058,0.8219291887335232,0.09329646567504006,0.017152021993591903,0.0016002230311826793,7.0,10.0,7.0,0.0,0
38.5,38.5,0.8235294117647058,0.8219291887335232,0.09329646567504006,0.017152021993591903,0.0016002230311826793,7.0,10.0,7.0,0.10000000000000142,0
38.5,38.5,0.8235294117647058,0.8219291887335232,0.09329646567504006,0.017152021993591903,0.0016002230311826793,7.0,10.0,7.0,-0.10000000000000142,0
38.5,38.5,0.8235294117647058,0.8219291887335232,0.09329646567504006,0.017152021993591903,0.0016002230311826793,7.0,10.0,7.0,0.10000000000000142,0
38.5,38.5,0.8235294117647058,0.8219291887335232,0.09329646567504006,0.017152021993591903,0.0016002230311826793,7.0,10.0,7.0,0.0,0
38.5,38.5,0.8235294117647058,0.8219291887335232,0.09329646567504006,0.017152021993591903,0.0016002230311826793,7.0,10.0,7.0,0.0,0
39.5,39.5,0.7777777777777778,0.7779502751977986,0.09118406855482965,-0.0018917495430362996,-0.0001724974200207896,7.0,11.0,7.0,0.0,0
39.5,39.5,0.7777777777777778,0.7779502751977986,0.09118406855482965,-0.0018917495430362996,-0.0001724974200207896,7.0,11.0,7.0,0.10000000000000142,0
39.5,39.5,0.7777777777777778,0.7779502751977986,0.09118406855482965,-0.0018917495430362996,-0.0001724974200207896,7.0,11.0,7.0,-0.10000000000000142,0
39.5,39.5,0.7777777777777778,0.7779502751977986,0.09118406855482965,-0.0018917495430362996,-0.0001724974200207896,7.0,11.0,7.0,0.10000000000000142,0
39.5,39.5,0.7777777777777778,0.7779502751977986,0.09118406855482965,-0.0018917495430362996,-0.0001724974200207896,7.0,11.0,7.0,0.0,0
39.5,39.5,0.7777777777777778,0.7779502751977986,0.09118406855482965,-0.0018917495430362996,-0.0001724974200207896,7.0,11.0,7.0,0.0,0
39.5,39.5,0.7777777777777778,0.7779502751977986,0.09118406855482965,-0.0018917495430362996,-0.0001724974200207896,7.0,11.0,7.0,0.10000000000000142,0
40.5,40.5,0.8235294117647058,0.7938546962239688,0.09339620868206568,0.3177293378337674,0.029674715540737084,7.0,10.0,7.0,-0.10000000000000142,0
40.5,40.5,0.8235294117647058,0.7938546962239688,0.09339620868206568,0.3177293378337674,0.029674715540737084,7.0,10.0,7.0,0.10000000000000142,0
40.5,40.5,0.8235294117647058,0.7938546962239688,0.09339620868206568,0.3177293378337674,0.029674715540737084,7.0,10.0,7.0,0.0,0
40.5,40.5,0.8235294117647058,0.7938546962239688,0.09339620868206568,0.3177293378337674,0.029674715540737084,7.0,10.0,7.0,0.0,0
40.5,40.5,0.8235294117647058,0.7938546962239688,0.09339620868206568,0.3177293378337674,0.029674715540737084,7.0,10.0,7.0,0.10000000000000142,0
40.5,40.5,0.8235294117647058,0.7938546962239688,0.09339620868206568,0.3177293378337674,0.029674715540737084,7.0,10.0,7.0,0.20000000000000284,0
40.5,40.5,0.8235294117647058,0.7938546962239688,0.09339620868206568,0.3177293378337674,0.029674715540737084,7.0,10.0,7.0,0.20000000000000284,0
41.5,41.5,0.875,0.8510875119548493,0.09400540922199739,0.25437353278980374,0.02391248804515067,7.0,9.0,7.0,0.0,0
41.5,41.5,0.875,0.8510875119548493,0.09400540922199739,0.25437353278980374,0.02391248804515067,7.0,9.0,7.0,0.0,0
41.5,41.5,0.875,0.8510875119548493,0.09400540922199739,0.25437353278980374,0.02391248804515067,7.0,9.0,7.0,0.10000000000000142,0
41.5,41.5,0.875,0.8510875119548493,0.09400540922199739,0.25437353278980374,0.02391248804515067,7.0,9.0,7.0,0.20000000000000284,0
41.5,41.5,0.875,0.8510875119548493,0.09400540922199739,0.25437353278980374,0.02391248804515067,7.0,9.0,7.0,0.20000000000000284,0
41.5,41.5,0.875,0.8510875119548493,0.09400540922199739,0.25437353278980374,0.02391248804515067,7.0,9.0,7.0,0.0,0
41.5,41.5,0.875,0.8510875119548493,0.09400540922199739,0.25437353278980374,0.02391248804515067,7.0,9.0,7.0,0.0,0
42.5,42.5,0.8,0.7874342833636951,0.10632053881501531,0.11818710454588371,0.012565716636304902,8.0,7.0,6.0,0.0,0
42.5,42.5,0.8,0.7874342833636951,0.10632053881501531,0.11818710454588371,0.012565716636304902,8.0,7.0,6.0,0.10000000000000142,0
42.5,42.5,0.8,0.7874342833636951,0.10632053881501531,0.11818710454588371,0.012565716636304902,8.0,7.0,6.0,0.20000000000000284,0
42.5,42.5,0.8,0.7874342833636951,0.10632053881501531,0.11818710454588371,0.012565716636304902,8.0,7.0,6.0,0.20000000000000284,0
42.5,42.5,0.8,0.7874342833636951,0.10632053881501531,0.11818710454588371,0.012565716636304902,8.0,7.0,6.0,0.0,0
42.5,42.5,0.8,0.7874342833636951,0.10632053881501531,0.11818710454588371,0.012565716636304902,8.0,7.0,6.0,0.0,0
43.5,43.5,0.875,0.854299910383734,0.09349548421502422,0.22140202588457872,0.020700089616266015,9.0,7.0,7.0,0.10000000000000142,0
43.5,43.5,0.875,0.854299910383734,0.09349548421502422,0.22140202588457872,0.020700089616266015,9.0,7.0,7.0,0.20000000000000284,0
43.5,43.5,0.875,0.854299910383734,0.09349548421502422,0.22140202588457872,0.020700089616266015,9.0,7.0,7.0,0.20000000000000284,0
43.5,43.5,0.875,0.854299910383734,0.09349548421502422,0.22140202588457872,0.020700089616266015,9.0,7.0,7.0,0.0,0
43.5,43.5,0.875,0.854299910383734,0.09349548421502422,0.22140202588457872,0.020700089616266015,9.0,7.0,7.0,0.0,0
43.5,43.5,0.875,0.854299910383734,0.09349548421502422,0.22140202588457872,0.020700089616266015,9.0,7.0,7.0,-0.7999999999999972,0
43.5,43.5,0.875,0.854299910383734,0.09349548421502422,0.22140202588457872,0.020700089616266015,9.0,7.0,7.0,-0.7000000000000028,0
44.5,44.5,0.875,0.8044762815615758,0.08712288339677991,0.8094741093134066,0.0705237184384242,9.0,7.0,7.0,0.20000000000000284,0
44.5,44.5,0.875,0.8044762815615758,0.08712288339677991,0.8094741093134066,0.0705237184384242,9.0,7.0,7.0,0.20000000000000284,0
44.5,44.5,0.875,0.8044762815615758,0.08712288339677991,0.8094741093134066,0.0705237184384242,9.0,7.0,7.0,0.0,0
44.5,44.5,0.875,0.8044762815615758,0.08712288339677991,0.8094741093134066,0.0705237184384242,9.0,7.0,7.0,0.0,0
44.5,44.5,0.875,0.8044762815615758,0.08712288339677991,0.8094741093134066,0.0705237184384242,9.0,7.0,7.0,-0.7999999999999972,0
44.5,44.5,0.875,0.8044762815615758,0.08712288339677991,0.8094741093134066,0.0705237184384242,9.0,7.0,7.0,-0.7000000000000028,0
44.5,44.5,0.875,0.8044762815615758,0.08712288339677991,0.8094741093134066,0.0705237184384242,9.0,7.0,7.0,-0.7000000000000028,0
45.5,45.5,0.8571428571428571,0.8579395633777988,0.09300222968071317,-0.008566528326007208,-0.0007967062349416576,7.0,7.0,6.0,0.0,0
45.5,45.5,0.8571428571428571,0.8579395633777988,0.09300222968071317,-0.008566528326007208,-0.0007967062349416576,7.0,7.0,6.0,0.0,0
45.5,45.5,0.8571428571428571,0.8579395633777988,0.09300222968071317,-0.008566528326007208,-0.0007967062349416576,7.0,7.0,6.0,-0.7999999999999972,0
45.5,45.5,0.8571428571428571,0.8579395633777988,0.09300222968071317,-0.008566528326007208,-0.0007967062349416576,7.0,7.0,6.0,-0.7000000000000028,0
45.5,45.5,0.8571428571428571,0.8579395633777988,0.09300222968071317,-0.008566528326007208,-0.0007967062349416576,7.0,7.0,6.0,-0.7000000000000028,0
45.5,45.5,0.8571428571428571,0.8579395633777988,0.09300222968071317,-0.008566528326007208,-0.0007967062349416576,7.0,7.0,6.0,-0.7000000000000028,0
46.5,46.5,0.8,0.8738440368455075,0.0998259619960267,-0.7397277759111063,-0.07384403684550744,8.0,7.0,6.0,-0.7999999999999972,0
46.5,46.5,0.8,0.8738440368455075,0.0998259619960267,-0.7397277759111063,-0.07384403684550744,8.0,7.0,6.0,-0.7000000000000028,0
46.5,46.5,0.8,0.8738440368455075,0.0998259619960267,-0.7397277759111063,-0.07384403684550744,8.0,7.0,6.0,-0.7000000000000028,0
46.5,46.5,0.8,0.8738440368455075,0.0998259619960267,-0.7397277759111063,-0.07384403684550744,8.0,7.0,6.0,-0.7000000000000028,0
46.5,46.5,0.8,0.8738440368455075,0.0998259619960267,-0.7397277759111063,-0.07384403684550744,8.0,7.0,6.0,0.0,0
46.5,46.5,0.8,0.8738440368455075,0.0998259619960267,-0.7397277759111063,-0.07384403684550744,8.0,7.0,6.0,-0.10000000000000142,0
47.5,47.5,0.875,0.8585161296907428,0.09668320225748822,0.17049363203089965,0.016483870309257243,7.0,9.0,7.0,-0.10000000000000142,0
47.5,47.5,0.875,0.8585161296907428,0.09668320225748822,0.17049363203089965,0.016483870309257243,7.0,9.0,7.0,-0.10000000000000142,0
47.5,47.5,0.875,0.8585161296907428,0.09668320225748822,0.17049363203089965,0.016483870309257243,7.0,9.0,7.0,-0.10000000000000142,0
47.5,47.5,0.875,0.8585161296907428,0.09668320225748822,0.17049363203089965,0.016483870309257243,7.0,9.0,7.0,0.0,0
47.5,47.5,0.875,0.8585161296907428,0.09668320225748822,0.17049363203089965,0.016483870309257243,7.0,9.0,7.0,-0.10000000000000142,0
47.5,47.5,0.875,0.8585161296907428,0.09668320225748822,0.17049363203089965,0.016483870309257243,7.0,9.0,7.0,-0.10000000000000142,0
47.5,47.5,0.875,0.8585161296907428,0.09668320225748822,0.17049363203089965,0.016483870309257243,7.0,9.0,7.0,-0.19999999999999574,0
48.5,48.5,0.75,0.8116956003319007,0.09621766738969302,-0.6412086470775284,-0.06169560033190069,7.0,9.0,6.0,-0.10000000000000142,0
48.5,48.5,0.75,0.8116956003319007,0.09621766738969302,-0.6412086470775284,-0.06169560033190069,7.0,9.0,6.0,0.0,0
48.5,48.5,0.75,0.8116956003319007,0.09621766738969302,-0.6412086470775284,-0.06169560033190069,7.0,9.0,6.0,-0.10000000000000142,0
48.5,48.5,0.75,0.8116956003319007,0.09621766738969302,-0.6412086470775284,-0.06169560033190069,7.0,9.0,6.0,-0.10000000000000142,0
48.5,48.5,0.75,0.8116956003319007,0.09621766738969302,-0.6412086470775284,-0.06169560033190069,7.0,9.0,6.0,-0.19999999999999574,0
48.5,48.5,0.75,0.8116956003319007,0.09621766738969302,-0.6412086470775284,-0.06169560033190069,7.0,9.0,6.0,-0.29999999999999716,0
49.5,49.5,0.875,0.8417635879858016,0.09623319247563847,0.3453736819820478,0.03323641201419836,7.0,9.0,7.0,0.0,0
49.5,49.5,0.875,0.8417635879858016,0.09623319247563847,0.3453736819820478,0.03323641201419836,7.0,9.0,7.0,-0.10000000000000142,0
49.5,49.5,0.875,0.8417635879858016,0.09623319247563847,0.3453736819820478,0.03323641201419836,7.0,9.0,7.0,-0.10000000000000142,0
49.5,49.5,0.875,0.8417635879858016,0.09623319247563847,0.3453736819820478,0.03323641201419836,7.0,9.0,7.0,-0.19999999999999574,0
49.5,49.5,0.875,0.8417635879858016,0.09623319247563847,0.3453736819820478,0.03323641201419836,7.0,9.0,7.0,-0.29999999999999716,0
49.5,49.5,0.875,0.8417635879858016,0.09623319247563847,0.3453736819820478,0.03323641201419836,7.0,9.0,7.0,-0.5999999999999943,0
49.5,49.5,0.875,0.8417635879858016,0.09623319247563847,0.3453736819820478,0.03323641201419836,7.0,9.0,7.0,-0.20000000000000284,0
50.5,50.5,1.0,0.8532146228126878,0.09034165470126695,1.624780702464305,0.14678537718731222,9.0,9.0,9.0,0.0,0
50.5,50.5,1.0,0.8532146228126878,0.09034165470126695,1.624780702464305,0.14678537718731222,9.0,9.0,9.0,-0.10000000000000142,0
50.5,50.5,1.0,0.8532146228126878,0.09034165470126695,1.624780702464305,0.14678537718731222,9.0,9.0,9.0,-0.10000000000000142,0
50.5,50.5,1.0,0.8532146228126878,0.09034165470126695,1.624780702464305,0.14678537718731222,9.0,9.0,9.0,-0.19999999999999574,0
50.5,50.5,1.0,0.8532146228126878,0.09034165470126695,1.624780702464305,0.14678537718731222,9.0,9.0,9.0,-0.29999999999999716,0
50.5,50.5,1.0,0.8532146228126878,0.09034165470126695,1.624780702464305,0.14678537718731222,9.0,9.0,9.0,-0.5999999999999943,0
50.5,50.5,1.0,0.8532146228126878,0.09034165470126695,1.624780702464305,0.14678537718731222,9.0,9.0,9.0,-0.20000000000000284,0
50.5,50.5,1.0,0.8532146228126878,0.09034165470126695,1.624780702464305,0.14678537718731222,9.0,9.0,9.0,0.09999999999999432,0
50.5,50.5,1.0,0.8532146228126878,0.09034165470126695,1.624780702464305,0.14678537718731222,9.0,9.0,9.0,0.20000000000000284,0
51.5,51.5,0.875,0.8587661249655059,0.10135503750683335,0.16016840833786533,0.01623387503449414,7.0,9.0,7.0,-0.10000000000000142,0
51.5,51.5,0.875,0.8587661249655059,0.10135503750683335,0.16016840833786533,0.01623387503449414,7.0,9.0,7.0,-0.19999999999999574,0
51.5,51.5,0.875,0.8587661249655059,0.10135503750683335,0.16016840833786533,0.01623387503449414,7.0,9.0,7.0,-0.29999999999999716,0
51.5,51.5,0.875,0.8587661249655059,0.10135503750683335,0.16016840833786533,0.01623387503449414,7.0,9.0,7.0,-0.5999999999999943,0
51.5,51.5,0.875,0.8587661249655059,0.10135503750683335,0.16016840833786533,0.01623387503449414,7.0,9.0,7.0,-0.20000000000000284,0
51.5,51.5,0.875,0.8587661249655059,0.10135503750683335,0.16016840833786533,0.01623387503449414,7.0,9.0,7.0,0.09999999999999432,0
51.5,51.5,0.875,0.8587661249655059,0.10135503750683335,0.16016840833786533,0.01623387503449414,7.0,9.0,7.0,0.20000000000000284,0
52.5,52.5,0.7692307692307693,0.859135788394612,0.10229391633395597,-0.8788892085266581,-0.08990501916384275,5.0,8.0,5.0,-0.29999999999999716,0
52.5,52.5,0.7692307692307693,0.859135788394612,0.10229391633395597,-0.8788892085266581,-0.08990501916384275,5.0,8.0,5.0,-0.5999999999999943,0
52.5,52.5,0.7692307692307693,0.859135788394612,0.10229391633395597,-0.8788892085266581,-0.08990501916384275,5.0,8.0,5.0,-0.20000000000000284,0
52.5,52.5,0.7692307692307693,0.859135788394612,0.10229391633395597,-0.8788892085266581,-0.08990501916384275,5.0,8.0,5.0,0.09999999999999432,0
52.5,52.5,0.7692307692307693,0.859135788394612,0.10229391633395597,-0.8788892085266581,-0.08990501916384275,5.0,8.0,5.0,0.20000000000000284,0
53.5,53.5,0.7142857142857143,0.838822534560383,0.1000939169683281,-1.2441996881196575,-0.12453682027466872,5.0,9.0,5.0,-0.20000000000000284,0
53.5,53.5,0.7142857142857143,0.838822534560383,0.1000939169683281,-1.2441996881196575,-0.12453682027466872,5.0,9.0,5.0,0.09999999999999432,0
53.5,53.5,0.7142857142857143,0.838822534560383,0.1000939169683281,-1.2441996881196575,-0.12453682027466872,5.0,9.0,5.0,0.20000000000000284,0
53.5,53.5,0.7142857142857143,0.838822534560383,0.1000939169683281,-1.2441996881196575,-0.12453682027466872,5.0,9.0,5.0,0.19999999999999574,0
53.5,53.5,0.7142857142857143,0.838822534560383,0.1000939169683281,-1.2441996881196575,-0.12453682027466872,5.0,9.0,5.0,0.09999999999999432,0
54.5,54.5,0.6666666666666666,0.7806398214530568,0.108067119076512,-1.0546515513724082,-0.11397315478639014,5.0,7.0,4.0,0.09999999999999432,0
54.5,54.5,0.6666666666666666,0.7806398214530568,0.108067119076512,-1.0546515513724082,-0.11397315478639014,5.0,7.0,4.0,0.20000000000000284,0
54.5,54.5,0.6666666666666666,0.7806398214530568,0.108067119076512,-1.0546515513724082,-0.11397315478639014,5.0,7.0,4.0,0.19999999999999574,0
54.5,54.5,0.6666666666666666,0.7806398214530568,0.108067119076512,-1.0546515513724082,-0.11397315478639014,5.0,7.0,4.0,0.09999999999999432,0
55.5,55.5,0.7692307692307693,0.8457263628528335,0.09323551419122388,-0.8204555344133522,-0.07649559362206426,6.0,7.0,5.0,-0.29999999999999716,0
55.5,55.5,0.7692307692307693,0.8457263628528335,0.09323551419122388,-0.8204555344133522,-0.07649559362206426,6.0,7.0,5.0,0.19999999999999574,0
55.5,55.5,0.7692307692307693,0.8457263628528335,0.09323551419122388,-0.8204555344133522,-0.07649559362206426,6.0,7.0,5.0,0.09999999999999432,0
55.5,55.5,0.7692307692307693,0.8457263628528335,0.09323551419122388,-0.8204555344133522,-0.07649559362206426,6.0,7.0,5.0,-1.0,0
55.5,55.5,0.7692307692307693,0.8457263628528335,0.09323551419122388,-0.8204555344133522,-0.07649559362206426,6.0,7.0,5.0,-0.7999999999999972,0
56.5,56.5,0.8333333333333334,0.8462765567765569,0.08145815259024024,-0.15889414419121367,-0.012943223443223517,6.0,6.0,5.0,0.19999999999999574,0
56.5,56.5,0.8333333333333334,0.8462765567765569,0.08145815259024024,-0.15889414419121367,-0.012943223443223517,6.0,6.0,5.0,0.09999999999999432,0
56.5,56.5,0.8333333333333334,0.8462765567765569,0.08145815259024024,-0.15889414419121367,-0.012943223443223517,6.0,6.0,5.0,-1.0,0
56.5,56.5,0.8333333333333334,0.8462765567765569,0.08145815259024024,-0.15889414419121367,-0.012943223443223517,6.0,6.0,5.0,-0.7999999999999972,0
56.5,56.5,0.8333333333333334,0.8462765567765569,0.08145815259024024,-0.15889414419121367,-0.012943223443223517,6.0,6.0,5.0,-0.7000000000000028,0
57.5,57.5,0.9333333333333333,0.8601354395604396,0.09205716738216069,0.7951351953838026,0.07319789377289376,8.0,7.0,7.0,0.19999999999999574,0
57.5,57.5,0.9333333333333333,0.8601354395604396,0.09205716738216069,0.7951351953838026,0.07319789377289376,8.0,7.0,7.0,0.09999999999999432,0
57.5,57.5,0.9333333333333333,0.8601354395604396,0.09205716738216069,0.7951351953838026,0.07319789377289376,8.0,7.0,7.0,-1.0,0
57.5,57.5,0.9333333333333333,0.8601354395604396,0.09205716738216069,0.7951351953838026,0.07319789377289376,8.0,7.0,7.0,-0.7999999999999972,0
57.5,57.5,0.9333333333333333,0.8601354395604396,0.09205716738216069,0.7951351953838026,0.07319789377289376,8.0,7.0,7.0,-0.7000000000000028,0
57.5,57.5,0.9333333333333333,0.8601354395604396,0.09205716738216069,0.7951351953838026,0.07319789377289376,8.0,7.0,7.0,-0.6000000000000014,0
57.5,57.5,0.9333333333333333,0.8601354395604396,0.09205716738216069,0.7951351953838026,0.07319789377289376,8.0,7.0,7.0,-0.5,0
58.5,58.5,1.0,0.8776177190456603,0.09317854747512593,1.313416921282334,0.12238228095433967,7.0,7.0,7.0,-1.0,0
58.5,58.5,1.0,0.8776177190456603,0.09317854747512593,1.313416921282334,0.12238228095433967,7.0,7.0,7.0,-0.7999999999999972,0
58.5,58.5,1.0,0.8776177190456603,0.09317854747512593,1.313416921282334,0.12238228095433967,7.0,7.0,7.0,-0.7000000000000028,0
58.5,58.5,1.0,0.8776177190456603,0.09317854747512593,1.313416921282334,0.12238228095433967,7.0,7.0,7.0,-0.6000000000000014,0
58.5,58.5,1.0,0.8776177190456603,0.09317854747512593,1.313416921282334,0.12238228095433967,7.0,7.0,7.0,-0.5,0
58.5,58.5,1.0,0.8776177190456603,0.09317854747512593,1.313416921282334,0.12238228095433967,7.0,7.0,7.0,-0.30000000000000426,0
58.5,58.5,1.0,0.8776177190456603,0.09317854747512593,1.313416921282334,0.12238228095433967,7.0,7.0,7.0,0.0,0
59.5,59.5,0.875,0.8599288849952936,0.09529092688606307,0.1581589716587238,0.01507111500470637,7.0,9.0,7.0,-0.29999999999999716,0
59.5,59.5,0.875,0.8599288849952936,0.09529092688606307,0.1581589716587238,0.01507111500470637,7.0,9.0,7.0,-0.10000000000000142,0
59.5,59.5,0.875,0.8599288849952936,0.09529092688606307,0.1581589716587238,0.01507111500470637,7.0,9.0,7.0,0.0,0
59.5,59.5,0.875,0.8599288849952936,0.09529092688606307,0.1581589716587238,0.01507111500470637,7.0,9.0,7.0,0.0,0
59.5,59.5,0.875,0.8599288849952936,0.09529092688606307,0.1581589716587238,0.01507111500470637,7.0,9.0,7.0,-0.30000000000000426,0
59.5,59.5,0.875,0.8599288849952936,0.09529092688606307,0.1581589716587238,0.01507111500470637,7.0,9.0,7.0,0.0,0
59.5,59.5,0.875,0.8599288849952936,0.09529092688606307,0.1581589716587238,0.01507111500470637,7.0,9.0,7.0,0.0,0
60.5,60.5,0.8571428571428571,0.8648444661547603,0.09515847833509837,-0.08093455408967513,-0.007701609011903199,6.0,8.0,6.0,0.0,0
60.5,60.5,0.8571428571428571,0.8648444661547603,0.09515847833509837,-0.08093455408967513,-0.007701609011903199,6.0,8.0,6.0,0.0,0
60.5,60.5,0.8571428571428571,0.8648444661547603,0.09515847833509837,-0.08093455408967513,-0.007701609011903199,6.0,8.0,6.0,-0.30000000000000426,0
60.5,60.5,0.8571428571428571,0.8648444661547603,0.09515847833509837,-0.08093455408967513,-0.007701609011903199,6.0,8.0,6.0,0.0,0
60.5,60.5,0.8571428571428571,0.8648444661547603,0.09515847833509837,-0.08093455408967513,-0.007701609011903199,6.0,8.0,6.0,0.0,0
60.5,60.5,0.8571428571428571,0.8648444661547603,0.09515847833509837,-0.08093455408967513,-0.007701609011903199,6.0,8.0,6.0,-0.20000000000000284,0
61.5,61.5,0.8,0.8468159122353395,0.08886113788622933,-0.5268434925431493,-0.04681591223533943,6.0,9.0,6.0,0.0,0
61.5,61.5,0.8,0.8468159122353395,0.08886113788622933,-0.5268434925431493,-0.04681591223533943,6.0,9.0,6.0,-0.30000000000000426,0
61.5,61.5,0.8,0.8468159122353395,0.08886113788622933,-0.5268434925431493,-0.04681591223533943,6.0,9.0,6.0,0.0,0
61.5,61.5,0.8,0.8468159122353395,0.08886113788622933,-0.5268434925431493,-0.04681591223533943,6.0,9.0,6.0,0.0,0
61.5,61.5,0.8,0.8468159122353395,0.08886113788622933,-0.5268434925431493,-0.04681591223533943,6.0,9.0,6.0,-0.20000000000000284,0
61.5,61.5,0.8,0.8468159122353395,0.08886113788622933,-0.5268434925431493,-0.04681591223533943,6.0,9.0,6.0,0.29999999999999716,0
62.5,62.5,0.7692307692307693,0.8432451249730661,0.09218569600935016,-0.8028832991052081,-0.07401435574229687,5.0,8.0,5.0,0.0,0
62.5,62.5,0.7692307692307693,0.8432451249730661,0.09218569600935016,-0.8028832991052081,-0.07401435574229687,5.0,8.0,5.0,0.0,0
62.5,62.5,0.7692307692307693,0.8432451249730661,0.09218569600935016,-0.8028832991052081,-0.07401435574229687,5.0,8.0,5.0,-0.20000000000000284,0
62.5,62.5,0.7692307692307693,0.8432451249730661,0.09218569600935016,-0.8028832991052081,-0.07401435574229687,5.0,8.0,5.0,0.29999999999999716,0
62.5,62.5,0.7692307692307693,0.8432451249730661,0.09218569600935016,-0.8028832991052081,-0.07401435574229687,5.0,8.0,5.0,-0.20000000000000284,0
63.5,63.5,0.7692307692307693,0.887252614379085,0.09257157680096086,-1.2749252980974468,-0.11802184514831571,5.0,8.0,5.0,0.0,0
63.5,63.5,0.7692307692307693,0.887252614379085,0.09257157680096086,-1.2749252980974468,-0.11802184514831571,5.0,8.0,5.0,-0.20000000000000284,0
63.5,63.5,0.7692307692307693,0.887252614379085,0.09257157680096086,-1.2749252980974468,-0.11802184514831571,5.0,8.0,5.0,0.29999999999999716,0
63.5,63.5,0.7692307692307693,0.887252614379085,0.09257157680096086,-1.2749252980974468,-0.11802184514831571,5.0,8.0,5.0,-0.20000000000000284,0
63.5,63.5,0.7692307692307693,0.887252614379085,0.09257157680096086,-1.2749252980974468,-0.11802184514831571,5.0,8.0,5.0,-0.29999999999999716,0
64.5,64.5,0.7692307692307693,0.8871131255998904,0.08770338253483721,-1.3441027354024384,-0.11788235636912114,6.0,7.0,5.0,-0.20000000000000284,0
64.5,64.5,0.7692307692307693,0.8871131255998904,0.08770338253483721,-1.3441027354024384,-0.11788235636912114,6.0,7.0,5.0,0.29999999999999716,0
64.5,64.5,0.7692307692307693,0.8871131255998904,0.08770338253483721,-1.3441027354024384,-0.11788235636912114,6.0,7.0,5.0,-0.20000000000000284,0
64.5,64.5,0.7692307692307693,0.8871131255998904,0.08770338253483721,-1.3441027354024384,-0.11788235636912114,6.0,7.0,5.0,-0.29999999999999716,0
64.5,64.5,0.7692307692307693,0.8871131255998904,0.08770338253483721,-1.3441027354024384,-0.11788235636912114,6.0,7.0,5.0,-0.09999999999999432,0
65.5,65.5,0.8571428571428571,0.8854771445874389,0.09200438048461282,-0.3079667217510422,-0.028334287444581774,6.0,8.0,6.0,0.29999999999999716,0
65.5,65.5,0.8571428571428571,0.8854771445874389,0.09200438048461282,-0.3079667217510422,-0.028334287444581774,6.0,8.0,6.0,-0.20000000000000284,0
65.5,65.5,0.8571428571428571,0.8854771445874389,0.09200438048461282,-0.3079667217510422,-0.028334287444581774,6.0,8.0,6.0,-0.29999999999999716,0
65.5,65.5,0.8571428571428571,0.8854771445874389,0.09200438048461282,-0.3079667217510422,-0.028334287444581774,6.0,8.0,6.0,-0.09999999999999432,0
65.5,65.5,0.8571428571428571,0.8854771445874389,0.09200438048461282,-0.3079667217510422,-0.028334287444581774,6.0,8.0,6.0,-0.5,0
65.5,65.5,0.8571428571428571,0.8854771445874389,0.09200438048461282,-0.3079667217510422,-0.028334287444581774,6.0,8.0,6.0,-0.5,0
66.5,66.5,0.875,0.9024132540661953,0.09110860372426456,-0.3008854591730997,-0.027413254066195325,8.0,8.0,7.0,-0.20000000000000284,0
66.5,66.5,0.875,0.9024132540661953,0.09110860372426456,-0.3008854591730997,-0.027413254066195325,8.0,8.0,7.0,-0.29999999999999716,0
66.5,66.5,0.875,0.9024132540661953,0.09110860372426456,-0.3008854591730997,-0.027413254066195325,8.0,8.0,7.0,-0.09999999999999432,0
66.5,66.5,0.875,0.9024132540661953,0.09110860372426456,-0.3008854591730997,-0.027413254066195325,8.0,8.0,7.0,-0.5,0
66.5,66.5,0.875,0.9024132540661953,0.09110860372426456,-0.3008854591730997,-0.027413254066195325,8.0,8.0,7.0,-0.5,0
66.5,66.5,0.875,0.9024132540661953,0.09110860372426456,-0.3008854591730997,-0.027413254066195325,8.0,8.0,7.0,-0.4000000000000057,0
66.5,66.5,0.875,0.9024132540661953,0.09110860372426456,-0.3008854591730997,-0.027413254066195325,8.0,8.0,7.0,-0.5,0
67.5,67.5,0.875,0.8764946566505392,0.0951503635992607,-0.015708365097101683,-0.0014946566505391612,8.0,8.0,7.0,-0.29999999999999716,0
67.5,67.5,0.875,0.8764946566505392,0.0951503635992607,-0.015708365097101683,-0.0014946566505391612,8.0,8.0,7.0,-0.09999999999999432,0
67.5,67.5,0.875,0.8764946566505392,0.0951503635992607,-0.015708365097101683,-0.0014946566505391612,8.0,8.0,7.0,-0.5,0
67.5,67.5,0.875,0.8764946566505392,0.0951503635992607,-0.015708365097101683,-0.0014946566505391612,8.0,8.0,7.0,-0.5,0
67.5,67.5,0.875,0.8764946566505392,0.0951503635992607,-0.015708365097101683,-0.0014946566505391612,8.0,8.0,7.0,-0.4000000000000057,0
67.5,67.5,0.875,0.8764946566505392,0.0951503635992607,-0.015708365097101683,-0.0014946566505391612,8.0,8.0,7.0,-0.5,0
67.5,67.5,0.875,0.8764946566505392,0.0951503635992607,-0.015708365097101683,-0.0014946566505391612,8.0,8.0,7.0,-0.5999999999999943,0
68.5,68.5,0.9411764705882353,0.9026053648965414,0.09361376454900203,0.41202387146287506,0.03857110569169386,9.0,8.0,8.0,-0.09999999999999432,0
68.5,68.5,0.9411764705882353,0.9026053648965414,0.09361376454900203,0.41202387146287506,0.03857110569169386,9.0,8.0,8.0,-0.5,0
68.5,68.5,0.9411764705882353,0.9026053648965414,0.09361376454900203,0.41202387146287506,0.03857110569169386,9.0,8.0,8.0,-0.5,0
68.5,68.5,0.9411764705882353,0.9026053648965414,0.09361376454900203,0.41202387146287506,0.03857110569169386,9.0,8.0,8.0,-0.4000000000000057,0
68.5,68.5,0.9411764705882353,0.9026053648965414,0.09361376454900203,0.41202387146287506,0.03857110569169386,9.0,8.0,8.0,-0.5,0
68.5,68.5,0.9411764705882353,0.9026053648965414,0.09361376454900203,0.41202387146287506,0.03857110569169386,9.0,8.0,8.0,-0.5999999999999943,0
68.5,68.5,0.9411764705882353,0.9026053648965414,0.09361376454900203,0.41202387146287506,0.03857110569169386,9.0,8.0,8.0,-0.5999999999999943,0
68.5,68.5,0.9411764705882353,0.9026053648965414,0.09361376454900203,0.41202387146287506,0.03857110569169386,9.0,8.0,8.0,-0.7000000000000028,0
69.5,69.5,0.9411764705882353,0.8616381691408007,0.09958698547393567,0.798681685853938,0.07953830144743457,8.0,9.0,8.0,0.09999999999999432,0
69.5,69.5,0.9411764705882353,0.8616381691408007,0.09958698547393567,0.798681685853938,0.07953830144743457,8.0,9.0,8.0,0.09999999999999432,0
69.5,69.5,0.9411764705882353,0.8616381691408007,0.09958698547393567,0.798681685853938,0.07953830144743457,8.0,9.0,8.0,0.0,0
69.5,69.5,0.9411764705882353,0.8616381691408007,0.09958698547393567,0.798681685853938,0.07953830144743457,8.0,9.0,8.0,0.0,0
69.5,69.5,0.9411764705882353,0.8616381691408007,0.09958698547393567,0.798681685853938,0.07953830144743457,8.0,9.0,8.0,0.10000000000000853,0
69.5,69.5,0.9411764705882353,0.8616381691408007,0.09958698547393567,0.798681685853938,0.07953830144743457,8.0,9.0,8.0,-0.20000000000000284,0
69.5,69.5,0.9411764705882353,0.8616381691408007,0.09958698547393567,0.798681685853938,0.07953830144743457,8.0,9.0,8.0,0.10000000000000853,0
69.5,69.5,0.9411764705882353,0.8616381691408007,0.09958698547393567,0.798681685853938,0.07953830144743457,8.0,9.0,8.0,0.10000000000000853,0
70.5,70.5,0.9411764705882353,0.8195334504247044,0.09871369586840255,1.2322810841334109,0.1216430201635309,8.0,9.0,8.0,0.09999999999999432,0
70.5,70.5,0.9411764705882353,0.8195334504247044,0.09871369586840255,1.2322810841334109,0.1216430201635309,8.0,9.0,8.0,0.0,0
70.5,70.5,0.9411764705882353,0.8195334504247044,0.09871369586840255,1.2322810841334109,0.1216430201635309,8.0,9.0,8.0,0.0,0
70.5,70.5,0.9411764705882353,0.8195334504247044,0.09871369586840255,1.2322810841334109,0.1216430201635309,8.0,9.0,8.0,0.10000000000000853,0
70.5,70.5,0.9411764705882353,0.8195334504247044,0.09871369586840255,1.2322810841334109,0.1216430201635309,8.0,9.0,8.0,-0.20000000000000284,0
70.5,70.5,0.9411764705882353,0.8195334504247044,0.09871369586840255,1.2322810841334109,0.1216430201635309,8.0,9.0,8.0,0.10000000000000853,0
70.5,70.5,0.9411764705882353,0.8195334504247044,0.09871369586840255,1.2322810841334109,0.1216430201635309,8.0,9.0,8.0,0.10000000000000853,0
70.5,70.5,0.9411764705882353,0.8195334504247044,0.09871369586840255,1.2322810841334109,0.1216430201635309,8.0,9.0,8.0,-0.10000000000000853,0
71.5,71.5,0.8571428571428571,0.8212785957506546,0.09556728631429069,0.3752775952458898,0.035864261392202446,6.0,8.0,6.0,0.0,0
71.5,71.5,0.8571428571428571,0.8212785957506546,0.09556728631429069,0.3752775952458898,0.035864261392202446,6.0,8.0,6.0,0.10000000000000853,0
71.5,71.5,0.8571428571428571,0.8212785957506546,0.09556728631429069,0.3752775952458898,0.035864261392202446,6.0,8.0,6.0,-0.20000000000000284,0
71.5,71.5,0.8571428571428571,0.8212785957506546,0.09556728631429069,0.3752775952458898,0.035864261392202446,6.0,8.0,6.0,0.10000000000000853,0
71.5,71.5,0.8571428571428571,0.8212785957506546,0.09556728631429069,0.3752775952458898,0.035864261392202446,6.0,8.0,6.0,0.10000000000000853,0
71.5,71.5,0.8571428571428571,0.8212785957506546,0.09556728631429069,0.3752775952458898,0.035864261392202446,6.0,8.0,6.0,-0.10000000000000853,0
72.5,72.5,0.8571428571428571,0.8714595412757178,0.09078377629015766,-0.1577009099853102,-0.01431668413286069,6.0,8.0,6.0,-0.20000000000000284,0
72.5,72.5,0.8571428571428571,0.8714595412757178,0.09078377629015766,-0.1577009099853102,-0.01431668413286069,6.0,8.0,6.0,0.10000000000000853,0
72.5,72.5,0.8571428571428571,0.8714595412757178,0.09078377629015766,-0.1577009099853102,-0.01431668413286069,6.0,8.0,6.0,0.10000000000000853,0
72.5,72.5,0.8571428571428571,0.8714595412757178,0.09078377629015766,-0.1577009099853102,-0.01431668413286069,6.0,8.0,6.0,-0.10000000000000853,0
72.5,72.5,0.8571428571428571,0.8714595412757178,0.09078377629015766,-0.1577009099853102,-0.01431668413286069,6.0,8.0,6.0,0.09999999999999432,0
72.5,72.5,0.8571428571428571,0.8714595412757178,0.09078377629015766,-0.1577009099853102,-0.01431668413286069,6.0,8.0,6.0,0.0,0
73.5,73.5,0.7692307692307693,0.8934288200361732,0.09171047945799457,-1.3542405572341312,-0.12419805080540391,5.0,8.0,5.0,0.10000000000000853,0
73.5,73.5,0.7692307692307693,0.8934288200361732,0.09171047945799457,-1.3542405572341312,-0.12419805080540391,5.0,8.0,5.0,-0.10000000000000853,0
73.5,73.5,0.7692307692307693,0.8934288200361732,0.09171047945799457,-1.3542405572341312,-0.12419805080540391,5.0,8.0,5.0,0.09999999999999432,0
73.5,73.5,0.7692307692307693,0.8934288200361732,0.09171047945799457,-1.3542405572341312,-0.12419805080540391,5.0,8.0,5.0,0.0,0
73.5,73.5,0.7692307692307693,0.8934288200361732,0.09171047945799457,-1.3542405572341312,-0.12419805080540391,5.0,8.0,5.0,0.09999999999999432,0
74.5,74.5,0.8571428571428571,0.8801778905734788,0.09646952014068354,-0.23878042926956897,-0.023035033430621743,6.0,8.0,6.0,-0.10000000000000853,0
74.5,74.5,0.8571428571428571,0.8801778905734788,0.09646952014068354,-0.23878042926956897,-0.023035033430621743,6.0,8.0,6.0,0.09999999999999432,0
74.5,74.5,0.8571428571428571,0.8801778905734788,0.09646952014068354,-0.23878042926956897,-0.023035033430621743,6.0,8.0,6.0,0.0,0
74.5,74.5,0.8571428571428571,0.8801778905734788,0.09646952014068354,-0.23878042926956897,-0.023035033430621743,6.0,8.0,6.0,0.09999999999999432,0
74.5,74.5,0.8571428571428571,0.8801778905734788,0.09646952014068354,-0.23878042926956897,-0.023035033430621743,6.0,8.0,6.0,0.19999999999998863,0
74.5,74.5,0.8571428571428571,0.8801778905734788,0.09646952014068354,-0.23878042926956897,-0.023035033430621743,6.0,8.0,6.0,-0.20000000000000284,0
75.5,75.5,0.8571428571428571,0.8822851689160514,0.09528693705910807,-0.263858956423356,-0.02514231177319426,6.0,8.0,6.0,0.09999999999999432,0
75.5,75.5,0.8571428571428571,0.8822851689160514,0.09528693705910807,-0.263858956423356,-0.02514231177319426,6.0,8.0,6.0,0.0,0
75.5,75.5,0.8571428571428571,0.8822851689160514,0.09528693705910807,-0.263858956423356,-0.02514231177319426,6.0,8.0,6.0,0.09999999999999432,0
75.5,75.5,0.8571428571428571,0.8822851689160514,0.09528693705910807,-0.263858956423356,-0.02514231177319426,6.0,8.0,6.0,0.19999999999998863,0
75.5,75.5,0.8571428571428571,0.8822851689160514,0.09528693705910807,-0.263858956423356,-0.02514231177319426,6.0,8.0,6.0,-0.20000000000000284,0
75.5,75.5,0.8571428571428571,0.8822851689160514,0.09528693705910807,-0.263858956423356,-0.02514231177319426,6.0,8.0,6.0,-0.20000000000000284,0
76.5,76.5,0.875,0.8249010136921902,0.09558865142343101,0.5241101905066673,0.050098986307809845,8.0,8.0,7.0,0.09999999999999432,0
76.5,76.5,0.875,0.8249010136921902,0.09558865142343101,0.5241101905066673,0.050098986307809845,8.0,8.0,7.0,0.0,0
76.5,76.5,0.875,0.8249010136921902,0.09558865142343101,0.5241101905066673,0.050098986307809845,8.0,8.0,7.0,0.09999999999999432,0
76.5,76.5,0.875,0.8249010136921902,0.09558865142343101,0.5241101905066673,0.050098986307809845,8.0,8.0,7.0,0.19999999999998863,0
76.5,76.5,0.875,0.8249010136921902,0.09558865142343101,0.5241101905066673,0.050098986307809845,8.0,8.0,7.0,-0.20000000000000284,0
76.5,76.5,0.875,0.8249010136921902,0.09558865142343101,0.5241101905066673,0.050098986307809845,8.0,8.0,7.0,-0.20000000000000284,0
76.5,76.5,0.875,0.8249010136921902,0.09558865142343101,0.5241101905066673,0.050098986307809845,8.0,8.0,7.0,-0.20000000000000284,0
77.5,77.5,0.8235294117647058,0.7722825427840133,0.09210041878129051,0.5564238432225559,0.05124686898069253,9.0,8.0,7.0,0.0,0
77.5,77.5,0.8235294117647058,0.7722825427840133,0.09210041878129051,0.5564238432225559,0.05124686898069253,9.0,8.0,7.0,0.09999999999999432,0
77.5,77.5,0.8235294117647058,0.7722825427840133,0.09210041878129051,0.5564238432225559,0.05124686898069253,9.0,8.0,7.0,0.19999999999998863,0
77.5,77.5,0.8235294117647058,0.7722825427840133,0.09210041878129051,0.5564238432225559,0.05124686898069253,9.0,8.0,7.0,-0.20000000000000284,0
77.5,77.5,0.8235294117647058,0.7722825427840133,0.09210041878129051,0.5564238432225559,0.05124686898069253,9.0,8.0,7.0,-0.20000000000000284,0
77.5,77.5,0.8235294117647058,0.7722825427840133,0.09210041878129051,0.5564238432225559,0.05124686898069253,9.0,8.0,7.0,-0.20000000000000284,0
77.5,77.5,0.8235294117647058,0.7722825427840133,0.09210041878129051,0.5564238432225559,0.05124686898069253,9.0,8.0,7.0,-0.8000000000000114,0
78.5,78.5,0.8571428571428571,0.8260697413697414,0.08853596805420305,0.350966013655515,0.031073115773115667,8.0,6.0,6.0,-0.30000000000001137,0
78.5,78.5,0.8571428571428571,0.8260697413697414,0.08853596805420305,0.350966013655515,0.031073115773115667,8.0,6.0,6.0,-0.20000000000000284,0
78.5,78.5,0.8571428571428571,0.8260697413697414,0.08853596805420305,0.350966013655515,0.031073115773115667,8.0,6.0,6.0,-0.20000000000000284,0
78.5,78.5,0.8571428571428571,0.8260697413697414,0.08853596805420305,0.350966013655515,0.031073115773115667,8.0,6.0,6.0,-0.20000000000000284,0
78.5,78.5,0.8571428571428571,0.8260697413697414,0.08853596805420305,0.350966013655515,0.031073115773115667,8.0,6.0,6.0,-0.8000000000000114,0
78.5,78.5,0.8571428571428571,0.8260697413697414,0.08853596805420305,0.350966013655515,0.031073115773115667,8.0,6.0,6.0,-0.3999999999999915,0
79.5,79.5,0.8571428571428571,0.8592496059496061,0.07389767116314991,-0.028509001347251546,-0.0021067488067489926,8.0,6.0,6.0,-0.20000000000000284,0
79.5,79.5,0.8571428571428571,0.8592496059496061,0.07389767116314991,-0.028509001347251546,-0.0021067488067489926,8.0,6.0,6.0,-0.20000000000000284,0
79.5,79.5,0.8571428571428571,0.8592496059496061,0.07389767116314991,-0.028509001347251546,-0.0021067488067489926,8.0,6.0,6.0,-0.8000000000000114,0
79.5,79.5,0.8571428571428571,0.8592496059496061,0.07389767116314991,-0.028509001347251546,-0.0021067488067489926,8.0,6.0,6.0,-0.3999999999999915,0
79.5,79.5,0.8571428571428571,0.8592496059496061,0.07389767116314991,-0.028509001347251546,-0.0021067488067489926,8.0,6.0,6.0,-0.09999999999999432,0
79.5,79.5,0.8571428571428571,0.8592496059496061,0.07389767116314991,-0.028509001347251546,-0.0021067488067489926,8.0,6.0,6.0,0.10000000000000853,0
80.5,80.5,0.8,0.8822774504906858,0.09030142598670395,-0.9111423168754876,-0.0822774504906858,8.0,7.0,6.0,-0.20000000000000284,0
80.5,80.5,0.8,0.8822774504906858,0.09030142598670395,-0.9111423168754876,-0.0822774504906858,8.0,7.0,6.0,-0.8000000000000114,0
80.5,80.5,0.8,0.8822774504906858,0.09030142598670395,-0.9111423168754876,-0.0822774504906858,8.0,7.0,6.0,-0.3999999999999915,0
80.5,80.5,0.8,0.8822774504906858,0.09030142598670395,-0.9111423168754876,-0.0822774504906858,8.0,7.0,6.0,-0.09999999999999432,0
80.5,80.5,0.8,0.8822774504906858,0.09030142598670395,-0.9111423168754876,-0.0822774504906858,8.0,7.0,6.0,0.10000000000000853,0
80.5,80.5,0.8,0.8822774504906858,0.09030142598670395,-0.9111423168754876,-0.0822774504906858,8.0,7.0,6.0,-0.20000000000000284,0
81.5,81.5,0.8,0.885830706711589,0.09930967188093776,-0.8642733893481324,-0.08583070671158899,7.0,8.0,6.0,-0.8000000000000114,0
81.5,81.5,0.8,0.885830706711589,0.09930967188093776,-0.8642733893481324,-0.08583070671158899,7.0,8.0,6.0,-0.3999999999999915,0
81.5,81.5,0.8,0.885830706711589,0.09930967188093776,-0.8642733893481324,-0.08583070671158899,7.0,8.0,6.0,-0.09999999999999432,0
81.5,81.5,0.8,0.885830706711589,0.09930967188093776,-0.8642733893481324,-0.08583070671158899,7.0,8.0,6.0,0.10000000000000853,0
81.5,81.5,0.8,0.885830706711589,0.09930967188093776,-0.8642733893481324,-0.08583070671158899,7.0,8.0,6.0,-0.20000000000000284,0
81.5,81.5,0.8,0.885830706711589,0.09930967188093776,-0.8642733893481324,-0.08583070671158899,7.0,8.0,6.0,-0.20000000000000284,0
82.5,82.5,0.8,0.8596084712157469,0.10518339421935964,-0.5667099037651664,-0.05960847121574686,6.0,9.0,6.0,-0.3999999999999915,0
82.5,82.5,0.8,0.8596084712157469,0.10518339421935964,-0.5667099037651664,-0.05960847121574686,6.0,9.0,6.0,-0.09999999999999432,0
82.5,82.5,0.8,0.8596084712157469,0.10518339421935964,-0.5667099037651664,-0.05960847121574686,6.0,9.0,6.0,0.10000000000000853,0
82.5,82.5,0.8,0.8596084712157469,0.10518339421935964,-0.5667099037651664,-0.05960847121574686,6.0,9.0,6.0,-0.20000000000000284,0
82.5,82.5,0.8,0.8596084712157469,0.10518339421935964,-0.5667099037651664,-0.05960847121574686,6.0,9.0,6.0,-0.20000000000000284,0
82.5,82.5,0.8,0.8596084712157469,0.10518339421935964,-0.5667099037651664,-0.05960847121574686,6.0,9.0,6.0,0.0,0
83.5,83.5,0.75,0.8112509561989438,0.10241553998656026,-0.5980631084597283,-0.06125095619894383,6.0,10.0,6.0,-0.09999999999999432,0
83.5,83.5,0.75,0.8112509561989438,0.10241553998656026,-0.5980631084597283,-0.06125095619894383,6.0,10.0,6.0,0.10000000000000853,0
83.5,83.5,0.75,0.8112509561989438,0.10241553998656026,-0.5980631084597283,-0.06125095619894383,6.0,10.0,6.0,-0.20000000000000284,0
83.5,83.5,0.75,0.8112509561989438,0.10241553998656026,-0.5980631084597283,-0.06125095619894383,6.0,10.0,6.0,-0.20000000000000284,0
83.5,83.5,0.75,0.8112509561989438,0.10241553998656026,-0.5980631084597283,-0.06125095619894383,6.0,10.0,6.0,0.0,0
83.5,83.5,0.75,0.8112509561989438,0.10241553998656026,-0.5980631084597283,-0.06125095619894383,6.0,10.0,6.0,-0.09999999999999432,0
84.5,84.5,0.6666666666666666,0.8100129253185755,0.10204862931440564,-1.4046857818174876,-0.14334625865190886,6.0,9.0,5.0,-0.20000000000000284,0
84.5,84.5,0.6666666666666666,0.8100129253185755,0.10204862931440564,-1.4046857818174876,-0.14334625865190886,6.0,9.0,5.0,-0.20000000000000284,0
84.5,84.5,0.6666666666666666,0.8100129253185755,0.10204862931440564,-1.4046857818174876,-0.14334625865190886,6.0,9.0,5.0,0.0,0
84.5,84.5,0.6666666666666666,0.8100129253185755,0.10204862931440564,-1.4046857818174876,-0.14334625865190886,6.0,9.0,5.0,-0.09999999999999432,0
84.5,84.5,0.6666666666666666,0.8100129253185755,0.10204862931440564,-1.4046857818174876,-0.14334625865190886,6.0,9.0,5.0,-0.30000000000001137,0
85.5,85.5,0.8,0.844481400238908,0.09682316670643742,-0.45940864931399317,-0.04448140023890801,6.0,9.0,6.0,-0.20000000000000284,0
85.5,85.5,0.8,0.844481400238908,0.09682316670643742,-0.45940864931399317,-0.04448140023890801,6.0,9.0,6.0,0.0,0
85.5,85.5,0.8,0.844481400238908,0.09682316670643742,-0.45940864931399317,-0.04448140023890801,6.0,9.0,6.0,-0.09999999999999432,0
85.5,85.5,0.8,0.844481400238908,0.09682316670643742,-0.45940864931399317,-0.04448140023890801,6.0,9.0,6.0,-0.30000000000001137,0
85.5,85.5,0.8,0.844481400238908,0.09682316670643742,-0.45940864931399317,-0.04448140023890801,6.0,9.0,6.0,-0.4000000000000057,0
85.5,85.5,0.8,0.844481400238908,0.09682316670643742,-0.45940864931399317,-0.04448140023890801,6.0,9.0,6.0,-0.20000000000000284,0
86.5,86.5,0.875,0.856734800141379,0.09622770750547682,0.18981227270307144,0.018265199858620962,7.0,9.0,7.0,0.0,0
86.5,86.5,0.875,0.856734800141379,0.09622770750547682,0.18981227270307144,0.018265199858620962,7.0,9.0,7.0,-0.09999999999999432,0
86.5,86.5,0.875,0.856734800141379,0.09622770750547682,0.18981227270307144,0.018265199858620962,7.0,9.0,7.0,-0.30000000000001137,0
86.5,86.5,0.875,0.856734800141379,0.09622770750547682,0.18981227270307144,0.018265199858620962,7.0,9.0,7.0,-0.4000000000000057,0
86.5,86.5,0.875,0.856734800141379,0.09622770750547682,0.18981227270307144,0.018265199858620962,7.0,9.0,7.0,-0.20000000000000284,0
86.5,86.5,0.875,0.856734800141379,0.09622770750547682,0.18981227270307144,0.018265199858620962,7.0,9.0,7.0,-0.09999999999999432,0
86.5,86.5,0.875,0.856734800141379,0.09622770750547682,0.18981227270307144,0.018265199858620962,7.0,9.0,7.0,0.0,0
87.5,87.5,0.875,0.859483041502701,0.09604861100265373,0.16155317953395734,0.01551695849729895,7.0,9.0,7.0,-0.09999999999999432,0
87.5,87.5,0.875,0.859483041502701,0.09604861100265373,0.16155317953395734,0.01551695849729895,7.0,9.0,7.0,-0.30000000000001137,0
87.5,87.5,0.875,0.859483041502701,0.09604861100265373,0.16155317953395734,0.01551695849729895,7.0,9.0,7.0,-0.4000000000000057,0
87.5,87.5,0.875,0.859483041502701,0.09604861100265373,0.16155317953395734,0.01551695849729895,7.0,9.0,7.0,-0.20000000000000284,0
87.5,87.5,0.875,0.859483041502701,0.09604861100265373,0.16155317953395734,0.01551695849729895,7.0,9.0,7.0,-0.09999999999999432,0
87.5,87.5,0.875,0.859483041502701,0.09604861100265373,0.16155317953395734,0.01551695849729895,7.0,9.0,7.0,0.0,0
87.5,87.5,0.875,0.859483041502701,0.09604861100265373,0.16155317953395734,0.01551695849729895,7.0,9.0,7.0,0.10000000000000853,0
88.5,88.5,0.9411764705882353,0.8638716243852467,0.09857999809323897,0.7841838881947645,0.07730484620298861,8.0,9.0,8.0,-0.30000000000001137,0
88.5,88.5,0.9411764705882353,0.8638716243852467,0.09857999809323897,0.7841838881947645,0.07730484620298861,8.0,9.0,8.0,-0.4000000000000057,0
88.5,88.5,0.9411764705882353,0.8638716243852467,0.09857999809323897,0.7841838881947645,0.07730484620298861,8.0,9.0,8.0,-0.20000000000000284,0
88.5,88.5,0.9411764705882353,0.8638716243852467,0.09857999809323897,0.7841838881947645,0.07730484620298861,8.0,9.0,8.0,-0.09999999999999432,0
88.5,88.5,0.9411764705882353,0.8638716243852467,0.09857999809323897,0.7841838881947645,0.07730484620298861,8.0,9.0,8.0,0.0,0
88.5,88.5,0.9411764705882353,0.8638716243852467,0.09857999809323897,0.7841838881947645,0.07730484620298861,8.0,9.0,8.0,0.10000000000000853,0
88.5,88.5,0.9411764705882353,0.8638716243852467,0.09857999809323897,0.7841838881947645,0.07730484620298861,8.0,9.0,8.0,0.19999999999998863,0
88.5,88.5,0.9411764705882353,0.8638716243852467,0.09857999809323897,0.7841838881947645,0.07730484620298861,8.0,9.0,8.0,-0.20000000000000284,0
89.5,89.5,0.875,0.8451970104371035,0.09540529134374977,0.31238298361790995,0.02980298956289651,7.0,9.0,7.0,-0.20000000000000284,0
89.5,89.5,0.875,0.8451970104371035,0.09540529134374977,0.31238298361790995,0.02980298956289651,7.0,9.0,7.0,-0.09999999999999432,0
89.5,89.5,0.875,0.8451970104371035,0.09540529134374977,0.31238298361790995,0.02980298956289651,7.0,9.0,7.0,0.0,0
89.5,89.5,0.875,0.8451970104371035,0.09540529134374977,0.31238298361790995,0.02980298956289651,7.0,9.0,7.0,0.10000000000000853,0
89.5,89.5,0.875,0.8451970104371035,0.09540529134374977,0.31238298361790995,0.02980298956289651,7.0,9.0,7.0,0.19999999999998863,0
89.5,89.5,0.875,0.8451970104371035,0.09540529134374977,0.31238298361790995,0.02980298956289651,7.0,9.0,7.0,-0.20000000000000284,0
89.5,89.5,0.875,0.8451970104371035,0.09540529134374977,0.31238298361790995,0.02980298956289651,7.0,9.0,7.0,-0.5,0
90.5,90.5,0.8571428571428571,0.8527015944839474,0.0948632294170967,0.04681753600630873,0.0044412626589096504,6.0,8.0,6.0,-0.09999999999999432,0
90.5,90.5,0.8571428571428571,0.8527015944839474,0.0948632294170967,0.04681753600630873,0.0044412626589096504,6.0,8.0,6.0,0.0,0
90.5,90.5,0.8571428571428571,0.8527015944839474,0.0948632294170967,0.04681753600630873,0.0044412626589096504,6.0,8.0,6.0,0.10000000000000853,0
90.5,90.5,0.8571428571428571,0.8527015944839474,0.0948632294170967,0.04681753600630873,0.0044412626589096504,6.0,8.0,6.0,0.19999999999998863,0
90.5,90.5,0.8571428571428571,0.8527015944839474,0.0948632294170967,0.04681753600630873,0.0044412626589096504,6.0,8.0,6.0,-0.20000000000000284,0
90.5,90.5,0.8571428571428571,0.8527015944839474,0.0948632294170967,0.04681753600630873,0.0044412626589096504,6.0,8.0,6.0,-0.5,0
91.5,91.5,0.7692307692307693,0.8592364209320092,0.09260063548541778,-0.9719766093334592,-0.09000565170123997,6.0,7.0,5.0,0.10000000000000853,0
91.5,91.5,0.7692307692307693,0.8592364209320092,0.09260063548541778,-0.9719766093334592,-0.09000565170123997,6.0,7.0,5.0,0.19999999999998863,0
91.5,91.5,0.7692307692307693,0.8592364209320092,0.09260063548541778,-0.9719766093334592,-0.09000565170123997,6.0,7.0,5.0,-0.20000000000000284,0
91.5,91.5,0.7692307692307693,0.8592364209320092,0.09260063548541778,-0.9719766093334592,-0.09000565170123997,6.0,7.0,5.0,-0.5,0
91.5,91.5,0.7692307692307693,0.8592364209320092,0.09260063548541778,-0.9719766093334592,-0.09000565170123997,6.0,7.0,5.0,-0.29999999999999716,0
92.5,92.5,0.8571428571428571,0.9043942640692642,0.08237352742198807,-0.5736236920430117,-0.04725140692640706,7.0,7.0,6.0,-0.30000000000001137,0
92.5,92.5,0.8571428571428571,0.9043942640692642,0.08237352742198807,-0.5736236920430117,-0.04725140692640706,7.0,7.0,6.0,-0.20000000000000284,0
92.5,92.5,0.8571428571428571,0.9043942640692642,0.08237352742198807,-0.5736236920430117,-0.04725140692640706,7.0,7.0,6.0,-0.5,0
92.5,92.5,0.8571428571428571,0.9043942640692642,0.08237352742198807,-0.5736236920430117,-0.04725140692640706,7.0,7.0,6.0,-0.29999999999999716,0
92.5,92.5,0.8571428571428571,0.9043942640692642,0.08237352742198807,-0.5736236920430117,-0.04725140692640706,7.0,7.0,6.0,-0.29999999999999716,0
92.5,92.5,0.8571428571428571,0.9043942640692642,0.08237352742198807,-0.5736236920430117,-0.04725140692640706,7.0,7.0,6.0,-0.29999999999999716,0
93.5,93.5,0.9230769230769231,0.8987312271062271,0.08869499322352746,0.27448782716900894,0.024345695970696024,6.0,7.0,6.0,-0.5,0
93.5,93.5,0.9230769230769231,0.8987312271062271,0.08869499322352746,0.27448782716900894,0.024345695970696024,6.0,7.0,6.0,-0.29999999999999716,0
93.5,93.5,0.9230769230769231,0.8987312271062271,0.08869499322352746,0.27448782716900894,0.024345695970696024,6.0,7.0,6.0,-0.29999999999999716,0
93.5,93.5,0.9230769230769231,0.8987312271062271,0.08869499322352746,0.27448782716900894,0.024345695970696024,6.0,7.0,6.0,-0.29999999999999716,0
93.5,93.5,0.9230769230769231,0.8987312271062271,0.08869499322352746,0.27448782716900894,0.024345695970696024,6.0,7.0,6.0,-0.4000000000000057,0
93.5,93.5,0.9230769230769231,0.8987312271062271,0.08869499322352746,0.27448782716900894,0.024345695970696024,6.0,7.0,6.0,-0.20000000000000284,0
94.5,94.5,0.875,0.8566639041041519,0.09795807673141357,0.18718309411201384,0.01833609589584806,7.0,9.0,7.0,-0.29999999999999716,0
94.5,94.5,0.875,0.8566639041041519,0.09795807673141357,0.18718309411201384,0.01833609589584806,7.0,9.0,7.0,-0.29999999999999716,0
94.5,94.5,0.875,0.8566639041041519,0.09795807673141357,0.18718309411201384,0.01833609589584806,7.0,9.0,7.0,-0.29999999999999716,0
94.5,94.5,0.875,0.8566639041041519,0.09795807673141357,0.18718309411201384,0.01833609589584806,7.0,9.0,7.0,-0.4000000000000057,0
94.5,94.5,0.875,0.8566639041041519,0.09795807673141357,0.18718309411201384,0.01833609589584806,7.0,9.0,7.0,-0.20000000000000284,0
94.5,94.5,0.875,0.8566639041041519,0.09795807673141357,0.18718309411201384,0.01833609589584806,7.0,9.0,7.0,0.0,0
94.5,94.5,0.875,0.8566639041041519,0.09795807673141357,0.18718309411201384,0.01833609589584806,7.0,9.0,7.0,-0.20000000000000284,0
95.5,95.5,1.0,0.8643872038694022,0.0952443004461674,1.4238415894213738,0.13561279613059785,9.0,9.0,9.0,-0.29999999999999716,0
95.5,95.5,1.0,0.8643872038694022,0.0952443004461674,1.4238415894213738,0.13561279613059785,9.0,9.0,9.0,-0.29999999999999716,0
95.5,95.5,1.0,0.8643872038694022,0.0952443004461674,1.4238415894213738,0.13561279613059785,9.0,9.0,9.0,-0.29999999999999716,0
95.5,95.5,1.0,0.8643872038694022,0.0952443004461674,1.4238415894213738,0.13561279613059785,9.0,9.0,9.0,-0.4000000000000057,0
95.5,95.5,1.0,0.8643872038694022,0.0952443004461674,1.4238415894213738,0.13561279613059785,9.0,9.0,9.0,-0.20000000000000284,0
95.5,95.5,1.0,0.8643872038694022,0.0952443004461674,1.4238415894213738,0.13561279613059785,9.0,9.0,9.0,0.0,0
95.5,95.5,1.0,0.8643872038694022,0.0952443004461674,1.4238415894213738,0.13561279613059785,9.0,9.0,9.0,-0.20000000000000284,0
95.5,95.5,1.0,0.8643872038694022,0.0952443004461674,1.4238415894213738,0.13561279613059785,9.0,9.0,9.0,-0.09999999999999432,0
95.5,95.5,1.0,0.8643872038694022,0.0952443004461674,1.4238415894213738,0.13561279613059785,9.0,9.0,9.0,-0.10000000000000853,0
96.5,96.5,0.9411764705882353,0.8331357067253352,0.0913523305490616,1.1826820751428535,0.10804076386290007,8.0,9.0,8.0,0.20000000000000284,0
96.5,96.5,0.9411764705882353,0.8331357067253352,0.0913523305490616,1.1826820751428535,0.10804076386290007,8.0,9.0,8.0,0.20000000000000284,0
96.5,96.5,0.9411764705882353,0.8331357067253352,0.0913523305490616,1.1826820751428535,0.10804076386290007,8.0,9.0,8.0,-0.20000000000000284,0
96.5,96.5,0.9411764705882353,0.8331357067253352,0.0913523305490616,1.1826820751428535,0.10804076386290007,8.0,9.0,8.0,0.0,0
96.5,96.5,0.9411764705882353,0.8331357067253352,0.0913523305490616,1.1826820751428535,0.10804076386290007,8.0,9.0,8.0,-0.20000000000000284,0
96.5,96.5,0.9411764705882353,0.8331357067253352,0.0913523305490616,1.1826820751428535,0.10804076386290007,8.0,9.0,8.0,-0.09999999999999432,0
96.5,96.5,0.9411764705882353,0.8331357067253352,0.0913523305490616,1.1826820751428535,0.10804076386290007,8.0,9.0,8.0,-0.10000000000000853,0
96.5,96.5,0.9411764705882353,0.8331357067253352,0.0913523305490616,1.1826820751428535,0.10804076386290007,8.0,9.0,8.0,-0.5,0
97.5,97.5,0.875,0.8335535333947101,0.09222023542323642,0.44942919973122103,0.041446466605289944,8.0,8.0,7.0,-0.20000000000000284,0
97.5,97.5,0.875,0.8335535333947101,0.09222023542323642,0.44942919973122103,0.041446466605289944,8.0,8.0,7.0,0.0,0
97.5,97.5,0.875,0.8335535333947101,0.09222023542323642,0.44942919973122103,0.041446466605289944,8.0,8.0,7.0,-0.20000000000000284,0
97.5,97.5,0.875,0.8335535333947101,0.09222023542323642,0.44942919973122103,0.041446466605289944,8.0,8.0,7.0,-0.09999999999999432,0
97.5,97.5,0.875,0.8335535333947101,0.09222023542323642,0.44942919973122103,0.041446466605289944,8.0,8.0,7.0,-0.10000000000000853,0
97.5,97.5,0.875,0.8335535333947101,0.09222023542323642,0.44942919973122103,0.041446466605289944,8.0,8.0,7.0,-0.5,0
97.5,97.5,0.875,0.8335535333947101,0.09222023542323642,0.44942919973122103,0.041446466605289944,8.0,8.0,7.0,-0.10000000000000853,0
98.5,98.5,0.9411764705882353,0.8802889102727339,0.09142449642584584,0.6659873742360407,0.060887560315501355,9.0,8.0,8.0,0.0,0
98.5,98.5,0.9411764705882353,0.8802889102727339,0.09142449642584584,0.6659873742360407,0.060887560315501355,9.0,8.0,8.0,-0.20000000000000284,0
98.5,98.5,0.9411764705882353,0.8802889102727339,0.09142449642584584,0.6659873742360407,0.060887560315501355,9.0,8.0,8.0,-0.09999999999999432,0
98.5,98.5,0.9411764705882353,0.8802889102727339,0.09142449642584584,0.6659873742360407,0.060887560315501355,9.0,8.0,8.0,-0.10000000000000853,0
98.5,98.5,0.9411764705882353,0.8802889102727339,0.09142449642584584,0.6659873742360407,0.060887560315501355,9.0,8.0,8.0,-0.5,0
98.5,98.5,0.9411764705882353,0.8802889102727339,0.09142449642584584,0.6659873742360407,0.060887560315501355,9.0,8.0,8.0,-0.10000000000000853,0
98.5,98.5,0.9411764705882353,0.8802889102727339,0.09142449642584584,0.6659873742360407,0.060887560315501355,9.0,8.0,8.0,-0.4000000000000057,0
98.5,98.5,0.9411764705882353,0.8802889102727339,0.09142449642584584,0.6659873742360407,0.060887560315501355,9.0,8.0,8.0,-0.5999999999999943,0
99.5,99.5,0.9411764705882353,0.905167525448408,0.09023544236313193,0.39905545090495104,0.03600894513982733,9.0,8.0,8.0,-0.09999999999999432,0
99.5,99.5,0.9411764705882353,0.905167525448408,0.09023544236313193,0.39905545090495104,0.03600894513982733,9.0,8.0,8.0,-0.10000000000000853,0
99.5,99.5,0.9411764705882353,0.905167525448408,0.09023544236313193,0.39905545090495104,0.03600894513982733,9.0,8.0,8.0,-0.5,0
99.5,99.5,0.9411764705882353,0.905167525448408,0.09023544236313193,0.39905545090495104,0.03600894513982733,9.0,8.0,8.0,-0.10000000000000853,0
99.5,99.5,0.9411764705882353,0.905167525448408,0.09023544236313193,0.39905545090495104,0.03600894513982733,9.0,8.0,8.0,-0.4000000000000057,0
99.5,99.5,0.9411764705882353,0.905167525448408,0.09023544236313193,0.39905545090495104,0.03600894513982733,9.0,8.0,8.0,-0.5999999999999943,0
99.5,99.5,0.9411764705882353,0.905167525448408,0.09023544236313193,0.39905545090495104,0.03600894513982733,9.0,8.0,8.0,-0.6000000000000085,0
99.5,99.5,0.9411764705882353,0.905167525448408,0.09023544236313193,0.39905545090495104,0.03600894513982733,9.0,8.0,8.0,-0.9000000000000057,0
100.5,100.5,0.9411764705882353,0.9045049208960975,0.09455575628083747,0.38782990200216527,0.03667154969213782,9.0,8.0,8.0,-0.5,0
100.5,100.5,0.9411764705882353,0.9045049208960975,0.09455575628083747,0.38782990200216527,0.03667154969213782,9.0,8.0,8.0,-0.10000000000000853,0
100.5,100.5,0.9411764705882353,0.9045049208960975,0.09455575628083747,0.38782990200216527,0.03667154969213782,9.0,8.0,8.0,-0.4000000000000057,0
100.5,100.5,0.9411764705882353,0.9045049208960975,0.09455575628083747,0.38782990200216527,0.03667154969213782,9.0,8.0,8.0,-0.5999999999999943,0
100.5,100.5,0.9411764705882353,0.9045049208960975,0.09455575628083747,0.38782990200216527,0.03667154969213782,9.0,8.0,8.0,-0.6000000000000085,0
100.5,100.5,0.9411764705882353,0.9045049208960975,0.09455575628083747,0.38782990200216527,0.03667154969213782,9.0,8.0,8.0,-0.9000000000000057,0
100.5,100.5,0.9411764705882353,0.9045049208960975,0.09455575628083747,0.38782990200216527,0.03667154969213782,9.0,8.0,8.0,-0.5,0
100.5,100.5,0.9411764705882353,0.9045049208960975,0.09455575628083747,0.38782990200216527,0.03667154969213782,9.0,8.0,8.0,-0.4000000000000057,0
101.5,101.5,0.9473684210526315,0.8656668695683402,0.09817991011222114,0.8321616040481727,0.08170155148429137,10.0,9.0,9.0,-0.10000000000000853,0
101.5,101.5,0.9473684210526315,0.8656668695683402,0.09817991011222114,0.8321616040481727,0.08170155148429137,10.0,9.0,9.0,-0.4000000000000057,0
101.5,101.5,0.9473684210526315,0.8656668695683402,0.09817991011222114,0.8321616040481727,0.08170155148429137,10.0,9.0,9.0,-0.5999999999999943,0
101.5,101.5,0.9473684210526315,0.8656668695683402,0.09817991011222114,0.8321616040481727,0.08170155148429137,10.0,9.0,9.0,-0.6000000000000085,0
101.5,101.5,0.9473684210526315,0.8656668695683402,0.09817991011222114,0.8321616040481727,0.08170155148429137,10.0,9.0,9.0,-0.9000000000000057,0
101.5,101.5,0.9473684210526315,0.8656668695683402,0.09817991011222114,0.8321616040481727,0.08170155148429137,10.0,9.0,9.0,-0.5,0
101.5,101.5,0.9473684210526315,0.8656668695683402,0.09817991011222114,0.8321616040481727,0.08170155148429137,10.0,9.0,9.0,-0.4000000000000057,0
101.5,101.5,0.9473684210526315,0.8656668695683402,0.09817991011222114,0.8321616040481727,0.08170155148429137,10.0,9.0,9.0,-0.7000000000000028,0
101.5,101.5,0.9473684210526315,0.8656668695683402,0.09817991011222114,0.8321616040481727,0.08170155148429137,10.0,9.0,9.0,-0.4000000000000057,0
102.5,102.5,1.0,0.8421846442085608,0.09850712328109608,1.6020704953600513,0.15781535579143924,9.0,9.0,9.0,0.0,0
102.5,102.5,1.0,0.8421846442085608,0.09850712328109608,1.6020704953600513,0.15781535579143924,9.0,9.0,9.0,0.0,0
102.5,102.5,1.0,0.8421846442085608,0.09850712328109608,1.6020704953600513,0.15781535579143924,9.0,9.0,9.0,-0.30000000000001137,0
102.5,102.5,1.0,0.8421846442085608,0.09850712328109608,1.6020704953600513,0.15781535579143924,9.0,9.0,9.0,0.0,0
102.5,102.5,1.0,0.8421846442085608,0.09850712328109608,1.6020704953600513,0.15781535579143924,9.0,9.0,9.0,0.09999999999999432,0
102.5,102.5,1.0,0.8421846442085608,0.09850712328109608,1.6020704953600513,0.15781535579143924,9.0,9.0,9.0,-0.20000000000000284,0
102.5,102.5,1.0,0.8421846442085608,0.09850712328109608,1.6020704953600513,0.15781535579143924,9.0,9.0,9.0,0.09999999999999432,0
102.5,102.5,1.0,0.8421846442085608,0.09850712328109608,1.6020704953600513,0.15781535579143924,9.0,9.0,9.0,0.0,0
102.5,102.5,1.0,0.8421846442085608,0.09850712328109608,1.6020704953600513,0.15781535579143924,9.0,9.0,9.0,0.0,0
103.5,103.5,0.9411764705882353,0.8111673589482413,0.10174987811436095,1.2777323575156647,0.13000911163999396,9.0,8.0,8.0,-0.30000000000001137,0
103.5,103.5,0.9411764705882353,0.8111673589482413,0.10174987811436095,1.2777323575156647,0.13000911163999396,9.0,8.0,8.0,0.0,0
103.5,103.5,0.9411764705882353,0.8111673589482413,0.10174987811436095,1.2777323575156647,0.13000911163999396,9.0,8.0,8.0,0.09999999999999432,0
103.5,103.5,0.9411764705882353,0.8111673589482413,0.10174987811436095,1.2777323575156647,0.13000911163999396,9.0,8.0,8.0,-0.20000000000000284,0
103.5,103.5,0.9411764705882353,0.8111673589482413,0.10174987811436095,1.2777323575156647,0.13000911163999396,9.0,8.0,8.0,0.09999999999999432,0
103.5,103.5,0.9411764705882353,0.8111673589482413,0.10174987811436095,1.2777323575156647,0.13000911163999396,9.0,8.0,8.0,0.0,0
103.5,103.5,0.9411764705882353,0.8111673589482413,0.10174987811436095,1.2777323575156647,0.13000911163999396,9.0,8.0,8.0,0.0,0
103.5,103.5,0.9411764705882353,0.8111673589482413,0.10174987811436095,1.2777323575156647,0.13000911163999396,9.0,8.0,8.0,0.0,0
104.5,104.5,0.8888888888888888,0.7568634329722566,0.10167146821935044,1.2985497133944681,0.13202545591663228,10.0,8.0,8.0,0.0,0
104.5,104.5,0.8888888888888888,0.7568634329722566,0.10167146821935044,1.2985497133944681,0.13202545591663228,10.0,8.0,8.0,0.09999999999999432,0
104.5,104.5,0.8888888888888888,0.7568634329722566,0.10167146821935044,1.2985497133944681,0.13202545591663228,10.0,8.0,8.0,-0.20000000000000284,0
104.5,104.5,0.8888888888888888,0.7568634329722566,0.10167146821935044,1.2985497133944681,0.13202545591663228,10.0,8.0,8.0,0.09999999999999432,0
104.5,104.5,0.8888888888888888,0.7568634329722566,0.10167146821935044,1.2985497133944681,0.13202545591663228,10.0,8.0,8.0,0.0,0
104.5,104.5,0.8888888888888888,0.7568634329722566,0.10167146821935044,1.2985497133944681,0.13202545591663228,10.0,8.0,8.0,0.0,0
104.5,104.5,0.8888888888888888,0.7568634329722566,0.10167146821935044,1.2985497133944681,0.13202545591663228,10.0,8.0,8.0,0.0,0
104.5,104.5,0.8888888888888888,0.7568634329722566,0.10167146821935044,1.2985497133944681,0.13202545591663228,10.0,8.0,8.0,-0.7000000000000028,0
105.5,105.5,0.875,0.8204413220766162,0.09251638231512102,0.5897191022618121,0.05455867792338376,8.0,8.0,7.0,0.09999999999999432,0
105.5,105.5,0.875,0.8204413220766162,0.09251638231512102,0.5897191022618121,0.05455867792338376,8.0,8.0,7.0,0.0,0
105.5,105.5,0.875,0.8204413220766162,0.09251638231512102,0.5897191022618121,0.05455867792338376,8.0,8.0,7.0,0.0,0
105.5,105.5,0.875,0.8204413220766162,0.09251638231512102,0.5897191022618121,0.05455867792338376,8.0,8.0,7.0,0.0,0
105.5,105.5,0.875,0.8204413220766162,0.09251638231512102,0.5897191022618121,0.05455867792338376,8.0,8.0,7.0,-0.7000000000000028,0
105.5,105.5,0.875,0.8204413220766162,0.09251638231512102,0.5897191022618121,0.05455867792338376,8.0,8.0,7.0,-1.0,0
105.5,105.5,0.875,0.8204413220766162,0.09251638231512102,0.5897191022618121,0.05455867792338376,8.0,8.0,7.0,-0.7999999999999972,0
106.5,106.5,0.9411764705882353,0.8636778760455233,0.09117136032624956,0.8500322279429569,0.07749859454271202,9.0,8.0,8.0,0.0,0
106.5,106.5,0.9411764705882353,0.8636778760455233,0.09117136032624956,0.8500322279429569,0.07749859454271202,9.0,8.0,8.0,0.0,0
106.5,106.5,0.9411764705882353,0.8636778760455233,0.09117136032624956,0.8500322279429569,0.07749859454271202,9.0,8.0,8.0,0.0,0
106.5,106.5,0.9411764705882353,0.8636778760455233,0.09117136032624956,0.8500322279429569,0.07749859454271202,9.0,8.0,8.0,-0.7000000000000028,0
106.5,106.5,0.9411764705882353,0.8636778760455233,0.09117136032624956,0.8500322279429569,0.07749859454271202,9.0,8.0,8.0,-1.0,0
106.5,106.5,0.9411764705882353,0.8636778760455233,0.09117136032624956,0.8500322279429569,0.07749859454271202,9.0,8.0,8.0,-0.7999999999999972,0
106.5,106.5,0.9411764705882353,0.8636778760455233,0.09117136032624956,0.8500322279429569,0.07749859454271202,9.0,8.0,8.0,-0.9000000000000057,0
106.5,106.5,0.9411764705882353,0.8636778760455233,0.09117136032624956,0.8500322279429569,0.07749859454271202,9.0,8.0,8.0,-0.7999999999999972,0
107.5,107.5,1.0,0.9033567793317794,0.0942589285099721,1.0252951332668319,0.09664322066822062,8.0,8.0,8.0,0.0,0
107.5,107.5,1.0,0.9033567793317794,0.0942589285099721,1.0252951332668319,0.09664322066822062,8.0,8.0,8.0,-0.7000000000000028,0
107.5,107.5,1.0,0.9033567793317794,0.0942589285099721,1.0252951332668319,0.09664322066822062,8.0,8.0,8.0,-1.0,0
107.5,107.5,1.0,0.9033567793317794,0.0942589285099721,1.0252951332668319,0.09664322066822062,8.0,8.0,8.0,-0.7999999999999972,0
107.5,107.5,1.0,0.9033567793317794,0.0942589285099721,1.0252951332668319,0.09664322066822062,8.0,8.0,8.0,-0.9000000000000057,0
107.5,107.5,1.0,0.9033567793317794,0.0942589285099721,1.0252951332668319,0.09664322066822062,8.0,8.0,8.0,-0.7999999999999972,0
107.5,107.5,1.0,0.9033567793317794,0.0942589285099721,1.0252951332668319,0.09664322066822062,8.0,8.0,8.0,-0.7000000000000028,0
107.5,107.5,1.0,0.9033567793317794,0.0942589285099721,1.0252951332668319,0.09664322066822062,8.0,8.0,8.0,-0.5,0
108.5,108.5,0.875,0.8658482170736042,0.09806260261989964,0.09332592325607615,0.009151782926395846,7.0,9.0,7.0,-0.20000000000000284,0
108.5,108.5,0.875,0.8658482170736042,0.09806260261989964,0.09332592325607615,0.009151782926395846,7.0,9.0,7.0,-0.29999999999999716,0
108.5,108.5,0.875,0.8658482170736042,0.09806260261989964,0.09332592325607615,0.009151782926395846,7.0,9.0,7.0,-0.10000000000000853,0
108.5,108.5,0.875,0.8658482170736042,0.09806260261989964,0.09332592325607615,0.009151782926395846,7.0,9.0,7.0,-0.29999999999999716,0
108.5,108.5,0.875,0.8658482170736042,0.09806260261989964,0.09332592325607615,0.009151782926395846,7.0,9.0,7.0,-0.20000000000000284,0
108.5,108.5,0.875,0.8658482170736042,0.09806260261989964,0.09332592325607615,0.009151782926395846,7.0,9.0,7.0,0.0,0
108.5,108.5,0.875,0.8658482170736042,0.09806260261989964,0.09332592325607615,0.009151782926395846,7.0,9.0,7.0,0.09999999999999432,0
109.5,109.5,0.75,0.8533772599863158,0.09792541796519402,-1.0556734107896226,-0.10337725998631575,7.0,9.0,6.0,-0.10000000000000853,0
109.5,109.5,0.75,0.8533772599863158,0.09792541796519402,-1.0556734107896226,-0.10337725998631575,7.0,9.0,6.0,-0.29999999999999716,0
109.5,109.5,0.75,0.8533772599863158,0.09792541796519402,-1.0556734107896226,-0.10337725998631575,7.0,9.0,6.0,-0.20000000000000284,0
109.5,109.5,0.75,0.8533772599863158,0.09792541796519402,-1.0556734107896226,-0.10337725998631575,7.0,9.0,6.0,0.0,0
109.5,109.5,0.75,0.8533772599863158,0.09792541796519402,-1.0556734107896226,-0.10337725998631575,7.0,9.0,6.0,0.09999999999999432,0
109.5,109.5,0.75,0.8533772599863158,0.09792541796519402,-1.0556734107896226,-0.10337725998631575,7.0,9.0,6.0,-0.3999999999999915,0
110.5,110.5,0.8,0.8560053696303698,0.09955271763344559,-0.5625699725906251,-0.05600536963036973,7.0,8.0,6.0,-0.29999999999999716,0
110.5,110.5,0.8,0.8560053696303698,0.09955271763344559,-0.5625699725906251,-0.05600536963036973,7.0,8.0,6.0,-0.20000000000000284,0
110.5,110.5,0.8,0.8560053696303698,0.09955271763344559,-0.5625699725906251,-0.05600536963036973,7.0,8.0,6.0,0.0,0
110.5,110.5,0.8,0.8560053696303698,0.09955271763344559,-0.5625699725906251,-0.05600536963036973,7.0,8.0,6.0,0.09999999999999432,0
110.5,110.5,0.8,0.8560053696303698,0.09955271763344559,-0.5625699725906251,-0.05600536963036973,7.0,8.0,6.0,-0.3999999999999915,0
110.5,110.5,0.8,0.8560053696303698,0.09955271763344559,-0.5625699725906251,-0.05600536963036973,7.0,8.0,6.0,-0.5999999999999943,0
111.5,111.5,0.75,0.8415751909940766,0.08935380107262461,-1.024860609115515,-0.09157519099407663,7.0,9.0,6.0,0.0,0
111.5,111.5,0.75,0.8415751909940766,0.08935380107262461,-1.024860609115515,-0.09157519099407663,7.0,9.0,6.0,0.09999999999999432,0
111.5,111.5,0.75,0.8415751909940766,0.08935380107262461,-1.024860609115515,-0.09157519099407663,7.0,9.0,6.0,-0.3999999999999915,0
111.5,111.5,0.75,0.8415751909940766,0.08935380107262461,-1.024860609115515,-0.09157519099407663,7.0,9.0,6.0,-0.5999999999999943,0
111.5,111.5,0.75,0.8415751909940766,0.08935380107262461,-1.024860609115515,-0.09157519099407663,7.0,9.0,6.0,-0.6000000000000085,0
111.5,111.5,0.75,0.8415751909940766,0.08935380107262461,-1.024860609115515,-0.09157519099407663,7.0,9.0,6.0,-0.5,0
112.5,112.5,0.7142857142857143,0.7835632088499735,0.09469588996317164,-0.7315786840506181,-0.06927749456425925,7.0,7.0,5.0,0.09999999999999432,0
112.5,112.5,0.7142857142857143,0.7835632088499735,0.09469588996317164,-0.7315786840506181,-0.06927749456425925,7.0,7.0,5.0,-0.3999999999999915,0
112.5,112.5,0.7142857142857143,0.7835632088499735,0.09469588996317164,-0.7315786840506181,-0.06927749456425925,7.0,7.0,5.0,-0.5999999999999943,0
112.5,112.5,0.7142857142857143,0.7835632088499735,0.09469588996317164,-0.7315786840506181,-0.06927749456425925,7.0,7.0,5.0,-0.6000000000000085,0
112.5,112.5,0.7142857142857143,0.7835632088499735,0.09469588996317164,-0.7315786840506181,-0.06927749456425925,7.0,7.0,5.0,-0.5,0
113.5,113.5,0.8,0.8601018785136433,0.0858636181536834,-0.6999690882588899,-0.060101878513643237,8.0,7.0,6.0,-0.3999999999999915,0
113.5,113.5,0.8,0.8601018785136433,0.0858636181536834,-0.6999690882588899,-0.060101878513643237,8.0,7.0,6.0,-0.5999999999999943,0
113.5,113.5,0.8,0.8601018785136433,0.0858636181536834,-0.6999690882588899,-0.060101878513643237,8.0,7.0,6.0,-0.6000000000000085,0
113.5,113.5,0.8,0.8601018785136433,0.0858636181536834,-0.6999690882588899,-0.060101878513643237,8.0,7.0,6.0,-0.5,0
113.5,113.5,0.8,0.8601018785136433,0.0858636181536834,-0.6999690882588899,-0.060101878513643237,8.0,7.0,6.0,-0.6999999999999886,0
113.5,113.5,0.8,0.8601018785136433,0.0858636181536834,-0.6999690882588899,-0.060101878513643237,8.0,7.0,6.0,-0.7000000000000028,0
114.5,114.5,0.9333333333333333,0.9071153811874401,0.07663206924590367,0.34212768105951613,0.026217952145893286,8.0,7.0,7.0,-0.5999999999999943,0
114.5,114.5,0.9333333333333333,0.9071153811874401,0.07663206924590367,0.34212768105951613,0.026217952145893286,8.0,7.0,7.0,-0.6000000000000085,0
114.5,114.5,0.9333333333333333,0.9071153811874401,0.07663206924590367,0.34212768105951613,0.026217952145893286,8.0,7.0,7.0,-0.5,0
114.5,114.5,0.9333333333333333,0.9071153811874401,0.07663206924590367,0.34212768105951613,0.026217952145893286,8.0,7.0,7.0,-0.6999999999999886,0
114.5,114.5,0.9333333333333333,0.9071153811874401,0.07663206924590367,0.34212768105951613,0.026217952145893286,8.0,7.0,7.0,-0.7000000000000028,0
114.5,114.5,0.9333333333333333,0.9071153811874401,0.07663206924590367,0.34212768105951613,0.026217952145893286,8.0,7.0,7.0,-0.7000000000000028,0
114.5,114.5,0.9333333333333333,0.9071153811874401,0.07663206924590367,0.34212768105951613,0.026217952145893286,8.0,7.0,7.0,-0.29999999999999716,0
115.5,115.5,1.0,0.8980902143608027,0.08738952061917593,1.1661556776732698,0.10190978563919728,8.0,8.0,8.0,0.09999999999999432,0
115.5,115.5,1.0,0.8980902143608027,0.08738952061917593,1.1661556776732698,0.10190978563919728,8.0,8.0,8.0,0.0,0
115.5,115.5,1.0,0.8980902143608027,0.08738952061917593,1.1661556776732698,0.10190978563919728,8.0,8.0,8.0,-0.6999999999999886,0
115.5,115.5,1.0,0.8980902143608027,0.08738952061917593,1.1661556776732698,0.10190978563919728,8.0,8.0,8.0,-0.7000000000000028,0
115.5,115.5,1.0,0.8980902143608027,0.08738952061917593,1.1661556776732698,0.10190978563919728,8.0,8.0,8.0,-0.7000000000000028,0
115.5,115.5,1.0,0.8980902143608027,0.08738952061917593,1.1661556776732698,0.10190978563919728,8.0,8.0,8.0,-0.29999999999999716,0
115.5,115.5,1.0,0.8980902143608027,0.08738952061917593,1.1661556776732698,0.10190978563919728,8.0,8.0,8.0,-0.20000000000000284,0
115.5,115.5,1.0,0.8980902143608027,0.08738952061917593,1.1661556776732698,0.10190978563919728,8.0,8.0,8.0,0.0,0
116.5,116.5,0.9333333333333333,0.8841209605753725,0.09673993538664828,0.5087079349523009,0.049212372757960865,7.0,8.0,7.0,-0.6999999999999886,0
116.5,116.5,0.9333333333333333,0.8841209605753725,0.09673993538664828,0.5087079349523009,0.049212372757960865,7.0,8.0,7.0,-0.7000000000000028,0
116.5,116.5,0.9333333333333333,0.8841209605753725,0.09673993538664828,0.5087079349523009,0.049212372757960865,7.0,8.0,7.0,-0.7000000000000028,0
116.5,116.5,0.9333333333333333,0.8841209605753725,0.09673993538664828,0.5087079349523009,0.049212372757960865,7.0,8.0,7.0,-0.29999999999999716,0
116.5,116.5,0.9333333333333333,0.8841209605753725,0.09673993538664828,0.5087079349523009,0.049212372757960865,7.0,8.0,7.0,-0.20000000000000284,0
116.5,116.5,0.9333333333333333,0.8841209605753725,0.09673993538664828,0.5087079349523009,0.049212372757960865,7.0,8.0,7.0,0.0,0
116.5,116.5,0.9333333333333333,0.8841209605753725,0.09673993538664828,0.5087079349523009,0.049212372757960865,7.0,8.0,7.0,-0.20000000000000284,0
117.5,117.5,0.8888888888888888,0.8163306348450312,0.09819370681062428,0.7389297787056047,0.07255825404385763,8.0,10.0,8.0,0.0,0
117.5,117.5,0.8888888888888888,0.8163306348450312,0.09819370681062428,0.7389297787056047,0.07255825404385763,8.0,10.0,8.0,-0.09999999999999432,0
117.5,117.5,0.8888888888888888,0.8163306348450312,0.09819370681062428,0.7389297787056047,0.07255825404385763,8.0,10.0,8.0,0.09999999999999432,0
117.5,117.5,0.8888888888888888,0.8163306348450312,0.09819370681062428,0.7389297787056047,0.07255825404385763,8.0,10.0,8.0,-0.20000000000000284,0
117.5,117.5,0.8888888888888888,0.8163306348450312,0.09819370681062428,0.7389297787056047,0.07255825404385763,8.0,10.0,8.0,0.0,0
117.5,117.5,0.8888888888888888,0.8163306348450312,0.09819370681062428,0.7389297787056047,0.07255825404385763,8.0,10.0,8.0,-0.20000000000000284,0
117.5,117.5,0.8888888888888888,0.8163306348450312,0.09819370681062428,0.7389297787056047,0.07255825404385763,8.0,10.0,8.0,-0.20000000000000284,0
117.5,117.5,0.8888888888888888,0.8163306348450312,0.09819370681062428,0.7389297787056047,0.07255825404385763,8.0,10.0,8.0,0.0,0
118.5,118.5,0.75,0.8141762966995165,0.0994159002760558,-0.6455335265416623,-0.06417629669951652,6.0,10.0,6.0,0.09999999999999432,0
118.5,118.5,0.75,0.8141762966995165,0.0994159002760558,-0.6455335265416623,-0.06417629669951652,6.0,10.0,6.0,-0.20000000000000284,0
118.5,118.5,0.75,0.8141762966995165,0.0994159002760558,-0.6455335265416623,-0.06417629669951652,6.0,10.0,6.0,0.0,0
118.5,118.5,0.75,0.8141762966995165,0.0994159002760558,-0.6455335265416623,-0.06417629669951652,6.0,10.0,6.0,-0.20000000000000284,0
118.5,118.5,0.75,0.8141762966995165,0.0994159002760558,-0.6455335265416623,-0.06417629669951652,6.0,10.0,6.0,-0.20000000000000284,0
118.5,118.5,0.75,0.8141762966995165,0.0994159002760558,-0.6455335265416623,-0.06417629669951652,6.0,10.0,6.0,0.0,0
119.5,119.5,0.75,0.8123506169269329,0.10100348181614188,-0.6173115600156303,-0.06235061692693289,6.0,10.0,6.0,-0.20000000000000284,0
119.5,119.5,0.75,0.8123506169269329,0.10100348181614188,-0.6173115600156303,-0.06235061692693289,6.0,10.0,6.0,0.0,0
119.5,119.5,0.75,0.8123506169269329,0.10100348181614188,-0.6173115600156303,-0.06235061692693289,6.0,10.0,6.0,-0.20000000000000284,0
119.5,119.5,0.75,0.8123506169269329,0.10100348181614188,-0.6173115600156303,-0.06235061692693289,6.0,10.0,6.0,-0.20000000000000284,0
119.5,119.5,0.75,0.8123506169269329,0.10100348181614188,-0.6173115600156303,-0.06235061692693289,6.0,10.0,6.0,0.0,0
119.5,119.5,0.75,0.8123506169269329,0.10100348181614188,-0.6173115600156303,-0.06235061692693289,6.0,10.0,6.0,0.09999999999999432,0
120.5,120.5,0.8,0.8421982027088839,0.09944817965925332,-0.4243235306414928,-0.04219820270888386,6.0,9.0,6.0,-0.20000000000000284,0
120.5,120.5,0.8,0.8421982027088839,0.09944817965925332,-0.4243235306414928,-0.04219820270888386,6.0,9.0,6.0,-0.20000000000000284,0
120.5,120.5,0.8,0.8421982027088839,0.09944817965925332,-0.4243235306414928,-0.04219820270888386,6.0,9.0,6.0,0.0,0
120.5,120.5,0.8,0.8421982027088839,0.09944817965925332,-0.4243235306414928,-0.04219820270888386,6.0,9.0,6.0,0.09999999999999432,0
120.5,120.5,0.8,0.8421982027088839,0.09944817965925332,-0.4243235306414928,-0.04219820270888386,6.0,9.0,6.0,0.19999999999998863,0
120.5,120.5,0.8,0.8421982027088839,0.09944817965925332,-0.4243235306414928,-0.04219820270888386,6.0,9.0,6.0,0.0,0
121.5,121.5,0.7142857142857143,0.7833653028344205,0.1055515399936563,-0.6544631044971768,-0.06907958854870622,7.0,7.0,5.0,-0.20000000000000284,0
121.5,121.5,0.7142857142857143,0.7833653028344205,0.1055515399936563,-0.6544631044971768,-0.06907958854870622,7.0,7.0,5.0,0.0,0
121.5,121.5,0.7142857142857143,0.7833653028344205,0.1055515399936563,-0.6544631044971768,-0.06907958854870622,7.0,7.0,5.0,0.09999999999999432,0
121.5,121.5,0.7142857142857143,0.7833653028344205,0.1055515399936563,-0.6544631044971768,-0.06907958854870622,7.0,7.0,5.0,0.19999999999998863,0
121.5,121.5,0.7142857142857143,0.7833653028344205,0.1055515399936563,-0.6544631044971768,-0.06907958854870622,7.0,7.0,5.0,0.0,0
122.5,122.5,0.6153846153846154,0.7841951714951715,0.10289180832016775,-1.6406607957095027,-0.16881055611055606,7.0,6.0,4.0,0.09999999999999432,0
122.5,122.5,0.6153846153846154,0.7841951714951715,0.10289180832016775,-1.6406607957095027,-0.16881055611055606,7.0,6.0,4.0,0.19999999999998863,0
122.5,122.5,0.6153846153846154,0.7841951714951715,0.10289180832016775,-1.6406607957095027,-0.16881055611055606,7.0,6.0,4.0,0.0,0
122.5,122.5,0.6153846153846154,0.7841951714951715,0.10289180832016775,-1.6406607957095027,-0.16881055611055606,7.0,6.0,4.0,-0.5,0
123.5,123.5,0.9333333333333333,0.8722353053808937,0.08652472792696515,0.7061337194150099,0.06109802795243968,8.0,7.0,7.0,0.09999999999999432,0
123.5,123.5,0.9333333333333333,0.8722353053808937,0.08652472792696515,0.7061337194150099,0.06109802795243968,8.0,7.0,7.0,0.19999999999998863,0
123.5,123.5,0.9333333333333333,0.8722353053808937,0.08652472792696515,0.7061337194150099,0.06109802795243968,8.0,7.0,7.0,0.0,0
123.5,123.5,0.9333333333333333,0.8722353053808937,0.08652472792696515,0.7061337194150099,0.06109802795243968,8.0,7.0,7.0,-0.5,0
123.5,123.5,0.9333333333333333,0.8722353053808937,0.08652472792696515,0.7061337194150099,0.06109802795243968,8.0,7.0,7.0,-0.5999999999999943,0
123.5,123.5,0.9333333333333333,0.8722353053808937,0.08652472792696515,0.7061337194150099,0.06109802795243968,8.0,7.0,7.0,-0.5,0
123.5,123.5,0.9333333333333333,0.8722353053808937,0.08652472792696515,0.7061337194150099,0.06109802795243968,8.0,7.0,7.0,-0.20000000000000284,0
124.5,124.5,0.8,0.8234591594679831,0.10740331690611568,-0.21842118235966002,-0.02345915946798305,8.0,7.0,6.0,-0.8000000000000114,0
124.5,124.5,0.8,0.8234591594679831,0.10740331690611568,-0.21842118235966002,-0.02345915946798305,8.0,7.0,6.0,-0.5,0
124.5,124.5,0.8,0.8234591594679831,0.10740331690611568,-0.21842118235966002,-0.02345915946798305,8.0,7.0,6.0,-0.5999999999999943,0
124.5,124.5,0.8,0.8234591594679831,0.10740331690611568,-0.21842118235966002,-0.02345915946798305,8.0,7.0,6.0,-0.5,0
124.5,124.5,0.8,0.8234591594679831,0.10740331690611568,-0.21842118235966002,-0.02345915946798305,8.0,7.0,6.0,-0.20000000000000284,0
124.5,124.5,0.8,0.8234591594679831,0.10740331690611568,-0.21842118235966002,-0.02345915946798305,8.0,7.0,6.0,0.10000000000000853,0
125.5,125.5,0.875,0.8230089735427971,0.11049557328714009,0.47052587638145504,0.05199102645720288,8.0,8.0,7.0,-0.5,0
125.5,125.5,0.875,0.8230089735427971,0.11049557328714009,0.47052587638145504,0.05199102645720288,8.0,8.0,7.0,-0.5999999999999943,0
125.5,125.5,0.875,0.8230089735427971,0.11049557328714009,0.47052587638145504,0.05199102645720288,8.0,8.0,7.0,-0.5,0
125.5,125.5,0.875,0.8230089735427971,0.11049557328714009,0.47052587638145504,0.05199102645720288,8.0,8.0,7.0,-0.20000000000000284,0
125.5,125.5,0.875,0.8230089735427971,0.11049557328714009,0.47052587638145504,0.05199102645720288,8.0,8.0,7.0,0.10000000000000853,0
125.5,125.5,0.875,0.8230089735427971,0.11049557328714009,0.47052587638145504,0.05199102645720288,8.0,8.0,7.0,-0.30000000000001137,0
125.5,125.5,0.875,0.8230089735427971,0.11049557328714009,0.47052587638145504,0.05199102645720288,8.0,8.0,7.0,-0.20000000000000284,0
126.5,126.5,0.8888888888888888,0.8110466541542394,0.10309269912030503,0.7550702949760847,0.07784223473464946,8.0,10.0,8.0,-0.5,0
126.5,126.5,0.8888888888888888,0.8110466541542394,0.10309269912030503,0.7550702949760847,0.07784223473464946,8.0,10.0,8.0,-0.5999999999999943,0
126.5,126.5,0.8888888888888888,0.8110466541542394,0.10309269912030503,0.7550702949760847,0.07784223473464946,8.0,10.0,8.0,-0.5,0
126.5,126.5,0.8888888888888888,0.8110466541542394,0.10309269912030503,0.7550702949760847,0.07784223473464946,8.0,10.0,8.0,-0.20000000000000284,0
126.5,126.5,0.8888888888888888,0.8110466541542394,0.10309269912030503,0.7550702949760847,0.07784223473464946,8.0,10.0,8.0,0.10000000000000853,0
126.5,126.5,0.8888888888888888,0.8110466541542394,0.10309269912030503,0.7550702949760847,0.07784223473464946,8.0,10.0,8.0,-0.30000000000001137,0
126.5,126.5,0.8888888888888888,0.8110466541542394,0.10309269912030503,0.7550702949760847,0.07784223473464946,8.0,10.0,8.0,-0.20000000000000284,0
126.5,126.5,0.8888888888888888,0.8110466541542394,0.10309269912030503,0.7550702949760847,0.07784223473464946,8.0,10.0,8.0,-0.09999999999999432,0
127.5,127.5,0.75,0.7708257740883128,0.09981269404471814,-0.20864855204672053,-0.020825774088312765,6.0,10.0,6.0,-0.09999999999999432,0
127.5,127.5,0.75,0.7708257740883128,0.09981269404471814,-0.20864855204672053,-0.020825774088312765,6.0,10.0,6.0,-0.20000000000000284,0
127.5,127.5,0.75,0.7708257740883128,0.09981269404471814,-0.20864855204672053,-0.020825774088312765,6.0,10.0,6.0,0.10000000000000853,0
127.5,127.5,0.75,0.7708257740883128,0.09981269404471814,-0.20864855204672053,-0.020825774088312765,6.0,10.0,6.0,-0.30000000000001137,0
127.5,127.5,0.75,0.7708257740883128,0.09981269404471814,-0.20864855204672053,-0.020825774088312765,6.0,10.0,6.0,-0.20000000000000284,0
127.5,127.5,0.75,0.7708257740883128,0.09981269404471814,-0.20864855204672053,-0.020825774088312765,6.0,10.0,6.0,-0.09999999999999432,0
128.5,128.5,0.7692307692307693,0.8134890697537757,0.10396152967437407,-0.42571805803195883,-0.04425830052300639,5.0,8.0,5.0,0.10000000000000853,0
128.5,128.5,0.7692307692307693,0.8134890697537757,0.10396152967437407,-0.42571805803195883,-0.04425830052300639,5.0,8.0,5.0,-0.30000000000001137,0
128.5,128.5,0.7692307692307693,0.8134890697537757,0.10396152967437407,-0.42571805803195883,-0.04425830052300639,5.0,8.0,5.0,-0.20000000000000284,0
128.5,128.5,0.7692307692307693,0.8134890697537757,0.10396152967437407,-0.42571805803195883,-0.04425830052300639,5.0,8.0,5.0,-0.09999999999999432,0
128.5,128.5,0.7692307692307693,0.8134890697537757,0.10396152967437407,-0.42571805803195883,-0.04425830052300639,5.0,8.0,5.0,0.700000000000017,0
129.5,129.5,0.8333333333333334,0.8176097363420892,0.10254130371567909,0.15333915623738975,0.01572359699124415,5.0,7.0,5.0,-0.30000000000001137,0
129.5,129.5,0.8333333333333334,0.8176097363420892,0.10254130371567909,0.15333915623738975,0.01572359699124415,5.0,7.0,5.0,-0.20000000000000284,0
129.5,129.5,0.8333333333333334,0.8176097363420892,0.10254130371567909,0.15333915623738975,0.01572359699124415,5.0,7.0,5.0,-0.09999999999999432,0
129.5,129.5,0.8333333333333334,0.8176097363420892,0.10254130371567909,0.15333915623738975,0.01572359699124415,5.0,7.0,5.0,0.700000000000017,0
129.5,129.5,0.8333333333333334,0.8176097363420892,0.10254130371567909,0.15333915623738975,0.01572359699124415,5.0,7.0,5.0,0.20000000000001705,0
130.5,130.5,0.7272727272727273,0.8759161867544222,0.09201414008935112,-1.6154414890728033,-0.14864345948169488,4.0,7.0,4.0,-0.09999999999999432,0
130.5,130.5,0.7272727272727273,0.8759161867544222,0.09201414008935112,-1.6154414890728033,-0.14864345948169488,4.0,7.0,4.0,0.700000000000017,0
130.5,130.5,0.7272727272727273,0.8759161867544222,0.09201414008935112,-1.6154414890728033,-0.14864345948169488,4.0,7.0,4.0,0.20000000000001705,0
130.5,130.5,0.7272727272727273,0.8759161867544222,0.09201414008935112,-1.6154414890728033,-0.14864345948169488,4.0,7.0,4.0,0.30000000000001137,0
131.5,131.5,0.5454545454545454,0.8585942309324663,0.09395318639688911,-3.3329331072936266,-0.3131396854779209,3.0,8.0,3.0,0.700000000000017,0
131.5,131.5,0.5454545454545454,0.8585942309324663,0.09395318639688911,-3.3329331072936266,-0.3131396854779209,3.0,8.0,3.0,0.20000000000001705,0
131.5,131.5,0.5454545454545454,0.8585942309324663,0.09395318639688911,-3.3329331072936266,-0.3131396854779209,3.0,8.0,3.0,-0.09999999999999432,0
132.5,132.5,0.6666666666666666,0.8658964994156172,0.09645182657386564,-2.065589007755851,-0.19922983274895056,4.0,8.0,4.0,0.700000000000017,0
132.5,132.5,0.6666666666666666,0.8658964994156172,0.09645182657386564,-2.065589007755851,-0.19922983274895056,4.0,8.0,4.0,0.20000000000001705,0
132.5,132.5,0.6666666666666666,0.8658964994156172,0.09645182657386564,-2.065589007755851,-0.19922983274895056,4.0,8.0,4.0,-0.09999999999999432,0
132.5,132.5,0.6666666666666666,0.8658964994156172,0.09645182657386564,-2.065589007755851,-0.19922983274895056,4.0,8.0,4.0,-0.30000000000001137,0
133.5,133.5,0.7142857142857143,0.8421300617682971,0.0952026882407388,-1.3428648901100682,-0.12784434748258278,5.0,9.0,5.0,0.20000000000001705,0
133.5,133.5,0.7142857142857143,0.8421300617682971,0.0952026882407388,-1.3428648901100682,-0.12784434748258278,5.0,9.0,5.0,-0.09999999999999432,0
133.5,133.5,0.7142857142857143,0.8421300617682971,0.0952026882407388,-1.3428648901100682,-0.12784434748258278,5.0,9.0,5.0,-0.30000000000001137,0
133.5,133.5,0.7142857142857143,0.8421300617682971,0.0952026882407388,-1.3428648901100682,-0.12784434748258278,5.0,9.0,5.0,0.0,0
133.5,133.5,0.7142857142857143,0.8421300617682971,0.0952026882407388,-1.3428648901100682,-0.12784434748258278,5.0,9.0,5.0,0.5,0
134.5,134.5,0.6666666666666666,0.8029265068780549,0.09221747966714078,-1.477592325264348,-0.13625984021138826,5.0,10.0,5.0,-0.09999999999999432,0
134.5,134.5,0.6666666666666666,0.8029265068780549,0.09221747966714078,-1.477592325264348,-0.13625984021138826,5.0,10.0,5.0,-0.30000000000001137,0
134.5,134.5,0.6666666666666666,0.8029265068780549,0.09221747966714078,-1.477592325264348,-0.13625984021138826,5.0,10.0,5.0,0.0,0
134.5,134.5,0.6666666666666666,0.8029265068780549,0.09221747966714078,-1.477592325264348,-0.13625984021138826,5.0,10.0,5.0,-0.09999999999999432,0
134.5,134.5,0.6666666666666666,0.8029265068780549,0.09221747966714078,-1.477592325264348,-0.13625984021138826,5.0,10.0,5.0,0.0,0
135.5,135.5,0.8235294117647058,0.8138132562741696,0.09449722452136332,0.10281948004028116,0.009716155490536282,7.0,10.0,7.0,-0.09999999999999432,0
135.5,135.5,0.8235294117647058,0.8138132562741696,0.09449722452136332,0.10281948004028116,0.009716155490536282,7.0,10.0,7.0,-0.30000000000001137,0
135.5,135.5,0.8235294117647058,0.8138132562741696,0.09449722452136332,0.10281948004028116,0.009716155490536282,7.0,10.0,7.0,0.0,0
135.5,135.5,0.8235294117647058,0.8138132562741696,0.09449722452136332,0.10281948004028116,0.009716155490536282,7.0,10.0,7.0,-0.09999999999999432,0
135.5,135.5,0.8235294117647058,0.8138132562741696,0.09449722452136332,0.10281948004028116,0.009716155490536282,7.0,10.0,7.0,0.0,0
135.5,135.5,0.8235294117647058,0.8138132562741696,0.09449722452136332,0.10281948004028116,0.009716155490536282,7.0,10.0,7.0,-0.09999999999999432,0
135.5,135.5,0.8235294117647058,0.8138132562741696,0.09449722452136332,0.10281948004028116,0.009716155490536282,7.0,10.0,7.0,0.0,0
136.5,136.5,0.8571428571428571,0.8382813250475016,0.10149691277712299,0.18583355472863974,0.01886153209535546,7.0,7.0,6.0,-0.30000000000001137,0
136.5,136.5,0.8571428571428571,0.8382813250475016,0.10149691277712299,0.18583355472863974,0.01886153209535546,7.0,7.0,6.0,0.0,0
136.5,136.5,0.8571428571428571,0.8382813250475016,0.10149691277712299,0.18583355472863974,0.01886153209535546,7.0,7.0,6.0,-0.09999999999999432,0
136.5,136.5,0.8571428571428571,0.8382813250475016,0.10149691277712299,0.18583355472863974,0.01886153209535546,7.0,7.0,6.0,0.0,0
136.5,136.5,0.8571428571428571,0.8382813250475016,0.10149691277712299,0.18583355472863974,0.01886153209535546,7.0,7.0,6.0,-0.09999999999999432,0
136.5,136.5,0.8571428571428571,0.8382813250475016,0.10149691277712299,0.18583355472863974,0.01886153209535546,7.0,7.0,6.0,0.0,0
137.5,137.5,0.7142857142857143,0.6954366161616162,0.1111362450870235,0.1696035178202987,0.018849098124098074,8.0,6.0,5.0,0.0,0
137.5,137.5,0.7142857142857143,0.6954366161616162,0.1111362450870235,0.1696035178202987,0.018849098124098074,8.0,6.0,5.0,-0.09999999999999432,0
137.5,137.5,0.7142857142857143,0.6954366161616162,0.1111362450870235,0.1696035178202987,0.018849098124098074,8.0,6.0,5.0,0.0,0
137.5,137.5,0.7142857142857143,0.6954366161616162,0.1111362450870235,0.1696035178202987,0.018849098124098074,8.0,6.0,5.0,-0.09999999999999432,0
137.5,137.5,0.7142857142857143,0.6954366161616162,0.1111362450870235,0.1696035178202987,0.018849098124098074,8.0,6.0,5.0,0.0,0
138.5,138.5,0.6666666666666666,0.5812952602952602,0.12150651591830945,0.7026076398141708,0.08537140637140639,8.0,4.0,4.0,-0.09999999999999432,0
138.5,138.5,0.6666666666666666,0.5812952602952602,0.12150651591830945,0.7026076398141708,0.08537140637140639,8.0,4.0,4.0,0.0,0
138.5,138.5,0.6666666666666666,0.5812952602952602,0.12150651591830945,0.7026076398141708,0.08537140637140639,8.0,4.0,4.0,-0.09999999999999432,0
138.5,138.5,0.6666666666666666,0.5812952602952602,0.12150651591830945,0.7026076398141708,0.08537140637140639,8.0,4.0,4.0,0.0,0
139.5,139.5,0.6666666666666666,0.6649311466311466,0.09535141329982043,0.018201303740122857,0.0017355200355200218,8.0,4.0,4.0,-0.09999999999999432,0
139.5,139.5,0.6666666666666666,0.6649311466311466,0.09535141329982043,0.018201303740122857,0.0017355200355200218,8.0,4.0,4.0,0.0,0
139.5,139.5,0.6666666666666666,0.6649311466311466,0.09535141329982043,0.018201303740122857,0.0017355200355200218,8.0,4.0,4.0,-0.9000000000000057,0
139.5,139.5,0.6666666666666666,0.6649311466311466,0.09535141329982043,0.018201303740122857,0.0017355200355200218,8.0,4.0,4.0,-0.8000000000000114,0
140.5,140.5,0.6666666666666666,0.6822131257631258,0.08756199050537454,-0.1775480320482766,-0.015546459096459131,8.0,4.0,4.0,0.0,0
140.5,140.5,0.6666666666666666,0.6822131257631258,0.08756199050537454,-0.1775480320482766,-0.015546459096459131,8.0,4.0,4.0,-0.9000000000000057,0
140.5,140.5,0.6666666666666666,0.6822131257631258,0.08756199050537454,-0.1775480320482766,-0.015546459096459131,8.0,4.0,4.0,-0.8000000000000114,0
140.5,140.5,0.6666666666666666,0.6822131257631258,0.08756199050537454,-0.1775480320482766,-0.015546459096459131,8.0,4.0,4.0,-0.4000000000000057,0
141.5,141.5,0.8333333333333334,0.7414466533466534,0.10570747584597792,0.8692543195389921,0.09188667998667999,7.0,5.0,5.0,-0.9000000000000057,0
141.5,141.5,0.8333333333333334,0.7414466533466534,0.10570747584597792,0.8692543195389921,0.09188667998667999,7.0,5.0,5.0,-0.8000000000000114,0
141.5,141.5,0.8333333333333334,0.7414466533466534,0.10570747584597792,0.8692543195389921,0.09188667998667999,7.0,5.0,5.0,-0.4000000000000057,0
141.5,141.5,0.8333333333333334,0.7414466533466534,0.10570747584597792,0.8692543195389921,0.09188667998667999,7.0,5.0,5.0,-0.4000000000000057,0
141.5,141.5,0.8333333333333334,0.7414466533466534,0.10570747584597792,0.8692543195389921,0.09188667998667999,7.0,5.0,5.0,0.30000000000001137,0
142.5,142.5,1.0,0.8627597343832638,0.10252758953374913,1.338569123109645,0.1372402656167362,7.0,7.0,7.0,-0.9000000000000057,0
142.5,142.5,1.0,0.8627597343832638,0.10252758953374913,1.338569123109645,0.1372402656167362,7.0,7.0,7.0,-0.8000000000000114,0
142.5,142.5,1.0,0.8627597343832638,0.10252758953374913,1.338569123109645,0.1372402656167362,7.0,7.0,7.0,-0.4000000000000057,0
142.5,142.5,1.0,0.8627597343832638,0.10252758953374913,1.338569123109645,0.1372402656167362,7.0,7.0,7.0,-0.4000000000000057,0
142.5,142.5,1.0,0.8627597343832638,0.10252758953374913,1.338569123109645,0.1372402656167362,7.0,7.0,7.0,0.30000000000001137,0
142.5,142.5,1.0,0.8627597343832638,0.10252758953374913,1.338569123109645,0.1372402656167362,7.0,7.0,7.0,0.09999999999999432,0
142.5,142.5,1.0,0.8627597343832638,0.10252758953374913,1.338569123109645,0.1372402656167362,7.0,7.0,7.0,0.4000000000000057,0
143.5,143.5,0.875,0.8514028217224813,0.10004322980460718,0.23586981671429436,0.023597178277518727,7.0,9.0,7.0,-0.30000000000001137,0
143.5,143.5,0.875,0.8514028217224813,0.10004322980460718,0.23586981671429436,0.023597178277518727,7.0,9.0,7.0,0.0,0
143.5,143.5,0.875,0.8514028217224813,0.10004322980460718,0.23586981671429436,0.023597178277518727,7.0,9.0,7.0,0.29999999999998295,0
143.5,143.5,0.875,0.8514028217224813,0.10004322980460718,0.23586981671429436,0.023597178277518727,7.0,9.0,7.0,0.30000000000001137,0
143.5,143.5,0.875,0.8514028217224813,0.10004322980460718,0.23586981671429436,0.023597178277518727,7.0,9.0,7.0,0.09999999999999432,0
143.5,143.5,0.875,0.8514028217224813,0.10004322980460718,0.23586981671429436,0.023597178277518727,7.0,9.0,7.0,-0.09999999999999432,0
143.5,143.5,0.875,0.8514028217224813,0.10004322980460718,0.23586981671429436,0.023597178277518727,7.0,9.0,7.0,0.0,0
144.5,144.5,0.8421052631578947,0.769444814241486,0.10006365780055677,0.7261422429832898,0.07266044891640866,8.0,11.0,8.0,0.0,0
144.5,144.5,0.8421052631578947,0.769444814241486,0.10006365780055677,0.7261422429832898,0.07266044891640866,8.0,11.0,8.0,0.29999999999998295,0
144.5,144.5,0.8421052631578947,0.769444814241486,0.10006365780055677,0.7261422429832898,0.07266044891640866,8.0,11.0,8.0,0.30000000000001137,0
144.5,144.5,0.8421052631578947,0.769444814241486,0.10006365780055677,0.7261422429832898,0.07266044891640866,8.0,11.0,8.0,0.09999999999999432,0
144.5,144.5,0.8421052631578947,0.769444814241486,0.10006365780055677,0.7261422429832898,0.07266044891640866,8.0,11.0,8.0,-0.09999999999999432,0
144.5,144.5,0.8421052631578947,0.769444814241486,0.10006365780055677,0.7261422429832898,0.07266044891640866,8.0,11.0,8.0,0.0,0
144.5,144.5,0.8421052631578947,0.769444814241486,0.10006365780055677,0.7261422429832898,0.07266044891640866,8.0,11.0,8.0,-0.19999999999998863,0
144.5,144.5,0.8421052631578947,0.769444814241486,0.10006365780055677,0.7261422429832898,0.07266044891640866,8.0,11.0,8.0,0.0,0
145.5,145.5,0.7777777777777778,0.7716227652464495,0.0987378384716389,0.062336917909097976,0.00615501253132833,7.0,11.0,7.0,0.30000000000001137,0
145.5,145.5,0.7777777777777778,0.7716227652464495,0.0987378384716389,0.062336917909097976,0.00615501253132833,7.0,11.0,7.0,0.09999999999999432,0
145.5,145.5,0.7777777777777778,0.7716227652464495,0.0987378384716389,0.062336917909097976,0.00615501253132833,7.0,11.0,7.0,-0.09999999999999432,0
145.5,145.5,0.7777777777777778,0.7716227652464495,0.0987378384716389,0.062336917909097976,0.00615501253132833,7.0,11.0,7.0,0.0,0
145.5,145.5,0.7777777777777778,0.7716227652464495,0.0987378384716389,0.062336917909097976,0.00615501253132833,7.0,11.0,7.0,-0.19999999999998863,0
145.5,145.5,0.7777777777777778,0.7716227652464495,0.0987378384716389,0.062336917909097976,0.00615501253132833,7.0,11.0,7.0,0.0,0
145.5,145.5,0.7777777777777778,0.7716227652464495,0.0987378384716389,0.062336917909097976,0.00615501253132833,7.0,11.0,7.0,0.19999999999998863,0
146.5,146.5,0.7777777777777778,0.7899941663169991,0.09814757535083933,-0.12446959077239075,-0.012216388539221357,8.0,10.0,7.0,0.09999999999999432,0
146.5,146.5,0.7777777777777778,0.7899941663169991,0.09814757535083933,-0.12446959077239075,-0.012216388539221357,8.0,10.0,7.0,-0.09999999999999432,0
146.5,146.5,0.7777777777777778,0.7899941663169991,0.09814757535083933,-0.12446959077239075,-0.012216388539221357,8.0,10.0,7.0,0.0,0
146.5,146.5,0.7777777777777778,0.7899941663169991,0.09814757535083933,-0.12446959077239075,-0.012216388539221357,8.0,10.0,7.0,-0.19999999999998863,0
146.5,146.5,0.7777777777777778,0.7899941663169991,0.09814757535083933,-0.12446959077239075,-0.012216388539221357,8.0,10.0,7.0,0.0,0
146.5,146.5,0.7777777777777778,0.7899941663169991,0.09814757535083933,-0.12446959077239075,-0.012216388539221357,8.0,10.0,7.0,0.19999999999998863,0
146.5,146.5,0.7777777777777778,0.7899941663169991,0.09814757535083933,-0.12446959077239075,-0.012216388539221357,8.0,10.0,7.0,-0.19999999999998863,0
147.5,147.5,0.75,0.7247714315096667,0.10412957030850813,0.24228053967367547,0.02522856849033328,8.0,8.0,6.0,-0.09999999999999432,0
147.5,147.5,0.75,0.7247714315096667,0.10412957030850813,0.24228053967367547,0.02522856849033328,8.0,8.0,6.0,0.0,0
147.5,147.5,0.75,0.7247714315096667,0.10412957030850813,0.24228053967367547,0.02522856849033328,8.0,8.0,6.0,-0.19999999999998863,0
147.5,147.5,0.75,0.7247714315096667,0.10412957030850813,0.24228053967367547,0.02522856849033328,8.0,8.0,6.0,0.0,0
147.5,147.5,0.75,0.7247714315096667,0.10412957030850813,0.24228053967367547,0.02522856849033328,8.0,8.0,6.0,0.19999999999998863,0
147.5,147.5,0.75,0.7247714315096667,0.10412957030850813,0.24228053967367547,0.02522856849033328,8.0,8.0,6.0,-0.19999999999998863,0
148.5,148.5,0.75,0.7967151735519383,0.0917213398190018,-0.5093163013549918,-0.04671517355193833,8.0,8.0,6.0,-0.19999999999998863,0
148.5,148.5,0.75,0.7967151735519383,0.0917213398190018,-0.5093163013549918,-0.04671517355193833,8.0,8.0,6.0,0.0,0
148.5,148.5,0.75,0.7967151735519383,0.0917213398190018,-0.5093163013549918,-0.04671517355193833,8.0,8.0,6.0,0.19999999999998863,0
148.5,148.5,0.75,0.7967151735519383,0.0917213398190018,-0.5093163013549918,-0.04671517355193833,8.0,8.0,6.0,-0.19999999999998863,0
148.5,148.5,0.75,0.7967151735519383,0.0917213398190018,-0.5093163013549918,-0.04671517355193833,8.0,8.0,6.0,-0.6999999999999886,0
148.5,148.5,0.75,0.7967151735519383,0.0917213398190018,-0.5093163013549918,-0.04671517355193833,8.0,8.0,6.0,-0.5999999999999943,0
149.5,149.5,0.875,0.841244312223724,0.0860029946843206,0.3924943299960472,0.03375568777627602,8.0,8.0,7.0,0.0,0
149.5,149.5,0.875,0.841244312223724,0.0860029946843206,0.3924943299960472,0.03375568777627602,8.0,8.0,7.0,0.19999999999998863,0
149.5,149.5,0.875,0.841244312223724,0.0860029946843206,0.3924943299960472,0.03375568777627602,8.0,8.0,7.0,-0.19999999999998863,0
149.5,149.5,0.875,0.841244312223724,0.0860029946843206,0.3924943299960472,0.03375568777627602,8.0,8.0,7.0,-0.6999999999999886,0
149.5,149.5,0.875,0.841244312223724,0.0860029946843206,0.3924943299960472,0.03375568777627602,8.0,8.0,7.0,-0.5999999999999943,0
149.5,149.5,0.875,0.841244312223724,0.0860029946843206,0.3924943299960472,0.03375568777627602,8.0,8.0,7.0,-0.5999999999999943,0
149.5,149.5,0.875,0.841244312223724,0.0860029946843206,0.3924943299960472,0.03375568777627602,8.0,8.0,7.0,-0.4000000000000057,0
150.5,150.5,0.8,0.8591211861667746,0.10213556532130715,-0.5788501388403329,-0.05912118616677453,7.0,8.0,6.0,-0.19999999999998863,0
150.5,150.5,0.8,0.8591211861667746,0.10213556532130715,-0.5788501388403329,-0.05912118616677453,7.0,8.0,6.0,-0.6999999999999886,0
150.5,150.5,0.8,0.8591211861667746,0.10213556532130715,-0.5788501388403329,-0.05912118616677453,7.0,8.0,6.0,-0.5999999999999943,0
150.5,150.5,0.8,0.8591211861667746,0.10213556532130715,-0.5788501388403329,-0.05912118616677453,7.0,8.0,6.0,-0.5999999999999943,0
150.5,150.5,0.8,0.8591211861667746,0.10213556532130715,-0.5788501388403329,-0.05912118616677453,7.0,8.0,6.0,-0.4000000000000057,0
150.5,150.5,0.8,0.8591211861667746,0.10213556532130715,-0.5788501388403329,-0.05912118616677453,7.0,8.0,6.0,-0.20000000000001705,0
151.5,151.5,0.75,0.8216120791231473,0.10500822825572037,-0.6819663593290478,-0.07161207912314727,7.0,9.0,6.0,-0.6999999999999886,0
151.5,151.5,0.75,0.8216120791231473,0.10500822825572037,-0.6819663593290478,-0.07161207912314727,7.0,9.0,6.0,-0.5999999999999943,0
151.5,151.5,0.75,0.8216120791231473,0.10500822825572037,-0.6819663593290478,-0.07161207912314727,7.0,9.0,6.0,-0.5999999999999943,0
151.5,151.5,0.75,0.8216120791231473,0.10500822825572037,-0.6819663593290478,-0.07161207912314727,7.0,9.0,6.0,-0.4000000000000057,0
151.5,151.5,0.75,0.8216120791231473,0.10500822825572037,-0.6819663593290478,-0.07161207912314727,7.0,9.0,6.0,-0.20000000000001705,0
151.5,151.5,0.75,0.8216120791231473,0.10500822825572037,-0.6819663593290478,-0.07161207912314727,7.0,9.0,6.0,0.10000000000002274,0
152.5,152.5,0.7777777777777778,0.768804712762298,0.10000379152180354,0.08972724812662143,0.008973065015479786,7.0,11.0,7.0,0.10000000000002274,0
152.5,152.5,0.7777777777777778,0.768804712762298,0.10000379152180354,0.08972724812662143,0.008973065015479786,7.0,11.0,7.0,-0.09999999999999432,0
152.5,152.5,0.7777777777777778,0.768804712762298,0.10000379152180354,0.08972724812662143,0.008973065015479786,7.0,11.0,7.0,0.09999999999999432,0
152.5,152.5,0.7777777777777778,0.768804712762298,0.10000379152180354,0.08972724812662143,0.008973065015479786,7.0,11.0,7.0,-0.20000000000001705,0
152.5,152.5,0.7777777777777778,0.768804712762298,0.10000379152180354,0.08972724812662143,0.008973065015479786,7.0,11.0,7.0,0.10000000000002274,0
152.5,152.5,0.7777777777777778,0.768804712762298,0.10000379152180354,0.08972724812662143,0.008973065015479786,7.0,11.0,7.0,-0.09999999999999432,0
152.5,152.5,0.7777777777777778,0.768804712762298,0.10000379152180354,0.08972724812662143,0.008973065015479786,7.0,11.0,7.0,0.09999999999999432,0
153.5,153.5,0.5882352941176471,0.728991855306716,0.09720774153132491,-1.4479974431224747,-0.14075656118906887,5.0,12.0,5.0,0.09999999999999432,0
153.5,153.5,0.5882352941176471,0.728991855306716,0.09720774153132491,-1.4479974431224747,-0.14075656118906887,5.0,12.0,5.0,-0.20000000000001705,0
153.5,153.5,0.5882352941176471,0.728991855306716,0.09720774153132491,-1.4479974431224747,-0.14075656118906887,5.0,12.0,5.0,0.10000000000002274,0
153.5,153.5,0.5882352941176471,0.728991855306716,0.09720774153132491,-1.4479974431224747,-0.14075656118906887,5.0,12.0,5.0,-0.09999999999999432,0
153.5,153.5,0.5882352941176471,0.728991855306716,0.09720774153132491,-1.4479974431224747,-0.14075656118906887,5.0,12.0,5.0,0.09999999999999432,0
154.5,154.5,0.5333333333333333,0.7470840188707061,0.09932863043651749,-2.1519544223856406,-0.21375068553737275,4.0,11.0,4.0,-0.20000000000001705,0
154.5,154.5,0.5333333333333333,0.7470840188707061,0.09932863043651749,-2.1519544223856406,-0.21375068553737275,4.0,11.0,4.0,0.10000000000002274,0
154.5,154.5,0.5333333333333333,0.7470840188707061,0.09932863043651749,-2.1519544223856406,-0.21375068553737275,4.0,11.0,4.0,-0.09999999999999432,0
154.5,154.5,0.5333333333333333,0.7470840188707061,0.09932863043651749,-2.1519544223856406,-0.21375068553737275,4.0,11.0,4.0,0.09999999999999432,0
155.5,155.5,0.42857142857142855,0.7629051009877635,0.09460324139943754,-3.5340614916638864,-0.334333672416335,3.0,11.0,3.0,0.10000000000002274,0
155.5,155.5,0.42857142857142855,0.7629051009877635,0.09460324139943754,-3.5340614916638864,-0.334333672416335,3.0,11.0,3.0,-0.09999999999999432,0
155.5,155.5,0.42857142857142855,0.7629051009877635,0.09460324139943754,-3.5340614916638864,-0.334333672416335,3.0,11.0,3.0,0.09999999999999432,0
156.5,156.5,0.42857142857142855,0.7660342289547398,0.09388175111923552,-3.5945516179679373,-0.3374628003833113,3.0,11.0,3.0,-0.09999999999999432,0
156.5,156.5,0.42857142857142855,0.7660342289547398,0.09388175111923552,-3.5945516179679373,-0.3374628003833113,3.0,11.0,3.0,0.09999999999999432,0
156.5,156.5,0.42857142857142855,0.7660342289547398,0.09388175111923552,-3.5945516179679373,-0.3374628003833113,3.0,11.0,3.0,0.0,0
157.5,157.5,0.5,0.7603746389231683,0.10301837659318507,-2.5274581830324894,-0.26037463892316826,4.0,8.0,3.0,-0.19999999999998863,0
157.5,157.5,0.5,0.7603746389231683,0.10301837659318507,-2.5274581830324894,-0.26037463892316826,4.0,8.0,3.0,0.0,0
157.5,157.5,0.5,0.7603746389231683,0.10301837659318507,-2.5274581830324894,-0.26037463892316826,4.0,8.0,3.0,0.4000000000000057,0
158.5,158.5,0.6666666666666666,0.824723545898546,0.09062785254461755,-1.7440210133420677,-0.1580568792318794,4.0,8.0,4.0,0.0,0
158.5,158.5,0.6666666666666666,0.824723545898546,0.09062785254461755,-1.7440210133420677,-0.1580568792318794,4.0,8.0,4.0,0.4000000000000057,0
158.5,158.5,0.6666666666666666,0.824723545898546,0.09062785254461755,-1.7440210133420677,-0.1580568792318794,4.0,8.0,4.0,-0.4000000000000057,0
158.5,158.5,0.6666666666666666,0.824723545898546,0.09062785254461755,-1.7440210133420677,-0.1580568792318794,4.0,8.0,4.0,-0.19999999999998863,0
159.5,159.5,0.8,0.8590149699285924,0.0929621158405951,-0.6348281705397827,-0.05901496992859234,6.0,9.0,6.0,0.0,0
159.5,159.5,0.8,0.8590149699285924,0.0929621158405951,-0.6348281705397827,-0.05901496992859234,6.0,9.0,6.0,0.4000000000000057,0
159.5,159.5,0.8,0.8590149699285924,0.0929621158405951,-0.6348281705397827,-0.05901496992859234,6.0,9.0,6.0,-0.4000000000000057,0
159.5,159.5,0.8,0.8590149699285924,0.0929621158405951,-0.6348281705397827,-0.05901496992859234,6.0,9.0,6.0,-0.19999999999998863,0
159.5,159.5,0.8,0.8590149699285924,0.0929621158405951,-0.6348281705397827,-0.05901496992859234,6.0,9.0,6.0,0.09999999999999432,0
159.5,159.5,0.8,0.8590149699285924,0.0929621158405951,-0.6348281705397827,-0.05901496992859234,6.0,9.0,6.0,0.0,0
160.5,160.5,0.875,0.860689058335885,0.09570367338588577,0.14953388054826228,0.014310941664114951,7.0,9.0,7.0,0.0,0
160.5,160.5,0.875,0.860689058335885,0.09570367338588577,0.14953388054826228,0.014310941664114951,7.0,9.0,7.0,0.4000000000000057,0
160.5,160.5,0.875,0.860689058335885,0.09570367338588577,0.14953388054826228,0.014310941664114951,7.0,9.0,7.0,-0.4000000000000057,0
160.5,160.5,0.875,0.860689058335885,0.09570367338588577,0.14953388054826228,0.014310941664114951,7.0,9.0,7.0,-0.19999999999998863,0
160.5,160.5,0.875,0.860689058335885,0.09570367338588577,0.14953388054826228,0.014310941664114951,7.0,9.0,7.0,0.09999999999999432,0
160.5,160.5,0.875,0.860689058335885,0.09570367338588577,0.14953388054826228,0.014310941664114951,7.0,9.0,7.0,0.0,0
160.5,160.5,0.875,0.860689058335885,0.09570367338588577,0.14953388054826228,0.014310941664114951,7.0,9.0,7.0,-0.09999999999999432,0
161.5,161.5,0.9411764705882353,0.8483113609816396,0.10023762655402182,0.9264496057929621,0.09286510960659566,8.0,9.0,8.0,-1.0,0
161.5,161.5,0.9411764705882353,0.8483113609816396,0.10023762655402182,0.9264496057929621,0.09286510960659566,8.0,9.0,8.0,-1.0,0
161.5,161.5,0.9411764705882353,0.8483113609816396,0.10023762655402182,0.9264496057929621,0.09286510960659566,8.0,9.0,8.0,-0.5999999999999943,0
161.5,161.5,0.9411764705882353,0.8483113609816396,0.10023762655402182,0.9264496057929621,0.09286510960659566,8.0,9.0,8.0,-0.30000000000001137,0
161.5,161.5,0.9411764705882353,0.8483113609816396,0.10023762655402182,0.9264496057929621,0.09286510960659566,8.0,9.0,8.0,0.0,0
161.5,161.5,0.9411764705882353,0.8483113609816396,0.10023762655402182,0.9264496057929621,0.09286510960659566,8.0,9.0,8.0,-0.09999999999999432,0
161.5,161.5,0.9411764705882353,0.8483113609816396,0.10023762655402182,0.9264496057929621,0.09286510960659566,8.0,9.0,8.0,0.09999999999999432,0
161.5,161.5,0.9411764705882353,0.8483113609816396,0.10023762655402182,0.9264496057929621,0.09286510960659566,8.0,9.0,8.0,-0.19999999999998863,0
162.5,162.5,0.8421052631578947,0.7656531107179715,0.09574348834435678,0.7985102043175072,0.0764521524399232,8.0,11.0,8.0,-0.19999999999998863,0
162.5,162.5,0.8421052631578947,0.7656531107179715,0.09574348834435678,0.7985102043175072,0.0764521524399232,8.0,11.0,8.0,0.09999999999999432,0
162.5,162.5,0.8421052631578947,0.7656531107179715,0.09574348834435678,0.7985102043175072,0.0764521524399232,8.0,11.0,8.0,0.0,0
162.5,162.5,0.8421052631578947,0.7656531107179715,0.09574348834435678,0.7985102043175072,0.0764521524399232,8.0,11.0,8.0,-0.09999999999999432,0
162.5,162.5,0.8421052631578947,0.7656531107179715,0.09574348834435678,0.7985102043175072,0.0764521524399232,8.0,11.0,8.0,0.09999999999999432,0
162.5,162.5,0.8421052631578947,0.7656531107179715,0.09574348834435678,0.7985102043175072,0.0764521524399232,8.0,11.0,8.0,-0.19999999999998863,0
162.5,162.5,0.8421052631578947,0.7656531107179715,0.09574348834435678,0.7985102043175072,0.0764521524399232,8.0,11.0,8.0,-0.09999999999999432,0
162.5,162.5,0.8421052631578947,0.7656531107179715,0.09574348834435678,0.7985102043175072,0.0764521524399232,8.0,11.0,8.0,0.0,0
163.5,163.5,0.8421052631578947,0.7667285247432306,0.09691658164404028,0.7777486281089779,0.07537673841466408,8.0,11.0,8.0,0.09999999999999432,0
163.5,163.5,0.8421052631578947,0.7667285247432306,0.09691658164404028,0.7777486281089779,0.07537673841466408,8.0,11.0,8.0,0.0,0
163.5,163.5,0.8421052631578947,0.7667285247432306,0.09691658164404028,0.7777486281089779,0.07537673841466408,8.0,11.0,8.0,-0.09999999999999432,0
163.5,163.5,0.8421052631578947,0.7667285247432306,0.09691658164404028,0.7777486281089779,0.07537673841466408,8.0,11.0,8.0,0.09999999999999432,0
163.5,163.5,0.8421052631578947,0.7667285247432306,0.09691658164404028,0.7777486281089779,0.07537673841466408,8.0,11.0,8.0,-0.19999999999998863,0
163.5,163.5,0.8421052631578947,0.7667285247432306,0.09691658164404028,0.7777486281089779,0.07537673841466408,8.0,11.0,8.0,-0.09999999999999432,0
163.5,163.5,0.8421052631578947,0.7667285247432306,0.09691658164404028,0.7777486281089779,0.07537673841466408,8.0,11.0,8.0,0.0,0
163.5,163.5,0.8421052631578947,0.7667285247432306,0.09691658164404028,0.7777486281089779,0.07537673841466408,8.0,11.0,8.0,0.09999999999999432,0
164.5,164.5,0.875,0.8373079140158088,0.10363877253333645,0.3636871130644385,0.03769208598419116,7.0,9.0,7.0,-0.09999999999999432,0
164.5,164.5,0.875,0.8373079140158088,0.10363877253333645,0.3636871130644385,0.03769208598419116,7.0,9.0,7.0,0.09999999999999432,0
164.5,164.5,0.875,0.8373079140158088,0.10363877253333645,0.3636871130644385,0.03769208598419116,7.0,9.0,7.0,-0.19999999999998863,0
164.5,164.5,0.875,0.8373079140158088,0.10363877253333645,0.3636871130644385,0.03769208598419116,7.0,9.0,7.0,-0.09999999999999432,0
164.5,164.5,0.875,0.8373079140158088,0.10363877253333645,0.3636871130644385,0.03769208598419116,7.0,9.0,7.0,0.0,0
164.5,164.5,0.875,0.8373079140158088,0.10363877253333645,0.3636871130644385,0.03769208598419116,7.0,9.0,7.0,0.09999999999999432,0
164.5,164.5,0.875,0.8373079140158088,0.10363877253333645,0.3636871130644385,0.03769208598419116,7.0,9.0,7.0,-0.09999999999999432,0
165.5,165.5,0.8888888888888888,0.7978195278921286,0.09904326377092314,0.9194907107200573,0.09106936099676022,8.0,10.0,8.0,0.09999999999999432,0
165.5,165.5,0.8888888888888888,0.7978195278921286,0.09904326377092314,0.9194907107200573,0.09106936099676022,8.0,10.0,8.0,-0.19999999999998863,0
165.5,165.5,0.8888888888888888,0.7978195278921286,0.09904326377092314,0.9194907107200573,0.09106936099676022,8.0,10.0,8.0,-0.09999999999999432,0
165.5,165.5,0.8888888888888888,0.7978195278921286,0.09904326377092314,0.9194907107200573,0.09106936099676022,8.0,10.0,8.0,0.0,0
165.5,165.5,0.8888888888888888,0.7978195278921286,0.09904326377092314,0.9194907107200573,0.09106936099676022,8.0,10.0,8.0,0.09999999999999432,0
165.5,165.5,0.8888888888888888,0.7978195278921286,0.09904326377092314,0.9194907107200573,0.09106936099676022,8.0,10.0,8.0,-0.09999999999999432,0
165.5,165.5,0.8888888888888888,0.7978195278921286,0.09904326377092314,0.9194907107200573,0.09106936099676022,8.0,10.0,8.0,0.0,0
165.5,165.5,0.8888888888888888,0.7978195278921286,0.09904326377092314,0.9194907107200573,0.09106936099676022,8.0,10.0,8.0,0.09999999999999432,0
166.5,166.5,0.875,0.7761548157724628,0.09646897116423324,1.0246318897633786,0.09884518422753719,7.0,9.0,7.0,-0.09999999999999432,0
166.5,166.5,0.875,0.7761548157724628,0.09646897116423324,1.0246318897633786,0.09884518422753719,7.0,9.0,7.0,0.0,0
166.5,166.5,0.875,0.7761548157724628,0.09646897116423324,1.0246318897633786,0.09884518422753719,7.0,9.0,7.0,0.09999999999999432,0
166.5,166.5,0.875,0.7761548157724628,0.09646897116423324,1.0246318897633786,0.09884518422753719,7.0,9.0,7.0,-0.09999999999999432,0
166.5,166.5,0.875,0.7761548157724628,0.09646897116423324,1.0246318897633786,0.09884518422753719,7.0,9.0,7.0,0.0,0
166.5,166.5,0.875,0.7761548157724628,0.09646897116423324,1.0246318897633786,0.09884518422753719,7.0,9.0,7.0,0.09999999999999432,0
166.5,166.5,0.875,0.7761548157724628,0.09646897116423324,1.0246318897633786,0.09884518422753719,7.0,9.0,7.0,0.4000000000000057,0
167.5,167.5,0.875,0.8277582169034956,0.08920791367082799,0.5295694199376059,0.0472417830965044,7.0,9.0,7.0,0.0,0
167.5,167.5,0.875,0.8277582169034956,0.08920791367082799,0.5295694199376059,0.0472417830965044,7.0,9.0,7.0,0.09999999999999432,0
167.5,167.5,0.875,0.8277582169034956,0.08920791367082799,0.5295694199376059,0.0472417830965044,7.0,9.0,7.0,-0.09999999999999432,0
167.5,167.5,0.875,0.8277582169034956,0.08920791367082799,0.5295694199376059,0.0472417830965044,7.0,9.0,7.0,0.0,0
167.5,167.5,0.875,0.8277582169034956,0.08920791367082799,0.5295694199376059,0.0472417830965044,7.0,9.0,7.0,0.09999999999999432,0
167.5,167.5,0.875,0.8277582169034956,0.08920791367082799,0.5295694199376059,0.0472417830965044,7.0,9.0,7.0,0.4000000000000057,0
167.5,167.5,0.875,0.8277582169034956,0.08920791367082799,0.5295694199376059,0.0472417830965044,7.0,9.0,7.0,-0.09999999999999432,0
168.5,168.5,0.8,0.8535685455153722,0.08864953222198249,-0.604273301535693,-0.05356854551537216,6.0,9.0,6.0,-0.09999999999999432,0
168.5,168.5,0.8,0.8535685455153722,0.08864953222198249,-0.604273301535693,-0.05356854551537216,6.0,9.0,6.0,0.0,0
168.5,168.5,0.8,0.8535685455153722,0.08864953222198249,-0.604273301535693,-0.05356854551537216,6.0,9.0,6.0,0.09999999999999432,0
168.5,168.5,0.8,0.8535685455153722,0.08864953222198249,-0.604273301535693,-0.05356854551537216,6.0,9.0,6.0,0.4000000000000057,0
168.5,168.5,0.8,0.8535685455153722,0.08864953222198249,-0.604273301535693,-0.05356854551537216,6.0,9.0,6.0,-0.09999999999999432,0
168.5,168.5,0.8,0.8535685455153722,0.08864953222198249,-0.604273301535693,-0.05356854551537216,6.0,9.0,6.0,0.19999999999998863,0
169.5,169.5,0.875,0.8626465522781314,0.09603375850704758,0.12863651192993827,0.012353447721868638,7.0,9.0,7.0,0.0,0
169.5,169.5,0.875,0.8626465522781314,0.09603375850704758,0.12863651192993827,0.012353447721868638,7.0,9.0,7.0,0.09999999999999432,0
169.5,169.5,0.875,0.8626465522781314,0.09603375850704758,0.12863651192993827,0.012353447721868638,7.0,9.0,7.0,0.4000000000000057,0
169.5,169.5,0.875,0.8626465522781314,0.09603375850704758,0.12863651192993827,0.012353447721868638,7.0,9.0,7.0,-0.09999999999999432,0
169.5,169.5,0.875,0.8626465522781314,0.09603375850704758,0.12863651192993827,0.012353447721868638,7.0,9.0,7.0,0.19999999999998863,0
169.5,169.5,0.875,0.8626465522781314,0.09603375850704758,0.12863651192993827,0.012353447721868638,7.0,9.0,7.0,-0.20000000000001705,0
169.5,169.5,0.875,0.8626465522781314,0.09603375850704758,0.12863651192993827,0.012353447721868638,7.0,9.0,7.0,0.0,0
170.5,170.5,0.8,0.8775995891363538,0.10286503953891568,-0.7543825335039751,-0.07759958913635379,7.0,8.0,6.0,0.4000000000000057,0
170.5,170.5,0.8,0.8775995891363538,0.10286503953891568,-0.7543825335039751,-0.07759958913635379,7.0,8.0,6.0,-0.09999999999999432,0
170.5,170.5,0.8,0.8775995891363538,0.10286503953891568,-0.7543825335039751,-0.07759958913635379,7.0,8.0,6.0,0.19999999999998863,0
170.5,170.5,0.8,0.8775995891363538,0.10286503953891568,-0.7543825335039751,-0.07759958913635379,7.0,8.0,6.0,-0.20000000000001705,0
170.5,170.5,0.8,0.8775995891363538,0.10286503953891568,-0.7543825335039751,-0.07759958913635379,7.0,8.0,6.0,0.0,0
170.5,170.5,0.8,0.8775995891363538,0.10286503953891568,-0.7543825335039751,-0.07759958913635379,7.0,8.0,6.0,0.0,0
171.5,171.5,0.875,0.8409753177249308,0.1008211616597079,0.33747560249215774,0.03402468227506916,7.0,9.0,7.0,-0.09999999999999432,0
171.5,171.5,0.875,0.8409753177249308,0.1008211616597079,0.33747560249215774,0.03402468227506916,7.0,9.0,7.0,0.19999999999998863,0
171.5,171.5,0.875,0.8409753177249308,0.1008211616597079,0.33747560249215774,0.03402468227506916,7.0,9.0,7.0,-0.20000000000001705,0
171.5,171.5,0.875,0.8409753177249308,0.1008211616597079,0.33747560249215774,0.03402468227506916,7.0,9.0,7.0,0.0,0
171.5,171.5,0.875,0.8409753177249308,0.1008211616597079,0.33747560249215774,0.03402468227506916,7.0,9.0,7.0,0.0,0
171.5,171.5,0.875,0.8409753177249308,0.1008211616597079,0.33747560249215774,0.03402468227506916,7.0,9.0,7.0,-0.09999999999999432,0
171.5,171.5,0.875,0.8409753177249308,0.1008211616597079,0.33747560249215774,0.03402468227506916,7.0,9.0,7.0,0.19999999999998863,0
172.5,172.5,0.8888888888888888,0.8157941452424426,0.0931164984095477,0.7849816616273387,0.07309474364644619,8.0,10.0,8.0,0.19999999999998863,0
172.5,172.5,0.8888888888888888,0.8157941452424426,0.0931164984095477,0.7849816616273387,0.07309474364644619,8.0,10.0,8.0,-0.20000000000001705,0
172.5,172.5,0.8888888888888888,0.8157941452424426,0.0931164984095477,0.7849816616273387,0.07309474364644619,8.0,10.0,8.0,0.0,0
172.5,172.5,0.8888888888888888,0.8157941452424426,0.0931164984095477,0.7849816616273387,0.07309474364644619,8.0,10.0,8.0,0.0,0
172.5,172.5,0.8888888888888888,0.8157941452424426,0.0931164984095477,0.7849816616273387,0.07309474364644619,8.0,10.0,8.0,-0.09999999999999432,0
172.5,172.5,0.8888888888888888,0.8157941452424426,0.0931164984095477,0.7849816616273387,0.07309474364644619,8.0,10.0,8.0,0.19999999999998863,0
172.5,172.5,0.8888888888888888,0.8157941452424426,0.0931164984095477,0.7849816616273387,0.07309474364644619,8.0,10.0,8.0,-0.19999999999998863,0
172.5,172.5,0.8888888888888888,0.8157941452424426,0.0931164984095477,0.7849816616273387,0.07309474364644619,8.0,10.0,8.0,-0.19999999999998863,0
173.5,173.5,0.9411764705882353,0.8409087156050005,0.09486671545903941,1.0569329242407197,0.10026775498323481,8.0,9.0,8.0,-0.20000000000001705,0
173.5,173.5,0.9411764705882353,0.8409087156050005,0.09486671545903941,1.0569329242407197,0.10026775498323481,8.0,9.0,8.0,0.0,0
173.5,173.5,0.9411764705882353,0.8409087156050005,0.09486671545903941,1.0569329242407197,0.10026775498323481,8.0,9.0,8.0,0.0,0
173.5,173.5,0.9411764705882353,0.8409087156050005,0.09486671545903941,1.0569329242407197,0.10026775498323481,8.0,9.0,8.0,-0.09999999999999432,0
173.5,173.5,0.9411764705882353,0.8409087156050005,0.09486671545903941,1.0569329242407197,0.10026775498323481,8.0,9.0,8.0,0.19999999999998863,0
173.5,173.5,0.9411764705882353,0.8409087156050005,0.09486671545903941,1.0569329242407197,0.10026775498323481,8.0,9.0,8.0,-0.19999999999998863,0
173.5,173.5,0.9411764705882353,0.8409087156050005,0.09486671545903941,1.0569329242407197,0.10026775498323481,8.0,9.0,8.0,-0.19999999999998863,0
173.5,173.5,0.9411764705882353,0.8409087156050005,0.09486671545903941,1.0569329242407197,0.10026775498323481,8.0,9.0,8.0,0.4000000000000057,0
174.5,174.5,0.9333333333333333,0.8414355151384564,0.09445338765162269,0.9729435913281209,0.09189781819487697,7.0,8.0,7.0,0.0,0
174.5,174.5,0.9333333333333333,0.8414355151384564,0.09445338765162269,0.9729435913281209,0.09189781819487697,7.0,8.0,7.0,-0.09999999999999432,0
174.5,174.5,0.9333333333333333,0.8414355151384564,0.09445338765162269,0.9729435913281209,0.09189781819487697,7.0,8.0,7.0,0.19999999999998863,0
174.5,174.5,0.9333333333333333,0.8414355151384564,0.09445338765162269,0.9729435913281209,0.09189781819487697,7.0,8.0,7.0,-0.19999999999998863,0
174.5,174.5,0.9333333333333333,0.8414355151384564,0.09445338765162269,0.9729435913281209,0.09189781819487697,7.0,8.0,7.0,-0.19999999999998863,0
174.5,174.5,0.9333333333333333,0.8414355151384564,0.09445338765162269,0.9729435913281209,0.09189781819487697,7.0,8.0,7.0,0.4000000000000057,0
174.5,174.5,0.9333333333333333,0.8414355151384564,0.09445338765162269,0.9729435913281209,0.09189781819487697,7.0,8.0,7.0,-0.09999999999999432,0
175.5,175.5,0.8,0.8333498043751916,0.0887258667460269,-0.37587465299892286,-0.03334980437519153,6.0,9.0,6.0,-0.09999999999999432,0
175.5,175.5,0.8,0.8333498043751916,0.0887258667460269,-0.37587465299892286,-0.03334980437519153,6.0,9.0,6.0,0.19999999999998863,0
175.5,175.5,0.8,0.8333498043751916,0.0887258667460269,-0.37587465299892286,-0.03334980437519153,6.0,9.0,6.0,-0.19999999999998863,0
175.5,175.5,0.8,0.8333498043751916,0.0887258667460269,-0.37587465299892286,-0.03334980437519153,6.0,9.0,6.0,-0.19999999999998863,0
175.5,175.5,0.8,0.8333498043751916,0.0887258667460269,-0.37587465299892286,-0.03334980437519153,6.0,9.0,6.0,0.4000000000000057,0
175.5,175.5,0.8,0.8333498043751916,0.0887258667460269,-0.37587465299892286,-0.03334980437519153,6.0,9.0,6.0,-0.09999999999999432,0
176.5,176.5,0.8571428571428571,0.8404762934777641,0.08730252863590972,0.19090585261968723,0.016666563665093004,6.0,8.0,6.0,-0.19999999999998863,0
176.5,176.5,0.8571428571428571,0.8404762934777641,0.08730252863590972,0.19090585261968723,0.016666563665093004,6.0,8.0,6.0,-0.19999999999998863,0
176.5,176.5,0.8571428571428571,0.8404762934777641,0.08730252863590972,0.19090585261968723,0.016666563665093004,6.0,8.0,6.0,0.4000000000000057,0
176.5,176.5,0.8571428571428571,0.8404762934777641,0.08730252863590972,0.19090585261968723,0.016666563665093004,6.0,8.0,6.0,-0.09999999999999432,0
176.5,176.5,0.8571428571428571,0.8404762934777641,0.08730252863590972,0.19090585261968723,0.016666563665093004,6.0,8.0,6.0,0.19999999999998863,0
176.5,176.5,0.8571428571428571,0.8404762934777641,0.08730252863590972,0.19090585261968723,0.016666563665093004,6.0,8.0,6.0,0.09999999999999432,0
