t_center,t_center_abs,S,S_null_mean,S_null_sd,z_S_t,S_excess,nA,nB,nM,dt,episode
11.5,11.5,0.75,0.7523197102862738,0.12119653656393321,-0.01914007076472908,-0.0023197102862737573,6.0,10.0,6.0,-0.09999999999999964,0
11.5,11.5,0.75,0.7523197102862738,0.12119653656393321,-0.01914007076472908,-0.0023197102862737573,6.0,10.0,6.0,0.09999999999999964,0
11.5,11.5,0.75,0.7523197102862738,0.12119653656393321,-0.01914007076472908,-0.0023197102862737573,6.0,10.0,6.0,0.0,0
11.5,11.5,0.75,0.7523197102862738,0.12119653656393321,-0.01914007076472908,-0.0023197102862737573,6.0,10.0,6.0,0.0,0
11.5,11.5,0.75,0.7523197102862738,0.12119653656393321,-0.01914007076472908,-0.0023197102862737573,6.0,10.0,6.0,0.20000000000000107,0
11.5,11.5,0.75,0.7523197102862738,0.12119653656393321,-0.01914007076472908,-0.0023197102862737573,6.0,10.0,6.0,0.20000000000000107,0
12.5,12.5,0.8235294117647058,0.7563236542525242,0.1223415445796272,0.549328993214076,0.06720575751218161,7.0,10.0,7.0,0.09999999999999964,0
12.5,12.5,0.8235294117647058,0.7563236542525242,0.1223415445796272,0.549328993214076,0.06720575751218161,7.0,10.0,7.0,0.0,0
12.5,12.5,0.8235294117647058,0.7563236542525242,0.1223415445796272,0.549328993214076,0.06720575751218161,7.0,10.0,7.0,0.0,0
12.5,12.5,0.8235294117647058,0.7563236542525242,0.1223415445796272,0.549328993214076,0.06720575751218161,7.0,10.0,7.0,0.20000000000000107,0
12.5,12.5,0.8235294117647058,0.7563236542525242,0.1223415445796272,0.549328993214076,0.06720575751218161,7.0,10.0,7.0,0.20000000000000107,0
12.5,12.5,0.8235294117647058,0.7563236542525242,0.1223415445796272,0.549328993214076,0.06720575751218161,7.0,10.0,7.0,0.0,0
12.5,12.5,0.8235294117647058,0.7563236542525242,0.1223415445796272,0.549328993214076,0.06720575751218161,7.0,10.0,7.0,0.20000000000000107,0
13.5,13.5,0.8235294117647058,0.6987710037726291,0.113270112786114,1.101423887761601,0.12475840799207671,7.0,10.0,7.0,0.0,0
13.5,13.5,0.8235294117647058,0.6987710037726291,0.113270112786114,1.101423887761601,0.12475840799207671,7.0,10.0,7.0,0.0,0
13.5,13.5,0.8235294117647058,0.6987710037726291,0.113270112786114,1.101423887761601,0.12475840799207671,7.0,10.0,7.0,0.20000000000000107,0
13.5,13.5,0.8235294117647058,0.6987710037726291,0.113270112786114,1.101423887761601,0.12475840799207671,7.0,10.0,7.0,0.20000000000000107,0
13.5,13.5,0.8235294117647058,0.6987710037726291,0.113270112786114,1.101423887761601,0.12475840799207671,7.0,10.0,7.0,0.0,0
13.5,13.5,0.8235294117647058,0.6987710037726291,0.113270112786114,1.101423887761601,0.12475840799207671,7.0,10.0,7.0,0.20000000000000107,0
13.5,13.5,0.8235294117647058,0.6987710037726291,0.113270112786114,1.101423887761601,0.12475840799207671,7.0,10.0,7.0,0.5999999999999996,0
14.5,14.5,0.8,0.7447968025438613,0.1155374491203276,0.4777948438055515,0.055203197456138775,7.0,8.0,6.0,0.0,0
14.5,14.5,0.8,0.7447968025438613,0.1155374491203276,0.4777948438055515,0.055203197456138775,7.0,8.0,6.0,0.20000000000000107,0
14.5,14.5,0.8,0.7447968025438613,0.1155374491203276,0.4777948438055515,0.055203197456138775,7.0,8.0,6.0,0.20000000000000107,0
14.5,14.5,0.8,0.7447968025438613,0.1155374491203276,0.4777948438055515,0.055203197456138775,7.0,8.0,6.0,0.0,0
14.5,14.5,0.8,0.7447968025438613,0.1155374491203276,0.4777948438055515,0.055203197456138775,7.0,8.0,6.0,0.20000000000000107,0
14.5,14.5,0.8,0.7447968025438613,0.1155374491203276,0.4777948438055515,0.055203197456138775,7.0,8.0,6.0,-0.5,0
15.5,15.5,0.7692307692307693,0.803919894321365,0.10395763684775756,-0.33368520238101207,-0.03468912509059574,5.0,8.0,5.0,0.20000000000000107,0
15.5,15.5,0.7692307692307693,0.803919894321365,0.10395763684775756,-0.33368520238101207,-0.03468912509059574,5.0,8.0,5.0,0.0,0
15.5,15.5,0.7692307692307693,0.803919894321365,0.10395763684775756,-0.33368520238101207,-0.03468912509059574,5.0,8.0,5.0,0.20000000000000107,0
15.5,15.5,0.7692307692307693,0.803919894321365,0.10395763684775756,-0.33368520238101207,-0.03468912509059574,5.0,8.0,5.0,-0.5,0
15.5,15.5,0.7692307692307693,0.803919894321365,0.10395763684775756,-0.33368520238101207,-0.03468912509059574,5.0,8.0,5.0,-0.5,0
16.5,16.5,0.7692307692307693,0.8323233965381025,0.10977460009802155,-0.57474704759567,-0.06309262730733323,5.0,8.0,5.0,0.0,0
16.5,16.5,0.7692307692307693,0.8323233965381025,0.10977460009802155,-0.57474704759567,-0.06309262730733323,5.0,8.0,5.0,0.20000000000000107,0
16.5,16.5,0.7692307692307693,0.8323233965381025,0.10977460009802155,-0.57474704759567,-0.06309262730733323,5.0,8.0,5.0,-0.5,0
16.5,16.5,0.7692307692307693,0.8323233965381025,0.10977460009802155,-0.57474704759567,-0.06309262730733323,5.0,8.0,5.0,-0.5,0
16.5,16.5,0.7692307692307693,0.8323233965381025,0.10977460009802155,-0.57474704759567,-0.06309262730733323,5.0,8.0,5.0,-0.1999999999999993,0
17.5,17.5,0.6153846153846154,0.8095998599439775,0.12511381419583978,-1.5523085584726748,-0.19421524455936212,4.0,9.0,4.0,-0.5,0
17.5,17.5,0.6153846153846154,0.8095998599439775,0.12511381419583978,-1.5523085584726748,-0.19421524455936212,4.0,9.0,4.0,-0.5,0
17.5,17.5,0.6153846153846154,0.8095998599439775,0.12511381419583978,-1.5523085584726748,-0.19421524455936212,4.0,9.0,4.0,-0.1999999999999993,0
17.5,17.5,0.6153846153846154,0.8095998599439775,0.12511381419583978,-1.5523085584726748,-0.19421524455936212,4.0,9.0,4.0,0.09999999999999787,0
18.5,18.5,0.5714285714285714,0.7674084154579511,0.12529147684339173,-1.5641913477829386,-0.19597984402937974,4.0,10.0,4.0,0.40000000000000213,0
18.5,18.5,0.5714285714285714,0.7674084154579511,0.12529147684339173,-1.5641913477829386,-0.19597984402937974,4.0,10.0,4.0,-0.1999999999999993,0
18.5,18.5,0.5714285714285714,0.7674084154579511,0.12529147684339173,-1.5641913477829386,-0.19597984402937974,4.0,10.0,4.0,0.09999999999999787,0
18.5,18.5,0.5714285714285714,0.7674084154579511,0.12529147684339173,-1.5641913477829386,-0.19597984402937974,4.0,10.0,4.0,0.0,0
19.5,19.5,0.5333333333333333,0.7269810039805396,0.12260326582479714,-1.5794658432992574,-0.19364767064720623,4.0,11.0,4.0,-0.1999999999999993,0
19.5,19.5,0.5333333333333333,0.7269810039805396,0.12260326582479714,-1.5794658432992574,-0.19364767064720623,4.0,11.0,4.0,0.09999999999999787,0
19.5,19.5,0.5333333333333333,0.7269810039805396,0.12260326582479714,-1.5794658432992574,-0.19364767064720623,4.0,11.0,4.0,0.0,0
19.5,19.5,0.5333333333333333,0.7269810039805396,0.12260326582479714,-1.5794658432992574,-0.19364767064720623,4.0,11.0,4.0,-0.1999999999999993,0
20.5,20.5,0.6666666666666666,0.7468305204942977,0.11347049828498325,-0.7064730924711199,-0.08016385382763103,5.0,10.0,5.0,-0.1999999999999993,0
20.5,20.5,0.6666666666666666,0.7468305204942977,0.11347049828498325,-0.7064730924711199,-0.08016385382763103,5.0,10.0,5.0,0.09999999999999787,0
20.5,20.5,0.6666666666666666,0.7468305204942977,0.11347049828498325,-0.7064730924711199,-0.08016385382763103,5.0,10.0,5.0,0.0,0
20.5,20.5,0.6666666666666666,0.7468305204942977,0.11347049828498325,-0.7064730924711199,-0.08016385382763103,5.0,10.0,5.0,-0.1999999999999993,0
20.5,20.5,0.6666666666666666,0.7468305204942977,0.11347049828498325,-0.7064730924711199,-0.08016385382763103,5.0,10.0,5.0,-0.6000000000000014,0
21.5,21.5,0.6666666666666666,0.7649948418368697,0.11605114708655952,-0.8472830957617564,-0.09832817517020309,5.0,10.0,5.0,0.09999999999999787,0
21.5,21.5,0.6666666666666666,0.7649948418368697,0.11605114708655952,-0.8472830957617564,-0.09832817517020309,5.0,10.0,5.0,0.0,0
21.5,21.5,0.6666666666666666,0.7649948418368697,0.11605114708655952,-0.8472830957617564,-0.09832817517020309,5.0,10.0,5.0,-0.1999999999999993,0
21.5,21.5,0.6666666666666666,0.7649948418368697,0.11605114708655952,-0.8472830957617564,-0.09832817517020309,5.0,10.0,5.0,-0.6000000000000014,0
21.5,21.5,0.6666666666666666,0.7649948418368697,0.11605114708655952,-0.8472830957617564,-0.09832817517020309,5.0,10.0,5.0,0.0,0
22.5,22.5,0.6666666666666666,0.7742590168861067,0.11343344077276325,-0.9485064500068859,-0.10759235021944002,6.0,9.0,5.0,0.0,0
22.5,22.5,0.6666666666666666,0.7742590168861067,0.11343344077276325,-0.9485064500068859,-0.10759235021944002,6.0,9.0,5.0,-0.1999999999999993,0
22.5,22.5,0.6666666666666666,0.7742590168861067,0.11343344077276325,-0.9485064500068859,-0.10759235021944002,6.0,9.0,5.0,-0.6000000000000014,0
22.5,22.5,0.6666666666666666,0.7742590168861067,0.11343344077276325,-0.9485064500068859,-0.10759235021944002,6.0,9.0,5.0,0.0,0
22.5,22.5,0.6666666666666666,0.7742590168861067,0.11343344077276325,-0.9485064500068859,-0.10759235021944002,6.0,9.0,5.0,-0.1999999999999993,0
23.5,23.5,0.7142857142857143,0.77798477584507,0.11265913961951533,-0.5654140602749769,-0.06369906155935567,6.0,8.0,5.0,-0.1999999999999993,0
23.5,23.5,0.7142857142857143,0.77798477584507,0.11265913961951533,-0.5654140602749769,-0.06369906155935567,6.0,8.0,5.0,-0.6000000000000014,0
23.5,23.5,0.7142857142857143,0.77798477584507,0.11265913961951533,-0.5654140602749769,-0.06369906155935567,6.0,8.0,5.0,0.0,0
23.5,23.5,0.7142857142857143,0.77798477584507,0.11265913961951533,-0.5654140602749769,-0.06369906155935567,6.0,8.0,5.0,-0.1999999999999993,0
23.5,23.5,0.7142857142857143,0.77798477584507,0.11265913961951533,-0.5654140602749769,-0.06369906155935567,6.0,8.0,5.0,-0.7000000000000028,0
24.5,24.5,0.8571428571428571,0.871051309474839,0.1028631468617196,-0.13521317163939417,-0.013908452331981902,7.0,7.0,6.0,-0.6000000000000014,0
24.5,24.5,0.8571428571428571,0.871051309474839,0.1028631468617196,-0.13521317163939417,-0.013908452331981902,7.0,7.0,6.0,0.0,0
24.5,24.5,0.8571428571428571,0.871051309474839,0.1028631468617196,-0.13521317163939417,-0.013908452331981902,7.0,7.0,6.0,-0.1999999999999993,0
24.5,24.5,0.8571428571428571,0.871051309474839,0.1028631468617196,-0.13521317163939417,-0.013908452331981902,7.0,7.0,6.0,-0.7000000000000028,0
24.5,24.5,0.8571428571428571,0.871051309474839,0.1028631468617196,-0.13521317163939417,-0.013908452331981902,7.0,7.0,6.0,-0.6000000000000014,0
24.5,24.5,0.8571428571428571,0.871051309474839,0.1028631468617196,-0.13521317163939417,-0.013908452331981902,7.0,7.0,6.0,-0.5,0
25.5,25.5,0.8235294117647058,0.760432870543629,0.11802837728015696,0.5345878904300139,0.06309654122107689,7.0,10.0,7.0,0.0,0
25.5,25.5,0.8235294117647058,0.760432870543629,0.11802837728015696,0.5345878904300139,0.06309654122107689,7.0,10.0,7.0,-0.1999999999999993,0
25.5,25.5,0.8235294117647058,0.760432870543629,0.11802837728015696,0.5345878904300139,0.06309654122107689,7.0,10.0,7.0,-0.7000000000000028,0
25.5,25.5,0.8235294117647058,0.760432870543629,0.11802837728015696,0.5345878904300139,0.06309654122107689,7.0,10.0,7.0,-0.6000000000000014,0
25.5,25.5,0.8235294117647058,0.760432870543629,0.11802837728015696,0.5345878904300139,0.06309654122107689,7.0,10.0,7.0,-0.5,0
25.5,25.5,0.8235294117647058,0.760432870543629,0.11802837728015696,0.5345878904300139,0.06309654122107689,7.0,10.0,7.0,-0.3000000000000007,0
25.5,25.5,0.8235294117647058,0.760432870543629,0.11802837728015696,0.5345878904300139,0.06309654122107689,7.0,10.0,7.0,0.09999999999999787,0
26.5,26.5,0.875,0.8063331950729009,0.11885740475338594,0.5777242492343999,0.06866680492709909,7.0,9.0,7.0,-0.1999999999999993,0
26.5,26.5,0.875,0.8063331950729009,0.11885740475338594,0.5777242492343999,0.06866680492709909,7.0,9.0,7.0,-0.7000000000000028,0
26.5,26.5,0.875,0.8063331950729009,0.11885740475338594,0.5777242492343999,0.06866680492709909,7.0,9.0,7.0,-0.6000000000000014,0
26.5,26.5,0.875,0.8063331950729009,0.11885740475338594,0.5777242492343999,0.06866680492709909,7.0,9.0,7.0,-0.5,0
26.5,26.5,0.875,0.8063331950729009,0.11885740475338594,0.5777242492343999,0.06866680492709909,7.0,9.0,7.0,-0.3000000000000007,0
26.5,26.5,0.875,0.8063331950729009,0.11885740475338594,0.5777242492343999,0.06866680492709909,7.0,9.0,7.0,0.09999999999999787,0
26.5,26.5,0.875,0.8063331950729009,0.11885740475338594,0.5777242492343999,0.06866680492709909,7.0,9.0,7.0,-0.10000000000000142,0
27.5,27.5,0.8,0.7891874391862008,0.12636018106087887,0.08556936784215159,0.010812560813799221,6.0,9.0,6.0,-0.10000000000000142,0
27.5,27.5,0.8,0.7891874391862008,0.12636018106087887,0.08556936784215159,0.010812560813799221,6.0,9.0,6.0,0.0,0
27.5,27.5,0.8,0.7891874391862008,0.12636018106087887,0.08556936784215159,0.010812560813799221,6.0,9.0,6.0,-0.3000000000000007,0
27.5,27.5,0.8,0.7891874391862008,0.12636018106087887,0.08556936784215159,0.010812560813799221,6.0,9.0,6.0,0.09999999999999787,0
27.5,27.5,0.8,0.7891874391862008,0.12636018106087887,0.08556936784215159,0.010812560813799221,6.0,9.0,6.0,-0.10000000000000142,0
27.5,27.5,0.8,0.7891874391862008,0.12636018106087887,0.08556936784215159,0.010812560813799221,6.0,9.0,6.0,0.10000000000000142,0
28.5,28.5,0.75,0.7378926673773423,0.11886807288333794,0.10185521081460089,0.01210733262265773,6.0,10.0,6.0,0.0,0
28.5,28.5,0.75,0.7378926673773423,0.11886807288333794,0.10185521081460089,0.01210733262265773,6.0,10.0,6.0,-0.3000000000000007,0
28.5,28.5,0.75,0.7378926673773423,0.11886807288333794,0.10185521081460089,0.01210733262265773,6.0,10.0,6.0,0.09999999999999787,0
28.5,28.5,0.75,0.7378926673773423,0.11886807288333794,0.10185521081460089,0.01210733262265773,6.0,10.0,6.0,-0.10000000000000142,0
28.5,28.5,0.75,0.7378926673773423,0.11886807288333794,0.10185521081460089,0.01210733262265773,6.0,10.0,6.0,0.10000000000000142,0
28.5,28.5,0.75,0.7378926673773423,0.11886807288333794,0.10185521081460089,0.01210733262265773,6.0,10.0,6.0,-0.10000000000000142,0
29.5,29.5,0.6666666666666666,0.743857251537592,0.11922297584168391,-0.6474472250502005,-0.07719058487092534,5.0,10.0,5.0,0.09999999999999787,0
29.5,29.5,0.6666666666666666,0.743857251537592,0.11922297584168391,-0.6474472250502005,-0.07719058487092534,5.0,10.0,5.0,-0.10000000000000142,0
29.5,29.5,0.6666666666666666,0.743857251537592,0.11922297584168391,-0.6474472250502005,-0.07719058487092534,5.0,10.0,5.0,0.10000000000000142,0
29.5,29.5,0.6666666666666666,0.743857251537592,0.11922297584168391,-0.6474472250502005,-0.07719058487092534,5.0,10.0,5.0,-0.10000000000000142,0
29.5,29.5,0.6666666666666666,0.743857251537592,0.11922297584168391,-0.6474472250502005,-0.07719058487092534,5.0,10.0,5.0,-0.10000000000000142,0
30.5,30.5,0.625,0.7246480908152735,0.12067868548340967,-0.8257306616831903,-0.09964809081527348,5.0,11.0,5.0,-0.10000000000000142,0
30.5,30.5,0.625,0.7246480908152735,0.12067868548340967,-0.8257306616831903,-0.09964809081527348,5.0,11.0,5.0,0.10000000000000142,0
30.5,30.5,0.625,0.7246480908152735,0.12067868548340967,-0.8257306616831903,-0.09964809081527348,5.0,11.0,5.0,-0.10000000000000142,0
30.5,30.5,0.625,0.7246480908152735,0.12067868548340967,-0.8257306616831903,-0.09964809081527348,5.0,11.0,5.0,-0.10000000000000142,0
30.5,30.5,0.625,0.7246480908152735,0.12067868548340967,-0.8257306616831903,-0.09964809081527348,5.0,11.0,5.0,0.0,0
31.5,31.5,0.6666666666666666,0.7240144436317036,0.12071676226231379,-0.47506059548235785,-0.05734777696503701,6.0,9.0,5.0,0.10000000000000142,0
31.5,31.5,0.6666666666666666,0.7240144436317036,0.12071676226231379,-0.47506059548235785,-0.05734777696503701,6.0,9.0,5.0,-0.10000000000000142,0
31.5,31.5,0.6666666666666666,0.7240144436317036,0.12071676226231379,-0.47506059548235785,-0.05734777696503701,6.0,9.0,5.0,-0.10000000000000142,0
31.5,31.5,0.6666666666666666,0.7240144436317036,0.12071676226231379,-0.47506059548235785,-0.05734777696503701,6.0,9.0,5.0,0.0,0
31.5,31.5,0.6666666666666666,0.7240144436317036,0.12071676226231379,-0.47506059548235785,-0.05734777696503701,6.0,9.0,5.0,0.20000000000000284,0
32.5,32.5,0.6666666666666666,0.7276286520668874,0.11365847937383486,-0.5363610857374779,-0.0609619854002208,7.0,8.0,5.0,-0.10000000000000142,0
32.5,32.5,0.6666666666666666,0.7276286520668874,0.11365847937383486,-0.5363610857374779,-0.0609619854002208,7.0,8.0,5.0,-0.10000000000000142,0
32.5,32.5,0.6666666666666666,0.7276286520668874,0.11365847937383486,-0.5363610857374779,-0.0609619854002208,7.0,8.0,5.0,0.0,0
32.5,32.5,0.6666666666666666,0.7276286520668874,0.11365847937383486,-0.5363610857374779,-0.0609619854002208,7.0,8.0,5.0,0.20000000000000284,0
32.5,32.5,0.6666666666666666,0.7276286520668874,0.11365847937383486,-0.5363610857374779,-0.0609619854002208,7.0,8.0,5.0,-0.7000000000000028,0
33.5,33.5,0.6153846153846154,0.6626619325119325,0.11846657019417368,-0.3990772844172561,-0.04727731712731709,7.0,6.0,4.0,-0.10000000000000142,0
33.5,33.5,0.6153846153846154,0.6626619325119325,0.11846657019417368,-0.3990772844172561,-0.04727731712731709,7.0,6.0,4.0,0.0,0
33.5,33.5,0.6153846153846154,0.6626619325119325,0.11846657019417368,-0.3990772844172561,-0.04727731712731709,7.0,6.0,4.0,0.20000000000000284,0
33.5,33.5,0.6153846153846154,0.6626619325119325,0.11846657019417368,-0.3990772844172561,-0.04727731712731709,7.0,6.0,4.0,-0.7000000000000028,0
34.5,34.5,0.7142857142857143,0.7491047452547452,0.0935233930319504,-0.37230290561780316,-0.03481903096903094,8.0,6.0,5.0,0.0,0
34.5,34.5,0.7142857142857143,0.7491047452547452,0.0935233930319504,-0.37230290561780316,-0.03481903096903094,8.0,6.0,5.0,0.20000000000000284,0
34.5,34.5,0.7142857142857143,0.7491047452547452,0.0935233930319504,-0.37230290561780316,-0.03481903096903094,8.0,6.0,5.0,-0.7000000000000028,0
34.5,34.5,0.7142857142857143,0.7491047452547452,0.0935233930319504,-0.37230290561780316,-0.03481903096903094,8.0,6.0,5.0,-0.8000000000000043,0
34.5,34.5,0.7142857142857143,0.7491047452547452,0.0935233930319504,-0.37230290561780316,-0.03481903096903094,8.0,6.0,5.0,-0.7999999999999972,0
35.5,35.5,0.7692307692307693,0.8024462703962705,0.0885958595195735,-0.37491031009370024,-0.033215501165501204,8.0,5.0,5.0,0.20000000000000284,0
35.5,35.5,0.7692307692307693,0.8024462703962705,0.0885958595195735,-0.37491031009370024,-0.033215501165501204,8.0,5.0,5.0,-0.7000000000000028,0
35.5,35.5,0.7692307692307693,0.8024462703962705,0.0885958595195735,-0.37491031009370024,-0.033215501165501204,8.0,5.0,5.0,-0.8000000000000043,0
35.5,35.5,0.7692307692307693,0.8024462703962705,0.0885958595195735,-0.37491031009370024,-0.033215501165501204,8.0,5.0,5.0,-0.7999999999999972,0
35.5,35.5,0.7692307692307693,0.8024462703962705,0.0885958595195735,-0.37491031009370024,-0.033215501165501204,8.0,5.0,5.0,-0.3999999999999986,0
36.5,36.5,0.8571428571428571,0.8390502164502166,0.09186204173434066,0.19695448033871585,0.018092640692640494,8.0,6.0,6.0,-0.7000000000000028,0
36.5,36.5,0.8571428571428571,0.8390502164502166,0.09186204173434066,0.19695448033871585,0.018092640692640494,8.0,6.0,6.0,-0.8000000000000043,0
36.5,36.5,0.8571428571428571,0.8390502164502166,0.09186204173434066,0.19695448033871585,0.018092640692640494,8.0,6.0,6.0,-0.7999999999999972,0
36.5,36.5,0.8571428571428571,0.8390502164502166,0.09186204173434066,0.19695448033871585,0.018092640692640494,8.0,6.0,6.0,-0.3999999999999986,0
36.5,36.5,0.8571428571428571,0.8390502164502166,0.09186204173434066,0.19695448033871585,0.018092640692640494,8.0,6.0,6.0,-0.29999999999999716,0
36.5,36.5,0.8571428571428571,0.8390502164502166,0.09186204173434066,0.19695448033871585,0.018092640692640494,8.0,6.0,6.0,-0.09999999999999432,0
37.5,37.5,0.8571428571428571,0.8491811005987477,0.1106158366263941,0.07197664264837822,0.007961756544109355,6.0,8.0,6.0,0.29999999999999716,0
37.5,37.5,0.8571428571428571,0.8491811005987477,0.1106158366263941,0.07197664264837822,0.007961756544109355,6.0,8.0,6.0,0.10000000000000142,0
37.5,37.5,0.8571428571428571,0.8491811005987477,0.1106158366263941,0.07197664264837822,0.007961756544109355,6.0,8.0,6.0,-0.20000000000000284,0
37.5,37.5,0.8571428571428571,0.8491811005987477,0.1106158366263941,0.07197664264837822,0.007961756544109355,6.0,8.0,6.0,-0.3999999999999986,0
37.5,37.5,0.8571428571428571,0.8491811005987477,0.1106158366263941,0.07197664264837822,0.007961756544109355,6.0,8.0,6.0,-0.29999999999999716,0
37.5,37.5,0.8571428571428571,0.8491811005987477,0.1106158366263941,0.07197664264837822,0.007961756544109355,6.0,8.0,6.0,-0.09999999999999432,0
38.5,38.5,0.875,0.8051602631200928,0.12082649587977007,0.578016736903486,0.06983973687990719,7.0,9.0,7.0,0.10000000000000142,0
38.5,38.5,0.875,0.8051602631200928,0.12082649587977007,0.578016736903486,0.06983973687990719,7.0,9.0,7.0,-0.20000000000000284,0
38.5,38.5,0.875,0.8051602631200928,0.12082649587977007,0.578016736903486,0.06983973687990719,7.0,9.0,7.0,-0.3999999999999986,0
38.5,38.5,0.875,0.8051602631200928,0.12082649587977007,0.578016736903486,0.06983973687990719,7.0,9.0,7.0,-0.29999999999999716,0
38.5,38.5,0.875,0.8051602631200928,0.12082649587977007,0.578016736903486,0.06983973687990719,7.0,9.0,7.0,-0.09999999999999432,0
38.5,38.5,0.875,0.8051602631200928,0.12082649587977007,0.578016736903486,0.06983973687990719,7.0,9.0,7.0,0.09999999999999432,0
38.5,38.5,0.875,0.8051602631200928,0.12082649587977007,0.578016736903486,0.06983973687990719,7.0,9.0,7.0,0.3999999999999986,0
39.5,39.5,0.75,0.7585790616246499,0.11805586465213375,-0.07266950820214829,-0.008579061624649942,6.0,10.0,6.0,-0.3999999999999986,0
39.5,39.5,0.75,0.7585790616246499,0.11805586465213375,-0.07266950820214829,-0.008579061624649942,6.0,10.0,6.0,-0.29999999999999716,0
39.5,39.5,0.75,0.7585790616246499,0.11805586465213375,-0.07266950820214829,-0.008579061624649942,6.0,10.0,6.0,-0.09999999999999432,0
39.5,39.5,0.75,0.7585790616246499,0.11805586465213375,-0.07266950820214829,-0.008579061624649942,6.0,10.0,6.0,0.09999999999999432,0
39.5,39.5,0.75,0.7585790616246499,0.11805586465213375,-0.07266950820214829,-0.008579061624649942,6.0,10.0,6.0,-0.20000000000000284,0
39.5,39.5,0.75,0.7585790616246499,0.11805586465213375,-0.07266950820214829,-0.008579061624649942,6.0,10.0,6.0,0.0,0
40.5,40.5,0.8235294117647058,0.7587131683847629,0.12357063467416675,0.5245278827842196,0.06481624337994296,7.0,10.0,7.0,-0.29999999999999716,0
40.5,40.5,0.8235294117647058,0.7587131683847629,0.12357063467416675,0.5245278827842196,0.06481624337994296,7.0,10.0,7.0,-0.09999999999999432,0
40.5,40.5,0.8235294117647058,0.7587131683847629,0.12357063467416675,0.5245278827842196,0.06481624337994296,7.0,10.0,7.0,0.09999999999999432,0
40.5,40.5,0.8235294117647058,0.7587131683847629,0.12357063467416675,0.5245278827842196,0.06481624337994296,7.0,10.0,7.0,-0.20000000000000284,0
40.5,40.5,0.8235294117647058,0.7587131683847629,0.12357063467416675,0.5245278827842196,0.06481624337994296,7.0,10.0,7.0,0.0,0
40.5,40.5,0.8235294117647058,0.7587131683847629,0.12357063467416675,0.5245278827842196,0.06481624337994296,7.0,10.0,7.0,0.19999999999999574,0
40.5,40.5,0.8235294117647058,0.7587131683847629,0.12357063467416675,0.5245278827842196,0.06481624337994296,7.0,10.0,7.0,0.20000000000000284,0
41.5,41.5,0.8,0.7619860633862182,0.12291272652838857,0.30927583894253563,0.03801393661378183,6.0,9.0,6.0,0.09999999999999432,0
41.5,41.5,0.8,0.7619860633862182,0.12291272652838857,0.30927583894253563,0.03801393661378183,6.0,9.0,6.0,-0.20000000000000284,0
41.5,41.5,0.8,0.7619860633862182,0.12291272652838857,0.30927583894253563,0.03801393661378183,6.0,9.0,6.0,0.0,0
41.5,41.5,0.8,0.7619860633862182,0.12291272652838857,0.30927583894253563,0.03801393661378183,6.0,9.0,6.0,0.19999999999999574,0
41.5,41.5,0.8,0.7619860633862182,0.12291272652838857,0.30927583894253563,0.03801393661378183,6.0,9.0,6.0,0.20000000000000284,0
41.5,41.5,0.8,0.7619860633862182,0.12291272652838857,0.30927583894253563,0.03801393661378183,6.0,9.0,6.0,0.20000000000000284,0
42.5,42.5,0.875,0.7598764369617311,0.11951049949274563,0.9632924598834679,0.11512356303826887,8.0,8.0,7.0,0.09999999999999432,0
42.5,42.5,0.875,0.7598764369617311,0.11951049949274563,0.9632924598834679,0.11512356303826887,8.0,8.0,7.0,-0.20000000000000284,0
42.5,42.5,0.875,0.7598764369617311,0.11951049949274563,0.9632924598834679,0.11512356303826887,8.0,8.0,7.0,0.0,0
42.5,42.5,0.875,0.7598764369617311,0.11951049949274563,0.9632924598834679,0.11512356303826887,8.0,8.0,7.0,0.19999999999999574,0
42.5,42.5,0.875,0.7598764369617311,0.11951049949274563,0.9632924598834679,0.11512356303826887,8.0,8.0,7.0,0.20000000000000284,0
42.5,42.5,0.875,0.7598764369617311,0.11951049949274563,0.9632924598834679,0.11512356303826887,8.0,8.0,7.0,0.20000000000000284,0
42.5,42.5,0.875,0.7598764369617311,0.11951049949274563,0.9632924598834679,0.11512356303826887,8.0,8.0,7.0,0.0,0
43.5,43.5,1.0,0.8170230135877196,0.10958520972457372,1.6697233766506094,0.18297698641228044,8.0,8.0,8.0,-0.20000000000000284,0
43.5,43.5,1.0,0.8170230135877196,0.10958520972457372,1.6697233766506094,0.18297698641228044,8.0,8.0,8.0,0.0,0
43.5,43.5,1.0,0.8170230135877196,0.10958520972457372,1.6697233766506094,0.18297698641228044,8.0,8.0,8.0,0.19999999999999574,0
43.5,43.5,1.0,0.8170230135877196,0.10958520972457372,1.6697233766506094,0.18297698641228044,8.0,8.0,8.0,0.20000000000000284,0
43.5,43.5,1.0,0.8170230135877196,0.10958520972457372,1.6697233766506094,0.18297698641228044,8.0,8.0,8.0,0.20000000000000284,0
43.5,43.5,1.0,0.8170230135877196,0.10958520972457372,1.6697233766506094,0.18297698641228044,8.0,8.0,8.0,0.0,0
43.5,43.5,1.0,0.8170230135877196,0.10958520972457372,1.6697233766506094,0.18297698641228044,8.0,8.0,8.0,-0.30000000000000426,0
43.5,43.5,1.0,0.8170230135877196,0.10958520972457372,1.6697233766506094,0.18297698641228044,8.0,8.0,8.0,-0.20000000000000284,0
44.5,44.5,0.9411764705882353,0.8126430240382253,0.11953258596873788,1.0753004756680002,0.12853344655000998,8.0,9.0,8.0,0.19999999999999574,0
44.5,44.5,0.9411764705882353,0.8126430240382253,0.11953258596873788,1.0753004756680002,0.12853344655000998,8.0,9.0,8.0,0.20000000000000284,0
44.5,44.5,0.9411764705882353,0.8126430240382253,0.11953258596873788,1.0753004756680002,0.12853344655000998,8.0,9.0,8.0,0.20000000000000284,0
44.5,44.5,0.9411764705882353,0.8126430240382253,0.11953258596873788,1.0753004756680002,0.12853344655000998,8.0,9.0,8.0,0.0,0
44.5,44.5,0.9411764705882353,0.8126430240382253,0.11953258596873788,1.0753004756680002,0.12853344655000998,8.0,9.0,8.0,-0.30000000000000426,0
44.5,44.5,0.9411764705882353,0.8126430240382253,0.11953258596873788,1.0753004756680002,0.12853344655000998,8.0,9.0,8.0,-0.20000000000000284,0
44.5,44.5,0.9411764705882353,0.8126430240382253,0.11953258596873788,1.0753004756680002,0.12853344655000998,8.0,9.0,8.0,-0.10000000000000142,0
44.5,44.5,0.9411764705882353,0.8126430240382253,0.11953258596873788,1.0753004756680002,0.12853344655000998,8.0,9.0,8.0,0.20000000000000284,0
45.5,45.5,0.875,0.8395864725144137,0.12081522104189908,0.29312140622831645,0.03541352748558635,8.0,8.0,7.0,-0.3999999999999986,0
45.5,45.5,0.875,0.8395864725144137,0.12081522104189908,0.29312140622831645,0.03541352748558635,8.0,8.0,7.0,-0.5,0
45.5,45.5,0.875,0.8395864725144137,0.12081522104189908,0.29312140622831645,0.03541352748558635,8.0,8.0,7.0,-0.30000000000000426,0
45.5,45.5,0.875,0.8395864725144137,0.12081522104189908,0.29312140622831645,0.03541352748558635,8.0,8.0,7.0,-0.20000000000000284,0
45.5,45.5,0.875,0.8395864725144137,0.12081522104189908,0.29312140622831645,0.03541352748558635,8.0,8.0,7.0,-0.10000000000000142,0
45.5,45.5,0.875,0.8395864725144137,0.12081522104189908,0.29312140622831645,0.03541352748558635,8.0,8.0,7.0,0.20000000000000284,0
45.5,45.5,0.875,0.8395864725144137,0.12081522104189908,0.29312140622831645,0.03541352748558635,8.0,8.0,7.0,0.0,0
46.5,46.5,0.9411764705882353,0.8106612576879605,0.12028829137249952,1.0850200914077774,0.1305152129002748,8.0,9.0,8.0,0.0,0
46.5,46.5,0.9411764705882353,0.8106612576879605,0.12028829137249952,1.0850200914077774,0.1305152129002748,8.0,9.0,8.0,-0.30000000000000426,0
46.5,46.5,0.9411764705882353,0.8106612576879605,0.12028829137249952,1.0850200914077774,0.1305152129002748,8.0,9.0,8.0,-0.20000000000000284,0
46.5,46.5,0.9411764705882353,0.8106612576879605,0.12028829137249952,1.0850200914077774,0.1305152129002748,8.0,9.0,8.0,-0.10000000000000142,0
46.5,46.5,0.9411764705882353,0.8106612576879605,0.12028829137249952,1.0850200914077774,0.1305152129002748,8.0,9.0,8.0,0.20000000000000284,0
46.5,46.5,0.9411764705882353,0.8106612576879605,0.12028829137249952,1.0850200914077774,0.1305152129002748,8.0,9.0,8.0,0.0,0
46.5,46.5,0.9411764705882353,0.8106612576879605,0.12028829137249952,1.0850200914077774,0.1305152129002748,8.0,9.0,8.0,0.29999999999999716,0
46.5,46.5,0.9411764705882353,0.8106612576879605,0.12028829137249952,1.0850200914077774,0.1305152129002748,8.0,9.0,8.0,0.0,0
47.5,47.5,0.8235294117647058,0.7654258143473315,0.12174943964352448,0.47723913627445375,0.058103597417374364,7.0,10.0,7.0,-0.20000000000000284,0
47.5,47.5,0.8235294117647058,0.7654258143473315,0.12174943964352448,0.47723913627445375,0.058103597417374364,7.0,10.0,7.0,-0.10000000000000142,0
47.5,47.5,0.8235294117647058,0.7654258143473315,0.12174943964352448,0.47723913627445375,0.058103597417374364,7.0,10.0,7.0,0.20000000000000284,0
47.5,47.5,0.8235294117647058,0.7654258143473315,0.12174943964352448,0.47723913627445375,0.058103597417374364,7.0,10.0,7.0,0.0,0
47.5,47.5,0.8235294117647058,0.7654258143473315,0.12174943964352448,0.47723913627445375,0.058103597417374364,7.0,10.0,7.0,0.29999999999999716,0
47.5,47.5,0.8235294117647058,0.7654258143473315,0.12174943964352448,0.47723913627445375,0.058103597417374364,7.0,10.0,7.0,0.0,0
47.5,47.5,0.8235294117647058,0.7654258143473315,0.12174943964352448,0.47723913627445375,0.058103597417374364,7.0,10.0,7.0,-0.29999999999999716,0
48.5,48.5,0.875,0.7907985630554515,0.1173158857234506,0.7177326107654085,0.08420143694454851,7.0,9.0,7.0,-0.10000000000000142,0
48.5,48.5,0.875,0.7907985630554515,0.1173158857234506,0.7177326107654085,0.08420143694454851,7.0,9.0,7.0,0.20000000000000284,0
48.5,48.5,0.875,0.7907985630554515,0.1173158857234506,0.7177326107654085,0.08420143694454851,7.0,9.0,7.0,0.0,0
48.5,48.5,0.875,0.7907985630554515,0.1173158857234506,0.7177326107654085,0.08420143694454851,7.0,9.0,7.0,0.29999999999999716,0
48.5,48.5,0.875,0.7907985630554515,0.1173158857234506,0.7177326107654085,0.08420143694454851,7.0,9.0,7.0,0.0,0
48.5,48.5,0.875,0.7907985630554515,0.1173158857234506,0.7177326107654085,0.08420143694454851,7.0,9.0,7.0,-0.29999999999999716,0
48.5,48.5,0.875,0.7907985630554515,0.1173158857234506,0.7177326107654085,0.08420143694454851,7.0,9.0,7.0,-0.20000000000000284,0
49.5,49.5,0.7142857142857143,0.743603971028971,0.11900622142160303,-0.2463590255453201,-0.02931825674325672,7.0,7.0,5.0,0.0,0
49.5,49.5,0.7142857142857143,0.743603971028971,0.11900622142160303,-0.2463590255453201,-0.02931825674325672,7.0,7.0,5.0,0.29999999999999716,0
49.5,49.5,0.7142857142857143,0.743603971028971,0.11900622142160303,-0.2463590255453201,-0.02931825674325672,7.0,7.0,5.0,0.0,0
49.5,49.5,0.7142857142857143,0.743603971028971,0.11900622142160303,-0.2463590255453201,-0.02931825674325672,7.0,7.0,5.0,-0.29999999999999716,0
49.5,49.5,0.7142857142857143,0.743603971028971,0.11900622142160303,-0.2463590255453201,-0.02931825674325672,7.0,7.0,5.0,-0.20000000000000284,0
50.5,50.5,0.7692307692307693,0.7596900987900987,0.11402417538165296,0.08367234762923502,0.009540670440670529,7.0,6.0,5.0,0.29999999999999716,0
50.5,50.5,0.7692307692307693,0.7596900987900987,0.11402417538165296,0.08367234762923502,0.009540670440670529,7.0,6.0,5.0,0.0,0
50.5,50.5,0.7692307692307693,0.7596900987900987,0.11402417538165296,0.08367234762923502,0.009540670440670529,7.0,6.0,5.0,-0.29999999999999716,0
50.5,50.5,0.7692307692307693,0.7596900987900987,0.11402417538165296,0.08367234762923502,0.009540670440670529,7.0,6.0,5.0,-0.20000000000000284,0
50.5,50.5,0.7692307692307693,0.7596900987900987,0.11402417538165296,0.08367234762923502,0.009540670440670529,7.0,6.0,5.0,-1.0,0
51.5,51.5,0.8571428571428571,0.7793792129439189,0.09472170544381613,0.8209696376831335,0.07776364419893822,7.0,7.0,6.0,0.0,0
51.5,51.5,0.8571428571428571,0.7793792129439189,0.09472170544381613,0.8209696376831335,0.07776364419893822,7.0,7.0,6.0,-0.29999999999999716,0
51.5,51.5,0.8571428571428571,0.7793792129439189,0.09472170544381613,0.8209696376831335,0.07776364419893822,7.0,7.0,6.0,-0.20000000000000284,0
51.5,51.5,0.8571428571428571,0.7793792129439189,0.09472170544381613,0.8209696376831335,0.07776364419893822,7.0,7.0,6.0,-1.0,0
51.5,51.5,0.8571428571428571,0.7793792129439189,0.09472170544381613,0.8209696376831335,0.07776364419893822,7.0,7.0,6.0,-0.6000000000000014,0
51.5,51.5,0.8571428571428571,0.7793792129439189,0.09472170544381613,0.8209696376831335,0.07776364419893822,7.0,7.0,6.0,-0.3999999999999986,0
52.5,52.5,0.6666666666666666,0.828953539107951,0.10592284596939665,-1.532123414510336,-0.16228687244128437,5.0,7.0,4.0,-0.20000000000000284,0
52.5,52.5,0.6666666666666666,0.828953539107951,0.10592284596939665,-1.532123414510336,-0.16228687244128437,5.0,7.0,4.0,-1.0,0
52.5,52.5,0.6666666666666666,0.828953539107951,0.10592284596939665,-1.532123414510336,-0.16228687244128437,5.0,7.0,4.0,-0.6000000000000014,0
52.5,52.5,0.6666666666666666,0.828953539107951,0.10592284596939665,-1.532123414510336,-0.16228687244128437,5.0,7.0,4.0,-0.3999999999999986,0
53.5,53.5,0.5454545454545454,0.8182961900844253,0.11828107516719433,-2.306722730108844,-0.2728416446298799,4.0,7.0,3.0,-1.0,0
53.5,53.5,0.5454545454545454,0.8182961900844253,0.11828107516719433,-2.306722730108844,-0.2728416446298799,4.0,7.0,3.0,-0.6000000000000014,0
53.5,53.5,0.5454545454545454,0.8182961900844253,0.11828107516719433,-2.306722730108844,-0.2728416446298799,4.0,7.0,3.0,-0.3999999999999986,0
54.5,54.5,0.6666666666666666,0.8109089379746501,0.12039237880048019,-1.1981013478189384,-0.1442422713079835,6.0,9.0,5.0,-0.29999999999999716,0
54.5,54.5,0.6666666666666666,0.8109089379746501,0.12039237880048019,-1.1981013478189384,-0.1442422713079835,6.0,9.0,5.0,-0.6000000000000014,0
54.5,54.5,0.6666666666666666,0.8109089379746501,0.12039237880048019,-1.1981013478189384,-0.1442422713079835,6.0,9.0,5.0,-0.3999999999999986,0
54.5,54.5,0.6666666666666666,0.8109089379746501,0.12039237880048019,-1.1981013478189384,-0.1442422713079835,6.0,9.0,5.0,0.10000000000000142,0
54.5,54.5,0.6666666666666666,0.8109089379746501,0.12039237880048019,-1.1981013478189384,-0.1442422713079835,6.0,9.0,5.0,-0.30000000000000426,0
55.5,55.5,0.6666666666666666,0.7700501256913022,0.12529876783302868,-0.8250955760586794,-0.10338345902463553,5.0,10.0,5.0,0.19999999999999574,0
55.5,55.5,0.6666666666666666,0.7700501256913022,0.12529876783302868,-0.8250955760586794,-0.10338345902463553,5.0,10.0,5.0,0.10000000000000142,0
55.5,55.5,0.6666666666666666,0.7700501256913022,0.12529876783302868,-0.8250955760586794,-0.10338345902463553,5.0,10.0,5.0,-0.30000000000000426,0
55.5,55.5,0.6666666666666666,0.7700501256913022,0.12529876783302868,-0.8250955760586794,-0.10338345902463553,5.0,10.0,5.0,-0.29999999999999716,0
55.5,55.5,0.6666666666666666,0.7700501256913022,0.12529876783302868,-0.8250955760586794,-0.10338345902463553,5.0,10.0,5.0,-0.29999999999999716,0
56.5,56.5,0.6666666666666666,0.7702984993592579,0.12623211159625725,-0.8209625219932065,-0.10363183269259124,5.0,10.0,5.0,0.10000000000000142,0
56.5,56.5,0.6666666666666666,0.7702984993592579,0.12623211159625725,-0.8209625219932065,-0.10363183269259124,5.0,10.0,5.0,-0.30000000000000426,0
56.5,56.5,0.6666666666666666,0.7702984993592579,0.12623211159625725,-0.8209625219932065,-0.10363183269259124,5.0,10.0,5.0,-0.29999999999999716,0
56.5,56.5,0.6666666666666666,0.7702984993592579,0.12623211159625725,-0.8209625219932065,-0.10363183269259124,5.0,10.0,5.0,-0.29999999999999716,0
56.5,56.5,0.6666666666666666,0.7702984993592579,0.12623211159625725,-0.8209625219932065,-0.10363183269259124,5.0,10.0,5.0,0.20000000000000284,0
57.5,57.5,0.8,0.7488358370387782,0.11844984104144739,0.4319479242130745,0.05116416296122184,7.0,8.0,6.0,0.10000000000000142,0
57.5,57.5,0.8,0.7488358370387782,0.11844984104144739,0.4319479242130745,0.05116416296122184,7.0,8.0,6.0,-0.30000000000000426,0
57.5,57.5,0.8,0.7488358370387782,0.11844984104144739,0.4319479242130745,0.05116416296122184,7.0,8.0,6.0,-0.29999999999999716,0
57.5,57.5,0.8,0.7488358370387782,0.11844984104144739,0.4319479242130745,0.05116416296122184,7.0,8.0,6.0,-0.29999999999999716,0
57.5,57.5,0.8,0.7488358370387782,0.11844984104144739,0.4319479242130745,0.05116416296122184,7.0,8.0,6.0,0.20000000000000284,0
57.5,57.5,0.8,0.7488358370387782,0.11844984104144739,0.4319479242130745,0.05116416296122184,7.0,8.0,6.0,0.20000000000000284,0
58.5,58.5,0.9411764705882353,0.8117044791809499,0.10749773099120191,1.2044160394220966,0.12947199140728538,9.0,8.0,8.0,0.10000000000000142,0
58.5,58.5,0.9411764705882353,0.8117044791809499,0.10749773099120191,1.2044160394220966,0.12947199140728538,9.0,8.0,8.0,-0.30000000000000426,0
58.5,58.5,0.9411764705882353,0.8117044791809499,0.10749773099120191,1.2044160394220966,0.12947199140728538,9.0,8.0,8.0,-0.29999999999999716,0
58.5,58.5,0.9411764705882353,0.8117044791809499,0.10749773099120191,1.2044160394220966,0.12947199140728538,9.0,8.0,8.0,-0.29999999999999716,0
58.5,58.5,0.9411764705882353,0.8117044791809499,0.10749773099120191,1.2044160394220966,0.12947199140728538,9.0,8.0,8.0,0.20000000000000284,0
58.5,58.5,0.9411764705882353,0.8117044791809499,0.10749773099120191,1.2044160394220966,0.12947199140728538,9.0,8.0,8.0,0.20000000000000284,0
58.5,58.5,0.9411764705882353,0.8117044791809499,0.10749773099120191,1.2044160394220966,0.12947199140728538,9.0,8.0,8.0,-0.7000000000000028,0
58.5,58.5,0.9411764705882353,0.8117044791809499,0.10749773099120191,1.2044160394220966,0.12947199140728538,9.0,8.0,8.0,-0.6000000000000014,0
59.5,59.5,0.9333333333333333,0.8218472855575798,0.10171842341103068,1.0960261085177578,0.11148604777575355,8.0,7.0,7.0,-0.29999999999999716,0
59.5,59.5,0.9333333333333333,0.8218472855575798,0.10171842341103068,1.0960261085177578,0.11148604777575355,8.0,7.0,7.0,-0.29999999999999716,0
59.5,59.5,0.9333333333333333,0.8218472855575798,0.10171842341103068,1.0960261085177578,0.11148604777575355,8.0,7.0,7.0,0.20000000000000284,0
59.5,59.5,0.9333333333333333,0.8218472855575798,0.10171842341103068,1.0960261085177578,0.11148604777575355,8.0,7.0,7.0,0.20000000000000284,0
59.5,59.5,0.9333333333333333,0.8218472855575798,0.10171842341103068,1.0960261085177578,0.11148604777575355,8.0,7.0,7.0,-0.7000000000000028,0
59.5,59.5,0.9333333333333333,0.8218472855575798,0.10171842341103068,1.0960261085177578,0.11148604777575355,8.0,7.0,7.0,-0.6000000000000014,0
59.5,59.5,0.9333333333333333,0.8218472855575798,0.10171842341103068,1.0960261085177578,0.11148604777575355,8.0,7.0,7.0,-0.8999999999999986,0
60.5,60.5,0.8571428571428571,0.8387355977355978,0.09572479585812613,0.19229353525643156,0.01840725940725929,8.0,6.0,6.0,0.20000000000000284,0
60.5,60.5,0.8571428571428571,0.8387355977355978,0.09572479585812613,0.19229353525643156,0.01840725940725929,8.0,6.0,6.0,0.20000000000000284,0
60.5,60.5,0.8571428571428571,0.8387355977355978,0.09572479585812613,0.19229353525643156,0.01840725940725929,8.0,6.0,6.0,-0.7000000000000028,0
60.5,60.5,0.8571428571428571,0.8387355977355978,0.09572479585812613,0.19229353525643156,0.01840725940725929,8.0,6.0,6.0,-0.6000000000000014,0
60.5,60.5,0.8571428571428571,0.8387355977355978,0.09572479585812613,0.19229353525643156,0.01840725940725929,8.0,6.0,6.0,-0.8999999999999986,0
60.5,60.5,0.8571428571428571,0.8387355977355978,0.09572479585812613,0.19229353525643156,0.01840725940725929,8.0,6.0,6.0,-0.5,0
61.5,61.5,0.7692307692307693,0.8096584304584306,0.09386406563362146,-0.43070434840807037,-0.04042766122766128,8.0,5.0,5.0,-0.7000000000000028,0
61.5,61.5,0.7692307692307693,0.8096584304584306,0.09386406563362146,-0.43070434840807037,-0.04042766122766128,8.0,5.0,5.0,-0.6000000000000014,0
61.5,61.5,0.7692307692307693,0.8096584304584306,0.09386406563362146,-0.43070434840807037,-0.04042766122766128,8.0,5.0,5.0,-0.8999999999999986,0
61.5,61.5,0.7692307692307693,0.8096584304584306,0.09386406563362146,-0.43070434840807037,-0.04042766122766128,8.0,5.0,5.0,-0.5,0
61.5,61.5,0.7692307692307693,0.8096584304584306,0.09386406563362146,-0.43070434840807037,-0.04042766122766128,8.0,5.0,5.0,-0.5999999999999943,0
62.5,62.5,0.9230769230769231,0.805728576978577,0.09953213129676758,1.1789996312693962,0.1173483460983461,7.0,6.0,6.0,-0.10000000000000142,0
62.5,62.5,0.9230769230769231,0.805728576978577,0.09953213129676758,1.1789996312693962,0.1173483460983461,7.0,6.0,6.0,-0.10000000000000142,0
62.5,62.5,0.9230769230769231,0.805728576978577,0.09953213129676758,1.1789996312693962,0.1173483460983461,7.0,6.0,6.0,-0.29999999999999716,0
62.5,62.5,0.9230769230769231,0.805728576978577,0.09953213129676758,1.1789996312693962,0.1173483460983461,7.0,6.0,6.0,-0.5,0
62.5,62.5,0.9230769230769231,0.805728576978577,0.09953213129676758,1.1789996312693962,0.1173483460983461,7.0,6.0,6.0,-0.5999999999999943,0
62.5,62.5,0.9230769230769231,0.805728576978577,0.09953213129676758,1.1789996312693962,0.1173483460983461,7.0,6.0,6.0,-0.09999999999999432,0
63.5,63.5,0.8333333333333334,0.8582598235098235,0.08604959342605993,-0.2896758623026945,-0.02492649017649018,6.0,6.0,5.0,-0.29999999999999716,0
63.5,63.5,0.8333333333333334,0.8582598235098235,0.08604959342605993,-0.2896758623026945,-0.02492649017649018,6.0,6.0,5.0,-0.5,0
63.5,63.5,0.8333333333333334,0.8582598235098235,0.08604959342605993,-0.2896758623026945,-0.02492649017649018,6.0,6.0,5.0,-0.5999999999999943,0
63.5,63.5,0.8333333333333334,0.8582598235098235,0.08604959342605993,-0.2896758623026945,-0.02492649017649018,6.0,6.0,5.0,-0.09999999999999432,0
63.5,63.5,0.8333333333333334,0.8582598235098235,0.08604959342605993,-0.2896758623026945,-0.02492649017649018,6.0,6.0,5.0,-0.20000000000000284,0
64.5,64.5,0.6666666666666666,0.8565524764451236,0.10273031500009548,-1.8483911957077173,-0.18988580977845693,5.0,7.0,4.0,-0.5,0
64.5,64.5,0.6666666666666666,0.8565524764451236,0.10273031500009548,-1.8483911957077173,-0.18988580977845693,5.0,7.0,4.0,-0.5999999999999943,0
64.5,64.5,0.6666666666666666,0.8565524764451236,0.10273031500009548,-1.8483911957077173,-0.18988580977845693,5.0,7.0,4.0,-0.09999999999999432,0
64.5,64.5,0.6666666666666666,0.8565524764451236,0.10273031500009548,-1.8483911957077173,-0.18988580977845693,5.0,7.0,4.0,-0.20000000000000284,0
65.5,65.5,0.6666666666666666,0.83973493108199,0.11635358701750062,-1.487433854439678,-0.17306826441532341,4.0,8.0,4.0,-0.09999999999999432,0
65.5,65.5,0.6666666666666666,0.83973493108199,0.11635358701750062,-1.487433854439678,-0.17306826441532341,4.0,8.0,4.0,-0.09999999999999432,0
65.5,65.5,0.6666666666666666,0.83973493108199,0.11635358701750062,-1.487433854439678,-0.17306826441532341,4.0,8.0,4.0,-0.20000000000000284,0
65.5,65.5,0.6666666666666666,0.83973493108199,0.11635358701750062,-1.487433854439678,-0.17306826441532341,4.0,8.0,4.0,0.30000000000001137,0
66.5,66.5,0.5714285714285714,0.7655879260746135,0.12343395686445023,-1.5729816946503576,-0.19415935464604206,4.0,10.0,4.0,-0.09999999999999432,0
66.5,66.5,0.5714285714285714,0.7655879260746135,0.12343395686445023,-1.5729816946503576,-0.19415935464604206,4.0,10.0,4.0,-0.20000000000000284,0
66.5,66.5,0.5714285714285714,0.7655879260746135,0.12343395686445023,-1.5729816946503576,-0.19415935464604206,4.0,10.0,4.0,-0.29999999999999716,0
66.5,66.5,0.5714285714285714,0.7655879260746135,0.12343395686445023,-1.5729816946503576,-0.19415935464604206,4.0,10.0,4.0,-0.09999999999999432,0
67.5,67.5,0.6666666666666666,0.7538840289827132,0.11908863064061227,-0.7323735426873171,-0.0872173623160466,5.0,10.0,5.0,-0.20000000000000284,0
67.5,67.5,0.6666666666666666,0.7538840289827132,0.11908863064061227,-0.7323735426873171,-0.0872173623160466,5.0,10.0,5.0,-0.29999999999999716,0
67.5,67.5,0.6666666666666666,0.7538840289827132,0.11908863064061227,-0.7323735426873171,-0.0872173623160466,5.0,10.0,5.0,-0.09999999999999432,0
67.5,67.5,0.6666666666666666,0.7538840289827132,0.11908863064061227,-0.7323735426873171,-0.0872173623160466,5.0,10.0,5.0,0.29999999999999716,0
67.5,67.5,0.6666666666666666,0.7538840289827132,0.11908863064061227,-0.7323735426873171,-0.0872173623160466,5.0,10.0,5.0,0.29999999999999716,0
68.5,68.5,0.5714285714285714,0.7549040314776383,0.12159963162011533,-1.5088488147912769,-0.1834754600490669,4.0,10.0,4.0,-0.29999999999999716,0
68.5,68.5,0.5714285714285714,0.7549040314776383,0.12159963162011533,-1.5088488147912769,-0.1834754600490669,4.0,10.0,4.0,-0.09999999999999432,0
68.5,68.5,0.5714285714285714,0.7549040314776383,0.12159963162011533,-1.5088488147912769,-0.1834754600490669,4.0,10.0,4.0,0.29999999999999716,0
68.5,68.5,0.5714285714285714,0.7549040314776383,0.12159963162011533,-1.5088488147912769,-0.1834754600490669,4.0,10.0,4.0,-0.20000000000000284,0
69.5,69.5,0.5714285714285714,0.7549282620200578,0.12160918944672526,-1.508929476681318,-0.1834996905914864,4.0,10.0,4.0,-0.29999999999999716,0
69.5,69.5,0.5714285714285714,0.7549282620200578,0.12160918944672526,-1.508929476681318,-0.1834996905914864,4.0,10.0,4.0,-0.09999999999999432,0
69.5,69.5,0.5714285714285714,0.7549282620200578,0.12160918944672526,-1.508929476681318,-0.1834996905914864,4.0,10.0,4.0,0.29999999999999716,0
69.5,69.5,0.5714285714285714,0.7549282620200578,0.12160918944672526,-1.508929476681318,-0.1834996905914864,4.0,10.0,4.0,-0.20000000000000284,0
70.5,70.5,0.5714285714285714,0.7553229333703793,0.12246846313029773,-1.5015650334907635,-0.18389436194180786,4.0,10.0,4.0,-0.09999999999999432,0
70.5,70.5,0.5714285714285714,0.7553229333703793,0.12246846313029773,-1.5015650334907635,-0.18389436194180786,4.0,10.0,4.0,0.29999999999999716,0
70.5,70.5,0.5714285714285714,0.7553229333703793,0.12246846313029773,-1.5015650334907635,-0.18389436194180786,4.0,10.0,4.0,-0.20000000000000284,0
70.5,70.5,0.5714285714285714,0.7553229333703793,0.12246846313029773,-1.5015650334907635,-0.18389436194180786,4.0,10.0,4.0,0.0,0
71.5,71.5,0.6666666666666666,0.7576667344265642,0.11904512918703652,-0.7644165568246285,-0.09100006775989755,5.0,10.0,5.0,0.29999999999999716,0
71.5,71.5,0.6666666666666666,0.7576667344265642,0.11904512918703652,-0.7644165568246285,-0.09100006775989755,5.0,10.0,5.0,-0.20000000000000284,0
71.5,71.5,0.6666666666666666,0.7576667344265642,0.11904512918703652,-0.7644165568246285,-0.09100006775989755,5.0,10.0,5.0,0.0,0
71.5,71.5,0.6666666666666666,0.7576667344265642,0.11904512918703652,-0.7644165568246285,-0.09100006775989755,5.0,10.0,5.0,0.0,0
71.5,71.5,0.6666666666666666,0.7576667344265642,0.11904512918703652,-0.7644165568246285,-0.09100006775989755,5.0,10.0,5.0,-0.20000000000000284,0
72.5,72.5,0.7058823529411765,0.7611544156394002,0.12112929997455499,-0.45630630004329614,-0.05527206269822371,7.0,10.0,6.0,-0.20000000000000284,0
72.5,72.5,0.7058823529411765,0.7611544156394002,0.12112929997455499,-0.45630630004329614,-0.05527206269822371,7.0,10.0,6.0,0.0,0
72.5,72.5,0.7058823529411765,0.7611544156394002,0.12112929997455499,-0.45630630004329614,-0.05527206269822371,7.0,10.0,6.0,0.0,0
72.5,72.5,0.7058823529411765,0.7611544156394002,0.12112929997455499,-0.45630630004329614,-0.05527206269822371,7.0,10.0,6.0,-0.20000000000000284,0
72.5,72.5,0.7058823529411765,0.7611544156394002,0.12112929997455499,-0.45630630004329614,-0.05527206269822371,7.0,10.0,6.0,-0.10000000000000853,0
72.5,72.5,0.7058823529411765,0.7611544156394002,0.12112929997455499,-0.45630630004329614,-0.05527206269822371,7.0,10.0,6.0,-0.20000000000000284,0
73.5,73.5,0.8235294117647058,0.766433839028189,0.12229719664990478,0.4668592110084262,0.057095572736516886,7.0,10.0,7.0,0.0,0
73.5,73.5,0.8235294117647058,0.766433839028189,0.12229719664990478,0.4668592110084262,0.057095572736516886,7.0,10.0,7.0,0.0,0
73.5,73.5,0.8235294117647058,0.766433839028189,0.12229719664990478,0.4668592110084262,0.057095572736516886,7.0,10.0,7.0,-0.20000000000000284,0
73.5,73.5,0.8235294117647058,0.766433839028189,0.12229719664990478,0.4668592110084262,0.057095572736516886,7.0,10.0,7.0,-0.10000000000000853,0
73.5,73.5,0.8235294117647058,0.766433839028189,0.12229719664990478,0.4668592110084262,0.057095572736516886,7.0,10.0,7.0,-0.20000000000000284,0
73.5,73.5,0.8235294117647058,0.766433839028189,0.12229719664990478,0.4668592110084262,0.057095572736516886,7.0,10.0,7.0,-0.29999999999999716,0
73.5,73.5,0.8235294117647058,0.766433839028189,0.12229719664990478,0.4668592110084262,0.057095572736516886,7.0,10.0,7.0,-0.3999999999999915,0
74.5,74.5,0.8888888888888888,0.7670937733662966,0.12002560036224832,1.01474281449127,0.12179511552259226,8.0,10.0,8.0,0.0,0
74.5,74.5,0.8888888888888888,0.7670937733662966,0.12002560036224832,1.01474281449127,0.12179511552259226,8.0,10.0,8.0,0.0,0
74.5,74.5,0.8888888888888888,0.7670937733662966,0.12002560036224832,1.01474281449127,0.12179511552259226,8.0,10.0,8.0,-0.20000000000000284,0
74.5,74.5,0.8888888888888888,0.7670937733662966,0.12002560036224832,1.01474281449127,0.12179511552259226,8.0,10.0,8.0,-0.10000000000000853,0
74.5,74.5,0.8888888888888888,0.7670937733662966,0.12002560036224832,1.01474281449127,0.12179511552259226,8.0,10.0,8.0,-0.20000000000000284,0
74.5,74.5,0.8888888888888888,0.7670937733662966,0.12002560036224832,1.01474281449127,0.12179511552259226,8.0,10.0,8.0,-0.29999999999999716,0
74.5,74.5,0.8888888888888888,0.7670937733662966,0.12002560036224832,1.01474281449127,0.12179511552259226,8.0,10.0,8.0,-0.3999999999999915,0
74.5,74.5,0.8888888888888888,0.7670937733662966,0.12002560036224832,1.01474281449127,0.12179511552259226,8.0,10.0,8.0,0.0,0
75.5,75.5,0.9333333333333333,0.745962118600354,0.11958007181752714,1.5669100368069515,0.18737121473297935,7.0,8.0,7.0,0.0,0
75.5,75.5,0.9333333333333333,0.745962118600354,0.11958007181752714,1.5669100368069515,0.18737121473297935,7.0,8.0,7.0,-0.20000000000000284,0
75.5,75.5,0.9333333333333333,0.745962118600354,0.11958007181752714,1.5669100368069515,0.18737121473297935,7.0,8.0,7.0,-0.10000000000000853,0
75.5,75.5,0.9333333333333333,0.745962118600354,0.11958007181752714,1.5669100368069515,0.18737121473297935,7.0,8.0,7.0,-0.20000000000000284,0
75.5,75.5,0.9333333333333333,0.745962118600354,0.11958007181752714,1.5669100368069515,0.18737121473297935,7.0,8.0,7.0,-0.29999999999999716,0
75.5,75.5,0.9333333333333333,0.745962118600354,0.11958007181752714,1.5669100368069515,0.18737121473297935,7.0,8.0,7.0,-0.3999999999999915,0
75.5,75.5,0.9333333333333333,0.745962118600354,0.11958007181752714,1.5669100368069515,0.18737121473297935,7.0,8.0,7.0,0.0,0
76.5,76.5,0.9230769230769231,0.7512387651564122,0.11231764602956065,1.5299301934736524,0.17183815792051094,6.0,7.0,6.0,-0.10000000000000853,0
76.5,76.5,0.9230769230769231,0.7512387651564122,0.11231764602956065,1.5299301934736524,0.17183815792051094,6.0,7.0,6.0,-0.20000000000000284,0
76.5,76.5,0.9230769230769231,0.7512387651564122,0.11231764602956065,1.5299301934736524,0.17183815792051094,6.0,7.0,6.0,-0.29999999999999716,0
76.5,76.5,0.9230769230769231,0.7512387651564122,0.11231764602956065,1.5299301934736524,0.17183815792051094,6.0,7.0,6.0,-0.3999999999999915,0
76.5,76.5,0.9230769230769231,0.7512387651564122,0.11231764602956065,1.5299301934736524,0.17183815792051094,6.0,7.0,6.0,0.0,0
76.5,76.5,0.9230769230769231,0.7512387651564122,0.11231764602956065,1.5299301934736524,0.17183815792051094,6.0,7.0,6.0,0.09999999999999432,0
77.5,77.5,0.8333333333333334,0.8136918179859357,0.1056820807014518,0.18585473731241403,0.019641515347397664,5.0,7.0,5.0,-0.29999999999999716,0
77.5,77.5,0.8333333333333334,0.8136918179859357,0.1056820807014518,0.18585473731241403,0.019641515347397664,5.0,7.0,5.0,-0.3999999999999915,0
77.5,77.5,0.8333333333333334,0.8136918179859357,0.1056820807014518,0.18585473731241403,0.019641515347397664,5.0,7.0,5.0,0.0,0
77.5,77.5,0.8333333333333334,0.8136918179859357,0.1056820807014518,0.18585473731241403,0.019641515347397664,5.0,7.0,5.0,0.09999999999999432,0
77.5,77.5,0.8333333333333334,0.8136918179859357,0.1056820807014518,0.18585473731241403,0.019641515347397664,5.0,7.0,5.0,-0.20000000000000284,0
78.5,78.5,0.7272727272727273,0.8341949589626061,0.11339825060970499,-0.9428913683852549,-0.1069222316898788,4.0,7.0,4.0,0.0,0
78.5,78.5,0.7272727272727273,0.8341949589626061,0.11339825060970499,-0.9428913683852549,-0.1069222316898788,4.0,7.0,4.0,0.09999999999999432,0
78.5,78.5,0.7272727272727273,0.8341949589626061,0.11339825060970499,-0.9428913683852549,-0.1069222316898788,4.0,7.0,4.0,-0.20000000000000284,0
78.5,78.5,0.7272727272727273,0.8341949589626061,0.11339825060970499,-0.9428913683852549,-0.1069222316898788,4.0,7.0,4.0,0.09999999999999432,0
79.5,79.5,0.6,0.7889422582319642,0.12700422946426504,-1.4876847726171714,-0.1889422582319642,3.0,7.0,3.0,0.09999999999999432,0
79.5,79.5,0.6,0.7889422582319642,0.12700422946426504,-1.4876847726171714,-0.1889422582319642,3.0,7.0,3.0,-0.20000000000000284,0
79.5,79.5,0.6,0.7889422582319642,0.12700422946426504,-1.4876847726171714,-0.1889422582319642,3.0,7.0,3.0,0.09999999999999432,0
80.5,80.5,0.6153846153846154,0.8124298571655384,0.12352147251880652,-1.5952306733626596,-0.19704524178092298,4.0,9.0,4.0,0.09999999999999432,0
80.5,80.5,0.6153846153846154,0.8124298571655384,0.12352147251880652,-1.5952306733626596,-0.19704524178092298,4.0,9.0,4.0,-0.20000000000000284,0
80.5,80.5,0.6153846153846154,0.8124298571655384,0.12352147251880652,-1.5952306733626596,-0.19704524178092298,4.0,9.0,4.0,0.09999999999999432,0
80.5,80.5,0.6153846153846154,0.8124298571655384,0.12352147251880652,-1.5952306733626596,-0.19704524178092298,4.0,9.0,4.0,-0.10000000000000853,0
81.5,81.5,0.6153846153846154,0.7940578722447145,0.12403271811073224,-1.440533268815294,-0.17867325686009905,4.0,9.0,4.0,-0.20000000000000284,0
81.5,81.5,0.6153846153846154,0.7940578722447145,0.12403271811073224,-1.440533268815294,-0.17867325686009905,4.0,9.0,4.0,0.09999999999999432,0
81.5,81.5,0.6153846153846154,0.7940578722447145,0.12403271811073224,-1.440533268815294,-0.17867325686009905,4.0,9.0,4.0,-0.10000000000000853,0
81.5,81.5,0.6153846153846154,0.7940578722447145,0.12403271811073224,-1.440533268815294,-0.17867325686009905,4.0,9.0,4.0,-0.10000000000000853,0
82.5,82.5,0.6153846153846154,0.8063416971916972,0.12152891394337263,-1.5712892974264527,-0.19095708180708182,4.0,9.0,4.0,0.09999999999999432,0
82.5,82.5,0.6153846153846154,0.8063416971916972,0.12152891394337263,-1.5712892974264527,-0.19095708180708182,4.0,9.0,4.0,-0.10000000000000853,0
82.5,82.5,0.6153846153846154,0.8063416971916972,0.12152891394337263,-1.5712892974264527,-0.19095708180708182,4.0,9.0,4.0,-0.10000000000000853,0
82.5,82.5,0.6153846153846154,0.8063416971916972,0.12152891394337263,-1.5712892974264527,-0.19095708180708182,4.0,9.0,4.0,0.20000000000000284,0
83.5,83.5,0.5,0.8112343114573766,0.11936892305905442,-2.6073311501972936,-0.31123431145737657,3.0,9.0,3.0,-0.10000000000000853,0
83.5,83.5,0.5,0.8112343114573766,0.11936892305905442,-2.6073311501972936,-0.31123431145737657,3.0,9.0,3.0,-0.10000000000000853,0
83.5,83.5,0.5,0.8112343114573766,0.11936892305905442,-2.6073311501972936,-0.31123431145737657,3.0,9.0,3.0,0.20000000000000284,0
84.5,84.5,0.5,0.8116300381421124,0.11925223377894266,-2.6132008455269666,-0.31163003814211243,3.0,9.0,3.0,-0.10000000000000853,0
84.5,84.5,0.5,0.8116300381421124,0.11925223377894266,-2.6132008455269666,-0.31163003814211243,3.0,9.0,3.0,-0.10000000000000853,0
84.5,84.5,0.5,0.8116300381421124,0.11925223377894266,-2.6132008455269666,-0.31163003814211243,3.0,9.0,3.0,0.20000000000000284,0
85.5,85.5,0.6153846153846154,0.8123588720103426,0.12065784389729028,-1.632502705695629,-0.1969742566257272,4.0,9.0,4.0,-0.10000000000000853,0
85.5,85.5,0.6153846153846154,0.8123588720103426,0.12065784389729028,-1.632502705695629,-0.1969742566257272,4.0,9.0,4.0,0.20000000000000284,0
85.5,85.5,0.6153846153846154,0.8123588720103426,0.12065784389729028,-1.632502705695629,-0.1969742566257272,4.0,9.0,4.0,-0.10000000000000853,0
85.5,85.5,0.6153846153846154,0.8123588720103426,0.12065784389729028,-1.632502705695629,-0.1969742566257272,4.0,9.0,4.0,0.0,0
86.5,86.5,0.6153846153846154,0.7917875411568136,0.12079008137872285,-1.4604090315918234,-0.17640292577219818,4.0,9.0,4.0,0.20000000000000284,0
86.5,86.5,0.6153846153846154,0.7917875411568136,0.12079008137872285,-1.4604090315918234,-0.17640292577219818,4.0,9.0,4.0,-0.10000000000000853,0
86.5,86.5,0.6153846153846154,0.7917875411568136,0.12079008137872285,-1.4604090315918234,-0.17640292577219818,4.0,9.0,4.0,0.0,0
86.5,86.5,0.6153846153846154,0.7917875411568136,0.12079008137872285,-1.4604090315918234,-0.17640292577219818,4.0,9.0,4.0,0.0,0
87.5,87.5,0.7142857142857143,0.803920619705372,0.11742717770919206,-0.7633233393519698,-0.08963490541965768,5.0,9.0,5.0,-0.10000000000000853,0
87.5,87.5,0.7142857142857143,0.803920619705372,0.11742717770919206,-0.7633233393519698,-0.08963490541965768,5.0,9.0,5.0,0.0,0
87.5,87.5,0.7142857142857143,0.803920619705372,0.11742717770919206,-0.7633233393519698,-0.08963490541965768,5.0,9.0,5.0,0.0,0
87.5,87.5,0.7142857142857143,0.803920619705372,0.11742717770919206,-0.7633233393519698,-0.08963490541965768,5.0,9.0,5.0,0.20000000000000284,0
87.5,87.5,0.7142857142857143,0.803920619705372,0.11742717770919206,-0.7633233393519698,-0.08963490541965768,5.0,9.0,5.0,0.20000000000000284,0
88.5,88.5,0.875,0.8104065162907269,0.12174570229065546,0.5305606891573283,0.06459348370927309,7.0,9.0,7.0,-0.10000000000000853,0
88.5,88.5,0.875,0.8104065162907269,0.12174570229065546,0.5305606891573283,0.06459348370927309,7.0,9.0,7.0,0.0,0
88.5,88.5,0.875,0.8104065162907269,0.12174570229065546,0.5305606891573283,0.06459348370927309,7.0,9.0,7.0,0.0,0
88.5,88.5,0.875,0.8104065162907269,0.12174570229065546,0.5305606891573283,0.06459348370927309,7.0,9.0,7.0,0.20000000000000284,0
88.5,88.5,0.875,0.8104065162907269,0.12174570229065546,0.5305606891573283,0.06459348370927309,7.0,9.0,7.0,0.20000000000000284,0
88.5,88.5,0.875,0.8104065162907269,0.12174570229065546,0.5305606891573283,0.06459348370927309,7.0,9.0,7.0,0.09999999999999432,0
88.5,88.5,0.875,0.8104065162907269,0.12174570229065546,0.5305606891573283,0.06459348370927309,7.0,9.0,7.0,0.20000000000000284,0
89.5,89.5,0.9411764705882353,0.8213035332314744,0.11659320173021927,1.0281297329335757,0.11987293735676086,9.0,8.0,8.0,-0.10000000000000853,0
89.5,89.5,0.9411764705882353,0.8213035332314744,0.11659320173021927,1.0281297329335757,0.11987293735676086,9.0,8.0,8.0,0.0,0
89.5,89.5,0.9411764705882353,0.8213035332314744,0.11659320173021927,1.0281297329335757,0.11987293735676086,9.0,8.0,8.0,0.0,0
89.5,89.5,0.9411764705882353,0.8213035332314744,0.11659320173021927,1.0281297329335757,0.11987293735676086,9.0,8.0,8.0,0.20000000000000284,0
89.5,89.5,0.9411764705882353,0.8213035332314744,0.11659320173021927,1.0281297329335757,0.11987293735676086,9.0,8.0,8.0,0.20000000000000284,0
89.5,89.5,0.9411764705882353,0.8213035332314744,0.11659320173021927,1.0281297329335757,0.11987293735676086,9.0,8.0,8.0,0.09999999999999432,0
89.5,89.5,0.9411764705882353,0.8213035332314744,0.11659320173021927,1.0281297329335757,0.11987293735676086,9.0,8.0,8.0,0.20000000000000284,0
89.5,89.5,0.9411764705882353,0.8213035332314744,0.11659320173021927,1.0281297329335757,0.11987293735676086,9.0,8.0,8.0,-0.09999999999999432,0
90.5,90.5,0.9411764705882353,0.8501062344518228,0.11582866576396414,0.7862495482939915,0.09107023613641252,9.0,8.0,8.0,0.0,0
90.5,90.5,0.9411764705882353,0.8501062344518228,0.11582866576396414,0.7862495482939915,0.09107023613641252,9.0,8.0,8.0,0.20000000000000284,0
90.5,90.5,0.9411764705882353,0.8501062344518228,0.11582866576396414,0.7862495482939915,0.09107023613641252,9.0,8.0,8.0,0.20000000000000284,0
90.5,90.5,0.9411764705882353,0.8501062344518228,0.11582866576396414,0.7862495482939915,0.09107023613641252,9.0,8.0,8.0,0.09999999999999432,0
90.5,90.5,0.9411764705882353,0.8501062344518228,0.11582866576396414,0.7862495482939915,0.09107023613641252,9.0,8.0,8.0,0.20000000000000284,0
90.5,90.5,0.9411764705882353,0.8501062344518228,0.11582866576396414,0.7862495482939915,0.09107023613641252,9.0,8.0,8.0,-0.09999999999999432,0
90.5,90.5,0.9411764705882353,0.8501062344518228,0.11582866576396414,0.7862495482939915,0.09107023613641252,9.0,8.0,8.0,-0.19999999999998863,0
90.5,90.5,0.9411764705882353,0.8501062344518228,0.11582866576396414,0.7862495482939915,0.09107023613641252,9.0,8.0,8.0,-0.19999999999998863,0
91.5,91.5,1.0,0.8032063927730337,0.12003607856804602,1.639453817340492,0.19679360722696626,9.0,9.0,9.0,0.20000000000000284,0
91.5,91.5,1.0,0.8032063927730337,0.12003607856804602,1.639453817340492,0.19679360722696626,9.0,9.0,9.0,0.20000000000000284,0
91.5,91.5,1.0,0.8032063927730337,0.12003607856804602,1.639453817340492,0.19679360722696626,9.0,9.0,9.0,0.09999999999999432,0
91.5,91.5,1.0,0.8032063927730337,0.12003607856804602,1.639453817340492,0.19679360722696626,9.0,9.0,9.0,0.20000000000000284,0
91.5,91.5,1.0,0.8032063927730337,0.12003607856804602,1.639453817340492,0.19679360722696626,9.0,9.0,9.0,-0.09999999999999432,0
91.5,91.5,1.0,0.8032063927730337,0.12003607856804602,1.639453817340492,0.19679360722696626,9.0,9.0,9.0,-0.19999999999998863,0
91.5,91.5,1.0,0.8032063927730337,0.12003607856804602,1.639453817340492,0.19679360722696626,9.0,9.0,9.0,-0.19999999999998863,0
91.5,91.5,1.0,0.8032063927730337,0.12003607856804602,1.639453817340492,0.19679360722696626,9.0,9.0,9.0,-0.09999999999999432,0
91.5,91.5,1.0,0.8032063927730337,0.12003607856804602,1.639453817340492,0.19679360722696626,9.0,9.0,9.0,-0.10000000000000853,0
92.5,92.5,1.0,0.8030000312810684,0.12246738913330507,1.6085912348837468,0.19699996871893155,9.0,9.0,9.0,0.09999999999999432,0
92.5,92.5,1.0,0.8030000312810684,0.12246738913330507,1.6085912348837468,0.19699996871893155,9.0,9.0,9.0,0.20000000000000284,0
92.5,92.5,1.0,0.8030000312810684,0.12246738913330507,1.6085912348837468,0.19699996871893155,9.0,9.0,9.0,-0.09999999999999432,0
92.5,92.5,1.0,0.8030000312810684,0.12246738913330507,1.6085912348837468,0.19699996871893155,9.0,9.0,9.0,-0.19999999999998863,0
92.5,92.5,1.0,0.8030000312810684,0.12246738913330507,1.6085912348837468,0.19699996871893155,9.0,9.0,9.0,-0.19999999999998863,0
92.5,92.5,1.0,0.8030000312810684,0.12246738913330507,1.6085912348837468,0.19699996871893155,9.0,9.0,9.0,-0.09999999999999432,0
92.5,92.5,1.0,0.8030000312810684,0.12246738913330507,1.6085912348837468,0.19699996871893155,9.0,9.0,9.0,-0.10000000000000853,0
92.5,92.5,1.0,0.8030000312810684,0.12246738913330507,1.6085912348837468,0.19699996871893155,9.0,9.0,9.0,0.0,0
92.5,92.5,1.0,0.8030000312810684,0.12246738913330507,1.6085912348837468,0.19699996871893155,9.0,9.0,9.0,-0.09999999999999432,0
93.5,93.5,1.0,0.8070037337877121,0.12132677529227673,1.5907145454691192,0.19299626621228794,9.0,9.0,9.0,-0.09999999999999432,0
93.5,93.5,1.0,0.8070037337877121,0.12132677529227673,1.5907145454691192,0.19299626621228794,9.0,9.0,9.0,-0.19999999999998863,0
93.5,93.5,1.0,0.8070037337877121,0.12132677529227673,1.5907145454691192,0.19299626621228794,9.0,9.0,9.0,-0.19999999999998863,0
93.5,93.5,1.0,0.8070037337877121,0.12132677529227673,1.5907145454691192,0.19299626621228794,9.0,9.0,9.0,-0.09999999999999432,0
93.5,93.5,1.0,0.8070037337877121,0.12132677529227673,1.5907145454691192,0.19299626621228794,9.0,9.0,9.0,-0.10000000000000853,0
93.5,93.5,1.0,0.8070037337877121,0.12132677529227673,1.5907145454691192,0.19299626621228794,9.0,9.0,9.0,0.0,0
93.5,93.5,1.0,0.8070037337877121,0.12132677529227673,1.5907145454691192,0.19299626621228794,9.0,9.0,9.0,-0.09999999999999432,0
93.5,93.5,1.0,0.8070037337877121,0.12132677529227673,1.5907145454691192,0.19299626621228794,9.0,9.0,9.0,0.0,0
93.5,93.5,1.0,0.8070037337877121,0.12132677529227673,1.5907145454691192,0.19299626621228794,9.0,9.0,9.0,0.0,0
94.5,94.5,0.8888888888888888,0.7619584654509577,0.12257143505995373,1.035562840361992,0.12693042343793115,8.0,10.0,8.0,-0.19999999999998863,0
94.5,94.5,0.8888888888888888,0.7619584654509577,0.12257143505995373,1.035562840361992,0.12693042343793115,8.0,10.0,8.0,-0.09999999999999432,0
94.5,94.5,0.8888888888888888,0.7619584654509577,0.12257143505995373,1.035562840361992,0.12693042343793115,8.0,10.0,8.0,-0.10000000000000853,0
94.5,94.5,0.8888888888888888,0.7619584654509577,0.12257143505995373,1.035562840361992,0.12693042343793115,8.0,10.0,8.0,0.0,0
94.5,94.5,0.8888888888888888,0.7619584654509577,0.12257143505995373,1.035562840361992,0.12693042343793115,8.0,10.0,8.0,-0.09999999999999432,0
94.5,94.5,0.8888888888888888,0.7619584654509577,0.12257143505995373,1.035562840361992,0.12693042343793115,8.0,10.0,8.0,0.0,0
94.5,94.5,0.8888888888888888,0.7619584654509577,0.12257143505995373,1.035562840361992,0.12693042343793115,8.0,10.0,8.0,0.0,0
94.5,94.5,0.8888888888888888,0.7619584654509577,0.12257143505995373,1.035562840361992,0.12693042343793115,8.0,10.0,8.0,0.20000000000000284,0
95.5,95.5,0.8888888888888888,0.7725205267127094,0.11647348480257098,0.9990974544415,0.11636836217617941,9.0,9.0,8.0,-0.09999999999999432,0
95.5,95.5,0.8888888888888888,0.7725205267127094,0.11647348480257098,0.9990974544415,0.11636836217617941,9.0,9.0,8.0,-0.10000000000000853,0
95.5,95.5,0.8888888888888888,0.7725205267127094,0.11647348480257098,0.9990974544415,0.11636836217617941,9.0,9.0,8.0,0.0,0
95.5,95.5,0.8888888888888888,0.7725205267127094,0.11647348480257098,0.9990974544415,0.11636836217617941,9.0,9.0,8.0,-0.09999999999999432,0
95.5,95.5,0.8888888888888888,0.7725205267127094,0.11647348480257098,0.9990974544415,0.11636836217617941,9.0,9.0,8.0,0.0,0
95.5,95.5,0.8888888888888888,0.7725205267127094,0.11647348480257098,0.9990974544415,0.11636836217617941,9.0,9.0,8.0,0.0,0
95.5,95.5,0.8888888888888888,0.7725205267127094,0.11647348480257098,0.9990974544415,0.11636836217617941,9.0,9.0,8.0,0.20000000000000284,0
95.5,95.5,0.8888888888888888,0.7725205267127094,0.11647348480257098,0.9990974544415,0.11636836217617941,9.0,9.0,8.0,0.0,0
96.5,96.5,0.9411764705882353,0.8025718526141901,0.113801028646215,1.2179557568406494,0.13860461797404522,8.0,9.0,8.0,0.0,0
96.5,96.5,0.9411764705882353,0.8025718526141901,0.113801028646215,1.2179557568406494,0.13860461797404522,8.0,9.0,8.0,-0.09999999999999432,0
96.5,96.5,0.9411764705882353,0.8025718526141901,0.113801028646215,1.2179557568406494,0.13860461797404522,8.0,9.0,8.0,0.0,0
96.5,96.5,0.9411764705882353,0.8025718526141901,0.113801028646215,1.2179557568406494,0.13860461797404522,8.0,9.0,8.0,0.0,0
96.5,96.5,0.9411764705882353,0.8025718526141901,0.113801028646215,1.2179557568406494,0.13860461797404522,8.0,9.0,8.0,0.20000000000000284,0
96.5,96.5,0.9411764705882353,0.8025718526141901,0.113801028646215,1.2179557568406494,0.13860461797404522,8.0,9.0,8.0,0.0,0
96.5,96.5,0.9411764705882353,0.8025718526141901,0.113801028646215,1.2179557568406494,0.13860461797404522,8.0,9.0,8.0,-0.29999999999999716,0
96.5,96.5,0.9411764705882353,0.8025718526141901,0.113801028646215,1.2179557568406494,0.13860461797404522,8.0,9.0,8.0,-0.4000000000000057,0
97.5,97.5,0.875,0.8139475230308048,0.1158551956455494,0.5269722831937628,0.061052476969195246,7.0,9.0,7.0,0.0,0
97.5,97.5,0.875,0.8139475230308048,0.1158551956455494,0.5269722831937628,0.061052476969195246,7.0,9.0,7.0,0.0,0
97.5,97.5,0.875,0.8139475230308048,0.1158551956455494,0.5269722831937628,0.061052476969195246,7.0,9.0,7.0,0.20000000000000284,0
97.5,97.5,0.875,0.8139475230308048,0.1158551956455494,0.5269722831937628,0.061052476969195246,7.0,9.0,7.0,0.0,0
97.5,97.5,0.875,0.8139475230308048,0.1158551956455494,0.5269722831937628,0.061052476969195246,7.0,9.0,7.0,-0.29999999999999716,0
97.5,97.5,0.875,0.8139475230308048,0.1158551956455494,0.5269722831937628,0.061052476969195246,7.0,9.0,7.0,-0.4000000000000057,0
97.5,97.5,0.875,0.8139475230308048,0.1158551956455494,0.5269722831937628,0.061052476969195246,7.0,9.0,7.0,0.0,0
98.5,98.5,0.8,0.8094939059564447,0.11964062385119888,-0.07935353102348003,-0.009493905956444615,6.0,9.0,6.0,0.20000000000000284,0
98.5,98.5,0.8,0.8094939059564447,0.11964062385119888,-0.07935353102348003,-0.009493905956444615,6.0,9.0,6.0,0.0,0
98.5,98.5,0.8,0.8094939059564447,0.11964062385119888,-0.07935353102348003,-0.009493905956444615,6.0,9.0,6.0,-0.29999999999999716,0
98.5,98.5,0.8,0.8094939059564447,0.11964062385119888,-0.07935353102348003,-0.009493905956444615,6.0,9.0,6.0,-0.4000000000000057,0
98.5,98.5,0.8,0.8094939059564447,0.11964062385119888,-0.07935353102348003,-0.009493905956444615,6.0,9.0,6.0,0.0,0
98.5,98.5,0.8,0.8094939059564447,0.11964062385119888,-0.07935353102348003,-0.009493905956444615,6.0,9.0,6.0,0.0,0
99.5,99.5,0.7142857142857143,0.8045187166634534,0.1218039465090527,-0.7408052445249205,-0.09023300237773912,5.0,9.0,5.0,0.0,0
99.5,99.5,0.7142857142857143,0.8045187166634534,0.1218039465090527,-0.7408052445249205,-0.09023300237773912,5.0,9.0,5.0,-0.29999999999999716,0
99.5,99.5,0.7142857142857143,0.8045187166634534,0.1218039465090527,-0.7408052445249205,-0.09023300237773912,5.0,9.0,5.0,-0.4000000000000057,0
99.5,99.5,0.7142857142857143,0.8045187166634534,0.1218039465090527,-0.7408052445249205,-0.09023300237773912,5.0,9.0,5.0,0.0,0
99.5,99.5,0.7142857142857143,0.8045187166634534,0.1218039465090527,-0.7408052445249205,-0.09023300237773912,5.0,9.0,5.0,0.0,0
100.5,100.5,0.75,0.7618680590994834,0.11744602398192473,-0.10105117821025542,-0.011868059099483408,6.0,10.0,6.0,-0.29999999999999716,0
100.5,100.5,0.75,0.7618680590994834,0.11744602398192473,-0.10105117821025542,-0.011868059099483408,6.0,10.0,6.0,-0.4000000000000057,0
100.5,100.5,0.75,0.7618680590994834,0.11744602398192473,-0.10105117821025542,-0.011868059099483408,6.0,10.0,6.0,0.0,0
100.5,100.5,0.75,0.7618680590994834,0.11744602398192473,-0.10105117821025542,-0.011868059099483408,6.0,10.0,6.0,0.0,0
100.5,100.5,0.75,0.7618680590994834,0.11744602398192473,-0.10105117821025542,-0.011868059099483408,6.0,10.0,6.0,0.10000000000000853,0
100.5,100.5,0.75,0.7618680590994834,0.11744602398192473,-0.10105117821025542,-0.011868059099483408,6.0,10.0,6.0,0.0,0
101.5,101.5,0.6666666666666666,0.7314309372601943,0.10921181683450348,-0.5930152292189186,-0.06476427059352763,5.0,10.0,5.0,0.0,0
101.5,101.5,0.6666666666666666,0.7314309372601943,0.10921181683450348,-0.5930152292189186,-0.06476427059352763,5.0,10.0,5.0,0.0,0
101.5,101.5,0.6666666666666666,0.7314309372601943,0.10921181683450348,-0.5930152292189186,-0.06476427059352763,5.0,10.0,5.0,0.10000000000000853,0
101.5,101.5,0.6666666666666666,0.7314309372601943,0.10921181683450348,-0.5930152292189186,-0.06476427059352763,5.0,10.0,5.0,0.0,0
101.5,101.5,0.6666666666666666,0.7314309372601943,0.10921181683450348,-0.5930152292189186,-0.06476427059352763,5.0,10.0,5.0,0.0,0
102.5,102.5,0.8,0.7951632547620937,0.11481938798050756,0.04212481291685209,0.004836745237906337,6.0,9.0,6.0,0.0,0
102.5,102.5,0.8,0.7951632547620937,0.11481938798050756,0.04212481291685209,0.004836745237906337,6.0,9.0,6.0,0.10000000000000853,0
102.5,102.5,0.8,0.7951632547620937,0.11481938798050756,0.04212481291685209,0.004836745237906337,6.0,9.0,6.0,0.0,0
102.5,102.5,0.8,0.7951632547620937,0.11481938798050756,0.04212481291685209,0.004836745237906337,6.0,9.0,6.0,0.0,0
102.5,102.5,0.8,0.7951632547620937,0.11481938798050756,0.04212481291685209,0.004836745237906337,6.0,9.0,6.0,0.0,0
102.5,102.5,0.8,0.7951632547620937,0.11481938798050756,0.04212481291685209,0.004836745237906337,6.0,9.0,6.0,-0.10000000000000853,0
103.5,103.5,0.8,0.8066081234125352,0.11223478947118444,-0.058877674593328586,-0.0066081234125351385,7.0,8.0,6.0,0.10000000000000853,0
103.5,103.5,0.8,0.8066081234125352,0.11223478947118444,-0.058877674593328586,-0.0066081234125351385,7.0,8.0,6.0,0.0,0
103.5,103.5,0.8,0.8066081234125352,0.11223478947118444,-0.058877674593328586,-0.0066081234125351385,7.0,8.0,6.0,0.0,0
103.5,103.5,0.8,0.8066081234125352,0.11223478947118444,-0.058877674593328586,-0.0066081234125351385,7.0,8.0,6.0,0.0,0
103.5,103.5,0.8,0.8066081234125352,0.11223478947118444,-0.058877674593328586,-0.0066081234125351385,7.0,8.0,6.0,-0.10000000000000853,0
103.5,103.5,0.8,0.8066081234125352,0.11223478947118444,-0.058877674593328586,-0.0066081234125351385,7.0,8.0,6.0,-0.30000000000001137,0
104.5,104.5,1.0,0.8407757724301843,0.11585226788034553,1.3743729879700375,0.1592242275698157,8.0,8.0,8.0,0.10000000000000853,0
104.5,104.5,1.0,0.8407757724301843,0.11585226788034553,1.3743729879700375,0.1592242275698157,8.0,8.0,8.0,0.0,0
104.5,104.5,1.0,0.8407757724301843,0.11585226788034553,1.3743729879700375,0.1592242275698157,8.0,8.0,8.0,0.0,0
104.5,104.5,1.0,0.8407757724301843,0.11585226788034553,1.3743729879700375,0.1592242275698157,8.0,8.0,8.0,0.0,0
104.5,104.5,1.0,0.8407757724301843,0.11585226788034553,1.3743729879700375,0.1592242275698157,8.0,8.0,8.0,-0.10000000000000853,0
104.5,104.5,1.0,0.8407757724301843,0.11585226788034553,1.3743729879700375,0.1592242275698157,8.0,8.0,8.0,-0.30000000000001137,0
104.5,104.5,1.0,0.8407757724301843,0.11585226788034553,1.3743729879700375,0.1592242275698157,8.0,8.0,8.0,-0.3999999999999915,0
104.5,104.5,1.0,0.8407757724301843,0.11585226788034553,1.3743729879700375,0.1592242275698157,8.0,8.0,8.0,0.0,0
105.5,105.5,0.8888888888888888,0.7935091392267863,0.11364109950527981,0.8393068183722661,0.0953797496621025,10.0,8.0,8.0,0.0,0
105.5,105.5,0.8888888888888888,0.7935091392267863,0.11364109950527981,0.8393068183722661,0.0953797496621025,10.0,8.0,8.0,0.0,0
105.5,105.5,0.8888888888888888,0.7935091392267863,0.11364109950527981,0.8393068183722661,0.0953797496621025,10.0,8.0,8.0,0.0,0
105.5,105.5,0.8888888888888888,0.7935091392267863,0.11364109950527981,0.8393068183722661,0.0953797496621025,10.0,8.0,8.0,-0.10000000000000853,0
105.5,105.5,0.8888888888888888,0.7935091392267863,0.11364109950527981,0.8393068183722661,0.0953797496621025,10.0,8.0,8.0,-0.30000000000001137,0
105.5,105.5,0.8888888888888888,0.7935091392267863,0.11364109950527981,0.8393068183722661,0.0953797496621025,10.0,8.0,8.0,-0.3999999999999915,0
105.5,105.5,0.8888888888888888,0.7935091392267863,0.11364109950527981,0.8393068183722661,0.0953797496621025,10.0,8.0,8.0,0.0,0
105.5,105.5,0.8888888888888888,0.7935091392267863,0.11364109950527981,0.8393068183722661,0.0953797496621025,10.0,8.0,8.0,-0.20000000000000284,0
106.5,106.5,0.8235294117647058,0.7945672322775265,0.11073315868266484,0.26154929410239414,0.028962179487179385,10.0,7.0,7.0,0.0,0
106.5,106.5,0.8235294117647058,0.7945672322775265,0.11073315868266484,0.26154929410239414,0.028962179487179385,10.0,7.0,7.0,-0.10000000000000853,0
106.5,106.5,0.8235294117647058,0.7945672322775265,0.11073315868266484,0.26154929410239414,0.028962179487179385,10.0,7.0,7.0,-0.30000000000001137,0
106.5,106.5,0.8235294117647058,0.7945672322775265,0.11073315868266484,0.26154929410239414,0.028962179487179385,10.0,7.0,7.0,-0.3999999999999915,0
106.5,106.5,0.8235294117647058,0.7945672322775265,0.11073315868266484,0.26154929410239414,0.028962179487179385,10.0,7.0,7.0,0.0,0
106.5,106.5,0.8235294117647058,0.7945672322775265,0.11073315868266484,0.26154929410239414,0.028962179487179385,10.0,7.0,7.0,-0.20000000000000284,0
106.5,106.5,0.8235294117647058,0.7945672322775265,0.11073315868266484,0.26154929410239414,0.028962179487179385,10.0,7.0,7.0,-0.5999999999999943,0
107.5,107.5,0.875,0.8586899477973009,0.10005865780266676,0.16300490693034664,0.0163100522026991,9.0,7.0,7.0,-0.30000000000001137,0
107.5,107.5,0.875,0.8586899477973009,0.10005865780266676,0.16300490693034664,0.0163100522026991,9.0,7.0,7.0,-0.3999999999999915,0
107.5,107.5,0.875,0.8586899477973009,0.10005865780266676,0.16300490693034664,0.0163100522026991,9.0,7.0,7.0,0.0,0
107.5,107.5,0.875,0.8586899477973009,0.10005865780266676,0.16300490693034664,0.0163100522026991,9.0,7.0,7.0,-0.20000000000000284,0
107.5,107.5,0.875,0.8586899477973009,0.10005865780266676,0.16300490693034664,0.0163100522026991,9.0,7.0,7.0,-0.5999999999999943,0
107.5,107.5,0.875,0.8586899477973009,0.10005865780266676,0.16300490693034664,0.0163100522026991,9.0,7.0,7.0,-0.7000000000000028,0
107.5,107.5,0.875,0.8586899477973009,0.10005865780266676,0.16300490693034664,0.0163100522026991,9.0,7.0,7.0,-0.9000000000000057,0
108.5,108.5,0.7142857142857143,0.8271429736929737,0.09586508612240746,-1.1772509051225921,-0.11285725940725944,7.0,7.0,5.0,0.0,0
108.5,108.5,0.7142857142857143,0.8271429736929737,0.09586508612240746,-1.1772509051225921,-0.11285725940725944,7.0,7.0,5.0,-0.20000000000000284,0
108.5,108.5,0.7142857142857143,0.8271429736929737,0.09586508612240746,-1.1772509051225921,-0.11285725940725944,7.0,7.0,5.0,-0.5999999999999943,0
108.5,108.5,0.7142857142857143,0.8271429736929737,0.09586508612240746,-1.1772509051225921,-0.11285725940725944,7.0,7.0,5.0,-0.7000000000000028,0
108.5,108.5,0.7142857142857143,0.8271429736929737,0.09586508612240746,-1.1772509051225921,-0.11285725940725944,7.0,7.0,5.0,-0.9000000000000057,0
109.5,109.5,0.8571428571428571,0.8487818847818849,0.09388626368432819,0.08905426665059481,0.008360972360972219,8.0,6.0,6.0,-0.20000000000000284,0
109.5,109.5,0.8571428571428571,0.8487818847818849,0.09388626368432819,0.08905426665059481,0.008360972360972219,8.0,6.0,6.0,-0.5999999999999943,0
109.5,109.5,0.8571428571428571,0.8487818847818849,0.09388626368432819,0.08905426665059481,0.008360972360972219,8.0,6.0,6.0,-0.7000000000000028,0
109.5,109.5,0.8571428571428571,0.8487818847818849,0.09388626368432819,0.08905426665059481,0.008360972360972219,8.0,6.0,6.0,-0.9000000000000057,0
109.5,109.5,0.8571428571428571,0.8487818847818849,0.09388626368432819,0.08905426665059481,0.008360972360972219,8.0,6.0,6.0,0.3999999999999915,0
109.5,109.5,0.8571428571428571,0.8487818847818849,0.09388626368432819,0.08905426665059481,0.008360972360972219,8.0,6.0,6.0,-0.20000000000000284,0
110.5,110.5,0.8333333333333334,0.8467958929958931,0.09327982938708604,-0.14432444560649588,-0.013462559662559714,6.0,6.0,5.0,-0.09999999999999432,0
110.5,110.5,0.8333333333333334,0.8467958929958931,0.09327982938708604,-0.14432444560649588,-0.013462559662559714,6.0,6.0,5.0,-0.7000000000000028,0
110.5,110.5,0.8333333333333334,0.8467958929958931,0.09327982938708604,-0.14432444560649588,-0.013462559662559714,6.0,6.0,5.0,-0.9000000000000057,0
110.5,110.5,0.8333333333333334,0.8467958929958931,0.09327982938708604,-0.14432444560649588,-0.013462559662559714,6.0,6.0,5.0,0.3999999999999915,0
110.5,110.5,0.8333333333333334,0.8467958929958931,0.09327982938708604,-0.14432444560649588,-0.013462559662559714,6.0,6.0,5.0,-0.20000000000000284,0
111.5,111.5,0.8333333333333334,0.8584791125541126,0.09928164953913579,-0.2532772102146329,-0.025145779220779207,5.0,7.0,5.0,-0.29999999999999716,0
111.5,111.5,0.8333333333333334,0.8584791125541126,0.09928164953913579,-0.2532772102146329,-0.025145779220779207,5.0,7.0,5.0,-0.4000000000000057,0
111.5,111.5,0.8333333333333334,0.8584791125541126,0.09928164953913579,-0.2532772102146329,-0.025145779220779207,5.0,7.0,5.0,0.3999999999999915,0
111.5,111.5,0.8333333333333334,0.8584791125541126,0.09928164953913579,-0.2532772102146329,-0.025145779220779207,5.0,7.0,5.0,-0.20000000000000284,0
111.5,111.5,0.8333333333333334,0.8584791125541126,0.09928164953913579,-0.2532772102146329,-0.025145779220779207,5.0,7.0,5.0,0.4000000000000057,0
112.5,112.5,0.6666666666666666,0.8189800438123969,0.120452329928606,-1.264511672260792,-0.15231337714573023,4.0,8.0,4.0,0.3999999999999915,0
112.5,112.5,0.6666666666666666,0.8189800438123969,0.120452329928606,-1.264511672260792,-0.15231337714573023,4.0,8.0,4.0,-0.20000000000000284,0
112.5,112.5,0.6666666666666666,0.8189800438123969,0.120452329928606,-1.264511672260792,-0.15231337714573023,4.0,8.0,4.0,-0.09999999999999432,0
112.5,112.5,0.6666666666666666,0.8189800438123969,0.120452329928606,-1.264511672260792,-0.15231337714573023,4.0,8.0,4.0,0.20000000000000284,0
113.5,113.5,0.7142857142857143,0.8417509980215864,0.12059757547708556,-1.056947316159697,-0.12746528373587207,6.0,8.0,5.0,-0.9000000000000057,0
113.5,113.5,0.7142857142857143,0.8417509980215864,0.12059757547708556,-1.056947316159697,-0.12746528373587207,6.0,8.0,5.0,-0.7999999999999972,0
113.5,113.5,0.7142857142857143,0.8417509980215864,0.12059757547708556,-1.056947316159697,-0.12746528373587207,6.0,8.0,5.0,-0.09999999999999432,0
113.5,113.5,0.7142857142857143,0.8417509980215864,0.12059757547708556,-1.056947316159697,-0.12746528373587207,6.0,8.0,5.0,0.20000000000000284,0
113.5,113.5,0.7142857142857143,0.8417509980215864,0.12059757547708556,-1.056947316159697,-0.12746528373587207,6.0,8.0,5.0,-0.29999999999999716,0
114.5,114.5,0.625,0.7563844691857851,0.12244761649084207,-1.0729851094783163,-0.13138446918578506,6.0,10.0,5.0,-0.09999999999999432,0
114.5,114.5,0.625,0.7563844691857851,0.12244761649084207,-1.0729851094783163,-0.13138446918578506,6.0,10.0,5.0,0.20000000000000284,0
114.5,114.5,0.625,0.7563844691857851,0.12244761649084207,-1.0729851094783163,-0.13138446918578506,6.0,10.0,5.0,-0.29999999999999716,0
114.5,114.5,0.625,0.7563844691857851,0.12244761649084207,-1.0729851094783163,-0.13138446918578506,6.0,10.0,5.0,-0.19999999999998863,0
114.5,114.5,0.625,0.7563844691857851,0.12244761649084207,-1.0729851094783163,-0.13138446918578506,6.0,10.0,5.0,-0.5999999999999943,0
115.5,115.5,0.7058823529411765,0.7812577976804758,0.11286494153978074,-0.6678375384860512,-0.07537544473929925,8.0,9.0,6.0,-0.09999999999999432,0
115.5,115.5,0.7058823529411765,0.7812577976804758,0.11286494153978074,-0.6678375384860512,-0.07537544473929925,8.0,9.0,6.0,0.20000000000000284,0
115.5,115.5,0.7058823529411765,0.7812577976804758,0.11286494153978074,-0.6678375384860512,-0.07537544473929925,8.0,9.0,6.0,-0.29999999999999716,0
115.5,115.5,0.7058823529411765,0.7812577976804758,0.11286494153978074,-0.6678375384860512,-0.07537544473929925,8.0,9.0,6.0,-0.19999999999998863,0
115.5,115.5,0.7058823529411765,0.7812577976804758,0.11286494153978074,-0.6678375384860512,-0.07537544473929925,8.0,9.0,6.0,-0.5999999999999943,0
115.5,115.5,0.7058823529411765,0.7812577976804758,0.11286494153978074,-0.6678375384860512,-0.07537544473929925,8.0,9.0,6.0,-0.7999999999999972,0
116.5,116.5,0.8421052631578947,0.7949164316333822,0.1181606168832047,0.3993617566431297,0.047188831524512476,10.0,9.0,8.0,-0.09999999999999432,0
116.5,116.5,0.8421052631578947,0.7949164316333822,0.1181606168832047,0.3993617566431297,0.047188831524512476,10.0,9.0,8.0,0.20000000000000284,0
116.5,116.5,0.8421052631578947,0.7949164316333822,0.1181606168832047,0.3993617566431297,0.047188831524512476,10.0,9.0,8.0,-0.29999999999999716,0
116.5,116.5,0.8421052631578947,0.7949164316333822,0.1181606168832047,0.3993617566431297,0.047188831524512476,10.0,9.0,8.0,-0.19999999999998863,0
116.5,116.5,0.8421052631578947,0.7949164316333822,0.1181606168832047,0.3993617566431297,0.047188831524512476,10.0,9.0,8.0,-0.5999999999999943,0
116.5,116.5,0.8421052631578947,0.7949164316333822,0.1181606168832047,0.3993617566431297,0.047188831524512476,10.0,9.0,8.0,-0.7999999999999972,0
116.5,116.5,0.8421052631578947,0.7949164316333822,0.1181606168832047,0.3993617566431297,0.047188831524512476,10.0,9.0,8.0,-0.7000000000000028,0
116.5,116.5,0.8421052631578947,0.7949164316333822,0.1181606168832047,0.3993617566431297,0.047188831524512476,10.0,9.0,8.0,-0.7999999999999972,0
117.5,117.5,0.8888888888888888,0.8026211058377467,0.12138999498776229,0.7106663367095374,0.08626778305114213,9.0,9.0,8.0,-0.29999999999999716,0
117.5,117.5,0.8888888888888888,0.8026211058377467,0.12138999498776229,0.7106663367095374,0.08626778305114213,9.0,9.0,8.0,-0.19999999999998863,0
117.5,117.5,0.8888888888888888,0.8026211058377467,0.12138999498776229,0.7106663367095374,0.08626778305114213,9.0,9.0,8.0,-0.5999999999999943,0
117.5,117.5,0.8888888888888888,0.8026211058377467,0.12138999498776229,0.7106663367095374,0.08626778305114213,9.0,9.0,8.0,-0.7999999999999972,0
117.5,117.5,0.8888888888888888,0.8026211058377467,0.12138999498776229,0.7106663367095374,0.08626778305114213,9.0,9.0,8.0,-0.7000000000000028,0
117.5,117.5,0.8888888888888888,0.8026211058377467,0.12138999498776229,0.7106663367095374,0.08626778305114213,9.0,9.0,8.0,-0.7999999999999972,0
117.5,117.5,0.8888888888888888,0.8026211058377467,0.12138999498776229,0.7106663367095374,0.08626778305114213,9.0,9.0,8.0,-0.7999999999999972,0
117.5,117.5,0.8888888888888888,0.8026211058377467,0.12138999498776229,0.7106663367095374,0.08626778305114213,9.0,9.0,8.0,-1.0,0
118.5,118.5,1.0,0.8104079860284195,0.12076762705026932,1.569891026281929,0.18959201397158054,9.0,9.0,9.0,0.30000000000001137,0
118.5,118.5,1.0,0.8104079860284195,0.12076762705026932,1.569891026281929,0.18959201397158054,9.0,9.0,9.0,-0.09999999999999432,0
118.5,118.5,1.0,0.8104079860284195,0.12076762705026932,1.569891026281929,0.18959201397158054,9.0,9.0,9.0,-0.20000000000000284,0
118.5,118.5,1.0,0.8104079860284195,0.12076762705026932,1.569891026281929,0.18959201397158054,9.0,9.0,9.0,-0.29999999999999716,0
118.5,118.5,1.0,0.8104079860284195,0.12076762705026932,1.569891026281929,0.18959201397158054,9.0,9.0,9.0,-0.29999999999999716,0
118.5,118.5,1.0,0.8104079860284195,0.12076762705026932,1.569891026281929,0.18959201397158054,9.0,9.0,9.0,-0.4000000000000057,0
118.5,118.5,1.0,0.8104079860284195,0.12076762705026932,1.569891026281929,0.18959201397158054,9.0,9.0,9.0,-0.29999999999999716,0
118.5,118.5,1.0,0.8104079860284195,0.12076762705026932,1.569891026281929,0.18959201397158054,9.0,9.0,9.0,-0.20000000000000284,0
118.5,118.5,1.0,0.8104079860284195,0.12076762705026932,1.569891026281929,0.18959201397158054,9.0,9.0,9.0,-0.20000000000000284,0
119.5,119.5,0.9473684210526315,0.768670946408253,0.11948887749691987,1.4955155524746222,0.17869747464437857,9.0,10.0,9.0,-0.20000000000000284,0
119.5,119.5,0.9473684210526315,0.768670946408253,0.11948887749691987,1.4955155524746222,0.17869747464437857,9.0,10.0,9.0,-0.29999999999999716,0
119.5,119.5,0.9473684210526315,0.768670946408253,0.11948887749691987,1.4955155524746222,0.17869747464437857,9.0,10.0,9.0,-0.29999999999999716,0
119.5,119.5,0.9473684210526315,0.768670946408253,0.11948887749691987,1.4955155524746222,0.17869747464437857,9.0,10.0,9.0,-0.4000000000000057,0
119.5,119.5,0.9473684210526315,0.768670946408253,0.11948887749691987,1.4955155524746222,0.17869747464437857,9.0,10.0,9.0,-0.29999999999999716,0
119.5,119.5,0.9473684210526315,0.768670946408253,0.11948887749691987,1.4955155524746222,0.17869747464437857,9.0,10.0,9.0,-0.20000000000000284,0
119.5,119.5,0.9473684210526315,0.768670946408253,0.11948887749691987,1.4955155524746222,0.17869747464437857,9.0,10.0,9.0,-0.20000000000000284,0
119.5,119.5,0.9473684210526315,0.768670946408253,0.11948887749691987,1.4955155524746222,0.17869747464437857,9.0,10.0,9.0,-0.20000000000000284,0
119.5,119.5,0.9473684210526315,0.768670946408253,0.11948887749691987,1.4955155524746222,0.17869747464437857,9.0,10.0,9.0,-0.09999999999999432,0
120.5,120.5,0.9411764705882353,0.7922375872751259,0.11639509041185948,1.2795976427020668,0.14893888331310934,8.0,9.0,8.0,0.20000000000000284,0
120.5,120.5,0.9411764705882353,0.7922375872751259,0.11639509041185948,1.2795976427020668,0.14893888331310934,8.0,9.0,8.0,0.09999999999999432,0
120.5,120.5,0.9411764705882353,0.7922375872751259,0.11639509041185948,1.2795976427020668,0.14893888331310934,8.0,9.0,8.0,-0.29999999999999716,0
120.5,120.5,0.9411764705882353,0.7922375872751259,0.11639509041185948,1.2795976427020668,0.14893888331310934,8.0,9.0,8.0,-0.20000000000000284,0
120.5,120.5,0.9411764705882353,0.7922375872751259,0.11639509041185948,1.2795976427020668,0.14893888331310934,8.0,9.0,8.0,-0.20000000000000284,0
120.5,120.5,0.9411764705882353,0.7922375872751259,0.11639509041185948,1.2795976427020668,0.14893888331310934,8.0,9.0,8.0,-0.20000000000000284,0
120.5,120.5,0.9411764705882353,0.7922375872751259,0.11639509041185948,1.2795976427020668,0.14893888331310934,8.0,9.0,8.0,-0.09999999999999432,0
120.5,120.5,0.9411764705882353,0.7922375872751259,0.11639509041185948,1.2795976427020668,0.14893888331310934,8.0,9.0,8.0,0.20000000000000284,0
121.5,121.5,0.875,0.80383366225278,0.11448780983895383,0.6216062465281442,0.07116633774722003,8.0,8.0,7.0,-0.29999999999999716,0
121.5,121.5,0.875,0.80383366225278,0.11448780983895383,0.6216062465281442,0.07116633774722003,8.0,8.0,7.0,-0.20000000000000284,0
121.5,121.5,0.875,0.80383366225278,0.11448780983895383,0.6216062465281442,0.07116633774722003,8.0,8.0,7.0,-0.20000000000000284,0
121.5,121.5,0.875,0.80383366225278,0.11448780983895383,0.6216062465281442,0.07116633774722003,8.0,8.0,7.0,-0.20000000000000284,0
121.5,121.5,0.875,0.80383366225278,0.11448780983895383,0.6216062465281442,0.07116633774722003,8.0,8.0,7.0,-0.09999999999999432,0
121.5,121.5,0.875,0.80383366225278,0.11448780983895383,0.6216062465281442,0.07116633774722003,8.0,8.0,7.0,0.20000000000000284,0
121.5,121.5,0.875,0.80383366225278,0.11448780983895383,0.6216062465281442,0.07116633774722003,8.0,8.0,7.0,-0.3999999999999915,0
122.5,122.5,0.9333333333333333,0.8426159417380006,0.10768873830666444,0.8424036999764777,0.09071739159533276,7.0,8.0,7.0,-0.20000000000000284,0
122.5,122.5,0.9333333333333333,0.8426159417380006,0.10768873830666444,0.8424036999764777,0.09071739159533276,7.0,8.0,7.0,-0.20000000000000284,0
122.5,122.5,0.9333333333333333,0.8426159417380006,0.10768873830666444,0.8424036999764777,0.09071739159533276,7.0,8.0,7.0,-0.20000000000000284,0
122.5,122.5,0.9333333333333333,0.8426159417380006,0.10768873830666444,0.8424036999764777,0.09071739159533276,7.0,8.0,7.0,-0.09999999999999432,0
122.5,122.5,0.9333333333333333,0.8426159417380006,0.10768873830666444,0.8424036999764777,0.09071739159533276,7.0,8.0,7.0,0.20000000000000284,0
122.5,122.5,0.9333333333333333,0.8426159417380006,0.10768873830666444,0.8424036999764777,0.09071739159533276,7.0,8.0,7.0,-0.3999999999999915,0
122.5,122.5,0.9333333333333333,0.8426159417380006,0.10768873830666444,0.8424036999764777,0.09071739159533276,7.0,8.0,7.0,-0.4000000000000057,0
123.5,123.5,0.8,0.813327620521893,0.11833668122975169,-0.11262459267399318,-0.013327620521892958,6.0,9.0,6.0,-0.20000000000000284,0
123.5,123.5,0.8,0.813327620521893,0.11833668122975169,-0.11262459267399318,-0.013327620521892958,6.0,9.0,6.0,-0.09999999999999432,0
123.5,123.5,0.8,0.813327620521893,0.11833668122975169,-0.11262459267399318,-0.013327620521892958,6.0,9.0,6.0,0.20000000000000284,0
123.5,123.5,0.8,0.813327620521893,0.11833668122975169,-0.11262459267399318,-0.013327620521892958,6.0,9.0,6.0,-0.3999999999999915,0
123.5,123.5,0.8,0.813327620521893,0.11833668122975169,-0.11262459267399318,-0.013327620521892958,6.0,9.0,6.0,-0.4000000000000057,0
123.5,123.5,0.8,0.813327620521893,0.11833668122975169,-0.11262459267399318,-0.013327620521892958,6.0,9.0,6.0,-0.20000000000000284,0
124.5,124.5,0.7142857142857143,0.8005485141965019,0.1146708028429971,-0.7522647245166261,-0.08626279991078756,5.0,9.0,5.0,0.20000000000000284,0
124.5,124.5,0.7142857142857143,0.8005485141965019,0.1146708028429971,-0.7522647245166261,-0.08626279991078756,5.0,9.0,5.0,-0.3999999999999915,0
124.5,124.5,0.7142857142857143,0.8005485141965019,0.1146708028429971,-0.7522647245166261,-0.08626279991078756,5.0,9.0,5.0,-0.4000000000000057,0
124.5,124.5,0.7142857142857143,0.8005485141965019,0.1146708028429971,-0.7522647245166261,-0.08626279991078756,5.0,9.0,5.0,-0.20000000000000284,0
124.5,124.5,0.7142857142857143,0.8005485141965019,0.1146708028429971,-0.7522647245166261,-0.08626279991078756,5.0,9.0,5.0,-0.5,0
125.5,125.5,0.7142857142857143,0.8030014284391219,0.11950842334553166,-0.7423385872718455,-0.08871571415340762,5.0,9.0,5.0,-0.3999999999999915,0
125.5,125.5,0.7142857142857143,0.8030014284391219,0.11950842334553166,-0.7423385872718455,-0.08871571415340762,5.0,9.0,5.0,-0.4000000000000057,0
125.5,125.5,0.7142857142857143,0.8030014284391219,0.11950842334553166,-0.7423385872718455,-0.08871571415340762,5.0,9.0,5.0,-0.20000000000000284,0
125.5,125.5,0.7142857142857143,0.8030014284391219,0.11950842334553166,-0.7423385872718455,-0.08871571415340762,5.0,9.0,5.0,-0.5,0
125.5,125.5,0.7142857142857143,0.8030014284391219,0.11950842334553166,-0.7423385872718455,-0.08871571415340762,5.0,9.0,5.0,0.20000000000000284,0
126.5,126.5,0.5333333333333333,0.757707921859702,0.11745340155230388,-1.9103285691257832,-0.2243745885263687,5.0,10.0,4.0,-0.20000000000000284,0
126.5,126.5,0.5333333333333333,0.757707921859702,0.11745340155230388,-1.9103285691257832,-0.2243745885263687,5.0,10.0,4.0,-0.5,0
126.5,126.5,0.5333333333333333,0.757707921859702,0.11745340155230388,-1.9103285691257832,-0.2243745885263687,5.0,10.0,4.0,0.20000000000000284,0
126.5,126.5,0.5333333333333333,0.757707921859702,0.11745340155230388,-1.9103285691257832,-0.2243745885263687,5.0,10.0,4.0,-0.19999999999998863,0
127.5,127.5,0.75,0.7638968216166359,0.1158080451134721,-0.11999875831613724,-0.013896821616635857,6.0,10.0,6.0,-0.20000000000000284,0
127.5,127.5,0.75,0.7638968216166359,0.1158080451134721,-0.11999875831613724,-0.013896821616635857,6.0,10.0,6.0,-0.5,0
127.5,127.5,0.75,0.7638968216166359,0.1158080451134721,-0.11999875831613724,-0.013896821616635857,6.0,10.0,6.0,0.20000000000000284,0
127.5,127.5,0.75,0.7638968216166359,0.1158080451134721,-0.11999875831613724,-0.013896821616635857,6.0,10.0,6.0,-0.19999999999998863,0
127.5,127.5,0.75,0.7638968216166359,0.1158080451134721,-0.11999875831613724,-0.013896821616635857,6.0,10.0,6.0,-0.4000000000000057,0
127.5,127.5,0.75,0.7638968216166359,0.1158080451134721,-0.11999875831613724,-0.013896821616635857,6.0,10.0,6.0,-0.30000000000001137,0
128.5,128.5,0.8235294117647058,0.7718899242828036,0.11568876354279797,0.44636562705416705,0.05163948748190228,7.0,10.0,7.0,0.20000000000000284,0
128.5,128.5,0.8235294117647058,0.7718899242828036,0.11568876354279797,0.44636562705416705,0.05163948748190228,7.0,10.0,7.0,0.20000000000000284,0
128.5,128.5,0.8235294117647058,0.7718899242828036,0.11568876354279797,0.44636562705416705,0.05163948748190228,7.0,10.0,7.0,-0.19999999999998863,0
128.5,128.5,0.8235294117647058,0.7718899242828036,0.11568876354279797,0.44636562705416705,0.05163948748190228,7.0,10.0,7.0,-0.4000000000000057,0
128.5,128.5,0.8235294117647058,0.7718899242828036,0.11568876354279797,0.44636562705416705,0.05163948748190228,7.0,10.0,7.0,-0.30000000000001137,0
128.5,128.5,0.8235294117647058,0.7718899242828036,0.11568876354279797,0.44636562705416705,0.05163948748190228,7.0,10.0,7.0,-0.19999999999998863,0
128.5,128.5,0.8235294117647058,0.7718899242828036,0.11568876354279797,0.44636562705416705,0.05163948748190228,7.0,10.0,7.0,0.09999999999999432,0
129.5,129.5,0.8235294117647058,0.7698831248558803,0.11950186010419062,0.4489159153008391,0.05364628690882556,7.0,10.0,7.0,0.20000000000000284,0
129.5,129.5,0.8235294117647058,0.7698831248558803,0.11950186010419062,0.4489159153008391,0.05364628690882556,7.0,10.0,7.0,-0.19999999999998863,0
129.5,129.5,0.8235294117647058,0.7698831248558803,0.11950186010419062,0.4489159153008391,0.05364628690882556,7.0,10.0,7.0,-0.4000000000000057,0
129.5,129.5,0.8235294117647058,0.7698831248558803,0.11950186010419062,0.4489159153008391,0.05364628690882556,7.0,10.0,7.0,-0.30000000000001137,0
129.5,129.5,0.8235294117647058,0.7698831248558803,0.11950186010419062,0.4489159153008391,0.05364628690882556,7.0,10.0,7.0,-0.19999999999998863,0
129.5,129.5,0.8235294117647058,0.7698831248558803,0.11950186010419062,0.4489159153008391,0.05364628690882556,7.0,10.0,7.0,0.09999999999999432,0
129.5,129.5,0.8235294117647058,0.7698831248558803,0.11950186010419062,0.4489159153008391,0.05364628690882556,7.0,10.0,7.0,0.19999999999998863,0
130.5,130.5,0.8888888888888888,0.7681276406514023,0.12252258835538495,0.9856243641148889,0.12076124823748657,8.0,10.0,8.0,-0.19999999999998863,0
130.5,130.5,0.8888888888888888,0.7681276406514023,0.12252258835538495,0.9856243641148889,0.12076124823748657,8.0,10.0,8.0,-0.4000000000000057,0
130.5,130.5,0.8888888888888888,0.7681276406514023,0.12252258835538495,0.9856243641148889,0.12076124823748657,8.0,10.0,8.0,-0.30000000000001137,0
130.5,130.5,0.8888888888888888,0.7681276406514023,0.12252258835538495,0.9856243641148889,0.12076124823748657,8.0,10.0,8.0,-0.19999999999998863,0
130.5,130.5,0.8888888888888888,0.7681276406514023,0.12252258835538495,0.9856243641148889,0.12076124823748657,8.0,10.0,8.0,0.09999999999999432,0
130.5,130.5,0.8888888888888888,0.7681276406514023,0.12252258835538495,0.9856243641148889,0.12076124823748657,8.0,10.0,8.0,0.19999999999998863,0
130.5,130.5,0.8888888888888888,0.7681276406514023,0.12252258835538495,0.9856243641148889,0.12076124823748657,8.0,10.0,8.0,-0.20000000000001705,0
130.5,130.5,0.8888888888888888,0.7681276406514023,0.12252258835538495,0.9856243641148889,0.12076124823748657,8.0,10.0,8.0,-0.09999999999999432,0
131.5,131.5,0.9411764705882353,0.7908945402722491,0.11849385709643859,1.2682676891315656,0.15028193031598613,8.0,9.0,8.0,-0.4000000000000057,0
131.5,131.5,0.9411764705882353,0.7908945402722491,0.11849385709643859,1.2682676891315656,0.15028193031598613,8.0,9.0,8.0,-0.30000000000001137,0
131.5,131.5,0.9411764705882353,0.7908945402722491,0.11849385709643859,1.2682676891315656,0.15028193031598613,8.0,9.0,8.0,-0.19999999999998863,0
131.5,131.5,0.9411764705882353,0.7908945402722491,0.11849385709643859,1.2682676891315656,0.15028193031598613,8.0,9.0,8.0,0.09999999999999432,0
131.5,131.5,0.9411764705882353,0.7908945402722491,0.11849385709643859,1.2682676891315656,0.15028193031598613,8.0,9.0,8.0,0.19999999999998863,0
131.5,131.5,0.9411764705882353,0.7908945402722491,0.11849385709643859,1.2682676891315656,0.15028193031598613,8.0,9.0,8.0,-0.20000000000001705,0
131.5,131.5,0.9411764705882353,0.7908945402722491,0.11849385709643859,1.2682676891315656,0.15028193031598613,8.0,9.0,8.0,-0.09999999999999432,0
131.5,131.5,0.9411764705882353,0.7908945402722491,0.11849385709643859,1.2682676891315656,0.15028193031598613,8.0,9.0,8.0,0.4000000000000057,0
132.5,132.5,0.8235294117647058,0.7549829145828371,0.1182752131220989,0.5795508236464242,0.06854649718186878,7.0,10.0,7.0,-0.19999999999998863,0
132.5,132.5,0.8235294117647058,0.7549829145828371,0.1182752131220989,0.5795508236464242,0.06854649718186878,7.0,10.0,7.0,0.09999999999999432,0
132.5,132.5,0.8235294117647058,0.7549829145828371,0.1182752131220989,0.5795508236464242,0.06854649718186878,7.0,10.0,7.0,0.19999999999998863,0
132.5,132.5,0.8235294117647058,0.7549829145828371,0.1182752131220989,0.5795508236464242,0.06854649718186878,7.0,10.0,7.0,-0.20000000000001705,0
132.5,132.5,0.8235294117647058,0.7549829145828371,0.1182752131220989,0.5795508236464242,0.06854649718186878,7.0,10.0,7.0,-0.09999999999999432,0
132.5,132.5,0.8235294117647058,0.7549829145828371,0.1182752131220989,0.5795508236464242,0.06854649718186878,7.0,10.0,7.0,-0.19999999999998863,0
132.5,132.5,0.8235294117647058,0.7549829145828371,0.1182752131220989,0.5795508236464242,0.06854649718186878,7.0,10.0,7.0,-0.10000000000002274,0
133.5,133.5,0.9333333333333333,0.8204997824071354,0.11856652794393634,0.9516475929829944,0.11283355092619796,7.0,8.0,7.0,-0.4000000000000057,0
133.5,133.5,0.9333333333333333,0.8204997824071354,0.11856652794393634,0.9516475929829944,0.11283355092619796,7.0,8.0,7.0,-0.4000000000000057,0
133.5,133.5,0.9333333333333333,0.8204997824071354,0.11856652794393634,0.9516475929829944,0.11283355092619796,7.0,8.0,7.0,-0.20000000000001705,0
133.5,133.5,0.9333333333333333,0.8204997824071354,0.11856652794393634,0.9516475929829944,0.11283355092619796,7.0,8.0,7.0,-0.09999999999999432,0
133.5,133.5,0.9333333333333333,0.8204997824071354,0.11856652794393634,0.9516475929829944,0.11283355092619796,7.0,8.0,7.0,-0.19999999999998863,0
133.5,133.5,0.9333333333333333,0.8204997824071354,0.11856652794393634,0.9516475929829944,0.11283355092619796,7.0,8.0,7.0,-0.10000000000002274,0
133.5,133.5,0.9333333333333333,0.8204997824071354,0.11856652794393634,0.9516475929829944,0.11283355092619796,7.0,8.0,7.0,0.09999999999999432,0
134.5,134.5,0.7692307692307693,0.7165088852324146,0.11328797286814132,0.46537935725727,0.052721883998354646,6.0,7.0,5.0,-0.20000000000001705,0
134.5,134.5,0.7692307692307693,0.7165088852324146,0.11328797286814132,0.46537935725727,0.052721883998354646,6.0,7.0,5.0,-0.09999999999999432,0
134.5,134.5,0.7692307692307693,0.7165088852324146,0.11328797286814132,0.46537935725727,0.052721883998354646,6.0,7.0,5.0,-0.19999999999998863,0
134.5,134.5,0.7692307692307693,0.7165088852324146,0.11328797286814132,0.46537935725727,0.052721883998354646,6.0,7.0,5.0,-0.10000000000002274,0
134.5,134.5,0.7692307692307693,0.7165088852324146,0.11328797286814132,0.46537935725727,0.052721883998354646,6.0,7.0,5.0,0.09999999999999432,0
135.5,135.5,0.7272727272727273,0.7316237651237653,0.10343579134893259,-0.04206510912997298,-0.004351037851037964,5.0,6.0,4.0,-0.19999999999998863,0
135.5,135.5,0.7272727272727273,0.7316237651237653,0.10343579134893259,-0.04206510912997298,-0.004351037851037964,5.0,6.0,4.0,-0.10000000000002274,0
135.5,135.5,0.7272727272727273,0.7316237651237653,0.10343579134893259,-0.04206510912997298,-0.004351037851037964,5.0,6.0,4.0,0.09999999999999432,0
135.5,135.5,0.7272727272727273,0.7316237651237653,0.10343579134893259,-0.04206510912997298,-0.004351037851037964,5.0,6.0,4.0,-0.5,0
136.5,136.5,0.8333333333333334,0.8232184093684093,0.09351931755023621,0.10815865887270405,0.010114923964924083,6.0,6.0,5.0,-0.10000000000002274,0
136.5,136.5,0.8333333333333334,0.8232184093684093,0.09351931755023621,0.10815865887270405,0.010114923964924083,6.0,6.0,5.0,0.09999999999999432,0
136.5,136.5,0.8333333333333334,0.8232184093684093,0.09351931755023621,0.10815865887270405,0.010114923964924083,6.0,6.0,5.0,-0.5,0
136.5,136.5,0.8333333333333334,0.8232184093684093,0.09351931755023621,0.10815865887270405,0.010114923964924083,6.0,6.0,5.0,-0.8000000000000114,0
136.5,136.5,0.8333333333333334,0.8232184093684093,0.09351931755023621,0.10815865887270405,0.010114923964924083,6.0,6.0,5.0,-0.5,0
137.5,137.5,1.0,0.8253146353646355,0.09864082134924945,1.7709236626981282,0.17468536463536455,6.0,6.0,6.0,0.09999999999999432,0
137.5,137.5,1.0,0.8253146353646355,0.09864082134924945,1.7709236626981282,0.17468536463536455,6.0,6.0,6.0,-0.5,0
137.5,137.5,1.0,0.8253146353646355,0.09864082134924945,1.7709236626981282,0.17468536463536455,6.0,6.0,6.0,-0.8000000000000114,0
137.5,137.5,1.0,0.8253146353646355,0.09864082134924945,1.7709236626981282,0.17468536463536455,6.0,6.0,6.0,-0.5,0
137.5,137.5,1.0,0.8253146353646355,0.09864082134924945,1.7709236626981282,0.17468536463536455,6.0,6.0,6.0,-0.4000000000000057,0
137.5,137.5,1.0,0.8253146353646355,0.09864082134924945,1.7709236626981282,0.17468536463536455,6.0,6.0,6.0,0.0,0
138.5,138.5,0.9230769230769231,0.8187262188791601,0.11275068680162338,0.9254994994519236,0.10435070419776304,6.0,7.0,6.0,-0.5,0
138.5,138.5,0.9230769230769231,0.8187262188791601,0.11275068680162338,0.9254994994519236,0.10435070419776304,6.0,7.0,6.0,-0.8000000000000114,0
138.5,138.5,0.9230769230769231,0.8187262188791601,0.11275068680162338,0.9254994994519236,0.10435070419776304,6.0,7.0,6.0,-0.5,0
138.5,138.5,0.9230769230769231,0.8187262188791601,0.11275068680162338,0.9254994994519236,0.10435070419776304,6.0,7.0,6.0,-0.4000000000000057,0
138.5,138.5,0.9230769230769231,0.8187262188791601,0.11275068680162338,0.9254994994519236,0.10435070419776304,6.0,7.0,6.0,0.0,0
138.5,138.5,0.9230769230769231,0.8187262188791601,0.11275068680162338,0.9254994994519236,0.10435070419776304,6.0,7.0,6.0,0.0,0
139.5,139.5,0.8,0.810455910987877,0.12278488826543701,-0.08515633426544528,-0.010455910987876904,6.0,9.0,6.0,0.30000000000001137,0
139.5,139.5,0.8,0.810455910987877,0.12278488826543701,-0.08515633426544528,-0.010455910987876904,6.0,9.0,6.0,0.09999999999999432,0
139.5,139.5,0.8,0.810455910987877,0.12278488826543701,-0.08515633426544528,-0.010455910987876904,6.0,9.0,6.0,0.09999999999999432,0
139.5,139.5,0.8,0.810455910987877,0.12278488826543701,-0.08515633426544528,-0.010455910987876904,6.0,9.0,6.0,0.0,0
139.5,139.5,0.8,0.810455910987877,0.12278488826543701,-0.08515633426544528,-0.010455910987876904,6.0,9.0,6.0,0.0,0
139.5,139.5,0.8,0.810455910987877,0.12278488826543701,-0.08515633426544528,-0.010455910987876904,6.0,9.0,6.0,0.09999999999999432,0
140.5,140.5,0.6666666666666666,0.7698686352948737,0.12253926604202738,-0.8421950935532111,-0.10320196862820707,5.0,10.0,5.0,0.09999999999999432,0
140.5,140.5,0.6666666666666666,0.7698686352948737,0.12253926604202738,-0.8421950935532111,-0.10320196862820707,5.0,10.0,5.0,0.09999999999999432,0
140.5,140.5,0.6666666666666666,0.7698686352948737,0.12253926604202738,-0.8421950935532111,-0.10320196862820707,5.0,10.0,5.0,0.0,0
140.5,140.5,0.6666666666666666,0.7698686352948737,0.12253926604202738,-0.8421950935532111,-0.10320196862820707,5.0,10.0,5.0,0.0,0
140.5,140.5,0.6666666666666666,0.7698686352948737,0.12253926604202738,-0.8421950935532111,-0.10320196862820707,5.0,10.0,5.0,0.09999999999999432,0
141.5,141.5,0.7142857142857143,0.7942796362134598,0.1230539382589508,-0.6500720176822686,-0.07999392192774546,5.0,9.0,5.0,-0.4000000000000057,0
141.5,141.5,0.7142857142857143,0.7942796362134598,0.1230539382589508,-0.6500720176822686,-0.07999392192774546,5.0,9.0,5.0,0.0,0
141.5,141.5,0.7142857142857143,0.7942796362134598,0.1230539382589508,-0.6500720176822686,-0.07999392192774546,5.0,9.0,5.0,0.0,0
141.5,141.5,0.7142857142857143,0.7942796362134598,0.1230539382589508,-0.6500720176822686,-0.07999392192774546,5.0,9.0,5.0,0.09999999999999432,0
141.5,141.5,0.7142857142857143,0.7942796362134598,0.1230539382589508,-0.6500720176822686,-0.07999392192774546,5.0,9.0,5.0,0.30000000000001137,0
142.5,142.5,0.6153846153846154,0.8124558276346976,0.11770197950029725,-1.6743236867106766,-0.19707121225008217,4.0,9.0,4.0,0.0,0
142.5,142.5,0.6153846153846154,0.8124558276346976,0.11770197950029725,-1.6743236867106766,-0.19707121225008217,4.0,9.0,4.0,0.09999999999999432,0
142.5,142.5,0.6153846153846154,0.8124558276346976,0.11770197950029725,-1.6743236867106766,-0.19707121225008217,4.0,9.0,4.0,0.30000000000001137,0
142.5,142.5,0.6153846153846154,0.8124558276346976,0.11770197950029725,-1.6743236867106766,-0.19707121225008217,4.0,9.0,4.0,-0.30000000000001137,0
143.5,143.5,0.7142857142857143,0.8203807048730423,0.11814772069271119,-0.8979859278307111,-0.10609499058732796,5.0,9.0,5.0,0.09999999999999432,0
143.5,143.5,0.7142857142857143,0.8203807048730423,0.11814772069271119,-0.8979859278307111,-0.10609499058732796,5.0,9.0,5.0,0.30000000000001137,0
143.5,143.5,0.7142857142857143,0.8203807048730423,0.11814772069271119,-0.8979859278307111,-0.10609499058732796,5.0,9.0,5.0,-0.30000000000001137,0
143.5,143.5,0.7142857142857143,0.8203807048730423,0.11814772069271119,-0.8979859278307111,-0.10609499058732796,5.0,9.0,5.0,-0.09999999999999432,0
143.5,143.5,0.7142857142857143,0.8203807048730423,0.11814772069271119,-0.8979859278307111,-0.10609499058732796,5.0,9.0,5.0,-0.09999999999999432,0
144.5,144.5,0.6666666666666666,0.8451267998341528,0.11435421673995329,-1.5605907526201042,-0.1784601331674862,4.0,8.0,4.0,0.30000000000001137,0
144.5,144.5,0.6666666666666666,0.8451267998341528,0.11435421673995329,-1.5605907526201042,-0.1784601331674862,4.0,8.0,4.0,-0.30000000000001137,0
144.5,144.5,0.6666666666666666,0.8451267998341528,0.11435421673995329,-1.5605907526201042,-0.1784601331674862,4.0,8.0,4.0,-0.09999999999999432,0
144.5,144.5,0.6666666666666666,0.8451267998341528,0.11435421673995329,-1.5605907526201042,-0.1784601331674862,4.0,8.0,4.0,-0.09999999999999432,0
145.5,145.5,0.7692307692307693,0.8478375353404766,0.11728636056555954,-0.670212339530891,-0.0786067661097073,5.0,8.0,5.0,0.30000000000001137,0
145.5,145.5,0.7692307692307693,0.8478375353404766,0.11728636056555954,-0.670212339530891,-0.0786067661097073,5.0,8.0,5.0,-0.30000000000001137,0
145.5,145.5,0.7692307692307693,0.8478375353404766,0.11728636056555954,-0.670212339530891,-0.0786067661097073,5.0,8.0,5.0,-0.09999999999999432,0
145.5,145.5,0.7692307692307693,0.8478375353404766,0.11728636056555954,-0.670212339530891,-0.0786067661097073,5.0,8.0,5.0,-0.09999999999999432,0
145.5,145.5,0.7692307692307693,0.8478375353404766,0.11728636056555954,-0.670212339530891,-0.0786067661097073,5.0,8.0,5.0,0.19999999999998863,0
146.5,146.5,0.7142857142857143,0.8060431474614138,0.11820057458700504,-0.7762858471399284,-0.09175743317569951,5.0,9.0,5.0,-0.30000000000001137,0
146.5,146.5,0.7142857142857143,0.8060431474614138,0.11820057458700504,-0.7762858471399284,-0.09175743317569951,5.0,9.0,5.0,-0.09999999999999432,0
146.5,146.5,0.7142857142857143,0.8060431474614138,0.11820057458700504,-0.7762858471399284,-0.09175743317569951,5.0,9.0,5.0,-0.09999999999999432,0
146.5,146.5,0.7142857142857143,0.8060431474614138,0.11820057458700504,-0.7762858471399284,-0.09175743317569951,5.0,9.0,5.0,0.19999999999998863,0
146.5,146.5,0.7142857142857143,0.8060431474614138,0.11820057458700504,-0.7762858471399284,-0.09175743317569951,5.0,9.0,5.0,0.0,0
147.5,147.5,0.7142857142857143,0.8160250601995184,0.11682173011929596,-0.8708940178330686,-0.10173934591380407,5.0,9.0,5.0,-0.09999999999999432,0
147.5,147.5,0.7142857142857143,0.8160250601995184,0.11682173011929596,-0.8708940178330686,-0.10173934591380407,5.0,9.0,5.0,-0.09999999999999432,0
147.5,147.5,0.7142857142857143,0.8160250601995184,0.11682173011929596,-0.8708940178330686,-0.10173934591380407,5.0,9.0,5.0,0.19999999999998863,0
147.5,147.5,0.7142857142857143,0.8160250601995184,0.11682173011929596,-0.8708940178330686,-0.10173934591380407,5.0,9.0,5.0,0.0,0
147.5,147.5,0.7142857142857143,0.8160250601995184,0.11682173011929596,-0.8708940178330686,-0.10173934591380407,5.0,9.0,5.0,0.30000000000001137,0
148.5,148.5,0.6153846153846154,0.7814676849552237,0.11140367422358446,-1.4908221899152407,-0.16608306957060825,4.0,9.0,4.0,0.19999999999998863,0
148.5,148.5,0.6153846153846154,0.7814676849552237,0.11140367422358446,-1.4908221899152407,-0.16608306957060825,4.0,9.0,4.0,0.0,0
148.5,148.5,0.6153846153846154,0.7814676849552237,0.11140367422358446,-1.4908221899152407,-0.16608306957060825,4.0,9.0,4.0,0.30000000000001137,0
148.5,148.5,0.6153846153846154,0.7814676849552237,0.11140367422358446,-1.4908221899152407,-0.16608306957060825,4.0,9.0,4.0,0.29999999999998295,0
149.5,149.5,0.8571428571428571,0.7905161433337905,0.10431587303873925,0.6387015884373012,0.0666267138090666,6.0,8.0,6.0,0.19999999999998863,0
149.5,149.5,0.8571428571428571,0.7905161433337905,0.10431587303873925,0.6387015884373012,0.0666267138090666,6.0,8.0,6.0,0.0,0
149.5,149.5,0.8571428571428571,0.7905161433337905,0.10431587303873925,0.6387015884373012,0.0666267138090666,6.0,8.0,6.0,0.30000000000001137,0
149.5,149.5,0.8571428571428571,0.7905161433337905,0.10431587303873925,0.6387015884373012,0.0666267138090666,6.0,8.0,6.0,0.29999999999998295,0
149.5,149.5,0.8571428571428571,0.7905161433337905,0.10431587303873925,0.6387015884373012,0.0666267138090666,6.0,8.0,6.0,0.29999999999998295,0
149.5,149.5,0.8571428571428571,0.7905161433337905,0.10431587303873925,0.6387015884373012,0.0666267138090666,6.0,8.0,6.0,0.19999999999998863,0
150.5,150.5,0.8571428571428571,0.8314879341246989,0.10816886332178037,0.23717474909429356,0.025654923018158193,6.0,8.0,6.0,0.0,0
150.5,150.5,0.8571428571428571,0.8314879341246989,0.10816886332178037,0.23717474909429356,0.025654923018158193,6.0,8.0,6.0,0.30000000000001137,0
150.5,150.5,0.8571428571428571,0.8314879341246989,0.10816886332178037,0.23717474909429356,0.025654923018158193,6.0,8.0,6.0,0.29999999999998295,0
150.5,150.5,0.8571428571428571,0.8314879341246989,0.10816886332178037,0.23717474909429356,0.025654923018158193,6.0,8.0,6.0,0.29999999999998295,0
150.5,150.5,0.8571428571428571,0.8314879341246989,0.10816886332178037,0.23717474909429356,0.025654923018158193,6.0,8.0,6.0,0.19999999999998863,0
150.5,150.5,0.8571428571428571,0.8314879341246989,0.10816886332178037,0.23717474909429356,0.025654923018158193,6.0,8.0,6.0,0.10000000000002274,0
151.5,151.5,0.9333333333333333,0.8505539700495585,0.11725607815442218,0.70597076575218,0.08277936328377489,7.0,8.0,7.0,0.30000000000001137,0
151.5,151.5,0.9333333333333333,0.8505539700495585,0.11725607815442218,0.70597076575218,0.08277936328377489,7.0,8.0,7.0,0.29999999999998295,0
151.5,151.5,0.9333333333333333,0.8505539700495585,0.11725607815442218,0.70597076575218,0.08277936328377489,7.0,8.0,7.0,0.29999999999998295,0
151.5,151.5,0.9333333333333333,0.8505539700495585,0.11725607815442218,0.70597076575218,0.08277936328377489,7.0,8.0,7.0,0.19999999999998863,0
151.5,151.5,0.9333333333333333,0.8505539700495585,0.11725607815442218,0.70597076575218,0.08277936328377489,7.0,8.0,7.0,0.10000000000002274,0
151.5,151.5,0.9333333333333333,0.8505539700495585,0.11725607815442218,0.70597076575218,0.08277936328377489,7.0,8.0,7.0,0.29999999999998295,0
151.5,151.5,0.9333333333333333,0.8505539700495585,0.11725607815442218,0.70597076575218,0.08277936328377489,7.0,8.0,7.0,-0.20000000000001705,0
152.5,152.5,1.0,0.8539161634117518,0.11608368115087572,1.2584355969757783,0.1460838365882482,8.0,8.0,8.0,-0.6000000000000227,0
152.5,152.5,1.0,0.8539161634117518,0.11608368115087572,1.2584355969757783,0.1460838365882482,8.0,8.0,8.0,-0.4000000000000057,0
152.5,152.5,1.0,0.8539161634117518,0.11608368115087572,1.2584355969757783,0.1460838365882482,8.0,8.0,8.0,-0.5,0
152.5,152.5,1.0,0.8539161634117518,0.11608368115087572,1.2584355969757783,0.1460838365882482,8.0,8.0,8.0,-0.5,0
152.5,152.5,1.0,0.8539161634117518,0.11608368115087572,1.2584355969757783,0.1460838365882482,8.0,8.0,8.0,-0.4000000000000057,0
152.5,152.5,1.0,0.8539161634117518,0.11608368115087572,1.2584355969757783,0.1460838365882482,8.0,8.0,8.0,-0.20000000000001705,0
152.5,152.5,1.0,0.8539161634117518,0.11608368115087572,1.2584355969757783,0.1460838365882482,8.0,8.0,8.0,-0.09999999999999432,0
152.5,152.5,1.0,0.8539161634117518,0.11608368115087572,1.2584355969757783,0.1460838365882482,8.0,8.0,8.0,0.0,0
153.5,153.5,1.0,0.8394767864488454,0.11592151808231646,1.3847576895703373,0.16052321355115462,8.0,8.0,8.0,-0.4000000000000057,0
153.5,153.5,1.0,0.8394767864488454,0.11592151808231646,1.3847576895703373,0.16052321355115462,8.0,8.0,8.0,-0.5,0
153.5,153.5,1.0,0.8394767864488454,0.11592151808231646,1.3847576895703373,0.16052321355115462,8.0,8.0,8.0,-0.5,0
153.5,153.5,1.0,0.8394767864488454,0.11592151808231646,1.3847576895703373,0.16052321355115462,8.0,8.0,8.0,-0.4000000000000057,0
153.5,153.5,1.0,0.8394767864488454,0.11592151808231646,1.3847576895703373,0.16052321355115462,8.0,8.0,8.0,-0.20000000000001705,0
153.5,153.5,1.0,0.8394767864488454,0.11592151808231646,1.3847576895703373,0.16052321355115462,8.0,8.0,8.0,-0.09999999999999432,0
153.5,153.5,1.0,0.8394767864488454,0.11592151808231646,1.3847576895703373,0.16052321355115462,8.0,8.0,8.0,0.0,0
153.5,153.5,1.0,0.8394767864488454,0.11592151808231646,1.3847576895703373,0.16052321355115462,8.0,8.0,8.0,0.4000000000000057,0
154.5,154.5,0.875,0.798474466993275,0.12184517990800915,0.6280554804424795,0.07652553300672504,7.0,9.0,7.0,0.10000000000002274,0
154.5,154.5,0.875,0.798474466993275,0.12184517990800915,0.6280554804424795,0.07652553300672504,7.0,9.0,7.0,0.29999999999998295,0
154.5,154.5,0.875,0.798474466993275,0.12184517990800915,0.6280554804424795,0.07652553300672504,7.0,9.0,7.0,-0.20000000000001705,0
154.5,154.5,0.875,0.798474466993275,0.12184517990800915,0.6280554804424795,0.07652553300672504,7.0,9.0,7.0,-0.09999999999999432,0
154.5,154.5,0.875,0.798474466993275,0.12184517990800915,0.6280554804424795,0.07652553300672504,7.0,9.0,7.0,0.0,0
154.5,154.5,0.875,0.798474466993275,0.12184517990800915,0.6280554804424795,0.07652553300672504,7.0,9.0,7.0,-0.19999999999998863,0
154.5,154.5,0.875,0.798474466993275,0.12184517990800915,0.6280554804424795,0.07652553300672504,7.0,9.0,7.0,-0.09999999999999432,0
155.5,155.5,0.9411764705882353,0.806519179736672,0.12073320953114473,1.1153293395784916,0.1346572908515633,8.0,9.0,8.0,-0.4000000000000057,0
155.5,155.5,0.9411764705882353,0.806519179736672,0.12073320953114473,1.1153293395784916,0.1346572908515633,8.0,9.0,8.0,-0.20000000000001705,0
155.5,155.5,0.9411764705882353,0.806519179736672,0.12073320953114473,1.1153293395784916,0.1346572908515633,8.0,9.0,8.0,-0.09999999999999432,0
155.5,155.5,0.9411764705882353,0.806519179736672,0.12073320953114473,1.1153293395784916,0.1346572908515633,8.0,9.0,8.0,0.0,0
155.5,155.5,0.9411764705882353,0.806519179736672,0.12073320953114473,1.1153293395784916,0.1346572908515633,8.0,9.0,8.0,-0.19999999999998863,0
155.5,155.5,0.9411764705882353,0.806519179736672,0.12073320953114473,1.1153293395784916,0.1346572908515633,8.0,9.0,8.0,-0.09999999999999432,0
155.5,155.5,0.9411764705882353,0.806519179736672,0.12073320953114473,1.1153293395784916,0.1346572908515633,8.0,9.0,8.0,0.0,0
155.5,155.5,0.9411764705882353,0.806519179736672,0.12073320953114473,1.1153293395784916,0.1346572908515633,8.0,9.0,8.0,0.20000000000001705,0
156.5,156.5,0.875,0.8132368550524123,0.121686107640303,0.5075611846354389,0.06176314494758772,7.0,9.0,7.0,-0.09999999999999432,0
156.5,156.5,0.875,0.8132368550524123,0.121686107640303,0.5075611846354389,0.06176314494758772,7.0,9.0,7.0,0.0,0
156.5,156.5,0.875,0.8132368550524123,0.121686107640303,0.5075611846354389,0.06176314494758772,7.0,9.0,7.0,-0.19999999999998863,0
156.5,156.5,0.875,0.8132368550524123,0.121686107640303,0.5075611846354389,0.06176314494758772,7.0,9.0,7.0,-0.09999999999999432,0
156.5,156.5,0.875,0.8132368550524123,0.121686107640303,0.5075611846354389,0.06176314494758772,7.0,9.0,7.0,0.0,0
156.5,156.5,0.875,0.8132368550524123,0.121686107640303,0.5075611846354389,0.06176314494758772,7.0,9.0,7.0,0.20000000000001705,0
156.5,156.5,0.875,0.8132368550524123,0.121686107640303,0.5075611846354389,0.06176314494758772,7.0,9.0,7.0,-0.19999999999998863,0
157.5,157.5,0.8235294117647058,0.786999405187176,0.11396969319445395,0.32052386519285153,0.036530006577529806,8.0,9.0,7.0,0.0,0
157.5,157.5,0.8235294117647058,0.786999405187176,0.11396969319445395,0.32052386519285153,0.036530006577529806,8.0,9.0,7.0,-0.19999999999998863,0
157.5,157.5,0.8235294117647058,0.786999405187176,0.11396969319445395,0.32052386519285153,0.036530006577529806,8.0,9.0,7.0,-0.09999999999999432,0
157.5,157.5,0.8235294117647058,0.786999405187176,0.11396969319445395,0.32052386519285153,0.036530006577529806,8.0,9.0,7.0,0.0,0
157.5,157.5,0.8235294117647058,0.786999405187176,0.11396969319445395,0.32052386519285153,0.036530006577529806,8.0,9.0,7.0,0.20000000000001705,0
157.5,157.5,0.8235294117647058,0.786999405187176,0.11396969319445395,0.32052386519285153,0.036530006577529806,8.0,9.0,7.0,-0.19999999999998863,0
157.5,157.5,0.8235294117647058,0.786999405187176,0.11396969319445395,0.32052386519285153,0.036530006577529806,8.0,9.0,7.0,-0.19999999999998863,0
158.5,158.5,0.8,0.7813994162700046,0.11291652483945003,0.16472862370182378,0.0186005837299954,7.0,8.0,6.0,-0.09999999999999432,0
158.5,158.5,0.8,0.7813994162700046,0.11291652483945003,0.16472862370182378,0.0186005837299954,7.0,8.0,6.0,0.0,0
158.5,158.5,0.8,0.7813994162700046,0.11291652483945003,0.16472862370182378,0.0186005837299954,7.0,8.0,6.0,0.20000000000001705,0
158.5,158.5,0.8,0.7813994162700046,0.11291652483945003,0.16472862370182378,0.0186005837299954,7.0,8.0,6.0,-0.19999999999998863,0
158.5,158.5,0.8,0.7813994162700046,0.11291652483945003,0.16472862370182378,0.0186005837299954,7.0,8.0,6.0,-0.19999999999998863,0
158.5,158.5,0.8,0.7813994162700046,0.11291652483945003,0.16472862370182378,0.0186005837299954,7.0,8.0,6.0,-0.19999999999998863,0
159.5,159.5,0.8,0.7911811972341385,0.1130927161286571,0.0779785212323406,0.008818802765861555,8.0,7.0,6.0,0.0,0
159.5,159.5,0.8,0.7911811972341385,0.1130927161286571,0.0779785212323406,0.008818802765861555,8.0,7.0,6.0,0.20000000000001705,0
159.5,159.5,0.8,0.7911811972341385,0.1130927161286571,0.0779785212323406,0.008818802765861555,8.0,7.0,6.0,-0.19999999999998863,0
159.5,159.5,0.8,0.7911811972341385,0.1130927161286571,0.0779785212323406,0.008818802765861555,8.0,7.0,6.0,-0.19999999999998863,0
159.5,159.5,0.8,0.7911811972341385,0.1130927161286571,0.0779785212323406,0.008818802765861555,8.0,7.0,6.0,-0.19999999999998863,0
159.5,159.5,0.8,0.7911811972341385,0.1130927161286571,0.0779785212323406,0.008818802765861555,8.0,7.0,6.0,-0.700000000000017,0
160.5,160.5,0.8571428571428571,0.8578552153728624,0.10224154875563675,-0.006967404530499032,-0.0007123582300052611,7.0,7.0,6.0,-0.19999999999998863,0
160.5,160.5,0.8571428571428571,0.8578552153728624,0.10224154875563675,-0.006967404530499032,-0.0007123582300052611,7.0,7.0,6.0,-0.19999999999998863,0
160.5,160.5,0.8571428571428571,0.8578552153728624,0.10224154875563675,-0.006967404530499032,-0.0007123582300052611,7.0,7.0,6.0,-0.19999999999998863,0
160.5,160.5,0.8571428571428571,0.8578552153728624,0.10224154875563675,-0.006967404530499032,-0.0007123582300052611,7.0,7.0,6.0,-0.700000000000017,0
160.5,160.5,0.8571428571428571,0.8578552153728624,0.10224154875563675,-0.006967404530499032,-0.0007123582300052611,7.0,7.0,6.0,-0.6999999999999886,0
160.5,160.5,0.8571428571428571,0.8578552153728624,0.10224154875563675,-0.006967404530499032,-0.0007123582300052611,7.0,7.0,6.0,-0.8000000000000114,0
161.5,161.5,0.9333333333333333,0.8381698624904508,0.1046180644066125,0.9096275235318505,0.09516347084288257,7.0,8.0,7.0,-0.19999999999998863,0
161.5,161.5,0.9333333333333333,0.8381698624904508,0.1046180644066125,0.9096275235318505,0.09516347084288257,7.0,8.0,7.0,-0.19999999999998863,0
161.5,161.5,0.9333333333333333,0.8381698624904508,0.1046180644066125,0.9096275235318505,0.09516347084288257,7.0,8.0,7.0,-0.700000000000017,0
161.5,161.5,0.9333333333333333,0.8381698624904508,0.1046180644066125,0.9096275235318505,0.09516347084288257,7.0,8.0,7.0,-0.6999999999999886,0
161.5,161.5,0.9333333333333333,0.8381698624904508,0.1046180644066125,0.9096275235318505,0.09516347084288257,7.0,8.0,7.0,-0.8000000000000114,0
161.5,161.5,0.9333333333333333,0.8381698624904508,0.1046180644066125,0.9096275235318505,0.09516347084288257,7.0,8.0,7.0,-0.5,0
161.5,161.5,0.9333333333333333,0.8381698624904508,0.1046180644066125,0.9096275235318505,0.09516347084288257,7.0,8.0,7.0,-0.29999999999998295,0
162.5,162.5,0.9333333333333333,0.8561295730413379,0.1145869435743873,0.673757043199922,0.0772037602919955,7.0,8.0,7.0,-0.19999999999998863,0
162.5,162.5,0.9333333333333333,0.8561295730413379,0.1145869435743873,0.673757043199922,0.0772037602919955,7.0,8.0,7.0,-0.700000000000017,0
162.5,162.5,0.9333333333333333,0.8561295730413379,0.1145869435743873,0.673757043199922,0.0772037602919955,7.0,8.0,7.0,-0.6999999999999886,0
162.5,162.5,0.9333333333333333,0.8561295730413379,0.1145869435743873,0.673757043199922,0.0772037602919955,7.0,8.0,7.0,-0.8000000000000114,0
162.5,162.5,0.9333333333333333,0.8561295730413379,0.1145869435743873,0.673757043199922,0.0772037602919955,7.0,8.0,7.0,-0.5,0
162.5,162.5,0.9333333333333333,0.8561295730413379,0.1145869435743873,0.673757043199922,0.0772037602919955,7.0,8.0,7.0,-0.29999999999998295,0
162.5,162.5,0.9333333333333333,0.8561295730413379,0.1145869435743873,0.673757043199922,0.0772037602919955,7.0,8.0,7.0,0.10000000000002274,0
163.5,163.5,0.7142857142857143,0.8108914711363627,0.12107116739318245,-0.7979253767077191,-0.09660575685064843,5.0,9.0,5.0,0.0,0
163.5,163.5,0.7142857142857143,0.8108914711363627,0.12107116739318245,-0.7979253767077191,-0.09660575685064843,5.0,9.0,5.0,-0.09999999999999432,0
163.5,163.5,0.7142857142857143,0.8108914711363627,0.12107116739318245,-0.7979253767077191,-0.09660575685064843,5.0,9.0,5.0,-0.10000000000002274,0
163.5,163.5,0.7142857142857143,0.8108914711363627,0.12107116739318245,-0.7979253767077191,-0.09660575685064843,5.0,9.0,5.0,0.20000000000001705,0
163.5,163.5,0.7142857142857143,0.8108914711363627,0.12107116739318245,-0.7979253767077191,-0.09660575685064843,5.0,9.0,5.0,0.10000000000002274,0
164.5,164.5,0.75,0.7646526395173454,0.12260871330898959,-0.11950732637099691,-0.014652639517345412,6.0,10.0,6.0,-0.09999999999999432,0
164.5,164.5,0.75,0.7646526395173454,0.12260871330898959,-0.11950732637099691,-0.014652639517345412,6.0,10.0,6.0,-0.10000000000002274,0
164.5,164.5,0.75,0.7646526395173454,0.12260871330898959,-0.11950732637099691,-0.014652639517345412,6.0,10.0,6.0,0.20000000000001705,0
164.5,164.5,0.75,0.7646526395173454,0.12260871330898959,-0.11950732637099691,-0.014652639517345412,6.0,10.0,6.0,0.10000000000002274,0
164.5,164.5,0.75,0.7646526395173454,0.12260871330898959,-0.11950732637099691,-0.014652639517345412,6.0,10.0,6.0,-0.20000000000001705,0
164.5,164.5,0.75,0.7646526395173454,0.12260871330898959,-0.11950732637099691,-0.014652639517345412,6.0,10.0,6.0,0.09999999999999432,0
165.5,165.5,0.5714285714285714,0.7659573037987125,0.12339593248470741,-1.5764598431496053,-0.19452873237014112,4.0,10.0,4.0,0.20000000000001705,0
165.5,165.5,0.5714285714285714,0.7659573037987125,0.12339593248470741,-1.5764598431496053,-0.19452873237014112,4.0,10.0,4.0,0.10000000000002274,0
165.5,165.5,0.5714285714285714,0.7659573037987125,0.12339593248470741,-1.5764598431496053,-0.19452873237014112,4.0,10.0,4.0,-0.20000000000001705,0
165.5,165.5,0.5714285714285714,0.7659573037987125,0.12339593248470741,-1.5764598431496053,-0.19452873237014112,4.0,10.0,4.0,0.09999999999999432,0
166.5,166.5,0.5714285714285714,0.7669398980104862,0.12340238925862185,-1.5843398799367647,-0.19551132658191483,4.0,10.0,4.0,0.10000000000002274,0
166.5,166.5,0.5714285714285714,0.7669398980104862,0.12340238925862185,-1.5843398799367647,-0.19551132658191483,4.0,10.0,4.0,-0.20000000000001705,0
166.5,166.5,0.5714285714285714,0.7669398980104862,0.12340238925862185,-1.5843398799367647,-0.19551132658191483,4.0,10.0,4.0,0.09999999999999432,0
166.5,166.5,0.5714285714285714,0.7669398980104862,0.12340238925862185,-1.5843398799367647,-0.19551132658191483,4.0,10.0,4.0,0.19999999999998863,0
167.5,167.5,0.5714285714285714,0.7671186666704468,0.11946776891265913,-1.6380158181822342,-0.19569009524187542,4.0,10.0,4.0,-0.20000000000001705,0
167.5,167.5,0.5714285714285714,0.7671186666704468,0.11946776891265913,-1.6380158181822342,-0.19569009524187542,4.0,10.0,4.0,0.09999999999999432,0
167.5,167.5,0.5714285714285714,0.7671186666704468,0.11946776891265913,-1.6380158181822342,-0.19569009524187542,4.0,10.0,4.0,0.19999999999998863,0
167.5,167.5,0.5714285714285714,0.7671186666704468,0.11946776891265913,-1.6380158181822342,-0.19569009524187542,4.0,10.0,4.0,0.09999999999999432,0
168.5,168.5,0.75,0.7666336166585392,0.12157785353372087,-0.13681452809927866,-0.01663361665853924,6.0,10.0,6.0,-0.20000000000001705,0
168.5,168.5,0.75,0.7666336166585392,0.12157785353372087,-0.13681452809927866,-0.01663361665853924,6.0,10.0,6.0,0.09999999999999432,0
168.5,168.5,0.75,0.7666336166585392,0.12157785353372087,-0.13681452809927866,-0.01663361665853924,6.0,10.0,6.0,0.19999999999998863,0
168.5,168.5,0.75,0.7666336166585392,0.12157785353372087,-0.13681452809927866,-0.01663361665853924,6.0,10.0,6.0,0.09999999999999432,0
168.5,168.5,0.75,0.7666336166585392,0.12157785353372087,-0.13681452809927866,-0.01663361665853924,6.0,10.0,6.0,-0.19999999999998863,0
168.5,168.5,0.75,0.7666336166585392,0.12157785353372087,-0.13681452809927866,-0.01663361665853924,6.0,10.0,6.0,0.0,0
169.5,169.5,0.8,0.7972124600717481,0.12461377082593784,0.02236943726023389,0.002787539928251981,6.0,9.0,6.0,-0.4000000000000057,0
169.5,169.5,0.8,0.7972124600717481,0.12461377082593784,0.02236943726023389,0.002787539928251981,6.0,9.0,6.0,0.19999999999998863,0
169.5,169.5,0.8,0.7972124600717481,0.12461377082593784,0.02236943726023389,0.002787539928251981,6.0,9.0,6.0,0.09999999999999432,0
169.5,169.5,0.8,0.7972124600717481,0.12461377082593784,0.02236943726023389,0.002787539928251981,6.0,9.0,6.0,-0.19999999999998863,0
169.5,169.5,0.8,0.7972124600717481,0.12461377082593784,0.02236943726023389,0.002787539928251981,6.0,9.0,6.0,0.0,0
169.5,169.5,0.8,0.7972124600717481,0.12461377082593784,0.02236943726023389,0.002787539928251981,6.0,9.0,6.0,-0.09999999999999432,0
170.5,170.5,0.8,0.8059910112763053,0.11891751560712262,-0.05037955296760731,-0.0059910112763053025,6.0,9.0,6.0,0.19999999999998863,0
170.5,170.5,0.8,0.8059910112763053,0.11891751560712262,-0.05037955296760731,-0.0059910112763053025,6.0,9.0,6.0,0.09999999999999432,0
170.5,170.5,0.8,0.8059910112763053,0.11891751560712262,-0.05037955296760731,-0.0059910112763053025,6.0,9.0,6.0,-0.19999999999998863,0
170.5,170.5,0.8,0.8059910112763053,0.11891751560712262,-0.05037955296760731,-0.0059910112763053025,6.0,9.0,6.0,0.0,0
170.5,170.5,0.8,0.8059910112763053,0.11891751560712262,-0.05037955296760731,-0.0059910112763053025,6.0,9.0,6.0,-0.09999999999999432,0
170.5,170.5,0.8,0.8059910112763053,0.11891751560712262,-0.05037955296760731,-0.0059910112763053025,6.0,9.0,6.0,0.20000000000001705,0
171.5,171.5,0.8,0.8217323194779078,0.11494401048997342,-0.18906874212296151,-0.02173231947790777,7.0,8.0,6.0,0.09999999999999432,0
171.5,171.5,0.8,0.8217323194779078,0.11494401048997342,-0.18906874212296151,-0.02173231947790777,7.0,8.0,6.0,-0.19999999999998863,0
171.5,171.5,0.8,0.8217323194779078,0.11494401048997342,-0.18906874212296151,-0.02173231947790777,7.0,8.0,6.0,0.0,0
171.5,171.5,0.8,0.8217323194779078,0.11494401048997342,-0.18906874212296151,-0.02173231947790777,7.0,8.0,6.0,-0.09999999999999432,0
171.5,171.5,0.8,0.8217323194779078,0.11494401048997342,-0.18906874212296151,-0.02173231947790777,7.0,8.0,6.0,0.20000000000001705,0
171.5,171.5,0.8,0.8217323194779078,0.11494401048997342,-0.18906874212296151,-0.02173231947790777,7.0,8.0,6.0,-0.30000000000001137,0
172.5,172.5,0.8235294117647058,0.7918383123154795,0.11518900461558926,0.27512260875060435,0.03169109944922632,8.0,9.0,7.0,-0.19999999999998863,0
172.5,172.5,0.8235294117647058,0.7918383123154795,0.11518900461558926,0.27512260875060435,0.03169109944922632,8.0,9.0,7.0,0.0,0
172.5,172.5,0.8235294117647058,0.7918383123154795,0.11518900461558926,0.27512260875060435,0.03169109944922632,8.0,9.0,7.0,-0.09999999999999432,0
172.5,172.5,0.8235294117647058,0.7918383123154795,0.11518900461558926,0.27512260875060435,0.03169109944922632,8.0,9.0,7.0,0.20000000000001705,0
172.5,172.5,0.8235294117647058,0.7918383123154795,0.11518900461558926,0.27512260875060435,0.03169109944922632,8.0,9.0,7.0,-0.30000000000001137,0
172.5,172.5,0.8235294117647058,0.7918383123154795,0.11518900461558926,0.27512260875060435,0.03169109944922632,8.0,9.0,7.0,-0.4000000000000057,0
172.5,172.5,0.8235294117647058,0.7918383123154795,0.11518900461558926,0.27512260875060435,0.03169109944922632,8.0,9.0,7.0,-0.4000000000000057,0
173.5,173.5,0.9411764705882353,0.8031756513266576,0.11833247074209702,1.1662126075466421,0.1380008192615777,8.0,9.0,8.0,0.0,0
173.5,173.5,0.9411764705882353,0.8031756513266576,0.11833247074209702,1.1662126075466421,0.1380008192615777,8.0,9.0,8.0,-0.09999999999999432,0
173.5,173.5,0.9411764705882353,0.8031756513266576,0.11833247074209702,1.1662126075466421,0.1380008192615777,8.0,9.0,8.0,0.20000000000001705,0
173.5,173.5,0.9411764705882353,0.8031756513266576,0.11833247074209702,1.1662126075466421,0.1380008192615777,8.0,9.0,8.0,-0.30000000000001137,0
173.5,173.5,0.9411764705882353,0.8031756513266576,0.11833247074209702,1.1662126075466421,0.1380008192615777,8.0,9.0,8.0,-0.4000000000000057,0
173.5,173.5,0.9411764705882353,0.8031756513266576,0.11833247074209702,1.1662126075466421,0.1380008192615777,8.0,9.0,8.0,-0.4000000000000057,0
173.5,173.5,0.9411764705882353,0.8031756513266576,0.11833247074209702,1.1662126075466421,0.1380008192615777,8.0,9.0,8.0,-0.29999999999998295,0
173.5,173.5,0.9411764705882353,0.8031756513266576,0.11833247074209702,1.1662126075466421,0.1380008192615777,8.0,9.0,8.0,-0.4000000000000057,0
174.5,174.5,0.875,0.8263781799899448,0.11546832441365457,0.42108361974555075,0.04862182001005522,8.0,8.0,7.0,0.20000000000001705,0
174.5,174.5,0.875,0.8263781799899448,0.11546832441365457,0.42108361974555075,0.04862182001005522,8.0,8.0,7.0,-0.30000000000001137,0
174.5,174.5,0.875,0.8263781799899448,0.11546832441365457,0.42108361974555075,0.04862182001005522,8.0,8.0,7.0,-0.4000000000000057,0
174.5,174.5,0.875,0.8263781799899448,0.11546832441365457,0.42108361974555075,0.04862182001005522,8.0,8.0,7.0,-0.4000000000000057,0
174.5,174.5,0.875,0.8263781799899448,0.11546832441365457,0.42108361974555075,0.04862182001005522,8.0,8.0,7.0,-0.29999999999998295,0
174.5,174.5,0.875,0.8263781799899448,0.11546832441365457,0.42108361974555075,0.04862182001005522,8.0,8.0,7.0,-0.4000000000000057,0
174.5,174.5,0.875,0.8263781799899448,0.11546832441365457,0.42108361974555075,0.04862182001005522,8.0,8.0,7.0,-0.39999999999997726,0
175.5,175.5,0.9333333333333333,0.8411296233178587,0.10514837159114057,0.8768914688855098,0.09220371001547467,8.0,7.0,7.0,-0.30000000000001137,0
175.5,175.5,0.9333333333333333,0.8411296233178587,0.10514837159114057,0.8768914688855098,0.09220371001547467,8.0,7.0,7.0,-0.4000000000000057,0
175.5,175.5,0.9333333333333333,0.8411296233178587,0.10514837159114057,0.8768914688855098,0.09220371001547467,8.0,7.0,7.0,-0.4000000000000057,0
175.5,175.5,0.9333333333333333,0.8411296233178587,0.10514837159114057,0.8768914688855098,0.09220371001547467,8.0,7.0,7.0,-0.29999999999998295,0
175.5,175.5,0.9333333333333333,0.8411296233178587,0.10514837159114057,0.8768914688855098,0.09220371001547467,8.0,7.0,7.0,-0.4000000000000057,0
175.5,175.5,0.9333333333333333,0.8411296233178587,0.10514837159114057,0.8768914688855098,0.09220371001547467,8.0,7.0,7.0,-0.39999999999997726,0
175.5,175.5,0.9333333333333333,0.8411296233178587,0.10514837159114057,0.8768914688855098,0.09220371001547467,8.0,7.0,7.0,-0.4000000000000057,0
176.5,176.5,0.875,0.8292284379019673,0.10790270808853833,0.4241928947740158,0.04577156209803268,8.0,8.0,7.0,0.09999999999999432,0
176.5,176.5,0.875,0.8292284379019673,0.10790270808853833,0.4241928947740158,0.04577156209803268,8.0,8.0,7.0,-0.29999999999998295,0
176.5,176.5,0.875,0.8292284379019673,0.10790270808853833,0.4241928947740158,0.04577156209803268,8.0,8.0,7.0,-0.4000000000000057,0
176.5,176.5,0.875,0.8292284379019673,0.10790270808853833,0.4241928947740158,0.04577156209803268,8.0,8.0,7.0,-0.39999999999997726,0
176.5,176.5,0.875,0.8292284379019673,0.10790270808853833,0.4241928947740158,0.04577156209803268,8.0,8.0,7.0,-0.4000000000000057,0
176.5,176.5,0.875,0.8292284379019673,0.10790270808853833,0.4241928947740158,0.04577156209803268,8.0,8.0,7.0,-0.6999999999999886,0
176.5,176.5,0.875,0.8292284379019673,0.10790270808853833,0.4241928947740158,0.04577156209803268,8.0,8.0,7.0,-0.700000000000017,0
