t_center,t_center_abs,S,S_null_mean,S_null_sd,z_S_t,S_excess,nA,nB,nM,dt,episode
11.5,11.5,0.6,0.8805243589743591,0.09659349433560532,-2.904174457129615,-0.2805243589743591,3.0,7.0,3.0,-0.20000000000000107,0
11.5,11.5,0.6,0.8805243589743591,0.09659349433560532,-2.904174457129615,-0.2805243589743591,3.0,7.0,3.0,0.0,0
11.5,11.5,0.6,0.8805243589743591,0.09659349433560532,-2.904174457129615,-0.2805243589743591,3.0,7.0,3.0,0.09999999999999964,0
12.5,12.5,0.6666666666666666,0.8500554083171733,0.10437927293761216,-1.756945957653094,-0.18338874165050667,4.0,8.0,4.0,-0.20000000000000107,0
12.5,12.5,0.6666666666666666,0.8500554083171733,0.10437927293761216,-1.756945957653094,-0.18338874165050667,4.0,8.0,4.0,0.0,0
12.5,12.5,0.6666666666666666,0.8500554083171733,0.10437927293761216,-1.756945957653094,-0.18338874165050667,4.0,8.0,4.0,0.09999999999999964,0
12.5,12.5,0.6666666666666666,0.8500554083171733,0.10437927293761216,-1.756945957653094,-0.18338874165050667,4.0,8.0,4.0,0.0,0
13.5,13.5,0.6153846153846154,0.7988252889267594,0.10679219301024842,-1.7177348677963746,-0.183440673542144,4.0,9.0,4.0,0.0,0
13.5,13.5,0.6153846153846154,0.7988252889267594,0.10679219301024842,-1.7177348677963746,-0.183440673542144,4.0,9.0,4.0,0.09999999999999964,0
13.5,13.5,0.6153846153846154,0.7988252889267594,0.10679219301024842,-1.7177348677963746,-0.183440673542144,4.0,9.0,4.0,0.0,0
13.5,13.5,0.6153846153846154,0.7988252889267594,0.10679219301024842,-1.7177348677963746,-0.183440673542144,4.0,9.0,4.0,0.20000000000000107,0
14.5,14.5,0.6666666666666666,0.7503489382392634,0.10451282253201384,-0.8006890403037737,-0.08368227157259678,5.0,10.0,5.0,0.0,0
14.5,14.5,0.6666666666666666,0.7503489382392634,0.10451282253201384,-0.8006890403037737,-0.08368227157259678,5.0,10.0,5.0,0.09999999999999964,0
14.5,14.5,0.6666666666666666,0.7503489382392634,0.10451282253201384,-0.8006890403037737,-0.08368227157259678,5.0,10.0,5.0,0.0,0
14.5,14.5,0.6666666666666666,0.7503489382392634,0.10451282253201384,-0.8006890403037737,-0.08368227157259678,5.0,10.0,5.0,0.20000000000000107,0
14.5,14.5,0.6666666666666666,0.7503489382392634,0.10451282253201384,-0.8006890403037737,-0.08368227157259678,5.0,10.0,5.0,-0.1999999999999993,0
15.5,15.5,0.7142857142857143,0.7570867191631897,0.11194526366444592,-0.3823386847859031,-0.0428010048774754,5.0,9.0,5.0,0.09999999999999964,0
15.5,15.5,0.7142857142857143,0.7570867191631897,0.11194526366444592,-0.3823386847859031,-0.0428010048774754,5.0,9.0,5.0,0.0,0
15.5,15.5,0.7142857142857143,0.7570867191631897,0.11194526366444592,-0.3823386847859031,-0.0428010048774754,5.0,9.0,5.0,0.20000000000000107,0
15.5,15.5,0.7142857142857143,0.7570867191631897,0.11194526366444592,-0.3823386847859031,-0.0428010048774754,5.0,9.0,5.0,-0.1999999999999993,0
15.5,15.5,0.7142857142857143,0.7570867191631897,0.11194526366444592,-0.3823386847859031,-0.0428010048774754,5.0,9.0,5.0,-0.1999999999999993,0
16.5,16.5,0.7692307692307693,0.7650926558735383,0.11475937989798769,0.03605904250188078,0.004138113357231021,5.0,8.0,5.0,0.0,0
16.5,16.5,0.7692307692307693,0.7650926558735383,0.11475937989798769,0.03605904250188078,0.004138113357231021,5.0,8.0,5.0,0.20000000000000107,0
16.5,16.5,0.7692307692307693,0.7650926558735383,0.11475937989798769,0.03605904250188078,0.004138113357231021,5.0,8.0,5.0,-0.1999999999999993,0
16.5,16.5,0.7692307692307693,0.7650926558735383,0.11475937989798769,0.03605904250188078,0.004138113357231021,5.0,8.0,5.0,-0.1999999999999993,0
16.5,16.5,0.7692307692307693,0.7650926558735383,0.11475937989798769,0.03605904250188078,0.004138113357231021,5.0,8.0,5.0,0.5999999999999979,0
17.5,17.5,0.6666666666666666,0.7806448246198247,0.11289660554097264,-1.0095800259627192,-0.11397815795315802,5.0,7.0,4.0,0.20000000000000107,0
17.5,17.5,0.6666666666666666,0.7806448246198247,0.11289660554097264,-1.0095800259627192,-0.11397815795315802,5.0,7.0,4.0,-0.1999999999999993,0
17.5,17.5,0.6666666666666666,0.7806448246198247,0.11289660554097264,-1.0095800259627192,-0.11397815795315802,5.0,7.0,4.0,-0.1999999999999993,0
17.5,17.5,0.6666666666666666,0.7806448246198247,0.11289660554097264,-1.0095800259627192,-0.11397815795315802,5.0,7.0,4.0,-0.6000000000000014,0
18.5,18.5,0.6,0.7146567599067598,0.12426944999927722,-0.9226463938435931,-0.11465675990675983,5.0,5.0,3.0,-0.1999999999999993,0
18.5,18.5,0.6,0.7146567599067598,0.12426944999927722,-0.9226463938435931,-0.11465675990675983,5.0,5.0,3.0,-0.1999999999999993,0
18.5,18.5,0.6,0.7146567599067598,0.12426944999927722,-0.9226463938435931,-0.11465675990675983,5.0,5.0,3.0,-0.6000000000000014,0
19.5,19.5,0.6666666666666666,0.7331354034854034,0.09710035092426801,-0.6845365252137768,-0.06646873681873677,5.0,4.0,3.0,-0.1999999999999993,0
19.5,19.5,0.6666666666666666,0.7331354034854034,0.09710035092426801,-0.6845365252137768,-0.06646873681873677,5.0,4.0,3.0,-0.6000000000000014,0
19.5,19.5,0.6666666666666666,0.7331354034854034,0.09710035092426801,-0.6845365252137768,-0.06646873681873677,5.0,4.0,3.0,-0.8000000000000007,0
20.5,20.5,0.5,0.6209083694083694,0.09678329008822596,-1.2492690556205661,-0.12090836940836935,5.0,3.0,2.0,-0.6000000000000014,0
20.5,20.5,0.5,0.6209083694083694,0.09678329008822596,-1.2492690556205661,-0.12090836940836935,5.0,3.0,2.0,-0.8000000000000007,0
21.5,21.5,0.8888888888888888,0.7319056998556999,0.10446256777136691,1.5027697708596621,0.15698318903318897,5.0,4.0,4.0,-0.1999999999999993,0
21.5,21.5,0.8888888888888888,0.7319056998556999,0.10446256777136691,1.5027697708596621,0.15698318903318897,5.0,4.0,4.0,-0.8000000000000007,0
21.5,21.5,0.8888888888888888,0.7319056998556999,0.10446256777136691,1.5027697708596621,0.15698318903318897,5.0,4.0,4.0,-0.6999999999999993,0
21.5,21.5,0.8888888888888888,0.7319056998556999,0.10446256777136691,1.5027697708596621,0.15698318903318897,5.0,4.0,4.0,-0.5,0
22.5,22.5,0.8888888888888888,0.7301278388278388,0.10660093143188988,1.4893026536310012,0.15876105006105,5.0,4.0,4.0,-0.8000000000000007,0
22.5,22.5,0.8888888888888888,0.7301278388278388,0.10660093143188988,1.4893026536310012,0.15876105006105,5.0,4.0,4.0,-0.6999999999999993,0
22.5,22.5,0.8888888888888888,0.7301278388278388,0.10660093143188988,1.4893026536310012,0.15876105006105,5.0,4.0,4.0,-0.5,0
22.5,22.5,0.8888888888888888,0.7301278388278388,0.10660093143188988,1.4893026536310012,0.15876105006105,5.0,4.0,4.0,-0.5,0
23.5,23.5,1.0,0.8192146076146075,0.09659532632325453,1.871574943288637,0.18078539238539248,5.0,5.0,5.0,0.0,0
23.5,23.5,1.0,0.8192146076146075,0.09659532632325453,1.871574943288637,0.18078539238539248,5.0,5.0,5.0,-0.6999999999999993,0
23.5,23.5,1.0,0.8192146076146075,0.09659532632325453,1.871574943288637,0.18078539238539248,5.0,5.0,5.0,-0.5,0
23.5,23.5,1.0,0.8192146076146075,0.09659532632325453,1.871574943288637,0.18078539238539248,5.0,5.0,5.0,-0.5,0
23.5,23.5,1.0,0.8192146076146075,0.09659532632325453,1.871574943288637,0.18078539238539248,5.0,5.0,5.0,-0.1999999999999993,0
24.5,24.5,0.9090909090909091,0.866822288822289,0.09916861650903727,0.42622980693461776,0.042268620268620105,5.0,6.0,5.0,-0.6999999999999993,0
24.5,24.5,0.9090909090909091,0.866822288822289,0.09916861650903727,0.42622980693461776,0.042268620268620105,5.0,6.0,5.0,-0.5,0
24.5,24.5,0.9090909090909091,0.866822288822289,0.09916861650903727,0.42622980693461776,0.042268620268620105,5.0,6.0,5.0,-0.5,0
24.5,24.5,0.9090909090909091,0.866822288822289,0.09916861650903727,0.42622980693461776,0.042268620268620105,5.0,6.0,5.0,-0.1999999999999993,0
24.5,24.5,0.9090909090909091,0.866822288822289,0.09916861650903727,0.42622980693461776,0.042268620268620105,5.0,6.0,5.0,-0.09999999999999787,0
25.5,25.5,0.9230769230769231,0.867799705849706,0.09795880096049475,0.5642904637992615,0.055277217227217124,6.0,7.0,6.0,0.1999999999999993,0
25.5,25.5,0.9230769230769231,0.867799705849706,0.09795880096049475,0.5642904637992615,0.055277217227217124,6.0,7.0,6.0,0.10000000000000142,0
25.5,25.5,0.9230769230769231,0.867799705849706,0.09795880096049475,0.5642904637992615,0.055277217227217124,6.0,7.0,6.0,-0.1999999999999993,0
25.5,25.5,0.9230769230769231,0.867799705849706,0.09795880096049475,0.5642904637992615,0.055277217227217124,6.0,7.0,6.0,-0.09999999999999787,0
25.5,25.5,0.9230769230769231,0.867799705849706,0.09795880096049475,0.5642904637992615,0.055277217227217124,6.0,7.0,6.0,0.1999999999999993,0
25.5,25.5,0.9230769230769231,0.867799705849706,0.09795880096049475,0.5642904637992615,0.055277217227217124,6.0,7.0,6.0,0.5,0
26.5,26.5,0.8571428571428571,0.8492033755460227,0.09394587878639012,0.08451122816027806,0.007939481596834441,6.0,8.0,6.0,0.10000000000000142,0
26.5,26.5,0.8571428571428571,0.8492033755460227,0.09394587878639012,0.08451122816027806,0.007939481596834441,6.0,8.0,6.0,-0.1999999999999993,0
26.5,26.5,0.8571428571428571,0.8492033755460227,0.09394587878639012,0.08451122816027806,0.007939481596834441,6.0,8.0,6.0,-0.09999999999999787,0
26.5,26.5,0.8571428571428571,0.8492033755460227,0.09394587878639012,0.08451122816027806,0.007939481596834441,6.0,8.0,6.0,0.1999999999999993,0
26.5,26.5,0.8571428571428571,0.8492033755460227,0.09394587878639012,0.08451122816027806,0.007939481596834441,6.0,8.0,6.0,-0.1999999999999993,0
26.5,26.5,0.8571428571428571,0.8492033755460227,0.09394587878639012,0.08451122816027806,0.007939481596834441,6.0,8.0,6.0,0.0,0
27.5,27.5,0.9333333333333333,0.8598166490372373,0.09976542680303378,0.7368954020638786,0.07351668429609604,7.0,8.0,7.0,-0.1999999999999993,0
27.5,27.5,0.9333333333333333,0.8598166490372373,0.09976542680303378,0.7368954020638786,0.07351668429609604,7.0,8.0,7.0,-0.09999999999999787,0
27.5,27.5,0.9333333333333333,0.8598166490372373,0.09976542680303378,0.7368954020638786,0.07351668429609604,7.0,8.0,7.0,0.1999999999999993,0
27.5,27.5,0.9333333333333333,0.8598166490372373,0.09976542680303378,0.7368954020638786,0.07351668429609604,7.0,8.0,7.0,-0.1999999999999993,0
27.5,27.5,0.9333333333333333,0.8598166490372373,0.09976542680303378,0.7368954020638786,0.07351668429609604,7.0,8.0,7.0,0.0,0
27.5,27.5,0.9333333333333333,0.8598166490372373,0.09976542680303378,0.7368954020638786,0.07351668429609604,7.0,8.0,7.0,-0.1999999999999993,0
27.5,27.5,0.9333333333333333,0.8598166490372373,0.09976542680303378,0.7368954020638786,0.07351668429609604,7.0,8.0,7.0,-0.3000000000000007,0
28.5,28.5,0.9333333333333333,0.8425227816301346,0.1018871213817581,0.8912858707916886,0.09081055170319874,7.0,8.0,7.0,-0.09999999999999787,0
28.5,28.5,0.9333333333333333,0.8425227816301346,0.1018871213817581,0.8912858707916886,0.09081055170319874,7.0,8.0,7.0,0.1999999999999993,0
28.5,28.5,0.9333333333333333,0.8425227816301346,0.1018871213817581,0.8912858707916886,0.09081055170319874,7.0,8.0,7.0,-0.1999999999999993,0
28.5,28.5,0.9333333333333333,0.8425227816301346,0.1018871213817581,0.8912858707916886,0.09081055170319874,7.0,8.0,7.0,0.0,0
28.5,28.5,0.9333333333333333,0.8425227816301346,0.1018871213817581,0.8912858707916886,0.09081055170319874,7.0,8.0,7.0,-0.1999999999999993,0
28.5,28.5,0.9333333333333333,0.8425227816301346,0.1018871213817581,0.8912858707916886,0.09081055170319874,7.0,8.0,7.0,-0.3000000000000007,0
28.5,28.5,0.9333333333333333,0.8425227816301346,0.1018871213817581,0.8912858707916886,0.09081055170319874,7.0,8.0,7.0,-0.5,0
29.5,29.5,0.9333333333333333,0.8057947513271042,0.1042745325782869,1.2231038476291047,0.12753858200622914,7.0,8.0,7.0,0.1999999999999993,0
29.5,29.5,0.9333333333333333,0.8057947513271042,0.1042745325782869,1.2231038476291047,0.12753858200622914,7.0,8.0,7.0,-0.1999999999999993,0
29.5,29.5,0.9333333333333333,0.8057947513271042,0.1042745325782869,1.2231038476291047,0.12753858200622914,7.0,8.0,7.0,0.0,0
29.5,29.5,0.9333333333333333,0.8057947513271042,0.1042745325782869,1.2231038476291047,0.12753858200622914,7.0,8.0,7.0,-0.1999999999999993,0
29.5,29.5,0.9333333333333333,0.8057947513271042,0.1042745325782869,1.2231038476291047,0.12753858200622914,7.0,8.0,7.0,-0.3000000000000007,0
29.5,29.5,0.9333333333333333,0.8057947513271042,0.1042745325782869,1.2231038476291047,0.12753858200622914,7.0,8.0,7.0,-0.5,0
29.5,29.5,0.9333333333333333,0.8057947513271042,0.1042745325782869,1.2231038476291047,0.12753858200622914,7.0,8.0,7.0,-0.40000000000000213,0
30.5,30.5,0.9333333333333333,0.839477750680692,0.10345837534319753,0.907182065650062,0.09385558265264138,7.0,8.0,7.0,-0.1999999999999993,0
30.5,30.5,0.9333333333333333,0.839477750680692,0.10345837534319753,0.907182065650062,0.09385558265264138,7.0,8.0,7.0,0.0,0
30.5,30.5,0.9333333333333333,0.839477750680692,0.10345837534319753,0.907182065650062,0.09385558265264138,7.0,8.0,7.0,-0.1999999999999993,0
30.5,30.5,0.9333333333333333,0.839477750680692,0.10345837534319753,0.907182065650062,0.09385558265264138,7.0,8.0,7.0,-0.3000000000000007,0
30.5,30.5,0.9333333333333333,0.839477750680692,0.10345837534319753,0.907182065650062,0.09385558265264138,7.0,8.0,7.0,-0.5,0
30.5,30.5,0.9333333333333333,0.839477750680692,0.10345837534319753,0.907182065650062,0.09385558265264138,7.0,8.0,7.0,-0.40000000000000213,0
30.5,30.5,0.9333333333333333,0.839477750680692,0.10345837534319753,0.907182065650062,0.09385558265264138,7.0,8.0,7.0,-0.29999999999999716,0
31.5,31.5,0.8571428571428571,0.8544616839043311,0.10906063027726631,0.024584244852699187,0.0026811732385260134,6.0,8.0,6.0,-0.1999999999999993,0
31.5,31.5,0.8571428571428571,0.8544616839043311,0.10906063027726631,0.024584244852699187,0.0026811732385260134,6.0,8.0,6.0,-0.3000000000000007,0
31.5,31.5,0.8571428571428571,0.8544616839043311,0.10906063027726631,0.024584244852699187,0.0026811732385260134,6.0,8.0,6.0,-0.5,0
31.5,31.5,0.8571428571428571,0.8544616839043311,0.10906063027726631,0.024584244852699187,0.0026811732385260134,6.0,8.0,6.0,-0.40000000000000213,0
31.5,31.5,0.8571428571428571,0.8544616839043311,0.10906063027726631,0.024584244852699187,0.0026811732385260134,6.0,8.0,6.0,-0.29999999999999716,0
31.5,31.5,0.8571428571428571,0.8544616839043311,0.10906063027726631,0.024584244852699187,0.0026811732385260134,6.0,8.0,6.0,-0.30000000000000426,0
32.5,32.5,0.8571428571428571,0.8374003809915576,0.1093894843376709,0.18047873861766384,0.019742476151299537,6.0,8.0,6.0,0.3999999999999986,0
32.5,32.5,0.8571428571428571,0.8374003809915576,0.1093894843376709,0.18047873861766384,0.019742476151299537,6.0,8.0,6.0,0.3000000000000007,0
32.5,32.5,0.8571428571428571,0.8374003809915576,0.1093894843376709,0.18047873861766384,0.019742476151299537,6.0,8.0,6.0,-0.29999999999999716,0
32.5,32.5,0.8571428571428571,0.8374003809915576,0.1093894843376709,0.18047873861766384,0.019742476151299537,6.0,8.0,6.0,-0.30000000000000426,0
32.5,32.5,0.8571428571428571,0.8374003809915576,0.1093894843376709,0.18047873861766384,0.019742476151299537,6.0,8.0,6.0,0.10000000000000142,0
32.5,32.5,0.8571428571428571,0.8374003809915576,0.1093894843376709,0.18047873861766384,0.019742476151299537,6.0,8.0,6.0,0.0,0
33.5,33.5,0.9333333333333333,0.8482836433174669,0.11160672789532476,0.7620480558809506,0.08504969001586649,7.0,8.0,7.0,-0.40000000000000213,0
33.5,33.5,0.9333333333333333,0.8482836433174669,0.11160672789532476,0.7620480558809506,0.08504969001586649,7.0,8.0,7.0,-0.29999999999999716,0
33.5,33.5,0.9333333333333333,0.8482836433174669,0.11160672789532476,0.7620480558809506,0.08504969001586649,7.0,8.0,7.0,-0.30000000000000426,0
33.5,33.5,0.9333333333333333,0.8482836433174669,0.11160672789532476,0.7620480558809506,0.08504969001586649,7.0,8.0,7.0,0.10000000000000142,0
33.5,33.5,0.9333333333333333,0.8482836433174669,0.11160672789532476,0.7620480558809506,0.08504969001586649,7.0,8.0,7.0,0.0,0
33.5,33.5,0.9333333333333333,0.8482836433174669,0.11160672789532476,0.7620480558809506,0.08504969001586649,7.0,8.0,7.0,0.19999999999999574,0
33.5,33.5,0.9333333333333333,0.8482836433174669,0.11160672789532476,0.7620480558809506,0.08504969001586649,7.0,8.0,7.0,0.0,0
34.5,34.5,0.875,0.7938252053502054,0.11018480179041237,0.7367149854677866,0.0811747946497946,7.0,9.0,7.0,-0.29999999999999716,0
34.5,34.5,0.875,0.7938252053502054,0.11018480179041237,0.7367149854677866,0.0811747946497946,7.0,9.0,7.0,-0.30000000000000426,0
34.5,34.5,0.875,0.7938252053502054,0.11018480179041237,0.7367149854677866,0.0811747946497946,7.0,9.0,7.0,0.10000000000000142,0
34.5,34.5,0.875,0.7938252053502054,0.11018480179041237,0.7367149854677866,0.0811747946497946,7.0,9.0,7.0,0.0,0
34.5,34.5,0.875,0.7938252053502054,0.11018480179041237,0.7367149854677866,0.0811747946497946,7.0,9.0,7.0,0.19999999999999574,0
34.5,34.5,0.875,0.7938252053502054,0.11018480179041237,0.7367149854677866,0.0811747946497946,7.0,9.0,7.0,0.0,0
34.5,34.5,0.875,0.7938252053502054,0.11018480179041237,0.7367149854677866,0.0811747946497946,7.0,9.0,7.0,0.10000000000000142,0
35.5,35.5,0.8235294117647058,0.7344372996284761,0.10796071645311196,0.8252271294894841,0.0890921121362297,8.0,9.0,7.0,-0.30000000000000426,0
35.5,35.5,0.8235294117647058,0.7344372996284761,0.10796071645311196,0.8252271294894841,0.0890921121362297,8.0,9.0,7.0,0.10000000000000142,0
35.5,35.5,0.8235294117647058,0.7344372996284761,0.10796071645311196,0.8252271294894841,0.0890921121362297,8.0,9.0,7.0,0.0,0
35.5,35.5,0.8235294117647058,0.7344372996284761,0.10796071645311196,0.8252271294894841,0.0890921121362297,8.0,9.0,7.0,0.19999999999999574,0
35.5,35.5,0.8235294117647058,0.7344372996284761,0.10796071645311196,0.8252271294894841,0.0890921121362297,8.0,9.0,7.0,0.0,0
35.5,35.5,0.8235294117647058,0.7344372996284761,0.10796071645311196,0.8252271294894841,0.0890921121362297,8.0,9.0,7.0,0.10000000000000142,0
35.5,35.5,0.8235294117647058,0.7344372996284761,0.10796071645311196,0.8252271294894841,0.0890921121362297,8.0,9.0,7.0,-0.10000000000000142,0
36.5,36.5,0.875,0.7408496297819827,0.11082715581353474,1.2104467468579958,0.13415037021801735,8.0,8.0,7.0,0.10000000000000142,0
36.5,36.5,0.875,0.7408496297819827,0.11082715581353474,1.2104467468579958,0.13415037021801735,8.0,8.0,7.0,0.0,0
36.5,36.5,0.875,0.7408496297819827,0.11082715581353474,1.2104467468579958,0.13415037021801735,8.0,8.0,7.0,0.19999999999999574,0
36.5,36.5,0.875,0.7408496297819827,0.11082715581353474,1.2104467468579958,0.13415037021801735,8.0,8.0,7.0,0.0,0
36.5,36.5,0.875,0.7408496297819827,0.11082715581353474,1.2104467468579958,0.13415037021801735,8.0,8.0,7.0,0.10000000000000142,0
36.5,36.5,0.875,0.7408496297819827,0.11082715581353474,1.2104467468579958,0.13415037021801735,8.0,8.0,7.0,-0.10000000000000142,0
36.5,36.5,0.875,0.7408496297819827,0.11082715581353474,1.2104467468579958,0.13415037021801735,8.0,8.0,7.0,-0.20000000000000284,0
37.5,37.5,0.8571428571428571,0.7626323537573538,0.10529770984116965,0.897555165521285,0.09451050338550326,7.0,7.0,6.0,0.19999999999999574,0
37.5,37.5,0.8571428571428571,0.7626323537573538,0.10529770984116965,0.897555165521285,0.09451050338550326,7.0,7.0,6.0,0.0,0
37.5,37.5,0.8571428571428571,0.7626323537573538,0.10529770984116965,0.897555165521285,0.09451050338550326,7.0,7.0,6.0,0.10000000000000142,0
37.5,37.5,0.8571428571428571,0.7626323537573538,0.10529770984116965,0.897555165521285,0.09451050338550326,7.0,7.0,6.0,-0.10000000000000142,0
37.5,37.5,0.8571428571428571,0.7626323537573538,0.10529770984116965,0.897555165521285,0.09451050338550326,7.0,7.0,6.0,-0.20000000000000284,0
37.5,37.5,0.8571428571428571,0.7626323537573538,0.10529770984116965,0.897555165521285,0.09451050338550326,7.0,7.0,6.0,0.19999999999999574,0
38.5,38.5,0.8333333333333334,0.78528566988567,0.10291261236883524,0.46687827994747877,0.048047663447663425,6.0,6.0,5.0,0.10000000000000142,0
38.5,38.5,0.8333333333333334,0.78528566988567,0.10291261236883524,0.46687827994747877,0.048047663447663425,6.0,6.0,5.0,-0.10000000000000142,0
38.5,38.5,0.8333333333333334,0.78528566988567,0.10291261236883524,0.46687827994747877,0.048047663447663425,6.0,6.0,5.0,-0.20000000000000284,0
38.5,38.5,0.8333333333333334,0.78528566988567,0.10291261236883524,0.46687827994747877,0.048047663447663425,6.0,6.0,5.0,0.19999999999999574,0
38.5,38.5,0.8333333333333334,0.78528566988567,0.10291261236883524,0.46687827994747877,0.048047663447663425,6.0,6.0,5.0,-0.10000000000000142,0
39.5,39.5,0.8333333333333334,0.8707227106227107,0.09474670087437181,-0.39462458264328665,-0.0373893772893773,6.0,6.0,5.0,-0.10000000000000142,0
39.5,39.5,0.8333333333333334,0.8707227106227107,0.09474670087437181,-0.39462458264328665,-0.0373893772893773,6.0,6.0,5.0,-0.20000000000000284,0
39.5,39.5,0.8333333333333334,0.8707227106227107,0.09474670087437181,-0.39462458264328665,-0.0373893772893773,6.0,6.0,5.0,0.19999999999999574,0
39.5,39.5,0.8333333333333334,0.8707227106227107,0.09474670087437181,-0.39462458264328665,-0.0373893772893773,6.0,6.0,5.0,-0.10000000000000142,0
39.5,39.5,0.8333333333333334,0.8707227106227107,0.09474670087437181,-0.39462458264328665,-0.0373893772893773,6.0,6.0,5.0,-0.20000000000000284,0
40.5,40.5,0.9090909090909091,0.8833774225774227,0.09079554966600553,0.2832020578990302,0.025713486513486372,5.0,6.0,5.0,-0.20000000000000284,0
40.5,40.5,0.9090909090909091,0.8833774225774227,0.09079554966600553,0.2832020578990302,0.025713486513486372,5.0,6.0,5.0,0.19999999999999574,0
40.5,40.5,0.9090909090909091,0.8833774225774227,0.09079554966600553,0.2832020578990302,0.025713486513486372,5.0,6.0,5.0,-0.10000000000000142,0
40.5,40.5,0.9090909090909091,0.8833774225774227,0.09079554966600553,0.2832020578990302,0.025713486513486372,5.0,6.0,5.0,-0.20000000000000284,0
40.5,40.5,0.9090909090909091,0.8833774225774227,0.09079554966600553,0.2832020578990302,0.025713486513486372,5.0,6.0,5.0,0.10000000000000142,0
41.5,41.5,0.7692307692307693,0.8449318838024722,0.10329965579243926,-0.7328302692877284,-0.07570111457170292,5.0,8.0,5.0,0.19999999999999574,0
41.5,41.5,0.7692307692307693,0.8449318838024722,0.10329965579243926,-0.7328302692877284,-0.07570111457170292,5.0,8.0,5.0,-0.10000000000000142,0
41.5,41.5,0.7692307692307693,0.8449318838024722,0.10329965579243926,-0.7328302692877284,-0.07570111457170292,5.0,8.0,5.0,-0.20000000000000284,0
41.5,41.5,0.7692307692307693,0.8449318838024722,0.10329965579243926,-0.7328302692877284,-0.07570111457170292,5.0,8.0,5.0,0.10000000000000142,0
41.5,41.5,0.7692307692307693,0.8449318838024722,0.10329965579243926,-0.7328302692877284,-0.07570111457170292,5.0,8.0,5.0,0.10000000000000142,0
42.5,42.5,0.8571428571428571,0.8556980720260132,0.10477775949252463,0.013789043818473233,0.001444785116843872,6.0,8.0,6.0,-0.10000000000000142,0
42.5,42.5,0.8571428571428571,0.8556980720260132,0.10477775949252463,0.013789043818473233,0.001444785116843872,6.0,8.0,6.0,-0.20000000000000284,0
42.5,42.5,0.8571428571428571,0.8556980720260132,0.10477775949252463,0.013789043818473233,0.001444785116843872,6.0,8.0,6.0,0.10000000000000142,0
42.5,42.5,0.8571428571428571,0.8556980720260132,0.10477775949252463,0.013789043818473233,0.001444785116843872,6.0,8.0,6.0,0.10000000000000142,0
42.5,42.5,0.8571428571428571,0.8556980720260132,0.10477775949252463,0.013789043818473233,0.001444785116843872,6.0,8.0,6.0,-0.10000000000000142,0
42.5,42.5,0.8571428571428571,0.8556980720260132,0.10477775949252463,0.013789043818473233,0.001444785116843872,6.0,8.0,6.0,-0.10000000000000142,0
43.5,43.5,0.875,0.8077550111653051,0.10645202984056586,0.6316928755178111,0.06724498883469487,7.0,9.0,7.0,-0.20000000000000284,0
43.5,43.5,0.875,0.8077550111653051,0.10645202984056586,0.6316928755178111,0.06724498883469487,7.0,9.0,7.0,0.10000000000000142,0
43.5,43.5,0.875,0.8077550111653051,0.10645202984056586,0.6316928755178111,0.06724498883469487,7.0,9.0,7.0,0.10000000000000142,0
43.5,43.5,0.875,0.8077550111653051,0.10645202984056586,0.6316928755178111,0.06724498883469487,7.0,9.0,7.0,-0.10000000000000142,0
43.5,43.5,0.875,0.8077550111653051,0.10645202984056586,0.6316928755178111,0.06724498883469487,7.0,9.0,7.0,-0.10000000000000142,0
43.5,43.5,0.875,0.8077550111653051,0.10645202984056586,0.6316928755178111,0.06724498883469487,7.0,9.0,7.0,0.0,0
43.5,43.5,0.875,0.8077550111653051,0.10645202984056586,0.6316928755178111,0.06724498883469487,7.0,9.0,7.0,0.0,0
44.5,44.5,0.875,0.7831674054703467,0.10623169897883024,0.8644556701286839,0.09183259452965331,7.0,9.0,7.0,0.10000000000000142,0
44.5,44.5,0.875,0.7831674054703467,0.10623169897883024,0.8644556701286839,0.09183259452965331,7.0,9.0,7.0,0.10000000000000142,0
44.5,44.5,0.875,0.7831674054703467,0.10623169897883024,0.8644556701286839,0.09183259452965331,7.0,9.0,7.0,-0.10000000000000142,0
44.5,44.5,0.875,0.7831674054703467,0.10623169897883024,0.8644556701286839,0.09183259452965331,7.0,9.0,7.0,-0.10000000000000142,0
44.5,44.5,0.875,0.7831674054703467,0.10623169897883024,0.8644556701286839,0.09183259452965331,7.0,9.0,7.0,0.0,0
44.5,44.5,0.875,0.7831674054703467,0.10623169897883024,0.8644556701286839,0.09183259452965331,7.0,9.0,7.0,0.0,0
44.5,44.5,0.875,0.7831674054703467,0.10623169897883024,0.8644556701286839,0.09183259452965331,7.0,9.0,7.0,0.0,0
45.5,45.5,0.9411764705882353,0.7961849080657905,0.10360571205630194,1.3994552968629064,0.14499156252244483,8.0,9.0,8.0,0.10000000000000142,0
45.5,45.5,0.9411764705882353,0.7961849080657905,0.10360571205630194,1.3994552968629064,0.14499156252244483,8.0,9.0,8.0,-0.10000000000000142,0
45.5,45.5,0.9411764705882353,0.7961849080657905,0.10360571205630194,1.3994552968629064,0.14499156252244483,8.0,9.0,8.0,-0.10000000000000142,0
45.5,45.5,0.9411764705882353,0.7961849080657905,0.10360571205630194,1.3994552968629064,0.14499156252244483,8.0,9.0,8.0,0.0,0
45.5,45.5,0.9411764705882353,0.7961849080657905,0.10360571205630194,1.3994552968629064,0.14499156252244483,8.0,9.0,8.0,0.0,0
45.5,45.5,0.9411764705882353,0.7961849080657905,0.10360571205630194,1.3994552968629064,0.14499156252244483,8.0,9.0,8.0,0.0,0
45.5,45.5,0.9411764705882353,0.7961849080657905,0.10360571205630194,1.3994552968629064,0.14499156252244483,8.0,9.0,8.0,0.0,0
45.5,45.5,0.9411764705882353,0.7961849080657905,0.10360571205630194,1.3994552968629064,0.14499156252244483,8.0,9.0,8.0,0.29999999999999716,0
46.5,46.5,0.9411764705882353,0.8021547300738477,0.10420719159250125,1.3340896956327872,0.13902174051438754,8.0,9.0,8.0,-0.10000000000000142,0
46.5,46.5,0.9411764705882353,0.8021547300738477,0.10420719159250125,1.3340896956327872,0.13902174051438754,8.0,9.0,8.0,-0.10000000000000142,0
46.5,46.5,0.9411764705882353,0.8021547300738477,0.10420719159250125,1.3340896956327872,0.13902174051438754,8.0,9.0,8.0,0.0,0
46.5,46.5,0.9411764705882353,0.8021547300738477,0.10420719159250125,1.3340896956327872,0.13902174051438754,8.0,9.0,8.0,0.0,0
46.5,46.5,0.9411764705882353,0.8021547300738477,0.10420719159250125,1.3340896956327872,0.13902174051438754,8.0,9.0,8.0,0.0,0
46.5,46.5,0.9411764705882353,0.8021547300738477,0.10420719159250125,1.3340896956327872,0.13902174051438754,8.0,9.0,8.0,0.0,0
46.5,46.5,0.9411764705882353,0.8021547300738477,0.10420719159250125,1.3340896956327872,0.13902174051438754,8.0,9.0,8.0,-0.29999999999999716,0
46.5,46.5,0.9411764705882353,0.8021547300738477,0.10420719159250125,1.3340896956327872,0.13902174051438754,8.0,9.0,8.0,-0.19999999999999574,0
47.5,47.5,0.9333333333333333,0.8134775939746529,0.10785882398894296,1.1112279452533929,0.11985573935868044,7.0,8.0,7.0,0.0,0
47.5,47.5,0.9333333333333333,0.8134775939746529,0.10785882398894296,1.1112279452533929,0.11985573935868044,7.0,8.0,7.0,0.0,0
47.5,47.5,0.9333333333333333,0.8134775939746529,0.10785882398894296,1.1112279452533929,0.11985573935868044,7.0,8.0,7.0,0.0,0
47.5,47.5,0.9333333333333333,0.8134775939746529,0.10785882398894296,1.1112279452533929,0.11985573935868044,7.0,8.0,7.0,0.0,0
47.5,47.5,0.9333333333333333,0.8134775939746529,0.10785882398894296,1.1112279452533929,0.11985573935868044,7.0,8.0,7.0,-0.29999999999999716,0
47.5,47.5,0.9333333333333333,0.8134775939746529,0.10785882398894296,1.1112279452533929,0.11985573935868044,7.0,8.0,7.0,-0.19999999999999574,0
47.5,47.5,0.9333333333333333,0.8134775939746529,0.10785882398894296,1.1112279452533929,0.11985573935868044,7.0,8.0,7.0,0.30000000000000426,0
48.5,48.5,0.875,0.7917170476582241,0.10218986952531707,0.8149824706561827,0.08328295234177585,7.0,9.0,7.0,0.0,0
48.5,48.5,0.875,0.7917170476582241,0.10218986952531707,0.8149824706561827,0.08328295234177585,7.0,9.0,7.0,0.0,0
48.5,48.5,0.875,0.7917170476582241,0.10218986952531707,0.8149824706561827,0.08328295234177585,7.0,9.0,7.0,0.0,0
48.5,48.5,0.875,0.7917170476582241,0.10218986952531707,0.8149824706561827,0.08328295234177585,7.0,9.0,7.0,-0.29999999999999716,0
48.5,48.5,0.875,0.7917170476582241,0.10218986952531707,0.8149824706561827,0.08328295234177585,7.0,9.0,7.0,-0.19999999999999574,0
48.5,48.5,0.875,0.7917170476582241,0.10218986952531707,0.8149824706561827,0.08328295234177585,7.0,9.0,7.0,0.30000000000000426,0
48.5,48.5,0.875,0.7917170476582241,0.10218986952531707,0.8149824706561827,0.08328295234177585,7.0,9.0,7.0,0.19999999999999574,0
49.5,49.5,0.8571428571428571,0.7619091491841491,0.11154031111237427,0.8538052925346628,0.095233707958708,7.0,7.0,6.0,0.0,0
49.5,49.5,0.8571428571428571,0.7619091491841491,0.11154031111237427,0.8538052925346628,0.095233707958708,7.0,7.0,6.0,-0.29999999999999716,0
49.5,49.5,0.8571428571428571,0.7619091491841491,0.11154031111237427,0.8538052925346628,0.095233707958708,7.0,7.0,6.0,-0.19999999999999574,0
49.5,49.5,0.8571428571428571,0.7619091491841491,0.11154031111237427,0.8538052925346628,0.095233707958708,7.0,7.0,6.0,0.30000000000000426,0
49.5,49.5,0.8571428571428571,0.7619091491841491,0.11154031111237427,0.8538052925346628,0.095233707958708,7.0,7.0,6.0,0.19999999999999574,0
49.5,49.5,0.8571428571428571,0.7619091491841491,0.11154031111237427,0.8538052925346628,0.095233707958708,7.0,7.0,6.0,0.30000000000000426,0
50.5,50.5,0.9230769230769231,0.7801227661227662,0.10604214969322237,1.3480880703354297,0.14295415695415692,7.0,6.0,6.0,-0.29999999999999716,0
50.5,50.5,0.9230769230769231,0.7801227661227662,0.10604214969322237,1.3480880703354297,0.14295415695415692,7.0,6.0,6.0,-0.19999999999999574,0
50.5,50.5,0.9230769230769231,0.7801227661227662,0.10604214969322237,1.3480880703354297,0.14295415695415692,7.0,6.0,6.0,0.30000000000000426,0
50.5,50.5,0.9230769230769231,0.7801227661227662,0.10604214969322237,1.3480880703354297,0.14295415695415692,7.0,6.0,6.0,0.19999999999999574,0
50.5,50.5,0.9230769230769231,0.7801227661227662,0.10604214969322237,1.3480880703354297,0.14295415695415692,7.0,6.0,6.0,0.30000000000000426,0
50.5,50.5,0.9230769230769231,0.7801227661227662,0.10604214969322237,1.3480880703354297,0.14295415695415692,7.0,6.0,6.0,-1.0,0
51.5,51.5,0.8333333333333334,0.7983908036408036,0.0953306568469018,0.36654032237128525,0.034942529692529756,7.0,5.0,5.0,0.30000000000000426,0
51.5,51.5,0.8333333333333334,0.7983908036408036,0.0953306568469018,0.36654032237128525,0.034942529692529756,7.0,5.0,5.0,0.19999999999999574,0
51.5,51.5,0.8333333333333334,0.7983908036408036,0.0953306568469018,0.36654032237128525,0.034942529692529756,7.0,5.0,5.0,0.30000000000000426,0
51.5,51.5,0.8333333333333334,0.7983908036408036,0.0953306568469018,0.36654032237128525,0.034942529692529756,7.0,5.0,5.0,-1.0,0
51.5,51.5,0.8333333333333334,0.7983908036408036,0.0953306568469018,0.36654032237128525,0.034942529692529756,7.0,5.0,5.0,-0.8999999999999986,0
52.5,52.5,0.9230769230769231,0.8303629925629926,0.09849832262662274,0.9412742069261514,0.09271393051393051,7.0,6.0,6.0,0.19999999999999574,0
52.5,52.5,0.9230769230769231,0.8303629925629926,0.09849832262662274,0.9412742069261514,0.09271393051393051,7.0,6.0,6.0,0.30000000000000426,0
52.5,52.5,0.9230769230769231,0.8303629925629926,0.09849832262662274,0.9412742069261514,0.09271393051393051,7.0,6.0,6.0,-1.0,0
52.5,52.5,0.9230769230769231,0.8303629925629926,0.09849832262662274,0.9412742069261514,0.09271393051393051,7.0,6.0,6.0,-0.8999999999999986,0
52.5,52.5,0.9230769230769231,0.8303629925629926,0.09849832262662274,0.9412742069261514,0.09271393051393051,7.0,6.0,6.0,-1.0,0
52.5,52.5,0.9230769230769231,0.8303629925629926,0.09849832262662274,0.9412742069261514,0.09271393051393051,7.0,6.0,6.0,-0.09999999999999432,0
53.5,53.5,0.7692307692307693,0.8039062493062492,0.10027704419810626,-0.3457967908086264,-0.034675480075479936,8.0,5.0,5.0,-1.0,0
53.5,53.5,0.7692307692307693,0.8039062493062492,0.10027704419810626,-0.3457967908086264,-0.034675480075479936,8.0,5.0,5.0,-0.8999999999999986,0
53.5,53.5,0.7692307692307693,0.8039062493062492,0.10027704419810626,-0.3457967908086264,-0.034675480075479936,8.0,5.0,5.0,-1.0,0
53.5,53.5,0.7692307692307693,0.8039062493062492,0.10027704419810626,-0.3457967908086264,-0.034675480075479936,8.0,5.0,5.0,-0.09999999999999432,0
53.5,53.5,0.7692307692307693,0.8039062493062492,0.10027704419810626,-0.3457967908086264,-0.034675480075479936,8.0,5.0,5.0,-0.4000000000000057,0
54.5,54.5,1.0,0.8904070568320569,0.09857236528492638,1.1118019015893694,0.1095929431679431,7.0,7.0,7.0,-0.29999999999999716,0
54.5,54.5,1.0,0.8904070568320569,0.09857236528492638,1.1118019015893694,0.1095929431679431,7.0,7.0,7.0,-0.29999999999999716,0
54.5,54.5,1.0,0.8904070568320569,0.09857236528492638,1.1118019015893694,0.1095929431679431,7.0,7.0,7.0,-0.3999999999999986,0
54.5,54.5,1.0,0.8904070568320569,0.09857236528492638,1.1118019015893694,0.1095929431679431,7.0,7.0,7.0,-0.09999999999999432,0
54.5,54.5,1.0,0.8904070568320569,0.09857236528492638,1.1118019015893694,0.1095929431679431,7.0,7.0,7.0,-0.4000000000000057,0
54.5,54.5,1.0,0.8904070568320569,0.09857236528492638,1.1118019015893694,0.1095929431679431,7.0,7.0,7.0,-0.29999999999999716,0
54.5,54.5,1.0,0.8904070568320569,0.09857236528492638,1.1118019015893694,0.1095929431679431,7.0,7.0,7.0,-0.09999999999999432,0
55.5,55.5,1.0,0.8207122322122322,0.11100110527541611,1.615189032063408,0.17928776778776778,6.0,6.0,6.0,-0.29999999999999716,0
55.5,55.5,1.0,0.8207122322122322,0.11100110527541611,1.615189032063408,0.17928776778776778,6.0,6.0,6.0,-0.3999999999999986,0
55.5,55.5,1.0,0.8207122322122322,0.11100110527541611,1.615189032063408,0.17928776778776778,6.0,6.0,6.0,-0.09999999999999432,0
55.5,55.5,1.0,0.8207122322122322,0.11100110527541611,1.615189032063408,0.17928776778776778,6.0,6.0,6.0,-0.4000000000000057,0
55.5,55.5,1.0,0.8207122322122322,0.11100110527541611,1.615189032063408,0.17928776778776778,6.0,6.0,6.0,-0.29999999999999716,0
55.5,55.5,1.0,0.8207122322122322,0.11100110527541611,1.615189032063408,0.17928776778776778,6.0,6.0,6.0,-0.09999999999999432,0
56.5,56.5,0.8333333333333334,0.8422069735819737,0.10326057479858343,-0.0859344456095559,-0.008873640248640347,5.0,7.0,5.0,-0.09999999999999432,0
56.5,56.5,0.8333333333333334,0.8422069735819737,0.10326057479858343,-0.0859344456095559,-0.008873640248640347,5.0,7.0,5.0,-0.4000000000000057,0
56.5,56.5,0.8333333333333334,0.8422069735819737,0.10326057479858343,-0.0859344456095559,-0.008873640248640347,5.0,7.0,5.0,-0.29999999999999716,0
56.5,56.5,0.8333333333333334,0.8422069735819737,0.10326057479858343,-0.0859344456095559,-0.008873640248640347,5.0,7.0,5.0,-0.09999999999999432,0
56.5,56.5,0.8333333333333334,0.8422069735819737,0.10326057479858343,-0.0859344456095559,-0.008873640248640347,5.0,7.0,5.0,-0.19999999999999574,0
57.5,57.5,0.9090909090909091,0.865591441891442,0.09239431074601115,0.4708024427937521,0.04349946719946707,5.0,6.0,5.0,-0.4000000000000057,0
57.5,57.5,0.9090909090909091,0.865591441891442,0.09239431074601115,0.4708024427937521,0.04349946719946707,5.0,6.0,5.0,-0.29999999999999716,0
57.5,57.5,0.9090909090909091,0.865591441891442,0.09239431074601115,0.4708024427937521,0.04349946719946707,5.0,6.0,5.0,-0.09999999999999432,0
57.5,57.5,0.9090909090909091,0.865591441891442,0.09239431074601115,0.4708024427937521,0.04349946719946707,5.0,6.0,5.0,-0.19999999999999574,0
57.5,57.5,0.9090909090909091,0.865591441891442,0.09239431074601115,0.4708024427937521,0.04349946719946707,5.0,6.0,5.0,0.0,0
58.5,58.5,0.8333333333333334,0.8709385447885449,0.09954968333453687,-0.377753200166787,-0.03760521145521156,5.0,7.0,5.0,-0.29999999999999716,0
58.5,58.5,0.8333333333333334,0.8709385447885449,0.09954968333453687,-0.377753200166787,-0.03760521145521156,5.0,7.0,5.0,-0.09999999999999432,0
58.5,58.5,0.8333333333333334,0.8709385447885449,0.09954968333453687,-0.377753200166787,-0.03760521145521156,5.0,7.0,5.0,-0.19999999999999574,0
58.5,58.5,0.8333333333333334,0.8709385447885449,0.09954968333453687,-0.377753200166787,-0.03760521145521156,5.0,7.0,5.0,0.0,0
58.5,58.5,0.8333333333333334,0.8709385447885449,0.09954968333453687,-0.377753200166787,-0.03760521145521156,5.0,7.0,5.0,0.10000000000000142,0
59.5,59.5,0.9090909090909091,0.8615273171273171,0.09708138387417775,0.48993524881388895,0.047563591963591945,5.0,6.0,5.0,-0.19999999999999574,0
59.5,59.5,0.9090909090909091,0.8615273171273171,0.09708138387417775,0.48993524881388895,0.047563591963591945,5.0,6.0,5.0,0.0,0
59.5,59.5,0.9090909090909091,0.8615273171273171,0.09708138387417775,0.48993524881388895,0.047563591963591945,5.0,6.0,5.0,0.10000000000000142,0
59.5,59.5,0.9090909090909091,0.8615273171273171,0.09708138387417775,0.48993524881388895,0.047563591963591945,5.0,6.0,5.0,0.20000000000000284,0
59.5,59.5,0.9090909090909091,0.8615273171273171,0.09708138387417775,0.48993524881388895,0.047563591963591945,5.0,6.0,5.0,-0.10000000000000142,0
60.5,60.5,0.9230769230769231,0.8600845626595627,0.10165369026685918,0.6196760811338398,0.06299236041736045,6.0,7.0,6.0,-0.19999999999999574,0
60.5,60.5,0.9230769230769231,0.8600845626595627,0.10165369026685918,0.6196760811338398,0.06299236041736045,6.0,7.0,6.0,0.0,0
60.5,60.5,0.9230769230769231,0.8600845626595627,0.10165369026685918,0.6196760811338398,0.06299236041736045,6.0,7.0,6.0,0.10000000000000142,0
60.5,60.5,0.9230769230769231,0.8600845626595627,0.10165369026685918,0.6196760811338398,0.06299236041736045,6.0,7.0,6.0,0.20000000000000284,0
60.5,60.5,0.9230769230769231,0.8600845626595627,0.10165369026685918,0.6196760811338398,0.06299236041736045,6.0,7.0,6.0,-0.10000000000000142,0
60.5,60.5,0.9230769230769231,0.8600845626595627,0.10165369026685918,0.6196760811338398,0.06299236041736045,6.0,7.0,6.0,0.10000000000000142,0
61.5,61.5,0.9230769230769231,0.8936137001887002,0.09968736926974613,0.29555622847762936,0.029463222888222895,6.0,7.0,6.0,0.0,0
61.5,61.5,0.9230769230769231,0.8936137001887002,0.09968736926974613,0.29555622847762936,0.029463222888222895,6.0,7.0,6.0,0.10000000000000142,0
61.5,61.5,0.9230769230769231,0.8936137001887002,0.09968736926974613,0.29555622847762936,0.029463222888222895,6.0,7.0,6.0,0.20000000000000284,0
61.5,61.5,0.9230769230769231,0.8936137001887002,0.09968736926974613,0.29555622847762936,0.029463222888222895,6.0,7.0,6.0,-0.10000000000000142,0
61.5,61.5,0.9230769230769231,0.8936137001887002,0.09968736926974613,0.29555622847762936,0.029463222888222895,6.0,7.0,6.0,0.10000000000000142,0
61.5,61.5,0.9230769230769231,0.8936137001887002,0.09968736926974613,0.29555622847762936,0.029463222888222895,6.0,7.0,6.0,0.10000000000000142,0
62.5,62.5,0.8571428571428571,0.8548530156118392,0.10286804288960578,0.02225998927067398,0.0022898415310178555,6.0,8.0,6.0,0.10000000000000142,0
62.5,62.5,0.8571428571428571,0.8548530156118392,0.10286804288960578,0.02225998927067398,0.0022898415310178555,6.0,8.0,6.0,0.20000000000000284,0
62.5,62.5,0.8571428571428571,0.8548530156118392,0.10286804288960578,0.02225998927067398,0.0022898415310178555,6.0,8.0,6.0,-0.10000000000000142,0
62.5,62.5,0.8571428571428571,0.8548530156118392,0.10286804288960578,0.02225998927067398,0.0022898415310178555,6.0,8.0,6.0,0.10000000000000142,0
62.5,62.5,0.8571428571428571,0.8548530156118392,0.10286804288960578,0.02225998927067398,0.0022898415310178555,6.0,8.0,6.0,0.10000000000000142,0
62.5,62.5,0.8571428571428571,0.8548530156118392,0.10286804288960578,0.02225998927067398,0.0022898415310178555,6.0,8.0,6.0,0.0,0
63.5,63.5,0.8571428571428571,0.8384827824136649,0.10061748694700869,0.18545558327271394,0.018660074729192178,6.0,8.0,6.0,0.20000000000000284,0
63.5,63.5,0.8571428571428571,0.8384827824136649,0.10061748694700869,0.18545558327271394,0.018660074729192178,6.0,8.0,6.0,-0.10000000000000142,0
63.5,63.5,0.8571428571428571,0.8384827824136649,0.10061748694700869,0.18545558327271394,0.018660074729192178,6.0,8.0,6.0,0.10000000000000142,0
63.5,63.5,0.8571428571428571,0.8384827824136649,0.10061748694700869,0.18545558327271394,0.018660074729192178,6.0,8.0,6.0,0.10000000000000142,0
63.5,63.5,0.8571428571428571,0.8384827824136649,0.10061748694700869,0.18545558327271394,0.018660074729192178,6.0,8.0,6.0,0.0,0
63.5,63.5,0.8571428571428571,0.8384827824136649,0.10061748694700869,0.18545558327271394,0.018660074729192178,6.0,8.0,6.0,0.10000000000000853,0
64.5,64.5,0.7142857142857143,0.7842938370453076,0.10511654590687922,-0.6660047869306154,-0.07000812275959334,6.0,8.0,5.0,0.10000000000000142,0
64.5,64.5,0.7142857142857143,0.7842938370453076,0.10511654590687922,-0.6660047869306154,-0.07000812275959334,6.0,8.0,5.0,0.10000000000000142,0
64.5,64.5,0.7142857142857143,0.7842938370453076,0.10511654590687922,-0.6660047869306154,-0.07000812275959334,6.0,8.0,5.0,0.0,0
64.5,64.5,0.7142857142857143,0.7842938370453076,0.10511654590687922,-0.6660047869306154,-0.07000812275959334,6.0,8.0,5.0,0.10000000000000853,0
64.5,64.5,0.7142857142857143,0.7842938370453076,0.10511654590687922,-0.6660047869306154,-0.07000812275959334,6.0,8.0,5.0,0.0,0
65.5,65.5,0.7142857142857143,0.7971900682650682,0.1088674897774605,-0.761516171162037,-0.08290435397935392,7.0,7.0,5.0,0.10000000000000142,0
65.5,65.5,0.7142857142857143,0.7971900682650682,0.1088674897774605,-0.761516171162037,-0.08290435397935392,7.0,7.0,5.0,0.0,0
65.5,65.5,0.7142857142857143,0.7971900682650682,0.1088674897774605,-0.761516171162037,-0.08290435397935392,7.0,7.0,5.0,0.10000000000000853,0
65.5,65.5,0.7142857142857143,0.7971900682650682,0.1088674897774605,-0.761516171162037,-0.08290435397935392,7.0,7.0,5.0,0.0,0
65.5,65.5,0.7142857142857143,0.7971900682650682,0.1088674897774605,-0.761516171162037,-0.08290435397935392,7.0,7.0,5.0,-0.29999999999999716,0
66.5,66.5,0.8571428571428571,0.852212112887113,0.09796397342932141,0.05033221992880419,0.004930744255744135,7.0,7.0,6.0,0.0,0
66.5,66.5,0.8571428571428571,0.852212112887113,0.09796397342932141,0.05033221992880419,0.004930744255744135,7.0,7.0,6.0,0.10000000000000853,0
66.5,66.5,0.8571428571428571,0.852212112887113,0.09796397342932141,0.05033221992880419,0.004930744255744135,7.0,7.0,6.0,0.0,0
66.5,66.5,0.8571428571428571,0.852212112887113,0.09796397342932141,0.05033221992880419,0.004930744255744135,7.0,7.0,6.0,-0.29999999999999716,0
66.5,66.5,0.8571428571428571,0.852212112887113,0.09796397342932141,0.05033221992880419,0.004930744255744135,7.0,7.0,6.0,-0.29999999999999716,0
66.5,66.5,0.8571428571428571,0.852212112887113,0.09796397342932141,0.05033221992880419,0.004930744255744135,7.0,7.0,6.0,-0.20000000000000284,0
67.5,67.5,0.8,0.8186222875164052,0.11055636414232366,-0.1684415696995239,-0.018622287516405156,7.0,8.0,6.0,0.10000000000000853,0
67.5,67.5,0.8,0.8186222875164052,0.11055636414232366,-0.1684415696995239,-0.018622287516405156,7.0,8.0,6.0,0.0,0
67.5,67.5,0.8,0.8186222875164052,0.11055636414232366,-0.1684415696995239,-0.018622287516405156,7.0,8.0,6.0,-0.29999999999999716,0
67.5,67.5,0.8,0.8186222875164052,0.11055636414232366,-0.1684415696995239,-0.018622287516405156,7.0,8.0,6.0,-0.29999999999999716,0
67.5,67.5,0.8,0.8186222875164052,0.11055636414232366,-0.1684415696995239,-0.018622287516405156,7.0,8.0,6.0,-0.20000000000000284,0
67.5,67.5,0.8,0.8186222875164052,0.11055636414232366,-0.1684415696995239,-0.018622287516405156,7.0,8.0,6.0,0.20000000000000284,0
68.5,68.5,0.8571428571428571,0.8743465284715285,0.10699785280465482,-0.16078520155053966,-0.0172036713286714,7.0,7.0,6.0,0.0,0
68.5,68.5,0.8571428571428571,0.8743465284715285,0.10699785280465482,-0.16078520155053966,-0.0172036713286714,7.0,7.0,6.0,-0.29999999999999716,0
68.5,68.5,0.8571428571428571,0.8743465284715285,0.10699785280465482,-0.16078520155053966,-0.0172036713286714,7.0,7.0,6.0,-0.29999999999999716,0
68.5,68.5,0.8571428571428571,0.8743465284715285,0.10699785280465482,-0.16078520155053966,-0.0172036713286714,7.0,7.0,6.0,-0.20000000000000284,0
68.5,68.5,0.8571428571428571,0.8743465284715285,0.10699785280465482,-0.16078520155053966,-0.0172036713286714,7.0,7.0,6.0,0.20000000000000284,0
68.5,68.5,0.8571428571428571,0.8743465284715285,0.10699785280465482,-0.16078520155053966,-0.0172036713286714,7.0,7.0,6.0,-0.10000000000000853,0
69.5,69.5,0.8333333333333334,0.8521321706071707,0.11336040503199703,-0.16583248153119431,-0.018798837273837354,5.0,7.0,5.0,-0.29999999999999716,0
69.5,69.5,0.8333333333333334,0.8521321706071707,0.11336040503199703,-0.16583248153119431,-0.018798837273837354,5.0,7.0,5.0,-0.29999999999999716,0
69.5,69.5,0.8333333333333334,0.8521321706071707,0.11336040503199703,-0.16583248153119431,-0.018798837273837354,5.0,7.0,5.0,-0.20000000000000284,0
69.5,69.5,0.8333333333333334,0.8521321706071707,0.11336040503199703,-0.16583248153119431,-0.018798837273837354,5.0,7.0,5.0,0.20000000000000284,0
69.5,69.5,0.8333333333333334,0.8521321706071707,0.11336040503199703,-0.16583248153119431,-0.018798837273837354,5.0,7.0,5.0,-0.10000000000000853,0
70.5,70.5,0.7692307692307693,0.8333772619537326,0.11049600272111364,-0.58053224680775,-0.06414649272296336,5.0,8.0,5.0,-0.29999999999999716,0
70.5,70.5,0.7692307692307693,0.8333772619537326,0.11049600272111364,-0.58053224680775,-0.06414649272296336,5.0,8.0,5.0,-0.20000000000000284,0
70.5,70.5,0.7692307692307693,0.8333772619537326,0.11049600272111364,-0.58053224680775,-0.06414649272296336,5.0,8.0,5.0,0.20000000000000284,0
70.5,70.5,0.7692307692307693,0.8333772619537326,0.11049600272111364,-0.58053224680775,-0.06414649272296336,5.0,8.0,5.0,-0.10000000000000853,0
70.5,70.5,0.7692307692307693,0.8333772619537326,0.11049600272111364,-0.58053224680775,-0.06414649272296336,5.0,8.0,5.0,0.0,0
71.5,71.5,0.6666666666666666,0.8483987698575934,0.10517135551916167,-1.7279619749487414,-0.1817321031909268,4.0,8.0,4.0,0.20000000000000284,0
71.5,71.5,0.6666666666666666,0.8483987698575934,0.10517135551916167,-1.7279619749487414,-0.1817321031909268,4.0,8.0,4.0,-0.10000000000000853,0
71.5,71.5,0.6666666666666666,0.8483987698575934,0.10517135551916167,-1.7279619749487414,-0.1817321031909268,4.0,8.0,4.0,0.0,0
71.5,71.5,0.6666666666666666,0.8483987698575934,0.10517135551916167,-1.7279619749487414,-0.1817321031909268,4.0,8.0,4.0,0.0,0
72.5,72.5,0.6666666666666666,0.8358674844763082,0.10522025784708948,-1.6080631360505822,-0.16920081780964158,4.0,8.0,4.0,-0.10000000000000853,0
72.5,72.5,0.6666666666666666,0.8358674844763082,0.10522025784708948,-1.6080631360505822,-0.16920081780964158,4.0,8.0,4.0,0.0,0
72.5,72.5,0.6666666666666666,0.8358674844763082,0.10522025784708948,-1.6080631360505822,-0.16920081780964158,4.0,8.0,4.0,0.0,0
72.5,72.5,0.6666666666666666,0.8358674844763082,0.10522025784708948,-1.6080631360505822,-0.16920081780964158,4.0,8.0,4.0,-0.20000000000000284,0
73.5,73.5,0.7692307692307693,0.8462958938120703,0.11177598665797742,-0.6894604725531258,-0.07706512458130099,5.0,8.0,5.0,0.0,0
73.5,73.5,0.7692307692307693,0.8462958938120703,0.11177598665797742,-0.6894604725531258,-0.07706512458130099,5.0,8.0,5.0,0.0,0
73.5,73.5,0.7692307692307693,0.8462958938120703,0.11177598665797742,-0.6894604725531258,-0.07706512458130099,5.0,8.0,5.0,-0.20000000000000284,0
73.5,73.5,0.7692307692307693,0.8462958938120703,0.11177598665797742,-0.6894604725531258,-0.07706512458130099,5.0,8.0,5.0,0.0,0
73.5,73.5,0.7692307692307693,0.8462958938120703,0.11177598665797742,-0.6894604725531258,-0.07706512458130099,5.0,8.0,5.0,0.29999999999999716,0
74.5,74.5,0.8,0.8037380988292753,0.1080709443527784,-0.034589304754040706,-0.003738098829275227,6.0,9.0,6.0,0.0,0
74.5,74.5,0.8,0.8037380988292753,0.1080709443527784,-0.034589304754040706,-0.003738098829275227,6.0,9.0,6.0,0.0,0
74.5,74.5,0.8,0.8037380988292753,0.1080709443527784,-0.034589304754040706,-0.003738098829275227,6.0,9.0,6.0,-0.20000000000000284,0
74.5,74.5,0.8,0.8037380988292753,0.1080709443527784,-0.034589304754040706,-0.003738098829275227,6.0,9.0,6.0,0.0,0
74.5,74.5,0.8,0.8037380988292753,0.1080709443527784,-0.034589304754040706,-0.003738098829275227,6.0,9.0,6.0,0.29999999999999716,0
74.5,74.5,0.8,0.8037380988292753,0.1080709443527784,-0.034589304754040706,-0.003738098829275227,6.0,9.0,6.0,0.09999999999999432,0
75.5,75.5,0.9411764705882353,0.7841702725379196,0.10339808330001732,1.518463331614672,0.15700619805031568,8.0,9.0,8.0,0.0,0
75.5,75.5,0.9411764705882353,0.7841702725379196,0.10339808330001732,1.518463331614672,0.15700619805031568,8.0,9.0,8.0,0.0,0
75.5,75.5,0.9411764705882353,0.7841702725379196,0.10339808330001732,1.518463331614672,0.15700619805031568,8.0,9.0,8.0,-0.20000000000000284,0
75.5,75.5,0.9411764705882353,0.7841702725379196,0.10339808330001732,1.518463331614672,0.15700619805031568,8.0,9.0,8.0,0.0,0
75.5,75.5,0.9411764705882353,0.7841702725379196,0.10339808330001732,1.518463331614672,0.15700619805031568,8.0,9.0,8.0,0.29999999999999716,0
75.5,75.5,0.9411764705882353,0.7841702725379196,0.10339808330001732,1.518463331614672,0.15700619805031568,8.0,9.0,8.0,0.09999999999999432,0
75.5,75.5,0.9411764705882353,0.7841702725379196,0.10339808330001732,1.518463331614672,0.15700619805031568,8.0,9.0,8.0,0.29999999999999716,0
75.5,75.5,0.9411764705882353,0.7841702725379196,0.10339808330001732,1.518463331614672,0.15700619805031568,8.0,9.0,8.0,0.29999999999999716,0
76.5,76.5,0.9411764705882353,0.8018815798580504,0.10147455828617734,1.3727075346053448,0.13929489073018486,8.0,9.0,8.0,0.0,0
76.5,76.5,0.9411764705882353,0.8018815798580504,0.10147455828617734,1.3727075346053448,0.13929489073018486,8.0,9.0,8.0,-0.20000000000000284,0
76.5,76.5,0.9411764705882353,0.8018815798580504,0.10147455828617734,1.3727075346053448,0.13929489073018486,8.0,9.0,8.0,0.0,0
76.5,76.5,0.9411764705882353,0.8018815798580504,0.10147455828617734,1.3727075346053448,0.13929489073018486,8.0,9.0,8.0,0.29999999999999716,0
76.5,76.5,0.9411764705882353,0.8018815798580504,0.10147455828617734,1.3727075346053448,0.13929489073018486,8.0,9.0,8.0,0.09999999999999432,0
76.5,76.5,0.9411764705882353,0.8018815798580504,0.10147455828617734,1.3727075346053448,0.13929489073018486,8.0,9.0,8.0,0.29999999999999716,0
76.5,76.5,0.9411764705882353,0.8018815798580504,0.10147455828617734,1.3727075346053448,0.13929489073018486,8.0,9.0,8.0,0.29999999999999716,0
76.5,76.5,0.9411764705882353,0.8018815798580504,0.10147455828617734,1.3727075346053448,0.13929489073018486,8.0,9.0,8.0,-0.09999999999999432,0
77.5,77.5,0.875,0.8207155462184875,0.10685337426474244,0.5080275111108428,0.054284453781512476,8.0,8.0,7.0,0.0,0
77.5,77.5,0.875,0.8207155462184875,0.10685337426474244,0.5080275111108428,0.054284453781512476,8.0,8.0,7.0,0.29999999999999716,0
77.5,77.5,0.875,0.8207155462184875,0.10685337426474244,0.5080275111108428,0.054284453781512476,8.0,8.0,7.0,0.09999999999999432,0
77.5,77.5,0.875,0.8207155462184875,0.10685337426474244,0.5080275111108428,0.054284453781512476,8.0,8.0,7.0,0.29999999999999716,0
77.5,77.5,0.875,0.8207155462184875,0.10685337426474244,0.5080275111108428,0.054284453781512476,8.0,8.0,7.0,0.29999999999999716,0
77.5,77.5,0.875,0.8207155462184875,0.10685337426474244,0.5080275111108428,0.054284453781512476,8.0,8.0,7.0,-0.09999999999999432,0
77.5,77.5,0.875,0.8207155462184875,0.10685337426474244,0.5080275111108428,0.054284453781512476,8.0,8.0,7.0,-0.20000000000000284,0
78.5,78.5,0.875,0.8251157342657344,0.11422278090157532,0.43672781682010026,0.04988426573426563,9.0,7.0,7.0,-0.4000000000000057,0
78.5,78.5,0.875,0.8251157342657344,0.11422278090157532,0.43672781682010026,0.04988426573426563,9.0,7.0,7.0,-0.5,0
78.5,78.5,0.875,0.8251157342657344,0.11422278090157532,0.43672781682010026,0.04988426573426563,9.0,7.0,7.0,-0.4000000000000057,0
78.5,78.5,0.875,0.8251157342657344,0.11422278090157532,0.43672781682010026,0.04988426573426563,9.0,7.0,7.0,-0.4000000000000057,0
78.5,78.5,0.875,0.8251157342657344,0.11422278090157532,0.43672781682010026,0.04988426573426563,9.0,7.0,7.0,-0.09999999999999432,0
78.5,78.5,0.875,0.8251157342657344,0.11422278090157532,0.43672781682010026,0.04988426573426563,9.0,7.0,7.0,-0.20000000000000284,0
78.5,78.5,0.875,0.8251157342657344,0.11422278090157532,0.43672781682010026,0.04988426573426563,9.0,7.0,7.0,-0.29999999999999716,0
79.5,79.5,0.8235294117647058,0.8232311311237783,0.10796445463929845,0.0027627670785172003,0.0002982806409275174,9.0,8.0,7.0,0.29999999999999716,0
79.5,79.5,0.8235294117647058,0.8232311311237783,0.10796445463929845,0.0027627670785172003,0.0002982806409275174,9.0,8.0,7.0,0.29999999999999716,0
79.5,79.5,0.8235294117647058,0.8232311311237783,0.10796445463929845,0.0027627670785172003,0.0002982806409275174,9.0,8.0,7.0,-0.09999999999999432,0
79.5,79.5,0.8235294117647058,0.8232311311237783,0.10796445463929845,0.0027627670785172003,0.0002982806409275174,9.0,8.0,7.0,-0.20000000000000284,0
79.5,79.5,0.8235294117647058,0.8232311311237783,0.10796445463929845,0.0027627670785172003,0.0002982806409275174,9.0,8.0,7.0,-0.29999999999999716,0
79.5,79.5,0.8235294117647058,0.8232311311237783,0.10796445463929845,0.0027627670785172003,0.0002982806409275174,9.0,8.0,7.0,-0.9000000000000057,0
79.5,79.5,0.8235294117647058,0.8232311311237783,0.10796445463929845,0.0027627670785172003,0.0002982806409275174,9.0,8.0,7.0,-0.5999999999999943,0
80.5,80.5,0.875,0.8563892274392275,0.10530024615413155,0.17674006700355915,0.01861077256077248,9.0,7.0,7.0,-0.4000000000000057,0
80.5,80.5,0.875,0.8563892274392275,0.10530024615413155,0.17674006700355915,0.01861077256077248,9.0,7.0,7.0,-0.09999999999999432,0
80.5,80.5,0.875,0.8563892274392275,0.10530024615413155,0.17674006700355915,0.01861077256077248,9.0,7.0,7.0,-0.20000000000000284,0
80.5,80.5,0.875,0.8563892274392275,0.10530024615413155,0.17674006700355915,0.01861077256077248,9.0,7.0,7.0,-0.29999999999999716,0
80.5,80.5,0.875,0.8563892274392275,0.10530024615413155,0.17674006700355915,0.01861077256077248,9.0,7.0,7.0,-0.9000000000000057,0
80.5,80.5,0.875,0.8563892274392275,0.10530024615413155,0.17674006700355915,0.01861077256077248,9.0,7.0,7.0,-0.5999999999999943,0
80.5,80.5,0.875,0.8563892274392275,0.10530024615413155,0.17674006700355915,0.01861077256077248,9.0,7.0,7.0,-0.7999999999999972,0
81.5,81.5,0.8571428571428571,0.8685628371628372,0.09564206209667846,-0.11940332286474957,-0.011419980019980125,8.0,6.0,6.0,-0.20000000000000284,0
81.5,81.5,0.8571428571428571,0.8685628371628372,0.09564206209667846,-0.11940332286474957,-0.011419980019980125,8.0,6.0,6.0,-0.29999999999999716,0
81.5,81.5,0.8571428571428571,0.8685628371628372,0.09564206209667846,-0.11940332286474957,-0.011419980019980125,8.0,6.0,6.0,-0.9000000000000057,0
81.5,81.5,0.8571428571428571,0.8685628371628372,0.09564206209667846,-0.11940332286474957,-0.011419980019980125,8.0,6.0,6.0,-0.5999999999999943,0
81.5,81.5,0.8571428571428571,0.8685628371628372,0.09564206209667846,-0.11940332286474957,-0.011419980019980125,8.0,6.0,6.0,-0.7999999999999972,0
81.5,81.5,0.8571428571428571,0.8685628371628372,0.09564206209667846,-0.11940332286474957,-0.011419980019980125,8.0,6.0,6.0,-0.4000000000000057,0
82.5,82.5,0.9230769230769231,0.8543506160506161,0.09492396147440753,0.7240143158672988,0.068726307026307,7.0,6.0,6.0,0.29999999999999716,0
82.5,82.5,0.9230769230769231,0.8543506160506161,0.09492396147440753,0.7240143158672988,0.068726307026307,7.0,6.0,6.0,-0.5,0
82.5,82.5,0.9230769230769231,0.8543506160506161,0.09492396147440753,0.7240143158672988,0.068726307026307,7.0,6.0,6.0,-0.5999999999999943,0
82.5,82.5,0.9230769230769231,0.8543506160506161,0.09492396147440753,0.7240143158672988,0.068726307026307,7.0,6.0,6.0,-0.7999999999999972,0
82.5,82.5,0.9230769230769231,0.8543506160506161,0.09492396147440753,0.7240143158672988,0.068726307026307,7.0,6.0,6.0,-0.4000000000000057,0
82.5,82.5,0.9230769230769231,0.8543506160506161,0.09492396147440753,0.7240143158672988,0.068726307026307,7.0,6.0,6.0,-0.5999999999999943,0
83.5,83.5,0.9090909090909091,0.7700288544788546,0.11105373157791862,1.2522051500312203,0.13906205461205445,6.0,5.0,5.0,0.0,0
83.5,83.5,0.9090909090909091,0.7700288544788546,0.11105373157791862,1.2522051500312203,0.13906205461205445,6.0,5.0,5.0,-0.09999999999999432,0
83.5,83.5,0.9090909090909091,0.7700288544788546,0.11105373157791862,1.2522051500312203,0.13906205461205445,6.0,5.0,5.0,-0.20000000000000284,0
83.5,83.5,0.9090909090909091,0.7700288544788546,0.11105373157791862,1.2522051500312203,0.13906205461205445,6.0,5.0,5.0,-0.4000000000000057,0
83.5,83.5,0.9090909090909091,0.7700288544788546,0.11105373157791862,1.2522051500312203,0.13906205461205445,6.0,5.0,5.0,-0.5999999999999943,0
84.5,84.5,0.8,0.7444835775335775,0.10296080061741765,0.5391995995904381,0.05551642246642252,5.0,5.0,4.0,-0.20000000000000284,0
84.5,84.5,0.8,0.7444835775335775,0.10296080061741765,0.5391995995904381,0.05551642246642252,5.0,5.0,4.0,-0.4000000000000057,0
84.5,84.5,0.8,0.7444835775335775,0.10296080061741765,0.5391995995904381,0.05551642246642252,5.0,5.0,4.0,-0.5999999999999943,0
84.5,84.5,0.8,0.7444835775335775,0.10296080061741765,0.5391995995904381,0.05551642246642252,5.0,5.0,4.0,-0.7999999999999972,0
85.5,85.5,0.9090909090909091,0.8289925685425685,0.08717935863415574,0.9187764374875664,0.08009834054834053,6.0,5.0,5.0,-0.4000000000000057,0
85.5,85.5,0.9090909090909091,0.8289925685425685,0.08717935863415574,0.9187764374875664,0.08009834054834053,6.0,5.0,5.0,-0.5999999999999943,0
85.5,85.5,0.9090909090909091,0.8289925685425685,0.08717935863415574,0.9187764374875664,0.08009834054834053,6.0,5.0,5.0,-0.7999999999999972,0
85.5,85.5,0.9090909090909091,0.8289925685425685,0.08717935863415574,0.9187764374875664,0.08009834054834053,6.0,5.0,5.0,-0.7000000000000028,0
85.5,85.5,0.9090909090909091,0.8289925685425685,0.08717935863415574,0.9187764374875664,0.08009834054834053,6.0,5.0,5.0,-0.7000000000000028,0
86.5,86.5,0.8,0.7540198856698856,0.08587655888212109,0.5354210151017956,0.0459801143301144,6.0,4.0,4.0,-0.5999999999999943,0
86.5,86.5,0.8,0.7540198856698856,0.08587655888212109,0.5354210151017956,0.0459801143301144,6.0,4.0,4.0,-0.7999999999999972,0
86.5,86.5,0.8,0.7540198856698856,0.08587655888212109,0.5354210151017956,0.0459801143301144,6.0,4.0,4.0,-0.7000000000000028,0
86.5,86.5,0.8,0.7540198856698856,0.08587655888212109,0.5354210151017956,0.0459801143301144,6.0,4.0,4.0,-0.7000000000000028,0
87.5,87.5,1.0,0.8709401598401598,0.08771917374418435,1.4712842660399164,0.12905984015984018,6.0,6.0,6.0,0.5,0
87.5,87.5,1.0,0.8709401598401598,0.08771917374418435,1.4712842660399164,0.12905984015984018,6.0,6.0,6.0,0.20000000000000284,0
87.5,87.5,1.0,0.8709401598401598,0.08771917374418435,1.4712842660399164,0.12905984015984018,6.0,6.0,6.0,0.0,0
87.5,87.5,1.0,0.8709401598401598,0.08771917374418435,1.4712842660399164,0.12905984015984018,6.0,6.0,6.0,0.0,0
87.5,87.5,1.0,0.8709401598401598,0.08771917374418435,1.4712842660399164,0.12905984015984018,6.0,6.0,6.0,-0.5,0
87.5,87.5,1.0,0.8709401598401598,0.08771917374418435,1.4712842660399164,0.12905984015984018,6.0,6.0,6.0,-0.19999999999998863,0
88.5,88.5,1.0,0.8810897824397825,0.10098335632680706,1.1775229293765466,0.11891021756021747,7.0,7.0,7.0,0.20000000000000284,0
88.5,88.5,1.0,0.8810897824397825,0.10098335632680706,1.1775229293765466,0.11891021756021747,7.0,7.0,7.0,0.0,0
88.5,88.5,1.0,0.8810897824397825,0.10098335632680706,1.1775229293765466,0.11891021756021747,7.0,7.0,7.0,0.0,0
88.5,88.5,1.0,0.8810897824397825,0.10098335632680706,1.1775229293765466,0.11891021756021747,7.0,7.0,7.0,-0.5,0
88.5,88.5,1.0,0.8810897824397825,0.10098335632680706,1.1775229293765466,0.11891021756021747,7.0,7.0,7.0,-0.19999999999998863,0
88.5,88.5,1.0,0.8810897824397825,0.10098335632680706,1.1775229293765466,0.11891021756021747,7.0,7.0,7.0,-0.09999999999999432,0
88.5,88.5,1.0,0.8810897824397825,0.10098335632680706,1.1775229293765466,0.11891021756021747,7.0,7.0,7.0,-0.09999999999999432,0
89.5,89.5,1.0,0.8759717254967256,0.10050862504784125,1.2340062800007259,0.12402827450327436,7.0,7.0,7.0,0.0,0
89.5,89.5,1.0,0.8759717254967256,0.10050862504784125,1.2340062800007259,0.12402827450327436,7.0,7.0,7.0,0.0,0
89.5,89.5,1.0,0.8759717254967256,0.10050862504784125,1.2340062800007259,0.12402827450327436,7.0,7.0,7.0,-0.5,0
89.5,89.5,1.0,0.8759717254967256,0.10050862504784125,1.2340062800007259,0.12402827450327436,7.0,7.0,7.0,-0.19999999999998863,0
89.5,89.5,1.0,0.8759717254967256,0.10050862504784125,1.2340062800007259,0.12402827450327436,7.0,7.0,7.0,-0.09999999999999432,0
89.5,89.5,1.0,0.8759717254967256,0.10050862504784125,1.2340062800007259,0.12402827450327436,7.0,7.0,7.0,-0.09999999999999432,0
89.5,89.5,1.0,0.8759717254967256,0.10050862504784125,1.2340062800007259,0.12402827450327436,7.0,7.0,7.0,-0.20000000000000284,0
90.5,90.5,1.0,0.8758045704295705,0.10822491599364752,1.1475678075621645,0.1241954295704295,7.0,7.0,7.0,-0.5,0
90.5,90.5,1.0,0.8758045704295705,0.10822491599364752,1.1475678075621645,0.1241954295704295,7.0,7.0,7.0,-0.19999999999998863,0
90.5,90.5,1.0,0.8758045704295705,0.10822491599364752,1.1475678075621645,0.1241954295704295,7.0,7.0,7.0,-0.09999999999999432,0
90.5,90.5,1.0,0.8758045704295705,0.10822491599364752,1.1475678075621645,0.1241954295704295,7.0,7.0,7.0,-0.09999999999999432,0
90.5,90.5,1.0,0.8758045704295705,0.10822491599364752,1.1475678075621645,0.1241954295704295,7.0,7.0,7.0,-0.20000000000000284,0
90.5,90.5,1.0,0.8758045704295705,0.10822491599364752,1.1475678075621645,0.1241954295704295,7.0,7.0,7.0,0.0,0
90.5,90.5,1.0,0.8758045704295705,0.10822491599364752,1.1475678075621645,0.1241954295704295,7.0,7.0,7.0,0.0,0
91.5,91.5,0.9333333333333333,0.8166264808720692,0.10911186243277163,1.0696073722797288,0.11670685246126411,7.0,8.0,7.0,-0.19999999999998863,0
91.5,91.5,0.9333333333333333,0.8166264808720692,0.10911186243277163,1.0696073722797288,0.11670685246126411,7.0,8.0,7.0,-0.09999999999999432,0
91.5,91.5,0.9333333333333333,0.8166264808720692,0.10911186243277163,1.0696073722797288,0.11670685246126411,7.0,8.0,7.0,-0.09999999999999432,0
91.5,91.5,0.9333333333333333,0.8166264808720692,0.10911186243277163,1.0696073722797288,0.11670685246126411,7.0,8.0,7.0,-0.20000000000000284,0
91.5,91.5,0.9333333333333333,0.8166264808720692,0.10911186243277163,1.0696073722797288,0.11670685246126411,7.0,8.0,7.0,0.0,0
91.5,91.5,0.9333333333333333,0.8166264808720692,0.10911186243277163,1.0696073722797288,0.11670685246126411,7.0,8.0,7.0,0.0,0
91.5,91.5,0.9333333333333333,0.8166264808720692,0.10911186243277163,1.0696073722797288,0.11670685246126411,7.0,8.0,7.0,-0.5999999999999943,0
92.5,92.5,0.9230769230769231,0.8436486901986903,0.11187327457664886,0.7099839812395354,0.07942823287823286,6.0,7.0,6.0,-0.09999999999999432,0
92.5,92.5,0.9230769230769231,0.8436486901986903,0.11187327457664886,0.7099839812395354,0.07942823287823286,6.0,7.0,6.0,-0.09999999999999432,0
92.5,92.5,0.9230769230769231,0.8436486901986903,0.11187327457664886,0.7099839812395354,0.07942823287823286,6.0,7.0,6.0,-0.20000000000000284,0
92.5,92.5,0.9230769230769231,0.8436486901986903,0.11187327457664886,0.7099839812395354,0.07942823287823286,6.0,7.0,6.0,0.0,0
92.5,92.5,0.9230769230769231,0.8436486901986903,0.11187327457664886,0.7099839812395354,0.07942823287823286,6.0,7.0,6.0,0.0,0
92.5,92.5,0.9230769230769231,0.8436486901986903,0.11187327457664886,0.7099839812395354,0.07942823287823286,6.0,7.0,6.0,-0.5999999999999943,0
93.5,93.5,0.8333333333333334,0.8030223942723943,0.10414074953440246,0.29105743137489115,0.03031093906093907,5.0,7.0,5.0,-0.20000000000000284,0
93.5,93.5,0.8333333333333334,0.8030223942723943,0.10414074953440246,0.29105743137489115,0.03031093906093907,5.0,7.0,5.0,0.0,0
93.5,93.5,0.8333333333333334,0.8030223942723943,0.10414074953440246,0.29105743137489115,0.03031093906093907,5.0,7.0,5.0,0.0,0
93.5,93.5,0.8333333333333334,0.8030223942723943,0.10414074953440246,0.29105743137489115,0.03031093906093907,5.0,7.0,5.0,-0.5999999999999943,0
93.5,93.5,0.8333333333333334,0.8030223942723943,0.10414074953440246,0.29105743137489115,0.03031093906093907,5.0,7.0,5.0,0.29999999999999716,0
94.5,94.5,0.9230769230769231,0.8729052419802421,0.10008215244475818,0.5013049766727791,0.05017168109668102,6.0,7.0,6.0,0.0,0
94.5,94.5,0.9230769230769231,0.8729052419802421,0.10008215244475818,0.5013049766727791,0.05017168109668102,6.0,7.0,6.0,0.0,0
94.5,94.5,0.9230769230769231,0.8729052419802421,0.10008215244475818,0.5013049766727791,0.05017168109668102,6.0,7.0,6.0,-0.5999999999999943,0
94.5,94.5,0.9230769230769231,0.8729052419802421,0.10008215244475818,0.5013049766727791,0.05017168109668102,6.0,7.0,6.0,0.29999999999999716,0
94.5,94.5,0.9230769230769231,0.8729052419802421,0.10008215244475818,0.5013049766727791,0.05017168109668102,6.0,7.0,6.0,0.10000000000000853,0
94.5,94.5,0.9230769230769231,0.8729052419802421,0.10008215244475818,0.5013049766727791,0.05017168109668102,6.0,7.0,6.0,0.0,0
95.5,95.5,0.9230769230769231,0.885108116883117,0.09809714035868564,0.38705313992819523,0.03796880619380616,6.0,7.0,6.0,-0.5999999999999943,0
95.5,95.5,0.9230769230769231,0.885108116883117,0.09809714035868564,0.38705313992819523,0.03796880619380616,6.0,7.0,6.0,0.29999999999999716,0
95.5,95.5,0.9230769230769231,0.885108116883117,0.09809714035868564,0.38705313992819523,0.03796880619380616,6.0,7.0,6.0,0.10000000000000853,0
95.5,95.5,0.9230769230769231,0.885108116883117,0.09809714035868564,0.38705313992819523,0.03796880619380616,6.0,7.0,6.0,0.0,0
95.5,95.5,0.9230769230769231,0.885108116883117,0.09809714035868564,0.38705313992819523,0.03796880619380616,6.0,7.0,6.0,0.20000000000000284,0
95.5,95.5,0.9230769230769231,0.885108116883117,0.09809714035868564,0.38705313992819523,0.03796880619380616,6.0,7.0,6.0,0.20000000000000284,0
96.5,96.5,0.8,0.8028414477679184,0.1042229040302352,-0.027263179762234267,-0.0028414477679183925,6.0,9.0,6.0,0.29999999999999716,0
96.5,96.5,0.8,0.8028414477679184,0.1042229040302352,-0.027263179762234267,-0.0028414477679183925,6.0,9.0,6.0,0.10000000000000853,0
96.5,96.5,0.8,0.8028414477679184,0.1042229040302352,-0.027263179762234267,-0.0028414477679183925,6.0,9.0,6.0,0.0,0
96.5,96.5,0.8,0.8028414477679184,0.1042229040302352,-0.027263179762234267,-0.0028414477679183925,6.0,9.0,6.0,0.20000000000000284,0
96.5,96.5,0.8,0.8028414477679184,0.1042229040302352,-0.027263179762234267,-0.0028414477679183925,6.0,9.0,6.0,0.20000000000000284,0
96.5,96.5,0.8,0.8028414477679184,0.1042229040302352,-0.027263179762234267,-0.0028414477679183925,6.0,9.0,6.0,0.09999999999999432,0
97.5,97.5,0.9333333333333333,0.8372010210377858,0.10776677349116125,0.8920403681143154,0.09613231229554753,7.0,8.0,7.0,0.29999999999999716,0
97.5,97.5,0.9333333333333333,0.8372010210377858,0.10776677349116125,0.8920403681143154,0.09613231229554753,7.0,8.0,7.0,0.10000000000000853,0
97.5,97.5,0.9333333333333333,0.8372010210377858,0.10776677349116125,0.8920403681143154,0.09613231229554753,7.0,8.0,7.0,0.0,0
97.5,97.5,0.9333333333333333,0.8372010210377858,0.10776677349116125,0.8920403681143154,0.09613231229554753,7.0,8.0,7.0,0.20000000000000284,0
97.5,97.5,0.9333333333333333,0.8372010210377858,0.10776677349116125,0.8920403681143154,0.09613231229554753,7.0,8.0,7.0,0.20000000000000284,0
97.5,97.5,0.9333333333333333,0.8372010210377858,0.10776677349116125,0.8920403681143154,0.09613231229554753,7.0,8.0,7.0,0.09999999999999432,0
97.5,97.5,0.9333333333333333,0.8372010210377858,0.10776677349116125,0.8920403681143154,0.09613231229554753,7.0,8.0,7.0,0.0,0
98.5,98.5,0.8571428571428571,0.7944236919942803,0.106631073355005,0.5881884442799046,0.06271916514857678,6.0,8.0,6.0,0.10000000000000853,0
98.5,98.5,0.8571428571428571,0.7944236919942803,0.106631073355005,0.5881884442799046,0.06271916514857678,6.0,8.0,6.0,0.0,0
98.5,98.5,0.8571428571428571,0.7944236919942803,0.106631073355005,0.5881884442799046,0.06271916514857678,6.0,8.0,6.0,0.20000000000000284,0
98.5,98.5,0.8571428571428571,0.7944236919942803,0.106631073355005,0.5881884442799046,0.06271916514857678,6.0,8.0,6.0,0.20000000000000284,0
98.5,98.5,0.8571428571428571,0.7944236919942803,0.106631073355005,0.5881884442799046,0.06271916514857678,6.0,8.0,6.0,0.09999999999999432,0
98.5,98.5,0.8571428571428571,0.7944236919942803,0.106631073355005,0.5881884442799046,0.06271916514857678,6.0,8.0,6.0,0.0,0
99.5,99.5,0.7692307692307693,0.8135215784215785,0.10522545519639025,-0.42091344825399796,-0.04429080919080919,6.0,7.0,5.0,0.20000000000000284,0
99.5,99.5,0.7692307692307693,0.8135215784215785,0.10522545519639025,-0.42091344825399796,-0.04429080919080919,6.0,7.0,5.0,0.20000000000000284,0
99.5,99.5,0.7692307692307693,0.8135215784215785,0.10522545519639025,-0.42091344825399796,-0.04429080919080919,6.0,7.0,5.0,0.09999999999999432,0
99.5,99.5,0.7692307692307693,0.8135215784215785,0.10522545519639025,-0.42091344825399796,-0.04429080919080919,6.0,7.0,5.0,0.0,0
99.5,99.5,0.7692307692307693,0.8135215784215785,0.10522545519639025,-0.42091344825399796,-0.04429080919080919,6.0,7.0,5.0,0.0,0
100.5,100.5,0.8571428571428571,0.854521793402676,0.10538817620204124,0.024870567407450313,0.0026210637401811177,6.0,8.0,6.0,-0.5,0
100.5,100.5,0.8571428571428571,0.854521793402676,0.10538817620204124,0.024870567407450313,0.0026210637401811177,6.0,8.0,6.0,-0.4000000000000057,0
100.5,100.5,0.8571428571428571,0.854521793402676,0.10538817620204124,0.024870567407450313,0.0026210637401811177,6.0,8.0,6.0,0.0,0
100.5,100.5,0.8571428571428571,0.854521793402676,0.10538817620204124,0.024870567407450313,0.0026210637401811177,6.0,8.0,6.0,0.0,0
100.5,100.5,0.8571428571428571,0.854521793402676,0.10538817620204124,0.024870567407450313,0.0026210637401811177,6.0,8.0,6.0,-0.09999999999999432,0
100.5,100.5,0.8571428571428571,0.854521793402676,0.10538817620204124,0.024870567407450313,0.0026210637401811177,6.0,8.0,6.0,-0.09999999999999432,0
101.5,101.5,0.7692307692307693,0.8402357887210831,0.1056375976087064,-0.6721567045979634,-0.07100501949031379,5.0,8.0,5.0,0.0,0
101.5,101.5,0.7692307692307693,0.8402357887210831,0.1056375976087064,-0.6721567045979634,-0.07100501949031379,5.0,8.0,5.0,0.0,0
101.5,101.5,0.7692307692307693,0.8402357887210831,0.1056375976087064,-0.6721567045979634,-0.07100501949031379,5.0,8.0,5.0,-0.09999999999999432,0
101.5,101.5,0.7692307692307693,0.8402357887210831,0.1056375976087064,-0.6721567045979634,-0.07100501949031379,5.0,8.0,5.0,-0.09999999999999432,0
101.5,101.5,0.7692307692307693,0.8402357887210831,0.1056375976087064,-0.6721567045979634,-0.07100501949031379,5.0,8.0,5.0,0.09999999999999432,0
102.5,102.5,0.8571428571428571,0.8509480196274315,0.10898449998228579,0.05684145466954017,0.0061948375154256,6.0,8.0,6.0,0.0,0
102.5,102.5,0.8571428571428571,0.8509480196274315,0.10898449998228579,0.05684145466954017,0.0061948375154256,6.0,8.0,6.0,-0.09999999999999432,0
102.5,102.5,0.8571428571428571,0.8509480196274315,0.10898449998228579,0.05684145466954017,0.0061948375154256,6.0,8.0,6.0,-0.09999999999999432,0
102.5,102.5,0.8571428571428571,0.8509480196274315,0.10898449998228579,0.05684145466954017,0.0061948375154256,6.0,8.0,6.0,0.09999999999999432,0
102.5,102.5,0.8571428571428571,0.8509480196274315,0.10898449998228579,0.05684145466954017,0.0061948375154256,6.0,8.0,6.0,0.0,0
102.5,102.5,0.8571428571428571,0.8509480196274315,0.10898449998228579,0.05684145466954017,0.0061948375154256,6.0,8.0,6.0,-0.20000000000000284,0
103.5,103.5,0.875,0.827465516836105,0.10907680758523892,0.43578909409086597,0.04753448316389497,8.0,8.0,7.0,0.0,0
103.5,103.5,0.875,0.827465516836105,0.10907680758523892,0.43578909409086597,0.04753448316389497,8.0,8.0,7.0,-0.09999999999999432,0
103.5,103.5,0.875,0.827465516836105,0.10907680758523892,0.43578909409086597,0.04753448316389497,8.0,8.0,7.0,-0.09999999999999432,0
103.5,103.5,0.875,0.827465516836105,0.10907680758523892,0.43578909409086597,0.04753448316389497,8.0,8.0,7.0,0.09999999999999432,0
103.5,103.5,0.875,0.827465516836105,0.10907680758523892,0.43578909409086597,0.04753448316389497,8.0,8.0,7.0,0.0,0
103.5,103.5,0.875,0.827465516836105,0.10907680758523892,0.43578909409086597,0.04753448316389497,8.0,8.0,7.0,-0.20000000000000284,0
103.5,103.5,0.875,0.827465516836105,0.10907680758523892,0.43578909409086597,0.04753448316389497,8.0,8.0,7.0,-0.09999999999999432,0
104.5,104.5,0.9411764705882353,0.7856723260399732,0.10819957860955198,1.4371973213445957,0.1555041445482621,8.0,9.0,8.0,-0.09999999999999432,0
104.5,104.5,0.9411764705882353,0.7856723260399732,0.10819957860955198,1.4371973213445957,0.1555041445482621,8.0,9.0,8.0,-0.09999999999999432,0
104.5,104.5,0.9411764705882353,0.7856723260399732,0.10819957860955198,1.4371973213445957,0.1555041445482621,8.0,9.0,8.0,0.09999999999999432,0
104.5,104.5,0.9411764705882353,0.7856723260399732,0.10819957860955198,1.4371973213445957,0.1555041445482621,8.0,9.0,8.0,0.0,0
104.5,104.5,0.9411764705882353,0.7856723260399732,0.10819957860955198,1.4371973213445957,0.1555041445482621,8.0,9.0,8.0,-0.20000000000000284,0
104.5,104.5,0.9411764705882353,0.7856723260399732,0.10819957860955198,1.4371973213445957,0.1555041445482621,8.0,9.0,8.0,-0.09999999999999432,0
104.5,104.5,0.9411764705882353,0.7856723260399732,0.10819957860955198,1.4371973213445957,0.1555041445482621,8.0,9.0,8.0,-0.09999999999999432,0
104.5,104.5,0.9411764705882353,0.7856723260399732,0.10819957860955198,1.4371973213445957,0.1555041445482621,8.0,9.0,8.0,0.20000000000000284,0
105.5,105.5,0.875,0.7898655251611135,0.11608669843683946,0.7333697657463013,0.08513447483888648,8.0,8.0,7.0,0.09999999999999432,0
105.5,105.5,0.875,0.7898655251611135,0.11608669843683946,0.7333697657463013,0.08513447483888648,8.0,8.0,7.0,0.0,0
105.5,105.5,0.875,0.7898655251611135,0.11608669843683946,0.7333697657463013,0.08513447483888648,8.0,8.0,7.0,-0.20000000000000284,0
105.5,105.5,0.875,0.7898655251611135,0.11608669843683946,0.7333697657463013,0.08513447483888648,8.0,8.0,7.0,-0.09999999999999432,0
105.5,105.5,0.875,0.7898655251611135,0.11608669843683946,0.7333697657463013,0.08513447483888648,8.0,8.0,7.0,-0.09999999999999432,0
105.5,105.5,0.875,0.7898655251611135,0.11608669843683946,0.7333697657463013,0.08513447483888648,8.0,8.0,7.0,0.20000000000000284,0
105.5,105.5,0.875,0.7898655251611135,0.11608669843683946,0.7333697657463013,0.08513447483888648,8.0,8.0,7.0,0.10000000000000853,0
106.5,106.5,1.0,0.8352965441421325,0.10881382734235498,1.513626162047127,0.1647034558578675,8.0,8.0,8.0,0.0,0
106.5,106.5,1.0,0.8352965441421325,0.10881382734235498,1.513626162047127,0.1647034558578675,8.0,8.0,8.0,-0.20000000000000284,0
106.5,106.5,1.0,0.8352965441421325,0.10881382734235498,1.513626162047127,0.1647034558578675,8.0,8.0,8.0,-0.09999999999999432,0
106.5,106.5,1.0,0.8352965441421325,0.10881382734235498,1.513626162047127,0.1647034558578675,8.0,8.0,8.0,-0.09999999999999432,0
106.5,106.5,1.0,0.8352965441421325,0.10881382734235498,1.513626162047127,0.1647034558578675,8.0,8.0,8.0,0.20000000000000284,0
106.5,106.5,1.0,0.8352965441421325,0.10881382734235498,1.513626162047127,0.1647034558578675,8.0,8.0,8.0,0.10000000000000853,0
106.5,106.5,1.0,0.8352965441421325,0.10881382734235498,1.513626162047127,0.1647034558578675,8.0,8.0,8.0,-0.09999999999999432,0
106.5,106.5,1.0,0.8352965441421325,0.10881382734235498,1.513626162047127,0.1647034558578675,8.0,8.0,8.0,-0.09999999999999432,0
107.5,107.5,0.8,0.7951459106253225,0.10286557711379785,0.0471886661298522,0.004854089374677573,6.0,9.0,6.0,-0.09999999999999432,0
107.5,107.5,0.8,0.7951459106253225,0.10286557711379785,0.0471886661298522,0.004854089374677573,6.0,9.0,6.0,-0.09999999999999432,0
107.5,107.5,0.8,0.7951459106253225,0.10286557711379785,0.0471886661298522,0.004854089374677573,6.0,9.0,6.0,0.20000000000000284,0
107.5,107.5,0.8,0.7951459106253225,0.10286557711379785,0.0471886661298522,0.004854089374677573,6.0,9.0,6.0,0.10000000000000853,0
107.5,107.5,0.8,0.7951459106253225,0.10286557711379785,0.0471886661298522,0.004854089374677573,6.0,9.0,6.0,-0.09999999999999432,0
107.5,107.5,0.8,0.7951459106253225,0.10286557711379785,0.0471886661298522,0.004854089374677573,6.0,9.0,6.0,-0.09999999999999432,0
108.5,108.5,0.8,0.795812328847623,0.10305031104443592,0.04063715198852054,0.004187671152377059,6.0,9.0,6.0,-0.09999999999999432,0
108.5,108.5,0.8,0.795812328847623,0.10305031104443592,0.04063715198852054,0.004187671152377059,6.0,9.0,6.0,0.20000000000000284,0
108.5,108.5,0.8,0.795812328847623,0.10305031104443592,0.04063715198852054,0.004187671152377059,6.0,9.0,6.0,0.10000000000000853,0
108.5,108.5,0.8,0.795812328847623,0.10305031104443592,0.04063715198852054,0.004187671152377059,6.0,9.0,6.0,-0.09999999999999432,0
108.5,108.5,0.8,0.795812328847623,0.10305031104443592,0.04063715198852054,0.004187671152377059,6.0,9.0,6.0,-0.09999999999999432,0
108.5,108.5,0.8,0.795812328847623,0.10305031104443592,0.04063715198852054,0.004187671152377059,6.0,9.0,6.0,0.0,0
109.5,109.5,0.7692307692307693,0.8021161283161284,0.11580506762227091,-0.2839716755109848,-0.03288535908535917,6.0,7.0,5.0,0.10000000000000853,0
109.5,109.5,0.7692307692307693,0.8021161283161284,0.11580506762227091,-0.2839716755109848,-0.03288535908535917,6.0,7.0,5.0,-0.09999999999999432,0
109.5,109.5,0.7692307692307693,0.8021161283161284,0.11580506762227091,-0.2839716755109848,-0.03288535908535917,6.0,7.0,5.0,-0.09999999999999432,0
109.5,109.5,0.7692307692307693,0.8021161283161284,0.11580506762227091,-0.2839716755109848,-0.03288535908535917,6.0,7.0,5.0,0.0,0
109.5,109.5,0.7692307692307693,0.8021161283161284,0.11580506762227091,-0.2839716755109848,-0.03288535908535917,6.0,7.0,5.0,0.19999999999998863,0
110.5,110.5,0.8,0.8028133205030265,0.10584736232455483,-0.026579032686710254,-0.0028133205030264063,7.0,8.0,6.0,-0.09999999999999432,0
110.5,110.5,0.8,0.8028133205030265,0.10584736232455483,-0.026579032686710254,-0.0028133205030264063,7.0,8.0,6.0,-0.09999999999999432,0
110.5,110.5,0.8,0.8028133205030265,0.10584736232455483,-0.026579032686710254,-0.0028133205030264063,7.0,8.0,6.0,0.0,0
110.5,110.5,0.8,0.8028133205030265,0.10584736232455483,-0.026579032686710254,-0.0028133205030264063,7.0,8.0,6.0,0.19999999999998863,0
110.5,110.5,0.8,0.8028133205030265,0.10584736232455483,-0.026579032686710254,-0.0028133205030264063,7.0,8.0,6.0,-0.5,0
110.5,110.5,0.8,0.8028133205030265,0.10584736232455483,-0.026579032686710254,-0.0028133205030264063,7.0,8.0,6.0,-0.7000000000000028,0
111.5,111.5,0.7142857142857143,0.8300118992118993,0.10450586420784534,-1.1073654651190126,-0.11572618492618503,7.0,7.0,5.0,0.0,0
111.5,111.5,0.7142857142857143,0.8300118992118993,0.10450586420784534,-1.1073654651190126,-0.11572618492618503,7.0,7.0,5.0,0.19999999999998863,0
111.5,111.5,0.7142857142857143,0.8300118992118993,0.10450586420784534,-1.1073654651190126,-0.11572618492618503,7.0,7.0,5.0,-0.5,0
111.5,111.5,0.7142857142857143,0.8300118992118993,0.10450586420784534,-1.1073654651190126,-0.11572618492618503,7.0,7.0,5.0,-0.7000000000000028,0
111.5,111.5,0.7142857142857143,0.8300118992118993,0.10450586420784534,-1.1073654651190126,-0.11572618492618503,7.0,7.0,5.0,-1.0,0
112.5,112.5,0.875,0.8769089715839717,0.10088009459490212,-0.018923174008088305,-0.0019089715839717414,9.0,7.0,7.0,0.0,0
112.5,112.5,0.875,0.8769089715839717,0.10088009459490212,-0.018923174008088305,-0.0019089715839717414,9.0,7.0,7.0,0.19999999999998863,0
112.5,112.5,0.875,0.8769089715839717,0.10088009459490212,-0.018923174008088305,-0.0019089715839717414,9.0,7.0,7.0,-0.5,0
112.5,112.5,0.875,0.8769089715839717,0.10088009459490212,-0.018923174008088305,-0.0019089715839717414,9.0,7.0,7.0,-0.7000000000000028,0
112.5,112.5,0.875,0.8769089715839717,0.10088009459490212,-0.018923174008088305,-0.0019089715839717414,9.0,7.0,7.0,-1.0,0
112.5,112.5,0.875,0.8769089715839717,0.10088009459490212,-0.018923174008088305,-0.0019089715839717414,9.0,7.0,7.0,-0.4000000000000057,0
112.5,112.5,0.875,0.8769089715839717,0.10088009459490212,-0.018923174008088305,-0.0019089715839717414,9.0,7.0,7.0,-0.5999999999999943,0
113.5,113.5,0.8,0.8639402153402155,0.09951074369317255,-0.642545849495067,-0.06394021534021543,9.0,6.0,6.0,-1.0,0
113.5,113.5,0.8,0.8639402153402155,0.09951074369317255,-0.642545849495067,-0.06394021534021543,9.0,6.0,6.0,-0.7000000000000028,0
113.5,113.5,0.8,0.8639402153402155,0.09951074369317255,-0.642545849495067,-0.06394021534021543,9.0,6.0,6.0,-1.0,0
113.5,113.5,0.8,0.8639402153402155,0.09951074369317255,-0.642545849495067,-0.06394021534021543,9.0,6.0,6.0,-0.4000000000000057,0
113.5,113.5,0.8,0.8639402153402155,0.09951074369317255,-0.642545849495067,-0.06394021534021543,9.0,6.0,6.0,-0.5999999999999943,0
113.5,113.5,0.8,0.8639402153402155,0.09951074369317255,-0.642545849495067,-0.06394021534021543,9.0,6.0,6.0,-0.5,0
114.5,114.5,0.9411764705882353,0.8021410160101337,0.10584387837853741,1.313589946891956,0.13903545457810162,8.0,9.0,8.0,0.0,0
114.5,114.5,0.9411764705882353,0.8021410160101337,0.10584387837853741,1.313589946891956,0.13903545457810162,8.0,9.0,8.0,-0.20000000000000284,0
114.5,114.5,0.9411764705882353,0.8021410160101337,0.10584387837853741,1.313589946891956,0.13903545457810162,8.0,9.0,8.0,-0.5,0
114.5,114.5,0.9411764705882353,0.8021410160101337,0.10584387837853741,1.313589946891956,0.13903545457810162,8.0,9.0,8.0,-0.4000000000000057,0
114.5,114.5,0.9411764705882353,0.8021410160101337,0.10584387837853741,1.313589946891956,0.13903545457810162,8.0,9.0,8.0,-0.5999999999999943,0
114.5,114.5,0.9411764705882353,0.8021410160101337,0.10584387837853741,1.313589946891956,0.13903545457810162,8.0,9.0,8.0,-0.5,0
114.5,114.5,0.9411764705882353,0.8021410160101337,0.10584387837853741,1.313589946891956,0.13903545457810162,8.0,9.0,8.0,-0.4000000000000057,0
114.5,114.5,0.9411764705882353,0.8021410160101337,0.10584387837853741,1.313589946891956,0.13903545457810162,8.0,9.0,8.0,0.09999999999999432,0
115.5,115.5,0.9333333333333333,0.8350120413899826,0.10926535283573105,0.899839605068282,0.09832129194335071,7.0,8.0,7.0,-0.5,0
115.5,115.5,0.9333333333333333,0.8350120413899826,0.10926535283573105,0.899839605068282,0.09832129194335071,7.0,8.0,7.0,-0.4000000000000057,0
115.5,115.5,0.9333333333333333,0.8350120413899826,0.10926535283573105,0.899839605068282,0.09832129194335071,7.0,8.0,7.0,-0.5999999999999943,0
115.5,115.5,0.9333333333333333,0.8350120413899826,0.10926535283573105,0.899839605068282,0.09832129194335071,7.0,8.0,7.0,-0.5,0
115.5,115.5,0.9333333333333333,0.8350120413899826,0.10926535283573105,0.899839605068282,0.09832129194335071,7.0,8.0,7.0,-0.4000000000000057,0
115.5,115.5,0.9333333333333333,0.8350120413899826,0.10926535283573105,0.899839605068282,0.09832129194335071,7.0,8.0,7.0,0.09999999999999432,0
115.5,115.5,0.9333333333333333,0.8350120413899826,0.10926535283573105,0.899839605068282,0.09832129194335071,7.0,8.0,7.0,0.10000000000000853,0
116.5,116.5,0.875,0.7888649606929018,0.10858434699361817,0.7932546604729374,0.0861350393070982,7.0,9.0,7.0,0.0,0
116.5,116.5,0.875,0.7888649606929018,0.10858434699361817,0.7932546604729374,0.0861350393070982,7.0,9.0,7.0,0.10000000000000853,0
116.5,116.5,0.875,0.7888649606929018,0.10858434699361817,0.7932546604729374,0.0861350393070982,7.0,9.0,7.0,-0.4000000000000057,0
116.5,116.5,0.875,0.7888649606929018,0.10858434699361817,0.7932546604729374,0.0861350393070982,7.0,9.0,7.0,0.09999999999999432,0
116.5,116.5,0.875,0.7888649606929018,0.10858434699361817,0.7932546604729374,0.0861350393070982,7.0,9.0,7.0,0.10000000000000853,0
116.5,116.5,0.875,0.7888649606929018,0.10858434699361817,0.7932546604729374,0.0861350393070982,7.0,9.0,7.0,0.20000000000000284,0
116.5,116.5,0.875,0.7888649606929018,0.10858434699361817,0.7932546604729374,0.0861350393070982,7.0,9.0,7.0,0.20000000000000284,0
117.5,117.5,0.8,0.7944024597951068,0.10847714535127927,0.05160110165848141,0.0055975402048932255,6.0,9.0,6.0,-0.4000000000000057,0
117.5,117.5,0.8,0.7944024597951068,0.10847714535127927,0.05160110165848141,0.0055975402048932255,6.0,9.0,6.0,0.09999999999999432,0
117.5,117.5,0.8,0.7944024597951068,0.10847714535127927,0.05160110165848141,0.0055975402048932255,6.0,9.0,6.0,0.10000000000000853,0
117.5,117.5,0.8,0.7944024597951068,0.10847714535127927,0.05160110165848141,0.0055975402048932255,6.0,9.0,6.0,0.20000000000000284,0
117.5,117.5,0.8,0.7944024597951068,0.10847714535127927,0.05160110165848141,0.0055975402048932255,6.0,9.0,6.0,0.20000000000000284,0
117.5,117.5,0.8,0.7944024597951068,0.10847714535127927,0.05160110165848141,0.0055975402048932255,6.0,9.0,6.0,-0.20000000000000284,0
118.5,118.5,0.6666666666666666,0.7466211201079621,0.10851470712069515,-0.7368075310968345,-0.07995445344129548,5.0,10.0,5.0,0.09999999999999432,0
118.5,118.5,0.6666666666666666,0.7466211201079621,0.10851470712069515,-0.7368075310968345,-0.07995445344129548,5.0,10.0,5.0,0.10000000000000853,0
118.5,118.5,0.6666666666666666,0.7466211201079621,0.10851470712069515,-0.7368075310968345,-0.07995445344129548,5.0,10.0,5.0,0.20000000000000284,0
118.5,118.5,0.6666666666666666,0.7466211201079621,0.10851470712069515,-0.7368075310968345,-0.07995445344129548,5.0,10.0,5.0,0.20000000000000284,0
118.5,118.5,0.6666666666666666,0.7466211201079621,0.10851470712069515,-0.7368075310968345,-0.07995445344129548,5.0,10.0,5.0,-0.20000000000000284,0
119.5,119.5,0.8571428571428571,0.8172450098920687,0.10968446767785803,0.3637511134937344,0.039897847250788376,6.0,8.0,6.0,-0.5999999999999943,0
119.5,119.5,0.8571428571428571,0.8172450098920687,0.10968446767785803,0.3637511134937344,0.039897847250788376,6.0,8.0,6.0,-0.5,0
119.5,119.5,0.8571428571428571,0.8172450098920687,0.10968446767785803,0.3637511134937344,0.039897847250788376,6.0,8.0,6.0,-0.29999999999999716,0
119.5,119.5,0.8571428571428571,0.8172450098920687,0.10968446767785803,0.3637511134937344,0.039897847250788376,6.0,8.0,6.0,-0.29999999999999716,0
119.5,119.5,0.8571428571428571,0.8172450098920687,0.10968446767785803,0.3637511134937344,0.039897847250788376,6.0,8.0,6.0,-0.20000000000000284,0
119.5,119.5,0.8571428571428571,0.8172450098920687,0.10968446767785803,0.3637511134937344,0.039897847250788376,6.0,8.0,6.0,0.3999999999999915,0
120.5,120.5,0.7142857142857143,0.7836244833597775,0.10443978902163757,-0.6639114242149396,-0.06933876907406322,6.0,8.0,5.0,0.20000000000000284,0
120.5,120.5,0.7142857142857143,0.7836244833597775,0.10443978902163757,-0.6639114242149396,-0.06933876907406322,6.0,8.0,5.0,0.20000000000000284,0
120.5,120.5,0.7142857142857143,0.7836244833597775,0.10443978902163757,-0.6639114242149396,-0.06933876907406322,6.0,8.0,5.0,-0.20000000000000284,0
120.5,120.5,0.7142857142857143,0.7836244833597775,0.10443978902163757,-0.6639114242149396,-0.06933876907406322,6.0,8.0,5.0,0.3999999999999915,0
120.5,120.5,0.7142857142857143,0.7836244833597775,0.10443978902163757,-0.6639114242149396,-0.06933876907406322,6.0,8.0,5.0,-0.7000000000000028,0
121.5,121.5,0.7272727272727273,0.8056975024975026,0.10473089070395829,-0.7488218108108887,-0.07842477522477531,4.0,7.0,4.0,-0.20000000000000284,0
121.5,121.5,0.7272727272727273,0.8056975024975026,0.10473089070395829,-0.7488218108108887,-0.07842477522477531,4.0,7.0,4.0,0.3999999999999915,0
121.5,121.5,0.7272727272727273,0.8056975024975026,0.10473089070395829,-0.7488218108108887,-0.07842477522477531,4.0,7.0,4.0,-0.7000000000000028,0
121.5,121.5,0.7272727272727273,0.8056975024975026,0.10473089070395829,-0.7488218108108887,-0.07842477522477531,4.0,7.0,4.0,-0.5,0
122.5,122.5,0.8333333333333334,0.8565724553224554,0.10330811888012639,-0.22494961907192945,-0.023239121989122036,5.0,7.0,5.0,0.3999999999999915,0
122.5,122.5,0.8333333333333334,0.8565724553224554,0.10330811888012639,-0.22494961907192945,-0.023239121989122036,5.0,7.0,5.0,-0.7000000000000028,0
122.5,122.5,0.8333333333333334,0.8565724553224554,0.10330811888012639,-0.22494961907192945,-0.023239121989122036,5.0,7.0,5.0,-0.5,0
122.5,122.5,0.8333333333333334,0.8565724553224554,0.10330811888012639,-0.22494961907192945,-0.023239121989122036,5.0,7.0,5.0,0.10000000000000853,0
122.5,122.5,0.8333333333333334,0.8565724553224554,0.10330811888012639,-0.22494961907192945,-0.023239121989122036,5.0,7.0,5.0,0.10000000000000853,0
123.5,123.5,1.0,0.8536041042291044,0.11224960081372698,1.3041997005747294,0.14639589577089562,7.0,7.0,7.0,0.3999999999999915,0
123.5,123.5,1.0,0.8536041042291044,0.11224960081372698,1.3041997005747294,0.14639589577089562,7.0,7.0,7.0,-0.7000000000000028,0
123.5,123.5,1.0,0.8536041042291044,0.11224960081372698,1.3041997005747294,0.14639589577089562,7.0,7.0,7.0,-0.5,0
123.5,123.5,1.0,0.8536041042291044,0.11224960081372698,1.3041997005747294,0.14639589577089562,7.0,7.0,7.0,0.10000000000000853,0
123.5,123.5,1.0,0.8536041042291044,0.11224960081372698,1.3041997005747294,0.14639589577089562,7.0,7.0,7.0,0.10000000000000853,0
123.5,123.5,1.0,0.8536041042291044,0.11224960081372698,1.3041997005747294,0.14639589577089562,7.0,7.0,7.0,0.0,0
123.5,123.5,1.0,0.8536041042291044,0.11224960081372698,1.3041997005747294,0.14639589577089562,7.0,7.0,7.0,0.30000000000001137,0
124.5,124.5,0.9333333333333333,0.8430256150712034,0.11400807383875834,0.7921168670023506,0.09030771826212991,7.0,8.0,7.0,-0.7000000000000028,0
124.5,124.5,0.9333333333333333,0.8430256150712034,0.11400807383875834,0.7921168670023506,0.09030771826212991,7.0,8.0,7.0,-0.5,0
124.5,124.5,0.9333333333333333,0.8430256150712034,0.11400807383875834,0.7921168670023506,0.09030771826212991,7.0,8.0,7.0,0.10000000000000853,0
124.5,124.5,0.9333333333333333,0.8430256150712034,0.11400807383875834,0.7921168670023506,0.09030771826212991,7.0,8.0,7.0,0.10000000000000853,0
124.5,124.5,0.9333333333333333,0.8430256150712034,0.11400807383875834,0.7921168670023506,0.09030771826212991,7.0,8.0,7.0,0.0,0
124.5,124.5,0.9333333333333333,0.8430256150712034,0.11400807383875834,0.7921168670023506,0.09030771826212991,7.0,8.0,7.0,-0.29999999999999716,0
124.5,124.5,0.9333333333333333,0.8430256150712034,0.11400807383875834,0.7921168670023506,0.09030771826212991,7.0,8.0,7.0,-0.10000000000000853,0
125.5,125.5,0.8235294117647058,0.7412935131947516,0.10778056572077363,0.762993755135803,0.08223589856995428,7.0,10.0,7.0,0.0,0
125.5,125.5,0.8235294117647058,0.7412935131947516,0.10778056572077363,0.762993755135803,0.08223589856995428,7.0,10.0,7.0,0.10000000000000853,0
125.5,125.5,0.8235294117647058,0.7412935131947516,0.10778056572077363,0.762993755135803,0.08223589856995428,7.0,10.0,7.0,0.10000000000000853,0
125.5,125.5,0.8235294117647058,0.7412935131947516,0.10778056572077363,0.762993755135803,0.08223589856995428,7.0,10.0,7.0,0.0,0
125.5,125.5,0.8235294117647058,0.7412935131947516,0.10778056572077363,0.762993755135803,0.08223589856995428,7.0,10.0,7.0,-0.29999999999999716,0
125.5,125.5,0.8235294117647058,0.7412935131947516,0.10778056572077363,0.762993755135803,0.08223589856995428,7.0,10.0,7.0,-0.10000000000000853,0
125.5,125.5,0.8235294117647058,0.7412935131947516,0.10778056572077363,0.762993755135803,0.08223589856995428,7.0,10.0,7.0,0.09999999999999432,0
126.5,126.5,0.875,0.7505018344400696,0.10758662138529942,1.1571900293630912,0.12449816555993043,7.0,9.0,7.0,0.10000000000000853,0
126.5,126.5,0.875,0.7505018344400696,0.10758662138529942,1.1571900293630912,0.12449816555993043,7.0,9.0,7.0,0.10000000000000853,0
126.5,126.5,0.875,0.7505018344400696,0.10758662138529942,1.1571900293630912,0.12449816555993043,7.0,9.0,7.0,0.0,0
126.5,126.5,0.875,0.7505018344400696,0.10758662138529942,1.1571900293630912,0.12449816555993043,7.0,9.0,7.0,-0.29999999999999716,0
126.5,126.5,0.875,0.7505018344400696,0.10758662138529942,1.1571900293630912,0.12449816555993043,7.0,9.0,7.0,-0.10000000000000853,0
126.5,126.5,0.875,0.7505018344400696,0.10758662138529942,1.1571900293630912,0.12449816555993043,7.0,9.0,7.0,0.09999999999999432,0
126.5,126.5,0.875,0.7505018344400696,0.10758662138529942,1.1571900293630912,0.12449816555993043,7.0,9.0,7.0,0.20000000000001705,0
127.5,127.5,0.875,0.7896534365960836,0.10244347284158692,0.8331088456547328,0.08534656340391644,7.0,9.0,7.0,0.0,0
127.5,127.5,0.875,0.7896534365960836,0.10244347284158692,0.8331088456547328,0.08534656340391644,7.0,9.0,7.0,-0.29999999999999716,0
127.5,127.5,0.875,0.7896534365960836,0.10244347284158692,0.8331088456547328,0.08534656340391644,7.0,9.0,7.0,-0.10000000000000853,0
127.5,127.5,0.875,0.7896534365960836,0.10244347284158692,0.8331088456547328,0.08534656340391644,7.0,9.0,7.0,0.09999999999999432,0
127.5,127.5,0.875,0.7896534365960836,0.10244347284158692,0.8331088456547328,0.08534656340391644,7.0,9.0,7.0,0.20000000000001705,0
127.5,127.5,0.875,0.7896534365960836,0.10244347284158692,0.8331088456547328,0.08534656340391644,7.0,9.0,7.0,-0.10000000000002274,0
127.5,127.5,0.875,0.7896534365960836,0.10244347284158692,0.8331088456547328,0.08534656340391644,7.0,9.0,7.0,-0.20000000000001705,0
128.5,128.5,0.8,0.796812958446782,0.10364763816042938,0.03074881019753693,0.0031870415532180285,6.0,9.0,6.0,-0.10000000000000853,0
128.5,128.5,0.8,0.796812958446782,0.10364763816042938,0.03074881019753693,0.0031870415532180285,6.0,9.0,6.0,0.09999999999999432,0
128.5,128.5,0.8,0.796812958446782,0.10364763816042938,0.03074881019753693,0.0031870415532180285,6.0,9.0,6.0,0.20000000000001705,0
128.5,128.5,0.8,0.796812958446782,0.10364763816042938,0.03074881019753693,0.0031870415532180285,6.0,9.0,6.0,-0.10000000000002274,0
128.5,128.5,0.8,0.796812958446782,0.10364763816042938,0.03074881019753693,0.0031870415532180285,6.0,9.0,6.0,-0.20000000000001705,0
128.5,128.5,0.8,0.796812958446782,0.10364763816042938,0.03074881019753693,0.0031870415532180285,6.0,9.0,6.0,0.0,0
129.5,129.5,0.8,0.8013129721585605,0.10583597735063738,-0.012405726213596526,-0.0013129721585604104,6.0,9.0,6.0,0.09999999999999432,0
129.5,129.5,0.8,0.8013129721585605,0.10583597735063738,-0.012405726213596526,-0.0013129721585604104,6.0,9.0,6.0,0.20000000000001705,0
129.5,129.5,0.8,0.8013129721585605,0.10583597735063738,-0.012405726213596526,-0.0013129721585604104,6.0,9.0,6.0,-0.10000000000002274,0
129.5,129.5,0.8,0.8013129721585605,0.10583597735063738,-0.012405726213596526,-0.0013129721585604104,6.0,9.0,6.0,-0.20000000000001705,0
129.5,129.5,0.8,0.8013129721585605,0.10583597735063738,-0.012405726213596526,-0.0013129721585604104,6.0,9.0,6.0,0.0,0
129.5,129.5,0.8,0.8013129721585605,0.10583597735063738,-0.012405726213596526,-0.0013129721585604104,6.0,9.0,6.0,0.19999999999998863,0
130.5,130.5,0.8,0.8326430427415722,0.10995630920136537,-0.29687284866748515,-0.03264304274157215,7.0,8.0,6.0,0.20000000000001705,0
130.5,130.5,0.8,0.8326430427415722,0.10995630920136537,-0.29687284866748515,-0.03264304274157215,7.0,8.0,6.0,-0.10000000000002274,0
130.5,130.5,0.8,0.8326430427415722,0.10995630920136537,-0.29687284866748515,-0.03264304274157215,7.0,8.0,6.0,-0.20000000000001705,0
130.5,130.5,0.8,0.8326430427415722,0.10995630920136537,-0.29687284866748515,-0.03264304274157215,7.0,8.0,6.0,0.0,0
130.5,130.5,0.8,0.8326430427415722,0.10995630920136537,-0.29687284866748515,-0.03264304274157215,7.0,8.0,6.0,0.19999999999998863,0
130.5,130.5,0.8,0.8326430427415722,0.10995630920136537,-0.29687284866748515,-0.03264304274157215,7.0,8.0,6.0,-0.29999999999998295,0
131.5,131.5,0.8,0.7932709209091563,0.10882236774286666,0.06183544091545317,0.006729079090843748,6.0,9.0,6.0,-0.10000000000002274,0
131.5,131.5,0.8,0.7932709209091563,0.10882236774286666,0.06183544091545317,0.006729079090843748,6.0,9.0,6.0,-0.20000000000001705,0
131.5,131.5,0.8,0.7932709209091563,0.10882236774286666,0.06183544091545317,0.006729079090843748,6.0,9.0,6.0,0.0,0
131.5,131.5,0.8,0.7932709209091563,0.10882236774286666,0.06183544091545317,0.006729079090843748,6.0,9.0,6.0,0.19999999999998863,0
131.5,131.5,0.8,0.7932709209091563,0.10882236774286666,0.06183544091545317,0.006729079090843748,6.0,9.0,6.0,-0.29999999999998295,0
131.5,131.5,0.8,0.7932709209091563,0.10882236774286666,0.06183544091545317,0.006729079090843748,6.0,9.0,6.0,-0.39999999999997726,0
132.5,132.5,0.7692307692307693,0.8033721028971029,0.11169513654672548,-0.3056653559132477,-0.03414133366633365,5.0,8.0,5.0,0.0,0
132.5,132.5,0.7692307692307693,0.8033721028971029,0.11169513654672548,-0.3056653559132477,-0.03414133366633365,5.0,8.0,5.0,0.19999999999998863,0
132.5,132.5,0.7692307692307693,0.8033721028971029,0.11169513654672548,-0.3056653559132477,-0.03414133366633365,5.0,8.0,5.0,-0.29999999999998295,0
132.5,132.5,0.7692307692307693,0.8033721028971029,0.11169513654672548,-0.3056653559132477,-0.03414133366633365,5.0,8.0,5.0,-0.39999999999997726,0
132.5,132.5,0.7692307692307693,0.8033721028971029,0.11169513654672548,-0.3056653559132477,-0.03414133366633365,5.0,8.0,5.0,0.29999999999998295,0
133.5,133.5,0.7692307692307693,0.8136472111222113,0.11111371716702698,-0.3997386013526563,-0.044416441891442004,6.0,7.0,5.0,-0.4000000000000057,0
133.5,133.5,0.7692307692307693,0.8136472111222113,0.11111371716702698,-0.3997386013526563,-0.044416441891442004,6.0,7.0,5.0,-0.29999999999998295,0
133.5,133.5,0.7692307692307693,0.8136472111222113,0.11111371716702698,-0.3997386013526563,-0.044416441891442004,6.0,7.0,5.0,-0.39999999999997726,0
133.5,133.5,0.7692307692307693,0.8136472111222113,0.11111371716702698,-0.3997386013526563,-0.044416441891442004,6.0,7.0,5.0,0.29999999999998295,0
133.5,133.5,0.7692307692307693,0.8136472111222113,0.11111371716702698,-0.3997386013526563,-0.044416441891442004,6.0,7.0,5.0,0.20000000000001705,0
134.5,134.5,0.8,0.8167559220191575,0.10535075016952052,-0.15904891035133,-0.016755922019157432,7.0,8.0,6.0,-0.29999999999998295,0
134.5,134.5,0.8,0.8167559220191575,0.10535075016952052,-0.15904891035133,-0.016755922019157432,7.0,8.0,6.0,-0.39999999999997726,0
134.5,134.5,0.8,0.8167559220191575,0.10535075016952052,-0.15904891035133,-0.016755922019157432,7.0,8.0,6.0,0.29999999999998295,0
134.5,134.5,0.8,0.8167559220191575,0.10535075016952052,-0.15904891035133,-0.016755922019157432,7.0,8.0,6.0,0.20000000000001705,0
134.5,134.5,0.8,0.8167559220191575,0.10535075016952052,-0.15904891035133,-0.016755922019157432,7.0,8.0,6.0,-0.29999999999998295,0
134.5,134.5,0.8,0.8167559220191575,0.10535075016952052,-0.15904891035133,-0.016755922019157432,7.0,8.0,6.0,-0.39999999999997726,0
135.5,135.5,0.8571428571428571,0.8484316619654857,0.10668165895810679,0.08165597781707006,0.0087111951773714,6.0,8.0,6.0,0.29999999999998295,0
135.5,135.5,0.8571428571428571,0.8484316619654857,0.10668165895810679,0.08165597781707006,0.0087111951773714,6.0,8.0,6.0,0.20000000000001705,0
135.5,135.5,0.8571428571428571,0.8484316619654857,0.10668165895810679,0.08165597781707006,0.0087111951773714,6.0,8.0,6.0,-0.29999999999998295,0
135.5,135.5,0.8571428571428571,0.8484316619654857,0.10668165895810679,0.08165597781707006,0.0087111951773714,6.0,8.0,6.0,-0.39999999999997726,0
135.5,135.5,0.8571428571428571,0.8484316619654857,0.10668165895810679,0.08165597781707006,0.0087111951773714,6.0,8.0,6.0,-0.5,0
135.5,135.5,0.8571428571428571,0.8484316619654857,0.10668165895810679,0.08165597781707006,0.0087111951773714,6.0,8.0,6.0,-0.5999999999999943,0
136.5,136.5,0.9333333333333333,0.8833524142524143,0.10491570591876127,0.47639120037585675,0.04998091908091906,8.0,7.0,7.0,0.29999999999998295,0
136.5,136.5,0.9333333333333333,0.8833524142524143,0.10491570591876127,0.47639120037585675,0.04998091908091906,8.0,7.0,7.0,0.20000000000001705,0
136.5,136.5,0.9333333333333333,0.8833524142524143,0.10491570591876127,0.47639120037585675,0.04998091908091906,8.0,7.0,7.0,-0.29999999999998295,0
136.5,136.5,0.9333333333333333,0.8833524142524143,0.10491570591876127,0.47639120037585675,0.04998091908091906,8.0,7.0,7.0,-0.39999999999997726,0
136.5,136.5,0.9333333333333333,0.8833524142524143,0.10491570591876127,0.47639120037585675,0.04998091908091906,8.0,7.0,7.0,-0.5,0
136.5,136.5,0.9333333333333333,0.8833524142524143,0.10491570591876127,0.47639120037585675,0.04998091908091906,8.0,7.0,7.0,-0.5999999999999943,0
136.5,136.5,0.9333333333333333,0.8833524142524143,0.10491570591876127,0.47639120037585675,0.04998091908091906,8.0,7.0,7.0,-0.5,0
137.5,137.5,0.9333333333333333,0.8485936171671467,0.10925477427864053,0.7756156811057862,0.0847397161661867,7.0,8.0,7.0,0.20000000000001705,0
137.5,137.5,0.9333333333333333,0.8485936171671467,0.10925477427864053,0.7756156811057862,0.0847397161661867,7.0,8.0,7.0,-0.29999999999998295,0
137.5,137.5,0.9333333333333333,0.8485936171671467,0.10925477427864053,0.7756156811057862,0.0847397161661867,7.0,8.0,7.0,-0.39999999999997726,0
137.5,137.5,0.9333333333333333,0.8485936171671467,0.10925477427864053,0.7756156811057862,0.0847397161661867,7.0,8.0,7.0,-0.5,0
137.5,137.5,0.9333333333333333,0.8485936171671467,0.10925477427864053,0.7756156811057862,0.0847397161661867,7.0,8.0,7.0,-0.5999999999999943,0
137.5,137.5,0.9333333333333333,0.8485936171671467,0.10925477427864053,0.7756156811057862,0.0847397161661867,7.0,8.0,7.0,-0.5,0
137.5,137.5,0.9333333333333333,0.8485936171671467,0.10925477427864053,0.7756156811057862,0.0847397161661867,7.0,8.0,7.0,-0.19999999999998863,0
138.5,138.5,0.7692307692307693,0.816620736616325,0.10709806795678303,-0.44249133798266843,-0.047389967385555676,5.0,8.0,5.0,0.10000000000002274,0
138.5,138.5,0.7692307692307693,0.816620736616325,0.10709806795678303,-0.44249133798266843,-0.047389967385555676,5.0,8.0,5.0,0.10000000000002274,0
138.5,138.5,0.7692307692307693,0.816620736616325,0.10709806795678303,-0.44249133798266843,-0.047389967385555676,5.0,8.0,5.0,0.09999999999999432,0
138.5,138.5,0.7692307692307693,0.816620736616325,0.10709806795678303,-0.44249133798266843,-0.047389967385555676,5.0,8.0,5.0,0.09999999999999432,0
138.5,138.5,0.7692307692307693,0.816620736616325,0.10709806795678303,-0.44249133798266843,-0.047389967385555676,5.0,8.0,5.0,-0.19999999999998863,0
139.5,139.5,0.6666666666666666,0.8415420123993654,0.10645289151805212,-1.642748667874782,-0.1748753457326988,4.0,8.0,4.0,0.09999999999999432,0
139.5,139.5,0.6666666666666666,0.8415420123993654,0.10645289151805212,-1.642748667874782,-0.1748753457326988,4.0,8.0,4.0,0.09999999999999432,0
139.5,139.5,0.6666666666666666,0.8415420123993654,0.10645289151805212,-1.642748667874782,-0.1748753457326988,4.0,8.0,4.0,-0.19999999999998863,0
139.5,139.5,0.6666666666666666,0.8415420123993654,0.10645289151805212,-1.642748667874782,-0.1748753457326988,4.0,8.0,4.0,0.10000000000002274,0
140.5,140.5,0.7142857142857143,0.7942557942057943,0.10428205371146654,-0.766863300768373,-0.07997007992007998,5.0,9.0,5.0,0.09999999999999432,0
140.5,140.5,0.7142857142857143,0.7942557942057943,0.10428205371146654,-0.766863300768373,-0.07997007992007998,5.0,9.0,5.0,-0.19999999999998863,0
140.5,140.5,0.7142857142857143,0.7942557942057943,0.10428205371146654,-0.766863300768373,-0.07997007992007998,5.0,9.0,5.0,0.10000000000002274,0
140.5,140.5,0.7142857142857143,0.7942557942057943,0.10428205371146654,-0.766863300768373,-0.07997007992007998,5.0,9.0,5.0,0.19999999999998863,0
140.5,140.5,0.7142857142857143,0.7942557942057943,0.10428205371146654,-0.766863300768373,-0.07997007992007998,5.0,9.0,5.0,0.09999999999999432,0
141.5,141.5,0.6153846153846154,0.8007546907341025,0.11194942408694626,-1.6558376861815585,-0.18537007534948713,4.0,9.0,4.0,0.10000000000002274,0
141.5,141.5,0.6153846153846154,0.8007546907341025,0.11194942408694626,-1.6558376861815585,-0.18537007534948713,4.0,9.0,4.0,0.19999999999998863,0
141.5,141.5,0.6153846153846154,0.8007546907341025,0.11194942408694626,-1.6558376861815585,-0.18537007534948713,4.0,9.0,4.0,0.09999999999999432,0
141.5,141.5,0.6153846153846154,0.8007546907341025,0.11194942408694626,-1.6558376861815585,-0.18537007534948713,4.0,9.0,4.0,0.19999999999998863,0
142.5,142.5,0.7692307692307693,0.8254297202797203,0.1124778612590884,-0.49964455600288216,-0.05619895104895101,5.0,8.0,5.0,0.10000000000002274,0
142.5,142.5,0.7692307692307693,0.8254297202797203,0.1124778612590884,-0.49964455600288216,-0.05619895104895101,5.0,8.0,5.0,0.19999999999998863,0
142.5,142.5,0.7692307692307693,0.8254297202797203,0.1124778612590884,-0.49964455600288216,-0.05619895104895101,5.0,8.0,5.0,0.09999999999999432,0
142.5,142.5,0.7692307692307693,0.8254297202797203,0.1124778612590884,-0.49964455600288216,-0.05619895104895101,5.0,8.0,5.0,0.19999999999998863,0
142.5,142.5,0.7692307692307693,0.8254297202797203,0.1124778612590884,-0.49964455600288216,-0.05619895104895101,5.0,8.0,5.0,-0.19999999999998863,0
143.5,143.5,0.8571428571428571,0.7850480436230437,0.11527394060213039,0.6254216099773118,0.0720948135198134,6.0,8.0,6.0,0.10000000000002274,0
143.5,143.5,0.8571428571428571,0.7850480436230437,0.11527394060213039,0.6254216099773118,0.0720948135198134,6.0,8.0,6.0,0.19999999999998863,0
143.5,143.5,0.8571428571428571,0.7850480436230437,0.11527394060213039,0.6254216099773118,0.0720948135198134,6.0,8.0,6.0,0.09999999999999432,0
143.5,143.5,0.8571428571428571,0.7850480436230437,0.11527394060213039,0.6254216099773118,0.0720948135198134,6.0,8.0,6.0,0.19999999999998863,0
143.5,143.5,0.8571428571428571,0.7850480436230437,0.11527394060213039,0.6254216099773118,0.0720948135198134,6.0,8.0,6.0,-0.19999999999998863,0
143.5,143.5,0.8571428571428571,0.7850480436230437,0.11527394060213039,0.6254216099773118,0.0720948135198134,6.0,8.0,6.0,-0.09999999999999432,0
144.5,144.5,0.9333333333333333,0.8355164076119959,0.10681829303200094,0.9157319682316325,0.09781692572133749,7.0,8.0,7.0,0.19999999999998863,0
144.5,144.5,0.9333333333333333,0.8355164076119959,0.10681829303200094,0.9157319682316325,0.09781692572133749,7.0,8.0,7.0,0.09999999999999432,0
144.5,144.5,0.9333333333333333,0.8355164076119959,0.10681829303200094,0.9157319682316325,0.09781692572133749,7.0,8.0,7.0,0.19999999999998863,0
144.5,144.5,0.9333333333333333,0.8355164076119959,0.10681829303200094,0.9157319682316325,0.09781692572133749,7.0,8.0,7.0,-0.19999999999998863,0
144.5,144.5,0.9333333333333333,0.8355164076119959,0.10681829303200094,0.9157319682316325,0.09781692572133749,7.0,8.0,7.0,-0.09999999999999432,0
144.5,144.5,0.9333333333333333,0.8355164076119959,0.10681829303200094,0.9157319682316325,0.09781692572133749,7.0,8.0,7.0,0.20000000000001705,0
144.5,144.5,0.9333333333333333,0.8355164076119959,0.10681829303200094,0.9157319682316325,0.09781692572133749,7.0,8.0,7.0,-0.09999999999999432,0
145.5,145.5,1.0,0.8674822094572096,0.09860601787904201,1.3439117955797315,0.13251779054279045,7.0,7.0,7.0,-0.4000000000000057,0
145.5,145.5,1.0,0.8674822094572096,0.09860601787904201,1.3439117955797315,0.13251779054279045,7.0,7.0,7.0,-0.30000000000001137,0
145.5,145.5,1.0,0.8674822094572096,0.09860601787904201,1.3439117955797315,0.13251779054279045,7.0,7.0,7.0,-0.19999999999998863,0
145.5,145.5,1.0,0.8674822094572096,0.09860601787904201,1.3439117955797315,0.13251779054279045,7.0,7.0,7.0,-0.09999999999999432,0
145.5,145.5,1.0,0.8674822094572096,0.09860601787904201,1.3439117955797315,0.13251779054279045,7.0,7.0,7.0,0.20000000000001705,0
145.5,145.5,1.0,0.8674822094572096,0.09860601787904201,1.3439117955797315,0.13251779054279045,7.0,7.0,7.0,-0.09999999999999432,0
145.5,145.5,1.0,0.8674822094572096,0.09860601787904201,1.3439117955797315,0.13251779054279045,7.0,7.0,7.0,-0.09999999999999432,0
146.5,146.5,0.9230769230769231,0.877696436896437,0.08815862052403958,0.5147594859213067,0.04538048618048618,7.0,6.0,6.0,-0.19999999999998863,0
146.5,146.5,0.9230769230769231,0.877696436896437,0.08815862052403958,0.5147594859213067,0.04538048618048618,7.0,6.0,6.0,-0.09999999999999432,0
146.5,146.5,0.9230769230769231,0.877696436896437,0.08815862052403958,0.5147594859213067,0.04538048618048618,7.0,6.0,6.0,0.20000000000001705,0
146.5,146.5,0.9230769230769231,0.877696436896437,0.08815862052403958,0.5147594859213067,0.04538048618048618,7.0,6.0,6.0,-0.09999999999999432,0
146.5,146.5,0.9230769230769231,0.877696436896437,0.08815862052403958,0.5147594859213067,0.04538048618048618,7.0,6.0,6.0,-0.09999999999999432,0
146.5,146.5,0.9230769230769231,0.877696436896437,0.08815862052403958,0.5147594859213067,0.04538048618048618,7.0,6.0,6.0,-0.19999999999998863,0
147.5,147.5,1.0,0.8840212204462204,0.10306232252036049,1.125326663688055,0.11597877955377955,7.0,7.0,7.0,-0.09999999999999432,0
147.5,147.5,1.0,0.8840212204462204,0.10306232252036049,1.125326663688055,0.11597877955377955,7.0,7.0,7.0,0.20000000000001705,0
147.5,147.5,1.0,0.8840212204462204,0.10306232252036049,1.125326663688055,0.11597877955377955,7.0,7.0,7.0,-0.09999999999999432,0
147.5,147.5,1.0,0.8840212204462204,0.10306232252036049,1.125326663688055,0.11597877955377955,7.0,7.0,7.0,-0.09999999999999432,0
147.5,147.5,1.0,0.8840212204462204,0.10306232252036049,1.125326663688055,0.11597877955377955,7.0,7.0,7.0,-0.19999999999998863,0
147.5,147.5,1.0,0.8840212204462204,0.10306232252036049,1.125326663688055,0.11597877955377955,7.0,7.0,7.0,-0.19999999999998863,0
147.5,147.5,1.0,0.8840212204462204,0.10306232252036049,1.125326663688055,0.11597877955377955,7.0,7.0,7.0,0.09999999999999432,0
148.5,148.5,0.9333333333333333,0.8496702092025623,0.10849682064044683,0.7711112974271066,0.08366312413077104,7.0,8.0,7.0,0.20000000000001705,0
148.5,148.5,0.9333333333333333,0.8496702092025623,0.10849682064044683,0.7711112974271066,0.08366312413077104,7.0,8.0,7.0,-0.09999999999999432,0
148.5,148.5,0.9333333333333333,0.8496702092025623,0.10849682064044683,0.7711112974271066,0.08366312413077104,7.0,8.0,7.0,-0.09999999999999432,0
148.5,148.5,0.9333333333333333,0.8496702092025623,0.10849682064044683,0.7711112974271066,0.08366312413077104,7.0,8.0,7.0,-0.19999999999998863,0
148.5,148.5,0.9333333333333333,0.8496702092025623,0.10849682064044683,0.7711112974271066,0.08366312413077104,7.0,8.0,7.0,-0.19999999999998863,0
148.5,148.5,0.9333333333333333,0.8496702092025623,0.10849682064044683,0.7711112974271066,0.08366312413077104,7.0,8.0,7.0,0.09999999999999432,0
148.5,148.5,0.9333333333333333,0.8496702092025623,0.10849682064044683,0.7711112974271066,0.08366312413077104,7.0,8.0,7.0,0.10000000000002274,0
149.5,149.5,0.8571428571428571,0.8219196509372981,0.10816549140172786,0.32564180820609023,0.035223206205558966,6.0,8.0,6.0,-0.09999999999999432,0
149.5,149.5,0.8571428571428571,0.8219196509372981,0.10816549140172786,0.32564180820609023,0.035223206205558966,6.0,8.0,6.0,-0.19999999999998863,0
149.5,149.5,0.8571428571428571,0.8219196509372981,0.10816549140172786,0.32564180820609023,0.035223206205558966,6.0,8.0,6.0,-0.19999999999998863,0
149.5,149.5,0.8571428571428571,0.8219196509372981,0.10816549140172786,0.32564180820609023,0.035223206205558966,6.0,8.0,6.0,0.09999999999999432,0
149.5,149.5,0.8571428571428571,0.8219196509372981,0.10816549140172786,0.32564180820609023,0.035223206205558966,6.0,8.0,6.0,0.10000000000002274,0
149.5,149.5,0.8571428571428571,0.8219196509372981,0.10816549140172786,0.32564180820609023,0.035223206205558966,6.0,8.0,6.0,0.19999999999998863,0
150.5,150.5,0.9230769230769231,0.8280965895215896,0.11723880187922407,0.810144184629074,0.09498033355533353,6.0,7.0,6.0,-0.19999999999998863,0
150.5,150.5,0.9230769230769231,0.8280965895215896,0.11723880187922407,0.810144184629074,0.09498033355533353,6.0,7.0,6.0,-0.19999999999998863,0
150.5,150.5,0.9230769230769231,0.8280965895215896,0.11723880187922407,0.810144184629074,0.09498033355533353,6.0,7.0,6.0,0.09999999999999432,0
150.5,150.5,0.9230769230769231,0.8280965895215896,0.11723880187922407,0.810144184629074,0.09498033355533353,6.0,7.0,6.0,0.10000000000002274,0
150.5,150.5,0.9230769230769231,0.8280965895215896,0.11723880187922407,0.810144184629074,0.09498033355533353,6.0,7.0,6.0,0.19999999999998863,0
150.5,150.5,0.9230769230769231,0.8280965895215896,0.11723880187922407,0.810144184629074,0.09498033355533353,6.0,7.0,6.0,0.5,0
151.5,151.5,0.6666666666666666,0.8246246885467474,0.10543670908408712,-1.4981311845963179,-0.1579580218800808,4.0,8.0,4.0,0.09999999999999432,0
151.5,151.5,0.6666666666666666,0.8246246885467474,0.10543670908408712,-1.4981311845963179,-0.1579580218800808,4.0,8.0,4.0,0.10000000000002274,0
151.5,151.5,0.6666666666666666,0.8246246885467474,0.10543670908408712,-1.4981311845963179,-0.1579580218800808,4.0,8.0,4.0,0.19999999999998863,0
151.5,151.5,0.6666666666666666,0.8246246885467474,0.10543670908408712,-1.4981311845963179,-0.1579580218800808,4.0,8.0,4.0,0.5,0
152.5,152.5,0.6,0.8373594072594074,0.11208549761029968,-2.11766385767998,-0.2373594072594074,3.0,7.0,3.0,0.10000000000002274,0
152.5,152.5,0.6,0.8373594072594074,0.11208549761029968,-2.11766385767998,-0.2373594072594074,3.0,7.0,3.0,0.19999999999998863,0
152.5,152.5,0.6,0.8373594072594074,0.11208549761029968,-2.11766385767998,-0.2373594072594074,3.0,7.0,3.0,0.5,0
153.5,153.5,0.6666666666666666,0.8494291153291154,0.10260117838323898,-1.7812899573120786,-0.18276244866244873,3.0,6.0,3.0,-0.5,0
153.5,153.5,0.6666666666666666,0.8494291153291154,0.10260117838323898,-1.7812899573120786,-0.18276244866244873,3.0,6.0,3.0,0.5,0
153.5,153.5,0.6666666666666666,0.8494291153291154,0.10260117838323898,-1.7812899573120786,-0.18276244866244873,3.0,6.0,3.0,0.09999999999999432,0
154.5,154.5,0.4444444444444444,0.870529711954712,0.10101485201947526,-4.218045752600024,-0.42608526751026754,2.0,7.0,2.0,0.5,0
154.5,154.5,0.4444444444444444,0.870529711954712,0.10101485201947526,-4.218045752600024,-0.42608526751026754,2.0,7.0,2.0,0.09999999999999432,0
155.5,155.5,0.5454545454545454,0.8354423532350004,0.10964172060653796,-2.644867356844115,-0.28998780778045496,3.0,8.0,3.0,0.09999999999999432,0
155.5,155.5,0.5454545454545454,0.8354423532350004,0.10964172060653796,-2.644867356844115,-0.28998780778045496,3.0,8.0,3.0,0.19999999999998863,0
155.5,155.5,0.5454545454545454,0.8354423532350004,0.10964172060653796,-2.644867356844115,-0.28998780778045496,3.0,8.0,3.0,0.0,0
156.5,156.5,0.7272727272727273,0.8679087745587747,0.10796338975486491,-1.3026271924711426,-0.1406360472860474,4.0,7.0,4.0,0.09999999999999432,0
156.5,156.5,0.7272727272727273,0.8679087745587747,0.10796338975486491,-1.3026271924711426,-0.1406360472860474,4.0,7.0,4.0,0.19999999999998863,0
156.5,156.5,0.7272727272727273,0.8679087745587747,0.10796338975486491,-1.3026271924711426,-0.1406360472860474,4.0,7.0,4.0,0.0,0
156.5,156.5,0.7272727272727273,0.8679087745587747,0.10796338975486491,-1.3026271924711426,-0.1406360472860474,4.0,7.0,4.0,0.4000000000000057,0
157.5,157.5,0.7692307692307693,0.847303753599342,0.1046241934737206,-0.7462230462802371,-0.07807298436857268,5.0,8.0,5.0,0.09999999999999432,0
157.5,157.5,0.7692307692307693,0.847303753599342,0.1046241934737206,-0.7462230462802371,-0.07807298436857268,5.0,8.0,5.0,0.19999999999998863,0
157.5,157.5,0.7692307692307693,0.847303753599342,0.1046241934737206,-0.7462230462802371,-0.07807298436857268,5.0,8.0,5.0,0.0,0
157.5,157.5,0.7692307692307693,0.847303753599342,0.1046241934737206,-0.7462230462802371,-0.07807298436857268,5.0,8.0,5.0,0.4000000000000057,0
157.5,157.5,0.7692307692307693,0.847303753599342,0.1046241934737206,-0.7462230462802371,-0.07807298436857268,5.0,8.0,5.0,-0.09999999999999432,0
158.5,158.5,0.6666666666666666,0.8181446842373314,0.10593549942349914,-1.4299079949120739,-0.1514780175706648,4.0,8.0,4.0,0.19999999999998863,0
158.5,158.5,0.6666666666666666,0.8181446842373314,0.10593549942349914,-1.4299079949120739,-0.1514780175706648,4.0,8.0,4.0,0.0,0
158.5,158.5,0.6666666666666666,0.8181446842373314,0.10593549942349914,-1.4299079949120739,-0.1514780175706648,4.0,8.0,4.0,0.4000000000000057,0
158.5,158.5,0.6666666666666666,0.8181446842373314,0.10593549942349914,-1.4299079949120739,-0.1514780175706648,4.0,8.0,4.0,-0.09999999999999432,0
159.5,159.5,0.7272727272727273,0.8358252303252305,0.10527630599621705,-1.0311199849318788,-0.10855250305250319,4.0,7.0,4.0,-0.5,0
159.5,159.5,0.7272727272727273,0.8358252303252305,0.10527630599621705,-1.0311199849318788,-0.10855250305250319,4.0,7.0,4.0,0.0,0
159.5,159.5,0.7272727272727273,0.8358252303252305,0.10527630599621705,-1.0311199849318788,-0.10855250305250319,4.0,7.0,4.0,0.4000000000000057,0
159.5,159.5,0.7272727272727273,0.8358252303252305,0.10527630599621705,-1.0311199849318788,-0.10855250305250319,4.0,7.0,4.0,-0.09999999999999432,0
160.5,160.5,0.7692307692307693,0.8289380898513252,0.09815081307337258,-0.6083222211916042,-0.05970732062055595,5.0,8.0,5.0,0.0,0
160.5,160.5,0.7692307692307693,0.8289380898513252,0.09815081307337258,-0.6083222211916042,-0.05970732062055595,5.0,8.0,5.0,0.4000000000000057,0
160.5,160.5,0.7692307692307693,0.8289380898513252,0.09815081307337258,-0.6083222211916042,-0.05970732062055595,5.0,8.0,5.0,-0.09999999999999432,0
160.5,160.5,0.7692307692307693,0.8289380898513252,0.09815081307337258,-0.6083222211916042,-0.05970732062055595,5.0,8.0,5.0,-0.20000000000001705,0
160.5,160.5,0.7692307692307693,0.8289380898513252,0.09815081307337258,-0.6083222211916042,-0.05970732062055595,5.0,8.0,5.0,-0.10000000000002274,0
161.5,161.5,0.7272727272727273,0.850636532911533,0.10666711654197199,-1.1565308001014893,-0.12336380563880567,4.0,7.0,4.0,-0.09999999999999432,0
161.5,161.5,0.7272727272727273,0.850636532911533,0.10666711654197199,-1.1565308001014893,-0.12336380563880567,4.0,7.0,4.0,-0.20000000000001705,0
161.5,161.5,0.7272727272727273,0.850636532911533,0.10666711654197199,-1.1565308001014893,-0.12336380563880567,4.0,7.0,4.0,-0.10000000000002274,0
161.5,161.5,0.7272727272727273,0.850636532911533,0.10666711654197199,-1.1565308001014893,-0.12336380563880567,4.0,7.0,4.0,0.0,0
162.5,162.5,0.7272727272727273,0.8873265873015873,0.10218894408843306,-1.5662541721768979,-0.16005386002886002,4.0,7.0,4.0,-0.20000000000001705,0
162.5,162.5,0.7272727272727273,0.8873265873015873,0.10218894408843306,-1.5662541721768979,-0.16005386002886002,4.0,7.0,4.0,-0.10000000000002274,0
162.5,162.5,0.7272727272727273,0.8873265873015873,0.10218894408843306,-1.5662541721768979,-0.16005386002886002,4.0,7.0,4.0,0.0,0
162.5,162.5,0.7272727272727273,0.8873265873015873,0.10218894408843306,-1.5662541721768979,-0.16005386002886002,4.0,7.0,4.0,0.09999999999999432,0
163.5,163.5,0.8571428571428571,0.8535718600027423,0.10500538008501525,0.03400775405244565,0.0035709971401147733,6.0,8.0,6.0,-0.20000000000001705,0
163.5,163.5,0.8571428571428571,0.8535718600027423,0.10500538008501525,0.03400775405244565,0.0035709971401147733,6.0,8.0,6.0,-0.10000000000002274,0
163.5,163.5,0.8571428571428571,0.8535718600027423,0.10500538008501525,0.03400775405244565,0.0035709971401147733,6.0,8.0,6.0,0.0,0
163.5,163.5,0.8571428571428571,0.8535718600027423,0.10500538008501525,0.03400775405244565,0.0035709971401147733,6.0,8.0,6.0,0.09999999999999432,0
163.5,163.5,0.8571428571428571,0.8535718600027423,0.10500538008501525,0.03400775405244565,0.0035709971401147733,6.0,8.0,6.0,-0.20000000000001705,0
163.5,163.5,0.8571428571428571,0.8535718600027423,0.10500538008501525,0.03400775405244565,0.0035709971401147733,6.0,8.0,6.0,0.0,0
164.5,164.5,0.9333333333333333,0.8199094028520502,0.10642034164799809,1.065810621586337,0.11342393048128319,7.0,8.0,7.0,-0.20000000000001705,0
164.5,164.5,0.9333333333333333,0.8199094028520502,0.10642034164799809,1.065810621586337,0.11342393048128319,7.0,8.0,7.0,-0.10000000000002274,0
164.5,164.5,0.9333333333333333,0.8199094028520502,0.10642034164799809,1.065810621586337,0.11342393048128319,7.0,8.0,7.0,0.0,0
164.5,164.5,0.9333333333333333,0.8199094028520502,0.10642034164799809,1.065810621586337,0.11342393048128319,7.0,8.0,7.0,0.09999999999999432,0
164.5,164.5,0.9333333333333333,0.8199094028520502,0.10642034164799809,1.065810621586337,0.11342393048128319,7.0,8.0,7.0,-0.20000000000001705,0
164.5,164.5,0.9333333333333333,0.8199094028520502,0.10642034164799809,1.065810621586337,0.11342393048128319,7.0,8.0,7.0,0.0,0
164.5,164.5,0.9333333333333333,0.8199094028520502,0.10642034164799809,1.065810621586337,0.11342393048128319,7.0,8.0,7.0,0.30000000000001137,0
165.5,165.5,0.8571428571428571,0.8448428390237215,0.1090114238981665,0.11283237737198745,0.012300018119135614,6.0,8.0,6.0,0.0,0
165.5,165.5,0.8571428571428571,0.8448428390237215,0.1090114238981665,0.11283237737198745,0.012300018119135614,6.0,8.0,6.0,0.09999999999999432,0
165.5,165.5,0.8571428571428571,0.8448428390237215,0.1090114238981665,0.11283237737198745,0.012300018119135614,6.0,8.0,6.0,-0.20000000000001705,0
165.5,165.5,0.8571428571428571,0.8448428390237215,0.1090114238981665,0.11283237737198745,0.012300018119135614,6.0,8.0,6.0,0.0,0
165.5,165.5,0.8571428571428571,0.8448428390237215,0.1090114238981665,0.11283237737198745,0.012300018119135614,6.0,8.0,6.0,0.30000000000001137,0
165.5,165.5,0.8571428571428571,0.8448428390237215,0.1090114238981665,0.11283237737198745,0.012300018119135614,6.0,8.0,6.0,-0.20000000000001705,0
166.5,166.5,0.8571428571428571,0.806672629331453,0.10875303855239983,0.46408108208476695,0.05047022781140409,6.0,8.0,6.0,0.09999999999999432,0
166.5,166.5,0.8571428571428571,0.806672629331453,0.10875303855239983,0.46408108208476695,0.05047022781140409,6.0,8.0,6.0,-0.20000000000001705,0
166.5,166.5,0.8571428571428571,0.806672629331453,0.10875303855239983,0.46408108208476695,0.05047022781140409,6.0,8.0,6.0,0.0,0
166.5,166.5,0.8571428571428571,0.806672629331453,0.10875303855239983,0.46408108208476695,0.05047022781140409,6.0,8.0,6.0,0.30000000000001137,0
166.5,166.5,0.8571428571428571,0.806672629331453,0.10875303855239983,0.46408108208476695,0.05047022781140409,6.0,8.0,6.0,-0.20000000000001705,0
166.5,166.5,0.8571428571428571,0.806672629331453,0.10875303855239983,0.46408108208476695,0.05047022781140409,6.0,8.0,6.0,0.0,0
167.5,167.5,0.8571428571428571,0.8112983988233989,0.11187923789369211,0.4097673454213163,0.04584445831945816,7.0,7.0,6.0,-0.20000000000001705,0
167.5,167.5,0.8571428571428571,0.8112983988233989,0.11187923789369211,0.4097673454213163,0.04584445831945816,7.0,7.0,6.0,0.0,0
167.5,167.5,0.8571428571428571,0.8112983988233989,0.11187923789369211,0.4097673454213163,0.04584445831945816,7.0,7.0,6.0,0.30000000000001137,0
167.5,167.5,0.8571428571428571,0.8112983988233989,0.11187923789369211,0.4097673454213163,0.04584445831945816,7.0,7.0,6.0,-0.20000000000001705,0
167.5,167.5,0.8571428571428571,0.8112983988233989,0.11187923789369211,0.4097673454213163,0.04584445831945816,7.0,7.0,6.0,0.0,0
167.5,167.5,0.8571428571428571,0.8112983988233989,0.11187923789369211,0.4097673454213163,0.04584445831945816,7.0,7.0,6.0,0.20000000000001705,0
168.5,168.5,0.8333333333333334,0.8261471972471972,0.10699878944838108,0.06716091016714668,0.007186136086136163,6.0,6.0,5.0,0.30000000000001137,0
168.5,168.5,0.8333333333333334,0.8261471972471972,0.10699878944838108,0.06716091016714668,0.007186136086136163,6.0,6.0,5.0,-0.20000000000001705,0
168.5,168.5,0.8333333333333334,0.8261471972471972,0.10699878944838108,0.06716091016714668,0.007186136086136163,6.0,6.0,5.0,0.0,0
168.5,168.5,0.8333333333333334,0.8261471972471972,0.10699878944838108,0.06716091016714668,0.007186136086136163,6.0,6.0,5.0,0.20000000000001705,0
168.5,168.5,0.8333333333333334,0.8261471972471972,0.10699878944838108,0.06716091016714668,0.007186136086136163,6.0,6.0,5.0,-0.5999999999999943,0
169.5,169.5,0.8571428571428571,0.8485494449994451,0.10138210230315306,0.08476261537481222,0.008593412143412027,7.0,7.0,6.0,-0.20000000000001705,0
169.5,169.5,0.8571428571428571,0.8485494449994451,0.10138210230315306,0.08476261537481222,0.008593412143412027,7.0,7.0,6.0,0.0,0
169.5,169.5,0.8571428571428571,0.8485494449994451,0.10138210230315306,0.08476261537481222,0.008593412143412027,7.0,7.0,6.0,0.20000000000001705,0
169.5,169.5,0.8571428571428571,0.8485494449994451,0.10138210230315306,0.08476261537481222,0.008593412143412027,7.0,7.0,6.0,-0.5999999999999943,0
169.5,169.5,0.8571428571428571,0.8485494449994451,0.10138210230315306,0.08476261537481222,0.008593412143412027,7.0,7.0,6.0,-0.6000000000000227,0
169.5,169.5,0.8571428571428571,0.8485494449994451,0.10138210230315306,0.08476261537481222,0.008593412143412027,7.0,7.0,6.0,-0.4000000000000057,0
170.5,170.5,0.9230769230769231,0.8716701298701299,0.089530868594201,0.5741795429216117,0.0514067932067932,7.0,6.0,6.0,0.0,0
170.5,170.5,0.9230769230769231,0.8716701298701299,0.089530868594201,0.5741795429216117,0.0514067932067932,7.0,6.0,6.0,0.20000000000001705,0
170.5,170.5,0.9230769230769231,0.8716701298701299,0.089530868594201,0.5741795429216117,0.0514067932067932,7.0,6.0,6.0,-0.5999999999999943,0
170.5,170.5,0.9230769230769231,0.8716701298701299,0.089530868594201,0.5741795429216117,0.0514067932067932,7.0,6.0,6.0,-0.6000000000000227,0
170.5,170.5,0.9230769230769231,0.8716701298701299,0.089530868594201,0.5741795429216117,0.0514067932067932,7.0,6.0,6.0,-0.4000000000000057,0
170.5,170.5,0.9230769230769231,0.8716701298701299,0.089530868594201,0.5741795429216117,0.0514067932067932,7.0,6.0,6.0,-0.5,0
171.5,171.5,1.0,0.8844459595959597,0.10065077118998704,1.14806910108937,0.11555404040404027,7.0,7.0,7.0,0.20000000000001705,0
171.5,171.5,1.0,0.8844459595959597,0.10065077118998704,1.14806910108937,0.11555404040404027,7.0,7.0,7.0,-0.5999999999999943,0
171.5,171.5,1.0,0.8844459595959597,0.10065077118998704,1.14806910108937,0.11555404040404027,7.0,7.0,7.0,-0.6000000000000227,0
171.5,171.5,1.0,0.8844459595959597,0.10065077118998704,1.14806910108937,0.11555404040404027,7.0,7.0,7.0,-0.4000000000000057,0
171.5,171.5,1.0,0.8844459595959597,0.10065077118998704,1.14806910108937,0.11555404040404027,7.0,7.0,7.0,-0.5,0
171.5,171.5,1.0,0.8844459595959597,0.10065077118998704,1.14806910108937,0.11555404040404027,7.0,7.0,7.0,-0.4000000000000057,0
171.5,171.5,1.0,0.8844459595959597,0.10065077118998704,1.14806910108937,0.11555404040404027,7.0,7.0,7.0,-0.30000000000001137,0
172.5,172.5,0.9333333333333333,0.8520095468257234,0.1041804917189029,0.7806047482194238,0.08132378650760996,7.0,8.0,7.0,0.19999999999998863,0
172.5,172.5,0.9333333333333333,0.8520095468257234,0.1041804917189029,0.7806047482194238,0.08132378650760996,7.0,8.0,7.0,0.09999999999999432,0
172.5,172.5,0.9333333333333333,0.8520095468257234,0.1041804917189029,0.7806047482194238,0.08132378650760996,7.0,8.0,7.0,0.19999999999998863,0
172.5,172.5,0.9333333333333333,0.8520095468257234,0.1041804917189029,0.7806047482194238,0.08132378650760996,7.0,8.0,7.0,0.19999999999998863,0
172.5,172.5,0.9333333333333333,0.8520095468257234,0.1041804917189029,0.7806047482194238,0.08132378650760996,7.0,8.0,7.0,-0.30000000000001137,0
172.5,172.5,0.9333333333333333,0.8520095468257234,0.1041804917189029,0.7806047482194238,0.08132378650760996,7.0,8.0,7.0,-0.10000000000002274,0
172.5,172.5,0.9333333333333333,0.8520095468257234,0.1041804917189029,0.7806047482194238,0.08132378650760996,7.0,8.0,7.0,0.09999999999999432,0
173.5,173.5,0.9333333333333333,0.8214600198820788,0.10591024810253798,1.0563030061353773,0.11187331345125451,7.0,8.0,7.0,0.09999999999999432,0
173.5,173.5,0.9333333333333333,0.8214600198820788,0.10591024810253798,1.0563030061353773,0.11187331345125451,7.0,8.0,7.0,0.19999999999998863,0
173.5,173.5,0.9333333333333333,0.8214600198820788,0.10591024810253798,1.0563030061353773,0.11187331345125451,7.0,8.0,7.0,0.19999999999998863,0
173.5,173.5,0.9333333333333333,0.8214600198820788,0.10591024810253798,1.0563030061353773,0.11187331345125451,7.0,8.0,7.0,-0.30000000000001137,0
173.5,173.5,0.9333333333333333,0.8214600198820788,0.10591024810253798,1.0563030061353773,0.11187331345125451,7.0,8.0,7.0,-0.10000000000002274,0
173.5,173.5,0.9333333333333333,0.8214600198820788,0.10591024810253798,1.0563030061353773,0.11187331345125451,7.0,8.0,7.0,0.09999999999999432,0
173.5,173.5,0.9333333333333333,0.8214600198820788,0.10591024810253798,1.0563030061353773,0.11187331345125451,7.0,8.0,7.0,0.29999999999998295,0
174.5,174.5,0.9333333333333333,0.8493603852030324,0.11056097201119157,0.7595170936250524,0.08397294813030098,7.0,8.0,7.0,-0.5,0
174.5,174.5,0.9333333333333333,0.8493603852030324,0.11056097201119157,0.7595170936250524,0.08397294813030098,7.0,8.0,7.0,-0.4000000000000057,0
174.5,174.5,0.9333333333333333,0.8493603852030324,0.11056097201119157,0.7595170936250524,0.08397294813030098,7.0,8.0,7.0,-0.30000000000001137,0
174.5,174.5,0.9333333333333333,0.8493603852030324,0.11056097201119157,0.7595170936250524,0.08397294813030098,7.0,8.0,7.0,-0.10000000000002274,0
174.5,174.5,0.9333333333333333,0.8493603852030324,0.11056097201119157,0.7595170936250524,0.08397294813030098,7.0,8.0,7.0,0.09999999999999432,0
174.5,174.5,0.9333333333333333,0.8493603852030324,0.11056097201119157,0.7595170936250524,0.08397294813030098,7.0,8.0,7.0,0.29999999999998295,0
174.5,174.5,0.9333333333333333,0.8493603852030324,0.11056097201119157,0.7595170936250524,0.08397294813030098,7.0,8.0,7.0,-0.19999999999998863,0
175.5,175.5,0.8,0.8041683184462597,0.10815531174703914,-0.03854011771524256,-0.0041683184462596445,6.0,9.0,6.0,-0.30000000000001137,0
175.5,175.5,0.8,0.8041683184462597,0.10815531174703914,-0.03854011771524256,-0.0041683184462596445,6.0,9.0,6.0,-0.10000000000002274,0
175.5,175.5,0.8,0.8041683184462597,0.10815531174703914,-0.03854011771524256,-0.0041683184462596445,6.0,9.0,6.0,0.09999999999999432,0
175.5,175.5,0.8,0.8041683184462597,0.10815531174703914,-0.03854011771524256,-0.0041683184462596445,6.0,9.0,6.0,0.29999999999998295,0
175.5,175.5,0.8,0.8041683184462597,0.10815531174703914,-0.03854011771524256,-0.0041683184462596445,6.0,9.0,6.0,-0.19999999999998863,0
175.5,175.5,0.8,0.8041683184462597,0.10815531174703914,-0.03854011771524256,-0.0041683184462596445,6.0,9.0,6.0,0.10000000000002274,0
