t_center,z_S_t__20170705_01_02_01,z_S_t__20170705_01_02_02,z_S_t__20170705_01_02_03,z_S_t__20170705_03_04_01,z_S_t__20170705_03_04_02,z_S_t__20170705_03_04_03,z_S_t__20170707_01_02_01,z_S_t__20170707_01_02_02,z_S_t__20170707_01_02_03,z_S_t__20170707_03_04_01,z_S_t__20170707_03_04_02,z_S_t__20170707_03_04_03,z_S_t__20170707_05_06_01,z_S_t__20170707_05_06_02,z_S_t__20170707_05_06_03,z_S_t__20170707_07_08_01,z_S_t__20170707_07_08_02,z_S_t__20170707_07_08_03,z_S_t__20170707_09_10_01,z_S_t__20170707_09_10_02,z_S_t__20170707_09_10_03,z_S_t__20170707_11_12_01,z_S_t__20170707_11_12_02,z_S_t__20170707_11_12_03,z_S_t__20170710_13_14_01,z_S_t__20170710_13_14_02,z_S_t__20170710_13_14_03,z_S_t__20170710_15_16_01,z_S_t__20170710_15_16_02,z_S_t__20170710_15_16_03,S_excess__20170705_01_02_01,S_excess__20170705_01_02_02,S_excess__20170705_01_02_03,S_excess__20170705_03_04_01,S_excess__20170705_03_04_02,S_excess__20170705_03_04_03,S_excess__20170707_01_02_01,S_excess__20170707_01_02_02,S_excess__20170707_01_02_03,S_excess__20170707_03_04_01,S_excess__20170707_03_04_02,S_excess__20170707_03_04_03,S_excess__20170707_05_06_01,S_excess__20170707_05_06_02,S_excess__20170707_05_06_03,S_excess__20170707_07_08_01,S_excess__20170707_07_08_02,S_excess__20170707_07_08_03,S_excess__20170707_09_10_01,S_excess__20170707_09_10_02,S_excess__20170707_09_10_03,S_excess__20170707_11_12_01,S_excess__20170707_11_12_02,S_excess__20170707_11_12_03,S_excess__20170710_13_14_01,S_excess__20170710_13_14_02,S_excess__20170710_13_14_03,S_excess__20170710_15_16_01,S_excess__20170710_15_16_02,S_excess__20170710_15_16_03,nA__20170705_01_02_01,nA__20170705_01_02_02,nA__20170705_01_02_03,nA__20170705_03_04_01,nA__20170705_03_04_02,nA__20170705_03_04_03,nA__20170707_01_02_01,nA__20170707_01_02_02,nA__20170707_01_02_03,nA__20170707_03_04_01,nA__20170707_03_04_02,nA__20170707_03_04_03,nA__20170707_05_06_01,nA__20170707_05_06_02,nA__20170707_05_06_03,nA__20170707_07_08_01,nA__20170707_07_08_02,nA__20170707_07_08_03,nA__20170707_09_10_01,nA__20170707_09_10_02,nA__20170707_09_10_03,nA__20170707_11_12_01,nA__20170707_11_12_02,nA__20170707_11_12_03,nA__20170710_13_14_01,nA__20170710_13_14_02,nA__20170710_13_14_03,nA__20170710_15_16_01,nA__20170710_15_16_02,nA__20170710_15_16_03,nB__20170705_01_02_01,nB__20170705_01_02_02,nB__20170705_01_02_03,nB__20170705_03_04_01,nB__20170705_03_04_02,nB__20170705_03_04_03,nB__20170707_01_02_01,nB__20170707_01_02_02,nB__20170707_01_02_03,nB__20170707_03_04_01,nB__20170707_03_04_02,nB__20170707_03_04_03,nB__20170707_05_06_01,nB__20170707_05_06_02,nB__20170707_05_06_03,nB__20170707_07_08_01,nB__20170707_07_08_02,nB__20170707_07_08_03,nB__20170707_09_10_01,nB__20170707_09_10_02,nB__20170707_09_10_03,nB__20170707_11_12_01,nB__20170707_11_12_02,nB__20170707_11_12_03,nB__20170710_13_14_01,nB__20170710_13_14_02,nB__20170710_13_14_03,nB__20170710_15_16_01,nB__20170710_15_16_02,nB__20170710_15_16_03,nM__20170705_01_02_01,nM__20170705_01_02_02,nM__20170705_01_02_03,nM__20170705_03_04_01,nM__20170705_03_04_02,nM__20170705_03_04_03,nM__20170707_01_02_01,nM__20170707_01_02_02,nM__20170707_01_02_03,nM__20170707_03_04_01,nM__20170707_03_04_02,nM__20170707_03_04_03,nM__20170707_05_06_01,nM__20170707_05_06_02,nM__20170707_05_06_03,nM__20170707_07_08_01,nM__20170707_07_08_02,nM__20170707_07_08_03,nM__20170707_09_10_01,nM__20170707_09_10_02,nM__20170707_09_10_03,nM__20170707_11_12_01,nM__20170707_11_12_02,nM__20170707_11_12_03,nM__20170710_13_14_01,nM__20170710_13_14_02,nM__20170710_13_14_03,nM__20170710_15_16_01,nM__20170710_15_16_02,nM__20170710_15_16_03,episode__20170705_01_02_01,episode__20170705_01_02_02,episode__20170705_01_02_03,episode__20170705_03_04_01,episode__20170705_03_04_02,episode__20170705_03_04_03,episode__20170707_01_02_01,episode__20170707_01_02_02,episode__20170707_01_02_03,episode__20170707_03_04_01,episode__20170707_03_04_02,episode__20170707_03_04_03,episode__20170707_05_06_01,episode__20170707_05_06_02,episode__20170707_05_06_03,episode__20170707_07_08_01,episode__20170707_07_08_02,episode__20170707_07_08_03,episode__20170707_09_10_01,episode__20170707_09_10_02,episode__20170707_09_10_03,episode__20170707_11_12_01,episode__20170707_11_12_02,episode__20170707_11_12_03,episode__20170710_13_14_01,episode__20170710_13_14_02,episode__20170710_13_14_03,episode__20170710_15_16_01,episode__20170710_15_16_02,episode__20170710_15_16_03
6.5,,,,0.9265350063262908,0.627337827144073,1.1601176950502894,-1.005151990563638,,0.5782740365826314,,,,,,,,,,,,,0.3960291918209253,-1.3616770229050918,,,,1.1805997234460026,,,,,,,0.1275291912336029,0.0874210802441451,0.1903861569959631,-0.1632188657232001,,0.101157556570499,,,,,,,,,,,,,0.0324047978165624,-0.087787220502236,,,,0.1194318460177591,,,,,,,8.0,10.0,11.0,5.0,,10.0,,,,,,,,,,,,,7.0,8.0,,,,9.0,,,,,,,7.0,9.0,11.0,8.0,,12.0,,,,,,,,,,,,,9.0,9.0,,,,10.0,,,,,,,7.0,9.0,11.0,4.0,,9.0,,,,,,,,,,,,,7.0,7.0,,,,9.0,,,,,,,0,0,0.0,0.0,,0,,,,,,,,,,,,,0,0,,,,0,,,
7.5,,,,0.9974066347183418,0.581030634655258,1.1589556849067468,-0.033182797841454,,0.969330304608654,0.1779466549050359,,,,,,,,,,,0.5018992904204364,-0.8793685067507289,-0.7642568146382335,-0.5500955746558782,,,0.7502674254808147,,,,,,,0.1349557578987918,0.0763561960571247,0.1883013389860912,-0.0052876138825054,,0.1695616411366411,0.017260599745971,,,,,,,,,,,0.0515225699137463,-0.0654913811678518,-0.0465999140006881,-0.0597016607575432,,,0.078789149627462,,,,,,,9.0,10.0,10.0,7.0,,10.0,9.0,,,,,,,,,,,9.0,6.0,7.0,8.0,,,8.0,,,,,,,8.0,9.0,9.0,8.0,,10.0,9.0,,,,,,,,,,,7.0,9.0,9.0,8.0,,,10.0,,,,,,,8.0,9.0,9.0,6.0,,9.0,8.0,,,,,,,,,,,7.0,6.0,7.0,6.0,,,8.0,,,,,,,0,0,0.0,0.0,,0,0.0,,,,,,,,,,,0.0,0,0,0.0,,,0,,,
8.5,,,1.1686475346855074,0.4966901220410699,0.8449517581303867,1.4519064809876985,0.6499087509673798,-0.2576487687474315,1.047986189131463,0.7305305862925103,-0.6098041700319584,1.5293258236908858,,,,,,,1.0667860604481931,0.7585001793249624,0.4390029785363896,-2.2697945978930587,-0.3245190380305285,-0.6442537100466721,0.0489636925324913,1.4720778437211168,0.6437631571759981,,-0.6059621192220878,,,,0.13465945998446,0.0662194886812532,0.1124878564761691,0.2113808835643201,0.1045515495512399,-0.0466473377929259,0.1927147456464354,0.0645242862400756,-0.0351361966464908,0.1368425605869877,,,,,,,0.1237571673424614,0.063628018670356,0.0439446641593699,-0.1649836762910294,-0.0215907329598507,-0.0630278726175785,0.0045588558500323,0.1340743771192688,0.0658840001587678,,-0.0971067016317016,,,,7.0,9.0,9.0,9.0,9.0,12.0,10.0,9.0,9.0,8.0,,,,,,,9.0,8.0,9.0,5.0,8.0,9.0,6.0,9.0,8.0,,5.0,,,,7.0,7.0,10.0,9.0,9.0,5.0,11.0,8.0,7.0,8.0,,,,,,,9.0,9.0,7.0,9.0,8.0,7.0,9.0,11.0,10.0,,7.0,,,,7.0,7.0,9.0,9.0,8.0,5.0,10.0,8.0,7.0,8.0,,,,,,,8.0,8.0,7.0,5.0,7.0,6.0,6.0,9.0,8.0,,4.0,,,,0.0,0,0,0.0,0.0,0.0,0,0.0,0.0,0.0,,,,,,,0.0,0.0,0.0,0,0,0.0,0.0,0.0,0,,0.0,
9.5,,,0.6036738120738141,1.38485928188861,0.6204936287251731,0.4896555728700525,0.5986210228562546,-0.2688067882522457,1.018030498836182,0.5187671978739158,-0.3086941885581564,1.1261997171563602,,,,,,,1.2763321914457515,-0.0189733940983174,1.1967048994947012,-2.2830828433446215,-0.3554132179925156,-0.475851885000191,0.0215180260735456,0.8481924103470588,0.4123226909967997,,-0.1150753255841263,-1.2455537469992952,,,0.0718496862614509,0.2067362910653157,0.0822140895654053,0.0713503551230331,0.1028938321740179,-0.045981398013751,0.1859337965910789,0.0438173541027255,-0.0199832752215106,0.0915175465057818,,,,,,,0.1527812806474571,-0.0015596918733142,0.122571604728261,-0.1764680097680099,-0.0255571428571429,-0.0414587892499659,0.0020140433096315,0.0783445206152635,0.0421267316017315,,-0.0189225163725164,-0.2157057331557331,,,6.0,8.0,7.0,7.0,11.0,12.0,10.0,9.0,9.0,8.0,,,,,,,9.0,10.0,8.0,6.0,7.0,10.0,6.0,8.0,9.0,,7.0,2.0,,,7.0,8.0,8.0,9.0,9.0,5.0,11.0,8.0,7.0,9.0,,,,,,,7.0,8.0,9.0,9.0,8.0,7.0,9.0,11.0,8.0,,6.0,5.0,,,6.0,8.0,7.0,7.0,9.0,5.0,10.0,8.0,7.0,8.0,,,,,,,7.0,8.0,8.0,5.0,6.0,7.0,6.0,8.0,7.0,,5.0,2.0,,,0.0,0,0,0.0,0.0,0.0,0,0.0,0.0,0.0,,,,,,,0.0,0.0,0.0,0,0,0.0,0.0,0.0,0,,0.0,0.0
10.5,,0.1818061308348669,0.7462890800555272,1.337586301859856,0.0759253964578611,-0.0890168648296432,0.3077087800254151,-0.2319880688267395,0.4023604690461387,0.8341993216716432,-1.4041594368289807,0.3347408836109035,,,,,,,1.154942061930081,0.2528960677412124,1.043277045216416,-1.997263626675133,1.0216634971259086,-0.1097927794212472,-0.1540155087367525,0.8522763967138547,-0.14937794155069,0.8667492823460766,-0.1616651743741073,-0.7618566359198402,,0.0204992063492063,0.0959159241085712,0.1948501687596888,0.0106903242526307,-0.0137243527370461,0.0517106513026016,-0.0407691326647208,0.0731311106506152,0.0726942664748391,-0.1015990628652393,0.0302834712672948,,,,,,,0.1195212787212787,0.0214714573008689,0.1117357557732944,-0.148959590246355,0.0756474341018458,-0.009909775518599,-0.0156927405927406,0.0795877831834488,-0.0130893823496764,0.1291006243756244,-0.0258065157065157,-0.1185577644577645,,7.0,7.0,7.0,7.0,6.0,11.0,12.0,8.0,9.0,9.0,8.0,,,,,,,8.0,9.0,8.0,5.0,9.0,9.0,7.0,8.0,9.0,6.0,7.0,4.0,,7.0,8.0,7.0,8.0,9.0,8.0,5.0,10.0,8.0,7.0,7.0,,,,,,,6.0,9.0,9.0,9.0,7.0,7.0,8.0,11.0,8.0,8.0,5.0,5.0,,6.0,7.0,7.0,6.0,6.0,8.0,5.0,8.0,8.0,6.0,6.0,,,,,,,6.0,8.0,8.0,5.0,7.0,7.0,6.0,8.0,7.0,6.0,4.0,3.0,,0.0,0.0,0,0,0.0,0.0,0.0,0,0.0,0.0,0.0,,,,,,,0.0,0.0,0.0,0,0,0.0,0.0,0.0,0,0.0,0.0,0.0
11.5,,0.7395999074383252,0.3784049639970551,0.9766871075381564,-0.406814348848818,-0.2605832230853413,0.7048350825130153,-0.3528786210225023,0.4043698316349182,0.1556358905945818,-0.4927523252021693,0.6214084030241782,,,,-2.904174457129615,-0.019140070764729,,0.52376416811046,1.4238435619585124,0.9654553021199076,-0.9510356919092752,-0.0630480563909097,0.2648569753365632,-0.3945047598894344,0.7786557736826812,0.643998113687574,1.0272183081536554,0.2872194363157175,0.080160721187528,,0.0770641358641358,0.0453496350055172,0.1481982974284058,-0.05185834998335,-0.0439790252660995,0.1213207976492031,-0.0576472338119397,0.0703311676971119,0.014374645289351,-0.0298259880642234,0.0549797795341914,,,,-0.2805243589743591,-0.0023197102862737,,0.0526742535242535,0.1192349523885127,0.1062112287695103,-0.0730548355239532,-0.0046997468218056,0.0289881360469594,-0.0416114302364303,0.0742717701115533,0.0576458343943636,0.160648778998779,0.0418758297258297,0.0114156954156954,,7.0,6.0,6.0,7.0,6.0,11.0,12.0,7.0,9.0,9.0,9.0,,,,3.0,6.0,,7.0,9.0,8.0,6.0,7.0,9.0,6.0,8.0,9.0,7.0,7.0,5.0,,6.0,8.0,7.0,7.0,9.0,9.0,4.0,9.0,6.0,7.0,6.0,,,,7.0,10.0,,5.0,9.0,9.0,9.0,6.0,8.0,8.0,11.0,8.0,6.0,5.0,5.0,,6.0,6.0,6.0,5.0,6.0,9.0,4.0,7.0,6.0,7.0,6.0,,,,3.0,6.0,,5.0,9.0,8.0,6.0,5.0,8.0,5.0,8.0,8.0,6.0,5.0,4.0,,0.0,0.0,0,0,0.0,0.0,0.0,0,0.0,0.0,0.0,,,,0.0,0.0,,0.0,0.0,0.0,0,0,0.0,0.0,0.0,0,0.0,0.0,0.0
12.5,-0.463188365636657,-0.5532173459779225,0.1710236425666712,-0.0114400010942997,-1.175558545343928,0.0561914289904905,0.6093735023943263,-0.2356673877255266,0.0557589937257614,-0.6325150979533446,1.3453459582473637,-0.4000654453747728,,,,-1.756945957653094,0.549328993214076,,0.1625159820310621,0.6712977957916039,0.0236375149875412,0.6574255827569856,0.504988074499981,0.8599304235357399,-0.5823043351520996,0.1018494779594895,0.3455808357256008,1.213954128728636,0.0630005638991897,0.6267209820381217,-0.0471817127317126,-0.0679234654234655,0.0216335515791397,-0.001679334743344,-0.1279848555039731,0.0095411523117404,0.105802090367493,-0.0413410497998733,0.0095177838243628,-0.0537257888826001,0.0812336896161971,-0.0297332556332555,,,,-0.1833887416505066,0.0672057575121816,,0.0167590354090353,0.0528531385625037,0.0026814238650925,0.0535870918297387,0.0270976190476188,0.1043354935570106,-0.0596516816516816,0.0100637525185512,0.0312131806102392,0.172383016983017,0.0094578144078144,0.094407215007215,9.0,7.0,6.0,4.0,7.0,7.0,11.0,12.0,7.0,9.0,8.0,9.0,,,,4.0,7.0,,6.0,9.0,8.0,7.0,8.0,9.0,7.0,7.0,9.0,7.0,5.0,6.0,6.0,5.0,8.0,7.0,6.0,10.0,9.0,5.0,9.0,7.0,8.0,5.0,,,,8.0,10.0,,6.0,8.0,10.0,8.0,6.0,9.0,7.0,11.0,8.0,6.0,5.0,4.0,6.0,4.0,6.0,4.0,4.0,7.0,9.0,5.0,6.0,6.0,8.0,5.0,,,,4.0,7.0,,5.0,8.0,7.0,7.0,6.0,9.0,5.0,7.0,8.0,6.0,4.0,4.0,0.0,0.0,0.0,0,0,0.0,0.0,0.0,0,0.0,0.0,0.0,,,,0.0,0.0,,0.0,0.0,0.0,0,0,0.0,0.0,0.0,0,0.0,0.0,0.0
13.5,0.6976817202541543,0.225947200320261,-0.7264427677932093,0.465945775330862,0.1924961391718213,0.4196916041133851,0.5684964090334633,0.3174539795066167,-0.2608153364954461,-0.0431674345896275,1.6354253148401192,0.407753807258057,,,,-1.7177348677963746,1.101423887761601,,-1.057297800345263,2.1173142895548427,0.6042522504632096,-0.8164642663179174,0.7701569629713011,0.2055387003266436,0.0933674416955611,0.9769552741719124,1.22219345992137,0.1232267333655738,-0.3845201524500829,-0.7585491736374704,0.077430869130869,0.0197011988011989,-0.0872242174492174,0.060073471299942,0.0176480101597747,0.070765230478156,0.1014029394324285,0.0630328473384199,-0.0407292329359667,-0.0035651923240158,0.1251393278290336,0.0293102647352647,,,,-0.183440673542144,0.1247584079920767,,-0.1147897990897991,0.1713002423101493,0.0669252132971947,-0.0604589402427638,0.0407654761904761,0.0246668292405908,0.008594905094905,0.0953224788970918,0.125539680555083,0.0190855699855699,-0.0640421078921079,-0.1106272727272726,7.0,7.0,6.0,4.0,9.0,8.0,11.0,10.0,7.0,9.0,8.0,8.0,,,,4.0,7.0,,4.0,8.0,9.0,6.0,8.0,9.0,7.0,8.0,9.0,6.0,5.0,7.0,6.0,4.0,7.0,6.0,6.0,10.0,9.0,6.0,7.0,6.0,7.0,5.0,,,,9.0,10.0,,5.0,8.0,10.0,9.0,7.0,9.0,7.0,9.0,9.0,6.0,6.0,3.0,6.0,4.0,5.0,4.0,6.0,8.0,9.0,6.0,5.0,6.0,7.0,5.0,,,,4.0,7.0,,3.0,8.0,8.0,6.0,7.0,8.0,6.0,8.0,9.0,5.0,4.0,3.0,0.0,0.0,0.0,0,0,0.0,0.0,0.0,0,0.0,0.0,0.0,,,,0.0,0.0,,0.0,0.0,0.0,0,0,0.0,0.0,0.0,0,0.0,0.0,0.0
14.5,0.7994523625170225,-0.5390767176600014,-0.0395700046441348,0.0440598848662752,-0.091460695520326,0.9295057237353423,0.5072638703367225,0.1029869320817444,-0.1090739034831891,0.3607421707188114,0.6973306105244163,0.4949195163173268,,0.7841623174928187,0.5682423778367343,-0.8006890403037737,0.4777948438055515,,-1.8726054373866856,1.2490736938958498,1.1055404044773909,-2.138386435257232,0.0696497156476603,0.5380025688897001,0.0106753866046294,0.8876254850448667,0.6617713581506385,1.249815663879582,0.0326275998375355,-0.5809748355133906,0.0990555555555554,-0.0439811410811411,-0.0052239649239648,0.0053847025523496,-0.0100839493839494,0.1488736039588205,0.0947491836680691,0.0178820445893975,-0.01636984581466,0.0318188231702939,0.054166773912362,0.0310814812638341,,0.136767765731001,0.12280328723564,-0.0836822715725967,0.0552031974561387,,-0.1915744270435448,0.1053518918989505,0.1189716883649546,-0.1623147723191842,0.0034267089291856,0.0601862564765813,0.000978155178155,0.085341908091908,0.0647589517723417,0.1902900987900988,0.0057010711510712,-0.0960247474747474,7.0,8.0,7.0,4.0,10.0,10.0,11.0,10.0,7.0,9.0,8.0,8.0,,8.0,7.0,5.0,7.0,,5.0,8.0,10.0,5.0,9.0,10.0,7.0,7.0,8.0,6.0,4.0,7.0,6.0,4.0,6.0,6.0,7.0,9.0,9.0,5.0,9.0,6.0,6.0,6.0,,7.0,7.0,10.0,8.0,,7.0,7.0,10.0,9.0,8.0,9.0,7.0,8.0,10.0,6.0,6.0,3.0,6.0,4.0,5.0,4.0,7.0,9.0,9.0,5.0,6.0,6.0,6.0,6.0,,7.0,6.0,5.0,6.0,,4.0,7.0,9.0,5.0,8.0,9.0,6.0,7.0,8.0,6.0,4.0,3.0,0.0,0.0,0.0,0,0,0.0,0.0,0.0,0,0.0,0.0,0.0,,0.0,0.0,0.0,0.0,,0.0,0.0,0.0,0,0,0.0,0.0,0.0,0,0.0,0.0,0.0
15.5,1.089130695196827,-0.2082048233530328,-0.2061032704967418,0.0256889736723263,-0.1295414862481618,0.8469727748707714,0.8302526143315726,0.522527365157455,0.8832174794132448,-0.2693812844968573,0.2107104083558193,-2.2779305047845453,,1.013711651919198,0.4090470225959279,-0.3823386847859031,-0.333685202381012,,-1.3459523918004863,1.2323033835802062,1.0164477577993358,-0.3972985824096969,0.0089746183354074,0.5892513337044265,1.1796192511236805,0.5149105736188623,-0.0553666037372532,0.6000453666316313,-0.1466150412121401,-0.3424996406581215,0.1296557609057609,-0.0197475357975357,-0.0232488178488178,0.0032965498553733,-0.0148724691974693,0.1234174536591719,0.1482718145373718,0.0958621778118682,0.1464767037400163,-0.0217576495400025,0.0183158743217567,-0.1383912239721064,,0.181777466977467,0.0853037684537684,-0.0428010048774754,-0.0346891250905957,,-0.1662421914686621,0.0982937699555346,0.1123873863580519,-0.0320434144287086,0.0004606209150325,0.060653194028194,0.1122997335997334,0.0461100131894248,-0.005401679916231,0.100862876012876,-0.0252870573870575,-0.0482976190476192,7.0,8.0,8.0,4.0,10.0,10.0,11.0,9.0,9.0,9.0,7.0,9.0,,7.0,7.0,5.0,5.0,,4.0,7.0,9.0,6.0,10.0,9.0,7.0,7.0,7.0,6.0,4.0,6.0,6.0,5.0,6.0,6.0,7.0,9.0,9.0,6.0,8.0,6.0,6.0,7.0,,6.0,7.0,9.0,8.0,,8.0,6.0,9.0,8.0,9.0,8.0,7.0,8.0,10.0,6.0,7.0,3.0,6.0,5.0,5.0,4.0,7.0,9.0,9.0,6.0,8.0,6.0,5.0,6.0,,6.0,6.0,5.0,5.0,,4.0,6.0,8.0,6.0,9.0,8.0,7.0,7.0,7.0,5.0,4.0,3.0,0.0,0.0,0.0,0,0,0.0,0.0,0.0,0,0.0,0.0,0.0,,0.0,0.0,0.0,0.0,,0.0,0.0,0.0,0,0,0.0,0.0,0.0,0,0.0,0.0,0.0
16.5,0.5613486242275889,0.4023851950103244,0.6675387141493656,-0.5624270537151139,0.8487743541904245,0.7170146592811145,0.9880485654299545,0.4936580136209936,0.7021115907401005,-0.6555939921394385,1.0288629772521765,-2.352828186739515,,1.5073973006146189,0.2627767119268727,0.0360590425018807,-0.57474704759567,,-1.2994437822957354,0.9005181173748587,0.2811870668312028,-0.8337321233089375,0.7622357995034965,1.3560473420238346,0.8819493792083387,0.3330843979155953,1.0547867554901145,0.8757867174335838,-0.3302553170821072,0.3523609099804582,0.0487638084138084,0.0422270285270285,0.0662578088578089,-0.0727647581176993,0.12157152636665,0.1058851896039975,0.1666268576452786,0.0996248276061745,0.1310200318515334,-0.0528261018049719,0.0835370629370629,-0.138369517084223,,0.2795376012876014,0.0557162988971812,0.004138113357231,-0.0630926273073332,,-0.1724455145044154,0.0771105614973262,0.0319251036716979,-0.0618053745274335,0.0475390952872375,0.1384432717351447,0.0804754995004993,0.028645963023904,0.0999175793934308,0.1359110889110888,-0.0555657897657897,0.0520278499278499,7.0,7.0,7.0,5.0,10.0,10.0,10.0,8.0,10.0,11.0,7.0,9.0,,6.0,8.0,5.0,5.0,,4.0,8.0,7.0,6.0,10.0,9.0,7.0,7.0,8.0,6.0,5.0,5.0,5.0,5.0,5.0,6.0,9.0,9.0,9.0,7.0,9.0,8.0,4.0,7.0,,5.0,7.0,8.0,8.0,,9.0,6.0,10.0,8.0,9.0,9.0,8.0,8.0,9.0,8.0,6.0,3.0,5.0,5.0,5.0,4.0,9.0,9.0,9.0,6.0,9.0,8.0,4.0,6.0,,5.0,6.0,5.0,5.0,,4.0,6.0,7.0,6.0,9.0,9.0,7.0,7.0,8.0,6.0,4.0,3.0,0.0,0.0,0.0,0,0,0.0,0.0,0.0,0,0.0,0.0,0.0,,0.0,0.0,0.0,0.0,,0.0,0.0,0.0,0,0,0.0,0.0,0.0,0,0.0,0.0,0.0
17.5,-0.6300274673357452,0.2529338247979155,0.638465387594099,-0.1761032661492421,0.6617267015990485,0.595570393517942,1.5538360106446691,0.8088961489971171,0.7816275150293712,0.0331698319962499,0.5503177908642718,-1.3618758421694286,-0.4236907547961187,0.7084687322761383,0.3264972334232744,-1.0095800259627192,-1.5523085584726748,,-1.2181885158263273,-0.0309569819049934,0.7357887011029144,-1.0017877057766342,0.4084004105778533,1.097798420380666,0.8900583699130661,0.1279104809674623,0.3259031083984685,0.9551734150739712,0.4407426647816606,0.7498848430937948,-0.0553042568542568,0.0304486235986235,0.0663540570540569,-0.0224096393802276,0.0946505906116587,0.0918892320184114,0.2265122413018697,0.1445049594196653,0.1424735511306717,0.0032946524493737,0.0301093739593739,-0.0919620213807521,-0.0598168609168607,0.1308088522588522,0.0673121590827473,-0.113978157953158,-0.1942152445593621,,-0.1457443923723335,-0.0022410785293138,0.0850609273595341,-0.0784491776197658,0.0214724458204332,0.1181853107332983,0.0824642318465849,0.0117683241852746,0.0294328266504736,0.1439118131868131,0.0739838217338217,0.1161209956709955,6.0,6.0,8.0,7.0,10.0,10.0,8.0,8.0,10.0,9.0,7.0,9.0,5.0,6.0,8.0,5.0,4.0,,4.0,8.0,6.0,6.0,10.0,9.0,7.0,7.0,8.0,6.0,6.0,5.0,5.0,7.0,6.0,6.0,9.0,9.0,8.0,5.0,9.0,9.0,2.0,8.0,3.0,3.0,6.0,7.0,9.0,,8.0,6.0,8.0,9.0,9.0,9.0,9.0,9.0,8.0,8.0,6.0,4.0,4.0,6.0,6.0,5.0,9.0,9.0,8.0,5.0,9.0,8.0,2.0,7.0,2.0,3.0,5.0,4.0,4.0,,4.0,6.0,6.0,6.0,9.0,9.0,7.0,7.0,7.0,6.0,5.0,4.0,0.0,0.0,0.0,0,0,0.0,0.0,0.0,0,0.0,0.0,0.0,0.0,0.0,0.0,0.0,0.0,,0.0,0.0,0.0,0,0,0.0,0.0,0.0,0,0.0,0.0,0.0
18.5,-0.291169073027645,-0.2792387937584062,0.4746973797004615,-0.0795089325135714,0.9026697166257032,0.5105599481384645,0.3755826037623705,0.8436697854450539,0.6835922327331885,1.1018514057254958,-0.0235397200485959,-1.127982137147805,0.1237543813793684,1.3648149697650718,0.2396307509272989,-0.9226463938435931,-1.5641913477829386,,-0.589158573806367,0.4960990168943542,-0.1765323372053449,-0.1960221880177113,0.5050769103475008,0.5031476263127188,0.0688247662019267,0.0524374214004316,-0.131162106564898,1.2155655447712352,-0.1784052965391333,0.7833614088879003,-0.0245311355311355,-0.0354207986457987,0.0612835664335663,-0.0106160669911443,0.1297619054835772,0.0801519810169189,0.054425852664707,0.1501259162406222,0.1200531359765104,0.1092669639785738,-0.0017766677766677,-0.0884793802946279,0.0165023809523809,0.2099398379398379,0.0481387116151822,-0.1146567599067598,-0.1959798440293797,,-0.0633919281698692,0.0362866365660482,-0.0246879600791365,-0.0144800833153774,0.0300580065359475,0.0525383658824833,0.0064629462041227,0.004893176568873,-0.0114765107441578,0.1932072316572317,-0.0269760517260516,0.1374005772005773,8.0,5.0,8.0,8.0,9.0,10.0,6.0,8.0,10.0,10.0,8.0,10.0,6.0,5.0,9.0,5.0,4.0,,6.0,8.0,6.0,8.0,9.0,9.0,6.0,7.0,8.0,6.0,8.0,4.0,5.0,7.0,6.0,7.0,9.0,9.0,8.0,5.0,10.0,9.0,3.0,8.0,2.0,3.0,6.0,5.0,10.0,,8.0,7.0,6.0,9.0,8.0,8.0,10.0,10.0,8.0,7.0,5.0,5.0,5.0,5.0,6.0,6.0,9.0,9.0,6.0,5.0,9.0,9.0,3.0,7.0,2.0,3.0,6.0,3.0,4.0,,5.0,7.0,4.0,7.0,8.0,8.0,6.0,7.0,7.0,6.0,5.0,4.0,0.0,0.0,0.0,0,0,0.0,0.0,0.0,0,0.0,0.0,0.0,0.0,0.0,0.0,0.0,0.0,,0.0,0.0,0.0,0,0,0.0,0.0,0.0,0,0.0,0.0,0.0
19.5,0.0855780131816528,-2.4550328310261182,0.7270404133987333,0.5937899884646706,0.5737364934804847,0.1284059475801754,0.161853493585552,0.3348189931811302,0.6253118208847005,0.938553023289771,0.6901238980237416,-0.965079641070615,0.2900653191340225,1.3263426457672758,0.6369124748244718,-0.6845365252137768,-1.5794658432992574,,-0.79823523538508,-0.3500666577288917,0.7302528453397139,1.2146632289060757,1.0490573330355673,0.3186962844911715,0.0518360492958054,0.6952973203407468,1.2379883540252243,0.1605078102533203,0.659310884138858,0.6365743328997499,0.0088441114441113,-0.3142742236521649,0.0888694361194359,0.0778471415581322,0.0797327645350864,0.0207457208340334,0.0250238634516497,0.0587792810131045,0.102786378817261,0.0918559818750219,0.0513713286713287,-0.074727038321156,0.0377982739482739,0.1819762570762571,0.1243703360365124,-0.0664687368187367,-0.1936476706472062,,-0.0819066337257513,-0.0257978907831074,0.0838031835811247,0.0803515494309612,0.0580206223515045,0.0333241668462256,0.0048129174746821,0.0654441514797551,0.1240969970174304,0.0250121323121322,0.104418636918637,0.0982449883449884,8.0,3.0,8.0,9.0,7.0,10.0,6.0,10.0,8.0,10.0,7.0,11.0,6.0,5.0,9.0,5.0,4.0,,7.0,8.0,6.0,8.0,8.0,9.0,6.0,8.0,9.0,4.0,7.0,5.0,6.0,8.0,7.0,7.0,8.0,9.0,8.0,5.0,10.0,9.0,4.0,7.0,3.0,3.0,7.0,4.0,11.0,,7.0,8.0,6.0,8.0,7.0,8.0,10.0,10.0,9.0,7.0,6.0,6.0,6.0,3.0,7.0,7.0,7.0,8.0,6.0,5.0,8.0,9.0,4.0,7.0,3.0,3.0,7.0,3.0,4.0,,5.0,7.0,5.0,8.0,7.0,8.0,6.0,8.0,9.0,4.0,6.0,5.0,0.0,0.0,0.0,0,0,0.0,0.0,0.0,0,0.0,0.0,0.0,0.0,0.0,0.0,0.0,0.0,,0.0,0.0,0.0,0,0,0.0,0.0,0.0,0,0.0,0.0,0.0
20.5,0.7210107898836978,-1.1001695936356466,0.945587451475446,-0.1083661775416966,0.3440083073303471,1.2919452597277894,-0.1427823196833289,0.2074702861941211,0.4140511168545637,1.0418775609811748,0.2156266799060679,-1.0183888832806862,0.5005548923108425,0.014073492600987,0.7189187830828093,-1.249269055620566,-0.7064730924711199,,-1.0853300883657655,0.8193229715288729,0.4514945472168095,-0.0662759863438886,0.6323099973128308,0.9877016318326926,-1.2219745738084289,0.3360670336334998,0.7687075160151756,-0.0022984496053053,0.1980502063788196,0.7633775390021048,0.0711114885114885,-0.1366147047397048,0.1233486428604075,-0.0143972942090589,0.0489371716346948,0.1962481659551318,-0.0251630774540216,0.0367762379777085,0.0662025031298251,0.0952547168088189,0.0171069042069041,-0.0889480175053704,0.0652616439116439,0.0020715284715284,0.1383352262116968,-0.1209083694083693,-0.080163853827631,,-0.129156154956155,0.0732734138324694,0.046480851664675,-0.0047150650003592,0.0340065351315351,0.119835233703345,-0.1166285337211807,0.0326218207660931,0.0783068377013422,-0.000366033966034,0.0309093684093684,0.1175776889776889,7.0,4.0,6.0,9.0,6.0,8.0,6.0,10.0,8.0,9.0,8.0,10.0,6.0,4.0,7.0,5.0,5.0,,8.0,8.0,6.0,7.0,8.0,9.0,6.0,7.0,8.0,4.0,8.0,7.0,6.0,7.0,7.0,5.0,8.0,8.0,9.0,5.0,8.0,8.0,5.0,7.0,4.0,3.0,6.0,3.0,10.0,,5.0,9.0,7.0,9.0,5.0,9.0,9.0,9.0,9.0,5.0,6.0,6.0,6.0,4.0,6.0,5.0,6.0,8.0,6.0,5.0,7.0,8.0,5.0,6.0,4.0,2.0,6.0,2.0,5.0,,4.0,8.0,5.0,7.0,5.0,9.0,5.0,7.0,8.0,3.0,6.0,6.0,0.0,0.0,0.0,0,0,0.0,0.0,0.0,0,0.0,0.0,0.0,0.0,0.0,0.0,0.0,0.0,,0.0,0.0,0.0,0,0,0.0,0.0,0.0,0,0.0,0.0,0.0
21.5,0.8796849987494877,-1.5553877497365882,1.3435123887627027,-0.0682835075052513,-0.5882776434460845,1.021861787660773,-0.2488577575321685,0.2111878733111483,0.4535195256027774,1.1393562311952914,0.6043101914891595,0.1388386341760763,0.6085637778623451,-1.5161923189262307,0.6916396097918379,1.502769770859662,-0.8472830957617564,,-0.6677007867697656,-0.0695043088395557,1.101102549160836,-0.3416050315045084,1.6465577005802026,0.5082865912758935,0.0186910354625991,0.4943352764400001,0.6270267462203435,0.1111493306708331,0.7284367208005313,1.54057291004227,0.1112607168974816,-0.1933533300033301,0.1667848177965825,-0.0092761655011655,-0.0745493297552121,0.1395169327146881,-0.0450071372212239,0.0402388990094871,0.0741196108501061,0.0997274462809292,0.0442261196320019,0.0129714785214786,0.0880836607836608,-0.2401136252636252,0.1345404987169693,0.1569831890331889,-0.098328175170203,,-0.0698048063048062,-0.0061431932017071,0.1533354948972595,-0.0256855017531488,0.119629453879454,0.0596898875634168,0.0016835811247577,0.0478177033750562,0.0657585526788312,0.0152493506493506,0.1269579226329227,0.2323566988566988,6.0,4.0,6.0,9.0,7.0,6.0,6.0,10.0,7.0,8.0,6.0,9.0,6.0,3.0,7.0,5.0,5.0,,8.0,7.0,8.0,8.0,7.0,9.0,6.0,8.0,8.0,4.0,6.0,7.0,7.0,8.0,7.0,5.0,7.0,7.0,10.0,5.0,9.0,7.0,7.0,5.0,4.0,5.0,6.0,4.0,10.0,,4.0,10.0,6.0,8.0,5.0,8.0,9.0,8.0,10.0,4.0,7.0,7.0,6.0,4.0,6.0,5.0,5.0,6.0,6.0,5.0,7.0,7.0,6.0,5.0,4.0,2.0,6.0,4.0,5.0,,4.0,7.0,6.0,7.0,5.0,8.0,6.0,7.0,8.0,3.0,6.0,7.0,0.0,0.0,0.0,0,0,0.0,0.0,0.0,0,0.0,0.0,0.0,0.0,0.0,0.0,0.0,0.0,,0.0,0.0,0.0,0,0,0.0,0.0,0.0,0,0.0,0.0,0.0
22.5,1.06130546744297,-1.675837164290085,-0.4695733435207592,0.773152764353948,-0.3439232567416226,-0.6985955914302947,-0.0478458624367661,0.206254757609599,0.3631206071570264,1.2111389003869129,-0.3733864224568948,-0.5186194156971713,0.057260562127301,-0.6932805702949505,0.7277741037188422,1.4893026536310012,-0.948506450006886,0.4043379551473821,-0.6810930444044816,-0.3528482792776898,0.6544965594608599,-0.4796438626464279,1.643027070743109,0.2495038111258303,-0.037891274061888,1.0789708232142978,0.6189779654311103,0.1083605071675942,0.7488222665885664,1.1282031731990383,0.131426195699725,-0.2055213399345754,-0.0542041959674312,0.0922030453206923,-0.0437864391284669,-0.0833988764761211,-0.0078869161540214,0.0465931858561116,0.057141850048816,0.1040303431862255,-0.0289573694795056,-0.0374086580086577,0.0081458485958485,-0.1199472909443498,0.1451556198703257,0.15876105006105,-0.10759235021944,0.0605775929952402,-0.0699604007104006,-0.0302950996457962,0.0713445164312811,-0.0367195485886663,0.122685989010989,0.0302301611615076,-0.004034731934732,0.1065214510979215,0.0633128679541991,0.0149394660894661,0.134725987900988,0.17201317016317,7.0,5.0,6.0,8.0,7.0,4.0,8.0,11.0,7.0,7.0,7.0,9.0,6.0,3.0,6.0,5.0,6.0,6.0,8.0,6.0,9.0,8.0,8.0,9.0,6.0,8.0,8.0,4.0,6.0,8.0,7.0,7.0,7.0,6.0,8.0,7.0,8.0,7.0,10.0,6.0,9.0,4.0,6.0,6.0,6.0,4.0,9.0,9.0,4.0,9.0,7.0,9.0,6.0,9.0,7.0,7.0,11.0,4.0,7.0,7.0,7.0,4.0,5.0,6.0,6.0,4.0,6.0,7.0,7.0,6.0,7.0,4.0,5.0,3.0,5.0,4.0,5.0,6.0,4.0,6.0,7.0,7.0,6.0,8.0,5.0,7.0,8.0,3.0,6.0,7.0,0.0,0.0,0.0,0,0,0.0,0.0,0.0,0,0.0,0.0,0.0,0.0,0.0,0.0,0.0,0.0,0.0,0.0,0.0,0.0,0,0,0.0,0.0,0.0,0,0.0,0.0,0.0
23.5,0.0867747984171561,-0.9352354881437304,0.6084717411625111,-0.3371481947193803,-0.2154931978353634,-3.519509132834742,0.9475043549001496,0.6578801269237667,-0.4350992783671633,2.503717003863094,-0.9668542427842426,-0.5366488369330066,0.6965636574677087,-0.9894610241189222,1.0810728167306654,1.871574943288637,-0.5654140602749769,0.7463895267187965,-0.1538265675440178,-0.385329308141113,0.0596465822974653,-1.2128204705499452,0.3350753326383269,0.5254324733734036,0.2931000680843214,1.0194418913661285,-0.0270738980709612,-0.1834344652812113,0.1630521715245415,1.6885595234353343,0.0108879754232694,-0.112217920967921,0.0730295645530939,-0.0483524286171345,-0.0259964881523705,-0.4204710560681148,0.1493924613140556,0.168352099929654,-0.074932798522427,0.2094560890090301,-0.0901991853691543,-0.0363864246864247,0.0956328893328891,-0.1744239969181147,0.1957331279831279,0.1807853923853924,-0.0636990615593556,0.1144431978152566,-0.0160365523365523,-0.0320232578996512,0.0063590136987194,-0.1035313549195903,0.0183368298368298,0.0669697153637555,0.0314142857142857,0.0980130647130647,-0.0027020369551329,-0.0235872294372295,0.0288213061448355,0.2543821511821511,7.0,7.0,6.0,8.0,8.0,3.0,9.0,10.0,7.0,6.0,6.0,9.0,5.0,4.0,6.0,5.0,6.0,7.0,7.0,8.0,9.0,8.0,8.0,10.0,6.0,7.0,7.0,4.0,5.0,7.0,7.0,7.0,7.0,6.0,7.0,7.0,8.0,9.0,9.0,6.0,8.0,5.0,6.0,6.0,5.0,5.0,8.0,9.0,4.0,9.0,8.0,8.0,5.0,9.0,6.0,6.0,11.0,4.0,8.0,7.0,6.0,5.0,6.0,5.0,6.0,2.0,8.0,9.0,6.0,6.0,5.0,5.0,5.0,3.0,5.0,5.0,5.0,7.0,4.0,7.0,7.0,6.0,5.0,9.0,5.0,6.0,7.0,3.0,5.0,7.0,0.0,0.0,0.0,0,0,0.0,0.0,0.0,0,1.0,0.0,0.0,0.0,0.0,0.0,0.0,0.0,0.0,0.0,0.0,0.0,0,0,0.0,0.0,0.0,0,0.0,0.0,0.0
24.5,0.3082233793786277,0.2726576963166527,-0.4779993795265884,-0.9849040285742456,0.1668976948487223,-3.304091593726414,0.1897522673190689,0.6680100539204494,0.6362292913764084,1.7272917932115035,-0.2028017368947883,-0.6888528183580583,-0.0108510625041085,-1.2926891313235658,0.1388304172752689,0.4262298069346177,-0.1352131716393941,0.6441354958891807,0.5285161565559523,0.008820321392861,0.953787617506415,-0.0335158904334245,0.1090674865340885,0.4283690240721999,0.3357355790014594,1.149042678526846,-0.6721004929781524,0.2010441872688871,0.2671445853021258,1.4107911431184317,0.0397378445084326,0.0296943778443776,-0.0634425261013496,-0.1572924095512331,0.0205545465112801,-0.4561118512378574,0.0266406528112411,0.1791029749703191,0.1113459031508566,0.1437173396864574,-0.0191304837319542,-0.0462472333222332,-0.0014666500166499,-0.2278849415290591,0.0231150543900544,0.0422686202686201,-0.0139084523319819,0.0972741098770509,0.0556033688533689,0.0007209628520772,0.1015809919526636,-0.0033300366300367,0.0068963549522372,0.0536608216430971,0.0290199800199798,0.0923721396250807,-0.0704214086309289,0.0346954434454435,0.0455320444261622,0.2322733433233431,8.0,8.0,5.0,6.0,10.0,2.0,10.0,9.0,8.0,6.0,6.0,9.0,4.0,5.0,6.0,5.0,7.0,7.0,7.0,7.0,8.0,7.0,9.0,8.0,7.0,8.0,6.0,5.0,5.0,7.0,8.0,6.0,8.0,7.0,8.0,8.0,6.0,10.0,9.0,5.0,7.0,5.0,6.0,6.0,5.0,6.0,7.0,10.0,5.0,9.0,8.0,6.0,7.0,9.0,7.0,7.0,10.0,5.0,8.0,7.0,7.0,6.0,5.0,4.0,8.0,2.0,6.0,9.0,8.0,5.0,5.0,5.0,4.0,3.0,4.0,5.0,6.0,7.0,5.0,7.0,7.0,5.0,7.0,8.0,6.0,7.0,6.0,4.0,5.0,7.0,0.0,0.0,0.0,0,0,0.0,0.0,0.0,0,1.0,0.0,0.0,0.0,0.0,0.0,0.0,0.0,0.0,0.0,0.0,0.0,0,0,0.0,0.0,0.0,0,0.0,0.0,0.0
25.5,0.6001822227690541,0.5752395385398253,0.443783720077072,-0.5852736704832967,0.1868870915529326,-2.4053991814726,0.7769980994607447,0.4446271945559172,0.3131256586420523,1.7615049651612589,-0.5165909137246523,0.7406651952039678,-0.5261653952500458,-0.449811670438707,0.4166137601169193,0.5642904637992615,0.5345878904300139,-0.3997172798182105,1.6178190054115509,-0.094884582893268,0.946178683293614,-0.0093625532412702,0.102559798521534,0.3964052440040144,1.0285049438553686,1.7378387882166462,0.029458247350207,0.4771864083231287,-0.1527848486416651,1.4960482722183528,0.0770945580563227,0.0626396492396491,0.0591915106135693,-0.0957043556117086,0.0245369120903174,-0.3654197631659707,0.0946910434336903,0.1200809330325078,0.05481523120842,0.1428611569802745,-0.0442504539578069,0.0431720921235626,-0.0794558663558664,-0.0768707250266074,0.0688598679098679,0.0552772172272171,0.0630965412210768,-0.0612213851679795,0.1455203407703407,-0.0081544064724405,0.0713561872767752,-0.0009159174159173,0.005338046095631,0.0489715214352209,0.1043110472860472,0.1321488344988344,0.0029025697728483,0.0802620046620046,-0.0264744227994228,0.2340276334776334,8.0,8.0,6.0,5.0,11.0,3.0,8.0,8.0,8.0,6.0,5.0,8.0,4.0,7.0,7.0,6.0,7.0,5.0,6.0,7.0,8.0,8.0,10.0,8.0,7.0,6.0,8.0,5.0,4.0,7.0,7.0,6.0,8.0,9.0,10.0,9.0,6.0,10.0,9.0,5.0,6.0,7.0,7.0,7.0,5.0,7.0,10.0,10.0,6.0,9.0,7.0,6.0,9.0,9.0,8.0,6.0,9.0,6.0,7.0,7.0,7.0,6.0,6.0,5.0,9.0,3.0,6.0,8.0,7.0,5.0,4.0,7.0,4.0,5.0,5.0,6.0,7.0,5.0,6.0,7.0,7.0,5.0,9.0,8.0,7.0,6.0,7.0,5.0,4.0,7.0,0.0,0.0,0.0,0,0,0.0,0.0,0.0,0,1.0,0.0,0.0,0.0,0.0,0.0,0.0,0.0,0.0,0.0,0.0,0.0,0,0,0.0,0.0,0.0,0,0.0,0.0,0.0
26.5,0.8650648022480927,-0.3628828416075646,0.2177416112964069,-1.1358546295644287,0.857905637464737,-1.6306661762688637,-0.1766341369639986,0.0828802188283191,0.4199142819516466,2.1055856119918457,0.2234986228733706,-0.1851722599303227,0.8499074480216605,0.1777271282462555,0.4000353446198503,0.084511228160278,0.5777242492343999,-0.2820400335863411,0.6770966267420016,-0.2469170883813429,0.8765805657231476,0.8379782185875564,0.6933979127115178,-0.5932972292415916,1.50790738354054,-0.5501649891816339,0.2298233105241374,0.1073519725143362,-0.3269788860596846,0.5582091872327178,0.1141197908300848,-0.0341311188811188,0.0281901279662889,-0.1929577805149788,0.1157622617664413,-0.2436335757122136,-0.0234009407517147,0.0204247980090085,0.0703171582631334,0.1641407837260777,0.018537236456354,-0.0114157765437178,0.133458682983683,0.028391108238167,0.0749425935175936,0.0079394815968344,0.068666804927099,-0.0432229342552871,0.0642581252081251,-0.0193382986122925,0.0780111186199421,0.0721499722499721,0.0440418214654281,-0.0668591935841936,0.1638157509157507,-0.0473810083707144,0.0228461939161629,0.0181083694083694,-0.0528032745032746,0.0847852647352648,8.0,8.0,6.0,5.0,10.0,5.0,6.0,8.0,9.0,6.0,7.0,9.0,6.0,8.0,7.0,6.0,7.0,5.0,5.0,8.0,8.0,8.0,10.0,8.0,7.0,6.0,7.0,6.0,5.0,5.0,7.0,4.0,9.0,9.0,8.0,9.0,7.0,9.0,8.0,6.0,7.0,7.0,7.0,7.0,5.0,8.0,9.0,9.0,6.0,8.0,7.0,6.0,9.0,8.0,7.0,8.0,9.0,6.0,7.0,7.0,7.0,4.0,6.0,4.0,8.0,4.0,5.0,6.0,7.0,6.0,6.0,7.0,6.0,6.0,5.0,6.0,7.0,5.0,5.0,7.0,7.0,6.0,9.0,6.0,7.0,6.0,7.0,5.0,4.0,5.0,0.0,0.0,0.0,0,0,0.0,0.0,0.0,0,1.0,0.0,0.0,0.0,0.0,0.0,0.0,0.0,0.0,0.0,0.0,0.0,0,0,0.0,0.0,0.0,0,0.0,0.0,0.0
27.5,0.7828146614054499,0.2568109201395273,0.0624517340596937,-0.3793234115429772,-0.2660350214307521,-0.559049009424082,-0.1266536116392585,-0.5123345255921115,0.0702263806995195,1.0399470359046672,1.4754121213603122,0.3632808111077155,0.6531135444676976,0.1734937592213562,0.0435484668991082,0.7368954020638786,0.0855693678421515,-1.1088094130873951,-0.2368021071365084,1.606790150923992,1.4429436993904337,0.1452848905812593,0.5265133727522965,-0.6161724599795295,0.8454102854221995,-0.681240818435426,0.7069515582640626,0.8935470141635516,-0.2389325289307378,-0.0083814348565672,0.0985218059718059,0.0224078532578533,0.0078336989807579,-0.0629259386210625,-0.033293086978381,-0.084686257954292,-0.0173154739309537,-0.1223801706033904,0.0110558164917297,0.0845458179075825,0.1224206616912497,0.0241818890174152,0.1015860639360638,0.0277766622266621,0.0084949543920133,0.073516684296096,0.0108125608137992,-0.1574038377429244,-0.0242521308756603,0.1314937353753916,0.1363902132697023,0.0111251748251746,0.0308237702098381,-0.0625998137483431,0.0786073529411764,-0.0662486908258579,0.0703374889901978,0.1554857975357975,-0.0365738705738706,-0.0013059662559662,7.0,7.0,6.0,5.0,7.0,7.0,6.0,7.0,9.0,7.0,7.0,9.0,5.0,8.0,9.0,7.0,6.0,4.0,5.0,9.0,8.0,8.0,10.0,7.0,7.0,6.0,8.0,6.0,5.0,4.0,6.0,4.0,9.0,9.0,7.0,9.0,7.0,8.0,7.0,6.0,6.0,8.0,6.0,5.0,6.0,8.0,9.0,11.0,7.0,9.0,8.0,6.0,10.0,8.0,9.0,9.0,10.0,7.0,6.0,6.0,6.0,4.0,6.0,5.0,5.0,6.0,5.0,4.0,6.0,6.0,6.0,8.0,5.0,5.0,6.0,7.0,6.0,4.0,5.0,9.0,8.0,6.0,9.0,6.0,7.0,6.0,8.0,6.0,4.0,4.0,0.0,0.0,0.0,0,0,0.0,0.0,0.0,0,1.0,0.0,0.0,0.0,0.0,0.0,0.0,0.0,0.0,0.0,0.0,0.0,0,0,0.0,0.0,0.0,0,0.0,0.0,0.0
28.5,0.1073033142382485,0.2509102817553462,0.2742187438998593,-0.3849645977844234,0.2056302262965439,0.3951242099167315,0.0734177262770973,-0.6054204955535311,-0.0087920283906524,0.7456338622347052,1.2788834525616968,-0.2101446000748077,0.1503238504634422,0.489206500605509,0.4466288568447834,0.8912858707916886,0.1018552108146008,-1.109060822937004,-0.4867778810064006,0.5629772418323513,1.4101217458802586,-0.1160504617267606,2.1108575287584195,-1.5725344263362522,0.966731039492101,-0.6547601109920885,0.0201691090244314,0.930629750483524,-0.0392141838937482,-0.1891710723435982,0.0125591433076727,0.0190722000222001,0.0342801536698593,-0.0611077532804312,0.0238445716048656,0.0576953881429888,0.0093033244533243,-0.1314702374251136,-0.0011728384360737,0.0536099102995386,0.0891776533150371,-0.0132271274477157,0.0237458374958374,0.0845103951603952,0.0849294839147779,0.0908105517031987,0.0121073326226577,-0.1570532394334252,-0.0576104384177913,0.0490831665066957,0.1542316630565854,-0.0096272977022979,0.1152391296869622,-0.138110767010767,0.0951012928248221,-0.0669037066648522,0.0020611437152459,0.1570222444222444,-0.005453674103674,-0.0306690753690754,7.0,7.0,6.0,6.0,7.0,8.0,7.0,9.0,8.0,8.0,8.0,9.0,5.0,7.0,8.0,7.0,6.0,4.0,5.0,9.0,9.0,7.0,10.0,7.0,7.0,6.0,7.0,6.0,5.0,4.0,7.0,4.0,8.0,8.0,6.0,8.0,6.0,7.0,6.0,7.0,8.0,7.0,7.0,4.0,6.0,8.0,10.0,11.0,8.0,7.0,10.0,7.0,10.0,7.0,9.0,10.0,9.0,7.0,5.0,7.0,6.0,4.0,6.0,5.0,5.0,7.0,5.0,4.0,5.0,7.0,8.0,7.0,5.0,4.0,6.0,7.0,6.0,4.0,5.0,7.0,9.0,6.0,10.0,5.0,7.0,6.0,7.0,6.0,4.0,4.0,0.0,0.0,0.0,0,0,0.0,0.0,0.0,0,0.0,0.0,0.0,0.0,0.0,0.0,0.0,0.0,0.0,0.0,0.0,0.0,0,0,0.0,0.0,0.0,0,0.0,0.0,0.0
29.5,-1.065792381636311,-1.775742258091069,1.3108131527921374,0.4742569182545001,0.5243399842283645,0.2336000762486114,0.0501175554360571,0.0403403531063607,0.4269810011051444,0.5078041395288275,0.523904317441355,-0.4738692840883781,1.5532507464386778,0.5913972085212345,0.9668881968925293,1.2231038476291047,-0.6474472250502005,-1.90565964078062,-1.2804370914493552,0.7240999978905557,1.7404320583179815,0.5342778363423639,-0.0013854064068673,-0.1969136155846493,1.629055599696186,-0.649573697573833,0.7343808177067619,1.0398176278790163,0.1352947964560314,-1.920539924811561,-0.1176416805416806,-0.1815297424797425,0.1550028884514177,0.0728831076302437,0.0485772575463751,0.0348246173589052,0.0076557583111762,0.0081568743176329,0.0557209845709846,0.0414943380492915,0.0388914504398247,-0.036382682513565,0.2507864246864246,0.0848306998556998,0.1815239097503803,0.1275385820062291,-0.0771905848709253,-0.2672554998922646,-0.1327777712483594,0.0495643100363687,0.1943344875197042,0.0437413126089596,-7.087203302380551e-05,-0.0179500319941496,0.1852914418914418,-0.0659140774258422,0.0791602979923412,0.1644872016872017,0.0208582417582416,-0.3044021034521034,7.0,6.0,7.0,8.0,6.0,8.0,7.0,11.0,9.0,9.0,8.0,10.0,6.0,5.0,7.0,7.0,5.0,3.0,4.0,8.0,9.0,7.0,8.0,9.0,6.0,6.0,8.0,6.0,6.0,2.0,5.0,5.0,7.0,8.0,6.0,8.0,8.0,7.0,6.0,8.0,10.0,7.0,6.0,5.0,6.0,8.0,10.0,11.0,7.0,7.0,9.0,8.0,9.0,8.0,7.0,10.0,9.0,7.0,6.0,6.0,4.0,3.0,7.0,7.0,5.0,7.0,6.0,6.0,6.0,8.0,8.0,7.0,6.0,4.0,6.0,7.0,5.0,3.0,4.0,7.0,9.0,7.0,8.0,7.0,6.0,6.0,8.0,6.0,5.0,2.0,0.0,0.0,0.0,0,0,0.0,0.0,0.0,0,0.0,0.0,0.0,0.0,0.0,0.0,0.0,0.0,0.0,0.0,0.0,0.0,0,0,0.0,0.0,0.0,0,0.0,0.0,0.0
30.5,0.4640229353224697,0.2673128173785661,0.2318125133452404,0.753489499045682,0.171428895133017,0.601499755987686,-0.2647617212035408,0.2233448216349218,0.6355245618926098,0.0330111263623406,1.2039538673756438,0.4523893921725889,0.7658960459687502,-0.8508877200113858,0.5786685204726362,0.907182065650062,-0.8257306616831903,-1.0539899314580288,-1.656573047579925,1.5463025953420433,1.78805570627619,0.1920227696222365,1.8283718500128032,-0.0748049547111748,2.7351831287776993,0.305781679378583,-0.3711856946096818,0.58024851438068,0.6047197741169731,-3.100923884694658,0.0622945110445111,0.0245114219114218,0.0290764986647338,0.1136971355613769,0.018737454538925,0.0848993984515656,-0.0385169711007947,0.0501741443283239,0.093102654981757,0.0032988812529058,0.0901828222517074,0.0335618695030458,0.1278453823953824,-0.1225809357309357,0.110724882960177,0.0938555826526413,-0.0996480908152734,-0.1570429903429903,-0.1925274225774226,0.1265203213453213,0.2124104988320933,0.0148266519428282,0.1174493378052974,-0.0067424632556986,0.3436280497280497,0.0304558799903225,-0.0386822296124929,0.0923636585636584,0.0956100566100565,-0.497610606060606,7.0,7.0,6.0,7.0,7.0,9.0,9.0,11.0,9.0,9.0,9.0,8.0,6.0,3.0,5.0,7.0,5.0,4.0,4.0,6.0,8.0,7.0,9.0,9.0,5.0,7.0,8.0,5.0,7.0,1.0,4.0,4.0,8.0,8.0,7.0,8.0,7.0,7.0,7.0,9.0,10.0,6.0,4.0,4.0,6.0,8.0,11.0,9.0,6.0,5.0,8.0,9.0,9.0,7.0,5.0,10.0,10.0,6.0,6.0,6.0,4.0,4.0,6.0,7.0,6.0,8.0,6.0,7.0,7.0,8.0,9.0,6.0,4.0,2.0,5.0,7.0,5.0,4.0,3.0,5.0,8.0,7.0,9.0,7.0,5.0,7.0,7.0,5.0,6.0,1.0,0.0,0.0,0.0,0,0,0.0,0.0,0.0,0,0.0,0.0,0.0,0.0,0.0,0.0,0.0,0.0,0.0,0.0,0.0,0.0,0,0,0.0,0.0,0.0,0,0.0,0.0,0.0
31.5,0.8916976240839897,-0.8099413827645837,0.5832210856127035,0.0073555189441368,0.024792046866545,0.894272607125596,-0.1529660126037486,0.4063486277893325,0.7944154046853287,0.7197407486728766,0.447346792370729,1.239712986428582,1.4693002039829492,-1.3516386831355425,0.2282251018654132,0.0245842448526991,-0.4750605954823578,-0.8714991010284554,-0.9199882871217292,0.8421956549729818,1.1349834692305951,-0.0033918140044381,0.5210615890610039,-0.1834832862740008,1.6074120186082723,0.2158091377551543,0.1635694409932404,0.9943436557458474,1.1026562581925083,-2.010041111532995,0.13598334998335,-0.0838767676767677,0.0676013125763125,0.0011819695096786,0.0032564432901119,0.1392973950284322,-0.0226443643216089,0.0913548104200581,0.1297603091524917,0.0639154083102998,0.0331505896150631,0.1238275668775669,0.2262384892884892,-0.1954700521700522,0.0448337153043035,0.002681173238526,-0.057347776965037,-0.1168304434127963,-0.124308041958042,0.0614967669585314,0.1351490166696048,-0.0002686795230913,0.0319617819057446,-0.0193356798430328,0.1967176046176045,0.0208129494172836,0.0164136962882317,0.1427471805971806,0.1770572372072372,-0.3224922521922522,6.0,7.0,6.0,6.0,8.0,8.0,11.0,10.0,9.0,9.0,9.0,7.0,5.0,2.0,6.0,6.0,6.0,4.0,6.0,5.0,6.0,7.0,8.0,10.0,5.0,7.0,9.0,4.0,6.0,3.0,3.0,6.0,7.0,9.0,8.0,9.0,7.0,7.0,8.0,8.0,9.0,5.0,4.0,5.0,6.0,8.0,9.0,9.0,5.0,6.0,7.0,9.0,9.0,8.0,4.0,10.0,10.0,5.0,6.0,6.0,3.0,5.0,6.0,6.0,7.0,8.0,7.0,7.0,8.0,8.0,8.0,5.0,4.0,2.0,5.0,6.0,5.0,4.0,3.0,5.0,6.0,7.0,8.0,8.0,4.0,7.0,8.0,4.0,6.0,2.0,0.0,0.0,0.0,0,0,0.0,0.0,0.0,0,0.0,0.0,0.0,0.0,0.0,0.0,0.0,0.0,0.0,0.0,0.0,0.0,0,0,0.0,0.0,0.0,0,0.0,0.0,0.0
32.5,0.756350097447095,-0.7671221846048102,-0.8452528334268407,-0.5774990761824743,0.2978115780330818,1.028201108339775,0.3502978728636339,0.4582681490063761,0.9730653933432932,0.2918212553929016,-0.2490135438935543,1.90665405997167,0.6172060307867504,-1.385124941235533,0.2405043053134013,0.1804787386176638,-0.5363610857374779,-1.0176552614802448,-0.7058271399149999,-0.813954542871179,0.3941868077063971,-0.0446264524308124,-0.8334433450959184,0.8192177130346061,1.3645402849135606,1.1193620567895028,1.2052221671213017,1.7562901798685826,1.2199526568124142,-2.667316198403051,0.0969357975357975,-0.0826351814851816,-0.1079160395160396,-0.0947988717079273,0.0431577940635214,0.1584867815105429,0.0580732156732155,0.1141055930825279,0.1726528299873501,0.0289896379420371,-0.0231484015984015,0.1528498334998335,0.0913629259629259,-0.1972574092574093,0.0488107808857809,0.0197424761512995,-0.0609619854002208,-0.1255744370009076,-0.0848581918081918,-0.055168449197861,0.0443038135067546,-0.0035066688213747,-0.0478625214998281,0.0797042261659908,0.1467692640692642,0.113601568692745,0.1222027178617735,0.2075292929292929,0.1982676046176045,-0.440281635031635,7.0,7.0,6.0,5.0,10.0,9.0,10.0,8.0,9.0,9.0,9.0,6.0,6.0,2.0,5.0,6.0,7.0,5.0,6.0,5.0,6.0,7.0,7.0,8.0,6.0,6.0,9.0,4.0,6.0,3.0,3.0,6.0,6.0,9.0,8.0,8.0,8.0,8.0,9.0,9.0,7.0,4.0,3.0,5.0,7.0,8.0,8.0,8.0,4.0,7.0,6.0,9.0,9.0,8.0,4.0,8.0,10.0,4.0,6.0,5.0,3.0,5.0,4.0,5.0,8.0,8.0,8.0,7.0,9.0,8.0,6.0,4.0,3.0,2.0,5.0,6.0,5.0,4.0,3.0,5.0,5.0,7.0,7.0,8.0,4.0,6.0,9.0,4.0,6.0,1.0,0.0,0.0,0.0,0,0,0.0,0.0,0.0,0,0.0,0.0,0.0,0.0,0.0,0.0,0.0,0.0,0.0,0.0,0.0,0.0,0,0,0.0,0.0,0.0,0,0.0,0.0,0.0
33.5,-0.0408431872952364,-0.3286944550146463,-0.6696965337356711,-0.4041092702484981,0.1291867047376379,0.6636188161737897,0.4988215267100447,0.6716753180953189,1.2362042274092666,1.3122320971757837,-0.9631154902334228,2.0076423576041993,-0.2407853522912719,-2.131016325285158,-0.5223906138522274,0.7620480558809506,-0.3990772844172561,-0.1966286406449656,-0.5697583285632181,-3.316223978628922,-0.698703363489495,1.2208910429049322,0.0574813514289991,0.378358533314729,0.6839150371220931,2.0640754428781807,0.4983164181673859,1.8252824982438332,1.4537695501343542,-1.6413357296392097,-0.0045020202020202,-0.0382107309357311,-0.0826133089133088,-0.0691394999994846,0.021087468087468,0.0987633188706718,0.081145139483839,0.1739959841843742,0.2130300746467153,0.1291035331541522,-0.0894269358092888,0.1570403096903098,-0.0299718614718615,-0.3542991612962202,-0.1070705908470615,0.0850496900158664,-0.047277317127317,-0.0248823108264284,-0.0641541181041182,-0.2639934869052518,-0.0743736590207178,0.0958046424164069,0.0029093825249397,0.0396922949857159,0.0623558441558441,0.2066386779886779,0.0512120807297277,0.214354834054834,0.2190467365967365,-0.24687215007215,7.0,7.0,6.0,4.0,9.0,9.0,10.0,8.0,9.0,9.0,9.0,6.0,7.0,4.0,5.0,7.0,7.0,5.0,7.0,3.0,6.0,8.0,8.0,8.0,6.0,6.0,9.0,4.0,6.0,4.0,2.0,7.0,4.0,8.0,7.0,7.0,8.0,9.0,9.0,9.0,6.0,4.0,3.0,6.0,7.0,8.0,6.0,8.0,5.0,7.0,6.0,8.0,9.0,9.0,4.0,6.0,8.0,4.0,6.0,4.0,2.0,6.0,3.0,4.0,6.0,7.0,8.0,8.0,9.0,9.0,5.0,4.0,3.0,2.0,4.0,7.0,4.0,5.0,4.0,3.0,4.0,8.0,8.0,8.0,4.0,6.0,7.0,4.0,6.0,2.0,0.0,0.0,0.0,0,0,0.0,0.0,0.0,0,0.0,0.0,0.0,0.0,0.0,0.0,0.0,0.0,0.0,0.0,0.0,0.0,0,0,0.0,0.0,0.0,0,0.0,0.0,0.0
34.5,0.39139001589501,0.9949039886093186,-0.5643687252288908,-0.4045829266503712,0.3308115967232197,0.5547405587909484,0.8688383876183859,0.2040094100175233,1.029959563077554,0.4545565128870866,-0.8323438408934547,-0.2211204113533495,-0.6067041834346408,-1.3505676229219223,-0.9814980519075528,0.7367149854677866,-0.3723029056178031,0.5738560649952661,0.4447498259245684,-2.482195188426536,-1.1612594546966883,1.7601451891841464,0.4260951955937209,-0.3158661648938242,-0.1514142462685272,2.3770965862646976,0.3179097320456328,0.8381905702292209,0.9945877837763032,-0.6481857433785303,0.051130525030525,0.1194358347534817,-0.0699357087357086,-0.0650349120349894,0.0415303609788904,0.0624074540956118,0.1323697564733167,0.05061908322156,0.1632842497543736,0.0450882116163848,-0.0704700965700965,-0.0160251082251081,-0.0820177433677433,-0.2320842102342102,-0.1997656790921496,0.0811747946497946,-0.0348190309690309,0.071750097125097,0.060429686979687,-0.174062233191645,-0.1136214452214452,0.1341371435753787,0.0251241596638654,-0.033264970023097,-0.011752836052836,0.2065686979686978,0.0314741322574912,0.1064248196248194,0.1431693584193584,-0.0902572150072149,7.0,8.0,6.0,5.0,10.0,9.0,10.0,7.0,7.0,10.0,10.0,6.0,8.0,5.0,6.0,7.0,8.0,6.0,8.0,4.0,7.0,9.0,9.0,8.0,7.0,7.0,9.0,5.0,5.0,5.0,4.0,8.0,4.0,7.0,7.0,7.0,8.0,8.0,8.0,8.0,5.0,5.0,3.0,4.0,6.0,9.0,6.0,7.0,5.0,7.0,5.0,9.0,8.0,9.0,5.0,7.0,9.0,4.0,4.0,4.0,4.0,8.0,3.0,4.0,7.0,7.0,8.0,6.0,7.0,8.0,5.0,4.0,3.0,2.0,3.0,7.0,5.0,6.0,5.0,4.0,4.0,9.0,8.0,7.0,5.0,7.0,8.0,4.0,4.0,3.0,0.0,0.0,0.0,0,0,0.0,0.0,0.0,0,0.0,0.0,0.0,0.0,0.0,0.0,0.0,0.0,0.0,0.0,0.0,0.0,0,0,0.0,0.0,0.0,0,0.0,0.0,0.0
35.5,-0.1008567561058638,0.6937955958917666,-0.3740663432433148,-0.3108811410580416,-0.1299511640581825,0.6685605150033458,0.3209793775060472,-0.1596979731731956,-0.0972776559614303,-0.0052542397553759,-0.7282490610396556,1.2058888852212868,-0.4946975852653666,-0.8846574499434072,-0.3649972296749664,0.8252271294894841,-0.3749103100937002,0.6943443754985641,1.351044139598213,-0.7727975548935064,-1.5803943393691655,1.309477001563388,-0.3572218822353383,-0.5342757192589825,0.3556666021747409,0.989133358216935,0.7387948146153045,1.0223328024343423,0.9743962954708556,-0.298867226170245,-0.0107810689310688,0.0892805769394005,-0.0456050893550894,-0.052542053697936,-0.0145027018732901,0.0831891077446803,0.0433281320846336,-0.0365413514332245,-0.0157727029592354,-0.000553514132926,-0.0543986957486958,0.0847248834498834,-0.0657706515706516,-0.1406448717948718,-0.0728298035298036,0.0890921121362297,-0.0332155011655012,0.1064394811071282,0.183220416511593,-0.0639445389491829,-0.1217763902763903,0.1239750915750915,-0.0259510921912626,-0.0575058287601633,0.0341750582750581,0.1001945588725,0.0763369366100016,0.1726236485736486,0.1407108669108668,-0.0429359307359308,8.0,7.0,6.0,5.0,8.0,10.0,8.0,7.0,6.0,10.0,9.0,7.0,8.0,7.0,7.0,8.0,8.0,7.0,9.0,6.0,8.0,8.0,9.0,8.0,8.0,6.0,8.0,6.0,5.0,6.0,5.0,8.0,4.0,5.0,7.0,8.0,7.0,8.0,9.0,6.0,5.0,5.0,4.0,4.0,4.0,9.0,5.0,8.0,8.0,9.0,6.0,7.0,8.0,9.0,7.0,7.0,9.0,5.0,4.0,3.0,5.0,7.0,3.0,3.0,6.0,8.0,6.0,5.0,6.0,6.0,5.0,5.0,4.0,3.0,3.0,7.0,5.0,7.0,8.0,6.0,5.0,7.0,7.0,7.0,7.0,6.0,8.0,5.0,4.0,3.0,0.0,0.0,0.0,0,0,0.0,0.0,0.0,0,0.0,0.0,0.0,0.0,0.0,0.0,0.0,0.0,0.0,0.0,0.0,0.0,0,0,0.0,0.0,0.0,0,0.0,0.0,0.0
36.5,0.4581087806773749,0.0657883614360698,-1.4973327731468686,0.0558566656403732,-0.2020497310671843,0.6278446098922507,0.05747200116684,0.0542124504338385,-0.2200621759964719,1.121167006954623,0.4670720126159868,0.6520174328161324,-0.4763670496668516,-0.4476995885064319,-1.4652721165118716,1.2104467468579958,0.1969544803387158,0.6322812661062366,0.4294055947684266,0.7154241963734383,0.9422606634214126,1.303118964279912,0.7793721172242306,-0.0235814210882099,1.5267028249878027,0.4014226135154696,0.745782743140673,0.9778349261575296,1.0377057299318342,0.95542314488763,0.05562495004995,0.0084109085359084,-0.2151421522921522,0.006654061298179,-0.0256558421970186,0.0872278801951401,0.0074139251271604,0.0124095839231288,-0.0370813349189509,0.1242973376296905,0.0342449589626059,0.0383702176908058,-0.0648055944055944,-0.0694509157509155,-0.2842548507048507,0.1341503702180173,0.0180926406926404,0.0971024369421428,0.053522289964937,0.0587046898921511,0.0952484198034506,0.1187650016650015,0.0496373482726423,-0.0028288186014193,0.141871495171495,0.0440577784960136,0.0776949510843473,0.1615672216672217,0.1423383505383504,0.1547989177489177,8.0,7.0,5.0,6.0,8.0,9.0,8.0,8.0,6.0,9.0,8.0,8.0,8.0,9.0,7.0,8.0,8.0,7.0,9.0,8.0,9.0,7.0,9.0,9.0,8.0,7.0,8.0,6.0,5.0,5.0,7.0,7.0,4.0,5.0,7.0,8.0,7.0,8.0,9.0,5.0,6.0,7.0,4.0,4.0,3.0,8.0,6.0,9.0,8.0,9.0,8.0,6.0,8.0,9.0,8.0,7.0,9.0,7.0,4.0,4.0,7.0,6.0,2.0,4.0,6.0,8.0,6.0,6.0,6.0,5.0,6.0,7.0,4.0,4.0,1.0,7.0,6.0,7.0,7.0,8.0,8.0,6.0,8.0,8.0,8.0,6.0,8.0,6.0,4.0,4.0,0.0,0.0,0.0,0,0,0.0,0.0,0.0,0,0.0,0.0,0.0,0.0,0.0,0.0,0.0,0.0,0.0,0.0,0.0,0.0,0,0,0.0,0.0,0.0,0,0.0,0.0,0.0
37.5,0.6327395331750185,-0.6714182541173044,-0.6679386779565731,0.9410292752998608,0.1064135676301002,0.8701198191065123,-0.4680255470027596,0.5636121081552664,-1.0510134379420464,1.0323139020670502,0.498436696491998,1.164885542908998,0.1041264063187356,-0.1695293508414585,-0.449181737513182,0.897555165521285,0.0719766426483782,0.6277228758905725,1.5314041100161613,1.455477358290417,1.4457419849263986,1.2717428741863208,0.3190191476748502,0.4215695488729072,0.0063791218643396,0.0933717036169247,0.2938209855711723,0.9413120382466365,-0.7703151191090594,0.4470697393333203,0.083406961992256,-0.0825575563325564,-0.094832622932623,0.1447914516855692,0.0149071747224223,0.1422443378516908,-0.0546855872885284,0.1270204633343952,-0.1632472377983214,0.1046045343545344,0.0309181439475556,0.0697568378903517,0.0133319125319124,-0.028198457098457,-0.0784214285714285,0.0945105033855032,0.0079617565441093,0.097067161338833,0.1749709976384125,0.1135180398205164,0.1529797186473654,0.1076922077922076,0.0176215735416972,0.0469799912505792,0.0005880467571645,0.0088338486676721,0.0319522769026638,0.1580564047064047,-0.1116140137640137,0.068155056055056,8.0,7.0,6.0,7.0,8.0,9.0,8.0,10.0,7.0,8.0,8.0,8.0,6.0,9.0,9.0,7.0,6.0,7.0,8.0,8.0,8.0,8.0,9.0,9.0,6.0,7.0,7.0,6.0,4.0,4.0,7.0,7.0,6.0,5.0,8.0,9.0,6.0,8.0,8.0,4.0,7.0,8.0,6.0,5.0,1.0,7.0,8.0,10.0,9.0,8.0,8.0,6.0,8.0,8.0,9.0,9.0,9.0,7.0,5.0,5.0,7.0,5.0,4.0,5.0,7.0,9.0,5.0,8.0,5.0,4.0,7.0,8.0,5.0,5.0,1.0,6.0,6.0,7.0,8.0,8.0,8.0,6.0,8.0,8.0,6.0,7.0,7.0,6.0,3.0,4.0,0.0,0.0,0.0,0,0,0.0,0.0,0.0,0,0.0,0.0,0.0,0.0,0.0,0.0,0.0,0.0,0.0,0.0,0.0,0.0,0,0,0.0,0.0,0.0,0,0.0,0.0,0.0
38.5,1.4627652905533246,-1.561799974833766,-0.4726996208805521,0.1598639652370442,0.3491548519842729,-0.0402582612107638,0.3429332623159193,0.7280536639492997,-0.4453529275666239,0.93333684233381,-0.6615458222773288,1.299608188661591,0.0675059724814564,-0.1703241444443388,,0.4668782799474787,0.578016736903486,1.1480975717957798,0.7694971374327909,0.995009205390237,1.195165820356541,0.3519259060059707,-0.1453228094496641,0.2932014952057559,0.0037284096509029,0.0171520219935919,-0.7119863619898475,1.3892578580040584,-0.70033121247086,0.4564375956174273,0.1958037545787544,-0.1937556166056165,-0.0606951272583626,0.0275076619544886,0.0516466599705762,-0.0071296124755878,0.0480331818508288,0.1728947605542033,-0.0712642344841263,0.0794471472971474,-0.0415642055742675,0.090230712527926,0.0088937506937507,-0.0285261433011432,0.0,0.0480476634476634,0.0698397368799071,0.1719781093261742,0.0885567393562748,0.0810306553525592,0.1371194913102034,0.0293015318015316,-0.0069050887021476,0.033290859140859,0.00033430295195,0.0016002230311826,-0.0699136799217293,0.2222387168387168,-0.1087949217449217,0.0704746975246974,7.0,7.0,6.0,7.0,8.0,7.0,7.0,9.0,7.0,7.0,8.0,8.0,6.0,9.0,9.0,6.0,7.0,8.0,7.0,8.0,7.0,8.0,7.0,9.0,6.0,7.0,6.0,7.0,4.0,4.0,7.0,6.0,7.0,8.0,10.0,10.0,7.0,8.0,9.0,4.0,8.0,8.0,6.0,5.0,0.0,6.0,9.0,10.0,9.0,9.0,8.0,6.0,8.0,8.0,10.0,10.0,12.0,8.0,5.0,5.0,7.0,4.0,5.0,6.0,8.0,7.0,6.0,8.0,6.0,4.0,7.0,8.0,5.0,5.0,0.0,5.0,7.0,8.0,7.0,8.0,7.0,6.0,7.0,8.0,6.0,7.0,6.0,7.0,3.0,4.0,0.0,0.0,0.0,0,0,0.0,0.0,0.0,0,0.0,0.0,0.0,0.0,0.0,0.0,0.0,0.0,0.0,0.0,0.0,0.0,0,0,0.0,0.0,0.0,0,0.0,0.0,0.0
39.5,0.8879462222479815,-1.2763112977192683,0.2621572722028403,-0.1332283019506032,0.4011069650362438,-0.5911380472614504,0.3965469372012297,0.8322129590120619,0.0977858958816183,1.2501967301096812,0.716867488231068,-0.0347808612535873,-0.1160346645360143,0.3886018805416094,-0.4157800863558017,-0.3946245826432866,-0.0726695082021482,1.103282152046318,0.6606154809208852,0.2596635355533981,0.1551773214574556,0.3195520956699467,0.4113374118513376,0.6351700063676978,-1.69525262194861,-0.0018917495430362,-0.3696810632063134,1.4420664871469673,-0.5380187953538347,0.1176569368027138,0.1152746198246198,-0.1569720668220668,0.0351668723433429,-0.0225142255577238,0.0585916962724237,-0.0982016784814772,0.0678143270901785,0.217931298947011,0.0160065179574467,0.1191364692497046,0.0509133819654715,-0.0024451175071917,-0.0158706182706181,0.0693070929070928,-0.0657368686868686,-0.0373893772893773,-0.0085790616246499,0.1663968668070834,0.0784996620596466,0.0209846457807758,0.015952028260697,0.0286588411588409,0.0256010786770847,0.0737663947163946,-0.1635001939237231,-0.0001724974200207,-0.0389318722900765,0.2316904095904095,-0.0867949550449549,0.0193929126429127,7.0,7.0,6.0,5.0,9.0,5.0,7.0,9.0,9.0,7.0,8.0,9.0,4.0,8.0,9.0,6.0,6.0,8.0,7.0,8.0,6.0,8.0,7.0,9.0,4.0,7.0,5.0,7.0,5.0,4.0,6.0,6.0,8.0,8.0,9.0,9.0,9.0,9.0,9.0,5.0,9.0,9.0,6.0,6.0,1.0,6.0,10.0,10.0,9.0,8.0,9.0,6.0,8.0,8.0,9.0,11.0,9.0,8.0,6.0,6.0,6.0,4.0,6.0,5.0,8.0,5.0,7.0,9.0,7.0,5.0,8.0,8.0,4.0,6.0,1.0,5.0,6.0,8.0,7.0,7.0,6.0,6.0,7.0,8.0,4.0,7.0,5.0,7.0,4.0,4.0,0.0,0.0,0.0,0,0,0.0,0.0,0.0,0,0.0,0.0,0.0,0.0,0.0,0.0,0.0,0.0,0.0,0.0,0.0,0.0,0,0,0.0,0.0,0.0,0,0.0,0.0,0.0
40.5,-0.1293940202030126,-0.1173853486609166,1.1867939560058969,-0.1238166147273135,0.4912775483607188,-0.7577671233926377,0.4120032421515123,0.5984967124351233,0.6752412443125446,1.4880524005737343,-0.2275243657936067,0.7394759676225334,0.0724542149425905,0.674111606894202,-0.7228609793985644,0.2832020578990302,0.5245278827842196,1.1330576311761844,-0.0675994203660028,-0.207164714013522,-0.2589804158641519,0.1543658546844725,0.1319528723774113,0.4105283137240311,-0.0713583414835807,0.3177293378337674,-2.4644753029017146,1.138913904378889,0.1898562535475474,-0.1457581880449802,-0.0183164835164835,-0.0115636086136085,0.1607758398034714,-0.0210137253956913,0.0739680649415943,-0.1263309011250188,0.0660184794823338,0.1492209272581561,0.1068195853767833,0.1238175517293164,-0.0170978932058654,0.0567330205226489,0.0107558108558107,0.1222018218709395,-0.1370453324453323,0.0257134865134863,0.0648162433799429,0.1658900239079804,-0.0086498386546374,-0.0159531283388095,-0.0245913777227243,0.0113203213453212,0.0095705464641996,0.0439639569580745,-0.00772664002664,0.029674715540737,-0.2307404115492352,0.1890273559773559,0.0328173937173937,-0.0226917804417804,7.0,8.0,8.0,5.0,10.0,3.0,8.0,9.0,9.0,7.0,9.0,9.0,4.0,6.0,7.0,5.0,7.0,8.0,6.0,8.0,5.0,8.0,6.0,9.0,4.0,7.0,5.0,6.0,5.0,4.0,5.0,5.0,9.0,9.0,7.0,7.0,8.0,9.0,9.0,6.0,9.0,8.0,6.0,7.0,3.0,6.0,10.0,10.0,9.0,8.0,8.0,7.0,8.0,8.0,7.0,10.0,9.0,7.0,7.0,7.0,4.0,5.0,8.0,5.0,7.0,3.0,7.0,8.0,8.0,6.0,8.0,8.0,4.0,6.0,2.0,5.0,7.0,8.0,6.0,7.0,5.0,7.0,6.0,8.0,4.0,7.0,4.0,6.0,5.0,4.0,0.0,0.0,0.0,0,0,0.0,0.0,0.0,0,0.0,0.0,0.0,0.0,0.0,0.0,0.0,0.0,0.0,0.0,0.0,0.0,0,0,0.0,0.0,0.0,0,0.0,0.0,0.0
41.5,-0.2418350356798047,0.8988140832030674,1.1258156809919937,-1.71269765467316,0.1895175393721054,-1.4304757456798844,0.4567633386416014,0.5473366577581634,0.4669133108471176,0.5487557180013282,0.4762920628281536,0.4241509108462282,0.2234206977288963,-0.3443244480559762,-0.5689868278692588,-0.7328302692877284,0.3092758389425356,0.1584101939415358,-1.494593650155619,-1.1479958996301656,-0.1789563825158695,1.07067764997782,0.6727378842290616,1.1226474087615983,-1.281375464038121,0.2543735327898037,-1.4589785084620437,0.3137164809183033,-0.045845204232546,0.0359672218340186,-0.0257521756021755,0.0874979853479851,0.1510975187780914,-0.2663661232042812,0.0299373681873681,-0.1689643023643025,0.0691757056239253,0.1403831574084669,0.0734054478115623,0.0464724162232674,0.0333605287729125,0.0287231264435596,0.0338410977910978,-0.0612957965237377,-0.1050174603174604,-0.0757011145717029,0.0380139366137818,0.023952063072806,-0.1867393013075675,-0.0907418211819141,-0.0169003483444659,0.0798194232238348,0.0430642390289448,0.1285223842463005,-0.1544417637917636,0.0239124880451506,-0.1298368934213362,0.0500546842046841,-0.0078131951381952,0.0054179986679987,8.0,7.0,8.0,3.0,10.0,3.0,9.0,9.0,7.0,7.0,9.0,9.0,4.0,4.0,7.0,5.0,6.0,6.0,4.0,8.0,6.0,8.0,7.0,9.0,3.0,7.0,5.0,6.0,6.0,4.0,4.0,6.0,10.0,9.0,5.0,7.0,8.0,9.0,9.0,8.0,8.0,8.0,6.0,7.0,4.0,8.0,9.0,10.0,10.0,8.0,9.0,8.0,8.0,9.0,5.0,9.0,9.0,7.0,7.0,7.0,4.0,6.0,8.0,3.0,5.0,3.0,7.0,8.0,7.0,7.0,8.0,8.0,4.0,4.0,3.0,5.0,6.0,6.0,4.0,6.0,6.0,8.0,7.0,9.0,2.0,7.0,5.0,5.0,5.0,4.0,0.0,0.0,0.0,0,0,0.0,0.0,0.0,0,0.0,0.0,0.0,0.0,0.0,0.0,0.0,0.0,0.0,0.0,0.0,0.0,0,0,0.0,0.0,0.0,0,0.0,0.0,0.0
42.5,-0.3260238705121948,0.1163376201387797,0.8797030646732455,-2.6725845496234477,-0.2429706412829719,-3.2094893781175644,0.3326167341857352,0.4938318468583594,0.4395100612240155,-0.1888434988134504,0.3238134938563129,0.2689164482723716,2.0498172193679385,0.3989794466737045,0.4035446362611664,0.0137890438184732,0.963292459883468,0.7666444472642896,-0.6224940046711526,-0.5646522596880974,0.359511010245005,-0.0389306408889309,0.0192673323377429,1.046234344506508,-0.0624504600162611,0.1181871045458837,0.1320666112608277,0.1988620728628083,1.0523142976879123,-0.1819532523859686,-0.0299712953712953,0.0117078366078364,0.1223268656180419,-0.4220976981738591,-0.0229183122433122,-0.3520756726933198,0.0489977962697776,0.1305722809010733,0.0672779952503636,-0.0171686785093132,0.0262546085235713,0.025154608136961,0.2950083916083915,0.0701596237096238,0.0765254115165879,0.0014447851168438,0.1151235630382688,0.1145060085339496,-0.0756100557681053,-0.0464409569188981,0.0388429947417563,-0.0032013182895537,0.0009821661998131,0.1158373316226255,-0.0074661616161616,0.0125657166363049,0.0121954858866623,0.030382017982018,0.1828810398751574,-0.0292910644910645,8.0,8.0,7.0,2.0,10.0,2.0,8.0,9.0,6.0,9.0,8.0,10.0,4.0,5.0,6.0,6.0,8.0,7.0,5.0,8.0,7.0,8.0,7.0,8.0,5.0,8.0,7.0,6.0,7.0,4.0,4.0,6.0,8.0,9.0,5.0,7.0,7.0,9.0,8.0,8.0,8.0,7.0,4.0,7.0,6.0,8.0,8.0,9.0,9.0,7.0,9.0,8.0,8.0,8.0,4.0,7.0,9.0,5.0,8.0,7.0,4.0,6.0,7.0,2.0,5.0,2.0,6.0,8.0,6.0,7.0,7.0,7.0,4.0,5.0,5.0,6.0,7.0,7.0,5.0,6.0,7.0,7.0,7.0,8.0,3.0,6.0,7.0,4.0,7.0,4.0,0.0,0.0,0.0,0,0,0.0,0.0,0.0,0,0.0,0.0,0.0,0.0,0.0,0.0,0.0,0.0,0.0,0.0,0.0,0.0,0,0,0.0,0.0,0.0,0,0.0,0.0,0.0
43.5,-0.0859295256365846,-0.1406430746185188,-0.0436995094890738,-2.642693392066117,-0.795772959138512,-0.2108271051104311,1.056732801713535,0.6613412018708723,-1.307216805276992,0.4983413817247614,0.218255800176185,0.775615558573594,0.4652296764705323,0.190320424253117,0.6601350794717638,0.6316928755178111,1.6697233766506094,0.1301398872631883,-1.1587856511722816,-0.5196762781469592,0.3175720414442022,0.367974060229404,-0.5782504421733314,0.2306234385865108,0.8698220407073608,0.2214020258845787,-0.20972148259957,-0.551897000134777,0.8206580776713636,-0.1482488521834419,-0.0086600066600066,-0.0148961704961705,-0.0057060062486533,-0.3963426317146906,-0.0768895021645021,-0.0329779867019804,0.1438397778434155,0.1794727757107013,-0.2247436245900642,0.0444463775904178,0.0181915251415248,0.0787006909756909,0.0743181152181151,0.0325532420194184,0.126870261601144,0.0672449888346948,0.1829769864122804,0.0185443481355246,-0.1452252977414742,-0.0412686078627255,0.03586696350605,0.0291625056316232,-0.0291781404869639,0.0261145552160256,0.0728896825396825,0.020700089616266,-0.020223815400286,-0.0770544733044733,0.1412015345765346,-0.0234866189366189,8.0,8.0,5.0,2.0,9.0,5.0,8.0,10.0,4.0,9.0,7.0,8.0,3.0,5.0,6.0,7.0,8.0,7.0,6.0,9.0,7.0,7.0,9.0,7.0,5.0,9.0,8.0,5.0,8.0,4.0,5.0,5.0,8.0,8.0,5.0,8.0,7.0,9.0,9.0,7.0,7.0,5.0,3.0,7.0,7.0,9.0,8.0,8.0,7.0,6.0,10.0,8.0,7.0,8.0,2.0,7.0,8.0,4.0,7.0,7.0,5.0,5.0,5.0,2.0,4.0,5.0,7.0,9.0,4.0,7.0,6.0,5.0,2.0,5.0,6.0,7.0,8.0,6.0,4.0,6.0,7.0,7.0,7.0,7.0,2.0,7.0,7.0,3.0,7.0,4.0,0.0,0.0,0.0,0,0,0.0,0.0,0.0,0,0.0,0.0,0.0,0.0,0.0,0.0,0.0,0.0,0.0,0.0,0.0,0.0,0,0,0.0,0.0,0.0,0,0.0,0.0,0.0
44.5,0.4792349480777981,0.3757829137245441,-1.2465665136446735,-1.0273680619796404,0.5735902606580066,-0.0889637550355334,0.6097433092704696,0.6327200563400508,-1.113860737468769,0.3647490014910581,0.476513239495751,0.4097530687376831,1.2723296494361225,0.2716415644949675,-0.5179946933304477,0.8644556701286839,1.0753004756680002,0.7491284072290257,-2.460848920028002,1.3400768159669725,0.3450365662071972,0.0704723483402752,0.8473265809054608,1.102310876232396,-0.34102052981349,0.8094741093134066,0.6418778080029748,-3.349698914099258,0.5436712421098424,-0.846383514811757,0.0521327006327007,0.04595337995338,-0.1515556673718439,-0.152563550123767,0.0728336635586636,-0.0142141956083133,0.0893684152878424,0.1731731898390567,-0.1959343755058151,0.0348283316356846,0.0400160672660672,0.0311096792096793,0.2025448051948051,0.0464153320535672,-0.1036826179152805,0.0918325945296533,0.1285334465500099,0.1153971642736348,-0.2794440226440227,0.1239738261738262,0.0374747518305567,0.0059408891761831,0.0481411420708632,0.1307400287620874,-0.0314025974025974,0.0705237184384242,0.0660631555321182,-0.4575143578643578,0.0923770673770673,-0.1340424297924297,7.0,7.0,4.0,4.0,8.0,7.0,8.0,10.0,4.0,8.0,8.0,8.0,4.0,5.0,4.0,7.0,8.0,7.0,6.0,7.0,7.0,7.0,10.0,8.0,7.0,9.0,8.0,3.0,7.0,3.0,5.0,4.0,8.0,8.0,5.0,8.0,8.0,9.0,9.0,5.0,5.0,5.0,2.0,7.0,8.0,9.0,9.0,8.0,6.0,5.0,11.0,9.0,9.0,8.0,3.0,7.0,10.0,4.0,7.0,6.0,5.0,4.0,4.0,4.0,5.0,6.0,7.0,9.0,4.0,5.0,5.0,5.0,2.0,5.0,4.0,7.0,8.0,7.0,3.0,5.0,7.0,7.0,9.0,8.0,3.0,7.0,8.0,1.0,6.0,3.0,0.0,0.0,0.0,0,0,0.0,0.0,0.0,0,0.0,0.0,0.0,0.0,0.0,0.0,0.0,0.0,0.0,0.0,0.0,0.0,0,0,0.0,0.0,0.0,0,0.0,0.0,0.0
45.5,0.7315155904604767,0.0160757966772878,-2.308329066892292,-0.5204981878738065,0.5029083160303929,0.0008858697561531,0.8811411337152901,0.9593718667904982,-1.1431206527516726,-0.7729480564974709,-0.5775347013895538,1.2831826079571365,1.4816884266715509,0.5334270833799326,0.2104279719207772,1.3994552968629064,0.2931214062283164,0.1725030792751971,-1.6235846616162124,0.4090064763651896,-0.3266728704241591,0.6681243750378901,1.4139695402661685,0.7316867908291799,-0.3469352319990987,-0.0085665283260072,0.0177907196906694,-3.362142444072832,0.4889648744613981,-0.7806187875436427,0.0831992618492618,0.0021090964590964,-0.2901678380443087,-0.0822080387964289,0.0579606269547444,0.0001441174580493,0.1260535599505413,0.249902658572937,-0.2026782080320779,-0.0861711621711621,-0.0563108780108779,0.1004721112221113,0.1892471139971139,0.096349111672641,0.0406637090034148,0.1449915625224448,0.0354135274855863,0.0270893864305628,-0.1730917082917084,0.0332448828948829,-0.0355188583088738,0.0560568862510036,0.0757476866185069,0.0788542411836528,-0.0297246753246752,-0.0007967062349416,0.0018318033961222,-0.4375645021645022,0.0819077422577423,-0.1223722888222889,7.0,8.0,3.0,5.0,6.0,9.0,8.0,9.0,4.0,8.0,8.0,7.0,4.0,7.0,5.0,8.0,8.0,6.0,8.0,7.0,6.0,9.0,9.0,8.0,7.0,7.0,7.0,2.0,7.0,3.0,6.0,3.0,8.0,9.0,6.0,9.0,7.0,9.0,9.0,4.0,4.0,5.0,2.0,7.0,7.0,9.0,8.0,8.0,5.0,3.0,11.0,8.0,9.0,7.0,4.0,7.0,10.0,4.0,5.0,6.0,6.0,3.0,3.0,5.0,5.0,7.0,7.0,9.0,4.0,3.0,3.0,5.0,2.0,6.0,5.0,8.0,7.0,6.0,4.0,3.0,6.0,8.0,9.0,7.0,4.0,6.0,7.0,1.0,5.0,3.0,0.0,0.0,0.0,0,0,0.0,0.0,0.0,0,0.0,0.0,0.0,0.0,0.0,0.0,0.0,0.0,0.0,0.0,0.0,0.0,0,0,0.0,0.0,0.0,0,0.0,0.0,0.0
46.5,0.3297782393307154,0.5662797950578334,-2.4896402242542863,0.4334360539464252,0.2645575456900564,0.1441969193246366,0.4474676813147631,0.4311051732237438,-0.1501175828911499,0.7377055024359648,-2.605219254213441,1.4440268219783896,0.8228732610562312,0.4733750940259492,-0.2321604458341239,1.3340896956327872,1.0850200914077774,0.4042022129762637,-1.510438897073203,-1.4179254425808707,-0.3362481908283715,0.2427642124715021,0.3341798749676931,-0.0864090832967959,0.3752413116744307,-0.7397277759111063,0.7352436810551575,-2.7386998706269954,0.2488950042729621,-1.6303904838727097,0.0398090354090353,0.0767555555555555,-0.3098460049754168,0.0706519380774025,0.0396667551402845,0.0241108112475759,0.0658676662948333,0.114868146662419,-0.0255900355148805,0.0656993006993008,-0.1871267510267509,0.1002122534328416,0.1209579365079364,0.0859880743439566,-0.0453464863567805,0.1390217405143875,0.1305152129002748,0.0607773814420873,-0.1602618881118881,-0.1158536408036406,-0.0360560735618011,0.0170841516326808,0.0183689591626122,-0.0092088236926471,0.0312146853146852,-0.0738440368455074,0.0784183150183148,-0.4246834054834055,0.0385254745254746,-0.270651171051171,8.0,7.0,4.0,7.0,7.0,10.0,7.0,7.0,5.0,7.0,8.0,7.0,5.0,8.0,4.0,8.0,8.0,8.0,8.0,6.0,6.0,7.0,9.0,8.0,7.0,8.0,8.0,2.0,6.0,4.0,6.0,2.0,8.0,9.0,6.0,7.0,7.0,9.0,8.0,4.0,3.0,6.0,2.0,6.0,7.0,9.0,9.0,8.0,5.0,3.0,11.0,8.0,8.0,7.0,6.0,7.0,10.0,4.0,6.0,5.0,6.0,2.0,3.0,7.0,5.0,6.0,6.0,7.0,5.0,4.0,2.0,6.0,2.0,6.0,4.0,8.0,8.0,7.0,4.0,2.0,6.0,7.0,8.0,6.0,6.0,6.0,8.0,1.0,5.0,2.0,0.0,0.0,0.0,0,0,0.0,0.0,0.0,0,0.0,0.0,0.0,0.0,0.0,0.0,0.0,0.0,0.0,0.0,0.0,0.0,0,0,0.0,0.0,0.0,0,0.0,0.0,0.0
47.5,-0.0843488265823783,0.3501616224351082,-2.328146883463506,0.8108477808420999,-0.4930101106039516,0.8155023289801688,0.2762188740785132,0.4161117207120908,-0.1726375846928241,0.3943223128032398,-0.933321353426321,0.4225774471068185,0.416830910795088,0.908626163021291,-0.6386229747732884,1.1112279452533929,0.4772391362744537,1.043243113152626,-0.2579693115411762,0.5334533286432882,0.1777877812688982,-0.977188638816036,-0.0354822953451392,0.7207629932535687,1.2691818788014158,0.1704936320308996,-0.605930514717708,-1.8752532250754037,0.137217706460616,-0.9191587884497252,-0.0101115218115218,0.0339817460317459,-0.2859300782550783,0.1247120438299229,-0.0637278056910409,0.0986464586067527,0.0408067829229594,0.1112549364979704,-0.0283105070797796,0.0349553779553779,-0.0499889776889776,0.0301829043505512,0.0634194860694862,0.166069323650206,-0.1201884925531984,0.1198557393586804,0.0581035974173743,0.1488609971899445,-0.0320180319680319,0.0436136419136419,0.0197453757886421,-0.074939466415937,-0.001671003489115,0.0665099095349094,0.1044131868131867,0.0164838703092572,-0.0619675225015783,-0.2755563325563325,0.0192000444000445,-0.1599809523809524,7.0,6.0,4.0,7.0,7.0,10.0,8.0,7.0,7.0,7.0,9.0,8.0,6.0,7.0,3.0,7.0,7.0,8.0,8.0,7.0,6.0,7.0,9.0,8.0,6.0,7.0,6.0,2.0,7.0,5.0,6.0,1.0,7.0,8.0,6.0,7.0,7.0,9.0,9.0,3.0,2.0,6.0,3.0,6.0,6.0,8.0,10.0,10.0,4.0,4.0,9.0,8.0,8.0,7.0,6.0,9.0,10.0,5.0,5.0,3.0,5.0,1.0,3.0,7.0,4.0,7.0,6.0,7.0,6.0,3.0,2.0,6.0,3.0,6.0,3.0,7.0,7.0,8.0,4.0,4.0,6.0,6.0,8.0,7.0,6.0,7.0,6.0,2.0,5.0,2.0,0.0,0.0,0.0,0,0,0.0,0.0,0.0,0,0.0,0.0,0.0,0.0,0.0,0.0,0.0,0.0,0.0,0.0,0.0,0.0,0,0,0.0,0.0,0.0,0,0.0,0.0,0.0
48.5,0.1200774093652477,1.335566498374048,-0.8159424792399508,0.650627979255055,-1.6368046258421671,0.4242988803415352,0.2140382706389459,0.3263546769714979,0.7528856879228855,1.1534963062661543,-1.0254081127357817,0.5189825521520979,0.313748195673092,0.1045549011916175,-1.387618345680612,0.8149824706561827,0.7177326107654085,0.7261804599444555,0.0966525134126399,0.4906385906541934,-0.7530264115548111,-1.0634351041188306,0.1600609528878415,-0.1463445060025821,0.8340014414103196,-0.6412086470775284,-0.7039278650148111,-1.271676110368726,0.13101114171646,-1.4666807246985685,0.0111915750915748,0.1349542568542567,-0.1056964013111072,0.1014276139752919,-0.1645074092574091,0.0463025206819325,0.0308585136827396,0.0866901150833879,0.1180499811506003,0.1022458430458431,-0.0529444832944833,0.0386067139001349,0.0471805083805084,0.0176595293595294,-0.2664094909991967,0.0832829523417758,0.0842014369445485,0.1057594495373908,0.0124723498723499,0.0391290098790099,-0.101161092175798,-0.0960952380952382,0.0081342019263844,-0.012035949018302,0.0814586080586079,-0.0616956003319006,-0.0705102349576808,-0.1951973082473083,0.0185229770229771,-0.2666968253968254,8.0,5.0,6.0,8.0,7.0,10.0,10.0,7.0,8.0,6.0,9.0,9.0,5.0,8.0,2.0,7.0,7.0,7.0,7.0,7.0,6.0,8.0,8.0,9.0,7.0,7.0,5.0,4.0,7.0,6.0,6.0,2.0,8.0,8.0,5.0,6.0,7.0,10.0,8.0,3.0,2.0,8.0,5.0,5.0,6.0,9.0,9.0,9.0,3.0,4.0,7.0,6.0,9.0,7.0,8.0,9.0,9.0,6.0,5.0,2.0,6.0,2.0,5.0,7.0,3.0,6.0,7.0,7.0,7.0,3.0,2.0,8.0,4.0,5.0,2.0,7.0,7.0,7.0,3.0,4.0,4.0,5.0,8.0,7.0,7.0,6.0,5.0,3.0,5.0,1.0,0.0,0.0,0.0,0,0,0.0,0.0,0.0,0,0.0,0.0,0.0,0.0,0.0,0.0,0.0,0.0,0.0,0.0,0.0,0.0,0,0,0.0,0.0,0.0,0,0.0,0.0,0.0
49.5,-0.1463418035491846,0.7763488274347369,-0.1220809899761647,0.1632685754440407,-0.8231540714215945,0.2669624070302058,0.5776535180142164,0.0968387279169457,0.1507672967727685,1.7558581263947546,-0.6821567165473468,-0.8266758888044383,0.6034030517467801,0.4498161864357159,-0.4455749043638758,0.8538052925346628,-0.2463590255453201,0.6788789495504153,-0.9227663122714416,-0.2041752492922974,-0.8072634500371816,-1.5777144230365276,0.42644718265505,0.4999533860062104,0.0269616319397709,0.3453736819820478,-0.0859565897603244,-0.3302161486047484,1.1892886589347416,-0.4847271398518386,-0.0155164779664779,0.0819450937950938,-0.0162087745587746,0.0233911301117182,-0.0886499000999,0.03058605185664,0.0822480082009492,0.0247961996208125,0.0250766853459576,0.1438348874981228,-0.0506099844599844,-0.0550038102420457,0.0898149794649794,0.0790832833832834,-0.0837853225206166,0.095233707958708,-0.0293182567432567,0.101289837286896,-0.1033837107337107,-0.0154615267085855,-0.1082193814355578,-0.143925974025974,0.0238763071895424,0.0399667791358966,0.002569755244755,0.0332364120141983,-0.0085109493447728,-0.0524531801531802,0.1876551337551338,-0.0695373015873015,8.0,6.0,7.0,8.0,8.0,9.0,9.0,7.0,9.0,6.0,9.0,10.0,5.0,7.0,3.0,7.0,7.0,7.0,6.0,6.0,7.0,7.0,9.0,8.0,6.0,7.0,5.0,4.0,6.0,6.0,5.0,3.0,6.0,7.0,5.0,6.0,7.0,9.0,8.0,5.0,4.0,7.0,6.0,5.0,6.0,7.0,7.0,9.0,4.0,6.0,6.0,6.0,8.0,7.0,8.0,9.0,8.0,7.0,6.0,2.0,5.0,3.0,5.0,6.0,4.0,6.0,7.0,6.0,7.0,5.0,4.0,7.0,5.0,5.0,3.0,6.0,5.0,7.0,3.0,5.0,4.0,4.0,8.0,7.0,6.0,7.0,5.0,4.0,6.0,2.0,0.0,0.0,0.0,0,0,0.0,0.0,0.0,0,0.0,0.0,0.0,0.0,0.0,0.0,0.0,0.0,0.0,0.0,0.0,0.0,0,0,0.0,0.0,0.0,0,0.0,0.0,0.0
50.5,0.9071484505127816,0.0743315447350812,-0.316029275570915,0.1636169004731022,-0.0827720859118189,0.4359212207378273,0.7910814190232796,0.2858164082760796,0.6900409101707994,0.7572806947026899,-0.037506690160077,-0.4049018310797297,0.6079470962510395,0.7182691338716853,-0.4869254540767824,1.3480880703354297,0.083672347629235,0.1049293094196523,-2.0426596512517645,-1.4797035425585845,-0.0772647559632842,-3.2138052058771702,-0.2796346572400735,1.3755479519963942,0.3028342092523601,1.624780702464305,-0.5286740923819236,0.4372032260899496,0.8842546931188053,-0.3322605800908897,0.1196326950826951,0.007794227994228,-0.0341436067200773,0.0209942598251422,-0.011499230834525,0.0566487182236408,0.1307491488645513,0.0748450821967848,0.1187584015829371,0.0600105523303665,-0.0026525585525585,-0.0279275241270597,0.0957202963702962,0.1347732378732378,-0.0923190115440114,0.1429541569541569,0.0095406704406705,0.0156524732577363,-0.2215206404706404,-0.105927442002442,-0.0090617049617047,-0.2694490842490843,-0.0157997162022704,0.1202903199741435,0.0307469530469528,0.1467853771873122,-0.0500849508764369,0.072221545121545,0.1488331363081363,-0.0503476190476189,6.0,7.0,6.0,9.0,10.0,9.0,9.0,8.0,9.0,6.0,8.0,8.0,5.0,7.0,4.0,7.0,7.0,6.0,4.0,7.0,9.0,7.0,9.0,7.0,6.0,9.0,6.0,5.0,6.0,6.0,4.0,3.0,7.0,6.0,6.0,7.0,8.0,9.0,8.0,7.0,5.0,8.0,6.0,6.0,5.0,6.0,6.0,10.0,4.0,8.0,5.0,5.0,9.0,7.0,8.0,9.0,9.0,6.0,7.0,2.0,4.0,3.0,5.0,6.0,6.0,7.0,8.0,7.0,8.0,6.0,5.0,7.0,5.0,6.0,3.0,6.0,5.0,6.0,2.0,6.0,5.0,3.0,8.0,7.0,6.0,9.0,6.0,5.0,6.0,2.0,0.0,0.0,0.0,0,0,0.0,0.0,0.0,0,0.0,0.0,0.0,0.0,0.0,0.0,0.0,0.0,0.0,0.0,0.0,0.0,0,0,0.0,0.0,0.0,0,0.0,0.0,0.0
51.5,1.6555657849577416,-0.3866542036018173,0.0795992725313897,0.6785909007067426,-0.1358619213026692,0.1412955315180464,0.7585092694847511,0.6067185905508872,0.696208524548268,1.7755060202848103,0.2375276905730937,0.7561897346280356,0.203468146241551,1.1225395120470851,-0.5491624444748816,0.3665403223712852,0.8209696376831335,-0.9653868650520172,-1.9532209095896815,-0.9063120493227648,-1.4602797150594786,-0.361784516188876,-0.628218496847454,0.9443939297350404,0.099635351832612,0.1601684083378653,-1.4154594550237296,1.0498143092952004,0.1774477596796035,-0.1722370128672891,0.1978720113220112,-0.0391242646242645,0.0089231433599079,0.0871863135230781,-0.0162460795740209,0.0217240171249457,0.138963313621363,0.1491552111373317,0.1238979431387324,0.1292506386887965,0.016469852696323,0.048422057680881,0.0314631868131868,0.207224056335821,-0.1080807447454507,0.0349425296925297,0.0777636441989382,-0.1471377540759892,-0.2456771839271839,-0.0772235352710584,-0.1438879897879899,-0.0267583361083361,-0.0331041451668387,0.0908536386815798,0.0095816600066598,0.0162338750344941,-0.1444966940352389,0.1756035742035742,0.0308488849385908,-0.0261816017316017,5.0,8.0,7.0,9.0,10.0,9.0,10.0,10.0,10.0,7.0,8.0,8.0,6.0,6.0,6.0,7.0,7.0,4.0,3.0,6.0,10.0,8.0,9.0,8.0,6.0,7.0,5.0,6.0,5.0,6.0,4.0,4.0,7.0,7.0,7.0,9.0,9.0,8.0,9.0,7.0,6.0,7.0,6.0,6.0,6.0,5.0,7.0,9.0,5.0,9.0,4.0,5.0,9.0,7.0,8.0,9.0,9.0,6.0,8.0,3.0,4.0,4.0,6.0,7.0,7.0,8.0,9.0,8.0,9.0,7.0,6.0,7.0,5.0,6.0,4.0,5.0,6.0,4.0,2.0,6.0,4.0,5.0,8.0,7.0,6.0,7.0,5.0,6.0,5.0,3.0,0.0,0.0,0.0,0,0,0.0,0.0,0.0,0,0.0,0.0,0.0,0.0,0.0,0.0,0.0,0.0,0.0,0.0,0.0,0.0,0,0,0.0,0.0,0.0,0,0.0,0.0,0.0
52.5,-1.0902598516065245,-0.1591096288043719,0.9011589523847728,0.3612153085620086,1.094855376242456,0.2763173570537899,1.385969898112313,0.3713258266567072,0.4978035628068465,0.8457402659670046,0.3444446676244948,1.349728588325083,0.1784315282521706,1.202572893429498,-0.2780466726583742,0.9412742069261514,-1.532123414510336,-1.0653747717524045,-2.232514162938886,-0.971474293296146,-0.646730845527046,-0.4957230746642786,1.183851586201604,0.4730671077100536,-0.8376326298456485,-0.8788892085266581,0.0076484069483344,1.186290040472043,-1.0182564101918292,-0.0354202355655076,-0.1008081973581973,-0.0150499888999888,0.1165655400155399,0.0498062665834335,0.1320230744573622,0.0403795574738297,0.2489287019396151,0.0796947034303846,0.0837930792289924,0.0648268034854721,0.0211011863179818,0.0911434892850526,0.0260062096400331,0.2105165847224669,-0.0579584128290011,0.0927139305139305,-0.1622868724412843,-0.1633243958483897,-0.2351907092907093,-0.0829335516392794,-0.0578672022422022,-0.0327888777888778,0.0622029325765393,0.0394375346875345,-0.0783771331609565,-0.0899050191638427,0.0007824845862771,0.1931992007992008,-0.1751755328005327,-0.0055967532467531,4.0,8.0,7.0,7.0,8.0,10.0,9.0,10.0,10.0,6.0,9.0,8.0,5.0,6.0,8.0,7.0,5.0,4.0,4.0,6.0,9.0,8.0,9.0,8.0,5.0,5.0,7.0,6.0,3.0,5.0,5.0,5.0,8.0,7.0,8.0,8.0,9.0,6.0,8.0,7.0,8.0,8.0,7.0,6.0,6.0,6.0,7.0,10.0,6.0,10.0,5.0,5.0,9.0,6.0,9.0,8.0,9.0,6.0,7.0,5.0,3.0,5.0,7.0,6.0,8.0,8.0,9.0,6.0,8.0,6.0,8.0,8.0,5.0,6.0,5.0,6.0,4.0,4.0,3.0,6.0,5.0,5.0,9.0,6.0,5.0,5.0,7.0,6.0,3.0,4.0,0.0,0.0,0.0,0,0,0.0,0.0,0.0,0,0.0,0.0,0.0,0.0,0.0,0.0,0.0,0.0,0.0,0.0,0.0,0.0,0,0,0.0,0.0,0.0,0,0.0,0.0,0.0
53.5,-0.3381403121882591,0.1741167774698482,0.7401550038534958,0.1479243375603121,0.4007228763619105,1.2712849877229753,0.9442220122965584,0.5461480225515877,0.7670373017711268,-0.8711109646593408,-0.4734599556936634,0.7971404021801705,0.7507530253900975,0.2803718884845677,0.115456392511665,-0.3457967908086264,-2.306722730108844,-0.9895199138686496,-0.6106844255911834,0.4417865434088444,-1.0109773509356828,-1.0336734799288854,-0.8530701787030999,-0.5052984468385942,-0.5722555033822315,-1.2441996881196575,-0.0550697111734877,0.3963702067220807,-1.1618596117144282,0.6129968041434761,-0.0320794094794094,0.020641708291708,0.0975321260438907,0.0212088573191514,0.0529722078575018,0.2002317835157618,0.1658277987492382,0.1095506403984731,0.1366159821516631,-0.0728430751824714,-0.0395081458359323,0.0480186909495731,0.097054057054057,0.0490159118659119,0.0242838729983465,-0.0346754800754799,-0.2728416446298799,-0.1448294914665657,-0.072260181321946,0.0386574374284125,-0.0729527119938884,-0.0674476606726608,-0.043450513538749,-0.0455247881203764,-0.0573907925407924,-0.1245368202746687,-0.0054530264197447,0.0645100288600288,-0.1955203539924128,0.0980554778554778,3.0,8.0,6.0,5.0,10.0,8.0,8.0,10.0,10.0,7.0,9.0,8.0,7.0,6.0,10.0,8.0,4.0,4.0,5.0,7.0,7.0,7.0,10.0,8.0,5.0,5.0,7.0,5.0,3.0,5.0,5.0,6.0,7.0,7.0,7.0,8.0,9.0,6.0,8.0,8.0,8.0,7.0,6.0,6.0,8.0,5.0,7.0,10.0,8.0,9.0,6.0,7.0,8.0,7.0,8.0,9.0,10.0,7.0,8.0,6.0,3.0,6.0,6.0,5.0,7.0,8.0,8.0,6.0,8.0,6.0,7.0,7.0,6.0,5.0,7.0,5.0,3.0,4.0,5.0,7.0,5.0,6.0,8.0,6.0,5.0,5.0,7.0,5.0,3.0,5.0,0.0,0.0,0.0,0,0,0.0,0.0,0.0,0,0.0,0.0,0.0,0.0,0.0,0.0,0.0,0.0,0.0,0.0,0.0,0.0,0,0,0.0,0.0,0.0,0,0.0,0.0,0.0
54.5,-0.3608789201213095,0.6639013578451222,-0.4359112124524221,-0.2123794136765842,-0.6750097972837609,0.1749465494093718,0.5417272055810994,0.170970840269774,0.5736845400646085,0.4621430766623102,1.9946609710533831,-0.7973245154632411,0.2713951061211222,-0.0065993929002438,0.2392739985224851,1.1118019015893694,-1.1981013478189384,-0.4061087064063897,-0.0014236185767208,0.6665704646312446,-1.353640098244464,-0.0460076991518197,0.4355984734509861,0.4964231224936226,-1.795215330397831,-1.0546515513724082,0.6126874984985988,1.1991240706107342,-1.070644231925277,1.212452113195354,-0.0366454600954602,0.0763807137307136,-0.0574270187758577,-0.0343716685790989,-0.0831023907465084,0.0267653996244553,0.0849119746009064,0.0320611387236775,0.0970528161209274,0.0375021792019468,0.1471870003061952,-0.0684954026365791,0.0380787601287601,-0.0011389887889887,0.0502386965975201,0.1095929431679431,-0.1442422713079835,-0.058841441590745,-0.0001780923496867,0.0609351838563911,-0.102309482837424,-0.0030678155178156,0.0235068197454418,0.0433449021566668,-0.1751117715617717,-0.1139731547863901,0.0602550260455058,0.2037366078366078,-0.1873204156954157,0.1929386668886669,3.0,7.0,5.0,5.0,9.0,6.0,8.0,11.0,10.0,7.0,9.0,8.0,8.0,7.0,10.0,7.0,6.0,5.0,6.0,8.0,6.0,6.0,8.0,8.0,4.0,5.0,8.0,6.0,3.0,6.0,5.0,6.0,9.0,8.0,6.0,8.0,7.0,6.0,7.0,8.0,9.0,6.0,6.0,6.0,7.0,7.0,9.0,10.0,9.0,8.0,7.0,7.0,9.0,7.0,8.0,7.0,11.0,6.0,7.0,6.0,3.0,6.0,5.0,5.0,5.0,6.0,6.0,6.0,7.0,7.0,9.0,5.0,6.0,5.0,7.0,7.0,5.0,5.0,6.0,7.0,5.0,6.0,8.0,7.0,4.0,4.0,8.0,6.0,3.0,6.0,0.0,0.0,0.0,0,0,0.0,0.0,0.0,0,0.0,0.0,0.0,0.0,0.0,0.0,0.0,0.0,0.0,0.0,0.0,0.0,0,0,0.0,0.0,0.0,0,0.0,0.0,0.0
55.5,-0.3311179679545847,0.0510773638178042,0.1094515847051387,-0.6803871576658762,-1.1268138431200216,0.0886785294800543,0.0862470634888707,0.3276655093600651,0.6209127008621584,0.8509935747086217,1.264854368731752,-0.1870242943285685,0.5998386242479731,0.4061068823032514,0.6249784396296578,1.615189032063408,-0.8250955760586794,0.5398787470852559,0.5799074164682593,1.5033902460808966,-0.9756249042647228,-0.8879025582438426,-0.5448444326429429,-0.1917096029395953,-0.8925253573074383,-0.8204555344133522,0.6042202058953421,0.9337626922828526,-1.9170493439983225,1.238745614030107,-0.0385302424699482,0.0067331834831834,0.0145026722417588,-0.1159621265215693,-0.1135705253896431,0.0127773652474115,0.0120967494923378,0.0682045658160209,0.0868939810189811,0.0727763905599043,0.0989830799661294,-0.0128205598323244,0.0883927072927073,0.0705121474930297,0.1307143977969054,0.1792877677877677,-0.1033834590246355,0.0769893926335103,0.0687412612413386,0.123903254270669,-0.0957904142726898,-0.0626635452782513,-0.0331365963929431,-0.0166389445521799,-0.0814952488687783,-0.0764955936220642,0.0613129662391271,0.1534783938283938,-0.3201724442224443,0.2018100843600844,5.0,7.0,6.0,6.0,9.0,6.0,8.0,10.0,9.0,7.0,9.0,9.0,7.0,7.0,10.0,6.0,5.0,6.0,7.0,9.0,5.0,6.0,8.0,9.0,5.0,6.0,8.0,6.0,4.0,6.0,7.0,7.0,9.0,9.0,6.0,8.0,6.0,6.0,6.0,8.0,8.0,6.0,5.0,7.0,8.0,6.0,10.0,9.0,9.0,9.0,8.0,8.0,8.0,7.0,9.0,7.0,11.0,7.0,6.0,6.0,5.0,6.0,6.0,5.0,5.0,6.0,5.0,6.0,6.0,7.0,8.0,6.0,5.0,6.0,8.0,6.0,5.0,6.0,7.0,9.0,5.0,6.0,7.0,7.0,5.0,5.0,8.0,6.0,2.0,6.0,0.0,0.0,0.0,0,0,0.0,0.0,0.0,0,0.0,0.0,0.0,0.0,0.0,0.0,0.0,0.0,0.0,0.0,0.0,0.0,0,0,0.0,0.0,0.0,0,0.0,0.0,0.0
56.5,-0.6890319125113653,-0.1162037942921222,-1.0220182751123563,-0.7197840937341756,-0.634488574985199,-1.0307727957809805,0.6564207725252521,0.1838082785939563,-0.2935462749142647,0.5584979989477667,0.8402056485416955,-0.0574398731984605,0.5722351663444664,0.7276900380052855,0.4070759239587683,-0.0859344456095559,-0.8209625219932065,1.249184137238668,0.8668790417471258,1.5186369140700888,-1.0684817965537128,-1.0229703757551007,-1.5653105290775022,0.0385325767320463,-1.1613742959669944,-0.1588941441912136,0.610035535262463,0.501313217279542,-0.5059631294612571,1.4065111206120164,-0.0821213343845697,-0.016666156066156,-0.1387875480728422,-0.1228055828760164,-0.0652660155204273,-0.1377452898924263,0.0802700451509275,0.0386721434052702,-0.0334079965785848,0.0529079237755707,0.0566806762381064,-0.0042356839239192,0.094379797979798,0.1270521762551175,0.0830955435087787,-0.0088736402486403,-0.1036318326925912,0.1842130583468818,0.0987424018791665,0.1105065407330886,-0.1166617542158564,-0.0766875960640668,-0.0905547834518424,0.0036410225395517,-0.1230006327006327,-0.0129432234432235,0.0601215624846428,0.08025999000999,-0.0825497169497169,0.2233172216672216,6.0,8.0,4.0,6.0,11.0,7.0,6.0,8.0,8.0,6.0,9.0,9.0,7.0,7.0,9.0,5.0,5.0,8.0,7.0,8.0,5.0,6.0,8.0,9.0,5.0,6.0,8.0,5.0,5.0,6.0,7.0,6.0,8.0,9.0,6.0,8.0,6.0,6.0,6.0,6.0,8.0,6.0,4.0,6.0,7.0,7.0,10.0,9.0,8.0,8.0,9.0,9.0,6.0,7.0,7.0,6.0,11.0,7.0,6.0,6.0,5.0,5.0,4.0,5.0,6.0,5.0,5.0,5.0,5.0,5.0,8.0,6.0,4.0,6.0,7.0,5.0,5.0,8.0,7.0,8.0,5.0,6.0,5.0,7.0,4.0,5.0,8.0,5.0,4.0,6.0,0.0,0.0,0.0,0,0,0.0,0.0,0.0,0,0.0,0.0,0.0,0.0,0.0,0.0,0.0,0.0,0.0,0.0,0.0,0.0,0,0,0.0,0.0,0.0,0,0.0,0.0,0.0
57.5,0.063722886375325,-0.3801792841114068,-1.9992022682554504,-0.1989232587808369,-0.7071016537579515,-1.4172093021965697,0.5167304867354384,-0.0517635682611767,-0.5977678393575024,0.2950410176584368,0.365327609516844,-0.2852020887890595,0.3380883305457242,0.7370435991853058,1.172774851786199,0.4708024427937521,0.4319479242130745,0.6854924683777228,1.2310016281960048,0.7555607205049362,-0.7233709360437016,-2.648637465962704,-1.1249574110456528,-0.5128536066080743,0.1470791475737762,0.7951351953838026,0.6214555868282698,0.6706922810820042,0.2195789779860877,0.5157902222915371,0.0064057886557884,-0.0402654179154178,-0.2771943380149264,-0.0337080338392257,-0.0754431431313785,-0.1861914303189072,0.0716353585698785,-0.0124987515408567,-0.0785734514281728,0.0284900707136002,0.0274671152377032,-0.0193719084836732,0.050060062160062,0.1308217726717727,0.2289759958995253,0.043499467199467,0.0511641629612218,0.1068154224860108,0.1395250868412632,0.052538508550273,-0.0736717223608864,-0.1937094190123601,-0.0800313725490197,-0.0523579580550169,0.0155005439005438,0.0731978937728937,0.0620498599439774,0.1055168109668109,0.0356310467310466,0.079292340992341,8.0,7.0,3.0,8.0,11.0,7.0,7.0,8.0,7.0,7.0,8.0,9.0,8.0,7.0,7.0,5.0,7.0,7.0,7.0,8.0,5.0,6.0,9.0,9.0,6.0,8.0,8.0,5.0,6.0,5.0,6.0,6.0,8.0,9.0,6.0,8.0,7.0,8.0,7.0,6.0,6.0,6.0,4.0,6.0,7.0,6.0,8.0,9.0,8.0,7.0,8.0,8.0,7.0,8.0,6.0,7.0,11.0,7.0,6.0,7.0,6.0,5.0,3.0,6.0,6.0,5.0,6.0,6.0,5.0,5.0,6.0,6.0,4.0,6.0,7.0,5.0,6.0,7.0,7.0,7.0,5.0,5.0,6.0,7.0,5.0,7.0,8.0,5.0,5.0,5.0,0.0,0.0,0.0,0,0,0.0,0.0,0.0,0,0.0,0.0,0.0,0.0,0.0,0.0,0.0,0.0,0.0,0.0,0.0,0.0,0,0,0.0,0.0,0.0,0,0.0,0.0,0.0
58.5,0.2015144614612759,0.4735231865291896,-2.1839628172089833,0.306215583565911,-0.4013307196402933,-0.4898579805036643,1.0014437180342168,0.4063593683492399,-0.1531921416105553,0.3485119429477333,0.0080479548140244,-0.5737284213441808,-0.193266087691414,0.77517347987818,0.16858815738717,-0.377753200166787,1.2044160394220966,0.5303444209897481,1.114459958064232,1.9423780243623492,0.6385253358308012,-0.8968456870276555,-2.486676660356141,0.0214678027762198,-0.1075098591263858,1.313416921282334,1.24464529383502,0.5698453386944543,0.8497725247382414,-0.0496057946312719,0.0227936674436672,0.0427215784215783,-0.2877773011302422,0.0510223510321806,-0.0485284783843608,-0.0721148429743631,0.1573615393894031,0.1052379845043156,-0.0248250354306855,0.0349006715506715,0.0005723887223886,-0.041592779606015,-0.0255327505827505,0.138214108114108,0.0334133980398686,-0.0376052114552115,0.1294719914072853,0.0794354346633757,0.1268370170678994,0.1590343254784431,0.0620469955998592,-0.0808522560772561,-0.1478179702650293,0.0020479533538355,-0.0106581085581085,0.1223822809543396,0.1267297462169753,0.092189443889444,0.1421483627483627,-0.0075592185592185,8.0,7.0,4.0,10.0,11.0,9.0,8.0,7.0,7.0,8.0,9.0,10.0,7.0,7.0,5.0,5.0,9.0,8.0,6.0,7.0,7.0,7.0,9.0,9.0,7.0,7.0,9.0,5.0,6.0,4.0,6.0,5.0,8.0,8.0,7.0,9.0,7.0,9.0,8.0,4.0,7.0,7.0,3.0,6.0,7.0,7.0,8.0,8.0,7.0,7.0,9.0,7.0,6.0,7.0,6.0,7.0,10.0,5.0,7.0,6.0,6.0,5.0,3.0,7.0,7.0,7.0,7.0,7.0,6.0,4.0,7.0,7.0,3.0,6.0,5.0,5.0,8.0,7.0,6.0,7.0,7.0,5.0,5.0,7.0,5.0,7.0,9.0,4.0,6.0,4.0,0.0,0.0,0.0,0,0,0.0,0.0,0.0,0,0.0,0.0,0.0,0.0,0.0,0.0,0.0,0.0,0.0,0.0,0.0,0.0,0,0,0.0,0.0,0.0,0,0.0,0.0,0.0
59.5,-0.1110176660077756,-1.5826823898511135,-0.7976874950901923,0.311393942658621,0.2335341028626854,-0.10575659535065,0.4745255350148571,-0.0102597156619005,0.5788016280001244,0.7059062928839474,-0.6547323203157839,0.4323222647389338,0.0112009395357466,0.3360001169247461,0.4998248933096529,0.4899352488138889,1.0960261085177578,0.2559709210696022,0.6107791430771283,0.8970581888993342,1.196533736793311,-0.8838430559656495,-1.5568010967894907,1.2283365516954277,0.5534950256755768,0.1581589716587238,1.0373314687081516,1.4758251523233046,0.697871681662479,-0.2144658408512803,-0.0133859307359308,-0.1774925518925521,-0.1030000448897509,0.0437496133897061,0.0309649241281594,-0.015183884278776,0.0751893702444785,-0.0025151202426743,0.1025305180199916,0.0646842324342324,-0.0474608752358752,0.0291773676272126,0.0015554945054946,0.0593812672621496,0.0993286223580341,0.0475635919635919,0.1114860477757535,0.0406756852624498,0.0801909923409923,0.0751488999562527,0.1115835943468295,-0.0728644189144189,-0.0785043956043958,0.1298384665987605,0.0458692640692641,0.0150711150047063,0.1099235367573602,0.1965808635808635,0.1217086968586969,-0.0340412531912531,9.0,6.0,6.0,9.0,10.0,11.0,8.0,8.0,8.0,7.0,9.0,9.0,7.0,6.0,6.0,5.0,8.0,6.0,5.0,7.0,9.0,8.0,10.0,8.0,7.0,7.0,8.0,6.0,7.0,4.0,6.0,6.0,8.0,8.0,7.0,7.0,8.0,8.0,9.0,4.0,5.0,8.0,3.0,6.0,6.0,6.0,7.0,8.0,5.0,7.0,8.0,7.0,6.0,8.0,6.0,9.0,8.0,5.0,6.0,7.0,6.0,4.0,5.0,7.0,7.0,7.0,7.0,6.0,8.0,4.0,5.0,8.0,3.0,5.0,5.0,5.0,7.0,6.0,4.0,6.0,8.0,6.0,6.0,8.0,6.0,7.0,7.0,5.0,6.0,4.0,0.0,0.0,0.0,0,0,0.0,0.0,0.0,0,0.0,0.0,0.0,0.0,0.0,0.0,0.0,0.0,0.0,0.0,0.0,0.0,0,0,0.0,0.0,0.0,0,0.0,0.0,0.0
60.5,0.4710732033276163,-0.107806743369273,0.7756773215354228,0.5067595257688342,0.2978559351325318,0.1955059047852618,0.4428899494607488,-0.1347611001469006,0.4995548923224269,0.021064782705891,0.3385569502759449,1.3189136073094396,-0.3844997165588589,1.1452912728411029,0.0970564053368215,0.6196760811338398,0.1922935352564315,-0.3427227224962476,0.634197281299677,-0.2558341060048604,0.7390745982280529,-0.7745040787569173,-0.2968110723932001,1.276264107859039,0.372019360869377,-0.0809345540896751,0.3508880646158559,0.8820263227226561,0.680939437613977,-0.1587519203653127,0.068885409035409,-0.0125848762348763,0.1010516757752051,0.0693101940543117,0.0332440610043549,0.0246632084547718,0.0708502241480568,-0.034471646817235,0.0881985556926732,0.0019621267621268,0.0251038167714636,0.1050698672586443,-0.0525109168609168,0.1948732323232321,0.0190104878781349,0.0629923604173604,0.0184072594072592,-0.0559155169993405,0.0896607947607947,-0.0255309412809412,0.0816997389865035,-0.0534631618381619,-0.015079760109172,0.1301051091065795,0.0373612387612387,-0.0077016090119031,0.0344089684824979,0.1095122655122653,0.1168229737582677,-0.0258115662115662,8.0,6.0,7.0,9.0,7.0,9.0,9.0,8.0,9.0,8.0,8.0,9.0,8.0,5.0,5.0,6.0,8.0,5.0,5.0,7.0,8.0,7.0,9.0,7.0,6.0,6.0,8.0,5.0,6.0,4.0,5.0,6.0,8.0,6.0,7.0,8.0,8.0,9.0,9.0,4.0,6.0,9.0,4.0,4.0,6.0,7.0,6.0,9.0,4.0,5.0,6.0,7.0,7.0,7.0,7.0,8.0,7.0,4.0,8.0,7.0,5.0,5.0,7.0,6.0,6.0,7.0,7.0,6.0,8.0,4.0,6.0,9.0,4.0,4.0,4.0,6.0,6.0,5.0,3.0,4.0,6.0,6.0,7.0,7.0,6.0,6.0,6.0,4.0,6.0,4.0,0.0,0.0,0.0,0,0,0.0,0.0,0.0,0,0.0,0.0,0.0,0.0,0.0,0.0,0.0,0.0,0.0,0.0,0.0,0.0,0,0,0.0,0.0,0.0,0,0.0,0.0,0.0
61.5,0.196283164860759,-1.209931243363264,0.227923498059985,0.7384003235745332,0.5106314205251172,-0.012709608742387,0.6857076506133032,0.3209039209122951,0.7843817474186905,-1.2149020164243085,-0.2047643410919254,1.4865731055373266,0.3430053831536146,1.8876368539141983,-0.3404127855227871,0.2955562284776293,-0.4307043484080703,-0.9896665214136128,0.976901489493464,-0.1756313104748001,0.0065083124871608,-1.2976397894687155,0.0536199549333219,-0.225356750539849,0.2319736196253001,-0.5268434925431493,1.366471912344549,1.6729454166207671,0.2764372730279378,-0.231667135479125,0.0222402985902986,-0.1526119186369187,0.0302376316493964,0.0941714119214119,0.0596179374547021,-0.0016479009294798,0.1040470786093851,0.0844093778598422,0.13961094836536,-0.0977435492611963,-0.014069375069375,0.1246459345951604,0.0487899045399043,0.3102925463425463,-0.0637891525141525,0.0294632228882228,-0.0404276612276612,-0.1569490021416492,0.1339907647907647,-0.0146008103008102,0.0007768065268065,-0.1034828039607452,0.002731613347093,-0.0250017882444355,0.0214294039294038,-0.0468159122353394,0.104897800728683,0.2036958874458874,0.0478259546009546,-0.0357726606726608,7.0,6.0,8.0,7.0,7.0,9.0,10.0,10.0,10.0,10.0,8.0,8.0,8.0,5.0,4.0,6.0,8.0,4.0,5.0,8.0,8.0,7.0,8.0,6.0,6.0,6.0,8.0,4.0,5.0,4.0,4.0,8.0,7.0,5.0,7.0,8.0,8.0,9.0,9.0,5.0,4.0,8.0,6.0,5.0,5.0,7.0,5.0,9.0,2.0,4.0,4.0,8.0,9.0,8.0,7.0,9.0,8.0,4.0,7.0,8.0,4.0,5.0,6.0,5.0,6.0,7.0,8.0,8.0,9.0,5.0,4.0,8.0,6.0,5.0,3.0,6.0,5.0,4.0,2.0,4.0,4.0,6.0,8.0,6.0,6.0,6.0,7.0,4.0,5.0,4.0,0.0,0.0,0.0,0,0,0.0,0.0,0.0,0,0.0,0.0,0.0,0.0,0.0,0.0,0.0,0.0,0.0,0.0,0.0,0.0,0,0,0.0,0.0,0.0,0,0.0,0.0,0.0
62.5,0.1954227017162291,-0.2339584853263656,0.141278423094417,0.4274062013979066,-0.3779207462110877,-0.8888174066430211,0.5064095622704272,0.4890512982159029,0.9172454934225271,-1.1545770924777612,0.4224767952299001,0.773883855734814,0.3207981270338244,0.8817983203887212,-1.5440146114190771,0.0222599892706739,1.1789996312693962,-1.633591181247629,0.4144990269621399,0.0724630896907854,1.1671981215990208,-0.8679905585398511,-1.0745470453576444,-1.090286155804931,0.0397779718486282,-0.8028832991052081,1.5165865297780674,0.5741206060892041,0.4064791507816926,0.4808691047372366,0.0187258963258964,-0.02766004175563,0.0204085692085692,0.0532863244598539,-0.0408899327796387,-0.1298169708000978,0.0796322069141727,0.1289189215669092,0.1526817230842773,-0.0982568330362447,0.0373534132534132,0.0666456890718499,0.0481908258408257,0.1378002886002887,-0.2942425411190117,0.0022898415310178,0.1173483460983461,-0.2563539387083505,0.0501611111111111,0.0058991896991896,0.1439353646353647,-0.0619096570096572,-0.0669118421052633,-0.1038290696231873,0.0038054445554444,-0.0740143557422968,0.1348774382480264,0.0905329559329559,0.0688703074703074,0.0745176934176935,7.0,6.0,9.0,6.0,8.0,9.0,10.0,11.0,11.0,10.0,8.0,8.0,8.0,5.0,3.0,6.0,7.0,3.0,6.0,8.0,6.0,7.0,8.0,6.0,6.0,5.0,7.0,4.0,5.0,5.0,4.0,8.0,5.0,6.0,7.0,8.0,8.0,9.0,9.0,5.0,4.0,8.0,6.0,3.0,6.0,8.0,6.0,8.0,2.0,5.0,4.0,7.0,9.0,7.0,8.0,8.0,7.0,5.0,7.0,7.0,4.0,6.0,5.0,5.0,6.0,6.0,8.0,9.0,9.0,5.0,4.0,7.0,6.0,3.0,2.0,6.0,6.0,3.0,2.0,5.0,4.0,6.0,7.0,5.0,6.0,5.0,7.0,4.0,5.0,5.0,0.0,0.0,0.0,0,0,0.0,0.0,0.0,0,0.0,0.0,0.0,0.0,0.0,0.0,0.0,0.0,0.0,0.0,0.0,0.0,0,0,0.0,0.0,0.0,0,0.0,0.0,0.0
63.5,1.3178155277219652,-0.4963099383019705,-1.2632659415741236,0.1723226870551747,-1.367591805405493,0.1167847387862931,0.4361057040574809,0.9385190982548196,0.2497967258596622,0.8847676653178781,0.7375245597536916,0.593909707698809,1.2884949742234268,1.2520565112296709,-2.1246752328242593,0.1854555832727139,-0.2896758623026945,-1.7457999813222909,0.3321921561437438,-0.8990246518488972,0.8764062671314087,0.063935275788269,-1.7089627796224856,-0.6560964880034343,0.0587703974180883,-1.2749252980974468,-0.050062676344247,-0.1871492974463438,0.0361699195060393,0.4240182843607927,0.116005561105561,-0.0601048717622246,-0.1599802530802531,0.0227901307842485,-0.1598598816216463,0.0186298262023492,0.0701989882580439,0.2507906473467753,0.0418955451411334,0.0649117928940682,0.0543610722610723,0.0600230220759633,0.197577972027972,0.1862175879675879,-0.4625549561549562,0.0186600747291921,-0.0249264901764901,-0.2697547290944349,0.0427365079365079,-0.0682726023976023,0.0953323176823176,0.0046516806722688,-0.1162612695955577,-0.0630000527250528,0.0053420652876535,-0.1180218451483157,-0.0047898381030735,-0.0320189144189143,0.0060957320457322,0.063618883893884,6.0,7.0,7.0,4.0,7.0,7.0,10.0,10.0,10.0,8.0,7.0,7.0,6.0,4.0,3.0,6.0,6.0,3.0,6.0,9.0,5.0,7.0,8.0,6.0,6.0,5.0,7.0,4.0,4.0,5.0,5.0,8.0,5.0,6.0,6.0,9.0,8.0,10.0,6.0,7.0,4.0,6.0,6.0,2.0,5.0,8.0,6.0,9.0,2.0,5.0,5.0,9.0,8.0,7.0,9.0,8.0,7.0,6.0,6.0,8.0,5.0,6.0,3.0,4.0,4.0,7.0,8.0,10.0,6.0,7.0,4.0,5.0,6.0,2.0,1.0,6.0,5.0,3.0,2.0,5.0,4.0,7.0,6.0,5.0,6.0,5.0,6.0,4.0,4.0,5.0,0.0,0.0,0.0,0,0,0.0,0.0,0.0,0,0.0,0.0,0.0,0.0,0.0,0.0,0.0,0.0,0.0,0.0,0.0,0.0,0,0,0.0,0.0,0.0,0,0.0,0.0,0.0
64.5,1.165584574975615,0.8774616506482137,-3.3975464098428416,-2.150410684180524,-1.39478104908882,-0.568036190078551,0.4867960032742945,0.2353624058989175,1.3721310500439206,1.975489372411529,-1.4655736481783743,-0.1374700615923767,-0.5490012135055434,0.7811347728163353,-1.5965318248769804,-0.6660047869306154,-1.8483911957077173,-1.7824427888584775,-0.0663986610638126,0.2575927672220814,0.7245921498501976,-1.24991720785738,-1.4758808230358684,-0.7684512497069043,0.1534519169460639,-1.3441027354024384,-1.551488826595631,-0.1650259985967322,-0.9760218446785252,-0.269687670359146,0.1145504329004327,0.1131811521811522,-0.3669449328449327,-0.3199925234895824,-0.1534780696427756,-0.0928850089624858,0.0871163272228287,0.0641866301819357,0.1981380818527877,0.1620779734713171,-0.1212668664668664,-0.0116307467042761,-0.0868345171168701,0.1112490176490176,-0.3440667964388553,-0.0700081227595933,-0.1898858097784569,-0.2767936840936841,-0.0079960483960482,0.0200134169751815,0.0722409146409147,-0.0943532957238839,-0.0881322779989188,-0.0610034798534799,0.0145013236763235,-0.1178823563691211,-0.1610680284799479,-0.026977711177711,-0.1685237817737818,-0.0399793817293816,6.0,7.0,6.0,3.0,8.0,5.0,11.0,7.0,8.0,7.0,8.0,7.0,4.0,5.0,2.0,6.0,5.0,3.0,7.0,8.0,4.0,7.0,9.0,7.0,6.0,6.0,5.0,4.0,4.0,4.0,5.0,6.0,5.0,6.0,7.0,9.0,9.0,10.0,6.0,7.0,5.0,6.0,8.0,2.0,7.0,8.0,7.0,9.0,3.0,6.0,4.0,8.0,8.0,6.0,8.0,7.0,9.0,6.0,6.0,7.0,5.0,6.0,2.0,2.0,5.0,5.0,9.0,7.0,6.0,7.0,4.0,5.0,4.0,2.0,2.0,5.0,4.0,3.0,3.0,6.0,3.0,6.0,7.0,5.0,6.0,5.0,5.0,4.0,3.0,4.0,0.0,0.0,0.0,0,0,0.0,0.0,0.0,0,0.0,0.0,0.0,0.0,0.0,0.0,0.0,0.0,0.0,0.0,0.0,0.0,0,0,0.0,0.0,0.0,0,0.0,0.0,0.0
65.5,-0.1000161757169319,0.6797293200523561,-3.072219814055945,-2.534752522173401,0.0072844894919268,-0.1401511191667069,0.2369590760012656,-0.0438322416924402,2.1057434254515415,-0.2992484084518212,-0.8428083337126684,0.2673286814979903,-0.0756269636173665,-0.3723457175898086,-1.7399133959516349,-0.761516171162037,-1.487433854439678,-0.4706362534420542,-0.3998815071941303,1.2254425837904757,-1.6482997225759242,0.3780950462290601,-2.5128698943027183,-0.5462721118897785,0.0567172697326446,-0.3079667217510422,-1.2529028042774202,0.3121573180852307,-0.1575300970351853,-0.1719195221474392,-0.0120128902143608,0.0892965201465201,-0.4832552392052391,-0.3632037531869577,0.0008754447994385,-0.0212220649749287,0.0411907396525044,-0.0120171132878429,0.246840320137379,-0.0209549373227393,-0.0615580475080473,0.0184127594627595,-0.012487010864952,-0.0582175824175823,-0.3715855502340796,-0.0829043539793539,-0.1730682644153234,-0.0719135012046776,-0.0446630314130312,0.0906153961105972,-0.1488872676343265,0.0310886446886444,-0.1158320445722149,-0.0446671217671217,0.0051670006464124,-0.0283342874445817,-0.1305315615584965,0.051272804972805,-0.0255691419691419,-0.0263831057831056,7.0,8.0,5.0,2.0,9.0,5.0,11.0,6.0,6.0,7.0,9.0,8.0,6.0,6.0,3.0,7.0,4.0,5.0,6.0,8.0,6.0,8.0,9.0,7.0,6.0,6.0,5.0,5.0,5.0,4.0,7.0,6.0,5.0,7.0,8.0,9.0,9.0,10.0,5.0,7.0,4.0,5.0,7.0,4.0,7.0,7.0,8.0,9.0,5.0,8.0,6.0,6.0,8.0,6.0,9.0,8.0,9.0,7.0,6.0,7.0,6.0,6.0,1.0,2.0,7.0,5.0,8.0,6.0,5.0,6.0,4.0,5.0,5.0,3.0,2.0,5.0,4.0,5.0,4.0,8.0,4.0,6.0,7.0,5.0,6.0,6.0,5.0,5.0,4.0,4.0,0.0,0.0,0.0,0,0,0.0,0.0,0.0,0,0.0,0.0,0.0,0.0,0.0,0.0,0.0,0.0,0.0,0.0,0.0,0.0,0,0,0.0,0.0,0.0,0,0.0,0.0,0.0
66.5,-0.5060963500304606,0.2641838563106848,-3.8836027969348934,-3.606591421803537,0.1830834716778399,-0.3392350648940476,0.8945671939247131,-0.2940794339892388,1.2174692699956275,-1.2016790828875374,0.0453401953919237,0.1721644773188273,0.2236523125303559,-0.5083308943445578,-0.967257708791633,0.0503322199288041,-1.5729816946503576,0.0854468084345324,0.050370688478299,0.6265570250040186,-1.669271418338271,-0.6903214766007475,-1.2806363375903358,0.2012457678367619,0.1938875643830525,-0.3008854591730997,-1.4945908054855566,0.2771981003114019,0.0141098454657143,-0.5200873309262649,-0.0635123100755453,0.0259399378399377,-0.5668562522444875,-0.5316663660127283,0.0230623762374534,-0.0455751978757397,0.1450632382323557,-0.0780739015198768,0.1274112221112221,-0.0954943712548201,0.0031170251317308,0.0115343517593518,0.0343531191031192,-0.0863419968919968,-0.1976692500310147,0.0049307442557441,-0.194159354646042,0.0125580662887163,0.0051853186029654,0.0542473229642732,-0.1537669808433742,-0.0608283716283717,-0.0559738795518208,0.0150860750360748,0.0192434898434896,-0.0274132540661953,-0.1510903250773994,0.0435003885003884,0.0021578643578643,-0.0759546287046287,8.0,8.0,3.0,1.0,10.0,4.0,10.0,6.0,4.0,6.0,8.0,8.0,6.0,7.0,4.0,7.0,4.0,6.0,7.0,8.0,6.0,8.0,10.0,8.0,6.0,8.0,5.0,5.0,5.0,5.0,7.0,6.0,7.0,7.0,8.0,8.0,8.0,9.0,4.0,7.0,6.0,5.0,6.0,4.0,7.0,7.0,10.0,10.0,7.0,9.0,8.0,6.0,8.0,6.0,8.0,8.0,9.0,8.0,5.0,7.0,6.0,6.0,1.0,1.0,8.0,4.0,8.0,5.0,3.0,5.0,6.0,5.0,5.0,3.0,3.0,6.0,4.0,6.0,6.0,8.0,5.0,5.0,8.0,6.0,6.0,7.0,5.0,5.0,4.0,4.0,0.0,0.0,0.0,0,0,0.0,0.0,0.0,0,0.0,0.0,0.0,0.0,0.0,0.0,0.0,0.0,0.0,0.0,0.0,0.0,0,0,0.0,0.0,0.0,0,0.0,0.0,0.0
67.5,-0.2365728451493014,1.3718604692521037,-2.0403679160910055,-4.56716373411577,0.2024070007362353,-2.9323770132964406,0.868712340849101,-0.3387926802419414,-0.3192735295487505,-2.0449887795806307,0.7048420139745636,-1.1388401303999511,-0.4561220895247886,-0.3184879019728028,-0.1249856157399534,-0.1684415696995239,-0.7323735426873171,0.5719405923636589,0.0422203751660571,0.5409236912818941,0.387095356093573,-0.0508864171406305,-0.6210605280141597,-0.5431230558787005,0.0756028305311323,-0.0157083650971016,-1.0279342394278457,0.5074373224650255,0.0053313206683144,-0.9080332288736488,-0.0297462733345086,0.1669881366999013,-0.2683471208530033,-0.6924324897324897,0.0234501824972412,-0.349364839761202,0.1254859671116637,-0.0906372727633563,-0.0519775322716499,-0.1681138788026559,0.0496430398033338,-0.0778001312413078,-0.0691390276390275,-0.0535936785436784,-0.0251911864365423,-0.0186222875164051,-0.0872173623160466,0.081606981683607,0.0053789128140522,0.0497057451320608,0.0414188488755826,-0.004313542013542,-0.0346757088800433,-0.0390189921189921,0.0073323759573756,-0.0014946566505391,-0.098439650219062,0.0841059662559662,0.0007622155622155,-0.1453102175602175,8.0,7.0,3.0,1.0,9.0,2.0,7.0,6.0,3.0,6.0,8.0,10.0,5.0,7.0,6.0,7.0,5.0,7.0,6.0,8.0,7.0,8.0,10.0,9.0,6.0,8.0,5.0,7.0,5.0,5.0,7.0,7.0,8.0,5.0,6.0,7.0,7.0,9.0,6.0,8.0,7.0,6.0,6.0,5.0,8.0,8.0,10.0,10.0,9.0,10.0,9.0,4.0,8.0,6.0,8.0,8.0,8.0,7.0,5.0,5.0,6.0,7.0,3.0,0.0,6.0,2.0,6.0,5.0,3.0,5.0,7.0,6.0,4.0,4.0,5.0,6.0,5.0,7.0,6.0,8.0,7.0,4.0,8.0,6.0,6.0,7.0,5.0,6.0,4.0,3.0,0.0,0.0,0.0,0,0,0.0,0.0,0.0,0,0.0,0.0,0.0,0.0,0.0,0.0,0.0,0.0,0.0,0.0,0.0,0.0,0,0,0.0,0.0,0.0,0,0.0,0.0,0.0
68.5,0.0206524581196835,1.4104730117644846,-1.199378139515262,-2.094641763847462,-0.1054532736921971,-2.964426207442379,0.7933175519914123,-0.3153986023163427,-0.4146058898919673,-0.8744828219972347,0.2441183860449688,-0.1281397859681555,0.3265770343106515,-0.256499752578089,0.538131353767797,-0.1607852015505396,-1.5088488147912769,0.4455492061425256,0.0070515098250822,-0.2014135691534244,0.1089841622368773,0.9435432501003218,0.579787198961788,1.0473492288359074,-0.639890169208656,0.412023871462875,-0.5179066687442458,0.0873436295587151,0.453027201425219,-1.1057641779810208,0.00240207015207,0.1719692918192917,-0.1642807676413713,-0.2534036153389095,-0.0146717104790634,-0.3670137899939758,0.1031161240720065,-0.0774972483828521,-0.0626448900428776,-0.0665160273764763,0.0205153114858995,-0.0078978407213702,0.0497376623376624,-0.0452489246048068,0.1121730776705235,-0.0172036713286714,-0.1834754600490669,0.0629609816653934,0.0009276983336581,-0.0184183927012102,0.0116905301526818,0.0956590909090908,0.0335862573099413,0.1047795748369277,-0.0634375957375957,0.0385711056916938,-0.0471077628254099,0.0143458818958818,0.0671682539682539,-0.1829204906204906,9.0,6.0,4.0,2.0,9.0,2.0,6.0,7.0,4.0,8.0,7.0,9.0,6.0,9.0,8.0,7.0,4.0,8.0,6.0,8.0,6.0,7.0,10.0,8.0,5.0,9.0,6.0,6.0,6.0,5.0,7.0,6.0,9.0,6.0,7.0,7.0,6.0,9.0,7.0,7.0,7.0,7.0,6.0,7.0,8.0,7.0,10.0,9.0,9.0,9.0,9.0,3.0,9.0,8.0,8.0,8.0,8.0,7.0,4.0,4.0,7.0,6.0,4.0,2.0,6.0,2.0,5.0,5.0,4.0,6.0,6.0,7.0,5.0,6.0,7.0,6.0,4.0,7.0,6.0,7.0,6.0,3.0,9.0,8.0,5.0,8.0,6.0,5.0,4.0,2.0,0.0,0.0,0.0,0,0,0.0,0.0,0.0,0,0.0,0.0,0.0,0.0,0.0,0.0,0.0,0.0,0.0,0.0,0.0,0.0,0,0,0.0,0.0,0.0,0,0.0,0.0,0.0
69.5,0.4439684361498631,1.0205337599229471,-0.6247077766390566,0.171275554528977,-0.4519467462466415,-1.283836717740136,0.5957700777718979,0.2950634416968979,-0.1864246674553746,0.3677289110546141,1.259981131932236,-0.7733264811557222,-1.085701687149517,0.2832050793961491,0.4483674722734411,-0.1658324815311943,-1.508929476681318,1.1175183051035769,-0.6876798826411761,0.9174009646407144,-0.0820519070948364,0.1039068409072994,-0.189118124758649,0.6501945374456425,-0.8925601573489899,0.798681685853938,0.2279509276099487,-0.1668507556410919,0.213974013382649,0.3118320278717044,0.0553291763791763,0.1253263398366338,-0.0812556177482648,0.0213607327313209,-0.0516858236534708,-0.1816458418946035,0.071144220158926,0.0754992848139132,-0.033595294239644,0.0336401317636612,0.0953090762178997,-0.0568812607327312,-0.1436871572871573,0.051400145606028,0.0919545332118859,-0.0187988372738373,-0.1834996905914864,0.1566883528150555,-0.0892294813201934,0.0721951621134282,-0.0086362159168661,0.0063834054834053,-0.0121758403361345,0.0572756779168542,-0.0839862470862472,0.0795383014474345,0.0208887496490436,-0.0260357253857254,0.0281372738372738,0.0451616883116883,8.0,8.0,6.0,4.0,9.0,4.0,6.0,9.0,6.0,9.0,7.0,8.0,6.0,10.0,9.0,5.0,4.0,8.0,5.0,8.0,6.0,7.0,10.0,8.0,5.0,8.0,7.0,7.0,7.0,5.0,6.0,8.0,8.0,6.0,7.0,8.0,6.0,8.0,9.0,6.0,6.0,7.0,6.0,7.0,7.0,7.0,10.0,10.0,10.0,9.0,9.0,2.0,8.0,7.0,8.0,9.0,8.0,7.0,5.0,3.0,6.0,8.0,5.0,4.0,6.0,4.0,5.0,7.0,6.0,6.0,6.0,6.0,4.0,7.0,7.0,5.0,4.0,8.0,5.0,8.0,6.0,2.0,8.0,7.0,5.0,8.0,7.0,5.0,5.0,3.0,0.0,0.0,0.0,0,0,0.0,0.0,0.0,0,0.0,0.0,0.0,0.0,0.0,0.0,0.0,0.0,0.0,0.0,0.0,0.0,0,0,0.0,0.0,0.0,0,0.0,0.0,0.0
70.5,0.3865127316306938,0.3809134060432332,-0.2802982659508456,0.8420767456514265,0.4195600668563328,-0.4150224237167674,-0.3037752073083793,0.2964009739112518,-0.3540503979541305,0.3616802980495915,-0.3192969243511216,-1.003838621678815,0.0819440538701925,0.0913350079074703,0.5795148124644625,-0.58053224680775,-1.5015650334907635,1.088290881369912,-0.5584877189492917,0.7477392575735389,-0.2265018646725217,-0.6912359785549217,-0.8794106435749316,0.8639233769799441,-0.2001611544778755,1.2322810841334109,0.0379880980165687,-0.0532738809287804,0.7524490055359128,-0.3083450407390191,0.0387431290931291,0.0495771875183638,-0.0356003083517789,0.1180970292779116,0.0485781279178337,-0.0662387978636431,-0.0359224158194746,0.0712421447059991,-0.063481528834083,0.0313333876907406,-0.0303250111000111,-0.0718028211554526,0.0110558941058941,0.016769489334195,0.1222830671220762,-0.0641464927229633,-0.1838943619418078,0.1585148836715399,-0.0700608406041841,0.0578327290700354,-0.023285318688879,-0.0447564213564212,-0.045039122315593,0.094030414030414,-0.0211534465534466,0.1216430201635309,0.003900527903469,-0.0085256243756243,0.1041802086802086,-0.0403614718614718,7.0,8.0,6.0,6.0,9.0,6.0,5.0,10.0,7.0,8.0,7.0,7.0,6.0,10.0,10.0,5.0,4.0,8.0,5.0,7.0,6.0,8.0,10.0,8.0,6.0,8.0,7.0,7.0,6.0,6.0,5.0,8.0,7.0,7.0,7.0,9.0,6.0,8.0,9.0,5.0,5.0,8.0,6.0,7.0,8.0,8.0,10.0,10.0,9.0,9.0,9.0,3.0,8.0,6.0,7.0,9.0,9.0,6.0,5.0,3.0,5.0,7.0,5.0,6.0,7.0,6.0,4.0,7.0,6.0,5.0,4.0,6.0,5.0,7.0,8.0,5.0,4.0,8.0,5.0,7.0,6.0,3.0,8.0,6.0,5.0,8.0,7.0,5.0,5.0,3.0,0.0,0.0,0.0,0,0,0.0,0.0,0.0,0,0.0,0.0,0.0,0.0,0.0,0.0,0.0,0.0,0.0,0.0,0.0,0.0,0,0,0.0,0.0,0.0,0,0.0,0.0,0.0
71.5,1.740465520375825,0.5644225854154313,0.9691534097902712,1.3208829525917247,0.1135550577133823,0.2978289855879384,0.4305058922807961,0.3197646920641549,0.3355786431087658,-0.0902564209514391,-1.5169287770516335,-0.2283402496518151,0.6919200716941932,1.142918280230424,0.4762742672904659,-1.7279619749487414,-0.7644165568246285,0.6273394502618297,-1.6078774549304395,-0.6605410247617703,-0.9994377573452214,-0.6789932954598403,-1.5468972018125793,1.0562934460047575,0.1073677837364738,0.3752775952458898,0.1223976339279721,-0.1057270375294403,1.245976836243535,-0.5442568721791474,0.1685271728271727,0.0751764379411438,0.1085253746253746,0.1865795570442628,0.0150722621805439,0.0507592344274232,0.0590305801783355,0.0736761259294541,0.0599166130309317,-0.0080646089204912,-0.119607942057942,-0.015605492546669,0.0928026973026973,0.2219941101382276,0.0990140516432311,-0.1817321031909268,-0.0910000677598975,0.0957061866238336,-0.2036777026894674,-0.04751468707591,-0.1072940540969179,-0.040939971139971,-0.0781836673130792,0.0884617493617494,0.0114026973026973,0.0358642613922024,0.0124694537059087,-0.0167486291486292,0.1947465645465644,-0.0753936507936507,6.0,7.0,7.0,7.0,8.0,8.0,7.0,11.0,9.0,9.0,7.0,7.0,5.0,7.0,11.0,4.0,5.0,7.0,4.0,6.0,6.0,8.0,10.0,7.0,6.0,6.0,7.0,7.0,6.0,6.0,6.0,8.0,6.0,7.0,8.0,10.0,7.0,7.0,10.0,5.0,4.0,7.0,6.0,7.0,8.0,8.0,10.0,9.0,7.0,9.0,8.0,3.0,7.0,5.0,6.0,8.0,9.0,4.0,6.0,2.0,6.0,7.0,6.0,7.0,7.0,8.0,6.0,7.0,8.0,5.0,3.0,6.0,5.0,7.0,8.0,4.0,5.0,7.0,3.0,6.0,5.0,3.0,7.0,5.0,5.0,6.0,7.0,4.0,6.0,2.0,0.0,0.0,0.0,0,0,0.0,0.0,0.0,0,0.0,0.0,0.0,0.0,0.0,0.0,0.0,0.0,0.0,0.0,0.0,0.0,0,0,0.0,0.0,0.0,0,0.0,0.0,0.0
72.5,0.7211075064157381,0.9153619674231174,0.4557824606688981,0.450327901341658,-0.4504917932177051,0.6186192624747611,0.4850426911829643,0.3355481637875605,0.6202278761676965,-0.662193925571451,1.024112051891638,0.5107185272231854,0.6813774364948899,1.2145375613321814,0.3625915654650231,-1.6080631360505822,-0.4563063000432961,0.6431441539139292,-1.9363698794910569,-1.9138143098625016,-0.9351527063992122,-0.4856306843209489,-1.0994900975088462,0.6327703120187036,0.0010543610857861,-0.1577009099853102,-0.0001312399497084,-0.2425004454330384,1.1870251989475793,0.139186899103006,0.076049173049173,0.1205714015344818,0.049763331113331,0.0749047948783243,-0.0675296124240396,0.1065998228981199,0.0686459677061843,0.069117884291491,0.1102134179202291,-0.0623429080723197,0.0795899017649017,0.0376274362892008,0.1062684447905035,0.2328577555141796,0.0765509459494753,-0.1692008178096415,-0.0552720626982237,0.101688180120533,-0.2648762182262182,-0.1272101086821676,-0.1045657156568922,-0.0314385836385836,-0.0697969564748977,0.0508028471528472,8.892773892776873e-05,-0.0143166841328606,-1.3271394927905078e-05,-0.032102886002886,0.2003660506160506,0.0181373015873016,5.0,8.0,6.0,8.0,6.0,9.0,9.0,10.0,10.0,8.0,7.0,7.0,6.0,8.0,10.0,4.0,7.0,7.0,5.0,6.0,7.0,8.0,8.0,6.0,7.0,6.0,7.0,7.0,6.0,5.0,6.0,9.0,6.0,7.0,9.0,10.0,7.0,6.0,10.0,5.0,5.0,7.0,7.0,8.0,7.0,8.0,10.0,9.0,5.0,7.0,7.0,5.0,7.0,6.0,5.0,8.0,10.0,4.0,6.0,3.0,5.0,8.0,5.0,6.0,6.0,9.0,7.0,6.0,9.0,4.0,5.0,6.0,6.0,8.0,7.0,4.0,6.0,7.0,2.0,5.0,5.0,5.0,6.0,5.0,5.0,6.0,7.0,4.0,6.0,3.0,0.0,0.0,0.0,0,0,0.0,0.0,0.0,0,0.0,0.0,0.0,0.0,0.0,0.0,0.0,0.0,0.0,0.0,0.0,0.0,0,0,0.0,0.0,0.0,0,0.0,0.0,0.0
73.5,-2.0455619591704925,0.7688915145590209,1.7696194103194367,0.5029101272018273,-1.35872111903669,0.6753929837963338,0.2230143986626811,0.610478163788941,0.0576290921958389,-0.2405909709673409,0.8011349575307316,-0.7174071199415276,0.8342482757828193,0.7515295485272843,0.1631796568618939,-0.6894604725531258,0.4668592110084262,0.6759332160707702,-2.1570123881584418,-2.334530682627113,0.2022043650462336,0.1794779668653867,-2.1629034510743153,1.870544905109227,0.6099439616813856,-1.3542405572341312,0.0134956434450835,-0.3236510676510614,0.6648169523707465,-0.0842960776947387,-0.263353186192892,0.1024664232825997,0.1633918914418913,0.0748373479461714,-0.2070714230214231,0.1104532216063948,0.0309943311590369,0.1235990130354681,0.0102166102473377,-0.0217126381788146,0.0553817987567987,-0.0517263525689998,0.1263238455988455,0.1393749567426038,0.0341108500976147,-0.0770651245813009,0.0570955727365168,0.1015863931304333,-0.2946489954489955,-0.1885595394801279,0.022698095205448,0.0114213369963368,-0.1194115384615385,0.1360023754023753,0.0529392607392606,-0.1241980508054039,0.0013621172085567,-0.0395717893217892,0.1145554598995775,-0.0119480519480519,3.0,9.0,6.0,9.0,4.0,10.0,10.0,9.0,11.0,9.0,7.0,7.0,6.0,6.0,10.0,5.0,7.0,7.0,5.0,5.0,8.0,8.0,8.0,6.0,7.0,5.0,7.0,7.0,6.0,5.0,7.0,8.0,6.0,6.0,9.0,9.0,7.0,6.0,8.0,5.0,5.0,6.0,7.0,7.0,7.0,8.0,10.0,10.0,3.0,7.0,7.0,7.0,6.0,5.0,6.0,8.0,10.0,4.0,8.0,5.0,3.0,8.0,6.0,6.0,4.0,9.0,7.0,6.0,7.0,5.0,5.0,5.0,6.0,6.0,7.0,5.0,7.0,7.0,1.0,4.0,6.0,7.0,5.0,5.0,6.0,5.0,7.0,4.0,6.0,4.0,0.0,0.0,0.0,0,0,0.0,0.0,0.0,0,0.0,0.0,0.0,0.0,0.0,0.0,0.0,0.0,0.0,0.0,0.0,0.0,0,0,0.0,0.0,0.0,0,0.0,0.0,0.0
74.5,-0.961896776428818,0.5843685196438825,0.8616946633895316,-0.035435502060637,-1.8459960783544425,0.4881683546116932,-0.3795654907744886,0.1865016766146255,-0.1893911302332174,-0.4134332841738441,0.1512520609859878,-0.583052697043248,1.5825775422130093,0.7604562065932753,0.2810735027373541,-0.0345893047540407,1.01474281449127,0.6629280662591553,-0.8543729534874399,-2.1967338304544604,0.4259644811289582,1.1435995902438765,-0.5990806141475249,-0.4166041845146895,0.257467661008409,-0.2387804292695689,-0.0106020740227836,-0.0752149674801262,0.4144240419446471,0.5806871572124382,-0.1327699690832045,0.0725653176888468,0.0840864635364635,-0.004354566348684,-0.2580693075929919,0.0701344161944006,-0.0537482552019703,0.0418590986412966,-0.0280642299822642,-0.0324049695402636,0.0105376829053297,-0.0524886363636363,0.2392592321077614,0.1420932559270794,0.0574918178227,-0.0037380988292752,0.1217951155225922,0.1020747701558846,-0.1067256077256076,-0.2142334875908405,0.0373459977930565,0.0737234432234431,-0.0342426578323639,-0.0365717615717616,0.0283825174825174,-0.0230350334306217,-0.0011169060471692,-0.0106764235764234,0.0700541902541903,0.0874977355977355,4.0,9.0,7.0,10.0,3.0,10.0,10.0,9.0,11.0,9.0,8.0,7.0,7.0,6.0,10.0,6.0,8.0,7.0,7.0,6.0,9.0,7.0,7.0,4.0,8.0,6.0,7.0,5.0,6.0,6.0,7.0,8.0,6.0,6.0,8.0,8.0,7.0,7.0,8.0,6.0,6.0,5.0,7.0,6.0,7.0,9.0,10.0,10.0,3.0,6.0,7.0,7.0,7.0,6.0,6.0,8.0,10.0,5.0,6.0,5.0,4.0,8.0,6.0,6.0,3.0,8.0,6.0,6.0,7.0,6.0,6.0,4.0,7.0,5.0,7.0,6.0,8.0,7.0,2.0,3.0,7.0,7.0,6.0,4.0,6.0,6.0,7.0,4.0,5.0,5.0,0.0,0.0,0.0,0,0,0.0,0.0,0.0,0,0.0,0.0,0.0,0.0,0.0,0.0,0.0,0.0,0.0,0.0,0.0,0.0,0,0,0.0,0.0,0.0,0,0.0,0.0,0.0
75.5,-1.1532659335387945,0.7704204024659502,1.18073196268014,0.5611335465396633,-1.4950092378781343,0.613340003288794,0.1275521086747974,-0.0945885541831443,-0.4404138141825071,0.6790205185166033,-0.3581208980144252,-0.1943911243394754,0.1460128806533975,0.4521200132304447,0.2067734438048225,1.518463331614672,1.5669100368069515,0.1431520283581923,-0.7568432159229647,-0.6233733369496783,-0.0597101377803495,-0.7767062899803169,-0.0386979067797916,-2.235732863090975,0.18993718459742,-0.263858956423356,0.6725673559463243,-0.0579593717742682,0.368215940568336,0.6283115432684451,-0.1621857728872435,0.0954823358014534,0.1426864602717544,0.0859352857926386,-0.1837677027221146,0.0793409512056571,0.0172486842964395,-0.0190503430693834,-0.0601727678582167,0.052942352625015,-0.0236375723949254,-0.0180852397602396,0.0215839795825089,0.0792327200577202,0.0404643965511611,0.1570061980503156,0.1873712147329793,0.0222041469882026,-0.0587969696969697,-0.0579224025974025,-0.0061155844155844,-0.0576913483575249,-0.0026391330891332,-0.2418259779436251,0.0178749417249416,-0.0251423117731942,0.067487395284454,-0.0093782550782548,0.0606272671772671,0.1005735264735264,5.0,7.0,7.0,10.0,3.0,9.0,10.0,9.0,11.0,9.0,9.0,10.0,5.0,5.0,8.0,8.0,7.0,6.0,8.0,7.0,8.0,6.0,7.0,4.0,8.0,6.0,6.0,5.0,4.0,6.0,7.0,8.0,7.0,7.0,7.0,7.0,7.0,6.0,8.0,8.0,7.0,5.0,7.0,5.0,6.0,9.0,8.0,10.0,1.0,5.0,5.0,8.0,7.0,8.0,8.0,8.0,8.0,5.0,6.0,5.0,4.0,7.0,7.0,7.0,3.0,7.0,7.0,5.0,7.0,8.0,7.0,5.0,5.0,4.0,5.0,8.0,7.0,6.0,1.0,4.0,5.0,6.0,6.0,4.0,7.0,6.0,6.0,4.0,4.0,5.0,0.0,0.0,0.0,0,0,0.0,0.0,0.0,0,0.0,0.0,0.0,0.0,0.0,0.0,0.0,0.0,0.0,0.0,0.0,0.0,0,0,0.0,0.0,0.0,0,0.0,0.0,0.0
76.5,-0.4538298297531661,1.283006093439179,1.2380509810068905,0.0530468945101472,-0.8730721179326711,0.7931040365124983,0.2272321301932209,-0.0966673935459713,-0.0099843712022465,0.1692593687188709,-1.056094459108225,-0.6107661502938769,1.0637847967632323,1.7213227689292692,0.5991055762835579,1.3727075346053448,1.5299301934736524,0.6463719901794381,-0.6068376827619381,-0.8703478893646702,0.5824384240731801,-1.0017854100703771,-1.0079918605510925,-1.046659003051306,0.8329842186070133,0.5241101905066673,0.1302971122961215,0.5518164622132192,0.6722167486443678,-0.1878531371079022,-0.0603432438476556,0.1515438809556456,0.165468969266028,0.008317993117993,-0.0960252799488093,0.0960352016146907,0.0295471290749153,-0.0188864150297588,-0.0014505100850302,0.0141461257266983,-0.0756392085039143,-0.0419496114996114,0.1654635142635142,0.2905420884670885,0.1156578588078588,0.1392948907301848,0.1718381579205109,0.0971376162537153,-0.0631274891774892,-0.0686421522921522,0.0607380203130204,-0.0745689291101056,-0.052235690943044,-0.1154549463608286,0.0781759696186166,0.0500989863078098,0.0117525128466304,0.0927876123876123,0.1050557165057165,-0.0309405094905094,5.0,7.0,8.0,10.0,4.0,10.0,10.0,9.0,9.0,8.0,8.0,9.0,5.0,5.0,7.0,8.0,6.0,7.0,8.0,9.0,7.0,6.0,7.0,5.0,7.0,8.0,6.0,5.0,4.0,4.0,8.0,7.0,8.0,6.0,7.0,8.0,7.0,6.0,8.0,8.0,7.0,4.0,6.0,5.0,4.0,9.0,7.0,10.0,2.0,4.0,5.0,9.0,7.0,8.0,9.0,8.0,8.0,6.0,5.0,7.0,5.0,7.0,8.0,6.0,4.0,8.0,7.0,5.0,7.0,7.0,6.0,4.0,5.0,5.0,4.0,8.0,6.0,7.0,2.0,4.0,5.0,6.0,6.0,5.0,7.0,7.0,6.0,5.0,4.0,4.0,0.0,0.0,0.0,0,0,0.0,0.0,0.0,0,0.0,0.0,0.0,0.0,0.0,0.0,0.0,0.0,0.0,0.0,0.0,0.0,0,0,0.0,0.0,0.0,0,0.0,0.0,0.0
77.5,0.0056352074667279,1.429857380043275,1.0165589316968588,0.4408568592224414,-0.0864177370918375,-0.0336870182251002,0.4313439571666482,0.0168559251292816,-0.4710471410056995,0.6081739234855037,0.0093564809141652,-0.5039055550049905,-0.0101733290183367,1.3579745797129872,0.7435241789852629,0.5080275111108428,0.185854737312414,0.6461647658078492,-0.6897068585836662,-0.3646634388602831,-0.622137231425688,-0.379123251479655,-0.8376106696104281,-1.291812787834827,0.0314440141064081,0.5564238432225559,0.1145826795153931,0.7029371404973441,0.0497083331909077,-0.8390086621852362,0.0007366726410843,0.1503533244533244,0.1328801601992778,0.0690234534127721,-0.0096025059907413,-0.0039796621678975,0.0571799673924285,0.0038187672922194,-0.0715635626069837,0.0477693270867418,0.0006737029224643,-0.0349347569097568,-0.0016595349095349,0.2071349428349428,0.1358695415695415,0.0542844537815124,0.0196415153473976,0.0962204194154657,-0.0722033855033854,-0.0285262848262848,-0.0539513848896201,-0.0299095105874519,-0.0536749299719889,-0.1411111207420031,0.0027006033182503,0.0512468689806925,0.0118557472111652,0.1131510156510156,0.007493684093684,-0.1453860861360861,6.0,6.0,9.0,10.0,6.0,10.0,9.0,9.0,8.0,9.0,8.0,9.0,5.0,4.0,7.0,8.0,5.0,7.0,8.0,8.0,7.0,6.0,9.0,5.0,6.0,9.0,7.0,5.0,4.0,3.0,8.0,6.0,8.0,8.0,7.0,7.0,7.0,8.0,8.0,8.0,8.0,5.0,4.0,5.0,3.0,8.0,7.0,10.0,3.0,4.0,6.0,8.0,8.0,8.0,10.0,8.0,9.0,6.0,6.0,7.0,6.0,6.0,8.0,8.0,5.0,7.0,7.0,6.0,6.0,8.0,7.0,5.0,3.0,4.0,3.0,7.0,5.0,7.0,3.0,4.0,5.0,6.0,7.0,5.0,6.0,7.0,7.0,5.0,4.0,3.0,0.0,0.0,0.0,0,0,0.0,0.0,0.0,0,0.0,0.0,0.0,0.0,0.0,0.0,0.0,0.0,0.0,0.0,0.0,0.0,0,0,0.0,0.0,0.0,0,0.0,0.0,0.0
78.5,0.4052257864404562,1.304282765580932,1.387401742445492,0.4329263910225903,0.8488961176338514,0.2219894290346169,0.7243369001610203,-0.1320037215026447,-0.2128750700751672,0.3058847760590568,-0.2917302015607236,-0.5674772722951866,-0.0764292199941902,2.0298152757975947,0.0376801954272954,0.4367278168201002,-0.9428913683852548,1.3023071072339203,-0.0901252203770341,-0.7657929285032683,-0.7152059781599407,-0.8466017307985924,-0.9588837170528904,-0.7235945698351175,0.0537981577212782,0.350966013655515,-0.6036555847350289,0.1062399162570979,-0.0021667889238157,-1.7024937783102525,0.0519500350956232,0.1667815351315351,0.1756212093462091,0.0715766626905944,0.0925660896293248,0.029462266792375,0.1161342269701402,-0.0288537729040825,-0.0373430031612694,0.0254526123171632,-0.0192219941822884,-0.038942501942502,-0.0116474414474415,0.3083467199467199,0.0062984126984126,0.0498842657342656,-0.1069222316898788,0.1960751142648201,-0.0097612387612386,-0.0620533022533023,-0.0590543694867223,-0.0616815521080227,-0.0516164332399626,-0.0905522381471297,0.0048033110680169,0.0310731157731156,-0.0605790305325909,0.0169825951825951,-0.0003450049950048,-0.2729415417915418,8.0,6.0,9.0,10.0,8.0,10.0,9.0,11.0,6.0,8.0,9.0,9.0,5.0,4.0,6.0,9.0,4.0,8.0,8.0,9.0,6.0,6.0,8.0,6.0,6.0,8.0,6.0,4.0,4.0,2.0,8.0,5.0,8.0,7.0,7.0,8.0,8.0,7.0,10.0,8.0,7.0,5.0,4.0,4.0,1.0,7.0,7.0,9.0,5.0,5.0,7.0,9.0,8.0,9.0,10.0,6.0,9.0,6.0,6.0,7.0,7.0,5.0,8.0,7.0,7.0,8.0,8.0,6.0,6.0,7.0,7.0,5.0,3.0,4.0,1.0,7.0,4.0,8.0,5.0,5.0,5.0,6.0,7.0,6.0,6.0,6.0,6.0,4.0,4.0,2.0,0.0,0.0,0.0,0,0,0.0,0.0,0.0,0,0.0,0.0,0.0,0.0,0.0,0.0,0.0,0.0,0.0,0.0,0.0,0.0,0,0,0.0,0.0,0.0,0,0.0,0.0,0.0
79.5,-0.2676312032091811,0.1573178554785043,0.8115788406210047,-0.0151365529223434,1.0800208076612992,0.7223603540729935,1.171325102776796,0.453043085198239,-0.2779162560712535,-0.3409266811132427,0.2083277371518796,-0.37501635206002,-0.6304554084510603,0.2748752583003663,0.4715409942710345,0.0027627670785172,-1.4876847726171714,1.2432032422508712,0.5988880838549192,0.7828249840061061,-1.0955230094273132,0.7281601015839431,-0.2083205810736842,0.3073844363568953,0.3049176786184079,-0.0285090013472515,0.4755024271493668,0.2714094636645287,-0.5951568712570896,-2.933404542964567,-0.0355543985426338,0.0180666222666223,0.102385767010767,-0.0020930203181751,0.12975856440601,0.1001112899398503,0.1733590569045678,0.1008171232448321,-0.0488755377921013,-0.0265764646688022,0.0147336366248129,-0.0253281972929032,-0.0837967698967697,0.0453284881784882,0.069854834054834,0.0002982806409275,-0.1889422582319642,0.1751053110288404,0.0643742313242313,0.057508087011028,-0.0945431049342814,0.0537230862274978,-0.0090842154405623,0.0351455186969893,0.0301727483301013,-0.0021067488067489,0.0518166887807753,0.0423113109113109,-0.0938796259296259,-0.4828440725940726,8.0,6.0,9.0,8.0,8.0,9.0,8.0,10.0,6.0,6.0,9.0,9.0,6.0,5.0,5.0,9.0,3.0,7.0,7.0,7.0,5.0,7.0,9.0,7.0,6.0,8.0,7.0,4.0,4.0,1.0,7.0,5.0,7.0,8.0,8.0,8.0,7.0,7.0,10.0,8.0,7.0,6.0,4.0,5.0,1.0,8.0,7.0,8.0,5.0,6.0,6.0,8.0,8.0,8.0,9.0,6.0,9.0,6.0,5.0,6.0,6.0,4.0,7.0,6.0,8.0,8.0,7.0,7.0,6.0,6.0,7.0,6.0,3.0,4.0,1.0,7.0,3.0,7.0,5.0,6.0,4.0,7.0,8.0,7.0,6.0,6.0,7.0,4.0,3.0,1.0,0.0,0.0,0.0,0,0,0.0,0.0,0.0,0,0.0,0.0,0.0,0.0,0.0,0.0,0.0,0.0,0.0,0.0,0.0,0.0,0,0,0.0,0.0,0.0,0,0.0,0.0,0.0
80.5,-0.6221741047099635,0.1911674750893945,0.5279382725308169,0.2868604584868296,0.6793983547008386,1.055234197335604,0.8192924471892952,0.5360987046840641,-0.7275909453639254,0.2459159616601161,-0.8158396057228527,-0.1467230692371748,0.33113886568585,0.2337350783229637,0.7501228615633034,0.1767400670035591,-1.5952306733626596,1.1760136501596026,0.6367302341281422,0.3371785186152955,-2.0835965592513976,0.2377867369531462,1.4511337616753417,0.5271051763404074,-0.2615604413675232,-0.9111423168754876,0.6223093300961867,0.1630288920576985,0.0171452536599445,-4.866125745246919,-0.0804083751216104,0.0156753857253857,0.0654044233544233,0.0385301050256932,0.0909904202007143,0.1477380516370454,0.1091558100396334,0.1335026493458381,-0.1202950503143227,0.021819619922561,-0.0545918924213042,-0.0087968247438836,0.0478568764568764,0.0386249423778835,0.137204279054279,0.0186107725607724,-0.1970452417809229,0.1496708652458652,0.0635193226707931,0.0216971433794962,-0.1923208090756853,0.0174209711856769,0.0843775959506608,0.0650988745860262,-0.0260087495837494,-0.0822774504906858,0.0625270320408863,0.0268624819624819,0.0028385059385057,-0.7586606671106672,7.0,7.0,8.0,8.0,9.0,9.0,8.0,10.0,6.0,6.0,9.0,9.0,6.0,6.0,5.0,9.0,4.0,6.0,6.0,8.0,4.0,7.0,8.0,8.0,5.0,8.0,8.0,4.0,5.0,0.0,7.0,4.0,6.0,7.0,7.0,8.0,6.0,8.0,9.0,6.0,6.0,7.0,3.0,6.0,2.0,7.0,9.0,7.0,7.0,7.0,8.0,8.0,8.0,9.0,8.0,7.0,11.0,4.0,4.0,7.0,5.0,4.0,6.0,6.0,7.0,8.0,6.0,8.0,5.0,5.0,6.0,7.0,3.0,5.0,2.0,7.0,4.0,6.0,6.0,7.0,4.0,7.0,8.0,8.0,5.0,6.0,8.0,3.0,3.0,0.0,0.0,0.0,0.0,0,0,0.0,0.0,0.0,0,0.0,0.0,0.0,0.0,0.0,0.0,0.0,0.0,0.0,0.0,0.0,0.0,0,0,0.0,0.0,0.0,0,0.0,0.0,0.0
81.5,-0.7294061124420563,0.4841803646167635,-0.2778204178083766,-0.0645386624108118,-0.040124245735511,0.4160357998129021,0.8616815374783989,0.4411141602209278,0.1975014632148221,-0.253483253744357,0.1873801431304285,0.9695137280796,-0.2794709114117524,0.3420898160772221,-0.0099963317826026,-0.1194033228647495,-1.440533268815294,0.0416972810963182,0.6491856426524714,1.221170596990404,-1.6922659049198103,0.2686772242235657,-0.1808162371931415,-0.104754625028491,-0.166124288648827,-0.8642733893481324,0.9029466271094538,0.1025407149110365,0.5010800041065879,-3.4661902986498307,-0.0905088356088356,0.0462930125430125,-0.0324835553335554,-0.0088348228568817,-0.0056450410700409,0.0549699964466218,0.1116717912806147,0.1179622233631521,0.029239116731222,-0.0267686088421381,0.0142046786546786,0.070507919204978,-0.039894671994672,0.0573903596403595,-0.0017663725163725,-0.0114199800199801,-0.178673256860099,0.00540164002664,0.0799761961550662,0.0848488355126124,-0.1656566101854802,0.0189834415584415,-0.0088394491129785,-0.0128889385554246,-0.0185569985569985,-0.0858307067115889,0.0904428409825467,0.0142153679653679,0.0761233044733045,-0.5315893162393163,8.0,7.0,8.0,8.0,10.0,8.0,9.0,7.0,7.0,7.0,8.0,8.0,6.0,8.0,4.0,8.0,4.0,5.0,7.0,8.0,4.0,8.0,7.0,7.0,5.0,7.0,8.0,4.0,4.0,1.0,6.0,5.0,4.0,7.0,5.0,8.0,7.0,9.0,8.0,5.0,5.0,7.0,5.0,6.0,3.0,6.0,9.0,7.0,9.0,8.0,8.0,7.0,8.0,9.0,6.0,8.0,10.0,4.0,4.0,6.0,5.0,5.0,4.0,6.0,5.0,7.0,7.0,7.0,6.0,4.0,5.0,7.0,4.0,6.0,2.0,6.0,4.0,5.0,7.0,8.0,4.0,7.0,7.0,7.0,4.0,6.0,8.0,3.0,3.0,1.0,0.0,0.0,0.0,0,0,0.0,0.0,0.0,0,0.0,0.0,0.0,0.0,0.0,0.0,0.0,0.0,0.0,0.0,0.0,0.0,0,0,0.0,0.0,0.0,0,0.0,0.0,0.0
82.5,0.3830684479620352,-0.2109303878796443,-0.8188001049499354,0.3541761479565538,0.2872634656317891,0.238068839649629,1.4522962349093471,-0.1647640802469084,0.729723743452009,0.2172610334641522,0.4488546535263959,-1.933375217754201,0.693837162239695,0.0615740802567338,-0.2733180123494838,0.7240143158672988,-1.5712892974264527,-1.2481214356629386,0.6071107754315072,0.5872973333627419,-2.146285440031644,-0.242749974229194,-1.0858931224544592,0.3532427180248792,-0.3960438711221505,-0.5667099037651664,0.3206040928511447,0.0479523492829202,-0.6570574348677979,-2.0815497164370775,0.0392975912975913,-0.0214073093573093,-0.0946168942168941,0.0550976750201982,0.0437283938283938,0.0322914783359055,0.1652321387762564,-0.0460435112531086,0.1257406877694028,0.0249636863136862,0.0379061077811078,-0.1165089120030297,0.0998757520257519,0.0106029921059332,-0.0533017787767788,0.068726307026307,-0.1909570818070818,-0.1658878094128095,0.0807293671928346,0.046799104722247,-0.1945567040802336,-0.0196989010989012,-0.0569575937392502,0.0406120617085012,-0.0429102952602952,-0.0596084712157468,0.0313911306014246,0.0063236652236652,-0.0944999000999,-0.3170850094350094,7.0,8.0,9.0,8.0,10.0,8.0,7.0,5.0,8.0,7.0,8.0,6.0,5.0,9.0,4.0,7.0,4.0,5.0,7.0,7.0,4.0,7.0,7.0,7.0,6.0,6.0,8.0,4.0,3.0,2.0,5.0,5.0,4.0,8.0,4.0,8.0,6.0,9.0,9.0,4.0,5.0,7.0,6.0,6.0,5.0,6.0,9.0,7.0,9.0,8.0,8.0,7.0,9.0,9.0,5.0,9.0,8.0,4.0,4.0,6.0,5.0,5.0,4.0,7.0,4.0,7.0,6.0,5.0,8.0,3.0,5.0,5.0,5.0,6.0,3.0,6.0,4.0,4.0,7.0,7.0,4.0,6.0,7.0,7.0,4.0,6.0,7.0,3.0,2.0,2.0,0.0,0.0,0.0,0,0,0.0,0.0,0.0,0,0.0,0.0,0.0,0.0,0.0,0.0,0.0,0.0,0.0,0.0,0.0,0.0,0,0,0.0,0.0,0.0,0,0.0,0.0,0.0
83.5,-0.0536322532046775,0.3183145029108732,-0.910719582070996,0.1294875132515087,0.1283487852846473,0.286193629237627,1.49307165035615,-0.8208498836554181,0.9504444146461166,-1.1841946012300095,1.45961518576369,-3.7557800447053142,0.1677351041491677,0.7565053735545819,-0.5757686529803652,1.2522051500312203,-2.6073311501972936,-1.749422223084855,0.0558918753503814,-0.6062201040523776,-1.9947684657316935,0.346632473306971,0.1886994337429615,0.3818243007562694,0.9877758120528688,-0.5980631084597283,0.6297209366392478,-0.0149240673383185,-0.8296745696194554,-0.8455151804137407,-0.005362087912088,0.0367439588189587,-0.0988864302364302,0.0214217002897342,0.0136850427350427,0.0351078744526884,0.207414889032536,-0.2215375146353474,0.1698702980799729,-0.1144723165723166,0.1195001234060058,-0.2234523012934779,0.0240193806193805,0.1348379373894079,-0.1160989846754553,0.1390620546120544,-0.3112343114573765,-0.2690961060181649,0.0074864691122431,-0.0455339180083764,-0.2123216339302251,0.0288706293706292,0.0109050002457121,0.0422387697270048,0.0872316239316238,-0.0612509561989438,0.0561457857501974,-0.0022834609834608,-0.1335309412809413,-0.1322790931290932,6.0,8.0,9.0,8.0,9.0,7.0,7.0,3.0,9.0,7.0,7.0,5.0,6.0,8.0,3.0,6.0,3.0,3.0,6.0,6.0,4.0,7.0,7.0,6.0,6.0,6.0,9.0,5.0,3.0,3.0,6.0,7.0,4.0,9.0,3.0,7.0,7.0,9.0,9.0,3.0,6.0,7.0,6.0,7.0,6.0,5.0,9.0,8.0,9.0,8.0,9.0,7.0,8.0,8.0,5.0,10.0,9.0,5.0,4.0,6.0,5.0,7.0,4.0,7.0,3.0,6.0,7.0,3.0,9.0,2.0,6.0,4.0,5.0,7.0,3.0,5.0,3.0,3.0,6.0,6.0,4.0,6.0,7.0,6.0,5.0,6.0,8.0,4.0,2.0,3.0,0.0,0.0,0.0,0,0,0.0,0.0,0.0,0,0.0,0.0,0.0,0.0,0.0,0.0,0.0,0.0,0.0,0.0,0.0,0.0,0,0,0.0,0.0,0.0,0,0.0,0.0,0.0
84.5,-0.3384234985829059,0.9961363762858764,-0.7690996982590692,0.5501719070157051,-0.2914381871420749,0.1003112255060344,0.3394143224209291,-1.217304979904413,0.7287411109685917,-0.4628844458502489,0.7947622150775154,-2.8582473651081237,0.2939852242965514,1.3567616222395589,-1.5918225763006175,0.5391995995904381,-2.613200845526966,-1.6853045661235746,0.0667872135929553,0.0464708318794167,-3.0974491477964747,-0.3429730208848343,-0.6263855650476317,0.3558025490714638,0.0254086244628686,-1.4046857818174876,0.9204658202412443,-0.6753674031643365,-1.9338147332982245,0.1856742218316976,-0.0346163003663004,0.1179136290180407,-0.0739374181374181,0.0794940413044127,-0.0405631035631035,0.0133348285357571,0.0561162501842841,-0.3099986076960536,0.1389718636454703,-0.0400699189699189,0.0557472083472083,-0.2051966941555177,0.0463175269175268,0.2567324397824397,-0.3391128097392804,0.0555164224664225,-0.3116300381421124,-0.2731522751758045,0.00881230035874,0.0040162378041634,-0.3375917773317155,-0.0241239510489512,-0.0340084107327143,0.0414007936507937,0.0023858974358973,-0.1433462586519088,0.0884083029028075,-0.0985062770562772,-0.2961882950382951,0.0283710012210013,4.0,8.0,8.0,10.0,10.0,8.0,8.0,2.0,9.0,9.0,7.0,5.0,6.0,6.0,2.0,5.0,3.0,3.0,6.0,7.0,3.0,7.0,7.0,7.0,7.0,6.0,8.0,5.0,3.0,4.0,6.0,8.0,4.0,8.0,3.0,8.0,8.0,8.0,10.0,3.0,5.0,7.0,6.0,6.0,7.0,5.0,9.0,9.0,10.0,9.0,9.0,7.0,9.0,6.0,5.0,9.0,9.0,4.0,5.0,6.0,4.0,8.0,4.0,8.0,3.0,7.0,7.0,2.0,9.0,3.0,5.0,4.0,5.0,6.0,2.0,4.0,3.0,3.0,6.0,7.0,3.0,6.0,7.0,5.0,5.0,5.0,8.0,3.0,2.0,4.0,0.0,0.0,0.0,0,0,0.0,0.0,0.0,0,0.0,0.0,0.0,0.0,0.0,0.0,0.0,0.0,0.0,0.0,0.0,0.0,0,0,0.0,0.0,0.0,0,0.0,0.0,0.0
85.5,-0.1322585567124447,0.6809432685848285,-1.053575041816049,0.8235477410884214,-0.1375599720808869,0.0133738010954356,0.0777996871107408,-0.8680190656019046,0.7578975059496554,0.8170137200464807,1.1052047084423482,-2.848670401319932,0.3506745750782231,0.49241905543527,-2.4792171611292404,0.9187764374875664,-1.632502705695629,-1.7196654441553072,0.229845815780389,-0.383613469647542,-2.1415713820691495,-0.756223177930326,-0.4719489217416397,-0.4569738406643666,1.0439077999709192,-0.4594086493139931,0.7531098843807669,0.5518797152460324,-3.176688618095637,0.4974838990149812,-0.0151639638139638,0.0818465971936559,-0.1151270118770119,0.1225669010985573,-0.0197343767343767,0.0018848089475024,0.0141753418322302,-0.224831289797234,0.1425277074232955,0.0806478465978466,0.0730413557031204,-0.1671489959387019,0.0561852477587769,0.0950226467976468,-0.5236655989435401,0.0800983405483405,-0.1969742566257272,-0.2657392361680286,0.0297538435506702,-0.0308045286670674,-0.2277087705895756,-0.049117316017316,-0.0321068250377074,-0.043996941946942,0.0964727605727605,-0.044481400238908,0.0789645155498095,0.078176862026862,-0.5367971112221112,0.076699173049173,3.0,7.0,7.0,10.0,10.0,9.0,8.0,4.0,8.0,7.0,7.0,4.0,7.0,6.0,1.0,6.0,4.0,3.0,6.0,6.0,5.0,6.0,8.0,7.0,7.0,6.0,8.0,4.0,1.0,5.0,5.0,8.0,5.0,8.0,5.0,8.0,9.0,8.0,10.0,4.0,6.0,7.0,7.0,5.0,7.0,5.0,9.0,10.0,9.0,9.0,8.0,6.0,7.0,5.0,7.0,9.0,9.0,5.0,7.0,7.0,3.0,7.0,4.0,8.0,5.0,7.0,7.0,3.0,8.0,4.0,6.0,4.0,6.0,4.0,1.0,5.0,4.0,3.0,6.0,6.0,4.0,5.0,6.0,4.0,7.0,6.0,8.0,4.0,1.0,5.0,0.0,0.0,0.0,0,0,0.0,0.0,0.0,0,0.0,0.0,0.0,0.0,0.0,0.0,0.0,0.0,0.0,0.0,0.0,0.0,0,0,0.0,0.0,0.0,0,0.0,0.0,0.0
86.5,-2.289423003229665,1.1581074418444854,-0.1060767219329579,0.7218680930030883,0.4311524932173601,0.2937468022648081,-0.40710155936313,-0.0937799241835489,0.9177482529243997,-0.2835964398641671,-0.8771485668362319,-3.1793067307029,0.1354066137057342,-0.4786850199260722,-2.3220646220268057,0.5354210151017956,-1.4604090315918234,-1.0129777960823478,-0.5638775233466912,-0.6459048661067744,-0.5838596649108909,-1.3056214527495955,-0.1402473533276496,-0.0505086124226845,1.094389728513525,0.1898122727030714,1.234779257824126,0.630427204294373,-3.080896683590297,-0.4387140862097979,-0.3213161172161171,0.1378889220256867,-0.0109711288711288,0.1014775720753274,0.0594694119605883,0.0430836152066026,-0.0680740761989987,-0.025096840655045,0.1657275685700607,-0.024706572512455,-0.0505178286024262,-0.2607976131711426,0.0195958647561589,-0.0913166000666,-0.4961909188850366,0.0459801143301144,-0.1764029257721981,-0.1529059129724764,-0.0741809120961597,-0.0477088200671018,-0.0686168603756065,-0.0888391691641692,-0.0079329023917259,-0.0039129204129204,0.1063244089244087,0.0182651998586209,0.1271853449611962,0.0840520368520367,-0.5224285076035077,-0.0699794927294926,2.0,7.0,6.0,9.0,9.0,10.0,8.0,6.0,9.0,7.0,8.0,5.0,8.0,6.0,1.0,6.0,4.0,4.0,5.0,6.0,6.0,5.0,9.0,8.0,7.0,7.0,9.0,4.0,1.0,6.0,4.0,7.0,6.0,7.0,7.0,8.0,9.0,8.0,9.0,6.0,8.0,6.0,7.0,3.0,7.0,4.0,9.0,11.0,9.0,8.0,8.0,7.0,7.0,4.0,7.0,9.0,9.0,5.0,7.0,5.0,1.0,7.0,5.0,7.0,7.0,8.0,6.0,5.0,8.0,5.0,7.0,3.0,6.0,2.0,1.0,4.0,4.0,4.0,5.0,6.0,5.0,5.0,7.0,4.0,7.0,7.0,9.0,4.0,1.0,4.0,0.0,0.0,0.0,0,0,0.0,0.0,0.0,0,0.0,0.0,0.0,0.0,0.0,0.0,0.0,0.0,0.0,0.0,0.0,0.0,0,0,0.0,0.0,0.0,0,0.0,0.0,0.0
87.5,-1.2268492934908086,0.8972609975791215,-1.1542195122324446,-0.2954908114841214,0.0292470125515711,0.7325639546825584,0.5526086223602508,0.5104469155112762,0.7774778356490679,1.7272950647529155,-1.0960020507628736,-1.0704776450603777,0.3336214797624011,-0.6695144423903401,-2.6047359559677385,1.4712842660399164,-0.7633233393519698,-1.7046067138731047,-0.3999891056104641,-0.1313780548823364,-1.1382255425400705,-0.9721478692217984,-1.1083775642163958,-0.6706647220566087,0.8733554108936598,0.1615531795339573,1.1915894755082297,0.2968299405528023,-1.9369803030391484,-0.5303067656939494,-0.1403249639249638,0.1085158064158064,-0.1366953215085569,-0.0374493329254166,0.0042839225446036,0.1170034743034742,0.0955423127697894,0.1349908517866722,0.1256756826163173,0.1243835696467274,-0.0740892727671367,-0.0956785728976905,0.0458937950937949,-0.1052078643578643,-0.5408733518115871,0.1290598401598401,-0.0896349054196576,-0.2605431849196554,-0.046107764294529,-0.0103944125963476,-0.1153205967836774,-0.0752848200818788,-0.0772119963369963,-0.050595177045177,0.085020754245754,0.0155169584972989,0.1224613607926299,0.0393159451659451,-0.3332235271264684,-0.0925406926406926,4.0,6.0,4.0,6.0,7.0,10.0,9.0,8.0,7.0,7.0,9.0,6.0,8.0,6.0,1.0,6.0,5.0,3.0,5.0,6.0,6.0,6.0,9.0,9.0,7.0,7.0,9.0,4.0,2.0,6.0,4.0,7.0,7.0,8.0,9.0,9.0,9.0,8.0,9.0,7.0,8.0,6.0,6.0,3.0,7.0,6.0,9.0,9.0,8.0,8.0,8.0,9.0,7.0,5.0,8.0,9.0,10.0,4.0,8.0,4.0,2.0,6.0,4.0,5.0,7.0,9.0,8.0,7.0,7.0,7.0,7.0,4.0,6.0,2.0,1.0,6.0,5.0,3.0,5.0,6.0,5.0,6.0,6.0,5.0,7.0,7.0,9.0,3.0,2.0,3.0,0.0,0.0,0.0,0,0,0.0,0.0,0.0,0,0.0,0.0,0.0,0.0,0.0,0.0,0.0,0.0,0.0,0.0,0.0,0.0,0,0,0.0,0.0,0.0,0,0.0,0.0,0.0
88.5,-1.8573208643479835,0.6977023552218619,-2.1903987700630703,0.6568635484469717,-0.6185667895157824,0.8166590664508617,0.4958536875677231,0.4940865817006359,-0.3045650522303206,1.834256202513115,-0.6097089509617143,0.3727599123555573,0.408643602830255,-0.6045421157340155,-2.685573387963194,1.1775229293765466,0.5305606891573283,-0.3781664017843485,-1.0507245101218723,0.3843052578589792,-0.9188683823293498,-0.1489862006351959,-0.3133035931351558,-0.7987551864864252,0.3456013759740674,0.7841838881947645,0.6185262268069897,0.206672888426468,-1.9164557254100936,-1.6407558248600294,-0.1882740981240982,0.0938638861138861,-0.2905096979817568,0.0920605090987443,-0.0889011760427395,0.1240831016420798,0.0850111047105629,0.1309447545141178,-0.0494234864808394,0.1454510541230353,-0.0370871056789788,0.0288040126540126,0.0584823287823286,-0.0969085692085691,-0.5451065400285989,0.1189102175602174,0.064593483709273,-0.0587659641012582,-0.1113667461623344,0.0350649536737771,-0.1079970460911636,-0.0124446053946054,-0.0177075791855204,-0.0711357253857254,0.0351424908424906,0.0773048462029886,0.0622879121824168,0.0285825396825396,-0.3382415556665556,-0.2546810245310245,5.0,7.0,3.0,6.0,6.0,9.0,8.0,9.0,5.0,7.0,10.0,8.0,8.0,7.0,2.0,7.0,7.0,5.0,4.0,6.0,6.0,8.0,9.0,10.0,6.0,8.0,8.0,5.0,2.0,5.0,2.0,5.0,8.0,8.0,10.0,8.0,8.0,10.0,9.0,7.0,8.0,5.0,6.0,4.0,7.0,7.0,9.0,9.0,8.0,6.0,6.0,8.0,7.0,6.0,8.0,9.0,11.0,2.0,7.0,4.0,1.0,5.0,3.0,6.0,6.0,8.0,7.0,8.0,5.0,7.0,8.0,5.0,6.0,3.0,1.0,7.0,7.0,5.0,4.0,5.0,4.0,7.0,7.0,6.0,6.0,8.0,8.0,2.0,2.0,2.0,0.0,0.0,0.0,0,0,0.0,0.0,0.0,0,0.0,0.0,0.0,0.0,0.0,0.0,0.0,0.0,0.0,0.0,0.0,0.0,0,0,0.0,0.0,0.0,0,0.0,0.0,0.0
89.5,0.716758007004087,-0.4099045745617355,-2.0848717360636067,0.2746994842079754,-0.7603999121215151,0.2933244568264029,0.9694691552831944,0.8314824488948731,-1.968730591061733,0.4108160942409612,1.4590958581760198,-1.3715306557439202,0.4938842987797949,0.1031590497746102,-0.99610274961298,1.234006280000726,1.0281297329335757,-0.6649736656421199,-2.015366749378545,0.2108900517565723,-0.0193813214296932,1.0617853264135173,-0.3884754912539773,-0.5001748101004064,0.1033107083110448,0.3123829836179099,1.333856907491561,0.3025816541814305,-1.2127997786733526,-1.7098079176753456,0.0874893217893217,-0.0589571373071373,-0.275642840329605,0.0378021760918819,-0.1088846193624057,0.0407380127698238,0.146335814812982,0.2205070590396574,-0.3200804119513097,0.0360686728390287,0.1015927199219768,-0.0962720333587981,0.0736901709401709,0.0175092019092018,-0.2012304217024806,0.1240282745032743,0.1198729373567608,-0.094291588966589,-0.1994829973947621,0.0217581529581528,-0.0023549839049838,0.082814659197012,-0.0194331124757595,-0.0499429173767409,0.0102016650016648,0.0298029895628965,0.1396976688516161,0.045597619047619,-0.2164517982017981,-0.2463756854256854,6.0,7.0,3.0,5.0,5.0,10.0,6.0,11.0,4.0,7.0,9.0,8.0,8.0,8.0,3.0,7.0,9.0,5.0,3.0,7.0,8.0,8.0,9.0,10.0,6.0,7.0,9.0,5.0,4.0,5.0,3.0,4.0,8.0,7.0,9.0,8.0,7.0,10.0,8.0,7.0,9.0,6.0,6.0,4.0,7.0,7.0,8.0,7.0,7.0,5.0,4.0,9.0,7.0,7.0,8.0,9.0,9.0,2.0,7.0,4.0,3.0,3.0,3.0,5.0,5.0,8.0,6.0,10.0,3.0,6.0,9.0,5.0,6.0,4.0,3.0,7.0,8.0,4.0,3.0,4.0,4.0,8.0,7.0,7.0,6.0,7.0,9.0,2.0,3.0,2.0,0.0,0.0,0.0,0,0,0.0,0.0,0.0,0,0.0,0.0,0.0,0.0,0.0,0.0,0.0,0.0,0.0,0.0,0.0,0.0,0,0,0.0,0.0,0.0,0,0.0,0.0,0.0
90.5,0.2537165369441295,0.0547658952895478,-1.4121104622523333,-0.260389438953635,-1.604758524728649,0.3211886389376903,0.3456654702234091,0.8381253738113488,-2.6220140323618173,1.4030148759041872,1.0833261755890575,-0.4191726986024809,0.3011139051451899,0.5449776075818122,-0.6053537193968803,1.1475678075621645,0.7862495482939915,-0.0477661687160872,-0.1043636531302363,0.9351716292175152,-0.3383753549193489,0.8609058628882976,1.4304617932250945,-0.0846444887516505,-0.811992587866349,0.0468175360063087,0.6827930765016712,-0.0163429519683135,-0.7571329178989143,-2.087033937642737,0.0255576146076146,0.0054785769785771,-0.1684570986203339,-0.0401671669232042,-0.2401425471587237,0.0489320638511814,0.0543746689584925,0.2195091397717758,-0.4205670764563953,0.1180620595091181,0.0863852425352423,-0.0277910608998844,0.0414582084582084,0.0923772560772561,-0.1221740790255497,0.1241954295704295,0.0910702361364125,-0.0060850815850816,-0.0120747252747253,0.0840711621711621,-0.0354940476190476,0.0662754722401779,0.0805610975969334,-0.0101931787167082,-0.0772060385692738,0.0044412626589096,0.067720567255242,-0.0025119047619047,-0.1290870906870906,-0.3540412698412698,7.0,7.0,5.0,5.0,5.0,9.0,5.0,11.0,2.0,7.0,8.0,9.0,7.0,7.0,5.0,7.0,9.0,7.0,3.0,7.0,9.0,8.0,8.0,10.0,5.0,6.0,8.0,5.0,6.0,4.0,4.0,3.0,7.0,8.0,7.0,9.0,6.0,10.0,8.0,6.0,7.0,6.0,5.0,5.0,7.0,7.0,8.0,6.0,5.0,4.0,5.0,9.0,8.0,8.0,9.0,8.0,10.0,1.0,6.0,3.0,4.0,3.0,4.0,5.0,3.0,8.0,4.0,10.0,2.0,6.0,7.0,6.0,5.0,5.0,4.0,7.0,8.0,5.0,3.0,4.0,5.0,8.0,8.0,8.0,5.0,6.0,8.0,1.0,4.0,1.0,0.0,0.0,0.0,0,0,0.0,0.0,0.0,0,0.0,0.0,0.0,0.0,0.0,0.0,0.0,0.0,0.0,0.0,0.0,0.0,0,0,0.0,0.0,0.0,0,0.0,0.0,0.0
91.5,0.1527065153404549,-0.2213423735004392,-0.80514626336294,-0.4661628690137367,-1.4200308955236791,0.5826984310390194,1.3184167969420546,0.8088100308649595,-2.6584211150405452,2.285449037628233,0.1052630256215191,0.4254260017399129,-0.2085909244551604,0.2259178722086804,-0.2529163903592382,1.0696073722797288,1.639453817340492,-0.2356727493778835,-0.6610480387025971,-1.3816870733740825,-0.4505799144157025,0.618784109328696,0.6988765089045957,0.4895714865156677,-1.932522001830027,-0.9719766093334592,1.1150069529926314,0.0420283668400369,-0.0716209678786222,-1.1531963021806004,0.0167355089355086,-0.0239945776445775,-0.1057002272237567,-0.0785221857691672,-0.1719549287313991,0.0878674821394635,0.1827074334162569,0.2165971470778812,-0.4485759489994011,0.1808738365693473,0.009451756413521,0.0283949050949048,-0.0276102897102896,0.0422440428852194,-0.0493227483301013,0.1167068524612641,0.1967936072269662,-0.025972483072483,-0.071513986013986,-0.1432286602286602,-0.0480372302534066,0.0458844616168144,0.0407110509115925,0.0644356169973815,-0.1780398459383753,-0.0900056517012399,0.1120328288670392,0.0062039682539682,-0.0117152014652014,-0.1807635642135643,8.0,8.0,6.0,5.0,6.0,8.0,5.0,11.0,2.0,7.0,8.0,8.0,8.0,5.0,7.0,7.0,9.0,8.0,4.0,6.0,8.0,9.0,8.0,8.0,4.0,6.0,8.0,5.0,7.0,3.0,6.0,4.0,8.0,9.0,7.0,9.0,6.0,10.0,9.0,7.0,7.0,6.0,5.0,7.0,7.0,8.0,9.0,6.0,5.0,5.0,6.0,8.0,9.0,9.0,9.0,7.0,9.0,1.0,6.0,4.0,6.0,4.0,5.0,5.0,4.0,8.0,5.0,10.0,2.0,7.0,6.0,6.0,5.0,5.0,5.0,7.0,9.0,5.0,3.0,3.0,5.0,8.0,8.0,8.0,4.0,5.0,8.0,1.0,5.0,2.0,0.0,0.0,0.0,0,0,0.0,0.0,0.0,0,0.0,0.0,0.0,0.0,0.0,0.0,0.0,0.0,0.0,0.0,0.0,0.0,0,0,0.0,0.0,0.0,0,0.0,0.0,0.0
92.5,0.6684589421256257,-0.1426890187399126,-0.3094864550304041,0.8639267244879705,-0.119602145525194,0.65130322918443,1.1899712750833988,0.5839001240818614,-1.8453934474574232,1.0054564582204528,-0.1467776795640878,-0.2041134324575072,0.2723460799422551,-0.5358851051557235,0.3905767412239592,0.7099839812395354,1.6085912348837468,-0.0759498039226431,0.8595571429014863,-1.3286393201858888,0.4239997008650788,-0.2920308557220546,0.8749540316738329,-0.6357040848645228,-3.188800210891068,-0.5736236920430117,0.8855696728710778,0.3371329162243687,-0.2855874509285941,-1.0888725748484305,0.073063331113331,-0.0209232989232989,-0.037701662879604,0.1417532340982031,-0.0132566918375741,0.0907042703942082,0.169720351543881,0.1626137243815396,-0.3182067421914172,0.0813723560752971,-0.0141541597291596,-0.0130397845618436,0.0384952214452215,-0.1086961327887798,0.0758922600275541,0.0794282328782328,0.1969999687189315,-0.0088379953379953,0.0801997502497502,-0.1463633311133311,0.0506223511782334,-0.022670870795871,0.0561998882008942,-0.085276060583723,-0.2921553921568627,-0.047251406926407,0.0902669222074794,0.0500619047619047,-0.0447969419469419,-0.1595951326451326,7.0,9.0,8.0,6.0,8.0,9.0,5.0,10.0,3.0,5.0,7.0,9.0,7.0,4.0,8.0,6.0,9.0,9.0,4.0,6.0,9.0,9.0,9.0,6.0,3.0,7.0,8.0,5.0,8.0,4.0,6.0,5.0,7.0,8.0,7.0,8.0,6.0,10.0,9.0,6.0,5.0,7.0,5.0,8.0,6.0,7.0,9.0,6.0,5.0,5.0,6.0,7.0,8.0,9.0,9.0,7.0,9.0,2.0,6.0,5.0,6.0,5.0,6.0,6.0,6.0,8.0,5.0,9.0,3.0,5.0,4.0,7.0,5.0,4.0,6.0,6.0,9.0,6.0,4.0,3.0,6.0,7.0,8.0,6.0,3.0,6.0,8.0,2.0,5.0,3.0,0.0,0.0,0.0,0,0,0.0,0.0,0.0,0,0.0,0.0,0.0,0.0,0.0,0.0,0.0,0.0,0.0,0.0,0.0,0.0,0,0,0.0,0.0,0.0,0,0.0,0.0,0.0
93.5,0.7573473178852052,0.1884704494920315,-0.0777367891795581,0.3549878072626381,0.4376337067460624,0.4137942822364576,0.2449955076712943,0.4464200196977229,-0.9645749772704076,0.5846933490792164,-1.1080284846156954,0.209759128251847,0.4450049388121586,-1.3044149134879044,0.4376825957183962,0.2910574313748911,1.5907145454691192,0.5781069606831716,1.400898415844311,-2.11267453889902,0.9173329637863474,-0.3102482146282909,0.1575934503984333,-0.2873108558521329,-1.9480371254805384,0.2744878271690089,-0.7085797376726362,0.0222603233086193,-0.4886251924477881,-0.5513781703707273,0.0990684896802543,0.0235787989787988,-0.0086618131868132,0.0523737714641741,0.0576802916038209,0.0598020386819921,0.0286524739965916,0.1191867412171591,-0.1716293404050369,0.0538314716329423,-0.0902285492285492,0.0153093930579223,0.0702059274059274,-0.2486110606713547,0.0850384287281345,0.030310939060939,0.1929962662122879,0.0870617327117325,0.1477179764679764,-0.190267147558324,0.087094733044733,-0.0218262727468609,0.0101580047403576,-0.0348092636122048,-0.1853646196940314,0.024345695970696,-0.0734273579877295,0.0032786435786434,-0.0764512099012099,-0.0896766455766455,8.0,8.0,8.0,6.0,9.0,8.0,6.0,10.0,5.0,5.0,6.0,9.0,6.0,4.0,9.0,5.0,9.0,8.0,5.0,7.0,8.0,8.0,9.0,6.0,5.0,6.0,6.0,6.0,9.0,6.0,7.0,6.0,7.0,7.0,7.0,8.0,5.0,9.0,8.0,5.0,3.0,7.0,4.0,8.0,7.0,7.0,9.0,6.0,4.0,6.0,7.0,8.0,7.0,8.0,9.0,7.0,10.0,3.0,5.0,5.0,7.0,6.0,6.0,5.0,7.0,7.0,4.0,8.0,4.0,4.0,2.0,7.0,4.0,3.0,7.0,5.0,9.0,6.0,4.0,4.0,7.0,7.0,7.0,6.0,4.0,6.0,6.0,3.0,5.0,4.0,0.0,0.0,0.0,0,0,0.0,0.0,0.0,0,0.0,0.0,0.0,0.0,0.0,0.0,0.0,0.0,0.0,0.0,0.0,0.0,0,0,0.0,0.0,0.0,0,0.0,0.0,0.0
94.5,0.5302287031494669,-0.1338072866578071,0.1575054191149031,0.4028479886219325,0.2891806555644816,0.0608724641711811,0.6289055699267538,0.578842734451092,-0.2731506736985701,1.1235702105155767,1.4058806222818774,0.6617004958253329,0.4891491237327881,-1.3974519812841295,0.6865202846633667,0.5013049766727791,1.035562840361992,1.2070453583256224,0.4658304510901907,-1.5793580581148765,0.5867462649500426,-0.3940111172380227,0.2925135108101938,-1.3482867206449454,-1.653888070753301,0.1871830941120138,-2.412340821428788,0.8167281338713542,-0.1476104073946325,0.1341718092937696,0.0708580801551388,-0.0159887553622848,0.0182199689199689,0.0524631197234138,0.0362838440970793,0.0079455759926347,0.0820806166056167,0.161430091975448,-0.0466293484207571,0.1172574925074925,0.1001107004107003,0.0401231476040299,0.0701467865467866,-0.261837866381984,0.1316975806872866,0.050171681096681,0.1269304234379311,0.186911409831998,0.0543868409368409,-0.1140863675368319,0.0630082075475263,-0.028719130869131,0.0187000749422574,-0.1611074077281509,-0.1588659840159839,0.018336095895848,-0.2453444075875965,0.114671212121212,-0.0221118714618714,0.0215048673548673,7.0,6.0,9.0,7.0,9.0,8.0,8.0,9.0,7.0,4.0,6.0,8.0,6.0,5.0,8.0,6.0,8.0,8.0,6.0,7.0,7.0,9.0,10.0,5.0,5.0,7.0,4.0,5.0,8.0,6.0,7.0,8.0,7.0,6.0,6.0,7.0,5.0,9.0,7.0,4.0,2.0,7.0,4.0,7.0,6.0,7.0,10.0,8.0,3.0,8.0,9.0,7.0,8.0,9.0,8.0,9.0,11.0,4.0,5.0,6.0,6.0,6.0,7.0,5.0,6.0,6.0,5.0,8.0,5.0,3.0,2.0,7.0,4.0,3.0,6.0,6.0,8.0,8.0,3.0,6.0,7.0,7.0,8.0,5.0,4.0,7.0,4.0,4.0,5.0,5.0,0.0,0.0,0.0,0,0,0.0,0.0,0.0,0,0.0,0.0,0.0,0.0,0.0,0.0,0.0,0.0,0.0,0.0,0.0,0.0,0,0,0.0,0.0,0.0,0,0.0,0.0,0.0
95.5,0.6436965149429877,0.7606692263630157,0.8635512490435309,0.3789047059378209,0.8104203928538932,-0.4747826251729065,-0.4048515526527177,0.7176509477781096,0.1904770406767173,-1.142676643923412,1.575096344913267,0.8098442679396971,0.4908100239752224,-1.0676080637753005,0.3518202700662057,0.3870531399281952,0.9990974544415,0.6661427325463098,0.2455903384515006,-0.1050152740968657,-0.9646615952537608,1.4622640165270908,0.3753914771167666,-1.7959284643935765,-1.9737066599854176,1.4238415894213738,-1.547187243093029,1.0928454860128092,-0.3579126907253315,0.7133948679106689,0.079050432573962,0.0958764371249664,0.1120485854015265,0.04290887462211,0.1119792025569887,-0.0528816159330866,-0.0545297119547121,0.2053563854360293,0.0300365755933094,-0.1324737706737707,0.111943179043179,0.0531114697394108,0.063010705960706,-0.1906386422401128,0.0665813963813964,0.0379688061938061,0.1163683621761794,0.1069254544475133,0.0279762126762126,-0.0092577887025256,-0.1037954945810983,0.0975872152357444,0.0244374290741936,-0.1994319445260622,-0.1819374625374625,0.1356127961305978,-0.1573316568192729,0.1600812021312021,-0.0553857753357752,0.1138895604395604,8.0,7.0,9.0,8.0,9.0,8.0,9.0,8.0,9.0,3.0,6.0,8.0,6.0,6.0,7.0,6.0,9.0,7.0,7.0,7.0,5.0,8.0,9.0,4.0,6.0,9.0,5.0,5.0,8.0,7.0,7.0,8.0,8.0,5.0,8.0,6.0,6.0,9.0,8.0,3.0,3.0,7.0,4.0,8.0,4.0,7.0,9.0,9.0,4.0,10.0,9.0,8.0,7.0,8.0,7.0,9.0,10.0,5.0,4.0,6.0,7.0,7.0,8.0,5.0,8.0,5.0,5.0,8.0,6.0,1.0,3.0,7.0,4.0,4.0,4.0,6.0,8.0,7.0,4.0,7.0,5.0,8.0,7.0,4.0,4.0,9.0,5.0,5.0,4.0,6.0,0.0,0.0,0.0,0,0,0.0,0.0,0.0,0,0.0,0.0,0.0,0.0,0.0,0.0,0.0,0.0,0.0,0.0,0.0,0.0,0,0,0.0,0.0,0.0,0,0.0,0.0,0.0
96.5,0.7453714687281972,-0.1199351925619023,0.6991698424033574,0.2528030511757631,0.5506170975100684,1.1795276854938015,-0.1134965505962974,0.7784950635070164,0.7189376415133002,-3.6582090908723384,1.5905634048591817,0.4935390394701791,1.2241826880359472,-0.6503104249389178,0.8320469085286912,-0.0272631797622342,1.2179557568406494,0.1655555124162582,-0.0082984615442377,0.6228237969991086,-0.9603237025499376,0.3331858068585236,-0.6489819824284437,-2.3479388849007083,-0.6891612860630858,1.1826820751428535,-2.2210096446161836,-0.0271147575988117,-0.9020625297349174,0.3603060994684378,0.0935017205017204,-0.0143746780996782,0.0901108971094265,0.0309625544390249,0.0708004010351531,0.1508857581702782,-0.0140289183554662,0.2123235992335838,0.1139654666712715,-0.2349004551004551,0.113656721056721,0.0343504441722708,0.1577260683760684,-0.1152460945916828,0.1428159784659785,-0.0028414477679183,0.1386046179740452,0.0252379885250627,-0.0009572372072371,0.0520903515645,-0.1062425211785119,0.0233123459873459,-0.0332062271062272,-0.2396821123321123,-0.0612896103896105,0.1080407638629,-0.222343857097495,-0.0044377178377178,-0.1278898712398712,0.0548202575202574,8.0,6.0,8.0,9.0,9.0,8.0,10.0,7.0,10.0,4.0,6.0,7.0,5.0,8.0,6.0,6.0,8.0,6.0,6.0,7.0,5.0,8.0,9.0,5.0,7.0,8.0,4.0,4.0,6.0,8.0,6.0,8.0,7.0,6.0,9.0,7.0,7.0,8.0,8.0,1.0,3.0,8.0,4.0,7.0,4.0,9.0,9.0,10.0,5.0,8.0,10.0,7.0,6.0,6.0,6.0,9.0,10.0,6.0,4.0,6.0,6.0,6.0,7.0,6.0,8.0,7.0,6.0,7.0,8.0,0.0,3.0,7.0,4.0,5.0,4.0,6.0,8.0,6.0,4.0,7.0,5.0,7.0,6.0,3.0,5.0,8.0,4.0,4.0,3.0,6.0,0.0,0.0,0.0,0,0,0.0,0.0,0.0,0,0.0,0.0,0.0,0.0,0.0,0.0,0.0,0.0,0.0,0.0,0.0,0.0,0,0,0.0,0.0,0.0,0,0.0,0.0,0.0
97.5,0.9483733446801016,-0.1868053041411377,1.269039673969,-0.1236621893927652,0.2753063015024495,0.9098173757007852,0.2381837553488581,0.1238403865527755,0.5422396406806756,1.4329939420858426,0.704095573026327,1.342088550300359,0.2758287910402653,-0.2178061412176174,0.3339773179897682,0.8920403681143154,0.5269722831937628,0.6900971168868588,-0.0473788125181343,0.2193989360187007,-1.9276318314145109,0.4532693132047512,-0.1237523434863916,-1.208591704100995,-0.5387986541354003,0.449429199731221,-3.283448921865526,-0.937245178949851,-0.6904004825180634,1.4069004558575835,0.1208327727827729,-0.0226080476712831,0.1746787678008265,-0.0187934425309811,0.0341411342957007,0.125600158149384,0.0343992804581039,0.033296069470605,0.0975469188791943,0.1064741758241758,0.0501827838827839,0.1039091354723708,0.0421910422910423,-0.0388514478985067,0.0583231046731046,0.0961323122955475,0.0610524769691952,0.1022162263003592,-0.0067072427572427,0.0183336446319417,-0.213774658176361,0.0327911813676518,-0.0073073295985061,-0.1125357475857474,-0.0396418248418249,0.0414464666052899,-0.3349585865115277,-0.1578540348540349,-0.0915057997557997,0.2090070984570984,6.0,7.0,8.0,11.0,7.0,8.0,10.0,5.0,10.0,5.0,7.0,7.0,5.0,10.0,7.0,7.0,7.0,7.0,7.0,7.0,4.0,9.0,9.0,7.0,8.0,8.0,3.0,3.0,5.0,6.0,4.0,7.0,8.0,7.0,9.0,7.0,7.0,8.0,8.0,1.0,4.0,6.0,5.0,6.0,3.0,8.0,9.0,10.0,5.0,9.0,10.0,8.0,7.0,6.0,6.0,8.0,10.0,6.0,4.0,6.0,4.0,6.0,8.0,7.0,7.0,7.0,7.0,5.0,8.0,1.0,4.0,6.0,4.0,6.0,3.0,7.0,7.0,7.0,4.0,7.0,4.0,8.0,7.0,4.0,6.0,7.0,3.0,3.0,3.0,6.0,0.0,0.0,0.0,0,0,0.0,0.0,0.0,0,0.0,0.0,0.0,0.0,0.0,0.0,0.0,0.0,0.0,0.0,0.0,0.0,0,0,0.0,0.0,0.0,0,0.0,0.0,0.0
98.5,1.3555032066878598,-0.1003056699436991,1.22506404127063,-0.5839434892979576,0.1263506673760675,0.3301149666759072,0.1752076383843414,0.2428649844607995,0.6947289021062785,1.1229452135934386,0.8424818042718603,1.6123170138435254,-0.1269708892600927,0.1370982494560178,0.3097403338660676,0.5881884442799046,-0.07935353102348,0.130426018027521,0.041048458786132,-0.0149579314899563,-1.8401354528565528,0.2253374755017885,-0.4795837253764379,-0.3580214731281755,1.2387387368201312,0.6659873742360407,-1.566753948472729,-0.9601752537267708,-0.1080518686937387,0.8530148648434771,0.2010568043068044,-0.0130302767493944,0.161096300268359,-0.0896637467108056,0.0169956876542789,0.0456282534459004,0.0264512433644785,0.0632514910785807,0.135391454537894,0.0943360306360306,0.0585176739926739,0.134817476641006,-0.0191691197691197,0.0243124783713017,0.0518203296703296,0.0627191651485767,-0.0094939059564446,0.0193075495282151,0.0055312413077119,-0.0012345965781725,-0.2102741660901879,0.0159663233824997,-0.0353044207426559,-0.0288134032634033,0.1154010323010321,0.0608875603155013,-0.1520060476417286,-0.1599782495282495,-0.0140958596958596,0.123517993117993,5.0,6.0,8.0,12.0,8.0,9.0,10.0,5.0,10.0,6.0,7.0,7.0,4.0,10.0,6.0,6.0,6.0,6.0,6.0,7.0,5.0,9.0,8.0,7.0,7.0,9.0,4.0,3.0,4.0,5.0,3.0,8.0,9.0,6.0,8.0,6.0,7.0,8.0,9.0,2.0,5.0,6.0,6.0,7.0,2.0,8.0,9.0,10.0,7.0,9.0,9.0,8.0,7.0,6.0,7.0,8.0,9.0,7.0,4.0,6.0,3.0,6.0,8.0,6.0,7.0,6.0,7.0,5.0,9.0,2.0,5.0,6.0,4.0,7.0,2.0,6.0,6.0,6.0,5.0,7.0,4.0,8.0,6.0,5.0,7.0,8.0,4.0,3.0,3.0,5.0,0.0,0.0,0.0,0,0,0.0,0.0,0.0,0,0.0,0.0,0.0,0.0,0.0,0.0,0.0,0.0,0.0,0.0,0.0,0.0,0,0,0.0,0.0,0.0,0,0.0,0.0,0.0
99.5,1.4799795426016022,0.2423980895664737,1.0131172797478332,0.4201487271112927,-0.0896945053458107,0.9404305528441418,0.6260651584551363,-0.0626738674186491,0.9070111945898608,0.1948019199803408,0.6996047602721107,1.184190778059791,-1.2960858499487629,0.7458985966380915,-0.2080394179096383,-0.4209134482539979,-0.7408052445249205,-0.458855686292655,0.5722688191219827,-0.3335154972200285,-1.4590179479131031,0.3738683443287933,0.6282437989741749,0.0236167391466924,1.0931490474366474,0.399055450904951,-0.1472435588993807,-1.809619359210818,-0.5733909597821527,0.3773205220289577,0.1898698412698413,0.0315393266863854,0.1291561699738169,0.0774932226270462,-0.0131297676094117,0.1297708360267183,0.0954798874070544,-0.0159428085502389,0.1673368377838191,0.0184632090132089,0.048558006699183,0.0835466838716839,-0.2128123742270802,0.1329815253374077,-0.0323391053391053,-0.0442908091908091,-0.0902330023777391,-0.0652319790718398,0.0747564906971254,-0.0267228705590936,-0.1661797709943995,0.0325179154179153,0.0323475651799181,0.0017785880785882,0.1056165168165167,0.0360089451398273,-0.0137737435766849,-0.2974255633255633,-0.0825828393828395,0.0532680541680542,5.0,6.0,7.0,11.0,8.0,8.0,9.0,6.0,10.0,8.0,8.0,7.0,3.0,8.0,7.0,6.0,5.0,5.0,7.0,6.0,5.0,9.0,8.0,8.0,7.0,9.0,6.0,2.0,5.0,4.0,3.0,8.0,8.0,6.0,9.0,7.0,7.0,8.0,9.0,4.0,7.0,5.0,7.0,6.0,1.0,7.0,9.0,10.0,9.0,8.0,8.0,7.0,7.0,5.0,7.0,8.0,8.0,6.0,4.0,5.0,3.0,6.0,7.0,6.0,7.0,7.0,7.0,5.0,9.0,4.0,7.0,5.0,3.0,6.0,1.0,5.0,5.0,5.0,7.0,6.0,4.0,7.0,7.0,5.0,7.0,8.0,6.0,2.0,3.0,4.0,0.0,0.0,0.0,0,0,0.0,0.0,0.0,0,0.0,0.0,0.0,0.0,0.0,0.0,0.0,0.0,0.0,0.0,0.0,0.0,0,0,0.0,0.0,0.0,0,0.0,0.0,0.0
100.5,2.0867714852855213,-1.4522837954653482,1.4802316849316313,0.5219838243848804,0.1537806073428731,0.7239362974094736,1.6530458626561426,-0.1251903930102084,1.0276353600086965,0.1782966404546731,-0.0037619957595873,-1.1187037034339562,-1.2075158156387675,-0.1531293740653181,-0.3128170005999689,0.0248705674074503,-0.1010511782102554,-0.4838499261294011,1.0366085589836649,-0.7555869336210552,0.3046576352281458,0.2857706959778044,-0.2853741837613394,-0.6038496081119082,0.1228468160266183,0.3878299020021652,-1.4347854704593452,-3.0319732114668896,0.57580911806681,0.4195214011484257,0.2769554168054168,-0.1938841821577116,0.1821959540459539,0.0953164835164835,0.0208505193379031,0.1046861467737628,0.2595229263684372,-0.0319328084711986,0.1926423126114099,0.0153914606635194,-0.0002500088147149,-0.0807730352980353,-0.194074000999001,-0.0277914085914084,-0.0416202963702962,0.0026210637401811,-0.0118680590994834,-0.0680808238974648,0.1331944368840654,-0.0535808985132516,0.0294532126885841,0.0238364302364301,-0.0121906629318393,-0.0467765401265403,0.0117619963369961,0.0366715496921378,-0.1331441669441669,-0.4936914307914307,0.0932720723720723,0.0616701076701076,4.0,4.0,7.0,9.0,7.0,7.0,7.0,6.0,10.0,8.0,8.0,7.0,3.0,9.0,8.0,6.0,6.0,5.0,8.0,6.0,6.0,8.0,7.0,9.0,6.0,9.0,5.0,1.0,5.0,4.0,3.0,8.0,7.0,4.0,9.0,8.0,7.0,8.0,11.0,5.0,6.0,5.0,7.0,4.0,2.0,8.0,10.0,10.0,10.0,8.0,8.0,6.0,8.0,5.0,8.0,8.0,8.0,6.0,6.0,5.0,3.0,4.0,7.0,4.0,7.0,7.0,7.0,5.0,10.0,5.0,6.0,4.0,3.0,4.0,2.0,6.0,6.0,5.0,8.0,6.0,6.0,6.0,7.0,5.0,6.0,8.0,5.0,1.0,5.0,4.0,0.0,0.0,0.0,0,0,0.0,0.0,0.0,0,0.0,0.0,0.0,0.0,0.0,0.0,0.0,0.0,0.0,0.0,0.0,0.0,0,0,0.0,0.0,0.0,0,0.0,0.0,0.0
101.5,-0.5609242409234243,-2.1239004925978766,1.1656823736861217,0.1683793550911734,0.4607012750238219,0.9285802048624656,0.3771837315514934,0.44416431410407,0.8557717599584651,-0.3709864822783162,0.0928350378670662,-0.4001197052340066,-2.212125350540688,0.3719895391444616,-0.2759301174133376,-0.6721567045979634,-0.5930152292189186,0.0850846098517028,0.9053786998497602,-1.3553145709699057,0.8653903686029039,0.7773840444380181,-2.8900038838189333,-0.1217131823971,0.889559259545861,0.8321616040481727,-0.0018076756971961,-1.7876872981900191,1.175653622551933,-0.0563281223009022,-0.0778707736707736,-0.2689598457098459,0.1422640575111163,0.0224731268731268,0.0625522499688134,0.1197129623644328,0.0591818839657073,0.1208341101880575,0.1473831657077012,-0.0306667136784782,0.0070869710355002,-0.0266953174276703,-0.3701040147760737,0.0593376012876013,-0.0532874181374181,-0.0710050194903137,-0.0647642705935276,0.0129013946579735,0.1113523589327768,-0.1069671496632022,0.0760304552172972,0.0689343989343987,-0.145602829377365,-0.0114700069538304,0.0835500323206206,0.0817015514842913,-0.0001824300570431,-0.2715701964701965,0.2027184149184148,-0.0088830558330557,4.0,3.0,6.0,8.0,7.0,8.0,5.0,7.0,10.0,9.0,7.0,9.0,2.0,8.0,9.0,5.0,5.0,6.0,9.0,5.0,7.0,8.0,6.0,9.0,7.0,10.0,7.0,2.0,6.0,4.0,5.0,7.0,7.0,3.0,8.0,7.0,7.0,9.0,10.0,6.0,7.0,6.0,8.0,5.0,2.0,8.0,10.0,10.0,10.0,8.0,8.0,6.0,9.0,7.0,9.0,9.0,10.0,6.0,6.0,6.0,3.0,3.0,6.0,3.0,6.0,7.0,5.0,7.0,9.0,6.0,6.0,6.0,2.0,5.0,2.0,5.0,5.0,6.0,8.0,5.0,7.0,6.0,6.0,7.0,7.0,9.0,7.0,2.0,6.0,4.0,0.0,0.0,0.0,0,0,0.0,0.0,0.0,0,0.0,0.0,0.0,0.0,0.0,0.0,0.0,0.0,0.0,0.0,0.0,0.0,0,0,0.0,0.0,0.0,0,0.0,0.0,0.0
102.5,-0.391900939726579,-3.359450125535911,1.6965139007404648,-0.8263818057615631,1.4034630073241894,0.8664717171852812,0.2995369012275025,0.8645220212615065,0.7344707990140944,-0.0380617214042037,0.4443912379971056,0.3133943745892834,-2.141354845812039,0.815486733644585,-0.3397052383791579,0.0568414546695401,0.042124812916852,0.0875192744153476,1.6549408538713084,-1.449702894625822,0.7421744852096758,-0.2377435030395834,-2.503140879479109,0.024099889611385,-0.8345609499165411,1.6020704953600513,0.6522446401573,-1.8511640470906208,1.2140914290857403,0.6132580291749632,-0.0408161061161062,-0.4698421522921522,0.1992761016761016,-0.1338692973692973,0.1702898069251011,0.1084358461541897,0.045853564847605,0.2379751645499322,0.1323268521725951,-0.0027718268917185,0.0277616034292503,0.0209704824587174,-0.3551559061853181,0.133059570984571,-0.0630560606060605,0.0061948375154256,0.0048367452379063,0.0129201239936533,0.2059989522259645,-0.1054481843320079,0.0679235144112853,-0.0176896325896325,-0.1546673976608188,0.0022719967940555,-0.0802681318681319,0.1578153557914392,0.0623323888529769,-0.2617113164613165,0.2137437395937395,0.0998643689643689,4.0,1.0,6.0,7.0,7.0,8.0,5.0,9.0,8.0,9.0,8.0,8.0,2.0,7.0,9.0,6.0,6.0,6.0,9.0,6.0,7.0,8.0,7.0,9.0,5.0,9.0,8.0,2.0,7.0,5.0,6.0,6.0,6.0,3.0,6.0,7.0,7.0,9.0,9.0,7.0,7.0,6.0,7.0,5.0,3.0,8.0,9.0,10.0,10.0,7.0,8.0,5.0,9.0,7.0,9.0,9.0,10.0,5.0,7.0,6.0,4.0,1.0,6.0,2.0,6.0,7.0,5.0,9.0,8.0,7.0,7.0,6.0,2.0,5.0,3.0,6.0,6.0,6.0,9.0,5.0,7.0,5.0,6.0,7.0,5.0,9.0,8.0,2.0,7.0,5.0,0.0,0.0,0.0,0,0,0.0,0.0,0.0,0,0.0,0.0,0.0,0.0,0.0,0.0,0.0,0.0,0.0,0.0,0.0,0.0,0,0,0.0,0.0,0.0,0,0.0,0.0,0.0
103.5,-0.8921182081318189,-3.4970948308399445,0.9162332764598016,-0.8985454235297436,0.9596499021128154,0.2549840279059617,0.2323683784665216,0.8715914417270634,0.6042659605316173,0.597822877417268,1.7814206089189202,-0.6958047285950191,-1.9989280012443456,0.1654790968387084,0.3385257333687282,0.4357890940908659,-0.0588776745933285,0.6099116042185747,1.5965052554993395,-1.1749524574583357,-0.3502893673646032,0.0824076878974774,-2.3570142658351663,0.5237110302441631,-0.8369114760785348,1.2777323575156647,0.5921955015303066,-3.4266038931569778,0.8805190123685113,1.4616763706411362,-0.1095364581496934,-0.4250880230880231,0.0871271117771117,-0.1388157729525376,0.0875135142635142,0.0408167422103178,0.0352301771499914,0.2283481042349463,0.1049334321337417,0.050704190477565,0.1224694948842006,-0.0403182493976613,-0.33157193411164,0.0310467254967254,0.0665046925296926,0.0475344831638949,-0.0066081234125351,0.0893675387220277,0.2096128990806235,-0.0859346898199839,-0.0385708715605001,0.0060287379287377,-0.1264446766425869,0.0533048768225237,-0.0777315233785822,0.1300091116399939,0.0566324943374479,-0.5025318736818736,0.1492435092685092,0.2506426906426907,4.0,1.0,4.0,6.0,5.0,8.0,5.0,10.0,8.0,9.0,7.0,7.0,2.0,6.0,8.0,8.0,7.0,7.0,9.0,7.0,6.0,8.0,6.0,9.0,5.0,9.0,8.0,1.0,6.0,5.0,7.0,5.0,5.0,5.0,5.0,10.0,7.0,9.0,10.0,8.0,7.0,7.0,7.0,5.0,5.0,8.0,8.0,10.0,9.0,6.0,9.0,6.0,9.0,8.0,10.0,8.0,12.0,5.0,7.0,5.0,4.0,1.0,4.0,3.0,4.0,8.0,5.0,9.0,8.0,8.0,7.0,6.0,2.0,4.0,5.0,7.0,6.0,7.0,9.0,5.0,6.0,6.0,6.0,8.0,5.0,8.0,8.0,1.0,6.0,5.0,0.0,0.0,0.0,0,0,0.0,0.0,0.0,0,0.0,0.0,0.0,0.0,0.0,0.0,0.0,0.0,0.0,0.0,0.0,0.0,0,0,0.0,0.0,0.0,0,0.0,0.0,0.0
104.5,0.2452655100779988,-2.51383356938007,-0.48761669629848,-0.834607039797381,-3.4308991633219574,0.5626522308236013,-0.256413545097335,0.5837263410196587,0.5913955210558994,1.6878125605946663,0.4284066355856806,-0.3027352742956604,-1.9278768790580867,-0.0644171995730729,0.34966302745732,1.4371973213445957,1.3743729879700377,1.0444839097727228,1.0679634339761384,-3.2449780305820206,-1.9444637932367828,-1.30361379345991,-1.833400509792956,-0.1474166130536766,-1.8844996274973471,1.298549713394468,1.408308561684651,-2.037866295060102,0.6974533516244685,0.8999097351397942,0.0290163917781565,-0.3391131812631812,-0.0464032634032635,-0.1052629639967875,-0.3282334443334442,0.0921402148591001,-0.044188405961084,0.1538032205410686,0.1009063337848942,0.125482393835954,0.0273421447833212,-0.0194213822125588,-0.2954618437118437,-0.0112730991230991,0.0668219636572576,0.1555041445482621,0.1592242275698157,0.1528118971671603,0.1432211186989824,-0.218053950624539,-0.2215237424254452,-0.0809676323676324,-0.1094116713352008,-0.0125940440278676,-0.1745835128923365,0.1320254559166322,0.1387974888200894,-0.3365535131535131,0.113941595822478,0.1416727328227328,5.0,3.0,4.0,6.0,3.0,9.0,5.0,9.0,7.0,7.0,8.0,7.0,2.0,7.0,8.0,8.0,8.0,8.0,8.0,5.0,4.0,9.0,7.0,9.0,4.0,10.0,9.0,2.0,6.0,4.0,7.0,4.0,6.0,6.0,6.0,10.0,8.0,9.0,9.0,7.0,7.0,7.0,6.0,6.0,6.0,9.0,8.0,10.0,9.0,7.0,10.0,6.0,8.0,7.0,10.0,8.0,11.0,6.0,8.0,5.0,5.0,1.0,4.0,4.0,2.0,9.0,5.0,8.0,7.0,7.0,7.0,6.0,2.0,5.0,6.0,8.0,8.0,8.0,8.0,4.0,4.0,6.0,6.0,7.0,4.0,8.0,9.0,2.0,6.0,4.0,0.0,0.0,0.0,0,0,0.0,0.0,0.0,0,0.0,0.0,0.0,0.0,0.0,0.0,0.0,0.0,0.0,0.0,0.0,0.0,0,0,0.0,0.0,0.0,0,0.0,0.0,0.0
105.5,1.6718485500809597,-1.6419168827493071,-1.1217323915462332,-0.607965056777532,-4.184498952257929,0.5374932444976567,0.0663423766755803,0.7447344379837048,0.0607226628493395,1.3863041377644305,1.6631955313103548,-0.8570451439469973,-1.347288021177221,0.4093453426056657,0.8150762714580485,0.7333697657463013,0.8393068183722661,1.003331097303125,0.8034923980644477,-2.1357635084167716,-0.8759446863047022,-0.8736103154358972,-1.2705696857462232,0.3373286920220112,-2.353666863788205,0.5897191022618121,0.6668944462478088,-1.126080038269608,0.7844511927357284,1.0421522454210757,0.1711549617049615,-0.1614191197691198,-0.1307361000110999,-0.0837379094761447,-0.4312856032856033,0.0836034602824076,0.0107086249491822,0.2014935142772603,0.0105046404232161,0.1139857811778863,0.1109189948939947,-0.0660039184671538,-0.2051376239773299,0.0732954456018696,0.1638434038184038,0.0851344748388864,0.0953797496621025,0.1442841093546976,0.0986521047236217,-0.1645445929543454,-0.0958020950755471,-0.0561169413919414,-0.061773132586368,0.0334340721370131,-0.2199993374272787,0.0545586779233837,0.0659525984077841,-0.1837625374625374,0.1349015068265069,0.1516000832500831,6.0,5.0,4.0,7.0,2.0,10.0,7.0,10.0,6.0,8.0,7.0,6.0,3.0,6.0,6.0,8.0,10.0,8.0,7.0,6.0,5.0,9.0,8.0,9.0,5.0,8.0,8.0,3.0,6.0,4.0,6.0,2.0,7.0,7.0,5.0,8.0,8.0,9.0,9.0,8.0,7.0,7.0,7.0,8.0,7.0,8.0,8.0,8.0,9.0,8.0,9.0,7.0,8.0,8.0,9.0,8.0,11.0,7.0,7.0,5.0,6.0,1.0,4.0,5.0,1.0,8.0,6.0,9.0,6.0,8.0,7.0,5.0,3.0,6.0,6.0,7.0,8.0,7.0,7.0,5.0,5.0,7.0,7.0,8.0,4.0,7.0,8.0,3.0,6.0,4.0,0.0,0.0,0.0,0,0,0.0,0.0,0.0,0,0.0,0.0,0.0,0.0,0.0,0.0,0.0,0.0,0.0,0.0,0.0,0.0,0,0,0.0,0.0,0.0,0,0.0,0.0,0.0
106.5,1.473364052154719,0.9237510627932868,-2.0197842973761837,-0.3641577250365544,-3.0498154207814276,0.25867525761227,1.124991129086234,0.8527451484105845,-0.2635765969124701,0.4286955196295923,1.914742096591055,-0.6700073324499448,-1.3921485544464578,0.306060779031324,0.6249210410103027,1.513626162047127,0.2615492941023941,0.6235723997419554,-0.2718412284506952,-0.1410541760167011,-1.908457478308471,1.0069691118335893,-0.977753932824417,0.5872381915681187,-3.152643651080594,0.8500322279429569,0.6533739728856607,-1.9632465867243485,0.4197888561150129,-0.2316060174772505,0.1572534521034519,0.0924140803640803,-0.248472353137059,-0.0526192319290617,-0.2914658302481833,0.0377033377699012,0.1830697661987135,0.2433364721397565,-0.0482543757669918,0.0381173083366581,0.1465162141779787,-0.0481365467865468,-0.2064401542901544,0.0522269650456183,0.1252677609971727,0.1647034558578675,0.0289621794871793,0.0888770389740977,-0.0301070302246774,-0.0114996046265397,-0.2065431802545579,0.074797859983154,-0.0596274694088163,0.058456520113873,-0.31310328005328,0.077498594542712,0.0662470038217715,-0.3334070152070152,0.0718785464535464,-0.03290873015873,6.0,6.0,3.0,8.0,2.0,10.0,8.0,10.0,7.0,8.0,7.0,7.0,5.0,7.0,5.0,8.0,10.0,8.0,5.0,8.0,4.0,8.0,9.0,9.0,4.0,9.0,8.0,2.0,5.0,4.0,6.0,3.0,7.0,8.0,6.0,8.0,8.0,10.0,9.0,8.0,7.0,6.0,6.0,8.0,6.0,8.0,7.0,8.0,8.0,8.0,9.0,8.0,8.0,7.0,8.0,8.0,10.0,7.0,7.0,4.0,6.0,3.0,3.0,6.0,2.0,7.0,8.0,10.0,6.0,7.0,7.0,5.0,3.0,6.0,5.0,8.0,7.0,7.0,5.0,7.0,4.0,8.0,7.0,7.0,3.0,8.0,8.0,2.0,5.0,3.0,0.0,0.0,0.0,0,0,0.0,0.0,0.0,0,0.0,0.0,0.0,0.0,0.0,0.0,0.0,0.0,0.0,0.0,0.0,0.0,0,0,0.0,0.0,0.0,0,0.0,0.0,0.0
107.5,0.1737644661486691,0.3570701899819477,-0.5398262393206317,-0.4552570555345561,-2.728196764992979,-0.0796277837709841,0.624565028526944,0.9197415886937425,0.6351989490783392,-0.3753548564729369,-0.7518596626906807,-0.9444560508023804,-1.776587579069158,0.42581951468563,0.714318875897796,0.0471886661298522,0.1630049069303466,0.7772283618635318,0.9354577490058148,-0.0913657646439846,-1.140427124057849,0.5523918254351313,-0.6838617695063818,1.406455542659361,-1.859026222574666,1.025295133266832,0.7462200250741379,-1.8907186600993695,0.7257363295729332,0.0721145521977099,0.0222031435884375,0.033388073038073,-0.0682073833029714,-0.0615523474891124,-0.2817933618668914,-0.009656875692247,0.104362797092828,0.2500829140158087,0.1170302658813494,-0.0325793837913033,-0.0457942883913473,-0.0782912122191534,-0.2794100621600621,0.0818326916891156,0.1383821710968769,0.0048540893746775,0.0163100522026991,0.1159990233622586,0.0993668125991654,-0.0080546526572843,-0.1214591411598376,0.0457653601300659,-0.0465760073260073,0.1286556115453173,-0.2153884115884117,0.0966432206682206,0.0746414132994627,-0.3152053835053836,0.1192765512265512,0.0110844155844155,7.0,7.0,5.0,9.0,2.0,10.0,8.0,9.0,8.0,8.0,7.0,8.0,6.0,6.0,5.0,6.0,9.0,7.0,6.0,7.0,5.0,7.0,10.0,7.0,5.0,8.0,8.0,2.0,5.0,4.0,7.0,4.0,8.0,7.0,6.0,7.0,8.0,9.0,9.0,7.0,7.0,6.0,5.0,8.0,6.0,9.0,7.0,8.0,7.0,9.0,9.0,8.0,6.0,7.0,6.0,8.0,10.0,7.0,6.0,4.0,6.0,4.0,5.0,6.0,2.0,6.0,7.0,9.0,8.0,6.0,6.0,5.0,2.0,6.0,5.0,6.0,7.0,7.0,6.0,7.0,5.0,7.0,6.0,7.0,3.0,8.0,8.0,2.0,5.0,3.0,0.0,0.0,0.0,0,0,0.0,0.0,0.0,0,0.0,0.0,0.0,0.0,0.0,0.0,0.0,0.0,0.0,0.0,0.0,0.0,0,0,0.0,0.0,0.0,0,0.0,0.0,0.0
108.5,0.7256558025052041,0.1185702915429434,-0.258613185012558,0.6296183189266704,-1.42734034015612,-0.5400196857696394,0.8244276225556947,0.3550041496430327,0.4448185288860171,0.0721468887921469,-0.2255578325681419,0.2262792122139701,-0.9297131317840848,0.6980986294889957,0.5673083041290471,0.0406371519885205,-1.177250905122592,0.2172619238022777,0.6125028039103726,-0.2081342677826508,-0.4576185860772016,-0.66675396997543,0.4441859605827653,1.267052502175693,-2.2367022014721947,0.0933259232560761,0.1262328355263623,-0.8354365903760931,0.1992269262156439,-0.1001558385341977,0.0996993263272674,0.0153890276390277,-0.0318687188628366,0.0840274385744972,-0.1602290270187331,-0.0594200180538415,0.1392518043789714,0.0964454080099018,0.0830745994287788,0.0070576931238696,-0.0157044284147226,0.0163317238317237,-0.1583733766233764,0.1284581023551612,0.1094882366000014,0.004187671152377,-0.1128572594072594,0.0339469634940221,0.0569347670303552,-0.0188512113617378,-0.0458344898050007,-0.0518344498638617,0.0238782051282048,0.1348814407814407,-0.229486346986347,0.0091517829263958,0.0124300710297613,-0.1287158841158842,0.0332816794316794,-0.0149590187590186,7.0,8.0,5.0,10.0,5.0,10.0,9.0,7.0,8.0,8.0,7.0,8.0,7.0,6.0,5.0,6.0,7.0,6.0,6.0,7.0,7.0,6.0,8.0,8.0,6.0,7.0,8.0,3.0,4.0,5.0,8.0,5.0,8.0,8.0,7.0,6.0,8.0,10.0,10.0,6.0,7.0,5.0,3.0,7.0,6.0,9.0,7.0,8.0,7.0,10.0,8.0,8.0,6.0,8.0,6.0,9.0,9.0,7.0,6.0,5.0,7.0,5.0,5.0,8.0,4.0,5.0,8.0,7.0,8.0,5.0,6.0,5.0,2.0,6.0,5.0,6.0,5.0,6.0,6.0,7.0,6.0,6.0,6.0,8.0,3.0,7.0,7.0,3.0,4.0,4.0,0.0,0.0,0.0,0,0,0.0,0.0,0.0,0,0.0,0.0,0.0,0.0,0.0,0.0,0.0,0.0,0.0,0.0,0.0,0.0,0,0,0.0,0.0,0.0,0,0.0,0.0,0.0
109.5,0.0589281026147969,0.5336518772900932,-0.4724937084770839,0.7922388258174463,-0.2312864638526267,0.1260266749067801,0.5838807719537233,0.6514736123028012,0.2850396726133523,0.1575102328182984,1.101178754995233,1.196444068864595,-0.186563731724592,-0.2190706272729791,1.0035845870640263,-0.2839716755109848,0.0890542666505948,1.1067859223467782,0.8227125302876196,0.4917782890222705,1.2507955898279428,-1.868816996571745,-0.7357787757506165,0.6395316093774412,-0.8116133344239357,-1.0556734107896226,0.2581399742376732,-2.1123364464319576,-0.464839857379095,1.208240911466098,0.0074066095669036,0.0656153346653346,-0.0597001981678453,0.1097277564111154,-0.0226977244977245,0.0184489361945244,0.0835412928059211,0.1667490775306565,0.0485043623215448,0.0168749306249307,0.0751198027462732,0.083050197025197,-0.0325279942279941,-0.0401107270180799,0.1956592348827642,-0.0328853590853591,0.0083609723609722,0.1692482690512102,0.0907432711079769,0.0431309896845499,0.1230228714697754,-0.1448663308913309,-0.0385583494936437,0.0637987523913994,-0.0950200577200577,-0.1033772599863157,0.0253512336648558,-0.3310847874347875,-0.073167748917749,0.1868285214785214,7.0,8.0,5.0,9.0,7.0,10.0,9.0,7.0,10.0,9.0,7.0,7.0,9.0,4.0,6.0,6.0,8.0,8.0,7.0,8.0,8.0,5.0,7.0,8.0,7.0,7.0,7.0,2.0,3.0,6.0,7.0,7.0,8.0,8.0,6.0,6.0,7.0,9.0,9.0,4.0,6.0,5.0,2.0,7.0,6.0,7.0,6.0,9.0,8.0,11.0,9.0,9.0,7.0,7.0,4.0,9.0,9.0,7.0,6.0,6.0,6.0,7.0,5.0,8.0,5.0,6.0,7.0,7.0,8.0,4.0,6.0,5.0,2.0,4.0,6.0,5.0,6.0,8.0,7.0,8.0,8.0,5.0,6.0,7.0,3.0,6.0,7.0,2.0,3.0,6.0,0.0,0.0,0.0,0,0,0.0,0.0,0.0,0,0.0,0.0,0.0,0.0,0.0,0.0,0.0,0.0,0.0,0.0,0.0,0.0,0,0,0.0,0.0,0.0,0,0.0,0.0,0.0
110.5,-0.1161632816526316,0.9067982784139704,0.6786156635362323,1.4733486159159763,0.6690374472806694,0.3644493818425611,0.4990287820453341,0.6177372687795553,0.6061804762478921,-1.2765330672668356,-0.2458518707134272,0.147422608229173,-0.5691464490042687,0.1282907602346125,1.025336238701937,-0.0265790326867102,-0.1443244456064958,1.1595879789264083,0.3876177140983861,-0.5385720359476517,1.0899458055060132,-0.9997389228810956,-0.341205937644255,-0.4360607771888984,-0.5711894313143474,-0.5625699725906251,-1.490969892093487,-1.6264320503246843,-1.2865161468448234,0.7348017951680013,-0.0145717148864207,0.1108651169693738,0.080115373352138,0.2121665105620214,0.0679229688612039,0.0531541373315366,0.0728126123102903,0.1534557099419328,0.1013860870983162,-0.1053082251082251,-0.0195038073038072,0.0111802863802863,-0.0715531746031745,0.022656804959746,0.2059011318746612,-0.0028133205030264,-0.0134625596625597,0.1689454783520572,0.0430833441068735,-0.0445262054079391,0.1026963621861454,-0.073603729440494,-0.0214294710191771,-0.0476367188367188,-0.046515873015873,-0.0560053696303697,-0.1578201385817487,-0.2438262515262516,-0.2051836163836163,0.1151182983682984,8.0,8.0,6.0,7.0,8.0,10.0,10.0,7.0,10.0,11.0,6.0,8.0,8.0,4.0,6.0,7.0,6.0,8.0,8.0,8.0,7.0,6.0,7.0,8.0,7.0,7.0,5.0,2.0,4.0,7.0,7.0,9.0,7.0,7.0,6.0,8.0,7.0,9.0,7.0,2.0,5.0,4.0,1.0,6.0,6.0,8.0,6.0,10.0,8.0,9.0,8.0,9.0,7.0,6.0,2.0,8.0,10.0,6.0,4.0,6.0,6.0,8.0,6.0,7.0,6.0,8.0,7.0,7.0,7.0,2.0,4.0,4.0,1.0,4.0,6.0,6.0,5.0,8.0,7.0,7.0,7.0,6.0,6.0,5.0,2.0,6.0,5.0,2.0,2.0,6.0,0.0,0.0,0.0,0,0,0.0,0.0,0.0,0,0.0,0.0,0.0,0.0,0.0,0.0,0.0,0.0,0.0,0.0,0.0,0.0,0,0,0.0,0.0,0.0,0,0.0,0.0,0.0
111.5,0.9047536799125424,0.3609988376742084,1.8842891939061923,0.99326962854467,0.5647422509684547,0.5231826296456955,0.3849245190694112,0.5580399077194858,0.5296691339919708,-0.5863989618925856,1.395766640881204,1.0696950786219823,-0.3022653870370168,-0.5757173070745683,0.1997100186077924,-1.1073654651190126,-0.2532772102146329,0.7623624480597597,1.1851752755702587,-0.6939872389824331,1.7395507158948893,-1.2898701963920924,-0.9887499686678396,-1.3914303575278513,-0.6576134360933125,-1.024860609115515,-2.4094649829811496,-0.3659654129452266,-0.3821112988911995,1.2046154488994918,0.0988415140415139,0.0428940931617402,0.2418650682650681,0.1643537831449597,0.0687364524364525,0.0830490021244665,0.049729187642423,0.1404913239924848,0.0915654628051687,-0.0345164613164613,0.1228597014097014,0.0767966200466201,-0.0423142857142858,-0.0994699023199023,0.0400998803484097,-0.115726184926185,-0.0251457792207792,0.111099629842122,0.1485068895414869,-0.0555656725713228,0.1629816813905048,-0.0950310552192906,-0.0496760414422181,-0.1417220057720056,-0.0515111111111111,-0.0915751909940766,-0.2551938802511558,-0.0517309246309246,-0.0553199245199247,0.1970573038073038,7.0,7.0,6.0,6.0,8.0,8.0,9.0,7.0,9.0,9.0,7.0,7.0,7.0,3.0,5.0,7.0,5.0,7.0,10.0,8.0,7.0,7.0,7.0,8.0,7.0,7.0,4.0,3.0,5.0,6.0,6.0,9.0,6.0,6.0,5.0,9.0,6.0,9.0,5.0,1.0,5.0,4.0,2.0,6.0,7.0,7.0,7.0,10.0,9.0,10.0,7.0,8.0,7.0,6.0,2.0,9.0,10.0,5.0,4.0,6.0,6.0,7.0,6.0,5.0,5.0,8.0,6.0,7.0,5.0,1.0,5.0,4.0,2.0,3.0,5.0,5.0,5.0,7.0,9.0,7.0,7.0,6.0,6.0,4.0,2.0,6.0,4.0,3.0,3.0,6.0,0.0,0.0,1.0,0,0,0.0,0.0,0.0,0,0.0,0.0,0.0,0.0,0.0,0.0,0.0,0.0,0.0,0.0,0.0,0.0,0,0,0.0,0.0,0.0,0,0.0,0.0,0.0
112.5,0.1493842312177595,0.5842579100939693,1.6793811016365878,0.6593618459605013,0.2120416749507678,0.6142158485648946,0.6203894526993031,0.584496344189625,0.0030634961466467,,1.7978552136922488,1.0230833977587046,0.2848374456541366,-0.8832317852379741,-0.2008698552683002,-0.0189231740080883,-1.264511672260792,0.2172929348251753,1.5290213040024043,0.6454931308053189,0.8818014414582468,-1.2500445640722793,-2.023994357902866,0.3381859844973592,-0.1118578636246684,-0.7315786840506181,-2.393292399600341,0.671668864110594,-0.949553777533696,0.7079857507042118,0.0166085579453224,0.0722869090060265,0.2262608169608169,0.0861692810457517,0.0300003996003996,0.1011231966262151,0.0864054863437215,0.1439551779747599,0.0003474460180342,0.0,0.1317729298479297,0.0720581973581974,0.0409412753912753,-0.1468024046215224,-0.0400115861262919,-0.0019089715839717,-0.1523133771457302,0.0325160470162791,0.1953271914016495,0.0545097748141091,0.0751413106501339,-0.094476172846761,-0.1033663484692123,0.0286314185814186,-0.0098337662337661,-0.0692774945642592,-0.2499412138944649,0.0938853091353091,-0.1334542624042624,0.1164603507603506,7.0,7.0,5.0,6.0,9.0,8.0,7.0,8.0,7.0,8.0,6.0,7.0,6.0,4.0,4.0,9.0,4.0,6.0,9.0,8.0,5.0,8.0,8.0,9.0,7.0,7.0,4.0,4.0,6.0,5.0,7.0,9.0,4.0,6.0,4.0,9.0,7.0,8.0,5.0,0.0,5.0,4.0,3.0,6.0,7.0,7.0,8.0,10.0,9.0,9.0,6.0,8.0,9.0,6.0,4.0,7.0,10.0,5.0,4.0,6.0,6.0,7.0,4.0,5.0,4.0,8.0,6.0,7.0,4.0,0.0,5.0,4.0,3.0,3.0,4.0,7.0,4.0,6.0,9.0,8.0,5.0,6.0,7.0,6.0,4.0,5.0,4.0,4.0,3.0,5.0,0.0,0.0,1.0,0,0,0.0,0.0,0.0,0,0.0,0.0,0.0,0.0,0.0,0.0,0.0,0.0,0.0,0.0,0.0,0.0,0,0,0.0,0.0,0.0,0,0.0,0.0,0.0
113.5,-1.7440593833080609,0.4080902548936022,1.7890022950129774,-0.0941062051303303,0.2013292825126882,0.1259489972975467,-0.3151221988592386,0.7783609776103482,-1.2320391277171054,-0.5818301891800419,1.8868672183107216,0.1047050796543163,-0.8950734589219451,-0.603153922340443,-1.0002459481137371,-0.642545849495067,-1.056947316159697,0.463688900471445,1.009789358382932,0.6688171587507792,0.8650023971630736,-0.2804742736263302,-1.4013686330634747,-1.0982160728007342,-0.7565974692526481,-0.6999690882588899,-3.508800848377186,0.6695500944916317,0.2156969228584321,0.7702310920079614,-0.1759816239316238,0.0489574972413208,0.2382797147297146,-0.0107926253485076,0.0180306193806193,0.0201971382246923,-0.0386256018491312,0.1982526491997854,-0.177887372105019,-0.0342593684093684,0.1316893911643911,0.0070616161616161,-0.1158929681429682,-0.0956642829392829,-0.1973244479376833,-0.0639402153402154,-0.127465283735872,0.0675709248268072,0.1195192431751255,0.0531235098406923,0.0673036878154524,-0.0197486420442303,-0.0860678989139517,-0.0985489066489065,-0.0928719502719503,-0.0601018785136432,-0.351123353727456,0.0982420246420247,0.0303493117993118,0.126735925185925,8.0,7.0,5.0,6.0,8.0,7.0,5.0,9.0,7.0,9.0,6.0,8.0,4.0,4.0,3.0,9.0,6.0,6.0,9.0,9.0,6.0,8.0,9.0,8.0,7.0,8.0,3.0,4.0,7.0,5.0,5.0,9.0,4.0,5.0,3.0,10.0,6.0,8.0,5.0,1.0,5.0,4.0,5.0,5.0,7.0,6.0,8.0,9.0,8.0,8.0,7.0,8.0,8.0,6.0,5.0,7.0,11.0,5.0,5.0,6.0,4.0,7.0,4.0,4.0,3.0,7.0,4.0,8.0,3.0,1.0,5.0,4.0,3.0,3.0,3.0,6.0,5.0,6.0,8.0,8.0,6.0,7.0,7.0,5.0,4.0,6.0,3.0,4.0,5.0,5.0,0.0,0.0,1.0,0,0,0.0,0.0,0.0,0,0.0,0.0,0.0,0.0,0.0,0.0,0.0,0.0,0.0,0.0,0.0,0.0,0,0,0.0,0.0,0.0,0,0.0,0.0,0.0
114.5,-1.0624845373419458,-0.2705749680917032,-1.6495777058227357,0.3701307947369418,0.4810039588368668,-0.7460389103495687,-0.5463157201577072,0.7607059174810683,-0.5625599969343997,-0.3783896844308969,-0.1517561478395901,-0.4390601211910131,-0.0765703361100363,0.2437136519429597,-1.6187100219181347,1.313589946891956,-1.0729851094783165,-0.939006089680783,0.8134122287828893,0.9125207166070708,0.7701986613488592,-0.6543323398548814,0.2116688211407207,-0.6029543127007662,-0.5801298774725911,0.3421276810595161,-2.6350187109745775,1.1230867943626337,-0.1857470219207914,0.3555908058613427,-0.1260343878343878,-0.0335517249090777,-0.1996588411588411,0.0488672112201523,0.0450064491064491,-0.1143340411824158,-0.0802313845167561,0.2036543078524501,-0.0990176630558983,-0.0373173049173048,-0.0105695177371648,-0.0310922577422577,-0.0108875235875235,0.0389358114108114,-0.330888298955946,0.1390354545781016,-0.131384469185785,-0.142953130856072,0.0987784851801103,0.0720758596151009,0.0620958468002584,-0.0488063167224933,0.0110440341048698,-0.0543504939504939,-0.06174338994339,0.0262179521458932,-0.2544031081663435,0.1681895271395271,-0.0273534132534132,0.0568911865911865,7.0,6.0,4.0,6.0,8.0,6.0,4.0,8.0,7.0,9.0,6.0,9.0,4.0,5.0,2.0,8.0,6.0,4.0,9.0,8.0,6.0,8.0,9.0,7.0,6.0,8.0,5.0,5.0,8.0,4.0,6.0,9.0,4.0,6.0,4.0,9.0,7.0,9.0,6.0,3.0,6.0,5.0,6.0,5.0,7.0,9.0,10.0,9.0,9.0,9.0,7.0,8.0,8.0,6.0,7.0,7.0,10.0,5.0,5.0,5.0,4.0,6.0,2.0,5.0,4.0,5.0,4.0,8.0,4.0,3.0,5.0,5.0,4.0,4.0,2.0,8.0,5.0,4.0,8.0,8.0,6.0,7.0,8.0,5.0,5.0,7.0,4.0,5.0,5.0,4.0,0.0,0.0,1.0,0,0,0.0,0.0,0.0,0,0.0,0.0,0.0,0.0,0.0,0.0,0.0,0.0,0.0,0.0,0.0,0.0,0,0,0.0,0.0,0.0,0,0.0,0.0,0.0
115.5,-2.345417333708866,-0.9760137677023492,0.4643405692345619,0.4672983872049325,0.4399493560880466,-0.6516513061034732,-1.5671493594669714,0.5277486939946369,-0.0909456897425253,0.089120414436773,-0.6834200230615134,0.7426996140016838,-1.2618645341972383,0.3922713174636638,-1.7055334334810264,0.899839605068282,-0.6678375384860512,-1.7947779572856486,1.156002877386865,1.7547507562591032,-0.0609311889570873,-2.4974211170114464,0.3797729091927336,0.2471276194311682,-0.8579034067908534,1.1661556776732698,-1.1161789148821657,1.0400541309190876,1.176729275178254,0.7318012043404172,-0.3104546675546674,-0.1297549613784907,0.059338911088911,0.0617525275378215,0.0467202852702853,-0.0951074051851141,-0.2363400044056391,0.142050384496824,-0.0155946433167796,0.0081217837717837,-0.0434004872578402,0.0474184472390353,-0.1981323454323456,0.0681249805749805,-0.3528550282792543,0.0983212919433507,-0.0753754447392992,-0.27023162140577,0.1451714715968585,0.1391267946106181,-0.0053056779821487,-0.1619183732933734,0.0212115669074646,0.0289185469758997,-0.0797538461538461,0.1019097856391972,-0.108037165594983,0.1744364524364523,0.208422533022533,0.1252908369408368,7.0,6.0,4.0,8.0,8.0,7.0,4.0,9.0,7.0,8.0,7.0,8.0,4.0,4.0,2.0,7.0,8.0,3.0,8.0,8.0,7.0,6.0,8.0,7.0,5.0,8.0,7.0,6.0,7.0,5.0,4.0,8.0,4.0,6.0,4.0,8.0,7.0,9.0,8.0,4.0,7.0,7.0,6.0,4.0,8.0,8.0,9.0,10.0,9.0,8.0,7.0,7.0,9.0,8.0,9.0,8.0,9.0,6.0,7.0,4.0,2.0,5.0,3.0,6.0,4.0,5.0,3.0,8.0,6.0,4.0,6.0,7.0,3.0,3.0,2.0,7.0,6.0,3.0,8.0,8.0,6.0,5.0,8.0,7.0,5.0,8.0,6.0,6.0,7.0,4.0,0.0,0.0,0.0,0,0,0.0,0.0,0.0,0,0.0,0.0,0.0,0.0,0.0,0.0,0.0,0.0,0.0,0.0,0.0,0.0,0,0,0.0,0.0,0.0,0,0.0,0.0,0.0
116.5,-1.078649414024601,0.4603351900638877,-0.5418523008901267,0.9768411862161068,0.1775647229387984,0.0501430651315915,-1.3646745365290491,0.361542441902838,0.0682742637968285,0.1330656361411046,-1.4251310411349736,-0.233037622143031,-1.5604190140094762,1.588552141445432,-0.8902258035034263,0.7932546604729374,0.3993617566431297,-1.7767489525647069,1.1116376933690315,1.481908801460896,0.1340558848921455,0.842458976267946,0.3400262331165532,-0.6639575760524151,-1.8340024510226964,0.5087079349523009,-0.0776953941727071,0.4776798091104444,1.2408895240242894,1.555197401209152,-0.1649383727383726,0.059914417728814,-0.0570970307470307,0.1451580328168564,0.018478527028527,0.0067532246305466,-0.1946939533205014,0.0931457774337803,0.0127573106631929,0.0110623143196674,-0.1028169107036754,-0.0149520435446908,-0.2447726884226884,0.2894014707514707,-0.1838117849470791,0.0861350393070982,0.0471888315245124,-0.2615949114610879,0.1288979029140793,0.140921920236626,0.013254941644183,0.0652136197136196,0.0201320028011203,-0.0822987216773594,-0.1689794225382459,0.0492123727579608,-0.0076252528001755,0.0742502997002997,0.2248152042402041,0.2300077922077921,8.0,7.0,6.0,8.0,9.0,7.0,4.0,9.0,7.0,8.0,6.0,9.0,5.0,4.0,3.0,7.0,10.0,3.0,9.0,7.0,8.0,5.0,7.0,6.0,4.0,7.0,7.0,6.0,7.0,4.0,3.0,9.0,5.0,7.0,6.0,8.0,7.0,8.0,10.0,5.0,7.0,7.0,6.0,3.0,7.0,9.0,9.0,9.0,8.0,6.0,8.0,6.0,8.0,9.0,9.0,8.0,10.0,6.0,7.0,4.0,2.0,7.0,4.0,7.0,6.0,6.0,3.0,7.0,7.0,5.0,5.0,7.0,3.0,3.0,3.0,7.0,8.0,3.0,8.0,6.0,7.0,5.0,7.0,6.0,4.0,7.0,7.0,5.0,7.0,4.0,0.0,0.0,0.0,0,0,0.0,0.0,0.0,0,0.0,0.0,0.0,0.0,0.0,0.0,0.0,0.0,0.0,0.0,0.0,0.0,0,0,0.0,0.0,0.0,0,0.0,0.0,0.0
117.5,-0.3510097650359631,0.434508469793771,0.5036007337614519,1.3098662117665378,0.5593697990320984,0.6408055392490671,-0.53309059953599,-0.0527182243801519,0.8051145211945062,-0.2870336362431895,-1.1137904059563315,1.2207414343593757,-0.7380299348764633,1.2827819102727938,-0.183084148068903,0.0516011016584814,0.7106663367095374,-0.4105182751141762,0.7561135634607,0.8339077983302878,1.6684550395315578,-0.364000774551685,-1.7319205050025732,-0.1360949157371948,-1.8271813772723875,0.7389297787056047,0.5792140681244298,0.6525751127073419,0.6603013484433259,1.651378689264034,-0.0429970362970363,0.0583981600099247,0.0596319539937186,0.1798913264581995,0.0670983581434044,0.0788389603344711,-0.0687342337401161,-0.0128705753568756,0.1417095861654684,-0.0227291541791542,-0.0792469843881609,0.0858385877022873,-0.1098018537018536,0.2113225441225441,-0.0377458058281587,0.0055975402048932,0.0862677830511421,-0.0584839710942652,0.0945591353091352,0.0738064518814518,0.1789689650219061,-0.0363784548784548,-0.0840848506069095,-0.0163950623164246,-0.1711256194785606,0.0725582540438576,0.0577454365551888,0.0933319125319126,0.1163656857848034,0.2217347763347763,8.0,8.0,6.0,7.0,9.0,9.0,6.0,9.0,8.0,9.0,7.0,8.0,6.0,2.0,4.0,6.0,9.0,5.0,8.0,7.0,9.0,4.0,6.0,7.0,4.0,8.0,8.0,6.0,6.0,4.0,3.0,8.0,7.0,7.0,8.0,7.0,6.0,7.0,9.0,6.0,6.0,8.0,6.0,3.0,7.0,9.0,9.0,9.0,6.0,5.0,9.0,5.0,8.0,10.0,9.0,10.0,10.0,5.0,8.0,4.0,3.0,7.0,6.0,7.0,8.0,7.0,4.0,5.0,8.0,6.0,5.0,8.0,4.0,2.0,4.0,6.0,8.0,5.0,6.0,5.0,9.0,3.0,6.0,7.0,4.0,8.0,8.0,5.0,6.0,4.0,0.0,0.0,0.0,0,0,0.0,0.0,0.0,0,0.0,0.0,0.0,0.0,0.0,0.0,0.0,0.0,0.0,0.0,0.0,0.0,0,0,0.0,0.0,0.0,0,0.0,0.0,0.0
118.5,0.3461474963358828,0.3400164253105417,0.2005454797666533,1.1746692824828928,0.7553268491388051,0.2339258032434594,0.5232028286972963,0.6069604064673649,0.9861520912139854,0.5157733220006249,-1.5499977216338436,0.8914304223638493,0.2876016747937214,1.2514575262595309,0.0796903268230297,-0.7368075310968345,1.569891026281929,-0.6830066911424533,0.6862917903119365,-0.4477554499516155,1.592365706615104,2.1670800105883217,-2.556993820049287,-0.1365988300748865,-2.0823029614920374,-0.6455335265416623,0.6261715533279589,0.7119158848933559,0.2607911567454048,0.4586476401477555,0.0360932622932623,0.0464041873159519,0.0246925737661031,0.1783723616253028,0.09751329122374,0.0249637121048885,0.0646782962135903,0.1300143844287807,0.1582874419268382,0.0432003158606097,-0.0992704008409891,0.075744948627224,0.0370454656454657,0.197244905094905,0.0158330914441595,-0.0799544534412954,0.1895920139715805,-0.0993654944556646,0.0944723165723165,-0.0374797912871442,0.1717364456578852,0.1746568653568654,-0.1323600791193671,-0.015279462195871,-0.1816373141564317,-0.0641762966995165,0.0601161113568233,0.1010686979686978,0.046401773226773,0.0660647186147184,7.0,7.0,7.0,7.0,9.0,9.0,7.0,10.0,9.0,8.0,8.0,7.0,7.0,1.0,5.0,5.0,9.0,6.0,6.0,7.0,9.0,3.0,6.0,8.0,4.0,6.0,8.0,6.0,5.0,3.0,4.0,7.0,7.0,6.0,8.0,6.0,6.0,6.0,8.0,6.0,7.0,8.0,5.0,2.0,8.0,10.0,9.0,10.0,5.0,6.0,9.0,4.0,9.0,9.0,9.0,10.0,11.0,5.0,7.0,4.0,4.0,6.0,6.0,6.0,8.0,6.0,5.0,6.0,8.0,6.0,6.0,7.0,5.0,1.0,5.0,5.0,9.0,5.0,4.0,5.0,9.0,3.0,6.0,7.0,4.0,6.0,8.0,5.0,5.0,3.0,0.0,0.0,0.0,0,0,0.0,0.0,0.0,0,0.0,0.0,0.0,0.0,0.0,0.0,0.0,0.0,0.0,0.0,0.0,0.0,0,0,0.0,0.0,0.0,0,0.0,0.0,0.0
119.5,-0.9351844324428568,0.2760015285204016,1.456496651421893,1.025928076998209,0.8857456108255982,0.283252872014359,0.7995218604765708,0.473421877640167,0.8777913922031312,-0.9304642838224816,-1.5290889115668689,1.0591119977129764,0.2916493902202647,-2.217746714057136,0.2553961430309257,0.3637511134937344,1.4955155524746222,0.6767519184405151,-1.1464224958550813,1.0878676953494004,1.0775020631238597,2.300309302435601,-2.3991022116370364,0.6580662453063153,-0.6543581536314925,-0.6173115600156303,0.0535909452771632,0.7115541186032743,0.3556408341841914,-1.432395487923142,-0.1406947108447109,0.0397425685425685,0.1844706948280476,0.1742470571911749,0.1167697119873589,0.0314889572587714,0.0923207792207791,0.0939285735076757,0.137237843254097,-0.0827667871344342,-0.1216600433879847,0.0964662804515745,0.0388490675990678,-0.2740515151515151,0.0502243689317218,0.0398978472507883,0.1786974746443785,0.1006456844583004,-0.1237659673659673,0.0955311590370413,0.1085558598779959,0.2182919913419914,-0.1278876283846872,0.0750731690050574,-0.0618659923409924,-0.0623506169269328,0.0052283699444689,0.0960349872349872,0.0606362276612277,-0.2529664668664668,5.0,8.0,8.0,5.0,8.0,7.0,8.0,10.0,9.0,8.0,9.0,8.0,7.0,0.0,5.0,6.0,9.0,7.0,5.0,7.0,9.0,5.0,7.0,8.0,5.0,6.0,7.0,6.0,5.0,3.0,5.0,5.0,8.0,5.0,7.0,7.0,6.0,6.0,8.0,6.0,6.0,7.0,5.0,1.0,7.0,8.0,10.0,10.0,5.0,6.0,8.0,3.0,8.0,9.0,8.0,10.0,11.0,5.0,7.0,5.0,3.0,5.0,8.0,4.0,7.0,6.0,6.0,6.0,8.0,5.0,5.0,7.0,5.0,0.0,5.0,6.0,9.0,7.0,3.0,6.0,8.0,3.0,6.0,8.0,5.0,6.0,7.0,5.0,5.0,2.0,0.0,0.0,0.0,0,0,0.0,0.0,0.0,0,0.0,0.0,0.0,0.0,0.0,0.0,0.0,0.0,0.0,0.0,0.0,0.0,0,0,0.0,0.0,0.0,0,0.0,0.0,0.0
120.5,-1.2486807160086693,0.9193954867200868,1.320146915583329,0.8009264269167009,0.6405200017591012,-0.359942526566316,0.5320176461373167,0.6095651696286494,0.3716257591194996,0.2211179313854925,0.0193389570614181,2.3873637604432165,-0.3715813871264155,-2.080720087293574,0.0757449228200942,-0.6639114242149396,1.2795976427020668,1.1041686175351946,-0.4339987975819314,-0.2809002949835774,1.3624641211872288,0.9366322517064312,-0.7003850373425732,1.3218983916888267,0.8398964634209464,-0.4243235306414928,0.5902309683555232,-0.3250287253325795,-0.4930408162565443,-2.0356786296970335,-0.174523415636651,0.1419072871572873,0.1660580946830946,0.0908524199656553,0.0866734068219361,-0.0494453091198447,0.0734124817734723,0.1344426760717784,0.0605438874764725,0.0176554641436993,0.0014340881340881,0.1987704099821746,-0.0512593850593849,-0.2775979797979798,0.015139320483438,-0.0693387690740632,0.1489388833131093,0.166800560258455,-0.0468902208902207,-0.0253118097588688,0.1319874723573639,0.0355492063492063,-0.0369793859649124,0.1391729895921071,0.0757349062702003,-0.0421982027088838,0.0550687765794575,-0.044028144078144,-0.0824864135864136,-0.3223486124986124,5.0,7.0,7.0,5.0,7.0,7.0,9.0,9.0,8.0,8.0,8.0,6.0,7.0,0.0,6.0,6.0,8.0,8.0,5.0,10.0,8.0,6.0,7.0,8.0,7.0,6.0,7.0,5.0,5.0,2.0,7.0,4.0,7.0,5.0,7.0,8.0,7.0,6.0,8.0,6.0,4.0,6.0,6.0,1.0,7.0,8.0,9.0,10.0,4.0,7.0,9.0,1.0,9.0,8.0,9.0,9.0,10.0,5.0,6.0,6.0,4.0,4.0,7.0,4.0,6.0,6.0,7.0,6.0,7.0,6.0,4.0,6.0,5.0,0.0,5.0,5.0,8.0,8.0,3.0,7.0,8.0,1.0,7.0,8.0,7.0,6.0,7.0,4.0,4.0,2.0,0.0,0.0,0.0,0,0,0.0,0.0,0.0,0,0.0,0.0,0.0,0.0,0.0,0.0,0.0,0.0,0.0,0.0,0.0,0.0,0,0,0.0,0.0,0.0,0,0.0,0.0,0.0
121.5,-1.6030097640820624,-0.6956322025124152,-0.3607370856225411,1.305314077039124,-0.1953794680587227,-0.8273102164435873,0.7173115119865241,0.4034038903125795,0.7584311612344206,0.2893697141551555,0.8711708068672812,0.6381984530652168,0.0786203171937117,-1.654863477411855,0.0212952535347363,-0.7488218108108887,0.6216062465281442,1.5213003248586967,-0.8837617184719577,0.7625355519888526,1.187858663836743,0.993043527386917,-0.4603133701314819,0.3305408069955986,0.8505316686795327,-0.6544631044971768,0.2515310603579673,0.234687804019751,-0.8505973009047948,-0.9287628594017152,-0.2198414005928712,-0.0746870851370851,-0.0455609797065679,0.1784985514485514,-0.0226678377178377,-0.104648960705617,0.1221555715784042,0.1015314090278487,0.130233501483037,0.023280624277683,0.0707885725385726,0.0644196997446997,0.0110954212454212,-0.2517830447330447,0.0042677006000535,-0.0784247752247753,0.07116633774722,0.2270392383845942,-0.1019526917526917,0.0680863742123029,0.1165999507544399,0.0364849206349205,-0.0278368531623176,0.0359389411242351,0.07912907239819,-0.0690795885487062,0.0231925662572721,0.0333294483294482,-0.1371873182373182,-0.1405404206904207,5.0,5.0,5.0,5.0,5.0,7.0,9.0,8.0,9.0,8.0,7.0,6.0,6.0,0.0,7.0,4.0,8.0,9.0,6.0,10.0,7.0,6.0,8.0,7.0,7.0,7.0,7.0,4.0,5.0,3.0,8.0,3.0,8.0,6.0,6.0,7.0,8.0,7.0,8.0,6.0,4.0,5.0,6.0,1.0,6.0,7.0,8.0,10.0,4.0,9.0,8.0,1.0,8.0,8.0,9.0,7.0,9.0,5.0,5.0,6.0,4.0,2.0,5.0,5.0,4.0,5.0,8.0,6.0,8.0,6.0,4.0,4.0,5.0,0.0,5.0,4.0,7.0,9.0,3.0,9.0,7.0,1.0,7.0,7.0,7.0,5.0,7.0,4.0,3.0,3.0,0.0,0.0,0.0,0,0,0.0,0.0,0.0,0,0.0,0.0,0.0,0.0,0.0,0.0,0.0,0.0,0.0,0.0,0.0,0.0,0,0,0.0,0.0,0.0,0,0.0,0.0,0.0
122.5,-1.6899155957937757,-1.88142922473622,-0.490088846518226,0.2934575394950758,-3.34230485086325,0.075657005341236,0.4203056845865309,-0.1752971321508674,0.6069662609604091,1.202761363217458,1.052899777669629,1.0498588944922107,-0.3373505335582275,-1.9369226091517675,0.1241066533263955,-0.2249496190719294,0.8424036999764777,0.6252134343754265,-0.0110934528884323,1.2539587785612778,0.856997792172488,1.052940110933759,-0.2206746191387373,0.4609301365068322,1.5416900532331073,-1.6406607957095027,0.085235924461618,0.2535050334972746,-1.2866261615217351,-0.8197107089946856,-0.2221811130046425,-0.1881931457431457,-0.0630522972125914,0.047294463869464,-0.3373361191096486,0.0125811220255491,0.077419967485215,-0.0481396159567986,0.1109347105938436,0.0999649448590623,0.0906199689199689,0.0840232045732045,-0.0484760184260183,-0.266518759018759,0.0246439451071804,-0.023239121989122,0.0907173915953327,0.0933353737679587,-0.0012061216561216,0.1158503691355082,0.0746991423609071,0.0579518037518037,-0.0123543507146448,0.0428842786298667,0.1424159017453133,-0.168810556110556,0.0079219326597034,0.0362702575202574,-0.189907486957487,-0.1239468864468864,6.0,4.0,5.0,6.0,3.0,7.0,9.0,5.0,10.0,7.0,7.0,7.0,7.0,0.0,7.0,5.0,7.0,7.0,6.0,9.0,7.0,6.0,9.0,6.0,8.0,7.0,7.0,4.0,6.0,3.0,8.0,4.0,8.0,5.0,6.0,9.0,9.0,9.0,10.0,6.0,4.0,4.0,6.0,1.0,6.0,7.0,8.0,10.0,6.0,10.0,8.0,2.0,7.0,7.0,9.0,6.0,9.0,5.0,5.0,6.0,4.0,2.0,5.0,4.0,2.0,7.0,8.0,5.0,9.0,6.0,4.0,4.0,5.0,0.0,5.0,5.0,7.0,7.0,5.0,9.0,7.0,2.0,7.0,6.0,8.0,4.0,7.0,4.0,3.0,3.0,0.0,0.0,0.0,0,0,0.0,0.0,0.0,0,0.0,0.0,0.0,0.0,0.0,0.0,0.0,0.0,0.0,0.0,0.0,0.0,0,0,0.0,0.0,0.0,0,0.0,0.0,0.0
123.5,-0.9150422266421436,-1.7390616512234662,-2.0536868206595056,0.0279873326615835,-4.572003677224833,-0.4675655131864208,0.8996961341105849,-0.1867227778106691,0.4179114097237484,1.3611643090619236,1.5523116183354546,1.4112701071407736,-0.5741453411452643,6.3654407351251505,-0.007176908082528,1.3041997005747294,-0.1126245926739931,0.6020936886259788,-0.4731677215149507,1.1282978811056024,-0.2227806889111414,0.1624559408620022,-0.519290788504297,-1.1883596099572864,1.4980765038948516,0.7061337194150099,0.6463460757788931,-1.0090371409402903,-0.3333603597918175,0.4587517964450026,-0.1188223054723054,-0.1931373737373737,-0.2675407094539449,0.0042932416740466,-0.6214956127292041,-0.0800939500386096,0.1685874433186351,-0.0487777459554549,0.0746433175012122,0.1168474941724941,0.1046807026307027,0.1078824564324565,-0.087251737151737,0.7178065656565658,-0.0013321028644558,0.1463958957708956,-0.0133276205218929,0.0858478263566498,-0.0495752708076238,0.1017282048446908,-0.019573260674654,0.0095978354978354,-0.0374297008547008,-0.1185977320065555,0.1441760342598577,0.0610980279524396,0.0659015491216729,-0.1664057831057831,-0.0425439615939615,0.0682750416250416,6.0,4.0,3.0,8.0,1.0,7.0,9.0,6.0,10.0,7.0,6.0,7.0,8.0,1.0,8.0,7.0,6.0,8.0,8.0,8.0,6.0,7.0,8.0,4.0,8.0,8.0,8.0,3.0,7.0,5.0,8.0,4.0,8.0,7.0,8.0,9.0,10.0,9.0,9.0,6.0,3.0,5.0,6.0,1.0,6.0,7.0,9.0,9.0,7.0,9.0,8.0,2.0,7.0,7.0,9.0,7.0,9.0,6.0,4.0,7.0,5.0,2.0,3.0,6.0,1.0,6.0,9.0,5.0,8.0,6.0,3.0,5.0,5.0,1.0,5.0,7.0,6.0,7.0,6.0,8.0,6.0,2.0,6.0,4.0,8.0,7.0,8.0,3.0,4.0,5.0,0.0,0.0,0.0,0,0,0.0,0.0,0.0,0,0.0,0.0,0.0,0.0,0.0,0.0,0.0,0.0,0.0,0.0,0.0,0.0,0,0,0.0,0.0,0.0,0,0.0,0.0,0.0
124.5,-0.4872113849919861,-1.052195838086187,-2.233446926593518,0.6242757717275184,-3.596318732587253,0.2832870150854968,0.9512497485657484,-0.264614916015787,0.4387836073369248,-0.238273537236964,0.64113597390527,-1.0729787147587404,0.8091280862117409,1.8908125007965748,0.127182484452988,0.7921168670023506,-0.7522647245166261,0.7261366101555617,0.1149761207055687,0.9076872708246496,-1.4098298357394494,-0.0147126161962935,0.6058243744226424,-1.1437122788536105,0.9250521576436634,-0.21842118235966,-0.0363581384331667,-2.014559321752059,-0.3589888489007863,1.205381306307248,-0.0604702935952936,-0.1169827561327563,-0.2895196595887774,0.1012606260526537,-0.5054946629222172,0.0470702572796998,0.1736427016481969,-0.0680940056847178,0.0737845502966244,-0.0252904634581104,0.0446222555222555,-0.0735095154845155,0.1274311379796673,0.215734632034632,0.0219615273615274,0.0903077182621299,-0.0862627999107875,0.1083127624009976,0.0126579954359364,0.0798877943350078,-0.1355952768937289,-0.0008253968253968,0.0374188644688642,-0.0963430347430348,0.0879383250736191,-0.023459159467983,-0.0036809793148029,-0.3321992895992895,-0.0524910644910644,0.1814968697968698,8.0,5.0,3.0,9.0,2.0,9.0,8.0,6.0,9.0,7.0,7.0,7.0,8.0,3.0,8.0,7.0,5.0,7.0,10.0,8.0,6.0,7.0,8.0,5.0,7.0,8.0,7.0,2.0,6.0,6.0,7.0,6.0,8.0,9.0,9.0,9.0,9.0,9.0,8.0,5.0,4.0,5.0,7.0,1.0,5.0,8.0,9.0,9.0,7.0,9.0,8.0,2.0,6.0,6.0,10.0,7.0,9.0,6.0,5.0,6.0,6.0,4.0,3.0,8.0,2.0,8.0,8.0,5.0,7.0,4.0,4.0,4.0,7.0,1.0,5.0,7.0,5.0,7.0,7.0,8.0,5.0,2.0,6.0,4.0,7.0,6.0,7.0,2.0,4.0,6.0,0.0,0.0,0.0,0,0,0.0,0.0,0.0,0,0.0,0.0,0.0,0.0,0.0,0.0,0.0,0.0,0.0,0.0,0.0,0.0,0,0,0.0,0.0,0.0,0,0.0,0.0,0.0
125.5,0.383552360827096,-0.3805387130695469,-2.4278948319614235,1.2969498222094915,-2.083517481681506,0.4492071580494087,0.4942343143303733,0.2251035684997597,0.1502168699813282,0.0680121599150164,-0.2856026630752422,-0.3328912566610081,0.5685013079585489,0.3048108312240981,0.4722441095830629,0.762993755135803,-0.7423385872718455,0.6302153552234983,0.0913463961221184,0.1170243987634177,-0.7107961987864118,0.0182790471286184,0.9656954121076656,-0.7726058875175619,0.0988638691220844,0.470525876381455,0.6287314597981275,-2.101017623726203,0.4471428200171093,0.2913892428350417,0.0483216668951963,-0.0457079698079697,-0.3109054169686523,0.2027342241435894,-0.3043540651213253,0.0688493328738684,0.0878842939396344,0.0600322974493386,0.0226880248406563,0.0064306748806749,-0.0201643053025405,-0.0217994045170516,0.0854952268319914,0.041324531024531,0.0848113386613387,0.0822358985699542,-0.0887157141534076,0.0956798708687254,0.0091197614477025,0.0105136925338162,-0.0669844114176156,0.0012968975468976,0.0687504363283774,-0.0670584859584859,0.0092991596638656,0.0519910264572028,0.0633782438751476,-0.3436133755133754,0.075819042069042,0.04616887001887,9.0,5.0,4.0,9.0,4.0,10.0,7.0,7.0,7.0,8.0,6.0,9.0,9.0,5.0,7.0,7.0,5.0,7.0,9.0,6.0,7.0,7.0,8.0,5.0,6.0,8.0,8.0,2.0,7.0,6.0,7.0,7.0,8.0,9.0,8.0,8.0,9.0,10.0,8.0,4.0,6.0,6.0,7.0,1.0,5.0,10.0,9.0,10.0,7.0,8.0,8.0,3.0,6.0,6.0,9.0,8.0,10.0,7.0,5.0,6.0,7.0,5.0,3.0,9.0,3.0,8.0,7.0,7.0,6.0,4.0,5.0,6.0,7.0,1.0,5.0,7.0,5.0,7.0,7.0,6.0,6.0,3.0,6.0,4.0,6.0,7.0,8.0,2.0,5.0,5.0,0.0,0.0,0.0,0,0,0.0,0.0,0.0,0,0.0,0.0,0.0,0.0,0.0,0.0,0.0,0.0,0.0,0.0,0.0,0.0,0,0,0.0,0.0,0.0,0,0.0,0.0,0.0
126.5,0.1490770028767369,-0.066151249239308,-2.0821442290131165,1.3567939179696973,-1.3094375722279277,0.5298580578110952,-0.0696606822307787,0.2676784976034137,-0.0598441722380381,0.127782482835127,0.0205910016096807,0.3485536115418645,0.2692969734346041,-0.2215410823785448,0.4687616227928963,1.1571900293630912,-1.9103285691257832,-0.3323766260487508,0.8645957037742373,-0.4115369466520575,-0.1015055840374269,0.1555987455704577,1.6241153097944137,-0.5471023730990199,0.6801393974313972,0.7550702949760847,0.519464413328399,-1.1398740847456006,1.1227873933025152,1.012401741553513,0.0160075147075146,-0.0081534429622666,-0.2812122877122877,0.2038094978980428,-0.2040808689676335,0.0778982779776121,-0.0113896010078672,0.0710082498942404,-0.0092069155818382,0.0116607503607503,0.0014204932322576,0.0232294913376955,0.0403969474969474,-0.0308182539682539,0.0799913364413366,0.1244981655599304,-0.2243745885263687,-0.0501609643624348,0.0903066859610977,-0.0310325025765428,-0.0104279622510273,0.0108065545565546,0.088658791208791,-0.0399113220113219,0.0701510323010322,0.0778422347346494,0.0515730947844724,-0.1850391608391609,0.1869178710178709,0.165873815073815,8.0,6.0,6.0,8.0,6.0,9.0,5.0,8.0,7.0,8.0,8.0,9.0,8.0,7.0,7.0,7.0,5.0,5.0,8.0,6.0,8.0,7.0,7.0,6.0,6.0,8.0,7.0,3.0,6.0,6.0,6.0,8.0,6.0,8.0,7.0,9.0,8.0,9.0,8.0,4.0,6.0,8.0,6.0,1.0,5.0,9.0,10.0,9.0,7.0,8.0,9.0,4.0,6.0,5.0,8.0,10.0,10.0,7.0,6.0,7.0,6.0,6.0,3.0,8.0,3.0,8.0,5.0,7.0,6.0,4.0,6.0,8.0,6.0,1.0,5.0,7.0,4.0,5.0,7.0,6.0,7.0,4.0,6.0,4.0,6.0,8.0,7.0,3.0,6.0,6.0,0.0,0.0,0.0,0,0,0.0,0.0,0.0,0,0.0,0.0,0.0,0.0,0.0,0.0,0.0,0.0,0.0,0.0,0.0,0.0,0,0,0.0,0.0,0.0,0,0.0,0.0,0.0
127.5,0.2680997429098856,0.4316302861988637,-2.1627305112622612,0.165813756497352,-0.5086309675116816,0.6700067009658847,-0.2999920265527578,0.8468349694950504,-0.9319942085990868,-0.5831464101302777,1.125371374435599,1.3738652752139493,0.5898797347892937,-0.3807912529922808,0.7857122724719175,0.8331088456547328,-0.1199987583161372,0.215585420875005,1.3740485324768572,-1.092395409623687,1.0427866266022543,-1.075904989100605,1.6674839800330827,-0.00174326593778,0.9728490860953434,-0.2086485520467205,-0.0177632329681601,-1.9132851086996616,1.24405051914457,0.6874485238948989,0.0300384171384171,0.0496732282423458,-0.2257478526375586,0.025406479262052,-0.077346384171384,0.08918313800063,-0.0449691867214313,0.2113381778008712,-0.1348194346589085,-0.0517355533355532,0.08237235705471,0.0929899331662489,0.093909262959263,-0.0524006493506493,0.1311048618048618,0.0853465634039164,-0.0138968216166358,0.0323003140650198,0.1320235664662133,-0.0904801943154883,0.1135428560088001,-0.0758574148074148,0.0874823960353371,-0.0001419746919748,0.1139711399711399,-0.0208257740883127,-0.0017521503608192,-0.294846153846154,0.2019824675324676,0.1126808635808636,8.0,7.0,7.0,6.0,8.0,10.0,4.0,9.0,8.0,9.0,7.0,9.0,7.0,9.0,6.0,7.0,6.0,7.0,7.0,5.0,10.0,6.0,7.0,6.0,6.0,6.0,7.0,3.0,6.0,6.0,6.0,8.0,7.0,9.0,5.0,8.0,7.0,8.0,7.0,4.0,6.0,9.0,5.0,1.0,5.0,9.0,10.0,8.0,7.0,6.0,9.0,5.0,6.0,6.0,6.0,10.0,9.0,6.0,6.0,6.0,6.0,7.0,4.0,6.0,3.0,8.0,4.0,8.0,5.0,4.0,6.0,9.0,5.0,1.0,5.0,7.0,6.0,6.0,7.0,4.0,9.0,4.0,6.0,5.0,5.0,6.0,6.0,2.0,6.0,5.0,0.0,0.0,0.0,0,0,0.0,0.0,0.0,0,0.0,0.0,0.0,0.0,0.0,0.0,0.0,0.0,0.0,0.0,0.0,0.0,0,0,0.0,0.0,0.0,0,0.0,0.0,0.0
128.5,1.1981323417783205,0.0823136858275948,-1.137513472410774,0.6911531443993734,-0.4638786805913629,0.4235578416867853,-0.2637198808987961,0.8782602806848094,-0.841596302641676,-0.3823024287364291,0.4416664902005722,0.6250053691714196,0.559344337559472,-0.0444722777999342,0.7051528424080925,0.0307488101975369,0.446365627054167,0.332040302941053,0.7064178136381755,-1.2269442008682214,1.052825020365174,-2.0193335931887826,0.6079998664822756,0.601608104506234,0.4078595504568342,-0.4257180580319588,0.2144096973415056,-0.9456930342411988,0.4820913577830928,0.6181063392464743,0.1306836829836829,0.0101064837123661,-0.1106241147741148,0.1079518617003911,-0.0457964979464978,0.057479736861006,-0.0329223146134911,0.204769770107773,-0.1272443824063793,-0.0338051833787127,0.033217414938003,0.044444950044795,0.0852134754134754,-0.0085279720279719,0.1213460039960039,0.003187041553218,0.0516394874819022,0.0449257358654417,0.0715015613471495,-0.1098753775636128,0.1112388802889577,-0.138251665001665,0.0304090012928247,0.0559926232264466,0.0442846042846043,-0.0442583005230063,0.0199224001488707,-0.1317942002442002,0.0804296703296705,0.1129031746031746,7.0,6.0,8.0,5.0,10.0,10.0,5.0,10.0,8.0,9.0,8.0,9.0,5.0,9.0,6.0,6.0,7.0,5.0,6.0,6.0,10.0,6.0,8.0,8.0,5.0,5.0,8.0,4.0,5.0,6.0,6.0,8.0,6.0,7.0,3.0,8.0,6.0,8.0,7.0,5.0,6.0,8.0,5.0,3.0,5.0,9.0,10.0,8.0,7.0,6.0,10.0,7.0,7.0,7.0,6.0,8.0,8.0,5.0,5.0,4.0,6.0,6.0,5.0,5.0,3.0,8.0,4.0,8.0,5.0,5.0,6.0,8.0,4.0,3.0,5.0,6.0,7.0,5.0,6.0,4.0,9.0,5.0,7.0,7.0,4.0,5.0,7.0,3.0,4.0,4.0,0.0,0.0,0.0,0,0,0.0,0.0,0.0,0,0.0,0.0,0.0,0.0,0.0,0.0,0.0,0.0,0.0,0.0,0.0,0.0,0,0,0.0,0.0,0.0,0,0.0,0.0,0.0
129.5,0.885851592014022,-0.1403028969557515,-0.3897996155356951,-1.379856615115313,0.2938587556254762,0.2887350568821036,0.3230698491112591,0.6985896091600504,-0.3337835551280583,-0.5419556014571074,-0.2509652167334612,-0.0895216499758317,1.783086392345531,-0.2978448192704778,0.112315787495949,-0.0124057262135965,0.4489159153008391,-0.8021456280095773,0.1065987180189835,-0.2510793895513927,0.895570233087497,-0.8796201125875118,-0.5556298024159946,-0.1093123125356699,0.5823240512706042,0.1533391562373897,0.5416657372695766,-0.4799420508296059,0.1474978117857126,0.630220077608031,0.0926066822066823,-0.0172946414696415,-0.0338205405705405,-0.181844410405556,0.0271345321345322,0.0417513376630248,0.0448615571820679,0.1752235586137289,-0.0516804009543946,-0.046399419697949,-0.0214537075669428,-0.0073239005318728,0.2629919913419913,-0.0528251914751914,0.0214033840342664,-0.0013129721585604,0.0536462869088255,-0.1096716804437393,0.0109314171122995,-0.0171533515504105,0.0938252078159197,-0.0650703884350943,-0.0277392785319257,-0.0106005301887656,0.0670445887445888,0.0157235969912441,0.0485852343734695,-0.0652937284937285,0.0238185425685425,0.1018764790764792,6.0,5.0,8.0,3.0,8.0,10.0,5.0,9.0,10.0,9.0,7.0,9.0,5.0,10.0,4.0,6.0,7.0,4.0,5.0,6.0,9.0,6.0,9.0,9.0,5.0,5.0,9.0,6.0,6.0,6.0,4.0,7.0,5.0,7.0,3.0,8.0,7.0,9.0,7.0,5.0,6.0,8.0,4.0,4.0,6.0,9.0,10.0,8.0,7.0,6.0,9.0,8.0,7.0,7.0,4.0,7.0,8.0,5.0,3.0,4.0,4.0,5.0,5.0,3.0,3.0,8.0,5.0,8.0,6.0,5.0,5.0,7.0,4.0,4.0,4.0,6.0,7.0,4.0,5.0,5.0,8.0,6.0,7.0,7.0,3.0,5.0,8.0,4.0,3.0,4.0,0.0,0.0,0.0,0,0,0.0,0.0,0.0,0,0.0,0.0,0.0,0.0,0.0,0.0,0.0,0.0,0.0,0.0,0.0,0.0,0,0,0.0,0.0,0.0,0,0.0,0.0,0.0
130.5,2.121981635415855,-1.993627658626903,-0.4017045811088239,-0.5645218359863887,0.420413422548949,0.9109969425737856,0.5234357289308214,0.788127473654966,-0.2323410240374603,0.1343460144223547,1.1119326533231892,0.7665549633857615,1.1111914897767214,0.322740243288729,-0.617196732162393,-0.2968728486674851,0.9856243641148889,-1.7675603775334008,-0.3061481791620706,-0.6321927532378349,1.7919398159593445,-0.5163891043367917,-1.0810932940392906,0.8352257654618925,0.147237703430301,-1.6154414890728033,1.0308755925752011,0.4614172045360649,-0.0110140454547577,-0.2244993156337139,0.2722621212121213,-0.231317457705693,-0.0336993228993228,-0.0747351392071982,0.0573222277722277,0.1563359732888369,0.0648699885082239,0.1914089963012563,-0.0347601042748101,0.0117948471463178,0.0778680858357326,0.0646700338876808,0.1571344155844154,0.0558337551337552,-0.1253256129491423,-0.0326430427415721,0.1207612482374865,-0.2637517515164574,-0.0356928793428793,-0.0467424389336155,0.1857077678169783,-0.0404722880061116,-0.0553238746375744,0.0883450240935534,0.0133976190476189,-0.1486434594816948,0.0952860314522079,0.0608268342768343,-0.0017610389610389,-0.0332952380952381,4.0,5.0,8.0,4.0,8.0,10.0,6.0,10.0,11.0,8.0,7.0,9.0,4.0,8.0,3.0,7.0,8.0,3.0,6.0,9.0,9.0,6.0,8.0,8.0,6.0,4.0,8.0,7.0,6.0,5.0,3.0,8.0,5.0,7.0,4.0,10.0,6.0,8.0,5.0,5.0,6.0,7.0,2.0,5.0,6.0,8.0,10.0,8.0,5.0,6.0,9.0,8.0,8.0,8.0,2.0,7.0,8.0,5.0,2.0,4.0,3.0,4.0,5.0,4.0,4.0,10.0,5.0,8.0,5.0,5.0,6.0,7.0,2.0,5.0,3.0,6.0,8.0,3.0,4.0,6.0,9.0,6.0,7.0,8.0,2.0,4.0,8.0,5.0,2.0,3.0,1.0,0.0,0.0,0,0,0.0,0.0,0.0,0,0.0,0.0,0.0,0.0,0.0,0.0,0.0,0.0,0.0,0.0,0.0,0.0,0,0,0.0,0.0,0.0,0,0.0,0.0,0.0
131.5,2.5350455662520828,-2.0726134777223635,1.1635796802324807,-0.2266956473967387,0.0289872153433673,0.9544711238143369,0.8307577670855815,0.7403333031679781,-0.5109064056243053,0.0550339154725282,2.353213297245973,0.0968395424290306,0.7479669803207017,0.8991188178034089,-1.5574634021706515,0.0618354409154531,1.2682676891315656,-1.5601027577606943,-0.2432942025744416,-0.5660919896732689,1.3454974003178726,-2.7126896506388896,0.6658577105308474,0.428287475590401,-0.0681896746112166,-3.3329331072936266,1.211820982620378,-0.2580740017145205,-0.0508577975030661,0.5184493912269695,0.2735068653568653,-0.2458910811410811,0.1189442834942835,-0.0346999798189426,0.0036952952276481,0.1570765190777573,0.1192259927980515,0.1898581553293629,-0.0587763300425064,0.0043040518305222,0.1600317241581946,0.0082373675344263,0.0901618326118326,0.1587175504234328,-0.3279054262730735,0.0067290790908437,0.1502819303159861,-0.2286851232101232,-0.0317589355089354,-0.0436553622847741,0.1619038182405829,-0.1991579113696761,0.0338784654887595,0.0502622308290264,-0.0037380952380952,-0.3131396854779209,0.127951330059689,-0.0392088744588745,-0.0085834776334775,0.0867523809523809,4.0,6.0,7.0,5.0,7.0,9.0,8.0,9.0,11.0,6.0,6.0,9.0,4.0,7.0,2.0,6.0,8.0,3.0,6.0,9.0,8.0,6.0,8.0,8.0,6.0,3.0,9.0,7.0,7.0,5.0,3.0,7.0,6.0,8.0,6.0,10.0,7.0,8.0,5.0,6.0,6.0,6.0,1.0,6.0,7.0,9.0,9.0,7.0,4.0,6.0,7.0,9.0,7.0,9.0,1.0,8.0,9.0,4.0,3.0,3.0,3.0,4.0,6.0,5.0,5.0,9.0,7.0,8.0,5.0,5.0,6.0,6.0,1.0,6.0,2.0,6.0,8.0,3.0,3.0,6.0,7.0,5.0,7.0,8.0,1.0,3.0,9.0,4.0,3.0,3.0,1.0,0.0,0.0,0,0,0.0,0.0,0.0,0,0.0,0.0,0.0,0.0,0.0,0.0,0.0,0.0,0.0,0.0,0.0,0.0,0,0,0.0,0.0,0.0,0,0.0,0.0,0.0
132.5,2.478665361847649,-2.5266380499028833,0.7259314301773946,-0.4273395653424092,-0.3039903614905196,1.0751973876988763,0.9430976586776612,0.5203277726989739,0.1651007096832683,-0.6143663943647103,1.0591910976569054,-0.2665438312533281,1.08273370464607,0.2662121081026323,-2.434199526797418,-0.3056653559132477,0.5795508236464242,-1.7225887651495184,1.1401726156708998,0.5124255233481837,0.9304880747686244,-1.5087683599485318,1.0236112175379164,1.0400751993045012,-0.4090748157358785,-2.065589007755851,0.6312788671693907,0.4815867056191501,0.4195105708628766,-0.632714588633273,0.259407758907759,-0.312292607555843,0.0758651681651682,-0.0718671683150011,-0.0346293802602626,0.1771000428106464,0.1340834950738975,0.1323490839827527,0.0229755579387932,-0.0472947194961901,0.0815059135309136,-0.0237086052836051,0.1480997835497834,0.0475579988638811,-0.5035924350159645,-0.0341413336663336,0.0685464971818687,-0.2485028832278832,0.1262569985569985,0.0391948280993171,0.0877443138560785,-0.121772070086776,0.0641241219564747,0.1152212700697994,-0.0374364357864358,-0.1992298327489505,0.0642951534189922,0.0701013209013209,0.072927922077922,-0.1052329614829614,4.0,5.0,7.0,6.0,8.0,8.0,8.0,10.0,10.0,7.0,7.0,8.0,4.0,5.0,1.0,5.0,7.0,4.0,5.0,9.0,6.0,8.0,8.0,8.0,7.0,4.0,8.0,6.0,6.0,4.0,3.0,7.0,6.0,8.0,7.0,9.0,7.0,9.0,6.0,6.0,5.0,5.0,2.0,7.0,6.0,8.0,10.0,7.0,3.0,8.0,7.0,8.0,7.0,8.0,3.0,8.0,10.0,5.0,3.0,5.0,3.0,3.0,6.0,5.0,6.0,8.0,7.0,8.0,6.0,5.0,5.0,4.0,2.0,5.0,1.0,5.0,7.0,3.0,3.0,8.0,6.0,6.0,7.0,8.0,3.0,4.0,8.0,5.0,3.0,3.0,1.0,0.0,0.0,0,0,0.0,0.0,0.0,0,0.0,0.0,0.0,0.0,0.0,0.0,0.0,0.0,0.0,0.0,0.0,0.0,0,0,0.0,0.0,0.0,0,0.0,0.0,0.0
133.5,2.401580869193933,-1.640143317859838,0.6652297774339089,0.5269150412771196,-1.075987987148899,0.5916701402918638,0.8061268284454023,0.7714823503212584,0.2408606999408838,-0.4495160884100072,-0.2384946909473514,0.0711745643642464,0.959886345401285,0.4224144840886726,-4.044970807883379,-0.3997386013526563,0.9516475929829944,-0.9342610106396434,-2.107126077478965,0.7669999099453455,0.8827285838872202,-0.4942105904803184,1.0356839782333684,0.4272403048924986,-0.2712523931392631,-1.3428648901100682,-0.7586241553877477,0.5617670916874041,-0.2770668808554611,-0.0348166945622682,0.2636457597957599,-0.2087106671106672,0.0661786047286047,0.0896856499881267,-0.1229377352265899,0.084053465471577,0.119406858775899,0.1819606558731945,0.0416714798875015,-0.0357766645119586,-0.0194858447108446,0.0050032856032856,0.131240132090132,0.0747789112847937,-0.7873163284427991,-0.044416441891442,0.1128335509261979,-0.1282316923272807,-0.2179881396381395,0.0682820391854446,0.0725170835700247,-0.0361254613034025,0.0623020541549952,0.046099296944885,-0.0242416305916305,-0.1278443474825827,-0.0777985981167096,0.0942907758907759,-0.0438553224553225,-0.0055578366078365,4.0,7.0,7.0,7.0,8.0,7.0,9.0,8.0,8.0,7.0,6.0,8.0,5.0,5.0,0.0,6.0,7.0,4.0,4.0,10.0,5.0,8.0,7.0,8.0,7.0,5.0,6.0,7.0,5.0,4.0,3.0,6.0,6.0,9.0,8.0,9.0,7.0,8.0,7.0,6.0,5.0,4.0,3.0,7.0,6.0,7.0,8.0,8.0,4.0,9.0,6.0,8.0,8.0,8.0,3.0,9.0,10.0,6.0,4.0,6.0,3.0,4.0,6.0,7.0,6.0,7.0,7.0,7.0,6.0,5.0,4.0,4.0,3.0,5.0,0.0,5.0,7.0,4.0,2.0,9.0,5.0,7.0,7.0,7.0,3.0,5.0,6.0,6.0,3.0,4.0,1.0,0.0,0.0,0,0,0.0,0.0,0.0,0,0.0,0.0,0.0,0.0,0.0,0.0,0.0,0.0,0.0,0.0,0.0,0.0,0,0,0.0,0.0,0.0,0,0.0,0.0,0.0
134.5,1.0252670248321138,-0.123262539702411,0.8816614131220556,1.2879907989065664,-0.1749603029005,-0.0376270583213466,0.2835636619686323,0.8424896658674111,-0.3718716048374173,-1.013119643638426,-1.188085986560622,-0.4459790157251037,1.6129855813647291,-0.356338192354593,-3.9812346975902217,-0.15904891035133,0.46537935725727,-1.028843461920279,-1.9141615407195944,1.230694738002723,0.9932767193506046,0.103400163652367,-0.2371623839819003,1.1668303597353031,-0.2630382479477661,-1.477592325264348,-0.1837564211455746,0.4537483261325078,-0.8622740117089922,0.0435718754008137,0.1204160783660782,-0.0146736652236652,0.1115326049767225,0.2146915455115919,-0.0227502672508091,-0.0055841340633909,0.0392307512748689,0.187989303721734,-0.0672798512546963,-0.1007294452279746,-0.0972170829170829,-0.0306630092130091,0.2269772727272727,-0.0634944591356356,-0.7745257224801343,-0.0167559220191574,0.0527218839983546,-0.1527562684047978,-0.2102059940059939,0.1111315643936384,0.0881259906759905,0.0071152675755615,-0.0155105850032321,0.126605706385118,-0.0211821789321788,-0.1362598402113882,-0.0191982852115204,0.0763337329337328,-0.1365154345654345,0.0071309024309025,4.0,7.0,7.0,9.0,10.0,6.0,9.0,7.0,6.0,8.0,7.0,6.0,4.0,5.0,0.0,7.0,6.0,4.0,4.0,9.0,5.0,7.0,7.0,8.0,7.0,5.0,5.0,5.0,4.0,4.0,5.0,6.0,8.0,9.0,9.0,9.0,5.0,7.0,8.0,5.0,4.0,5.0,3.0,6.0,6.0,8.0,7.0,8.0,4.0,10.0,6.0,8.0,7.0,8.0,4.0,10.0,8.0,6.0,5.0,6.0,4.0,5.0,7.0,9.0,8.0,6.0,5.0,6.0,5.0,4.0,3.0,4.0,3.0,4.0,0.0,6.0,5.0,4.0,2.0,9.0,5.0,7.0,6.0,8.0,4.0,5.0,5.0,5.0,3.0,4.0,1.0,0.0,0.0,0,0,0.0,0.0,0.0,0,0.0,0.0,0.0,0.0,0.0,0.0,0.0,0.0,0.0,0.0,0.0,0.0,0,0,0.0,0.0,0.0,0,0.0,0.0,0.0
135.5,-0.102491788633514,0.8908007416097456,0.2016334827036497,0.512978850596461,-0.5331916344906157,0.0557659055881714,0.6148461268814204,0.9898231046367054,-1.1747155822250404,-1.879727550372973,-1.5347128121828053,0.375486601233723,0.8758240972445299,-0.6589317052106778,-2.589427634092112,0.08165597781707,-0.0420651091299729,-1.0581706388455407,-1.7261573717145744,0.4972021986749806,1.056530175810806,-0.343170073563981,0.5495402131569267,0.6770410900216137,0.2027866568528965,0.1028194800402811,-0.8492481652699473,0.5457183665207732,-0.7662617309573471,-0.9038146575916216,-0.0108543401043401,0.1038332778332778,0.026264783419195,0.0898842350202258,-0.069577653538412,0.0083828813773083,0.0765727556756968,0.2207740468166164,-0.2187117270586311,-0.2133555444555444,-0.1360256798756798,0.0291410212336683,0.1181350427350428,-0.1158741862712451,-0.4860942874119346,0.0087111951773714,-0.0043510378510379,-0.1641496322305146,-0.1775907203907205,0.0443961304089786,0.0948385697635696,-0.0243803392685746,0.0275161208072971,0.067498535614712,0.0142073260073259,0.0097161554905362,-0.0750579954359366,0.0893693306693306,-0.1284001443001444,-0.1521106837606838,6.0,6.0,6.0,10.0,10.0,6.0,9.0,8.0,4.0,7.0,8.0,6.0,3.0,6.0,1.0,6.0,5.0,4.0,3.0,9.0,4.0,8.0,8.0,8.0,7.0,7.0,5.0,5.0,3.0,3.0,6.0,4.0,8.0,7.0,8.0,8.0,6.0,7.0,10.0,4.0,4.0,6.0,4.0,6.0,6.0,8.0,6.0,8.0,6.0,9.0,5.0,8.0,7.0,7.0,6.0,10.0,8.0,6.0,6.0,7.0,5.0,4.0,6.0,7.0,7.0,6.0,6.0,7.0,4.0,2.0,3.0,5.0,3.0,4.0,1.0,6.0,4.0,4.0,3.0,8.0,4.0,7.0,7.0,7.0,6.0,7.0,5.0,5.0,3.0,3.0,0.0,0.0,0.0,0,0,0.0,0.0,0.0,0,0.0,0.0,0.0,0.0,0.0,0.0,0.0,0.0,0.0,0.0,0.0,0.0,0,0,0.0,0.0,0.0,0,0.0,0.0,0.0
136.5,-0.246882094029898,1.0875758236786195,0.9152216464611136,0.3860210081559155,-0.0503402695545529,0.1128466525415459,-0.3713943452183496,0.948695634568564,-1.851603143601473,-0.4717842598934708,0.0591082333577808,-2.1094058154567037,-0.7441265795397555,-0.8538270721284477,-2.225777447038583,0.4763912003758567,0.108158658872704,-1.0876856734955127,-2.530678254047367,0.3324458676581768,-1.1116438442571217,0.4593473539238134,0.6389743595407582,1.184569706060793,1.5397759736498438,0.1858335547286397,-1.4694479171297057,0.3257386592581143,-1.0730873112808064,-1.0659972900238297,-0.0313722055722056,0.1086769230769231,0.1220223810503221,0.0719356338106339,-0.0068262712777419,0.0189175247353264,-0.0408011237128883,0.2253061482377272,-0.322017108020978,-0.0400620657120657,0.0045577922077921,-0.1541837662337661,-0.1124921855921856,-0.1486923631923632,-0.3752797813297813,0.049980919080919,0.010114923964924,-0.1699504906857848,-0.2947140513081691,0.0285877512408471,-0.1326001970251971,0.0336339327339326,0.0303935251023483,0.1085010087951263,0.1383387945387945,0.0188615320953554,-0.1202345742492801,0.0549312909312909,-0.1820931235431235,-0.1606610056610057,6.0,6.0,7.0,9.0,10.0,7.0,10.0,7.0,2.0,9.0,8.0,5.0,3.0,7.0,2.0,8.0,6.0,4.0,3.0,9.0,5.0,8.0,8.0,7.0,7.0,7.0,4.0,5.0,3.0,3.0,5.0,4.0,8.0,5.0,6.0,9.0,5.0,8.0,9.0,2.0,4.0,5.0,6.0,6.0,4.0,7.0,6.0,9.0,8.0,9.0,5.0,7.0,7.0,7.0,7.0,7.0,7.0,7.0,7.0,8.0,4.0,4.0,7.0,5.0,6.0,7.0,5.0,7.0,2.0,2.0,4.0,3.0,3.0,4.0,1.0,7.0,5.0,4.0,3.0,8.0,3.0,7.0,7.0,7.0,7.0,6.0,4.0,5.0,3.0,3.0,0.0,0.0,0.0,0,0,0.0,0.0,0.0,0,0.0,0.0,0.0,0.0,0.0,0.0,0.0,0.0,0.0,0.0,0.0,0.0,0,0,0.0,0.0,0.0,0,0.0,0.0,0.0
137.5,-0.4791775724615378,0.3336473666007037,1.4440604047862586,1.448471696333766,0.71052453052106,-0.293396307136267,0.3501461157206721,0.1053033511193079,-2.258045230105068,-0.6656337497033273,-0.2055014573944265,-1.917699920830561,-0.9668771997188296,0.3542045322630013,-1.7548330717272378,0.7756156811057862,1.7709236626981282,-1.868222311245568,-1.3044967211978098,0.8254806786038557,0.0788971192604275,1.6544225154959886,0.0795024305568289,0.5301520888474802,1.3043820466989169,0.1696035178202987,-0.746410912583142,0.3430745715591817,-1.8774824328440956,0.5039764692580371,-0.049522483072483,0.027300987900988,0.1785045952413598,0.1769378993555463,0.0899751095309918,-0.0479476836888601,0.0443123255829139,0.0270509535442197,-0.3585278306488833,-0.0536955211455211,-0.0137867909867909,-0.1735875901875903,-0.1383842657342657,0.0548562006620828,-0.31007881007881,0.0847397161661867,0.1746853646353645,-0.278644893891798,-0.1526736815472109,0.069531752458068,0.008580957930958,0.1486453879453879,0.0040222271364684,0.0485077151606562,0.1154939171939171,0.018849098124098,-0.0592554176215941,0.0577175213675213,-0.3138565767565767,0.0724460567210567,7.0,7.0,7.0,8.0,9.0,9.0,9.0,5.0,2.0,9.0,8.0,6.0,3.0,8.0,4.0,7.0,6.0,3.0,4.0,10.0,7.0,7.0,9.0,8.0,6.0,8.0,5.0,5.0,2.0,5.0,6.0,4.0,7.0,6.0,7.0,8.0,6.0,8.0,8.0,2.0,4.0,5.0,6.0,6.0,3.0,8.0,6.0,10.0,8.0,9.0,4.0,6.0,8.0,7.0,6.0,6.0,7.0,7.0,6.0,8.0,5.0,4.0,7.0,6.0,7.0,6.0,6.0,5.0,2.0,2.0,4.0,3.0,3.0,6.0,1.0,7.0,6.0,3.0,4.0,9.0,4.0,6.0,8.0,7.0,6.0,5.0,5.0,5.0,2.0,5.0,0.0,0.0,0.0,0,0,0.0,0.0,0.0,0,0.0,0.0,0.0,0.0,0.0,0.0,0.0,0.0,0.0,0.0,0.0,0.0,0,0,0.0,0.0,0.0,0,0.0,0.0,0.0
138.5,-0.774228526645928,1.1861124690066849,1.2158370816125943,-0.3400127168049032,0.0843713315826815,-0.1857741273127069,0.4163098311852574,0.4436331470257002,-1.5251479302652975,-0.6465975270201695,0.6334747879276322,-3.30090599662011,-2.468241082230348,0.0098952078468161,-0.8175168469099338,-0.4424913379826684,0.9254994994519236,-1.201981699277286,-0.9185202368881076,0.7804560784181049,-0.6115951812131205,0.8053224674096854,1.626054385851314,-0.6637333947229558,1.14131195169391,0.7026076398141708,-0.2560938630257823,0.4276920298356819,-1.7655415768367624,0.5744064061682422,-0.080200160950161,0.0917728438228439,0.1513395268130561,-0.0454229096067331,0.0093786197462667,-0.0274707201295435,0.0626979796089701,0.1179004549286282,-0.2322966444546167,-0.0506169164169164,0.0441250194250194,-0.2766102235999295,-0.3716588858853566,0.001578132978133,-0.1072749084249083,-0.0473899673855556,0.104350704197763,-0.1721498369191868,-0.1035786860198626,0.0649786075293813,-0.0631324009324009,0.0702204018204019,0.0820224544203644,-0.0618825243384068,0.1059538461538461,0.0853714063714063,-0.0229611006640418,0.0667825618825619,-0.2977848984348984,0.0853007936507936,8.0,6.0,8.0,6.0,10.0,10.0,7.0,6.0,3.0,9.0,7.0,6.0,2.0,9.0,5.0,5.0,6.0,4.0,4.0,10.0,8.0,7.0,9.0,8.0,7.0,8.0,7.0,5.0,2.0,5.0,6.0,4.0,7.0,6.0,7.0,7.0,7.0,8.0,8.0,2.0,4.0,6.0,7.0,6.0,3.0,8.0,7.0,10.0,7.0,9.0,3.0,4.0,9.0,7.0,7.0,4.0,7.0,7.0,6.0,7.0,5.0,4.0,7.0,4.0,7.0,6.0,6.0,6.0,3.0,2.0,4.0,3.0,2.0,6.0,2.0,5.0,6.0,4.0,4.0,9.0,3.0,4.0,9.0,6.0,7.0,4.0,6.0,5.0,2.0,5.0,0.0,0.0,0.0,0,0,0.0,0.0,0.0,0,0.0,0.0,0.0,0.0,0.0,0.0,0.0,0.0,0.0,0.0,0.0,0.0,0,0,0.0,0.0,0.0,0,0.0,0.0,0.0
139.5,0.2042911958156114,1.258342604713646,1.378245179866452,-1.4959999791101648,0.4092054343151631,0.052764224332193,0.359441704053099,0.2025849571078935,-0.4790833646356139,-1.050805047160503,0.4607092349605721,-1.846142101415248,-2.323704970665233,-0.3326715038312785,0.1615528906684092,-1.642748667874782,-0.0851563342654452,-0.5218542103630578,-0.4751563182968652,1.2568199546788883,-1.4117605639046142,1.1120740117600427,0.4296689373109347,0.1166805705497973,1.4276346450263373,0.0182013037401228,0.654942858039933,0.5878653893010497,-1.3697756070944824,1.297823638185568,0.0234771728271726,0.1340622821622821,0.1880005161505161,-0.2450296536796536,0.0491328782328781,0.0063368928457163,0.0639643514552182,0.0525127533972734,-0.0872506228635485,-0.0933155067155067,0.033538295038295,-0.126768079143079,-0.3653918029682735,-0.0580307303807304,0.0258273781773781,-0.1748753457326988,-0.0104559109878769,-0.0749056555759342,-0.0560675993940699,0.1071667259211376,-0.1242393384393384,0.1210409812409812,0.0254925819450586,0.0117269242195712,0.1425466533466532,0.00173552003552,0.0634410616473309,0.0947528249528248,-0.2381837301587303,0.1917848040848041,8.0,6.0,6.0,4.0,9.0,11.0,7.0,5.0,5.0,10.0,5.0,8.0,2.0,10.0,5.0,4.0,6.0,5.0,5.0,10.0,10.0,7.0,9.0,8.0,7.0,8.0,8.0,5.0,4.0,6.0,6.0,5.0,5.0,5.0,7.0,7.0,9.0,8.0,9.0,3.0,5.0,5.0,7.0,5.0,4.0,8.0,9.0,10.0,8.0,9.0,2.0,3.0,8.0,8.0,7.0,4.0,9.0,6.0,7.0,7.0,6.0,5.0,5.0,2.0,7.0,7.0,7.0,5.0,5.0,3.0,4.0,4.0,2.0,5.0,3.0,4.0,6.0,5.0,5.0,9.0,2.0,3.0,8.0,7.0,7.0,4.0,8.0,5.0,3.0,6.0,0.0,0.0,0.0,0,0,0.0,0.0,0.0,0,0.0,0.0,0.0,0.0,0.0,0.0,0.0,0.0,0.0,0.0,0.0,0.0,0,0,0.0,0.0,0.0,0,0.0,0.0,0.0
140.5,0.7829960661442118,1.4892168875141818,1.7983728678947215,-1.184684733705303,0.1627475012579077,0.2198527522496289,0.3224853451342759,-0.8150797540185251,-0.0191454015850763,-1.1572165589224646,1.7053178814808072,-1.774135321534701,-0.4384740649962167,-0.0033843692723173,0.9403885720513973,-0.766863300768373,-0.8421950935532111,0.6740528507150533,-0.5398471508447868,0.6171153393630836,-0.9556095591702036,1.240820687424797,0.0269911224617949,-0.3068923123083132,-0.7148937675310141,-0.1775480320482766,0.6594693843843586,0.4023409995712025,-0.5817915518223353,1.3946331251017274,0.0949748640248641,0.1353061272061271,0.2127078144078144,-0.1902942766383945,0.0215851761585507,0.0280850714387091,0.0548683173379767,-0.2125320961632107,-0.0036600304923835,-0.1015784382284381,0.1225646076146076,-0.1158022255522254,-0.0739943112443113,-0.0005791319791319,0.1602389332889332,-0.0799700799200799,-0.103201968628207,0.0996972023074963,-0.064363249658838,0.0514674064497593,-0.060761111111111,0.0841979797979799,0.0012603272888102,-0.033038232192644,-0.0666707958707959,-0.0155464590964591,0.0630340796372528,0.0655361305361305,-0.0993280330780331,0.2148207237207237,7.0,6.0,6.0,3.0,8.0,10.0,6.0,3.0,6.0,10.0,4.0,11.0,3.0,9.0,5.0,5.0,5.0,7.0,5.0,10.0,9.0,6.0,9.0,8.0,5.0,8.0,8.0,5.0,5.0,6.0,6.0,6.0,5.0,7.0,8.0,7.0,8.0,9.0,9.0,4.0,5.0,4.0,6.0,5.0,3.0,9.0,10.0,9.0,8.0,8.0,1.0,3.0,8.0,8.0,7.0,4.0,10.0,5.0,7.0,6.0,6.0,6.0,5.0,3.0,7.0,7.0,6.0,3.0,6.0,4.0,4.0,4.0,3.0,5.0,3.0,5.0,5.0,7.0,5.0,8.0,1.0,3.0,8.0,7.0,5.0,4.0,8.0,4.0,4.0,6.0,0.0,0.0,0.0,0,0,0.0,0.0,0.0,0,0.0,0.0,0.0,0.0,0.0,0.0,0.0,0.0,0.0,0.0,0.0,0.0,0,0,0.0,0.0,0.0,0,0.0,0.0,0.0
141.5,0.6978486578258852,0.4895697983275942,0.1403630210792607,-1.6945491088784173,-0.019407267583952,0.0909980831904487,-0.2371180932994646,-2.091080552095267,0.6775460929551224,-1.037200277895917,0.5296396665677037,-1.0389547182927878,-0.1131908087281692,-0.6171379307698636,0.8299552781880182,-1.6558376861815585,-0.6500720176822686,0.6062590453581642,-0.6298189178911457,-0.1586545593096822,-0.3419566375449531,1.2970281597668818,0.4211087915634703,0.6769087644096933,-0.6321079938550898,0.8692543195389921,0.6616725795507771,-0.5155660600476463,-0.4806657266550332,1.2785035528778734,0.096599513558337,0.0519286435786434,0.0151624597624597,-0.296636945467673,-0.0026619582429955,0.0131391164391163,-0.0388494143369531,-0.5321329273152029,0.1233870713222106,-0.0784186940510471,0.0386746808746809,-0.0706451104451103,-0.0192498501498501,-0.1081534965034964,0.1535915639915638,-0.1853700753494871,-0.0799939219277454,0.0833580675860087,-0.0775717251101152,-0.0126750045705927,-0.0269576479076479,0.0812193362193361,0.0215975490196077,0.0725759461127107,-0.0689806193806193,0.0918866799866799,0.0646277822195003,-0.0683069874569874,-0.0805246919746921,0.2108921855921856,7.0,5.0,4.0,3.0,7.0,10.0,5.0,1.0,8.0,10.0,5.0,10.0,5.0,8.0,6.0,4.0,5.0,8.0,5.0,10.0,8.0,6.0,10.0,9.0,6.0,7.0,8.0,4.0,5.0,6.0,8.0,6.0,4.0,9.0,10.0,6.0,7.0,9.0,10.0,6.0,5.0,3.0,5.0,4.0,5.0,9.0,9.0,9.0,9.0,7.0,1.0,3.0,9.0,8.0,7.0,5.0,10.0,5.0,6.0,5.0,7.0,5.0,3.0,3.0,7.0,6.0,4.0,1.0,8.0,6.0,4.0,3.0,3.0,3.0,5.0,4.0,5.0,7.0,5.0,7.0,1.0,3.0,9.0,8.0,5.0,5.0,8.0,3.0,4.0,5.0,0.0,0.0,0.0,0,0,0.0,0.0,0.0,0,0.0,0.0,0.0,0.0,0.0,0.0,0.0,0.0,0.0,0.0,0.0,0.0,0,0,0.0,0.0,0.0,0,0.0,0.0,0.0
142.5,0.6073942577527298,-1.5261123284787816,0.0576092808094934,-2.015036378027624,-0.2734369725630017,0.5599995005191273,-0.1620985474034562,-2.079689456303824,0.4598060744783002,-1.8288093956421485,-1.1886129085521204,-0.0529362689548449,-1.3133047299595708,-0.5029924313578811,1.0303419944869203,-0.4996445560028821,-1.6743236867106766,0.7919737348491919,0.0189304553860861,-1.0517979994939437,0.08241836373037,0.6495226284384467,0.3091375401855079,0.7764239414458751,0.189099289938469,1.338569123109645,-0.0463902929351291,-1.917039658261875,-0.1664478313912139,1.2733175634747926,0.0862290598290598,-0.1741159895659897,0.0056487401487401,-0.3515617869746352,-0.0400810378733753,0.090836182445006,-0.0246046092796092,-0.4995695495508963,0.0814006680883615,-0.1682260262613203,-0.0906742146742146,-0.0043245615495615,-0.2346735875235875,-0.0740889332889331,0.194745965472436,-0.056198951048951,-0.1970712122500821,0.1047745476745477,0.0024426277884481,-0.0833729035670213,0.0070999278499278,0.0489821789321788,0.016918305567841,0.0754857009004067,0.0183477189477189,0.1372402656167362,-0.0047481800277466,-0.2183452380952382,-0.0272039571539571,0.1836952158952158,5.0,3.0,4.0,3.0,6.0,9.0,6.0,1.0,8.0,12.0,4.0,9.0,4.0,9.0,6.0,5.0,4.0,8.0,6.0,10.0,7.0,7.0,9.0,8.0,6.0,7.0,7.0,3.0,7.0,5.0,7.0,6.0,4.0,8.0,8.0,7.0,6.0,8.0,9.0,5.0,5.0,5.0,3.0,4.0,6.0,8.0,9.0,7.0,9.0,6.0,1.0,5.0,8.0,7.0,8.0,7.0,10.0,4.0,6.0,5.0,5.0,3.0,3.0,2.0,5.0,7.0,4.0,1.0,7.0,5.0,3.0,5.0,1.0,4.0,6.0,5.0,4.0,6.0,6.0,6.0,1.0,5.0,8.0,7.0,6.0,7.0,7.0,2.0,5.0,5.0,0.0,0.0,0.0,0,0,0.0,0.0,0.0,0,0.0,0.0,0.0,0.0,0.0,0.0,0.0,0.0,0.0,0.0,0.0,0.0,0,0,0.0,0.0,0.0,0,0.0,0.0,0.0
143.5,0.3607175237817802,-1.3276660128963964,-0.3252277735973059,-1.43565883742586,-0.8418136977816193,0.988938450669842,0.7506128491532218,-3.0430046983901744,0.6345126430369944,-1.432676921111585,-0.3768306679435608,-0.3121169975796195,0.7672559502808199,-0.1037274627972104,0.6369940674407195,0.6254216099773118,-0.8979859278307111,0.0532333710441534,0.5411277268322865,-1.5622127116573326,0.3427770636205999,0.6525759932454788,-0.0712447712396073,1.3354464041066851,0.0363495867330407,0.2358698167142943,-0.732294916558554,-3.9544424028959466,0.7417477096123546,1.2999130289969796,0.0456271728271729,-0.1518652125652126,-0.0357788933288932,-0.2179315176911151,-0.1116862144391555,0.1435498377525467,0.0993380870763224,-0.7166301093900941,0.1044901802789572,-0.1147160966484496,-0.0287905316905315,-0.0276165280797633,0.0981959595959596,-0.0155949938949939,0.1213453908836261,0.0720948135198134,-0.1060949905873279,0.0061028971028971,0.0707206608149333,-0.1131472458913636,0.019959163059163,0.0430698634698633,-0.0038069650937299,0.1261893996526348,0.0034734432234431,0.0235971782775187,-0.0750074478239339,-0.4568920634920636,0.1188039405039405,0.1842007548007548,4.0,3.0,3.0,5.0,6.0,9.0,8.0,0.0,9.0,11.0,6.0,8.0,4.0,8.0,6.0,6.0,5.0,8.0,7.0,10.0,6.0,7.0,9.0,8.0,6.0,7.0,6.0,2.0,7.0,5.0,6.0,6.0,5.0,7.0,7.0,8.0,5.0,7.0,8.0,6.0,5.0,6.0,1.0,4.0,7.0,8.0,9.0,6.0,10.0,6.0,1.0,6.0,7.0,7.0,8.0,9.0,10.0,4.0,5.0,5.0,4.0,3.0,3.0,3.0,4.0,8.0,5.0,0.0,7.0,6.0,4.0,5.0,1.0,4.0,6.0,6.0,5.0,5.0,7.0,6.0,1.0,6.0,7.0,7.0,6.0,7.0,6.0,1.0,5.0,5.0,0.0,0.0,0.0,0,0,0.0,0.0,0.0,0,0.0,0.0,0.0,0.0,0.0,0.0,0.0,0.0,0.0,0.0,0.0,0.0,0,0,0.0,0.0,0.0,0,0.0,0.0,0.0
144.5,-2.0345608817178484,-0.6414081262755746,-1.6426420349180937,-0.8199638230944881,-0.4964135940758707,1.2274911210530457,0.1600937145358162,-2.066148035100236,1.127958751214794,-1.370737940111712,0.1436570957736112,0.4928055512380195,,0.5098854918291903,0.7203623283799666,0.9157319682316324,-1.5605907526201042,0.7315174596431898,-0.1518351483105083,-0.2180575475271745,1.6934915248351117,1.2194924875325346,0.5813406112127397,0.3656350832054963,0.0015590149089813,0.7261422429832898,0.4697367710738442,-3.1308202667545975,-0.1716208341312397,1.2922650133251496,-0.1944767732267733,-0.0551688145188145,-0.1694979853479854,-0.1076965123112181,-0.0508324719398248,0.1520558820264702,0.0214637556887558,-0.5086550182531607,0.1762390828985256,-0.112206798103857,0.010895066045066,0.0372842518592518,0.0,0.0737452436452437,0.1458607268548444,0.0978169257213374,-0.1784601331674862,0.0832747696747696,-0.0190120343021271,-0.0156911387631976,0.1723349206349206,0.0844612534524299,0.0422473892120949,0.0309770063270062,0.000145119586296,0.0726604489164086,0.0475709740981412,-0.4451531746031746,-0.0233542790542791,0.184476307026307,2.0,4.0,3.0,7.0,7.0,8.0,9.0,1.0,8.0,11.0,8.0,8.0,5.0,7.0,6.0,7.0,4.0,8.0,7.0,9.0,5.0,8.0,9.0,6.0,6.0,8.0,7.0,2.0,7.0,5.0,5.0,6.0,6.0,6.0,7.0,7.0,5.0,8.0,9.0,6.0,5.0,5.0,0.0,5.0,7.0,8.0,8.0,6.0,9.0,7.0,3.0,8.0,7.0,6.0,9.0,11.0,9.0,4.0,4.0,5.0,2.0,4.0,3.0,4.0,5.0,7.0,5.0,1.0,8.0,6.0,5.0,5.0,0.0,5.0,6.0,7.0,4.0,6.0,6.0,7.0,3.0,8.0,7.0,5.0,6.0,8.0,7.0,1.0,4.0,5.0,0.0,0.0,0.0,0,0,0.0,0.0,0.0,0,0.0,0.0,0.0,0.0,0.0,0.0,0.0,0.0,0.0,0.0,0.0,0.0,0,0,0.0,0.0,0.0,0,0.0,0.0,0.0
145.5,-2.60084177811685,-1.6018285358759137,-0.3236879737200595,-0.5316723938024108,-0.5512471278923317,0.3479936667976464,0.5875531496605501,-2.043448883768053,0.6779731460361075,-1.2228299571316454,-0.5267785540968085,0.7725183913914712,0.4732067313510992,0.9838182518407196,0.4771217137268211,1.3439117955797315,-0.670212339530891,-0.4748108674502098,0.1869759316452442,1.4338566074207202,0.5336757867559537,0.9635691695704438,0.8553706155808246,0.410322265541898,0.8942052302939794,0.0623369179090979,0.1409522931910817,-1.9076214366392563,-0.0222882647772922,0.1180525873303227,-0.290064368964369,-0.1420441558441559,-0.0364176878676878,-0.0625097890671421,-0.0538737439031556,0.0430520046431035,0.0818095654345654,-0.5222420016258252,0.0995917264538006,-0.1037688081526316,-0.0411967754467753,0.0496422737393325,0.0684339105339105,0.1531515484515485,0.0968820423041011,0.1325177905427904,-0.0786067661097073,-0.0655665334665336,0.0221615639262697,0.1092448832900844,0.0561790681540681,0.0668516086854321,0.0611751998001998,0.0304243478743478,0.0884637196137195,0.0061550125313283,0.0135830409356724,-0.2762549894549895,-0.0031568542568541,0.0188149683649684,2.0,5.0,4.0,8.0,8.0,7.0,8.0,1.0,9.0,11.0,9.0,8.0,5.0,6.0,5.0,7.0,5.0,8.0,7.0,8.0,5.0,9.0,8.0,5.0,7.0,7.0,7.0,2.0,6.0,4.0,6.0,6.0,6.0,6.0,6.0,7.0,5.0,8.0,7.0,6.0,4.0,7.0,1.0,5.0,7.0,7.0,8.0,6.0,8.0,8.0,5.0,8.0,5.0,5.0,8.0,11.0,9.0,5.0,3.0,6.0,2.0,4.0,4.0,5.0,5.0,6.0,5.0,1.0,7.0,6.0,4.0,7.0,1.0,5.0,5.0,7.0,5.0,5.0,6.0,8.0,4.0,8.0,5.0,4.0,7.0,7.0,7.0,2.0,3.0,4.0,0.0,0.0,0.0,0,0,0.0,0.0,0.0,0,0.0,0.0,0.0,0.0,0.0,0.0,0.0,0.0,0.0,0.0,0.0,0.0,0,0,0.0,0.0,0.0,0,0.0,0.0,0.0
146.5,-1.5069354514680229,0.1951318208569014,-1.0789466687587828,0.3506358175448603,0.1518524476748703,0.1268073287182257,1.1451163453111837,-2.040703217085343,1.1491985418615251,-1.184209832884469,-0.4474532703655821,0.7881758473140396,0.2745042329203582,0.2428212276577426,0.6355391137626624,0.5147594859213067,-0.7762858471399284,0.6693373061596892,1.009992406210359,1.2300249440150983,0.847689923922946,1.2672335116132971,-0.2223727441556277,-0.4831461386256876,0.8427984449826018,-0.1244695907723907,0.0142358506509346,-1.0456767675867538,0.3809494250025169,-0.9555626854609832,-0.1881708791208792,0.0190016539016537,-0.1289384755767109,0.0468006965256966,0.0163563397386925,0.0178276091040022,0.1557985664662136,-0.5404424998032584,0.1918907074006144,-0.0908135540070526,-0.0360705128205126,0.063041029421215,0.0420709956709956,0.0399439441277675,0.1302958586047594,0.0453804861804861,-0.0917574331756995,0.1066705350205349,0.114943397778692,0.0877295286928413,0.0704389394918806,0.0868960656990068,-0.0167739926739926,-0.0375140692640693,0.0808823960353372,-0.0122163885392213,0.0014413437439753,-0.1690459096459097,0.0481279498279498,-0.1529106893106894,2.0,6.0,4.0,8.0,9.0,8.0,7.0,1.0,8.0,11.0,9.0,7.0,6.0,5.0,6.0,7.0,5.0,7.0,7.0,8.0,5.0,8.0,8.0,4.0,7.0,8.0,7.0,3.0,6.0,3.0,5.0,7.0,7.0,5.0,6.0,8.0,6.0,9.0,8.0,7.0,3.0,8.0,2.0,7.0,8.0,6.0,9.0,7.0,8.0,8.0,6.0,8.0,6.0,6.0,9.0,10.0,9.0,6.0,4.0,7.0,2.0,6.0,4.0,5.0,6.0,7.0,6.0,1.0,8.0,7.0,3.0,7.0,2.0,5.0,6.0,6.0,5.0,6.0,7.0,8.0,5.0,8.0,5.0,4.0,7.0,7.0,7.0,3.0,4.0,3.0,0.0,0.0,0.0,0,0,0.0,0.0,0.0,0,0.0,0.0,0.0,0.0,0.0,0.0,0.0,0.0,0.0,0.0,0.0,0.0,0,0,0.0,0.0,0.0,0,0.0,0.0,0.0
147.5,-1.147051778080469,0.2089118184426477,-0.9709520241230452,0.604152500659154,0.5541885178493129,-0.2481711372966538,0.904514736708502,-2.069893596587163,0.8685693137019014,0.4019355668544868,-0.9955434594242936,1.331064503096193,0.9659804264397148,-1.0114060414677597,-0.4071189419053704,1.125326663688055,-0.8708940178330686,0.7259964585097537,-0.5889701409980538,-0.034676401703473,-2.1702431670386053,0.281296015102386,0.5012016845754073,-0.4949408376910086,0.8354094565123461,0.2422805396736754,0.6432971797515906,-0.2501458237813267,0.476092718074377,-0.7972836728292516,-0.1441408232290586,0.0246672549672548,-0.1213225225754638,0.0780326359914593,0.0707370562358177,-0.0381238951021459,0.1308466123745535,-0.5198564735659938,0.1546568571005877,0.0343315004225219,-0.0785683483183482,0.0941277666262185,0.1566050005550006,-0.1673517187061304,-0.0879844433430347,0.1159787795537795,-0.101739345913804,0.1070363208686737,-0.0697906648906649,-0.0028892651122528,-0.1907808407278998,0.018674617049617,0.0315961122211123,-0.0380331723831725,0.0784032428355958,0.0252285684903332,0.0674372038694018,-0.0399617715617715,0.0664556221556222,-0.1265816294816295,4.0,8.0,6.0,8.0,9.0,8.0,7.0,1.0,7.0,9.0,10.0,8.0,6.0,3.0,4.0,7.0,5.0,7.0,5.0,7.0,5.0,8.0,8.0,4.0,7.0,8.0,8.0,4.0,6.0,3.0,7.0,6.0,8.0,6.0,8.0,9.0,7.0,8.0,8.0,7.0,3.0,8.0,4.0,7.0,8.0,7.0,9.0,9.0,8.0,9.0,7.0,7.0,5.0,6.0,9.0,8.0,9.0,6.0,4.0,7.0,4.0,6.0,5.0,6.0,8.0,7.0,6.0,1.0,7.0,7.0,3.0,8.0,4.0,3.0,4.0,7.0,5.0,7.0,5.0,7.0,4.0,7.0,5.0,4.0,7.0,6.0,8.0,4.0,4.0,3.0,0.0,0.0,0.0,0,0,0.0,0.0,0.0,0,0.0,0.0,0.0,0.0,0.0,0.0,0.0,0.0,0.0,0.0,0.0,0.0,0,0,0.0,0.0,0.0,0,0.0,0.0,0.0
148.5,-0.3119431451170502,0.650368250416389,-0.7990271915457939,1.1376993048427848,0.9960259507492552,0.1427859557234986,0.8570334746745086,-1.9662731876287003,0.2867257650766743,1.220391593880748,-0.859843636314417,-0.1275615633931617,0.1611342942821588,-0.4465822162670013,-0.8466873639248703,0.7711112974271066,-1.4908221899152407,1.067196333271838,-0.2728303072327492,-0.3374146940355139,-1.0662443682735636,-0.4592063085498328,1.6620602060010965,-0.4350414045847124,0.8348363358419052,-0.5093163013549918,0.1485525761364701,0.1017024596860681,-0.0591788169702691,-0.985107059307909,-0.0381787713920067,0.0766106279341574,-0.0917067128949481,0.1583418747918749,0.1326473014086016,0.0232390895568138,0.1070969825925708,-0.4786547966481403,0.0469635879514361,0.0997239534974828,-0.0593944777444775,-0.0098454320189613,0.0248261183261183,-0.0759839111868524,-0.1795600352262117,0.083663124130771,-0.1660830695706082,0.1552539919746576,-0.028060776641659,-0.0265419346821051,-0.1140192405977235,-0.0347179761415057,0.0896119047619047,-0.0345416527916528,0.0798302143934497,-0.0467151735519383,0.0154183720046723,0.0163690087690088,-0.0083420912420912,-0.1598316627816628,5.0,8.0,6.0,7.0,9.0,9.0,6.0,1.0,5.0,7.0,9.0,9.0,8.0,4.0,3.0,7.0,4.0,8.0,5.0,6.0,5.0,8.0,7.0,4.0,7.0,8.0,9.0,6.0,5.0,3.0,7.0,7.0,7.0,6.0,9.0,10.0,6.0,8.0,8.0,6.0,3.0,6.0,5.0,7.0,7.0,8.0,9.0,11.0,7.0,8.0,9.0,8.0,6.0,6.0,9.0,8.0,9.0,6.0,5.0,7.0,5.0,7.0,5.0,6.0,9.0,8.0,5.0,1.0,5.0,6.0,3.0,6.0,5.0,4.0,3.0,7.0,4.0,8.0,5.0,6.0,5.0,7.0,6.0,4.0,7.0,6.0,8.0,5.0,4.0,3.0,0.0,0.0,0.0,0,0,0.0,0.0,0.0,0,0.0,0.0,0.0,0.0,0.0,0.0,0.0,0.0,0.0,0.0,0.0,0.0,0,0,0.0,0.0,0.0,0,0.0,0.0,0.0
149.5,0.1319786233666481,0.3423518486470966,-0.3364757545962663,1.0626499941003644,1.12511189265233,0.4549236871111943,0.8419349812720442,-2.103319657772184,-0.6204727897598827,0.7984051069206789,-0.006777315735498,0.8006533168891855,0.7603435908525905,-1.017629490258095,-1.6308989243765035,0.3256418082060902,0.6387015884373012,0.6268853438190056,-0.6641533167663142,-1.8064391074223096,-0.3322859447031043,0.904562902804219,2.0079092232445857,0.448920466280126,-0.864194635564629,0.3924943299960472,0.6608279951670039,0.9010502155915155,0.548527012695112,-0.165589422067744,0.0166114219114217,0.0396239926739925,-0.0396247869777282,0.1708089647280823,0.1389748541791884,0.0771257863051979,0.0945790986790987,-0.5038601532969954,-0.087859160198247,0.0602131099035123,-0.0004952158952158,0.0819081085581086,0.1174826363179303,-0.1853610880949118,-0.3227227272727273,0.0352232062055589,0.0666267138090666,0.0911764325973303,-0.0722294806500689,-0.1442764344874253,-0.0356686027852436,0.0684537653522947,0.111232740788623,0.0375373539858833,-0.0779177332471449,0.033755687776276,0.0673584329413274,0.1447705905205906,0.081957903207903,-0.0262767787767788,7.0,7.0,8.0,7.0,8.0,10.0,4.0,1.0,4.0,6.0,8.0,8.0,8.0,3.0,2.0,6.0,6.0,7.0,6.0,5.0,6.0,8.0,7.0,6.0,5.0,8.0,8.0,6.0,4.0,4.0,7.0,7.0,7.0,5.0,8.0,10.0,4.0,8.0,8.0,7.0,4.0,5.0,7.0,7.0,7.0,8.0,8.0,11.0,7.0,9.0,9.0,9.0,7.0,7.0,10.0,8.0,10.0,7.0,5.0,7.0,6.0,6.0,6.0,5.0,8.0,9.0,3.0,1.0,4.0,6.0,4.0,5.0,7.0,3.0,2.0,6.0,6.0,7.0,5.0,5.0,6.0,8.0,7.0,6.0,5.0,7.0,8.0,6.0,4.0,4.0,0.0,0.0,0.0,0,0,0.0,0.0,0.0,0,0.0,0.0,0.0,0.0,0.0,0.0,0.0,0.0,0.0,0.0,0.0,0.0,0,0,0.0,0.0,0.0,0,0.0,0.0,0.0
150.5,0.5546278457973222,-0.1514003093415146,0.4091607745549316,1.1488640714241882,-0.1887595149052588,0.5350410049147436,-0.3934288913275452,-2.1506660966418063,-0.7056120849242928,-0.9601586809845668,-0.0332338720240481,1.89627716719086,0.4810217020831175,-0.5725692893966476,-1.5763504913133906,0.810144184629074,0.2371747490942935,0.186999183477782,-0.5115369780915813,-1.074691770893668,0.1717347839815312,-0.2393766766957122,-0.9371506898614615,0.6304120837377044,0.4733546781555937,-0.5788501388403329,1.2133269727848672,0.9566853660880674,-0.9755831249496858,0.5613028266598148,0.0682097125097125,-0.0182713147963148,0.0505837335866746,0.1438698190698192,-0.0235887317189175,0.0853107165796019,-0.0497652902652901,-0.5203276663910565,-0.1076362521293636,-0.076234439330879,-0.0022418831168831,0.1571957098457099,0.0790743506493505,-0.1102962166746223,-0.2979208933223639,0.0949803335553335,0.0256549230181581,0.0279205192640177,-0.0578875768022826,-0.0895341060384404,0.0184760443718648,-0.0182839621163151,-0.0522401702786378,0.0560616541954777,0.0496510323010322,-0.0591211861667745,0.1249771405323261,0.1506537573537574,-0.155309435009435,0.0900133866133866,7.0,7.0,8.0,6.0,8.0,11.0,5.0,1.0,4.0,6.0,8.0,6.0,9.0,4.0,2.0,6.0,6.0,6.0,5.0,5.0,6.0,8.0,7.0,6.0,5.0,7.0,9.0,6.0,4.0,5.0,5.0,7.0,8.0,4.0,9.0,8.0,3.0,8.0,8.0,7.0,5.0,4.0,7.0,8.0,7.0,7.0,8.0,10.0,8.0,8.0,9.0,8.0,9.0,7.0,8.0,8.0,10.0,7.0,6.0,7.0,5.0,6.0,7.0,4.0,7.0,8.0,2.0,1.0,4.0,5.0,5.0,4.0,7.0,4.0,2.0,6.0,6.0,6.0,5.0,5.0,6.0,7.0,7.0,6.0,5.0,6.0,9.0,6.0,3.0,5.0,0.0,0.0,0.0,0,0,0.0,0.0,0.0,0,0.0,0.0,0.0,0.0,0.0,0.0,0.0,0.0,0.0,0.0,0.0,0.0,0,0,0.0,0.0,0.0,0,0.0,0.0,0.0
151.5,0.689301812641412,0.5420060387874006,0.2175841864964737,1.7198388367616055,-0.3347558567204724,0.609897082998113,1.40165319253664,-0.9988234694480213,-0.8990631975814974,-0.6073552662856762,0.1540275907909167,2.047615498347876,1.3422470369837314,-0.3728177706505032,-4.099514107364802,-1.498131184596318,0.70597076575218,-0.954338665593183,-1.1731429002297826,-1.7361805441820124,-0.1040804494265167,1.0593902735448113,-1.1347323518202668,1.2047901339570837,-0.1455421222435308,-0.6819663593290478,0.6842721943553078,1.0737137435308917,-0.820209247535926,0.8354583960412718,0.0849433677433677,0.067563042349807,0.0250194831312478,0.1932728397419574,-0.0412006220989195,0.0951296363766952,0.1529910256410258,-0.2603906287039415,-0.1512655149717844,-0.0446928179577561,0.0103208164384632,0.1766465312465313,0.2297634630075806,-0.0693475488563724,-0.7196419164169164,-0.1579580218800808,0.0827793632837748,-0.1518486960236187,-0.1358819291819292,-0.127233018727059,-0.01060829836658,0.0780983609527725,-0.0614930254557964,0.1093852964029433,-0.0146293706293706,-0.0716120791231472,0.0713009833218036,0.1726394272394272,-0.1241138417138416,0.1358234709734711,7.0,8.0,9.0,6.0,8.0,10.0,6.0,3.0,4.0,5.0,8.0,6.0,8.0,4.0,0.0,4.0,7.0,4.0,6.0,5.0,6.0,8.0,7.0,7.0,4.0,7.0,9.0,6.0,4.0,7.0,5.0,7.0,7.0,5.0,9.0,6.0,4.0,9.0,8.0,7.0,6.0,4.0,8.0,7.0,5.0,8.0,8.0,10.0,6.0,8.0,9.0,8.0,9.0,7.0,7.0,9.0,9.0,6.0,5.0,6.0,5.0,7.0,7.0,5.0,7.0,6.0,4.0,3.0,4.0,5.0,6.0,4.0,8.0,4.0,0.0,4.0,7.0,4.0,4.0,5.0,6.0,8.0,7.0,7.0,4.0,6.0,8.0,6.0,3.0,6.0,0.0,0.0,0.0,0,0,0.0,0.0,0.0,0,0.0,0.0,0.0,0.0,0.0,0.0,0.0,0.0,0.0,0.0,0.0,0.0,0,0,0.0,0.0,0.0,0,0.0,0.0,0.0
152.5,0.5731241703678244,0.2766898903320941,0.7522488203654007,0.5175154936809743,0.1696264304849508,0.945275176880104,1.4503865612807456,-0.353297013369349,-0.217508927740385,0.5289877838177472,1.1812458869919331,-0.6937923705249938,1.260333750538221,-0.0700897820274411,-2.2973111790865177,-2.11766385767998,1.2584355969757783,-0.982150505369127,-0.017129195065527,-0.8214075374271831,1.1369089233469605,0.6150232052609347,-0.0961044798566934,0.5922543735195772,-2.4375618027712713,0.0897272481266214,0.5567695695475541,0.1643883329566519,-0.762942692792455,1.0309317842887349,0.0594103174603175,0.0373845737595736,0.0978106116106116,0.0600819362010538,0.0208253998839137,0.1023161748382337,0.1758012381409439,-0.096467578879071,-0.0375935321730213,0.04175289846892,0.0817761091849327,-0.0522678654678654,0.2053464032699326,-0.0138833083411257,-0.3709593073593074,-0.2373594072594074,0.1460838365882482,-0.1531040919005316,-0.0018753524253523,-0.062886900921576,0.1136166518809707,0.0484607397504456,-0.0052788785689715,0.0573229140140902,-0.2159880119880119,0.0089730650154797,0.0605568039803333,0.0258437062937064,-0.1182655566655567,0.1674278388278388,6.0,7.0,8.0,5.0,8.0,9.0,5.0,5.0,5.0,7.0,7.0,6.0,7.0,5.0,2.0,3.0,8.0,4.0,7.0,5.0,7.0,7.0,8.0,8.0,3.0,7.0,8.0,6.0,4.0,6.0,6.0,7.0,6.0,5.0,8.0,6.0,6.0,10.0,8.0,8.0,6.0,4.0,7.0,8.0,4.0,7.0,8.0,10.0,6.0,8.0,8.0,8.0,10.0,7.0,7.0,11.0,7.0,6.0,5.0,7.0,5.0,6.0,6.0,4.0,7.0,6.0,5.0,5.0,5.0,7.0,6.0,3.0,7.0,5.0,1.0,3.0,8.0,4.0,5.0,5.0,7.0,7.0,8.0,7.0,3.0,7.0,6.0,5.0,3.0,6.0,0.0,0.0,0.0,0,0,0.0,0.0,0.0,0,0.0,0.0,0.0,0.0,0.0,0.0,0.0,0.0,0.0,0.0,0.0,0.0,0,0,0.0,0.0,0.0,0,0.0,0.0,0.0
153.5,1.2857237759205535,0.4476403449731097,-0.0299842929559724,-1.2938547046441742,0.2145106946371596,0.9940722671184968,1.5505923756004374,0.1197448555081704,0.4053247084999969,-0.3639908181487131,0.6103945652644346,-0.7741816354365284,1.3174236416955696,-0.2110974141191855,-1.3841241215827178,-1.7812899573120786,1.3847576895703373,-2.4723527668231498,0.3186380852875241,0.284821518301464,0.0837614523898881,1.4758089485918704,0.8596666287835621,0.4103900398965519,-0.5418568190334506,-1.4479974431224747,0.6752452252132554,0.3663794288172898,0.3529703219115512,1.578467675163365,0.1151746919746919,0.055611664316076,-0.0039551282051283,-0.1751021979654333,0.0273817606971631,0.118052852539617,0.2102270091020089,0.0301407214130898,0.0721991612017153,-0.0299532972187772,0.0396325148707502,-0.053327731092437,0.222713098013098,-0.0416145309626733,-0.2507303391053391,-0.1827624486624487,0.1605232135511546,-0.389377102962397,0.0336640304140304,0.0244001459324987,0.0077879329820504,0.1149845404595403,0.0548835569315444,0.043937714736244,-0.0501967365967366,-0.1407565611890688,0.0690690476190476,0.0591957431457432,0.0562103785103784,0.2512139749139749,6.0,8.0,8.0,4.0,9.0,8.0,4.0,5.0,8.0,6.0,8.0,7.0,7.0,5.0,4.0,3.0,8.0,2.0,7.0,7.0,6.0,7.0,8.0,9.0,4.0,5.0,9.0,5.0,4.0,7.0,5.0,8.0,4.0,6.0,8.0,6.0,5.0,9.0,10.0,8.0,7.0,6.0,6.0,9.0,5.0,6.0,8.0,9.0,5.0,7.0,8.0,7.0,9.0,8.0,6.0,12.0,6.0,7.0,4.0,7.0,5.0,7.0,4.0,3.0,7.0,6.0,4.0,5.0,8.0,6.0,7.0,5.0,6.0,5.0,2.0,3.0,8.0,2.0,5.0,6.0,6.0,7.0,8.0,8.0,4.0,5.0,6.0,5.0,3.0,7.0,0.0,0.0,0.0,0,0,0.0,0.0,0.0,0,0.0,0.0,0.0,0.0,0.0,0.0,0.0,0.0,0.0,0.0,0.0,0.0,0,0,0.0,0.0,0.0,0,0.0,0.0,0.0
154.5,0.0395036283261065,0.8158330382987831,0.573803787518571,-0.904208996280425,1.761691344373267,0.839717940949565,0.3003660160222415,0.0633691569437434,0.4917297134719894,-0.8314255308396403,0.7997072662060037,-1.9061800472494943,0.5953094566299428,0.3987704017418633,-0.877519141952112,-4.218045752600024,0.6280554804424795,-3.683191384339499,0.9442784814410012,1.2800540929606277,0.7031793865980683,0.7126492608135913,0.4567510878201902,-0.149429356750859,-0.8552204071276891,-2.1519544223856406,0.5943448190384736,0.395558441452918,-0.7342560688280977,1.300824739567794,0.0037793706293707,0.101855827342592,0.0847357142857142,-0.1453942012751611,0.2171653612727141,0.1363268166474048,0.0397195804195803,0.0151826241697758,0.0818977427199563,-0.0771710978048439,0.0546427910324968,-0.1176245352686529,0.1041741369741369,0.0754986776295599,-0.1446876789876789,-0.4260852675102675,0.076525533006725,-0.537868650140709,0.1125784215784216,0.1039614640261699,0.0574057529072233,0.0470945529960235,0.0254450722394219,-0.01557779818221,-0.0949242424242424,-0.2137506855373727,0.0479644855144854,0.0670677600177599,-0.1076705128205128,0.2082444444444445,5.0,8.0,7.0,4.0,7.0,8.0,4.0,4.0,9.0,6.0,8.0,6.0,7.0,6.0,6.0,2.0,7.0,1.0,6.0,7.0,6.0,7.0,8.0,9.0,5.0,4.0,8.0,5.0,4.0,6.0,5.0,7.0,3.0,8.0,7.0,6.0,6.0,8.0,9.0,9.0,7.0,7.0,4.0,8.0,3.0,7.0,9.0,8.0,4.0,6.0,7.0,8.0,9.0,8.0,6.0,11.0,6.0,7.0,5.0,6.0,4.0,7.0,3.0,4.0,7.0,6.0,4.0,4.0,8.0,6.0,7.0,5.0,4.0,6.0,2.0,2.0,7.0,1.0,4.0,6.0,6.0,7.0,8.0,7.0,4.0,4.0,6.0,5.0,3.0,6.0,0.0,0.0,0.0,0,0,0.0,0.0,0.0,0,0.0,0.0,0.0,0.0,0.0,0.0,0.0,0.0,0.0,0.0,0.0,0.0,0,0,0.0,0.0,0.0,0,0.0,0.0,0.0
155.5,-2.1813073772872182,1.0077408711777562,-0.3805761984213912,-1.3722768522617412,0.8605770201676632,0.9414729401718324,-1.508012673990318,0.4779253863641313,0.6425492967864669,-0.8936032405898787,0.9874819537303926,-0.7483731975210116,-0.223149655949704,0.764140070303151,-0.7570218217701287,-2.644867356844115,1.1153293395784916,-2.7199394221437796,0.1467420122309529,1.595847229057633,-0.0549178934945316,0.3467548579737283,1.624896330461366,0.5491153666564769,0.0127560682685709,-3.5340614916638864,-0.8738977467204827,0.6919060243785715,-2.029093518977599,0.3976769098817106,-0.2650097764980119,0.1176408366143659,-0.0372277777777777,-0.2330849000414789,0.095033259387671,0.1305547126076536,-0.2378476534559352,0.1014523095755294,0.1054775067124136,-0.0858535906130333,0.0676776928953399,-0.057983099416923,-0.0374718614718614,0.1351415189385777,-0.138207348207348,-0.2899878077804549,0.1346572908515633,-0.3855568189979954,0.017357536907537,0.1398454217351276,-0.0053248419880772,0.0244271728271726,0.1012533613445376,0.0578029857397504,0.001211763236763,-0.334333672416335,-0.069660594960595,0.1074891996891997,-0.2833835664335664,0.062157303807304,3.0,7.0,7.0,3.0,6.0,8.0,3.0,4.0,10.0,6.0,7.0,8.0,6.0,6.0,7.0,3.0,8.0,2.0,7.0,7.0,5.0,6.0,8.0,9.0,6.0,3.0,7.0,6.0,3.0,6.0,7.0,7.0,1.0,8.0,7.0,7.0,8.0,7.0,8.0,9.0,6.0,7.0,3.0,7.0,3.0,8.0,9.0,9.0,4.0,6.0,7.0,7.0,8.0,8.0,8.0,11.0,6.0,5.0,5.0,6.0,3.0,7.0,1.0,3.0,6.0,7.0,3.0,4.0,8.0,6.0,6.0,6.0,2.0,6.0,2.0,3.0,8.0,2.0,4.0,6.0,5.0,6.0,8.0,8.0,6.0,3.0,5.0,5.0,2.0,5.0,0.0,0.0,0.0,0,0,0.0,0.0,0.0,0,0.0,0.0,0.0,0.0,0.0,0.0,0.0,0.0,0.0,0.0,0.0,0.0,0,0,0.0,0.0,0.0,0,0.0,0.0,0.0
156.5,-2.007067188597324,0.470190801404315,-0.2089204805050584,-1.5089087349307009,0.0433611941879772,0.2132477942485332,-2.727691028057035,-0.8684044596646234,0.4736925513145406,-1.0260628105223275,-0.1824155383262548,-0.5780461760932799,0.005481919857945,0.4601287804376984,-0.1186436069383087,-1.3026271924711426,0.5075611846354389,-1.101833340207218,2.0731208209022327,-0.0672025292604236,-0.6843012003612873,0.818778703688498,1.3226663867081028,0.2620360586897816,0.8113234068944745,-3.5945516179679373,-0.0702478132674375,0.7729635986561096,-0.4354951665015922,-0.2634387863791013,-0.2532310942325648,0.058955663943899,-0.024013492063492,-0.2672346207713855,0.0051627959931362,0.0330806571051925,-0.3830836520204941,-0.1749851073505097,0.0726075010386929,-0.0913966930901917,-0.0125675736028678,-0.0507409987071753,0.0007388888888888,0.0797067987739812,-0.0183811244311244,-0.1406360472860474,0.0617631449475877,-0.1631521884977768,0.2012886280386281,-0.005149322246381,-0.0605106400135811,0.0525339660339659,0.0671634367782199,0.0275191311956016,0.0743285714285714,-0.3374628003833113,-0.0065297956945017,0.1162177600177599,-0.0604761127761128,-0.03935984015984,3.0,7.0,7.0,3.0,6.0,9.0,3.0,2.0,10.0,7.0,6.0,9.0,6.0,6.0,8.0,4.0,7.0,4.0,5.0,6.0,5.0,7.0,8.0,9.0,7.0,3.0,7.0,6.0,3.0,4.0,7.0,8.0,1.0,6.0,8.0,8.0,7.0,6.0,8.0,9.0,6.0,7.0,1.0,8.0,3.0,7.0,9.0,9.0,5.0,6.0,8.0,6.0,8.0,8.0,9.0,11.0,7.0,5.0,5.0,7.0,3.0,7.0,1.0,2.0,6.0,7.0,2.0,2.0,8.0,6.0,5.0,6.0,1.0,6.0,3.0,4.0,7.0,4.0,5.0,5.0,5.0,6.0,8.0,8.0,7.0,3.0,6.0,5.0,3.0,4.0,0.0,0.0,0.0,0,0,0.0,0.0,0.0,0,0.0,0.0,0.0,0.0,0.0,0.0,0.0,0.0,0.0,0.0,0.0,0.0,0,0,0.0,0.0,0.0,0,0.0,0.0,0.0
157.5,-2.214198563950061,0.0272842651585915,0.3455183760440375,-0.5454308774284273,0.1624212633613376,-0.1887899883479009,-1.758227939038501,-3.3671757003507707,0.5006470699332801,-1.925527556884132,1.2510393918520242,-0.3407190700283095,0.1230845201632423,0.7690272782796675,-0.0109170651169322,-0.7462230462802371,0.3205238651928515,-0.9981906333948788,1.8726289340804696,-0.3418742128749732,-0.2124029060475991,1.0211809270814232,0.703423290860444,0.5932686638184304,0.94807964424343,-2.52745818303249,-0.0840201211624619,-0.1034013884844252,-0.4470585154389041,-0.3011395586429835,-0.3007024746495336,0.0036711221784749,0.0517235264735265,-0.0858778380116616,0.0220265959272923,-0.029614255515726,-0.2144954627072274,-0.565626961600491,0.0740369180269334,-0.1711763968573567,0.0943935706450411,-0.0335032689532689,0.016758658008658,0.1308198788139964,-0.0017674991674991,-0.0780729843685726,0.0365300065775298,-0.1372866461969405,0.184259557109557,-0.0253875438287203,-0.0188980885127943,0.0773448218448218,0.0347672825540472,0.0645170963023902,0.0897418444300797,-0.2603746389231682,-0.0083045261154395,-0.0166851370851371,-0.0653996503496503,-0.0442489815739817,3.0,6.0,7.0,4.0,7.0,9.0,3.0,0.0,11.0,7.0,7.0,10.0,6.0,6.0,8.0,5.0,8.0,4.0,5.0,6.0,5.0,7.0,8.0,9.0,7.0,4.0,7.0,5.0,3.0,4.0,8.0,8.0,3.0,6.0,9.0,6.0,5.0,4.0,8.0,8.0,6.0,5.0,1.0,7.0,4.0,8.0,9.0,8.0,5.0,6.0,7.0,6.0,7.0,8.0,9.0,8.0,9.0,4.0,5.0,8.0,3.0,6.0,3.0,3.0,7.0,5.0,2.0,0.0,8.0,5.0,6.0,5.0,1.0,6.0,4.0,5.0,7.0,4.0,5.0,5.0,5.0,6.0,7.0,8.0,7.0,3.0,7.0,3.0,3.0,4.0,0.0,0.0,0.0,0,0,0.0,0.0,0.0,0,0.0,0.0,0.0,0.0,0.0,0.0,0.0,0.0,0.0,0.0,0.0,0.0,0,0,0.0,0.0,0.0,0,0.0,0.0,0.0
158.5,-2.4522392290676382,-0.6492684243263381,0.2316838646761749,0.2944218182950742,0.4174813322646512,-0.0520200770899401,-2.5242595171104365,-1.599815721905993,-0.4952002934340901,-0.4308385767276096,0.5571505776055139,-0.8324510842324054,0.3276988375981982,0.4171674262082419,0.3574208643917791,-1.429907994912074,0.1647286237018237,0.1805001862793711,0.6532943019021056,-2.055665218744764,0.7291351636593065,0.8869558192451711,1.0820512810378584,0.7328131859445308,0.8375249508088616,-1.7440210133420675,-0.3894316428489744,0.0668730846103533,-0.8449280925740357,-0.970640637801422,-0.3155625487257841,-0.0869990981240983,0.036831535131535,0.0377247141747141,0.060855912233621,-0.006250888000888,-0.3315070984570984,-0.289920472174884,-0.0695323893426834,-0.0428190993646875,0.0474555694305693,-0.0648623154623154,0.0507083694083693,0.0733893550893549,0.0656184593184593,-0.1514780175706648,0.0186005837299954,0.0271800372829783,0.0651009435009434,-0.1374574539839247,0.0595034527563939,0.0703087246087244,0.0721564102564101,0.0684718002585649,0.0770619263089851,-0.1580568792318794,-0.0394990169617103,0.0108950937950936,-0.1365061327561328,-0.1523361416361416,4.0,6.0,6.0,6.0,8.0,10.0,3.0,1.0,10.0,8.0,8.0,10.0,6.0,6.0,7.0,4.0,7.0,6.0,5.0,6.0,5.0,8.0,8.0,8.0,7.0,4.0,6.0,4.0,3.0,3.0,7.0,7.0,5.0,5.0,9.0,5.0,4.0,5.0,6.0,6.0,5.0,3.0,2.0,8.0,4.0,8.0,8.0,8.0,6.0,7.0,6.0,7.0,6.0,7.0,9.0,8.0,9.0,3.0,6.0,7.0,3.0,5.0,4.0,4.0,8.0,5.0,1.0,1.0,5.0,5.0,5.0,3.0,2.0,6.0,4.0,4.0,6.0,6.0,5.0,5.0,5.0,7.0,6.0,7.0,7.0,4.0,6.0,2.0,3.0,3.0,0.0,0.0,0.0,0,0,0.0,0.0,0.0,0,0.0,0.0,0.0,0.0,0.0,0.0,0.0,0.0,0.0,0.0,0.0,0.0,0,0,0.0,0.0,0.0,0,0.0,0.0,0.0
159.5,-1.0328066757451722,-0.0071921921470519,-0.4255384254394806,1.0539121186069702,0.6783624602728647,1.379144423935757,-0.128931016227161,-1.9990105844792745,0.1870758172119769,-0.5380977218333175,-0.1238754532080441,-0.9388348015929104,-0.8494690235966944,0.7204054694058134,1.1782464896432343,-1.0311199849318788,0.0779785212323406,1.0675329328222316,-0.574517804052413,-2.005615649183649,-1.1554465829459963,0.8150970851383611,-0.4756488736662244,0.5641909828626064,0.8457103884862409,-0.6348281705397827,0.2526190926358199,0.4315913067272781,-0.7522701635787552,-0.7939387545280149,-0.1462489567621921,-0.0008417822373706,-0.0571493783993785,0.1257591963591965,0.1001988577813653,0.1428012126762128,-0.0158553568980041,-0.3458480885127942,0.0217688636526872,-0.0547762459762458,-0.0080997946497947,-0.0707126040626041,-0.1473400876900876,0.1237864395408513,0.2200749358484651,-0.1085525030525031,0.0088188027658615,0.1601505861785273,-0.069538643709232,-0.1444205673239729,-0.1005108372020138,0.0548587745587745,-0.0255338827838829,0.0587800283050283,0.0788780112044816,-0.0590149699285923,0.0261091082721887,0.0675491341991342,-0.1218199245199245,-0.1180265956265956,5.0,6.0,5.0,6.0,8.0,8.0,4.0,2.0,9.0,10.0,8.0,10.0,4.0,6.0,6.0,4.0,8.0,8.0,5.0,5.0,5.0,7.0,9.0,9.0,7.0,6.0,7.0,3.0,3.0,3.0,7.0,8.0,6.0,4.0,9.0,5.0,5.0,5.0,5.0,4.0,3.0,4.0,4.0,7.0,6.0,7.0,7.0,9.0,8.0,8.0,6.0,6.0,6.0,6.0,9.0,9.0,9.0,3.0,6.0,7.0,4.0,6.0,4.0,4.0,8.0,5.0,3.0,1.0,5.0,4.0,3.0,4.0,2.0,6.0,6.0,4.0,6.0,8.0,5.0,5.0,4.0,6.0,6.0,6.0,7.0,6.0,7.0,2.0,3.0,3.0,0.0,0.0,0.0,0,0,0.0,0.0,0.0,0,0.0,0.0,0.0,0.0,0.0,0.0,0.0,0.0,0.0,0.0,0.0,0.0,0,0,0.0,0.0,0.0,0,0.0,0.0,0.0
160.5,0.3736253294083905,0.4560705235077157,-0.4932884416753355,0.8838044660821762,0.2587842940839804,0.258050629289371,0.3996780821302366,-0.2944881485510919,0.2906961300177048,-1.291695319354009,-0.0247684336737703,-1.220902881902941,-1.6381889086180157,-0.2367935449512943,0.7281804427421932,-0.6083222211916042,-0.006967404530499,0.8033760937708901,-0.5266467513365857,-0.3734596386723655,-0.8851755854150325,1.228753021224424,0.7999112568756431,1.1786681097277067,-0.0009886596285155,0.1495338805482622,0.1326042070888423,-0.0593093164700285,0.1431734484053493,-2.139317050378976,0.0475141190508836,0.0507684315684314,-0.0622047119547118,0.1262756327006328,0.0362234510759278,0.0233244977244976,0.0481408010290363,-0.0511394228320698,0.0352421942436648,-0.1336957986457986,-0.0018160672660673,-0.0833923298923299,-0.2534221611721612,-0.0411930760416054,0.1383483345086286,-0.0597073206205559,-0.0007123582300052,0.1195603535353534,-0.0626842561033738,-0.0307316100394274,-0.0830337081219435,0.0819488844488842,0.0509944839474251,0.1019772005772005,-9.128959276016868e-05,0.0143109416641149,0.0139275064546735,-0.0077754689754688,0.02260333000333,-0.3035081307581306,6.0,6.0,5.0,7.0,9.0,8.0,6.0,2.0,7.0,9.0,8.0,10.0,3.0,4.0,6.0,5.0,7.0,9.0,4.0,6.0,5.0,7.0,8.0,7.0,6.0,7.0,7.0,3.0,4.0,3.0,8.0,7.0,8.0,5.0,9.0,3.0,5.0,5.0,6.0,4.0,4.0,4.0,5.0,7.0,7.0,8.0,7.0,7.0,7.0,8.0,6.0,7.0,6.0,5.0,9.0,9.0,9.0,3.0,6.0,7.0,6.0,6.0,5.0,5.0,8.0,3.0,4.0,2.0,5.0,3.0,4.0,4.0,2.0,4.0,6.0,5.0,6.0,7.0,4.0,6.0,4.0,7.0,6.0,5.0,6.0,7.0,7.0,2.0,4.0,2.0,0.0,0.0,0.0,0,0,0.0,0.0,0.0,0,0.0,0.0,0.0,0.0,0.0,0.0,0.0,0.0,0.0,0.0,0.0,0.0,0,0,0.0,0.0,0.0,0,0.0,0.0,0.0
161.5,0.2120412838042537,0.8287020331672116,-1.4993621778424484,0.96557591556962,0.3761659458931103,0.9827596187258084,0.895824624316165,1.8698257397107816,-0.7792823688616706,-1.1575741645580413,-0.8418713910043879,-0.3876808996146403,-2.150373014020603,0.2093691920112881,0.4781764286044813,-1.1565308001014891,0.9096275235318504,1.1789007430729246,0.3277093757749774,-0.7697830296721193,-0.6679865912814956,0.062709885920262,-0.561768622133826,1.6074635033806224,0.0731153323105705,0.926449605792962,-1.5681401495672185,-0.0804646649666785,-0.4687665877902747,-1.0826462601208495,0.0256074699809991,0.0873747335997336,-0.1854828994534877,0.1387492368742368,0.0520699661707401,0.1083031024531027,0.1293668109668111,0.2814581020286902,-0.1206175083086847,-0.1100499278499279,-0.0629179820179818,-0.0291278776778777,-0.3150972804972805,0.0375273532023532,0.0943000923139465,-0.1233638056388056,0.0951634708428825,0.1594555722055722,0.0351401653901652,-0.0623623569670783,-0.070080479324597,0.0041431612505141,-0.0275699849170437,0.1224009157509158,0.0066493751346693,0.0928651096065956,-0.1598913942095058,-0.0110935786435785,-0.0669508325008324,-0.1544837162837162,7.0,6.0,5.0,8.0,8.0,7.0,5.0,3.0,7.0,7.0,9.0,9.0,2.0,3.0,6.0,4.0,7.0,9.0,6.0,6.0,5.0,7.0,9.0,6.0,6.0,8.0,5.0,3.0,3.0,3.0,7.0,7.0,8.0,7.0,8.0,4.0,5.0,4.0,6.0,4.0,4.0,5.0,6.0,5.0,8.0,7.0,8.0,7.0,6.0,9.0,6.0,8.0,6.0,4.0,10.0,9.0,10.0,3.0,5.0,7.0,6.0,6.0,4.0,7.0,7.0,4.0,4.0,3.0,4.0,3.0,4.0,5.0,2.0,3.0,6.0,4.0,7.0,7.0,5.0,6.0,4.0,7.0,6.0,4.0,6.0,8.0,5.0,2.0,3.0,3.0,0.0,0.0,0.0,0,0,0.0,0.0,0.0,0,0.0,0.0,0.0,0.0,0.0,0.0,0.0,0.0,0.0,0.0,0.0,0.0,0,0,0.0,0.0,0.0,0,0.0,0.0,0.0
162.5,1.0910647961554678,1.1856002429076675,-1.3191576799731708,1.279426007113304,-0.0838017437056737,2.0170501445383935,1.109710430391467,0.6635527807163996,-0.4517772179317288,-0.6448614583695169,-1.4196913159470357,-0.4765099835717401,-3.541966601543925,0.3294440848037941,0.3200526353855018,-1.566254172176898,0.673757043199922,0.4654897464207805,0.5786034677648836,-0.6665517893440065,-0.6455210139093851,-0.1145901902710545,0.9191299770958123,-0.1618095031512121,0.0527067292790596,0.7985102043175072,-1.5965714841672851,0.5128124114751665,-1.7311075389308015,0.5907004467891978,0.1249877868863161,0.1341144022644024,-0.1623935508935509,0.1948906409637834,-0.0123308591735061,0.1971656413847591,0.1513003819709703,0.1155544625309331,-0.0676477757536581,-0.0606482295482295,-0.1028037795537795,-0.0315180368650958,-0.5192653790653791,0.0512459762459762,0.0651106401768166,-0.16005386002886,0.0772037602919955,0.0626346542346542,0.0615575591075591,-0.0552056550690451,-0.060927983127983,-0.0079748060762767,0.0471757433742727,-0.0128546675546675,0.0046844968756734,0.0764521524399232,-0.160214627821439,0.0652246753246752,-0.245323631923632,0.0903392440892439,7.0,6.0,4.0,8.0,8.0,6.0,5.0,3.0,6.0,6.0,10.0,9.0,1.0,3.0,5.0,4.0,7.0,9.0,6.0,8.0,6.0,7.0,8.0,5.0,6.0,8.0,5.0,3.0,2.0,4.0,7.0,5.0,6.0,8.0,6.0,5.0,6.0,5.0,6.0,4.0,4.0,6.0,6.0,5.0,7.0,7.0,8.0,5.0,6.0,9.0,5.0,9.0,7.0,4.0,10.0,11.0,10.0,4.0,5.0,5.0,7.0,5.0,3.0,8.0,5.0,5.0,5.0,3.0,4.0,3.0,4.0,6.0,1.0,3.0,5.0,4.0,7.0,5.0,5.0,7.0,4.0,7.0,7.0,3.0,6.0,8.0,5.0,3.0,2.0,4.0,0.0,0.0,0.0,0,0,0.0,0.0,0.0,0,0.0,0.0,0.0,0.0,0.0,0.0,0.0,0.0,0.0,0.0,0.0,0.0,0,0,0.0,0.0,0.0,0,0.0,0.0,0.0
163.5,1.193864075360814,1.4335391630206609,-1.679048664717664,0.3375700214604163,-0.6137771047149309,2.777645266898361,-0.4120233886967052,0.682862607032139,-1.085245181717274,-1.7887733677572284,-0.9171155985750132,1.980524255254704,-3.637478768799862,0.4111260645925373,0.0590360388555126,0.0340077540524456,-0.7979253767077191,0.148034092156928,0.3786209065541651,-0.1840366718868774,0.3650376738466664,-0.6728494184300673,1.257704642211081,-2.98153994855532,-0.8358121776160709,0.7777486281089779,-1.6328191089518336,-1.3217228663775606,-1.746874423771367,0.5921054277750992,0.1406292981528274,0.150217549117549,-0.1744891663891665,0.0525735506151913,-0.074990044595927,0.2871357825181355,-0.0607177203171785,0.1191793224749108,-0.1693452852531025,-0.146620535347006,-0.0635881673881674,0.1436687774643655,-0.505990231990232,0.0575044899544899,0.0123376153172591,0.0035709971401147,-0.0966057568506484,0.0159324009324008,0.036941835941836,-0.0148129002834112,0.0384932955932957,-0.0518285121741003,0.064768538994545,-0.2627770840270841,-0.0777857681534152,0.075376738414664,-0.157620582092486,-0.1853489288489288,-0.2455168831168832,0.0919013098013097,7.0,6.0,5.0,6.0,8.0,5.0,4.0,3.0,6.0,6.0,9.0,7.0,1.0,4.0,5.0,6.0,5.0,8.0,7.0,8.0,7.0,6.0,8.0,3.0,5.0,8.0,5.0,4.0,2.0,4.0,7.0,5.0,5.0,8.0,7.0,5.0,7.0,5.0,7.0,6.0,5.0,7.0,6.0,4.0,8.0,8.0,9.0,5.0,5.0,8.0,4.0,9.0,8.0,5.0,10.0,11.0,11.0,5.0,5.0,5.0,7.0,5.0,3.0,6.0,5.0,5.0,4.0,3.0,4.0,4.0,5.0,7.0,1.0,3.0,5.0,6.0,5.0,5.0,5.0,7.0,4.0,6.0,8.0,2.0,5.0,8.0,5.0,3.0,2.0,4.0,0.0,0.0,0.0,0,0,0.0,0.0,0.0,0,0.0,0.0,0.0,0.0,0.0,0.0,0.0,0.0,0.0,0.0,0.0,0.0,0,0,0.0,0.0,0.0,0,0.0,0.0,0.0
164.5,-0.0073761997553476,1.6341764380051331,-0.3016619403440559,0.6043176761647152,-0.2906197317771957,1.298427899399551,-1.0726167985649857,-1.0158047823290348,-0.5853814774881461,0.7002431216516037,-0.6072005801658064,2.1677128991950476,-3.886154154993162,0.3922990684794768,-0.0423808944450431,1.065810621586337,-0.1195073263709969,0.1590380117666723,0.2374823703407304,-0.255037585786372,1.355650377930433,-0.7780181109037166,0.3944771031648313,-4.309764522095227,-1.659844484548731,0.3636871130644385,-1.5505625197247086,-0.2807411931039885,-1.8059027194096609,0.5740603202400371,-0.0009076730459083,0.1488374514374515,-0.0303874902874903,0.1020819723705946,-0.0305275525128467,0.1522325373972433,-0.1485813822314596,-0.1676372780813957,-0.0919372050120503,0.0534043807843341,-0.0474838837632956,0.1734445915195914,-0.552239998889999,0.0539964701964702,-0.0086355800889856,0.1134239304812831,-0.0146526395173454,0.0213684981684982,0.021976862026862,-0.0238829241020416,0.1340441142191142,-0.0598299737843855,0.0218349587203301,-0.3365470695970696,-0.1641183096315449,0.0376920859841911,-0.1541901678215146,-0.0403984626484624,-0.2496594849594848,0.0906850704850703,5.0,5.0,6.0,6.0,9.0,7.0,3.0,1.0,6.0,6.0,7.0,6.0,3.0,4.0,6.0,7.0,6.0,8.0,7.0,9.0,6.0,6.0,8.0,2.0,4.0,7.0,5.0,5.0,2.0,4.0,7.0,3.0,5.0,8.0,7.0,6.0,7.0,4.0,8.0,7.0,6.0,5.0,6.0,4.0,8.0,8.0,10.0,5.0,5.0,7.0,5.0,9.0,9.0,6.0,9.0,9.0,11.0,5.0,5.0,5.0,5.0,3.0,4.0,6.0,6.0,6.0,3.0,1.0,5.0,6.0,5.0,5.0,1.0,3.0,5.0,7.0,6.0,5.0,5.0,6.0,5.0,6.0,8.0,2.0,4.0,7.0,5.0,4.0,2.0,4.0,0.0,0.0,0.0,0,0,0.0,0.0,0.0,0,0.0,0.0,0.0,0.0,0.0,0.0,0.0,0.0,0.0,0.0,0.0,0.0,0,0,0.0,0.0,0.0,0,0.0,0.0,0.0
165.5,0.6508872781617181,0.2957828188876004,0.3494206244578902,0.2563358088805248,0.7473581254259245,0.072877154056924,-3.734443549158638,-1.050941842841551,0.7263876421130716,-1.4113758012883355,-0.1263000557848121,1.5893289308672385,-2.5239067650726943,0.7617961568902106,-0.0732034726614092,0.1128323773719874,-1.5764598431496053,0.9041465290051394,0.0967215853425402,-0.583198749162897,0.2234002967038357,-0.9605532829798868,1.2433025053100264,-2.0510211814191552,-1.8183755140274267,0.9194907107200572,-2.3159591996520708,-0.2516201460653778,-3.545436999417491,-0.2256801499730892,0.0700146353646352,0.0313910089910089,0.0380956543456544,0.046847161825103,0.0932368697436034,0.010650842604248,-0.5480181299350805,-0.168092681501505,0.1164418919831458,-0.1202623584705627,-0.0104044147029439,0.1269731831893595,-0.3575221556221556,0.1243279109779109,-0.0146246465952347,0.0123000181191356,-0.1945287323701411,0.1305551115551115,0.0087500721500721,-0.0551161118293471,0.0212072760572761,-0.0750757218271924,0.0643347609219124,-0.1752620268620268,-0.1741381868131869,0.0910693609967602,-0.2351997672348292,-0.0371113775113773,-0.4853399933399934,-0.0355994505494505,5.0,5.0,7.0,5.0,9.0,6.0,1.0,1.0,7.0,5.0,7.0,7.0,4.0,6.0,6.0,6.0,4.0,8.0,7.0,8.0,5.0,6.0,9.0,2.0,4.0,8.0,5.0,5.0,1.0,3.0,6.0,4.0,5.0,6.0,8.0,8.0,7.0,4.0,8.0,8.0,6.0,6.0,5.0,4.0,6.0,8.0,10.0,7.0,5.0,6.0,5.0,9.0,9.0,5.0,9.0,10.0,10.0,5.0,5.0,5.0,5.0,3.0,5.0,4.0,8.0,6.0,1.0,1.0,7.0,5.0,5.0,6.0,2.0,4.0,4.0,6.0,4.0,7.0,5.0,5.0,4.0,6.0,9.0,2.0,4.0,8.0,4.0,4.0,1.0,3.0,0.0,0.0,0.0,0,0,0.0,0.0,0.0,0,0.0,0.0,0.0,0.0,0.0,0.0,0.0,0.0,0.0,0.0,0.0,0.0,0,0,0.0,0.0,0.0,0,0.0,0.0,0.0
166.5,-0.517416227631586,-2.072731309384434,1.4958444078933308,-0.663791396532369,0.9631724041801044,-0.878684553177858,-2.370391161186158,-3.614305795532088,0.4673054824252561,-0.9210215066058384,-0.217889352546929,2.31490422995637,-0.9442501473319266,0.0523491643815456,0.3409808798118603,0.4640810820847669,-1.5843398799367647,0.7549159170583754,0.8954482370855953,-0.5451467500198226,-1.3911890922975347,-0.0601271602760362,0.0893240774126941,-4.776730604843583,-1.16684840697069,1.0246318897633786,-0.9974556446274768,0.9977373241358986,-3.380117892439635,-0.1737305291482129,-0.0689903540903541,-0.19962109002109,0.2003432733932734,-0.086487770726006,0.12346002001954,-0.1429773381159603,-0.3381341843313207,-0.5740267288267288,0.0749361573840675,-0.0805674782218126,-0.0146858817652936,0.1601556027306027,-0.1284066766566767,0.0097866244866243,0.0667740739652504,0.050470227811404,-0.1955113265819148,0.1181577641312935,0.0895895382395381,-0.0386863851834441,-0.1122210838181426,-0.004687091503268,0.0053053319573441,-0.4174581201478262,-0.1218523976023976,0.0988451842275371,-0.096454743098319,0.1570768564768566,-0.4768539460539461,-0.0272103896103896,4.0,4.0,6.0,6.0,9.0,5.0,2.0,0.0,6.0,5.0,6.0,6.0,4.0,8.0,6.0,6.0,4.0,7.0,5.0,9.0,5.0,7.0,9.0,2.0,4.0,7.0,6.0,6.0,1.0,4.0,5.0,4.0,6.0,7.0,9.0,9.0,7.0,4.0,8.0,8.0,6.0,5.0,5.0,4.0,6.0,8.0,10.0,9.0,6.0,6.0,6.0,9.0,9.0,7.0,8.0,9.0,9.0,6.0,5.0,4.0,3.0,2.0,6.0,4.0,9.0,5.0,2.0,0.0,6.0,5.0,5.0,5.0,3.0,4.0,5.0,6.0,4.0,7.0,5.0,6.0,4.0,7.0,8.0,2.0,4.0,7.0,5.0,6.0,1.0,3.0,0.0,0.0,0.0,0,0,0.0,0.0,0.0,0,0.0,0.0,0.0,0.0,0.0,0.0,0.0,0.0,0.0,0.0,0.0,0.0,0,0,0.0,0.0,0.0,0,0.0,0.0,0.0
167.5,-0.7175021407893449,-1.0818516897805512,0.6374547839899567,-0.0816153222643033,-0.1547515100189822,-0.9301691733336944,-2.5627408759124513,-3.699149064841177,-0.2954211759431132,-2.475567615248598,-0.1749529311952065,0.1197659939337975,-0.2080279877322315,0.3824200338764489,0.4083626548172341,0.4097673454213163,-1.6380158181822342,0.1576943771608539,1.9542166019079428,-0.4200051362458982,-0.2639517314432099,-1.076537472870826,1.1717797412013309,-1.31905323622147,-1.402157809740829,0.5295694199376059,-0.6097255494487346,1.059173257993735,-2.666798746922522,0.1273427259768768,-0.1094520979020978,-0.1151630758130758,0.0775673215673214,-0.010672137176549,-0.0207372676085525,-0.1653317981639964,-0.3620157618783006,-0.5811139615286675,-0.0505203548773208,-0.216781599386166,-0.0124372304166422,0.0080405036140328,-0.0333965090465091,0.0636913974913975,0.0755897785221314,0.0458444583194581,-0.1956900952418754,0.0231705325720031,0.1838731879231879,-0.0325633311133312,-0.0229153792286146,-0.087450985778927,0.0849708845076492,-0.1236275103980987,-0.1443508824508825,0.0472417830965044,-0.0624165523159331,0.1662211566211567,-0.3955262293262293,0.021388528138528,4.0,5.0,8.0,7.0,9.0,5.0,2.0,0.0,5.0,4.0,6.0,6.0,5.0,7.0,6.0,7.0,4.0,6.0,5.0,8.0,5.0,7.0,9.0,4.0,5.0,7.0,6.0,6.0,2.0,4.0,4.0,6.0,7.0,7.0,11.0,10.0,7.0,4.0,8.0,8.0,6.0,6.0,4.0,4.0,6.0,7.0,10.0,11.0,5.0,4.0,7.0,9.0,7.0,7.0,7.0,9.0,10.0,6.0,4.0,4.0,2.0,4.0,7.0,5.0,8.0,5.0,2.0,0.0,5.0,4.0,5.0,5.0,3.0,4.0,5.0,6.0,4.0,6.0,5.0,4.0,5.0,6.0,7.0,4.0,4.0,7.0,6.0,6.0,1.0,3.0,0.0,0.0,0.0,0,0,0.0,0.0,0.0,0,0.0,0.0,0.0,0.0,0.0,0.0,0.0,0.0,0.0,0.0,0.0,0.0,0,0,0.0,0.0,0.0,0,0.0,0.0,0.0
168.5,-0.8409848060288971,-1.6760163312616032,1.3687985721496356,1.0551814607650356,-0.13864060189029,-0.9289831130148056,-1.7010471235086704,-3.5168038520938247,-2.2584164091122467,-1.885430062358511,-1.240124865907349,1.4467427040510543,-0.2097944561053643,-0.9840089500772904,0.4090099093501736,0.0671609101671466,-0.1368145280992786,0.2450721131340831,2.562449632875555,-0.2943252925258541,-0.7706130808115298,-0.4756639055755865,1.1826953172161498,0.5112304754818474,-1.12633209632987,-0.604273301535693,-0.6141762437935704,0.1290327748881686,-1.1055964065626236,0.0583300866454573,-0.0914267510267509,-0.1834694916194917,0.1713322148439795,0.181985667815157,-0.0192047923266964,-0.1618826546219668,-0.2396969966308202,-0.6350223297943887,-0.3855673351931866,-0.1675118310997569,-0.0927049755799757,0.0966426847662139,-0.0336799367299367,-0.1633948495948495,0.0676609862359862,0.0071861360861361,-0.0166336166585392,0.0356488075306187,0.2819697247197248,-0.0230910644910644,-0.0745263949243051,-0.0362526484952957,0.0872603964662787,0.0495028087925145,-0.1125165501165501,-0.0535685455153721,-0.0645248503989989,0.0201942113442112,-0.1601712565212566,0.0090756854256853,5.0,6.0,7.0,9.0,8.0,5.0,2.0,0.0,2.0,4.0,7.0,7.0,8.0,7.0,7.0,6.0,6.0,6.0,4.0,8.0,5.0,8.0,8.0,6.0,5.0,6.0,6.0,6.0,3.0,4.0,3.0,6.0,7.0,8.0,10.0,11.0,6.0,5.0,8.0,8.0,5.0,6.0,3.0,3.0,5.0,6.0,10.0,10.0,4.0,5.0,8.0,9.0,6.0,7.0,6.0,9.0,9.0,6.0,4.0,4.0,2.0,4.0,7.0,8.0,7.0,5.0,2.0,0.0,2.0,4.0,4.0,6.0,3.0,2.0,5.0,5.0,6.0,6.0,4.0,5.0,5.0,7.0,6.0,6.0,4.0,6.0,6.0,5.0,2.0,3.0,0.0,0.0,0.0,0,0,0.0,0.0,0.0,0,0.0,0.0,0.0,0.0,0.0,0.0,0.0,0.0,0.0,0.0,0.0,0.0,0,0,0.0,0.0,0.0,0,0.0,0.0,0.0
169.5,0.6731891760158971,-1.147912530766079,0.8993322697404224,0.6303256485859654,0.0433318445333069,-0.6485917838821118,-0.8482781035352026,-3.4614958270953324,-2.504384192412693,-4.406716922954455,-0.47829866863789,1.4223211354394696,0.4356386635730815,-0.3265899041290273,0.8493777676700558,0.0847626153748122,0.0223694372602338,0.1509681658158231,1.200010439843063,1.7419806981728263,-0.1315545908334407,0.9230241113613088,0.6726831862734902,0.2370110503261639,-0.9120362836314976,0.1286365119299382,0.1523483958274837,0.2910176890861227,-1.1948580231174522,-0.7250649031279301,0.0680258408258408,-0.1436190394572749,0.1140957483692777,0.1129561856014642,0.0060525653483084,-0.1118103683210495,-0.1310784382284382,-0.6855233871821333,-0.4562617977395842,-0.3766973682148604,-0.0375800949050948,0.0972355187554103,0.0701626984126984,-0.051755328005328,0.1480513847263846,0.008593412143412,0.0027875399282519,0.0210563616036526,0.1344906426906426,0.1471659840159839,-0.0126073532676475,0.0681611344537813,0.0394347554406376,0.0258054344348461,-0.0769886113886113,0.0123534477218686,0.016228355485244,0.0471762126762126,-0.1651826950826951,-0.1130684704184704,6.0,7.0,7.0,10.0,9.0,5.0,3.0,0.0,2.0,4.0,9.0,8.0,6.0,8.0,6.0,7.0,6.0,6.0,3.0,6.0,5.0,8.0,8.0,7.0,6.0,7.0,7.0,6.0,3.0,4.0,3.0,7.0,8.0,8.0,9.0,10.0,5.0,6.0,9.0,8.0,5.0,8.0,2.0,2.0,5.0,7.0,9.0,10.0,4.0,5.0,7.0,9.0,6.0,8.0,7.0,9.0,9.0,6.0,4.0,3.0,3.0,5.0,7.0,8.0,7.0,5.0,2.0,0.0,2.0,3.0,5.0,8.0,2.0,2.0,5.0,6.0,6.0,6.0,3.0,5.0,5.0,8.0,6.0,7.0,5.0,7.0,7.0,5.0,2.0,2.0,0.0,0.0,0.0,0,0,0.0,0.0,0.0,0,0.0,0.0,0.0,0.0,0.0,0.0,0.0,0.0,0.0,0.0,0.0,0.0,0,0,0.0,0.0,0.0,0,0.0,0.0,0.0
170.5,0.0515043291888463,-0.4824160311782341,0.7592222739695924,1.4647289559766885,0.266479825497019,-0.7989766690531722,0.4643924312235467,-3.5046797216031567,-3.499367306225619,-3.945222483740943,1.0920780514863393,1.8736595174310997,0.1709837836059722,-0.2115942485492268,0.3437644776150922,0.5741795429216117,-0.0503795529676073,-0.2668994134263151,2.6362886134572574,1.6087424293864498,0.2433813956999322,1.4834395171293442,-0.7153941548752202,0.8566364173926898,-2.397902898033627,-0.7543825335039751,-0.2424305822026867,0.3762049988903624,-0.7816712450636488,-0.9186473524642914,0.0075364912864912,-0.0584399445325916,0.0965428373913667,0.2604960540577412,0.0330416411074304,-0.1346329089383269,0.0542842574092573,-0.6312864552114552,-0.5964844465390132,-0.315028322546047,0.1003163447663448,0.118895086449498,0.0226272727272727,-0.0279555555555555,0.0641829027181968,0.0514067932067932,-0.0059910112763053,-0.0347098985981338,0.2833178155178155,0.1507893661893662,0.0312606088356089,0.1213418258212375,-0.0479571033541621,0.0909890245031885,-0.2174468864468866,-0.0775995891363537,-0.025624609033897,0.0617955488955489,-0.1141256410256411,-0.1293428571428571,8.0,7.0,6.0,10.0,8.0,4.0,3.0,0.0,1.0,4.0,7.0,7.0,6.0,7.0,6.0,7.0,6.0,5.0,4.0,6.0,7.0,8.0,8.0,8.0,5.0,7.0,8.0,5.0,4.0,4.0,4.0,8.0,7.0,10.0,9.0,9.0,5.0,5.0,8.0,7.0,4.0,7.0,2.0,1.0,6.0,6.0,9.0,9.0,4.0,4.0,6.0,8.0,7.0,9.0,7.0,8.0,9.0,7.0,5.0,3.0,4.0,6.0,6.0,10.0,7.0,4.0,3.0,0.0,1.0,3.0,4.0,7.0,2.0,1.0,5.0,6.0,6.0,5.0,4.0,4.0,5.0,8.0,6.0,8.0,4.0,6.0,7.0,5.0,3.0,2.0,0.0,0.0,0.0,0,0,0.0,0.0,0.0,0,0.0,0.0,0.0,0.0,0.0,0.0,0.0,0.0,0.0,0.0,0.0,0.0,0,0,0.0,0.0,0.0,0,0.0,0.0,0.0
171.5,0.5315460216759035,0.4851221637967485,-0.3465384209640716,1.5787974331908483,0.5297479478931179,-1.0383873161803163,-1.840818746707367,-1.6332427412653074,-3.3342648458757966,-1.3139573920260417,-0.2811102035356108,0.9231739180320464,0.18531306305894,0.7045000693679435,0.1101136942855029,1.14806910108937,-0.1890687421229615,-0.4236856616879965,2.582076360975974,1.0320193035600669,0.2655686822122781,-0.1730959982076099,1.0581440776622295,0.2086469078926612,-2.563806175241704,0.3374756024921577,-0.4592496671233166,-0.1855426245915689,0.1640502275497251,0.546576567268128,0.0601820346320345,0.0577024891774891,-0.044100197025197,0.266126034191127,0.0607527617807029,-0.1676559120875683,-0.2314903813506755,-0.2925312814636343,-0.5680361916635138,-0.106753951286072,-0.0159222277722278,0.08675893714129,0.0296515151515152,0.1031115051615051,0.0211321870939518,0.1155540404040402,-0.0217323194779077,-0.0525190440278676,0.2657051726051727,0.0680679598179597,0.0319582833832835,-0.0144669497169499,0.0597573260073259,0.0231672177581618,-0.2368018814518815,0.0340246822750691,-0.0435501602800364,-0.0306715284715284,0.0267843711843711,0.075547619047619,7.0,8.0,5.0,9.0,9.0,3.0,2.0,1.0,1.0,5.0,8.0,8.0,7.0,6.0,7.0,7.0,7.0,6.0,4.0,6.0,8.0,7.0,8.0,9.0,5.0,7.0,7.0,4.0,5.0,4.0,5.0,7.0,8.0,9.0,7.0,7.0,6.0,5.0,8.0,8.0,2.0,6.0,3.0,3.0,6.0,7.0,8.0,8.0,4.0,2.0,5.0,7.0,7.0,9.0,8.0,9.0,9.0,6.0,5.0,2.0,5.0,7.0,5.0,9.0,7.0,3.0,2.0,1.0,1.0,5.0,2.0,6.0,3.0,3.0,5.0,7.0,6.0,5.0,4.0,2.0,5.0,6.0,7.0,8.0,4.0,7.0,6.0,4.0,4.0,2.0,0.0,0.0,0.0,0,0,0.0,0.0,0.0,0,0.0,0.0,0.0,0.0,0.0,0.0,0.0,0.0,0.0,0.0,0.0,0.0,0,0,0.0,0.0,0.0,0,0.0,0.0,0.0
172.5,0.6808242081246906,-0.2105257025723613,-0.8497218946387457,1.745008369744051,0.8823037658215475,-2.0184787895914185,-0.8650339269746834,,-3.531108554845396,-0.45352211490196,0.9271299178956172,0.3190468848095029,0.2778703698421141,0.3074382535994061,0.3677714456880097,0.7806047482194238,0.2751226087506043,-0.2793318676132527,1.50446439394517,-1.0374587696316684,-0.8645559544505392,-1.215070547730764,1.2710010690218208,0.523432157737617,-0.9135038235584864,0.7849816616273387,-0.0812897094121198,0.6104784062211039,0.6255619792685503,-0.3437863126838102,0.067851171051171,-0.0212098124098123,-0.1042520234667294,0.2654641544643866,0.1008961517240928,-0.2621648526825771,-0.1175548562548562,,-0.5256483631435644,-0.0328392301798649,0.072582450882451,0.0280388833388832,0.0409039238539239,0.053917549117549,0.0706709484959486,0.0813237865076099,0.0316910994492263,-0.0377387281019634,0.1548694083694083,-0.1028835386835387,-0.096273371073371,-0.10642664002664,0.0658736461251165,0.0629889567089256,-0.0844196347769876,0.0730947436464461,-0.0078576503475885,0.0897292762792761,0.1064920523920524,-0.047960678210678,7.0,8.0,4.0,8.0,8.0,2.0,2.0,,1.0,5.0,7.0,8.0,7.0,7.0,7.0,7.0,8.0,5.0,5.0,5.0,8.0,7.0,8.0,8.0,5.0,8.0,7.0,4.0,5.0,3.0,6.0,5.0,7.0,8.0,7.0,7.0,5.0,,7.0,7.0,4.0,4.0,4.0,3.0,5.0,8.0,9.0,8.0,4.0,2.0,5.0,7.0,8.0,9.0,9.0,10.0,10.0,5.0,6.0,3.0,6.0,5.0,4.0,8.0,7.0,2.0,2.0,,1.0,5.0,4.0,4.0,4.0,3.0,5.0,7.0,7.0,5.0,4.0,1.0,4.0,5.0,8.0,8.0,5.0,8.0,7.0,4.0,5.0,2.0,0.0,0.0,0.0,0,0,0.0,0.0,,0,0.0,0.0,0.0,0.0,0.0,0.0,0.0,0.0,0.0,0.0,0.0,0.0,0,0,0.0,0.0,0.0,0,0.0,0.0,0.0
173.5,0.1958429229312639,0.5053530931401623,-1.580981302307317,1.5710476150946555,0.5053039447078829,-3.730614078451867,-2.48439008658543,,-2.753648524531058,1.5291710472695317,0.7832359105900708,-0.0554851586265345,0.8980640189862631,0.1602771560243258,0.8004323821346174,1.0563030061353773,1.166212607546642,0.0563202810148493,1.6274529808567066,-0.656576397989581,-0.0870150031247113,-1.5023357305200924,1.33067162178358,0.3854888793305351,-0.7416130975321023,1.0569329242407195,-0.2709558145079184,-0.8314972194955825,0.2675838900568626,1.64139042519271,0.022123565323565,0.0521654512154513,-0.1931682040182041,0.2460653984903985,0.0655335315269525,-0.410844779403603,-0.3582375084324002,,-0.3796832095922653,0.1474251111633464,0.0540982184482184,-0.0051965423465423,0.1232439338439338,0.0248902541902542,0.1448853479853479,0.1118733134512545,0.1380008192615777,0.0076116883116882,0.1484543789543788,-0.0551413475413474,-0.0080926767676767,-0.1135122211122211,0.0767575593395252,0.0451750656807929,-0.0694928948502477,0.1002677549832348,-0.025723330573795,-0.1235827006327006,0.0465793068043068,0.2322174603174603,8.0,7.0,3.0,5.0,7.0,1.0,2.0,,2.0,5.0,7.0,9.0,6.0,7.0,6.0,7.0,8.0,5.0,6.0,5.0,8.0,6.0,9.0,8.0,5.0,8.0,8.0,4.0,5.0,3.0,6.0,5.0,7.0,6.0,8.0,6.0,7.0,,8.0,6.0,4.0,4.0,5.0,3.0,5.0,8.0,9.0,7.0,6.0,3.0,5.0,7.0,9.0,10.0,9.0,9.0,9.0,5.0,7.0,2.0,6.0,5.0,3.0,5.0,7.0,1.0,2.0,,2.0,5.0,4.0,4.0,5.0,3.0,5.0,7.0,8.0,5.0,6.0,2.0,5.0,5.0,9.0,8.0,5.0,8.0,7.0,3.0,5.0,2.0,0.0,0.0,0.0,0,0,0.0,0.0,,0,0.0,0.0,0.0,0.0,0.0,0.0,0.0,0.0,0.0,0.0,0.0,0.0,0,0,0.0,0.0,0.0,0,0.0,0.0,0.0
174.5,0.8913087420236213,-1.0169153301664715,-1.1375567246033844,1.245503787418341,0.2383263009269839,-4.733064532356073,-2.480213410304948,,-2.7879601001617567,2.000359433795975,0.7847344252891312,-0.0638836642174283,0.7878297164946245,0.9398242946684756,0.6803238976586903,0.7595170936250524,0.4210836197455507,-0.0910754039066266,1.4586827265565705,0.4384525420445773,0.5096936829422553,-0.63683013793924,0.1622741215818755,0.7646568864250255,0.2669771300986149,0.9729435913281208,0.0580628595374845,-0.8663389574020988,-0.2699870190189756,0.4887014055945153,0.1075642635142635,-0.1253220224220225,-0.1408427960927962,0.1963464479964479,0.0349382450796535,-0.5127811223090636,-0.4498692795680412,,-0.4402894353324694,0.1780178391869568,0.0540688977688978,-0.003792846042846,0.1142039960039958,0.1530747890997891,0.1195491785991786,0.0839729481303009,0.0486218200100552,-0.0128963869463868,0.1466084787761258,0.0361861582861582,0.0483645472174882,-0.040807525807526,0.0086520553835568,0.0813197986653868,0.02960333000333,0.0918978181948769,0.0054769951840385,-0.1217793706293706,-0.0458099400599401,0.0656495670995671,7.0,7.0,3.0,4.0,6.0,2.0,2.0,,2.0,6.0,7.0,8.0,5.0,6.0,6.0,7.0,8.0,5.0,7.0,7.0,8.0,6.0,8.0,8.0,6.0,7.0,7.0,4.0,4.0,2.0,6.0,4.0,6.0,4.0,8.0,6.0,9.0,,9.0,5.0,4.0,2.0,6.0,5.0,4.0,8.0,8.0,7.0,7.0,3.0,6.0,6.0,9.0,8.0,7.0,8.0,9.0,5.0,7.0,3.0,6.0,3.0,3.0,3.0,6.0,1.0,2.0,,2.0,5.0,4.0,2.0,5.0,5.0,4.0,7.0,7.0,5.0,7.0,3.0,6.0,5.0,8.0,7.0,5.0,7.0,7.0,3.0,4.0,2.0,0.0,0.0,0.0,0,0,0.0,0.0,,0,0.0,0.0,0.0,0.0,0.0,0.0,0.0,0.0,0.0,0.0,0.0,0.0,0,0,0.0,0.0,0.0,0,0.0,0.0,0.0
175.5,0.3804265454217536,0.6460121120420368,0.2363148896769746,0.9638841073313544,0.4850798475467018,-1.6393741398751946,-3.543675098243767,,-1.3909936582463804,0.2094827858171791,-0.8746691724910074,-0.0230870953983278,-0.4869593121834264,0.7470855578707049,1.3279703818645707,-0.0385401177152425,0.8768914688855098,-0.3829211353660821,0.2569815715372618,0.8126172271514054,1.4381708769758212,0.1449396669607381,0.0876885715060993,0.355611395921928,0.5148992525020767,-0.3758746529989228,-0.021268976602782,0.7426954991014272,-0.9064344930677424,-0.5364377706077884,0.0445765900765899,0.0720988400488401,0.0254245032745034,0.1492233322233322,0.0687305798948214,-0.2115950247464953,-0.5856411993235524,,-0.2243981668658139,0.0191894469909176,-0.0577912309912309,-0.0014029581529581,-0.0771451742701743,0.1335766648384294,0.2027366022866022,-0.0041683184462596,0.0922037100154746,-0.0543642912642913,0.0279789000215469,0.0704365911865912,0.1271940868299225,0.0091352397602396,0.0047749570003439,0.0348813341886871,0.0636387334887336,-0.0333498043751915,-0.0021168528410014,0.1010596403596403,-0.1467929625929627,-0.0774440836940838,6.0,7.0,4.0,5.0,7.0,3.0,1.0,,3.0,6.0,9.0,8.0,4.0,6.0,5.0,6.0,8.0,6.0,9.0,7.0,8.0,8.0,8.0,8.0,6.0,6.0,7.0,4.0,3.0,2.0,6.0,4.0,6.0,2.0,9.0,7.0,8.0,,8.0,5.0,5.0,2.0,7.0,7.0,4.0,9.0,7.0,7.0,7.0,5.0,8.0,7.0,9.0,8.0,5.0,9.0,9.0,5.0,6.0,4.0,5.0,4.0,4.0,2.0,7.0,3.0,1.0,,3.0,4.0,5.0,2.0,4.0,6.0,4.0,6.0,7.0,5.0,7.0,5.0,8.0,7.0,8.0,7.0,4.0,6.0,7.0,4.0,3.0,2.0,0.0,0.0,0.0,0,0,0.0,0.0,,0,0.0,0.0,0.0,0.0,0.0,0.0,0.0,0.0,0.0,0.0,0.0,0.0,0,0,0.0,0.0,0.0,0,0.0,0.0,0.0
176.5,1.4360643274680955,0.2883127790197823,1.0550299311973714,0.3197262370708794,-0.1948956427175081,,,,-0.5666534637864752,0.6909690148299454,-1.8327395920756409,0.0330248671621847,-0.1442391635835607,0.8804401521909159,,,0.4241928947740158,-0.09649080630816,1.3772810703031346,-0.0106438894469136,0.2802878696693743,0.1550763993684512,-1.2151867896174295,0.0458569249503119,,0.1909058526196872,-0.0534300907400671,,-1.1476366504794302,,0.1224042235542235,0.0293217171717172,0.0934914918414918,0.0407316461316462,-0.02711569801028,,,,-0.0959527409638864,0.0586721167721169,-0.1292889032536093,0.0021579809079809,-0.0209544067044066,0.1547735896456484,,,0.0457715620980326,-0.0129201243201242,0.1669085835732894,-0.0007848514230868,0.0284091016053089,0.0101286027697791,-0.0698193670450638,0.0048884677414088,,0.016666563665093,-0.0053863563509075,,-0.193906918081918,,6.0,7.0,4.0,7.0,6.0,,,,5.0,7.0,9.0,8.0,4.0,6.0,,,8.0,6.0,8.0,8.0,8.0,7.0,7.0,8.0,,6.0,7.0,,3.0,,5.0,4.0,5.0,3.0,9.0,,,,9.0,4.0,7.0,3.0,6.0,7.0,,,8.0,7.0,8.0,6.0,8.0,8.0,10.0,8.0,,8.0,10.0,,7.0,,5.0,4.0,4.0,3.0,6.0,,,,5.0,4.0,6.0,3.0,4.0,6.0,,,7.0,5.0,8.0,6.0,7.0,7.0,7.0,7.0,,6.0,7.0,,3.0,,0.0,0.0,0.0,0,0,,,,0,0.0,0.0,0.0,0.0,0.0,,,0.0,0.0,0.0,0.0,0.0,0,0,0.0,,0.0,0,,0.0,
