t_center,t_center_abs,S,S_null_mean,S_null_sd,z_S_t,S_excess,nA,nB,nM,dt,episode
6.5,6.5,0.6153846153846154,0.659953214046016,0.18727694287018165,-0.23798230566106093,-0.044568598661400616,5.0,8.0,4.0,0.09999999999999964,0
6.5,6.5,0.6153846153846154,0.659953214046016,0.18727694287018165,-0.23798230566106093,-0.044568598661400616,5.0,8.0,4.0,0.0,0
6.5,6.5,0.6153846153846154,0.659953214046016,0.18727694287018165,-0.23798230566106093,-0.044568598661400616,5.0,8.0,4.0,0.0,0
6.5,6.5,0.6153846153846154,0.659953214046016,0.18727694287018165,-0.23798230566106093,-0.044568598661400616,5.0,8.0,4.0,-0.09999999999999964,0
7.5,7.5,0.8,0.6508619442648853,0.18916445947486143,0.7884042073713857,0.14913805573511474,7.0,8.0,6.0,0.09999999999999964,0
7.5,7.5,0.8,0.6508619442648853,0.18916445947486143,0.7884042073713857,0.14913805573511474,7.0,8.0,6.0,0.0,0
7.5,7.5,0.8,0.6508619442648853,0.18916445947486143,0.7884042073713857,0.14913805573511474,7.0,8.0,6.0,0.0,0
7.5,7.5,0.8,0.6508619442648853,0.18916445947486143,0.7884042073713857,0.14913805573511474,7.0,8.0,6.0,-0.09999999999999964,0
7.5,7.5,0.8,0.6508619442648853,0.18916445947486143,0.7884042073713857,0.14913805573511474,7.0,8.0,6.0,-0.20000000000000107,0
7.5,7.5,0.8,0.6508619442648853,0.18916445947486143,0.7884042073713857,0.14913805573511474,7.0,8.0,6.0,0.0,0
8.5,8.5,0.8888888888888888,0.6581199048199823,0.18119572771964942,1.2735895430490398,0.23076898406890656,9.0,9.0,8.0,0.09999999999999964,0
8.5,8.5,0.8888888888888888,0.6581199048199823,0.18119572771964942,1.2735895430490398,0.23076898406890656,9.0,9.0,8.0,0.0,0
8.5,8.5,0.8888888888888888,0.6581199048199823,0.18119572771964942,1.2735895430490398,0.23076898406890656,9.0,9.0,8.0,0.0,0
8.5,8.5,0.8888888888888888,0.6581199048199823,0.18119572771964942,1.2735895430490398,0.23076898406890656,9.0,9.0,8.0,-0.09999999999999964,0
8.5,8.5,0.8888888888888888,0.6581199048199823,0.18119572771964942,1.2735895430490398,0.23076898406890656,9.0,9.0,8.0,-0.20000000000000107,0
8.5,8.5,0.8888888888888888,0.6581199048199823,0.18119572771964942,1.2735895430490398,0.23076898406890656,9.0,9.0,8.0,0.0,0
8.5,8.5,0.8888888888888888,0.6581199048199823,0.18119572771964942,1.2735895430490398,0.23076898406890656,9.0,9.0,8.0,0.0,0
8.5,8.5,0.8888888888888888,0.6581199048199823,0.18119572771964942,1.2735895430490398,0.23076898406890656,9.0,9.0,8.0,0.0,0
9.5,9.5,0.9,0.6656765387776997,0.1816149332454092,1.290221332767103,0.2343234612223003,11.0,9.0,9.0,0.0,0
9.5,9.5,0.9,0.6656765387776997,0.1816149332454092,1.290221332767103,0.2343234612223003,11.0,9.0,9.0,0.0,0
9.5,9.5,0.9,0.6656765387776997,0.1816149332454092,1.290221332767103,0.2343234612223003,11.0,9.0,9.0,-0.09999999999999964,0
9.5,9.5,0.9,0.6656765387776997,0.1816149332454092,1.290221332767103,0.2343234612223003,11.0,9.0,9.0,-0.20000000000000107,0
9.5,9.5,0.9,0.6656765387776997,0.1816149332454092,1.290221332767103,0.2343234612223003,11.0,9.0,9.0,0.0,0
9.5,9.5,0.9,0.6656765387776997,0.1816149332454092,1.290221332767103,0.2343234612223003,11.0,9.0,9.0,0.0,0
9.5,9.5,0.9,0.6656765387776997,0.1816149332454092,1.290221332767103,0.2343234612223003,11.0,9.0,9.0,0.0,0
9.5,9.5,0.9,0.6656765387776997,0.1816149332454092,1.290221332767103,0.2343234612223003,11.0,9.0,9.0,0.09999999999999964,0
9.5,9.5,0.9,0.6656765387776997,0.1816149332454092,1.290221332767103,0.2343234612223003,11.0,9.0,9.0,0.09999999999999964,0
10.5,10.5,0.8421052631578947,0.6546934472905834,0.1870245976242583,1.0020704134534801,0.18741181586731126,11.0,8.0,8.0,-0.09999999999999964,0
10.5,10.5,0.8421052631578947,0.6546934472905834,0.1870245976242583,1.0020704134534801,0.18741181586731126,11.0,8.0,8.0,-0.20000000000000107,0
10.5,10.5,0.8421052631578947,0.6546934472905834,0.1870245976242583,1.0020704134534801,0.18741181586731126,11.0,8.0,8.0,0.0,0
10.5,10.5,0.8421052631578947,0.6546934472905834,0.1870245976242583,1.0020704134534801,0.18741181586731126,11.0,8.0,8.0,0.0,0
10.5,10.5,0.8421052631578947,0.6546934472905834,0.1870245976242583,1.0020704134534801,0.18741181586731126,11.0,8.0,8.0,0.0,0
10.5,10.5,0.8421052631578947,0.6546934472905834,0.1870245976242583,1.0020704134534801,0.18741181586731126,11.0,8.0,8.0,0.09999999999999964,0
10.5,10.5,0.8421052631578947,0.6546934472905834,0.1870245976242583,1.0020704134534801,0.18741181586731126,11.0,8.0,8.0,0.09999999999999964,0
10.5,10.5,0.8421052631578947,0.6546934472905834,0.1870245976242583,1.0020704134534801,0.18741181586731126,11.0,8.0,8.0,-0.09999999999999964,0
11.5,11.5,0.9,0.6920263276283399,0.18892287460525867,1.1008390212471981,0.2079736723716601,11.0,9.0,9.0,-0.20000000000000107,0
11.5,11.5,0.9,0.6920263276283399,0.18892287460525867,1.1008390212471981,0.2079736723716601,11.0,9.0,9.0,0.0,0
11.5,11.5,0.9,0.6920263276283399,0.18892287460525867,1.1008390212471981,0.2079736723716601,11.0,9.0,9.0,0.0,0
11.5,11.5,0.9,0.6920263276283399,0.18892287460525867,1.1008390212471981,0.2079736723716601,11.0,9.0,9.0,0.0,0
11.5,11.5,0.9,0.6920263276283399,0.18892287460525867,1.1008390212471981,0.2079736723716601,11.0,9.0,9.0,0.09999999999999964,0
11.5,11.5,0.9,0.6920263276283399,0.18892287460525867,1.1008390212471981,0.2079736723716601,11.0,9.0,9.0,0.09999999999999964,0
11.5,11.5,0.9,0.6920263276283399,0.18892287460525867,1.1008390212471981,0.2079736723716601,11.0,9.0,9.0,-0.09999999999999964,0
11.5,11.5,0.9,0.6920263276283399,0.18892287460525867,1.1008390212471981,0.2079736723716601,11.0,9.0,9.0,-0.1999999999999993,0
11.5,11.5,0.9,0.6920263276283399,0.18892287460525867,1.1008390212471981,0.2079736723716601,11.0,9.0,9.0,0.09999999999999964,0
12.5,12.5,0.9,0.7037191011516863,0.1875944515539725,1.0463043934529268,0.19628089884831368,11.0,9.0,9.0,0.0,0
12.5,12.5,0.9,0.7037191011516863,0.1875944515539725,1.0463043934529268,0.19628089884831368,11.0,9.0,9.0,0.0,0
12.5,12.5,0.9,0.7037191011516863,0.1875944515539725,1.0463043934529268,0.19628089884831368,11.0,9.0,9.0,0.09999999999999964,0
12.5,12.5,0.9,0.7037191011516863,0.1875944515539725,1.0463043934529268,0.19628089884831368,11.0,9.0,9.0,0.09999999999999964,0
12.5,12.5,0.9,0.7037191011516863,0.1875944515539725,1.0463043934529268,0.19628089884831368,11.0,9.0,9.0,-0.09999999999999964,0
12.5,12.5,0.9,0.7037191011516863,0.1875944515539725,1.0463043934529268,0.19628089884831368,11.0,9.0,9.0,-0.1999999999999993,0
12.5,12.5,0.9,0.7037191011516863,0.1875944515539725,1.0463043934529268,0.19628089884831368,11.0,9.0,9.0,0.09999999999999964,0
12.5,12.5,0.9,0.7037191011516863,0.1875944515539725,1.0463043934529268,0.19628089884831368,11.0,9.0,9.0,0.0,0
12.5,12.5,0.9,0.7037191011516863,0.1875944515539725,1.0463043934529268,0.19628089884831368,11.0,9.0,9.0,0.0,0
13.5,13.5,0.9,0.6770488591216146,0.18566407083781516,1.2008308331941184,0.2229511408783854,11.0,9.0,9.0,0.09999999999999964,0
13.5,13.5,0.9,0.6770488591216146,0.18566407083781516,1.2008308331941184,0.2229511408783854,11.0,9.0,9.0,0.09999999999999964,0
13.5,13.5,0.9,0.6770488591216146,0.18566407083781516,1.2008308331941184,0.2229511408783854,11.0,9.0,9.0,-0.09999999999999964,0
13.5,13.5,0.9,0.6770488591216146,0.18566407083781516,1.2008308331941184,0.2229511408783854,11.0,9.0,9.0,-0.1999999999999993,0
13.5,13.5,0.9,0.6770488591216146,0.18566407083781516,1.2008308331941184,0.2229511408783854,11.0,9.0,9.0,0.09999999999999964,0
13.5,13.5,0.9,0.6770488591216146,0.18566407083781516,1.2008308331941184,0.2229511408783854,11.0,9.0,9.0,0.0,0
13.5,13.5,0.9,0.6770488591216146,0.18566407083781516,1.2008308331941184,0.2229511408783854,11.0,9.0,9.0,0.0,0
13.5,13.5,0.9,0.6770488591216146,0.18566407083781516,1.2008308331941184,0.2229511408783854,11.0,9.0,9.0,0.0,0
13.5,13.5,0.9,0.6770488591216146,0.18566407083781516,1.2008308331941184,0.2229511408783854,11.0,9.0,9.0,0.09999999999999964,0
14.5,14.5,0.9,0.670904242248979,0.19253349855726987,1.1899007677506859,0.22909575775102098,11.0,9.0,9.0,-0.09999999999999964,0
14.5,14.5,0.9,0.670904242248979,0.19253349855726987,1.1899007677506859,0.22909575775102098,11.0,9.0,9.0,-0.1999999999999993,0
14.5,14.5,0.9,0.670904242248979,0.19253349855726987,1.1899007677506859,0.22909575775102098,11.0,9.0,9.0,0.09999999999999964,0
14.5,14.5,0.9,0.670904242248979,0.19253349855726987,1.1899007677506859,0.22909575775102098,11.0,9.0,9.0,0.0,0
14.5,14.5,0.9,0.670904242248979,0.19253349855726987,1.1899007677506859,0.22909575775102098,11.0,9.0,9.0,0.0,0
14.5,14.5,0.9,0.670904242248979,0.19253349855726987,1.1899007677506859,0.22909575775102098,11.0,9.0,9.0,0.0,0
14.5,14.5,0.9,0.670904242248979,0.19253349855726987,1.1899007677506859,0.22909575775102098,11.0,9.0,9.0,0.09999999999999964,0
14.5,14.5,0.9,0.670904242248979,0.19253349855726987,1.1899007677506859,0.22909575775102098,11.0,9.0,9.0,0.1999999999999993,0
14.5,14.5,0.9,0.670904242248979,0.19253349855726987,1.1899007677506859,0.22909575775102098,11.0,9.0,9.0,0.10000000000000142,0
15.5,15.5,0.9,0.6865433432752318,0.19430711854767801,1.0985529419622955,0.2134566567247682,11.0,9.0,9.0,-0.1999999999999993,0
15.5,15.5,0.9,0.6865433432752318,0.19430711854767801,1.0985529419622955,0.2134566567247682,11.0,9.0,9.0,0.09999999999999964,0
15.5,15.5,0.9,0.6865433432752318,0.19430711854767801,1.0985529419622955,0.2134566567247682,11.0,9.0,9.0,0.0,0
15.5,15.5,0.9,0.6865433432752318,0.19430711854767801,1.0985529419622955,0.2134566567247682,11.0,9.0,9.0,0.0,0
15.5,15.5,0.9,0.6865433432752318,0.19430711854767801,1.0985529419622955,0.2134566567247682,11.0,9.0,9.0,0.0,0
15.5,15.5,0.9,0.6865433432752318,0.19430711854767801,1.0985529419622955,0.2134566567247682,11.0,9.0,9.0,0.09999999999999964,0
15.5,15.5,0.9,0.6865433432752318,0.19430711854767801,1.0985529419622955,0.2134566567247682,11.0,9.0,9.0,0.1999999999999993,0
15.5,15.5,0.9,0.6865433432752318,0.19430711854767801,1.0985529419622955,0.2134566567247682,11.0,9.0,9.0,0.10000000000000142,0
15.5,15.5,0.9,0.6865433432752318,0.19430711854767801,1.0985529419622955,0.2134566567247682,11.0,9.0,9.0,0.09999999999999787,0
16.5,16.5,0.9473684210526315,0.662667535414362,0.18444401879406563,1.5435625806665065,0.28470088563826956,10.0,9.0,9.0,0.0,0
16.5,16.5,0.9473684210526315,0.662667535414362,0.18444401879406563,1.5435625806665065,0.28470088563826956,10.0,9.0,9.0,0.0,0
16.5,16.5,0.9473684210526315,0.662667535414362,0.18444401879406563,1.5435625806665065,0.28470088563826956,10.0,9.0,9.0,0.0,0
16.5,16.5,0.9473684210526315,0.662667535414362,0.18444401879406563,1.5435625806665065,0.28470088563826956,10.0,9.0,9.0,0.09999999999999964,0
16.5,16.5,0.9473684210526315,0.662667535414362,0.18444401879406563,1.5435625806665065,0.28470088563826956,10.0,9.0,9.0,0.1999999999999993,0
16.5,16.5,0.9473684210526315,0.662667535414362,0.18444401879406563,1.5435625806665065,0.28470088563826956,10.0,9.0,9.0,0.10000000000000142,0
16.5,16.5,0.9473684210526315,0.662667535414362,0.18444401879406563,1.5435625806665065,0.28470088563826956,10.0,9.0,9.0,0.09999999999999787,0
16.5,16.5,0.9473684210526315,0.662667535414362,0.18444401879406563,1.5435625806665065,0.28470088563826956,10.0,9.0,9.0,-0.10000000000000142,0
16.5,16.5,0.9473684210526315,0.662667535414362,0.18444401879406563,1.5435625806665065,0.28470088563826956,10.0,9.0,9.0,-0.10000000000000142,0
17.5,17.5,0.875,0.6687880579774542,0.17946152860553405,1.1490593199827834,0.20621194202254578,8.0,8.0,7.0,0.0,0
17.5,17.5,0.875,0.6687880579774542,0.17946152860553405,1.1490593199827834,0.20621194202254578,8.0,8.0,7.0,0.09999999999999964,0
17.5,17.5,0.875,0.6687880579774542,0.17946152860553405,1.1490593199827834,0.20621194202254578,8.0,8.0,7.0,0.1999999999999993,0
17.5,17.5,0.875,0.6687880579774542,0.17946152860553405,1.1490593199827834,0.20621194202254578,8.0,8.0,7.0,0.10000000000000142,0
17.5,17.5,0.875,0.6687880579774542,0.17946152860553405,1.1490593199827834,0.20621194202254578,8.0,8.0,7.0,0.09999999999999787,0
17.5,17.5,0.875,0.6687880579774542,0.17946152860553405,1.1490593199827834,0.20621194202254578,8.0,8.0,7.0,-0.10000000000000142,0
17.5,17.5,0.875,0.6687880579774542,0.17946152860553405,1.1490593199827834,0.20621194202254578,8.0,8.0,7.0,-0.10000000000000142,0
18.5,18.5,0.7142857142857143,0.6681782869778999,0.17551793657335377,0.26269353553244856,0.046107427307814364,6.0,8.0,5.0,0.1999999999999993,0
18.5,18.5,0.7142857142857143,0.6681782869778999,0.17551793657335377,0.26269353553244856,0.046107427307814364,6.0,8.0,5.0,0.10000000000000142,0
18.5,18.5,0.7142857142857143,0.6681782869778999,0.17551793657335377,0.26269353553244856,0.046107427307814364,6.0,8.0,5.0,0.09999999999999787,0
18.5,18.5,0.7142857142857143,0.6681782869778999,0.17551793657335377,0.26269353553244856,0.046107427307814364,6.0,8.0,5.0,-0.10000000000000142,0
18.5,18.5,0.7142857142857143,0.6681782869778999,0.17551793657335377,0.26269353553244856,0.046107427307814364,6.0,8.0,5.0,-0.10000000000000142,0
19.5,19.5,0.7142857142857143,0.6878552058794318,0.1798940484041471,0.14692263941330683,0.02643050840628247,6.0,8.0,5.0,0.09999999999999787,0
19.5,19.5,0.7142857142857143,0.6878552058794318,0.1798940484041471,0.14692263941330683,0.02643050840628247,6.0,8.0,5.0,-0.10000000000000142,0
19.5,19.5,0.7142857142857143,0.6878552058794318,0.1798940484041471,0.14692263941330683,0.02643050840628247,6.0,8.0,5.0,-0.10000000000000142,0
19.5,19.5,0.7142857142857143,0.6878552058794318,0.1798940484041471,0.14692263941330683,0.02643050840628247,6.0,8.0,5.0,0.0,0
19.5,19.5,0.7142857142857143,0.6878552058794318,0.1798940484041471,0.14692263941330683,0.02643050840628247,6.0,8.0,5.0,-0.10000000000000142,0
20.5,20.5,0.6666666666666666,0.6994893979429583,0.18626994728172433,-0.17621055760889248,-0.03282273127629165,6.0,9.0,5.0,-0.10000000000000142,0
20.5,20.5,0.6666666666666666,0.6994893979429583,0.18626994728172433,-0.17621055760889248,-0.03282273127629165,6.0,9.0,5.0,-0.10000000000000142,0
20.5,20.5,0.6666666666666666,0.6994893979429583,0.18626994728172433,-0.17621055760889248,-0.03282273127629165,6.0,9.0,5.0,0.0,0
20.5,20.5,0.6666666666666666,0.6994893979429583,0.18626994728172433,-0.17621055760889248,-0.03282273127629165,6.0,9.0,5.0,-0.10000000000000142,0
20.5,20.5,0.6666666666666666,0.6994893979429583,0.18626994728172433,-0.17621055760889248,-0.03282273127629165,6.0,9.0,5.0,-0.09999999999999787,0
21.5,21.5,0.625,0.693921391877816,0.19270194776578942,-0.35765799296218465,-0.06892139187781599,6.0,10.0,5.0,0.0,0
21.5,21.5,0.625,0.693921391877816,0.19270194776578942,-0.35765799296218465,-0.06892139187781599,6.0,10.0,5.0,-0.10000000000000142,0
21.5,21.5,0.625,0.693921391877816,0.19270194776578942,-0.35765799296218465,-0.06892139187781599,6.0,10.0,5.0,-0.09999999999999787,0
21.5,21.5,0.625,0.693921391877816,0.19270194776578942,-0.35765799296218465,-0.06892139187781599,6.0,10.0,5.0,0.10000000000000142,0
21.5,21.5,0.625,0.693921391877816,0.19270194776578942,-0.35765799296218465,-0.06892139187781599,6.0,10.0,5.0,-0.10000000000000142,0
22.5,22.5,0.625,0.6604827099886698,0.19646854358592397,-0.18060249921459653,-0.03548270998866976,8.0,8.0,5.0,0.0,0
22.5,22.5,0.625,0.6604827099886698,0.19646854358592397,-0.18060249921459653,-0.03548270998866976,8.0,8.0,5.0,-0.10000000000000142,0
22.5,22.5,0.625,0.6604827099886698,0.19646854358592397,-0.18060249921459653,-0.03548270998866976,8.0,8.0,5.0,-0.09999999999999787,0
22.5,22.5,0.625,0.6604827099886698,0.19646854358592397,-0.18060249921459653,-0.03548270998866976,8.0,8.0,5.0,0.10000000000000142,0
22.5,22.5,0.625,0.6604827099886698,0.19646854358592397,-0.18060249921459653,-0.03548270998866976,8.0,8.0,5.0,-0.10000000000000142,0
23.5,23.5,0.7058823529411765,0.6735960581042624,0.1933762990248337,0.1669609719481077,0.03228629483691414,9.0,8.0,6.0,0.0,0
23.5,23.5,0.7058823529411765,0.6735960581042624,0.1933762990248337,0.1669609719481077,0.03228629483691414,9.0,8.0,6.0,-0.10000000000000142,0
23.5,23.5,0.7058823529411765,0.6735960581042624,0.1933762990248337,0.1669609719481077,0.03228629483691414,9.0,8.0,6.0,-0.09999999999999787,0
23.5,23.5,0.7058823529411765,0.6735960581042624,0.1933762990248337,0.1669609719481077,0.03228629483691414,9.0,8.0,6.0,0.10000000000000142,0
23.5,23.5,0.7058823529411765,0.6735960581042624,0.1933762990248337,0.1669609719481077,0.03228629483691414,9.0,8.0,6.0,-0.10000000000000142,0
23.5,23.5,0.7058823529411765,0.6735960581042624,0.1933762990248337,0.1669609719481077,0.03228629483691414,9.0,8.0,6.0,-0.1999999999999993,0
24.5,24.5,0.5,0.5768030332412685,0.184180275783598,-0.41699923031664876,-0.07680303324126847,10.0,6.0,4.0,-0.09999999999999787,0
24.5,24.5,0.5,0.5768030332412685,0.184180275783598,-0.41699923031664876,-0.07680303324126847,10.0,6.0,4.0,0.10000000000000142,0
24.5,24.5,0.5,0.5768030332412685,0.184180275783598,-0.41699923031664876,-0.07680303324126847,10.0,6.0,4.0,-0.10000000000000142,0
24.5,24.5,0.5,0.5768030332412685,0.184180275783598,-0.41699923031664876,-0.07680303324126847,10.0,6.0,4.0,-0.1999999999999993,0
25.5,25.5,0.5714285714285714,0.5875613780010838,0.17566774083519848,-0.09183704700595686,-0.01613280657251237,8.0,6.0,4.0,0.10000000000000142,0
25.5,25.5,0.5714285714285714,0.5875613780010838,0.17566774083519848,-0.09183704700595686,-0.01613280657251237,8.0,6.0,4.0,-0.10000000000000142,0
25.5,25.5,0.5714285714285714,0.5875613780010838,0.17566774083519848,-0.09183704700595686,-0.01613280657251237,8.0,6.0,4.0,-0.1999999999999993,0
25.5,25.5,0.5714285714285714,0.5875613780010838,0.17566774083519848,-0.09183704700595686,-0.01613280657251237,8.0,6.0,4.0,-0.1999999999999993,0
26.5,26.5,0.3076923076923077,0.5779338215963603,0.1781030333485427,-1.5173324610097878,-0.2702415139040526,6.0,7.0,2.0,-0.1999999999999993,0
26.5,26.5,0.3076923076923077,0.5779338215963603,0.1781030333485427,-1.5173324610097878,-0.2702415139040526,6.0,7.0,2.0,-0.1999999999999993,0
27.5,27.5,0.46153846153846156,0.6312206813052788,0.17981441298228618,-0.9436519406457862,-0.1696822197668172,6.0,7.0,3.0,-0.1999999999999993,0
27.5,27.5,0.46153846153846156,0.6312206813052788,0.17981441298228618,-0.9436519406457862,-0.1696822197668172,6.0,7.0,3.0,-0.1999999999999993,0
27.5,27.5,0.46153846153846156,0.6312206813052788,0.17981441298228618,-0.9436519406457862,-0.1696822197668172,6.0,7.0,3.0,0.20000000000000284,0
28.5,28.5,0.46153846153846156,0.5817944059208766,0.17775869906692934,-0.6765122889267801,-0.12025594438241505,7.0,6.0,3.0,-0.1999999999999993,0
28.5,28.5,0.46153846153846156,0.5817944059208766,0.17775869906692934,-0.6765122889267801,-0.12025594438241505,7.0,6.0,3.0,0.20000000000000284,0
28.5,28.5,0.46153846153846156,0.5817944059208766,0.17775869906692934,-0.6765122889267801,-0.12025594438241505,7.0,6.0,3.0,0.0,0
29.5,29.5,0.5333333333333333,0.6471845335435119,0.17951993024976082,-0.63419810854305,-0.11385120021017858,7.0,8.0,4.0,-0.1999999999999993,0
29.5,29.5,0.5333333333333333,0.6471845335435119,0.17951993024976082,-0.63419810854305,-0.11385120021017858,7.0,8.0,4.0,0.20000000000000284,0
29.5,29.5,0.5333333333333333,0.6471845335435119,0.17951993024976082,-0.63419810854305,-0.11385120021017858,7.0,8.0,4.0,0.0,0
29.5,29.5,0.5333333333333333,0.6471845335435119,0.17951993024976082,-0.63419810854305,-0.11385120021017858,7.0,8.0,4.0,0.1999999999999993,0
30.5,30.5,0.625,0.6379962514609573,0.18432747175542588,-0.07050631865770561,-0.012996251460957287,9.0,7.0,5.0,0.20000000000000284,0
30.5,30.5,0.625,0.6379962514609573,0.18432747175542588,-0.07050631865770561,-0.012996251460957287,9.0,7.0,5.0,0.0,0
30.5,30.5,0.625,0.6379962514609573,0.18432747175542588,-0.07050631865770561,-0.012996251460957287,9.0,7.0,5.0,0.1999999999999993,0
30.5,30.5,0.625,0.6379962514609573,0.18432747175542588,-0.07050631865770561,-0.012996251460957287,9.0,7.0,5.0,0.20000000000000284,0
30.5,30.5,0.625,0.6379962514609573,0.18432747175542588,-0.07050631865770561,-0.012996251460957287,9.0,7.0,5.0,0.10000000000000142,0
31.5,31.5,0.5555555555555556,0.6380176340257611,0.1874231390802024,-0.43997810982622687,-0.08246207847020548,11.0,7.0,5.0,0.0,0
31.5,31.5,0.5555555555555556,0.6380176340257611,0.1874231390802024,-0.43997810982622687,-0.08246207847020548,11.0,7.0,5.0,0.1999999999999993,0
31.5,31.5,0.5555555555555556,0.6380176340257611,0.1874231390802024,-0.43997810982622687,-0.08246207847020548,11.0,7.0,5.0,0.20000000000000284,0
31.5,31.5,0.5555555555555556,0.6380176340257611,0.1874231390802024,-0.43997810982622687,-0.08246207847020548,11.0,7.0,5.0,0.10000000000000142,0
31.5,31.5,0.5555555555555556,0.6380176340257611,0.1874231390802024,-0.43997810982622687,-0.08246207847020548,11.0,7.0,5.0,-0.20000000000000284,0
32.5,32.5,0.5555555555555556,0.6689569842953744,0.1916609865426699,-0.5916771628146245,-0.11340142873981884,10.0,8.0,5.0,0.0,0
32.5,32.5,0.5555555555555556,0.6689569842953744,0.1916609865426699,-0.5916771628146245,-0.11340142873981884,10.0,8.0,5.0,0.1999999999999993,0
32.5,32.5,0.5555555555555556,0.6689569842953744,0.1916609865426699,-0.5916771628146245,-0.11340142873981884,10.0,8.0,5.0,0.20000000000000284,0
32.5,32.5,0.5555555555555556,0.6689569842953744,0.1916609865426699,-0.5916771628146245,-0.11340142873981884,10.0,8.0,5.0,0.10000000000000142,0
32.5,32.5,0.5555555555555556,0.6689569842953744,0.1916609865426699,-0.5916771628146245,-0.11340142873981884,10.0,8.0,5.0,-0.20000000000000284,0
33.5,33.5,0.6666666666666666,0.6800080249042323,0.19793060452827402,-0.06740422113781738,-0.01334135823756566,10.0,8.0,6.0,0.1999999999999993,0
33.5,33.5,0.6666666666666666,0.6800080249042323,0.19793060452827402,-0.06740422113781738,-0.01334135823756566,10.0,8.0,6.0,0.20000000000000284,0
33.5,33.5,0.6666666666666666,0.6800080249042323,0.19793060452827402,-0.06740422113781738,-0.01334135823756566,10.0,8.0,6.0,0.10000000000000142,0
33.5,33.5,0.6666666666666666,0.6800080249042323,0.19793060452827402,-0.06740422113781738,-0.01334135823756566,10.0,8.0,6.0,-0.20000000000000284,0
33.5,33.5,0.6666666666666666,0.6800080249042323,0.19793060452827402,-0.06740422113781738,-0.01334135823756566,10.0,8.0,6.0,0.20000000000000284,0
33.5,33.5,0.6666666666666666,0.6800080249042323,0.19793060452827402,-0.06740422113781738,-0.01334135823756566,10.0,8.0,6.0,0.0,0
34.5,34.5,0.5555555555555556,0.6119093552388445,0.19271002458770908,-0.29242796166859664,-0.05635379968328891,10.0,8.0,5.0,0.20000000000000284,0
34.5,34.5,0.5555555555555556,0.6119093552388445,0.19271002458770908,-0.29242796166859664,-0.05635379968328891,10.0,8.0,5.0,0.10000000000000142,0
34.5,34.5,0.5555555555555556,0.6119093552388445,0.19271002458770908,-0.29242796166859664,-0.05635379968328891,10.0,8.0,5.0,-0.20000000000000284,0
34.5,34.5,0.5555555555555556,0.6119093552388445,0.19271002458770908,-0.29242796166859664,-0.05635379968328891,10.0,8.0,5.0,0.20000000000000284,0
34.5,34.5,0.5555555555555556,0.6119093552388445,0.19271002458770908,-0.29242796166859664,-0.05635379968328891,10.0,8.0,5.0,0.0,0
35.5,35.5,0.4,0.6181663882642986,0.18353015351888935,-1.1887223111914653,-0.21816638826429857,8.0,7.0,3.0,0.20000000000000284,0
35.5,35.5,0.4,0.6181663882642986,0.18353015351888935,-1.1887223111914653,-0.21816638826429857,8.0,7.0,3.0,0.0,0
35.5,35.5,0.4,0.6181663882642986,0.18353015351888935,-1.1887223111914653,-0.21816638826429857,8.0,7.0,3.0,0.20000000000000284,0
36.5,36.5,0.4,0.6001963193669075,0.18269332606530617,-1.0958053240288848,-0.20019631936690752,8.0,7.0,3.0,0.20000000000000284,0
36.5,36.5,0.4,0.6001963193669075,0.18269332606530617,-1.0958053240288848,-0.20019631936690752,8.0,7.0,3.0,0.0,0
36.5,36.5,0.4,0.6001963193669075,0.18269332606530617,-1.0958053240288848,-0.20019631936690752,8.0,7.0,3.0,0.20000000000000284,0
37.5,37.5,0.5714285714285714,0.5824936829510359,0.18307066176019432,-0.06044175192286546,-0.011065111522464477,8.0,6.0,4.0,0.0,0
37.5,37.5,0.5714285714285714,0.5824936829510359,0.18307066176019432,-0.06044175192286546,-0.011065111522464477,8.0,6.0,4.0,0.20000000000000284,0
37.5,37.5,0.5714285714285714,0.5824936829510359,0.18307066176019432,-0.06044175192286546,-0.011065111522464477,8.0,6.0,4.0,0.20000000000000284,0
37.5,37.5,0.5714285714285714,0.5824936829510359,0.18307066176019432,-0.06044175192286546,-0.011065111522464477,8.0,6.0,4.0,0.20000000000000284,0
38.5,38.5,0.42857142857142855,0.6314056959380488,0.1911754787184801,-1.0609847493323588,-0.2028342673666203,7.0,7.0,3.0,0.20000000000000284,0
38.5,38.5,0.42857142857142855,0.6314056959380488,0.1911754787184801,-1.0609847493323588,-0.2028342673666203,7.0,7.0,3.0,0.20000000000000284,0
38.5,38.5,0.42857142857142855,0.6314056959380488,0.1911754787184801,-1.0609847493323588,-0.2028342673666203,7.0,7.0,3.0,0.20000000000000284,0
39.5,39.5,0.625,0.6524164611789999,0.18719003564165643,-0.1464632510219937,-0.027416461178999874,7.0,9.0,5.0,0.20000000000000284,0
39.5,39.5,0.625,0.6524164611789999,0.18719003564165643,-0.1464632510219937,-0.027416461178999874,7.0,9.0,5.0,0.20000000000000284,0
39.5,39.5,0.625,0.6524164611789999,0.18719003564165643,-0.1464632510219937,-0.027416461178999874,7.0,9.0,5.0,0.20000000000000284,0
39.5,39.5,0.625,0.6524164611789999,0.18719003564165643,-0.1464632510219937,-0.027416461178999874,7.0,9.0,5.0,0.10000000000000142,0
39.5,39.5,0.625,0.6524164611789999,0.18719003564165643,-0.1464632510219937,-0.027416461178999874,7.0,9.0,5.0,-0.10000000000000142,0
40.5,40.5,0.625,0.6774544652200225,0.18917364686010446,-0.27728209552788835,-0.052454465220022506,8.0,8.0,5.0,0.20000000000000284,0
40.5,40.5,0.625,0.6774544652200225,0.18917364686010446,-0.27728209552788835,-0.052454465220022506,8.0,8.0,5.0,0.20000000000000284,0
40.5,40.5,0.625,0.6774544652200225,0.18917364686010446,-0.27728209552788835,-0.052454465220022506,8.0,8.0,5.0,0.10000000000000142,0
40.5,40.5,0.625,0.6774544652200225,0.18917364686010446,-0.27728209552788835,-0.052454465220022506,8.0,8.0,5.0,-0.10000000000000142,0
40.5,40.5,0.625,0.6774544652200225,0.18917364686010446,-0.27728209552788835,-0.052454465220022506,8.0,8.0,5.0,0.19999999999999574,0
41.5,41.5,0.7058823529411765,0.6397325741252211,0.17972790437790742,0.36805513893304315,0.0661497788159554,9.0,8.0,6.0,0.20000000000000284,0
41.5,41.5,0.7058823529411765,0.6397325741252211,0.17972790437790742,0.36805513893304315,0.0661497788159554,9.0,8.0,6.0,0.20000000000000284,0
41.5,41.5,0.7058823529411765,0.6397325741252211,0.17972790437790742,0.36805513893304315,0.0661497788159554,9.0,8.0,6.0,0.10000000000000142,0
41.5,41.5,0.7058823529411765,0.6397325741252211,0.17972790437790742,0.36805513893304315,0.0661497788159554,9.0,8.0,6.0,-0.10000000000000142,0
41.5,41.5,0.7058823529411765,0.6397325741252211,0.17972790437790742,0.36805513893304315,0.0661497788159554,9.0,8.0,6.0,0.19999999999999574,0
41.5,41.5,0.7058823529411765,0.6397325741252211,0.17972790437790742,0.36805513893304315,0.0661497788159554,9.0,8.0,6.0,0.10000000000000142,0
42.5,42.5,0.5333333333333333,0.6290092073475201,0.182975010123017,-0.5228903878724332,-0.09567587401418676,8.0,7.0,4.0,0.10000000000000142,0
42.5,42.5,0.5333333333333333,0.6290092073475201,0.182975010123017,-0.5228903878724332,-0.09567587401418676,8.0,7.0,4.0,-0.10000000000000142,0
42.5,42.5,0.5333333333333333,0.6290092073475201,0.182975010123017,-0.5228903878724332,-0.09567587401418676,8.0,7.0,4.0,0.19999999999999574,0
42.5,42.5,0.5333333333333333,0.6290092073475201,0.182975010123017,-0.5228903878724332,-0.09567587401418676,8.0,7.0,4.0,0.10000000000000142,0
43.5,43.5,0.6666666666666666,0.631408202933977,0.18641727582272136,0.1891373188299329,0.03525846373268959,8.0,7.0,5.0,0.10000000000000142,0
43.5,43.5,0.6666666666666666,0.631408202933977,0.18641727582272136,0.1891373188299329,0.03525846373268959,8.0,7.0,5.0,-0.10000000000000142,0
43.5,43.5,0.6666666666666666,0.631408202933977,0.18641727582272136,0.1891373188299329,0.03525846373268959,8.0,7.0,5.0,0.19999999999999574,0
43.5,43.5,0.6666666666666666,0.631408202933977,0.18641727582272136,0.1891373188299329,0.03525846373268959,8.0,7.0,5.0,0.10000000000000142,0
43.5,43.5,0.6666666666666666,0.631408202933977,0.18641727582272136,0.1891373188299329,0.03525846373268959,8.0,7.0,5.0,0.0,0
44.5,44.5,0.625,0.6325632825550782,0.1858552690612691,-0.04069447475597206,-0.00756328255507821,8.0,8.0,5.0,0.19999999999999574,0
44.5,44.5,0.625,0.6325632825550782,0.1858552690612691,-0.04069447475597206,-0.00756328255507821,8.0,8.0,5.0,0.10000000000000142,0
44.5,44.5,0.625,0.6325632825550782,0.1858552690612691,-0.04069447475597206,-0.00756328255507821,8.0,8.0,5.0,0.0,0
44.5,44.5,0.625,0.6325632825550782,0.1858552690612691,-0.04069447475597206,-0.00756328255507821,8.0,8.0,5.0,0.10000000000000142,0
44.5,44.5,0.625,0.6325632825550782,0.1858552690612691,-0.04069447475597206,-0.00756328255507821,8.0,8.0,5.0,-0.10000000000000142,0
45.5,45.5,0.6666666666666666,0.6199616596337959,0.18802839897719517,0.24839336657084068,0.04670500703287073,8.0,7.0,5.0,0.10000000000000142,0
45.5,45.5,0.6666666666666666,0.6199616596337959,0.18802839897719517,0.24839336657084068,0.04670500703287073,8.0,7.0,5.0,0.0,0
45.5,45.5,0.6666666666666666,0.6199616596337959,0.18802839897719517,0.24839336657084068,0.04670500703287073,8.0,7.0,5.0,0.10000000000000142,0
45.5,45.5,0.6666666666666666,0.6199616596337959,0.18802839897719517,0.24839336657084068,0.04670500703287073,8.0,7.0,5.0,-0.10000000000000142,0
45.5,45.5,0.6666666666666666,0.6199616596337959,0.18802839897719517,0.24839336657084068,0.04670500703287073,8.0,7.0,5.0,0.10000000000000142,0
46.5,46.5,0.7142857142857143,0.6355861692487078,0.19019415636549886,0.4137852946741878,0.07869954503700649,7.0,7.0,5.0,0.0,0
46.5,46.5,0.7142857142857143,0.6355861692487078,0.19019415636549886,0.4137852946741878,0.07869954503700649,7.0,7.0,5.0,0.10000000000000142,0
46.5,46.5,0.7142857142857143,0.6355861692487078,0.19019415636549886,0.4137852946741878,0.07869954503700649,7.0,7.0,5.0,-0.10000000000000142,0
46.5,46.5,0.7142857142857143,0.6355861692487078,0.19019415636549886,0.4137852946741878,0.07869954503700649,7.0,7.0,5.0,0.10000000000000142,0
46.5,46.5,0.7142857142857143,0.6355861692487078,0.19019415636549886,0.4137852946741878,0.07869954503700649,7.0,7.0,5.0,0.20000000000000284,0
47.5,47.5,0.8,0.6214721234647704,0.18697450417116873,0.9548247089977224,0.1785278765352296,8.0,7.0,6.0,0.0,0
47.5,47.5,0.8,0.6214721234647704,0.18697450417116873,0.9548247089977224,0.1785278765352296,8.0,7.0,6.0,0.10000000000000142,0
47.5,47.5,0.8,0.6214721234647704,0.18697450417116873,0.9548247089977224,0.1785278765352296,8.0,7.0,6.0,-0.10000000000000142,0
47.5,47.5,0.8,0.6214721234647704,0.18697450417116873,0.9548247089977224,0.1785278765352296,8.0,7.0,6.0,0.10000000000000142,0
47.5,47.5,0.8,0.6214721234647704,0.18697450417116873,0.9548247089977224,0.1785278765352296,8.0,7.0,6.0,0.20000000000000284,0
47.5,47.5,0.8,0.6214721234647704,0.18697450417116873,0.9548247089977224,0.1785278765352296,8.0,7.0,6.0,0.0,0
48.5,48.5,0.8235294117647058,0.6212571157858311,0.18686132393238178,1.082472775650833,0.20227229597887475,10.0,7.0,7.0,0.10000000000000142,0
48.5,48.5,0.8235294117647058,0.6212571157858311,0.18686132393238178,1.082472775650833,0.20227229597887475,10.0,7.0,7.0,-0.10000000000000142,0
48.5,48.5,0.8235294117647058,0.6212571157858311,0.18686132393238178,1.082472775650833,0.20227229597887475,10.0,7.0,7.0,0.10000000000000142,0
48.5,48.5,0.8235294117647058,0.6212571157858311,0.18686132393238178,1.082472775650833,0.20227229597887475,10.0,7.0,7.0,0.20000000000000284,0
48.5,48.5,0.8235294117647058,0.6212571157858311,0.18686132393238178,1.082472775650833,0.20227229597887475,10.0,7.0,7.0,0.0,0
48.5,48.5,0.8235294117647058,0.6212571157858311,0.18686132393238178,1.082472775650833,0.20227229597887475,10.0,7.0,7.0,-0.19999999999999574,0
48.5,48.5,0.8235294117647058,0.6212571157858311,0.18686132393238178,1.082472775650833,0.20227229597887475,10.0,7.0,7.0,0.10000000000000142,0
49.5,49.5,0.75,0.6159802609155549,0.18445592157060514,0.7265678322674269,0.1340197390844451,9.0,7.0,6.0,0.10000000000000142,0
49.5,49.5,0.75,0.6159802609155549,0.18445592157060514,0.7265678322674269,0.1340197390844451,9.0,7.0,6.0,0.20000000000000284,0
49.5,49.5,0.75,0.6159802609155549,0.18445592157060514,0.7265678322674269,0.1340197390844451,9.0,7.0,6.0,0.0,0
49.5,49.5,0.75,0.6159802609155549,0.18445592157060514,0.7265678322674269,0.1340197390844451,9.0,7.0,6.0,-0.19999999999999574,0
49.5,49.5,0.75,0.6159802609155549,0.18445592157060514,0.7265678322674269,0.1340197390844451,9.0,7.0,6.0,0.10000000000000142,0
49.5,49.5,0.75,0.6159802609155549,0.18445592157060514,0.7265678322674269,0.1340197390844451,9.0,7.0,6.0,0.20000000000000284,0
50.5,50.5,0.7058823529411765,0.6455899617925934,0.1878947654515883,0.3208838256013982,0.06029239114858309,9.0,8.0,6.0,0.20000000000000284,0
50.5,50.5,0.7058823529411765,0.6455899617925934,0.1878947654515883,0.3208838256013982,0.06029239114858309,9.0,8.0,6.0,0.0,0
50.5,50.5,0.7058823529411765,0.6455899617925934,0.1878947654515883,0.3208838256013982,0.06029239114858309,9.0,8.0,6.0,-0.19999999999999574,0
50.5,50.5,0.7058823529411765,0.6455899617925934,0.1878947654515883,0.3208838256013982,0.06029239114858309,9.0,8.0,6.0,0.10000000000000142,0
50.5,50.5,0.7058823529411765,0.6455899617925934,0.1878947654515883,0.3208838256013982,0.06029239114858309,9.0,8.0,6.0,0.20000000000000284,0
50.5,50.5,0.7058823529411765,0.6455899617925934,0.1878947654515883,0.3208838256013982,0.06029239114858309,9.0,8.0,6.0,0.10000000000000142,0
51.5,51.5,0.7368421052631579,0.6661595341534972,0.19050580192494654,0.3710258186126398,0.0706825711096607,10.0,9.0,7.0,0.0,0
51.5,51.5,0.7368421052631579,0.6661595341534972,0.19050580192494654,0.3710258186126398,0.0706825711096607,10.0,9.0,7.0,-0.19999999999999574,0
51.5,51.5,0.7368421052631579,0.6661595341534972,0.19050580192494654,0.3710258186126398,0.0706825711096607,10.0,9.0,7.0,0.10000000000000142,0
51.5,51.5,0.7368421052631579,0.6661595341534972,0.19050580192494654,0.3710258186126398,0.0706825711096607,10.0,9.0,7.0,0.20000000000000284,0
51.5,51.5,0.7368421052631579,0.6661595341534972,0.19050580192494654,0.3710258186126398,0.0706825711096607,10.0,9.0,7.0,0.10000000000000142,0
51.5,51.5,0.7368421052631579,0.6661595341534972,0.19050580192494654,0.3710258186126398,0.0706825711096607,10.0,9.0,7.0,-0.09999999999999432,0
51.5,51.5,0.7368421052631579,0.6661595341534972,0.19050580192494654,0.3710258186126398,0.0706825711096607,10.0,9.0,7.0,-0.10000000000000142,0
52.5,52.5,0.7777777777777778,0.6649428088681184,0.1862098312109937,0.6059560237816148,0.11283496890965938,9.0,9.0,7.0,-0.19999999999999574,0
52.5,52.5,0.7777777777777778,0.6649428088681184,0.1862098312109937,0.6059560237816148,0.11283496890965938,9.0,9.0,7.0,0.10000000000000142,0
52.5,52.5,0.7777777777777778,0.6649428088681184,0.1862098312109937,0.6059560237816148,0.11283496890965938,9.0,9.0,7.0,0.20000000000000284,0
52.5,52.5,0.7777777777777778,0.6649428088681184,0.1862098312109937,0.6059560237816148,0.11283496890965938,9.0,9.0,7.0,0.10000000000000142,0
52.5,52.5,0.7777777777777778,0.6649428088681184,0.1862098312109937,0.6059560237816148,0.11283496890965938,9.0,9.0,7.0,-0.09999999999999432,0
52.5,52.5,0.7777777777777778,0.6649428088681184,0.1862098312109937,0.6059560237816148,0.11283496890965938,9.0,9.0,7.0,-0.10000000000000142,0
52.5,52.5,0.7777777777777778,0.6649428088681184,0.1862098312109937,0.6059560237816148,0.11283496890965938,9.0,9.0,7.0,-0.10000000000000142,0
53.5,53.5,0.7058823529411765,0.6809972279268718,0.18198189222801944,0.13674506133348804,0.024885125014304732,8.0,9.0,6.0,0.20000000000000284,0
53.5,53.5,0.7058823529411765,0.6809972279268718,0.18198189222801944,0.13674506133348804,0.024885125014304732,8.0,9.0,6.0,0.10000000000000142,0
53.5,53.5,0.7058823529411765,0.6809972279268718,0.18198189222801944,0.13674506133348804,0.024885125014304732,8.0,9.0,6.0,-0.09999999999999432,0
53.5,53.5,0.7058823529411765,0.6809972279268718,0.18198189222801944,0.13674506133348804,0.024885125014304732,8.0,9.0,6.0,-0.10000000000000142,0
53.5,53.5,0.7058823529411765,0.6809972279268718,0.18198189222801944,0.13674506133348804,0.024885125014304732,8.0,9.0,6.0,-0.10000000000000142,0
53.5,53.5,0.7058823529411765,0.6809972279268718,0.18198189222801944,0.13674506133348804,0.024885125014304732,8.0,9.0,6.0,-0.09999999999999432,0
54.5,54.5,0.6666666666666666,0.5946819654889314,0.18109569141409607,0.3974953827760263,0.07198470117773526,8.0,7.0,5.0,0.10000000000000142,0
54.5,54.5,0.6666666666666666,0.5946819654889314,0.18109569141409607,0.3974953827760263,0.07198470117773526,8.0,7.0,5.0,-0.09999999999999432,0
54.5,54.5,0.6666666666666666,0.5946819654889314,0.18109569141409607,0.3974953827760263,0.07198470117773526,8.0,7.0,5.0,-0.10000000000000142,0
54.5,54.5,0.6666666666666666,0.5946819654889314,0.18109569141409607,0.3974953827760263,0.07198470117773526,8.0,7.0,5.0,-0.10000000000000142,0
54.5,54.5,0.6666666666666666,0.5946819654889314,0.18109569141409607,0.3974953827760263,0.07198470117773526,8.0,7.0,5.0,-0.09999999999999432,0
55.5,55.5,0.5714285714285714,0.560042019092019,0.18381695903726095,0.06194505880300337,0.011386552336552391,8.0,6.0,4.0,-0.09999999999999432,0
55.5,55.5,0.5714285714285714,0.560042019092019,0.18381695903726095,0.06194505880300337,0.011386552336552391,8.0,6.0,4.0,-0.10000000000000142,0
55.5,55.5,0.5714285714285714,0.560042019092019,0.18381695903726095,0.06194505880300337,0.011386552336552391,8.0,6.0,4.0,-0.10000000000000142,0
55.5,55.5,0.5714285714285714,0.560042019092019,0.18381695903726095,0.06194505880300337,0.011386552336552391,8.0,6.0,4.0,-0.09999999999999432,0
56.5,56.5,0.5,0.5871224910710204,0.18031269992205917,-0.48317445808686493,-0.08712249107102044,6.0,6.0,3.0,-0.10000000000000142,0
56.5,56.5,0.5,0.5871224910710204,0.18031269992205917,-0.48317445808686493,-0.08712249107102044,6.0,6.0,3.0,-0.09999999999999432,0
56.5,56.5,0.5,0.5871224910710204,0.18031269992205917,-0.48317445808686493,-0.08712249107102044,6.0,6.0,3.0,-0.20000000000000284,0
57.5,57.5,0.5714285714285714,0.6372641024266411,0.18158692228901105,-0.3625565661236708,-0.06583553099806971,7.0,7.0,4.0,-0.09999999999999432,0
57.5,57.5,0.5714285714285714,0.6372641024266411,0.18158692228901105,-0.3625565661236708,-0.06583553099806971,7.0,7.0,4.0,-0.20000000000000284,0
57.5,57.5,0.5714285714285714,0.6372641024266411,0.18158692228901105,-0.3625565661236708,-0.06583553099806971,7.0,7.0,4.0,0.09999999999999432,0
57.5,57.5,0.5714285714285714,0.6372641024266411,0.18158692228901105,-0.3625565661236708,-0.06583553099806971,7.0,7.0,4.0,0.09999999999999432,0
58.5,58.5,0.6666666666666666,0.6330649041017462,0.18848913320747668,0.178268964332993,0.03360176256492042,8.0,7.0,5.0,-0.20000000000000284,0
58.5,58.5,0.6666666666666666,0.6330649041017462,0.18848913320747668,0.178268964332993,0.03360176256492042,8.0,7.0,5.0,0.09999999999999432,0
58.5,58.5,0.6666666666666666,0.6330649041017462,0.18848913320747668,0.178268964332993,0.03360176256492042,8.0,7.0,5.0,0.09999999999999432,0
58.5,58.5,0.6666666666666666,0.6330649041017462,0.18848913320747668,0.178268964332993,0.03360176256492042,8.0,7.0,5.0,0.19999999999999574,0
58.5,58.5,0.6666666666666666,0.6330649041017462,0.18848913320747668,0.178268964332993,0.03360176256492042,8.0,7.0,5.0,0.0,0
59.5,59.5,0.75,0.6771159341088908,0.1867621121725334,0.39025081181229027,0.07288406589110918,8.0,8.0,6.0,-0.20000000000000284,0
59.5,59.5,0.75,0.6771159341088908,0.1867621121725334,0.39025081181229027,0.07288406589110918,8.0,8.0,6.0,0.09999999999999432,0
59.5,59.5,0.75,0.6771159341088908,0.1867621121725334,0.39025081181229027,0.07288406589110918,8.0,8.0,6.0,0.09999999999999432,0
59.5,59.5,0.75,0.6771159341088908,0.1867621121725334,0.39025081181229027,0.07288406589110918,8.0,8.0,6.0,0.19999999999999574,0
59.5,59.5,0.75,0.6771159341088908,0.1867621121725334,0.39025081181229027,0.07288406589110918,8.0,8.0,6.0,0.0,0
59.5,59.5,0.75,0.6771159341088908,0.1867621121725334,0.39025081181229027,0.07288406589110918,8.0,8.0,6.0,0.0,0
60.5,60.5,0.8235294117647058,0.6810169651469961,0.18312155538146904,0.7782396033106833,0.1425124466177098,9.0,8.0,7.0,-0.20000000000000284,0
60.5,60.5,0.8235294117647058,0.6810169651469961,0.18312155538146904,0.7782396033106833,0.1425124466177098,9.0,8.0,7.0,0.09999999999999432,0
60.5,60.5,0.8235294117647058,0.6810169651469961,0.18312155538146904,0.7782396033106833,0.1425124466177098,9.0,8.0,7.0,0.09999999999999432,0
60.5,60.5,0.8235294117647058,0.6810169651469961,0.18312155538146904,0.7782396033106833,0.1425124466177098,9.0,8.0,7.0,0.19999999999999574,0
60.5,60.5,0.8235294117647058,0.6810169651469961,0.18312155538146904,0.7782396033106833,0.1425124466177098,9.0,8.0,7.0,0.0,0
60.5,60.5,0.8235294117647058,0.6810169651469961,0.18312155538146904,0.7782396033106833,0.1425124466177098,9.0,8.0,7.0,0.0,0
60.5,60.5,0.8235294117647058,0.6810169651469961,0.18312155538146904,0.7782396033106833,0.1425124466177098,9.0,8.0,7.0,-0.10000000000000142,0
61.5,61.5,0.7777777777777778,0.6826492456459948,0.17601727707733847,0.540449970090069,0.09512853213178296,10.0,8.0,7.0,0.09999999999999432,0
61.5,61.5,0.7777777777777778,0.6826492456459948,0.17601727707733847,0.540449970090069,0.09512853213178296,10.0,8.0,7.0,0.09999999999999432,0
61.5,61.5,0.7777777777777778,0.6826492456459948,0.17601727707733847,0.540449970090069,0.09512853213178296,10.0,8.0,7.0,0.19999999999999574,0
61.5,61.5,0.7777777777777778,0.6826492456459948,0.17601727707733847,0.540449970090069,0.09512853213178296,10.0,8.0,7.0,0.0,0
61.5,61.5,0.7777777777777778,0.6826492456459948,0.17601727707733847,0.540449970090069,0.09512853213178296,10.0,8.0,7.0,0.0,0
61.5,61.5,0.7777777777777778,0.6826492456459948,0.17601727707733847,0.540449970090069,0.09512853213178296,10.0,8.0,7.0,-0.10000000000000142,0
61.5,61.5,0.7777777777777778,0.6826492456459948,0.17601727707733847,0.540449970090069,0.09512853213178296,10.0,8.0,7.0,0.0,0
62.5,62.5,0.7777777777777778,0.6837973250949256,0.18096700846065633,0.519323679394768,0.09398045268285216,10.0,8.0,7.0,0.19999999999999574,0
62.5,62.5,0.7777777777777778,0.6837973250949256,0.18096700846065633,0.519323679394768,0.09398045268285216,10.0,8.0,7.0,0.0,0
62.5,62.5,0.7777777777777778,0.6837973250949256,0.18096700846065633,0.519323679394768,0.09398045268285216,10.0,8.0,7.0,0.0,0
62.5,62.5,0.7777777777777778,0.6837973250949256,0.18096700846065633,0.519323679394768,0.09398045268285216,10.0,8.0,7.0,-0.10000000000000142,0
62.5,62.5,0.7777777777777778,0.6837973250949256,0.18096700846065633,0.519323679394768,0.09398045268285216,10.0,8.0,7.0,0.0,0
62.5,62.5,0.7777777777777778,0.6837973250949256,0.18096700846065633,0.519323679394768,0.09398045268285216,10.0,8.0,7.0,-0.20000000000000284,0
62.5,62.5,0.7777777777777778,0.6837973250949256,0.18096700846065633,0.519323679394768,0.09398045268285216,10.0,8.0,7.0,0.0,0
63.5,63.5,0.7777777777777778,0.6658089234466943,0.18556328642193637,0.6033998238018223,0.1119688543310835,10.0,8.0,7.0,0.0,0
63.5,63.5,0.7777777777777778,0.6658089234466943,0.18556328642193637,0.6033998238018223,0.1119688543310835,10.0,8.0,7.0,-0.10000000000000142,0
63.5,63.5,0.7777777777777778,0.6658089234466943,0.18556328642193637,0.6033998238018223,0.1119688543310835,10.0,8.0,7.0,0.0,0
63.5,63.5,0.7777777777777778,0.6658089234466943,0.18556328642193637,0.6033998238018223,0.1119688543310835,10.0,8.0,7.0,-0.20000000000000284,0
63.5,63.5,0.7777777777777778,0.6658089234466943,0.18556328642193637,0.6033998238018223,0.1119688543310835,10.0,8.0,7.0,0.0,0
63.5,63.5,0.7777777777777778,0.6658089234466943,0.18556328642193637,0.6033998238018223,0.1119688543310835,10.0,8.0,7.0,0.10000000000000853,0
63.5,63.5,0.7777777777777778,0.6658089234466943,0.18556328642193637,0.6033998238018223,0.1119688543310835,10.0,8.0,7.0,0.0,0
64.5,64.5,0.7,0.7063522334476668,0.18869021785222798,-0.03366487950446703,-0.0063522334476668885,11.0,9.0,7.0,-0.10000000000000142,0
64.5,64.5,0.7,0.7063522334476668,0.18869021785222798,-0.03366487950446703,-0.0063522334476668885,11.0,9.0,7.0,0.0,0
64.5,64.5,0.7,0.7063522334476668,0.18869021785222798,-0.03366487950446703,-0.0063522334476668885,11.0,9.0,7.0,-0.20000000000000284,0
64.5,64.5,0.7,0.7063522334476668,0.18869021785222798,-0.03366487950446703,-0.0063522334476668885,11.0,9.0,7.0,0.0,0
64.5,64.5,0.7,0.7063522334476668,0.18869021785222798,-0.03366487950446703,-0.0063522334476668885,11.0,9.0,7.0,0.10000000000000853,0
64.5,64.5,0.7,0.7063522334476668,0.18869021785222798,-0.03366487950446703,-0.0063522334476668885,11.0,9.0,7.0,0.0,0
64.5,64.5,0.7,0.7063522334476668,0.18869021785222798,-0.03366487950446703,-0.0063522334476668885,11.0,9.0,7.0,-0.10000000000000853,0
65.5,65.5,0.7,0.6918433516346056,0.19364179397785847,0.04212235487927243,0.008156648365394314,11.0,9.0,7.0,0.0,0
65.5,65.5,0.7,0.6918433516346056,0.19364179397785847,0.04212235487927243,0.008156648365394314,11.0,9.0,7.0,-0.20000000000000284,0
65.5,65.5,0.7,0.6918433516346056,0.19364179397785847,0.04212235487927243,0.008156648365394314,11.0,9.0,7.0,0.0,0
65.5,65.5,0.7,0.6918433516346056,0.19364179397785847,0.04212235487927243,0.008156648365394314,11.0,9.0,7.0,0.10000000000000853,0
65.5,65.5,0.7,0.6918433516346056,0.19364179397785847,0.04212235487927243,0.008156648365394314,11.0,9.0,7.0,0.0,0
65.5,65.5,0.7,0.6918433516346056,0.19364179397785847,0.04212235487927243,0.008156648365394314,11.0,9.0,7.0,-0.10000000000000853,0
65.5,65.5,0.7,0.6918433516346056,0.19364179397785847,0.04212235487927243,0.008156648365394314,11.0,9.0,7.0,0.0,0
66.5,66.5,0.7777777777777778,0.6646930020529865,0.19189733638851256,0.5892983084238411,0.11308477572479125,10.0,8.0,7.0,-0.20000000000000284,0
66.5,66.5,0.7777777777777778,0.6646930020529865,0.19189733638851256,0.5892983084238411,0.11308477572479125,10.0,8.0,7.0,0.0,0
66.5,66.5,0.7777777777777778,0.6646930020529865,0.19189733638851256,0.5892983084238411,0.11308477572479125,10.0,8.0,7.0,0.10000000000000853,0
66.5,66.5,0.7777777777777778,0.6646930020529865,0.19189733638851256,0.5892983084238411,0.11308477572479125,10.0,8.0,7.0,0.0,0
66.5,66.5,0.7777777777777778,0.6646930020529865,0.19189733638851256,0.5892983084238411,0.11308477572479125,10.0,8.0,7.0,-0.10000000000000853,0
66.5,66.5,0.7777777777777778,0.6646930020529865,0.19189733638851256,0.5892983084238411,0.11308477572479125,10.0,8.0,7.0,0.0,0
66.5,66.5,0.7777777777777778,0.6646930020529865,0.19189733638851256,0.5892983084238411,0.11308477572479125,10.0,8.0,7.0,-0.19999999999998863,0
67.5,67.5,0.7142857142857143,0.6216254288453205,0.18627240004172294,0.497445061209492,0.09266028544039384,7.0,7.0,5.0,0.10000000000000853,0
67.5,67.5,0.7142857142857143,0.6216254288453205,0.18627240004172294,0.497445061209492,0.09266028544039384,7.0,7.0,5.0,0.0,0
67.5,67.5,0.7142857142857143,0.6216254288453205,0.18627240004172294,0.497445061209492,0.09266028544039384,7.0,7.0,5.0,-0.10000000000000853,0
67.5,67.5,0.7142857142857143,0.6216254288453205,0.18627240004172294,0.497445061209492,0.09266028544039384,7.0,7.0,5.0,0.0,0
67.5,67.5,0.7142857142857143,0.6216254288453205,0.18627240004172294,0.497445061209492,0.09266028544039384,7.0,7.0,5.0,-0.19999999999998863,0
68.5,68.5,0.5,0.5945896694808459,0.18121241949697398,-0.5219822666868892,-0.0945896694808459,6.0,6.0,3.0,-0.10000000000000853,0
68.5,68.5,0.5,0.5945896694808459,0.18121241949697398,-0.5219822666868892,-0.0945896694808459,6.0,6.0,3.0,0.0,0
68.5,68.5,0.5,0.5945896694808459,0.18121241949697398,-0.5219822666868892,-0.0945896694808459,6.0,6.0,3.0,-0.19999999999998863,0
69.5,69.5,0.5,0.5554173927379809,0.16902940461210017,-0.32785652215457034,-0.05541739273798085,6.0,6.0,3.0,0.0,0
69.5,69.5,0.5,0.5554173927379809,0.16902940461210017,-0.32785652215457034,-0.05541739273798085,6.0,6.0,3.0,-0.19999999999998863,0
69.5,69.5,0.5,0.5554173927379809,0.16902940461210017,-0.32785652215457034,-0.05541739273798085,6.0,6.0,3.0,-0.20000000000000284,0
70.5,70.5,0.36363636363636365,0.5703000626824155,0.173820203799436,-1.1889509650127474,-0.20666369904605186,5.0,6.0,2.0,-0.20000000000000284,0
70.5,70.5,0.36363636363636365,0.5703000626824155,0.173820203799436,-1.1889509650127474,-0.20666369904605186,5.0,6.0,2.0,0.20000000000000284,0
71.5,71.5,0.42857142857142855,0.5891732581402086,0.1803685715911952,-0.8904091669184119,-0.16060182956878005,7.0,7.0,3.0,-0.20000000000000284,0
71.5,71.5,0.42857142857142855,0.5891732581402086,0.1803685715911952,-0.8904091669184119,-0.16060182956878005,7.0,7.0,3.0,-0.19999999999998863,0
71.5,71.5,0.42857142857142855,0.5891732581402086,0.1803685715911952,-0.8904091669184119,-0.16060182956878005,7.0,7.0,3.0,-0.20000000000000284,0
72.5,72.5,0.5,0.5917617219897405,0.18106398567341112,-0.5067916827770105,-0.09176172198974053,9.0,7.0,4.0,-0.20000000000000284,0
72.5,72.5,0.5,0.5917617219897405,0.18106398567341112,-0.5067916827770105,-0.09176172198974053,9.0,7.0,4.0,-0.19999999999998863,0
72.5,72.5,0.5,0.5917617219897405,0.18106398567341112,-0.5067916827770105,-0.09176172198974053,9.0,7.0,4.0,-0.20000000000000284,0
72.5,72.5,0.5,0.5917617219897405,0.18106398567341112,-0.5067916827770105,-0.09176172198974053,9.0,7.0,4.0,-0.20000000000000284,0
73.5,73.5,0.5882352941176471,0.6190682707815061,0.18494595307717984,-0.16671344331060903,-0.03083297666385898,10.0,7.0,5.0,-0.20000000000000284,0
73.5,73.5,0.5882352941176471,0.6190682707815061,0.18494595307717984,-0.16671344331060903,-0.03083297666385898,10.0,7.0,5.0,-0.19999999999998863,0
73.5,73.5,0.5882352941176471,0.6190682707815061,0.18494595307717984,-0.16671344331060903,-0.03083297666385898,10.0,7.0,5.0,-0.20000000000000284,0
73.5,73.5,0.5882352941176471,0.6190682707815061,0.18494595307717984,-0.16671344331060903,-0.03083297666385898,10.0,7.0,5.0,-0.20000000000000284,0
73.5,73.5,0.5882352941176471,0.6190682707815061,0.18494595307717984,-0.16671344331060903,-0.03083297666385898,10.0,7.0,5.0,-0.10000000000000853,0
74.5,74.5,0.47058823529411764,0.5887423240416274,0.19234114589470225,-0.6142943996610771,-0.11815408874750977,10.0,7.0,4.0,-0.19999999999998863,0
74.5,74.5,0.47058823529411764,0.5887423240416274,0.19234114589470225,-0.6142943996610771,-0.11815408874750977,10.0,7.0,4.0,-0.20000000000000284,0
74.5,74.5,0.47058823529411764,0.5887423240416274,0.19234114589470225,-0.6142943996610771,-0.11815408874750977,10.0,7.0,4.0,-0.20000000000000284,0
74.5,74.5,0.47058823529411764,0.5887423240416274,0.19234114589470225,-0.6142943996610771,-0.11815408874750977,10.0,7.0,4.0,-0.10000000000000853,0
75.5,75.5,0.7058823529411765,0.6236007363809222,0.19184701954961292,0.42889181574684704,0.08228161656025434,10.0,7.0,6.0,0.20000000000000284,0
75.5,75.5,0.7058823529411765,0.6236007363809222,0.19184701954961292,0.42889181574684704,0.08228161656025434,10.0,7.0,6.0,-0.20000000000000284,0
75.5,75.5,0.7058823529411765,0.6236007363809222,0.19184701954961292,0.42889181574684704,0.08228161656025434,10.0,7.0,6.0,-0.20000000000000284,0
75.5,75.5,0.7058823529411765,0.6236007363809222,0.19184701954961292,0.42889181574684704,0.08228161656025434,10.0,7.0,6.0,-0.10000000000000853,0
75.5,75.5,0.7058823529411765,0.6236007363809222,0.19184701954961292,0.42889181574684704,0.08228161656025434,10.0,7.0,6.0,0.0,0
75.5,75.5,0.7058823529411765,0.6236007363809222,0.19184701954961292,0.42889181574684704,0.08228161656025434,10.0,7.0,6.0,-0.20000000000000284,0
76.5,76.5,0.5882352941176471,0.6001567751907535,0.19583901311491353,-0.060873882499148366,-0.011921481073106421,10.0,7.0,5.0,-0.20000000000000284,0
76.5,76.5,0.5882352941176471,0.6001567751907535,0.19583901311491353,-0.060873882499148366,-0.011921481073106421,10.0,7.0,5.0,-0.10000000000000853,0
76.5,76.5,0.5882352941176471,0.6001567751907535,0.19583901311491353,-0.060873882499148366,-0.011921481073106421,10.0,7.0,5.0,0.0,0
76.5,76.5,0.5882352941176471,0.6001567751907535,0.19583901311491353,-0.060873882499148366,-0.011921481073106421,10.0,7.0,5.0,-0.20000000000000284,0
76.5,76.5,0.5882352941176471,0.6001567751907535,0.19583901311491353,-0.060873882499148366,-0.011921481073106421,10.0,7.0,5.0,-0.20000000000000284,0
77.5,77.5,0.75,0.6353662150199302,0.1925931436771201,0.5952121804099728,0.11463378498006982,9.0,7.0,6.0,-0.10000000000000853,0
77.5,77.5,0.75,0.6353662150199302,0.1925931436771201,0.5952121804099728,0.11463378498006982,9.0,7.0,6.0,0.0,0
77.5,77.5,0.75,0.6353662150199302,0.1925931436771201,0.5952121804099728,0.11463378498006982,9.0,7.0,6.0,-0.20000000000000284,0
77.5,77.5,0.75,0.6353662150199302,0.1925931436771201,0.5952121804099728,0.11463378498006982,9.0,7.0,6.0,-0.20000000000000284,0
77.5,77.5,0.75,0.6353662150199302,0.1925931436771201,0.5952121804099728,0.11463378498006982,9.0,7.0,6.0,-0.09999999999999432,0
77.5,77.5,0.75,0.6353662150199302,0.1925931436771201,0.5952121804099728,0.11463378498006982,9.0,7.0,6.0,0.0,0
78.5,78.5,0.8235294117647058,0.6525127828999345,0.19225808611734427,0.889515922676936,0.17101662886477131,9.0,8.0,7.0,0.0,0
78.5,78.5,0.8235294117647058,0.6525127828999345,0.19225808611734427,0.889515922676936,0.17101662886477131,9.0,8.0,7.0,-0.20000000000000284,0
78.5,78.5,0.8235294117647058,0.6525127828999345,0.19225808611734427,0.889515922676936,0.17101662886477131,9.0,8.0,7.0,-0.20000000000000284,0
78.5,78.5,0.8235294117647058,0.6525127828999345,0.19225808611734427,0.889515922676936,0.17101662886477131,9.0,8.0,7.0,-0.09999999999999432,0
78.5,78.5,0.8235294117647058,0.6525127828999345,0.19225808611734427,0.889515922676936,0.17101662886477131,9.0,8.0,7.0,0.0,0
78.5,78.5,0.8235294117647058,0.6525127828999345,0.19225808611734427,0.889515922676936,0.17101662886477131,9.0,8.0,7.0,0.09999999999999432,0
78.5,78.5,0.8235294117647058,0.6525127828999345,0.19225808611734427,0.889515922676936,0.17101662886477131,9.0,8.0,7.0,-0.20000000000000284,0
79.5,79.5,0.9333333333333333,0.6192939549528558,0.19072073373714216,1.6465927548983603,0.3140393783804776,8.0,7.0,7.0,0.0,0
79.5,79.5,0.9333333333333333,0.6192939549528558,0.19072073373714216,1.6465927548983603,0.3140393783804776,8.0,7.0,7.0,-0.20000000000000284,0
79.5,79.5,0.9333333333333333,0.6192939549528558,0.19072073373714216,1.6465927548983603,0.3140393783804776,8.0,7.0,7.0,-0.20000000000000284,0
79.5,79.5,0.9333333333333333,0.6192939549528558,0.19072073373714216,1.6465927548983603,0.3140393783804776,8.0,7.0,7.0,-0.09999999999999432,0
79.5,79.5,0.9333333333333333,0.6192939549528558,0.19072073373714216,1.6465927548983603,0.3140393783804776,8.0,7.0,7.0,0.0,0
79.5,79.5,0.9333333333333333,0.6192939549528558,0.19072073373714216,1.6465927548983603,0.3140393783804776,8.0,7.0,7.0,0.09999999999999432,0
79.5,79.5,0.9333333333333333,0.6192939549528558,0.19072073373714216,1.6465927548983603,0.3140393783804776,8.0,7.0,7.0,-0.20000000000000284,0
80.5,80.5,0.8571428571428571,0.5855432577226695,0.18970169885802335,1.4317193839337115,0.27159959942018763,8.0,6.0,6.0,-0.20000000000000284,0
80.5,80.5,0.8571428571428571,0.5855432577226695,0.18970169885802335,1.4317193839337115,0.27159959942018763,8.0,6.0,6.0,-0.09999999999999432,0
80.5,80.5,0.8571428571428571,0.5855432577226695,0.18970169885802335,1.4317193839337115,0.27159959942018763,8.0,6.0,6.0,0.0,0
80.5,80.5,0.8571428571428571,0.5855432577226695,0.18970169885802335,1.4317193839337115,0.27159959942018763,8.0,6.0,6.0,0.09999999999999432,0
80.5,80.5,0.8571428571428571,0.5855432577226695,0.18970169885802335,1.4317193839337115,0.27159959942018763,8.0,6.0,6.0,-0.20000000000000284,0
80.5,80.5,0.8571428571428571,0.5855432577226695,0.18970169885802335,1.4317193839337115,0.27159959942018763,8.0,6.0,6.0,-0.09999999999999432,0
81.5,81.5,0.75,0.581992876731112,0.1761095461828975,0.9539921424498206,0.168007123268888,9.0,7.0,6.0,-0.09999999999999432,0
81.5,81.5,0.75,0.581992876731112,0.1761095461828975,0.9539921424498206,0.168007123268888,9.0,7.0,6.0,0.0,0
81.5,81.5,0.75,0.581992876731112,0.1761095461828975,0.9539921424498206,0.168007123268888,9.0,7.0,6.0,0.09999999999999432,0
81.5,81.5,0.75,0.581992876731112,0.1761095461828975,0.9539921424498206,0.168007123268888,9.0,7.0,6.0,-0.20000000000000284,0
81.5,81.5,0.75,0.581992876731112,0.1761095461828975,0.9539921424498206,0.168007123268888,9.0,7.0,6.0,-0.09999999999999432,0
81.5,81.5,0.75,0.581992876731112,0.1761095461828975,0.9539921424498206,0.168007123268888,9.0,7.0,6.0,-0.09999999999999432,0
82.5,82.5,0.6153846153846154,0.5850470090367148,0.18210403621277715,0.16659491452706202,0.030337606347900614,7.0,6.0,4.0,0.09999999999999432,0
82.5,82.5,0.6153846153846154,0.5850470090367148,0.18210403621277715,0.16659491452706202,0.030337606347900614,7.0,6.0,4.0,-0.20000000000000284,0
82.5,82.5,0.6153846153846154,0.5850470090367148,0.18210403621277715,0.16659491452706202,0.030337606347900614,7.0,6.0,4.0,-0.09999999999999432,0
82.5,82.5,0.6153846153846154,0.5850470090367148,0.18210403621277715,0.16659491452706202,0.030337606347900614,7.0,6.0,4.0,-0.09999999999999432,0
83.5,83.5,0.42857142857142855,0.5920658912982442,0.18176610254646278,-0.899477187640217,-0.16349446272681561,7.0,7.0,3.0,-0.09999999999999432,0
83.5,83.5,0.42857142857142855,0.5920658912982442,0.18176610254646278,-0.899477187640217,-0.16349446272681561,7.0,7.0,3.0,-0.09999999999999432,0
83.5,83.5,0.42857142857142855,0.5920658912982442,0.18176610254646278,-0.899477187640217,-0.16349446272681561,7.0,7.0,3.0,0.10000000000000853,0
84.5,84.5,0.5,0.6740680966694124,0.19304285627494217,-0.9017070096678175,-0.17406809666941236,8.0,8.0,4.0,-0.09999999999999432,0
84.5,84.5,0.5,0.6740680966694124,0.19304285627494217,-0.9017070096678175,-0.17406809666941236,8.0,8.0,4.0,-0.09999999999999432,0
84.5,84.5,0.5,0.6740680966694124,0.19304285627494217,-0.9017070096678175,-0.17406809666941236,8.0,8.0,4.0,0.10000000000000853,0
84.5,84.5,0.5,0.6740680966694124,0.19304285627494217,-0.9017070096678175,-0.17406809666941236,8.0,8.0,4.0,-0.20000000000000284,0
85.5,85.5,0.5882352941176471,0.678475840980485,0.191653079900471,-0.47085362212650833,-0.09024054686283789,8.0,9.0,5.0,-0.09999999999999432,0
85.5,85.5,0.5882352941176471,0.678475840980485,0.191653079900471,-0.47085362212650833,-0.09024054686283789,8.0,9.0,5.0,0.10000000000000853,0
85.5,85.5,0.5882352941176471,0.678475840980485,0.191653079900471,-0.47085362212650833,-0.09024054686283789,8.0,9.0,5.0,-0.20000000000000284,0
85.5,85.5,0.5882352941176471,0.678475840980485,0.191653079900471,-0.47085362212650833,-0.09024054686283789,8.0,9.0,5.0,-0.20000000000000284,0
85.5,85.5,0.5882352941176471,0.678475840980485,0.191653079900471,-0.47085362212650833,-0.09024054686283789,8.0,9.0,5.0,-0.20000000000000284,0
86.5,86.5,0.47058823529411764,0.6882155984881991,0.19197972727808688,-1.1335955430275377,-0.2176273631940815,8.0,9.0,4.0,0.10000000000000853,0
86.5,86.5,0.47058823529411764,0.6882155984881991,0.19197972727808688,-1.1335955430275377,-0.2176273631940815,8.0,9.0,4.0,-0.20000000000000284,0
86.5,86.5,0.47058823529411764,0.6882155984881991,0.19197972727808688,-1.1335955430275377,-0.2176273631940815,8.0,9.0,4.0,-0.20000000000000284,0
86.5,86.5,0.47058823529411764,0.6882155984881991,0.19197972727808688,-1.1335955430275377,-0.2176273631940815,8.0,9.0,4.0,-0.20000000000000284,0
87.5,87.5,0.5555555555555556,0.7014375319468973,0.1873974490181382,-0.7784629788488838,-0.1458819763913417,9.0,9.0,5.0,0.10000000000000853,0
87.5,87.5,0.5555555555555556,0.7014375319468973,0.1873974490181382,-0.7784629788488838,-0.1458819763913417,9.0,9.0,5.0,-0.20000000000000284,0
87.5,87.5,0.5555555555555556,0.7014375319468973,0.1873974490181382,-0.7784629788488838,-0.1458819763913417,9.0,9.0,5.0,-0.20000000000000284,0
87.5,87.5,0.5555555555555556,0.7014375319468973,0.1873974490181382,-0.7784629788488838,-0.1458819763913417,9.0,9.0,5.0,-0.20000000000000284,0
87.5,87.5,0.5555555555555556,0.7014375319468973,0.1873974490181382,-0.7784629788488838,-0.1458819763913417,9.0,9.0,5.0,-0.09999999999999432,0
88.5,88.5,0.625,0.6760735951355146,0.1936759741338561,-0.26370640635175463,-0.05107359513551457,8.0,8.0,5.0,-0.20000000000000284,0
88.5,88.5,0.625,0.6760735951355146,0.1936759741338561,-0.26370640635175463,-0.05107359513551457,8.0,8.0,5.0,-0.20000000000000284,0
88.5,88.5,0.625,0.6760735951355146,0.1936759741338561,-0.26370640635175463,-0.05107359513551457,8.0,8.0,5.0,-0.20000000000000284,0
88.5,88.5,0.625,0.6760735951355146,0.1936759741338561,-0.26370640635175463,-0.05107359513551457,8.0,8.0,5.0,-0.09999999999999432,0
88.5,88.5,0.625,0.6760735951355146,0.1936759741338561,-0.26370640635175463,-0.05107359513551457,8.0,8.0,5.0,0.0,0
89.5,89.5,0.6153846153846154,0.6327009015752051,0.18825961304882288,-0.0919808869791892,-0.01731628619058967,6.0,7.0,4.0,-0.20000000000000284,0
89.5,89.5,0.6153846153846154,0.6327009015752051,0.18825961304882288,-0.0919808869791892,-0.01731628619058967,6.0,7.0,4.0,-0.20000000000000284,0
89.5,89.5,0.6153846153846154,0.6327009015752051,0.18825961304882288,-0.0919808869791892,-0.01731628619058967,6.0,7.0,4.0,-0.09999999999999432,0
89.5,89.5,0.6153846153846154,0.6327009015752051,0.18825961304882288,-0.0919808869791892,-0.01731628619058967,6.0,7.0,4.0,0.0,0
90.5,90.5,0.36363636363636365,0.5465226755270873,0.19223513103504047,-0.9513677906115262,-0.18288631189072369,5.0,6.0,2.0,-0.09999999999999432,0
90.5,90.5,0.36363636363636365,0.5465226755270873,0.19223513103504047,-0.9513677906115262,-0.18288631189072369,5.0,6.0,2.0,0.0,0
91.5,91.5,0.5454545454545454,0.5405511619099854,0.1792728033220402,0.02735151932528049,0.004903383544559992,5.0,6.0,3.0,-0.09999999999999432,0
91.5,91.5,0.5454545454545454,0.5405511619099854,0.1792728033220402,0.02735151932528049,0.004903383544559992,5.0,6.0,3.0,0.0,0
91.5,91.5,0.5454545454545454,0.5405511619099854,0.1792728033220402,0.02735151932528049,0.004903383544559992,5.0,6.0,3.0,-0.10000000000000853,0
92.5,92.5,0.7272727272727273,0.5285170166434873,0.18359283880077593,1.08258966922407,0.19875571062924002,5.0,6.0,4.0,0.0,0
92.5,92.5,0.7272727272727273,0.5285170166434873,0.18359283880077593,1.08258966922407,0.19875571062924002,5.0,6.0,4.0,-0.10000000000000853,0
92.5,92.5,0.7272727272727273,0.5285170166434873,0.18359283880077593,1.08258966922407,0.19875571062924002,5.0,6.0,4.0,0.09999999999999432,0
92.5,92.5,0.7272727272727273,0.5285170166434873,0.18359283880077593,1.08258966922407,0.19875571062924002,5.0,6.0,4.0,-0.20000000000000284,0
93.5,93.5,0.5454545454545454,0.502479557044263,0.1839014122601678,0.23368492869149463,0.042974988410282466,6.0,5.0,3.0,-0.10000000000000853,0
93.5,93.5,0.5454545454545454,0.502479557044263,0.1839014122601678,0.23368492869149463,0.042974988410282466,6.0,5.0,3.0,0.09999999999999432,0
93.5,93.5,0.5454545454545454,0.502479557044263,0.1839014122601678,0.23368492869149463,0.042974988410282466,6.0,5.0,3.0,-0.20000000000000284,0
94.5,94.5,0.6153846153846154,0.48267600455100457,0.18328494282240573,0.7240562633789241,0.13270861083361085,8.0,5.0,4.0,-0.10000000000000853,0
94.5,94.5,0.6153846153846154,0.48267600455100457,0.18328494282240573,0.7240562633789241,0.13270861083361085,8.0,5.0,4.0,0.09999999999999432,0
94.5,94.5,0.6153846153846154,0.48267600455100457,0.18328494282240573,0.7240562633789241,0.13270861083361085,8.0,5.0,4.0,-0.20000000000000284,0
94.5,94.5,0.6153846153846154,0.48267600455100457,0.18328494282240573,0.7240562633789241,0.13270861083361085,8.0,5.0,4.0,-0.20000000000000284,0
95.5,95.5,0.6666666666666666,0.5652658694246929,0.1867122691143673,0.5430858814096594,0.1014007972419737,9.0,6.0,5.0,-0.10000000000000853,0
95.5,95.5,0.6666666666666666,0.5652658694246929,0.1867122691143673,0.5430858814096594,0.1014007972419737,9.0,6.0,5.0,0.09999999999999432,0
95.5,95.5,0.6666666666666666,0.5652658694246929,0.1867122691143673,0.5430858814096594,0.1014007972419737,9.0,6.0,5.0,-0.20000000000000284,0
95.5,95.5,0.6666666666666666,0.5652658694246929,0.1867122691143673,0.5430858814096594,0.1014007972419737,9.0,6.0,5.0,-0.20000000000000284,0
95.5,95.5,0.6666666666666666,0.5652658694246929,0.1867122691143673,0.5430858814096594,0.1014007972419737,9.0,6.0,5.0,0.10000000000000853,0
96.5,96.5,0.7058823529411765,0.577940647149548,0.17284818729508705,0.7401969774389708,0.12794170579162856,10.0,7.0,6.0,0.09999999999999432,0
96.5,96.5,0.7058823529411765,0.577940647149548,0.17284818729508705,0.7401969774389708,0.12794170579162856,10.0,7.0,6.0,-0.20000000000000284,0
96.5,96.5,0.7058823529411765,0.577940647149548,0.17284818729508705,0.7401969774389708,0.12794170579162856,10.0,7.0,6.0,-0.20000000000000284,0
96.5,96.5,0.7058823529411765,0.577940647149548,0.17284818729508705,0.7401969774389708,0.12794170579162856,10.0,7.0,6.0,0.10000000000000853,0
96.5,96.5,0.7058823529411765,0.577940647149548,0.17284818729508705,0.7401969774389708,0.12794170579162856,10.0,7.0,6.0,0.0,0
96.5,96.5,0.7058823529411765,0.577940647149548,0.17284818729508705,0.7401969774389708,0.12794170579162856,10.0,7.0,6.0,0.0,0
97.5,97.5,0.7058823529411765,0.5782877351406763,0.19018440258452715,0.6708994852708332,0.1275946178005002,10.0,7.0,6.0,0.20000000000000284,0
97.5,97.5,0.7058823529411765,0.5782877351406763,0.19018440258452715,0.6708994852708332,0.1275946178005002,10.0,7.0,6.0,-0.20000000000000284,0
97.5,97.5,0.7058823529411765,0.5782877351406763,0.19018440258452715,0.6708994852708332,0.1275946178005002,10.0,7.0,6.0,0.10000000000000853,0
97.5,97.5,0.7058823529411765,0.5782877351406763,0.19018440258452715,0.6708994852708332,0.1275946178005002,10.0,7.0,6.0,0.0,0
97.5,97.5,0.7058823529411765,0.5782877351406763,0.19018440258452715,0.6708994852708332,0.1275946178005002,10.0,7.0,6.0,0.0,0
97.5,97.5,0.7058823529411765,0.5782877351406763,0.19018440258452715,0.6708994852708332,0.1275946178005002,10.0,7.0,6.0,-0.10000000000000853,0
98.5,98.5,0.7058823529411765,0.6230472323428206,0.20288792636095268,0.40828018741236544,0.08283512059835596,10.0,7.0,6.0,-0.20000000000000284,0
98.5,98.5,0.7058823529411765,0.6230472323428206,0.20288792636095268,0.40828018741236544,0.08283512059835596,10.0,7.0,6.0,0.10000000000000853,0
98.5,98.5,0.7058823529411765,0.6230472323428206,0.20288792636095268,0.40828018741236544,0.08283512059835596,10.0,7.0,6.0,0.0,0
98.5,98.5,0.7058823529411765,0.6230472323428206,0.20288792636095268,0.40828018741236544,0.08283512059835596,10.0,7.0,6.0,0.0,0
98.5,98.5,0.7058823529411765,0.6230472323428206,0.20288792636095268,0.40828018741236544,0.08283512059835596,10.0,7.0,6.0,-0.10000000000000853,0
98.5,98.5,0.7058823529411765,0.6230472323428206,0.20288792636095268,0.40828018741236544,0.08283512059835596,10.0,7.0,6.0,0.19999999999998863,0
99.5,99.5,0.625,0.6231907925665665,0.20413741028077362,0.008862694157553384,0.0018092074334334907,9.0,7.0,5.0,0.10000000000000853,0
99.5,99.5,0.625,0.6231907925665665,0.20413741028077362,0.008862694157553384,0.0018092074334334907,9.0,7.0,5.0,0.0,0
99.5,99.5,0.625,0.6231907925665665,0.20413741028077362,0.008862694157553384,0.0018092074334334907,9.0,7.0,5.0,0.0,0
99.5,99.5,0.625,0.6231907925665665,0.20413741028077362,0.008862694157553384,0.0018092074334334907,9.0,7.0,5.0,-0.10000000000000853,0
99.5,99.5,0.625,0.6231907925665665,0.20413741028077362,0.008862694157553384,0.0018092074334334907,9.0,7.0,5.0,0.19999999999998863,0
100.5,100.5,0.5714285714285714,0.6205685071979963,0.20114474353578293,-0.24430136679501674,-0.04913993576942488,7.0,7.0,4.0,0.0,0
100.5,100.5,0.5714285714285714,0.6205685071979963,0.20114474353578293,-0.24430136679501674,-0.04913993576942488,7.0,7.0,4.0,0.0,0
100.5,100.5,0.5714285714285714,0.6205685071979963,0.20114474353578293,-0.24430136679501674,-0.04913993576942488,7.0,7.0,4.0,-0.10000000000000853,0
100.5,100.5,0.5714285714285714,0.6205685071979963,0.20114474353578293,-0.24430136679501674,-0.04913993576942488,7.0,7.0,4.0,0.19999999999998863,0
101.5,101.5,0.3333333333333333,0.6170450618009442,0.20099966403304975,-1.4115034959509238,-0.2837117284676109,5.0,7.0,2.0,-0.10000000000000853,0
101.5,101.5,0.3333333333333333,0.6170450618009442,0.20099966403304975,-1.4115034959509238,-0.2837117284676109,5.0,7.0,2.0,0.19999999999998863,0
102.5,102.5,0.16666666666666666,0.5921431890520901,0.19387602647800384,-2.194580372389135,-0.42547652238542344,5.0,7.0,1.0,-0.20000000000000284,0
103.5,103.5,0.3333333333333333,0.6290472756259908,0.20018179505688372,-1.4772269486774627,-0.2957139422926575,5.0,7.0,2.0,-0.20000000000000284,0
103.5,103.5,0.3333333333333333,0.6290472756259908,0.20018179505688372,-1.4772269486774627,-0.2957139422926575,5.0,7.0,2.0,-0.20000000000000284,0
104.5,104.5,0.6153846153846154,0.6574572224473153,0.2067214975496069,-0.2035231340785142,-0.042072607062699885,5.0,8.0,4.0,-0.20000000000000284,0
104.5,104.5,0.6153846153846154,0.6574572224473153,0.2067214975496069,-0.2035231340785142,-0.042072607062699885,5.0,8.0,4.0,-0.20000000000000284,0
104.5,104.5,0.6153846153846154,0.6574572224473153,0.2067214975496069,-0.2035231340785142,-0.042072607062699885,5.0,8.0,4.0,-0.09999999999999432,0
104.5,104.5,0.6153846153846154,0.6574572224473153,0.2067214975496069,-0.2035231340785142,-0.042072607062699885,5.0,8.0,4.0,-0.10000000000000853,0
105.5,105.5,0.6666666666666666,0.6792940457117702,0.20119514212681247,-0.0627618485795477,-0.012627379045103582,7.0,8.0,5.0,-0.20000000000000284,0
105.5,105.5,0.6666666666666666,0.6792940457117702,0.20119514212681247,-0.0627618485795477,-0.012627379045103582,7.0,8.0,5.0,-0.20000000000000284,0
105.5,105.5,0.6666666666666666,0.6792940457117702,0.20119514212681247,-0.0627618485795477,-0.012627379045103582,7.0,8.0,5.0,-0.09999999999999432,0
105.5,105.5,0.6666666666666666,0.6792940457117702,0.20119514212681247,-0.0627618485795477,-0.012627379045103582,7.0,8.0,5.0,-0.10000000000000853,0
105.5,105.5,0.6666666666666666,0.6792940457117702,0.20119514212681247,-0.0627618485795477,-0.012627379045103582,7.0,8.0,5.0,-0.09999999999999432,0
106.5,106.5,0.875,0.6836162557342897,0.19605696589978222,0.9761639602417352,0.19138374426571025,8.0,8.0,7.0,-0.20000000000000284,0
106.5,106.5,0.875,0.6836162557342897,0.19605696589978222,0.9761639602417352,0.19138374426571025,8.0,8.0,7.0,-0.20000000000000284,0
106.5,106.5,0.875,0.6836162557342897,0.19605696589978222,0.9761639602417352,0.19138374426571025,8.0,8.0,7.0,-0.09999999999999432,0
106.5,106.5,0.875,0.6836162557342897,0.19605696589978222,0.9761639602417352,0.19138374426571025,8.0,8.0,7.0,-0.10000000000000853,0
106.5,106.5,0.875,0.6836162557342897,0.19605696589978222,0.9761639602417352,0.19138374426571025,8.0,8.0,7.0,-0.09999999999999432,0
106.5,106.5,0.875,0.6836162557342897,0.19605696589978222,0.9761639602417352,0.19138374426571025,8.0,8.0,7.0,-0.09999999999999432,0
106.5,106.5,0.875,0.6836162557342897,0.19605696589978222,0.9761639602417352,0.19138374426571025,8.0,8.0,7.0,0.0,0
107.5,107.5,0.875,0.6450799857349392,0.1963068365635403,1.1712277488137335,0.2299200142650608,8.0,8.0,7.0,-0.20000000000000284,0
107.5,107.5,0.875,0.6450799857349392,0.1963068365635403,1.1712277488137335,0.2299200142650608,8.0,8.0,7.0,-0.09999999999999432,0
107.5,107.5,0.875,0.6450799857349392,0.1963068365635403,1.1712277488137335,0.2299200142650608,8.0,8.0,7.0,-0.10000000000000853,0
107.5,107.5,0.875,0.6450799857349392,0.1963068365635403,1.1712277488137335,0.2299200142650608,8.0,8.0,7.0,-0.09999999999999432,0
107.5,107.5,0.875,0.6450799857349392,0.1963068365635403,1.1712277488137335,0.2299200142650608,8.0,8.0,7.0,-0.09999999999999432,0
107.5,107.5,0.875,0.6450799857349392,0.1963068365635403,1.1712277488137335,0.2299200142650608,8.0,8.0,7.0,0.0,0
107.5,107.5,0.875,0.6450799857349392,0.1963068365635403,1.1712277488137335,0.2299200142650608,8.0,8.0,7.0,-0.20000000000000284,0
108.5,108.5,0.9411764705882353,0.6634056138993445,0.1953394970464971,1.4219902318207176,0.2777708566888908,9.0,8.0,8.0,-0.09999999999999432,0
108.5,108.5,0.9411764705882353,0.6634056138993445,0.1953394970464971,1.4219902318207176,0.2777708566888908,9.0,8.0,8.0,-0.10000000000000853,0
108.5,108.5,0.9411764705882353,0.6634056138993445,0.1953394970464971,1.4219902318207176,0.2777708566888908,9.0,8.0,8.0,-0.09999999999999432,0
108.5,108.5,0.9411764705882353,0.6634056138993445,0.1953394970464971,1.4219902318207176,0.2777708566888908,9.0,8.0,8.0,-0.09999999999999432,0
108.5,108.5,0.9411764705882353,0.6634056138993445,0.1953394970464971,1.4219902318207176,0.2777708566888908,9.0,8.0,8.0,0.0,0
108.5,108.5,0.9411764705882353,0.6634056138993445,0.1953394970464971,1.4219902318207176,0.2777708566888908,9.0,8.0,8.0,-0.20000000000000284,0
108.5,108.5,0.9411764705882353,0.6634056138993445,0.1953394970464971,1.4219902318207176,0.2777708566888908,9.0,8.0,8.0,-0.10000000000000853,0
108.5,108.5,0.9411764705882353,0.6634056138993445,0.1953394970464971,1.4219902318207176,0.2777708566888908,9.0,8.0,8.0,-0.09999999999999432,0
109.5,109.5,0.875,0.6166203274365814,0.1860144708386974,1.3890299577148102,0.25837967256341865,9.0,7.0,7.0,-0.09999999999999432,0
109.5,109.5,0.875,0.6166203274365814,0.1860144708386974,1.3890299577148102,0.25837967256341865,9.0,7.0,7.0,-0.09999999999999432,0
109.5,109.5,0.875,0.6166203274365814,0.1860144708386974,1.3890299577148102,0.25837967256341865,9.0,7.0,7.0,0.0,0
109.5,109.5,0.875,0.6166203274365814,0.1860144708386974,1.3890299577148102,0.25837967256341865,9.0,7.0,7.0,-0.20000000000000284,0
109.5,109.5,0.875,0.6166203274365814,0.1860144708386974,1.3890299577148102,0.25837967256341865,9.0,7.0,7.0,-0.10000000000000853,0
109.5,109.5,0.875,0.6166203274365814,0.1860144708386974,1.3890299577148102,0.25837967256341865,9.0,7.0,7.0,-0.09999999999999432,0
109.5,109.5,0.875,0.6166203274365814,0.1860144708386974,1.3890299577148102,0.25837967256341865,9.0,7.0,7.0,0.09999999999999432,0
110.5,110.5,0.8235294117647058,0.6003341012702467,0.17662553019232904,1.263663923620894,0.22319531049445918,10.0,7.0,7.0,-0.09999999999999432,0
110.5,110.5,0.8235294117647058,0.6003341012702467,0.17662553019232904,1.263663923620894,0.22319531049445918,10.0,7.0,7.0,0.0,0
110.5,110.5,0.8235294117647058,0.6003341012702467,0.17662553019232904,1.263663923620894,0.22319531049445918,10.0,7.0,7.0,-0.20000000000000284,0
110.5,110.5,0.8235294117647058,0.6003341012702467,0.17662553019232904,1.263663923620894,0.22319531049445918,10.0,7.0,7.0,-0.10000000000000853,0
110.5,110.5,0.8235294117647058,0.6003341012702467,0.17662553019232904,1.263663923620894,0.22319531049445918,10.0,7.0,7.0,-0.09999999999999432,0
110.5,110.5,0.8235294117647058,0.6003341012702467,0.17662553019232904,1.263663923620894,0.22319531049445918,10.0,7.0,7.0,0.09999999999999432,0
110.5,110.5,0.8235294117647058,0.6003341012702467,0.17662553019232904,1.263663923620894,0.22319531049445918,10.0,7.0,7.0,-0.09999999999999432,0
111.5,111.5,0.8,0.5608406098803157,0.1752160059922299,1.3649403133312494,0.23915939011968435,9.0,6.0,6.0,-0.20000000000000284,0
111.5,111.5,0.8,0.5608406098803157,0.1752160059922299,1.3649403133312494,0.23915939011968435,9.0,6.0,6.0,-0.10000000000000853,0
111.5,111.5,0.8,0.5608406098803157,0.1752160059922299,1.3649403133312494,0.23915939011968435,9.0,6.0,6.0,-0.09999999999999432,0
111.5,111.5,0.8,0.5608406098803157,0.1752160059922299,1.3649403133312494,0.23915939011968435,9.0,6.0,6.0,0.09999999999999432,0
111.5,111.5,0.8,0.5608406098803157,0.1752160059922299,1.3649403133312494,0.23915939011968435,9.0,6.0,6.0,-0.09999999999999432,0
111.5,111.5,0.8,0.5608406098803157,0.1752160059922299,1.3649403133312494,0.23915939011968435,9.0,6.0,6.0,0.09999999999999432,0
112.5,112.5,0.7142857142857143,0.6155823766103178,0.17684585883641474,0.5581320270931461,0.09870333767539652,7.0,7.0,5.0,-0.10000000000000853,0
112.5,112.5,0.7142857142857143,0.6155823766103178,0.17684585883641474,0.5581320270931461,0.09870333767539652,7.0,7.0,5.0,-0.09999999999999432,0
112.5,112.5,0.7142857142857143,0.6155823766103178,0.17684585883641474,0.5581320270931461,0.09870333767539652,7.0,7.0,5.0,0.09999999999999432,0
112.5,112.5,0.7142857142857143,0.6155823766103178,0.17684585883641474,0.5581320270931461,0.09870333767539652,7.0,7.0,5.0,-0.09999999999999432,0
112.5,112.5,0.7142857142857143,0.6155823766103178,0.17684585883641474,0.5581320270931461,0.09870333767539652,7.0,7.0,5.0,0.09999999999999432,0
113.5,113.5,0.5454545454545454,0.5829136530136529,0.17743231136277107,-0.21111773425822156,-0.03745910755910753,5.0,6.0,3.0,0.09999999999999432,0
113.5,113.5,0.5454545454545454,0.5829136530136529,0.17743231136277107,-0.21111773425822156,-0.03745910755910753,5.0,6.0,3.0,-0.09999999999999432,0
113.5,113.5,0.5454545454545454,0.5829136530136529,0.17743231136277107,-0.21111773425822156,-0.03745910755910753,5.0,6.0,3.0,0.09999999999999432,0
114.5,114.5,0.5454545454545454,0.626414248711385,0.19452080262811716,-0.41620074646523775,-0.08095970325683954,4.0,7.0,3.0,-0.09999999999999432,0
114.5,114.5,0.5454545454545454,0.626414248711385,0.19452080262811716,-0.41620074646523775,-0.08095970325683954,4.0,7.0,3.0,0.09999999999999432,0
114.5,114.5,0.5454545454545454,0.626414248711385,0.19452080262811716,-0.41620074646523775,-0.08095970325683954,4.0,7.0,3.0,0.10000000000000853,0
115.5,115.5,0.5454545454545454,0.6249531058466817,0.1920628953263024,-0.41391941039456587,-0.07949856039213632,4.0,7.0,3.0,0.09999999999999432,0
115.5,115.5,0.5454545454545454,0.6249531058466817,0.1920628953263024,-0.41391941039456587,-0.07949856039213632,4.0,7.0,3.0,0.10000000000000853,0
115.5,115.5,0.5454545454545454,0.6249531058466817,0.1920628953263024,-0.41391941039456587,-0.07949856039213632,4.0,7.0,3.0,0.20000000000000284,0
116.5,116.5,0.5454545454545454,0.6128444857945632,0.18501548140598414,-0.36423946703217946,-0.06738994034001777,4.0,7.0,3.0,0.10000000000000853,0
116.5,116.5,0.5454545454545454,0.6128444857945632,0.18501548140598414,-0.36423946703217946,-0.06738994034001777,4.0,7.0,3.0,0.20000000000000284,0
116.5,116.5,0.5454545454545454,0.6128444857945632,0.18501548140598414,-0.36423946703217946,-0.06738994034001777,4.0,7.0,3.0,0.19999999999998863,0
117.5,117.5,0.6666666666666666,0.5792644886159591,0.1839978436761004,0.4750174040330899,0.08740217805070749,6.0,6.0,4.0,0.10000000000000853,0
117.5,117.5,0.6666666666666666,0.5792644886159591,0.1839978436761004,0.4750174040330899,0.08740217805070749,6.0,6.0,4.0,0.20000000000000284,0
117.5,117.5,0.6666666666666666,0.5792644886159591,0.1839978436761004,0.4750174040330899,0.08740217805070749,6.0,6.0,4.0,0.19999999999998863,0
117.5,117.5,0.6666666666666666,0.5792644886159591,0.1839978436761004,0.4750174040330899,0.08740217805070749,6.0,6.0,4.0,0.20000000000000284,0
118.5,118.5,0.7692307692307693,0.5643240729858378,0.1817256485317724,1.1275606822726854,0.20490669624493152,7.0,6.0,5.0,0.10000000000000853,0
118.5,118.5,0.7692307692307693,0.5643240729858378,0.1817256485317724,1.1275606822726854,0.20490669624493152,7.0,6.0,5.0,0.20000000000000284,0
118.5,118.5,0.7692307692307693,0.5643240729858378,0.1817256485317724,1.1275606822726854,0.20490669624493152,7.0,6.0,5.0,0.19999999999998863,0
118.5,118.5,0.7692307692307693,0.5643240729858378,0.1817256485317724,1.1275606822726854,0.20490669624493152,7.0,6.0,5.0,0.20000000000000284,0
118.5,118.5,0.7692307692307693,0.5643240729858378,0.1817256485317724,1.1275606822726854,0.20490669624493152,7.0,6.0,5.0,0.0,0
119.5,119.5,0.7142857142857143,0.5879547739841857,0.17793241268312568,0.7099939712867686,0.12633094030152858,8.0,6.0,5.0,0.20000000000000284,0
119.5,119.5,0.7142857142857143,0.5879547739841857,0.17793241268312568,0.7099939712867686,0.12633094030152858,8.0,6.0,5.0,0.19999999999998863,0
119.5,119.5,0.7142857142857143,0.5879547739841857,0.17793241268312568,0.7099939712867686,0.12633094030152858,8.0,6.0,5.0,0.20000000000000284,0
119.5,119.5,0.7142857142857143,0.5879547739841857,0.17793241268312568,0.7099939712867686,0.12633094030152858,8.0,6.0,5.0,0.0,0
119.5,119.5,0.7142857142857143,0.5879547739841857,0.17793241268312568,0.7099939712867686,0.12633094030152858,8.0,6.0,5.0,0.20000000000000284,0
120.5,120.5,0.75,0.637906141106915,0.18743384059729673,0.5980449343398967,0.11209385889308499,9.0,7.0,6.0,0.19999999999998863,0
120.5,120.5,0.75,0.637906141106915,0.18743384059729673,0.5980449343398967,0.11209385889308499,9.0,7.0,6.0,0.20000000000000284,0
120.5,120.5,0.75,0.637906141106915,0.18743384059729673,0.5980449343398967,0.11209385889308499,9.0,7.0,6.0,0.0,0
120.5,120.5,0.75,0.637906141106915,0.18743384059729673,0.5980449343398967,0.11209385889308499,9.0,7.0,6.0,0.20000000000000284,0
120.5,120.5,0.75,0.637906141106915,0.18743384059729673,0.5980449343398967,0.11209385889308499,9.0,7.0,6.0,0.09999999999999432,0
120.5,120.5,0.75,0.637906141106915,0.18743384059729673,0.5980449343398967,0.11209385889308499,9.0,7.0,6.0,0.09999999999999432,0
121.5,121.5,0.8235294117647058,0.6783004086041238,0.1962420467608469,0.740050389596514,0.14522900316058207,9.0,8.0,7.0,0.20000000000000284,0
121.5,121.5,0.8235294117647058,0.6783004086041238,0.1962420467608469,0.740050389596514,0.14522900316058207,9.0,8.0,7.0,0.0,0
121.5,121.5,0.8235294117647058,0.6783004086041238,0.1962420467608469,0.740050389596514,0.14522900316058207,9.0,8.0,7.0,0.20000000000000284,0
121.5,121.5,0.8235294117647058,0.6783004086041238,0.1962420467608469,0.740050389596514,0.14522900316058207,9.0,8.0,7.0,0.09999999999999432,0
121.5,121.5,0.8235294117647058,0.6783004086041238,0.1962420467608469,0.740050389596514,0.14522900316058207,9.0,8.0,7.0,0.09999999999999432,0
121.5,121.5,0.8235294117647058,0.6783004086041238,0.1962420467608469,0.740050389596514,0.14522900316058207,9.0,8.0,7.0,0.09999999999999432,0
121.5,121.5,0.8235294117647058,0.6783004086041238,0.1962420467608469,0.740050389596514,0.14522900316058207,9.0,8.0,7.0,0.09999999999999432,0
122.5,122.5,0.8888888888888888,0.716598078211778,0.1937215843731793,0.8893733304659285,0.17229081067711083,9.0,9.0,8.0,0.0,0
122.5,122.5,0.8888888888888888,0.716598078211778,0.1937215843731793,0.8893733304659285,0.17229081067711083,9.0,9.0,8.0,0.20000000000000284,0
122.5,122.5,0.8888888888888888,0.716598078211778,0.1937215843731793,0.8893733304659285,0.17229081067711083,9.0,9.0,8.0,0.09999999999999432,0
122.5,122.5,0.8888888888888888,0.716598078211778,0.1937215843731793,0.8893733304659285,0.17229081067711083,9.0,9.0,8.0,0.09999999999999432,0
122.5,122.5,0.8888888888888888,0.716598078211778,0.1937215843731793,0.8893733304659285,0.17229081067711083,9.0,9.0,8.0,0.09999999999999432,0
122.5,122.5,0.8888888888888888,0.716598078211778,0.1937215843731793,0.8893733304659285,0.17229081067711083,9.0,9.0,8.0,0.09999999999999432,0
122.5,122.5,0.8888888888888888,0.716598078211778,0.1937215843731793,0.8893733304659285,0.17229081067711083,9.0,9.0,8.0,0.09999999999999432,0
122.5,122.5,0.8888888888888888,0.716598078211778,0.1937215843731793,0.8893733304659285,0.17229081067711083,9.0,9.0,8.0,0.20000000000000284,0
123.5,123.5,0.8421052631578947,0.7236769312301047,0.1931492266067655,0.6131442201883597,0.11842833192779001,9.0,10.0,8.0,0.20000000000000284,0
123.5,123.5,0.8421052631578947,0.7236769312301047,0.1931492266067655,0.6131442201883597,0.11842833192779001,9.0,10.0,8.0,0.09999999999999432,0
123.5,123.5,0.8421052631578947,0.7236769312301047,0.1931492266067655,0.6131442201883597,0.11842833192779001,9.0,10.0,8.0,0.09999999999999432,0
123.5,123.5,0.8421052631578947,0.7236769312301047,0.1931492266067655,0.6131442201883597,0.11842833192779001,9.0,10.0,8.0,0.09999999999999432,0
123.5,123.5,0.8421052631578947,0.7236769312301047,0.1931492266067655,0.6131442201883597,0.11842833192779001,9.0,10.0,8.0,0.09999999999999432,0
123.5,123.5,0.8421052631578947,0.7236769312301047,0.1931492266067655,0.6131442201883597,0.11842833192779001,9.0,10.0,8.0,0.09999999999999432,0
123.5,123.5,0.8421052631578947,0.7236769312301047,0.1931492266067655,0.6131442201883597,0.11842833192779001,9.0,10.0,8.0,0.20000000000000284,0
123.5,123.5,0.8421052631578947,0.7236769312301047,0.1931492266067655,0.6131442201883597,0.11842833192779001,9.0,10.0,8.0,0.19999999999998863,0
124.5,124.5,0.8235294117647058,0.7140168626179463,0.1970486336463672,0.555764062507005,0.10951254914675956,8.0,9.0,7.0,0.09999999999999432,0
124.5,124.5,0.8235294117647058,0.7140168626179463,0.1970486336463672,0.555764062507005,0.10951254914675956,8.0,9.0,7.0,0.09999999999999432,0
124.5,124.5,0.8235294117647058,0.7140168626179463,0.1970486336463672,0.555764062507005,0.10951254914675956,8.0,9.0,7.0,0.09999999999999432,0
124.5,124.5,0.8235294117647058,0.7140168626179463,0.1970486336463672,0.555764062507005,0.10951254914675956,8.0,9.0,7.0,0.09999999999999432,0
124.5,124.5,0.8235294117647058,0.7140168626179463,0.1970486336463672,0.555764062507005,0.10951254914675956,8.0,9.0,7.0,0.09999999999999432,0
124.5,124.5,0.8235294117647058,0.7140168626179463,0.1970486336463672,0.555764062507005,0.10951254914675956,8.0,9.0,7.0,0.20000000000000284,0
124.5,124.5,0.8235294117647058,0.7140168626179463,0.1970486336463672,0.555764062507005,0.10951254914675956,8.0,9.0,7.0,0.19999999999998863,0
125.5,125.5,0.75,0.7146637272771947,0.19182576681473662,0.18421025136280403,0.03533627272280526,7.0,9.0,6.0,0.09999999999999432,0
125.5,125.5,0.75,0.7146637272771947,0.19182576681473662,0.18421025136280403,0.03533627272280526,7.0,9.0,6.0,0.09999999999999432,0
125.5,125.5,0.75,0.7146637272771947,0.19182576681473662,0.18421025136280403,0.03533627272280526,7.0,9.0,6.0,0.09999999999999432,0
125.5,125.5,0.75,0.7146637272771947,0.19182576681473662,0.18421025136280403,0.03533627272280526,7.0,9.0,6.0,0.20000000000000284,0
125.5,125.5,0.75,0.7146637272771947,0.19182576681473662,0.18421025136280403,0.03533627272280526,7.0,9.0,6.0,0.19999999999998863,0
125.5,125.5,0.75,0.7146637272771947,0.19182576681473662,0.18421025136280403,0.03533627272280526,7.0,9.0,6.0,-0.09999999999999432,0
126.5,126.5,0.6153846153846154,0.6766512245494444,0.19311859557576108,-0.31724862632813555,-0.061266609164828956,5.0,8.0,4.0,0.09999999999999432,0
126.5,126.5,0.6153846153846154,0.6766512245494444,0.19311859557576108,-0.31724862632813555,-0.061266609164828956,5.0,8.0,4.0,0.20000000000000284,0
126.5,126.5,0.6153846153846154,0.6766512245494444,0.19311859557576108,-0.31724862632813555,-0.061266609164828956,5.0,8.0,4.0,0.19999999999998863,0
126.5,126.5,0.6153846153846154,0.6766512245494444,0.19311859557576108,-0.31724862632813555,-0.061266609164828956,5.0,8.0,4.0,-0.09999999999999432,0
127.5,127.5,0.36363636363636365,0.6343047777643753,0.18663541175792686,-1.4502521872916527,-0.2706684141280117,4.0,7.0,2.0,0.19999999999998863,0
127.5,127.5,0.36363636363636365,0.6343047777643753,0.18663541175792686,-1.4502521872916527,-0.2706684141280117,4.0,7.0,2.0,-0.09999999999999432,0
128.5,128.5,0.36363636363636365,0.5834239130150896,0.18303139986893316,-1.2008188187169713,-0.2197875493787259,5.0,6.0,2.0,-0.09999999999999432,0
128.5,128.5,0.36363636363636365,0.5834239130150896,0.18303139986893316,-1.2008188187169713,-0.2197875493787259,5.0,6.0,2.0,-0.09999999999999432,0
129.5,129.5,0.6666666666666666,0.6361982867321877,0.19122823684178872,0.15932992134256155,0.03046837993447893,5.0,7.0,4.0,-0.09999999999999432,0
129.5,129.5,0.6666666666666666,0.6361982867321877,0.19122823684178872,0.15932992134256155,0.03046837993447893,5.0,7.0,4.0,-0.09999999999999432,0
129.5,129.5,0.6666666666666666,0.6361982867321877,0.19122823684178872,0.15932992134256155,0.03046837993447893,5.0,7.0,4.0,-0.09999999999999432,0
129.5,129.5,0.6666666666666666,0.6361982867321877,0.19122823684178872,0.15932992134256155,0.03046837993447893,5.0,7.0,4.0,-0.09999999999999432,0
130.5,130.5,0.6666666666666666,0.5843119331648743,0.19551563066771965,0.4212181564232829,0.08235473350179234,6.0,6.0,4.0,-0.09999999999999432,0
130.5,130.5,0.6666666666666666,0.5843119331648743,0.19551563066771965,0.4212181564232829,0.08235473350179234,6.0,6.0,4.0,-0.09999999999999432,0
130.5,130.5,0.6666666666666666,0.5843119331648743,0.19551563066771965,0.4212181564232829,0.08235473350179234,6.0,6.0,4.0,-0.09999999999999432,0
130.5,130.5,0.6666666666666666,0.5843119331648743,0.19551563066771965,0.4212181564232829,0.08235473350179234,6.0,6.0,4.0,-0.20000000000001705,0
131.5,131.5,0.6666666666666666,0.636366706006412,0.2018049320521701,0.15014479751377718,0.030299960660254643,8.0,7.0,5.0,-0.09999999999999432,0
131.5,131.5,0.6666666666666666,0.636366706006412,0.2018049320521701,0.15014479751377718,0.030299960660254643,8.0,7.0,5.0,-0.09999999999999432,0
131.5,131.5,0.6666666666666666,0.636366706006412,0.2018049320521701,0.15014479751377718,0.030299960660254643,8.0,7.0,5.0,-0.09999999999999432,0
131.5,131.5,0.6666666666666666,0.636366706006412,0.2018049320521701,0.15014479751377718,0.030299960660254643,8.0,7.0,5.0,-0.20000000000001705,0
131.5,131.5,0.6666666666666666,0.636366706006412,0.2018049320521701,0.15014479751377718,0.030299960660254643,8.0,7.0,5.0,0.19999999999998863,0
132.5,132.5,0.8,0.6379750782155581,0.20114356566845132,0.8055187907502378,0.16202492178444194,8.0,7.0,6.0,-0.09999999999999432,0
132.5,132.5,0.8,0.6379750782155581,0.20114356566845132,0.8055187907502378,0.16202492178444194,8.0,7.0,6.0,-0.09999999999999432,0
132.5,132.5,0.8,0.6379750782155581,0.20114356566845132,0.8055187907502378,0.16202492178444194,8.0,7.0,6.0,-0.09999999999999432,0
132.5,132.5,0.8,0.6379750782155581,0.20114356566845132,0.8055187907502378,0.16202492178444194,8.0,7.0,6.0,-0.20000000000001705,0
132.5,132.5,0.8,0.6379750782155581,0.20114356566845132,0.8055187907502378,0.16202492178444194,8.0,7.0,6.0,0.19999999999998863,0
132.5,132.5,0.8,0.6379750782155581,0.20114356566845132,0.8055187907502378,0.16202492178444194,8.0,7.0,6.0,0.19999999999998863,0
133.5,133.5,0.625,0.6223122918447223,0.195299976742626,0.013761948158446089,0.002687708155277746,9.0,7.0,5.0,-0.09999999999999432,0
133.5,133.5,0.625,0.6223122918447223,0.195299976742626,0.013761948158446089,0.002687708155277746,9.0,7.0,5.0,-0.09999999999999432,0
133.5,133.5,0.625,0.6223122918447223,0.195299976742626,0.013761948158446089,0.002687708155277746,9.0,7.0,5.0,-0.20000000000001705,0
133.5,133.5,0.625,0.6223122918447223,0.195299976742626,0.013761948158446089,0.002687708155277746,9.0,7.0,5.0,0.19999999999998863,0
133.5,133.5,0.625,0.6223122918447223,0.195299976742626,0.013761948158446089,0.002687708155277746,9.0,7.0,5.0,0.19999999999998863,0
134.5,134.5,0.42857142857142855,0.5338406828465652,0.18910785099927727,-0.5566625273296503,-0.10526925427513661,9.0,5.0,3.0,-0.20000000000001705,0
134.5,134.5,0.42857142857142855,0.5338406828465652,0.18910785099927727,-0.5566625273296503,-0.10526925427513661,9.0,5.0,3.0,0.19999999999998863,0
134.5,134.5,0.42857142857142855,0.5338406828465652,0.18910785099927727,-0.5566625273296503,-0.10526925427513661,9.0,5.0,3.0,0.19999999999998863,0
135.5,135.5,0.5333333333333333,0.5715338906191847,0.17681953452558907,-0.21604263006541868,-0.038200557285851366,9.0,6.0,4.0,0.19999999999998863,0
135.5,135.5,0.5333333333333333,0.5715338906191847,0.17681953452558907,-0.21604263006541868,-0.038200557285851366,9.0,6.0,4.0,0.19999999999998863,0
135.5,135.5,0.5333333333333333,0.5715338906191847,0.17681953452558907,-0.21604263006541868,-0.038200557285851366,9.0,6.0,4.0,0.0,0
135.5,135.5,0.5333333333333333,0.5715338906191847,0.17681953452558907,-0.21604263006541868,-0.038200557285851366,9.0,6.0,4.0,0.0,0
136.5,136.5,0.5333333333333333,0.5254876843744491,0.18232041679506367,0.04303220175117874,0.007845648958884177,10.0,5.0,4.0,0.19999999999998863,0
136.5,136.5,0.5333333333333333,0.5254876843744491,0.18232041679506367,0.04303220175117874,0.007845648958884177,10.0,5.0,4.0,0.0,0
136.5,136.5,0.5333333333333333,0.5254876843744491,0.18232041679506367,0.04303220175117874,0.007845648958884177,10.0,5.0,4.0,0.0,0
136.5,136.5,0.5333333333333333,0.5254876843744491,0.18232041679506367,0.04303220175117874,0.007845648958884177,10.0,5.0,4.0,-0.19999999999998863,0
137.5,137.5,0.6666666666666666,0.5671453786409669,0.18266265985346744,0.544836520532089,0.0995212880256997,9.0,6.0,5.0,0.0,0
137.5,137.5,0.6666666666666666,0.5671453786409669,0.18266265985346744,0.544836520532089,0.0995212880256997,9.0,6.0,5.0,0.0,0
137.5,137.5,0.6666666666666666,0.5671453786409669,0.18266265985346744,0.544836520532089,0.0995212880256997,9.0,6.0,5.0,-0.19999999999998863,0
137.5,137.5,0.6666666666666666,0.5671453786409669,0.18266265985346744,0.544836520532089,0.0995212880256997,9.0,6.0,5.0,-0.19999999999998863,0
137.5,137.5,0.6666666666666666,0.5671453786409669,0.18266265985346744,0.544836520532089,0.0995212880256997,9.0,6.0,5.0,-0.09999999999999432,0
138.5,138.5,0.7142857142857143,0.6326488245672456,0.18404369450600772,0.4435734130288493,0.08163688971846872,7.0,7.0,5.0,0.0,0
138.5,138.5,0.7142857142857143,0.6326488245672456,0.18404369450600772,0.4435734130288493,0.08163688971846872,7.0,7.0,5.0,0.0,0
138.5,138.5,0.7142857142857143,0.6326488245672456,0.18404369450600772,0.4435734130288493,0.08163688971846872,7.0,7.0,5.0,-0.19999999999998863,0
138.5,138.5,0.7142857142857143,0.6326488245672456,0.18404369450600772,0.4435734130288493,0.08163688971846872,7.0,7.0,5.0,-0.19999999999998863,0
138.5,138.5,0.7142857142857143,0.6326488245672456,0.18404369450600772,0.4435734130288493,0.08163688971846872,7.0,7.0,5.0,-0.09999999999999432,0
139.5,139.5,0.875,0.6981046312304826,0.18556675699103745,0.953270788571582,0.1768953687695174,7.0,9.0,7.0,0.0,0
139.5,139.5,0.875,0.6981046312304826,0.18556675699103745,0.953270788571582,0.1768953687695174,7.0,9.0,7.0,0.0,0
139.5,139.5,0.875,0.6981046312304826,0.18556675699103745,0.953270788571582,0.1768953687695174,7.0,9.0,7.0,-0.19999999999998863,0
139.5,139.5,0.875,0.6981046312304826,0.18556675699103745,0.953270788571582,0.1768953687695174,7.0,9.0,7.0,-0.19999999999998863,0
139.5,139.5,0.875,0.6981046312304826,0.18556675699103745,0.953270788571582,0.1768953687695174,7.0,9.0,7.0,-0.09999999999999432,0
139.5,139.5,0.875,0.6981046312304826,0.18556675699103745,0.953270788571582,0.1768953687695174,7.0,9.0,7.0,-0.09999999999999432,0
139.5,139.5,0.875,0.6981046312304826,0.18556675699103745,0.953270788571582,0.1768953687695174,7.0,9.0,7.0,0.09999999999999432,0
140.5,140.5,0.8571428571428571,0.672713080495356,0.190272910743162,0.9692907725390912,0.18442977664750104,6.0,8.0,6.0,-0.19999999999998863,0
140.5,140.5,0.8571428571428571,0.672713080495356,0.190272910743162,0.9692907725390912,0.18442977664750104,6.0,8.0,6.0,-0.19999999999998863,0
140.5,140.5,0.8571428571428571,0.672713080495356,0.190272910743162,0.9692907725390912,0.18442977664750104,6.0,8.0,6.0,-0.09999999999999432,0
140.5,140.5,0.8571428571428571,0.672713080495356,0.190272910743162,0.9692907725390912,0.18442977664750104,6.0,8.0,6.0,-0.09999999999999432,0
140.5,140.5,0.8571428571428571,0.672713080495356,0.190272910743162,0.9692907725390912,0.18442977664750104,6.0,8.0,6.0,0.09999999999999432,0
140.5,140.5,0.8571428571428571,0.672713080495356,0.190272910743162,0.9692907725390912,0.18442977664750104,6.0,8.0,6.0,0.09999999999999432,0
141.5,141.5,0.6666666666666666,0.6129827639938321,0.19371423230860732,0.277129367486589,0.053683902672834516,5.0,7.0,4.0,-0.09999999999999432,0
141.5,141.5,0.6666666666666666,0.6129827639938321,0.19371423230860732,0.277129367486589,0.053683902672834516,5.0,7.0,4.0,-0.09999999999999432,0
141.5,141.5,0.6666666666666666,0.6129827639938321,0.19371423230860732,0.277129367486589,0.053683902672834516,5.0,7.0,4.0,0.09999999999999432,0
141.5,141.5,0.6666666666666666,0.6129827639938321,0.19371423230860732,0.277129367486589,0.053683902672834516,5.0,7.0,4.0,0.09999999999999432,0
142.5,142.5,0.5,0.5419210426828074,0.18388266683777146,-0.22797713021962956,-0.041921042682807386,6.0,6.0,3.0,-0.09999999999999432,0
142.5,142.5,0.5,0.5419210426828074,0.18388266683777146,-0.22797713021962956,-0.041921042682807386,6.0,6.0,3.0,0.09999999999999432,0
142.5,142.5,0.5,0.5419210426828074,0.18388266683777146,-0.22797713021962956,-0.041921042682807386,6.0,6.0,3.0,0.09999999999999432,0
143.5,143.5,0.6153846153846154,0.5220003966621614,0.18056980817717083,0.5171640800040485,0.09338421872245406,8.0,5.0,4.0,-0.09999999999999432,0
143.5,143.5,0.6153846153846154,0.5220003966621614,0.18056980817717083,0.5171640800040485,0.09338421872245406,8.0,5.0,4.0,0.09999999999999432,0
143.5,143.5,0.6153846153846154,0.5220003966621614,0.18056980817717083,0.5171640800040485,0.09338421872245406,8.0,5.0,4.0,0.09999999999999432,0
143.5,143.5,0.6153846153846154,0.5220003966621614,0.18056980817717083,0.5171640800040485,0.09338421872245406,8.0,5.0,4.0,0.09999999999999432,0
144.5,144.5,0.5714285714285714,0.5248465534465534,0.18517825268398946,0.2515523140911756,0.046582017982018,9.0,5.0,4.0,0.09999999999999432,0
144.5,144.5,0.5714285714285714,0.5248465534465534,0.18517825268398946,0.2515523140911756,0.046582017982018,9.0,5.0,4.0,0.09999999999999432,0
144.5,144.5,0.5714285714285714,0.5248465534465534,0.18517825268398946,0.2515523140911756,0.046582017982018,9.0,5.0,4.0,0.09999999999999432,0
144.5,144.5,0.5714285714285714,0.5248465534465534,0.18517825268398946,0.2515523140911756,0.046582017982018,9.0,5.0,4.0,0.20000000000001705,0
145.5,145.5,0.46153846153846156,0.5226311938061938,0.18615715336398858,-0.3281782685421662,-0.061092732267732264,8.0,5.0,3.0,0.09999999999999432,0
145.5,145.5,0.46153846153846156,0.5226311938061938,0.18615715336398858,-0.3281782685421662,-0.061092732267732264,8.0,5.0,3.0,0.09999999999999432,0
145.5,145.5,0.46153846153846156,0.5226311938061938,0.18615715336398858,-0.3281782685421662,-0.061092732267732264,8.0,5.0,3.0,0.20000000000001705,0
146.5,146.5,0.46153846153846156,0.5828763042513043,0.1803098295181598,-0.6729408099219698,-0.12133784271284276,7.0,6.0,3.0,0.09999999999999432,0
146.5,146.5,0.46153846153846156,0.5828763042513043,0.1803098295181598,-0.6729408099219698,-0.12133784271284276,7.0,6.0,3.0,0.09999999999999432,0
146.5,146.5,0.46153846153846156,0.5828763042513043,0.1803098295181598,-0.6729408099219698,-0.12133784271284276,7.0,6.0,3.0,0.20000000000001705,0
147.5,147.5,0.5714285714285714,0.5617869778913898,0.18628648739690076,0.051756805723859725,0.009641593537181636,7.0,7.0,4.0,0.09999999999999432,0
147.5,147.5,0.5714285714285714,0.5617869778913898,0.18628648739690076,0.051756805723859725,0.009641593537181636,7.0,7.0,4.0,0.09999999999999432,0
147.5,147.5,0.5714285714285714,0.5617869778913898,0.18628648739690076,0.051756805723859725,0.009641593537181636,7.0,7.0,4.0,0.20000000000001705,0
147.5,147.5,0.5714285714285714,0.5617869778913898,0.18628648739690076,0.051756805723859725,0.009641593537181636,7.0,7.0,4.0,0.0,0
148.5,148.5,0.5,0.5506411216234747,0.17491873050486137,-0.28951228651906574,-0.05064112162347467,6.0,6.0,3.0,0.09999999999999432,0
148.5,148.5,0.5,0.5506411216234747,0.17491873050486137,-0.28951228651906574,-0.05064112162347467,6.0,6.0,3.0,0.20000000000001705,0
148.5,148.5,0.5,0.5506411216234747,0.17491873050486137,-0.28951228651906574,-0.05064112162347467,6.0,6.0,3.0,0.0,0
149.5,149.5,0.25,0.4579860583860584,0.16454948988896115,-1.2639726718472872,-0.20798605838605838,4.0,4.0,1.0,0.0,0
150.5,150.5,0.25,0.3803182706182706,0.16688406708445816,-0.7808910274958604,-0.13031827061827062,5.0,3.0,1.0,0.0,0
151.5,151.5,0.6,0.4572672605172605,0.1816932926557905,0.7855696674127646,0.14273273948273946,6.0,4.0,3.0,0.0,0
151.5,151.5,0.6,0.4572672605172605,0.1816932926557905,0.7855696674127646,0.14273273948273946,6.0,4.0,3.0,-0.09999999999999432,0
151.5,151.5,0.6,0.4572672605172605,0.1816932926557905,0.7855696674127646,0.14273273948273946,6.0,4.0,3.0,0.10000000000002274,0
152.5,152.5,0.5454545454545454,0.5478576000796588,0.18495742593041864,-0.012992474419585617,-0.0024030546251133655,5.0,6.0,3.0,0.0,0
152.5,152.5,0.5454545454545454,0.5478576000796588,0.18495742593041864,-0.012992474419585617,-0.0024030546251133655,5.0,6.0,3.0,-0.09999999999999432,0
152.5,152.5,0.5454545454545454,0.5478576000796588,0.18495742593041864,-0.012992474419585617,-0.0024030546251133655,5.0,6.0,3.0,0.10000000000002274,0
153.5,153.5,0.6666666666666666,0.525944536019536,0.1908805274930335,0.7372262246722184,0.14072213064713068,4.0,5.0,3.0,-0.09999999999999432,0
153.5,153.5,0.6666666666666666,0.525944536019536,0.1908805274930335,0.7372262246722184,0.14072213064713068,4.0,5.0,3.0,0.10000000000002274,0
153.5,153.5,0.6666666666666666,0.525944536019536,0.1908805274930335,0.7372262246722184,0.14072213064713068,4.0,5.0,3.0,-0.20000000000001705,0
154.5,154.5,0.6,0.5866808252205312,0.18592149546055375,0.0716387029185371,0.013319174779468756,4.0,6.0,3.0,-0.09999999999999432,0
154.5,154.5,0.6,0.5866808252205312,0.18592149546055375,0.0716387029185371,0.013319174779468756,4.0,6.0,3.0,0.10000000000002274,0
154.5,154.5,0.6,0.5866808252205312,0.18592149546055375,0.0716387029185371,0.013319174779468756,4.0,6.0,3.0,-0.20000000000001705,0
155.5,155.5,0.5454545454545454,0.6355629990494541,0.18870276293186694,-0.4775152848580351,-0.09010845359490871,3.0,8.0,3.0,-0.09999999999999432,0
155.5,155.5,0.5454545454545454,0.6355629990494541,0.18870276293186694,-0.4775152848580351,-0.09010845359490871,3.0,8.0,3.0,0.10000000000002274,0
155.5,155.5,0.5454545454545454,0.6355629990494541,0.18870276293186694,-0.4775152848580351,-0.09010845359490871,3.0,8.0,3.0,-0.20000000000001705,0
156.5,156.5,0.4,0.6243730492245972,0.18455632078064868,-1.2157429681927396,-0.22437304922459722,3.0,7.0,2.0,-0.20000000000001705,0
156.5,156.5,0.4,0.6243730492245972,0.18455632078064868,-1.2157429681927396,-0.22437304922459722,3.0,7.0,2.0,0.09999999999999432,0
157.5,157.5,0.5,0.5317757768375416,0.18160959880847086,-0.17496749646505744,-0.031775776837541625,3.0,5.0,2.0,-0.20000000000001705,0
157.5,157.5,0.5,0.5317757768375416,0.18160959880847086,-0.17496749646505744,-0.031775776837541625,3.0,5.0,2.0,0.09999999999999432,0
158.5,158.5,0.2857142857142857,0.4621299311799312,0.18816244044412925,-0.9375709894559338,-0.17641564546564548,3.0,4.0,1.0,0.09999999999999432,0
159.5,159.5,0.2222222222222222,0.46497803144567856,0.18056006663563015,-1.3444601220342762,-0.24275580922345635,4.0,5.0,1.0,0.09999999999999432,0
160.5,160.5,0.18181818181818182,0.482244344381109,0.18952983565282652,-1.5851127688056266,-0.3004261625629272,6.0,5.0,1.0,0.09999999999999432,0
161.5,161.5,0.0,0.4777834276834277,0.19520662154291157,-2.447577976131298,-0.4777834276834277,5.0,5.0,0.0,,0
162.5,162.5,0.18181818181818182,0.5584807357675003,0.19177146157575783,-1.9641220380464217,-0.3766625539493185,5.0,6.0,1.0,-0.09999999999999432,0
163.5,163.5,0.18181818181818182,0.6265769230425577,0.19530719076691616,-2.277226657543606,-0.4447587412243759,4.0,7.0,1.0,-0.09999999999999432,0
164.5,164.5,0.2,0.5932443106429175,0.19408252698461448,-2.026170602540079,-0.3932443106429175,3.0,7.0,1.0,-0.09999999999999432,0
165.5,165.5,0.25,0.6214044189728399,0.202351517662278,-1.8354417266724383,-0.37140441897283993,1.0,7.0,1.0,-0.09999999999999432,0
166.5,166.5,0.2222222222222222,0.5845493717582726,0.2026648755886189,-1.7878142351194757,-0.3623271495360504,2.0,7.0,1.0,-0.09999999999999432,0
167.5,167.5,0.2222222222222222,0.6065664789716647,0.19516811950821547,-1.969298355273971,-0.3843442567494425,2.0,7.0,1.0,-0.20000000000001705,0
168.5,168.5,0.25,0.573674232630115,0.19575155764545552,-1.6534950552799816,-0.32367423263011497,2.0,6.0,1.0,-0.20000000000001705,0
169.5,169.5,0.25,0.5028090492840492,0.19526674342478667,-1.29468564308508,-0.25280904928404924,3.0,5.0,1.0,-0.20000000000001705,0
170.5,170.5,0.5,0.511013000888001,0.1843385205043373,-0.05974335075420018,-0.011013000888000946,3.0,5.0,2.0,-0.20000000000001705,0
170.5,170.5,0.5,0.511013000888001,0.1843385205043373,-0.05974335075420018,-0.011013000888000946,3.0,5.0,2.0,-0.09999999999999432,0
171.5,171.5,0.5,0.5386967073775898,0.1789924205503638,-0.21619187705605414,-0.03869670737758979,2.0,6.0,2.0,-0.20000000000001705,0
171.5,171.5,0.5,0.5386967073775898,0.1789924205503638,-0.21619187705605414,-0.03869670737758979,2.0,6.0,2.0,-0.09999999999999432,0
172.5,172.5,0.5714285714285714,0.5345277555777556,0.1885794178669692,0.19567785428655327,0.03690081585081584,2.0,5.0,2.0,-0.09999999999999432,0
172.5,172.5,0.5714285714285714,0.5345277555777556,0.1885794178669692,0.19567785428655327,0.03690081585081584,2.0,5.0,2.0,0.0,0
173.5,173.5,0.4444444444444444,0.6233531300656687,0.18906222741635684,-0.9462952386952884,-0.1789086856212243,2.0,7.0,2.0,-0.09999999999999432,0
173.5,173.5,0.4444444444444444,0.6233531300656687,0.18906222741635684,-0.9462952386952884,-0.1789086856212243,2.0,7.0,2.0,0.0,0
174.5,174.5,0.36363636363636365,0.6895001619553477,0.19101245276049844,-1.7059819588179908,-0.32586379831898404,2.0,9.0,2.0,-0.09999999999999432,0
174.5,174.5,0.36363636363636365,0.6895001619553477,0.19101245276049844,-1.7059819588179908,-0.32586379831898404,2.0,9.0,2.0,0.0,0
175.5,175.5,0.2222222222222222,0.6780834727621879,0.18873270126883554,-2.415380310223111,-0.45586125053996573,1.0,8.0,1.0,0.0,0
