t_center,t_center_abs,S,S_null_mean,S_null_sd,z_S_t,S_excess,nA,nB,nM,dt,episode
9.5,9.5,0.8888888888888888,0.7953920892918571,0.08918026304658572,1.0484023751779152,0.09349679959703172,8.0,10.0,8.0,-0.2999999999999998,0
9.5,9.5,0.8888888888888888,0.7953920892918571,0.08918026304658572,1.0484023751779152,0.09349679959703172,8.0,10.0,8.0,-0.09999999999999964,0
9.5,9.5,0.8888888888888888,0.7953920892918571,0.08918026304658572,1.0484023751779152,0.09349679959703172,8.0,10.0,8.0,0.09999999999999964,0
9.5,9.5,0.8888888888888888,0.7953920892918571,0.08918026304658572,1.0484023751779152,0.09349679959703172,8.0,10.0,8.0,0.1999999999999993,0
9.5,9.5,0.8888888888888888,0.7953920892918571,0.08918026304658572,1.0484023751779152,0.09349679959703172,8.0,10.0,8.0,0.0,0
9.5,9.5,0.8888888888888888,0.7953920892918571,0.08918026304658572,1.0484023751779152,0.09349679959703172,8.0,10.0,8.0,0.09999999999999964,0
9.5,9.5,0.8888888888888888,0.7953920892918571,0.08918026304658572,1.0484023751779152,0.09349679959703172,8.0,10.0,8.0,0.09999999999999964,0
9.5,9.5,0.8888888888888888,0.7953920892918571,0.08918026304658572,1.0484023751779152,0.09349679959703172,8.0,10.0,8.0,0.20000000000000107,0
10.5,10.5,0.9473684210526315,0.7918827276524646,0.08864438402309792,1.7540388498796753,0.15548569340016694,9.0,10.0,9.0,-0.09999999999999964,1
10.5,10.5,0.9473684210526315,0.7918827276524646,0.08864438402309792,1.7540388498796753,0.15548569340016694,9.0,10.0,9.0,0.09999999999999964,1
10.5,10.5,0.9473684210526315,0.7918827276524646,0.08864438402309792,1.7540388498796753,0.15548569340016694,9.0,10.0,9.0,0.1999999999999993,1
10.5,10.5,0.9473684210526315,0.7918827276524646,0.08864438402309792,1.7540388498796753,0.15548569340016694,9.0,10.0,9.0,0.0,1
10.5,10.5,0.9473684210526315,0.7918827276524646,0.08864438402309792,1.7540388498796753,0.15548569340016694,9.0,10.0,9.0,0.09999999999999964,1
10.5,10.5,0.9473684210526315,0.7918827276524646,0.08864438402309792,1.7540388498796753,0.15548569340016694,9.0,10.0,9.0,0.09999999999999964,1
10.5,10.5,0.9473684210526315,0.7918827276524646,0.08864438402309792,1.7540388498796753,0.15548569340016694,9.0,10.0,9.0,0.20000000000000107,1
10.5,10.5,0.9473684210526315,0.7918827276524646,0.08864438402309792,1.7540388498796753,0.15548569340016694,9.0,10.0,9.0,0.20000000000000107,1
10.5,10.5,0.9473684210526315,0.7918827276524646,0.08864438402309792,1.7540388498796753,0.15548569340016694,9.0,10.0,9.0,0.3000000000000007,1
11.5,11.5,1.0,0.784208413284342,0.09409455333653473,2.2933483295666077,0.215791586715658,9.0,9.0,9.0,0.09999999999999964,1
11.5,11.5,1.0,0.784208413284342,0.09409455333653473,2.2933483295666077,0.215791586715658,9.0,9.0,9.0,0.1999999999999993,1
11.5,11.5,1.0,0.784208413284342,0.09409455333653473,2.2933483295666077,0.215791586715658,9.0,9.0,9.0,0.0,1
11.5,11.5,1.0,0.784208413284342,0.09409455333653473,2.2933483295666077,0.215791586715658,9.0,9.0,9.0,0.09999999999999964,1
11.5,11.5,1.0,0.784208413284342,0.09409455333653473,2.2933483295666077,0.215791586715658,9.0,9.0,9.0,0.09999999999999964,1
11.5,11.5,1.0,0.784208413284342,0.09409455333653473,2.2933483295666077,0.215791586715658,9.0,9.0,9.0,0.20000000000000107,1
11.5,11.5,1.0,0.784208413284342,0.09409455333653473,2.2933483295666077,0.215791586715658,9.0,9.0,9.0,0.20000000000000107,1
11.5,11.5,1.0,0.784208413284342,0.09409455333653473,2.2933483295666077,0.215791586715658,9.0,9.0,9.0,0.3000000000000007,1
11.5,11.5,1.0,0.784208413284342,0.09409455333653473,2.2933483295666077,0.215791586715658,9.0,9.0,9.0,0.09999999999999964,1
12.5,12.5,1.0,0.7807476944624004,0.09125623962531827,2.4026007036648687,0.21925230553759956,8.0,8.0,8.0,0.0,1
12.5,12.5,1.0,0.7807476944624004,0.09125623962531827,2.4026007036648687,0.21925230553759956,8.0,8.0,8.0,0.09999999999999964,1
12.5,12.5,1.0,0.7807476944624004,0.09125623962531827,2.4026007036648687,0.21925230553759956,8.0,8.0,8.0,0.09999999999999964,1
12.5,12.5,1.0,0.7807476944624004,0.09125623962531827,2.4026007036648687,0.21925230553759956,8.0,8.0,8.0,0.20000000000000107,1
12.5,12.5,1.0,0.7807476944624004,0.09125623962531827,2.4026007036648687,0.21925230553759956,8.0,8.0,8.0,0.20000000000000107,1
12.5,12.5,1.0,0.7807476944624004,0.09125623962531827,2.4026007036648687,0.21925230553759956,8.0,8.0,8.0,0.3000000000000007,1
12.5,12.5,1.0,0.7807476944624004,0.09125623962531827,2.4026007036648687,0.21925230553759956,8.0,8.0,8.0,0.09999999999999964,1
12.5,12.5,1.0,0.7807476944624004,0.09125623962531827,2.4026007036648687,0.21925230553759956,8.0,8.0,8.0,-0.10000000000000142,1
13.5,13.5,0.8,0.8041378892177654,0.09044296527058705,-0.04575136612765448,-0.004137889217765367,6.0,9.0,6.0,0.09999999999999964,1
13.5,13.5,0.8,0.8041378892177654,0.09044296527058705,-0.04575136612765448,-0.004137889217765367,6.0,9.0,6.0,0.20000000000000107,1
13.5,13.5,0.8,0.8041378892177654,0.09044296527058705,-0.04575136612765448,-0.004137889217765367,6.0,9.0,6.0,0.20000000000000107,1
13.5,13.5,0.8,0.8041378892177654,0.09044296527058705,-0.04575136612765448,-0.004137889217765367,6.0,9.0,6.0,0.3000000000000007,1
13.5,13.5,0.8,0.8041378892177654,0.09044296527058705,-0.04575136612765448,-0.004137889217765367,6.0,9.0,6.0,0.09999999999999964,1
13.5,13.5,0.8,0.8041378892177654,0.09044296527058705,-0.04575136612765448,-0.004137889217765367,6.0,9.0,6.0,-0.10000000000000142,1
14.5,14.5,0.7142857142857143,0.8050877484057051,0.09159730500637168,-0.9913177479804063,-0.09080203411999077,5.0,9.0,5.0,0.20000000000000107,0
14.5,14.5,0.7142857142857143,0.8050877484057051,0.09159730500637168,-0.9913177479804063,-0.09080203411999077,5.0,9.0,5.0,0.3000000000000007,0
14.5,14.5,0.7142857142857143,0.8050877484057051,0.09159730500637168,-0.9913177479804063,-0.09080203411999077,5.0,9.0,5.0,0.09999999999999964,0
14.5,14.5,0.7142857142857143,0.8050877484057051,0.09159730500637168,-0.9913177479804063,-0.09080203411999077,5.0,9.0,5.0,-0.10000000000000142,0
14.5,14.5,0.7142857142857143,0.8050877484057051,0.09159730500637168,-0.9913177479804063,-0.09080203411999077,5.0,9.0,5.0,0.0,0
15.5,15.5,0.7142857142857143,0.7887902197991208,0.09195999635579408,-0.8101838676150862,-0.07450450551340648,5.0,9.0,5.0,0.09999999999999964,0
15.5,15.5,0.7142857142857143,0.7887902197991208,0.09195999635579408,-0.8101838676150862,-0.07450450551340648,5.0,9.0,5.0,-0.10000000000000142,0
15.5,15.5,0.7142857142857143,0.7887902197991208,0.09195999635579408,-0.8101838676150862,-0.07450450551340648,5.0,9.0,5.0,0.0,0
15.5,15.5,0.7142857142857143,0.7887902197991208,0.09195999635579408,-0.8101838676150862,-0.07450450551340648,5.0,9.0,5.0,0.09999999999999787,0
15.5,15.5,0.7142857142857143,0.7887902197991208,0.09195999635579408,-0.8101838676150862,-0.07450450551340648,5.0,9.0,5.0,0.5,0
16.5,16.5,0.6666666666666666,0.7869517113863089,0.08750527205734668,-1.3746034026477096,-0.1202850447196423,5.0,10.0,5.0,-0.10000000000000142,0
16.5,16.5,0.6666666666666666,0.7869517113863089,0.08750527205734668,-1.3746034026477096,-0.1202850447196423,5.0,10.0,5.0,0.0,0
16.5,16.5,0.6666666666666666,0.7869517113863089,0.08750527205734668,-1.3746034026477096,-0.1202850447196423,5.0,10.0,5.0,0.09999999999999787,0
16.5,16.5,0.6666666666666666,0.7869517113863089,0.08750527205734668,-1.3746034026477096,-0.1202850447196423,5.0,10.0,5.0,-0.10000000000000142,0
16.5,16.5,0.6666666666666666,0.7869517113863089,0.08750527205734668,-1.3746034026477096,-0.1202850447196423,5.0,10.0,5.0,0.1999999999999993,0
17.5,17.5,0.7058823529411765,0.7561134183497962,0.08701761635021181,-0.5772516820784805,-0.05023106540861966,6.0,11.0,6.0,0.0,0
17.5,17.5,0.7058823529411765,0.7561134183497962,0.08701761635021181,-0.5772516820784805,-0.05023106540861966,6.0,11.0,6.0,0.09999999999999787,0
17.5,17.5,0.7058823529411765,0.7561134183497962,0.08701761635021181,-0.5772516820784805,-0.05023106540861966,6.0,11.0,6.0,-0.10000000000000142,0
17.5,17.5,0.7058823529411765,0.7561134183497962,0.08701761635021181,-0.5772516820784805,-0.05023106540861966,6.0,11.0,6.0,0.1999999999999993,0
17.5,17.5,0.7058823529411765,0.7561134183497962,0.08701761635021181,-0.5772516820784805,-0.05023106540861966,6.0,11.0,6.0,-0.10000000000000142,0
17.5,17.5,0.7058823529411765,0.7561134183497962,0.08701761635021181,-0.5772516820784805,-0.05023106540861966,6.0,11.0,6.0,0.10000000000000142,0
18.5,18.5,0.875,0.8096811747506021,0.09160120021557026,0.7130782685781348,0.06531882524939792,7.0,9.0,7.0,0.0,0
18.5,18.5,0.875,0.8096811747506021,0.09160120021557026,0.7130782685781348,0.06531882524939792,7.0,9.0,7.0,0.09999999999999787,0
18.5,18.5,0.875,0.8096811747506021,0.09160120021557026,0.7130782685781348,0.06531882524939792,7.0,9.0,7.0,-0.10000000000000142,0
18.5,18.5,0.875,0.8096811747506021,0.09160120021557026,0.7130782685781348,0.06531882524939792,7.0,9.0,7.0,0.1999999999999993,0
18.5,18.5,0.875,0.8096811747506021,0.09160120021557026,0.7130782685781348,0.06531882524939792,7.0,9.0,7.0,-0.10000000000000142,0
18.5,18.5,0.875,0.8096811747506021,0.09160120021557026,0.7130782685781348,0.06531882524939792,7.0,9.0,7.0,0.10000000000000142,0
18.5,18.5,0.875,0.8096811747506021,0.09160120021557026,0.7130782685781348,0.06531882524939792,7.0,9.0,7.0,0.10000000000000142,0
19.5,19.5,0.9411764705882353,0.8343652644998619,0.08665559848301133,1.232594407726738,0.10681120608837336,8.0,9.0,8.0,0.09999999999999787,0
19.5,19.5,0.9411764705882353,0.8343652644998619,0.08665559848301133,1.232594407726738,0.10681120608837336,8.0,9.0,8.0,-0.10000000000000142,0
19.5,19.5,0.9411764705882353,0.8343652644998619,0.08665559848301133,1.232594407726738,0.10681120608837336,8.0,9.0,8.0,0.1999999999999993,0
19.5,19.5,0.9411764705882353,0.8343652644998619,0.08665559848301133,1.232594407726738,0.10681120608837336,8.0,9.0,8.0,-0.10000000000000142,0
19.5,19.5,0.9411764705882353,0.8343652644998619,0.08665559848301133,1.232594407726738,0.10681120608837336,8.0,9.0,8.0,0.10000000000000142,0
19.5,19.5,0.9411764705882353,0.8343652644998619,0.08665559848301133,1.232594407726738,0.10681120608837336,8.0,9.0,8.0,0.10000000000000142,0
19.5,19.5,0.9411764705882353,0.8343652644998619,0.08665559848301133,1.232594407726738,0.10681120608837336,8.0,9.0,8.0,0.0,0
19.5,19.5,0.9411764705882353,0.8343652644998619,0.08665559848301133,1.232594407726738,0.10681120608837336,8.0,9.0,8.0,0.1999999999999993,0
20.5,20.5,0.9411764705882353,0.8391926668103139,0.0879008487633149,1.1602140959130756,0.10198380377792138,9.0,8.0,8.0,-0.10000000000000142,0
20.5,20.5,0.9411764705882353,0.8391926668103139,0.0879008487633149,1.1602140959130756,0.10198380377792138,9.0,8.0,8.0,0.1999999999999993,0
20.5,20.5,0.9411764705882353,0.8391926668103139,0.0879008487633149,1.1602140959130756,0.10198380377792138,9.0,8.0,8.0,-0.10000000000000142,0
20.5,20.5,0.9411764705882353,0.8391926668103139,0.0879008487633149,1.1602140959130756,0.10198380377792138,9.0,8.0,8.0,0.10000000000000142,0
20.5,20.5,0.9411764705882353,0.8391926668103139,0.0879008487633149,1.1602140959130756,0.10198380377792138,9.0,8.0,8.0,0.10000000000000142,0
20.5,20.5,0.9411764705882353,0.8391926668103139,0.0879008487633149,1.1602140959130756,0.10198380377792138,9.0,8.0,8.0,0.0,0
20.5,20.5,0.9411764705882353,0.8391926668103139,0.0879008487633149,1.1602140959130756,0.10198380377792138,9.0,8.0,8.0,0.1999999999999993,0
20.5,20.5,0.9411764705882353,0.8391926668103139,0.0879008487633149,1.1602140959130756,0.10198380377792138,9.0,8.0,8.0,-0.3000000000000007,0
21.5,21.5,0.9333333333333333,0.8348182572329632,0.08661750134764895,1.1373576305897921,0.09851507610037014,8.0,7.0,7.0,-0.10000000000000142,0
21.5,21.5,0.9333333333333333,0.8348182572329632,0.08661750134764895,1.1373576305897921,0.09851507610037014,8.0,7.0,7.0,0.10000000000000142,0
21.5,21.5,0.9333333333333333,0.8348182572329632,0.08661750134764895,1.1373576305897921,0.09851507610037014,8.0,7.0,7.0,0.10000000000000142,0
21.5,21.5,0.9333333333333333,0.8348182572329632,0.08661750134764895,1.1373576305897921,0.09851507610037014,8.0,7.0,7.0,0.0,0
21.5,21.5,0.9333333333333333,0.8348182572329632,0.08661750134764895,1.1373576305897921,0.09851507610037014,8.0,7.0,7.0,0.1999999999999993,0
21.5,21.5,0.9333333333333333,0.8348182572329632,0.08661750134764895,1.1373576305897921,0.09851507610037014,8.0,7.0,7.0,-0.3000000000000007,0
21.5,21.5,0.9333333333333333,0.8348182572329632,0.08661750134764895,1.1373576305897921,0.09851507610037014,8.0,7.0,7.0,-0.1999999999999993,0
22.5,22.5,0.9333333333333333,0.8852300376094495,0.07250409031851253,0.6634563031211713,0.04810329572388383,8.0,7.0,7.0,-0.3999999999999986,0
22.5,22.5,0.9333333333333333,0.8852300376094495,0.07250409031851253,0.6634563031211713,0.04810329572388383,8.0,7.0,7.0,0.0,0
22.5,22.5,0.9333333333333333,0.8852300376094495,0.07250409031851253,0.6634563031211713,0.04810329572388383,8.0,7.0,7.0,0.1999999999999993,0
22.5,22.5,0.9333333333333333,0.8852300376094495,0.07250409031851253,0.6634563031211713,0.04810329572388383,8.0,7.0,7.0,-0.3000000000000007,0
22.5,22.5,0.9333333333333333,0.8852300376094495,0.07250409031851253,0.6634563031211713,0.04810329572388383,8.0,7.0,7.0,-0.1999999999999993,0
22.5,22.5,0.9333333333333333,0.8852300376094495,0.07250409031851253,0.6634563031211713,0.04810329572388383,8.0,7.0,7.0,-0.40000000000000213,0
22.5,22.5,0.9333333333333333,0.8852300376094495,0.07250409031851253,0.6634563031211713,0.04810329572388383,8.0,7.0,7.0,-0.40000000000000213,0
23.5,23.5,0.9333333333333333,0.8467284960137902,0.08449201934711048,1.0250061247057287,0.08660483731954316,7.0,8.0,7.0,0.0,0
23.5,23.5,0.9333333333333333,0.8467284960137902,0.08449201934711048,1.0250061247057287,0.08660483731954316,7.0,8.0,7.0,0.1999999999999993,0
23.5,23.5,0.9333333333333333,0.8467284960137902,0.08449201934711048,1.0250061247057287,0.08660483731954316,7.0,8.0,7.0,-0.3000000000000007,0
23.5,23.5,0.9333333333333333,0.8467284960137902,0.08449201934711048,1.0250061247057287,0.08660483731954316,7.0,8.0,7.0,-0.1999999999999993,0
23.5,23.5,0.9333333333333333,0.8467284960137902,0.08449201934711048,1.0250061247057287,0.08660483731954316,7.0,8.0,7.0,-0.40000000000000213,0
23.5,23.5,0.9333333333333333,0.8467284960137902,0.08449201934711048,1.0250061247057287,0.08660483731954316,7.0,8.0,7.0,-0.40000000000000213,0
23.5,23.5,0.9333333333333333,0.8467284960137902,0.08449201934711048,1.0250061247057287,0.08660483731954316,7.0,8.0,7.0,-0.1999999999999993,0
24.5,24.5,0.9333333333333333,0.8424040364863895,0.0876812387057866,1.0370439353857221,0.09092929684694384,7.0,8.0,7.0,-0.3000000000000007,0
24.5,24.5,0.9333333333333333,0.8424040364863895,0.0876812387057866,1.0370439353857221,0.09092929684694384,7.0,8.0,7.0,-0.1999999999999993,0
24.5,24.5,0.9333333333333333,0.8424040364863895,0.0876812387057866,1.0370439353857221,0.09092929684694384,7.0,8.0,7.0,-0.40000000000000213,0
24.5,24.5,0.9333333333333333,0.8424040364863895,0.0876812387057866,1.0370439353857221,0.09092929684694384,7.0,8.0,7.0,-0.40000000000000213,0
24.5,24.5,0.9333333333333333,0.8424040364863895,0.0876812387057866,1.0370439353857221,0.09092929684694384,7.0,8.0,7.0,-0.1999999999999993,0
24.5,24.5,0.9333333333333333,0.8424040364863895,0.0876812387057866,1.0370439353857221,0.09092929684694384,7.0,8.0,7.0,0.20000000000000284,0
24.5,24.5,0.9333333333333333,0.8424040364863895,0.0876812387057866,1.0370439353857221,0.09092929684694384,7.0,8.0,7.0,-0.10000000000000142,0
25.5,25.5,0.9333333333333333,0.8646642946922359,0.0922710215897335,0.7442102347844585,0.06866903864109741,7.0,8.0,7.0,-0.1999999999999993,0
25.5,25.5,0.9333333333333333,0.8646642946922359,0.0922710215897335,0.7442102347844585,0.06866903864109741,7.0,8.0,7.0,-0.40000000000000213,0
25.5,25.5,0.9333333333333333,0.8646642946922359,0.0922710215897335,0.7442102347844585,0.06866903864109741,7.0,8.0,7.0,-0.40000000000000213,0
25.5,25.5,0.9333333333333333,0.8646642946922359,0.0922710215897335,0.7442102347844585,0.06866903864109741,7.0,8.0,7.0,-0.1999999999999993,0
25.5,25.5,0.9333333333333333,0.8646642946922359,0.0922710215897335,0.7442102347844585,0.06866903864109741,7.0,8.0,7.0,0.20000000000000284,0
25.5,25.5,0.9333333333333333,0.8646642946922359,0.0922710215897335,0.7442102347844585,0.06866903864109741,7.0,8.0,7.0,-0.10000000000000142,0
25.5,25.5,0.9333333333333333,0.8646642946922359,0.0922710215897335,0.7442102347844585,0.06866903864109741,7.0,8.0,7.0,-0.10000000000000142,0
26.5,26.5,0.8,0.8431381805758742,0.09048603494110993,-0.4767385442842016,-0.04313818057587415,6.0,9.0,6.0,0.29999999999999716,0
26.5,26.5,0.8,0.8431381805758742,0.09048603494110993,-0.4767385442842016,-0.04313818057587415,6.0,9.0,6.0,-0.1999999999999993,0
26.5,26.5,0.8,0.8431381805758742,0.09048603494110993,-0.4767385442842016,-0.04313818057587415,6.0,9.0,6.0,0.20000000000000284,0
26.5,26.5,0.8,0.8431381805758742,0.09048603494110993,-0.4767385442842016,-0.04313818057587415,6.0,9.0,6.0,-0.10000000000000142,0
26.5,26.5,0.8,0.8431381805758742,0.09048603494110993,-0.4767385442842016,-0.04313818057587415,6.0,9.0,6.0,-0.10000000000000142,0
26.5,26.5,0.8,0.8431381805758742,0.09048603494110993,-0.4767385442842016,-0.04313818057587415,6.0,9.0,6.0,-0.10000000000000142,0
27.5,27.5,0.875,0.8491181190154875,0.09242699141036573,0.2800251375661442,0.025881880984512495,7.0,9.0,7.0,-0.1999999999999993,0
27.5,27.5,0.875,0.8491181190154875,0.09242699141036573,0.2800251375661442,0.025881880984512495,7.0,9.0,7.0,0.20000000000000284,0
27.5,27.5,0.875,0.8491181190154875,0.09242699141036573,0.2800251375661442,0.025881880984512495,7.0,9.0,7.0,-0.10000000000000142,0
27.5,27.5,0.875,0.8491181190154875,0.09242699141036573,0.2800251375661442,0.025881880984512495,7.0,9.0,7.0,-0.10000000000000142,0
27.5,27.5,0.875,0.8491181190154875,0.09242699141036573,0.2800251375661442,0.025881880984512495,7.0,9.0,7.0,-0.10000000000000142,0
27.5,27.5,0.875,0.8491181190154875,0.09242699141036573,0.2800251375661442,0.025881880984512495,7.0,9.0,7.0,-0.10000000000000142,0
27.5,27.5,0.875,0.8491181190154875,0.09242699141036573,0.2800251375661442,0.025881880984512495,7.0,9.0,7.0,0.09999999999999787,0
28.5,28.5,0.875,0.8460601019895139,0.08762005162234156,0.330288529561959,0.02893989801048613,7.0,9.0,7.0,-0.3999999999999986,0
28.5,28.5,0.875,0.8460601019895139,0.08762005162234156,0.330288529561959,0.02893989801048613,7.0,9.0,7.0,-0.10000000000000142,0
28.5,28.5,0.875,0.8460601019895139,0.08762005162234156,0.330288529561959,0.02893989801048613,7.0,9.0,7.0,-0.10000000000000142,0
28.5,28.5,0.875,0.8460601019895139,0.08762005162234156,0.330288529561959,0.02893989801048613,7.0,9.0,7.0,-0.10000000000000142,0
28.5,28.5,0.875,0.8460601019895139,0.08762005162234156,0.330288529561959,0.02893989801048613,7.0,9.0,7.0,-0.10000000000000142,0
28.5,28.5,0.875,0.8460601019895139,0.08762005162234156,0.330288529561959,0.02893989801048613,7.0,9.0,7.0,0.09999999999999787,0
28.5,28.5,0.875,0.8460601019895139,0.08762005162234156,0.330288529561959,0.02893989801048613,7.0,9.0,7.0,-0.3000000000000007,0
29.5,29.5,0.75,0.8243617957034367,0.09055712984742854,-0.8211589283883237,-0.0743617957034367,7.0,9.0,6.0,-0.10000000000000142,0
29.5,29.5,0.75,0.8243617957034367,0.09055712984742854,-0.8211589283883237,-0.0743617957034367,7.0,9.0,6.0,-0.10000000000000142,0
29.5,29.5,0.75,0.8243617957034367,0.09055712984742854,-0.8211589283883237,-0.0743617957034367,7.0,9.0,6.0,-0.10000000000000142,0
29.5,29.5,0.75,0.8243617957034367,0.09055712984742854,-0.8211589283883237,-0.0743617957034367,7.0,9.0,6.0,0.09999999999999787,0
29.5,29.5,0.75,0.8243617957034367,0.09055712984742854,-0.8211589283883237,-0.0743617957034367,7.0,9.0,6.0,-0.3000000000000007,0
29.5,29.5,0.75,0.8243617957034367,0.09055712984742854,-0.8211589283883237,-0.0743617957034367,7.0,9.0,6.0,-0.40000000000000213,0
30.5,30.5,0.75,0.8178236766501472,0.096565953215024,-0.7023560001434855,-0.06782367665014721,8.0,8.0,6.0,-0.10000000000000142,0
30.5,30.5,0.75,0.8178236766501472,0.096565953215024,-0.7023560001434855,-0.06782367665014721,8.0,8.0,6.0,-0.10000000000000142,0
30.5,30.5,0.75,0.8178236766501472,0.096565953215024,-0.7023560001434855,-0.06782367665014721,8.0,8.0,6.0,0.09999999999999787,0
30.5,30.5,0.75,0.8178236766501472,0.096565953215024,-0.7023560001434855,-0.06782367665014721,8.0,8.0,6.0,-0.3000000000000007,0
30.5,30.5,0.75,0.8178236766501472,0.096565953215024,-0.7023560001434855,-0.06782367665014721,8.0,8.0,6.0,-0.40000000000000213,0
30.5,30.5,0.75,0.8178236766501472,0.096565953215024,-0.7023560001434855,-0.06782367665014721,8.0,8.0,6.0,-0.19999999999999574,0
31.5,31.5,0.6666666666666666,0.7546368464868465,0.10156111103173132,-0.8661797702537423,-0.08797017982017985,9.0,6.0,5.0,-0.10000000000000142,0
31.5,31.5,0.6666666666666666,0.7546368464868465,0.10156111103173132,-0.8661797702537423,-0.08797017982017985,9.0,6.0,5.0,0.09999999999999787,0
31.5,31.5,0.6666666666666666,0.7546368464868465,0.10156111103173132,-0.8661797702537423,-0.08797017982017985,9.0,6.0,5.0,-0.3000000000000007,0
31.5,31.5,0.6666666666666666,0.7546368464868465,0.10156111103173132,-0.8661797702537423,-0.08797017982017985,9.0,6.0,5.0,-0.40000000000000213,0
31.5,31.5,0.6666666666666666,0.7546368464868465,0.10156111103173132,-0.8661797702537423,-0.08797017982017985,9.0,6.0,5.0,-0.19999999999999574,0
32.5,32.5,0.7142857142857143,0.8202451381951382,0.08251135386883085,-1.284179921200526,-0.10595942390942392,8.0,6.0,5.0,-0.3000000000000007,0
32.5,32.5,0.7142857142857143,0.8202451381951382,0.08251135386883085,-1.284179921200526,-0.10595942390942392,8.0,6.0,5.0,-0.40000000000000213,0
32.5,32.5,0.7142857142857143,0.8202451381951382,0.08251135386883085,-1.284179921200526,-0.10595942390942392,8.0,6.0,5.0,-0.19999999999999574,0
32.5,32.5,0.7142857142857143,0.8202451381951382,0.08251135386883085,-1.284179921200526,-0.10595942390942392,8.0,6.0,5.0,-0.20000000000000284,0
32.5,32.5,0.7142857142857143,0.8202451381951382,0.08251135386883085,-1.284179921200526,-0.10595942390942392,8.0,6.0,5.0,-0.09999999999999432,0
33.5,33.5,0.875,0.7902431685961099,0.09788967082860067,0.8658403965040865,0.08475683140389012,9.0,7.0,7.0,0.1999999999999993,0
33.5,33.5,0.875,0.7902431685961099,0.09788967082860067,0.8658403965040865,0.08475683140389012,9.0,7.0,7.0,0.09999999999999787,0
33.5,33.5,0.875,0.7902431685961099,0.09788967082860067,0.8658403965040865,0.08475683140389012,9.0,7.0,7.0,-0.19999999999999574,0
33.5,33.5,0.875,0.7902431685961099,0.09788967082860067,0.8658403965040865,0.08475683140389012,9.0,7.0,7.0,-0.20000000000000284,0
33.5,33.5,0.875,0.7902431685961099,0.09788967082860067,0.8658403965040865,0.08475683140389012,9.0,7.0,7.0,-0.09999999999999432,0
33.5,33.5,0.875,0.7902431685961099,0.09788967082860067,0.8658403965040865,0.08475683140389012,9.0,7.0,7.0,0.10000000000000142,0
33.5,33.5,0.875,0.7902431685961099,0.09788967082860067,0.8658403965040865,0.08475683140389012,9.0,7.0,7.0,0.0,0
34.5,34.5,0.875,0.7961420932009168,0.10797963675296555,0.7303035013860376,0.07885790679908322,9.0,7.0,7.0,-0.19999999999999574,0
34.5,34.5,0.875,0.7961420932009168,0.10797963675296555,0.7303035013860376,0.07885790679908322,9.0,7.0,7.0,-0.20000000000000284,0
34.5,34.5,0.875,0.7961420932009168,0.10797963675296555,0.7303035013860376,0.07885790679908322,9.0,7.0,7.0,-0.09999999999999432,0
34.5,34.5,0.875,0.7961420932009168,0.10797963675296555,0.7303035013860376,0.07885790679908322,9.0,7.0,7.0,0.10000000000000142,0
34.5,34.5,0.875,0.7961420932009168,0.10797963675296555,0.7303035013860376,0.07885790679908322,9.0,7.0,7.0,0.0,0
34.5,34.5,0.875,0.7961420932009168,0.10797963675296555,0.7303035013860376,0.07885790679908322,9.0,7.0,7.0,0.20000000000000284,0
34.5,34.5,0.875,0.7961420932009168,0.10797963675296555,0.7303035013860376,0.07885790679908322,9.0,7.0,7.0,0.20000000000000284,0
35.5,35.5,0.875,0.7945639014580191,0.1015296458771523,0.7922424809725628,0.08043609854198086,8.0,8.0,7.0,-0.20000000000000284,0
35.5,35.5,0.875,0.7945639014580191,0.1015296458771523,0.7922424809725628,0.08043609854198086,8.0,8.0,7.0,-0.09999999999999432,0
35.5,35.5,0.875,0.7945639014580191,0.1015296458771523,0.7922424809725628,0.08043609854198086,8.0,8.0,7.0,0.10000000000000142,0
35.5,35.5,0.875,0.7945639014580191,0.1015296458771523,0.7922424809725628,0.08043609854198086,8.0,8.0,7.0,0.0,0
35.5,35.5,0.875,0.7945639014580191,0.1015296458771523,0.7922424809725628,0.08043609854198086,8.0,8.0,7.0,0.20000000000000284,0
35.5,35.5,0.875,0.7945639014580191,0.1015296458771523,0.7922424809725628,0.08043609854198086,8.0,8.0,7.0,0.20000000000000284,0
35.5,35.5,0.875,0.7945639014580191,0.1015296458771523,0.7922424809725628,0.08043609854198086,8.0,8.0,7.0,0.20000000000000284,0
36.5,36.5,0.9411764705882353,0.8299760134688153,0.09170040325754669,1.2126495977024883,0.11120045711941995,8.0,9.0,8.0,-0.09999999999999432,0
36.5,36.5,0.9411764705882353,0.8299760134688153,0.09170040325754669,1.2126495977024883,0.11120045711941995,8.0,9.0,8.0,0.10000000000000142,0
36.5,36.5,0.9411764705882353,0.8299760134688153,0.09170040325754669,1.2126495977024883,0.11120045711941995,8.0,9.0,8.0,0.0,0
36.5,36.5,0.9411764705882353,0.8299760134688153,0.09170040325754669,1.2126495977024883,0.11120045711941995,8.0,9.0,8.0,0.20000000000000284,0
36.5,36.5,0.9411764705882353,0.8299760134688153,0.09170040325754669,1.2126495977024883,0.11120045711941995,8.0,9.0,8.0,0.20000000000000284,0
36.5,36.5,0.9411764705882353,0.8299760134688153,0.09170040325754669,1.2126495977024883,0.11120045711941995,8.0,9.0,8.0,0.20000000000000284,0
36.5,36.5,0.9411764705882353,0.8299760134688153,0.09170040325754669,1.2126495977024883,0.11120045711941995,8.0,9.0,8.0,0.20000000000000284,0
36.5,36.5,0.9411764705882353,0.8299760134688153,0.09170040325754669,1.2126495977024883,0.11120045711941995,8.0,9.0,8.0,0.19999999999999574,0
37.5,37.5,0.9333333333333333,0.83256336816778,0.09106554358605366,1.106565240785384,0.10076996516555337,7.0,8.0,7.0,0.10000000000000142,0
37.5,37.5,0.9333333333333333,0.83256336816778,0.09106554358605366,1.106565240785384,0.10076996516555337,7.0,8.0,7.0,0.0,0
37.5,37.5,0.9333333333333333,0.83256336816778,0.09106554358605366,1.106565240785384,0.10076996516555337,7.0,8.0,7.0,0.20000000000000284,0
37.5,37.5,0.9333333333333333,0.83256336816778,0.09106554358605366,1.106565240785384,0.10076996516555337,7.0,8.0,7.0,0.20000000000000284,0
37.5,37.5,0.9333333333333333,0.83256336816778,0.09106554358605366,1.106565240785384,0.10076996516555337,7.0,8.0,7.0,0.20000000000000284,0
37.5,37.5,0.9333333333333333,0.83256336816778,0.09106554358605366,1.106565240785384,0.10076996516555337,7.0,8.0,7.0,0.20000000000000284,0
37.5,37.5,0.9333333333333333,0.83256336816778,0.09106554358605366,1.106565240785384,0.10076996516555337,7.0,8.0,7.0,0.19999999999999574,0
38.5,38.5,0.9230769230769231,0.8379526698791405,0.08605556063511532,0.989177835453521,0.0851242531977826,6.0,7.0,6.0,0.20000000000000284,0
38.5,38.5,0.9230769230769231,0.8379526698791405,0.08605556063511532,0.989177835453521,0.0851242531977826,6.0,7.0,6.0,0.20000000000000284,0
38.5,38.5,0.9230769230769231,0.8379526698791405,0.08605556063511532,0.989177835453521,0.0851242531977826,6.0,7.0,6.0,0.20000000000000284,0
38.5,38.5,0.9230769230769231,0.8379526698791405,0.08605556063511532,0.989177835453521,0.0851242531977826,6.0,7.0,6.0,0.20000000000000284,0
38.5,38.5,0.9230769230769231,0.8379526698791405,0.08605556063511532,0.989177835453521,0.0851242531977826,6.0,7.0,6.0,0.19999999999999574,0
38.5,38.5,0.9230769230769231,0.8379526698791405,0.08605556063511532,0.989177835453521,0.0851242531977826,6.0,7.0,6.0,0.20000000000000284,0
39.5,39.5,0.8571428571428571,0.874159498834499,0.08241054507536759,-0.2064862169772022,-0.017016641691641854,7.0,7.0,6.0,-0.3999999999999986,0
39.5,39.5,0.8571428571428571,0.874159498834499,0.08241054507536759,-0.2064862169772022,-0.017016641691641854,7.0,7.0,6.0,-0.29999999999999716,0
39.5,39.5,0.8571428571428571,0.874159498834499,0.08241054507536759,-0.2064862169772022,-0.017016641691641854,7.0,7.0,6.0,0.19999999999999574,0
39.5,39.5,0.8571428571428571,0.874159498834499,0.08241054507536759,-0.2064862169772022,-0.017016641691641854,7.0,7.0,6.0,0.20000000000000284,0
39.5,39.5,0.8571428571428571,0.874159498834499,0.08241054507536759,-0.2064862169772022,-0.017016641691641854,7.0,7.0,6.0,0.19999999999999574,0
39.5,39.5,0.8571428571428571,0.874159498834499,0.08241054507536759,-0.2064862169772022,-0.017016641691641854,7.0,7.0,6.0,0.3999999999999986,0
40.5,40.5,0.7692307692307693,0.844700765900766,0.0943411237150455,-0.7999692360878762,-0.07546999666999676,6.0,7.0,5.0,0.19999999999999574,0
40.5,40.5,0.7692307692307693,0.844700765900766,0.0943411237150455,-0.7999692360878762,-0.07546999666999676,6.0,7.0,5.0,0.20000000000000284,0
40.5,40.5,0.7692307692307693,0.844700765900766,0.0943411237150455,-0.7999692360878762,-0.07546999666999676,6.0,7.0,5.0,0.19999999999999574,0
40.5,40.5,0.7692307692307693,0.844700765900766,0.0943411237150455,-0.7999692360878762,-0.07546999666999676,6.0,7.0,5.0,-0.20000000000000284,0
40.5,40.5,0.7692307692307693,0.844700765900766,0.0943411237150455,-0.7999692360878762,-0.07546999666999676,6.0,7.0,5.0,-0.19999999999999574,0
41.5,41.5,0.8571428571428571,0.8477234755440638,0.1006462119266575,0.09358903249788826,0.009419381598793297,6.0,8.0,6.0,0.20000000000000284,0
41.5,41.5,0.8571428571428571,0.8477234755440638,0.1006462119266575,0.09358903249788826,0.009419381598793297,6.0,8.0,6.0,0.19999999999999574,0
41.5,41.5,0.8571428571428571,0.8477234755440638,0.1006462119266575,0.09358903249788826,0.009419381598793297,6.0,8.0,6.0,-0.20000000000000284,0
41.5,41.5,0.8571428571428571,0.8477234755440638,0.1006462119266575,0.09358903249788826,0.009419381598793297,6.0,8.0,6.0,-0.19999999999999574,0
41.5,41.5,0.8571428571428571,0.8477234755440638,0.1006462119266575,0.09358903249788826,0.009419381598793297,6.0,8.0,6.0,-0.20000000000000284,0
41.5,41.5,0.8571428571428571,0.8477234755440638,0.1006462119266575,0.09358903249788826,0.009419381598793297,6.0,8.0,6.0,-0.10000000000000142,0
42.5,42.5,0.9333333333333333,0.8843355059972707,0.08585428620643303,0.570709157353535,0.048997827336062616,7.0,8.0,7.0,0.20000000000000284,0
42.5,42.5,0.9333333333333333,0.8843355059972707,0.08585428620643303,0.570709157353535,0.048997827336062616,7.0,8.0,7.0,0.19999999999999574,0
42.5,42.5,0.9333333333333333,0.8843355059972707,0.08585428620643303,0.570709157353535,0.048997827336062616,7.0,8.0,7.0,-0.20000000000000284,0
42.5,42.5,0.9333333333333333,0.8843355059972707,0.08585428620643303,0.570709157353535,0.048997827336062616,7.0,8.0,7.0,-0.19999999999999574,0
42.5,42.5,0.9333333333333333,0.8843355059972707,0.08585428620643303,0.570709157353535,0.048997827336062616,7.0,8.0,7.0,-0.20000000000000284,0
42.5,42.5,0.9333333333333333,0.8843355059972707,0.08585428620643303,0.570709157353535,0.048997827336062616,7.0,8.0,7.0,-0.10000000000000142,0
42.5,42.5,0.9333333333333333,0.8843355059972707,0.08585428620643303,0.570709157353535,0.048997827336062616,7.0,8.0,7.0,-0.29999999999999716,0
43.5,43.5,0.9411764705882353,0.8357683282489785,0.08958012468641163,1.1766911768459067,0.10540814233925677,8.0,9.0,8.0,0.19999999999999574,0
43.5,43.5,0.9411764705882353,0.8357683282489785,0.08958012468641163,1.1766911768459067,0.10540814233925677,8.0,9.0,8.0,-0.20000000000000284,0
43.5,43.5,0.9411764705882353,0.8357683282489785,0.08958012468641163,1.1766911768459067,0.10540814233925677,8.0,9.0,8.0,-0.19999999999999574,0
43.5,43.5,0.9411764705882353,0.8357683282489785,0.08958012468641163,1.1766911768459067,0.10540814233925677,8.0,9.0,8.0,-0.20000000000000284,0
43.5,43.5,0.9411764705882353,0.8357683282489785,0.08958012468641163,1.1766911768459067,0.10540814233925677,8.0,9.0,8.0,-0.10000000000000142,0
43.5,43.5,0.9411764705882353,0.8357683282489785,0.08958012468641163,1.1766911768459067,0.10540814233925677,8.0,9.0,8.0,-0.29999999999999716,0
43.5,43.5,0.9411764705882353,0.8357683282489785,0.08958012468641163,1.1766911768459067,0.10540814233925677,8.0,9.0,8.0,-0.10000000000000142,0
43.5,43.5,0.9411764705882353,0.8357683282489785,0.08958012468641163,1.1766911768459067,0.10540814233925677,8.0,9.0,8.0,-0.09999999999999432,0
44.5,44.5,0.9473684210526315,0.7901198854980589,0.0919950529942671,1.709315125503237,0.15724853555457263,9.0,10.0,9.0,-0.20000000000000284,0
44.5,44.5,0.9473684210526315,0.7901198854980589,0.0919950529942671,1.709315125503237,0.15724853555457263,9.0,10.0,9.0,-0.19999999999999574,0
44.5,44.5,0.9473684210526315,0.7901198854980589,0.0919950529942671,1.709315125503237,0.15724853555457263,9.0,10.0,9.0,-0.20000000000000284,0
44.5,44.5,0.9473684210526315,0.7901198854980589,0.0919950529942671,1.709315125503237,0.15724853555457263,9.0,10.0,9.0,-0.10000000000000142,0
44.5,44.5,0.9473684210526315,0.7901198854980589,0.0919950529942671,1.709315125503237,0.15724853555457263,9.0,10.0,9.0,-0.29999999999999716,0
44.5,44.5,0.9473684210526315,0.7901198854980589,0.0919950529942671,1.709315125503237,0.15724853555457263,9.0,10.0,9.0,-0.10000000000000142,0
44.5,44.5,0.9473684210526315,0.7901198854980589,0.0919950529942671,1.709315125503237,0.15724853555457263,9.0,10.0,9.0,-0.09999999999999432,0
44.5,44.5,0.9473684210526315,0.7901198854980589,0.0919950529942671,1.709315125503237,0.15724853555457263,9.0,10.0,9.0,0.09999999999999432,0
44.5,44.5,0.9473684210526315,0.7901198854980589,0.0919950529942671,1.709315125503237,0.15724853555457263,9.0,10.0,9.0,-0.20000000000000284,0
45.5,45.5,0.9411764705882353,0.8107857123011148,0.09451619467482807,1.3795599657361854,0.13039075828712043,8.0,9.0,8.0,-0.20000000000000284,0
45.5,45.5,0.9411764705882353,0.8107857123011148,0.09451619467482807,1.3795599657361854,0.13039075828712043,8.0,9.0,8.0,-0.10000000000000142,0
45.5,45.5,0.9411764705882353,0.8107857123011148,0.09451619467482807,1.3795599657361854,0.13039075828712043,8.0,9.0,8.0,-0.29999999999999716,0
45.5,45.5,0.9411764705882353,0.8107857123011148,0.09451619467482807,1.3795599657361854,0.13039075828712043,8.0,9.0,8.0,-0.10000000000000142,0
45.5,45.5,0.9411764705882353,0.8107857123011148,0.09451619467482807,1.3795599657361854,0.13039075828712043,8.0,9.0,8.0,-0.09999999999999432,0
45.5,45.5,0.9411764705882353,0.8107857123011148,0.09451619467482807,1.3795599657361854,0.13039075828712043,8.0,9.0,8.0,0.09999999999999432,0
45.5,45.5,0.9411764705882353,0.8107857123011148,0.09451619467482807,1.3795599657361854,0.13039075828712043,8.0,9.0,8.0,-0.20000000000000284,0
45.5,45.5,0.9411764705882353,0.8107857123011148,0.09451619467482807,1.3795599657361854,0.13039075828712043,8.0,9.0,8.0,-0.10000000000000142,0
46.5,46.5,0.8888888888888888,0.7895423300899308,0.08872107331696719,1.1197628149067806,0.09934655879895804,8.0,10.0,8.0,-0.29999999999999716,0
46.5,46.5,0.8888888888888888,0.7895423300899308,0.08872107331696719,1.1197628149067806,0.09934655879895804,8.0,10.0,8.0,-0.10000000000000142,0
46.5,46.5,0.8888888888888888,0.7895423300899308,0.08872107331696719,1.1197628149067806,0.09934655879895804,8.0,10.0,8.0,-0.09999999999999432,0
46.5,46.5,0.8888888888888888,0.7895423300899308,0.08872107331696719,1.1197628149067806,0.09934655879895804,8.0,10.0,8.0,0.09999999999999432,0
46.5,46.5,0.8888888888888888,0.7895423300899308,0.08872107331696719,1.1197628149067806,0.09934655879895804,8.0,10.0,8.0,-0.20000000000000284,0
46.5,46.5,0.8888888888888888,0.7895423300899308,0.08872107331696719,1.1197628149067806,0.09934655879895804,8.0,10.0,8.0,-0.10000000000000142,0
46.5,46.5,0.8888888888888888,0.7895423300899308,0.08872107331696719,1.1197628149067806,0.09934655879895804,8.0,10.0,8.0,0.0,0
46.5,46.5,0.8888888888888888,0.7895423300899308,0.08872107331696719,1.1197628149067806,0.09934655879895804,8.0,10.0,8.0,0.10000000000000142,0
47.5,47.5,0.8235294117647058,0.7968944419873213,0.08965290924988074,0.29708985464317195,0.026634969777384554,7.0,10.0,7.0,-0.10000000000000142,0
47.5,47.5,0.8235294117647058,0.7968944419873213,0.08965290924988074,0.29708985464317195,0.026634969777384554,7.0,10.0,7.0,-0.09999999999999432,0
47.5,47.5,0.8235294117647058,0.7968944419873213,0.08965290924988074,0.29708985464317195,0.026634969777384554,7.0,10.0,7.0,0.09999999999999432,0
47.5,47.5,0.8235294117647058,0.7968944419873213,0.08965290924988074,0.29708985464317195,0.026634969777384554,7.0,10.0,7.0,-0.20000000000000284,0
47.5,47.5,0.8235294117647058,0.7968944419873213,0.08965290924988074,0.29708985464317195,0.026634969777384554,7.0,10.0,7.0,-0.10000000000000142,0
47.5,47.5,0.8235294117647058,0.7968944419873213,0.08965290924988074,0.29708985464317195,0.026634969777384554,7.0,10.0,7.0,0.0,0
47.5,47.5,0.8235294117647058,0.7968944419873213,0.08965290924988074,0.29708985464317195,0.026634969777384554,7.0,10.0,7.0,0.10000000000000142,0
48.5,48.5,0.8,0.8200117108381815,0.08405786734918949,-0.23807064667783756,-0.02001171083818143,6.0,9.0,6.0,0.09999999999999432,0
48.5,48.5,0.8,0.8200117108381815,0.08405786734918949,-0.23807064667783756,-0.02001171083818143,6.0,9.0,6.0,-0.20000000000000284,0
48.5,48.5,0.8,0.8200117108381815,0.08405786734918949,-0.23807064667783756,-0.02001171083818143,6.0,9.0,6.0,-0.10000000000000142,0
48.5,48.5,0.8,0.8200117108381815,0.08405786734918949,-0.23807064667783756,-0.02001171083818143,6.0,9.0,6.0,0.0,0
48.5,48.5,0.8,0.8200117108381815,0.08405786734918949,-0.23807064667783756,-0.02001171083818143,6.0,9.0,6.0,0.10000000000000142,0
48.5,48.5,0.8,0.8200117108381815,0.08405786734918949,-0.23807064667783756,-0.02001171083818143,6.0,9.0,6.0,-0.3999999999999986,0
49.5,49.5,0.7142857142857143,0.8254461879623646,0.08495017399858106,-1.3085373277576455,-0.11116047367665027,6.0,8.0,5.0,-0.10000000000000142,0
49.5,49.5,0.7142857142857143,0.8254461879623646,0.08495017399858106,-1.3085373277576455,-0.11116047367665027,6.0,8.0,5.0,0.0,0
49.5,49.5,0.7142857142857143,0.8254461879623646,0.08495017399858106,-1.3085373277576455,-0.11116047367665027,6.0,8.0,5.0,0.10000000000000142,0
49.5,49.5,0.7142857142857143,0.8254461879623646,0.08495017399858106,-1.3085373277576455,-0.11116047367665027,6.0,8.0,5.0,-0.3999999999999986,0
49.5,49.5,0.7142857142857143,0.8254461879623646,0.08495017399858106,-1.3085373277576455,-0.11116047367665027,6.0,8.0,5.0,-0.29999999999999716,0
50.5,50.5,0.7692307692307693,0.823634896476073,0.08634899710226568,-0.630049323918277,-0.054404127245303746,6.0,7.0,5.0,0.0,0
50.5,50.5,0.7692307692307693,0.823634896476073,0.08634899710226568,-0.630049323918277,-0.054404127245303746,6.0,7.0,5.0,0.10000000000000142,0
50.5,50.5,0.7692307692307693,0.823634896476073,0.08634899710226568,-0.630049323918277,-0.054404127245303746,6.0,7.0,5.0,-0.3999999999999986,0
50.5,50.5,0.7692307692307693,0.823634896476073,0.08634899710226568,-0.630049323918277,-0.054404127245303746,6.0,7.0,5.0,-0.29999999999999716,0
50.5,50.5,0.7692307692307693,0.823634896476073,0.08634899710226568,-0.630049323918277,-0.054404127245303746,6.0,7.0,5.0,-0.09999999999999432,0
51.5,51.5,0.7272727272727273,0.8345881784881786,0.08269221506538713,-1.2977697009397298,-0.10731545121545127,5.0,6.0,4.0,-0.3999999999999986,0
51.5,51.5,0.7272727272727273,0.8345881784881786,0.08269221506538713,-1.2977697009397298,-0.10731545121545127,5.0,6.0,4.0,-0.29999999999999716,0
51.5,51.5,0.7272727272727273,0.8345881784881786,0.08269221506538713,-1.2977697009397298,-0.10731545121545127,5.0,6.0,4.0,-0.09999999999999432,0
51.5,51.5,0.7272727272727273,0.8345881784881786,0.08269221506538713,-1.2977697009397298,-0.10731545121545127,5.0,6.0,4.0,0.0,0
52.5,52.5,0.8571428571428571,0.8267095238095239,0.09244183572581383,0.3292160210188781,0.0304333333333332,7.0,7.0,6.0,-0.3999999999999986,0
52.5,52.5,0.8571428571428571,0.8267095238095239,0.09244183572581383,0.3292160210188781,0.0304333333333332,7.0,7.0,6.0,-0.29999999999999716,0
52.5,52.5,0.8571428571428571,0.8267095238095239,0.09244183572581383,0.3292160210188781,0.0304333333333332,7.0,7.0,6.0,-0.09999999999999432,0
52.5,52.5,0.8571428571428571,0.8267095238095239,0.09244183572581383,0.3292160210188781,0.0304333333333332,7.0,7.0,6.0,0.0,0
52.5,52.5,0.8571428571428571,0.8267095238095239,0.09244183572581383,0.3292160210188781,0.0304333333333332,7.0,7.0,6.0,0.0,0
52.5,52.5,0.8571428571428571,0.8267095238095239,0.09244183572581383,0.3292160210188781,0.0304333333333332,7.0,7.0,6.0,0.09999999999999432,0
53.5,53.5,0.8,0.839436008599244,0.09688749589415334,-0.40702887648501784,-0.03943600859924401,8.0,7.0,6.0,-0.29999999999999716,0
53.5,53.5,0.8,0.839436008599244,0.09688749589415334,-0.40702887648501784,-0.03943600859924401,8.0,7.0,6.0,-0.09999999999999432,0
53.5,53.5,0.8,0.839436008599244,0.09688749589415334,-0.40702887648501784,-0.03943600859924401,8.0,7.0,6.0,0.0,0
53.5,53.5,0.8,0.839436008599244,0.09688749589415334,-0.40702887648501784,-0.03943600859924401,8.0,7.0,6.0,0.0,0
53.5,53.5,0.8,0.839436008599244,0.09688749589415334,-0.40702887648501784,-0.03943600859924401,8.0,7.0,6.0,0.09999999999999432,0
53.5,53.5,0.8,0.839436008599244,0.09688749589415334,-0.40702887648501784,-0.03943600859924401,8.0,7.0,6.0,-0.20000000000000284,0
54.5,54.5,0.9333333333333333,0.8381624524168643,0.09959100202662569,0.95561726440934,0.09517088091646908,7.0,8.0,7.0,-0.09999999999999432,0
54.5,54.5,0.9333333333333333,0.8381624524168643,0.09959100202662569,0.95561726440934,0.09517088091646908,7.0,8.0,7.0,0.0,0
54.5,54.5,0.9333333333333333,0.8381624524168643,0.09959100202662569,0.95561726440934,0.09517088091646908,7.0,8.0,7.0,0.0,0
54.5,54.5,0.9333333333333333,0.8381624524168643,0.09959100202662569,0.95561726440934,0.09517088091646908,7.0,8.0,7.0,0.09999999999999432,0
54.5,54.5,0.9333333333333333,0.8381624524168643,0.09959100202662569,0.95561726440934,0.09517088091646908,7.0,8.0,7.0,-0.20000000000000284,0
54.5,54.5,0.9333333333333333,0.8381624524168643,0.09959100202662569,0.95561726440934,0.09517088091646908,7.0,8.0,7.0,-0.20000000000000284,0
54.5,54.5,0.9333333333333333,0.8381624524168643,0.09959100202662569,0.95561726440934,0.09517088091646908,7.0,8.0,7.0,-0.19999999999999574,0
55.5,55.5,0.875,0.8429239154636214,0.09760567110995275,0.32862931192025574,0.03207608453637856,8.0,8.0,7.0,0.0,0
55.5,55.5,0.875,0.8429239154636214,0.09760567110995275,0.32862931192025574,0.03207608453637856,8.0,8.0,7.0,0.0,0
55.5,55.5,0.875,0.8429239154636214,0.09760567110995275,0.32862931192025574,0.03207608453637856,8.0,8.0,7.0,0.09999999999999432,0
55.5,55.5,0.875,0.8429239154636214,0.09760567110995275,0.32862931192025574,0.03207608453637856,8.0,8.0,7.0,-0.20000000000000284,0
55.5,55.5,0.875,0.8429239154636214,0.09760567110995275,0.32862931192025574,0.03207608453637856,8.0,8.0,7.0,-0.20000000000000284,0
55.5,55.5,0.875,0.8429239154636214,0.09760567110995275,0.32862931192025574,0.03207608453637856,8.0,8.0,7.0,-0.19999999999999574,0
55.5,55.5,0.875,0.8429239154636214,0.09760567110995275,0.32862931192025574,0.03207608453637856,8.0,8.0,7.0,-0.09999999999999432,0
56.5,56.5,0.9411764705882353,0.8315160461485539,0.08873695318495817,1.235792085526213,0.10966042443968138,8.0,9.0,8.0,0.0,0
56.5,56.5,0.9411764705882353,0.8315160461485539,0.08873695318495817,1.235792085526213,0.10966042443968138,8.0,9.0,8.0,0.09999999999999432,0
56.5,56.5,0.9411764705882353,0.8315160461485539,0.08873695318495817,1.235792085526213,0.10966042443968138,8.0,9.0,8.0,-0.20000000000000284,0
56.5,56.5,0.9411764705882353,0.8315160461485539,0.08873695318495817,1.235792085526213,0.10966042443968138,8.0,9.0,8.0,-0.20000000000000284,0
56.5,56.5,0.9411764705882353,0.8315160461485539,0.08873695318495817,1.235792085526213,0.10966042443968138,8.0,9.0,8.0,-0.19999999999999574,0
56.5,56.5,0.9411764705882353,0.8315160461485539,0.08873695318495817,1.235792085526213,0.10966042443968138,8.0,9.0,8.0,-0.09999999999999432,0
56.5,56.5,0.9411764705882353,0.8315160461485539,0.08873695318495817,1.235792085526213,0.10966042443968138,8.0,9.0,8.0,-0.20000000000000284,0
56.5,56.5,0.9411764705882353,0.8315160461485539,0.08873695318495817,1.235792085526213,0.10966042443968138,8.0,9.0,8.0,0.0,0
57.5,57.5,0.875,0.8470523627129665,0.08472817116834769,0.32985059044298204,0.027947637287033533,7.0,9.0,7.0,-0.20000000000000284,0
57.5,57.5,0.875,0.8470523627129665,0.08472817116834769,0.32985059044298204,0.027947637287033533,7.0,9.0,7.0,-0.20000000000000284,0
57.5,57.5,0.875,0.8470523627129665,0.08472817116834769,0.32985059044298204,0.027947637287033533,7.0,9.0,7.0,-0.19999999999999574,0
57.5,57.5,0.875,0.8470523627129665,0.08472817116834769,0.32985059044298204,0.027947637287033533,7.0,9.0,7.0,-0.09999999999999432,0
57.5,57.5,0.875,0.8470523627129665,0.08472817116834769,0.32985059044298204,0.027947637287033533,7.0,9.0,7.0,-0.20000000000000284,0
57.5,57.5,0.875,0.8470523627129665,0.08472817116834769,0.32985059044298204,0.027947637287033533,7.0,9.0,7.0,0.0,0
57.5,57.5,0.875,0.8470523627129665,0.08472817116834769,0.32985059044298204,0.027947637287033533,7.0,9.0,7.0,0.0,0
58.5,58.5,0.9333333333333333,0.8206232027776146,0.0926438283424384,1.216596211235027,0.11271013055571877,8.0,7.0,7.0,-0.20000000000000284,0
58.5,58.5,0.9333333333333333,0.8206232027776146,0.0926438283424384,1.216596211235027,0.11271013055571877,8.0,7.0,7.0,-0.19999999999999574,0
58.5,58.5,0.9333333333333333,0.8206232027776146,0.0926438283424384,1.216596211235027,0.11271013055571877,8.0,7.0,7.0,-0.09999999999999432,0
58.5,58.5,0.9333333333333333,0.8206232027776146,0.0926438283424384,1.216596211235027,0.11271013055571877,8.0,7.0,7.0,-0.20000000000000284,0
58.5,58.5,0.9333333333333333,0.8206232027776146,0.0926438283424384,1.216596211235027,0.11271013055571877,8.0,7.0,7.0,0.0,0
58.5,58.5,0.9333333333333333,0.8206232027776146,0.0926438283424384,1.216596211235027,0.11271013055571877,8.0,7.0,7.0,0.0,0
58.5,58.5,0.9333333333333333,0.8206232027776146,0.0926438283424384,1.216596211235027,0.11271013055571877,8.0,7.0,7.0,0.20000000000000284,0
59.5,59.5,0.9230769230769231,0.8114960372960374,0.08410645267525156,1.3266626071095564,0.11158088578088576,7.0,6.0,6.0,-0.09999999999999432,0
59.5,59.5,0.9230769230769231,0.8114960372960374,0.08410645267525156,1.3266626071095564,0.11158088578088576,7.0,6.0,6.0,-0.20000000000000284,0
59.5,59.5,0.9230769230769231,0.8114960372960374,0.08410645267525156,1.3266626071095564,0.11158088578088576,7.0,6.0,6.0,0.0,0
59.5,59.5,0.9230769230769231,0.8114960372960374,0.08410645267525156,1.3266626071095564,0.11158088578088576,7.0,6.0,6.0,0.0,0
59.5,59.5,0.9230769230769231,0.8114960372960374,0.08410645267525156,1.3266626071095564,0.11158088578088576,7.0,6.0,6.0,0.20000000000000284,0
59.5,59.5,0.9230769230769231,0.8114960372960374,0.08410645267525156,1.3266626071095564,0.11158088578088576,7.0,6.0,6.0,0.20000000000000284,0
60.5,60.5,0.7272727272727273,0.7670272061272062,0.09001837950637084,-0.44162624424565855,-0.039754478854478914,5.0,6.0,4.0,0.0,0
60.5,60.5,0.7272727272727273,0.7670272061272062,0.09001837950637084,-0.44162624424565855,-0.039754478854478914,5.0,6.0,4.0,0.0,0
60.5,60.5,0.7272727272727273,0.7670272061272062,0.09001837950637084,-0.44162624424565855,-0.039754478854478914,5.0,6.0,4.0,0.20000000000000284,0
60.5,60.5,0.7272727272727273,0.7670272061272062,0.09001837950637084,-0.44162624424565855,-0.039754478854478914,5.0,6.0,4.0,0.20000000000000284,0
61.5,61.5,0.7272727272727273,0.8007973359973359,0.09065304410511892,-0.8110550445427008,-0.07352460872460864,5.0,6.0,4.0,0.0,0
61.5,61.5,0.7272727272727273,0.8007973359973359,0.09065304410511892,-0.8110550445427008,-0.07352460872460864,5.0,6.0,4.0,0.20000000000000284,0
61.5,61.5,0.7272727272727273,0.8007973359973359,0.09065304410511892,-0.8110550445427008,-0.07352460872460864,5.0,6.0,4.0,0.20000000000000284,0
61.5,61.5,0.7272727272727273,0.8007973359973359,0.09065304410511892,-0.8110550445427008,-0.07352460872460864,5.0,6.0,4.0,0.10000000000000142,0
62.5,62.5,0.6666666666666666,0.8011974946622006,0.09780239842189833,-1.3755371050840404,-0.13453082799553395,5.0,7.0,4.0,0.20000000000000284,0
62.5,62.5,0.6666666666666666,0.8011974946622006,0.09780239842189833,-1.3755371050840404,-0.13453082799553395,5.0,7.0,4.0,0.20000000000000284,0
62.5,62.5,0.6666666666666666,0.8011974946622006,0.09780239842189833,-1.3755371050840404,-0.13453082799553395,5.0,7.0,4.0,0.10000000000000142,0
62.5,62.5,0.6666666666666666,0.8011974946622006,0.09780239842189833,-1.3755371050840404,-0.13453082799553395,5.0,7.0,4.0,0.0,0
63.5,63.5,0.7142857142857143,0.8277559056956116,0.09618316341400021,-1.179730291480316,-0.11347019140989734,6.0,8.0,5.0,0.20000000000000284,0
63.5,63.5,0.7142857142857143,0.8277559056956116,0.09618316341400021,-1.179730291480316,-0.11347019140989734,6.0,8.0,5.0,0.10000000000000142,0
63.5,63.5,0.7142857142857143,0.8277559056956116,0.09618316341400021,-1.179730291480316,-0.11347019140989734,6.0,8.0,5.0,0.0,0
63.5,63.5,0.7142857142857143,0.8277559056956116,0.09618316341400021,-1.179730291480316,-0.11347019140989734,6.0,8.0,5.0,-0.09999999999999432,0
63.5,63.5,0.7142857142857143,0.8277559056956116,0.09618316341400021,-1.179730291480316,-0.11347019140989734,6.0,8.0,5.0,-0.10000000000000853,0
64.5,64.5,0.7142857142857143,0.8410395137542197,0.0959772331890166,-1.3206652792217686,-0.1267537994685054,6.0,8.0,5.0,0.10000000000000142,0
64.5,64.5,0.7142857142857143,0.8410395137542197,0.0959772331890166,-1.3206652792217686,-0.1267537994685054,6.0,8.0,5.0,0.0,0
64.5,64.5,0.7142857142857143,0.8410395137542197,0.0959772331890166,-1.3206652792217686,-0.1267537994685054,6.0,8.0,5.0,-0.09999999999999432,0
64.5,64.5,0.7142857142857143,0.8410395137542197,0.0959772331890166,-1.3206652792217686,-0.1267537994685054,6.0,8.0,5.0,-0.10000000000000853,0
64.5,64.5,0.7142857142857143,0.8410395137542197,0.0959772331890166,-1.3206652792217686,-0.1267537994685054,6.0,8.0,5.0,0.09999999999999432,0
65.5,65.5,0.875,0.8342664524244247,0.09110878507648788,0.44708693614318984,0.040733547575575346,7.0,9.0,7.0,0.10000000000000142,0
65.5,65.5,0.875,0.8342664524244247,0.09110878507648788,0.44708693614318984,0.040733547575575346,7.0,9.0,7.0,0.0,0
65.5,65.5,0.875,0.8342664524244247,0.09110878507648788,0.44708693614318984,0.040733547575575346,7.0,9.0,7.0,-0.09999999999999432,0
65.5,65.5,0.875,0.8342664524244247,0.09110878507648788,0.44708693614318984,0.040733547575575346,7.0,9.0,7.0,-0.10000000000000853,0
65.5,65.5,0.875,0.8342664524244247,0.09110878507648788,0.44708693614318984,0.040733547575575346,7.0,9.0,7.0,0.09999999999999432,0
65.5,65.5,0.875,0.8342664524244247,0.09110878507648788,0.44708693614318984,0.040733547575575346,7.0,9.0,7.0,0.0,0
65.5,65.5,0.875,0.8342664524244247,0.09110878507648788,0.44708693614318984,0.040733547575575346,7.0,9.0,7.0,0.09999999999999432,0
66.5,66.5,0.875,0.8348958001149178,0.09355701863059508,0.42866051603708627,0.04010419988508218,8.0,8.0,7.0,0.0,0
66.5,66.5,0.875,0.8348958001149178,0.09355701863059508,0.42866051603708627,0.04010419988508218,8.0,8.0,7.0,-0.09999999999999432,0
66.5,66.5,0.875,0.8348958001149178,0.09355701863059508,0.42866051603708627,0.04010419988508218,8.0,8.0,7.0,-0.10000000000000853,0
66.5,66.5,0.875,0.8348958001149178,0.09355701863059508,0.42866051603708627,0.04010419988508218,8.0,8.0,7.0,0.09999999999999432,0
66.5,66.5,0.875,0.8348958001149178,0.09355701863059508,0.42866051603708627,0.04010419988508218,8.0,8.0,7.0,0.0,0
66.5,66.5,0.875,0.8348958001149178,0.09355701863059508,0.42866051603708627,0.04010419988508218,8.0,8.0,7.0,0.09999999999999432,0
66.5,66.5,0.875,0.8348958001149178,0.09355701863059508,0.42866051603708627,0.04010419988508218,8.0,8.0,7.0,-0.10000000000000853,0
67.5,67.5,1.0,0.8763733749910222,0.08620560760714946,1.4340902922738037,0.12362662500897781,8.0,8.0,8.0,-0.09999999999999432,0
67.5,67.5,1.0,0.8763733749910222,0.08620560760714946,1.4340902922738037,0.12362662500897781,8.0,8.0,8.0,-0.10000000000000853,0
67.5,67.5,1.0,0.8763733749910222,0.08620560760714946,1.4340902922738037,0.12362662500897781,8.0,8.0,8.0,0.09999999999999432,0
67.5,67.5,1.0,0.8763733749910222,0.08620560760714946,1.4340902922738037,0.12362662500897781,8.0,8.0,8.0,0.0,0
67.5,67.5,1.0,0.8763733749910222,0.08620560760714946,1.4340902922738037,0.12362662500897781,8.0,8.0,8.0,0.09999999999999432,0
67.5,67.5,1.0,0.8763733749910222,0.08620560760714946,1.4340902922738037,0.12362662500897781,8.0,8.0,8.0,-0.10000000000000853,0
67.5,67.5,1.0,0.8763733749910222,0.08620560760714946,1.4340902922738037,0.12362662500897781,8.0,8.0,8.0,-0.09999999999999432,0
67.5,67.5,1.0,0.8763733749910222,0.08620560760714946,1.4340902922738037,0.12362662500897781,8.0,8.0,8.0,-0.09999999999999432,0
68.5,68.5,1.0,0.8827266645119587,0.08713085916051125,1.345944899636557,0.11727333548804131,8.0,8.0,8.0,0.09999999999999432,0
68.5,68.5,1.0,0.8827266645119587,0.08713085916051125,1.345944899636557,0.11727333548804131,8.0,8.0,8.0,0.0,0
68.5,68.5,1.0,0.8827266645119587,0.08713085916051125,1.345944899636557,0.11727333548804131,8.0,8.0,8.0,0.09999999999999432,0
68.5,68.5,1.0,0.8827266645119587,0.08713085916051125,1.345944899636557,0.11727333548804131,8.0,8.0,8.0,-0.10000000000000853,0
68.5,68.5,1.0,0.8827266645119587,0.08713085916051125,1.345944899636557,0.11727333548804131,8.0,8.0,8.0,-0.09999999999999432,0
68.5,68.5,1.0,0.8827266645119587,0.08713085916051125,1.345944899636557,0.11727333548804131,8.0,8.0,8.0,-0.09999999999999432,0
68.5,68.5,1.0,0.8827266645119587,0.08713085916051125,1.345944899636557,0.11727333548804131,8.0,8.0,8.0,0.0,0
68.5,68.5,1.0,0.8827266645119587,0.08713085916051125,1.345944899636557,0.11727333548804131,8.0,8.0,8.0,0.0,0
69.5,69.5,0.9333333333333333,0.7901961406240818,0.10467411987366836,1.3674554214738506,0.14313719270925152,8.0,7.0,7.0,0.0,0
69.5,69.5,0.9333333333333333,0.7901961406240818,0.10467411987366836,1.3674554214738506,0.14313719270925152,8.0,7.0,7.0,0.09999999999999432,0
69.5,69.5,0.9333333333333333,0.7901961406240818,0.10467411987366836,1.3674554214738506,0.14313719270925152,8.0,7.0,7.0,-0.10000000000000853,0
69.5,69.5,0.9333333333333333,0.7901961406240818,0.10467411987366836,1.3674554214738506,0.14313719270925152,8.0,7.0,7.0,-0.09999999999999432,0
69.5,69.5,0.9333333333333333,0.7901961406240818,0.10467411987366836,1.3674554214738506,0.14313719270925152,8.0,7.0,7.0,-0.09999999999999432,0
69.5,69.5,0.9333333333333333,0.7901961406240818,0.10467411987366836,1.3674554214738506,0.14313719270925152,8.0,7.0,7.0,0.0,0
69.5,69.5,0.9333333333333333,0.7901961406240818,0.10467411987366836,1.3674554214738506,0.14313719270925152,8.0,7.0,7.0,0.0,0
70.5,70.5,0.8571428571428571,0.7907315684315684,0.09760182707780661,0.6804307941730091,0.06641128871128865,8.0,6.0,6.0,-0.10000000000000853,0
70.5,70.5,0.8571428571428571,0.7907315684315684,0.09760182707780661,0.6804307941730091,0.06641128871128865,8.0,6.0,6.0,-0.09999999999999432,0
70.5,70.5,0.8571428571428571,0.7907315684315684,0.09760182707780661,0.6804307941730091,0.06641128871128865,8.0,6.0,6.0,-0.09999999999999432,0
70.5,70.5,0.8571428571428571,0.7907315684315684,0.09760182707780661,0.6804307941730091,0.06641128871128865,8.0,6.0,6.0,0.0,0
70.5,70.5,0.8571428571428571,0.7907315684315684,0.09760182707780661,0.6804307941730091,0.06641128871128865,8.0,6.0,6.0,0.0,0
70.5,70.5,0.8571428571428571,0.7907315684315684,0.09760182707780661,0.6804307941730091,0.06641128871128865,8.0,6.0,6.0,-0.5,0
71.5,71.5,0.875,0.7703575375604788,0.08955209169282104,1.168509416825938,0.10464246243952124,9.0,7.0,7.0,-0.09999999999999432,0
71.5,71.5,0.875,0.7703575375604788,0.08955209169282104,1.168509416825938,0.10464246243952124,9.0,7.0,7.0,-0.09999999999999432,0
71.5,71.5,0.875,0.7703575375604788,0.08955209169282104,1.168509416825938,0.10464246243952124,9.0,7.0,7.0,0.0,0
71.5,71.5,0.875,0.7703575375604788,0.08955209169282104,1.168509416825938,0.10464246243952124,9.0,7.0,7.0,0.0,0
71.5,71.5,0.875,0.7703575375604788,0.08955209169282104,1.168509416825938,0.10464246243952124,9.0,7.0,7.0,-0.5,0
71.5,71.5,0.875,0.7703575375604788,0.08955209169282104,1.168509416825938,0.10464246243952124,9.0,7.0,7.0,-0.29999999999999716,0
71.5,71.5,0.875,0.7703575375604788,0.08955209169282104,1.168509416825938,0.10464246243952124,9.0,7.0,7.0,-0.4000000000000057,0
72.5,72.5,0.9230769230769231,0.7849826673326674,0.09807849404710951,1.4079973095623353,0.1380942557442557,7.0,6.0,6.0,0.0,0
72.5,72.5,0.9230769230769231,0.7849826673326674,0.09807849404710951,1.4079973095623353,0.1380942557442557,7.0,6.0,6.0,0.0,0
72.5,72.5,0.9230769230769231,0.7849826673326674,0.09807849404710951,1.4079973095623353,0.1380942557442557,7.0,6.0,6.0,-0.5,0
72.5,72.5,0.9230769230769231,0.7849826673326674,0.09807849404710951,1.4079973095623353,0.1380942557442557,7.0,6.0,6.0,-0.29999999999999716,0
72.5,72.5,0.9230769230769231,0.7849826673326674,0.09807849404710951,1.4079973095623353,0.1380942557442557,7.0,6.0,6.0,-0.4000000000000057,0
72.5,72.5,0.9230769230769231,0.7849826673326674,0.09807849404710951,1.4079973095623353,0.1380942557442557,7.0,6.0,6.0,-0.5,0
73.5,73.5,0.9230769230769231,0.7806325174825175,0.1091417931645941,1.3051316224902836,0.14244440559440563,7.0,6.0,6.0,-0.5,0
73.5,73.5,0.9230769230769231,0.7806325174825175,0.1091417931645941,1.3051316224902836,0.14244440559440563,7.0,6.0,6.0,-0.29999999999999716,0
73.5,73.5,0.9230769230769231,0.7806325174825175,0.1091417931645941,1.3051316224902836,0.14244440559440563,7.0,6.0,6.0,-0.4000000000000057,0
73.5,73.5,0.9230769230769231,0.7806325174825175,0.1091417931645941,1.3051316224902836,0.14244440559440563,7.0,6.0,6.0,-0.5,0
73.5,73.5,0.9230769230769231,0.7806325174825175,0.1091417931645941,1.3051316224902836,0.14244440559440563,7.0,6.0,6.0,-0.10000000000000853,0
73.5,73.5,0.9230769230769231,0.7806325174825175,0.1091417931645941,1.3051316224902836,0.14244440559440563,7.0,6.0,6.0,-0.09999999999999432,0
74.5,74.5,0.9230769230769231,0.8561587358719712,0.09539993606526427,0.701448973290426,0.0669181872049519,6.0,7.0,6.0,-0.5,0
74.5,74.5,0.9230769230769231,0.8561587358719712,0.09539993606526427,0.701448973290426,0.0669181872049519,6.0,7.0,6.0,-0.29999999999999716,0
74.5,74.5,0.9230769230769231,0.8561587358719712,0.09539993606526427,0.701448973290426,0.0669181872049519,6.0,7.0,6.0,-0.4000000000000057,0
74.5,74.5,0.9230769230769231,0.8561587358719712,0.09539993606526427,0.701448973290426,0.0669181872049519,6.0,7.0,6.0,-0.5,0
74.5,74.5,0.9230769230769231,0.8561587358719712,0.09539993606526427,0.701448973290426,0.0669181872049519,6.0,7.0,6.0,-0.10000000000000853,0
74.5,74.5,0.9230769230769231,0.8561587358719712,0.09539993606526427,0.701448973290426,0.0669181872049519,6.0,7.0,6.0,-0.09999999999999432,0
75.5,75.5,0.8,0.8489395267958737,0.08935442008588709,-0.5477012412909533,-0.048939526795873656,6.0,9.0,6.0,-0.29999999999999716,0
75.5,75.5,0.8,0.8489395267958737,0.08935442008588709,-0.5477012412909533,-0.048939526795873656,6.0,9.0,6.0,-0.4000000000000057,0
75.5,75.5,0.8,0.8489395267958737,0.08935442008588709,-0.5477012412909533,-0.048939526795873656,6.0,9.0,6.0,-0.5,0
75.5,75.5,0.8,0.8489395267958737,0.08935442008588709,-0.5477012412909533,-0.048939526795873656,6.0,9.0,6.0,-0.10000000000000853,0
75.5,75.5,0.8,0.8489395267958737,0.08935442008588709,-0.5477012412909533,-0.048939526795873656,6.0,9.0,6.0,-0.09999999999999432,0
75.5,75.5,0.8,0.8489395267958737,0.08935442008588709,-0.5477012412909533,-0.048939526795873656,6.0,9.0,6.0,-0.10000000000000853,0
76.5,76.5,0.7692307692307693,0.8636777921424982,0.09177528626037547,-1.029111722340734,-0.0944470229117289,5.0,8.0,5.0,-0.5,0
76.5,76.5,0.7692307692307693,0.8636777921424982,0.09177528626037547,-1.029111722340734,-0.0944470229117289,5.0,8.0,5.0,-0.10000000000000853,0
76.5,76.5,0.7692307692307693,0.8636777921424982,0.09177528626037547,-1.029111722340734,-0.0944470229117289,5.0,8.0,5.0,-0.09999999999999432,0
76.5,76.5,0.7692307692307693,0.8636777921424982,0.09177528626037547,-1.029111722340734,-0.0944470229117289,5.0,8.0,5.0,-0.10000000000000853,0
76.5,76.5,0.7692307692307693,0.8636777921424982,0.09177528626037547,-1.029111722340734,-0.0944470229117289,5.0,8.0,5.0,0.4000000000000057,0
77.5,77.5,0.6153846153846154,0.7999272732169791,0.09790587571460169,-1.8848986997502641,-0.18454265783236368,5.0,8.0,4.0,-0.10000000000000853,0
77.5,77.5,0.6153846153846154,0.7999272732169791,0.09790587571460169,-1.8848986997502641,-0.18454265783236368,5.0,8.0,4.0,-0.09999999999999432,0
77.5,77.5,0.6153846153846154,0.7999272732169791,0.09790587571460169,-1.8848986997502641,-0.18454265783236368,5.0,8.0,4.0,-0.10000000000000853,0
77.5,77.5,0.6153846153846154,0.7999272732169791,0.09790587571460169,-1.8848986997502641,-0.18454265783236368,5.0,8.0,4.0,-0.19999999999998863,0
78.5,78.5,0.5454545454545454,0.8007562305341719,0.09611786979219208,-2.656131327416968,-0.2553016850796265,4.0,7.0,3.0,-0.10000000000000853,0
78.5,78.5,0.5454545454545454,0.8007562305341719,0.09611786979219208,-2.656131327416968,-0.2553016850796265,4.0,7.0,3.0,-0.19999999999998863,0
78.5,78.5,0.5454545454545454,0.8007562305341719,0.09611786979219208,-2.656131327416968,-0.2553016850796265,4.0,7.0,3.0,0.10000000000000853,0
79.5,79.5,0.5714285714285714,0.7818775084392732,0.0870048898800342,-2.4188173480924706,-0.21044893701070178,6.0,8.0,4.0,-0.10000000000000853,0
79.5,79.5,0.5714285714285714,0.7818775084392732,0.0870048898800342,-2.4188173480924706,-0.21044893701070178,6.0,8.0,4.0,-0.19999999999998863,0
79.5,79.5,0.5714285714285714,0.7818775084392732,0.0870048898800342,-2.4188173480924706,-0.21044893701070178,6.0,8.0,4.0,0.10000000000000853,0
79.5,79.5,0.5714285714285714,0.7818775084392732,0.0870048898800342,-2.4188173480924706,-0.21044893701070178,6.0,8.0,4.0,-0.29999999999999716,0
80.5,80.5,0.7142857142857143,0.7876640792214321,0.09471838758363442,-0.7747003175167673,-0.07337836493571781,6.0,8.0,5.0,-0.19999999999998863,0
80.5,80.5,0.7142857142857143,0.7876640792214321,0.09471838758363442,-0.7747003175167673,-0.07337836493571781,6.0,8.0,5.0,0.10000000000000853,0
80.5,80.5,0.7142857142857143,0.7876640792214321,0.09471838758363442,-0.7747003175167673,-0.07337836493571781,6.0,8.0,5.0,-0.29999999999999716,0
80.5,80.5,0.7142857142857143,0.7876640792214321,0.09471838758363442,-0.7747003175167673,-0.07337836493571781,6.0,8.0,5.0,-0.19999999999998863,0
80.5,80.5,0.7142857142857143,0.7876640792214321,0.09471838758363442,-0.7747003175167673,-0.07337836493571781,6.0,8.0,5.0,-0.19999999999998863,0
81.5,81.5,0.8,0.8123778711484595,0.09958829042229704,-0.12429042707703859,-0.012377871148459452,7.0,8.0,6.0,0.10000000000000853,0
81.5,81.5,0.8,0.8123778711484595,0.09958829042229704,-0.12429042707703859,-0.012377871148459452,7.0,8.0,6.0,-0.29999999999999716,0
81.5,81.5,0.8,0.8123778711484595,0.09958829042229704,-0.12429042707703859,-0.012377871148459452,7.0,8.0,6.0,-0.19999999999998863,0
81.5,81.5,0.8,0.8123778711484595,0.09958829042229704,-0.12429042707703859,-0.012377871148459452,7.0,8.0,6.0,-0.19999999999998863,0
81.5,81.5,0.8,0.8123778711484595,0.09958829042229704,-0.12429042707703859,-0.012377871148459452,7.0,8.0,6.0,0.10000000000000853,0
81.5,81.5,0.8,0.8123778711484595,0.09958829042229704,-0.12429042707703859,-0.012377871148459452,7.0,8.0,6.0,0.09999999999999432,0
82.5,82.5,0.9411764705882353,0.8319967517776342,0.09494560890863525,1.1499185698589083,0.10917971881060107,8.0,9.0,8.0,0.10000000000000853,0
82.5,82.5,0.9411764705882353,0.8319967517776342,0.09494560890863525,1.1499185698589083,0.10917971881060107,8.0,9.0,8.0,-0.29999999999999716,0
82.5,82.5,0.9411764705882353,0.8319967517776342,0.09494560890863525,1.1499185698589083,0.10917971881060107,8.0,9.0,8.0,-0.19999999999998863,0
82.5,82.5,0.9411764705882353,0.8319967517776342,0.09494560890863525,1.1499185698589083,0.10917971881060107,8.0,9.0,8.0,-0.19999999999998863,0
82.5,82.5,0.9411764705882353,0.8319967517776342,0.09494560890863525,1.1499185698589083,0.10917971881060107,8.0,9.0,8.0,0.10000000000000853,0
82.5,82.5,0.9411764705882353,0.8319967517776342,0.09494560890863525,1.1499185698589083,0.10917971881060107,8.0,9.0,8.0,0.09999999999999432,0
82.5,82.5,0.9411764705882353,0.8319967517776342,0.09494560890863525,1.1499185698589083,0.10917971881060107,8.0,9.0,8.0,0.09999999999999432,0
82.5,82.5,0.9411764705882353,0.8319967517776342,0.09494560890863525,1.1499185698589083,0.10917971881060107,8.0,9.0,8.0,0.29999999999999716,0
83.5,83.5,0.8888888888888888,0.801244808098678,0.09075675966866863,0.9657030628922685,0.0876440807902108,8.0,10.0,8.0,-0.29999999999999716,0
83.5,83.5,0.8888888888888888,0.801244808098678,0.09075675966866863,0.9657030628922685,0.0876440807902108,8.0,10.0,8.0,-0.19999999999998863,0
83.5,83.5,0.8888888888888888,0.801244808098678,0.09075675966866863,0.9657030628922685,0.0876440807902108,8.0,10.0,8.0,-0.19999999999998863,0
83.5,83.5,0.8888888888888888,0.801244808098678,0.09075675966866863,0.9657030628922685,0.0876440807902108,8.0,10.0,8.0,0.10000000000000853,0
83.5,83.5,0.8888888888888888,0.801244808098678,0.09075675966866863,0.9657030628922685,0.0876440807902108,8.0,10.0,8.0,0.09999999999999432,0
83.5,83.5,0.8888888888888888,0.801244808098678,0.09075675966866863,0.9657030628922685,0.0876440807902108,8.0,10.0,8.0,0.09999999999999432,0
83.5,83.5,0.8888888888888888,0.801244808098678,0.09075675966866863,0.9657030628922685,0.0876440807902108,8.0,10.0,8.0,-0.29999999999999716,0
83.5,83.5,0.8888888888888888,0.801244808098678,0.09075675966866863,0.9657030628922685,0.0876440807902108,8.0,10.0,8.0,-0.09999999999999432,0
84.5,84.5,0.8888888888888888,0.8029714408570446,0.09166872140723191,0.9372602422385922,0.0859174480318442,8.0,10.0,8.0,-0.19999999999998863,0
84.5,84.5,0.8888888888888888,0.8029714408570446,0.09166872140723191,0.9372602422385922,0.0859174480318442,8.0,10.0,8.0,0.10000000000000853,0
84.5,84.5,0.8888888888888888,0.8029714408570446,0.09166872140723191,0.9372602422385922,0.0859174480318442,8.0,10.0,8.0,0.09999999999999432,0
84.5,84.5,0.8888888888888888,0.8029714408570446,0.09166872140723191,0.9372602422385922,0.0859174480318442,8.0,10.0,8.0,0.09999999999999432,0
84.5,84.5,0.8888888888888888,0.8029714408570446,0.09166872140723191,0.9372602422385922,0.0859174480318442,8.0,10.0,8.0,-0.29999999999999716,0
84.5,84.5,0.8888888888888888,0.8029714408570446,0.09166872140723191,0.9372602422385922,0.0859174480318442,8.0,10.0,8.0,-0.09999999999999432,0
84.5,84.5,0.8888888888888888,0.8029714408570446,0.09166872140723191,0.9372602422385922,0.0859174480318442,8.0,10.0,8.0,-0.20000000000000284,0
84.5,84.5,0.8888888888888888,0.8029714408570446,0.09166872140723191,0.9372602422385922,0.0859174480318442,8.0,10.0,8.0,-0.09999999999999432,0
85.5,85.5,0.9473684210526315,0.8031836146739398,0.0911397053987916,1.582019666925579,0.1441848063786917,9.0,10.0,9.0,0.10000000000000853,0
85.5,85.5,0.9473684210526315,0.8031836146739398,0.0911397053987916,1.582019666925579,0.1441848063786917,9.0,10.0,9.0,0.09999999999999432,0
85.5,85.5,0.9473684210526315,0.8031836146739398,0.0911397053987916,1.582019666925579,0.1441848063786917,9.0,10.0,9.0,0.09999999999999432,0
85.5,85.5,0.9473684210526315,0.8031836146739398,0.0911397053987916,1.582019666925579,0.1441848063786917,9.0,10.0,9.0,-0.29999999999999716,0
85.5,85.5,0.9473684210526315,0.8031836146739398,0.0911397053987916,1.582019666925579,0.1441848063786917,9.0,10.0,9.0,-0.09999999999999432,0
85.5,85.5,0.9473684210526315,0.8031836146739398,0.0911397053987916,1.582019666925579,0.1441848063786917,9.0,10.0,9.0,-0.20000000000000284,0
85.5,85.5,0.9473684210526315,0.8031836146739398,0.0911397053987916,1.582019666925579,0.1441848063786917,9.0,10.0,9.0,-0.09999999999999432,0
85.5,85.5,0.9473684210526315,0.8031836146739398,0.0911397053987916,1.582019666925579,0.1441848063786917,9.0,10.0,9.0,-0.09999999999999432,0
85.5,85.5,0.9473684210526315,0.8031836146739398,0.0911397053987916,1.582019666925579,0.1441848063786917,9.0,10.0,9.0,-0.10000000000000853,0
86.5,86.5,0.8888888888888888,0.803728554228709,0.08716172292348265,0.9770382204920408,0.0851603346601798,8.0,10.0,8.0,0.09999999999999432,0
86.5,86.5,0.8888888888888888,0.803728554228709,0.08716172292348265,0.9770382204920408,0.0851603346601798,8.0,10.0,8.0,-0.29999999999999716,0
86.5,86.5,0.8888888888888888,0.803728554228709,0.08716172292348265,0.9770382204920408,0.0851603346601798,8.0,10.0,8.0,-0.09999999999999432,0
86.5,86.5,0.8888888888888888,0.803728554228709,0.08716172292348265,0.9770382204920408,0.0851603346601798,8.0,10.0,8.0,-0.20000000000000284,0
86.5,86.5,0.8888888888888888,0.803728554228709,0.08716172292348265,0.9770382204920408,0.0851603346601798,8.0,10.0,8.0,-0.09999999999999432,0
86.5,86.5,0.8888888888888888,0.803728554228709,0.08716172292348265,0.9770382204920408,0.0851603346601798,8.0,10.0,8.0,-0.09999999999999432,0
86.5,86.5,0.8888888888888888,0.803728554228709,0.08716172292348265,0.9770382204920408,0.0851603346601798,8.0,10.0,8.0,-0.10000000000000853,0
86.5,86.5,0.8888888888888888,0.803728554228709,0.08716172292348265,0.9770382204920408,0.0851603346601798,8.0,10.0,8.0,0.09999999999999432,0
87.5,87.5,0.8888888888888888,0.8015470465379135,0.09085486364286938,0.9613337013447845,0.08734184235097531,8.0,10.0,8.0,-0.29999999999999716,0
87.5,87.5,0.8888888888888888,0.8015470465379135,0.09085486364286938,0.9613337013447845,0.08734184235097531,8.0,10.0,8.0,-0.09999999999999432,0
87.5,87.5,0.8888888888888888,0.8015470465379135,0.09085486364286938,0.9613337013447845,0.08734184235097531,8.0,10.0,8.0,-0.20000000000000284,0
87.5,87.5,0.8888888888888888,0.8015470465379135,0.09085486364286938,0.9613337013447845,0.08734184235097531,8.0,10.0,8.0,-0.09999999999999432,0
87.5,87.5,0.8888888888888888,0.8015470465379135,0.09085486364286938,0.9613337013447845,0.08734184235097531,8.0,10.0,8.0,-0.09999999999999432,0
87.5,87.5,0.8888888888888888,0.8015470465379135,0.09085486364286938,0.9613337013447845,0.08734184235097531,8.0,10.0,8.0,-0.10000000000000853,0
87.5,87.5,0.8888888888888888,0.8015470465379135,0.09085486364286938,0.9613337013447845,0.08734184235097531,8.0,10.0,8.0,0.09999999999999432,0
87.5,87.5,0.8888888888888888,0.8015470465379135,0.09085486364286938,0.9613337013447845,0.08734184235097531,8.0,10.0,8.0,-0.09999999999999432,0
88.5,88.5,0.875,0.7940962310565252,0.10033781741389503,0.8063138209369809,0.08090376894347484,8.0,8.0,7.0,-0.20000000000000284,0
88.5,88.5,0.875,0.7940962310565252,0.10033781741389503,0.8063138209369809,0.08090376894347484,8.0,8.0,7.0,-0.09999999999999432,0
88.5,88.5,0.875,0.7940962310565252,0.10033781741389503,0.8063138209369809,0.08090376894347484,8.0,8.0,7.0,-0.09999999999999432,0
88.5,88.5,0.875,0.7940962310565252,0.10033781741389503,0.8063138209369809,0.08090376894347484,8.0,8.0,7.0,-0.10000000000000853,0
88.5,88.5,0.875,0.7940962310565252,0.10033781741389503,0.8063138209369809,0.08090376894347484,8.0,8.0,7.0,0.09999999999999432,0
88.5,88.5,0.875,0.7940962310565252,0.10033781741389503,0.8063138209369809,0.08090376894347484,8.0,8.0,7.0,-0.09999999999999432,0
88.5,88.5,0.875,0.7940962310565252,0.10033781741389503,0.8063138209369809,0.08090376894347484,8.0,8.0,7.0,0.29999999999999716,0
89.5,89.5,0.8571428571428571,0.7964010220171985,0.10019605595680825,0.6062298016185655,0.06074183512565856,7.0,7.0,6.0,-0.09999999999999432,0
89.5,89.5,0.8571428571428571,0.7964010220171985,0.10019605595680825,0.6062298016185655,0.06074183512565856,7.0,7.0,6.0,-0.10000000000000853,0
89.5,89.5,0.8571428571428571,0.7964010220171985,0.10019605595680825,0.6062298016185655,0.06074183512565856,7.0,7.0,6.0,0.09999999999999432,0
89.5,89.5,0.8571428571428571,0.7964010220171985,0.10019605595680825,0.6062298016185655,0.06074183512565856,7.0,7.0,6.0,-0.09999999999999432,0
89.5,89.5,0.8571428571428571,0.7964010220171985,0.10019605595680825,0.6062298016185655,0.06074183512565856,7.0,7.0,6.0,0.29999999999999716,0
89.5,89.5,0.8571428571428571,0.7964010220171985,0.10019605595680825,0.6062298016185655,0.06074183512565856,7.0,7.0,6.0,-0.4000000000000057,0
90.5,90.5,0.9230769230769231,0.8421222586237292,0.08734130549329823,0.9268771974035309,0.08095466445319388,6.0,7.0,6.0,0.09999999999999432,0
90.5,90.5,0.9230769230769231,0.8421222586237292,0.08734130549329823,0.9268771974035309,0.08095466445319388,6.0,7.0,6.0,-0.09999999999999432,0
90.5,90.5,0.9230769230769231,0.8421222586237292,0.08734130549329823,0.9268771974035309,0.08095466445319388,6.0,7.0,6.0,0.29999999999999716,0
90.5,90.5,0.9230769230769231,0.8421222586237292,0.08734130549329823,0.9268771974035309,0.08095466445319388,6.0,7.0,6.0,-0.4000000000000057,0
90.5,90.5,0.9230769230769231,0.8421222586237292,0.08734130549329823,0.9268771974035309,0.08095466445319388,6.0,7.0,6.0,-0.5,0
90.5,90.5,0.9230769230769231,0.8421222586237292,0.08734130549329823,0.9268771974035309,0.08095466445319388,6.0,7.0,6.0,-0.29999999999999716,0
91.5,91.5,0.9230769230769231,0.8396331883802473,0.09126964743987981,0.9142550348037781,0.08344373469667588,6.0,7.0,6.0,-0.09999999999999432,0
91.5,91.5,0.9230769230769231,0.8396331883802473,0.09126964743987981,0.9142550348037781,0.08344373469667588,6.0,7.0,6.0,0.29999999999999716,0
91.5,91.5,0.9230769230769231,0.8396331883802473,0.09126964743987981,0.9142550348037781,0.08344373469667588,6.0,7.0,6.0,-0.4000000000000057,0
91.5,91.5,0.9230769230769231,0.8396331883802473,0.09126964743987981,0.9142550348037781,0.08344373469667588,6.0,7.0,6.0,-0.5,0
91.5,91.5,0.9230769230769231,0.8396331883802473,0.09126964743987981,0.9142550348037781,0.08344373469667588,6.0,7.0,6.0,-0.29999999999999716,0
91.5,91.5,0.9230769230769231,0.8396331883802473,0.09126964743987981,0.9142550348037781,0.08344373469667588,6.0,7.0,6.0,0.0,0
92.5,92.5,0.8571428571428571,0.8279164404223228,0.10051029447017067,0.29078033125460656,0.029226416720534276,6.0,8.0,6.0,0.29999999999999716,0
92.5,92.5,0.8571428571428571,0.8279164404223228,0.10051029447017067,0.29078033125460656,0.029226416720534276,6.0,8.0,6.0,-0.4000000000000057,0
92.5,92.5,0.8571428571428571,0.8279164404223228,0.10051029447017067,0.29078033125460656,0.029226416720534276,6.0,8.0,6.0,-0.5,0
92.5,92.5,0.8571428571428571,0.8279164404223228,0.10051029447017067,0.29078033125460656,0.029226416720534276,6.0,8.0,6.0,-0.29999999999999716,0
92.5,92.5,0.8571428571428571,0.8279164404223228,0.10051029447017067,0.29078033125460656,0.029226416720534276,6.0,8.0,6.0,0.0,0
92.5,92.5,0.8571428571428571,0.8279164404223228,0.10051029447017067,0.29078033125460656,0.029226416720534276,6.0,8.0,6.0,-0.10000000000000853,0
93.5,93.5,0.8,0.8387810828919963,0.09154038497794982,-0.42364998684829414,-0.03878108289199622,6.0,9.0,6.0,-0.4000000000000057,0
93.5,93.5,0.8,0.8387810828919963,0.09154038497794982,-0.42364998684829414,-0.03878108289199622,6.0,9.0,6.0,-0.5,0
93.5,93.5,0.8,0.8387810828919963,0.09154038497794982,-0.42364998684829414,-0.03878108289199622,6.0,9.0,6.0,-0.29999999999999716,0
93.5,93.5,0.8,0.8387810828919963,0.09154038497794982,-0.42364998684829414,-0.03878108289199622,6.0,9.0,6.0,0.0,0
93.5,93.5,0.8,0.8387810828919963,0.09154038497794982,-0.42364998684829414,-0.03878108289199622,6.0,9.0,6.0,-0.10000000000000853,0
93.5,93.5,0.8,0.8387810828919963,0.09154038497794982,-0.42364998684829414,-0.03878108289199622,6.0,9.0,6.0,0.09999999999999432,0
94.5,94.5,0.6666666666666666,0.8014914000687995,0.08868367971683659,-1.5202879924764374,-0.13482473340213286,5.0,10.0,5.0,0.09999999999999432,0
94.5,94.5,0.6666666666666666,0.8014914000687995,0.08868367971683659,-1.5202879924764374,-0.13482473340213286,5.0,10.0,5.0,0.0,0
94.5,94.5,0.6666666666666666,0.8014914000687995,0.08868367971683659,-1.5202879924764374,-0.13482473340213286,5.0,10.0,5.0,-0.10000000000000853,0
94.5,94.5,0.6666666666666666,0.8014914000687995,0.08868367971683659,-1.5202879924764374,-0.13482473340213286,5.0,10.0,5.0,0.09999999999999432,0
94.5,94.5,0.6666666666666666,0.8014914000687995,0.08868367971683659,-1.5202879924764374,-0.13482473340213286,5.0,10.0,5.0,0.20000000000000284,0
95.5,95.5,0.7142857142857143,0.8262608119091092,0.09083594408509177,-1.2327179372793298,-0.11197509762339486,5.0,9.0,5.0,0.0,0
95.5,95.5,0.7142857142857143,0.8262608119091092,0.09083594408509177,-1.2327179372793298,-0.11197509762339486,5.0,9.0,5.0,-0.10000000000000853,0
95.5,95.5,0.7142857142857143,0.8262608119091092,0.09083594408509177,-1.2327179372793298,-0.11197509762339486,5.0,9.0,5.0,0.09999999999999432,0
95.5,95.5,0.7142857142857143,0.8262608119091092,0.09083594408509177,-1.2327179372793298,-0.11197509762339486,5.0,9.0,5.0,0.20000000000000284,0
95.5,95.5,0.7142857142857143,0.8262608119091092,0.09083594408509177,-1.2327179372793298,-0.11197509762339486,5.0,9.0,5.0,0.0,0
96.5,96.5,0.7142857142857143,0.8229281045751635,0.09695657166224503,-1.1205263184007017,-0.10864239028944922,6.0,8.0,5.0,-0.10000000000000853,0
96.5,96.5,0.7142857142857143,0.8229281045751635,0.09695657166224503,-1.1205263184007017,-0.10864239028944922,6.0,8.0,5.0,0.09999999999999432,0
96.5,96.5,0.7142857142857143,0.8229281045751635,0.09695657166224503,-1.1205263184007017,-0.10864239028944922,6.0,8.0,5.0,0.20000000000000284,0
96.5,96.5,0.7142857142857143,0.8229281045751635,0.09695657166224503,-1.1205263184007017,-0.10864239028944922,6.0,8.0,5.0,0.0,0
96.5,96.5,0.7142857142857143,0.8229281045751635,0.09695657166224503,-1.1205263184007017,-0.10864239028944922,6.0,8.0,5.0,-0.09999999999999432,0
97.5,97.5,0.6153846153846154,0.7539635198135197,0.10386214494507007,-1.3342580639191979,-0.1385789044289043,7.0,6.0,4.0,0.09999999999999432,0
97.5,97.5,0.6153846153846154,0.7539635198135197,0.10386214494507007,-1.3342580639191979,-0.1385789044289043,7.0,6.0,4.0,0.20000000000000284,0
97.5,97.5,0.6153846153846154,0.7539635198135197,0.10386214494507007,-1.3342580639191979,-0.1385789044289043,7.0,6.0,4.0,0.0,0
97.5,97.5,0.6153846153846154,0.7539635198135197,0.10386214494507007,-1.3342580639191979,-0.1385789044289043,7.0,6.0,4.0,-0.09999999999999432,0
98.5,98.5,0.6666666666666666,0.7502991563991565,0.09373148885022096,-0.8922560684609532,-0.08363248973248982,7.0,5.0,4.0,0.20000000000000284,0
98.5,98.5,0.6666666666666666,0.7502991563991565,0.09373148885022096,-0.8922560684609532,-0.08363248973248982,7.0,5.0,4.0,0.0,0
98.5,98.5,0.6666666666666666,0.7502991563991565,0.09373148885022096,-0.8922560684609532,-0.08363248973248982,7.0,5.0,4.0,-0.09999999999999432,0
98.5,98.5,0.6666666666666666,0.7502991563991565,0.09373148885022096,-0.8922560684609532,-0.08363248973248982,7.0,5.0,4.0,0.0,0
99.5,99.5,0.7142857142857143,0.7388845654345655,0.09956847137528513,-0.24705462290502844,-0.024598851148851186,8.0,6.0,5.0,0.0,0
99.5,99.5,0.7142857142857143,0.7388845654345655,0.09956847137528513,-0.24705462290502844,-0.024598851148851186,8.0,6.0,5.0,-0.09999999999999432,0
99.5,99.5,0.7142857142857143,0.7388845654345655,0.09956847137528513,-0.24705462290502844,-0.024598851148851186,8.0,6.0,5.0,0.0,0
99.5,99.5,0.7142857142857143,0.7388845654345655,0.09956847137528513,-0.24705462290502844,-0.024598851148851186,8.0,6.0,5.0,-0.20000000000000284,0
99.5,99.5,0.7142857142857143,0.7388845654345655,0.09956847137528513,-0.24705462290502844,-0.024598851148851186,8.0,6.0,5.0,-0.09999999999999432,0
100.5,100.5,0.7142857142857143,0.7488795954045954,0.10948336797952837,-0.31597384842371273,-0.034593881118881065,8.0,6.0,5.0,-0.09999999999999432,0
100.5,100.5,0.7142857142857143,0.7488795954045954,0.10948336797952837,-0.31597384842371273,-0.034593881118881065,8.0,6.0,5.0,0.0,0
100.5,100.5,0.7142857142857143,0.7488795954045954,0.10948336797952837,-0.31597384842371273,-0.034593881118881065,8.0,6.0,5.0,-0.20000000000000284,0
100.5,100.5,0.7142857142857143,0.7488795954045954,0.10948336797952837,-0.31597384842371273,-0.034593881118881065,8.0,6.0,5.0,-0.09999999999999432,0
100.5,100.5,0.7142857142857143,0.7488795954045954,0.10948336797952837,-0.31597384842371273,-0.034593881118881065,8.0,6.0,5.0,0.0,0
101.5,101.5,0.6153846153846154,0.755006011145717,0.1123988828189605,-1.242195582904396,-0.13962139576110155,6.0,7.0,4.0,0.0,0
101.5,101.5,0.6153846153846154,0.755006011145717,0.1123988828189605,-1.242195582904396,-0.13962139576110155,6.0,7.0,4.0,-0.20000000000000284,0
101.5,101.5,0.6153846153846154,0.755006011145717,0.1123988828189605,-1.242195582904396,-0.13962139576110155,6.0,7.0,4.0,-0.09999999999999432,0
101.5,101.5,0.6153846153846154,0.755006011145717,0.1123988828189605,-1.242195582904396,-0.13962139576110155,6.0,7.0,4.0,0.0,0
102.5,102.5,0.8571428571428571,0.840114474251239,0.09851500750075143,0.17285064807499748,0.01702838289161812,6.0,8.0,6.0,0.0,0
102.5,102.5,0.8571428571428571,0.840114474251239,0.09851500750075143,0.17285064807499748,0.01702838289161812,6.0,8.0,6.0,-0.20000000000000284,0
102.5,102.5,0.8571428571428571,0.840114474251239,0.09851500750075143,0.17285064807499748,0.01702838289161812,6.0,8.0,6.0,-0.09999999999999432,0
102.5,102.5,0.8571428571428571,0.840114474251239,0.09851500750075143,0.17285064807499748,0.01702838289161812,6.0,8.0,6.0,0.0,0
102.5,102.5,0.8571428571428571,0.840114474251239,0.09851500750075143,0.17285064807499748,0.01702838289161812,6.0,8.0,6.0,0.19999999999998863,0
102.5,102.5,0.8571428571428571,0.840114474251239,0.09851500750075143,0.17285064807499748,0.01702838289161812,6.0,8.0,6.0,0.5,0
103.5,103.5,0.8,0.8305180361348319,0.08787030042704368,-0.34730774774316536,-0.03051803613483184,6.0,9.0,6.0,-0.20000000000000284,0
103.5,103.5,0.8,0.8305180361348319,0.08787030042704368,-0.34730774774316536,-0.03051803613483184,6.0,9.0,6.0,-0.09999999999999432,0
103.5,103.5,0.8,0.8305180361348319,0.08787030042704368,-0.34730774774316536,-0.03051803613483184,6.0,9.0,6.0,0.0,0
103.5,103.5,0.8,0.8305180361348319,0.08787030042704368,-0.34730774774316536,-0.03051803613483184,6.0,9.0,6.0,0.19999999999998863,0
103.5,103.5,0.8,0.8305180361348319,0.08787030042704368,-0.34730774774316536,-0.03051803613483184,6.0,9.0,6.0,-0.19999999999998863,0
103.5,103.5,0.8,0.8305180361348319,0.08787030042704368,-0.34730774774316536,-0.03051803613483184,6.0,9.0,6.0,-0.5,0
104.5,104.5,0.6666666666666666,0.8513240303813834,0.08634262217827676,-2.1386582785665658,-0.18465736371471675,7.0,8.0,5.0,0.0,0
104.5,104.5,0.6666666666666666,0.8513240303813834,0.08634262217827676,-2.1386582785665658,-0.18465736371471675,7.0,8.0,5.0,0.19999999999998863,0
104.5,104.5,0.6666666666666666,0.8513240303813834,0.08634262217827676,-2.1386582785665658,-0.18465736371471675,7.0,8.0,5.0,-0.19999999999998863,0
104.5,104.5,0.6666666666666666,0.8513240303813834,0.08634262217827676,-2.1386582785665658,-0.18465736371471675,7.0,8.0,5.0,-0.5,0
104.5,104.5,0.6666666666666666,0.8513240303813834,0.08634262217827676,-2.1386582785665658,-0.18465736371471675,7.0,8.0,5.0,-0.10000000000000853,0
105.5,105.5,0.7142857142857143,0.8481474001488708,0.09107369449002975,-1.4698172355115224,-0.1338616858631565,7.0,7.0,5.0,0.19999999999998863,0
105.5,105.5,0.7142857142857143,0.8481474001488708,0.09107369449002975,-1.4698172355115224,-0.1338616858631565,7.0,7.0,5.0,-0.19999999999998863,0
105.5,105.5,0.7142857142857143,0.8481474001488708,0.09107369449002975,-1.4698172355115224,-0.1338616858631565,7.0,7.0,5.0,-0.5,0
105.5,105.5,0.7142857142857143,0.8481474001488708,0.09107369449002975,-1.4698172355115224,-0.1338616858631565,7.0,7.0,5.0,-0.10000000000000853,0
105.5,105.5,0.7142857142857143,0.8481474001488708,0.09107369449002975,-1.4698172355115224,-0.1338616858631565,7.0,7.0,5.0,-0.29999999999999716,0
106.5,106.5,0.7142857142857143,0.7491826395826396,0.09956797800799247,-0.35048341841514663,-0.03489692529692534,9.0,5.0,5.0,-0.30000000000001137,0
106.5,106.5,0.7142857142857143,0.7491826395826396,0.09956797800799247,-0.35048341841514663,-0.03489692529692534,9.0,5.0,5.0,-0.19999999999998863,0
106.5,106.5,0.7142857142857143,0.7491826395826396,0.09956797800799247,-0.35048341841514663,-0.03489692529692534,9.0,5.0,5.0,-0.5,0
106.5,106.5,0.7142857142857143,0.7491826395826396,0.09956797800799247,-0.35048341841514663,-0.03489692529692534,9.0,5.0,5.0,-0.10000000000000853,0
106.5,106.5,0.7142857142857143,0.7491826395826396,0.09956797800799247,-0.35048341841514663,-0.03489692529692534,9.0,5.0,5.0,-0.29999999999999716,0
107.5,107.5,0.7142857142857143,0.7340292707292706,0.10912163101060987,-0.18093164719684804,-0.019743556443556298,9.0,5.0,5.0,0.4000000000000057,0
107.5,107.5,0.7142857142857143,0.7340292707292706,0.10912163101060987,-0.18093164719684804,-0.019743556443556298,9.0,5.0,5.0,0.09999999999999432,0
107.5,107.5,0.7142857142857143,0.7340292707292706,0.10912163101060987,-0.18093164719684804,-0.019743556443556298,9.0,5.0,5.0,-0.10000000000000853,0
107.5,107.5,0.7142857142857143,0.7340292707292706,0.10912163101060987,-0.18093164719684804,-0.019743556443556298,9.0,5.0,5.0,-0.29999999999999716,0
107.5,107.5,0.7142857142857143,0.7340292707292706,0.10912163101060987,-0.18093164719684804,-0.019743556443556298,9.0,5.0,5.0,0.20000000000000284,0
108.5,108.5,0.75,0.7581302697302698,0.09576166970529056,-0.08490108574016,-0.008130269730269757,10.0,6.0,6.0,0.09999999999999432,0
108.5,108.5,0.75,0.7581302697302698,0.09576166970529056,-0.08490108574016,-0.008130269730269757,10.0,6.0,6.0,-0.10000000000000853,0
108.5,108.5,0.75,0.7581302697302698,0.09576166970529056,-0.08490108574016,-0.008130269730269757,10.0,6.0,6.0,-0.29999999999999716,0
108.5,108.5,0.75,0.7581302697302698,0.09576166970529056,-0.08490108574016,-0.008130269730269757,10.0,6.0,6.0,0.20000000000000284,0
108.5,108.5,0.75,0.7581302697302698,0.09576166970529056,-0.08490108574016,-0.008130269730269757,10.0,6.0,6.0,-0.29999999999999716,0
108.5,108.5,0.75,0.7581302697302698,0.09576166970529056,-0.08490108574016,-0.008130269730269757,10.0,6.0,6.0,-0.4000000000000057,0
109.5,109.5,0.7692307692307693,0.7705696303696304,0.0867280971163758,-0.015437455488786098,-0.0013388611388611693,8.0,5.0,5.0,0.20000000000000284,0
109.5,109.5,0.7692307692307693,0.7705696303696304,0.0867280971163758,-0.015437455488786098,-0.0013388611388611693,8.0,5.0,5.0,0.20000000000000284,0
109.5,109.5,0.7692307692307693,0.7705696303696304,0.0867280971163758,-0.015437455488786098,-0.0013388611388611693,8.0,5.0,5.0,-0.29999999999999716,0
109.5,109.5,0.7692307692307693,0.7705696303696304,0.0867280971163758,-0.015437455488786098,-0.0013388611388611693,8.0,5.0,5.0,-0.4000000000000057,0
109.5,109.5,0.7692307692307693,0.7705696303696304,0.0867280971163758,-0.015437455488786098,-0.0013388611388611693,8.0,5.0,5.0,0.30000000000001137,0
110.5,110.5,0.7142857142857143,0.8105824259074259,0.09793891616778472,-0.983232359410025,-0.0962967116217116,8.0,6.0,5.0,0.20000000000000284,0
110.5,110.5,0.7142857142857143,0.8105824259074259,0.09793891616778472,-0.983232359410025,-0.0962967116217116,8.0,6.0,5.0,-0.29999999999999716,0
110.5,110.5,0.7142857142857143,0.8105824259074259,0.09793891616778472,-0.983232359410025,-0.0962967116217116,8.0,6.0,5.0,-0.4000000000000057,0
110.5,110.5,0.7142857142857143,0.8105824259074259,0.09793891616778472,-0.983232359410025,-0.0962967116217116,8.0,6.0,5.0,0.30000000000001137,0
110.5,110.5,0.7142857142857143,0.8105824259074259,0.09793891616778472,-0.983232359410025,-0.0962967116217116,8.0,6.0,5.0,0.09999999999999432,0
111.5,111.5,0.8,0.8711045105221576,0.0860949266264305,-0.8258850237561971,-0.0711045105221576,7.0,8.0,6.0,0.20000000000000284,0
111.5,111.5,0.8,0.8711045105221576,0.0860949266264305,-0.8258850237561971,-0.0711045105221576,7.0,8.0,6.0,-0.29999999999999716,0
111.5,111.5,0.8,0.8711045105221576,0.0860949266264305,-0.8258850237561971,-0.0711045105221576,7.0,8.0,6.0,-0.4000000000000057,0
111.5,111.5,0.8,0.8711045105221576,0.0860949266264305,-0.8258850237561971,-0.0711045105221576,7.0,8.0,6.0,0.30000000000001137,0
111.5,111.5,0.8,0.8711045105221576,0.0860949266264305,-0.8258850237561971,-0.0711045105221576,7.0,8.0,6.0,0.09999999999999432,0
111.5,111.5,0.8,0.8711045105221576,0.0860949266264305,-0.8258850237561971,-0.0711045105221576,7.0,8.0,6.0,-0.20000000000000284,0
112.5,112.5,0.6666666666666666,0.8399731753970144,0.09136454108860889,-1.8968683765649126,-0.1733065087303478,6.0,9.0,5.0,-0.4000000000000057,0
112.5,112.5,0.6666666666666666,0.8399731753970144,0.09136454108860889,-1.8968683765649126,-0.1733065087303478,6.0,9.0,5.0,0.30000000000001137,0
112.5,112.5,0.6666666666666666,0.8399731753970144,0.09136454108860889,-1.8968683765649126,-0.1733065087303478,6.0,9.0,5.0,0.09999999999999432,0
112.5,112.5,0.6666666666666666,0.8399731753970144,0.09136454108860889,-1.8968683765649126,-0.1733065087303478,6.0,9.0,5.0,-0.20000000000000284,0
112.5,112.5,0.6666666666666666,0.8399731753970144,0.09136454108860889,-1.8968683765649126,-0.1733065087303478,6.0,9.0,5.0,0.0,0
113.5,113.5,0.8,0.8474718379659557,0.09521698317661238,-0.49856481881916953,-0.047471837965955666,7.0,8.0,6.0,0.30000000000001137,0
113.5,113.5,0.8,0.8474718379659557,0.09521698317661238,-0.49856481881916953,-0.047471837965955666,7.0,8.0,6.0,0.09999999999999432,0
113.5,113.5,0.8,0.8474718379659557,0.09521698317661238,-0.49856481881916953,-0.047471837965955666,7.0,8.0,6.0,-0.20000000000000284,0
113.5,113.5,0.8,0.8474718379659557,0.09521698317661238,-0.49856481881916953,-0.047471837965955666,7.0,8.0,6.0,0.0,0
113.5,113.5,0.8,0.8474718379659557,0.09521698317661238,-0.49856481881916953,-0.047471837965955666,7.0,8.0,6.0,0.09999999999999432,0
113.5,113.5,0.8,0.8474718379659557,0.09521698317661238,-0.49856481881916953,-0.047471837965955666,7.0,8.0,6.0,0.0,0
114.5,114.5,0.8,0.8409472475494921,0.08690798423441547,-0.471156337478105,-0.04094724754949208,6.0,9.0,6.0,0.09999999999999432,0
114.5,114.5,0.8,0.8409472475494921,0.08690798423441547,-0.471156337478105,-0.04094724754949208,6.0,9.0,6.0,-0.20000000000000284,0
114.5,114.5,0.8,0.8409472475494921,0.08690798423441547,-0.471156337478105,-0.04094724754949208,6.0,9.0,6.0,0.0,0
114.5,114.5,0.8,0.8409472475494921,0.08690798423441547,-0.471156337478105,-0.04094724754949208,6.0,9.0,6.0,0.09999999999999432,0
114.5,114.5,0.8,0.8409472475494921,0.08690798423441547,-0.471156337478105,-0.04094724754949208,6.0,9.0,6.0,0.0,0
114.5,114.5,0.8,0.8409472475494921,0.08690798423441547,-0.471156337478105,-0.04094724754949208,6.0,9.0,6.0,0.0,0
115.5,115.5,0.7142857142857143,0.8349027347781218,0.08963501273509217,-1.3456462693755593,-0.12061702049240752,5.0,9.0,5.0,-0.20000000000000284,0
115.5,115.5,0.7142857142857143,0.8349027347781218,0.08963501273509217,-1.3456462693755593,-0.12061702049240752,5.0,9.0,5.0,0.0,0
115.5,115.5,0.7142857142857143,0.8349027347781218,0.08963501273509217,-1.3456462693755593,-0.12061702049240752,5.0,9.0,5.0,0.09999999999999432,0
115.5,115.5,0.7142857142857143,0.8349027347781218,0.08963501273509217,-1.3456462693755593,-0.12061702049240752,5.0,9.0,5.0,0.0,0
115.5,115.5,0.7142857142857143,0.8349027347781218,0.08963501273509217,-1.3456462693755593,-0.12061702049240752,5.0,9.0,5.0,0.0,0
116.5,116.5,0.7142857142857143,0.8423013111587414,0.09358253859810188,-1.3679431952877545,-0.1280155968730271,5.0,9.0,5.0,0.0,0
116.5,116.5,0.7142857142857143,0.8423013111587414,0.09358253859810188,-1.3679431952877545,-0.1280155968730271,5.0,9.0,5.0,0.09999999999999432,0
116.5,116.5,0.7142857142857143,0.8423013111587414,0.09358253859810188,-1.3679431952877545,-0.1280155968730271,5.0,9.0,5.0,0.0,0
116.5,116.5,0.7142857142857143,0.8423013111587414,0.09358253859810188,-1.3679431952877545,-0.1280155968730271,5.0,9.0,5.0,0.0,0
116.5,116.5,0.7142857142857143,0.8423013111587414,0.09358253859810188,-1.3679431952877545,-0.1280155968730271,5.0,9.0,5.0,-0.10000000000000853,0
117.5,117.5,0.7142857142857143,0.8087182529287018,0.09307031075567576,-1.0146365460290319,-0.0944325386429875,5.0,9.0,5.0,0.09999999999999432,0
117.5,117.5,0.7142857142857143,0.8087182529287018,0.09307031075567576,-1.0146365460290319,-0.0944325386429875,5.0,9.0,5.0,0.0,0
117.5,117.5,0.7142857142857143,0.8087182529287018,0.09307031075567576,-1.0146365460290319,-0.0944325386429875,5.0,9.0,5.0,0.0,0
117.5,117.5,0.7142857142857143,0.8087182529287018,0.09307031075567576,-1.0146365460290319,-0.0944325386429875,5.0,9.0,5.0,-0.10000000000000853,0
117.5,117.5,0.7142857142857143,0.8087182529287018,0.09307031075567576,-1.0146365460290319,-0.0944325386429875,5.0,9.0,5.0,0.4000000000000057,0
118.5,118.5,0.5,0.7906626229979172,0.09688342664667532,-3.0001274011285366,-0.29066262299791723,4.0,8.0,3.0,0.0,0
118.5,118.5,0.5,0.7906626229979172,0.09688342664667532,-3.0001274011285366,-0.29066262299791723,4.0,8.0,3.0,-0.10000000000000853,0
118.5,118.5,0.5,0.7906626229979172,0.09688342664667532,-3.0001274011285366,-0.29066262299791723,4.0,8.0,3.0,-0.19999999999998863,0
119.5,119.5,0.36363636363636365,0.7069696470196469,0.10877452670603763,-3.156375796615866,-0.3433332833832833,5.0,6.0,2.0,-0.10000000000000853,0
119.5,119.5,0.36363636363636365,0.7069696470196469,0.10877452670603763,-3.156375796615866,-0.3433332833832833,5.0,6.0,2.0,-0.19999999999998863,0
120.5,120.5,0.5,0.7037289821289822,0.1034836610195319,-1.9687067515955934,-0.20372898212898216,7.0,5.0,3.0,-0.10000000000000853,0
120.5,120.5,0.5,0.7037289821289822,0.1034836610195319,-1.9687067515955934,-0.20372898212898216,7.0,5.0,3.0,-0.19999999999998863,0
120.5,120.5,0.5,0.7037289821289822,0.1034836610195319,-1.9687067515955934,-0.20372898212898216,7.0,5.0,3.0,-0.3999999999999915,0
121.5,121.5,0.5454545454545454,0.6771481962481962,0.08948508439070983,-1.4716827020987084,-0.1316936507936508,7.0,4.0,3.0,-0.19999999999998863,0
121.5,121.5,0.5454545454545454,0.6771481962481962,0.08948508439070983,-1.4716827020987084,-0.1316936507936508,7.0,4.0,3.0,-0.3999999999999915,0
121.5,121.5,0.5454545454545454,0.6771481962481962,0.08948508439070983,-1.4716827020987084,-0.1316936507936508,7.0,4.0,3.0,0.10000000000000853,0
122.5,122.5,0.6666666666666666,0.6548951992451991,0.09994106878776811,0.11778408580425577,0.011771467421467507,8.0,4.0,4.0,0.4000000000000057,0
122.5,122.5,0.6666666666666666,0.6548951992451991,0.09994106878776811,0.11778408580425577,0.011771467421467507,8.0,4.0,4.0,-0.3999999999999915,0
122.5,122.5,0.6666666666666666,0.6548951992451991,0.09994106878776811,0.11778408580425577,0.011771467421467507,8.0,4.0,4.0,0.10000000000000853,0
122.5,122.5,0.6666666666666666,0.6548951992451991,0.09994106878776811,0.11778408580425577,0.011771467421467507,8.0,4.0,4.0,0.0,0
123.5,123.5,0.6153846153846154,0.6922607059607059,0.11342086644023687,-0.677794950690115,-0.07687609057609046,8.0,5.0,4.0,-0.3999999999999915,0
123.5,123.5,0.6153846153846154,0.6922607059607059,0.11342086644023687,-0.677794950690115,-0.07687609057609046,8.0,5.0,4.0,0.10000000000000853,0
123.5,123.5,0.6153846153846154,0.6922607059607059,0.11342086644023687,-0.677794950690115,-0.07687609057609046,8.0,5.0,4.0,0.0,0
123.5,123.5,0.6153846153846154,0.6922607059607059,0.11342086644023687,-0.677794950690115,-0.07687609057609046,8.0,5.0,4.0,0.29999999999999716,0
124.5,124.5,0.7692307692307693,0.7503349428349428,0.09862703855602678,0.19158870298120462,0.01889582639582643,8.0,5.0,5.0,-0.3999999999999915,0
124.5,124.5,0.7692307692307693,0.7503349428349428,0.09862703855602678,0.19158870298120462,0.01889582639582643,8.0,5.0,5.0,0.10000000000000853,0
124.5,124.5,0.7692307692307693,0.7503349428349428,0.09862703855602678,0.19158870298120462,0.01889582639582643,8.0,5.0,5.0,0.0,0
124.5,124.5,0.7692307692307693,0.7503349428349428,0.09862703855602678,0.19158870298120462,0.01889582639582643,8.0,5.0,5.0,0.29999999999999716,0
124.5,124.5,0.7692307692307693,0.7503349428349428,0.09862703855602678,0.19158870298120462,0.01889582639582643,8.0,5.0,5.0,0.29999999999999716,0
125.5,125.5,0.7272727272727273,0.6530171939171939,0.10877105980667016,0.6826772993433663,0.07425553335553337,7.0,4.0,4.0,0.10000000000000853,0
125.5,125.5,0.7272727272727273,0.6530171939171939,0.10877105980667016,0.6826772993433663,0.07425553335553337,7.0,4.0,4.0,0.0,0
125.5,125.5,0.7272727272727273,0.6530171939171939,0.10877105980667016,0.6826772993433663,0.07425553335553337,7.0,4.0,4.0,0.29999999999999716,0
125.5,125.5,0.7272727272727273,0.6530171939171939,0.10877105980667016,0.6826772993433663,0.07425553335553337,7.0,4.0,4.0,0.29999999999999716,0
126.5,126.5,0.6666666666666666,0.5263828227328227,0.12399320904573655,1.1313832831126938,0.14028384393384397,6.0,3.0,3.0,0.0,0
126.5,126.5,0.6666666666666666,0.5263828227328227,0.12399320904573655,1.1313832831126938,0.14028384393384397,6.0,3.0,3.0,0.29999999999999716,0
126.5,126.5,0.6666666666666666,0.5263828227328227,0.12399320904573655,1.1313832831126938,0.14028384393384397,6.0,3.0,3.0,0.29999999999999716,0
127.5,127.5,0.6666666666666666,0.5443704018204018,0.10507722398032059,1.1638703442448115,0.12229626484626488,6.0,3.0,3.0,0.29999999999999716,0
127.5,127.5,0.6666666666666666,0.5443704018204018,0.10507722398032059,1.1638703442448115,0.12229626484626488,6.0,3.0,3.0,0.29999999999999716,0
127.5,127.5,0.6666666666666666,0.5443704018204018,0.10507722398032059,1.1638703442448115,0.12229626484626488,6.0,3.0,3.0,-0.10000000000002274,0
128.5,128.5,0.7272727272727273,0.5664939227439226,0.12673658806322863,1.2686060670072044,0.16077880452880466,7.0,4.0,4.0,0.29999999999999716,0
128.5,128.5,0.7272727272727273,0.5664939227439226,0.12673658806322863,1.2686060670072044,0.16077880452880466,7.0,4.0,4.0,-0.10000000000002274,0
128.5,128.5,0.7272727272727273,0.5664939227439226,0.12673658806322863,1.2686060670072044,0.16077880452880466,7.0,4.0,4.0,0.10000000000002274,0
128.5,128.5,0.7272727272727273,0.5664939227439226,0.12673658806322863,1.2686060670072044,0.16077880452880466,7.0,4.0,4.0,0.4000000000000057,0
129.5,129.5,0.7272727272727273,0.6197465756465756,0.12933649122302648,0.8313674710777076,0.10752615162615164,6.0,5.0,4.0,-0.10000000000002274,0
129.5,129.5,0.7272727272727273,0.6197465756465756,0.12933649122302648,0.8313674710777076,0.10752615162615164,6.0,5.0,4.0,0.10000000000002274,0
129.5,129.5,0.7272727272727273,0.6197465756465756,0.12933649122302648,0.8313674710777076,0.10752615162615164,6.0,5.0,4.0,-0.09999999999999432,0
129.5,129.5,0.7272727272727273,0.6197465756465756,0.12933649122302648,0.8313674710777076,0.10752615162615164,6.0,5.0,4.0,-0.20000000000001705,0
130.5,130.5,0.7142857142857143,0.7241646882529235,0.11415863091691852,-0.08653724985891607,-0.00987897396720916,7.0,7.0,5.0,-0.10000000000002274,0
130.5,130.5,0.7142857142857143,0.7241646882529235,0.11415863091691852,-0.08653724985891607,-0.00987897396720916,7.0,7.0,5.0,0.10000000000002274,0
130.5,130.5,0.7142857142857143,0.7241646882529235,0.11415863091691852,-0.08653724985891607,-0.00987897396720916,7.0,7.0,5.0,-0.09999999999999432,0
130.5,130.5,0.7142857142857143,0.7241646882529235,0.11415863091691852,-0.08653724985891607,-0.00987897396720916,7.0,7.0,5.0,-0.20000000000001705,0
130.5,130.5,0.7142857142857143,0.7241646882529235,0.11415863091691852,-0.08653724985891607,-0.00987897396720916,7.0,7.0,5.0,-0.20000000000001705,0
131.5,131.5,0.7142857142857143,0.830647954822955,0.09988997545378663,-1.1649040858066362,-0.11636224053724065,6.0,8.0,5.0,-0.10000000000002274,0
131.5,131.5,0.7142857142857143,0.830647954822955,0.09988997545378663,-1.1649040858066362,-0.11636224053724065,6.0,8.0,5.0,0.10000000000002274,0
131.5,131.5,0.7142857142857143,0.830647954822955,0.09988997545378663,-1.1649040858066362,-0.11636224053724065,6.0,8.0,5.0,-0.09999999999999432,0
131.5,131.5,0.7142857142857143,0.830647954822955,0.09988997545378663,-1.1649040858066362,-0.11636224053724065,6.0,8.0,5.0,-0.20000000000001705,0
131.5,131.5,0.7142857142857143,0.830647954822955,0.09988997545378663,-1.1649040858066362,-0.11636224053724065,6.0,8.0,5.0,-0.20000000000001705,0
132.5,132.5,0.8571428571428571,0.8347216907275732,0.08835717807158258,0.2537560264443869,0.02242116641528391,6.0,8.0,6.0,0.10000000000002274,0
132.5,132.5,0.8571428571428571,0.8347216907275732,0.08835717807158258,0.2537560264443869,0.02242116641528391,6.0,8.0,6.0,-0.09999999999999432,0
132.5,132.5,0.8571428571428571,0.8347216907275732,0.08835717807158258,0.2537560264443869,0.02242116641528391,6.0,8.0,6.0,-0.20000000000001705,0
132.5,132.5,0.8571428571428571,0.8347216907275732,0.08835717807158258,0.2537560264443869,0.02242116641528391,6.0,8.0,6.0,-0.20000000000001705,0
132.5,132.5,0.8571428571428571,0.8347216907275732,0.08835717807158258,0.2537560264443869,0.02242116641528391,6.0,8.0,6.0,0.4000000000000057,0
132.5,132.5,0.8571428571428571,0.8347216907275732,0.08835717807158258,0.2537560264443869,0.02242116641528391,6.0,8.0,6.0,0.20000000000001705,0
133.5,133.5,0.8333333333333334,0.7605091075591076,0.10299078937205253,0.7070945491169064,0.07282422577422576,6.0,6.0,5.0,-0.09999999999999432,0
133.5,133.5,0.8333333333333334,0.7605091075591076,0.10299078937205253,0.7070945491169064,0.07282422577422576,6.0,6.0,5.0,-0.20000000000001705,0
133.5,133.5,0.8333333333333334,0.7605091075591076,0.10299078937205253,0.7070945491169064,0.07282422577422576,6.0,6.0,5.0,-0.20000000000001705,0
133.5,133.5,0.8333333333333334,0.7605091075591076,0.10299078937205253,0.7070945491169064,0.07282422577422576,6.0,6.0,5.0,0.4000000000000057,0
133.5,133.5,0.8333333333333334,0.7605091075591076,0.10299078937205253,0.7070945491169064,0.07282422577422576,6.0,6.0,5.0,0.20000000000001705,0
134.5,134.5,0.8333333333333334,0.8053943556443558,0.08812384513374606,0.3170421994929344,0.027938977688977573,6.0,6.0,5.0,-0.20000000000001705,0
134.5,134.5,0.8333333333333334,0.8053943556443558,0.08812384513374606,0.3170421994929344,0.027938977688977573,6.0,6.0,5.0,0.4000000000000057,0
134.5,134.5,0.8333333333333334,0.8053943556443558,0.08812384513374606,0.3170421994929344,0.027938977688977573,6.0,6.0,5.0,0.20000000000001705,0
134.5,134.5,0.8333333333333334,0.8053943556443558,0.08812384513374606,0.3170421994929344,0.027938977688977573,6.0,6.0,5.0,-0.5,0
134.5,134.5,0.8333333333333334,0.8053943556443558,0.08812384513374606,0.3170421994929344,0.027938977688977573,6.0,6.0,5.0,0.0,0
135.5,135.5,0.7692307692307693,0.7703676465691173,0.09702745732934726,-0.01171706823656125,-0.0011368773383479969,6.0,7.0,5.0,0.4000000000000057,0
135.5,135.5,0.7692307692307693,0.7703676465691173,0.09702745732934726,-0.01171706823656125,-0.0011368773383479969,6.0,7.0,5.0,0.20000000000001705,0
135.5,135.5,0.7692307692307693,0.7703676465691173,0.09702745732934726,-0.01171706823656125,-0.0011368773383479969,6.0,7.0,5.0,-0.5,0
135.5,135.5,0.7692307692307693,0.7703676465691173,0.09702745732934726,-0.01171706823656125,-0.0011368773383479969,6.0,7.0,5.0,0.0,0
135.5,135.5,0.7692307692307693,0.7703676465691173,0.09702745732934726,-0.01171706823656125,-0.0011368773383479969,6.0,7.0,5.0,0.19999999999998863,0
136.5,136.5,0.7692307692307693,0.7874438894438894,0.10162193680104091,-0.17922429729693562,-0.01821312021312016,7.0,6.0,5.0,-0.5,0
136.5,136.5,0.7692307692307693,0.7874438894438894,0.10162193680104091,-0.17922429729693562,-0.01821312021312016,7.0,6.0,5.0,-0.5,0
136.5,136.5,0.7692307692307693,0.7874438894438894,0.10162193680104091,-0.17922429729693562,-0.01821312021312016,7.0,6.0,5.0,0.0,0
136.5,136.5,0.7692307692307693,0.7874438894438894,0.10162193680104091,-0.17922429729693562,-0.01821312021312016,7.0,6.0,5.0,0.19999999999998863,0
136.5,136.5,0.7692307692307693,0.7874438894438894,0.10162193680104091,-0.17922429729693562,-0.01821312021312016,7.0,6.0,5.0,0.0,0
137.5,137.5,0.7692307692307693,0.7982822687116804,0.11090871282216604,-0.26194064236858533,-0.029051499480911125,6.0,7.0,5.0,-0.5,0
137.5,137.5,0.7692307692307693,0.7982822687116804,0.11090871282216604,-0.26194064236858533,-0.029051499480911125,6.0,7.0,5.0,0.0,0
137.5,137.5,0.7692307692307693,0.7982822687116804,0.11090871282216604,-0.26194064236858533,-0.029051499480911125,6.0,7.0,5.0,0.19999999999998863,0
137.5,137.5,0.7692307692307693,0.7982822687116804,0.11090871282216604,-0.26194064236858533,-0.029051499480911125,6.0,7.0,5.0,0.0,0
137.5,137.5,0.7692307692307693,0.7982822687116804,0.11090871282216604,-0.26194064236858533,-0.029051499480911125,6.0,7.0,5.0,0.0,0
138.5,138.5,0.8,0.8505765961850327,0.08773614015009001,-0.5764625170256107,-0.05057659618503263,6.0,9.0,6.0,0.09999999999999432,0
138.5,138.5,0.8,0.8505765961850327,0.08773614015009001,-0.5764625170256107,-0.05057659618503263,6.0,9.0,6.0,0.0,0
138.5,138.5,0.8,0.8505765961850327,0.08773614015009001,-0.5764625170256107,-0.05057659618503263,6.0,9.0,6.0,0.19999999999998863,0
138.5,138.5,0.8,0.8505765961850327,0.08773614015009001,-0.5764625170256107,-0.05057659618503263,6.0,9.0,6.0,0.0,0
138.5,138.5,0.8,0.8505765961850327,0.08773614015009001,-0.5764625170256107,-0.05057659618503263,6.0,9.0,6.0,0.0,0
138.5,138.5,0.8,0.8505765961850327,0.08773614015009001,-0.5764625170256107,-0.05057659618503263,6.0,9.0,6.0,0.09999999999999432,0
139.5,139.5,0.875,0.8077599164767122,0.08960503670109778,0.7504051780882093,0.06724008352328781,7.0,9.0,7.0,0.0,0
139.5,139.5,0.875,0.8077599164767122,0.08960503670109778,0.7504051780882093,0.06724008352328781,7.0,9.0,7.0,0.19999999999998863,0
139.5,139.5,0.875,0.8077599164767122,0.08960503670109778,0.7504051780882093,0.06724008352328781,7.0,9.0,7.0,0.0,0
139.5,139.5,0.875,0.8077599164767122,0.08960503670109778,0.7504051780882093,0.06724008352328781,7.0,9.0,7.0,0.0,0
139.5,139.5,0.875,0.8077599164767122,0.08960503670109778,0.7504051780882093,0.06724008352328781,7.0,9.0,7.0,0.09999999999999432,0
139.5,139.5,0.875,0.8077599164767122,0.08960503670109778,0.7504051780882093,0.06724008352328781,7.0,9.0,7.0,0.19999999999998863,0
139.5,139.5,0.875,0.8077599164767122,0.08960503670109778,0.7504051780882093,0.06724008352328781,7.0,9.0,7.0,0.09999999999999432,0
140.5,140.5,0.7142857142857143,0.7340607872519637,0.10193174234670628,-0.19400308982247427,-0.019775072966249363,7.0,7.0,5.0,0.0,0
140.5,140.5,0.7142857142857143,0.7340607872519637,0.10193174234670628,-0.19400308982247427,-0.019775072966249363,7.0,7.0,5.0,0.0,0
140.5,140.5,0.7142857142857143,0.7340607872519637,0.10193174234670628,-0.19400308982247427,-0.019775072966249363,7.0,7.0,5.0,0.09999999999999432,0
140.5,140.5,0.7142857142857143,0.7340607872519637,0.10193174234670628,-0.19400308982247427,-0.019775072966249363,7.0,7.0,5.0,0.19999999999998863,0
140.5,140.5,0.7142857142857143,0.7340607872519637,0.10193174234670628,-0.19400308982247427,-0.019775072966249363,7.0,7.0,5.0,0.09999999999999432,0
141.5,141.5,0.8571428571428571,0.7939422998570058,0.09011582711176637,0.7013258304500345,0.06320055728585128,7.0,7.0,6.0,0.0,0
141.5,141.5,0.8571428571428571,0.7939422998570058,0.09011582711176637,0.7013258304500345,0.06320055728585128,7.0,7.0,6.0,0.09999999999999432,0
141.5,141.5,0.8571428571428571,0.7939422998570058,0.09011582711176637,0.7013258304500345,0.06320055728585128,7.0,7.0,6.0,0.19999999999998863,0
141.5,141.5,0.8571428571428571,0.7939422998570058,0.09011582711176637,0.7013258304500345,0.06320055728585128,7.0,7.0,6.0,0.09999999999999432,0
141.5,141.5,0.8571428571428571,0.7939422998570058,0.09011582711176637,0.7013258304500345,0.06320055728585128,7.0,7.0,6.0,-0.09999999999999432,0
141.5,141.5,0.8571428571428571,0.7939422998570058,0.09011582711176637,0.7013258304500345,0.06320055728585128,7.0,7.0,6.0,0.09999999999999432,0
142.5,142.5,0.7692307692307693,0.8048629625276684,0.0916474899011055,-0.3887961725449214,-0.03563219329689915,6.0,7.0,5.0,0.09999999999999432,0
142.5,142.5,0.7692307692307693,0.8048629625276684,0.0916474899011055,-0.3887961725449214,-0.03563219329689915,6.0,7.0,5.0,0.19999999999998863,0
142.5,142.5,0.7692307692307693,0.8048629625276684,0.0916474899011055,-0.3887961725449214,-0.03563219329689915,6.0,7.0,5.0,0.09999999999999432,0
142.5,142.5,0.7692307692307693,0.8048629625276684,0.0916474899011055,-0.3887961725449214,-0.03563219329689915,6.0,7.0,5.0,-0.09999999999999432,0
142.5,142.5,0.7692307692307693,0.8048629625276684,0.0916474899011055,-0.3887961725449214,-0.03563219329689915,6.0,7.0,5.0,0.09999999999999432,0
143.5,143.5,0.6666666666666666,0.8089635031635033,0.0933209362930111,-1.5248114962118466,-0.14229683649683667,6.0,6.0,4.0,-0.4000000000000057,0
143.5,143.5,0.6666666666666666,0.8089635031635033,0.0933209362930111,-1.5248114962118466,-0.14229683649683667,6.0,6.0,4.0,-0.09999999999999432,0
143.5,143.5,0.6666666666666666,0.8089635031635033,0.0933209362930111,-1.5248114962118466,-0.14229683649683667,6.0,6.0,4.0,0.09999999999999432,0
143.5,143.5,0.6666666666666666,0.8089635031635033,0.0933209362930111,-1.5248114962118466,-0.14229683649683667,6.0,6.0,4.0,0.5,0
144.5,144.5,0.6666666666666666,0.8220300645432999,0.09881698168140408,-1.5722337925432746,-0.15536339787663322,5.0,7.0,4.0,-0.09999999999999432,0
144.5,144.5,0.6666666666666666,0.8220300645432999,0.09881698168140408,-1.5722337925432746,-0.15536339787663322,5.0,7.0,4.0,0.09999999999999432,0
144.5,144.5,0.6666666666666666,0.8220300645432999,0.09881698168140408,-1.5722337925432746,-0.15536339787663322,5.0,7.0,4.0,-0.09999999999999432,0
144.5,144.5,0.6666666666666666,0.8220300645432999,0.09881698168140408,-1.5722337925432746,-0.15536339787663322,5.0,7.0,4.0,0.10000000000002274,0
145.5,145.5,0.7142857142857143,0.8364204176542412,0.09132395646463538,-1.3373785816629924,-0.12213470336852694,6.0,8.0,5.0,-0.09999999999999432,0
145.5,145.5,0.7142857142857143,0.8364204176542412,0.09132395646463538,-1.3373785816629924,-0.12213470336852694,6.0,8.0,5.0,0.09999999999999432,0
145.5,145.5,0.7142857142857143,0.8364204176542412,0.09132395646463538,-1.3373785816629924,-0.12213470336852694,6.0,8.0,5.0,-0.09999999999999432,0
145.5,145.5,0.7142857142857143,0.8364204176542412,0.09132395646463538,-1.3373785816629924,-0.12213470336852694,6.0,8.0,5.0,0.10000000000002274,0
145.5,145.5,0.7142857142857143,0.8364204176542412,0.09132395646463538,-1.3373785816629924,-0.12213470336852694,6.0,8.0,5.0,0.09999999999999432,0
146.5,146.5,0.7692307692307693,0.8320944119605885,0.09342844765332695,-0.6728533365242177,-0.06286364272981926,6.0,7.0,5.0,-0.4000000000000057,0
146.5,146.5,0.7692307692307693,0.8320944119605885,0.09342844765332695,-0.6728533365242177,-0.06286364272981926,6.0,7.0,5.0,-0.09999999999999432,0
146.5,146.5,0.7692307692307693,0.8320944119605885,0.09342844765332695,-0.6728533365242177,-0.06286364272981926,6.0,7.0,5.0,0.10000000000002274,0
146.5,146.5,0.7692307692307693,0.8320944119605885,0.09342844765332695,-0.6728533365242177,-0.06286364272981926,6.0,7.0,5.0,0.09999999999999432,0
146.5,146.5,0.7692307692307693,0.8320944119605885,0.09342844765332695,-0.6728533365242177,-0.06286364272981926,6.0,7.0,5.0,-0.29999999999998295,0
147.5,147.5,0.7142857142857143,0.7785769152416212,0.0887361698468831,-0.7245208021356262,-0.0642912009559069,7.0,7.0,5.0,-0.09999999999999432,0
147.5,147.5,0.7142857142857143,0.7785769152416212,0.0887361698468831,-0.7245208021356262,-0.0642912009559069,7.0,7.0,5.0,0.10000000000002274,0
147.5,147.5,0.7142857142857143,0.7785769152416212,0.0887361698468831,-0.7245208021356262,-0.0642912009559069,7.0,7.0,5.0,0.09999999999999432,0
147.5,147.5,0.7142857142857143,0.7785769152416212,0.0887361698468831,-0.7245208021356262,-0.0642912009559069,7.0,7.0,5.0,-0.29999999999998295,0
147.5,147.5,0.7142857142857143,0.7785769152416212,0.0887361698468831,-0.7245208021356262,-0.0642912009559069,7.0,7.0,5.0,-0.09999999999999432,0
148.5,148.5,0.7142857142857143,0.6890377844377845,0.10331664801378013,0.244374264296324,0.025247929847929784,9.0,5.0,5.0,-0.09999999999999432,0
148.5,148.5,0.7142857142857143,0.6890377844377845,0.10331664801378013,0.244374264296324,0.025247929847929784,9.0,5.0,5.0,0.10000000000002274,0
148.5,148.5,0.7142857142857143,0.6890377844377845,0.10331664801378013,0.244374264296324,0.025247929847929784,9.0,5.0,5.0,0.09999999999999432,0
148.5,148.5,0.7142857142857143,0.6890377844377845,0.10331664801378013,0.244374264296324,0.025247929847929784,9.0,5.0,5.0,-0.29999999999998295,0
148.5,148.5,0.7142857142857143,0.6890377844377845,0.10331664801378013,0.244374264296324,0.025247929847929784,9.0,5.0,5.0,-0.09999999999999432,0
149.5,149.5,0.6666666666666666,0.6794641636141635,0.09662633086270629,-0.13244316361013947,-0.012797496947496878,8.0,4.0,4.0,0.09999999999999432,0
149.5,149.5,0.6666666666666666,0.6794641636141635,0.09662633086270629,-0.13244316361013947,-0.012797496947496878,8.0,4.0,4.0,-0.29999999999998295,0
149.5,149.5,0.6666666666666666,0.6794641636141635,0.09662633086270629,-0.13244316361013947,-0.012797496947496878,8.0,4.0,4.0,-0.09999999999999432,0
149.5,149.5,0.6666666666666666,0.6794641636141635,0.09662633086270629,-0.13244316361013947,-0.012797496947496878,8.0,4.0,4.0,0.10000000000002274,0
150.5,150.5,0.5454545454545454,0.7214194583194583,0.10106737852380825,-1.7410653707957922,-0.1759649128649129,6.0,5.0,3.0,0.30000000000001137,0
150.5,150.5,0.5454545454545454,0.7214194583194583,0.10106737852380825,-1.7410653707957922,-0.1759649128649129,6.0,5.0,3.0,-0.09999999999999432,0
150.5,150.5,0.5454545454545454,0.7214194583194583,0.10106737852380825,-1.7410653707957922,-0.1759649128649129,6.0,5.0,3.0,0.10000000000002274,0
151.5,151.5,0.5454545454545454,0.7221033522033522,0.1021246121882563,-1.7297378463790172,-0.17664880674880679,6.0,5.0,3.0,-0.09999999999999432,0
151.5,151.5,0.5454545454545454,0.7221033522033522,0.1021246121882563,-1.7297378463790172,-0.17664880674880679,6.0,5.0,3.0,0.10000000000002274,0
151.5,151.5,0.5454545454545454,0.7221033522033522,0.1021246121882563,-1.7297378463790172,-0.17664880674880679,6.0,5.0,3.0,0.0,0
152.5,152.5,0.6666666666666666,0.7792541958041959,0.10139827773732193,-1.1103495212137005,-0.11258752913752923,6.0,6.0,4.0,0.10000000000002274,0
152.5,152.5,0.6666666666666666,0.7792541958041959,0.10139827773732193,-1.1103495212137005,-0.11258752913752923,6.0,6.0,4.0,0.0,0
152.5,152.5,0.6666666666666666,0.7792541958041959,0.10139827773732193,-1.1103495212137005,-0.11258752913752923,6.0,6.0,4.0,-0.09999999999999432,0
152.5,152.5,0.6666666666666666,0.7792541958041959,0.10139827773732193,-1.1103495212137005,-0.11258752913752923,6.0,6.0,4.0,0.20000000000001705,0
153.5,153.5,0.7142857142857143,0.8677903343388639,0.09108100557134735,-1.6853636945510373,-0.15350462005314958,6.0,8.0,5.0,0.10000000000002274,0
153.5,153.5,0.7142857142857143,0.8677903343388639,0.09108100557134735,-1.6853636945510373,-0.15350462005314958,6.0,8.0,5.0,0.0,0
153.5,153.5,0.7142857142857143,0.8677903343388639,0.09108100557134735,-1.6853636945510373,-0.15350462005314958,6.0,8.0,5.0,-0.09999999999999432,0
153.5,153.5,0.7142857142857143,0.8677903343388639,0.09108100557134735,-1.6853636945510373,-0.15350462005314958,6.0,8.0,5.0,0.20000000000001705,0
153.5,153.5,0.7142857142857143,0.8677903343388639,0.09108100557134735,-1.6853636945510373,-0.15350462005314958,6.0,8.0,5.0,-0.30000000000001137,0
154.5,154.5,0.8,0.8502473088830675,0.09042522437676308,-0.5556780116321143,-0.0502473088830675,6.0,9.0,6.0,0.0,0
154.5,154.5,0.8,0.8502473088830675,0.09042522437676308,-0.5556780116321143,-0.0502473088830675,6.0,9.0,6.0,-0.09999999999999432,0
154.5,154.5,0.8,0.8502473088830675,0.09042522437676308,-0.5556780116321143,-0.0502473088830675,6.0,9.0,6.0,0.20000000000001705,0
154.5,154.5,0.8,0.8502473088830675,0.09042522437676308,-0.5556780116321143,-0.0502473088830675,6.0,9.0,6.0,-0.30000000000001137,0
154.5,154.5,0.8,0.8502473088830675,0.09042522437676308,-0.5556780116321143,-0.0502473088830675,6.0,9.0,6.0,-0.5,0
154.5,154.5,0.8,0.8502473088830675,0.09042522437676308,-0.5556780116321143,-0.0502473088830675,6.0,9.0,6.0,-0.19999999999998863,0
155.5,155.5,0.9333333333333333,0.8748269661710839,0.09124028897616643,0.6412339090413484,0.05850636716224944,7.0,8.0,7.0,0.0,0
155.5,155.5,0.9333333333333333,0.8748269661710839,0.09124028897616643,0.6412339090413484,0.05850636716224944,7.0,8.0,7.0,-0.09999999999999432,0
155.5,155.5,0.9333333333333333,0.8748269661710839,0.09124028897616643,0.6412339090413484,0.05850636716224944,7.0,8.0,7.0,0.20000000000001705,0
155.5,155.5,0.9333333333333333,0.8748269661710839,0.09124028897616643,0.6412339090413484,0.05850636716224944,7.0,8.0,7.0,-0.30000000000001137,0
155.5,155.5,0.9333333333333333,0.8748269661710839,0.09124028897616643,0.6412339090413484,0.05850636716224944,7.0,8.0,7.0,-0.5,0
155.5,155.5,0.9333333333333333,0.8748269661710839,0.09124028897616643,0.6412339090413484,0.05850636716224944,7.0,8.0,7.0,-0.19999999999998863,0
155.5,155.5,0.9333333333333333,0.8748269661710839,0.09124028897616643,0.6412339090413484,0.05850636716224944,7.0,8.0,7.0,-0.09999999999999432,0
156.5,156.5,0.9411764705882353,0.8456786136721897,0.09181069169489857,1.0401605211013993,0.09549785691604562,8.0,9.0,8.0,-0.09999999999999432,0
156.5,156.5,0.9411764705882353,0.8456786136721897,0.09181069169489857,1.0401605211013993,0.09549785691604562,8.0,9.0,8.0,0.20000000000001705,0
156.5,156.5,0.9411764705882353,0.8456786136721897,0.09181069169489857,1.0401605211013993,0.09549785691604562,8.0,9.0,8.0,-0.30000000000001137,0
156.5,156.5,0.9411764705882353,0.8456786136721897,0.09181069169489857,1.0401605211013993,0.09549785691604562,8.0,9.0,8.0,-0.5,0
156.5,156.5,0.9411764705882353,0.8456786136721897,0.09181069169489857,1.0401605211013993,0.09549785691604562,8.0,9.0,8.0,-0.19999999999998863,0
156.5,156.5,0.9411764705882353,0.8456786136721897,0.09181069169489857,1.0401605211013993,0.09549785691604562,8.0,9.0,8.0,-0.09999999999999432,0
156.5,156.5,0.9411764705882353,0.8456786136721897,0.09181069169489857,1.0401605211013993,0.09549785691604562,8.0,9.0,8.0,0.10000000000002274,0
156.5,156.5,0.9411764705882353,0.8456786136721897,0.09181069169489857,1.0401605211013993,0.09549785691604562,8.0,9.0,8.0,-0.09999999999999432,0
157.5,157.5,0.9333333333333333,0.8685329957624076,0.08912852946672195,0.7270437194312774,0.06480033757092574,7.0,8.0,7.0,-0.30000000000001137,0
157.5,157.5,0.9333333333333333,0.8685329957624076,0.08912852946672195,0.7270437194312774,0.06480033757092574,7.0,8.0,7.0,-0.5,0
157.5,157.5,0.9333333333333333,0.8685329957624076,0.08912852946672195,0.7270437194312774,0.06480033757092574,7.0,8.0,7.0,-0.19999999999998863,0
157.5,157.5,0.9333333333333333,0.8685329957624076,0.08912852946672195,0.7270437194312774,0.06480033757092574,7.0,8.0,7.0,-0.09999999999999432,0
157.5,157.5,0.9333333333333333,0.8685329957624076,0.08912852946672195,0.7270437194312774,0.06480033757092574,7.0,8.0,7.0,0.10000000000002274,0
157.5,157.5,0.9333333333333333,0.8685329957624076,0.08912852946672195,0.7270437194312774,0.06480033757092574,7.0,8.0,7.0,-0.09999999999999432,0
157.5,157.5,0.9333333333333333,0.8685329957624076,0.08912852946672195,0.7270437194312774,0.06480033757092574,7.0,8.0,7.0,0.09999999999999432,0
158.5,158.5,1.0,0.869979765495942,0.09480746581440415,1.3714134576551875,0.13002023450405797,8.0,8.0,8.0,-0.5,0
158.5,158.5,1.0,0.869979765495942,0.09480746581440415,1.3714134576551875,0.13002023450405797,8.0,8.0,8.0,-0.19999999999998863,0
158.5,158.5,1.0,0.869979765495942,0.09480746581440415,1.3714134576551875,0.13002023450405797,8.0,8.0,8.0,-0.09999999999999432,0
158.5,158.5,1.0,0.869979765495942,0.09480746581440415,1.3714134576551875,0.13002023450405797,8.0,8.0,8.0,0.10000000000002274,0
158.5,158.5,1.0,0.869979765495942,0.09480746581440415,1.3714134576551875,0.13002023450405797,8.0,8.0,8.0,-0.09999999999999432,0
158.5,158.5,1.0,0.869979765495942,0.09480746581440415,1.3714134576551875,0.13002023450405797,8.0,8.0,8.0,0.09999999999999432,0
158.5,158.5,1.0,0.869979765495942,0.09480746581440415,1.3714134576551875,0.13002023450405797,8.0,8.0,8.0,0.09999999999999432,0
158.5,158.5,1.0,0.869979765495942,0.09480746581440415,1.3714134576551875,0.13002023450405797,8.0,8.0,8.0,0.0,0
159.5,159.5,0.8571428571428571,0.7771319881099293,0.0996862210327526,0.8026271655602195,0.08001086903292776,7.0,7.0,6.0,-0.09999999999999432,0
159.5,159.5,0.8571428571428571,0.7771319881099293,0.0996862210327526,0.8026271655602195,0.08001086903292776,7.0,7.0,6.0,0.10000000000002274,0
159.5,159.5,0.8571428571428571,0.7771319881099293,0.0996862210327526,0.8026271655602195,0.08001086903292776,7.0,7.0,6.0,-0.09999999999999432,0
159.5,159.5,0.8571428571428571,0.7771319881099293,0.0996862210327526,0.8026271655602195,0.08001086903292776,7.0,7.0,6.0,0.09999999999999432,0
159.5,159.5,0.8571428571428571,0.7771319881099293,0.0996862210327526,0.8026271655602195,0.08001086903292776,7.0,7.0,6.0,0.09999999999999432,0
159.5,159.5,0.8571428571428571,0.7771319881099293,0.0996862210327526,0.8026271655602195,0.08001086903292776,7.0,7.0,6.0,0.0,0
160.5,160.5,0.9333333333333333,0.8205451861863626,0.09135803393755415,1.234572837065043,0.11278814714697072,8.0,7.0,7.0,0.10000000000002274,0
160.5,160.5,0.9333333333333333,0.8205451861863626,0.09135803393755415,1.234572837065043,0.11278814714697072,8.0,7.0,7.0,-0.09999999999999432,0
160.5,160.5,0.9333333333333333,0.8205451861863626,0.09135803393755415,1.234572837065043,0.11278814714697072,8.0,7.0,7.0,0.09999999999999432,0
160.5,160.5,0.9333333333333333,0.8205451861863626,0.09135803393755415,1.234572837065043,0.11278814714697072,8.0,7.0,7.0,0.09999999999999432,0
160.5,160.5,0.9333333333333333,0.8205451861863626,0.09135803393755415,1.234572837065043,0.11278814714697072,8.0,7.0,7.0,0.0,0
160.5,160.5,0.9333333333333333,0.8205451861863626,0.09135803393755415,1.234572837065043,0.11278814714697072,8.0,7.0,7.0,-0.30000000000001137,0
160.5,160.5,0.9333333333333333,0.8205451861863626,0.09135803393755415,1.234572837065043,0.11278814714697072,8.0,7.0,7.0,-0.19999999999998863,0
161.5,161.5,0.8,0.7908777340306753,0.08519401908907721,0.10707636600389384,0.00912226596932475,8.0,7.0,6.0,0.09999999999999432,0
161.5,161.5,0.8,0.7908777340306753,0.08519401908907721,0.10707636600389384,0.00912226596932475,8.0,7.0,6.0,0.09999999999999432,0
161.5,161.5,0.8,0.7908777340306753,0.08519401908907721,0.10707636600389384,0.00912226596932475,8.0,7.0,6.0,0.0,0
161.5,161.5,0.8,0.7908777340306753,0.08519401908907721,0.10707636600389384,0.00912226596932475,8.0,7.0,6.0,-0.30000000000001137,0
161.5,161.5,0.8,0.7908777340306753,0.08519401908907721,0.10707636600389384,0.00912226596932475,8.0,7.0,6.0,-0.19999999999998863,0
161.5,161.5,0.8,0.7908777340306753,0.08519401908907721,0.10707636600389384,0.00912226596932475,8.0,7.0,6.0,-0.29999999999998295,0
162.5,162.5,0.8,0.7789246354952237,0.09473279970547473,0.22247167370013182,0.021075364504776317,7.0,8.0,6.0,0.09999999999999432,0
162.5,162.5,0.8,0.7789246354952237,0.09473279970547473,0.22247167370013182,0.021075364504776317,7.0,8.0,6.0,0.0,0
162.5,162.5,0.8,0.7789246354952237,0.09473279970547473,0.22247167370013182,0.021075364504776317,7.0,8.0,6.0,-0.30000000000001137,0
162.5,162.5,0.8,0.7789246354952237,0.09473279970547473,0.22247167370013182,0.021075364504776317,7.0,8.0,6.0,-0.19999999999998863,0
162.5,162.5,0.8,0.7789246354952237,0.09473279970547473,0.22247167370013182,0.021075364504776317,7.0,8.0,6.0,-0.29999999999998295,0
162.5,162.5,0.8,0.7789246354952237,0.09473279970547473,0.22247167370013182,0.021075364504776317,7.0,8.0,6.0,-0.29999999999998295,0
163.5,163.5,0.7692307692307693,0.7680644620085798,0.10420337311086103,0.011192605261910694,0.0011663072221894666,6.0,7.0,5.0,-0.30000000000001137,0
163.5,163.5,0.7692307692307693,0.7680644620085798,0.10420337311086103,0.011192605261910694,0.0011663072221894666,6.0,7.0,5.0,-0.19999999999998863,0
163.5,163.5,0.7692307692307693,0.7680644620085798,0.10420337311086103,0.011192605261910694,0.0011663072221894666,6.0,7.0,5.0,-0.29999999999998295,0
163.5,163.5,0.7692307692307693,0.7680644620085798,0.10420337311086103,0.011192605261910694,0.0011663072221894666,6.0,7.0,5.0,-0.29999999999998295,0
163.5,163.5,0.7692307692307693,0.7680644620085798,0.10420337311086103,0.011192605261910694,0.0011663072221894666,6.0,7.0,5.0,0.09999999999999432,0
164.5,164.5,0.875,0.8398982343679712,0.08907250408641579,0.3940808220455329,0.035101765632028825,7.0,9.0,7.0,-0.30000000000001137,0
164.5,164.5,0.875,0.8398982343679712,0.08907250408641579,0.3940808220455329,0.035101765632028825,7.0,9.0,7.0,-0.19999999999998863,0
164.5,164.5,0.875,0.8398982343679712,0.08907250408641579,0.3940808220455329,0.035101765632028825,7.0,9.0,7.0,-0.29999999999998295,0
164.5,164.5,0.875,0.8398982343679712,0.08907250408641579,0.3940808220455329,0.035101765632028825,7.0,9.0,7.0,-0.29999999999998295,0
164.5,164.5,0.875,0.8398982343679712,0.08907250408641579,0.3940808220455329,0.035101765632028825,7.0,9.0,7.0,0.09999999999999432,0
164.5,164.5,0.875,0.8398982343679712,0.08907250408641579,0.3940808220455329,0.035101765632028825,7.0,9.0,7.0,-0.09999999999999432,0
164.5,164.5,0.875,0.8398982343679712,0.08907250408641579,0.3940808220455329,0.035101765632028825,7.0,9.0,7.0,0.0,0
165.5,165.5,0.75,0.7956881714089146,0.08973696522216434,-0.5091343494378606,-0.04568817140891457,6.0,10.0,6.0,-0.29999999999998295,0
165.5,165.5,0.75,0.7956881714089146,0.08973696522216434,-0.5091343494378606,-0.04568817140891457,6.0,10.0,6.0,-0.29999999999998295,0
165.5,165.5,0.75,0.7956881714089146,0.08973696522216434,-0.5091343494378606,-0.04568817140891457,6.0,10.0,6.0,0.09999999999999432,0
165.5,165.5,0.75,0.7956881714089146,0.08973696522216434,-0.5091343494378606,-0.04568817140891457,6.0,10.0,6.0,-0.09999999999999432,0
165.5,165.5,0.75,0.7956881714089146,0.08973696522216434,-0.5091343494378606,-0.04568817140891457,6.0,10.0,6.0,0.0,0
165.5,165.5,0.75,0.7956881714089146,0.08973696522216434,-0.5091343494378606,-0.04568817140891457,6.0,10.0,6.0,0.09999999999999432,0
166.5,166.5,0.6666666666666666,0.7945275001228563,0.0887289179099651,-1.441027755865709,-0.1278608334561897,5.0,10.0,5.0,0.09999999999999432,0
166.5,166.5,0.6666666666666666,0.7945275001228563,0.0887289179099651,-1.441027755865709,-0.1278608334561897,5.0,10.0,5.0,-0.09999999999999432,0
166.5,166.5,0.6666666666666666,0.7945275001228563,0.0887289179099651,-1.441027755865709,-0.1278608334561897,5.0,10.0,5.0,0.0,0
166.5,166.5,0.6666666666666666,0.7945275001228563,0.0887289179099651,-1.441027755865709,-0.1278608334561897,5.0,10.0,5.0,0.09999999999999432,0
166.5,166.5,0.6666666666666666,0.7945275001228563,0.0887289179099651,-1.441027755865709,-0.1278608334561897,5.0,10.0,5.0,0.19999999999998863,0
167.5,167.5,0.8,0.8318774812219085,0.08955604441078077,-0.35595008055169375,-0.03187748122190848,6.0,9.0,6.0,0.09999999999999432,0
167.5,167.5,0.8,0.8318774812219085,0.08955604441078077,-0.35595008055169375,-0.03187748122190848,6.0,9.0,6.0,-0.09999999999999432,0
167.5,167.5,0.8,0.8318774812219085,0.08955604441078077,-0.35595008055169375,-0.03187748122190848,6.0,9.0,6.0,0.0,0
167.5,167.5,0.8,0.8318774812219085,0.08955604441078077,-0.35595008055169375,-0.03187748122190848,6.0,9.0,6.0,0.09999999999999432,0
167.5,167.5,0.8,0.8318774812219085,0.08955604441078077,-0.35595008055169375,-0.03187748122190848,6.0,9.0,6.0,0.19999999999998863,0
167.5,167.5,0.8,0.8318774812219085,0.08955604441078077,-0.35595008055169375,-0.03187748122190848,6.0,9.0,6.0,0.30000000000001137,0
168.5,168.5,0.7142857142857143,0.8495252198180216,0.09069802951436838,-1.4910964026057778,-0.13523950553230735,5.0,9.0,5.0,-0.09999999999999432,0
168.5,168.5,0.7142857142857143,0.8495252198180216,0.09069802951436838,-1.4910964026057778,-0.13523950553230735,5.0,9.0,5.0,0.0,0
168.5,168.5,0.7142857142857143,0.8495252198180216,0.09069802951436838,-1.4910964026057778,-0.13523950553230735,5.0,9.0,5.0,0.09999999999999432,0
168.5,168.5,0.7142857142857143,0.8495252198180216,0.09069802951436838,-1.4910964026057778,-0.13523950553230735,5.0,9.0,5.0,0.19999999999998863,0
168.5,168.5,0.7142857142857143,0.8495252198180216,0.09069802951436838,-1.4910964026057778,-0.13523950553230735,5.0,9.0,5.0,-0.30000000000001137,0
169.5,169.5,0.6666666666666666,0.8778515118868061,0.08667297802328593,-2.4365707748429006,-0.21118484522013947,4.0,8.0,4.0,0.09999999999999432,0
169.5,169.5,0.6666666666666666,0.8778515118868061,0.08667297802328593,-2.4365707748429006,-0.21118484522013947,4.0,8.0,4.0,0.19999999999998863,0
169.5,169.5,0.6666666666666666,0.8778515118868061,0.08667297802328593,-2.4365707748429006,-0.21118484522013947,4.0,8.0,4.0,-0.30000000000001137,0
169.5,169.5,0.6666666666666666,0.8778515118868061,0.08667297802328593,-2.4365707748429006,-0.21118484522013947,4.0,8.0,4.0,0.19999999999998863,0
170.5,170.5,0.7142857142857143,0.8380701585222484,0.08581136448812936,-1.4425180740909642,-0.12378444423653412,5.0,9.0,5.0,0.19999999999998863,0
170.5,170.5,0.7142857142857143,0.8380701585222484,0.08581136448812936,-1.4425180740909642,-0.12378444423653412,5.0,9.0,5.0,-0.30000000000001137,0
170.5,170.5,0.7142857142857143,0.8380701585222484,0.08581136448812936,-1.4425180740909642,-0.12378444423653412,5.0,9.0,5.0,0.19999999999998863,0
170.5,170.5,0.7142857142857143,0.8380701585222484,0.08581136448812936,-1.4425180740909642,-0.12378444423653412,5.0,9.0,5.0,-0.20000000000001705,0
170.5,170.5,0.7142857142857143,0.8380701585222484,0.08581136448812936,-1.4425180740909642,-0.12378444423653412,5.0,9.0,5.0,0.09999999999999432,0
171.5,171.5,0.7692307692307693,0.8535786899375135,0.08761462752202834,-0.9627150521816374,-0.08434792070674424,5.0,8.0,5.0,-0.30000000000001137,0
171.5,171.5,0.7692307692307693,0.8535786899375135,0.08761462752202834,-0.9627150521816374,-0.08434792070674424,5.0,8.0,5.0,0.19999999999998863,0
171.5,171.5,0.7692307692307693,0.8535786899375135,0.08761462752202834,-0.9627150521816374,-0.08434792070674424,5.0,8.0,5.0,-0.20000000000001705,0
171.5,171.5,0.7692307692307693,0.8535786899375135,0.08761462752202834,-0.9627150521816374,-0.08434792070674424,5.0,8.0,5.0,0.09999999999999432,0
171.5,171.5,0.7692307692307693,0.8535786899375135,0.08761462752202834,-0.9627150521816374,-0.08434792070674424,5.0,8.0,5.0,0.09999999999999432,0
172.5,172.5,0.8571428571428571,0.8417903405418112,0.09276586790523719,0.16549747172881374,0.015352516601045862,7.0,7.0,6.0,-0.30000000000001137,0
172.5,172.5,0.8571428571428571,0.8417903405418112,0.09276586790523719,0.16549747172881374,0.015352516601045862,7.0,7.0,6.0,0.19999999999998863,0
172.5,172.5,0.8571428571428571,0.8417903405418112,0.09276586790523719,0.16549747172881374,0.015352516601045862,7.0,7.0,6.0,-0.20000000000001705,0
172.5,172.5,0.8571428571428571,0.8417903405418112,0.09276586790523719,0.16549747172881374,0.015352516601045862,7.0,7.0,6.0,0.09999999999999432,0
172.5,172.5,0.8571428571428571,0.8417903405418112,0.09276586790523719,0.16549747172881374,0.015352516601045862,7.0,7.0,6.0,0.09999999999999432,0
172.5,172.5,0.8571428571428571,0.8417903405418112,0.09276586790523719,0.16549747172881374,0.015352516601045862,7.0,7.0,6.0,0.09999999999999432,0
173.5,173.5,0.9333333333333333,0.8136362152553329,0.09064240258055695,1.3205422039825299,0.11969711807800043,7.0,8.0,7.0,0.19999999999998863,0
173.5,173.5,0.9333333333333333,0.8136362152553329,0.09064240258055695,1.3205422039825299,0.11969711807800043,7.0,8.0,7.0,-0.20000000000001705,0
173.5,173.5,0.9333333333333333,0.8136362152553329,0.09064240258055695,1.3205422039825299,0.11969711807800043,7.0,8.0,7.0,0.09999999999999432,0
173.5,173.5,0.9333333333333333,0.8136362152553329,0.09064240258055695,1.3205422039825299,0.11969711807800043,7.0,8.0,7.0,0.09999999999999432,0
173.5,173.5,0.9333333333333333,0.8136362152553329,0.09064240258055695,1.3205422039825299,0.11969711807800043,7.0,8.0,7.0,0.09999999999999432,0
173.5,173.5,0.9333333333333333,0.8136362152553329,0.09064240258055695,1.3205422039825299,0.11969711807800043,7.0,8.0,7.0,-0.5,0
173.5,173.5,0.9333333333333333,0.8136362152553329,0.09064240258055695,1.3205422039825299,0.11969711807800043,7.0,8.0,7.0,-0.30000000000001137,0
174.5,174.5,1.0,0.8418542717086837,0.08798375247711195,1.7974424122505608,0.15814572829131635,7.0,7.0,7.0,-0.20000000000001705,0
174.5,174.5,1.0,0.8418542717086837,0.08798375247711195,1.7974424122505608,0.15814572829131635,7.0,7.0,7.0,0.09999999999999432,0
174.5,174.5,1.0,0.8418542717086837,0.08798375247711195,1.7974424122505608,0.15814572829131635,7.0,7.0,7.0,0.09999999999999432,0
174.5,174.5,1.0,0.8418542717086837,0.08798375247711195,1.7974424122505608,0.15814572829131635,7.0,7.0,7.0,0.09999999999999432,0
174.5,174.5,1.0,0.8418542717086837,0.08798375247711195,1.7974424122505608,0.15814572829131635,7.0,7.0,7.0,-0.5,0
174.5,174.5,1.0,0.8418542717086837,0.08798375247711195,1.7974424122505608,0.15814572829131635,7.0,7.0,7.0,-0.30000000000001137,0
174.5,174.5,1.0,0.8418542717086837,0.08798375247711195,1.7974424122505608,0.15814572829131635,7.0,7.0,7.0,-0.19999999999998863,0
175.5,175.5,0.9333333333333333,0.8488232350982353,0.09153475981325075,0.9232568961508782,0.08451009823509803,8.0,7.0,7.0,-0.5,0
175.5,175.5,0.9333333333333333,0.8488232350982353,0.09153475981325075,0.9232568961508782,0.08451009823509803,8.0,7.0,7.0,-0.5,0
175.5,175.5,0.9333333333333333,0.8488232350982353,0.09153475981325075,0.9232568961508782,0.08451009823509803,8.0,7.0,7.0,-0.5,0
175.5,175.5,0.9333333333333333,0.8488232350982353,0.09153475981325075,0.9232568961508782,0.08451009823509803,8.0,7.0,7.0,-0.30000000000001137,0
175.5,175.5,0.9333333333333333,0.8488232350982353,0.09153475981325075,0.9232568961508782,0.08451009823509803,8.0,7.0,7.0,-0.19999999999998863,0
175.5,175.5,0.9333333333333333,0.8488232350982353,0.09153475981325075,0.9232568961508782,0.08451009823509803,8.0,7.0,7.0,0.0,0
175.5,175.5,0.9333333333333333,0.8488232350982353,0.09153475981325075,0.9232568961508782,0.08451009823509803,8.0,7.0,7.0,0.09999999999999432,0
176.5,176.5,0.9333333333333333,0.84127673094879,0.10136386590623334,0.9081796709460584,0.09205660238454338,7.0,8.0,7.0,0.09999999999999432,0
176.5,176.5,0.9333333333333333,0.84127673094879,0.10136386590623334,0.9081796709460584,0.09205660238454338,7.0,8.0,7.0,-0.5,0
176.5,176.5,0.9333333333333333,0.84127673094879,0.10136386590623334,0.9081796709460584,0.09205660238454338,7.0,8.0,7.0,-0.30000000000001137,0
176.5,176.5,0.9333333333333333,0.84127673094879,0.10136386590623334,0.9081796709460584,0.09205660238454338,7.0,8.0,7.0,-0.19999999999998863,0
176.5,176.5,0.9333333333333333,0.84127673094879,0.10136386590623334,0.9081796709460584,0.09205660238454338,7.0,8.0,7.0,0.0,0
176.5,176.5,0.9333333333333333,0.84127673094879,0.10136386590623334,0.9081796709460584,0.09205660238454338,7.0,8.0,7.0,0.09999999999999432,0
176.5,176.5,0.9333333333333333,0.84127673094879,0.10136386590623334,0.9081796709460584,0.09205660238454338,7.0,8.0,7.0,-0.20000000000001705,0
