t_center,t_center_abs,S,S_null_mean,S_null_sd,z_S_t,S_excess,nA,nB,nM,dt,episode
7.5,7.5,0.7692307692307693,0.7720596736596738,0.0743446918616484,-0.03805119582940679,-0.0028289044289044885,8.0,5.0,5.0,-0.10000000000000053,0
7.5,7.5,0.7692307692307693,0.7720596736596738,0.0743446918616484,-0.03805119582940679,-0.0028289044289044885,8.0,5.0,5.0,-0.10000000000000053,0
7.5,7.5,0.7692307692307693,0.7720596736596738,0.0743446918616484,-0.03805119582940679,-0.0028289044289044885,8.0,5.0,5.0,-0.10000000000000053,0
7.5,7.5,0.7692307692307693,0.7720596736596738,0.0743446918616484,-0.03805119582940679,-0.0028289044289044885,8.0,5.0,5.0,-0.3000000000000007,0
7.5,7.5,0.7692307692307693,0.7720596736596738,0.0743446918616484,-0.03805119582940679,-0.0028289044289044885,8.0,5.0,5.0,-0.3000000000000007,0
8.5,8.5,0.7692307692307693,0.7669410256410257,0.07684305732862733,0.029797663827341173,0.0022897435897435425,8.0,5.0,5.0,-0.10000000000000053,0
8.5,8.5,0.7692307692307693,0.7669410256410257,0.07684305732862733,0.029797663827341173,0.0022897435897435425,8.0,5.0,5.0,-0.10000000000000053,0
8.5,8.5,0.7692307692307693,0.7669410256410257,0.07684305732862733,0.029797663827341173,0.0022897435897435425,8.0,5.0,5.0,-0.3000000000000007,0
8.5,8.5,0.7692307692307693,0.7669410256410257,0.07684305732862733,0.029797663827341173,0.0022897435897435425,8.0,5.0,5.0,-0.3000000000000007,0
8.5,8.5,0.7692307692307693,0.7669410256410257,0.07684305732862733,0.029797663827341173,0.0022897435897435425,8.0,5.0,5.0,-0.3000000000000007,0
9.5,9.5,0.7142857142857143,0.7809714618714619,0.06965906299520597,-0.9573161727762121,-0.06668574758574763,9.0,5.0,5.0,-0.10000000000000053,0
9.5,9.5,0.7142857142857143,0.7809714618714619,0.06965906299520597,-0.9573161727762121,-0.06668574758574763,9.0,5.0,5.0,-0.3000000000000007,0
9.5,9.5,0.7142857142857143,0.7809714618714619,0.06965906299520597,-0.9573161727762121,-0.06668574758574763,9.0,5.0,5.0,-0.3000000000000007,0
9.5,9.5,0.7142857142857143,0.7809714618714619,0.06965906299520597,-0.9573161727762121,-0.06668574758574763,9.0,5.0,5.0,-0.3000000000000007,0
9.5,9.5,0.7142857142857143,0.7809714618714619,0.06965906299520597,-0.9573161727762121,-0.06668574758574763,9.0,5.0,5.0,-0.3999999999999986,0
10.5,10.5,0.7692307692307693,0.7810136530136531,0.07021082333229327,-0.16782147286776414,-0.011782883782883835,8.0,5.0,5.0,-0.3000000000000007,0
10.5,10.5,0.7692307692307693,0.7810136530136531,0.07021082333229327,-0.16782147286776414,-0.011782883782883835,8.0,5.0,5.0,-0.3000000000000007,0
10.5,10.5,0.7692307692307693,0.7810136530136531,0.07021082333229327,-0.16782147286776414,-0.011782883782883835,8.0,5.0,5.0,-0.3000000000000007,0
10.5,10.5,0.7692307692307693,0.7810136530136531,0.07021082333229327,-0.16782147286776414,-0.011782883782883835,8.0,5.0,5.0,-0.3999999999999986,0
10.5,10.5,0.7692307692307693,0.7810136530136531,0.07021082333229327,-0.16782147286776414,-0.011782883782883835,8.0,5.0,5.0,0.0,0
11.5,11.5,0.7692307692307693,0.7833034965034966,0.07119713517195256,-0.19765861700389267,-0.014072727272727348,8.0,5.0,5.0,-0.3000000000000007,0
11.5,11.5,0.7692307692307693,0.7833034965034966,0.07119713517195256,-0.19765861700389267,-0.014072727272727348,8.0,5.0,5.0,-0.3000000000000007,0
11.5,11.5,0.7692307692307693,0.7833034965034966,0.07119713517195256,-0.19765861700389267,-0.014072727272727348,8.0,5.0,5.0,-0.3999999999999986,0
11.5,11.5,0.7692307692307693,0.7833034965034966,0.07119713517195256,-0.19765861700389267,-0.014072727272727348,8.0,5.0,5.0,0.0,0
11.5,11.5,0.7692307692307693,0.7833034965034966,0.07119713517195256,-0.19765861700389267,-0.014072727272727348,8.0,5.0,5.0,-0.20000000000000107,0
12.5,12.5,0.8571428571428571,0.835452047952048,0.07074900197259891,0.30658820034252887,0.021690809190809124,8.0,6.0,6.0,-0.3000000000000007,0
12.5,12.5,0.8571428571428571,0.835452047952048,0.07074900197259891,0.30658820034252887,0.021690809190809124,8.0,6.0,6.0,-0.3999999999999986,0
12.5,12.5,0.8571428571428571,0.835452047952048,0.07074900197259891,0.30658820034252887,0.021690809190809124,8.0,6.0,6.0,0.0,0
12.5,12.5,0.8571428571428571,0.835452047952048,0.07074900197259891,0.30658820034252887,0.021690809190809124,8.0,6.0,6.0,-0.20000000000000107,0
12.5,12.5,0.8571428571428571,0.835452047952048,0.07074900197259891,0.30658820034252887,0.021690809190809124,8.0,6.0,6.0,-0.09999999999999964,0
12.5,12.5,0.8571428571428571,0.835452047952048,0.07074900197259891,0.30658820034252887,0.021690809190809124,8.0,6.0,6.0,-0.1999999999999993,0
13.5,13.5,1.0,0.8628736964016377,0.07201257459543532,1.9041994314011703,0.1371263035983623,7.0,7.0,7.0,0.3000000000000007,0
13.5,13.5,1.0,0.8628736964016377,0.07201257459543532,1.9041994314011703,0.1371263035983623,7.0,7.0,7.0,0.20000000000000107,0
13.5,13.5,1.0,0.8628736964016377,0.07201257459543532,1.9041994314011703,0.1371263035983623,7.0,7.0,7.0,0.0,0
13.5,13.5,1.0,0.8628736964016377,0.07201257459543532,1.9041994314011703,0.1371263035983623,7.0,7.0,7.0,-0.20000000000000107,0
13.5,13.5,1.0,0.8628736964016377,0.07201257459543532,1.9041994314011703,0.1371263035983623,7.0,7.0,7.0,-0.09999999999999964,0
13.5,13.5,1.0,0.8628736964016377,0.07201257459543532,1.9041994314011703,0.1371263035983623,7.0,7.0,7.0,-0.1999999999999993,0
13.5,13.5,1.0,0.8628736964016377,0.07201257459543532,1.9041994314011703,0.1371263035983623,7.0,7.0,7.0,-0.40000000000000036,0
14.5,14.5,0.9230769230769231,0.8434199966699969,0.06928636320846993,1.1496768298727584,0.07965692640692623,7.0,6.0,6.0,0.0,0
14.5,14.5,0.9230769230769231,0.8434199966699969,0.06928636320846993,1.1496768298727584,0.07965692640692623,7.0,6.0,6.0,-0.20000000000000107,0
14.5,14.5,0.9230769230769231,0.8434199966699969,0.06928636320846993,1.1496768298727584,0.07965692640692623,7.0,6.0,6.0,-0.09999999999999964,0
14.5,14.5,0.9230769230769231,0.8434199966699969,0.06928636320846993,1.1496768298727584,0.07965692640692623,7.0,6.0,6.0,-0.1999999999999993,0
14.5,14.5,0.9230769230769231,0.8434199966699969,0.06928636320846993,1.1496768298727584,0.07965692640692623,7.0,6.0,6.0,-0.40000000000000036,0
14.5,14.5,0.9230769230769231,0.8434199966699969,0.06928636320846993,1.1496768298727584,0.07965692640692623,7.0,6.0,6.0,-0.3000000000000007,0
15.5,15.5,0.8571428571428571,0.8383209623709624,0.07153715377859275,0.2631065645992622,0.018821894771894665,8.0,6.0,6.0,-0.20000000000000107,0
15.5,15.5,0.8571428571428571,0.8383209623709624,0.07153715377859275,0.2631065645992622,0.018821894771894665,8.0,6.0,6.0,-0.09999999999999964,0
15.5,15.5,0.8571428571428571,0.8383209623709624,0.07153715377859275,0.2631065645992622,0.018821894771894665,8.0,6.0,6.0,-0.1999999999999993,0
15.5,15.5,0.8571428571428571,0.8383209623709624,0.07153715377859275,0.2631065645992622,0.018821894771894665,8.0,6.0,6.0,-0.40000000000000036,0
15.5,15.5,0.8571428571428571,0.8383209623709624,0.07153715377859275,0.2631065645992622,0.018821894771894665,8.0,6.0,6.0,-0.3000000000000007,0
15.5,15.5,0.8571428571428571,0.8383209623709624,0.07153715377859275,0.2631065645992622,0.018821894771894665,8.0,6.0,6.0,0.0,0
16.5,16.5,0.8571428571428571,0.8324431068931071,0.0769712333241023,0.32089586177925633,0.02469975024975002,8.0,6.0,6.0,-0.09999999999999964,0
16.5,16.5,0.8571428571428571,0.8324431068931071,0.0769712333241023,0.32089586177925633,0.02469975024975002,8.0,6.0,6.0,-0.1999999999999993,0
16.5,16.5,0.8571428571428571,0.8324431068931071,0.0769712333241023,0.32089586177925633,0.02469975024975002,8.0,6.0,6.0,-0.40000000000000036,0
16.5,16.5,0.8571428571428571,0.8324431068931071,0.0769712333241023,0.32089586177925633,0.02469975024975002,8.0,6.0,6.0,-0.3000000000000007,0
16.5,16.5,0.8571428571428571,0.8324431068931071,0.0769712333241023,0.32089586177925633,0.02469975024975002,8.0,6.0,6.0,0.0,0
16.5,16.5,0.8571428571428571,0.8324431068931071,0.0769712333241023,0.32089586177925633,0.02469975024975002,8.0,6.0,6.0,-0.29999999999999716,0
17.5,17.5,0.6153846153846154,0.7245682650682651,0.08383192789538776,-1.3024112939391999,-0.10918364968364969,8.0,5.0,4.0,-0.40000000000000036,0
17.5,17.5,0.6153846153846154,0.7245682650682651,0.08383192789538776,-1.3024112939391999,-0.10918364968364969,8.0,5.0,4.0,-0.3000000000000007,0
17.5,17.5,0.6153846153846154,0.7245682650682651,0.08383192789538776,-1.3024112939391999,-0.10918364968364969,8.0,5.0,4.0,0.0,0
17.5,17.5,0.6153846153846154,0.7245682650682651,0.08383192789538776,-1.3024112939391999,-0.10918364968364969,8.0,5.0,4.0,-0.29999999999999716,0
18.5,18.5,0.6153846153846154,0.6879434121434121,0.07004315414695635,-1.0359156100617963,-0.07255879675879673,9.0,4.0,4.0,-0.3000000000000007,0
18.5,18.5,0.6153846153846154,0.6879434121434121,0.07004315414695635,-1.0359156100617963,-0.07255879675879673,9.0,4.0,4.0,0.0,0
18.5,18.5,0.6153846153846154,0.6879434121434121,0.07004315414695635,-1.0359156100617963,-0.07255879675879673,9.0,4.0,4.0,-0.29999999999999716,0
18.5,18.5,0.6153846153846154,0.6879434121434121,0.07004315414695635,-1.0359156100617963,-0.07255879675879673,9.0,4.0,4.0,-0.5,0
19.5,19.5,0.8571428571428571,0.8086906926406927,0.08479111813820976,0.5714297153528182,0.048452164502164385,8.0,6.0,6.0,0.3999999999999986,0
19.5,19.5,0.8571428571428571,0.8086906926406927,0.08479111813820976,0.5714297153528182,0.048452164502164385,8.0,6.0,6.0,0.0,0
19.5,19.5,0.8571428571428571,0.8086906926406927,0.08479111813820976,0.5714297153528182,0.048452164502164385,8.0,6.0,6.0,-0.29999999999999716,0
19.5,19.5,0.8571428571428571,0.8086906926406927,0.08479111813820976,0.5714297153528182,0.048452164502164385,8.0,6.0,6.0,-0.5,0
19.5,19.5,0.8571428571428571,0.8086906926406927,0.08479111813820976,0.5714297153528182,0.048452164502164385,8.0,6.0,6.0,-0.10000000000000142,0
19.5,19.5,0.8571428571428571,0.8086906926406927,0.08479111813820976,0.5714297153528182,0.048452164502164385,8.0,6.0,6.0,-0.3999999999999986,0
20.5,20.5,0.8,0.821854711954712,0.07895037644692177,-0.27681580428441527,-0.021854711954712003,9.0,6.0,6.0,0.0,0
20.5,20.5,0.8,0.821854711954712,0.07895037644692177,-0.27681580428441527,-0.021854711954712003,9.0,6.0,6.0,-0.29999999999999716,0
20.5,20.5,0.8,0.821854711954712,0.07895037644692177,-0.27681580428441527,-0.021854711954712003,9.0,6.0,6.0,-0.5,0
20.5,20.5,0.8,0.821854711954712,0.07895037644692177,-0.27681580428441527,-0.021854711954712003,9.0,6.0,6.0,-0.10000000000000142,0
20.5,20.5,0.8,0.821854711954712,0.07895037644692177,-0.27681580428441527,-0.021854711954712003,9.0,6.0,6.0,-0.3999999999999986,0
20.5,20.5,0.8,0.821854711954712,0.07895037644692177,-0.27681580428441527,-0.021854711954712003,9.0,6.0,6.0,-0.3999999999999986,0
21.5,21.5,0.6153846153846154,0.6762822066822066,0.07144324518016816,-0.8523911692983354,-0.0608975912975912,9.0,4.0,4.0,-0.5,0
21.5,21.5,0.6153846153846154,0.6762822066822066,0.07144324518016816,-0.8523911692983354,-0.0608975912975912,9.0,4.0,4.0,-0.10000000000000142,0
21.5,21.5,0.6153846153846154,0.6762822066822066,0.07144324518016816,-0.8523911692983354,-0.0608975912975912,9.0,4.0,4.0,-0.3999999999999986,0
21.5,21.5,0.6153846153846154,0.6762822066822066,0.07144324518016816,-0.8523911692983354,-0.0608975912975912,9.0,4.0,4.0,-0.3999999999999986,0
22.5,22.5,0.6666666666666666,0.6644594516594516,0.07366629811968772,0.029962344566695425,0.002207215007214991,8.0,4.0,4.0,0.09999999999999787,0
22.5,22.5,0.6666666666666666,0.6644594516594516,0.07366629811968772,0.029962344566695425,0.002207215007214991,8.0,4.0,4.0,-0.10000000000000142,0
22.5,22.5,0.6666666666666666,0.6644594516594516,0.07366629811968772,0.029962344566695425,0.002207215007214991,8.0,4.0,4.0,-0.3999999999999986,0
22.5,22.5,0.6666666666666666,0.6644594516594516,0.07366629811968772,0.029962344566695425,0.002207215007214991,8.0,4.0,4.0,-0.3999999999999986,0
23.5,23.5,0.6666666666666666,0.6488797757797756,0.08361866597667783,0.2127143584406377,0.017786890886891005,8.0,4.0,4.0,-0.10000000000000142,0
23.5,23.5,0.6666666666666666,0.6488797757797756,0.08361866597667783,0.2127143584406377,0.017786890886891005,8.0,4.0,4.0,-0.3999999999999986,0
23.5,23.5,0.6666666666666666,0.6488797757797756,0.08361866597667783,0.2127143584406377,0.017786890886891005,8.0,4.0,4.0,-0.3999999999999986,0
23.5,23.5,0.6666666666666666,0.6488797757797756,0.08361866597667783,0.2127143584406377,0.017786890886891005,8.0,4.0,4.0,0.0,0
24.5,24.5,0.6666666666666666,0.5978692862692863,0.10236616995080088,0.6720714512464977,0.06879738039738037,8.0,4.0,4.0,0.3000000000000007,0
24.5,24.5,0.6666666666666666,0.5978692862692863,0.10236616995080088,0.6720714512464977,0.06879738039738037,8.0,4.0,4.0,0.10000000000000142,0
24.5,24.5,0.6666666666666666,0.5978692862692863,0.10236616995080088,0.6720714512464977,0.06879738039738037,8.0,4.0,4.0,0.0,0
24.5,24.5,0.6666666666666666,0.5978692862692863,0.10236616995080088,0.6720714512464977,0.06879738039738037,8.0,4.0,4.0,-0.10000000000000142,0
25.5,25.5,0.5454545454545454,0.5589048562548562,0.07651636653747046,-0.17578344880927005,-0.013450310800310783,8.0,3.0,3.0,0.0,0
25.5,25.5,0.5454545454545454,0.5589048562548562,0.07651636653747046,-0.17578344880927005,-0.013450310800310783,8.0,3.0,3.0,-0.10000000000000142,0
25.5,25.5,0.5454545454545454,0.5589048562548562,0.07651636653747046,-0.17578344880927005,-0.013450310800310783,8.0,3.0,3.0,-0.5,0
26.5,26.5,0.6666666666666666,0.6856795315795317,0.07246667013424024,-0.2623670285614726,-0.019012864912865024,8.0,4.0,4.0,0.0,0
26.5,26.5,0.6666666666666666,0.6856795315795317,0.07246667013424024,-0.2623670285614726,-0.019012864912865024,8.0,4.0,4.0,-0.10000000000000142,0
26.5,26.5,0.6666666666666666,0.6856795315795317,0.07246667013424024,-0.2623670285614726,-0.019012864912865024,8.0,4.0,4.0,-0.5,0
26.5,26.5,0.6666666666666666,0.6856795315795317,0.07246667013424024,-0.2623670285614726,-0.019012864912865024,8.0,4.0,4.0,-0.40000000000000213,0
27.5,27.5,0.7142857142857143,0.7852836163836165,0.07056918602011972,-1.006075117228365,-0.07099790209790224,9.0,5.0,5.0,0.0,0
27.5,27.5,0.7142857142857143,0.7852836163836165,0.07056918602011972,-1.006075117228365,-0.07099790209790224,9.0,5.0,5.0,-0.10000000000000142,0
27.5,27.5,0.7142857142857143,0.7852836163836165,0.07056918602011972,-1.006075117228365,-0.07099790209790224,9.0,5.0,5.0,-0.5,0
27.5,27.5,0.7142857142857143,0.7852836163836165,0.07056918602011972,-1.006075117228365,-0.07099790209790224,9.0,5.0,5.0,-0.40000000000000213,0
27.5,27.5,0.7142857142857143,0.7852836163836165,0.07056918602011972,-1.006075117228365,-0.07099790209790224,9.0,5.0,5.0,-0.09999999999999787,0
28.5,28.5,0.8,0.8489096736596738,0.06772156322068493,-0.7222171393222475,-0.0489096736596738,9.0,6.0,6.0,-0.10000000000000142,0
28.5,28.5,0.8,0.8489096736596738,0.06772156322068493,-0.7222171393222475,-0.0489096736596738,9.0,6.0,6.0,-0.5,0
28.5,28.5,0.8,0.8489096736596738,0.06772156322068493,-0.7222171393222475,-0.0489096736596738,9.0,6.0,6.0,-0.40000000000000213,0
28.5,28.5,0.8,0.8489096736596738,0.06772156322068493,-0.7222171393222475,-0.0489096736596738,9.0,6.0,6.0,-0.09999999999999787,0
28.5,28.5,0.8,0.8489096736596738,0.06772156322068493,-0.7222171393222475,-0.0489096736596738,9.0,6.0,6.0,-0.20000000000000284,0
28.5,28.5,0.8,0.8489096736596738,0.06772156322068493,-0.7222171393222475,-0.0489096736596738,9.0,6.0,6.0,-0.3000000000000007,0
29.5,29.5,0.8,0.8514536297036298,0.06892088771806296,-0.746560751134154,-0.051453629703629766,9.0,6.0,6.0,-0.5,0
29.5,29.5,0.8,0.8514536297036298,0.06892088771806296,-0.746560751134154,-0.051453629703629766,9.0,6.0,6.0,-0.40000000000000213,0
29.5,29.5,0.8,0.8514536297036298,0.06892088771806296,-0.746560751134154,-0.051453629703629766,9.0,6.0,6.0,-0.09999999999999787,0
29.5,29.5,0.8,0.8514536297036298,0.06892088771806296,-0.746560751134154,-0.051453629703629766,9.0,6.0,6.0,-0.20000000000000284,0
29.5,29.5,0.8,0.8514536297036298,0.06892088771806296,-0.746560751134154,-0.051453629703629766,9.0,6.0,6.0,-0.3000000000000007,0
29.5,29.5,0.8,0.8514536297036298,0.06892088771806296,-0.746560751134154,-0.051453629703629766,9.0,6.0,6.0,-0.29999999999999716,0
30.5,30.5,0.8,0.8515722943722945,0.06872509015962185,-0.7504143574422669,-0.05157229437229449,9.0,6.0,6.0,-0.40000000000000213,0
30.5,30.5,0.8,0.8515722943722945,0.06872509015962185,-0.7504143574422669,-0.05157229437229449,9.0,6.0,6.0,-0.09999999999999787,0
30.5,30.5,0.8,0.8515722943722945,0.06872509015962185,-0.7504143574422669,-0.05157229437229449,9.0,6.0,6.0,-0.20000000000000284,0
30.5,30.5,0.8,0.8515722943722945,0.06872509015962185,-0.7504143574422669,-0.05157229437229449,9.0,6.0,6.0,-0.3000000000000007,0
30.5,30.5,0.8,0.8515722943722945,0.06872509015962185,-0.7504143574422669,-0.05157229437229449,9.0,6.0,6.0,-0.29999999999999716,0
30.5,30.5,0.8,0.8515722943722945,0.06872509015962185,-0.7504143574422669,-0.05157229437229449,9.0,6.0,6.0,-0.19999999999999574,0
31.5,31.5,0.7692307692307693,0.7765167166167166,0.07172033449528542,-0.1015883073778231,-0.0072859473859473445,8.0,5.0,5.0,-0.09999999999999787,0
31.5,31.5,0.7692307692307693,0.7765167166167166,0.07172033449528542,-0.1015883073778231,-0.0072859473859473445,8.0,5.0,5.0,-0.20000000000000284,0
31.5,31.5,0.7692307692307693,0.7765167166167166,0.07172033449528542,-0.1015883073778231,-0.0072859473859473445,8.0,5.0,5.0,-0.3000000000000007,0
31.5,31.5,0.7692307692307693,0.7765167166167166,0.07172033449528542,-0.1015883073778231,-0.0072859473859473445,8.0,5.0,5.0,-0.29999999999999716,0
31.5,31.5,0.7692307692307693,0.7765167166167166,0.07172033449528542,-0.1015883073778231,-0.0072859473859473445,8.0,5.0,5.0,-0.19999999999999574,0
32.5,32.5,0.5454545454545454,0.6397778443778444,0.08680478806611278,-1.0866140108706892,-0.09432329892329894,7.0,4.0,3.0,-0.3000000000000007,0
32.5,32.5,0.5454545454545454,0.6397778443778444,0.08680478806611278,-1.0866140108706892,-0.09432329892329894,7.0,4.0,3.0,-0.29999999999999716,0
32.5,32.5,0.5454545454545454,0.6397778443778444,0.08680478806611278,-1.0866140108706892,-0.09432329892329894,7.0,4.0,3.0,-0.19999999999999574,0
33.5,33.5,0.5454545454545454,0.5499592074592073,0.08412114148879021,-0.05354970135851296,-0.00450466200466193,8.0,3.0,3.0,-0.29999999999999716,0
33.5,33.5,0.5454545454545454,0.5499592074592073,0.08412114148879021,-0.05354970135851296,-0.00450466200466193,8.0,3.0,3.0,-0.19999999999999574,0
33.5,33.5,0.5454545454545454,0.5499592074592073,0.08412114148879021,-0.05354970135851296,-0.00450466200466193,8.0,3.0,3.0,-0.19999999999999574,0
34.5,34.5,0.5454545454545454,0.5545926184926184,0.08098956412472108,-0.11283025333980934,-0.009138073038073014,8.0,3.0,3.0,-0.19999999999999574,0
34.5,34.5,0.5454545454545454,0.5545926184926184,0.08098956412472108,-0.11283025333980934,-0.009138073038073014,8.0,3.0,3.0,-0.19999999999999574,0
34.5,34.5,0.5454545454545454,0.5545926184926184,0.08098956412472108,-0.11283025333980934,-0.009138073038073014,8.0,3.0,3.0,-0.5,0
35.5,35.5,0.6,0.5613207459207458,0.0780526257745216,0.49555352809002,0.03867925407925421,7.0,3.0,3.0,-0.19999999999999574,0
35.5,35.5,0.6,0.5613207459207458,0.0780526257745216,0.49555352809002,0.03867925407925421,7.0,3.0,3.0,-0.5,0
35.5,35.5,0.6,0.5613207459207458,0.0780526257745216,0.49555352809002,0.03867925407925421,7.0,3.0,3.0,0.10000000000000142,0
36.5,36.5,0.6666666666666666,0.7276835164835165,0.08496604862094659,-0.7181321340369762,-0.06101684981684985,7.0,5.0,4.0,-0.19999999999999574,0
36.5,36.5,0.6666666666666666,0.7276835164835165,0.08496604862094659,-0.7181321340369762,-0.06101684981684985,7.0,5.0,4.0,-0.5,0
36.5,36.5,0.6666666666666666,0.7276835164835165,0.08496604862094659,-0.7181321340369762,-0.06101684981684985,7.0,5.0,4.0,0.10000000000000142,0
36.5,36.5,0.6666666666666666,0.7276835164835165,0.08496604862094659,-0.7181321340369762,-0.06101684981684985,7.0,5.0,4.0,0.10000000000000142,0
37.5,37.5,0.8571428571428571,0.8405318514818516,0.0710308706291428,0.23385614612177175,0.016611005661005485,8.0,6.0,6.0,-0.19999999999999574,0
37.5,37.5,0.8571428571428571,0.8405318514818516,0.0710308706291428,0.23385614612177175,0.016611005661005485,8.0,6.0,6.0,-0.5,0
37.5,37.5,0.8571428571428571,0.8405318514818516,0.0710308706291428,0.23385614612177175,0.016611005661005485,8.0,6.0,6.0,0.10000000000000142,0
37.5,37.5,0.8571428571428571,0.8405318514818516,0.0710308706291428,0.23385614612177175,0.016611005661005485,8.0,6.0,6.0,0.10000000000000142,0
37.5,37.5,0.8571428571428571,0.8405318514818516,0.0710308706291428,0.23385614612177175,0.016611005661005485,8.0,6.0,6.0,0.10000000000000142,0
37.5,37.5,0.8571428571428571,0.8405318514818516,0.0710308706291428,0.23385614612177175,0.016611005661005485,8.0,6.0,6.0,-0.10000000000000142,0
38.5,38.5,0.8571428571428571,0.8397672660672661,0.07103372128493454,0.24461045769928028,0.017375591075590946,8.0,6.0,6.0,-0.5,0
38.5,38.5,0.8571428571428571,0.8397672660672661,0.07103372128493454,0.24461045769928028,0.017375591075590946,8.0,6.0,6.0,0.10000000000000142,0
38.5,38.5,0.8571428571428571,0.8397672660672661,0.07103372128493454,0.24461045769928028,0.017375591075590946,8.0,6.0,6.0,0.10000000000000142,0
38.5,38.5,0.8571428571428571,0.8397672660672661,0.07103372128493454,0.24461045769928028,0.017375591075590946,8.0,6.0,6.0,0.10000000000000142,0
38.5,38.5,0.8571428571428571,0.8397672660672661,0.07103372128493454,0.24461045769928028,0.017375591075590946,8.0,6.0,6.0,-0.10000000000000142,0
38.5,38.5,0.8571428571428571,0.8397672660672661,0.07103372128493454,0.24461045769928028,0.017375591075590946,8.0,6.0,6.0,-0.29999999999999716,0
39.5,39.5,0.875,0.8952201950010774,0.06917517610555966,-0.29230420707887866,-0.020220195001077412,9.0,7.0,7.0,0.10000000000000142,0
39.5,39.5,0.875,0.8952201950010774,0.06917517610555966,-0.29230420707887866,-0.020220195001077412,9.0,7.0,7.0,0.10000000000000142,0
39.5,39.5,0.875,0.8952201950010774,0.06917517610555966,-0.29230420707887866,-0.020220195001077412,9.0,7.0,7.0,0.10000000000000142,0
39.5,39.5,0.875,0.8952201950010774,0.06917517610555966,-0.29230420707887866,-0.020220195001077412,9.0,7.0,7.0,-0.10000000000000142,0
39.5,39.5,0.875,0.8952201950010774,0.06917517610555966,-0.29230420707887866,-0.020220195001077412,9.0,7.0,7.0,-0.29999999999999716,0
39.5,39.5,0.875,0.8952201950010774,0.06917517610555966,-0.29230420707887866,-0.020220195001077412,9.0,7.0,7.0,-0.5,0
39.5,39.5,0.875,0.8952201950010774,0.06917517610555966,-0.29230420707887866,-0.020220195001077412,9.0,7.0,7.0,0.0,0
40.5,40.5,0.8571428571428571,0.8988842221503988,0.06270860469836118,-0.6656401495189468,-0.041741365007541664,7.0,7.0,6.0,0.10000000000000142,0
40.5,40.5,0.8571428571428571,0.8988842221503988,0.06270860469836118,-0.6656401495189468,-0.041741365007541664,7.0,7.0,6.0,0.10000000000000142,0
40.5,40.5,0.8571428571428571,0.8988842221503988,0.06270860469836118,-0.6656401495189468,-0.041741365007541664,7.0,7.0,6.0,-0.10000000000000142,0
40.5,40.5,0.8571428571428571,0.8988842221503988,0.06270860469836118,-0.6656401495189468,-0.041741365007541664,7.0,7.0,6.0,-0.29999999999999716,0
40.5,40.5,0.8571428571428571,0.8988842221503988,0.06270860469836118,-0.6656401495189468,-0.041741365007541664,7.0,7.0,6.0,-0.5,0
40.5,40.5,0.8571428571428571,0.8988842221503988,0.06270860469836118,-0.6656401495189468,-0.041741365007541664,7.0,7.0,6.0,0.0,0
41.5,41.5,0.8571428571428571,0.8490443762120234,0.07352005161929588,0.11015336295966562,0.008098480930833651,7.0,7.0,6.0,0.10000000000000142,0
41.5,41.5,0.8571428571428571,0.8490443762120234,0.07352005161929588,0.11015336295966562,0.008098480930833651,7.0,7.0,6.0,-0.10000000000000142,0
41.5,41.5,0.8571428571428571,0.8490443762120234,0.07352005161929588,0.11015336295966562,0.008098480930833651,7.0,7.0,6.0,-0.29999999999999716,0
41.5,41.5,0.8571428571428571,0.8490443762120234,0.07352005161929588,0.11015336295966562,0.008098480930833651,7.0,7.0,6.0,-0.5,0
41.5,41.5,0.8571428571428571,0.8490443762120234,0.07352005161929588,0.11015336295966562,0.008098480930833651,7.0,7.0,6.0,0.0,0
41.5,41.5,0.8571428571428571,0.8490443762120234,0.07352005161929588,0.11015336295966562,0.008098480930833651,7.0,7.0,6.0,-0.09999999999999432,0
42.5,42.5,0.7692307692307693,0.8377516816516818,0.06975454783873401,-0.9823146238339392,-0.06852091242091252,7.0,6.0,5.0,-0.29999999999999716,0
42.5,42.5,0.7692307692307693,0.8377516816516818,0.06975454783873401,-0.9823146238339392,-0.06852091242091252,7.0,6.0,5.0,-0.5,0
42.5,42.5,0.7692307692307693,0.8377516816516818,0.06975454783873401,-0.9823146238339392,-0.06852091242091252,7.0,6.0,5.0,0.0,0
42.5,42.5,0.7692307692307693,0.8377516816516818,0.06975454783873401,-0.9823146238339392,-0.06852091242091252,7.0,6.0,5.0,-0.09999999999999432,0
42.5,42.5,0.7692307692307693,0.8377516816516818,0.06975454783873401,-0.9823146238339392,-0.06852091242091252,7.0,6.0,5.0,0.10000000000000142,0
43.5,43.5,0.7692307692307693,0.8115474691974693,0.07762030000118811,-0.5451756816973439,-0.042316699966700067,7.0,6.0,5.0,0.10000000000000142,0
43.5,43.5,0.7692307692307693,0.8115474691974693,0.07762030000118811,-0.5451756816973439,-0.042316699966700067,7.0,6.0,5.0,0.0,0
43.5,43.5,0.7692307692307693,0.8115474691974693,0.07762030000118811,-0.5451756816973439,-0.042316699966700067,7.0,6.0,5.0,-0.09999999999999432,0
43.5,43.5,0.7692307692307693,0.8115474691974693,0.07762030000118811,-0.5451756816973439,-0.042316699966700067,7.0,6.0,5.0,0.10000000000000142,0
43.5,43.5,0.7692307692307693,0.8115474691974693,0.07762030000118811,-0.5451756816973439,-0.042316699966700067,7.0,6.0,5.0,-0.30000000000000426,0
44.5,44.5,0.5454545454545454,0.6873644910644909,0.06772906229623683,-2.0952592697836647,-0.14190994560994552,7.0,4.0,3.0,-0.09999999999999432,0
44.5,44.5,0.5454545454545454,0.6873644910644909,0.06772906229623683,-2.0952592697836647,-0.14190994560994552,7.0,4.0,3.0,0.10000000000000142,0
44.5,44.5,0.5454545454545454,0.6873644910644909,0.06772906229623683,-2.0952592697836647,-0.14190994560994552,7.0,4.0,3.0,-0.30000000000000426,0
45.5,45.5,0.6666666666666666,0.6617685536685535,0.0764683254478351,0.06405414227953161,0.004898112998113158,8.0,4.0,4.0,-0.09999999999999432,0
45.5,45.5,0.6666666666666666,0.6617685536685535,0.0764683254478351,0.06405414227953161,0.004898112998113158,8.0,4.0,4.0,0.10000000000000142,0
45.5,45.5,0.6666666666666666,0.6617685536685535,0.0764683254478351,0.06405414227953161,0.004898112998113158,8.0,4.0,4.0,-0.30000000000000426,0
45.5,45.5,0.6666666666666666,0.6617685536685535,0.0764683254478351,0.06405414227953161,0.004898112998113158,8.0,4.0,4.0,-0.29999999999999716,0
46.5,46.5,0.5,0.5710089355089354,0.0671203640908676,-1.0579343016197502,-0.07100893550893539,9.0,3.0,3.0,0.10000000000000142,0
46.5,46.5,0.5,0.5710089355089354,0.0671203640908676,-1.0579343016197502,-0.07100893550893539,9.0,3.0,3.0,-0.30000000000000426,0
46.5,46.5,0.5,0.5710089355089354,0.0671203640908676,-1.0579343016197502,-0.07100893550893539,9.0,3.0,3.0,-0.29999999999999716,0
47.5,47.5,0.5,0.5755791375291375,0.06841701344212743,-1.1046833781054817,-0.07557913752913747,9.0,3.0,3.0,-0.30000000000000426,0
47.5,47.5,0.5,0.5755791375291375,0.06841701344212743,-1.1046833781054817,-0.07557913752913747,9.0,3.0,3.0,-0.29999999999999716,0
47.5,47.5,0.5,0.5755791375291375,0.06841701344212743,-1.1046833781054817,-0.07557913752913747,9.0,3.0,3.0,-0.30000000000000426,0
48.5,48.5,0.5454545454545454,0.5726611499611498,0.07201659978114808,-0.3777824083514467,-0.027206604506604393,8.0,3.0,3.0,-0.29999999999999716,0
48.5,48.5,0.5454545454545454,0.5726611499611498,0.07201659978114808,-0.3777824083514467,-0.027206604506604393,8.0,3.0,3.0,-0.30000000000000426,0
48.5,48.5,0.5454545454545454,0.5726611499611498,0.07201659978114808,-0.3777824083514467,-0.027206604506604393,8.0,3.0,3.0,-0.10000000000000142,0
49.5,49.5,0.6666666666666666,0.6920703296703296,0.07199036289212567,-0.35287588481432125,-0.025403663003662924,8.0,4.0,4.0,-0.29999999999999716,0
49.5,49.5,0.6666666666666666,0.6920703296703296,0.07199036289212567,-0.35287588481432125,-0.025403663003662924,8.0,4.0,4.0,-0.30000000000000426,0
49.5,49.5,0.6666666666666666,0.6920703296703296,0.07199036289212567,-0.35287588481432125,-0.025403663003662924,8.0,4.0,4.0,-0.10000000000000142,0
49.5,49.5,0.6666666666666666,0.6920703296703296,0.07199036289212567,-0.35287588481432125,-0.025403663003662924,8.0,4.0,4.0,-0.19999999999999574,0
50.5,50.5,0.7692307692307693,0.7714939393939395,0.07854134591506742,-0.028815016305139076,-0.002263170163170236,8.0,5.0,5.0,0.20000000000000284,0
50.5,50.5,0.7692307692307693,0.7714939393939395,0.07854134591506742,-0.028815016305139076,-0.002263170163170236,8.0,5.0,5.0,-0.30000000000000426,0
50.5,50.5,0.7692307692307693,0.7714939393939395,0.07854134591506742,-0.028815016305139076,-0.002263170163170236,8.0,5.0,5.0,-0.10000000000000142,0
50.5,50.5,0.7692307692307693,0.7714939393939395,0.07854134591506742,-0.028815016305139076,-0.002263170163170236,8.0,5.0,5.0,-0.19999999999999574,0
50.5,50.5,0.7692307692307693,0.7714939393939395,0.07854134591506742,-0.028815016305139076,-0.002263170163170236,8.0,5.0,5.0,0.0,0
51.5,51.5,0.8333333333333334,0.780751615051615,0.07134274113590552,0.7370296885782943,0.052581718281718315,7.0,5.0,5.0,0.29999999999999716,0
51.5,51.5,0.8333333333333334,0.780751615051615,0.07134274113590552,0.7370296885782943,0.052581718281718315,7.0,5.0,5.0,-0.10000000000000142,0
51.5,51.5,0.8333333333333334,0.780751615051615,0.07134274113590552,0.7370296885782943,0.052581718281718315,7.0,5.0,5.0,-0.19999999999999574,0
51.5,51.5,0.8333333333333334,0.780751615051615,0.07134274113590552,0.7370296885782943,0.052581718281718315,7.0,5.0,5.0,0.0,0
51.5,51.5,0.8333333333333334,0.780751615051615,0.07134274113590552,0.7370296885782943,0.052581718281718315,7.0,5.0,5.0,0.10000000000000142,0
52.5,52.5,0.7692307692307693,0.8404903596403598,0.07064229081211364,-1.0087383858929306,-0.07125959040959051,7.0,6.0,5.0,-0.10000000000000142,0
52.5,52.5,0.7692307692307693,0.8404903596403598,0.07064229081211364,-1.0087383858929306,-0.07125959040959051,7.0,6.0,5.0,-0.19999999999999574,0
52.5,52.5,0.7692307692307693,0.8404903596403598,0.07064229081211364,-1.0087383858929306,-0.07125959040959051,7.0,6.0,5.0,0.0,0
52.5,52.5,0.7692307692307693,0.8404903596403598,0.07064229081211364,-1.0087383858929306,-0.07125959040959051,7.0,6.0,5.0,0.10000000000000142,0
52.5,52.5,0.7692307692307693,0.8404903596403598,0.07064229081211364,-1.0087383858929306,-0.07125959040959051,7.0,6.0,5.0,0.0,0
53.5,53.5,0.9230769230769231,0.8564348151848153,0.06549813167379492,1.017465783970912,0.06664210789210778,7.0,6.0,6.0,-0.19999999999999574,0
53.5,53.5,0.9230769230769231,0.8564348151848153,0.06549813167379492,1.017465783970912,0.06664210789210778,7.0,6.0,6.0,0.0,0
53.5,53.5,0.9230769230769231,0.8564348151848153,0.06549813167379492,1.017465783970912,0.06664210789210778,7.0,6.0,6.0,0.10000000000000142,0
53.5,53.5,0.9230769230769231,0.8564348151848153,0.06549813167379492,1.017465783970912,0.06664210789210778,7.0,6.0,6.0,0.0,0
53.5,53.5,0.9230769230769231,0.8564348151848153,0.06549813167379492,1.017465783970912,0.06664210789210778,7.0,6.0,6.0,0.20000000000000284,0
53.5,53.5,0.9230769230769231,0.8564348151848153,0.06549813167379492,1.017465783970912,0.06664210789210778,7.0,6.0,6.0,0.20000000000000284,0
54.5,54.5,0.9230769230769231,0.8977387955182073,0.06676957189821675,0.3794861467337415,0.025338127558715784,6.0,7.0,6.0,0.0,0
54.5,54.5,0.9230769230769231,0.8977387955182073,0.06676957189821675,0.3794861467337415,0.025338127558715784,6.0,7.0,6.0,0.10000000000000142,0
54.5,54.5,0.9230769230769231,0.8977387955182073,0.06676957189821675,0.3794861467337415,0.025338127558715784,6.0,7.0,6.0,0.0,0
54.5,54.5,0.9230769230769231,0.8977387955182073,0.06676957189821675,0.3794861467337415,0.025338127558715784,6.0,7.0,6.0,0.20000000000000284,0
54.5,54.5,0.9230769230769231,0.8977387955182073,0.06676957189821675,0.3794861467337415,0.025338127558715784,6.0,7.0,6.0,0.20000000000000284,0
54.5,54.5,0.9230769230769231,0.8977387955182073,0.06676957189821675,0.3794861467337415,0.025338127558715784,6.0,7.0,6.0,0.09999999999999432,0
55.5,55.5,1.0,0.8984559362206422,0.06495017494204325,1.5634147847941626,0.10154406377935776,7.0,7.0,7.0,0.10000000000000142,0
55.5,55.5,1.0,0.8984559362206422,0.06495017494204325,1.5634147847941626,0.10154406377935776,7.0,7.0,7.0,0.0,0
55.5,55.5,1.0,0.8984559362206422,0.06495017494204325,1.5634147847941626,0.10154406377935776,7.0,7.0,7.0,0.20000000000000284,0
55.5,55.5,1.0,0.8984559362206422,0.06495017494204325,1.5634147847941626,0.10154406377935776,7.0,7.0,7.0,0.20000000000000284,0
55.5,55.5,1.0,0.8984559362206422,0.06495017494204325,1.5634147847941626,0.10154406377935776,7.0,7.0,7.0,0.09999999999999432,0
55.5,55.5,1.0,0.8984559362206422,0.06495017494204325,1.5634147847941626,0.10154406377935776,7.0,7.0,7.0,0.30000000000000426,0
55.5,55.5,1.0,0.8984559362206422,0.06495017494204325,1.5634147847941626,0.10154406377935776,7.0,7.0,7.0,0.0,0
56.5,56.5,0.9230769230769231,0.7885884115884116,0.08532910591884432,1.576115324780529,0.1344885114885115,7.0,6.0,6.0,0.0,0
56.5,56.5,0.9230769230769231,0.7885884115884116,0.08532910591884432,1.576115324780529,0.1344885114885115,7.0,6.0,6.0,0.20000000000000284,0
56.5,56.5,0.9230769230769231,0.7885884115884116,0.08532910591884432,1.576115324780529,0.1344885114885115,7.0,6.0,6.0,0.20000000000000284,0
56.5,56.5,0.9230769230769231,0.7885884115884116,0.08532910591884432,1.576115324780529,0.1344885114885115,7.0,6.0,6.0,0.09999999999999432,0
56.5,56.5,0.9230769230769231,0.7885884115884116,0.08532910591884432,1.576115324780529,0.1344885114885115,7.0,6.0,6.0,0.30000000000000426,0
56.5,56.5,0.9230769230769231,0.7885884115884116,0.08532910591884432,1.576115324780529,0.1344885114885115,7.0,6.0,6.0,0.0,0
57.5,57.5,0.7692307692307693,0.7608773892773892,0.07769657548976153,0.1075128459745411,0.008353379953380036,8.0,5.0,5.0,-0.3999999999999986,0
57.5,57.5,0.7692307692307693,0.7608773892773892,0.07769657548976153,0.1075128459745411,0.008353379953380036,8.0,5.0,5.0,-0.5,0
57.5,57.5,0.7692307692307693,0.7608773892773892,0.07769657548976153,0.1075128459745411,0.008353379953380036,8.0,5.0,5.0,-0.5,0
57.5,57.5,0.7692307692307693,0.7608773892773892,0.07769657548976153,0.1075128459745411,0.008353379953380036,8.0,5.0,5.0,-0.5,0
57.5,57.5,0.7692307692307693,0.7608773892773892,0.07769657548976153,0.1075128459745411,0.008353379953380036,8.0,5.0,5.0,-0.5,0
58.5,58.5,0.7692307692307693,0.7271188811188811,0.08977109479919952,0.46910298026424047,0.04211188811188815,8.0,5.0,5.0,0.09999999999999432,0
58.5,58.5,0.7692307692307693,0.7271188811188811,0.08977109479919952,0.46910298026424047,0.04211188811188815,8.0,5.0,5.0,0.30000000000000426,0
58.5,58.5,0.7692307692307693,0.7271188811188811,0.08977109479919952,0.46910298026424047,0.04211188811188815,8.0,5.0,5.0,0.0,0
58.5,58.5,0.7692307692307693,0.7271188811188811,0.08977109479919952,0.46910298026424047,0.04211188811188815,8.0,5.0,5.0,-0.5,0
58.5,58.5,0.7692307692307693,0.7271188811188811,0.08977109479919952,0.46910298026424047,0.04211188811188815,8.0,5.0,5.0,-0.3999999999999986,0
59.5,59.5,0.6153846153846154,0.68811665001665,0.0746427971730721,-0.974401246826173,-0.07273203463203459,9.0,4.0,4.0,-0.5,0
59.5,59.5,0.6153846153846154,0.68811665001665,0.0746427971730721,-0.974401246826173,-0.07273203463203459,9.0,4.0,4.0,-0.5,0
59.5,59.5,0.6153846153846154,0.68811665001665,0.0746427971730721,-0.974401246826173,-0.07273203463203459,9.0,4.0,4.0,-0.3999999999999986,0
59.5,59.5,0.6153846153846154,0.68811665001665,0.0746427971730721,-0.974401246826173,-0.07273203463203459,9.0,4.0,4.0,-0.20000000000000284,0
60.5,60.5,0.6666666666666666,0.6769715395715394,0.08342450395114248,-0.12352333447385977,-0.010304872904872808,8.0,4.0,4.0,-0.5,0
60.5,60.5,0.6666666666666666,0.6769715395715394,0.08342450395114248,-0.12352333447385977,-0.010304872904872808,8.0,4.0,4.0,-0.3999999999999986,0
60.5,60.5,0.6666666666666666,0.6769715395715394,0.08342450395114248,-0.12352333447385977,-0.010304872904872808,8.0,4.0,4.0,-0.20000000000000284,0
60.5,60.5,0.6666666666666666,0.6769715395715394,0.08342450395114248,-0.12352333447385977,-0.010304872904872808,8.0,4.0,4.0,-0.20000000000000284,0
61.5,61.5,0.7142857142857143,0.840800815850816,0.07412979027370588,-1.7066701672563223,-0.1265151015651017,8.0,6.0,5.0,-0.5,0
61.5,61.5,0.7142857142857143,0.840800815850816,0.07412979027370588,-1.7066701672563223,-0.1265151015651017,8.0,6.0,5.0,-0.3999999999999986,0
61.5,61.5,0.7142857142857143,0.840800815850816,0.07412979027370588,-1.7066701672563223,-0.1265151015651017,8.0,6.0,5.0,-0.20000000000000284,0
61.5,61.5,0.7142857142857143,0.840800815850816,0.07412979027370588,-1.7066701672563223,-0.1265151015651017,8.0,6.0,5.0,-0.20000000000000284,0
61.5,61.5,0.7142857142857143,0.840800815850816,0.07412979027370588,-1.7066701672563223,-0.1265151015651017,8.0,6.0,5.0,0.19999999999999574,0
62.5,62.5,0.7692307692307693,0.8414111555111556,0.07751285194083775,-0.9312053997894255,-0.07218038628038637,7.0,6.0,5.0,-0.3999999999999986,0
62.5,62.5,0.7692307692307693,0.8414111555111556,0.07751285194083775,-0.9312053997894255,-0.07218038628038637,7.0,6.0,5.0,-0.20000000000000284,0
62.5,62.5,0.7692307692307693,0.8414111555111556,0.07751285194083775,-0.9312053997894255,-0.07218038628038637,7.0,6.0,5.0,-0.20000000000000284,0
62.5,62.5,0.7692307692307693,0.8414111555111556,0.07751285194083775,-0.9312053997894255,-0.07218038628038637,7.0,6.0,5.0,0.19999999999999574,0
62.5,62.5,0.7692307692307693,0.8414111555111556,0.07751285194083775,-0.9312053997894255,-0.07218038628038637,7.0,6.0,5.0,0.20000000000000284,0
63.5,63.5,0.7692307692307693,0.88726104287869,0.07083857506058114,-1.6661864463956435,-0.11803027364792074,6.0,7.0,5.0,-0.20000000000000284,0
63.5,63.5,0.7692307692307693,0.88726104287869,0.07083857506058114,-1.6661864463956435,-0.11803027364792074,6.0,7.0,5.0,-0.20000000000000284,0
63.5,63.5,0.7692307692307693,0.88726104287869,0.07083857506058114,-1.6661864463956435,-0.11803027364792074,6.0,7.0,5.0,0.19999999999999574,0
63.5,63.5,0.7692307692307693,0.88726104287869,0.07083857506058114,-1.6661864463956435,-0.11803027364792074,6.0,7.0,5.0,0.20000000000000284,0
63.5,63.5,0.7692307692307693,0.88726104287869,0.07083857506058114,-1.6661864463956435,-0.11803027364792074,6.0,7.0,5.0,-0.30000000000001137,0
64.5,64.5,0.6153846153846154,0.825194388944389,0.07576580767089827,-2.769188107531542,-0.2098097735597736,7.0,6.0,4.0,-0.20000000000000284,0
64.5,64.5,0.6153846153846154,0.825194388944389,0.07576580767089827,-2.769188107531542,-0.2098097735597736,7.0,6.0,4.0,0.19999999999999574,0
64.5,64.5,0.6153846153846154,0.825194388944389,0.07576580767089827,-2.769188107531542,-0.2098097735597736,7.0,6.0,4.0,0.20000000000000284,0
64.5,64.5,0.6153846153846154,0.825194388944389,0.07576580767089827,-2.769188107531542,-0.2098097735597736,7.0,6.0,4.0,-0.30000000000001137,0
65.5,65.5,0.5,0.693086913086913,0.08772469163123545,-2.201055478183773,-0.19308691308691295,7.0,5.0,3.0,0.19999999999999574,0
65.5,65.5,0.5,0.693086913086913,0.08772469163123545,-2.201055478183773,-0.19308691308691295,7.0,5.0,3.0,0.20000000000000284,0
65.5,65.5,0.5,0.693086913086913,0.08772469163123545,-2.201055478183773,-0.19308691308691295,7.0,5.0,3.0,-0.30000000000001137,0
66.5,66.5,0.4,0.5462719891219892,0.0824017044215477,-1.7751087814118032,-0.14627198912198913,7.0,3.0,2.0,0.20000000000000284,0
66.5,66.5,0.4,0.5462719891219892,0.0824017044215477,-1.7751087814118032,-0.14627198912198913,7.0,3.0,2.0,-0.30000000000001137,0
67.5,67.5,0.36363636363636365,0.53048108003108,0.08970583369220579,-1.8599093228115535,-0.16684471639471632,8.0,3.0,2.0,-0.30000000000001137,0
67.5,67.5,0.36363636363636365,0.53048108003108,0.08970583369220579,-1.8599093228115535,-0.16684471639471632,8.0,3.0,2.0,-0.10000000000000853,0
68.5,68.5,0.5,0.5475490287490286,0.0845578646985084,-0.5623253250134085,-0.047549028749028555,9.0,3.0,3.0,-0.10000000000000853,0
68.5,68.5,0.5,0.5475490287490286,0.0845578646985084,-0.5623253250134085,-0.047549028749028555,9.0,3.0,3.0,-0.29999999999999716,0
68.5,68.5,0.5,0.5475490287490286,0.0845578646985084,-0.5623253250134085,-0.047549028749028555,9.0,3.0,3.0,-0.4000000000000057,0
69.5,69.5,0.6666666666666666,0.6666348318348317,0.08336062720356911,0.00038189290199491316,3.183483183488711e-05,8.0,4.0,4.0,-0.10000000000000853,0
69.5,69.5,0.6666666666666666,0.6666348318348317,0.08336062720356911,0.00038189290199491316,3.183483183488711e-05,8.0,4.0,4.0,-0.29999999999999716,0
69.5,69.5,0.6666666666666666,0.6666348318348317,0.08336062720356911,0.00038189290199491316,3.183483183488711e-05,8.0,4.0,4.0,-0.4000000000000057,0
69.5,69.5,0.6666666666666666,0.6666348318348317,0.08336062720356911,0.00038189290199491316,3.183483183488711e-05,8.0,4.0,4.0,-0.4000000000000057,0
70.5,70.5,0.9230769230769231,0.8303100732600733,0.07228960847932754,1.283266734573311,0.0927668498168498,7.0,6.0,6.0,-0.10000000000000853,0
70.5,70.5,0.9230769230769231,0.8303100732600733,0.07228960847932754,1.283266734573311,0.0927668498168498,7.0,6.0,6.0,-0.29999999999999716,0
70.5,70.5,0.9230769230769231,0.8303100732600733,0.07228960847932754,1.283266734573311,0.0927668498168498,7.0,6.0,6.0,-0.4000000000000057,0
70.5,70.5,0.9230769230769231,0.8303100732600733,0.07228960847932754,1.283266734573311,0.0927668498168498,7.0,6.0,6.0,-0.4000000000000057,0
70.5,70.5,0.9230769230769231,0.8303100732600733,0.07228960847932754,1.283266734573311,0.0927668498168498,7.0,6.0,6.0,-0.29999999999999716,0
70.5,70.5,0.9230769230769231,0.8303100732600733,0.07228960847932754,1.283266734573311,0.0927668498168498,7.0,6.0,6.0,-0.20000000000000284,0
71.5,71.5,1.0,0.8908800204697265,0.06435830493947906,1.69550735733154,0.10911997953027353,7.0,7.0,7.0,-0.10000000000000853,0
71.5,71.5,1.0,0.8908800204697265,0.06435830493947906,1.69550735733154,0.10911997953027353,7.0,7.0,7.0,-0.29999999999999716,0
71.5,71.5,1.0,0.8908800204697265,0.06435830493947906,1.69550735733154,0.10911997953027353,7.0,7.0,7.0,-0.4000000000000057,0
71.5,71.5,1.0,0.8908800204697265,0.06435830493947906,1.69550735733154,0.10911997953027353,7.0,7.0,7.0,-0.4000000000000057,0
71.5,71.5,1.0,0.8908800204697265,0.06435830493947906,1.69550735733154,0.10911997953027353,7.0,7.0,7.0,-0.29999999999999716,0
71.5,71.5,1.0,0.8908800204697265,0.06435830493947906,1.69550735733154,0.10911997953027353,7.0,7.0,7.0,-0.20000000000000284,0
71.5,71.5,1.0,0.8908800204697265,0.06435830493947906,1.69550735733154,0.10911997953027353,7.0,7.0,7.0,-0.20000000000000284,0
72.5,72.5,0.8571428571428571,0.8467110590390003,0.07213995894243058,0.14460499086479345,0.010431798103856749,7.0,7.0,6.0,0.20000000000000284,0
72.5,72.5,0.8571428571428571,0.8467110590390003,0.07213995894243058,0.14460499086479345,0.010431798103856749,7.0,7.0,6.0,0.29999999999999716,0
72.5,72.5,0.8571428571428571,0.8467110590390003,0.07213995894243058,0.14460499086479345,0.010431798103856749,7.0,7.0,6.0,-0.29999999999999716,0
72.5,72.5,0.8571428571428571,0.8467110590390003,0.07213995894243058,0.14460499086479345,0.010431798103856749,7.0,7.0,6.0,-0.20000000000000284,0
72.5,72.5,0.8571428571428571,0.8467110590390003,0.07213995894243058,0.14460499086479345,0.010431798103856749,7.0,7.0,6.0,-0.20000000000000284,0
72.5,72.5,0.8571428571428571,0.8467110590390003,0.07213995894243058,0.14460499086479345,0.010431798103856749,7.0,7.0,6.0,-0.20000000000000284,0
73.5,73.5,0.9230769230769231,0.8456009490509492,0.0690286330029176,1.1223744503632183,0.07747597402597395,7.0,6.0,6.0,-0.4000000000000057,0
73.5,73.5,0.9230769230769231,0.8456009490509492,0.0690286330029176,1.1223744503632183,0.07747597402597395,7.0,6.0,6.0,-0.29999999999999716,0
73.5,73.5,0.9230769230769231,0.8456009490509492,0.0690286330029176,1.1223744503632183,0.07747597402597395,7.0,6.0,6.0,-0.20000000000000284,0
73.5,73.5,0.9230769230769231,0.8456009490509492,0.0690286330029176,1.1223744503632183,0.07747597402597395,7.0,6.0,6.0,-0.20000000000000284,0
73.5,73.5,0.9230769230769231,0.8456009490509492,0.0690286330029176,1.1223744503632183,0.07747597402597395,7.0,6.0,6.0,-0.20000000000000284,0
73.5,73.5,0.9230769230769231,0.8456009490509492,0.0690286330029176,1.1223744503632183,0.07747597402597395,7.0,6.0,6.0,0.29999999999999716,0
74.5,74.5,0.7692307692307693,0.8457363122171947,0.08316289865536322,-0.9199480083477289,-0.07650554298642542,6.0,7.0,5.0,-0.20000000000000284,0
74.5,74.5,0.7692307692307693,0.8457363122171947,0.08316289865536322,-0.9199480083477289,-0.07650554298642542,6.0,7.0,5.0,-0.20000000000000284,0
74.5,74.5,0.7692307692307693,0.8457363122171947,0.08316289865536322,-0.9199480083477289,-0.07650554298642542,6.0,7.0,5.0,-0.20000000000000284,0
74.5,74.5,0.7692307692307693,0.8457363122171947,0.08316289865536322,-0.9199480083477289,-0.07650554298642542,6.0,7.0,5.0,0.29999999999999716,0
74.5,74.5,0.7692307692307693,0.8457363122171947,0.08316289865536322,-0.9199480083477289,-0.07650554298642542,6.0,7.0,5.0,0.19999999999998863,0
75.5,75.5,0.9230769230769231,0.8512996669996671,0.06776587152570668,1.0591947607436536,0.07177725607725605,7.0,6.0,6.0,-0.20000000000000284,0
75.5,75.5,0.9230769230769231,0.8512996669996671,0.06776587152570668,1.0591947607436536,0.07177725607725605,7.0,6.0,6.0,-0.20000000000000284,0
75.5,75.5,0.9230769230769231,0.8512996669996671,0.06776587152570668,1.0591947607436536,0.07177725607725605,7.0,6.0,6.0,0.29999999999999716,0
75.5,75.5,0.9230769230769231,0.8512996669996671,0.06776587152570668,1.0591947607436536,0.07177725607725605,7.0,6.0,6.0,0.19999999999998863,0
75.5,75.5,0.9230769230769231,0.8512996669996671,0.06776587152570668,1.0591947607436536,0.07177725607725605,7.0,6.0,6.0,0.09999999999999432,0
75.5,75.5,0.9230769230769231,0.8512996669996671,0.06776587152570668,1.0591947607436536,0.07177725607725605,7.0,6.0,6.0,0.10000000000000853,0
76.5,76.5,0.9230769230769231,0.8526422743922746,0.06879898682389521,1.0237745050656073,0.07043464868464855,7.0,6.0,6.0,-0.20000000000000284,0
76.5,76.5,0.9230769230769231,0.8526422743922746,0.06879898682389521,1.0237745050656073,0.07043464868464855,7.0,6.0,6.0,0.29999999999999716,0
76.5,76.5,0.9230769230769231,0.8526422743922746,0.06879898682389521,1.0237745050656073,0.07043464868464855,7.0,6.0,6.0,0.19999999999998863,0
76.5,76.5,0.9230769230769231,0.8526422743922746,0.06879898682389521,1.0237745050656073,0.07043464868464855,7.0,6.0,6.0,0.09999999999999432,0
76.5,76.5,0.9230769230769231,0.8526422743922746,0.06879898682389521,1.0237745050656073,0.07043464868464855,7.0,6.0,6.0,0.10000000000000853,0
76.5,76.5,0.9230769230769231,0.8526422743922746,0.06879898682389521,1.0237745050656073,0.07043464868464855,7.0,6.0,6.0,0.09999999999999432,0
77.5,77.5,1.0,0.8992789161818574,0.06477616242940637,1.5549097081493415,0.1007210838181426,7.0,7.0,7.0,0.29999999999999716,0
77.5,77.5,1.0,0.8992789161818574,0.06477616242940637,1.5549097081493415,0.1007210838181426,7.0,7.0,7.0,0.19999999999998863,0
77.5,77.5,1.0,0.8992789161818574,0.06477616242940637,1.5549097081493415,0.1007210838181426,7.0,7.0,7.0,0.09999999999999432,0
77.5,77.5,1.0,0.8992789161818574,0.06477616242940637,1.5549097081493415,0.1007210838181426,7.0,7.0,7.0,0.10000000000000853,0
77.5,77.5,1.0,0.8992789161818574,0.06477616242940637,1.5549097081493415,0.1007210838181426,7.0,7.0,7.0,0.09999999999999432,0
77.5,77.5,1.0,0.8992789161818574,0.06477616242940637,1.5549097081493415,0.1007210838181426,7.0,7.0,7.0,0.10000000000000853,0
77.5,77.5,1.0,0.8992789161818574,0.06477616242940637,1.5549097081493415,0.1007210838181426,7.0,7.0,7.0,0.10000000000000853,0
78.5,78.5,1.0,0.8952542016806724,0.06588627503831679,1.589796938109063,0.10474579831932762,7.0,7.0,7.0,0.19999999999998863,0
78.5,78.5,1.0,0.8952542016806724,0.06588627503831679,1.589796938109063,0.10474579831932762,7.0,7.0,7.0,0.09999999999999432,0
78.5,78.5,1.0,0.8952542016806724,0.06588627503831679,1.589796938109063,0.10474579831932762,7.0,7.0,7.0,0.10000000000000853,0
78.5,78.5,1.0,0.8952542016806724,0.06588627503831679,1.589796938109063,0.10474579831932762,7.0,7.0,7.0,0.09999999999999432,0
78.5,78.5,1.0,0.8952542016806724,0.06588627503831679,1.589796938109063,0.10474579831932762,7.0,7.0,7.0,0.10000000000000853,0
78.5,78.5,1.0,0.8952542016806724,0.06588627503831679,1.589796938109063,0.10474579831932762,7.0,7.0,7.0,0.10000000000000853,0
78.5,78.5,1.0,0.8952542016806724,0.06588627503831679,1.589796938109063,0.10474579831932762,7.0,7.0,7.0,-0.20000000000000284,0
79.5,79.5,0.9333333333333333,0.8524521600948074,0.07337553068052116,1.1022908112335779,0.08088117323852595,8.0,7.0,7.0,0.09999999999999432,0
79.5,79.5,0.9333333333333333,0.8524521600948074,0.07337553068052116,1.1022908112335779,0.08088117323852595,8.0,7.0,7.0,0.10000000000000853,0
79.5,79.5,0.9333333333333333,0.8524521600948074,0.07337553068052116,1.1022908112335779,0.08088117323852595,8.0,7.0,7.0,0.09999999999999432,0
79.5,79.5,0.9333333333333333,0.8524521600948074,0.07337553068052116,1.1022908112335779,0.08088117323852595,8.0,7.0,7.0,0.10000000000000853,0
79.5,79.5,0.9333333333333333,0.8524521600948074,0.07337553068052116,1.1022908112335779,0.08088117323852595,8.0,7.0,7.0,0.10000000000000853,0
79.5,79.5,0.9333333333333333,0.8524521600948074,0.07337553068052116,1.1022908112335779,0.08088117323852595,8.0,7.0,7.0,-0.20000000000000284,0
79.5,79.5,0.9333333333333333,0.8524521600948074,0.07337553068052116,1.1022908112335779,0.08088117323852595,8.0,7.0,7.0,-0.30000000000001137,0
80.5,80.5,0.9230769230769231,0.8474640692640694,0.06777209844663439,1.1156929702035625,0.07561285381285376,7.0,6.0,6.0,0.09999999999999432,0
80.5,80.5,0.9230769230769231,0.8474640692640694,0.06777209844663439,1.1156929702035625,0.07561285381285376,7.0,6.0,6.0,0.10000000000000853,0
80.5,80.5,0.9230769230769231,0.8474640692640694,0.06777209844663439,1.1156929702035625,0.07561285381285376,7.0,6.0,6.0,0.10000000000000853,0
80.5,80.5,0.9230769230769231,0.8474640692640694,0.06777209844663439,1.1156929702035625,0.07561285381285376,7.0,6.0,6.0,-0.20000000000000284,0
80.5,80.5,0.9230769230769231,0.8474640692640694,0.06777209844663439,1.1156929702035625,0.07561285381285376,7.0,6.0,6.0,-0.30000000000001137,0
80.5,80.5,0.9230769230769231,0.8474640692640694,0.06777209844663439,1.1156929702035625,0.07561285381285376,7.0,6.0,6.0,-0.29999999999999716,0
81.5,81.5,0.8333333333333334,0.7107363636363636,0.08837647106584354,1.387212775283036,0.12259696969696976,7.0,5.0,5.0,0.10000000000000853,0
81.5,81.5,0.8333333333333334,0.7107363636363636,0.08837647106584354,1.387212775283036,0.12259696969696976,7.0,5.0,5.0,0.10000000000000853,0
81.5,81.5,0.8333333333333334,0.7107363636363636,0.08837647106584354,1.387212775283036,0.12259696969696976,7.0,5.0,5.0,-0.20000000000000284,0
81.5,81.5,0.8333333333333334,0.7107363636363636,0.08837647106584354,1.387212775283036,0.12259696969696976,7.0,5.0,5.0,-0.30000000000001137,0
81.5,81.5,0.8333333333333334,0.7107363636363636,0.08837647106584354,1.387212775283036,0.12259696969696976,7.0,5.0,5.0,-0.29999999999999716,0
82.5,82.5,0.8,0.6843598623598622,0.07481198905887892,1.5457433907969764,0.11564013764013781,6.0,4.0,4.0,-0.20000000000000284,0
82.5,82.5,0.8,0.6843598623598622,0.07481198905887892,1.5457433907969764,0.11564013764013781,6.0,4.0,4.0,-0.30000000000001137,0
82.5,82.5,0.8,0.6843598623598622,0.07481198905887892,1.5457433907969764,0.11564013764013781,6.0,4.0,4.0,-0.29999999999999716,0
82.5,82.5,0.8,0.6843598623598622,0.07481198905887892,1.5457433907969764,0.11564013764013781,6.0,4.0,4.0,0.0,0
83.5,83.5,0.6,0.5654594017094016,0.07532089741059181,0.45857921875664254,0.03454059829059841,7.0,3.0,3.0,-0.30000000000001137,0
83.5,83.5,0.6,0.5654594017094016,0.07532089741059181,0.45857921875664254,0.03454059829059841,7.0,3.0,3.0,-0.29999999999999716,0
83.5,83.5,0.6,0.5654594017094016,0.07532089741059181,0.45857921875664254,0.03454059829059841,7.0,3.0,3.0,0.0,0
84.5,84.5,0.5454545454545454,0.5692836829836828,0.0690260001256071,-0.34521973583541493,-0.0238291375291374,8.0,3.0,3.0,-0.29999999999999716,0
84.5,84.5,0.5454545454545454,0.5692836829836828,0.0690260001256071,-0.34521973583541493,-0.0238291375291374,8.0,3.0,3.0,0.0,0
84.5,84.5,0.5454545454545454,0.5692836829836828,0.0690260001256071,-0.34521973583541493,-0.0238291375291374,8.0,3.0,3.0,-0.3999999999999915,0
85.5,85.5,0.4444444444444444,0.4260508658008658,0.06129388275911471,0.30008832554898607,0.0183935786435786,7.0,2.0,2.0,0.0,0
85.5,85.5,0.4444444444444444,0.4260508658008658,0.06129388275911471,0.30008832554898607,0.0183935786435786,7.0,2.0,2.0,-0.3999999999999915,0
86.5,86.5,0.6,0.5702572649572648,0.06794068670945484,0.4377750135191977,0.02974273504273517,7.0,3.0,3.0,0.0,0
86.5,86.5,0.6,0.5702572649572648,0.06794068670945484,0.4377750135191977,0.02974273504273517,7.0,3.0,3.0,-0.3999999999999915,0
86.5,86.5,0.6,0.5702572649572648,0.06794068670945484,0.4377750135191977,0.02974273504273517,7.0,3.0,3.0,-0.09999999999999432,0
87.5,87.5,0.5454545454545454,0.569071484071484,0.06985728804714299,-0.33807408327962524,-0.023616938616938588,8.0,3.0,3.0,-0.3999999999999915,0
87.5,87.5,0.5454545454545454,0.569071484071484,0.06985728804714299,-0.33807408327962524,-0.023616938616938588,8.0,3.0,3.0,-0.09999999999999432,0
87.5,87.5,0.5454545454545454,0.569071484071484,0.06985728804714299,-0.33807408327962524,-0.023616938616938588,8.0,3.0,3.0,-0.10000000000000853,0
88.5,88.5,0.6666666666666666,0.6772515595515595,0.07671340386025598,-0.13797970566101692,-0.010584892884892838,8.0,4.0,4.0,0.10000000000000853,0
88.5,88.5,0.6666666666666666,0.6772515595515595,0.07671340386025598,-0.13797970566101692,-0.010584892884892838,8.0,4.0,4.0,-0.09999999999999432,0
88.5,88.5,0.6666666666666666,0.6772515595515595,0.07671340386025598,-0.13797970566101692,-0.010584892884892838,8.0,4.0,4.0,-0.10000000000000853,0
88.5,88.5,0.6666666666666666,0.6772515595515595,0.07671340386025598,-0.13797970566101692,-0.010584892884892838,8.0,4.0,4.0,-0.20000000000000284,0
89.5,89.5,0.6153846153846154,0.6815391941391941,0.07461941409664856,-0.8865598792948697,-0.06615457875457864,9.0,4.0,4.0,-0.09999999999999432,0
89.5,89.5,0.6153846153846154,0.6815391941391941,0.07461941409664856,-0.8865598792948697,-0.06615457875457864,9.0,4.0,4.0,-0.10000000000000853,0
89.5,89.5,0.6153846153846154,0.6815391941391941,0.07461941409664856,-0.8865598792948697,-0.06615457875457864,9.0,4.0,4.0,-0.20000000000000284,0
89.5,89.5,0.6153846153846154,0.6815391941391941,0.07461941409664856,-0.8865598792948697,-0.06615457875457864,9.0,4.0,4.0,-0.4000000000000057,0
90.5,90.5,0.7692307692307693,0.7791443556443558,0.0727024448837723,-0.13635836359334472,-0.009913586413586528,8.0,5.0,5.0,-0.09999999999999432,0
90.5,90.5,0.7692307692307693,0.7791443556443558,0.0727024448837723,-0.13635836359334472,-0.009913586413586528,8.0,5.0,5.0,-0.10000000000000853,0
90.5,90.5,0.7692307692307693,0.7791443556443558,0.0727024448837723,-0.13635836359334472,-0.009913586413586528,8.0,5.0,5.0,-0.20000000000000284,0
90.5,90.5,0.7692307692307693,0.7791443556443558,0.0727024448837723,-0.13635836359334472,-0.009913586413586528,8.0,5.0,5.0,-0.4000000000000057,0
90.5,90.5,0.7692307692307693,0.7791443556443558,0.0727024448837723,-0.13635836359334472,-0.009913586413586528,8.0,5.0,5.0,-0.3999999999999915,0
91.5,91.5,0.7142857142857143,0.8203422410922412,0.071946796776045,-1.4740965763445757,-0.10605652680652689,8.0,6.0,5.0,-0.10000000000000853,0
91.5,91.5,0.7142857142857143,0.8203422410922412,0.071946796776045,-1.4740965763445757,-0.10605652680652689,8.0,6.0,5.0,-0.20000000000000284,0
91.5,91.5,0.7142857142857143,0.8203422410922412,0.071946796776045,-1.4740965763445757,-0.10605652680652689,8.0,6.0,5.0,-0.4000000000000057,0
91.5,91.5,0.7142857142857143,0.8203422410922412,0.071946796776045,-1.4740965763445757,-0.10605652680652689,8.0,6.0,5.0,-0.3999999999999915,0
91.5,91.5,0.7142857142857143,0.8203422410922412,0.071946796776045,-1.4740965763445757,-0.10605652680652689,8.0,6.0,5.0,-0.30000000000001137,0
92.5,92.5,0.7692307692307693,0.8396370962370964,0.06741874574128898,-1.044313806674817,-0.0704063270063271,7.0,6.0,5.0,-0.20000000000000284,0
92.5,92.5,0.7692307692307693,0.8396370962370964,0.06741874574128898,-1.044313806674817,-0.0704063270063271,7.0,6.0,5.0,-0.4000000000000057,0
92.5,92.5,0.7692307692307693,0.8396370962370964,0.06741874574128898,-1.044313806674817,-0.0704063270063271,7.0,6.0,5.0,-0.3999999999999915,0
92.5,92.5,0.7692307692307693,0.8396370962370964,0.06741874574128898,-1.044313806674817,-0.0704063270063271,7.0,6.0,5.0,-0.30000000000001137,0
92.5,92.5,0.7692307692307693,0.8396370962370964,0.06741874574128898,-1.044313806674817,-0.0704063270063271,7.0,6.0,5.0,-0.09999999999999432,0
93.5,93.5,0.7692307692307693,0.8444737595737597,0.06787165635128463,-1.1086069559515954,-0.07524299034299042,7.0,6.0,5.0,-0.4000000000000057,0
93.5,93.5,0.7692307692307693,0.8444737595737597,0.06787165635128463,-1.1086069559515954,-0.07524299034299042,7.0,6.0,5.0,-0.3999999999999915,0
93.5,93.5,0.7692307692307693,0.8444737595737597,0.06787165635128463,-1.1086069559515954,-0.07524299034299042,7.0,6.0,5.0,-0.30000000000001137,0
93.5,93.5,0.7692307692307693,0.8444737595737597,0.06787165635128463,-1.1086069559515954,-0.07524299034299042,7.0,6.0,5.0,-0.09999999999999432,0
93.5,93.5,0.7692307692307693,0.8444737595737597,0.06787165635128463,-1.1086069559515954,-0.07524299034299042,7.0,6.0,5.0,-0.20000000000000284,0
94.5,94.5,0.7692307692307693,0.8471746586746589,0.06684223498617127,-1.1660874215234596,-0.07794388944388964,7.0,6.0,5.0,0.20000000000000284,0
94.5,94.5,0.7692307692307693,0.8471746586746589,0.06684223498617127,-1.1660874215234596,-0.07794388944388964,7.0,6.0,5.0,-0.30000000000001137,0
94.5,94.5,0.7692307692307693,0.8471746586746589,0.06684223498617127,-1.1660874215234596,-0.07794388944388964,7.0,6.0,5.0,-0.09999999999999432,0
94.5,94.5,0.7692307692307693,0.8471746586746589,0.06684223498617127,-1.1660874215234596,-0.07794388944388964,7.0,6.0,5.0,-0.20000000000000284,0
94.5,94.5,0.7692307692307693,0.8471746586746589,0.06684223498617127,-1.1660874215234596,-0.07794388944388964,7.0,6.0,5.0,-0.20000000000000284,0
95.5,95.5,0.7692307692307693,0.8429350482850484,0.06854308151273891,-1.0752985921792995,-0.07370427905427912,7.0,6.0,5.0,-0.30000000000001137,0
95.5,95.5,0.7692307692307693,0.8429350482850484,0.06854308151273891,-1.0752985921792995,-0.07370427905427912,7.0,6.0,5.0,-0.09999999999999432,0
95.5,95.5,0.7692307692307693,0.8429350482850484,0.06854308151273891,-1.0752985921792995,-0.07370427905427912,7.0,6.0,5.0,-0.20000000000000284,0
95.5,95.5,0.7692307692307693,0.8429350482850484,0.06854308151273891,-1.0752985921792995,-0.07370427905427912,7.0,6.0,5.0,-0.20000000000000284,0
95.5,95.5,0.7692307692307693,0.8429350482850484,0.06854308151273891,-1.0752985921792995,-0.07370427905427912,7.0,6.0,5.0,-0.5,0
96.5,96.5,0.8,0.8260473012281836,0.08242921756486257,-0.31599597809705327,-0.02604730122818355,8.0,7.0,6.0,-0.09999999999999432,0
96.5,96.5,0.8,0.8260473012281836,0.08242921756486257,-0.31599597809705327,-0.02604730122818355,8.0,7.0,6.0,-0.20000000000000284,0
96.5,96.5,0.8,0.8260473012281836,0.08242921756486257,-0.31599597809705327,-0.02604730122818355,8.0,7.0,6.0,-0.20000000000000284,0
96.5,96.5,0.8,0.8260473012281836,0.08242921756486257,-0.31599597809705327,-0.02604730122818355,8.0,7.0,6.0,-0.5,0
96.5,96.5,0.8,0.8260473012281836,0.08242921756486257,-0.31599597809705327,-0.02604730122818355,8.0,7.0,6.0,-0.20000000000000284,0
96.5,96.5,0.8,0.8260473012281836,0.08242921756486257,-0.31599597809705327,-0.02604730122818355,8.0,7.0,6.0,-0.4000000000000057,0
97.5,97.5,0.8,0.8556595071595072,0.06745331021340478,-0.8251560521405834,-0.05565950715950718,9.0,6.0,6.0,-0.20000000000000284,0
97.5,97.5,0.8,0.8556595071595072,0.06745331021340478,-0.8251560521405834,-0.05565950715950718,9.0,6.0,6.0,-0.20000000000000284,0
97.5,97.5,0.8,0.8556595071595072,0.06745331021340478,-0.8251560521405834,-0.05565950715950718,9.0,6.0,6.0,-0.5,0
97.5,97.5,0.8,0.8556595071595072,0.06745331021340478,-0.8251560521405834,-0.05565950715950718,9.0,6.0,6.0,-0.20000000000000284,0
97.5,97.5,0.8,0.8556595071595072,0.06745331021340478,-0.8251560521405834,-0.05565950715950718,9.0,6.0,6.0,-0.4000000000000057,0
97.5,97.5,0.8,0.8556595071595072,0.06745331021340478,-0.8251560521405834,-0.05565950715950718,9.0,6.0,6.0,-0.29999999999999716,0
98.5,98.5,0.8571428571428571,0.8548428404928406,0.06879571743035799,0.03343255562884064,0.0023000166500164454,8.0,6.0,6.0,-0.20000000000000284,0
98.5,98.5,0.8571428571428571,0.8548428404928406,0.06879571743035799,0.03343255562884064,0.0023000166500164454,8.0,6.0,6.0,-0.5,0
98.5,98.5,0.8571428571428571,0.8548428404928406,0.06879571743035799,0.03343255562884064,0.0023000166500164454,8.0,6.0,6.0,-0.20000000000000284,0
98.5,98.5,0.8571428571428571,0.8548428404928406,0.06879571743035799,0.03343255562884064,0.0023000166500164454,8.0,6.0,6.0,-0.4000000000000057,0
98.5,98.5,0.8571428571428571,0.8548428404928406,0.06879571743035799,0.03343255562884064,0.0023000166500164454,8.0,6.0,6.0,-0.29999999999999716,0
98.5,98.5,0.8571428571428571,0.8548428404928406,0.06879571743035799,0.03343255562884064,0.0023000166500164454,8.0,6.0,6.0,0.0,0
99.5,99.5,0.7692307692307693,0.7679282384282385,0.07183228858013962,0.01813294311342406,0.0013025308025307325,8.0,5.0,5.0,0.0,0
99.5,99.5,0.7692307692307693,0.7679282384282385,0.07183228858013962,0.01813294311342406,0.0013025308025307325,8.0,5.0,5.0,-0.20000000000000284,0
99.5,99.5,0.7692307692307693,0.7679282384282385,0.07183228858013962,0.01813294311342406,0.0013025308025307325,8.0,5.0,5.0,-0.4000000000000057,0
99.5,99.5,0.7692307692307693,0.7679282384282385,0.07183228858013962,0.01813294311342406,0.0013025308025307325,8.0,5.0,5.0,-0.29999999999999716,0
99.5,99.5,0.7692307692307693,0.7679282384282385,0.07183228858013962,0.01813294311342406,0.0013025308025307325,8.0,5.0,5.0,0.0,0
100.5,100.5,0.6666666666666666,0.6592589299589299,0.07932630235617538,0.09338310859966713,0.007407736707736756,8.0,4.0,4.0,-0.20000000000000284,0
100.5,100.5,0.6666666666666666,0.6592589299589299,0.07932630235617538,0.09338310859966713,0.007407736707736756,8.0,4.0,4.0,-0.4000000000000057,0
100.5,100.5,0.6666666666666666,0.6592589299589299,0.07932630235617538,0.09338310859966713,0.007407736707736756,8.0,4.0,4.0,-0.29999999999999716,0
100.5,100.5,0.6666666666666666,0.6592589299589299,0.07932630235617538,0.09338310859966713,0.007407736707736756,8.0,4.0,4.0,0.0,0
101.5,101.5,0.4,0.4814597125097125,0.09735144463022706,-0.8367591546188488,-0.08145971250971246,7.0,3.0,2.0,-0.29999999999999716,0
101.5,101.5,0.4,0.4814597125097125,0.09735144463022706,-0.8367591546188488,-0.08145971250971246,7.0,3.0,2.0,0.0,0
102.5,102.5,0.4444444444444444,0.4236545454545455,0.0638761472282014,0.32547202503660316,0.020789898989898914,7.0,2.0,2.0,0.0,0
102.5,102.5,0.4444444444444444,0.4236545454545455,0.0638761472282014,0.32547202503660316,0.020789898989898914,7.0,2.0,2.0,0.29999999999999716,0
103.5,103.5,0.4444444444444444,0.4201241702741703,0.06872846882896116,0.3538602646713686,0.024320274170274103,7.0,2.0,2.0,0.29999999999999716,0
103.5,103.5,0.4444444444444444,0.4201241702741703,0.06872846882896116,0.3538602646713686,0.024320274170274103,7.0,2.0,2.0,0.0,0
104.5,104.5,0.75,0.5622364024864024,0.07675054000937032,2.4464140251088,0.1877635975135976,5.0,3.0,3.0,0.29999999999999716,0
104.5,104.5,0.75,0.5622364024864024,0.07675054000937032,2.4464140251088,0.1877635975135976,5.0,3.0,3.0,0.0,0
104.5,104.5,0.75,0.5622364024864024,0.07675054000937032,2.4464140251088,0.1877635975135976,5.0,3.0,3.0,-0.09999999999999432,0
105.5,105.5,0.9090909090909091,0.7705560106560105,0.07235406629350277,1.914680204329285,0.13853489843489852,6.0,5.0,5.0,0.29999999999999716,0
105.5,105.5,0.9090909090909091,0.7705560106560105,0.07235406629350277,1.914680204329285,0.13853489843489852,6.0,5.0,5.0,0.0,0
105.5,105.5,0.9090909090909091,0.7705560106560105,0.07235406629350277,1.914680204329285,0.13853489843489852,6.0,5.0,5.0,-0.09999999999999432,0
105.5,105.5,0.9090909090909091,0.7705560106560105,0.07235406629350277,1.914680204329285,0.13853489843489852,6.0,5.0,5.0,0.0,0
105.5,105.5,0.9090909090909091,0.7705560106560105,0.07235406629350277,1.914680204329285,0.13853489843489852,6.0,5.0,5.0,0.4000000000000057,0
106.5,106.5,0.8333333333333334,0.8814550096961864,0.07270212721964589,-0.6619019030553122,-0.04812167636285303,5.0,7.0,5.0,0.29999999999999716,0
106.5,106.5,0.8333333333333334,0.8814550096961864,0.07270212721964589,-0.6619019030553122,-0.04812167636285303,5.0,7.0,5.0,0.0,0
106.5,106.5,0.8333333333333334,0.8814550096961864,0.07270212721964589,-0.6619019030553122,-0.04812167636285303,5.0,7.0,5.0,-0.09999999999999432,0
106.5,106.5,0.8333333333333334,0.8814550096961864,0.07270212721964589,-0.6619019030553122,-0.04812167636285303,5.0,7.0,5.0,0.0,0
106.5,106.5,0.8333333333333334,0.8814550096961864,0.07270212721964589,-0.6619019030553122,-0.04812167636285303,5.0,7.0,5.0,-0.20000000000000284,0
107.5,107.5,0.9230769230769231,0.8918984001292827,0.06972010221453707,0.4471956000824614,0.031178522947640452,6.0,7.0,6.0,0.0,0
107.5,107.5,0.9230769230769231,0.8918984001292827,0.06972010221453707,0.4471956000824614,0.031178522947640452,6.0,7.0,6.0,-0.09999999999999432,0
107.5,107.5,0.9230769230769231,0.8918984001292827,0.06972010221453707,0.4471956000824614,0.031178522947640452,6.0,7.0,6.0,0.0,0
107.5,107.5,0.9230769230769231,0.8918984001292827,0.06972010221453707,0.4471956000824614,0.031178522947640452,6.0,7.0,6.0,-0.20000000000000284,0
107.5,107.5,0.9230769230769231,0.8918984001292827,0.06972010221453707,0.4471956000824614,0.031178522947640452,6.0,7.0,6.0,0.19999999999998863,0
107.5,107.5,0.9230769230769231,0.8918984001292827,0.06972010221453707,0.4471956000824614,0.031178522947640452,6.0,7.0,6.0,0.0,0
108.5,108.5,0.9230769230769231,0.8895311840120664,0.0655712431506871,0.5115922385025756,0.033545739064856694,6.0,7.0,6.0,-0.09999999999999432,0
108.5,108.5,0.9230769230769231,0.8895311840120664,0.0655712431506871,0.5115922385025756,0.033545739064856694,6.0,7.0,6.0,0.0,0
108.5,108.5,0.9230769230769231,0.8895311840120664,0.0655712431506871,0.5115922385025756,0.033545739064856694,6.0,7.0,6.0,-0.20000000000000284,0
108.5,108.5,0.9230769230769231,0.8895311840120664,0.0655712431506871,0.5115922385025756,0.033545739064856694,6.0,7.0,6.0,0.19999999999998863,0
108.5,108.5,0.9230769230769231,0.8895311840120664,0.0655712431506871,0.5115922385025756,0.033545739064856694,6.0,7.0,6.0,0.0,0
108.5,108.5,0.9230769230769231,0.8895311840120664,0.0655712431506871,0.5115922385025756,0.033545739064856694,6.0,7.0,6.0,0.20000000000000284,0
109.5,109.5,0.8571428571428571,0.8312559039000216,0.07167883647700168,0.3611519733741968,0.02588695324283552,7.0,7.0,6.0,0.0,0
109.5,109.5,0.8571428571428571,0.8312559039000216,0.07167883647700168,0.3611519733741968,0.02588695324283552,7.0,7.0,6.0,-0.20000000000000284,0
109.5,109.5,0.8571428571428571,0.8312559039000216,0.07167883647700168,0.3611519733741968,0.02588695324283552,7.0,7.0,6.0,0.19999999999998863,0
109.5,109.5,0.8571428571428571,0.8312559039000216,0.07167883647700168,0.3611519733741968,0.02588695324283552,7.0,7.0,6.0,0.0,0
109.5,109.5,0.8571428571428571,0.8312559039000216,0.07167883647700168,0.3611519733741968,0.02588695324283552,7.0,7.0,6.0,0.20000000000000284,0
109.5,109.5,0.8571428571428571,0.8312559039000216,0.07167883647700168,0.3611519733741968,0.02588695324283552,7.0,7.0,6.0,0.0,0
110.5,110.5,1.0,0.8334194805194807,0.07131037538649337,2.335992744080698,0.16658051948051933,6.0,6.0,6.0,-0.20000000000000284,0
110.5,110.5,1.0,0.8334194805194807,0.07131037538649337,2.335992744080698,0.16658051948051933,6.0,6.0,6.0,0.19999999999998863,0
110.5,110.5,1.0,0.8334194805194807,0.07131037538649337,2.335992744080698,0.16658051948051933,6.0,6.0,6.0,0.0,0
110.5,110.5,1.0,0.8334194805194807,0.07131037538649337,2.335992744080698,0.16658051948051933,6.0,6.0,6.0,0.20000000000000284,0
110.5,110.5,1.0,0.8334194805194807,0.07131037538649337,2.335992744080698,0.16658051948051933,6.0,6.0,6.0,0.0,0
110.5,110.5,1.0,0.8334194805194807,0.07131037538649337,2.335992744080698,0.16658051948051933,6.0,6.0,6.0,-0.20000000000000284,0
111.5,111.5,0.8333333333333334,0.8357789710289713,0.07406557671588324,-0.03301989674662748,-0.002445637695637881,6.0,6.0,5.0,0.0,0
111.5,111.5,0.8333333333333334,0.8357789710289713,0.07406557671588324,-0.03301989674662748,-0.002445637695637881,6.0,6.0,5.0,0.20000000000000284,0
111.5,111.5,0.8333333333333334,0.8357789710289713,0.07406557671588324,-0.03301989674662748,-0.002445637695637881,6.0,6.0,5.0,0.0,0
111.5,111.5,0.8333333333333334,0.8357789710289713,0.07406557671588324,-0.03301989674662748,-0.002445637695637881,6.0,6.0,5.0,-0.20000000000000284,0
111.5,111.5,0.8333333333333334,0.8357789710289713,0.07406557671588324,-0.03301989674662748,-0.002445637695637881,6.0,6.0,5.0,0.10000000000000853,0
112.5,112.5,0.9090909090909091,0.8490087579087581,0.07036407536968324,0.8538753741378334,0.06008215118215099,5.0,6.0,5.0,0.20000000000000284,0
112.5,112.5,0.9090909090909091,0.8490087579087581,0.07036407536968324,0.8538753741378334,0.06008215118215099,5.0,6.0,5.0,0.0,0
112.5,112.5,0.9090909090909091,0.8490087579087581,0.07036407536968324,0.8538753741378334,0.06008215118215099,5.0,6.0,5.0,-0.20000000000000284,0
112.5,112.5,0.9090909090909091,0.8490087579087581,0.07036407536968324,0.8538753741378334,0.06008215118215099,5.0,6.0,5.0,0.10000000000000853,0
112.5,112.5,0.9090909090909091,0.8490087579087581,0.07036407536968324,0.8538753741378334,0.06008215118215099,5.0,6.0,5.0,0.20000000000000284,0
113.5,113.5,0.8333333333333334,0.8459054445554448,0.07070564124935316,-0.17780916769814956,-0.012572111222111437,6.0,6.0,5.0,0.0,0
113.5,113.5,0.8333333333333334,0.8459054445554448,0.07070564124935316,-0.17780916769814956,-0.012572111222111437,6.0,6.0,5.0,-0.20000000000000284,0
113.5,113.5,0.8333333333333334,0.8459054445554448,0.07070564124935316,-0.17780916769814956,-0.012572111222111437,6.0,6.0,5.0,0.10000000000000853,0
113.5,113.5,0.8333333333333334,0.8459054445554448,0.07070564124935316,-0.17780916769814956,-0.012572111222111437,6.0,6.0,5.0,0.20000000000000284,0
113.5,113.5,0.8333333333333334,0.8459054445554448,0.07070564124935316,-0.17780916769814956,-0.012572111222111437,6.0,6.0,5.0,-0.09999999999999432,0
114.5,114.5,0.8333333333333334,0.8426837162837164,0.07089098342102468,-0.13189805669432886,-0.00935038295038304,6.0,6.0,5.0,-0.20000000000000284,0
114.5,114.5,0.8333333333333334,0.8426837162837164,0.07089098342102468,-0.13189805669432886,-0.00935038295038304,6.0,6.0,5.0,0.10000000000000853,0
114.5,114.5,0.8333333333333334,0.8426837162837164,0.07089098342102468,-0.13189805669432886,-0.00935038295038304,6.0,6.0,5.0,0.20000000000000284,0
114.5,114.5,0.8333333333333334,0.8426837162837164,0.07089098342102468,-0.13189805669432886,-0.00935038295038304,6.0,6.0,5.0,-0.09999999999999432,0
114.5,114.5,0.8333333333333334,0.8426837162837164,0.07089098342102468,-0.13189805669432886,-0.00935038295038304,6.0,6.0,5.0,-0.3999999999999915,0
115.5,115.5,0.7692307692307693,0.826134265734266,0.077487585404592,-0.7343562998689662,-0.05690349650349669,7.0,6.0,5.0,0.10000000000000853,0
115.5,115.5,0.7692307692307693,0.826134265734266,0.077487585404592,-0.7343562998689662,-0.05690349650349669,7.0,6.0,5.0,0.20000000000000284,0
115.5,115.5,0.7692307692307693,0.826134265734266,0.077487585404592,-0.7343562998689662,-0.05690349650349669,7.0,6.0,5.0,-0.09999999999999432,0
115.5,115.5,0.7692307692307693,0.826134265734266,0.077487585404592,-0.7343562998689662,-0.05690349650349669,7.0,6.0,5.0,-0.3999999999999915,0
115.5,115.5,0.7692307692307693,0.826134265734266,0.077487585404592,-0.7343562998689662,-0.05690349650349669,7.0,6.0,5.0,-0.09999999999999432,0
116.5,116.5,0.7272727272727273,0.6844706737706738,0.0695685232069923,0.6152502817215393,0.04280205350205346,7.0,4.0,4.0,0.20000000000000284,0
116.5,116.5,0.7272727272727273,0.6844706737706738,0.0695685232069923,0.6152502817215393,0.04280205350205346,7.0,4.0,4.0,-0.09999999999999432,0
116.5,116.5,0.7272727272727273,0.6844706737706738,0.0695685232069923,0.6152502817215393,0.04280205350205346,7.0,4.0,4.0,-0.3999999999999915,0
116.5,116.5,0.7272727272727273,0.6844706737706738,0.0695685232069923,0.6152502817215393,0.04280205350205346,7.0,4.0,4.0,-0.09999999999999432,0
117.5,117.5,0.6666666666666666,0.6780887778887779,0.07172764115785892,-0.15924281124724754,-0.01142211122211123,8.0,4.0,4.0,-0.09999999999999432,0
117.5,117.5,0.6666666666666666,0.6780887778887779,0.07172764115785892,-0.15924281124724754,-0.01142211122211123,8.0,4.0,4.0,-0.3999999999999915,0
117.5,117.5,0.6666666666666666,0.6780887778887779,0.07172764115785892,-0.15924281124724754,-0.01142211122211123,8.0,4.0,4.0,-0.09999999999999432,0
117.5,117.5,0.6666666666666666,0.6780887778887779,0.07172764115785892,-0.15924281124724754,-0.01142211122211123,8.0,4.0,4.0,-0.09999999999999432,0
118.5,118.5,0.6666666666666666,0.6807422577422577,0.07149226032369142,-0.19688272565256487,-0.014075591075591087,8.0,4.0,4.0,0.5,0
118.5,118.5,0.6666666666666666,0.6807422577422577,0.07149226032369142,-0.19688272565256487,-0.014075591075591087,8.0,4.0,4.0,-0.09999999999999432,0
118.5,118.5,0.6666666666666666,0.6807422577422577,0.07149226032369142,-0.19688272565256487,-0.014075591075591087,8.0,4.0,4.0,-0.09999999999999432,0
118.5,118.5,0.6666666666666666,0.6807422577422577,0.07149226032369142,-0.19688272565256487,-0.014075591075591087,8.0,4.0,4.0,-0.29999999999999716,0
119.5,119.5,0.6666666666666666,0.7346502164502164,0.08529402411332852,-0.7970493887499244,-0.06798354978354981,7.0,5.0,4.0,-0.09999999999999432,0
119.5,119.5,0.6666666666666666,0.7346502164502164,0.08529402411332852,-0.7970493887499244,-0.06798354978354981,7.0,5.0,4.0,-0.09999999999999432,0
119.5,119.5,0.6666666666666666,0.7346502164502164,0.08529402411332852,-0.7970493887499244,-0.06798354978354981,7.0,5.0,4.0,-0.29999999999999716,0
119.5,119.5,0.6666666666666666,0.7346502164502164,0.08529402411332852,-0.7970493887499244,-0.06798354978354981,7.0,5.0,4.0,-0.4000000000000057,0
120.5,120.5,0.6153846153846154,0.7480687146187147,0.08623276536065691,-1.5386738286678614,-0.1326840992340993,7.0,6.0,4.0,-0.09999999999999432,0
120.5,120.5,0.6153846153846154,0.7480687146187147,0.08623276536065691,-1.5386738286678614,-0.1326840992340993,7.0,6.0,4.0,-0.29999999999999716,0
120.5,120.5,0.6153846153846154,0.7480687146187147,0.08623276536065691,-1.5386738286678614,-0.1326840992340993,7.0,6.0,4.0,-0.4000000000000057,0
120.5,120.5,0.6153846153846154,0.7480687146187147,0.08623276536065691,-1.5386738286678614,-0.1326840992340993,7.0,6.0,4.0,0.09999999999999432,0
121.5,121.5,0.7692307692307693,0.872803716871364,0.07229607885736641,-1.432621924695733,-0.10357294764059477,6.0,7.0,5.0,-0.09999999999999432,0
121.5,121.5,0.7692307692307693,0.872803716871364,0.07229607885736641,-1.432621924695733,-0.10357294764059477,6.0,7.0,5.0,-0.29999999999999716,0
121.5,121.5,0.7692307692307693,0.872803716871364,0.07229607885736641,-1.432621924695733,-0.10357294764059477,6.0,7.0,5.0,-0.4000000000000057,0
121.5,121.5,0.7692307692307693,0.872803716871364,0.07229607885736641,-1.432621924695733,-0.10357294764059477,6.0,7.0,5.0,0.09999999999999432,0
121.5,121.5,0.7692307692307693,0.872803716871364,0.07229607885736641,-1.432621924695733,-0.10357294764059477,6.0,7.0,5.0,0.09999999999999432,0
122.5,122.5,0.7692307692307693,0.8642070943762121,0.07743660875490566,-1.226504190621933,-0.09497632514544285,6.0,7.0,5.0,-0.29999999999999716,0
122.5,122.5,0.7692307692307693,0.8642070943762121,0.07743660875490566,-1.226504190621933,-0.09497632514544285,6.0,7.0,5.0,-0.4000000000000057,0
122.5,122.5,0.7692307692307693,0.8642070943762121,0.07743660875490566,-1.226504190621933,-0.09497632514544285,6.0,7.0,5.0,0.09999999999999432,0
122.5,122.5,0.7692307692307693,0.8642070943762121,0.07743660875490566,-1.226504190621933,-0.09497632514544285,6.0,7.0,5.0,0.09999999999999432,0
122.5,122.5,0.7692307692307693,0.8642070943762121,0.07743660875490566,-1.226504190621933,-0.09497632514544285,6.0,7.0,5.0,0.0,0
123.5,123.5,0.8571428571428571,0.90791802054155,0.0668240026659183,-0.7598342118555758,-0.050775163398692924,6.0,8.0,6.0,-0.4000000000000057,0
123.5,123.5,0.8571428571428571,0.90791802054155,0.0668240026659183,-0.7598342118555758,-0.050775163398692924,6.0,8.0,6.0,0.09999999999999432,0
123.5,123.5,0.8571428571428571,0.90791802054155,0.0668240026659183,-0.7598342118555758,-0.050775163398692924,6.0,8.0,6.0,0.09999999999999432,0
123.5,123.5,0.8571428571428571,0.90791802054155,0.0668240026659183,-0.7598342118555758,-0.050775163398692924,6.0,8.0,6.0,0.0,0
123.5,123.5,0.8571428571428571,0.90791802054155,0.0668240026659183,-0.7598342118555758,-0.050775163398692924,6.0,8.0,6.0,-0.29999999999999716,0
123.5,123.5,0.8571428571428571,0.90791802054155,0.0668240026659183,-0.7598342118555758,-0.050775163398692924,6.0,8.0,6.0,0.09999999999999432,0
124.5,124.5,0.8,0.849514935717877,0.06908101005608458,-0.7167662383291352,-0.04951493571787691,7.0,8.0,6.0,0.09999999999999432,0
124.5,124.5,0.8,0.849514935717877,0.06908101005608458,-0.7167662383291352,-0.04951493571787691,7.0,8.0,6.0,0.09999999999999432,0
124.5,124.5,0.8,0.849514935717877,0.06908101005608458,-0.7167662383291352,-0.04951493571787691,7.0,8.0,6.0,0.0,0
124.5,124.5,0.8,0.849514935717877,0.06908101005608458,-0.7167662383291352,-0.04951493571787691,7.0,8.0,6.0,-0.29999999999999716,0
124.5,124.5,0.8,0.849514935717877,0.06908101005608458,-0.7167662383291352,-0.04951493571787691,7.0,8.0,6.0,0.09999999999999432,0
124.5,124.5,0.8,0.849514935717877,0.06908101005608458,-0.7167662383291352,-0.04951493571787691,7.0,8.0,6.0,0.09999999999999432,0
125.5,125.5,0.8571428571428571,0.8428007056668823,0.0758357245309252,0.1891213087853631,0.01434215147597484,7.0,7.0,6.0,0.09999999999999432,0
125.5,125.5,0.8571428571428571,0.8428007056668823,0.0758357245309252,0.1891213087853631,0.01434215147597484,7.0,7.0,6.0,0.0,0
125.5,125.5,0.8571428571428571,0.8428007056668823,0.0758357245309252,0.1891213087853631,0.01434215147597484,7.0,7.0,6.0,-0.29999999999999716,0
125.5,125.5,0.8571428571428571,0.8428007056668823,0.0758357245309252,0.1891213087853631,0.01434215147597484,7.0,7.0,6.0,0.09999999999999432,0
125.5,125.5,0.8571428571428571,0.8428007056668823,0.0758357245309252,0.1891213087853631,0.01434215147597484,7.0,7.0,6.0,0.09999999999999432,0
125.5,125.5,0.8571428571428571,0.8428007056668823,0.0758357245309252,0.1891213087853631,0.01434215147597484,7.0,7.0,6.0,-0.19999999999998863,0
126.5,126.5,0.8571428571428571,0.8963058177117003,0.06803681574276843,-0.5756142485696174,-0.039162960568843164,7.0,7.0,6.0,0.0,0
126.5,126.5,0.8571428571428571,0.8963058177117003,0.06803681574276843,-0.5756142485696174,-0.039162960568843164,7.0,7.0,6.0,-0.29999999999999716,0
126.5,126.5,0.8571428571428571,0.8963058177117003,0.06803681574276843,-0.5756142485696174,-0.039162960568843164,7.0,7.0,6.0,0.09999999999999432,0
126.5,126.5,0.8571428571428571,0.8963058177117003,0.06803681574276843,-0.5756142485696174,-0.039162960568843164,7.0,7.0,6.0,0.09999999999999432,0
126.5,126.5,0.8571428571428571,0.8963058177117003,0.06803681574276843,-0.5756142485696174,-0.039162960568843164,7.0,7.0,6.0,-0.19999999999998863,0
126.5,126.5,0.8571428571428571,0.8963058177117003,0.06803681574276843,-0.5756142485696174,-0.039162960568843164,7.0,7.0,6.0,0.20000000000001705,0
127.5,127.5,0.7692307692307693,0.8591241273432452,0.07137856916198843,-1.2593886255756894,-0.0898933581124759,6.0,7.0,5.0,0.09999999999999432,0
127.5,127.5,0.7692307692307693,0.8591241273432452,0.07137856916198843,-1.2593886255756894,-0.0898933581124759,6.0,7.0,5.0,0.09999999999999432,0
127.5,127.5,0.7692307692307693,0.8591241273432452,0.07137856916198843,-1.2593886255756894,-0.0898933581124759,6.0,7.0,5.0,-0.19999999999998863,0
127.5,127.5,0.7692307692307693,0.8591241273432452,0.07137856916198843,-1.2593886255756894,-0.0898933581124759,6.0,7.0,5.0,0.20000000000001705,0
127.5,127.5,0.7692307692307693,0.8591241273432452,0.07137856916198843,-1.2593886255756894,-0.0898933581124759,6.0,7.0,5.0,-0.39999999999997726,0
128.5,128.5,0.7692307692307693,0.8560577422577423,0.0630496223710438,-1.3771212223286726,-0.08682697302697306,7.0,6.0,5.0,0.09999999999999432,0
128.5,128.5,0.7692307692307693,0.8560577422577423,0.0630496223710438,-1.3771212223286726,-0.08682697302697306,7.0,6.0,5.0,-0.19999999999998863,0
128.5,128.5,0.7692307692307693,0.8560577422577423,0.0630496223710438,-1.3771212223286726,-0.08682697302697306,7.0,6.0,5.0,0.20000000000001705,0
128.5,128.5,0.7692307692307693,0.8560577422577423,0.0630496223710438,-1.3771212223286726,-0.08682697302697306,7.0,6.0,5.0,-0.39999999999997726,0
128.5,128.5,0.7692307692307693,0.8560577422577423,0.0630496223710438,-1.3771212223286726,-0.08682697302697306,7.0,6.0,5.0,-0.4000000000000057,0
129.5,129.5,0.8333333333333334,0.8493743589743591,0.06808946291315891,-0.23558748967493534,-0.01604102564102572,6.0,6.0,5.0,0.5,0
129.5,129.5,0.8333333333333334,0.8493743589743591,0.06808946291315891,-0.23558748967493534,-0.01604102564102572,6.0,6.0,5.0,0.20000000000001705,0
129.5,129.5,0.8333333333333334,0.8493743589743591,0.06808946291315891,-0.23558748967493534,-0.01604102564102572,6.0,6.0,5.0,-0.39999999999997726,0
129.5,129.5,0.8333333333333334,0.8493743589743591,0.06808946291315891,-0.23558748967493534,-0.01604102564102572,6.0,6.0,5.0,-0.4000000000000057,0
129.5,129.5,0.8333333333333334,0.8493743589743591,0.06808946291315891,-0.23558748967493534,-0.01604102564102572,6.0,6.0,5.0,-0.09999999999999432,0
130.5,130.5,0.7692307692307693,0.8205680652680654,0.07649850832755362,-0.6710888507456708,-0.05133729603729609,7.0,6.0,5.0,0.20000000000001705,0
130.5,130.5,0.7692307692307693,0.8205680652680654,0.07649850832755362,-0.6710888507456708,-0.05133729603729609,7.0,6.0,5.0,-0.39999999999997726,0
130.5,130.5,0.7692307692307693,0.8205680652680654,0.07649850832755362,-0.6710888507456708,-0.05133729603729609,7.0,6.0,5.0,-0.4000000000000057,0
130.5,130.5,0.7692307692307693,0.8205680652680654,0.07649850832755362,-0.6710888507456708,-0.05133729603729609,7.0,6.0,5.0,-0.09999999999999432,0
130.5,130.5,0.7692307692307693,0.8205680652680654,0.07649850832755362,-0.6710888507456708,-0.05133729603729609,7.0,6.0,5.0,0.0,0
131.5,131.5,0.9090909090909091,0.7804448218448219,0.06877113102811497,1.8706408535508041,0.12864608724608717,6.0,5.0,5.0,-0.39999999999997726,1
131.5,131.5,0.9090909090909091,0.7804448218448219,0.06877113102811497,1.8706408535508041,0.12864608724608717,6.0,5.0,5.0,-0.4000000000000057,1
131.5,131.5,0.9090909090909091,0.7804448218448219,0.06877113102811497,1.8706408535508041,0.12864608724608717,6.0,5.0,5.0,-0.09999999999999432,1
131.5,131.5,0.9090909090909091,0.7804448218448219,0.06877113102811497,1.8706408535508041,0.12864608724608717,6.0,5.0,5.0,0.0,1
131.5,131.5,0.9090909090909091,0.7804448218448219,0.06877113102811497,1.8706408535508041,0.12864608724608717,6.0,5.0,5.0,-0.4000000000000057,1
132.5,132.5,0.9090909090909091,0.7806498501498503,0.06934056615080143,1.8523220399113256,0.12844105894105873,6.0,5.0,5.0,-0.4000000000000057,1
132.5,132.5,0.9090909090909091,0.7806498501498503,0.06934056615080143,1.8523220399113256,0.12844105894105873,6.0,5.0,5.0,-0.09999999999999432,1
132.5,132.5,0.9090909090909091,0.7806498501498503,0.06934056615080143,1.8523220399113256,0.12844105894105873,6.0,5.0,5.0,0.0,1
132.5,132.5,0.9090909090909091,0.7806498501498503,0.06934056615080143,1.8523220399113256,0.12844105894105873,6.0,5.0,5.0,-0.4000000000000057,1
132.5,132.5,0.9090909090909091,0.7806498501498503,0.06934056615080143,1.8523220399113256,0.12844105894105873,6.0,5.0,5.0,0.29999999999998295,1
133.5,133.5,1.0,0.8442361138861141,0.07162267523732417,2.1747845301471496,0.15576388611388592,6.0,6.0,6.0,-0.09999999999999432,1
133.5,133.5,1.0,0.8442361138861141,0.07162267523732417,2.1747845301471496,0.15576388611388592,6.0,6.0,6.0,0.0,1
133.5,133.5,1.0,0.8442361138861141,0.07162267523732417,2.1747845301471496,0.15576388611388592,6.0,6.0,6.0,-0.4000000000000057,1
133.5,133.5,1.0,0.8442361138861141,0.07162267523732417,2.1747845301471496,0.15576388611388592,6.0,6.0,6.0,0.29999999999998295,1
133.5,133.5,1.0,0.8442361138861141,0.07162267523732417,2.1747845301471496,0.15576388611388592,6.0,6.0,6.0,0.30000000000001137,1
133.5,133.5,1.0,0.8442361138861141,0.07162267523732417,2.1747845301471496,0.15576388611388592,6.0,6.0,6.0,0.09999999999999432,1
134.5,134.5,1.0,0.848467515817516,0.06779341169084768,2.235209593426338,0.151532484182484,6.0,6.0,6.0,0.0,1
134.5,134.5,1.0,0.848467515817516,0.06779341169084768,2.235209593426338,0.151532484182484,6.0,6.0,6.0,-0.4000000000000057,1
134.5,134.5,1.0,0.848467515817516,0.06779341169084768,2.235209593426338,0.151532484182484,6.0,6.0,6.0,0.29999999999998295,1
134.5,134.5,1.0,0.848467515817516,0.06779341169084768,2.235209593426338,0.151532484182484,6.0,6.0,6.0,0.30000000000001137,1
134.5,134.5,1.0,0.848467515817516,0.06779341169084768,2.235209593426338,0.151532484182484,6.0,6.0,6.0,0.09999999999999432,1
134.5,134.5,1.0,0.848467515817516,0.06779341169084768,2.235209593426338,0.151532484182484,6.0,6.0,6.0,0.0,1
135.5,135.5,0.8333333333333334,0.8577912753912754,0.06409145701850893,-0.38161001786679394,-0.02445794205794205,6.0,6.0,5.0,0.29999999999998295,1
135.5,135.5,0.8333333333333334,0.8577912753912754,0.06409145701850893,-0.38161001786679394,-0.02445794205794205,6.0,6.0,5.0,0.30000000000001137,1
135.5,135.5,0.8333333333333334,0.8577912753912754,0.06409145701850893,-0.38161001786679394,-0.02445794205794205,6.0,6.0,5.0,0.09999999999999432,1
135.5,135.5,0.8333333333333334,0.8577912753912754,0.06409145701850893,-0.38161001786679394,-0.02445794205794205,6.0,6.0,5.0,0.0,1
135.5,135.5,0.8333333333333334,0.8577912753912754,0.06409145701850893,-0.38161001786679394,-0.02445794205794205,6.0,6.0,5.0,-0.29999999999998295,1
136.5,136.5,0.9230769230769231,0.8537837329337331,0.06635568131861962,1.044269138168673,0.06929319014319002,7.0,6.0,6.0,0.29999999999998295,0
136.5,136.5,0.9230769230769231,0.8537837329337331,0.06635568131861962,1.044269138168673,0.06929319014319002,7.0,6.0,6.0,0.30000000000001137,0
136.5,136.5,0.9230769230769231,0.8537837329337331,0.06635568131861962,1.044269138168673,0.06929319014319002,7.0,6.0,6.0,0.09999999999999432,0
136.5,136.5,0.9230769230769231,0.8537837329337331,0.06635568131861962,1.044269138168673,0.06929319014319002,7.0,6.0,6.0,0.0,0
136.5,136.5,0.9230769230769231,0.8537837329337331,0.06635568131861962,1.044269138168673,0.06929319014319002,7.0,6.0,6.0,-0.29999999999998295,0
136.5,136.5,0.9230769230769231,0.8537837329337331,0.06635568131861962,1.044269138168673,0.06929319014319002,7.0,6.0,6.0,-0.4000000000000057,0
137.5,137.5,0.9230769230769231,0.8224588744588746,0.07782712773317904,1.2928403186483441,0.10061804861804857,7.0,6.0,6.0,0.30000000000001137,0
137.5,137.5,0.9230769230769231,0.8224588744588746,0.07782712773317904,1.2928403186483441,0.10061804861804857,7.0,6.0,6.0,0.09999999999999432,0
137.5,137.5,0.9230769230769231,0.8224588744588746,0.07782712773317904,1.2928403186483441,0.10061804861804857,7.0,6.0,6.0,0.0,0
137.5,137.5,0.9230769230769231,0.8224588744588746,0.07782712773317904,1.2928403186483441,0.10061804861804857,7.0,6.0,6.0,-0.29999999999998295,0
137.5,137.5,0.9230769230769231,0.8224588744588746,0.07782712773317904,1.2928403186483441,0.10061804861804857,7.0,6.0,6.0,-0.4000000000000057,0
137.5,137.5,0.9230769230769231,0.8224588744588746,0.07782712773317904,1.2928403186483441,0.10061804861804857,7.0,6.0,6.0,0.0,0
138.5,138.5,0.6666666666666666,0.6857441336441337,0.06941663989363585,-0.27482556065373703,-0.01907746697746704,8.0,4.0,4.0,0.0,0
138.5,138.5,0.6666666666666666,0.6857441336441337,0.06941663989363585,-0.27482556065373703,-0.01907746697746704,8.0,4.0,4.0,-0.29999999999998295,0
138.5,138.5,0.6666666666666666,0.6857441336441337,0.06941663989363585,-0.27482556065373703,-0.01907746697746704,8.0,4.0,4.0,-0.4000000000000057,0
138.5,138.5,0.6666666666666666,0.6857441336441337,0.06941663989363585,-0.27482556065373703,-0.01907746697746704,8.0,4.0,4.0,0.0,0
139.5,139.5,0.6,0.5654746309246309,0.07214007302092068,0.47858794189682463,0.03452536907536907,7.0,3.0,3.0,-0.29999999999998295,0
139.5,139.5,0.6,0.5654746309246309,0.07214007302092068,0.47858794189682463,0.03452536907536907,7.0,3.0,3.0,-0.4000000000000057,0
139.5,139.5,0.6,0.5654746309246309,0.07214007302092068,0.47858794189682463,0.03452536907536907,7.0,3.0,3.0,0.0,0
140.5,140.5,0.4,0.41916284271284276,0.06134428405674711,-0.31238187889055763,-0.019162842712842743,8.0,2.0,2.0,-0.4000000000000057,0
140.5,140.5,0.4,0.41916284271284276,0.06134428405674711,-0.31238187889055763,-0.019162842712842743,8.0,2.0,2.0,0.0,0
141.5,141.5,0.2222222222222222,0.23971262626262627,0.04389064876007651,-0.39849955593077374,-0.017490404040404056,8.0,1.0,1.0,0.0,0
142.5,142.5,0.2222222222222222,0.23892380952380957,0.04897355885557936,-0.3410327468918386,-0.016701587301587356,8.0,1.0,1.0,-0.4000000000000057,0
143.5,143.5,0.25,0.42121709956709963,0.06724230507915176,-2.5462705266507126,-0.17121709956709963,6.0,2.0,1.0,-0.4000000000000057,0
144.5,144.5,0.4444444444444444,0.5598312354312355,0.07382969541085364,-1.562877787110959,-0.11538679098679105,6.0,3.0,2.0,-0.4000000000000057,0
144.5,144.5,0.4444444444444444,0.5598312354312355,0.07382969541085364,-1.562877787110959,-0.11538679098679105,6.0,3.0,2.0,-0.10000000000002274,0
145.5,145.5,0.6,0.6858260961260961,0.07262313144666278,-1.1818010930736322,-0.08582609612609615,6.0,4.0,3.0,-0.4000000000000057,0
145.5,145.5,0.6,0.6858260961260961,0.07262313144666278,-1.1818010930736322,-0.08582609612609615,6.0,4.0,3.0,-0.10000000000002274,0
145.5,145.5,0.6,0.6858260961260961,0.07262313144666278,-1.1818010930736322,-0.08582609612609615,6.0,4.0,3.0,-0.19999999999998863,0
146.5,146.5,0.8,0.7679937062937063,0.07426921715498695,0.4309496576421714,0.03200629370629371,5.0,5.0,4.0,0.19999999999998863,0
146.5,146.5,0.8,0.7679937062937063,0.07426921715498695,0.4309496576421714,0.03200629370629371,5.0,5.0,4.0,-0.10000000000002274,0
146.5,146.5,0.8,0.7679937062937063,0.07426921715498695,0.4309496576421714,0.03200629370629371,5.0,5.0,4.0,-0.19999999999998863,0
146.5,146.5,0.8,0.7679937062937063,0.07426921715498695,0.4309496576421714,0.03200629370629371,5.0,5.0,4.0,-0.19999999999998863,0
147.5,147.5,0.7272727272727273,0.826872360972361,0.07107643919677727,-1.4013030875658974,-0.09959963369963376,5.0,6.0,4.0,-0.10000000000002274,0
147.5,147.5,0.7272727272727273,0.826872360972361,0.07107643919677727,-1.4013030875658974,-0.09959963369963376,5.0,6.0,4.0,-0.19999999999998863,0
147.5,147.5,0.7272727272727273,0.826872360972361,0.07107643919677727,-1.4013030875658974,-0.09959963369963376,5.0,6.0,4.0,-0.19999999999998863,0
147.5,147.5,0.7272727272727273,0.826872360972361,0.07107643919677727,-1.4013030875658974,-0.09959963369963376,5.0,6.0,4.0,0.29999999999998295,0
148.5,148.5,0.9230769230769231,0.8425681818181819,0.06906248175828585,1.1657377379011153,0.08050874125874119,7.0,6.0,6.0,-0.10000000000002274,0
148.5,148.5,0.9230769230769231,0.8425681818181819,0.06906248175828585,1.1657377379011153,0.08050874125874119,7.0,6.0,6.0,-0.19999999999998863,0
148.5,148.5,0.9230769230769231,0.8425681818181819,0.06906248175828585,1.1657377379011153,0.08050874125874119,7.0,6.0,6.0,-0.19999999999998863,0
148.5,148.5,0.9230769230769231,0.8425681818181819,0.06906248175828585,1.1657377379011153,0.08050874125874119,7.0,6.0,6.0,0.29999999999998295,0
148.5,148.5,0.9230769230769231,0.8425681818181819,0.06906248175828585,1.1657377379011153,0.08050874125874119,7.0,6.0,6.0,0.19999999999998863,0
148.5,148.5,0.9230769230769231,0.8425681818181819,0.06906248175828585,1.1657377379011153,0.08050874125874119,7.0,6.0,6.0,0.30000000000001137,0
149.5,149.5,0.9230769230769231,0.8373225274725276,0.07085933357520596,1.2102060699368682,0.08575439560439557,7.0,6.0,6.0,-0.19999999999998863,0
149.5,149.5,0.9230769230769231,0.8373225274725276,0.07085933357520596,1.2102060699368682,0.08575439560439557,7.0,6.0,6.0,-0.19999999999998863,0
149.5,149.5,0.9230769230769231,0.8373225274725276,0.07085933357520596,1.2102060699368682,0.08575439560439557,7.0,6.0,6.0,0.29999999999998295,0
149.5,149.5,0.9230769230769231,0.8373225274725276,0.07085933357520596,1.2102060699368682,0.08575439560439557,7.0,6.0,6.0,0.19999999999998863,0
149.5,149.5,0.9230769230769231,0.8373225274725276,0.07085933357520596,1.2102060699368682,0.08575439560439557,7.0,6.0,6.0,0.30000000000001137,0
149.5,149.5,0.9230769230769231,0.8373225274725276,0.07085933357520596,1.2102060699368682,0.08575439560439557,7.0,6.0,6.0,-0.30000000000001137,0
150.5,150.5,0.8571428571428571,0.8473050949050951,0.06686053649559634,0.14713854769038465,0.009837762237762004,8.0,6.0,6.0,-0.19999999999998863,0
150.5,150.5,0.8571428571428571,0.8473050949050951,0.06686053649559634,0.14713854769038465,0.009837762237762004,8.0,6.0,6.0,0.29999999999998295,0
150.5,150.5,0.8571428571428571,0.8473050949050951,0.06686053649559634,0.14713854769038465,0.009837762237762004,8.0,6.0,6.0,0.19999999999998863,0
150.5,150.5,0.8571428571428571,0.8473050949050951,0.06686053649559634,0.14713854769038465,0.009837762237762004,8.0,6.0,6.0,0.30000000000001137,0
150.5,150.5,0.8571428571428571,0.8473050949050951,0.06686053649559634,0.14713854769038465,0.009837762237762004,8.0,6.0,6.0,-0.30000000000001137,0
150.5,150.5,0.8571428571428571,0.8473050949050951,0.06686053649559634,0.14713854769038465,0.009837762237762004,8.0,6.0,6.0,-0.5,0
151.5,151.5,0.8333333333333334,0.8340069430569431,0.07477506574044067,-0.009008480526757172,-0.0006736097236097471,6.0,6.0,5.0,0.29999999999998295,0
151.5,151.5,0.8333333333333334,0.8340069430569431,0.07477506574044067,-0.009008480526757172,-0.0006736097236097471,6.0,6.0,5.0,0.19999999999998863,0
151.5,151.5,0.8333333333333334,0.8340069430569431,0.07477506574044067,-0.009008480526757172,-0.0006736097236097471,6.0,6.0,5.0,0.30000000000001137,0
151.5,151.5,0.8333333333333334,0.8340069430569431,0.07477506574044067,-0.009008480526757172,-0.0006736097236097471,6.0,6.0,5.0,-0.30000000000001137,0
151.5,151.5,0.8333333333333334,0.8340069430569431,0.07477506574044067,-0.009008480526757172,-0.0006736097236097471,6.0,6.0,5.0,-0.5,0
152.5,152.5,0.7692307692307693,0.779037962037962,0.0841473969229039,-0.11654778597819439,-0.009807192807192777,7.0,6.0,5.0,0.19999999999998863,0
152.5,152.5,0.7692307692307693,0.779037962037962,0.0841473969229039,-0.11654778597819439,-0.009807192807192777,7.0,6.0,5.0,0.30000000000001137,0
152.5,152.5,0.7692307692307693,0.779037962037962,0.0841473969229039,-0.11654778597819439,-0.009807192807192777,7.0,6.0,5.0,-0.30000000000001137,0
152.5,152.5,0.7692307692307693,0.779037962037962,0.0841473969229039,-0.11654778597819439,-0.009807192807192777,7.0,6.0,5.0,-0.5,0
152.5,152.5,0.7692307692307693,0.779037962037962,0.0841473969229039,-0.11654778597819439,-0.009807192807192777,7.0,6.0,5.0,-0.30000000000001137,0
153.5,153.5,0.6666666666666666,0.7759137529137529,0.07343254782970403,-1.4877202204727935,-0.10924708624708623,7.0,5.0,4.0,-0.30000000000001137,0
153.5,153.5,0.6666666666666666,0.7759137529137529,0.07343254782970403,-1.4877202204727935,-0.10924708624708623,7.0,5.0,4.0,-0.5,0
153.5,153.5,0.6666666666666666,0.7759137529137529,0.07343254782970403,-1.4877202204727935,-0.10924708624708623,7.0,5.0,4.0,-0.30000000000001137,0
153.5,153.5,0.6666666666666666,0.7759137529137529,0.07343254782970403,-1.4877202204727935,-0.10924708624708623,7.0,5.0,4.0,0.09999999999999432,0
154.5,154.5,0.7692307692307693,0.8456925241425243,0.06966179455121572,-1.0976139131118694,-0.076461754911755,7.0,6.0,5.0,-0.5,0
154.5,154.5,0.7692307692307693,0.8456925241425243,0.06966179455121572,-1.0976139131118694,-0.076461754911755,7.0,6.0,5.0,-0.30000000000001137,0
154.5,154.5,0.7692307692307693,0.8456925241425243,0.06966179455121572,-1.0976139131118694,-0.076461754911755,7.0,6.0,5.0,0.09999999999999432,0
154.5,154.5,0.7692307692307693,0.8456925241425243,0.06966179455121572,-1.0976139131118694,-0.076461754911755,7.0,6.0,5.0,-0.09999999999999432,0
154.5,154.5,0.7692307692307693,0.8456925241425243,0.06966179455121572,-1.0976139131118694,-0.076461754911755,7.0,6.0,5.0,0.0,0
155.5,155.5,0.8333333333333334,0.8471328504828507,0.06880100891287237,-0.20057143590717746,-0.013799517149517326,6.0,6.0,5.0,-0.30000000000001137,0
155.5,155.5,0.8333333333333334,0.8471328504828507,0.06880100891287237,-0.20057143590717746,-0.013799517149517326,6.0,6.0,5.0,0.09999999999999432,0
155.5,155.5,0.8333333333333334,0.8471328504828507,0.06880100891287237,-0.20057143590717746,-0.013799517149517326,6.0,6.0,5.0,-0.09999999999999432,0
155.5,155.5,0.8333333333333334,0.8471328504828507,0.06880100891287237,-0.20057143590717746,-0.013799517149517326,6.0,6.0,5.0,0.0,0
155.5,155.5,0.8333333333333334,0.8471328504828507,0.06880100891287237,-0.20057143590717746,-0.013799517149517326,6.0,6.0,5.0,-0.29999999999998295,0
156.5,156.5,0.9333333333333333,0.8875189021762552,0.06966544433034592,0.6576349522703271,0.04581443115707817,8.0,7.0,7.0,-0.30000000000001137,0
156.5,156.5,0.9333333333333333,0.8875189021762552,0.06966544433034592,0.6576349522703271,0.04581443115707817,8.0,7.0,7.0,0.09999999999999432,0
156.5,156.5,0.9333333333333333,0.8875189021762552,0.06966544433034592,0.6576349522703271,0.04581443115707817,8.0,7.0,7.0,-0.09999999999999432,0
156.5,156.5,0.9333333333333333,0.8875189021762552,0.06966544433034592,0.6576349522703271,0.04581443115707817,8.0,7.0,7.0,0.0,0
156.5,156.5,0.9333333333333333,0.8875189021762552,0.06966544433034592,0.6576349522703271,0.04581443115707817,8.0,7.0,7.0,-0.29999999999998295,0
156.5,156.5,0.9333333333333333,0.8875189021762552,0.06966544433034592,0.6576349522703271,0.04581443115707817,8.0,7.0,7.0,-0.20000000000001705,0
156.5,156.5,0.9333333333333333,0.8875189021762552,0.06966544433034592,0.6576349522703271,0.04581443115707817,8.0,7.0,7.0,-0.30000000000001137,0
157.5,157.5,0.9333333333333333,0.8978764221073046,0.06562321122695461,0.5403105176216205,0.03545691122602879,8.0,7.0,7.0,0.09999999999999432,0
157.5,157.5,0.9333333333333333,0.8978764221073046,0.06562321122695461,0.5403105176216205,0.03545691122602879,8.0,7.0,7.0,-0.09999999999999432,0
157.5,157.5,0.9333333333333333,0.8978764221073046,0.06562321122695461,0.5403105176216205,0.03545691122602879,8.0,7.0,7.0,0.0,0
157.5,157.5,0.9333333333333333,0.8978764221073046,0.06562321122695461,0.5403105176216205,0.03545691122602879,8.0,7.0,7.0,-0.29999999999998295,0
157.5,157.5,0.9333333333333333,0.8978764221073046,0.06562321122695461,0.5403105176216205,0.03545691122602879,8.0,7.0,7.0,-0.20000000000001705,0
157.5,157.5,0.9333333333333333,0.8978764221073046,0.06562321122695461,0.5403105176216205,0.03545691122602879,8.0,7.0,7.0,-0.30000000000001137,0
157.5,157.5,0.9333333333333333,0.8978764221073046,0.06562321122695461,0.5403105176216205,0.03545691122602879,8.0,7.0,7.0,-0.4000000000000057,0
158.5,158.5,0.8571428571428571,0.788897102897103,0.08150202932167348,0.8373503680061838,0.06824575424575408,8.0,6.0,6.0,-0.09999999999999432,0
158.5,158.5,0.8571428571428571,0.788897102897103,0.08150202932167348,0.8373503680061838,0.06824575424575408,8.0,6.0,6.0,0.0,0
158.5,158.5,0.8571428571428571,0.788897102897103,0.08150202932167348,0.8373503680061838,0.06824575424575408,8.0,6.0,6.0,-0.29999999999998295,0
158.5,158.5,0.8571428571428571,0.788897102897103,0.08150202932167348,0.8373503680061838,0.06824575424575408,8.0,6.0,6.0,-0.20000000000001705,0
158.5,158.5,0.8571428571428571,0.788897102897103,0.08150202932167348,0.8373503680061838,0.06824575424575408,8.0,6.0,6.0,-0.30000000000001137,0
158.5,158.5,0.8571428571428571,0.788897102897103,0.08150202932167348,0.8373503680061838,0.06824575424575408,8.0,6.0,6.0,-0.4000000000000057,0
159.5,159.5,0.9230769230769231,0.8262847152847154,0.07816381390741817,1.2383250375532362,0.09679220779220776,7.0,6.0,6.0,-0.29999999999998295,0
159.5,159.5,0.9230769230769231,0.8262847152847154,0.07816381390741817,1.2383250375532362,0.09679220779220776,7.0,6.0,6.0,-0.20000000000001705,0
159.5,159.5,0.9230769230769231,0.8262847152847154,0.07816381390741817,1.2383250375532362,0.09679220779220776,7.0,6.0,6.0,-0.30000000000001137,0
159.5,159.5,0.9230769230769231,0.8262847152847154,0.07816381390741817,1.2383250375532362,0.09679220779220776,7.0,6.0,6.0,-0.4000000000000057,0
159.5,159.5,0.9230769230769231,0.8262847152847154,0.07816381390741817,1.2383250375532362,0.09679220779220776,7.0,6.0,6.0,-0.39999999999997726,0
159.5,159.5,0.9230769230769231,0.8262847152847154,0.07816381390741817,1.2383250375532362,0.09679220779220776,7.0,6.0,6.0,-0.4000000000000057,0
160.5,160.5,0.8333333333333334,0.8423940392940394,0.07322723457071838,-0.12373409994004073,-0.009060705960706072,6.0,6.0,5.0,-0.20000000000001705,0
160.5,160.5,0.8333333333333334,0.8423940392940394,0.07322723457071838,-0.12373409994004073,-0.009060705960706072,6.0,6.0,5.0,-0.30000000000001137,0
160.5,160.5,0.8333333333333334,0.8423940392940394,0.07322723457071838,-0.12373409994004073,-0.009060705960706072,6.0,6.0,5.0,-0.4000000000000057,0
160.5,160.5,0.8333333333333334,0.8423940392940394,0.07322723457071838,-0.12373409994004073,-0.009060705960706072,6.0,6.0,5.0,-0.39999999999997726,0
160.5,160.5,0.8333333333333334,0.8423940392940394,0.07322723457071838,-0.12373409994004073,-0.009060705960706072,6.0,6.0,5.0,-0.4000000000000057,0
161.5,161.5,0.7692307692307693,0.8294578215901746,0.08384824641156598,-0.7182863677766504,-0.060227052359405286,6.0,7.0,5.0,-0.4000000000000057,0
161.5,161.5,0.7692307692307693,0.8294578215901746,0.08384824641156598,-0.7182863677766504,-0.060227052359405286,6.0,7.0,5.0,-0.39999999999997726,0
161.5,161.5,0.7692307692307693,0.8294578215901746,0.08384824641156598,-0.7182863677766504,-0.060227052359405286,6.0,7.0,5.0,-0.4000000000000057,0
161.5,161.5,0.7692307692307693,0.8294578215901746,0.08384824641156598,-0.7182863677766504,-0.060227052359405286,6.0,7.0,5.0,-0.20000000000001705,0
161.5,161.5,0.7692307692307693,0.8294578215901746,0.08384824641156598,-0.7182863677766504,-0.060227052359405286,6.0,7.0,5.0,-0.30000000000001137,0
162.5,162.5,0.8333333333333334,0.8303470196470198,0.07262762986360256,0.04111814872551857,0.0029863136863135242,6.0,6.0,5.0,-0.39999999999997726,0
162.5,162.5,0.8333333333333334,0.8303470196470198,0.07262762986360256,0.04111814872551857,0.0029863136863135242,6.0,6.0,5.0,-0.4000000000000057,0
162.5,162.5,0.8333333333333334,0.8303470196470198,0.07262762986360256,0.04111814872551857,0.0029863136863135242,6.0,6.0,5.0,-0.20000000000001705,0
162.5,162.5,0.8333333333333334,0.8303470196470198,0.07262762986360256,0.04111814872551857,0.0029863136863135242,6.0,6.0,5.0,-0.30000000000001137,0
162.5,162.5,0.8333333333333334,0.8303470196470198,0.07262762986360256,0.04111814872551857,0.0029863136863135242,6.0,6.0,5.0,-0.5,0
163.5,163.5,0.7692307692307693,0.8894494343891404,0.067908815447964,-1.770295422845215,-0.1202186651583711,6.0,7.0,5.0,-0.4000000000000057,0
163.5,163.5,0.7692307692307693,0.8894494343891404,0.067908815447964,-1.770295422845215,-0.1202186651583711,6.0,7.0,5.0,-0.20000000000001705,0
163.5,163.5,0.7692307692307693,0.8894494343891404,0.067908815447964,-1.770295422845215,-0.1202186651583711,6.0,7.0,5.0,-0.30000000000001137,0
163.5,163.5,0.7692307692307693,0.8894494343891404,0.067908815447964,-1.770295422845215,-0.1202186651583711,6.0,7.0,5.0,-0.5,0
163.5,163.5,0.7692307692307693,0.8894494343891404,0.067908815447964,-1.770295422845215,-0.1202186651583711,6.0,7.0,5.0,0.30000000000001137,0
164.5,164.5,0.7692307692307693,0.8489524509803923,0.07106750419744837,-1.1217740463789267,-0.07972168174962302,6.0,7.0,5.0,-0.20000000000001705,0
164.5,164.5,0.7692307692307693,0.8489524509803923,0.07106750419744837,-1.1217740463789267,-0.07972168174962302,6.0,7.0,5.0,-0.30000000000001137,0
164.5,164.5,0.7692307692307693,0.8489524509803923,0.07106750419744837,-1.1217740463789267,-0.07972168174962302,6.0,7.0,5.0,-0.5,0
164.5,164.5,0.7692307692307693,0.8489524509803923,0.07106750419744837,-1.1217740463789267,-0.07972168174962302,6.0,7.0,5.0,0.30000000000001137,0
164.5,164.5,0.7692307692307693,0.8489524509803923,0.07106750419744837,-1.1217740463789267,-0.07972168174962302,6.0,7.0,5.0,0.4000000000000057,0
165.5,165.5,0.8571428571428571,0.8398913752913755,0.0674047731470888,0.2559385789168954,0.01725148185148162,8.0,6.0,6.0,-0.20000000000001705,0
165.5,165.5,0.8571428571428571,0.8398913752913755,0.0674047731470888,0.2559385789168954,0.01725148185148162,8.0,6.0,6.0,-0.30000000000001137,0
165.5,165.5,0.8571428571428571,0.8398913752913755,0.0674047731470888,0.2559385789168954,0.01725148185148162,8.0,6.0,6.0,-0.5,0
165.5,165.5,0.8571428571428571,0.8398913752913755,0.0674047731470888,0.2559385789168954,0.01725148185148162,8.0,6.0,6.0,0.30000000000001137,0
165.5,165.5,0.8571428571428571,0.8398913752913755,0.0674047731470888,0.2559385789168954,0.01725148185148162,8.0,6.0,6.0,0.4000000000000057,0
165.5,165.5,0.8571428571428571,0.8398913752913755,0.0674047731470888,0.2559385789168954,0.01725148185148162,8.0,6.0,6.0,0.20000000000001705,0
166.5,166.5,1.0,0.8576517022193493,0.07429882485547518,1.9158889532579315,0.14234829778065072,7.0,7.0,7.0,0.30000000000001137,0
166.5,166.5,1.0,0.8576517022193493,0.07429882485547518,1.9158889532579315,0.14234829778065072,7.0,7.0,7.0,0.0,0
166.5,166.5,1.0,0.8576517022193493,0.07429882485547518,1.9158889532579315,0.14234829778065072,7.0,7.0,7.0,0.30000000000001137,0
166.5,166.5,1.0,0.8576517022193493,0.07429882485547518,1.9158889532579315,0.14234829778065072,7.0,7.0,7.0,0.4000000000000057,0
166.5,166.5,1.0,0.8576517022193493,0.07429882485547518,1.9158889532579315,0.14234829778065072,7.0,7.0,7.0,0.20000000000001705,0
166.5,166.5,1.0,0.8576517022193493,0.07429882485547518,1.9158889532579315,0.14234829778065072,7.0,7.0,7.0,-0.39999999999997726,0
166.5,166.5,1.0,0.8576517022193493,0.07429882485547518,1.9158889532579315,0.14234829778065072,7.0,7.0,7.0,-0.29999999999998295,0
167.5,167.5,0.9230769230769231,0.8518927072927074,0.0692772220408797,1.0275269949798325,0.07118421578421574,7.0,6.0,6.0,0.30000000000001137,0
167.5,167.5,0.9230769230769231,0.8518927072927074,0.0692772220408797,1.0275269949798325,0.07118421578421574,7.0,6.0,6.0,0.4000000000000057,0
167.5,167.5,0.9230769230769231,0.8518927072927074,0.0692772220408797,1.0275269949798325,0.07118421578421574,7.0,6.0,6.0,0.20000000000001705,0
167.5,167.5,0.9230769230769231,0.8518927072927074,0.0692772220408797,1.0275269949798325,0.07118421578421574,7.0,6.0,6.0,-0.39999999999997726,0
167.5,167.5,0.9230769230769231,0.8518927072927074,0.0692772220408797,1.0275269949798325,0.07118421578421574,7.0,6.0,6.0,-0.29999999999998295,0
167.5,167.5,0.9230769230769231,0.8518927072927074,0.0692772220408797,1.0275269949798325,0.07118421578421574,7.0,6.0,6.0,-0.4000000000000057,0
168.5,168.5,0.9230769230769231,0.839493006993007,0.07161430534375504,1.1671399405845786,0.08358391608391613,7.0,6.0,6.0,0.4000000000000057,0
168.5,168.5,0.9230769230769231,0.839493006993007,0.07161430534375504,1.1671399405845786,0.08358391608391613,7.0,6.0,6.0,0.20000000000001705,0
168.5,168.5,0.9230769230769231,0.839493006993007,0.07161430534375504,1.1671399405845786,0.08358391608391613,7.0,6.0,6.0,-0.39999999999997726,0
168.5,168.5,0.9230769230769231,0.839493006993007,0.07161430534375504,1.1671399405845786,0.08358391608391613,7.0,6.0,6.0,-0.29999999999998295,0
168.5,168.5,0.9230769230769231,0.839493006993007,0.07161430534375504,1.1671399405845786,0.08358391608391613,7.0,6.0,6.0,-0.4000000000000057,0
168.5,168.5,0.9230769230769231,0.839493006993007,0.07161430534375504,1.1671399405845786,0.08358391608391613,7.0,6.0,6.0,0.5,0
169.5,169.5,0.9230769230769231,0.8398949550449551,0.07198248524860548,1.155586219962855,0.08318196803196798,7.0,6.0,6.0,0.20000000000001705,0
169.5,169.5,0.9230769230769231,0.8398949550449551,0.07198248524860548,1.155586219962855,0.08318196803196798,7.0,6.0,6.0,-0.39999999999997726,0
169.5,169.5,0.9230769230769231,0.8398949550449551,0.07198248524860548,1.155586219962855,0.08318196803196798,7.0,6.0,6.0,-0.29999999999998295,0
169.5,169.5,0.9230769230769231,0.8398949550449551,0.07198248524860548,1.155586219962855,0.08318196803196798,7.0,6.0,6.0,-0.4000000000000057,0
169.5,169.5,0.9230769230769231,0.8398949550449551,0.07198248524860548,1.155586219962855,0.08318196803196798,7.0,6.0,6.0,0.5,0
169.5,169.5,0.9230769230769231,0.8398949550449551,0.07198248524860548,1.155586219962855,0.08318196803196798,7.0,6.0,6.0,0.5,0
170.5,170.5,0.8333333333333334,0.8087188478188478,0.0757402523608466,0.32498552285270466,0.02461448551448553,6.0,6.0,5.0,0.20000000000001705,0
170.5,170.5,0.8333333333333334,0.8087188478188478,0.0757402523608466,0.32498552285270466,0.02461448551448553,6.0,6.0,5.0,-0.4000000000000057,0
170.5,170.5,0.8333333333333334,0.8087188478188478,0.0757402523608466,0.32498552285270466,0.02461448551448553,6.0,6.0,5.0,0.5,0
170.5,170.5,0.8333333333333334,0.8087188478188478,0.0757402523608466,0.32498552285270466,0.02461448551448553,6.0,6.0,5.0,0.5,0
170.5,170.5,0.8333333333333334,0.8087188478188478,0.0757402523608466,0.32498552285270466,0.02461448551448553,6.0,6.0,5.0,0.09999999999999432,0
171.5,171.5,0.9230769230769231,0.852425224775225,0.06697012630998746,1.0549733469916072,0.07065169830169815,7.0,6.0,6.0,-0.4000000000000057,0
171.5,171.5,0.9230769230769231,0.852425224775225,0.06697012630998746,1.0549733469916072,0.07065169830169815,7.0,6.0,6.0,0.5,0
171.5,171.5,0.9230769230769231,0.852425224775225,0.06697012630998746,1.0549733469916072,0.07065169830169815,7.0,6.0,6.0,0.5,0
171.5,171.5,0.9230769230769231,0.852425224775225,0.06697012630998746,1.0549733469916072,0.07065169830169815,7.0,6.0,6.0,0.09999999999999432,0
171.5,171.5,0.9230769230769231,0.852425224775225,0.06697012630998746,1.0549733469916072,0.07065169830169815,7.0,6.0,6.0,0.09999999999999432,0
171.5,171.5,0.9230769230769231,0.852425224775225,0.06697012630998746,1.0549733469916072,0.07065169830169815,7.0,6.0,6.0,-0.20000000000001705,0
172.5,172.5,0.9230769230769231,0.8543770729270731,0.06630109314339855,1.0361797504795789,0.06869985014985003,7.0,6.0,6.0,0.5,0
172.5,172.5,0.9230769230769231,0.8543770729270731,0.06630109314339855,1.0361797504795789,0.06869985014985003,7.0,6.0,6.0,0.5,0
172.5,172.5,0.9230769230769231,0.8543770729270731,0.06630109314339855,1.0361797504795789,0.06869985014985003,7.0,6.0,6.0,0.09999999999999432,0
172.5,172.5,0.9230769230769231,0.8543770729270731,0.06630109314339855,1.0361797504795789,0.06869985014985003,7.0,6.0,6.0,0.09999999999999432,0
172.5,172.5,0.9230769230769231,0.8543770729270731,0.06630109314339855,1.0361797504795789,0.06869985014985003,7.0,6.0,6.0,-0.20000000000001705,0
172.5,172.5,0.9230769230769231,0.8543770729270731,0.06630109314339855,1.0361797504795789,0.06869985014985003,7.0,6.0,6.0,-0.19999999999998863,0
173.5,173.5,0.9230769230769231,0.8556595571095572,0.06566277698230827,1.0267212120122546,0.06741736596736592,7.0,6.0,6.0,0.5,0
173.5,173.5,0.9230769230769231,0.8556595571095572,0.06566277698230827,1.0267212120122546,0.06741736596736592,7.0,6.0,6.0,0.09999999999999432,0
173.5,173.5,0.9230769230769231,0.8556595571095572,0.06566277698230827,1.0267212120122546,0.06741736596736592,7.0,6.0,6.0,0.09999999999999432,0
173.5,173.5,0.9230769230769231,0.8556595571095572,0.06566277698230827,1.0267212120122546,0.06741736596736592,7.0,6.0,6.0,-0.20000000000001705,0
173.5,173.5,0.9230769230769231,0.8556595571095572,0.06566277698230827,1.0267212120122546,0.06741736596736592,7.0,6.0,6.0,-0.19999999999998863,0
173.5,173.5,0.9230769230769231,0.8556595571095572,0.06566277698230827,1.0267212120122546,0.06741736596736592,7.0,6.0,6.0,-0.5,0
174.5,174.5,0.7692307692307693,0.7656616716616717,0.073073357936268,0.04884266536937394,0.0035690975690976234,8.0,5.0,5.0,0.09999999999999432,0
174.5,174.5,0.7692307692307693,0.7656616716616717,0.073073357936268,0.04884266536937394,0.0035690975690976234,8.0,5.0,5.0,0.09999999999999432,0
174.5,174.5,0.7692307692307693,0.7656616716616717,0.073073357936268,0.04884266536937394,0.0035690975690976234,8.0,5.0,5.0,-0.20000000000001705,0
174.5,174.5,0.7692307692307693,0.7656616716616717,0.073073357936268,0.04884266536937394,0.0035690975690976234,8.0,5.0,5.0,-0.19999999999998863,0
174.5,174.5,0.7692307692307693,0.7656616716616717,0.073073357936268,0.04884266536937394,0.0035690975690976234,8.0,5.0,5.0,-0.5,0
175.5,175.5,0.7692307692307693,0.7369505161505161,0.08537410570811975,0.37810355742541113,0.032280253080253174,8.0,5.0,5.0,0.09999999999999432,0
175.5,175.5,0.7692307692307693,0.7369505161505161,0.08537410570811975,0.37810355742541113,0.032280253080253174,8.0,5.0,5.0,-0.20000000000001705,0
175.5,175.5,0.7692307692307693,0.7369505161505161,0.08537410570811975,0.37810355742541113,0.032280253080253174,8.0,5.0,5.0,-0.19999999999998863,0
175.5,175.5,0.7692307692307693,0.7369505161505161,0.08537410570811975,0.37810355742541113,0.032280253080253174,8.0,5.0,5.0,-0.5,0
175.5,175.5,0.7692307692307693,0.7369505161505161,0.08537410570811975,0.37810355742541113,0.032280253080253174,8.0,5.0,5.0,-0.19999999999998863,0
176.5,176.5,0.5454545454545454,0.5661410644910644,0.07211429767314786,-0.2868573875638215,-0.02068651903651897,8.0,3.0,3.0,-0.19999999999998863,0
176.5,176.5,0.5454545454545454,0.5661410644910644,0.07211429767314786,-0.2868573875638215,-0.02068651903651897,8.0,3.0,3.0,-0.5,0
176.5,176.5,0.5454545454545454,0.5661410644910644,0.07211429767314786,-0.2868573875638215,-0.02068651903651897,8.0,3.0,3.0,-0.19999999999998863,0
