t_center,z_S_t__20170706_01_02_01,z_S_t__20170706_01_02_02,z_S_t__20170706_01_02_03,z_S_t__20170706_03_04_01,z_S_t__20170706_03_04_02,z_S_t__20170706_03_04_03,z_S_t__20170706_05_06_01,z_S_t__20170706_05_06_02,z_S_t__20170706_05_06_03,z_S_t__20170706_11_12_01,z_S_t__20170706_11_12_02,z_S_t__20170706_11_12_03,z_S_t__20170710_01_02_01,z_S_t__20170710_01_02_02,z_S_t__20170710_01_02_03,z_S_t__20170710_07_08_01,z_S_t__20170710_07_08_02,z_S_t__20170710_07_08_03,z_S_t__20170714_01_02_01,z_S_t__20170714_01_02_02,z_S_t__20170714_01_02_03,z_S_t__20170714_03_04_01,z_S_t__20170714_03_04_02,z_S_t__20170714_03_04_03,z_S_t__20170714_05_06_01,z_S_t__20170714_05_06_02,z_S_t__20170714_05_06_03,z_S_t__20170714_07_08_01,z_S_t__20170714_07_08_02,z_S_t__20170714_07_08_03,S_excess__20170706_01_02_01,S_excess__20170706_01_02_02,S_excess__20170706_01_02_03,S_excess__20170706_03_04_01,S_excess__20170706_03_04_02,S_excess__20170706_03_04_03,S_excess__20170706_05_06_01,S_excess__20170706_05_06_02,S_excess__20170706_05_06_03,S_excess__20170706_11_12_01,S_excess__20170706_11_12_02,S_excess__20170706_11_12_03,S_excess__20170710_01_02_01,S_excess__20170710_01_02_02,S_excess__20170710_01_02_03,S_excess__20170710_07_08_01,S_excess__20170710_07_08_02,S_excess__20170710_07_08_03,S_excess__20170714_01_02_01,S_excess__20170714_01_02_02,S_excess__20170714_01_02_03,S_excess__20170714_03_04_01,S_excess__20170714_03_04_02,S_excess__20170714_03_04_03,S_excess__20170714_05_06_01,S_excess__20170714_05_06_02,S_excess__20170714_05_06_03,S_excess__20170714_07_08_01,S_excess__20170714_07_08_02,S_excess__20170714_07_08_03,nA__20170706_01_02_01,nA__20170706_01_02_02,nA__20170706_01_02_03,nA__20170706_03_04_01,nA__20170706_03_04_02,nA__20170706_03_04_03,nA__20170706_05_06_01,nA__20170706_05_06_02,nA__20170706_05_06_03,nA__20170706_11_12_01,nA__20170706_11_12_02,nA__20170706_11_12_03,nA__20170710_01_02_01,nA__20170710_01_02_02,nA__20170710_01_02_03,nA__20170710_07_08_01,nA__20170710_07_08_02,nA__20170710_07_08_03,nA__20170714_01_02_01,nA__20170714_01_02_02,nA__20170714_01_02_03,nA__20170714_03_04_01,nA__20170714_03_04_02,nA__20170714_03_04_03,nA__20170714_05_06_01,nA__20170714_05_06_02,nA__20170714_05_06_03,nA__20170714_07_08_01,nA__20170714_07_08_02,nA__20170714_07_08_03,nB__20170706_01_02_01,nB__20170706_01_02_02,nB__20170706_01_02_03,nB__20170706_03_04_01,nB__20170706_03_04_02,nB__20170706_03_04_03,nB__20170706_05_06_01,nB__20170706_05_06_02,nB__20170706_05_06_03,nB__20170706_11_12_01,nB__20170706_11_12_02,nB__20170706_11_12_03,nB__20170710_01_02_01,nB__20170710_01_02_02,nB__20170710_01_02_03,nB__20170710_07_08_01,nB__20170710_07_08_02,nB__20170710_07_08_03,nB__20170714_01_02_01,nB__20170714_01_02_02,nB__20170714_01_02_03,nB__20170714_03_04_01,nB__20170714_03_04_02,nB__20170714_03_04_03,nB__20170714_05_06_01,nB__20170714_05_06_02,nB__20170714_05_06_03,nB__20170714_07_08_01,nB__20170714_07_08_02,nB__20170714_07_08_03,nM__20170706_01_02_01,nM__20170706_01_02_02,nM__20170706_01_02_03,nM__20170706_03_04_01,nM__20170706_03_04_02,nM__20170706_03_04_03,nM__20170706_05_06_01,nM__20170706_05_06_02,nM__20170706_05_06_03,nM__20170706_11_12_01,nM__20170706_11_12_02,nM__20170706_11_12_03,nM__20170710_01_02_01,nM__20170710_01_02_02,nM__20170710_01_02_03,nM__20170710_07_08_01,nM__20170710_07_08_02,nM__20170710_07_08_03,nM__20170714_01_02_01,nM__20170714_01_02_02,nM__20170714_01_02_03,nM__20170714_03_04_01,nM__20170714_03_04_02,nM__20170714_03_04_03,nM__20170714_05_06_01,nM__20170714_05_06_02,nM__20170714_05_06_03,nM__20170714_07_08_01,nM__20170714_07_08_02,nM__20170714_07_08_03,episode__20170706_01_02_01,episode__20170706_01_02_02,episode__20170706_01_02_03,episode__20170706_03_04_01,episode__20170706_03_04_02,episode__20170706_03_04_03,episode__20170706_05_06_01,episode__20170706_05_06_02,episode__20170706_05_06_03,episode__20170706_11_12_01,episode__20170706_11_12_02,episode__20170706_11_12_03,episode__20170710_01_02_01,episode__20170710_01_02_02,episode__20170710_01_02_03,episode__20170710_07_08_01,episode__20170710_07_08_02,episode__20170710_07_08_03,episode__20170714_01_02_01,episode__20170714_01_02_02,episode__20170714_01_02_03,episode__20170714_03_04_01,episode__20170714_03_04_02,episode__20170714_03_04_03,episode__20170714_05_06_01,episode__20170714_05_06_02,episode__20170714_05_06_03,episode__20170714_07_08_01,episode__20170714_07_08_02,episode__20170714_07_08_03
3.5,1.2346148877291163,0.8948697338852695,0.8029286590131216,1.4677375151349488,0.7615181227404391,2.4411867481077785,1.8526544956462188,1.077170467979523,1.4144437347566905,1.9867877489179813,1.693490737449424,1.9030235829375537,2.555631637554849,1.6613351526940632,2.975011972259299,2.3150268500917757,1.578703410338748,1.8726408735612652,1.8405013040283889,2.063716162859648,1.7495954287996405,1.7785223955401914,1.292833025761558,2.0199598756500152,1.717410479666171,-0.0230673674721253,1.442585693508731,2.2414314600076435,1.6872760682131456,1.152350058181061,0.1551639185290114,0.1186407985976872,0.1176024372514311,0.2306725089925554,0.1023081084120557,0.4010457129729575,0.2893180421685671,0.1374293425050593,0.1876852086861107,0.4828752743988038,0.3234378057443073,0.405757705040058,0.3648250387297601,0.2029931800569571,0.3273535280266165,0.5906768342768343,0.3604059301809302,0.4393817643141173,0.2743182589855965,0.3592651560857444,0.2893681439905123,0.2630554263858813,0.1945962678704165,0.2825032070182999,0.2610120467767526,-0.0028816550838222,0.1782372605722451,0.4126734498817316,0.2798073297875155,0.1720231057384308,9,10,10,8,8,6,10,13,11,6.0,6,6,8.0,8.0,7,6.0,7.0,6.0,7,7.0,7.0,9,10,7.0,7,10,7,7,8.0,8,8,7,7,7,8,6,9,9,9,6.0,9,7,7.0,7.0,8,6.0,5.0,7.0,7,6.0,7.0,10,7,9.0,7,8,8,8,6.0,8,7,6,6,6,6,6,8,8,8,6.0,6,6,7.0,6.0,7,6.0,5.0,6.0,6,6.0,6.0,8,7,7.0,6,6,6,7,6.0,6,0,0,0,0,0,1,1,0,0,1.0,1,1,0.0,0.0,1,1.0,0.0,0.0,0,0.0,0.0,0,0,0.0,0,0,0,0,0.0,0
4.5,1.414084849732297,0.3282162577836651,1.3632020293267022,1.069465016945874,0.7762419249529204,2.659167864511568,1.8147942363229912,0.984932972604285,1.0952126925645471,2.2612354336228973,1.6522858461588072,1.846371265472844,2.1830639502423077,0.1647144094681617,2.273085203573005,2.115323152545838,1.6190166758594635,1.5150786112129366,2.2131449123542524,1.9734140888025504,1.6686875050201244,1.7448894256640393,1.2931177802418912,1.5763874501281707,1.296216576260086,-0.5884377479607408,0.7108266250340007,1.9272868711381528,0.916069694815376,0.8311894759664372,0.1635948501282597,0.043767019092019,0.1716694409993171,0.1730148300100313,0.1018857125674463,0.3992041989400349,0.2727564472518402,0.124950579428349,0.1392385108864452,0.457179447513271,0.3253085475583928,0.3730807100965769,0.3130501012123337,0.0214817023963308,0.2627628977979738,0.514875271950272,0.3632003801753802,0.3495220416838064,0.2994574476894608,0.3105731938598037,0.2483245496763299,0.2527963581564335,0.1842657239389438,0.2153807616961642,0.175608527643667,-0.0800277981306619,0.0793428642228684,0.3099215525444627,0.1313642683511877,0.11817377874963,10,11,12,9,9,7,11,14,13,7.0,6,8,9.0,10.0,8,6.0,7.0,6.0,9,8.0,8.0,10,11,9.0,7,12,7,7,9.0,8,9,8,9,7,9,7,10,10,11,7.0,9,8,9.0,8.0,10,7.0,5.0,8.0,9,8.0,9.0,11,8,11.0,8,8,10,10,7.0,9,8,6,8,6,7,7,9,9,9,7.0,6,7,8.0,6.0,8,6.0,5.0,6.0,8,7.0,7.0,9,8,8.0,6,6,6,7,6.0,6,0,0,0,0,0,1,1,0,0,1.0,1,1,0.0,0.0,1,1.0,0.0,0.0,0,0.0,0.0,0,0,0.0,0,0,0,0,0.0,0
5.5,0.5099800555249052,0.113979482177445,1.3593853574231356,0.5768575413777336,0.7866739181796096,2.669348493630149,1.8481274671760557,1.2564616300408749,1.0040367803162633,2.580149558304267,1.8770434649863472,1.7062160539572513,1.617031054738642,-0.1299857700569068,2.354918184009991,1.8427274909317548,1.2264302808271026,1.18996001242644,1.2765081492885573,1.4558491181929238,1.528027099583806,1.016328334464058,1.9136027744703623,0.8779834143629207,0.4580687166578719,-0.9839149993462898,-0.3542195141106522,1.2728346213847317,0.9961378288761126,0.3759497724404776,0.0619235563090085,0.0144152131150582,0.1579775103689628,0.0837297435536599,0.0987516129202157,0.3839679916832393,0.2717805411946454,0.1602581777164022,0.1309388492157499,0.441937705431823,0.3545848601175226,0.3156338034342678,0.2440643743335827,-0.0162989177586297,0.2716868947803367,0.4488795310898251,0.2540489373371726,0.2841129242532493,0.1808719308417015,0.2223144683232144,0.2182297090007852,0.132321130268006,0.2434514431452544,0.1205800490004453,0.0576901964123731,-0.1318038979510341,-0.0399796055763682,0.1992927571396611,0.1284435944860092,0.0494721133415574,12,13,13,10,10,8,12,14,14,8.0,7,8,11.0,12.0,10,6.0,8.0,6.0,10,10.0,9.0,12,13,10.0,8,14,9,8,10.0,9,10,9,10,9,10,8,11,12,12,8.0,10,9,10.0,10.0,12,8.0,6.0,9.0,10,10.0,11.0,12,10,12.0,9,8,11,11,9.0,11,8,7,9,6,8,8,10,10,10,8.0,7,7,9.0,7.0,10,6.0,5.0,6.0,8,8.0,8.0,9,10,8.0,6,6,6,7,7.0,6,0,0,0,0,0,1,1,0,0,1.0,1,1,0.0,0.0,1,1.0,0.0,0.0,0,0.0,0.0,0,1,0.0,0,0,0,0,0.0,0
6.5,0.0418534259754969,0.9856329576543242,0.9859274711497502,-0.2479431289030303,0.9526394386653958,2.7316635713427813,1.876044047900508,1.476791210040296,0.9522235373259224,2.7616804991786945,1.5737757725284018,1.6552724988691534,1.2751039434706672,-0.2009610563342312,1.705487056670049,1.8478330416044324,1.2722699312274877,0.836430454995013,1.576044118558884,1.31454330134324,1.484833129825752,1.6702363617952087,2.2138839086904065,1.0879520396379143,-0.4416874275075385,-0.9073884828499916,-0.8079857366390297,1.3546873772753352,0.994238239405359,-0.174349535998072,0.0043340262265365,0.1130852670698679,0.1022648127400186,-0.0341526084940172,0.0951386721667379,0.3334195799212825,0.2772182235144195,0.1816649878817782,0.1209973673125706,0.4245390852181874,0.2865732697796064,0.2749187609689932,0.1924925906368051,-0.0255890097632882,0.1995514719218912,0.4516522991714167,0.2553809370368193,0.199202544634588,0.2136145971587977,0.1993436727676835,0.195086166148056,0.2036354117570707,0.2652727219360111,0.1487517901065148,-0.0509831235301991,-0.0952018104493135,-0.0966173531315306,0.2039352562709272,0.1262778649798772,-0.0223499164461568,13,14,13,12,11,9,11,14,15,9.0,8,10,13.0,13.0,12,6.0,9.0,6.0,12,11.0,10.0,12,13,11.0,10,14,11,9,11.0,11,11,11,12,10,12,10,12,13,13,9.0,11,10,11.0,12.0,13,8.0,7.0,11.0,12,12.0,13.0,13,12,13.0,10,9,11,12,10.0,12,8,9,9,6,9,9,10,11,11,9.0,7,8,10.0,8.0,11,6.0,6.0,6.0,10,9.0,9.0,10,11,9.0,6,7,6,8,8.0,6,0,0,0,0,0,1,1,0,0,1.0,1,1,0.0,0.0,1,1.0,0.0,0.0,0,0.0,0.0,0,1,0.0,0,0,0,0,0.0,0
7.5,0.0557438706522584,1.2486396728346565,0.9901738887067318,0.0361474462507977,1.4360887853454969,2.351673595321962,1.4341755791071598,1.5661291990165975,1.3540534541341762,3.0161372293039723,1.790217051971161,1.2147477284650936,1.6685242047460809,-0.4543406835887676,2.096549041183468,1.4827387695916605,0.904313433979224,0.5583077268130603,1.2242115167275074,1.2073242917179463,1.3252322766728573,1.9970358862814397,1.8970877725170712,1.5211414901363978,-0.1437960021671008,-0.4037107998015865,-0.9884653304216682,0.4386937612121485,-0.3176950609098133,-1.129585860999082,0.0060811009689223,0.1300942372287231,0.0978209611039763,0.0046352111342689,0.1291459947560553,0.2712867578288509,0.2183469234266279,0.1863095701315131,0.1772909306151538,0.3956817439526416,0.3277761518360791,0.1971885547544989,0.2434105446577023,-0.0630192616036988,0.2277796466383946,0.3652016872016873,0.1943285741004781,0.1315530206882004,0.160081167325219,0.1895956538773889,0.1761462630162348,0.2380484079540507,0.2074949171817997,0.1887263706084226,-0.0161136264234561,-0.0486568405719703,-0.1192788903330558,0.0685601973791601,-0.0409945970266403,-0.1408211007445762,14,14,14,12,12,11,12,14,15,10.0,10,11,14.0,14.0,14,6.0,9.0,6.0,14,12.0,12.0,13,13,12.0,11,14,11,10,12.0,12,11,12,13,11,13,11,10,13,12,11.0,11,11,13.0,12.0,15,7.0,8.0,13.0,14,13.0,13.0,13,13,14.0,10,9,12,11,10.0,11,8,10,10,7,10,10,9,11,11,10.0,8,8,12.0,8.0,13,5.0,6.0,6.0,11,10.0,10.0,11,11,10.0,7,7,6,7,7.0,5,0,0,0,0,0,1,1,0,0,1.0,1,1,0.0,0.0,1,1.0,0.0,0.0,0,0.0,0.0,0,1,0.0,0,0,0,0,0.0,0
8.5,-0.2052437038677828,1.8053035809624216,1.577785165157134,0.1981000246860383,2.229135672330062,2.9410284139396174,1.3530245717580855,1.4727006709226902,0.7136489793819925,3.202021471672208,1.944393088475397,1.0437318012019623,1.561760052040781,-0.1941941414482919,2.42011057553346,1.7663045824087629,0.6344694512710035,0.4360884724358272,1.693250198342375,1.4265205873352045,1.3460445512569723,1.1798458386838353,2.313198468548062,1.198915200766709,-0.4606483795402518,0.0593881863288179,-0.8979030537663908,0.2257302435766709,-0.8141736305951451,-0.6573079448678084,-0.0257769238303461,0.1802572987301954,0.1405140554203826,0.0255663380363372,0.2084713708133448,0.290857568417135,0.2040831322246351,0.1816263053407111,0.0991830571550016,0.3863463425896728,0.3678705698621535,0.1703147784395799,0.2163097293440818,-0.0231486369149512,0.27035415870935,0.4251979242979243,0.1424443604640974,0.106125429792609,0.2041447058009253,0.2160178157074724,0.1668508800692634,0.1395203577205812,0.2460578733656974,0.1665487766552109,-0.0518291370069333,0.0083546499424208,-0.11092136716083,0.0332648215561527,-0.1023778393175451,-0.0845742408800422,14,14,14,13,12,13,12,14,13,11.0,11,12,14.0,15.0,15,5.0,8.0,6.0,14,12.0,13.0,14,12,12.0,12,14,11,10,11.0,13,10,12,13,11,13,13,10,12,11,12.0,11,11,13.0,13.0,15,7.0,9.0,13.0,15,15.0,15.0,13,13,12.0,10,8,12,11,10.0,11,7,11,11,8,11,12,9,11,9,11.0,9,8,12.0,9.0,14,5.0,6.0,6.0,12,11.0,11.0,10,11,9.0,7,7,6,7,6.0,6,0,1,0,0,0,1,0,0,0,1.0,1,0,0.0,0.0,1,0.0,0.0,0.0,0,0.0,0.0,0,1,0.0,0,0,0,0,0.0,0
9.5,-1.048938416268796,2.6048368778277196,0.4920427444988051,0.6445879896260496,2.29295244213917,2.54028237067267,1.1780578877040673,1.3304196183459427,0.5228982087324829,3.0766301062497328,2.0258672861700395,0.5722258656072151,1.838705291241084,1.10749557583755,2.2178532101486175,1.1957247112947291,0.2948023345883854,0.0062422245285183,1.3575283803073457,1.1742351818304686,1.4025066140044038,1.1070997221171046,1.4732899481963266,1.4896686685825085,-0.3400698622230453,0.2783425107518932,-0.4654405831320675,0.0594194557948517,-0.0331867625115102,-0.6460914580643974,-0.1269903137629783,0.2259982072025282,0.04878925395524,0.077851483505128,0.2098791062397765,0.2238750090175948,0.1735908837117176,0.1638685843084094,0.0738769488927787,0.3784950636783386,0.3570406302802655,0.0902440850601067,0.2568460443174032,0.1213940261259882,0.2525187995451801,0.2973547674547675,0.0675625662778913,0.0015002510217679,0.1642643970401274,0.1837423794060891,0.1683356006010211,0.1377970197674228,0.1661090248678349,0.193823078219622,-0.041974656506279,0.0398647408405148,-0.0602165212982078,0.0101665988122644,-0.0042163399895598,-0.0892286006772276,15,14,13,13,12,14,13,14,12,11.0,12,11,15.0,15.0,16,4.0,9.0,7.0,13,12.0,13.0,14,12,11.0,14,13,12,12,11.0,14,10,12,12,12,13,14,10,11,10,13.0,13,11,13.0,14.0,14,7.0,8.0,12.0,15,14.0,15.0,13,13,12.0,9,8,11,9,10.0,10,6,12,9,9,11,12,9,10,8,11.0,10,7,13.0,11.0,14,4.0,5.0,5.0,11,10.0,11.0,10,10,9.0,7,7,7,7,7.0,6,0,1,0,0,0,1,0,0,0,1.0,1,0,0.0,0.0,1,0.0,0.0,0.0,0,0.0,0.0,0,1,0.0,0,0,0,0,0.0,0
10.5,-1.0958192142969347,2.9972355228852523,0.0029464319707755,0.3508435144250117,1.179264838620194,2.2551525890912947,1.0364898240214315,1.3655073484418496,0.095645201035411,2.4503142055109772,1.6286554341529071,0.5264042649024863,1.465953050375104,1.087502395551492,1.9127169046427568,0.6771309051271446,0.4722418743834943,0.1837354836266374,1.8500763658725463,1.34209940080229,1.3492467085322934,1.1844611355360548,0.9915823425024836,2.531223982600304,-0.0540071485907886,0.0281554438959343,0.1721821926040832,-0.0006244471880717,-0.6859908966896013,-0.3437460470329056,-0.1350329052014676,0.2580974495243469,0.0003007652821894,0.0426843083383465,0.1209556350947776,0.1809326951473058,0.1449721972823844,0.1664696606354265,0.013610184629313,0.3039299624419492,0.2871934058864513,0.0840759059911536,0.209127995009582,0.1301187165914357,0.2122881862655059,0.1694070124320124,0.1025162678137137,0.0439779538486969,0.2321733177896013,0.22160152809463,0.1638608966884758,0.1571345844038703,0.1037935757445618,0.3173672254630998,-0.0069495733282884,0.0032402441507132,0.0230520156568277,-0.0001086925716183,-0.0939668667761547,-0.0500308404768828,14,13,13,12,13,15,14,14,12,11.0,11,11,14.0,14.0,16,3.0,7.0,9.0,13,11.0,13.0,12,11,12.0,14,12,12,12,11.0,14,9,13,11,11,13,15,11,11,10,13.0,13,11,13.0,12.0,13,7.0,9.0,12.0,15,13.0,15.0,13,13,13.0,8,9,11,8,8.0,9,6,12,8,8,10,12,9,10,7,10.0,9,7,12.0,10.0,13,3.0,5.0,6.0,12,10.0,11.0,9,9,11.0,7,7,8,7,6.0,7,0,1,0,0,0,1,0,0,0,1.0,1,0,0.0,0.0,1,0.0,0.0,0.0,0,0.0,0.0,0,0,1.0,0,0,0,0,0.0,0
11.5,-0.8613433607906275,1.456985388377288,0.5784451110302067,0.495306209701344,0.4669452836002298,2.158185581428371,1.1791542013011085,0.7770288386471336,0.2368189770206042,2.535227971335406,1.7059593234598969,0.3699136398646349,1.4363455491545118,1.1892241173860048,1.8811879202894677,-0.0512167967296168,-0.5363112841639659,0.1677442106470489,1.1425620129053011,1.3819135519275092,0.9619432773129886,1.2644673570997569,0.3812213281876657,2.354462924356543,0.8175271330922553,-0.2326916194701762,0.2888148980723637,-0.2086856893972631,-0.9363449508894782,-0.4679669771061447,-0.1115106106140162,0.123631103582408,0.0620185376180631,0.0605953554585436,0.0503267934979275,0.1793551950869358,0.1654324374870579,0.0994222465601433,0.0341265866874185,0.3046019470661852,0.316485368975859,0.0624198837024689,0.2054261209384335,0.1403329947289068,0.2160032210767923,-0.0131791708291708,-0.1109154580713405,0.0411837192133632,0.1579421712032104,0.2373335323954251,0.1182012327100219,0.1673462272191846,0.0399794012563766,0.2879943334465747,0.109170848003046,-0.030736391704271,0.037900698187187,-0.0376069508836538,-0.1411631215791432,-0.0665449551480511,14,12,13,10,13,15,15,14,12,11.0,10,9,12.0,14.0,16,2.0,8.0,10.0,12,11.0,12.0,12,10,12.0,12,11,12,12,11.0,14,8,12,10,11,12,14,11,11,10,13.0,12,10,14.0,12.0,13,7.0,7.0,10.0,14,12.0,15.0,11,12,13.0,7,9,11,7,7.0,8,6,10,9,7,9,12,10,9,7,10.0,9,6,11.0,10.0,13,2.0,3.0,6.0,10,10.0,10.0,9,8,11.0,7,6,8,6,5.0,7,0,1,0,0,0,1,0,0,0,1.0,0,0,0.0,0.0,1,0.0,0.0,0.0,0,0.0,0.0,0,0,1.0,0,0,0,0,0.0,0
12.5,-0.4488634399433484,1.351150576320407,0.5514390743737869,0.1302423187470462,0.5389503530150561,2.554213778700733,1.3835163915887658,1.532391841759465,0.5632571007240537,2.10103234471277,1.5461682942655506,0.5767639411092462,0.7614561303346146,1.4139663852034936,1.6141652049560642,-0.9224498222469868,-0.4592918813697136,0.3752994115145983,1.520759124290917,1.0523477648056598,0.8104688367776623,-0.0718013021582363,0.9912202660858253,1.7076421969696347,0.5448707399230758,0.4146425404765382,0.4871173917759287,0.5357784696036274,-0.4073040457749412,-0.5954337913526757,-0.0586814904823419,0.1188303014550249,0.0652723629655517,0.0175310098226506,0.0621894860815139,0.2249112115539346,0.179748945239487,0.1891087247599571,0.0801208189923327,0.2636086848341828,0.2851227123872971,0.0973653061249036,0.1104677518859698,0.1580115126769852,0.1756427864911645,-0.2409863187466129,-0.0947619192898603,0.0952405194478722,0.2048772555617011,0.1732830401247248,0.0956012464897299,-0.0099315060005429,0.1159149177145374,0.2430630421055142,0.0714440417683451,0.0516865937662343,0.0559565963171898,0.0937668122555118,-0.064844156076122,-0.0894167607762035,14,12,12,10,13,14,13,14,12,10.0,8,9,10.0,14.0,16,1.0,8.0,10.0,10,10.0,10.0,9,9,12.0,13,11,12,12,10.0,12,8,12,9,10,11,14,13,12,11,12.0,12,9,13.0,14.0,12,8.0,6.0,8.0,12,13.0,17.0,10,12,12.0,7,10,11,7,6.0,7,7,10,8,6,9,12,10,10,8,9.0,8,6,9.0,11.0,12,1.0,3.0,6.0,9,9.0,9.0,6,8,10.0,7,7,8,7,5.0,6,0,0,0,0,0,1,0,0,0,1.0,0,0,0.0,0.0,1,0.0,0.0,0.0,0,0.0,0.0,0,0,1.0,0,0,0,0,0.0,0
13.5,-0.5081380128603823,0.2548163175587795,-0.1362161272630483,0.3037631398834919,0.4425743027180978,1.1260776981653795,1.001070292914927,1.418840739658637,0.8497021588154355,1.6678198453700517,1.115014480795365,0.9097118473550934,0.914866140767184,1.630327979000095,1.086372313974978,-1.782565520917856,-0.4528550414591385,-0.2218922497930088,0.9590174746059632,0.9501959864417768,0.5802581902555715,0.4379275032417182,-0.5694235988854566,1.451722480071863,0.796358464043181,0.6050001229343478,0.2321018734653975,0.5327254872457057,0.5874154784319298,-0.6885752149799754,-0.0626591523113969,0.0212688390937818,-0.0183459843991578,0.0376180280160155,0.0514660162088551,0.0918681812674876,0.127738045367459,0.1878315567200283,0.1211232333207241,0.2270795911261081,0.2244084038596422,0.1596931590511312,0.1289448823803239,0.1874342170483036,0.1284187606336321,-0.4535265130294542,-0.0964139305139304,-0.0585267982017981,0.1331556803018103,0.1557471910187,0.0690928084555908,0.0584393813743726,-0.0639354718922662,0.18850554895143,0.0970396039031488,0.0792648245287563,0.0274032254306617,0.1016814907314906,0.1017048480759007,-0.1216663879206448,13,13,13,9,11,11,12,14,14,10.0,8,8,10.0,13.0,14,0.0,10.0,10.0,7,10.0,8.0,7,9,12.0,13,10,14,10,11.0,11,8,12,7,10,11,15,13,12,12,11.0,10,8,13.0,14.0,10,8.0,5.0,6.0,10,13.0,17.0,10,11,13.0,8,10,10,5,7.0,5,7,9,6,6,8,9,9,10,9,8.0,7,6,9.0,11.0,10,0.0,3.0,4.0,6,9.0,8.0,6,6,10.0,8,7,8,5,7.0,4,0,0,0,0,0,1,0,0,0,1.0,0,0,0.0,0.0,0,0.0,0.0,0.0,0,0.0,0.0,0,0,1.0,0,0,0,0,0.0,0
14.5,0.2154646697596617,-0.0379744025216089,-0.1914362785270426,-0.3640947294143913,-0.357462959595286,0.785871761259077,1.18070563282354,1.4288143582607984,1.028496084762993,1.4560638807020143,0.6587813472223047,0.4057005250287521,0.0744176627805659,0.6610313056573008,1.1316450482689029,-1.683300198488435,-0.4426475247654636,0.2457761640408094,0.4524116734138391,1.21425587674844,0.1665356100278045,0.0553258427891431,-0.31193560112411,1.5211020524376688,1.537796787973165,0.9366656677690248,0.3567067464725369,0.9268247232840542,-0.1468398056286288,-0.6926814493905886,0.0285992755438575,-0.003312828761702,-0.0269855389364677,-0.0468341184846771,-0.0448644256586207,0.0666486033737955,0.1552327618773742,0.1772537197592743,0.1445218070354635,0.2063656996941826,0.1437174503600974,0.0771165396694808,0.0105609984252298,0.0864168038845337,0.1409269487319341,-0.4448896603396603,-0.0962036352536352,0.0644982295482294,0.0624886612785219,0.1927473647807152,0.0206109754751936,0.0083244285642118,-0.0381078901748407,0.2183881133452779,0.174798788062269,0.104268561696227,0.0381738665766563,0.1892000832500832,-0.0264781695428752,-0.1286398181883475,13,14,14,8,11,9,11,15,15,11.0,7,5,9.0,14.0,13,0.0,10.0,9.0,7,10.0,7.0,6,10,12.0,12,11,14,8,12.0,11,7,12,5,11,9,15,13,13,12,10.0,9,7,12.0,13.0,9,6.0,5.0,5.0,8,14.0,16.0,9,10,12.0,10,11,10,4,5.0,4,7,9,5,5,6,8,9,11,10,8.0,6,4,7.0,10.0,9,0.0,3.0,4.0,5,10.0,7.0,5,6,10.0,9,8,8,4,5.0,3,0,0,0,0,0,0,0,0,0,1.0,0,0,0.0,0.0,0,0.0,0.0,0.0,0,0.0,0.0,0,0,0.0,0,0,0,0,0.0,0
15.5,-0.3549678499973706,-0.7339296892459416,-0.7117169925879752,-0.358445470465101,0.0141426729235816,1.1207520671798397,1.10181757421576,0.9369593296468024,1.1327969450737394,2.1379453047802626,0.3161439152708134,0.6824751770592296,-0.3209138558368725,1.2845166350244752,1.0814171154284338,-1.7138864603347208,0.3967089668049784,0.6073536972668888,-0.6248564672175398,1.254101820551328,0.2061026674509254,0.5215474650293692,-0.6381518439292445,0.3529904752885304,1.2687523658444166,1.2887968630883402,0.4629500551864514,0.5137101429679019,-0.3460803128273558,-1.1256436343224256,-0.0520634838501712,-0.0707162357766072,-0.1073637612387611,-0.0461255265949706,0.0018377553045509,0.0969143976535723,0.1424366182738906,0.1146541229568555,0.1664492997593334,0.2914447751766635,0.0723584743945424,0.1448303724053722,-0.0448325594467302,0.1543338968376419,0.1173946338986539,-0.4234167665667666,0.0826380952380952,0.1399337995337995,-0.0872984512993026,0.199218701610679,0.0267430749346174,0.0794447824105718,-0.0896295178935271,0.0508114592624587,0.1598832883804549,0.1683533571788585,0.0487413444436092,0.1120035575535575,-0.0589204243468949,-0.1890249056499056,13,14,12,7,9,8,11,16,15,11.0,7,4,8.0,15.0,11,0.0,11.0,8.0,7,10.0,7.0,5,9,12.0,12,11,13,7,13.0,12,6,10,4,11,8,15,12,11,11,10.0,8,5,12.0,15.0,10,6.0,4.0,5.0,8,14.0,15.0,8,7,11.0,10,10,11,2,5.0,3,6,8,3,5,5,8,9,10,10,9.0,5,3,6.0,12.0,8,0.0,4.0,4.0,4,10.0,7.0,5,4,8.0,9,8,8,2,5.0,2,0,0,0,0,0,0,0,0,0,1.0,0,0,0.0,0.0,0,0.0,0.0,0.0,0,0.0,0.0,0,0,0.0,0,0,0,0,0.0,0
16.5,-0.1383350166986899,-0.1385097322430211,-1.2709054617550442,-0.4667965153387808,-0.5292211164547174,0.4564153603145845,0.8211149323716577,1.899863159016733,0.8041443842864384,1.7358579293772594,0.1804605590510175,0.2143361568301029,-0.4093112175363123,1.1971559588125735,0.6323963671583452,-1.7071259547149678,0.3919363494661538,0.3635885854757525,-0.0073305014539344,1.0896448734740527,0.0987537699283703,-0.2492067239177824,0.1827945678075715,-0.2008307851493957,0.5988714684321021,1.2926629830691696,1.0870869756068655,0.1082459016582209,-0.399376129428484,-1.2514195554443266,-0.0196927049902283,-0.0152288191340822,-0.1971563575313575,-0.0595610472471994,-0.0722214857038386,0.0378865770966221,0.1101062284338506,0.2088938204772696,0.1087381293409331,0.2496703687265606,0.0423402084757348,0.0510001443001443,-0.0581743215553386,0.1493941354288018,0.0799696592691793,-0.4290015484515485,0.0795150627150627,0.0862485292485293,-0.0010608270040932,0.1703952148736681,0.0136556781316378,-0.0389532942805389,0.0279949787656443,-0.0298020096346721,0.0672844777057793,0.1747921429791399,0.112083708470976,0.0194881784881784,-0.0637298430327842,-0.186992451992452,12,14,12,6,8,7,12,15,14,10.0,7,3,9.0,15.0,9,0.0,10.0,8.0,8,9.0,8.0,4,10,12.0,14,12,12,6,13.0,11,6,8,3,11,7,16,12,12,11,9.0,8,4,10.0,14.0,10,5.0,3.0,5.0,6,14.0,12.0,8,7,10.0,10,9,12,2,5.0,2,6,7,2,5,4,7,9,11,9,8.0,5,2,6.0,12.0,7,0.0,3.0,4.0,4,9.0,6.0,4,5,7.0,9,8,9,1,5.0,1,0,0,0,0,0,0,0,0,0,1.0,0,0,0.0,0.0,0,0.0,0.0,0.0,0,0.0,0.0,0,0,0.0,0,0,0,0,0.0,0
17.5,0.1826209557344069,-0.4092165099329247,-1.0783746666517535,-0.5900027610572968,-2.098598025149141,0.2985737679033836,1.2862870410648497,1.243653970282366,0.3307330637416185,1.878232206561648,0.3138665097708031,0.0196396332202842,-0.0331680011692912,1.1488622315330272,0.7733769578867405,-0.251129752804715,-0.0544284354262659,0.1977448196749177,-1.1846439382223108,-0.0286885541182167,0.4477756700926847,0.0292521470189114,-0.2927758152890729,0.1773302218611583,0.4980511716801805,0.5177962012211188,1.0429184339387705,1.0586032654336304,-0.6923091636488362,-0.1631003719300372,0.0268151558537781,-0.0433234842556824,-0.1803082917082917,-0.0663696881463908,-0.3019419436686463,0.0239205140492246,0.1718506223250584,0.1466467552516731,0.0455587600540527,0.3098919557566616,0.0755089292802141,0.0045301587301587,-0.0050207955667372,0.148082937990976,0.0977604039634555,-0.0650713730713731,-0.0106746198246198,0.0462453884350942,-0.1924402626784979,-0.0046861274825442,0.0630802192143118,0.0049945995353115,-0.0364116747459626,0.0252890454832404,0.0578830416453919,0.073364898637654,0.1024984286337794,0.2275127650127649,-0.1111250615397675,-0.0265901154401154,11,14,11,5,7,7,13,14,13,10.0,8,4,10.0,15.0,8,2.0,8.0,7.0,8,6.0,9.0,4,10,11.0,12,13,11,6,12.0,11,5,8,3,12,6,16,12,11,11,8.0,7,4,10.0,12.0,11,4.0,3.0,7.0,4,13.0,10.0,7,7,9.0,10,7,12,2,5.0,2,5,7,2,5,2,7,10,10,8,8.0,5,2,7.0,11.0,7,1.0,2.0,4.0,2,6.0,7.0,4,5,7.0,8,7,9,2,4.0,2,0,0,0,0,0,0,0,0,0,1.0,0,0,0.0,0.0,0,0.0,0.0,0.0,0,0.0,0.0,0,0,0.0,0,0,0,0,0.0,0
18.5,-0.3568884408698339,-0.8293027971687007,-0.4387460686077754,-0.2052493873826466,-2.796457863669388,0.8165919477807844,1.850478627295429,1.5582417080771456,0.7150696486673674,2.2744671776118803,0.5919955800948781,0.5979509656482435,-0.8340464618049116,0.7110932494018208,0.5940845867954726,-0.2453686369888801,0.6311636754801937,0.7583926899535129,-0.8694486415166944,0.0483480517161351,0.8092282836030745,0.8501273130853909,-0.0979732019484752,-0.4736110392285183,0.5391126896016405,0.3097691009913855,1.397728782824212,1.1045719078684764,-0.8943526059259193,0.0826049788942817,-0.047505654639478,-0.1034865069828693,-0.0714128185539949,-0.0260985534555632,-0.4584801024139259,0.0739725615700362,0.249508612421664,0.183218167891097,0.0949204209761761,0.351630338873373,0.1379652946468735,0.1303607281607282,-0.1321422393526814,0.0855829843568436,0.0781024443112961,-0.0610774891774891,0.1306415195915196,0.1876044852206616,-0.1221463637497693,0.0082433484005263,0.1295781304179136,0.1481617638725224,-0.014428963193669,-0.0766121350098131,0.0607519094387312,0.0420805064646395,0.1361961470114815,0.2369169552669552,-0.1421493839493838,0.0150922799422799,11,13,10,5,6,7,13,13,13,10.0,7,4,9.0,13.0,9,3.0,7.0,8.0,9,6.0,9.0,5,10,11.0,12,14,9,6,10.0,10,4,6,5,11,6,13,12,12,11,9.0,7,5,9.0,10.0,12,4.0,4.0,8.0,5,12.0,7.0,7,6,8.0,10,7,13,3,3.0,3,4,6,4,5,1,7,11,10,9,9.0,5,3,5.0,9.0,8,1.0,3.0,6.0,3,6.0,6.0,5,5,6.0,8,7,9,3,2.0,3,0,0,0,0,0,0,0,0,0,1.0,0,0,0.0,0.0,0,0.0,0.0,0.0,0,0.0,0.0,0,0,0.0,0,0,0,0,0.0,0
19.5,0.283638357257135,-0.0867255085136188,-0.1724662493470976,-1.660461460114501,-2.4814114403488627,1.3022191096979765,1.6801826451025708,0.9802215300688144,0.6971721967206611,1.2859018495410863,0.4462873067446324,0.6915009918820313,-0.3812431016123234,1.004802096505429,0.2856681510984269,-0.2218517835171449,0.8214967943610675,0.3405884071951638,-0.1877420049761188,-0.2134035062972765,0.8193073884437995,0.2353385035965598,-1.1197315332676927,-0.2520391913010186,-0.3308839545509073,-0.2181073677879439,1.3490496400001684,1.2314956081127462,-1.5014439474229735,-0.1607037983818268,0.039624594377071,-0.0110712616502862,-0.0277536521613921,-0.221282113388847,-0.3838882796168399,0.1259976755952203,0.2348221492251185,0.117629772727609,0.0923997243022602,0.2364454961704961,0.105492673992674,0.1639578227328227,-0.0539977646670942,0.1096602711040624,0.0357967303822345,-0.0584296536796536,0.1715355644355644,0.0858544802634585,-0.0237215664452505,-0.0380103605372955,0.1191860124052074,0.0429282272165398,-0.168825193889358,-0.0387510233574475,-0.0435422621753891,-0.029338897789517,0.1282266819340504,0.2551994921744922,-0.2388953268953267,-0.0248269789034495,9,11,9,4,6,8,14,13,13,8.0,8,6,9.0,10.0,10,4.0,6.0,7.0,9,6.0,11.0,5,8,10.0,13,13,9,7,9.0,9,6,6,6,9,7,12,12,11,12,6.0,5,5,9.0,10.0,12,3.0,4.0,10.0,5,10.0,6.0,6,7,8.0,8,6,14,5,4.0,5,5,6,5,3,2,8,11,9,9,6.0,4,4,6.0,8.0,8,1.0,3.0,6.0,4,5.0,6.0,4,4,6.0,7,6,9,5,2.0,4,0,0,0,0,0,0,0,0,0,1.0,0,0,0.0,0.0,0,0.0,0.0,0.0,0,0.0,0.0,0,0,0.0,0,0,0,0,0.0,0
20.5,-0.0949115248083767,0.1343240325262031,0.5277375914535384,-0.9128141359873811,-1.8889522598346589,0.4841163081851145,1.2327612278608493,1.5284057162414475,0.2831341379132491,1.5510268946749388,0.3984933879029242,0.4262301017401081,-0.06386522839805,0.4352901619497414,0.6720430342948505,-0.0060526675144022,0.2788983750852778,-0.1504778660623459,-0.4477703746210884,-1.200950015578781,0.1164519889151341,0.6911055477563895,-0.909939336477792,0.2605511694229122,-0.7666027708421654,-0.0926575882904845,1.0726394251696807,1.454881755723468,-2.278424577230555,0.6000523040292488,-0.0128940478681964,0.0173370741917181,0.0746814442351595,-0.1162473180672096,-0.3051199606722827,0.0516242497616201,0.1740949000142856,0.1767856307873538,0.0386590875661133,0.2947902230122818,0.0848233266733266,0.0997351981351982,-0.0094551048538664,0.0466246761894123,0.0816941908518985,-0.0013717171717171,0.0625194805194805,-0.0388212318641111,-0.0716386047475056,-0.218853902873872,0.0162908473879063,0.1210614152531334,-0.1288676617500147,0.0403919680422776,-0.1049130817754656,-0.0126408883685974,0.1005542506208289,0.2928458304767127,-0.3687217338217338,0.0891703835466219,9,10,8,4,6,9,14,12,13,6.0,6,8,9.0,9.0,11,5.0,6.0,7.0,10,7.0,11.0,5,8,8.0,13,13,10,7,7.0,8,6,6,7,9,8,10,12,12,13,6.0,5,6,8.0,9.0,11,3.0,3.0,10.0,5,7.0,5.0,6,8,8.0,7,6,13,6,4.0,6,5,6,6,4,3,7,10,10,9,5.0,3,5,6.0,7.0,9,1.0,2.0,5.0,4,3.0,5.0,4,5,6.0,6,6,9,6,1.0,5,0,0,0,0,0,0,0,0,0,0.0,0,0,0.0,0.0,0,0.0,0.0,0.0,0,0.0,0.0,0,0,0.0,0,0,0,0,0.0,0
21.5,-0.8677146999023926,0.5065984495775794,0.3555960791280577,0.6200945958459716,-0.4410353009574626,0.4120810261059848,0.7089225098497492,0.5637863143411901,1.0013189150271509,0.5775550033627234,0.4002987004652208,1.2817561606281211,0.3927476774263639,0.3219246187796136,0.3501416849390731,0.1156720385159883,0.062320127330312,0.0176645084840508,-1.1935266945484582,-0.2580686841532785,-0.4223429409347738,1.2656834452245826,-1.1703700144226203,-0.2909259270526157,-0.629248993284396,-0.2824557294496658,1.183942195476561,1.854308095250798,-2.150159636681623,1.2877705788794815,-0.1192462782315723,0.0613842342470051,0.0517838479803649,0.0905431598157604,-0.0587531135015655,0.0486422211946979,0.1009104147257148,0.06631228625176,0.1389580944181826,0.1113435064935064,0.0883817737817737,0.2860059927001104,0.0575607779217686,0.0401786757364021,0.0389228316355426,0.0249258297258297,0.0134240814740814,0.0045337952896776,-0.1821233343453931,-0.0439097332406155,-0.0575066414665487,0.2112779921059332,-0.1458347159462485,-0.0495741985139043,-0.0881894959529634,-0.035781986915733,0.1137591871428553,0.370341215320627,-0.3492000999001,0.1717253233093016,9,9,8,6,6,8,12,12,13,4.0,7,9,10.0,9.0,11,6.0,5.0,6.0,9,8.0,9.0,5,7,7.0,12,13,10,8,6.0,8,4,8,7,9,8,8,11,10,13,5.0,4,7,8.0,9.0,10,2.0,4.0,8.0,7,6.0,7.0,5,9,6.0,6,6,12,8,4.0,8,3,7,6,6,5,6,8,8,10,3.0,3,7,7.0,7.0,8,1.0,2.0,4.0,4,4.0,5.0,4,5,4.0,5,6,9,8,1.0,7,0,0,0,0,0,0,0,0,0,0.0,0,0,0.0,0.0,0,0.0,0.0,0.0,0,0.0,0.0,0,0,0.0,0,0,0,0,0.0,0
22.5,-0.5824296624275597,0.5417293106499834,0.1357409254139048,1.0589917875150996,0.7805191033626152,-0.546018862580032,0.1950812613414625,0.4654351970007158,1.0901515660097434,1.0151955917847113,-0.1416963907882573,1.2203974272183278,-0.0701216057188633,0.6837113173782896,0.4353964605122479,-1.2747677868206009,-0.950179145185912,0.1350297471815716,-1.3390672796904122,0.8589155986822914,-0.3104541252591706,1.1286834219338582,-0.8638564897225307,-0.2101272457719739,-0.1874504698749355,0.012630318580725,0.3437490345648508,1.2608412976742294,-0.6459817722573,1.426668838961466,-0.0803010832304951,0.0677906687138111,0.0200328860853629,0.1559044761482069,0.0988320450361471,-0.0775115731533688,0.0287560907702548,0.0579004978670243,0.1460972565210174,0.1865962537462537,-0.0325009268509268,0.2694131440454969,-0.0100468201904734,0.0880217675106186,0.0477249200814888,-0.3078081529581529,-0.1865463647463647,0.0337588245088245,-0.1921613054558102,0.1313692469295411,-0.0486771505498285,0.1581459738661751,-0.1124280809146134,-0.0377971195471196,-0.024579087716549,0.001644355429572,0.0348290918152904,0.2631613957937487,-0.1078633729016083,0.1810320213755972,8,7,9,6,7,8,12,11,13,4.0,5,9,10.0,9.0,13,4.0,4.0,6.0,9,10.0,9.0,7,8,6.0,13,12,10,6,7.0,7,4,7,7,7,9,7,8,8,11,5.0,4,7,7.0,10.0,8,3.0,4.0,5.0,8,6.0,7.0,6,8,5.0,6,6,13,7,5.0,8,3,6,6,6,7,5,6,6,9,3.0,2,7,6.0,8.0,8,0.0,1.0,3.0,5,6.0,5.0,5,5,3.0,6,6,8,6,3.0,7,0,0,0,0,0,0,0,0,0,0.0,0,0,0.0,0.0,0,0.0,0.0,0.0,0,0.0,0.0,0,0,0.0,0,0,0,0,0.0,0
23.5,-0.2341456059630403,1.2234983312324028,0.0054597886958337,1.0403966784502563,0.7364564053949796,-0.3509453084542431,-0.3612529008464317,-0.4135092505346802,0.4610062646980828,0.4358682975777803,-1.221818178788486,1.1578116063133297,0.5766476069302839,0.5424019308642165,0.3768577913965683,-1.4884187148411054,-1.0995972303148718,0.0617664720979728,-0.5902124578402426,0.1987473278772847,-0.3491469849840444,0.0445526681529852,-0.6018575989096043,0.3953228977598957,-0.1423031765861058,0.7815492319019249,0.7497923317830296,0.8966506213806644,-0.2224961868506805,0.9303159779067328,-0.0347947513271041,0.1412589309812993,0.0007760546642899,0.145939826418851,0.0864179251347208,-0.0435602633950157,-0.0543897229877106,-0.0539613007133905,0.0645662458142806,0.0854314019314019,-0.2892756090314914,0.2655596304022773,0.079869887224918,0.067667260569929,0.0402266008318269,-0.3686423909423909,-0.2283633782883782,0.0129756798756798,-0.0825130860916801,0.032507548334019,-0.051233317044153,0.0075016535580003,-0.0888877347798401,0.061783351452469,-0.0177578033078031,0.1003327713136537,0.0635097592034205,0.1834409874439286,-0.0334732201149384,0.1185870679801793,8,7,8,7,7,7,13,13,13,3.0,4,8,9.0,9.0,11,3.0,4.0,6.0,8,10.0,8.0,7,7,5.0,13,10,11,5,8.0,6,4,8,5,8,9,8,6,6,9,4.0,5,6,8.0,10.0,7,5.0,5.0,6.0,9,6.0,9.0,6,8,5.0,6,6,14,7,7.0,8,3,7,4,7,7,5,4,5,7,2.0,1,6,7.0,8.0,7,0.0,1.0,3.0,6,5.0,6.0,4,5,3.0,6,6,9,5,5.0,6,0,0,0,0,0,0,0,0,0,0.0,0,0,0.0,0.0,0,0.0,0.0,0.0,0,0.0,0.0,0,0,0.0,0,0,0,0,0.0,0
24.5,0.0800222579816243,1.1159860368977772,-0.445526043328069,1.1938504710073528,0.6710727682789106,-0.4978843148738983,-0.7099064237474806,-0.7669191140483324,0.2340405639517766,0.521471313481231,-0.7245939727971963,0.4686914739256819,-0.3607704924110477,1.456258932712266,0.9965086685758237,-0.9225274399981734,-2.1848791865808805,-0.2172889233773353,-1.1365360240885816,0.6926931650545083,-0.4428267126539718,0.2050352059021722,0.4175947211412457,-1.2042680353955404,-0.0791540266815056,0.4807616777682289,0.7223478995188141,0.7681224235713561,0.558731458045589,0.4553802458978724,0.0110460173813115,0.1348283104752144,-0.0613252536679007,0.1639411484714115,0.0805792732379419,-0.0598063167053104,-0.1069824381930418,-0.1058841909208783,0.0346362441651915,0.1100554501054501,-0.1711441925721337,0.1120750620294737,-0.0526911727419465,0.1790686757365516,0.1078863812609369,-0.2250802697302697,-0.5198935833774069,-0.0452268065268064,-0.1573546646743275,0.1254328859822667,-0.064097487455934,0.0311671473607231,0.0661262090764412,-0.1722751789060613,-0.0100083786612423,0.0642893813874464,0.0663072574949019,0.1652673576423576,0.0860744465287034,0.0639476480090257,8,6,9,7,8,7,12,13,12,4.0,3,8,7.0,11.0,10,3.0,2.0,5.0,7,9.0,7.0,7,8,4.0,11,9,11,4,8.0,6,4,7,5,8,9,8,5,5,7,5.0,7,6,8.0,10.0,7,7.0,6.0,5.0,9,7.0,10.0,8,7,5.0,5,5,13,6,7.0,7,3,6,4,7,7,5,3,4,6,3.0,2,5,5.0,10.0,7,1.0,0.0,2.0,5,6.0,6.0,5,6,2.0,5,5,9,4,6.0,5,0,0,0,0,0,0,0,0,0,0.0,0,0,0.0,0.0,0,0.0,0.0,0.0,0,0.0,0.0,0,0,0.0,0,0,0,0,0.0,0
25.5,0.5379334277987309,0.5810219828837029,0.3035257540576728,1.6032083181076229,0.4990848687406752,0.2737165969726478,-0.995813673440132,-0.8138891873728413,0.83535725204375,1.3325030938390368,0.2792529340891497,0.1228651902633936,-0.3051530364935031,1.318465341866033,0.9029346894568144,-0.3345110542791863,-2.4062408464000056,-0.2113819532486708,-1.1866222510078943,0.9101972280074296,-0.7277815177124863,-0.5436513145985199,-0.8408529764273049,-1.4939760021093094,-0.06208663420517,0.5359985451598942,-0.2873475099148439,0.2912663998062449,1.483384155662097,-0.0049745380141003,0.0746382313764666,0.0705711524801308,0.0501120105384811,0.2506045288303028,0.0611096865295007,0.0345633141110696,-0.1644855043649161,-0.1228903523634947,0.1285879695811583,0.3133476467976468,0.0650433048719425,0.0303016811619752,-0.0434586451044655,0.1697130557100875,0.1044650327312866,-0.0814971753736459,-0.5645441406632583,-0.0431700355200355,-0.1556207138511418,0.1645022387055668,-0.1041612705574139,-0.0807555304774343,-0.1295811494748802,-0.2683854145854146,-0.0079734755698377,0.0689368057810783,-0.0300605128432238,0.0642740243416714,0.2237393893516185,-0.0007763814616755,8,7,9,8,7,7,11,14,13,4.0,5,7,6.0,10.0,9,3.0,1.0,4.0,7,9.0,5.0,8,7,3.0,11,9,9,3,9.0,5,3,7,4,8,8,8,4,5,7,5.0,7,6,8.0,9.0,5,8.0,8.0,3.0,9,9.0,10.0,9,7,4.0,5,5,13,6,8.0,5,3,6,4,8,6,6,2,4,7,4.0,4,4,5.0,9.0,5,2.0,0.0,1.0,5,8.0,5.0,5,4,1.0,5,5,7,3,8.0,3,0,0,0,0,0,0,0,0,0,0.0,0,0,0.0,0.0,0,0.0,0.0,0.0,0,0.0,0.0,0,0,0.0,0,0,0,0,0.0,0
26.5,0.6476955451729798,0.3038240642126606,0.7830906351308817,1.6080001904188082,0.9726247355946998,0.1530728181344472,-0.6508326023197859,-1.1884686558330488,0.1450605203847581,1.5114184225236915,0.2675252609128157,-0.2202160098204381,-1.3686867214372935,1.5041901754131193,1.1438197825569445,0.4677966843637415,-1.5142029269732329,0.1072704448000069,-0.2804644488810243,0.9651507141436348,-1.310096085752117,-0.8199142140148338,-1.0298279275372093,-1.4086219684133423,0.4934156109251447,0.9673750184050556,-0.2080277450300718,-0.6452708102613443,1.9120389256254775,0.3169452192348557,0.089687948489419,0.0371006456563732,0.1148994087611734,0.249099114172721,0.13918646941294,0.0176741756874615,-0.117669706274118,-0.1826915703663382,0.0226309256447027,0.343339657727893,0.061711491612962,-0.0550035338844161,-0.2066714329873773,0.1869442116534996,0.1364888244280658,0.1189567106096518,-0.3518508934392061,0.0233561105561105,-0.0382394996901962,0.1746572856437171,-0.1907538595880871,-0.1295474107677668,-0.1729298303004184,-0.2347150702238938,0.059591116047695,0.1264820828552253,-0.0216705078980485,-0.1391964786847139,0.2994370391820082,0.0457223331106458,8,7,9,8,8,6,12,14,13,5.0,5,6,5.0,9.0,8,4.0,1.0,5.0,5,9.0,4.0,7,7,3.0,10,8,9,3,8.0,5,4,8,5,8,8,9,4,5,6,6.0,7,6,7.0,8.0,4,9.0,8.0,4.0,9,11.0,10.0,8,6,6.0,6,5,11,6,8.0,5,4,6,5,8,7,6,3,4,6,5.0,4,3,3.0,8.0,4,4.0,1.0,2.0,5,9.0,4.0,4,3,2.0,6,5,6,2,8.0,3,0,0,0,0,0,0,0,0,0,0.0,0,0,0.0,0.0,0,0.0,0.0,0.0,0,0.0,0.0,0,0,0.0,0,0,0,0,0.0,0
27.5,0.345751037190569,0.1006918347020352,0.5122879460808241,0.9854572383772824,0.4671738679814616,0.8576779161574889,-0.532880448638934,-0.9868533522822024,-0.0548722425574512,0.987625224599394,0.6027546373130074,-0.6256755516192597,-0.7136300222732636,1.707047728540243,1.3206990888023564,0.8331210350644738,-1.472506497704195,0.544522261782332,-0.4656975406231937,0.650961775529228,-2.063223056010201,-1.2467482417341536,-1.7889860026402258,-0.5506926861846294,0.4384970220394263,-0.2129216010822956,-0.1756164329397646,-1.0152302863735247,1.5658440228196246,-0.5142014641528658,0.0498319305307696,0.0126069957991784,0.078884049936991,0.1618385864135864,0.069306810595665,0.083861895051823,-0.0960184903933356,-0.1366140104993047,-0.0085014709490716,0.2168883844913257,0.1315014578558695,-0.1534162864912863,-0.1005010234519522,0.2034395483369773,0.1486720883175991,0.2203419678360855,-0.3398447259568776,0.1254889860139859,-0.0635917463711414,0.1229529064200184,-0.2985526040224114,-0.2000141220406699,-0.2771666105136693,-0.0856006084043237,0.0622070506291094,-0.0281042077289754,-0.0169240956863988,-0.2278782217782219,0.2523296762061469,-0.0792695103915691,9,8,9,8,7,7,12,15,12,6.0,6,5,5.0,8.0,8,6.0,1.0,6.0,5,8.0,3.0,6,6,4.0,9,8,8,3,7.0,5,5,7,5,6,6,9,5,7,6,6.0,6,5,8.0,9.0,4,8.0,8.0,6.0,9,11.0,10.0,8,6,8.0,4,5,10,4,6.0,4,5,6,5,6,5,7,4,6,6,5.0,4,2,4.0,8.0,4,5.0,1.0,4.0,5,8.0,3.0,3,2,4.0,4,4,6,1,6.0,2,0,0,0,0,0,0,0,0,0,0.0,0,0,0.0,0.0,0,0.0,0.0,0.0,0,0.0,0.0,0,0,0.0,0,0,0,0,0.0,0
28.5,-0.345277727650047,-0.4906745803057529,0.6234963276361449,0.2407511601417787,1.3313189932235254,-1.6540685256261698,-0.1283067491057779,-1.0395081635422818,-0.1013237337418617,1.3275172788706386,1.1488699612585018,-1.206938328401707,0.0858139264395667,1.5935134491056626,-0.4906501067466275,0.8254266034614064,-0.1701541909354026,0.4389228294118275,-1.1948279748074495,0.380075412638481,-2.3165126388434234,-1.6901469416935222,-2.855988474670144,-0.565335557045225,1.173408948079595,0.149288422651048,-0.905795030112281,-0.6426285925737635,1.0751310195562946,0.5244686985553915,-0.0478456378760558,-0.0681995552607007,0.0945385605794274,0.0408759498671263,0.1980016491935996,-0.1645097623350013,-0.0221553345433376,-0.1442442693701209,-0.0158964052717147,0.2883564164593577,0.2490065212565214,-0.29448112998113,0.0123139395004721,0.1948844552849971,-0.0590217006076139,0.2196838467088466,-0.0384345816893804,0.1062952214452215,-0.1835416097232659,0.0731261576143156,-0.3118015115849885,-0.2862086745813525,-0.435199498540675,-0.0859904971017975,0.1718366138763197,0.0207870763739185,-0.0935857031169724,-0.1477607503607503,0.1747884473369768,0.0859893727187844,9,9,9,7,8,7,11,14,10,5.0,8,6,6.0,7.0,6,7.0,3.0,6.0,5,8.0,3.0,5,5,4.0,8,7,7,4,5.0,7,6,6,6,5,6,9,6,7,7,6.0,5,4,8.0,7.0,4,7.0,8.0,6.0,7,10.0,10.0,7,5,8.0,4,5,9,3,5.0,5,5,5,6,4,6,5,5,6,6,5.0,5,1,5.0,6.0,2,5.0,3.0,4.0,3,7.0,3.0,2,1,4.0,4,4,5,1,4.0,4,0,0,0,0,0,0,0,0,0,0.0,0,0,0.0,0.0,0,0.0,0.0,0.0,0,0.0,0.0,0,0,0.0,0,0,0,0,0.0,0
29.5,-0.2123261950156717,-0.321844874138579,0.1286203741199387,0.082097047670005,0.4575253200759678,-0.579688862102994,-0.3242900606332452,-0.8535902308435542,-0.3355806466880212,1.1945004438708158,1.1286574535277842,-0.0753408624526024,0.8105815192859736,-0.3042219406545888,0.6017681178077595,0.5326829857843337,0.8423867658286953,0.5119297676809618,-1.3033532802887482,0.2121113219125719,-2.184320977063991,-1.5869210586820175,-2.172751488592482,-0.7487904072225302,0.8720755728191926,-0.4011996799309869,-2.271323568605259,-1.4202088048260328,-0.0269729753274341,0.395001665839621,-0.0296980558485203,-0.0451904874537226,0.0196203098672913,0.0126710647195942,0.061688776780495,-0.0536311663964578,-0.0557412401581904,-0.1154556507132358,-0.0524044078986029,0.2184733758071994,0.2429144716394716,-0.0161318764568764,0.1160845941296405,-0.0403682369230355,0.0828011290051538,0.1356068792318792,0.1868344617542758,0.1239971987163163,-0.185595106089301,0.0386574046180857,-0.3026544670791137,-0.2925604029441491,-0.3679860045183575,-0.1207415176670594,0.1243297219120749,-0.0601859575065457,-0.2462679019381031,-0.3095342102342102,-0.0043791071673424,0.0713355761885174,9,8,9,8,6,7,11,13,10,5.0,8,7,7.0,7.0,6,6.0,5.0,7.0,5,9.0,3.0,5,4,5.0,8,8,5,4,5.0,9,6,5,7,5,7,9,6,7,6,7.0,5,5,8.0,5.0,4,7.0,8.0,8.0,7,10.0,10.0,6,5,8.0,4,4,8,2,5.0,4,5,4,6,4,5,6,5,6,5,5.0,5,3,6.0,3.0,3,4.0,5.0,5.0,3,7.0,3.0,2,1,4.0,4,3,3,0,3.0,4,0,0,0,0,0,0,0,0,0,0.0,0,0,0.0,0.0,0,0.0,0.0,0.0,0,0.0,0.0,0,0,0.0,0,0,0,0,0.0,0
30.5,-0.2302788366895535,-0.3713410211396371,0.2044243226974159,-1.1885741427355971,0.3061404912276858,-0.0674955718391405,0.5618326121721642,-0.0949942078965898,0.0739626474639104,0.5960361413282159,1.5317626917142038,-0.0499353317825312,1.1489130611268994,-0.2253907085664686,-0.3511711462805144,0.0944951155730928,1.3520682484361588,0.3470992566414471,-1.7851006392298203,-0.1444817650573913,-1.4133023387025097,-2.1893276146470786,-0.6077890813210216,0.6931203736455983,0.7031235074206428,-0.6961027245504887,-1.7071932201739908,-0.6468975326068006,-0.0991586541315732,0.8515113097291392,-0.0336554086522353,-0.0529696639961344,0.0285472462006517,-0.1849520246093776,0.0428470649319719,-0.0071589019511619,0.0939024630082681,-0.0132328808790108,0.0120190669237881,0.1127562896254074,0.3274159838527486,-0.0104998612498612,0.179024190996482,-0.0277073025014201,-0.0463978269752263,0.0236246614496614,0.3103253558532971,0.0898862432802836,-0.2473622101238973,-0.0264002249814169,-0.1949841296280184,-0.4120000723133076,-0.0975517120134766,0.1140851065171498,0.1019100208614914,-0.0985950345406227,-0.1875502608330782,-0.1194369685869686,-0.0160990850652614,0.1501171253583018,9,8,8,7,6,8,11,13,9,5.0,8,6,8.0,8.0,7,5.0,6.0,8.0,6,9.0,4.0,6,5,7.0,8,8,6,5,6.0,8,6,4,7,5,7,8,6,8,5,6.0,6,5,8.0,4.0,6,7.0,7.0,9.0,5,9.0,10.0,5,6,8.0,4,3,8,3,5.0,5,5,3,6,2,5,6,6,7,4,4.0,6,3,7.0,3.0,4,3.0,6.0,6.0,2,6.0,4.0,1,3,6.0,4,2,4,1,3.0,5,0,0,0,0,0,0,0,0,0,0.0,0,0,0.0,0.0,0,0.0,0.0,0.0,0,0.0,0.0,0,0,0.0,0,0,0,0,0.0,0
31.5,-0.3053570002581816,0.3242988413320128,-0.3143644606624101,-0.3873644040005709,-0.6930817303716192,-0.321175794435529,-0.0883138614889636,-0.4108573945295476,-0.2859099130986179,0.1762398524554629,1.188205477797934,-1.0136228775732758,1.4174350309018042,0.0372789881960271,-0.5819583344651656,-0.3165627668705591,0.8913914329191,0.0830334865745577,-1.0749322929146066,-0.3539551271746041,0.1911776921566494,-1.4262644169816563,-0.0575159516521249,0.9457522388205344,0.6659780534113392,-1.0919934073393696,-2.6190691227133027,-0.1651519048370407,-1.2510523713211426,0.6309945524738392,-0.0445380340591641,0.0422639638139638,-0.0421639928183271,-0.0623240897990897,-0.092779146343852,-0.038351886116979,-0.0152112518200754,-0.0599803279709626,-0.04314112178671,0.0351092685092684,0.2808489259106905,-0.1954587203646027,0.2217580382981312,0.0049383461309931,-0.0677273332103053,-0.0784424519924519,0.2008936125965538,0.021015290437117,-0.1523797780650722,-0.0620366933891701,0.0277547803503684,-0.2377283169444934,-0.0081216964494055,0.1563594160483479,0.1012029367691131,-0.1467339216339216,-0.2570135587408808,-0.0340033966033966,-0.1943498723498723,0.1181603543515308,8,8,7,8,6,9,12,14,7,6.0,8,5,9.0,8.0,8,5.0,7.0,7.0,8,9.0,6.0,6,5,7.0,8,8,5,5,5.0,8,5,2,7,4,7,6,4,6,3,5.0,6,6,8.0,4.0,7,6.0,6.0,9.0,4,7.0,9.0,5,7,7.0,4,2,9,2,3.0,4,4,2,5,3,4,5,4,6,2,3.0,6,2,8.0,3.0,5,2.0,5.0,5.0,2,5.0,6.0,2,4,6.0,4,1,4,1,1.0,4,0,0,0,0,0,0,0,0,0,0.0,0,0,0.0,0.0,0,0.0,0.0,0.0,0,0.0,0.0,0,0,0.0,0,0,0,0,0.0,0
32.5,-1.1113080560807405,0.3648804512072117,-0.7297945704226093,-0.4036616157357167,-0.3702905109353962,0.0636025059409002,-0.077160190342843,-0.7685837627300662,-0.0389881321599255,-0.2043258260240797,1.318362955748591,0.2895321766223189,0.8798396155304086,0.7297736026366174,-0.1853335831208561,-0.792255881631035,1.1868973012081243,-0.5877604747413238,-0.7315635875516061,-0.5794990660365162,0.9304298929088202,0.156621655993075,1.328897170107312,1.1186672320904043,0.4749076515372941,-0.8263463538478533,-2.4755327227685813,0.0735454033588617,-0.9102403184309266,0.8862685000746126,-0.1656321640777521,0.0452744977244977,-0.1023699231453102,-0.0576520384843913,-0.0449880781928768,0.008189236253942,-0.0137500663337351,-0.1073777470637378,-0.006203033078033,-0.0399476079476079,0.3081742198977493,0.0574287767787767,0.1496376740992067,0.0970629401644108,-0.021637954877267,-0.2023462481962482,0.2778833194583195,-0.1495697748158273,-0.086424679336831,-0.1023898802607781,0.1396728365545704,0.0264052693522508,0.1866102844266156,0.1910282046384988,0.0705353959250244,-0.094497089022089,-0.2640405589766271,0.0152705405705405,-0.152241095016095,0.1636777281541986,7,8,7,7,5,8,13,15,7,5.0,7,6,9.0,9.0,8,4.0,8.0,4.0,9,9.0,8.0,7,6,5.0,9,6,4,6,5.0,7,4,2,6,6,8,6,5,6,3,4.0,8,6,6.0,4.0,8,5.0,5.0,9.0,5,9.0,8.0,6,8,5.0,5,2,8,3,3.0,3,2,2,4,4,5,5,5,6,2,2.0,7,4,6.0,4.0,6,1.0,5.0,3.0,3,5.0,7.0,4,6,4.0,5,1,3,2,1.0,3,0,0,0,0,0,0,0,0,0,0.0,0,0,0.0,0.0,0,0.0,0.0,0.0,0,0.0,0.0,0,0,0.0,0,0,0,0,0.0,0
33.5,0.8711399402864646,0.5587413907874204,-0.2043306727134136,0.0933272007226778,-1.049595275995758,1.6777138949962724,-0.0745844474531448,-0.3191011005412628,0.4937561926499154,-0.7145419431532618,1.4669647267764194,0.6550799405867056,0.3121383918265374,0.2349854995621258,0.2357413308757171,-0.6521309892929127,0.6660262637659348,-1.0338563664345712,-0.3490339466087765,-0.1348232418062757,1.1201168363610354,1.223869967439051,1.5499857849193035,0.3380272187751126,0.5048018520120252,-0.6940860375175887,-0.9015958237403764,0.4256319944991644,-0.6723426160982405,0.6786946460605284,0.1225206110882581,0.0577645299145299,-0.0288627009986915,0.012554622140845,-0.1333895757149626,0.1968082457618061,-0.0123933443405579,-0.039579853290844,0.074031527949175,-0.1498891219891219,0.3334177438316756,0.1257259366450543,0.0551594581888699,0.0282822198441394,0.0254455013376267,-0.1637550227550227,0.155087851037851,-0.2660020837521612,-0.0436903818833385,-0.022335177301199,0.1687270895255415,0.1991014579074177,0.2140116433102501,0.0489504941137294,0.0763563150299991,-0.0877045676545676,-0.0946838817872872,0.0845749694749693,-0.1086242923742923,0.093817427017427,8,7,7,7,4,9,13,14,8,5.0,7,6,10.0,11.0,10,5.0,8.0,3.0,10,9.0,9.0,7,7,5.0,9,6,5,6,7.0,6,3,1,6,7,8,7,5,7,2,3.0,8,7,4.0,5.0,8,4.0,3.0,9.0,7,9.0,7.0,6,8,6.0,5,2,7,4,2.0,1,3,1,4,5,4,7,5,7,2,1.0,7,5,4.0,5.0,7,1.0,3.0,2.0,5,6.0,7.0,5,7,4.0,5,1,4,3,1.0,1,0,0,0,0,0,0,0,0,0,0.0,0,0,0.0,0.0,0,0.0,0.0,0.0,0,0.0,0.0,0,0,0.0,0,0,0,0,0.0,0
34.5,0.9174481069691292,1.2412226298590203,0.1422138009245345,-0.0474678821327736,0.6168049684636391,1.42264255191137,0.1111718793347317,-0.3307244489910118,0.9787413857868744,-1.8798790396386045,1.280153399693353,1.0867204657699816,-0.5583350153483524,-0.0275174743664734,0.2283823240697843,0.0722639570489333,-0.16216112333921,-0.8843890705352803,0.1452873751691644,-1.114469283515903,1.1417184762499677,0.48743310230604,1.2366227520749002,1.1228468676891927,0.5401171210995233,-1.6258472674621574,-0.133920705301948,0.3278333400684538,0.2659874560672307,-0.5976191122553826,0.1269167109034755,0.1502703574203574,0.0196158707305765,-0.0064809096390365,0.0799720191401304,0.1771339095716805,0.0179919513493043,-0.0406350416697166,0.146951356649886,-0.3516383338883339,0.2904768040782747,0.193891883769825,-0.075729170253551,-0.0031056548714443,0.0248183072065458,0.0172245310245309,-0.0334073537573537,-0.2374396652367238,0.0221008051374151,-0.1964408509275382,0.1677409906055417,0.0809927120523096,0.1720815235675916,0.1702933406462817,0.0813862305908745,-0.2376916911519851,-0.0149348563287415,0.0570609116373822,0.0352422854922854,-0.0973771117771118,8,6,7,7,6,9,13,14,8,5.0,6,5,8.0,9.0,10,5.0,8.0,3.0,9,7.0,10.0,6,8,6.0,9,4,7,6,8.0,4,3,2,5,7,8,7,6,7,4,3.0,6,7,5.0,6.0,8,2.0,2.0,8.0,7,9.0,7.0,6,8,6.0,5,4,7,6,1.0,3,3,2,4,5,6,7,6,7,4,0.0,5,5,3.0,5.0,7,1.0,1.0,2.0,5,4.0,7.0,4,7,5.0,5,1,5,4,1.0,1,0,0,0,0,0,0,0,0,0,0.0,0,0,0.0,0.0,0,0.0,0.0,0.0,0,0.0,0.0,0,0,0.0,0,0,0,0,0.0,0
35.5,0.9260194406016192,2.081028220386202,-0.5183593380763961,0.1494698175107542,0.7091938590749423,1.305405220887436,-0.4628378009369531,0.1329713830601846,1.095497247125365,-1.999439368778129,1.0223197500863803,0.8781915319823852,-2.102939616021819,-0.5583200315146958,0.8169438838631319,0.547302051769814,,-1.2993072060192932,0.5867563830121509,-1.2855885789594832,1.16619872970716,0.4029833436133965,0.7247103253660019,0.5610486503720168,0.5498441030082812,-2.852243908437222,1.1579287177223017,0.0464380207323292,-0.949030988527048,-0.3049111252328577,0.1301664327502562,0.2759139641404347,-0.0810269157313274,0.0187097560849882,0.1018651060411895,0.1550505475003153,-0.0760047168002275,0.0163912549898316,0.1554279033573925,-0.4207493561993561,0.2222957042957042,0.1624961040593394,-0.3039019775975659,-0.0729619549267381,0.0888281422717215,0.1180404761904761,0.0,-0.3539535880785881,0.0820912390203983,-0.2275811187436573,0.1703372154333454,0.0648406233773107,0.0931813343433313,0.0798686233786855,0.0807085347916617,-0.4032373090359933,0.1330551826656316,0.0093185092685094,-0.1300070596070596,-0.0532519980019979,7,5,6,7,7,8,12,14,8,5.0,5,5,7.0,8.0,10,6.0,9.0,3.0,9,7.0,10.0,6,7,5.0,8,4,6,5,7.0,5,3,3,5,9,7,8,6,8,5,3.0,4,7,4.0,6.0,7,1.0,0.0,6.0,9,9.0,7.0,7,8,8.0,6,5,6,5,1.0,2,3,3,3,6,6,7,5,8,5,0.0,3,5,1.0,4.0,7,1.0,0.0,1.0,7,4.0,7.0,5,6,5.0,5,1,5,3,0.0,1,0,1,0,0,0,0,0,0,0,0.0,0,0,0.0,0.0,0,0.0,0.0,0.0,0,0.0,0.0,0,0,0.0,0,0,0,0,0.0,0
36.5,0.5410504397548013,1.8715947112064677,0.2211322830199372,-1.053066073649577,1.1346824287888,1.4423632792972465,0.0638818799936467,-0.2876247233483227,0.8199669349068377,-1.4425099704448814,1.0573419821268186,0.7083067668903693,-1.22303576977205,0.1485900391636076,0.9080531938211036,0.6178783596520507,,-1.1066359860909991,1.4042954767660976,-0.9626966121681134,0.925924177732164,-0.2371098184678442,1.1814849067014852,0.350124922173976,0.2129191192135751,-1.7919012342534648,1.8231696595949207,0.2161043055506175,0.1704498463754885,-0.3985208246729604,0.070911195263285,0.2713810273060273,0.0361384607222842,-0.1442484635763272,0.1515710611885533,0.1637809951310859,0.0102220001274954,-0.0325117332219836,0.1188759953239056,-0.317178010878011,0.223789121989122,0.1463156482406482,-0.1977480542934876,0.0180824165428654,0.1004477909457616,0.1317007936507936,0.0,-0.290220634920635,0.1970130650425238,-0.1720090245667644,0.1348357632821255,-0.036115840961584,0.1539298899844566,0.0527776677570795,0.0337118694944545,-0.2364766120618288,0.2069816708832963,0.0397742799683975,0.0216096847596847,-0.0740066567419509,7,6,6,5,7,8,11,14,9,4.0,4,6,7.0,9.0,10,6.0,8.0,4.0,9,6.0,9.0,4,8,6.0,7,3,7,5,8.0,5,5,4,4,8,7,9,7,9,6,5.0,3,5,5.0,6.0,7,1.0,0.0,5.0,10,9.0,6.0,8,8,7.0,5,6,6,7,1.0,4,4,4,3,4,6,8,6,8,6,1.0,2,4,2.0,5.0,7,1.0,0.0,1.0,9,4.0,6.0,4,7,5.0,4,2,6,4,1.0,2,0,1,0,0,0,0,0,0,0,0.0,0,0,0.0,0.0,0,0.0,0.0,0.0,0,0.0,0.0,0,0,0.0,0,0,0,0,0.0,0
37.5,1.0009589874286582,2.379800916188881,0.1172762489385727,-1.0071662225060956,1.0863202704259396,1.4415024064075848,-0.1190483449292718,-0.5752830834205054,1.030380936899775,-1.5513937457611555,1.4611149952097515,0.684211057020916,-0.8286456915788608,-0.4808161866263332,0.5793963277170093,1.141022597187858,,-0.5761931939234565,1.3883230588354658,-1.1258309267445863,0.1937860687461261,-1.3208190238524034,0.7327807026581024,0.6845685127487883,0.2884204323186491,-1.0044560040380046,1.7385929550687422,0.3024844010139759,0.2059986874629583,-0.3434551531258837,0.1274340587431144,0.3582304275789569,0.0195115312791782,-0.1465657407350131,0.1356284651451059,0.1635440204188656,-0.019934599146983,-0.0648387129255484,0.1554074570510328,-0.3519719336219336,0.3016955266955267,0.1456865634365634,-0.1361141754100732,-0.0632585363982422,0.0671896013485325,0.2830951659451659,0.0,-0.1368851204351204,0.1873559523686256,-0.1932658055394898,0.0261221252431779,-0.1923287188215982,0.0966189822475426,0.0929996671371283,0.0464873046887752,-0.1345324555819138,0.1778669895893581,0.054790599596482,0.0251406704406704,-0.0633340626607653,8,5,7,5,8,7,10,12,8,5.0,3,5,7.0,9.0,10,7.0,8.0,5.0,9,7.0,8.0,4,7,7.0,6,5,9,4,8.0,6,6,5,5,8,6,8,6,9,5,5.0,1,4,6.0,4.0,8,3.0,0.0,3.0,10,9.0,6.0,8,8,9.0,4,6,8,7,1.0,5,6,5,4,4,6,7,5,7,5,1.0,1,3,3.0,3.0,7,3.0,0.0,1.0,9,4.0,5.0,3,6,7.0,3,3,8,4,1.0,3,0,1,0,0,0,0,0,0,0,0.0,0,0,0.0,0.0,0,0.0,0.0,0.0,0,0.0,0.0,0,0,0.0,0,0,0,0,0.0,0
38.5,0.9348387333948722,1.7475728148988323,0.6288958508543718,-1.5033991004323466,0.6635516682145796,1.2242042112388392,0.0729961387092211,-1.179269026737726,1.6403213248867703,-1.2755376424911684,-0.5745199409714011,0.1342002354772322,-0.6351440387092617,0.0081117142917113,0.1904337492115401,1.2530107464108826,-0.5744836098270145,0.1311234891089835,0.7584577664710656,-0.4716136217054492,-0.3518841992763244,-1.9421776089726064,0.5486589756744676,0.7846658362027222,-0.0741735516557801,-1.323740489480981,0.3634788920377756,0.1635837056533496,0.4053752215629952,-0.3836579256653314,0.12424514865939,0.2652834907266795,0.1081127148908883,-0.2253746334848502,0.0982292576704342,0.169759224865262,0.0119788294350987,-0.1409674089449833,0.2563627215491767,-0.2543269178533885,-0.0897701298701298,0.0276527528027528,-0.0885380102096046,0.0010102621320887,0.0229359472152412,0.3195467698967699,-0.0995359307359307,0.0260974025974026,0.1037696029143229,-0.080090516200346,-0.0479871785249493,-0.2506793497576441,0.0791081696253522,0.1101448469229429,-0.0112451171377641,-0.1832693257722669,0.0374230757804286,0.0320909211703328,0.0556575202575203,-0.0607600777705266,8,6,7,4,9,6,10,12,7,5.0,2,4,6.0,8.0,10,6.0,7.0,6.0,9,8.0,7.0,3,7,7.0,7,6,8,5,8.0,6,6,6,6,8,5,7,6,8,5,7.0,1,4,7.0,4.0,8,5.0,1.0,2.0,9,8.0,6.0,10,8,9.0,4,6,7,7,2.0,7,6,6,5,3,5,6,5,6,5,2.0,0,2,4.0,3.0,7,4.0,0.0,1.0,8,5.0,4.0,3,6,7.0,3,3,6,4,2.0,4,0,1,0,0,0,0,0,0,0,0.0,0,0,0.0,0.0,0,0.0,0.0,0.0,0,0.0,0.0,0,0,0.0,0,0,0,0,0.0,0
39.5,0.8273568562056638,1.3256370519656844,-0.0016351854166024,-0.4476967438820705,1.3485377903351787,-0.2816976465482622,-1.1176721617728491,-0.5452402754820502,0.8093217449950874,-0.519242097448357,0.957749851652981,0.165061446989097,0.8050127957575293,0.5846016668668457,-0.0983791881033831,0.5952968429321981,-0.8746754793083731,1.1718582528164248,1.264448840878242,0.1053573515511592,-1.4796084221693775,-0.6393828419166148,1.168668333351484,0.2525698247433136,-0.1211216592102456,-0.5564899860448358,0.8605835838287028,-0.3131845743480499,0.9912004826452224,0.7695330906239919,0.1146757875251682,0.1813631789607023,-0.00027352418823,-0.0732113796420297,0.2188745244951128,-0.0379926889501965,-0.1885544062147003,-0.0644988786564537,0.1270474841292179,-0.1016559745809745,0.1892027583527583,0.0336858086358086,0.1114918644135362,0.0685876069063375,-0.0120317664541079,0.151896114996115,-0.1783617604617604,0.163889466089466,0.1705757986756068,0.0174859346535817,-0.2073957741776626,-0.09095570370462,0.1638376490640422,0.0387729620053149,-0.0165153599668307,-0.0708576915688371,0.0839620080555839,-0.0656743906420377,0.1397668054168053,0.1255497523889939,9,6,8,4,8,7,10,12,6,5.0,2,4,8.0,8.0,8,6.0,5.0,7.0,9,9.0,7.0,4,7,6.0,7,8,8,5,7.0,8,7,7,6,8,5,7,5,9,5,7.0,2,4,7.0,5.0,8,7.0,1.0,1.0,10,6.0,6.0,9,8,7.0,4,6,8,6,3.0,7,7,6,5,4,5,5,3,7,4,3.0,1,2,6.0,4.0,6,4.0,0.0,1.0,9,5.0,3.0,4,7,5.0,3,4,7,3,3.0,6,0,1,0,0,0,0,0,0,0,0.0,0,0,0.0,0.0,0,0.0,0.0,0.0,0,0.0,0.0,0,0,0.0,0,0,0,0,0.0,0
40.5,0.4852152095658291,0.6988960618360965,0.9392472338512382,0.1589965027898564,0.925889883528176,0.1927401062319817,0.0157178850880981,-0.9187908579905166,1.352319874282487,0.3201216782252524,1.4002389145622658,-0.0293818283914657,1.5031309972710705,-0.4352582836252842,-0.3677769561806377,0.174668040966945,-0.9012479763144774,0.5594139607758554,0.932213951666756,0.0605610658322509,-2.020214668989319,-0.7297335734272413,0.4975753314951464,0.6171302737347975,-0.1464015167134616,0.4140034067968826,0.8752737194740199,0.2360747625937031,-0.4637465713693703,0.4872092397336203,0.0631066691993935,0.0999040831287734,0.1594356298414347,0.0251646937256071,0.1395352286602285,0.0251714106842591,0.0027263169149392,-0.1148086382030049,0.2039127078202156,0.0547107882313764,0.2909621600621601,-0.005842069042069,0.205481228369154,-0.051457396791375,-0.0416621346691478,0.0445964200831848,-0.1692298701298701,0.1076106393606393,0.1265820962311943,0.009698237598315,-0.3065285751486216,-0.1021851751275899,0.0784330723198371,0.0900123793131533,-0.0217759024601129,0.0555167812579576,0.0914086288496505,0.0490049107754989,-0.0779515789765789,0.0674996549288347,7,7,8,4,8,6,10,12,5,5.0,4,4,8.0,6.0,7,6.0,3.0,7.0,7,8.0,5.0,4,7,6.0,7,9,8,6,6.0,7,7,7,6,7,4,7,6,8,5,7.0,4,4,7.0,5.0,9,9.0,1.0,3.0,9,7.0,7.0,9,6,7.0,5,4,8,6,4.0,8,6,6,6,4,4,5,5,6,4,4.0,3,2,7.0,3.0,6,4.0,0.0,2.0,7,5.0,2.0,4,5,5.0,3,4,7,4,2.0,6,0,0,0,0,0,0,0,0,0,0.0,0,0,0.0,0.0,0,0.0,0.0,0.0,0,0.0,0.0,0,0,0.0,0,0,0,0,0.0,0
41.5,0.8666254655828245,0.1897002206571434,0.4082625286219719,-0.0717825283117177,0.9205694889797328,0.973981130606823,-0.5780657459075014,0.2732999084927173,0.5483958610424904,0.191876458912816,1.722837889853131,-0.0975395762239475,1.0016477357076763,-1.489756892622668,-0.3341387460192797,0.6120683348017563,0.5546266476140657,0.3535802710509598,0.2315622937709197,-0.0506406759097958,-2.103856005725082,-0.1506230719097396,0.2857896873151502,-0.208910263944948,0.303986127535595,0.8006067374441879,-0.7690478540036547,0.0391391930455289,-1.1282451025705442,0.5745899119323753,0.1166658334355702,0.027140172383516,0.0669694627268157,-0.0107129799938623,0.1350115110379816,0.1132422720296559,-0.094348098031999,0.0336765488235907,0.0822699442112755,0.0317297787180139,0.3673287989787989,-0.0186609238800415,0.144057823978567,-0.1921593752480748,-0.037346593527694,0.1590375322390027,0.1074554612054612,0.0760444999445,0.031860751082423,-0.0081637137801998,-0.3259739715049312,-0.0195331171516897,0.0414408003760944,-0.031017576214635,0.0429916731874935,0.1069371600621599,-0.0821933658618643,0.007188436726672,-0.1761822783425725,0.0824944486971577,7,6,9,6,8,6,8,11,5,5.0,4,4,8.0,5.0,7,6.0,3.0,7.0,5,8.0,4.0,5,8,5.0,7,8,7,6,4.0,8,7,7,5,6,4,8,7,8,6,7.0,5,6,8.0,5.0,9,9.0,2.0,6.0,8,7.0,7.0,10,6,7.0,5,4,8,7,5.0,7,6,5,5,4,4,6,4,7,4,4.0,4,3,7.0,2.0,6,5.0,1.0,3.0,5,5.0,2.0,5,5,4.0,4,4,5,4,2.0,6,0,0,0,0,0,0,0,0,0,0.0,0,0,0.0,0.0,0,0.0,0.0,0.0,0,0.0,0.0,0,0,0.0,0,0,0,0,0.0,0
42.5,0.3938600579341388,0.9258336157710176,0.790182578255491,0.652246831952018,1.6217887408692493,1.275283228867203,-0.0465038044238029,0.0756297090988112,0.3290445220448903,0.4795825186154904,1.5829684227457623,-0.6209962600021066,1.3269460749758,-1.415924656287657,-0.3268808701241099,0.5264416186812408,-0.251712841856106,0.922271769375264,-0.7499829171899052,0.0560989265289629,-0.8447260215894048,0.48387656970531,-0.5049654413601099,-0.5933530233832183,0.1798706450162861,1.2708427879117916,-1.2210830344813917,0.6528517343550667,-1.9404596956382656,1.086198316456877,0.0527749007786159,0.1315413371372349,0.1283560661560661,0.1027954542189837,0.2492344400697342,0.1696970755594594,-0.0077465536183802,0.0107497176971634,0.0483389583155063,0.0783202015304956,0.35474981475353,-0.1105091213653908,0.203969592490413,-0.1630387456540707,-0.0347970173157782,0.1373911394161394,-0.0513444999444999,0.2293432069564422,-0.1041361095303046,0.0089816949390477,-0.1257128160195497,0.0650367877493499,-0.0729333152141975,-0.0935801544860368,0.0249219961325224,0.1690020316285022,-0.1386554533014284,0.1253481030407501,-0.2916035324754364,0.1539083696747009,7,7,9,6,7,7,8,13,6,4.0,6,3,7.0,6.0,7,5.0,3.0,7.0,3,6.0,5.0,6,7,4.0,8,7,6,7,3.0,8,6,7,5,5,4,8,7,6,7,7.0,7,8,8.0,6.0,9,8.0,3.0,7.0,7,6.0,9.0,10,6,6.0,6,4,7,6,7.0,8,5,6,5,4,4,7,5,6,5,4.0,6,3,7.0,3.0,6,4.0,1.0,5.0,3,4.0,4.0,6,4,3.0,5,4,4,5,2.0,7,0,0,0,0,0,0,0,0,0,0.0,0,0,0.0,0.0,0,0.0,0.0,0.0,0,0.0,0.0,0,0,0.0,0,0,0,0,0.0,0
43.5,0.5513675586573158,0.1921171445340566,0.0356046067033159,1.1506825696101517,0.9157701023256524,0.627864404854692,0.1750137613580594,-0.0739870104136733,0.5438355822064991,1.0668560576243684,1.1495307113266706,-1.0857073792857872,-0.0238420060806309,-0.7971238174762161,-0.3061091473431472,0.6415457423038455,-0.7773844162184167,0.4342174406302714,0.0129496446383838,-1.2599336092780484,-0.5365526062627884,0.6196757305140911,-0.4883288088691273,-0.7608750798850195,0.2778294249276682,-0.2524512692571724,-0.5283793533974441,1.0377902528193543,-3.553391492820971,1.1313819579321251,0.0744530196154035,0.0267745586714626,0.0052850884409708,0.1860261620732209,0.1290803196803197,0.0719586080832613,0.0280279532043463,-0.0116454740907526,0.0818740774428754,0.1919379321658734,0.24809270051414,-0.1866062074406502,-0.0034583485400048,-0.0888825866857599,-0.0328229491048578,0.1608255904226492,-0.1670090631590631,0.1137180883615868,0.001702527245716,-0.2126830834198481,-0.0759750854203303,0.0800191236976032,-0.074618219688808,-0.1242059838853956,0.0385801916178077,-0.0371956277382748,-0.0573911801562729,0.1788917362049713,-0.5407581517811393,0.151449177877506,7,8,8,8,7,8,7,12,7,4.0,6,4,5.0,6.0,8,5.0,2.0,6.0,4,4.0,5.0,6,8,4.0,8,6,6,7,3.0,8,6,7,4,5,3,9,7,4,8,6.0,8,8,8.0,7.0,8,8.0,5.0,9.0,7,6.0,10.0,10,6,5.0,6,5,8,7,7.0,8,5,6,3,5,3,7,5,4,6,4.0,6,3,5.0,4.0,6,4.0,1.0,5.0,4,2.0,5.0,6,4,2.0,5,3,5,6,1.0,7,0,0,0,0,0,0,0,0,0,0.0,0,0,0.0,0.0,0,0.0,0.0,0.0,0,0.0,0.0,0,0,0.0,0,0,0,0,0.0,0
44.5,-0.2183129761407158,0.4796569474003673,-0.6915020660113562,1.16918332788784,0.3879705514696854,1.2030168484854524,1.2757365726919938,0.2672463840469148,0.5260312519017951,0.5967888724976468,1.0621791661501576,-0.676071413738654,-0.4743324668612681,-0.6202198282092269,-0.0259020879763639,0.6459395468554431,-1.2223791871081096,0.2594975477412633,-0.8072509402427913,-1.1109266943822294,0.2538624547006679,-0.9104343163910764,-0.2238257664986899,-0.8602914475289242,-0.3818399791500582,-1.130251588242085,-0.7750332285682621,0.8511520056031304,-3.287397130957236,-0.2763467328019811,-0.0295460492122257,0.0716877449176212,-0.1052193778443778,0.2022580111065405,0.0504997695115342,0.127279826193011,0.1982774198196024,0.0426898200183029,0.0764122366711377,0.1111999777999778,0.232445540733776,-0.1160121536186552,-0.0754651039878594,-0.0722876301343322,-0.0032316837788973,0.1661485292485292,-0.2804109597918421,0.0660530823665499,-0.1097134972612526,-0.1930971897383662,0.034247082102325,-0.1146381006584835,-0.0365690641058288,-0.1505626969435792,-0.0547227063957714,-0.163656051516423,-0.0887686818427531,0.160254649925238,-0.5262221602614792,-0.0413425626575008,7,9,8,7,6,9,7,13,8,4.0,6,3,4.0,8.0,9,6.0,2.0,5.0,3,5.0,7.0,7,9,4.0,7,4,5,7,3.0,7,4,6,3,5,4,10,7,4,7,5.0,8,8,6.0,8.0,6,7.0,6.0,11.0,7,5.0,11.0,10,6,5.0,6,5,7,7,7.0,8,3,6,2,5,3,8,6,4,6,3.0,6,3,3.0,5.0,5,4.0,1.0,5.0,3,2.0,7.0,5,5,2.0,4,2,4,6,1.0,5,0,0,0,0,0,0,0,0,0,0.0,0,0,0.0,0.0,0,0.0,0.0,0.0,0,0.0,0.0,0,0,0.0,0,0,0,0,0.0,0
45.5,1.202841212309604,1.161530186593653,-1.656160149198567,0.6261780189999624,1.3888327727438463,0.9884442988467552,0.537576981573104,-0.5535971760846388,-0.0061703478096829,0.7278074282126634,0.6034238196854647,-0.0458073077207303,-1.0072702122285182,0.4742092659565798,0.5152688372965529,1.1029537457292882,-1.0263342991574431,0.4218745170549668,0.2229922605087128,-0.0457378276032399,0.389655754206856,-0.6843718090444549,-0.6507857085835926,-1.2804517369780213,-0.4969232376741445,-0.7334117869678795,-1.1378953381579688,0.5821298878046215,-2.616260355915516,-0.0525603279424694,0.1613185131861602,0.1573960581558104,-0.2658844572094572,0.1205066952655188,0.1625879561013463,0.1079350032253383,0.0861242702687749,-0.088274354730237,-0.0008969410362599,0.1265457653457653,0.1425773984185749,-0.0078977364225042,-0.1801892806711691,0.0577823268235032,0.0609918677555674,0.2777829642579643,-0.2329452274849334,0.1113533631143537,0.0294140754326512,-0.0069959664518488,0.0519646470100098,-0.0889537407358648,-0.09636280742821,-0.1991955862764686,-0.0718025566023244,-0.0994575553445522,-0.1333317237715844,0.1088874524168641,-0.3825535683872371,-0.008776181188952,8,8,7,8,6,8,7,10,9,4.0,6,4,5.0,10.0,10,7.0,3.0,6.0,5,6.0,7.0,7,7,5.0,8,4,6,8,4.0,7,4,7,3,5,6,9,5,3,6,5.0,7,8,5.0,8.0,5,7.0,8.0,9.0,8,5.0,11.0,10,8,5.0,6,6,7,7,8.0,7,4,7,1,5,5,7,4,2,5,3.0,5,4,2.0,7.0,5,5.0,2.0,5.0,5,3.0,7.0,5,5,2.0,4,3,4,6,2.0,5,0,0,0,0,0,0,0,0,0,0.0,0,0,0.0,0.0,0,0.0,0.0,0.0,0,0.0,0.0,0,0,0.0,0,0,0,0,0.0,0
46.5,0.200280929140548,0.9295679263442008,-0.4113849242403838,0.3734806017163093,0.6494821923790065,0.5213670107813992,0.9490864469477877,-0.6301261070347983,0.934142333156846,-0.2826873713058709,0.4173659508787026,0.0490085645160037,-2.490888713182252,0.738172808413392,-0.5930234495684592,0.4065155995992471,-1.8928307474845136,0.7392526678513964,0.2042753900204696,-0.2839771151815037,0.3474444666124024,-0.0977905926100508,-0.3549690184690142,-1.1347098159491618,-0.1320751914952643,-1.2817714456304103,0.2749987264964704,0.3525291512339923,-1.6148361085527982,-0.2671532266215072,0.0263973586870646,0.1294504530557162,-0.0615209444150619,0.0636213185850956,0.0737885937677733,0.0544750720966564,0.1604810669722434,-0.1022965776054011,0.1379509612248776,-0.0534540959040959,0.0987688517622729,0.0082225724481915,-0.4442872118078,0.0897656891869741,-0.0702382303626885,0.1057565268065268,-0.4351994334784583,0.18843060245568,0.0278102400179799,-0.0440215523039052,0.0496453519622418,-0.0129475681480393,-0.0546383945947412,-0.1746167776667776,-0.0177133230546543,-0.170667257570431,0.0305344392277828,0.068681426579956,-0.2497589527689373,-0.0425088565974789,9,8,6,8,6,8,9,9,9,4.0,6,4,6.0,11.0,8,7.0,2.0,7.0,7,6.0,8.0,8,7,5.0,9,5,7,8,5.0,5,3,6,5,7,7,10,4,3,6,5.0,8,8,3.0,8.0,6,5.0,9.0,9.0,8,5.0,10.0,10,8,5.0,6,6,8,6,7.0,7,3,6,3,6,5,7,4,2,6,2.0,5,4,0.0,8.0,4,3.0,1.0,6.0,6,3.0,7.0,6,5,2.0,5,3,6,5,3.0,4,0,0,0,0,0,0,0,0,0,0.0,0,0,0.0,0.0,0,0.0,0.0,0.0,0,0.0,0.0,0,0,0.0,0,0,0,0,0.0,0
47.5,0.2049247792021148,1.4156834882036922,-0.5265681066569251,0.1436072208647531,-0.0595606623692968,0.6609800100870091,0.3725239249005023,-0.1831835721099669,0.916778355580621,0.1996926852787923,-0.1366279876206866,0.1052456176578589,-1.2602472366991242,1.1076509377212993,-1.8979863218136708,0.1324534288245707,-1.1681843324707757,0.6236670511461276,0.3478748093484607,0.5427703531562126,0.874631930314536,-0.7236812155266797,0.0521512689464969,0.2062821886401919,0.3779063265224116,-0.5433077091982867,0.8141274519089089,0.9961989772589668,-0.7785002347370811,-1.7696022000681544,0.0259349901732255,0.1892444931143846,-0.0783932320947027,0.0236293819183912,-0.0065613199579916,0.0692135538606261,0.0688816242580948,-0.0302358296416346,0.1399273186222104,0.0409197330447329,-0.0309590439058705,0.0197832833832832,-0.1839601246792424,0.1328202848657451,-0.2363079201500253,0.0356079254079254,-0.2676293557062134,0.1617009198318022,0.048988143719026,0.0889417977447389,0.1261826019267968,-0.1099866534050744,0.0070537455406649,0.0347163503163502,0.0527195999047391,-0.0762521996579271,0.0954092817399319,0.1853353186029657,-0.1311569967957738,-0.3012441847969711,9,8,6,8,6,7,9,8,9,5.0,6,5,6.0,11.0,6,6.0,2.0,7.0,9,8.0,8.0,9,7,7.0,7,6,7,8,7.0,5,3,6,5,7,8,10,3,4,6,5.0,8,7,3.0,9.0,5,4.0,9.0,7.0,8,6.0,9.0,8,9,5.0,5,7,7,7,7.0,6,3,6,3,6,5,7,3,3,6,3.0,4,4,1.0,9.0,2,2.0,2.0,5.0,7,5.0,7.0,5,6,4.0,4,4,6,6,4.0,2,0,0,0,0,0,0,0,0,0,0.0,0,0,0.0,0.0,0,0.0,0.0,0.0,0,0.0,0.0,0,0,0.0,0,0,0,0,0.0,0
48.5,0.5400243069707,1.7368637015461377,0.2265011510275837,-0.6159394959044273,0.8252483303738422,-0.7844405738934095,0.3930478339545553,0.3885251195511272,0.6643489399234898,0.1045237379569463,-0.0747672933062491,-0.4557888958857256,0.9367435640244052,0.6278522379344019,-1.128943372995067,0.0481200003204386,-1.2807142178850344,0.5733775883993074,-0.2116172756058705,0.9334131738669672,1.0304936809799374,0.5432705449992782,0.6264589574581962,-0.0688068578165404,0.6491450736463639,-0.0818568118120169,0.2506779254240655,0.2715646276573297,0.073306160853311,-2.5209843815844692,0.0729058849647084,0.2250942660280895,0.0309556682997085,-0.0972010526968732,0.0851662257075569,-0.0936445773442543,0.0660095050374461,0.0583398319860394,0.0968036862346459,0.0219687368187369,-0.017791733008993,-0.0883783122106652,0.1423184038184038,0.0723821745752488,-0.1482868365294835,0.0109397935397935,-0.2875801261088412,0.139235347985348,-0.0305231446829743,0.1650670878571032,0.1628462190887887,0.082563958410011,0.090819452193833,-0.0104428086619262,0.0876665367827905,-0.0107915575051024,0.0295500199233171,0.0562247063394121,0.0123827131331001,-0.4221655731179725,8,6,5,7,7,6,9,8,8,5.0,7,4,8.0,11.0,6,6.0,2.0,8.0,10,10.0,8.0,8,6,7.0,7,7,9,6,8.0,3,3,4,6,8,9,9,3,6,6,5.0,7,7,2.0,8.0,6,5.0,9.0,5.0,7,7.0,8.0,8,9,7.0,5,7,7,6,6.0,6,3,4,4,5,7,5,3,5,5,3.0,4,3,2.0,8.0,3,2.0,2.0,4.0,6,7.0,7.0,6,6,5.0,4,5,6,4,5.0,1,0,0,0,0,0,0,0,0,0,0.0,0,0,0.0,0.0,0,0.0,0.0,0.0,0,0.0,0.0,0,0,0.0,0,0,0,0,0.0,0
49.5,0.6728425364827858,1.6594699645384068,1.13554266894615,-0.068719980101352,0.6379971814176101,-1.4678727857993126,0.3723143605225532,-0.075709427659214,0.316006896861778,0.312689062638293,-0.4068269112428438,0.1776042894122211,0.3791942622112177,0.9558270141986271,-0.817064944487214,0.8300442327238892,-1.2766967284757822,0.0536281055180777,0.6981077808032216,0.8830297047643035,0.3802722986492251,0.3389979158912755,-0.2031733946796843,0.8977226742810336,1.3452556785309835,1.106382359141446,0.949598625061547,0.3926488480857983,0.5489174975454253,-1.769639743405624,0.0903108675638088,0.2145379925629925,0.1532116224332942,-0.0095863274496401,0.0680703185789098,-0.1765791770321182,0.067422113997114,-0.0110953741391047,0.0470528532526984,0.0577834493937434,-0.0984111364126071,0.0331503942136295,0.0541688646320999,0.1187521597597448,-0.0886013675414638,0.2028357808857808,-0.2874673776601795,0.0112018592518592,0.0987361038686116,0.1550314723030667,0.0570998034902834,0.0533508716086116,-0.02611587081649,0.1312776246629188,0.1874010325759552,0.1447232131473618,0.1033971252603606,0.0828779707220883,0.0863572791243844,-0.3055218759998171,8,6,7,8,7,6,9,6,8,5.0,7,4,9.0,11.0,7,6.0,2.0,8.0,10,9.0,10.0,7,5,8.0,8,8,9,5,8.0,3,4,3,7,8,9,8,3,6,6,7.0,6,6,3.0,8.0,8,4.0,9.0,3.0,7,9.0,8.0,7,9,8.0,5,6,7,6,7.0,5,4,3,6,6,7,4,3,4,5,4.0,3,3,3.0,8.0,5,3.0,2.0,2.0,7,8.0,7.0,5,5,7.0,5,6,7,4,6.0,1,0,0,0,0,0,0,0,0,0,0.0,0,0,0.0,0.0,0,0.0,0.0,0.0,0,0.0,0.0,0,0,0.0,0,0,0,0,0.0,0
50.5,1.3222592201207275,0.8547906276694752,2.044837528823424,-0.1685274538629547,0.5611875789907647,-0.7101783774063726,0.8276511036493255,1.1083978578269658,1.1246887443639153,0.1612207214488569,-0.4996078703951533,-0.2903870431027197,0.863070621038804,0.9889181579869968,-0.42303349092819,0.1905922155554277,-1.0348941685967188,0.3130782711583336,0.8353412509509843,0.641321932524167,0.8400306862796975,-0.306984748908549,0.5854201616396498,1.0094168613812031,1.600254290942481,0.9323645255624536,1.5322399894801917,0.1116497145352584,0.956941974078436,-3.0552203685669643,0.17156216698678,0.0902807581307581,0.2615212707227413,-0.0242020574282958,0.0707113937146444,-0.0926549760868645,0.1418073063073837,0.1485255116314713,0.1683735832929129,0.0279682807388689,-0.1159271509536215,-0.0585178432678433,0.1319996456501875,0.1356796282492876,-0.046206694537795,0.0504535353535353,-0.2398349551291502,0.0624369186369186,0.1217553749827743,0.1174180218989815,0.1278601028400563,-0.0437016730345677,0.0815838587109486,0.1428624420900736,0.1958993746793282,0.1287201555410533,0.1642515156669954,0.0226276538820655,0.1575208010943304,-0.5432113336010395,8,6,7,8,8,6,9,7,8,5.0,5,5,9.0,10.0,7,5.0,2.0,8.0,10,10.0,10.0,5,7,7.0,7,8,9,3,8.0,3,5,1,7,8,8,7,5,7,8,7.0,6,4,5.0,6.0,9,4.0,8.0,3.0,7,9.0,9.0,8,8,8.0,6,5,8,6,6.0,4,5,1,7,6,7,4,5,6,7,4.0,2,2,5.0,6.0,6,2.0,2.0,2.0,7,8.0,8.0,4,6,7.0,5,5,8,3,6.0,0,0,0,0,0,0,0,0,0,0,0.0,0,0,0.0,0.0,0,0.0,0.0,0.0,0,0.0,0.0,0,0,0.0,0,0,0,0,0.0,0
51.5,1.384637072646281,0.9431387354200664,1.587204618458668,0.7700747340980921,-0.4425771349216058,-1.2107467502757006,0.8849366151990593,0.4563555415803954,0.8585024974782404,0.9776193308165162,-1.1673164335161712,-0.5967181824886219,-0.096434083415801,0.5272268824594285,0.8646580787249597,0.0167041279901961,-1.275938169621355,0.7065038050960799,0.3668401024001351,0.6274139059939612,0.5398475800280388,-2.067883259926879,-0.2474396303570673,0.8314791278423767,1.7089429303093948,0.9532955469585596,0.9824122020671164,-1.0373867450515462,0.6090215532292761,-1.7636324190215782,0.1903958596185376,0.1148703574203574,0.2267436660690531,0.1029801630945592,-0.0551666798200081,-0.1700673866896778,0.1520144010616148,0.0643949422438586,0.1271459248869465,0.1526154181387928,-0.2776528638028638,-0.1073868242868242,-0.0138985879703372,0.0625167124499167,0.1041076613547383,0.0043548562548562,-0.3027220454382219,0.1056521645021645,0.0525386446285053,0.1120857639866154,0.0832668624976674,-0.2933635051652853,-0.0333257673784762,0.1171873617094979,0.2564292010535045,0.1234158288735688,0.1095891602979063,-0.2003556466409407,0.0989874480095068,-0.3222572858514035,7,7,7,8,8,5,7,8,7,5.0,4,5,9.0,8.0,9,3.0,2.0,9.0,10,10.0,8.0,3,7,7.0,7,7,9,3,9.0,5,5,1,6,8,8,6,6,6,7,8.0,5,3,6.0,6.0,9,6.0,6.0,1.0,6,9.0,9.0,8,7,9.0,5,6,7,6,6.0,4,5,1,6,7,6,3,5,5,6,5.0,1,1,5.0,5.0,8,2.0,1.0,1.0,6,8.0,7.0,2,5,7.0,5,5,7,2,6.0,1,0,0,0,0,0,0,0,0,0,0.0,0,0,0.0,0.0,0,0.0,0.0,0.0,0,0.0,0.0,0,0,0.0,0,0,0,0,0.0,0
52.5,0.758778957937307,0.4987126125827607,1.031781844033786,0.6821826477589604,0.1173413334059933,-0.0525367146810559,0.6968474378639316,1.0410629554108888,0.718373966911791,0.9246616515766172,-1.2421467277628848,-0.2499189178031409,-0.1447401604385698,1.3142636066228428,0.9129480409876862,-0.1191075830766985,-1.0972156893606528,,0.921940006632716,0.6278138568551279,-0.3241130390150375,-2.964524404317638,0.4275275695985665,1.1232315636682797,1.1856901943799596,1.381185197015918,0.4994565654667008,-1.5509055661395696,0.9944555289108508,-0.455794826580048,0.1100921696552502,0.0512667887667887,0.1595480800675072,0.0888633737349681,0.0144260622676256,-0.0067837067215549,0.1138341504470761,0.1349697169961102,0.1062422550875337,0.1435464493023317,-0.2854523363891009,-0.0465667776667776,-0.0225509569721644,0.1587344916779127,0.1148363349910435,-0.0316976273726274,-0.2451473555855909,0.0,0.1162381309179296,0.1107422479481302,-0.0482904967215372,-0.4678620746298764,0.0584477919139684,0.161834847410931,0.1733196352581029,0.1858743906506291,0.0564190400930337,-0.2878176449367625,0.158328018060371,-0.0754780001044705,7,7,8,8,8,7,6,7,6,5.0,3,5,8.0,8.0,11,2.0,1.0,8.0,9,10.0,7.0,3,7,7.0,9,6,10,2,8.0,6,6,1,6,8,8,7,7,6,8,8.0,5,2,7.0,7.0,9,7.0,6.0,0.0,7,9.0,10.0,7,6,8.0,6,6,7,6,6.0,5,5,1,6,7,6,5,5,5,6,5.0,1,1,5.0,6.0,9,2.0,1.0,0.0,7,8.0,6.0,1,5,7.0,6,5,7,1,6.0,3,0,0,0,0,0,0,0,0,0,0.0,0,0,0.0,0.0,0,0.0,0.0,0.0,0,0.0,0.0,0,0,0.0,0,0,0,0,0.0,0
53.5,1.3101500615903618,-1.1072575621216307,0.5584944982349747,1.098810246807968,-0.3753485950677373,0.4222220838013449,0.311315008376115,0.2740292894642484,1.4051221404419711,0.8506457337265166,0.417147197373487,-0.199555342778936,-0.4463959198256752,0.851985049509725,0.8421405151539179,-0.984852250918866,-0.4585400170225053,,0.6467001831840288,0.0996573562726363,-0.9773269582246884,-1.908892205347165,0.1524211493373211,0.8351549974033616,0.7342516269872023,0.1113833379842783,0.7105264183270488,-1.324075092830462,0.6376122794364621,-0.0584044060288807,0.188762709297926,-0.148743623043623,0.0892778641293347,0.1539731703367151,-0.0506372520496359,0.0518933362389245,0.0486897983165784,0.0385284651365147,0.2119256091386964,0.126396741914776,0.0898029005308417,-0.0423778443778444,-0.0666323854164412,0.1096814184783225,0.1012729681521571,-0.24889476405947,-0.1021041403041403,0.0,0.0892284271713838,0.0182861080611853,-0.1406478978324887,-0.3137118284450327,0.0212472243442831,0.1286997137279645,0.1022653220704304,0.0145367794486216,0.0816059816430558,-0.2358002331002331,0.1053996021951905,-0.0101361478390888,7,8,9,9,7,8,4,8,8,5.0,4,5,7.0,7.0,11,1.0,2.0,8.0,9,10.0,6.0,2,8,6.0,9,7,8,3,7.0,8,6,2,5,8,8,7,7,5,9,8.0,6,2,8.0,6.0,9,8.0,4.0,0.0,8,9.0,10.0,8,6,8.0,5,5,7,4,6.0,5,6,1,5,8,5,6,4,4,8,5.0,3,1,5.0,5.0,9,1.0,1.0,0.0,7,7.0,5.0,2,5,6.0,5,4,6,1,5.0,4,0,0,0,0,0,0,0,0,0,0.0,0,0,0.0,0.0,0,0.0,0.0,0.0,0,0.0,0.0,0,0,0.0,0,0,0,0,0.0,0
54.5,1.1033151437272362,-0.6196879539300337,0.1831047247002261,0.3322400163339136,0.370066418325892,1.402083527906611,-0.8150366271128597,0.9044267260403962,1.375663950530983,0.0164505873881183,0.9790648954332588,-0.8580314221102936,-1.1426607438066958,1.240919403844578,0.6040209432939212,-1.8062617591273888,1.4351907099078578,1.1976641982344025,0.6407982885589223,0.7901948257335017,-2.1242929756805937,-1.1526463001335585,1.053706423156655,-0.4032222192478832,-1.06450760101024,0.1185261380966975,-0.4990046203086909,-0.6954431582301123,-0.5290738985022677,0.0629261453052979,0.1449614249613475,-0.0876891125214653,0.03147823010323,0.0466680047334845,0.0481840046262646,0.1565710616524858,-0.1188907201157976,0.1302405205905207,0.2075018239634911,0.0025345743180109,0.2238555307437659,-0.2077075036075036,-0.1669511558444996,0.1607553454972958,0.072813971371728,-0.4937900266400266,0.2750844766344765,0.1675807359307359,0.0855013823294009,0.1475586151636461,-0.3231183440783354,-0.1843344386693458,0.1650849069231422,-0.0603818096592091,-0.1416866591698634,0.0148629897278503,-0.0509538045803525,-0.1299275224775224,-0.0868151526577997,0.0110207428278635,6,9,9,7,8,7,4,8,7,5.0,4,6,7.0,7.0,11,0.0,3.0,7.0,9,10.0,5.0,3,8,4.0,9,7,7,4,6.0,8,7,4,3,8,7,8,7,6,8,8.0,6,3,7.0,7.0,8,7.0,3.0,1.0,8,7.0,10.0,8,5,8.0,6,5,7,3,5.0,5,6,3,3,6,6,7,3,5,7,4.0,4,1,4.0,6.0,8,0.0,2.0,1.0,7,7.0,3.0,3,5,4.0,4,4,5,1,3.0,4,0,0,0,0,0,0,0,0,0,0.0,0,0,0.0,0.0,0,0.0,0.0,0.0,0,0.0,0.0,0,0,0.0,0,0,0,0,0.0,0
55.5,0.4727598943745568,-0.2843996878340084,0.1067070336933136,0.3552400722775647,0.8540594786072537,0.9662103332585246,-1.5925969564688094,0.4282070083709189,1.171602140247942,0.2713660940734572,1.1372124839876785,-0.4611927498908552,-1.7540362282753583,1.5675848805933168,0.3217933992495014,-0.8330320184100132,-0.0009944613831481,0.7877304162090215,0.4226464580326162,0.6791525099468947,-2.8815895155639875,-0.3051101917095309,1.1479913515398446,-0.6614444025290206,-0.8986043930055434,-0.0757003063831701,-0.3464232526824103,0.0199537194971041,-1.1273646536174615,0.8328018466951688,0.0644503623311673,-0.0384667105770045,0.0157965256965257,0.0587274746495334,0.1192283564990221,0.1021529082716389,-0.2421676194376657,0.0631542388553998,0.175097119895629,0.0461912809412808,0.2601357068284312,-0.1016495171495172,-0.2547196942462422,0.1955157853591794,0.0375669622618,-0.2270578033078032,-0.0001832722832721,0.1561263458763458,0.0563021904797614,0.1310852084190319,-0.4112820973592747,-0.0524583552584327,0.1827856653150771,-0.1060254399453316,-0.1183046026728689,-0.0092542346800086,-0.0357965036941042,0.0036217116217115,-0.1868983798880857,0.1326812218053704,7,8,9,5,7,8,4,7,6,4.0,6,6,8.0,8.0,11,1.0,2.0,6.0,8,10.0,3.0,5,7,3.0,8,8,7,6,4.0,9,7,5,2,6,6,8,6,5,8,6.0,8,4,6.0,9.0,7,7.0,3.0,3.0,9,6.0,10.0,7,5,7.0,7,6,7,3,5.0,6,6,4,2,4,5,7,2,4,6,3.0,6,2,3.0,8.0,7,1.0,1.0,2.0,7,6.0,2.0,4,5,3.0,4,5,5,2,2.0,6,0,0,0,0,0,0,0,0,0,0.0,0,0,0.0,0.0,0,0.0,0.0,0.0,0,0.0,0.0,0,0,0.0,0,0,0,0,0.0,0
56.5,0.5324984810860327,-0.4325756348235223,0.563404582200107,0.1091603747451211,1.1050555119723522,1.467700383120999,-0.1897248820600394,0.0082479089635949,1.39529605171637,-0.2901998626082994,1.689706204580967,-0.8490824189366515,-0.5596584486250554,1.5367747617202123,-0.4685111629456653,-0.7504505861491318,0.0978522505268138,1.3508870140636382,0.5832493541126935,0.7945972393276635,-2.470941010520713,0.8148552172855211,0.0376711082441296,-3.0455594425829533,-1.509804680588491,0.3881424754627377,0.0668600056072566,0.6696401894789528,-1.0130102970709556,0.779081364631843,0.0738912438181014,-0.0601253813180284,0.0819498112998112,0.0167740873505578,0.1734602924852925,0.1516361771411609,-0.027079710262218,0.0010653065372879,0.2217318054150873,-0.0500913974913973,0.3894485032683175,-0.178929332595509,-0.0738556293379822,0.1871039085871129,-0.0547569688567366,-0.1954350094350095,0.0179123265623265,0.3144116716616716,0.0807471756814398,0.1340793851573264,-0.3820045490199515,0.1503187367671888,0.0056447072535308,-0.4768594143472626,-0.1992794082250737,0.0515100894633402,0.0069324218780875,0.1170440281940282,-0.1717262810718693,0.1200219194118574,7,9,8,4,7,8,6,7,6,3.0,7,6,9.0,9.0,10,3.0,2.0,6.0,9,9.0,5.0,6,6,2.0,7,8,6,7,5.0,7,6,6,2,5,4,9,7,7,6,5.0,7,6,7.0,8.0,6,6.0,3.0,5.0,10,5.0,8.0,6,6,7.0,6,6,7,2,5.0,6,5,5,2,3,4,8,4,5,5,2.0,7,2,5.0,8.0,5,1.0,1.0,4.0,8,5.0,2.0,5,4,1.0,3,5,5,2,2.0,5,0,0,0,0,0,0,0,0,0,0.0,0,0,0.0,0.0,0,0.0,0.0,0.0,0,0.0,0.0,0,0,0.0,0,0,0,0,0.0,0
57.5,-0.3470667511966951,-0.1037566209306205,-0.2913180598056491,0.7457424503172432,1.834307771034436,0.9831473030069634,-0.0564852208140289,0.6616268928070776,1.7046883912116633,-0.1645861419915268,1.6428040056181976,-1.9025796787292717,-0.6664488845213923,1.239999266056361,0.0432644459820916,-0.5537151204640229,0.1032563024460938,1.4962588384953783,0.1140098592459398,0.1595333061075336,-1.212491047732776,0.6609818859064754,-1.0790364106861836,-4.172871859544084,-1.0602362161531047,0.7541600391045536,-1.66899283854644,0.1754538621870029,-0.8875575937515696,0.6491522110659124,-0.046243062407149,-0.0140178183357749,-0.0453151653901653,0.107354602750191,0.2392076947562241,0.1057836260895892,-0.0089633037155482,0.0777950069669043,0.2548487382672368,-0.0294646353646353,0.3711473482399953,-0.3914995963187139,-0.0980720775182848,0.1635723611613704,0.005223165147546,-0.1465947385947386,0.0202310633810633,0.3731722093266211,0.0157030462063474,0.0244374999183824,-0.1825942112325239,0.1240859720259101,-0.1541612734187039,-0.7006347803039754,-0.1475317011763606,0.0958318691284635,-0.1623069037773371,0.0329709512709512,-0.1468640797111385,0.1119494307979602,8,8,7,4,7,7,7,7,7,3.0,8,5,9.0,11.0,8,5.0,2.0,7.0,8,8.0,6.0,7,4,1.0,7,9,4,7,4.0,6,5,6,3,5,5,9,6,8,5,5.0,8,6,6.0,8.0,5,4.0,3.0,7.0,10,5.0,7.0,6,7,7.0,6,6,9,3,5.0,5,4,5,2,3,5,7,4,6,5,2.0,8,1,4.0,8.0,4,1.0,1.0,6.0,7,4.0,3.0,5,3,0.0,3,6,4,2,2.0,4,0,0,0,0,0,0,0,0,0,0.0,0,0,0.0,0.0,0,0.0,0.0,0.0,0,0.0,0.0,0,0,0.0,0,0,0,0,0.0,0
58.5,-0.0939028990353771,0.8874364263376208,-1.8067185091028168,0.3136160815114434,1.0227652376507783,1.4533477679856637,0.627055126777928,-0.0210708932353304,0.5555832460508937,-0.5146595015419019,1.2102595430153105,-1.3151924468905447,0.3951975054957172,0.3887041194734581,0.0685929066449286,-0.3687453109058455,0.959231927687862,1.269749737507455,0.2992948177863507,-0.2627156937551617,-1.1551485962403791,-0.0518914162809132,-2.1604175107065178,-2.9936283493910305,-1.468818486423349,-0.1328591694096069,-1.752855226316503,-0.1909674112389005,-0.6804668352893851,-0.5990008991138575,-0.0123186138852546,0.1123795043535755,-0.2407165417915417,0.0507672521922522,0.1381970359705654,0.1894283836304733,0.1069369014886043,-0.0025255922096479,0.0865404970760234,-0.0865635650297415,0.2807122444548914,-0.2406025294966471,0.0531874309900626,0.0491122994136925,0.0073150834201918,-0.0785147075147075,0.1909098734598734,0.3296549509314215,0.0407647946827405,-0.0442922623128506,-0.1736054291082154,-0.0098347327509091,-0.3085863991100059,-0.4669512880909939,-0.2127702674346637,-0.0158129406970737,-0.1856624463513783,-0.0378395715395715,-0.1073513940308058,-0.1008829952727011,8,7,6,3,6,8,8,7,7,3.0,8,5,10.0,11.0,7,6.0,2.0,7.0,7,6.0,6.0,8,2,2.0,7,7,4,7,5.0,6,5,7,5,4,5,7,6,7,5,6.0,6,7,7.0,6.0,4,4.0,4.0,7.0,11,6.0,7.0,5,7,7.0,5,7,9,3,4.0,6,4,6,2,2,4,7,5,5,4,2.0,6,2,6.0,6.0,3,1.0,2.0,6.0,7,3.0,3.0,4,2,1.0,2,5,4,2,2.0,3,0,0,0,0,0,0,0,0,0,0.0,0,0,0.0,0.0,0,0.0,0.0,0.0,0,0.0,0.0,0,0,0.0,0,0,0,0,0.0,0
59.5,0.2751843198010949,0.3849894603960362,-2.3966067877590627,0.1744879506397678,-0.4004752969661989,1.5643858617440012,0.6338920937190708,-0.8299830466597969,0.0924292441516314,0.5005147235945627,1.5435083617326608,-0.1334641176373219,-0.2193758199159138,0.1421501278523237,0.1402654650705461,-0.0542167820416018,1.2234930655524627,1.063480985089716,-1.0707906128235956,-1.542475881535275,0.162947814313469,-0.0673749772992483,-2.6650135123188963,-2.2623191269783733,-0.422078171949226,-0.2426026544885679,-1.4458613353571557,-0.2498441975941137,0.088663890042534,0.5865946721385786,0.0360300542594661,0.0576601853341016,-0.333706202380351,0.0279986263736263,-0.0695987287222582,0.2267931254933577,0.1073673523243182,-0.0998732206733754,0.014082145795381,0.0840673354423354,0.3440410533910534,-0.0242818720495191,-0.0318083165200812,0.017134158961094,0.0159529625603156,-0.0120917748917749,0.2521025308025308,0.2650968858970407,-0.149384580666264,-0.2717485107857399,0.0222805882198295,-0.0121894664159368,-0.3560492022597286,-0.395949309024309,-0.056794652406417,-0.0300726184032684,-0.1640779424050322,-0.0491016566766566,0.0146907509157509,0.0913141413454108,9,7,5,3,4,7,9,7,7,3.0,7,6,8.0,11.0,8,7.0,2.0,8.0,6,4.0,7.0,8,2,4.0,9,7,5,7,6.0,6,4,6,6,4,4,6,7,7,4,6.0,5,7,7.0,5.0,5,2.0,4.0,9.0,10,7.0,8.0,5,8,5.0,4,7,8,5,3.0,7,4,5,2,2,2,6,6,4,3,3.0,5,4,5.0,5.0,4,1.0,2.0,7.0,5,2.0,5.0,4,2,1.0,3,5,4,3,2.0,5,0,0,0,0,0,0,0,0,0,0.0,0,0,0.0,0.0,0,0.0,0.0,0.0,0,0.0,0.0,0,0,0.0,0,0,0,0,0.0,0
60.5,0.6677640116425342,0.0456156056085172,-1.856700503409696,-0.3759718947275657,-1.2362141880458783,0.3617591085421547,0.3618843334736554,-1.3032808198509802,-0.7054665059575606,0.0787492984240631,0.4400571297991736,-1.0425499534055704,0.2192543438021367,-0.2811286924794051,0.5859647268631376,-1.0629278337086934,1.9014860858611875,1.026521096096219,-0.1422291653886773,-0.982949564389387,0.6881166739565957,-0.026924056039143,-3.3821445813210445,-1.3269489506056489,0.3354221725510563,-0.3173612286442102,-2.0303090255928766,-1.0098283770897911,0.6256016920082745,0.3819677220799653,0.0858555016878546,0.0069050765110362,-0.2654011918336222,-0.0567415728062786,-0.202742491985139,0.0500363963951425,0.0641104766750276,-0.1785539924557725,-0.1081469550057785,0.0118855278708219,0.0944588467088467,-0.1899589911206783,0.0327985271092855,-0.0371863953040424,0.0717905141985638,-0.2560973304473304,0.4178872655122655,0.2656756687756688,-0.0207463769957477,-0.1785711108379064,0.1083448348607017,-0.0047284204357733,-0.40736870509951,-0.2218237275796099,0.0456628236142941,-0.0413463462578013,-0.233568743245059,-0.2196067515817515,0.1061503996003995,0.0644359100222103,8,7,6,4,4,5,9,7,9,4.0,5,5,6.0,10.0,8,7.0,4.0,9.0,5,3.0,7.0,8,2,5.0,9,7,5,6,7.0,5,4,5,7,6,5,6,6,6,3,8.0,5,8,6.0,4.0,6,2.0,5.0,6.0,9,8.0,6.0,5,9,5.0,3,7,7,5,2.0,6,4,4,3,3,2,4,5,3,2,4.0,3,3,4.0,3.0,5,0.0,4.0,6.0,5,3.0,5.0,4,2,2.0,3,5,3,2,2.0,4,0,0,0,0,0,0,0,0,0,0.0,0,0,0.0,0.0,0,0.0,0.0,0.0,0,0.0,0.0,0,0,0.0,0,0,0,0,0.0,0
61.5,0.0674148885839107,-0.2025908912650297,-1.879414561844947,0.4618404744758223,-0.6068339949407946,0.2133717497172968,0.5600209232985607,-0.3495265249542762,-0.1899650791374162,0.4343983912211291,-0.4117611354789732,-1.139105048673701,-0.2346370313987065,-0.5100422872033378,1.2005611753261625,0.0415593442882472,1.2473490957461186,1.1822530835410032,-0.2753921870940377,-1.3288939157119632,0.3129556196443692,0.2516674798790191,-2.0739847132136013,0.6416079428989276,0.5669677547046311,0.1366257917259338,-3.047914868881253,-0.8941944530500816,0.0815873251919224,1.0801294122044662,0.0085485023060873,-0.0314566201772084,-0.2294676598341459,0.0671182665717496,-0.0961107877158961,0.0279535190471722,0.0971572738922583,-0.0484926041880375,-0.0317208432778091,0.0604014163339241,-0.0896729367038189,-0.1928820713428297,-0.0365350666103762,-0.0645314561255737,0.1539260542802945,0.0105311577311577,0.2787528123836947,0.2851069541569542,-0.0391818137572781,-0.2450774988771119,0.0463453771117083,0.0435345616801499,-0.2619184328571325,0.1019345641286817,0.0813133236045001,0.0166500439361121,-0.3196949251900491,-0.1761683435845201,0.0133309662559662,0.1863856497733431,8,7,5,6,4,5,9,7,9,5.0,5,5,5.0,8.0,10,7.0,6.0,7.0,4,3.0,7.0,7,3,7.0,9,7,6,6,7.0,7,6,4,7,7,6,6,6,6,4,9.0,5,8,6.0,3.0,7,4.0,6.0,4.0,8,9.0,8.0,5,9,5.0,4,8,8,7,3.0,7,5,3,3,5,3,4,5,4,3,5.0,2,3,3.0,2.0,7,2.0,5.0,4.0,4,3.0,6.0,4,3,4.0,4,6,3,3,2.0,6,0,0,0,0,0,0,0,0,0,0.0,0,0,0.0,0.0,0,0.0,0.0,0.0,0,0.0,0.0,0,0,0.0,0,0,0,0,0.0,0
62.5,0.5284761950417978,-0.5237166423945097,-2.25096032772985,-0.4826880573081615,-0.6970621576431194,-0.0845448058641414,0.5390698603165445,-1.3749821874797812,0.2145828197385501,0.702504301083595,-1.094804840388968,-1.0751212097797096,-0.8883359766517235,-1.2827870268078063,0.2303991169173784,0.8543806080295635,1.0443210960964386,0.9049405806622576,-0.9521502890030203,-1.2987480890815994,-0.0788995548098872,0.2388523533749293,-1.2644371644552257,0.9071155613704524,0.3850010259959936,-0.6903183172304354,-1.1255580913911214,-1.636504423873801,-0.3028987184768321,1.0372398608369813,0.0666678318155873,-0.0807010517260516,-0.3046291829687341,-0.0648016212459712,-0.1107508396831927,-0.0106448579456319,0.0958915809680516,-0.2023463922644263,0.0348094536784164,0.1097058098506241,-0.2513904628051686,-0.1875508996249708,-0.109644500477163,-0.1697345344284198,0.0265222528738816,0.2110077977577977,0.2362609387344681,0.1886036852036852,-0.1296212038821171,-0.2455940355310324,-0.0111778911913081,0.0430680729401317,-0.1540317300518539,0.1349012765012766,0.0531049627788792,-0.0883896431054325,-0.1203016571405889,-0.318484216600393,-0.0455158230658231,0.1874209283578478,7,7,5,6,5,5,6,7,9,5.0,4,4,4.0,6.0,12,7.0,8.0,5.0,3,3.0,6.0,7,4,8.0,7,7,8,4,7.0,6,6,5,6,9,6,7,4,7,5,8.0,5,8,7.0,5.0,8,6.0,7.0,3.0,8,9.0,10.0,5,10,5.0,5,6,8,7,2.0,6,5,3,2,5,3,4,3,3,4,5.0,1,3,3.0,2.0,8,4.0,6.0,2.0,3,3.0,6.0,4,4,5.0,4,4,5,2,1.0,5,0,0,0,0,0,0,0,0,0,0.0,0,0,0.0,0.0,0,0.0,0.0,0.0,0,0.0,0.0,0,0,0.0,0,0,0,0,0.0,0
63.5,-0.8906910815302935,0.6342362039541045,-0.2370725781145582,-1.1320466279142138,-0.8294700979242348,-0.3344922470162074,-0.3848616880934596,0.0337122625205616,-0.1463631703262227,-0.1793434554587694,-0.7347905308273432,-1.519296069280777,-0.760040535653628,-0.5304742373144015,0.4482293342738884,1.3800846372400857,0.8348839987544727,1.8684676416069383,-1.0265388977352328,-1.4630759122820831,0.6614425104084748,0.9673330677041612,-0.5128931190329385,1.2128893364667412,0.2280397673667119,0.4752031561508587,-0.1397049458886258,-1.640323540650487,-0.4124366907480202,2.426385218803826,-0.1153707847106453,0.0892632635338517,-0.032509008148714,-0.1525494088384954,-0.1207526904468081,-0.0367544228045775,-0.0682303505318211,0.0049096981707662,-0.0228866155086743,-0.0301384711693535,-0.1741759674965557,-0.2955411736955854,-0.1056325806116827,-0.0653877949879497,0.0515657079372371,0.3287836387468741,0.1882068989833695,0.3894957431457431,-0.1427703321704095,-0.2680033375723004,0.0937298991514162,0.1794037016904663,-0.0664488112334862,0.1880924235894824,0.0297152073159039,0.0670769886975769,-0.0144824013276024,-0.3040786206655401,-0.0662362026862026,0.4351399263533164,6,8,7,7,5,6,6,7,8,5.0,4,4,4.0,5.0,12,8.0,9.0,4.0,4,3.0,7.0,7,6,8.0,7,9,9,3,7.0,5,7,4,4,7,4,8,4,7,4,8.0,6,7,7.0,6.0,9,8.0,7.0,2.0,7,10.0,9.0,4,9,6.0,7,4,7,8,3.0,5,4,4,3,4,2,5,2,5,3,4.0,2,2,3.0,3.0,9,6.0,6.0,2.0,3,3.0,7.0,4,5,6.0,5,4,6,2,2.0,5,0,0,0,0,0,0,0,0,0,0.0,0,0,0.0,0.0,0,0.0,0.0,0.0,0,0.0,0.0,0,0,0.0,0,0,0,0,0.0,0
64.5,-0.4905143707490185,0.6396778263097709,0.485800452457254,-0.086975598717118,-0.1756324086823854,-0.4888707361440004,-1.0262517228160493,0.6376706746970447,-0.7395348039586697,-0.2160309932144347,-0.3793230781356447,-1.1991070798892378,0.6123842058318677,-0.8929488319578499,0.5932436679327853,1.3563322963341538,0.8495287444851286,-0.9542986874238352,0.821809609167499,-0.8431028738761519,0.025089377847022,0.97017649148514,-0.3778587453960984,0.8942561213881183,-0.0479286193677619,0.1475798094849505,-0.88635790209802,-2.062536584398784,-0.3707196580598058,1.5623964979927965,-0.065661086763254,0.0954236079280196,0.0666431568431568,-0.0114913893296245,-0.0254773518964696,-0.0530154858471422,-0.1749620231076113,0.0899175002929647,-0.115710693752412,-0.0407474553224553,-0.0883325279553607,-0.2437896717661424,0.0980431188866173,-0.114383496328233,0.0714614169583277,0.3480159383100559,0.1850205877198137,-0.1599334776334776,0.120615252033828,-0.1568294200123922,0.0032842573875923,0.167175059254471,-0.0533033314896317,0.1295627748154837,-0.0064074980574979,0.0194247008151807,-0.0925168932976209,-0.4116711280549515,-0.0557159050100227,0.2895817016317016,7,8,8,7,7,6,5,8,6,5.0,5,3,6.0,5.0,11,9.0,10.0,2.0,6,5.0,8.0,6,6,8.0,7,8,8,3,6.0,5,6,4,3,6,4,8,3,7,6,6.0,7,7,7.0,6.0,8,8.0,8.0,1.0,7,9.0,10.0,5,7,8.0,7,5,7,6,5.0,3,4,4,3,4,3,5,1,6,3,3.0,3,2,5.0,3.0,8,7.0,7.0,0.0,5,4.0,7.0,4,4,7.0,5,4,5,1,3.0,3,0,0,0,0,0,0,0,0,0,0.0,0,0,0.0,0.0,0,0.0,0.0,0.0,0,0.0,0.0,0,0,0.0,0,0,0,0,0.0,0
65.5,-0.7729648808086539,1.2148272809076797,0.7063392663599367,-0.0852063599378752,1.349075996626093,0.7009322427030568,0.6766321590522566,0.2331215440746581,0.595670436282784,-0.5290517388182819,0.1311196508021013,-0.0657057426487862,0.0655486680960569,-0.251685909830603,0.5048807355932934,1.3125831610565748,0.405850249994247,-1.3394025909509089,0.4557069070019359,-1.1234113700818875,0.3324394781836172,1.150983896691847,0.1164180693045658,1.142014706729889,-0.1351953729225687,0.2476500712554344,-1.0450132453355874,-0.9807216964596824,-0.1463250267182344,1.9304199807344304,-0.1019028956681432,0.1695530440577654,0.0891382506382506,-0.0098819283657517,0.1973775025627968,0.0714170179250909,0.1056182345947824,0.0299386724480108,0.0887686952796085,-0.1112169608169607,0.0310166003930709,-0.0146698752228163,0.0094249726709478,-0.0299986114161037,0.0567769599864397,0.3365351556939791,0.0930832053567347,-0.2768155844155844,0.0688037558846383,-0.2111373581097264,0.0429847367167464,0.2141435185729304,0.0172559456882985,0.1514479377605537,-0.0170323241000485,0.0344273789935554,-0.1091320728291317,-0.1906821869307163,-0.0217812071915012,0.3510326118326118,7,8,7,7,7,7,4,8,5,5.0,6,4,8.0,6.0,11,8.0,8.0,1.0,6,6.0,7.0,5,6,7.0,7,7,7,3,6.0,4,5,6,2,6,5,9,5,8,6,5.0,7,6,8.0,8.0,8,9.0,7.0,2.0,7,7.0,10.0,5,6,8.0,7,4,8,6,6.0,2,3,6,2,4,5,7,3,6,4,2.0,4,3,6.0,5.0,8,7.0,5.0,0.0,5,3.0,7.0,4,4,7.0,5,3,5,2,4.0,2,0,0,0,0,0,0,0,0,0,0.0,0,0,0.0,0.0,0,0.0,0.0,0.0,0,0.0,0.0,0,0,0.0,0,0,0,0,0.0,0
66.5,-0.530681358555904,0.1294729625733579,0.4632969963020751,0.7828875296263976,0.7699598282753675,0.7675039675476246,0.131685672656748,0.2893991573121089,0.2736983752358435,0.2802342144163976,0.6450777929133218,0.4798018884795046,0.5559357280802869,-0.5118152761592604,1.1568475576205135,0.7421849184296142,-0.1352913216595744,-1.7430360112473544,0.8742360023867264,-1.3541940403499866,0.3421222041358676,0.2485573737552895,0.84133477374382,0.3698403243924152,-0.1302987536628435,-0.2236930116769322,-0.8700078922803882,-0.5100730979966778,0.942239925187311,1.5999909324944528,-0.071876029362794,0.0186224285862056,0.0513085192585192,0.0879454940484353,0.1114168493271434,0.0896426012927561,0.0221205436118747,0.0411935618303265,0.0390581673916039,0.0571894827394827,0.1522381293285318,0.1035486147839088,0.0807826938283593,-0.0604415322742047,0.1344281134660795,0.1893281935384876,-0.031038772811296,-0.4356989454989455,0.1289112793982763,-0.231227903975969,0.0462056412425908,0.0437150966680377,0.1321802367567073,0.0507548880256311,-0.0165648318657606,-0.0302413080383668,-0.0944972446198452,-0.0917672301554655,0.127429431688023,0.2590360556110555,7,6,7,8,8,8,5,9,4,6.0,6,4,9.0,9.0,10,6.0,6.0,0.0,8,6.0,7.0,4,7,6.0,7,7,8,3,7.0,4,3,7,1,6,4,8,5,7,7,5.0,7,7,8.0,8.0,8,9.0,8.0,4.0,8,7.0,10.0,5,6,9.0,7,3,7,6,7.0,3,2,5,1,5,4,7,3,6,4,3.0,5,4,7.0,6.0,8,5.0,4.0,0.0,7,3.0,7.0,3,5,6.0,5,2,5,2,6.0,2,0,0,0,0,0,0,0,0,0,0.0,0,0,0.0,0.0,0,0.0,0.0,0.0,0,0.0,0.0,0,0,0.0,0,0,0,0,0.0,0
67.5,-0.5807389851672276,1.3603085391719698,0.188839277048027,-0.0278167274209672,0.6204174326324067,1.6236935081705344,0.148941968599629,0.3376986878184538,-0.8543524955723393,-0.3233059824117075,-0.000914834025333,0.8111203320413146,0.9894440094352492,0.085257663191967,1.7327380357290474,-0.1258864436828642,-0.0740959284194491,-0.921847479056476,0.8924894825589162,-0.2646209435642053,0.7792066896211061,-0.3851696983096669,0.6482088261240042,1.2390894910629884,-0.2894136742373374,-0.3929020921855866,-0.5784192147669925,-0.37338990532488,0.6317574072611186,-0.0549331316164062,-0.0796057249939602,0.1980715056271558,0.0214900377400377,-0.0036825475178416,0.0912199578199577,0.2041001315162306,0.0262890510933854,0.0485516814283069,-0.1251084511635595,-0.0731241536241535,-0.0002036801004293,0.1871179020326079,0.1355631916844765,0.0098375484232193,0.191866236943909,-0.033611821348586,-0.0169247296820828,-0.2461085414585414,0.1333121484466686,-0.0428419984813946,0.1117550924375125,-0.0631870426700922,0.1030435592185591,0.1749540609287513,-0.0381629895560237,-0.0547844795727148,-0.0576785953812269,-0.0722597485847486,0.0908825703192576,-0.009171595071595,8,6,8,9,8,8,6,8,4,6.0,6,4,10.0,10.0,8,5.0,4.0,1.0,8,8.0,8.0,4,8,7.0,9,8,7,4,6.0,4,3,7,1,5,3,8,6,6,7,4.0,8,6,8.0,8.0,7,8.0,7.0,6.0,8,8.0,10.0,6,4,8.0,6,4,7,5,7.0,2,2,6,1,4,3,8,4,5,3,2.0,4,4,8.0,7.0,7,3.0,3.0,1.0,7,5.0,8.0,3,4,7.0,5,3,5,2,5.0,1,0,0,0,0,0,0,0,0,0,0.0,0,0,0.0,0.0,0,0.0,0.0,0.0,0,0.0,0.0,0,0,0.0,0,0,0,0,0.0,0
68.5,0.2650014065360763,1.390881832795809,0.9153412070432624,0.877290641772032,0.7103361335917698,1.6086829808455032,0.419290538306816,0.1067343183559361,0.1437461341243235,-0.0287714663926429,-0.0164643839958303,0.5400808910984406,0.5001479547833797,0.4406690465594717,0.7155012716365499,-1.0809697989285627,0.5527860545178195,-1.3515094984468932,1.1843298351611744,0.793560784946864,0.4227244157916242,0.0785471333362321,1.0483513941721485,1.2440500364033051,0.2453972512343718,-0.3942683035244643,-1.0032566545760573,0.6433807266455542,0.3004226041257773,-0.3303685807943403,0.034672944539121,0.1962308715106703,0.129301454101454,0.1096698886596718,0.1154277306027306,0.2010704585919756,0.0747588904215839,0.0155101699384208,0.0206190851460202,-0.0070530969030968,-0.0039383262162674,0.1165417598741128,0.0749938865056512,0.0511669823640411,0.0780908051099228,-0.2809293872793872,0.1194405853949971,-0.3728983859277978,0.1648841848124356,0.1293654127692054,0.0626817263553363,0.0123340386050138,0.1648815008520892,0.1936268172230246,0.0380316016800538,-0.054609062677948,-0.1052660124103623,0.1257360778110778,0.0434695849128512,-0.053958658008658,9,6,7,8,8,8,8,8,4,5.0,6,4,10.0,10.0,7,4.0,4.0,2.0,7,10.0,9.0,4,8,7.0,8,9,7,5,7.0,5,3,7,3,7,3,8,6,5,7,4.0,7,7,6.0,8.0,6,7.0,7.0,7.0,8,8.0,10.0,7,5,8.0,5,5,8,5,7.0,2,3,6,3,6,3,8,5,4,4,2.0,4,4,6.0,7.0,5,1.0,4.0,1.0,7,7.0,8.0,4,5,7.0,4,4,5,3,5.0,1,0,0,0,0,0,0,0,0,0,0.0,0,0,0.0,0.0,0,0.0,0.0,0.0,0,0.0,0.0,0,0,0.0,0,0,0,0,0.0,0
69.5,-0.4967427951340765,1.063939382287547,0.1896937137697175,1.5592951282230452,-1.8070782778421857,1.598915326536824,1.333687106694368,0.0778914976541164,1.1208070168528967,-0.2223180810873514,-0.0776082319711404,0.2557317115312428,0.3096408759060995,-0.1332474590403772,1.2470260601379242,-1.580892332543014,0.1277014974887224,-0.8048726498436966,1.0133339605637302,0.7138921421965929,0.4380603044586713,0.0084279809846383,1.7571279109450098,1.529111460491046,-0.0671084163692011,0.7996710994102532,0.6703327179211026,0.0832054077708689,1.250551235993706,-0.9201579621342112,-0.0712926189823249,0.1424370455310084,0.0286967297408473,0.1877690999746727,-0.2270007603507603,0.2059859624637487,0.2230136790540041,0.0110290818486639,0.1663351601080601,-0.0539130536130537,-0.0179054638172286,0.0562431091784031,0.0441310542570605,-0.0155717860828542,0.1407692103196006,-0.4128904817404817,0.0273391551259198,-0.2203804693672341,0.1455310746529012,0.1258396115408498,0.0648224472832023,0.0013109581423048,0.2346708990527876,0.2482235264133871,-0.009080875170581,0.110571606171606,0.0683221448228412,0.015832745032745,0.1777542916234092,-0.1570189993013522,8,6,6,7,8,8,7,7,6,4.0,5,3,8.0,11.0,7,4.0,4.0,2.0,8,9.0,9.0,4,8,7.0,7,8,8,5,8.0,5,4,7,4,8,3,7,7,6,8,5.0,6,6,6.0,8.0,7,5.0,6.0,8.0,8,8.0,10.0,8,7,7.0,4,4,8,5,6.0,3,3,6,3,7,1,7,6,4,6,2.0,3,3,5.0,7.0,6,0.0,3.0,2.0,7,7.0,8.0,4,7,7.0,3,4,7,3,6.0,1,0,0,0,0,0,0,0,0,0,0.0,0,0,0.0,0.0,0,0.0,0.0,0.0,0,0.0,0.0,0,0,0.0,0,0,0,0,0.0,0
70.5,0.4046954070553863,0.7566871076940879,0.3026893798463398,1.2874597792350764,-1.01919509504353,1.1832382474007,0.365322801753525,0.4102922262362506,0.5367272100280365,-0.2533264023890032,0.45938513010583,0.2325985268897341,0.0688567350761491,-0.1322722426479343,0.1751163621715973,-0.8507279830888255,0.7723591489781093,0.043015548413007,-0.0827347519686006,0.8127658456367928,-0.7598308589144306,0.2162727922885938,0.3496815971059755,1.5232713989506157,0.2207634503110395,-0.2195556902481631,1.3633462151483078,0.3328511462946749,0.9737101838902986,-0.0364506122024847,0.0587324733058479,0.1147984647533408,0.041778786315164,0.1657987373995114,-0.1545109557109557,0.1568645236600344,0.0718035732413442,0.0609775681319025,0.0792999503315966,-0.0555476273726274,0.0971331882170116,0.048731474081474,0.0099806064936095,-0.0165592904773245,0.0219326102887854,-0.2004943056943057,0.168394612087259,0.0112627178806746,-0.0118127433024491,0.1437599117428838,-0.1104833891105528,0.0350690196370536,0.0451660723779145,0.2303336832929712,0.0321500713338948,-0.0279540595197717,0.1597885362057963,0.0676013597513597,0.1361743801691943,-0.0061225912975912,7,6,5,8,8,8,6,7,7,4.0,6,2,7.0,8.0,7,4.0,5.0,4.0,7,8.0,8.0,4,8,8.0,7,9,9,6,8.0,6,6,6,6,7,2,6,6,5,8,5.0,6,5,7.0,7.0,7,5.0,6.0,9.0,7,10.0,10.0,7,8,8.0,4,6,7,4,7.0,3,5,5,4,6,1,6,4,4,6,2.0,4,2,5.0,5.0,5,1.0,4.0,4.0,5,8.0,6.0,4,6,8.0,3,5,7,3,6.0,2,0,0,0,0,0,0,0,0,0,0.0,0,0,0.0,0.0,0,0.0,0.0,0.0,0,0.0,0.0,0,0,0.0,0,0,0,0,0.0,0
71.5,0.597879052037035,1.6637386401772325,0.4226455402822417,0.7430251742715431,-0.3112833706601672,0.5387233666640809,0.5708025786169215,-0.3966662726667019,0.6947692909453597,-1.279585202573756,0.3657959735070965,-0.0865549852533593,0.4225519857298636,0.9777256103865988,0.541530248961538,-0.0200098309630847,1.1837534341813012,0.5494638468789248,-0.4166681760535781,0.514462752026519,-0.2613224209437522,1.0621782825467458,0.418554116244431,0.3192764375640678,-0.2811376287370297,0.1371668226794382,1.7709110741220635,0.0342214061313382,-0.1366213132407266,-0.0612384987709622,0.0823499800852741,0.2168763180747701,0.054338796901413,0.1051584571603148,-0.047533442048148,0.0585918310963202,0.1140567911190976,-0.0641947829002783,0.1039102881552571,-0.2694110445110446,0.0790272248992836,-0.0195807692307692,0.0601613265819148,0.1256601265607457,0.0643024167181288,-0.0048745032745032,0.2701527417027416,0.1444687348599114,-0.052613238919663,0.0937205885273996,-0.0373010133324744,0.1624618816597917,0.0538175240909761,0.0483903598293691,-0.0447569892525774,0.0180368102485749,0.2067696966518173,0.0067140942390943,-0.021491240295652,-0.0092603863456804,7,7,5,7,8,9,5,6,8,3.0,6,2,6.0,7.0,7,5.0,7.0,5.0,7,9.0,9.0,6,7,7.0,7,8,8,6,6.0,6,7,7,7,7,4,7,6,5,7,5.0,6,3,7.0,6.0,8,5.0,4.0,8.0,8,10.0,10.0,8,10,8.0,3,6,7,5,6.0,4,6,7,5,5,3,6,4,3,6,1.0,4,1,5.0,5.0,6,2.0,4.0,5.0,5,8.0,7.0,6,6,6.0,2,5,7,3,4.0,2,0,0,0,0,0,0,0,0,0,0.0,0,0,0.0,0.0,0,0.0,0.0,0.0,0,0.0,0.0,0,0,0.0,0,0,0,0,0.0,0
72.5,0.7802096076463957,1.105901948033701,0.0757527488530398,1.4014326561347406,-0.128543926172496,-0.7017543766566388,-0.2177473125646024,-1.0340789603401384,1.6681063900696012,-2.7159880262014995,1.468526214062771,0.6944291989458142,0.5894363818917621,-0.0546768135576078,-0.6274756393141195,1.0377828941942742,0.2837558865769768,0.4553538143600694,-0.2386843017225809,0.224519403119129,-1.025867743256576,1.1908686485840252,0.3947592135666034,1.008874056138432,-0.279384941164417,-0.7068151185854517,0.5700903805412292,0.418319101814259,-0.7552617248431494,0.80052022337021,0.0997190791836302,0.1494864926525143,0.0091348258208939,0.1720878845870332,-0.0166489931808817,-0.0864650033231301,-0.0449029507815885,-0.1577270458815349,0.2440859172647098,-0.5588877011877011,0.3205597398645387,0.1452045954045953,0.0893395657404171,-0.0066051531286052,-0.0718555493167486,0.2758440725940726,0.0663472971472972,0.1185150075414781,-0.0340345035941012,0.0434231470284102,-0.145305386246021,0.2113869569972513,0.0520335311403423,0.1504884770286472,-0.0437862113376819,-0.0825588646819297,0.0684864504604443,0.0829163669663669,-0.1143117451519927,0.1327023210449681,7,8,5,8,9,7,5,6,9,2.0,7,3,6.0,5.0,9,5.0,10.0,7.0,8,8.0,7.0,6,6,7.0,8,8,7,7,6.0,6,7,7,8,7,6,6,6,6,7,5.0,7,4,7.0,5.0,8,4.0,3.0,7.0,7,10.0,9.0,7,10,8.0,4,7,6,4,7.0,4,6,7,5,6,5,4,3,3,7,0.0,6,2,5.0,3.0,6,3.0,3.0,5.0,5,7.0,5.0,6,6,7.0,3,5,5,3,4.0,3,0,0,0,0,0,0,0,0,0,0.0,0,0,0.0,0.0,0,0.0,0.0,0.0,0,0.0,0.0,0,0,0.0,0,0,0,0,0.0,0
73.5,0.2770922518243425,0.9274941899684834,0.607587634067842,-0.0958706258874843,-0.149144447717506,-0.6154658560705925,-0.7920993243448446,-0.6766408420311705,1.3951853248946129,-2.561202099923261,1.4697775191366107,-0.3131265243036,1.050998763470644,-0.5773027849282629,0.0130977830624057,0.8805144997443578,0.2461157617922978,0.7433948087249317,-0.5294123744779978,0.3332810448570622,-1.4040371606208653,1.1810152856325318,-0.5825515362309549,0.2127745914995489,0.2661739136927828,0.1642455129227087,0.4704428619987074,0.4685324453885899,-0.2241535636367322,0.1793064255333421,0.0374119044526165,0.1285949342625039,0.0753472297740101,-0.013204456766144,-0.0169827765371883,-0.0829867195669826,-0.1624918369212487,-0.0944436070723222,0.2037880930902601,-0.5194096486846487,0.3428644607026961,-0.0696392662892663,0.1456310000860478,-0.0707633497221732,0.0014863376802076,0.2330856976356975,0.0563601287601288,0.1769502358752359,-0.0764042630056562,0.0643815592817915,-0.1918073871690746,0.1893797014904599,-0.0712490706232192,0.0326629458776518,0.0404535464449551,0.0199377242296747,0.0606637609208816,0.0818850260850261,-0.0332904495487312,0.0279157280627868,7,7,5,6,8,7,5,6,8,2.0,7,2,7.0,5.0,11,4.0,9.0,7.0,7,10.0,5.0,7,5,7.0,7,6,8,7,5.0,5,6,7,7,7,8,6,5,7,6,5.0,6,4,9.0,6.0,9,5.0,2.0,7.0,8,10.0,9.0,8,10,7.0,5,7,6,4,7.0,5,5,6,5,4,6,4,2,4,6,0.0,6,1,7.0,3.0,8,3.0,2.0,5.0,5,8.0,4.0,7,5,5.0,4,5,5,3,4.0,3,0,0,0,0,0,0,0,0,0,0.0,0,0,0.0,0.0,0,0.0,0.0,0.0,0,0.0,0.0,0,0,0.0,0,0,0,0,0.0,0
74.5,0.5133255584130911,0.9837623214256258,0.9600220609279272,-1.6379825253627194,2.058888699738759,-1.2285448649560071,0.1436788124363076,-0.8528708266234021,0.6093736618619918,-2.468087894459004,1.767494102032851,-0.7437013041507501,1.4479496875591131,0.0243011606295665,-1.1955619352576852,0.7735332803631217,0.3348711535730415,1.1214011371002246,-0.8741242923752746,0.3425399884927637,-1.918851789721197,1.3675772152567789,-0.1579056803984946,0.5575289852482831,-0.0973631819333644,0.2743858845749691,0.2754904235857682,0.9945426066731424,-0.1994662363305251,-0.5087305367166823,0.0656363133598427,0.1356976479059296,0.119264478907745,-0.2261929690880154,0.255376204600353,-0.156599517982877,0.0273089092022527,-0.1196670565244868,0.0892046682333834,-0.5029180097680098,0.3986053056162963,-0.1841652125652126,0.2135243852631119,0.0031052868442186,-0.1334133042982653,0.2043203796203795,0.0632781385281385,0.2687852425352426,-0.1272053752147405,0.0653743447900568,-0.2667790390895654,0.2042079372296089,-0.0210597077930668,0.0878755174563998,-0.013692727052789,0.0336517419886616,0.0360648975293712,0.1743280497280496,-0.0300942503403029,-0.0785103684499195,6,8,7,6,7,6,6,6,7,3.0,8,3,8.0,5.0,11,3.0,9.0,8.0,5,10.0,4.0,7,5,8.0,8,6,8,6,5.0,5,7,6,7,7,7,7,5,6,6,5.0,8,4,9.0,5.0,8,6.0,1.0,5.0,8,10.0,8.0,8,9,6.0,5,7,6,2,7.0,6,5,6,6,3,7,4,3,3,5,0.0,8,1,8.0,3.0,6,3.0,1.0,5.0,4,8.0,3.0,7,5,5.0,4,5,5,2,4.0,3,0,0,0,0,0,0,0,0,0,0.0,0,0,0.0,0.0,0,0.0,0.0,0.0,0,0.0,0.0,0,0,0.0,0,0,0,0,0.0,0
75.5,1.641631474879933,1.1358125814381117,1.5799138656026444,-0.863759255224036,1.2205357672983344,-1.0097222961908474,0.5606470664105939,-0.1263824568281811,1.0454207249322938,-1.554930664982089,1.6872290514587571,-0.5139523215936092,1.86706828932031,0.3234631811464624,-0.3470883116042663,1.0665674287055626,,0.2815923824939799,-0.6916158470957015,0.8062652113403699,-1.2384886221161964,1.6659378672343916,-1.555495427682038,0.010707374998711,-1.0084636265940403,0.5019288325844019,0.5697240258909776,1.4093475277258585,-0.6273166986890516,-0.3805466539199851,0.2124003339024236,0.1562616284042755,0.227874176459935,-0.1124132835087169,0.1478563931338699,-0.1082143259972107,0.0996261795909627,-0.0182871997369674,0.1538199987233268,-0.2944166638916637,0.3940229218493924,-0.1291555860805859,0.2844441608786811,0.0425424682644496,-0.0373799002159951,0.2865435619935619,0.0,0.0620237540237539,-0.093476295170258,0.1524419634201367,-0.180666491162776,0.2535174714947935,-0.2149473840057432,0.0017420801420802,-0.139085740085508,0.0668155019644958,0.0724395687559774,0.2465623487623487,-0.0944114825405073,-0.0500029319407803,7,8,7,5,7,6,6,7,6,3.0,7,4,8.0,7.0,12,2.0,8.0,6.0,5,11.0,4.0,8,4,8.0,7,7,8,5,5.0,4,6,5,6,8,7,9,6,6,6,5.0,7,5,8.0,7.0,8,4.0,0.0,5.0,8,10.0,7.0,8,8,5.0,5,6,7,2,6.0,8,6,5,6,4,6,5,4,4,5,1.0,7,2,8.0,5.0,7,2.0,0.0,3.0,4,9.0,3.0,8,3,4.0,3,5,6,2,3.0,4,0,0,0,0,0,0,0,0,0,0.0,0,0,0.0,0.0,0,0.0,0.0,0.0,0,0.0,0.0,0,0,0.0,0,0,0,0,0.0,0
76.5,1.559909311513916,0.6363830343619802,1.8657221924591847,-1.1746814549479412,1.7793360320984115,-2.499948602575038,0.5538765939107705,-0.0965646882671417,0.9448855067049649,-0.2184487536048876,1.4283721262643914,-0.0537733949632715,1.4600425106389845,-0.6711835642420292,-0.2881882695629667,0.0630672448720405,,0.123393214123943,-0.7724588471779352,1.238574713957587,-0.9897209649752462,1.084077452048546,-1.3442140906434248,-0.5598271524809743,-0.2130203380455611,0.3873985302857368,0.4560320008545274,1.338329461885364,0.0719031830145724,-1.1574541840485342,0.1969706078321403,0.0922269266681031,0.2634957262208036,-0.1278432650253084,0.1921607814871746,-0.2969816609517074,0.0997965893411714,-0.0134934538114103,0.1431189755806629,-0.042502886002886,0.3269417013155403,-0.0128770228137875,0.2263271253170634,-0.082266727514271,-0.030828958933485,0.01589666999667,0.0,0.025350555000555,-0.0992458209403256,0.2241985975153158,-0.1422943504294124,0.1759717544753147,-0.1902147534955585,-0.0872759905127551,-0.0267333675698226,0.0507491561328249,0.0549075395364869,0.2113235930735931,0.0130978521478519,-0.1655135709577659,7,8,7,5,6,5,7,7,7,4.0,7,4,9.0,7.0,11,1.0,7.0,7.0,5,10.0,4.0,8,5,8.0,6,8,8,4,7.0,4,6,4,6,9,7,8,5,6,6,5.0,8,6,8.0,8.0,7,4.0,0.0,3.0,8,9.0,7.0,6,7,5.0,6,6,7,1,4.0,8,6,4,6,4,6,3,4,4,5,2.0,7,3,8.0,5.0,6,1.0,0.0,2.0,4,9.0,3.0,6,3,3.0,4,5,6,1,3.0,3,0,0,0,0,0,0,0,0,0,0.0,0,0,0.0,0.0,0,0.0,0.0,0.0,0,0.0,0.0,0,0,0.0,0,0,0,0,0.0,0
77.5,1.7781481990096155,-0.3874125866739951,1.3190854386878432,-0.929888259194974,1.0964512672868307,-1.1702144015532965,1.056519931464229,0.4500579534280889,0.2665507883467058,0.6237995421739638,0.9953010212072644,-0.1418729881501279,1.2606845563335778,0.0546525002806382,0.1199240565235225,-1.4673667865129791,,-0.4558875417976201,-1.789435867063783,0.6892337930349668,-0.7932765359362959,1.2138706065175762,-0.336938074408714,-0.6033135680905936,-0.2690957469869888,0.5697317712776343,0.9059913343605804,1.1795722090955252,0.4715597609785723,-1.888550908682231,0.223401832653071,-0.0541550374462138,0.1864998764307588,-0.108429024724845,0.1193561436241777,-0.1263744796311359,0.1876250458090241,0.0695569091039679,0.0398102278784167,0.1209973914973915,0.2175118884039937,-0.031759806206865,0.2008060112230391,0.0062625729533624,0.013024860848683,-0.3832523809523809,0.0,-0.0848302308802309,-0.2473333950191535,0.1243855640145886,-0.1077369356134061,0.1920974869987253,-0.0520000021220607,-0.1080779663147308,-0.0368363628201863,0.0741204803108828,0.1098576489901567,0.2033087301587302,0.0878459873459873,-0.2448154206463433,7,8,7,5,5,5,7,7,8,4.0,5,5,7.0,10.0,10,1.0,5.0,8.0,5,10.0,5.0,8,7,7.0,5,9,9,4,8.0,4,7,4,5,8,7,8,6,5,6,5.0,8,6,7.0,8.0,7,4.0,0.0,2.0,8,9.0,8.0,6,6,5.0,5,5,7,1,3.0,9,7,3,5,4,5,4,5,4,5,3.0,5,3,6.0,7.0,6,0.0,0.0,1.0,3,8.0,4.0,6,4,3.0,3,5,7,1,3.0,3,0,0,0,0,0,0,0,0,0,0.0,0,0,0.0,0.0,0,0.0,0.0,0.0,0,0.0,0.0,0,0,0.0,0,0,0,0,0.0,0
78.5,1.8492920308967076,0.8144251729954711,0.5614320676536049,0.0854563715943384,-0.5306505872673088,-1.2424529112331302,1.2327139881871192,0.2547012300721452,0.8765752583338633,1.28621662880297,1.082761993007045,0.9797468153905048,0.485647769488197,1.297166439563341,-0.1136949640171862,-0.4765053630078693,,0.1974412360093138,-0.3516467798283956,0.6715565114937984,0.6612994691238913,0.2950964535403574,-0.1984386242827184,0.1663487563375778,-1.104428833088288,0.5946607877328899,0.4364229162598123,1.705279895595779,0.4702493779417125,-0.8343541661223667,0.2228656343570431,0.1121339844795726,0.0795961909006027,0.0110298145181272,-0.062487572111411,-0.1517068791030091,0.2150906786969481,0.0383426892251196,0.1293821288618502,0.2516974969474971,0.2378026009680035,0.2040864222378928,0.0665487869715424,0.1460978083234274,-0.012561831357497,-0.1206726551226551,0.0,0.0394527694527694,-0.0504520646020646,0.1217370986254886,0.0918747580249128,0.0519228387625446,-0.02868398709134,0.0268473578708873,-0.1568361948509007,0.0757305258896591,0.0534307820232742,0.3029640692640692,0.0814207681207681,-0.1165572796731095,7,8,6,6,6,4,6,6,8,5.0,5,6,5.0,10.0,9,2.0,4.0,8.0,7,10.0,7.0,7,8,7.0,6,8,8,3,8.0,5,7,4,5,7,7,7,6,6,7,5.0,7,6,6.0,8.0,6,5.0,0.0,3.0,8,9.0,8.0,5,5,7.0,4,6,7,1,2.0,9,7,4,4,5,4,3,5,4,6,4.0,5,5,4.0,8.0,5,1.0,0.0,2.0,5,8.0,6.0,4,4,5.0,2,5,6,1,2.0,4,0,0,0,0,0,0,0,0,0,0.0,0,0,0.0,0.0,0,0.0,0.0,0.0,0,0.0,0.0,0,0,0.0,0,0,0,0,0.0,0
79.5,0.5432581925973704,1.1223832497463349,1.2883401018668,0.9172641551291306,-0.0666065017865108,-1.3693492114390988,1.1195450347753482,0.167649103616632,1.2818501964283042,1.2543109333375708,0.230246378692133,1.466940635048804,-0.4420058292831626,0.6542442539713867,0.2352973235776527,0.0060230296498708,,0.4542158155601091,0.3755122477422675,0.4624319650317968,0.6559064895067246,0.1640629558212427,0.1838426958702334,0.5960024649119963,0.3309644999309174,0.8380608603125315,0.4774078929469075,1.659412157224871,-0.2772423686719094,0.067628751339005,0.071873167553121,0.170599393631824,0.1840833405156934,0.121008333453612,-0.0076504582706594,-0.1405297746629016,0.1912585700762945,0.0227425572102177,0.1888909876243467,0.2333889674051439,0.0499058795779383,0.2848872136033901,-0.0635243153045785,0.0799336565137649,0.0270187347239441,0.0014594544344544,0.0,0.0936519980019979,0.0512927310249761,0.0847213301404476,0.0905283301493827,0.0307198806095864,0.0283361777111776,0.0903908067250947,0.0461754397563221,0.1047359379354735,0.056971495669793,0.332358003108003,-0.0399613109113109,0.0100513148959744,8,8,4,8,6,6,6,6,8,5.0,3,6,5.0,11.0,9,3.0,3.0,8.0,8,8.0,8.0,8,7,7.0,6,9,7,4,7.0,6,7,5,4,8,8,8,5,8,6,7.0,7,7,6.0,7.0,7,7.0,0.0,4.0,9,9.0,9.0,4,4,8.0,4,6,6,2,2.0,8,6,5,3,7,5,4,4,5,6,5.0,3,6,3.0,7.0,6,2.0,0.0,3.0,7,7.0,7.0,3,3,6.0,3,6,5,2,1.0,5,0,0,0,0,0,0,0,0,0,0.0,0,0,0.0,0.0,0,0.0,0.0,0.0,0,0.0,0.0,0,0,0.0,0,0,0,0,0.0,0
80.5,0.3791402333939909,0.4627230041561737,0.678758129355302,0.9792590418473984,-0.219250422588705,-1.2403390382662125,1.3884301569794613,-1.2731490002086892,0.7212157728976799,1.6236326873771505,0.5532276562975741,0.9682744654912327,-0.2037730049771694,0.0839138099525286,0.6494917122584425,-0.5302690769868698,0.6675424587168063,0.6496961987745231,0.6267055757124749,-0.5952424631192643,0.7155995212140329,-0.2295509278726945,0.8438499679451705,0.3801697725099476,0.2696113450682795,0.0316731618774023,0.7184785137491176,1.861036453397572,-0.5512872299848407,-0.4098431794005935,0.0506266067523808,0.0661001346348869,0.1002314546564546,0.1271022679418963,-0.0265662034044387,-0.1267245130686307,0.2465599944173472,-0.1813225519062979,0.1096736326109391,0.2853695716048657,0.1272994650774062,0.1848773295332119,-0.0331214601446026,0.0090887663162431,0.0739429676831446,-0.1349315752874577,0.1349264901764902,0.1569682706182706,0.0867365651753758,-0.1085222710468066,0.0956349208582953,-0.0414975774225773,0.1316944666444666,0.0608323334302436,0.036482063361475,0.0036557706225662,0.0879283768519062,0.4153026529026529,-0.0904267343767344,-0.0679167095890005,7,9,4,7,6,6,6,5,9,6.0,3,7,4.0,10.0,9,4.0,3.0,9.0,10,6.0,7.0,7,7,7.0,7,9,6,4,6.0,6,6,6,3,8,7,8,3,7,5,7.0,6,7,6.0,7.0,8,8.0,2.0,4.0,9,10.0,9.0,3,3,8.0,4,7,5,3,2.0,7,5,6,2,7,4,4,3,3,5,6.0,3,6,3.0,6.0,7,2.0,1.0,4.0,8,5.0,7.0,2,3,6.0,3,6,4,3,1.0,4,0,0,0,0,0,0,0,0,0,0.0,0,0,0.0,0.0,0,0.0,0.0,0.0,0,0.0,0.0,0,0,0.0,0,0,0,0,0.0,0
81.5,0.4900741219668808,0.8932526037211326,0.6679174746944204,0.8860161110793607,0.3581577847026242,-0.4500305380334631,1.55023641928236,-0.679213723702232,-0.0194449730659663,1.177941915989571,0.8782239524602927,0.9717442210796,-0.4691219250091227,-0.1039074957889329,1.463391882398002,-0.5965867252167888,1.56675651657444,0.2248887544692395,1.0102526229154387,-1.1570204397947736,0.4090872249929221,0.476110498014324,0.2019826785692718,1.4615201208906874,1.216722744498385,0.3439537955420558,0.8442921042476026,1.275086697072099,0.3994124947337346,-1.1265696713090394,0.0622801734900806,0.126001892010638,0.0989552974802974,0.1177220362626708,0.0475092017459664,-0.0497841858519876,0.2568230325230325,-0.0926570917001964,-0.0028490584836559,0.218275172050172,0.2019233211233211,0.1831922676996206,-0.0749223211686833,-0.0117455539214826,0.174983565831799,-0.1490098788466435,0.3436875735375735,0.0588589327339327,0.1354308983574866,-0.2126789686319873,0.0544586076794684,0.0883139528771881,0.0308557886557887,0.222152228395959,0.1763380302703833,0.040361886668543,0.1095358579329167,0.282826578976579,0.0752565651668593,-0.1859033766972621,7,8,4,8,7,7,5,5,7,5.0,2,7,3.0,9.0,9,4.0,4.0,7.0,9,5.0,7.0,6,5,8.0,7,8,5,6,6.0,6,5,6,3,8,6,8,2,8,6,7.0,4,7,7.0,6.0,8,9.0,4.0,6.0,9,10.0,10.0,4,3,9.0,4,7,4,4,4.0,7,4,6,2,7,4,5,2,4,4,5.0,2,6,3.0,5.0,8,2.0,3.0,4.0,8,4.0,7.0,3,2,8.0,4,6,3,4,3.0,3,0,0,0,0,0,0,0,0,0,0.0,0,0,0.0,0.0,0,0.0,0.0,0.0,0,0.0,0.0,0,0,0.0,0,0,0,0,0.0,0
82.5,0.1579275141635383,0.8477264755187186,0.7434553796672605,1.3693929734088286,1.2805499220274583,0.4966192102771693,1.542297537291008,-0.6112085538840415,-0.1862119915304083,1.4113391898714254,0.8972541542666357,0.3778635427994136,-0.4204564226036627,-0.3922029393929909,0.682816978261977,-0.1332123501528307,1.011446550650272,0.3227957579264403,0.9623157917752736,-1.0717594812260514,-0.039819920713242,-0.1463214880392497,-0.5054733132824287,1.7108492651297045,0.9109150228588048,0.3397442652478328,1.5993442366051462,1.1509946873319072,0.5978550657010607,-0.055289304593764,0.0216107049812933,0.1262052365676979,0.1032490204240203,0.1933269867645254,0.1417789316033124,0.0499983704435885,0.2538493561993561,-0.0852188187211002,-0.0283765266123625,0.2758800261829673,0.190658984969279,0.0707767631061748,-0.0642111335430996,-0.0469880416968652,0.0768918190408027,-0.0323229895749245,0.2258465909907085,0.0890306466409407,0.1261870757982985,-0.1904844799679165,-0.0058498038425283,-0.0240340775237835,-0.0776072316572317,0.2489953311222661,0.1211972244559705,0.040171944575892,0.2158827332797921,0.2227912399691812,0.1055909962586434,-0.0100965213149423,6,8,4,8,8,8,5,5,8,5.0,3,7,4.0,8.0,9,4.0,5.0,6.0,8,4.0,8.0,6,5,8.0,7,8,5,6,6.0,7,4,6,3,7,6,9,2,8,4,6.0,6,7,8.0,7.0,8,10.0,6.0,8.0,8,10.0,8.0,5,4,8.0,6,7,5,6,5.0,6,3,6,2,7,5,7,2,4,3,5.0,3,5,4.0,5.0,7,3.0,4.0,5.0,7,4.0,6.0,3,2,8.0,5,6,4,5,4.0,4,0,0,0,0,0,0,0,0,0,0.0,0,0,0.0,0.0,0,0.0,0.0,0.0,0,0.0,0.0,0,0,0.0,0,0,0,0,0.0,0
83.5,-0.5537936631680355,0.1269675542592549,1.9265909154469272,1.404634727342292,1.14228773282266,-0.0267401203518768,1.3955206963453028,-0.3485007097861808,-0.7412323248817316,1.0432837082078803,0.9868726406232518,0.436748456720892,0.3126800021306998,-1.2279120995998691,0.8834420998005927,-0.6105577973011933,1.2796924372069782,-0.0850131255234563,0.7411250214060947,-1.0305047868104,0.8927769852097454,0.7246759912235883,-0.7295584408327975,0.6553707731324865,0.4837636553193116,1.2077805965517594,1.254161814577092,0.9980845956155096,0.8549820439018364,0.6029864830629413,-0.0739718766527589,0.0197468623911348,0.2773306249306249,0.2134452087128557,0.1434640011261529,-0.0023253171582757,0.2592865023865023,-0.0476799147275154,-0.1054049894549894,0.1887146278558042,0.2265786047286048,0.0913640970140969,0.0469449428452525,-0.1534739799434947,0.0935040275035833,-0.1463357017681321,0.289641029369667,-0.0237913794667663,0.09695341797865,-0.1863262638204589,0.134421980350231,0.1250521710315827,-0.1188173937173937,0.0989909552092215,0.0609659689811392,0.1438507245592384,0.1545687591819945,0.2047910507792861,0.141702324988393,0.1087880692836575,7,8,5,7,8,8,5,5,7,5.0,3,7,6.0,6.0,10,3.0,6.0,4.0,9,4.0,7.0,5,5,6.0,6,7,5,6,6.0,7,3,6,3,6,6,10,2,7,2,7.0,5,5,7.0,8.0,7,10.0,8.0,9.0,8,10.0,7.0,4,4,8.0,7,7,5,6,6.0,5,2,5,3,6,5,7,2,4,1,5.0,3,4,5.0,4.0,7,2.0,6.0,4.0,7,4.0,6.0,3,2,6.0,5,6,4,5,5.0,4,0,0,0,0,0,0,0,0,0,0.0,0,0,0.0,0.0,0,0.0,0.0,0.0,0,0.0,0.0,0,0,0.0,0,0,0,0,0.0,0
84.5,0.6080395840264162,-0.1609588347833392,1.069160665793216,1.1615602240900007,1.3805985438035446,1.2550761808905966,1.3054555881208516,-0.0103693298281984,-0.5391087486294265,1.1098228395414504,1.664193783761699,1.007143726599121,-0.0607686685617955,-1.4649387178087176,0.6980879248956569,-1.1487181124288175,1.2122527231770563,-0.5364526056389759,-0.4662686873400326,-1.1044734383824637,0.9940893282275086,0.3911195281442533,-0.6123753383334014,-0.0606116817007423,-0.6092107882052059,0.6876866350185448,0.7053938130108836,1.1266947711608188,0.9125897080245452,-0.7679605371980074,0.0777261777438247,-0.0220977725834538,0.1560679541047188,0.175682289279348,0.1567451408154968,0.1104177930099992,0.2487341193120604,-0.0015736796657075,-0.0811301980699039,0.20543213828655,0.3950305527805527,0.2166877733377733,-0.0097517977808225,-0.183191451728526,0.0729318241270252,-0.2882338160205807,0.2737457736621822,-0.1458951325248538,-0.0620333267867323,-0.1999332904281821,0.1562165621186519,0.0715871279047749,-0.0929427830339594,-0.0096603032588327,-0.0835705804687227,0.0878186626754737,0.0884547824724295,0.2149015910560027,0.1424836844528022,-0.1384288376656022,8,7,7,6,8,8,6,6,8,5.0,4,7,7.0,6.0,10,2.0,8.0,3.0,8,5.0,7.0,4,6,4.0,6,7,7,7,6.0,6,3,7,4,6,7,10,3,6,2,7.0,5,4,6.0,8.0,6,9.0,10.0,10.0,7,9.0,6.0,5,5,7.0,7,6,6,7,6.0,4,3,5,4,5,6,8,3,4,1,5.0,4,4,4.0,4.0,6,1.0,8.0,3.0,5,4.0,5.0,3,3,4.0,4,5,5,6,5.0,2,0,0,0,0,0,0,0,0,0,0.0,0,0,0.0,0.0,0,0.0,0.0,0.0,0,0.0,0.0,0,0,0.0,0,0,0,0,0.0,0
85.5,0.7895024823975858,-0.1201477260421482,1.4684379609927904,1.009761831201546,0.9405056801891928,1.9141337817904092,1.4996214958805425,0.8922391035174949,-0.1522654292249078,-0.6612394930188081,1.5021574195381746,1.2264117675350408,0.3694470128835314,-0.5779010448875787,-0.0334783784697927,-0.9516484629103144,1.3766694560270765,-0.6072644969451002,-0.4488842004295695,0.0005849765070991,1.405959623167661,1.1031331965258258,-1.3586517932112474,-0.8338696156371429,-1.9119834752380351,1.4247952247441025,-0.184660055451781,0.5337165223177615,1.1163767132123044,-0.0106455453008181,0.0941218448218447,-0.0169357679300403,0.2219493654865946,0.164973042643631,0.09656220225423,0.1674624813069252,0.2932737026045849,0.1372629082304004,-0.0240182709447415,-0.1211343775505541,0.3632514730367672,0.2296449661449661,0.0470227886492592,-0.0765041778486691,-0.0038992623991075,-0.2455399497561262,0.3127058732203469,-0.1665057800644488,-0.0618208084485173,0.0001096526796217,0.1894492788257495,0.1790809810416622,-0.2059165811312869,-0.1383661576985105,-0.2496207879839458,0.190699419087964,-0.0202290021811694,0.1002234489366842,0.1790678919120095,-0.0018916944166944,7,8,7,6,8,9,6,6,7,6.0,4,6,8.0,6.0,10,1.0,8.0,4.0,9,7.0,8.0,4,6,4.0,6,7,8,6,8.0,6,2,6,6,6,9,10,4,5,3,6.0,5,5,6.0,9.0,6,8.0,9.0,9.0,8,9.0,5.0,6,6,7.0,7,5,8,7,5.0,3,2,5,6,5,7,9,4,4,2,3.0,4,4,5.0,5.0,5,1.0,8.0,3.0,6,6.0,5.0,4,3,3.0,3,5,6,5,5.0,2,0,0,0,0,0,0,0,0,0,0.0,0,0,0.0,0.0,0,0.0,0.0,0.0,0,0.0,0.0,0,0,0.0,0,0,0,0,0.0,0
86.5,0.9610655623213716,0.3621080938546219,1.5753283324146052,0.3441448713134486,0.8737275953662653,1.2156474701170668,1.3226735664745426,-0.4273765968724038,0.4017786108517313,-0.5663193178785667,1.4370072507799052,1.0890310572293855,1.3737206648196545,-0.0133999668060608,0.1799526544767437,-0.0565824421010921,1.5966045743285449,0.2833660525273524,-0.4200124412203909,0.7010341879554384,1.0302970769171735,0.2206852556507096,-1.1850532404199632,-1.18361907130558,-0.9199897764520174,1.219641512853681,0.0441476688320758,-0.1991854355885737,-0.0272210902946615,-0.6814430996523148,0.1252870471032235,0.047082869632947,0.2576410019289277,0.0593739890828126,0.1019030472279698,0.1056143329532075,0.2550645952001215,-0.0674871523557282,0.06106199764288,-0.1155132824691648,0.3450960937755055,0.1999435092685092,0.1748828980530993,-0.0018924969251594,0.021115564913243,-0.0143046065046066,0.3607725135975135,0.0787378402643108,-0.0588264812758622,0.130302361011881,0.1464691530691531,0.0317853005267866,-0.1867126239773298,-0.2067842725901549,-0.1218051847533271,0.1683492050433226,0.00420784304275,-0.0336411961189825,-0.0043742068389127,-0.1102710012210012,7,8,7,5,7,8,7,5,9,6.0,5,6,10.0,7.0,11,2.0,9.0,5.0,8,9.0,8.0,4,7,3.0,7,7,9,4,7.0,7,3,7,6,6,9,10,5,4,3,6.0,6,5,7.0,8.0,5,7.0,8.0,9.0,7,9.0,4.0,7,6,6.0,7,4,8,8,4.0,2,3,6,6,4,7,8,5,2,3,3.0,5,4,7.0,5.0,5,2.0,8.0,5.0,5,8.0,4.0,4,3,2.0,4,4,7,4,3.0,1,0,0,0,0,0,0,0,0,0,0.0,0,0,0.0,0.0,0,0.0,0.0,0.0,0,0.0,0.0,0,0,0.0,0,0,0,0,0.0,0
87.5,0.5916608637939256,0.3236895426216405,0.6270807317390013,1.1309536590974467,0.3870877366953918,1.3117782545070118,1.718824444206021,-1.1732453094968207,0.6991019204101474,-0.2526621247094569,1.584611670122208,0.7639262819022451,0.5814683379526009,-0.060319375198652,0.0879286195912191,-0.3955571592772346,1.059476903585899,0.3156675719834905,-0.4063184945654421,0.8208941465369067,1.2867790450138783,0.4100176865160867,-1.2494113280964865,-1.2429169309857755,-1.5850859723827817,0.7881777671210544,-0.9527549098740212,0.3137736241196188,-0.3604918596270628,-1.395570376585085,0.0739279013470189,0.0435934124784744,0.1063412597894022,0.1773656320889293,0.0472068081729072,0.1214988734332925,0.2975721388518603,-0.1828579745417981,0.1071256152344387,-0.0520688463497286,0.3773009268509268,0.1377661490470314,0.0848791054576658,-0.0076053208401505,0.0113497896066782,-0.0995138139638139,0.2443657014554073,0.0885830321639146,-0.0597600521511512,0.1479208919992974,0.2020128923364218,0.0721227488541729,-0.1957063408813408,-0.2099149117222646,-0.2282058703422479,0.1067257340698516,-0.0983479950561994,0.059763778704955,-0.0566204545454545,-0.1896098901098901,8,8,7,6,6,8,7,5,8,5.0,5,5,10.0,8.0,11,1.0,9.0,6.0,8,9.0,8.0,5,7,3.0,7,8,8,4,7.0,6,3,7,6,7,8,10,6,3,3,6.0,6,6,6.0,7.0,4,5.0,6.0,8.0,7,9.0,5.0,6,4,6.0,7,4,9,7,3.0,1,3,6,5,6,5,8,6,1,3,3.0,5,4,6.0,5.0,4,1.0,6.0,5.0,5,8.0,5.0,4,2,2.0,3,4,6,4,2.0,0,0,0,0,0,0,0,0,0,0,0.0,0,0,0.0,0.0,0,0.0,0.0,0.0,0,0.0,0.0,0,0,0.0,0,0,0,0,0.0,0
88.5,1.077867864191123,0.3206483125339077,0.5218687331604368,-0.4150332287864671,1.6091423116689798,1.3015686761364902,0.8212871396546475,0.739089245100267,0.9239154250953756,-1.0313751463981355,1.4556310226630815,1.1368438835220989,0.9599676966553434,0.7551199379376631,0.0754113970286655,-0.4475769891586458,0.8025272176787744,0.9912592063855729,-0.3951735628143857,0.9382684026380492,1.3883970372001428,0.3440151456152561,-0.9278101651386574,-0.3139603280302163,-0.3663188087685355,0.920519175305452,-0.5593223347374294,0.2895535478015228,-0.565751070805966,-0.5340802936698694,0.1408779243632185,0.0430471775386634,0.0899387229643422,-0.0557931327272659,0.2133857798118633,0.1476061632382066,0.133570846834624,0.1120699447267558,0.1423511153964712,-0.2462238872238872,0.3525470557220557,0.198615030720913,0.1440491937285281,0.101809319636332,0.0082599560656062,-0.1004895826395826,0.1658122875490523,0.2719897491397492,-0.0533601152201771,0.1723172560755378,0.2190723200775831,0.0587054860086594,-0.1478477827727827,-0.0529540890482067,-0.0556097840841649,0.1283961286649367,-0.0584355346322065,0.0560841129458776,-0.0868583416583416,-0.0835055167055167,8,8,7,6,6,8,6,6,8,4.0,4,5,9.0,10.0,11,2.0,8.0,6.0,7,9.0,8.0,6,7,4.0,8,9,8,4,6.0,6,4,7,6,8,7,8,7,4,4,4.0,5,7,7.0,5.0,4,5.0,6.0,6.0,8,9.0,6.0,7,4,6.0,6,5,8,7,2.0,2,4,6,5,5,6,7,5,3,4,1.0,4,5,7.0,5.0,4,1.0,5.0,5.0,5,8.0,6.0,5,2,3.0,4,5,6,4,1.0,1,0,0,0,0,0,0,0,0,0,0.0,0,0,0.0,0.0,0,0.0,0.0,0.0,0,0.0,0.0,0,0,0.0,0,0,0,0,0.0,0
89.5,0.3230982105418646,-0.2935922403853895,-0.0817781990844156,-0.117703003168077,0.7709530785766867,1.108279661516669,0.974760407535284,-0.556812112513452,1.2304901474166026,-0.5220397604078995,0.9079110930149128,0.5547694451235948,1.430920983115039,1.06208168011058,0.2442499266118405,0.4184209577127141,0.4173955414946441,0.8474499730552584,0.8239195102756259,0.5183089469247683,0.462303741087215,0.5032285276485732,-1.274752342199619,-0.0439818262640926,0.329502630138234,0.4091051578448293,0.4107345579786651,-1.1220379261024882,-1.4574534711910645,-0.6541169168094002,0.0414770943109178,-0.0430280907001494,-0.0137523314147153,-0.0169717740807524,0.0871253030423309,0.1366093011649511,0.1534341393728391,-0.0843982053979732,0.1862181771359016,-0.1301138139638139,0.2180606088356089,0.0929773806860494,0.1994320051148056,0.1219558946815138,0.0264918722316556,0.0982567099567099,0.0862369658119658,0.2068139416139416,0.1200850165915955,0.0924891492752173,0.0674283139547071,0.0823337976265221,-0.1970086552336551,-0.0077286040756628,0.0462129920045555,0.0565129393482335,0.0468329078386354,-0.2257304486363309,-0.1912130647130647,-0.1186782245532245,9,8,6,8,5,7,5,5,9,4.0,3,5,9.0,10.0,11,2.0,6.0,8.0,7,9.0,7.0,6,7,6.0,9,10,8,4,5.0,5,4,5,6,8,8,7,7,4,5,3.0,5,8,9.0,5.0,5,3.0,5.0,6.0,6,9.0,8.0,7,4,6.0,6,4,7,6,1.0,3,4,4,4,6,5,6,5,2,5,1.0,3,5,9.0,5.0,5,1.0,3.0,5.0,5,7.0,6.0,5,2,4.0,5,4,6,2,0.0,1,0,0,0,0,0,0,0,0,0,0.0,0,0,0.0,0.0,0,0.0,0.0,0.0,0,0.0,0.0,0,0,0.0,0,0,0,0,0.0,0
90.5,0.8549866682317204,0.1913555830822607,-1.0226404888753495,-0.4296053243180349,-0.2360997412029429,0.5108251202868762,1.022812288273009,-0.8079967808028358,1.2555403155516789,0.342811272250888,0.1564641147765774,0.51976960556644,1.572536883144021,-0.2879346719917907,-0.2152122300944344,0.572589741821387,0.0065472416363962,1.018287619368588,0.7102720822505927,0.9589399593823068,0.3009832435390038,0.6141849937700194,-0.4277392819402231,0.4910511608551149,0.6430307872740805,0.5569247435677551,1.029546960715086,-0.7916199695178322,-1.434199676825244,-1.3376418302863493,0.1100678166862378,0.029072365706189,-0.1569081241342077,-0.0504770077617602,-0.0275456141811405,0.0721990228210043,0.1533198624646766,-0.110619123592266,0.199208806647429,0.075907387057387,0.0355937451437451,0.0823024567709553,0.2255099370014229,-0.032542448959709,-0.0267442897230048,0.1376254689754689,0.001344733044733,0.2342315684315684,0.116563231866173,0.168365598840444,0.0438194332413373,0.1024722089314196,-0.0648458596958597,0.0804398687397913,0.0895538317461692,0.0708166263389173,0.1137808891572824,-0.1659035603285602,-0.1948678432678433,-0.2648332959524136,8,7,5,8,5,6,5,5,8,3.0,2,5,8.0,9.0,10,3.0,5.0,9.0,5,10.0,6.0,7,8,7.0,9,9,8,5,5.0,5,5,5,6,8,7,7,7,6,5,2.0,5,9,8.0,5.0,6,2.0,4.0,5.0,4,8.0,9.0,6,4,8.0,5,5,8,5,1.0,4,5,4,3,6,4,5,5,3,5,1.0,2,5,8.0,4.0,5,1.0,2.0,5.0,3,8.0,6.0,5,3,6.0,5,5,7,2,0.0,1,0,0,0,0,0,0,0,0,0,0.0,0,0,0.0,0.0,0,0.0,0.0,0.0,0,0.0,0.0,0,0,0.0,0,0,0,0,0.0,0
91.5,-0.8192293032291121,-0.1456820953700475,-1.3138478330022751,0.1912800314861629,0.859205855998955,0.4803545598452765,0.7973683662918145,0.0007267292499136,0.489083814949511,1.8504718945951877,-0.7667504612019769,0.5580779491416747,0.5944982896364661,-0.0832679058720264,-1.157051708178656,-1.1411099181360167,-0.5109018435380063,1.1319970605239853,0.8366843401039357,1.1389243848784485,-0.1368682429683598,0.9446027547169444,0.4650910951286642,0.3905442128606599,0.5997990345844266,0.0186769721574098,0.5392100296797069,-0.4843284016192549,,-1.9566441614970531,-0.1010870142671227,-0.0204586185056774,-0.2028888634413401,0.0215864630381658,0.1018799690161919,0.0619258297773779,0.122535593165005,9.580238303141808e-05,0.0729754502721219,0.3280588134088134,-0.1774709318459319,0.0914011353541539,0.0845227681245482,-0.010298302213782,-0.1513700715607062,-0.2606542568542568,-0.1064842546342546,0.2406801254301254,0.1162826185252655,0.1886896141268431,-0.0185654366131617,0.1751289927392868,0.0733347208347208,0.0633926089046832,0.0849849113648649,0.0023667838525424,0.0648790007979636,-0.1029288156288156,0.0,-0.3790447005608771,8,7,6,8,5,6,6,6,6,5.0,1,5,6.0,9.0,10,3.0,3.0,8.0,5,9.0,6.0,7,8,7.0,8,8,8,6,6.0,4,6,4,6,9,7,7,7,6,6,2.0,5,8,8.0,7.0,6,2.0,4.0,4.0,4,9.0,10.0,4,3,8.0,6,6,7,4,0.0,5,4,3,3,7,5,5,5,4,4,2.0,1,5,6.0,5.0,4,0.0,1.0,4.0,3,8.0,6.0,4,3,6.0,5,5,6,2,0.0,1,0,0,0,0,0,0,0,0,0,0.0,0,0,0.0,0.0,0,0.0,0.0,0.0,0,0.0,0.0,0,0,0.0,0,0,0,0,0.0,0
92.5,-1.018906097346686,-0.1859243073636894,-1.7077173320278791,0.1914619516915037,0.6670985478050538,0.1267439948257172,-0.2390693209074433,1.0424424048598042,1.054759603771672,1.2188207405026537,-1.8510671520814552,0.5903999140457641,-0.3601668830829366,-0.267854658134015,-0.4226874713271031,-1.3079206574037874,-0.4490053617816068,1.005051045875074,1.5428686198271986,0.8275463611385895,-0.3180448523563283,0.447254317115518,-0.1439801403736318,0.5633951782473997,0.2546340510558549,0.4315687184350926,1.152624547810271,-1.236380766238956,,-2.5780536515205323,-0.1170688681373666,-0.0252201721481133,-0.2463873803097487,0.0222350498916287,0.07105423218852,0.0154835530053022,-0.0380458859338116,0.134083355779516,0.1619129363498558,0.2395744422244421,-0.4293709401709401,0.1092153495197613,-0.0490438274667107,-0.0358768834450722,-0.0502191376585304,-0.3076207792207792,-0.0883575258075258,0.2325060106560106,0.2204404298401977,0.1438545001610016,-0.0463931299350802,0.0820189504939504,-0.0233787545787545,0.0805792004778845,0.037745409990766,0.0555555809773302,0.1432998796611024,-0.2399011932511932,0.0,-0.4782168294639656,7,7,6,8,7,6,4,6,7,5.0,1,5,5.0,7.0,9,2.0,2.0,8.0,5,10.0,7.0,8,7,8.0,7,8,9,7,6.0,5,6,4,7,9,9,8,6,8,7,2.0,4,6,9.0,6.0,8,3.0,4.0,4.0,5,9.0,8.0,3,3,9.0,5,7,7,3,0.0,6,4,3,3,7,7,5,3,6,6,2.0,0,4,5.0,4.0,6,0.0,1.0,4.0,4,8.0,5.0,3,2,7.0,4,6,7,1,0.0,1,0,0,0,0,0,0,0,0,0,0.0,0,0,0.0,0.0,0,0.0,0.0,0.0,0,0.0,0.0,0,0,0.0,0,0,0,0,0.0,0
93.5,-1.0413329287823876,0.5795782760512704,0.1837396716019117,1.0222300860715576,0.860876282619632,-0.9710573527916806,1.006286233130003,-1.0609901593056823,0.9920413517861107,1.0755624552931495,-0.6203948712832102,-0.2384413358328712,-0.610259567020609,0.0076506252973145,0.4957740674263369,-1.4452360568963818,-1.623810384130972,0.5791138298295316,2.2301573680517133,0.6524375793016263,-0.4470532972772277,0.334396010370467,-0.1312630165952946,0.5514526557305235,-0.2040729422338259,1.04530307762981,0.55202255010126,-0.580405610655624,0.9234634407936276,-3.212241145235535,-0.120079050129437,0.0762548760063465,0.027874556961786,0.1278516805433988,0.1046143467127987,-0.1033272385004953,0.1523886402555132,-0.1235326519474452,0.1469184945773179,0.2419253135753135,-0.1400664446664446,-0.0428340956429191,-0.0852910494734024,0.0009331987070376,0.0624782789782419,-0.3554291375291375,-0.3303543401043401,0.13545328005328,0.3583118368817285,0.1173644092319787,-0.0606351639932134,0.0576837895764365,-0.019290897990898,0.0798116219178138,-0.0292220754563635,0.1376573656993162,0.0643362963318071,-0.1087994671994672,0.1533071373071373,-0.5193479342295133,7,8,5,7,7,6,5,5,7,6.0,2,5,4.0,8.0,6,1.0,0.0,10.0,6,9.0,7.0,7,6,9.0,6,7,10,7,8.0,5,6,3,6,8,9,9,6,8,7,3.0,4,6,8.0,8.0,7,4.0,3.0,4.0,5,10.0,8.0,4,3,8.0,6,7,7,2,2.0,7,4,3,4,7,7,5,4,4,6,3.0,1,3,4.0,6.0,5,0.0,0.0,4.0,5,8.0,5.0,3,2,7.0,4,6,7,1,2.0,1,0,0,0,0,0,0,0,0,0,0.0,0,0,0.0,0.0,0,0.0,0.0,0.0,0,0.0,0.0,0,0,0.0,0,0,0,0,0.0,0
94.5,-1.03304181902634,-0.0403541175119562,-0.2666024763477946,1.204848802188825,-0.0131498193568064,-1.256173595669467,0.7827134065551379,-0.6617061145990175,0.8228280159855802,0.7065382413476086,0.5136482306073702,-0.8061724350022825,-0.7882299665486318,0.4673135385570039,0.5929093765257676,-1.6821626392254811,,0.8542407345448387,1.2998785923841618,1.0187157558275588,-0.1000600164388398,-0.1808611555837493,0.254196929142304,1.0664107807917425,0.2158953268482017,-0.2128910513111633,0.5637463513814962,0.4009933361657593,0.4061577137677863,-2.639745196640355,-0.1182220711950587,-0.0053273972759266,-0.0401579389564684,0.1327555946633345,-0.0018747082209156,-0.107104584312055,0.1365572915560531,-0.0829548739294835,0.1272743555721884,0.1345921522921522,0.1120933621933621,-0.1642319902319902,-0.1171979459566922,0.0543898909428018,0.082289823179916,-0.4170136474636475,,0.1919394383394383,0.1907918412942406,0.1840898416509232,-0.0135539590354607,-0.031032076910018,0.038150616050616,0.1444424890726747,0.0321371220540726,-0.0279029304287042,0.0667020392490206,0.0698580586080586,0.0681419857919858,-0.4642278029589949,7,7,6,8,8,5,5,5,8,7.0,3,5,3.0,8.0,4,1.0,,9.0,7,9.0,9.0,8,6,8.0,5,7,8,8,8.0,6,6,4,5,9,8,10,6,8,7,5.0,4,5,7.0,9.0,5,6.0,,4.0,7,11.0,9.0,4,3,8.0,6,7,7,2,2.0,7,4,3,3,8,6,5,4,4,6,4.0,2,2,3.0,7.0,3,0.0,,4.0,6,9.0,6.0,3,2,7.0,4,5,6,2,2.0,1,0,0,0,0,0,0,0,0,0,0.0,0,0,0.0,0.0,0,0.0,,0.0,0,0.0,0.0,0,0,0.0,0,0,0,0,0.0,0
95.5,-0.8873254038584879,0.2239461864670685,0.484699942301876,1.213017409228616,-0.0776943044373965,-0.8000375676498328,0.8608056822456664,-0.2674584233020234,0.277475505485914,1.2141323787203795,0.8428429513566639,-0.9143404084013004,-1.3851207077567191,0.6100867302312636,-0.789663639626763,-1.8599127753637068,,0.6464491600391014,1.6274587195668653,0.6997329208739762,1.065203229371209,0.0650887471673607,-0.2891288871722281,1.0288654212127764,0.700307582187417,-0.2502340089762344,0.4565198475981301,0.3983255097877088,-0.7296889373228117,-1.5448052368998797,-0.1174652071354857,0.0310284679372914,0.079063134088134,0.1352562504231234,-0.0106341373882394,-0.0745220574974747,0.1406802056732397,-0.0346556915650568,0.0409754375741218,0.2158194736635913,0.1937302752802752,-0.1845523754023754,-0.2227874028362417,0.074630053207587,-0.0902023820091157,-0.4664472966575907,,0.1398304473304472,0.2391549378296282,0.1279614605638599,0.14653454340637,0.0122175132057484,-0.046024703074703,0.1483774111251664,0.0919922436868257,-0.0323226076125457,0.0591217839264279,0.0698519147519147,-0.1170050893550893,-0.2694532533428044,7,6,8,7,8,5,6,6,8,6.0,4,4,4.0,9.0,3,0.0,,7.0,8,9.0,10.0,7,7,7.0,6,6,8,8,9.0,7,6,4,3,8,7,9,7,7,6,6.0,5,4,6.0,8.0,5,8.0,,4.0,8,10.0,9.0,4,3,7.0,7,6,6,2,3.0,5,4,3,3,7,5,5,5,4,5,5.0,3,1,2.0,7.0,2,0.0,,3.0,8,8.0,8.0,3,2,6.0,5,4,5,2,2.0,2,0,0,0,0,0,0,0,0,0,0.0,0,0,0.0,0.0,0,0.0,,0.0,0,0.0,0.0,0,0,0.0,0,0,0,0,0.0,0
96.5,-0.1682443567728091,-0.2703584789295195,0.7138696598223127,-0.0732622099724827,0.1214711646765327,-0.4165734905599109,0.0582041285392945,-0.1272577433397865,1.2468343951176295,1.819167850279816,0.8034335014397899,-2.4037984257261753,-0.7286138921847636,0.943566616558527,0.3568343122070264,-1.856641176154577,,-0.2794720533624349,1.4952015850996612,0.3912836981481971,1.1475832958356675,0.4551418905300817,0.3597659028269984,1.7318227317258417,0.5641950260607536,0.9091795316267344,0.5707396222562477,-0.5790725388419162,-0.3198435687191676,-0.6877601855914037,-0.0218425171491734,-0.0376067133846546,0.1024490675990675,-0.0089644458998174,0.0184696906035141,-0.0430047439402703,0.009434215337466,-0.015799171382453,0.1884906163495946,0.2782784759272375,0.2003582182523359,-0.4775167887667887,-0.1220657796451915,0.1161059876891179,0.0450120500242791,-0.4783563834857952,,-0.0634330058830058,0.2251993619271651,0.0713991644664244,0.1669127396167642,0.0831878489415641,0.0588518315018314,0.2752580225330225,0.0751327840030626,0.1229327995190224,0.0732218561967789,-0.104834299034299,-0.050424592074592,-0.1116264567132213,8,5,7,7,8,6,5,6,10,7.0,6,3,6.0,10.0,3,0.0,,7.0,9,8.0,10.0,8,6,6.0,7,7,8,7,7.0,7,7,5,2,8,5,8,7,7,7,8.0,5,4,4.0,9.0,6,8.0,,4.0,9,10.0,9.0,6,4,5.0,6,6,6,2,3.0,5,5,3,2,6,4,5,4,4,7,7.0,4,0,2.0,8.0,3,0.0,,2.0,9,7.0,8.0,5,3,5.0,5,5,5,1,2.0,3,0,0,0,0,0,0,0,0,0,0.0,0,0,0.0,0.0,0,0.0,,0.0,0,0.0,0.0,0,0,1.0,0,0,0,0,0.0,0
97.5,-0.5691945177362001,-0.7009212971260841,1.2328829598153428,0.4950773308638861,-0.1960855892453899,-0.4110950722640145,0.2413271857698529,0.4299206045052203,0.5290803211606656,0.6656428528453078,1.3601785642408315,-2.9686218338905914,1.110678371926954,0.5482001782599887,-0.7556313014618439,-1.1356358764318348,,-0.2378578830747208,1.603760112128109,0.1761142982987361,1.5362085745719023,-0.0377958930325727,0.3075616513972367,2.0460628208708553,0.5270227103419666,-0.2415578013728697,-0.1784243022025738,-0.156598878960028,-0.1790630562173011,0.2971627479691173,-0.0716645222682373,-0.105152267830209,0.1514731102231102,0.0642351060446262,-0.0322788221582338,-0.0515976714547922,0.0391733160544306,0.0559199406029128,0.0803764723322773,0.1126013277572101,0.3193376933523993,-0.561538561275326,0.1774956486324133,0.068135857383071,-0.1139998256559401,-0.2799312151900386,,-0.0596838161838161,0.2322539663937564,0.032408078058852,0.2098807262580078,-0.0062215342019521,0.0502916849490379,0.3163691225441226,0.0619300048764445,-0.0267064810146854,-0.0212225517946105,-0.0292169275169275,-0.0302850899100899,0.0486799170299945,9,6,7,6,8,7,6,6,10,6.0,6,2,8.0,11.0,2,1.0,,6.0,9,8.0,10.0,7,6,6.0,8,7,8,7,7.0,7,6,5,1,7,4,6,8,6,6,7.0,7,6,3.0,7.0,6,9.0,,4.0,9,8.0,11.0,8,6,5.0,7,6,5,3,3.0,5,5,3,1,5,3,4,5,4,6,5.0,6,0,3.0,7.0,2,1.0,,2.0,9,6.0,10.0,5,4,5.0,6,4,4,2,2.0,4,0,0,0,0,0,0,0,0,0,0.0,0,0,0.0,0.0,0,0.0,,0.0,0,0.0,0.0,0,0,1.0,0,0,0,0,0.0,0
98.5,-0.1871512624192696,0.1532294991837329,0.4727111883595822,0.8073596725222627,-0.2495664355813388,0.3689812189702183,0.3019345730216582,1.020775436863154,1.051086163297151,1.0220314023533148,1.3004961166505673,-2.8652001262045945,0.5630896676612236,0.8123631368713498,-1.3144898846406268,-0.8993206740759793,,-0.1503921619367234,0.9667866829158028,0.5763488831181209,0.9272126791205536,-0.0287054020636286,0.1017113190703667,2.1053997732341463,0.6607198775998503,-0.2031981998064356,0.5873482513125946,-0.3617934847585972,-0.6117905931045292,0.6626185536451363,-0.0247695247906548,0.0208752229796347,0.0534773004773004,0.1194291327953094,-0.0399066489066489,0.0504606199613939,0.046200522542473,0.1549644853856154,0.1621372748338693,0.1741387795211325,0.3111441541860272,-0.5580605712914536,0.0707749472749472,0.1010940492771762,-0.1711992736817782,-0.2310745976245976,,-0.0407586274836273,0.1324431280625416,0.102606362273777,0.1299981479331156,-0.0048384536000635,0.0170843716740775,0.2847065455786044,0.0796843055379433,-0.0263538083433594,0.0696501407948776,-0.070802331002331,-0.0925738705738706,0.1218063026842438,8,6,7,6,8,7,6,6,8,5.0,6,1,8.0,10.0,4,2.0,,6.0,8,9.0,8.0,7,8,5.0,8,7,7,5,6.0,8,6,7,1,5,3,5,8,5,5,7.0,7,6,2.0,6.0,7,7.0,,6.0,10,8.0,10.0,8,6,6.0,7,6,6,4,3.0,4,5,5,1,4,2,4,5,4,5,5.0,6,0,2.0,6.0,3,1.0,,3.0,8,7.0,8.0,5,5,5.0,6,4,5,2,1.0,4,0,0,0,0,0,0,0,0,0,0.0,0,0,0.0,0.0,0,0.0,,0.0,0,0.0,0.0,0,0,1.0,0,0,0,0,0.0,0
99.5,-0.3852112201371974,0.4064028925009801,1.069585139114947,1.0812400735506786,-0.0235632196232377,0.8465891216292477,0.6719126444114548,0.9020305857365586,1.0775302170970604,1.1368035651779171,1.3112112521984844,-3.4921397745816227,0.2378486555887781,0.4876915266261668,-0.81116315274985,-0.1009613894900569,,-0.4520267152466737,1.6614446283517654,0.5750806404523194,0.6718401482404781,-0.0480506836244953,-0.0379974593954225,2.198013707312522,-0.016532288795013,-0.0768696508307131,0.745517147770857,-1.4104483485486643,-2.508741537856988,1.0300454302396786,-0.0505049691966099,0.0557463175627263,0.1510344211344211,0.173712826062826,-0.0038929348429348,0.1080376663240441,0.1012161773554962,0.1301897358145811,0.1592546759569979,0.2153729071582013,0.3045303549134045,-0.622448953497483,0.0320410145410145,0.0574078894188027,-0.0920296056064006,-0.024325,,-0.1231056138306139,0.2481805059906217,0.1015754143173646,0.09812565923069,-0.0082528978933001,-0.0061522374082746,0.337369937905232,-0.0020642967283833,-0.0097390078188065,0.0881020063613716,-0.2870624486624487,-0.4187060495060495,0.1892707944016767,8,5,6,5,6,8,7,7,8,5.0,7,0,9.0,7.0,5,3.0,,3.0,9,9.0,8.0,7,7,6.0,9,6,9,5,4.0,8,5,7,2,4,3,6,8,6,5,7.0,8,7,2.0,5.0,9,7.0,,6.0,9,8.0,9.0,7,7,6.0,7,6,6,4,3.0,4,4,5,2,3,2,5,6,5,5,5.0,7,0,2.0,4.0,5,2.0,,2.0,9,7.0,7.0,5,5,6.0,6,4,6,1,0.0,4,0,0,0,0,0,0,0,0,0,0.0,0,0,0.0,0.0,0,0.0,,0.0,0,0.0,0.0,0,0,1.0,0,0,0,0,0.0,0
100.5,-0.6195939252460889,0.9448270201386562,0.8619507332212133,0.0347404208653408,-0.7355171085129116,0.4824709425813083,0.022195938557281,1.4124850499771318,1.1206482261683244,0.6546836845857102,1.0133511687429169,-3.525021779265535,-0.2565004080198438,1.1939861412501889,0.6606413028713303,0.7162950380896483,,-0.8602208584437261,0.8022242322972082,0.3525504958358598,0.6959503549762475,0.1709393869328865,-0.3018062305849773,1.7866148715432686,0.1081075113885948,0.5867213918075838,1.6996314792326035,-0.60249337615476,-2.366429925421363,1.0389087780099708,-0.0841625779449309,0.1300449025604599,0.1306889138639138,0.0055519258519258,-0.1248032279811691,0.0633081888613622,0.0036110117608569,0.1871145603364643,0.1725845961400141,0.1364254105371752,0.2318739628019039,-0.6345097795135721,-0.0403323351485115,0.1465021030912672,0.0748790139404723,0.1719291319791319,,-0.2387028349101878,0.1112474716590746,0.0656745953736664,0.0993302592917917,0.0288229425717041,-0.0483008013658169,0.2611264757172652,0.0137742813086466,0.0702946253265138,0.2091508667974612,-0.1158801365301365,-0.4120811993561993,0.1796034530828649,8,6,4,5,5,8,7,7,8,5.0,7,1,9.0,6.0,6,4.0,,3.0,9,9.0,8.0,7,7,7.0,7,8,9,5,3.0,7,4,6,3,4,4,6,6,7,5,6.0,7,8,4.0,5.0,8,6.0,,8.0,9,9.0,9.0,7,7,8.0,7,7,8,5,3.0,4,3,5,2,2,2,5,4,6,5,4.0,6,0,3.0,4.0,6,3.0,,2.0,8,7.0,7.0,5,5,7.0,5,6,8,2,0.0,4,0,0,0,0,0,0,0,0,0,0.0,0,0,0.0,0.0,0,0.0,,0.0,0,0.0,0.0,0,0,1.0,0,0,0,0,0.0,0
101.5,-0.0112404373701167,0.5498251747616469,0.6537149267600125,-0.6266655115841764,0.185438474755156,-0.494980975439971,0.7160776597580971,1.5184895240873215,0.8133380292483222,0.4454980848013566,0.7350252481775607,-2.27284362920645,-0.3862945288636419,1.699733496546465,0.8045557192751719,1.2228708142914229,,-0.2452251296017027,1.1966914570421865,0.4020670430713211,1.2759542953684335,-0.9548655161850582,0.1380640812379061,1.3882139388014814,-0.7393032549543301,-0.5239791708713564,0.8334367375042793,-0.276349208473803,-1.539101317000595,0.8296134927809067,-0.0015915315077079,0.0814373426109494,0.1051380789145495,-0.0942837329337329,0.0288692991648875,-0.0608160764931662,0.1048353009048056,0.1800546598250764,0.122873588674827,0.0966226134976134,0.1644052814316747,-0.4127619267557347,-0.0593995169519163,0.2168993928070555,0.0929800008037758,0.3043418914418915,,-0.0692418199447612,0.1625992129731293,0.0743250312638859,0.1704928783376924,-0.1451220248963283,0.0198485477542752,0.2032967976725717,-0.1080614026582292,-0.0644215854149291,0.0983982263436598,-0.0549039349539349,-0.2627524929319047,0.1409983643807173,7,7,5,6,5,6,7,8,8,4.0,7,1,8.0,6.0,8,6.0,,3.0,9,7.0,9.0,7,7,8.0,7,8,9,5,3.0,8,3,5,4,2,6,7,7,8,6,5.0,8,8,6.0,6.0,8,5.0,,8.0,8,8.0,9.0,7,8,9.0,5,7,7,4,4.0,4,2,4,3,1,4,4,5,7,5,3.0,6,1,4.0,5.0,7,4.0,,3.0,8,6.0,8.0,4,6,8.0,3,5,7,2,1.0,4,0,0,0,0,0,0,0,0,0,0.0,0,0,0.0,0.0,0,0.0,,0.0,0,0.0,0.0,0,0,1.0,0,0,0,0,0.0,0
102.5,0.7496813036586188,1.5155121887838312,1.591400339299637,-0.1593316063299068,0.5135463983415846,-0.3638521009045707,0.6217755465656566,0.3387587923357232,0.0299213172158304,0.5305621072189521,0.6203760333400575,-1.3168166810645086,0.6600382253904271,1.9444897878014735,1.0680806471060986,1.328612672064608,,-0.9230036331922268,0.8185450359143136,-0.2642010008641064,1.1875444775794448,-0.958248202663298,-1.4675708288938871,0.629575802312908,-1.7109490914059378,-0.0913239295766777,0.1281855519115259,-0.1042825528892794,-2.1490516618392004,1.058315860422809,0.0908100510600509,0.2302980955319191,0.248121819193878,-0.023767044067044,0.0851531096182799,-0.0423542394224282,0.1031122534414331,0.0406777365968711,0.0045712257298945,0.1121975052725052,0.1433200044537507,-0.2407658785658785,0.1084704045180825,0.2361731312804843,0.1291248710977779,0.3282393051393051,,-0.2544563954964882,0.1135754107175932,-0.0475369791199513,0.1718634781970694,-0.1567771073182062,-0.1927274401123473,0.092828860887994,-0.2505119099854394,-0.0118405964176862,0.015530944915078,-0.0198928016428016,-0.3437068562156798,0.1798053959112783,7,7,4,6,4,6,8,8,8,4.0,6,3,8.0,6.0,8,5.0,,2.0,8,5.0,9.0,6,6,9.0,7,6,9,6,2.0,7,2,5,5,3,6,8,6,8,5,5.0,7,7,8.0,7.0,8,4.0,,9.0,8,9.0,9.0,7,8,8.0,3,6,7,4,5.0,4,2,5,4,2,4,5,5,6,4,3.0,5,2,6.0,6.0,7,3.0,,2.0,7,5.0,8.0,3,4,7.0,1,4,6,2,1.0,4,0,0,0,0,0,0,0,0,0,0.0,0,0,0.0,0.0,0,0.0,,0.0,0,0.0,0.0,0,0,0.0,0,0,0,0,0.0,0
103.5,0.7293715978818397,1.6896280753368356,0.7100945254751211,0.2636744600884885,-0.0432284618542086,-0.7836503429316666,1.2753565272882128,1.2327751697844724,0.119930205420974,-0.75465095822499,0.4309517460727332,-0.9264536190367644,0.2075713343307833,1.1103759874801764,1.3515421782306158,1.0317793366342327,,-1.4801824304119775,0.5603374613680003,-1.4060011325618509,1.0729804716480071,-1.711628937376772,-0.6063369694707974,1.0998503443635452,-0.3972834771547298,-1.6398026306718896,-0.1066849754700039,-0.1250720921597689,-2.6592178402394704,0.852027836676104,0.0944961593961593,0.2425597059802943,0.1115208181653227,0.037686322011322,-0.0066290512205372,-0.0908751310227888,0.2132984281971899,0.1531688862355843,0.0175349615898378,-0.145883370714253,0.0968183555436651,-0.1599975367941313,0.0324674781635407,0.136799445691608,0.1485343696681864,0.2667656565656565,,-0.4138631636337518,0.0826463573492212,-0.2455340592156381,0.1640478920030776,-0.274396280473912,-0.0814297826270736,0.1707614411903886,-0.0558192519898402,-0.1963917473479393,-0.0135650819768466,-0.0232588522588522,-0.4387289626781885,0.1482082226596932,7,6,4,6,5,6,6,8,9,4.0,6,4,7.0,6.0,9,7.0,,1.0,8,3.0,9.0,5,6,8.0,7,5,8,7,4.0,7,2,4,6,4,8,9,5,8,7,6.0,8,8,9.0,8.0,8,3.0,,8.0,7,9.0,9.0,6,8,8.0,3,7,5,3,6.0,3,2,4,4,3,5,5,4,7,6,2.0,5,3,6.0,6.0,8,3.0,,1.0,6,3.0,8.0,2,5,7.0,2,3,4,2,1.0,3,0,0,0,0,0,0,0,0,0,0.0,0,0,0.0,0.0,0,0.0,,0.0,0,0.0,0.0,0,0,0.0,0,0,0,0,0.0,0
104.5,1.942598973901939,1.5686391400531072,0.8939768953026931,-0.7324790548855047,0.6851665281583141,-1.0104490152794572,0.7179597786035709,1.1817448226429013,-0.1237974796509732,-1.835577480218632,0.0191606173357279,-0.2516834113999984,0.0806543235054787,0.4682393493721509,1.5085242912603454,1.8707391044065291,,-1.5983839012498882,0.5074085878669592,-2.1792800526636857,1.0099033121738972,-1.1962103177006358,0.5676554640357758,1.0397045282432942,0.0982081237005246,0.5306824225439906,0.4133265198056104,0.9562122854996964,-1.372127735214268,0.8122983798521239,0.2781553149464914,0.2367068598068599,0.136099187912191,-0.112541246008893,0.0960740811905671,-0.1189927080229712,0.1183430967725085,0.1647256996099875,-0.0174084328897795,-0.3384892788583965,0.004606121767809,-0.0467636489413578,0.0124089380997848,0.0553272484911029,0.1615752438476257,0.4118672660672661,,-0.4385504584682603,0.0744511877355531,-0.3768672878205384,0.1538226147605403,-0.19192473229385,0.0765362590453921,0.1610202977706847,0.0130607404033873,0.0577995813354172,0.0505867255293726,0.1772088578088578,-0.2224017335605571,0.1448212707227413,5,6,5,6,6,7,5,7,7,3.0,6,5,6.0,9.0,9,6.0,,2.0,8,2.0,7.0,5,6,6.0,7,6,7,6,5.0,7,3,4,7,6,8,8,3,7,7,6.0,7,8,10.0,8.0,8,4.0,,9.0,7,9.0,9.0,5,8,8.0,3,7,5,2,5.0,3,3,4,5,3,6,5,2,6,5,1.0,4,4,6.0,7.0,8,4.0,,1.0,6,2.0,7.0,2,6,6.0,2,5,4,2,2.0,3,0,0,0,0,0,0,0,0,0,0.0,0,0,0.0,0.0,0,1.0,,0.0,0,0.0,0.0,0,0,0.0,0,0,0,0,0.0,0
105.5,0.6110824370004622,0.8335878613357884,1.1404667767630703,0.6039888497156142,1.3744742745843292,-0.2222301196293032,0.7074454518072433,0.2344397844676185,-0.0426340697743165,-0.8479650898519663,0.1359669830526773,0.2964443909595307,-0.1847086957324627,0.8548257613111588,1.4185778244360054,1.73564404675687,,-0.9111423044709848,0.3362731691724344,-4.134141430852531,0.5237839193924773,-1.5414864470713583,0.1800622025675078,0.455104618337567,-0.3133287115820176,-0.6287972902681686,-1.669833595251875,0.4021244748478014,-1.016223930124197,0.8699267439375797,0.0848481473806551,0.1139490706060365,0.1667484121829323,0.0853392268550163,0.170805318907099,-0.0283708590085524,0.1207753853989148,0.0352580632731561,-0.0060918582535455,-0.1700523649553061,0.0316497926909691,0.051442701399048,-0.0287831505002826,0.0946701815649687,0.1607958347578149,0.3834670884670885,,-0.2521797558650499,0.0483997683860687,-0.7324694486713836,0.0795227367403839,-0.262252864619041,0.0244277675197179,0.0762753350021152,-0.0446328259975318,-0.0778063231488153,-0.2033910522484052,0.0629284992784993,-0.162071719293778,0.1426113781643193,6,6,6,7,8,7,6,8,7,3.0,6,6,5.0,9.0,9,6.0,,3.0,8,0.0,6.0,3,7,5.0,8,6,6,7,8.0,7,5,6,7,7,9,7,4,5,7,6.0,7,8,9.0,9.0,7,5.0,,8.0,6,9.0,9.0,5,8,8.0,3,7,5,1,5.0,3,4,5,6,5,8,5,3,4,5,2.0,4,5,5.0,8.0,7,4.0,,2.0,5,0.0,6.0,1,6,5.0,2,4,2,1,3.0,3,0,0,0,0,0,0,0,0,0,0.0,0,0,0.0,0.0,0,1.0,,0.0,0,0.0,0.0,0,0,0.0,0,0,0,0,0.0,0
106.5,0.6749703190640471,0.8901982546106908,0.7642925810536132,0.9866767354930824,0.8195252812379101,-0.3759597923059888,2.183047462238553,0.0814483968620684,0.7062934542828734,-2.446174228975248,0.652048666274663,0.4152091045364,-0.1382129640236002,0.4986638709617415,1.8774732067365751,1.984124866932307,,-1.290588487204238,-0.3382503165847719,-2.081399591150236,0.0519377478883152,-1.4504340815370311,0.1962149553236465,0.0333727173297532,-0.2485342934944712,-0.3698485955091689,-0.2607701658940686,0.3565046420306243,-0.4080770390287642,-0.3094145359354484,0.0853703810207681,0.1294554238760895,0.1162930709039842,0.1382121607236931,0.1049551655946393,-0.0561339926069802,0.3886535231108761,0.0121335307537319,0.105023522366866,-0.4412249144646202,0.1585292413468885,0.0738568442994913,-0.0223365720092264,0.0558517295868755,0.1806175090822788,0.5127063436563436,,-0.340185692085692,-0.044213519641693,-0.3786281495766016,0.0072478368123104,-0.2535971970839618,0.0293574453324453,0.0054223928977799,-0.0329941005073358,-0.0429088311155648,-0.0376730917775034,0.0582500721500721,-0.0665597017361723,-0.0534589188589188,5,7,7,7,8,9,5,6,7,3.0,6,7,5.0,10.0,8,6.0,,4.0,7,2.0,7.0,3,5,4.0,8,7,7,7,8.0,7,7,7,7,7,8,5,4,5,6,7.0,7,7,9.0,9.0,7,5.0,,6.0,6,9.0,9.0,4,6,7.0,4,7,5,1,6.0,3,5,6,6,6,7,4,4,3,5,1.0,5,5,5.0,8.0,7,5.0,,1.0,4,2.0,6.0,1,4,4.0,3,5,3,1,4.0,2,0,0,0,0,0,0,0,0,0,0.0,0,0,0.0,0.0,0,1.0,,0.0,0,0.0,0.0,0,0,0.0,0,0,0,0,0.0,0
107.5,1.1864869399879223,1.0443140650506637,0.1683075182326185,1.3011251196734772,1.3229518806971268,-0.1028985553431067,2.066653517854121,-0.0648827353858264,0.8735519211937859,-2.5592774577942263,-4.286504592350453e-05,1.0091062176578856,-0.7857791319445145,0.1526933297122558,2.315537729399079,1.5860231811158527,,-1.0377753199984217,-0.4467407279355203,-0.9465859692644206,0.7146651390355638,-0.2884235347908591,0.8866059566404958,-0.2391631505084833,0.3900936906015229,0.350227702550799,0.2433174022613786,0.8406024773089983,0.1846442838631088,-0.57621831261155,0.155320698522324,0.1367714393879254,0.0243732599701639,0.1743837691462304,0.1354788242459293,-0.0154321498333107,0.3757547904709669,-0.0100932963751074,0.1288919815564553,-0.4444211097725803,-9.655703773425728e-06,0.1750743253478548,-0.1127194810390698,0.0170865315806223,0.2377111594702691,0.4087496836496836,,-0.2537563048063048,-0.0537252531781943,-0.1694724068758898,0.1021248199598818,-0.0528494324303147,0.1272672120363297,-0.0414554298642533,0.0512790889021538,0.0414097014698408,0.0316503837665601,0.1269299422799422,0.0298906423899457,-0.100493392065451,6,6,7,7,8,9,5,4,7,4.0,5,6,4.0,9.0,8,7.0,,6.0,9,3.0,6.0,3,7,4.0,7,8,7,8,9.0,5,7,7,7,8,9,5,4,4,6,7.0,8,7,9.0,9.0,8,7.0,,5.0,5,8.0,8.0,5,6,6.0,5,7,5,1,6.0,4,6,6,5,7,8,4,4,2,5,1.0,4,5,4.0,7.0,8,6.0,,1.0,4,3.0,6.0,2,5,3.0,4,6,4,1,5.0,2,0,0,0,0,0,0,0,0,0,0.0,0,0,0.0,0.0,0,1.0,,0.0,0,0.0,0.0,0,0,0.0,0,0,0,0,0.0,0
108.5,1.283381367572923,0.7950945359869528,0.3473699197732847,0.1873967177534586,1.348793934080944,1.0070269764325208,1.4501981964742547,-1.7125906719610648,0.2937391563358081,-2.314680532359977,-1.139412664444419,0.9854197598862592,-1.868831741892343,1.568740574233679,1.3982072258323222,1.735717606451126,,-0.4043942539791181,-0.5808947416242995,-0.966869244448992,0.8583506364445879,0.2472245908109887,0.1321542090674492,-1.1467655381521835,-0.7705545936935337,-0.3510077013834841,0.5194269132583987,,1.0625712087397172,-1.5894124374002,0.1743816958497299,0.1071628344737478,0.0503666357034778,0.0250002501798167,0.1312950452454321,0.1506758480339749,0.2502722958328222,-0.2666899279942624,0.0448021316832462,-0.4307746965452847,-0.2575476203535027,0.1681138833388833,-0.2652514827621638,0.2016004888300554,0.1527769214912606,0.4559554239877769,,-0.0861188533688533,-0.0772874423993618,-0.1699146352185826,0.1326836955528132,0.0466530192030192,0.0174440903867374,-0.1811457158854217,-0.1115134135558284,-0.0441902033810702,0.0654116721599693,0.0,0.1632468112898453,-0.2456713720919602,6,6,8,7,8,10,7,4,6,4.0,5,6,4.0,9.0,9,7.0,,8.0,9,4.0,6.0,5,6,4.0,7,9,7,8,8.0,4,7,6,6,8,9,6,5,4,6,7.0,7,5,8.0,7.0,7,8.0,,4.0,6,8.0,8.0,3,6,5.0,5,6,6,0,6.0,6,6,5,5,6,8,6,5,1,4,1.0,2,4,3.0,7.0,7,7.0,,2.0,4,3.0,6.0,2,4,2.0,3,5,5,0,6.0,2,0,0,0,0,0,0,0,0,0,0.0,0,0,0.0,0.0,0,1.0,,0.0,0,0.0,0.0,0,0,0.0,0,0,0,0,0.0,0
109.5,0.9217344130766492,1.033699113378668,-0.5552358872778248,0.9777723853429944,0.2946284779969396,-0.0393217727461494,1.9790315703490948,-0.4763854064040349,0.2932579070391589,-1.7493072301704753,-1.0455755128512805,-0.2787467005620289,-1.0532649434912793,1.4035431220428671,0.7493664760067904,1.8960474266787544,,0.673598695962112,-0.7155981355792526,0.0132905040483931,0.7693439599020054,-0.0461263131204905,-1.121880299600605,0.4988596646661917,-1.3692460935335324,-0.1966675397525907,0.0841930967159429,,1.1522945445805044,-1.2676155108241138,0.1109689113947627,0.1377467906190816,-0.0859225508151978,0.135596411242696,0.0304091310478306,-0.0061688554050008,0.3256441080591234,-0.0733874776754034,0.04361582875329,-0.3226643541099424,-0.2331844612903436,-0.0523433177933178,-0.1478131251187753,0.1746284094302671,0.0942235711511085,0.5032721944721945,,0.1462185925185925,-0.1001837281053998,0.0021378979122013,0.1212890837061115,-0.0087536158286158,-0.1542370067840655,0.0764243890096831,-0.2013690358660946,-0.0247693884976393,0.0104840937614156,0.0,0.1763886616909062,-0.1862086827688995,7,7,7,7,8,8,7,5,8,5.0,4,6,6.0,9.0,8,7.0,,9.0,8,5.0,8.0,6,7,5.0,6,9,8,8,8.0,4,7,6,5,7,9,5,7,4,6,7.0,7,4,8.0,6.0,7,6.0,,4.0,6,7.0,8.0,3,6,6.0,7,6,6,0,6.0,7,6,5,3,6,7,4,7,2,5,2.0,2,2,4.0,6.0,6,6.0,,4.0,4,4.0,7.0,2,3,4.0,3,5,5,0,6.0,3,0,0,0,0,0,0,1,0,0,0.0,0,0,0.0,0.0,0,1.0,,0.0,0,0.0,0.0,0,0,0.0,0,0,0,0,0.0,0
110.5,2.0745741658548664,1.2401024657383772,-0.4604918678803852,0.4743986765152737,1.541684802597732,-0.6915937770059013,1.8448309812162187,-0.2250209907819118,0.299781309921572,-1.6605005673922573,-0.6401367021337815,0.0543180938222371,0.1648487438095325,0.4974047437414909,-0.301940609507717,2.094519834216459,,0.6492784325060847,-1.2671022640793044,0.1778722306984689,0.5972838889500506,0.5389018277568414,-0.3925862498741748,0.7963651688471279,-0.2483213136254491,0.951188156114348,0.4751770949565504,,0.7741305324919134,-2.623069537266685,0.2799727695421193,0.1812748769720132,-0.0697085386835386,0.0662996996467585,0.1814259503568327,-0.1036861633206834,0.3199527471496513,-0.0324985056824839,0.0464009029068628,-0.2958935786435786,-0.1382939759586818,0.0113275613275613,0.0241678983812885,0.0565951369064372,-0.0357299663174652,0.5299802641802642,,0.1648528360528359,-0.1811369939314211,0.0291767052950489,0.0886339710341258,0.0985096736596736,-0.0574948850169437,0.1176741438300261,-0.0363748200973433,0.1166371011169774,0.057200853523841,0.0,0.1134023784866662,-0.3694879833187109,6,8,7,6,8,8,7,4,8,5.0,4,6,8.0,10.0,10,7.0,,10.0,6,7.0,9.0,7,7,7.0,6,7,8,6,7.0,3,6,5,3,7,9,6,6,6,6,7.0,6,3,8.0,5.0,9,6.0,,5.0,6,7.0,8.0,2,6,6.0,6,6,6,0,7.0,8,6,5,2,5,8,4,6,3,5,2.0,2,2,6.0,5.0,7,6.0,,5.0,3,5.0,7.0,2,4,5.0,4,5,5,0,6.0,2,0,0,0,0,0,0,1,0,0,0.0,0,0,0.0,0.0,0,1.0,,0.0,0,0.0,0.0,0,0,0.0,0,0,0,0,0.0,0
111.5,1.0606080210143678,0.4559613425304235,-0.6748394679160685,0.8450968107483795,0.3571012879870055,-0.609882974828169,1.9741507588363376,0.7459549080727289,-0.0179859925264659,-0.3502908509793904,-0.7526745229757101,-0.2222645444453001,-0.0416613123801051,0.9348905980621668,0.2212595585490833,1.6341662913781765,,0.923817933840487,-1.1012435343644291,-0.3108167672309641,0.8689749027044971,0.5693997939971713,-0.0434861044893975,1.285111368759044,0.1794529808553337,0.8227217971245923,-0.398532428252842,,1.0036942472193653,-2.880340525206378,0.1351160283043411,0.0630405588907137,-0.0951015928515928,0.134783605962321,0.0417512300135365,-0.0807666427397851,0.3309875630733215,0.0995222734180165,-0.0028320411442702,-0.0717339327339328,-0.1745279609279609,-0.0426123654123654,-0.0061500844872361,0.1157026202641527,0.0255866092760682,0.4248237984237984,,0.2290063485534074,-0.156683233725339,-0.051688044471868,0.1262220199133511,0.0896971084471084,-0.0057346947342303,0.2055211766991178,0.025115802867583,0.1052317501384065,-0.0464774536780728,0.0,0.1529865556699922,-0.3849618865396729,6,8,6,7,6,7,6,6,7,5.0,3,6,10.0,9.0,11,6.0,,10.0,7,8.0,10.0,7,8,8.0,5,7,7,6,7.0,3,6,5,2,7,9,8,5,7,7,6.0,4,4,7.0,5.0,9,4.0,,8.0,7,6.0,9.0,2,8,6.0,6,6,6,0,7.0,8,5,4,1,6,6,5,5,5,5,3.0,1,2,6.0,5.0,8,4.0,,7.0,4,4.0,8.0,2,6,6.0,4,5,4,0,6.0,2,0,0,0,0,0,0,1,0,0,0.0,0,0,0.0,0.0,0,1.0,,0.0,0,0.0,0.0,0,0,0.0,0,0,0,0,0.0,0
112.5,1.3276080256181373,0.352684472126586,0.7851765746353534,0.4895733330379935,0.6772675083030983,-1.6990007022002376,2.0526272028078214,0.2055936234750571,-0.0953634838429172,-0.1387391807294058,0.0875300005234991,0.0269106272529651,0.0657455500306513,0.8987640873031884,-0.0064392045156641,1.2246378583390072,,0.7905458596495984,-1.1671340015194789,-0.5253321500566575,0.2493767166340337,0.1542035313055774,-0.2031959518775883,1.67646357567805,-0.6103031614453739,1.2639911625434717,-0.1361862522673058,,0.4500920669704735,-1.7126434596193465,0.1726946738761754,0.0492370085796556,0.0879823398823398,0.0810132137470371,0.0892902478240713,-0.2138884718831818,0.3414312520640693,0.0283372286726001,-0.0149838498790511,-0.0262612554112555,0.0194563714063713,0.0057615884115883,0.0094236213219185,0.1262373760054874,-0.0007165441339893,0.301149062049062,,0.2078147687967346,-0.1583257923792753,-0.0831670114199526,0.0363381325932409,0.0216772394272394,-0.0241455190921908,0.25255613261008,-0.0798067021987301,0.1481002127301662,-0.0152830401023126,0.0,0.0659810851429272,-0.2311352398891099,5,9,6,6,6,6,6,7,7,5.0,4,5,10.0,9.0,10,5.0,,8.0,5,8.0,9.0,8,7,8.0,5,7,6,5,6.0,4,6,4,1,5,7,9,5,7,7,6.0,2,4,7.0,7.0,8,2.0,,9.0,8,6.0,9.0,1,9,8.0,7,7,6,0,7.0,8,5,4,1,4,5,4,5,5,5,3.0,1,2,6.0,6.0,7,2.0,,7.0,4,4.0,7.0,1,6,8.0,4,6,4,0,5.0,3,0,0,0,0,0,0,1,0,0,0.0,0,0,0.0,0.0,0,0.0,,0.0,0,0.0,0.0,0,0,0.0,0,0,0,0,0.0,0
113.5,0.7863374218730536,0.4234127708403613,1.574549767407879,1.5902829435012888,-1.174740363727412,-0.9877018959713024,1.4445557103817956,1.1774353796764936,0.7337065953816562,0.7762612111761653,0.3680010304942321,0.1645121144595058,0.5284698448779198,1.2071394741678816,0.0250778481439202,1.022923376359142,,0.5934940571416208,-0.7756657054434587,0.1389312266784522,0.6132569366463625,0.3774674844762268,0.7135492423211782,1.4836354693770897,-0.3983869367052346,0.8294557987102785,-0.8956334277311736,,-0.5890301874943162,0.4208427320702056,0.0976815872208287,0.061848612661848,0.1994119602619602,0.2615484832161301,-0.1750346193881797,-0.1120271506099679,0.2227940721902797,0.1576951400680502,0.1191029563058201,0.1500284465534465,0.0775164668664669,0.0344203407703407,0.0753586648387731,0.1531060381225241,0.0026402019710445,0.2278055555555555,,0.153348488138968,-0.1093113726893946,0.022087767212148,0.0937498443506957,0.0517965034965035,0.0820071948605229,0.1987628046360245,-0.0534803831703212,0.0958477729614726,-0.0984371240988113,0.0,-0.0886967970024471,0.0661516714022132,6,9,5,6,5,7,6,7,8,4.0,3,5,11.0,10.0,8,4.0,,6.0,4,9.0,9.0,7,7,8.0,5,7,7,5,6.0,6,6,5,1,5,7,8,6,7,7,5.0,2,5,7.0,8.0,9,1.0,,10.0,9,8.0,9.0,1,10,9.0,7,7,6,0,7.0,7,5,5,1,5,3,5,5,6,6,3.0,1,3,7.0,8.0,7,1.0,,6.0,4,6.0,7.0,1,7,8.0,4,6,4,0,4.0,5,0,0,0,0,0,0,1,0,0,0.0,0,0,0.0,0.0,0,0.0,,0.0,0,0.0,0.0,0,0,0.0,0,0,0,0,0.0,0
114.5,-0.4201799466738715,-0.5358368358666935,1.144108928878161,0.4930250039383503,-0.0931512884781775,-0.1558863801917251,1.4702899988227909,1.0210088804103972,0.6050881581144714,0.6139004220393001,-1.3879574216482562,0.8630916881908233,0.5035718330515984,1.4541857032522516,0.1135960585446873,0.9464555413172074,,0.3610857395336845,-1.1696108492478436,-0.1783663976515329,-0.074643413191427,0.6737490289175544,0.1007826746694752,1.457802143016827,1.4104414736653936,0.5640238957050295,-1.1697663370528022,1.989401656586476,-0.7107865554032693,0.1175387099452022,-0.0527969260271892,-0.0687183357320354,0.1789315573315573,0.0773428248222365,-0.0152085295595357,-0.0142343063993185,0.2192158161412031,0.1371044105876924,0.097341932233573,0.1342039904539904,-0.3174321067821068,0.1685113174407292,0.0743946753710685,0.1720965072012384,0.0116731388761998,0.2205134920634921,,0.0939071144541732,-0.1713932347666094,-0.0288334083700956,-0.0103954722607972,0.1160954878454878,0.0112178728048696,0.1980687437777221,0.1882957384978283,0.0691210245808543,-0.142847113997114,0.3023901154401154,-0.1074460491692689,0.0196523738473428,6,8,6,6,6,6,6,7,7,4.0,3,6,11.0,10.0,8,4.0,,4.0,4,10.0,9.0,8,6,8.0,6,8,7,4,6.0,6,6,7,2,5,6,9,6,6,6,3.0,2,7,7.0,9.0,9,1.0,,8.0,7,8.0,8.0,3,10,9.0,7,7,5,1,7.0,6,4,5,2,4,4,6,5,5,5,2.0,0,5,7.0,9.0,7,1.0,,4.0,3,6.0,6.0,3,6,8.0,6,6,3,1,4.0,4,0,0,0,0,0,0,0,0,0,0.0,0,0,0.0,0.0,0,0.0,,0.0,0,0.0,0.0,0,0,0.0,0,0,0,0,0.0,0
115.5,-1.0258669980024278,-1.296186352994628,1.2133758455877135,-0.7832017045158302,-1.6501764453882957,-0.9518616067972704,1.5542052789019332,1.35509717766435,-0.1289954661677435,0.3597504478010818,-0.3210455564548111,1.145539477389257,0.7962382786282255,1.525773394679507,0.0331571677205265,,,-0.4043848231312981,-0.7436103038749592,-0.3307710411543084,0.1430829010066298,0.8822182139110842,-0.4425103959348702,1.1916337555693317,1.466664966479312,0.7604765748177151,-0.3630563319941948,0.8263690070902052,-0.1750481942080182,0.5888766872773388,-0.1228873318631832,-0.1662370475843386,0.2003338189588189,-0.1151885446253093,-0.2497160359248593,-0.0891345227505479,0.2283761301563934,0.1826714978605845,-0.0208905058048247,0.0722642246642246,-0.0753989843489843,0.20816132994972,0.1290367476520727,0.1764049296155603,0.003389398492804,0.0,,-0.1027507482713364,-0.1034324880056304,-0.0563861010850176,0.018743056083923,0.142070161374573,-0.0494186365663918,0.1752736535222603,0.181795111244105,0.0880604937975682,-0.0439575311341564,0.1440415584415584,-0.0303082892597598,0.0961723907671275,7,7,6,5,5,5,6,8,8,4.0,3,6,9.0,8.0,7,4.0,,2.0,5,10.0,8.0,8,5,7.0,7,8,7,5,6.0,6,6,7,3,6,5,9,7,5,7,4.0,3,8,5.0,9.0,8,0.0,,7.0,8,8.0,9.0,4,9,8.0,8,8,6,1,6.0,6,4,4,3,3,2,5,6,5,5,2.0,1,6,5.0,8.0,6,0.0,,2.0,4,6.0,6.0,4,5,7.0,7,7,4,1,4.0,4,0,0,0,0,0,0,0,0,0,0.0,0,0,0.0,0.0,0,0.0,,0.0,0,0.0,0.0,0,0,0.0,0,0,0,0,0.0,0
116.5,-0.2573371242644915,-0.99503705795229,0.9979046613538072,-1.824851114487014,-0.9850494648674636,-0.6854811007907157,1.6518923401892285,1.0915504731162504,0.0333075210616823,-0.0746105140709465,-0.8516113420265738,1.6324956926515235,1.1866965807235237,1.0734055214153044,0.7679023586934931,,,-2.1444961142596664,-1.6767610930630272,0.1257868586375937,0.114586228793426,0.3797043766670039,-0.5956831928911687,-0.2162247367212099,0.9304961284490672,-0.009473417030366,0.1397663623588031,0.9366188880402,0.1827903990367564,-0.3140720133160937,-0.0346073294352706,-0.120757882803471,0.1624273905832729,-0.2472625363198892,-0.1501730193009605,-0.070992355734333,0.2545590012756422,0.1640571769733534,0.005051125877906,-0.0143580142080141,-0.1989508547008547,0.291760986760058,0.1801764536547044,0.1252490516535408,0.0814785132743149,0.0,,-0.526578416028416,-0.2228636913138462,0.0226467325673981,0.0154192149869395,0.0666120077634783,-0.0771324057005946,-0.0312355219256147,0.120526939683983,-0.0012672154900482,0.0165509396520232,0.1516141414141414,0.0328738645341587,-0.052893531631767,7,6,7,4,7,5,6,7,8,4.0,3,7,8.0,6.0,7,3.0,,1.0,4,9.0,8.0,7,4,5.0,8,8,8,5,5.0,6,4,7,4,6,5,9,7,3,7,4.0,4,8,5.0,8.0,9,0.0,,5.0,8,9.0,9.0,5,8,9.0,8,6,6,1,6.0,5,3,4,4,2,3,5,6,3,5,2.0,1,7,5.0,6.0,7,0.0,,0.0,3,7.0,6.0,4,4,5.0,7,5,5,1,4.0,3,0,0,0,0,0,0,0,0,0,0.0,0,0,0.0,0.0,0,0.0,,0.0,0,0.0,0.0,0,0,0.0,0,0,0,0,0.0,0
117.5,-0.4146869950777498,-0.5976060180653224,1.3803482459131171,-1.818769952371747,0.0469672049895057,-1.8480729393697943,1.2435113929450452,1.4945756906466976,0.5720695946554213,1.2138206149601718,-0.4639425790902887,1.4972228218364174,0.6945355629051677,-0.6596313189209008,0.1813193721865682,,,-1.9037058150570592,-2.025840690487714,0.5671437739424308,-1.033605966161712,-0.4044309651535483,-0.5255423238020868,0.0724810212775169,1.4473951166193884,0.5881241035162506,1.0693308704915492,-0.6891503199317343,-0.7074647463124345,-0.4867753441252573,-0.0569899755473284,-0.0753849433418318,0.2041000503022949,-0.2302910881516143,0.0062067377325117,-0.1982474124184247,0.190942572597681,0.2303457622442916,0.0882044101667166,0.243371978021978,-0.1060298414004295,0.2326437244386161,0.0954439618602931,-0.0750743324700754,0.0213278439333359,0.0,,-0.4514537851037851,-0.277945454433767,0.0987619426583048,-0.1677186020893452,-0.0648841847780702,-0.0741288375367322,0.0108924570871165,0.1918396960882256,0.0813541479762067,0.127742436648319,-0.1391868242868242,-0.1282831266514702,-0.0749778610965916,8,7,7,4,7,5,7,6,8,4.0,3,7,8.0,6.0,8,4.0,,0.0,3,9.0,7.0,6,5,5.0,8,7,8,5,5.0,6,4,7,6,8,7,9,7,3,6,4.0,6,9,6.0,7.0,8,0.0,,4.0,7,10.0,8.0,7,7,8.0,7,5,5,3,6.0,6,3,5,6,3,5,4,6,3,5,3.0,2,7,5.0,4.0,6,0.0,,0.0,2,8.0,4.0,4,4,5.0,7,4,5,1,3.0,3,0,0,0,0,0,0,0,0,0,0.0,0,0,0.0,0.0,0,0.0,,0.0,0,0.0,0.0,0,0,0.0,0,0,0,0,0.0,0
118.5,-0.5610706630327797,-0.5418834182718927,0.942897166247196,-2.4209379528905424,-0.6261421661274476,-2.255948363057829,1.6265669622518526,1.1453603520928115,0.1681601625475435,0.7872522233620163,-0.6513785390101612,1.557576015476906,0.2569297967633092,-0.8108762192963739,0.6764761435004366,-0.5710865033198695,,-1.55364907902964,-2.2166673958732788,0.4076685626459891,-1.4265579805910842,-0.09600886150232,0.1276885602949267,-0.5245957977084219,1.8224176959949157,0.1664870075111618,1.3499167324607495,0.4523829775024357,0.5626901081449681,-1.424951331932688,-0.0739225049460343,-0.0761205168584424,0.1335304120973626,-0.3024838947688019,-0.0895707329735967,-0.2497901460252853,0.2578458372810539,0.1662853044014808,0.0257483571983572,0.1431435926818279,-0.1561557000189354,0.2594492886542422,0.040303580440887,-0.0889885643510255,0.078111038444438,-0.1145269841269841,,-0.3278060717060717,-0.3029301892036411,0.0746372956249117,-0.2194795836516424,-0.0136297370586069,0.0214641169288227,-0.078747689900399,0.2629395614962952,0.0215930742546067,0.1758850835696811,0.096598729048729,0.1017261772541183,-0.2308424836601307,8,7,8,5,7,4,6,7,8,5.0,3,7,6.0,6.0,8,3.0,,0.0,3,8.0,6.0,5,5,4.0,7,5,8,6,4.0,6,4,6,6,8,6,8,7,3,5,6.0,6,8,6.0,7.0,7,1.0,,3.0,8,9.0,9.0,9,6,8.0,6,5,6,4,5.0,5,3,4,6,3,4,3,6,3,4,4.0,2,7,4.0,4.0,6,0.0,,0.0,2,7.0,4.0,5,4,4.0,6,3,6,3,3.0,2,0,0,0,0,0,0,0,0,0,0.0,0,0,0.0,0.0,0,0.0,,0.0,0,0.0,0.0,0,0,0.0,1,0,0,0,0.0,0
119.5,-0.7084524988327977,-0.4929149996115824,1.8541065549765816,-1.548509958606158,0.1645334625533556,-2.271969480977853,2.0453012541670414,0.1547437384904323,0.1319936057097803,1.543259231887711,0.2925485236743825,1.4431183456774008,0.0741377590308996,-0.9949711357719928,-0.0900579186668418,0.2911730598952398,,-1.4292142995272217,-1.006316614707677,0.8105608275698887,-0.8050233254503594,-1.3199285308834283,0.4994037122434493,-0.7361562872974623,1.6837630947671365,-0.6184112565833987,1.3820643270905313,0.1313318026330493,0.2715303992984892,-2.2765482145079607,-0.097015208939667,-0.0750560545663486,0.2667672762565951,-0.190610234914724,0.0231692000465995,-0.2949670767656835,0.3601530030427088,0.0224819259773594,0.0210289058121101,0.2796731048363403,0.0709165917415918,0.2606554866701926,0.0127566605479142,-0.1226693590035695,-0.0101068442061071,0.0664061327561327,,-0.2915670995670996,-0.1272489304637272,0.1505475150150846,-0.1173608926505211,-0.2116392330150069,0.0793526615541322,-0.1215321743615861,0.2528850216776688,-0.077716436788186,0.1579845696615046,0.0280381396381396,0.0497895271395271,-0.3272188398289017,7,8,7,5,7,5,6,7,9,6.0,3,6,5.0,7.0,7,3.0,,0.0,4,8.0,6.0,4,5,5.0,6,6,8,6,5.0,4,5,4,7,9,7,6,6,4,5,7.0,6,7,7.0,7.0,7,3.0,,2.0,9,8.0,9.0,8,6,6.0,4,5,7,5,3.0,7,3,3,7,4,5,2,6,3,4,6.0,3,6,4.0,4.0,5,1.0,,0.0,4,7.0,5.0,3,4,3.0,4,3,7,3,2.0,2,0,0,0,0,0,0,1,0,0,0.0,0,0,0.0,0.0,0,0.0,,0.0,0,0.0,0.0,0,0,0.0,1,0,0,0,0.0,0
120.5,-1.445427605499454,0.6143491084270456,1.5186764786080242,-0.8484947485394804,0.6694230251845354,-0.7481810165204886,2.149573025646379,-0.1122006160722107,0.7028243644691544,1.4473724173568616,-0.7224353790374396,1.341029746188028,-0.2489296443692534,-0.1992038855315701,-0.4907645586690329,0.5956461550666056,,-1.0452489422134636,-0.2371956017777967,0.9263984060238172,0.0307116014281121,-2.0173454990818556,1.018914148876154,-1.067312162144917,2.918991884814743,-0.090331217614995,1.188532331894688,-0.3428231903273587,0.7081859807654232,-1.2893001369803927,-0.1757339240223141,0.0891514097014096,0.2073799488609086,-0.108053918724894,0.0908869973335916,-0.1075594312807936,0.3765061776115183,-0.0170560281909354,0.1087905336837226,0.2275641652808835,-0.1719959796996949,0.2355241343623696,-0.0394718877957267,-0.0249913216642317,-0.0570111473512503,0.1461666944166944,,-0.173727922077922,-0.0318698360799249,0.1605842053629205,0.0044714524897186,-0.3147526014577098,0.1621640331890331,-0.1675183639889522,0.4737752175928646,-0.0122280891880737,0.140475137341159,-0.074420091020091,0.1144736346986347,-0.1939125500832156,7,8,6,7,7,7,6,6,9,6.0,2,6,6.0,9.0,7,3.0,,0.0,5,8.0,6.0,3,7,6.0,4,5,9,7,4.0,4,6,3,7,8,7,5,6,5,4,8.0,7,8,8.0,8.0,8,5.0,,1.0,9,8.0,9.0,8,4,6.0,3,5,7,5,3.0,8,3,3,6,5,6,3,6,3,4,6.0,2,6,5.0,6.0,5,2.0,,0.0,5,7.0,6.0,2,4,3.0,3,3,7,3,2.0,3,0,0,0,0,0,0,1,0,0,0.0,0,0,0.0,0.0,0,0.0,,0.0,0,0.0,0.0,0,0,0.0,1,0,0,0,0.0,0
121.5,-1.2097452186125632,0.4922355359547155,1.144329093212296,0.0944286263773471,0.4916997959295789,-0.1540931572031834,2.1347300485167406,0.0483568583412214,1.4034155227282707,1.5867919462544484,-0.7036431859343841,1.3601796503858057,-0.6372693096961125,0.2160487432373536,-1.5314960641571922,0.515782218487003,,,1.0655767284301358,1.106837363524533,0.6209620751897006,-1.037905238813516,1.1982331667307848,-0.5364449463509351,3.5931639213289692,0.2890812317309885,0.3100037116376348,-0.7045115998875866,0.7337991691954321,-0.9586437857816827,-0.1469323479152426,0.0583839882339882,0.1524542343019896,0.0122481693573025,0.0576438729227428,-0.0216212526036055,0.3649417486452316,0.0069121197773673,0.2227684912696522,0.2796311574046869,-0.1661454188484374,0.2657197105182399,-0.0985217542642667,0.0263128138545322,-0.1805488919621979,0.1293275419025418,,0.0,0.1463442809710443,0.1709887196309023,0.0927147958164985,-0.1725574942601259,0.1877127927627928,-0.074082827793122,0.5131278055278056,0.0355066443704213,0.0379781757973709,-0.1490902192578663,0.1155941974691974,-0.1473989150082802,6,9,6,7,8,7,6,6,9,6.0,2,6,6.0,10.0,6,4.0,,0.0,7,8.0,7.0,4,7,7.0,3,6,10,7,4.0,4,7,2,6,8,8,4,6,6,5,7.0,7,7,9.0,8.0,8,7.0,,0.0,9,8.0,9.0,8,4,7.0,2,7,6,6,3.0,7,4,2,5,6,7,3,6,4,5,6.0,2,6,5.0,7.0,4,3.0,,0.0,7,7.0,7.0,3,4,4.0,2,5,6,3,2.0,3,0,0,0,0,0,0,1,0,0,0.0,0,0,0.0,0.0,0,0.0,,0.0,0,0.0,0.0,0,0,0.0,1,0,0,0,0.0,0
122.5,-1.169506881599025,0.2018049225483864,1.4687756168278656,0.4244081987397712,0.1552803386996286,0.1352024372473102,1.4889291498448174,-0.3029828620270549,0.7802251553422835,1.2542706830690733,-1.5083537690265736,0.5474054922716388,-0.6537435790852836,0.1577665691870031,-0.8027805882716912,0.3392379356506257,,,0.7344355898712761,0.55601686639382,-0.1664604753911699,-0.0238607468639378,1.3426656618109676,-0.1485960324418632,3.3767467121637047,-0.0284715488371271,0.4299851447953182,-0.5511641302946045,2.213956080569452,-0.9194693585518702,-0.1371467836257309,0.0201628704628704,0.2325946646490765,0.0593415406403022,0.0170757601789335,0.021070282332047,0.237520410368785,-0.0462333978027476,0.1279431502965559,0.2280473595032417,-0.3524256375976965,0.1073342296592296,-0.1003535048199135,0.0181893078295152,-0.0883036954495676,0.08643129778718,,0.0,0.1020341671949592,0.0878641880479341,-0.0248653468392632,-0.0043156082909179,0.2048680652680652,-0.0200015976111952,0.4947053391053392,-0.0032204679737187,0.0510708255452837,-0.1130431392137273,0.4008579503829503,-0.1418588706615021,6,8,6,7,7,8,6,7,9,7.0,1,6,7.0,11.0,7,3.0,,0.0,9,9.0,8.0,5,6,8.0,3,7,10,7,5.0,4,7,1,4,8,8,4,6,6,5,7.0,8,6,8.0,9.0,10,8.0,,0.0,9,9.0,9.0,7,3,7.0,2,8,6,6,4.0,7,4,1,4,6,6,3,5,4,5,6.0,1,4,5.0,8.0,6,3.0,,0.0,8,7.0,6.0,4,3,5.0,2,6,6,3,4.0,3,0,0,0,0,0,0,1,0,0,0.0,0,0,0.0,0.0,0,0.0,,0.0,0,0.0,0.0,0,0,0.0,0,0,0,0,1.0,0
123.5,-0.8882820980938488,0.6592089591848653,1.7267613572186784,0.2855123154585787,1.6077748560294924,0.4115251731246421,1.231141203654127,-0.2803955209352784,1.5351742284759806,0.364638675698653,-1.3631765999475174,0.8497452641778472,0.1210652317361505,0.8679879180498531,-1.0200465711087732,-0.0740578901031039,,,1.4345351133447264,-0.0779536632663206,0.2686658366047008,0.2863238913237222,1.563272766755704,0.590712743507517,2.798536351335547,0.4091453571396978,1.0122031748490343,-0.7364620524509391,1.765622443828497,-1.6441110759224429,-0.0980279651377173,0.0914194638694638,0.2801032083929142,0.0418139770704013,0.1851671431080099,0.0616029206002116,0.2203882165649968,-0.0397610640907081,0.2339750930957587,0.0665099609540785,-0.3224063812004988,0.1671424741924742,0.0188074720515122,0.0940753513936444,-0.1177008128778387,-0.0184958786311726,,0.0,0.1922010898334999,-0.0128378685470016,0.0396011828384893,0.0544204077140609,0.2294891608391607,0.089850414781297,0.4150515668971551,0.0480946162196935,0.1187623847858367,-0.156976961600491,0.2953031724811137,-0.2551593736672684,6,7,6,7,8,8,5,5,8,7.0,1,6,8.0,9.0,6,4.0,,0.0,9,8.0,9.0,5,5,9.0,4,9,9,7,6.0,3,8,2,4,8,8,5,5,7,7,6.0,7,5,8.0,9.0,9,9.0,,0.0,10,9.0,9.0,6,2,7.0,3,7,6,6,5.0,7,5,2,4,6,8,4,4,4,7,4.0,1,4,6.0,8.0,5,3.0,,0.0,9,6.0,7.0,4,2,6.0,3,6,6,3,5.0,2,0,0,0,0,0,0,0,0,0,0.0,0,0,0.0,0.0,0,0.0,,0.0,0,0.0,0.0,0,0,0.0,0,0,0,0,1.0,0
124.5,0.3427332729114245,0.8333253886811188,1.4107592131719775,1.4329782796521997,1.5777157461829532,1.0648776565433204,1.2388026433299295,-0.0488206185374393,1.567079430482146,-0.4394533029226117,-2.3315831266887224,0.5134370676480222,-0.4032132644569161,0.946565213654404,0.0778681976858186,0.184870013585374,,,0.354929626806118,-0.0460563301747016,0.705669563777671,0.8175899482054718,-1.0560953283355998,0.8541205892469347,1.414335032028113,0.0351086016648625,1.3760698149656156,-1.3889817252823409,1.8484827577543137,-0.2768700025439878,0.0398363915925836,0.1139336906557495,0.2358800141035435,0.2002442652806429,0.201021994276793,0.1535475411155752,0.2153525233967959,-0.0067182591820766,0.2300363271231692,-0.0811670780200192,-0.5479697304329657,0.0815226596932479,-0.0635515119125799,0.1097477199939946,0.0088752900600693,0.0460773376949847,,0.0,0.0475421013092739,-0.0081782895553019,0.1002066541215921,0.1551821080879905,-0.1369139804639804,0.1283284732725135,0.2113878202894457,0.0042059387550873,0.1577866965937399,-0.3048181886740709,0.2897173868099564,-0.0452839403888165,7,8,7,7,8,8,5,6,8,6.0,0,6,10.0,8.0,8,4.0,,0.0,8,7.0,10.0,6,5,8.0,5,9,8,7,7.0,4,8,4,4,8,8,5,5,8,7,6.0,6,6,8.0,8.0,8,8.0,,0.0,9,9.0,9.0,6,3,8.0,5,6,6,6,7.0,6,6,4,4,7,8,5,4,5,7,3.0,0,4,6.0,7.0,6,3.0,,0.0,7,6.0,8.0,5,1,7.0,4,5,6,2,7.0,3,0,0,0,0,0,0,0,0,0,0.0,0,0,0.0,0.0,0,0.0,,0.0,0,0.0,0.0,0,0,0.0,0,0,0,0,1.0,0
125.5,0.9760893857401992,0.4856141591326957,1.2693891151775378,1.3518366110480544,1.7251911544455838,1.3670809186099455,1.4499207636392863,0.0316941539916583,0.6392029508485069,-1.272332195721084,-1.9470296305244772,0.2802736448775323,-0.3896993653408119,1.4227688326010006,-0.0518332529930875,-0.3442413917226604,,,0.9167437223272576,-0.8161499547840616,0.7139723548063521,1.4207040734304903,-0.702811654125601,1.08157091635295,1.732635741997546,0.6640608400494469,1.0680501004404517,-0.9978221200637742,1.458089204229618,-0.0117800689755449,0.1277686894460887,0.0691347116935352,0.2067649267399267,0.2031482378732378,0.238335802982707,0.199244302592832,0.2375062298210905,0.0045137781551094,0.0912224483750496,-0.2315165674195086,-0.4746499999999999,0.0482934260184259,-0.0588103673588195,0.1852691332403406,-0.0061964761073118,-0.0864124933889639,,0.0,0.1304749658938749,-0.1466727905049886,0.100622183011347,0.2805107338739693,-0.0993015345765345,0.1499865165536218,0.2414258152666047,0.0838790434367833,0.1285699521067169,-0.2008109263285734,0.2007067228866764,-0.0017894901967657,7,6,7,8,8,7,6,7,7,6.0,0,5,11.0,6.0,10,3.0,,0.0,7,7.0,10.0,7,5,8.0,7,9,8,7,7.0,5,7,5,3,7,8,4,6,7,8,6.0,4,5,7.0,6.0,7,8.0,,0.0,9,10.0,9.0,6,4,9.0,6,5,5,7,8.0,7,6,4,3,7,8,4,5,5,6,2.0,0,3,6.0,5.0,6,2.0,,0.0,7,5.0,8.0,6,2,8.0,6,5,5,3,7.0,4,0,0,0,0,0,0,0,0,0,0.0,0,0,0.0,0.0,0,0.0,,0.0,0,0.0,0.0,0,0,0.0,0,0,0,0,1.0,0
126.5,0.767603336015236,0.7404343985493117,1.0393438641270516,0.7552034768865586,0.6494925567480018,1.6346427367848675,1.156606633564782,1.4413201450501787,0.0873081666922011,-1.3918590609553172,-1.60304925713013,-0.1695821548890927,0.1930448392500956,0.8341714246638952,0.2906230536793633,-0.6840725334524436,,-1.0114565531293007,-0.2725859649283224,-1.682850172763129,0.6490550745268518,1.4659211496198867,-0.8754825740539797,1.1297453811057836,1.773420416011394,0.6673414562107479,1.04663629371058,-0.4465713707191268,1.7378568977053297,-0.0268751098548951,0.0935775902803766,0.1026754736319751,0.1500281163281163,0.1213546998752882,0.1013295508842723,0.2418378356937179,0.2002284082876189,0.1722261392986995,0.0124835484948488,-0.2470457555516378,-0.3802694194694194,-0.0284444374253197,0.0290601569397236,0.1049496867339746,0.0328725918732111,-0.1839799755799755,,-0.1756810966810967,-0.0358604801324816,-0.3166282790223192,0.098509672534208,0.2863360319419141,-0.1399264828308946,0.1577125582363973,0.2388839472618885,0.0857570512906427,0.1261187660378836,-0.0887121548386254,0.2497342660779192,-0.0036888129156705,7,7,6,7,7,6,6,7,6,5.0,0,5,11.0,5.0,11,2.0,,0.0,7,5.0,10.0,6,4,8.0,7,9,8,7,8.0,5,7,7,2,6,7,3,6,8,8,6.0,3,6,6.0,6.0,6,6.0,,1.0,10,10.0,9.0,5,5,9.0,6,5,5,7,8.0,7,6,6,2,5,6,3,5,7,5,2.0,0,3,6.0,4.0,6,1.0,,0.0,6,3.0,8.0,5,2,8.0,6,5,5,4,8.0,4,0,0,0,0,0,0,0,0,0,0.0,0,0,0.0,0.0,0,0.0,,0.0,0,0.0,0.0,0,0,0.0,0,0,0,0,0.0,0
127.5,-1.176268699422546,1.0943752101090236,0.8417615671067523,1.2283164285676351,0.2882521500732894,1.4647363872076382,2.1188271931974265,2.0480757132973832,-0.715755718118296,-2.562167090848897,0.8003752848642249,0.4220609555699723,0.520850565394459,0.8745078608611123,0.1554579361413762,-0.6495514621587072,,-1.4517160641600269,-1.0597127931220025,-1.537980621605516,0.3794853682995712,0.9166025415533,-0.1258058444029291,0.8359000875169962,1.2219698514594652,0.1747462777845514,0.3217265891759205,-0.0137526147738049,1.0703104584711096,0.5474623644592259,-0.139446911009527,0.1474051480597147,0.1298451492951492,0.1951885325458855,0.0449817383339056,0.2165823036440683,0.3562391942594729,0.244168752137096,-0.1065633678842656,-0.4247031337943101,0.1643090076590076,0.0744449152155034,0.0783195765964341,0.103597805479694,0.0172454297594391,-0.1640924186924187,,-0.2907932178932179,-0.1362339936741741,-0.2850231427241489,0.0582931842409395,0.1785858587490941,-0.0177261686885525,0.1226487672544174,0.1702374352084105,0.0237153708520581,0.0407925198984022,-0.0027490684152448,0.1382472078489106,0.0765277559557746,6,6,7,8,8,6,6,6,7,3.0,1,4,10.0,5.0,11,2.0,,1.0,7,4.0,8.0,7,5,7.0,8,7,7,6,7.0,6,7,7,3,5,7,3,6,7,7,7.0,3,7,6.0,6.0,5,6.0,,2.0,9,10.0,9.0,4,7,9.0,6,5,5,7,9.0,7,4,6,3,5,6,3,6,6,4,1.0,1,4,6.0,4.0,5,1.0,,0.0,5,3.0,7.0,4,4,7.0,6,4,4,4,7.0,5,0,0,0,0,0,0,0,1,0,0.0,0,0,0.0,0.0,0,0.0,,0.0,0,0.0,0.0,0,0,0.0,0,0,0,0,0.0,0
128.5,-0.8056969235374787,1.081224609563984,-0.5009280800534639,0.9913913542591268,0.0894852648930908,1.025144159224474,1.3808609185312588,1.8683738060138857,-1.579951789631764,-1.7401152381667375,0.7725977071582796,0.3926818696951327,1.140951794969871,1.6175872432234997,0.6456955804231717,-1.6039326266926972,,-1.51084075050512,-0.4730607158122274,-2.242422084707844,-0.2064324301605528,0.9541569147635636,-0.4261371327336961,0.3643563268493439,0.3468968330805473,0.4038269285989283,1.3256302684617385,-0.8873971353853192,0.8863187218073959,1.145587021712586,-0.1064989898044851,0.132613787425165,-0.0733348373848374,0.1664161505161505,0.0126522997126712,0.1331946455505278,0.2383448671040001,0.2460229653387546,-0.2339825648036173,-0.2614847920311544,0.157699506049506,0.073870977225389,0.176678199741435,0.2233852437122562,0.0835054763348107,-0.4004501776001776,,-0.2828076479076479,-0.061638388627122,-0.4048980545340451,-0.0304987087473929,0.180440027456204,-0.0560496043086599,0.05117877481136,0.0475868525695151,0.0520944187219729,0.1629649038869628,-0.1739819468113584,0.1249914767379164,0.1493358035239614,7,7,7,7,6,7,6,7,6,3.0,1,4,9.0,6.0,11,1.0,,2.0,8,3.0,9.0,7,6,6.0,7,7,8,5,8.0,8,6,8,3,4,7,4,6,5,5,8.0,3,7,6.0,6.0,6,5.0,,2.0,9,10.0,8.0,4,8,9.0,7,6,5,7,8.0,8,4,7,2,4,5,3,5,5,2,2.0,1,4,6.0,5.0,6,0.0,,0.0,6,2.0,6.0,4,5,6.0,5,5,5,3,7.0,7,0,0,0,0,0,0,0,1,0,0.0,0,0,0.0,0.0,0,0.0,,0.0,0,0.0,0.0,0,0,0.0,0,0,0,0,0.0,0
129.5,-1.3540440795423403,0.5593742165869248,-0.1775098700729019,1.312333687499461,-1.1147760606095791,1.4359106004319553,1.243702102608684,1.9868182564375363,-2.777196357212917,-1.849509793062516,1.073549137368656,0.4716550396649151,1.2341505238778294,1.542145762945875,0.8015633736141538,-1.4631817007245689,,-1.4999797120637992,0.4279620255939643,-2.498616581932271,0.4755727341575392,0.1014870855311199,1.3147997571827224,0.1912194313847985,-0.8241979679284699,0.5207471778841272,1.01753565347716,-0.4295234198551806,0.4982203168630097,0.6684992760012385,-0.1834268861685271,0.0754065986730847,-0.0274740093240093,0.2012464757464757,-0.1658216557951852,0.1919596841926564,0.2182358391006998,0.2740889513737036,-0.4446873679210365,-0.2587489494165964,0.2398067349317349,0.1030569481172422,0.2047421637186343,0.2239557930545545,0.0971653542192241,-0.3585657675657676,,-0.283268253968254,0.0598864717755583,-0.4579199584471254,0.0696801851743028,0.0177323708970768,0.1869146032158415,0.0286968807164629,-0.1194217752663573,0.0649376361942152,0.1269603163176693,-0.0798164611532259,0.0720049800560637,0.0893374215395886,6,7,6,6,5,6,5,6,5,2.0,2,5,7.0,7.0,10,0.0,,4.0,9,2.0,7.0,8,7,6.0,5,5,8,3,8.0,9,6,7,3,3,6,5,5,4,6,8.0,4,6,4.0,7.0,6,4.0,,2.0,8,8.0,8.0,4,8,8.0,6,7,5,7,7.0,8,3,6,2,3,3,4,4,4,1,2.0,2,4,4.0,6.0,6,0.0,,0.0,7,1.0,6.0,3,7,5.0,3,5,5,3,6.0,7,0,0,0,0,0,0,0,1,0,0.0,0,0,0.0,0.0,0,0.0,,0.0,0,0.0,0.0,0,0,0.0,0,0,0,0,0.0,0
130.5,-0.7201622475495386,1.8500922586844732,-0.6302772363654683,0.2324559284576303,-2.3957973637523025,0.6047028509378621,0.3219921772035732,1.9381380983762684,-1.2112685718948184,-2.663775458352026,0.1717872340928688,1.071757096284203,2.3177515079896067,1.2405636779743503,0.5006640654446953,-1.4936422260328164,,-0.775550542733226,-0.1235646582268069,-1.8759512716360964,-1.0658961850027169,0.0121747368045029,-0.2163694530095237,-1.167594541695307,0.2103972410459094,0.5489913697669178,1.715361503773827,-2.2529249810513248,0.769962334462413,0.1262738221271057,-0.0929867055373248,0.2526863242880269,-0.0884567091405327,0.0343735042735042,-0.3145632674171373,0.0733831984492976,0.0568571278652547,0.3019563475224467,-0.1827505674150409,-0.4155666695189915,0.0407754273504272,0.2415604715545892,0.3543535969792161,0.1590845579739206,0.061157103675777,-0.3399921633921634,,-0.1552466921966921,-0.0169547565523571,-0.3427613863260922,-0.1569763130660189,0.0020126358935182,-0.0289042119988715,-0.1663250667890761,0.0283314785403795,0.0658875407186552,0.2075496639841066,-0.4413195588725,0.1105209111751682,0.0199065328118733,7,7,6,5,3,7,4,7,8,2.0,2,6,6.0,9.0,10,0.0,,6.0,8,2.0,6.0,7,8,4.0,5,5,7,4,8.0,9,6,7,5,3,7,7,6,5,6,8.0,5,6,5.0,9.0,8,4.0,,3.0,8,6.0,8.0,4,8,7.0,6,7,6,6,7.0,7,4,7,3,2,2,5,3,5,3,1.0,2,5,5.0,8.0,7,0.0,,1.0,6,1.0,4.0,3,6,3.0,4,5,6,1,6.0,6,0,0,0,0,0,0,0,1,0,0.0,0,0,0.0,0.0,0,0.0,,0.0,0,0.0,0.0,0,0,0.0,0,0,0,0,0.0,0
131.5,-0.8153954831345479,1.1813630074402424,-1.2882770093695273,0.929042352132935,-0.0500238995029346,-0.3436738212814512,0.4600696369143152,1.6492499561819716,-1.040668602160325,-1.546921474451111,-0.4204881324340399,1.2072771721496791,1.929560018978617,1.814016560440988,0.5445554269546008,-1.6722896413731871,,-0.1195827746898828,0.3097677767041965,-0.7501912943300829,-0.2950804604607238,-0.5053849279967397,0.2584784267660206,-1.226479989613574,-0.2264011514213088,0.5217606952488033,1.4396922957450422,-1.473792108848972,0.208755291457318,1.0257420664425083,-0.1125372884425515,0.1689823206205559,-0.1863212332301341,0.1278873765123764,-0.0071061995538002,-0.0392467408236757,0.0823463961820771,0.2799140407494122,-0.1682883843624555,-0.2442116151822033,-0.0994240212401976,0.288960212010212,0.265682599753188,0.2266296769655466,0.0623759085117781,-0.4080149406149406,,-0.021447286047286,0.044262677295185,-0.1239982039202627,-0.0438383657965701,-0.0790793911970381,0.039598266009876,-0.1718944893599692,-0.030374753179397,0.0653427917369867,0.1869936667907256,-0.2761503134120782,0.0306059141151245,0.160549510826291,6,7,6,5,4,6,4,6,8,3.0,2,6,6.0,9.0,9,0.0,,8.0,8,4.0,7.0,7,8,4.0,6,5,8,4,8.0,9,5,5,6,4,7,8,5,4,6,7.0,6,4,4.0,9.0,8,4.0,,4.0,8,5.0,8.0,5,7,7.0,6,7,7,7,6.0,7,3,5,3,3,4,5,3,4,3,2.0,2,4,4.0,9.0,7,0.0,,2.0,6,2.0,5.0,3,6,3.0,4,5,7,2,5.0,7,0,0,0,0,0,0,0,1,0,0.0,0,0,0.0,0.0,0,0.0,,0.0,0,0.0,0.0,0,0,0.0,0,0,0,0,0.0,0
132.5,0.4986983370378364,1.9542303779097812,-2.397235210984638,1.299071366138055,-0.3141620083681042,-0.4602485071596113,-0.8962502280025847,0.9720745335351808,-0.6018641061584022,-0.1610361985852624,-1.3257538148725656,1.4101167146866735,1.558324845409144,1.3630921030706638,0.239727842322301,-1.4395076283998862,,0.388219298934402,-0.2462579760861595,-0.7909716476637865,-0.489645951177847,-0.2664110578348889,0.4571262732027574,-2.642672652175502,-0.6484396272405819,0.0679069655630973,1.135990537861692,-2.470940675092113,0.1674527607860657,1.4030854406304158,0.0664529583333762,0.2617926160870434,-0.3073777136176516,0.1852384904311376,-0.050061194378377,-0.0550290373712973,-0.1502409297015334,0.1487752272065741,-0.0932023848528491,-0.030064234458352,-0.3192433301992124,0.3194514596514597,0.2257287034860564,0.1641743233356134,0.0280276694202133,-0.3426531746031746,,0.0872269563769564,-0.0364308038796428,-0.1221365520100813,-0.0728148630437329,-0.0380029056340975,0.07014701477573,-0.3689391073838442,-0.0848676135697806,0.007725277792383,0.1433988934783826,-0.4485794352706118,0.025065940105646,0.2543074289229863,6,7,6,4,3,6,3,7,8,4.0,1,5,7.0,10.0,8,0.0,,9.0,7,4.0,6.0,6,8,4.0,7,7,8,4,9.0,7,5,6,7,6,6,8,6,6,6,6.0,6,3,4.0,9.0,9,3.0,,4.0,6,5.0,9.0,7,7,8.0,6,8,6,7,5.0,6,4,6,3,4,3,5,2,5,4,3.0,1,3,4.0,9.0,7,0.0,,3.0,4,2.0,5.0,4,6,2.0,4,6,6,1,4.0,6,0,0,0,0,0,0,0,1,0,0.0,0,0,0.0,0.0,0,0.0,,0.0,0,0.0,0.0,0,0,0.0,0,0,0,0,0.0,0
133.5,-0.1998005124701338,0.0636142557975047,-2.302635905936698,0.8260839629214272,-0.0628027836407736,-0.118837793146127,-1.2301056614927284,1.7884087195089362,0.2853406670567477,-0.0506240949688932,-0.6743029364798946,1.4904991894180564,1.1539573280174558,0.703685998945813,1.3126375151537062,-1.1330851019381507,,-0.2352217094485898,-0.6145811283202617,0.2085918528267596,-0.6550543894274558,-0.1435105292059197,0.0213073224381522,-1.7936437422574945,0.6244426776332016,-0.4568356404440692,0.1883283737558505,-0.881632291308961,-1.0040950086787377,1.3592445136014124,-0.0281814009605806,0.0087236371471663,-0.3056109803079617,0.1264696773814422,-0.0090824413546549,-0.0173186886986422,-0.1974886915629949,0.225197772826626,0.0462968165664221,-0.009296762877645,-0.1556118431276326,0.3072305305805305,0.1632407218426569,0.0839518327542993,0.1452580000681629,-0.2575894660894661,,-0.0577633255633255,-0.0844809304472616,0.0351395201204024,-0.0932438296750587,-0.0202609319902663,0.0032825621488933,-0.2625470785406543,0.0929209452827873,-0.0528190177383676,0.0252044130705895,-0.1793535689800395,-0.1608182428682428,0.2592414831900126,6,7,6,4,4,6,2,7,8,4.0,2,6,8.0,11.0,9,1.0,,9.0,7,5.0,5.0,7,9,5.0,7,8,7,7,8.0,6,6,5,7,6,7,6,7,8,8,6.0,7,3,5.0,8.0,10,2.0,,5.0,5,6.0,10.0,8,7,8.0,5,8,5,6,4.0,4,4,4,3,4,4,4,2,7,6,3.0,2,3,5.0,8.0,9,0.0,,3.0,3,3.0,5.0,5,6,3.0,4,6,4,3,2.0,4,0,0,0,0,0,0,0,0,0,0.0,0,0,0.0,0.0,0,0.0,,0.0,0,0.0,0.0,0,0,0.0,0,0,0,0,0.0,0
134.5,-0.1678397745581973,-0.2430435400073881,-2.1886008513393573,0.592582556639033,-1.0334450168233145,0.0110122836027395,-1.911734633990751,1.0887014104513333,0.5530286677240432,0.7555836763576305,-1.4326086956298694,1.34167689864263,0.3780361078983337,0.2302490968689657,0.8061072658303406,0.2541744091318349,,,-1.394099496179555,0.7242578587543574,-1.3340765588411836,-0.158673519777385,-0.0794120415342854,-1.3468355660170923,0.1244642105406409,-0.7479049510468543,-1.2476103585498133,-0.3044164646579409,0.6266607493031352,1.5811220186860797,-0.0222968679239576,-0.0329288776067413,-0.2871398637138576,0.0795927780166169,-0.1596471263514607,0.0015467020423676,-0.2870456446718056,0.132727594072893,0.0871282525008533,0.1550311133311133,-0.3355087074690016,0.2910298534798534,0.0519930829662254,0.0262565387854691,0.095915341809594,0.0612046176046176,,,-0.1774858092200197,0.1305313974982704,-0.1912742802164259,-0.0210177495975854,-0.0125522124590236,-0.1874012872490427,0.0187070767467826,-0.0940288427173103,-0.1615642752758077,-0.0678759193420959,0.099209256919551,0.2983280167544873,6,7,5,6,6,6,2,6,8,5.0,1,6,9.0,9.0,9,2.0,,,5,8.0,4.0,5,7,5.0,8,8,6,8,9.0,5,6,6,8,8,7,6,8,8,7,4.0,7,3,7.0,9.0,8,3.0,,,5,8.0,10.0,10,7,9.0,5,7,6,6,4.0,3,4,4,3,6,4,4,2,6,6,3.0,1,3,6.0,7.0,7,1.0,,,2,6.0,4.0,5,5,4.0,4,5,3,4,4.0,3,0,0,0,0,0,0,0,0,0,0.0,0,0,0.0,0.0,0,0.0,,,0,0.0,0.0,0,0,0.0,0,0,0,0,0.0,0
135.5,-0.4746295994312672,-1.123485577346746,-1.9774863284943571,0.1466615779319074,-0.0349692147660082,-0.1994671272548332,-3.1997281744160864,1.0584187835019874,1.072826512455652,1.7339821988359525,-1.3138121164089736,0.651961936447725,0.0561142790720491,-0.8259207248980865,0.6772539378911143,0.6174920644477822,,,-1.34390951582773,0.3497803924985609,-0.6162219872100573,-1.0036590600871107,0.9243649176951662,-0.1075860671990895,-0.1248920682376569,-1.4276291019540597,-1.6544644333516794,0.1666828014915544,0.6628083116729586,2.390729813681458,-0.0618792416389939,-0.1476037588056937,-0.2832518393800901,0.0180779910577899,-0.00551219244292,-0.0259864654437409,-0.4813149356405548,0.1302939323662234,0.1715697576484628,0.3722489454989454,-0.3169125781081663,0.1509847707847708,0.0084257860302752,-0.0980894948017238,0.0926883470159012,0.1396861471861472,,,-0.1914733428594108,0.0631015947932357,-0.0907160349129491,-0.1311768072238257,0.1526409074585544,-0.0146946105923659,-0.0169469708997571,-0.1684681103897822,-0.2095374770396441,0.0368433039183039,0.1139871212121211,0.4058057498057497,6,8,6,6,7,6,2,5,8,5.0,1,4,8.0,8.0,8,3.0,,,5,9.0,5.0,4,8,7.0,8,7,7,8,9.0,4,6,6,7,9,7,7,8,7,8,4.0,6,3,7.0,8.0,6,2.0,,,5,9.0,10.0,10,6,9.0,5,7,6,5,4.0,3,4,4,3,6,5,4,1,5,7,4.0,1,2,5.0,5.0,5,1.0,,,2,7.0,5.0,4,6,6.0,4,4,3,4,4.0,3,0,0,0,0,0,0,0,0,0,0.0,0,0,0.0,0.0,0,0.0,,,0,0.0,0.0,0,0,0.0,0,0,0,0,0.0,1
136.5,-0.8041826104460977,-0.5209799699117291,-1.615307454474425,0.5152486007394279,-0.6295569062108367,0.7701906312108113,-4.044887121425561,0.5308420776199623,1.4368420042280476,1.9832700664856675,-1.2689059107403502,0.7830099111140485,-0.8587393655165139,-1.5589636656987698,0.8133077650589972,1.0125613208188216,,,-1.543310396971313,0.5502103665798942,-0.5844552057156892,-0.1542017421147519,0.9285281893126156,-0.2385030327526456,0.4522068684611808,-2.2210208302252203,-2.7870267391403196,0.7262310187755914,0.8997550244325423,2.593107747366629,-0.1136943397160115,-0.0682328241246198,-0.1985087233457977,0.0659903425350019,-0.0991043760161408,0.0991353671784013,-0.624463276102982,0.0684530314800438,0.2214740867644791,0.399666439116439,-0.3142375737008089,0.1556237123987124,-0.1307189125460024,-0.2013799171159077,0.1067286316194985,0.1879460317460317,,,-0.2327202571937865,0.0998900532903628,-0.0874594240521149,-0.0208045008912656,0.1309686567044925,-0.0318779485220661,0.0602847610851481,-0.2997327983162348,-0.3557087358719711,0.1566800477300477,0.1528304279054278,0.4299197746697746,7,9,7,7,6,7,2,6,7,5.0,1,4,6.0,7.0,10,5.0,,,4,9.0,5.0,5,7,7.0,8,7,6,8,7.0,4,6,8,8,8,5,6,6,7,8,4.0,6,5,8.0,6.0,5,1.0,,,6,10.0,10.0,10,7,9.0,6,5,4,4,3.0,3,4,6,4,6,3,5,0,5,7,4.0,1,3,4.0,3.0,5,1.0,,,2,8.0,5.0,5,6,6.0,5,2,1,4,3.0,3,0,0,0,0,0,0,0,0,0,0.0,0,0,0.0,0.0,0,0.0,,,0,0.0,0.0,0,0,0.0,0,0,0,0,0.0,1
137.5,-0.4650274406798574,-1.1997257757394633,-2.48251200212661,0.0361960954671733,-0.6748039945992057,0.5536342667735109,-2.7058200031343045,0.002000080937445,1.5318590724199668,0.4421122551014675,-1.1624874941917338,1.054674289572593,-1.8232223158412113,-2.1375953389217397,-0.2792637706379174,0.5087301065817685,,,-0.7179318336088164,0.7795659246055447,-0.1558357486968265,0.0837269387702201,0.5657317397081425,1.2050655307832845,0.0949536678783677,-2.6549400147116047,-3.5475018013555384,0.6239398345024779,0.3158646042636332,1.7000477395379925,-0.0652177967629205,-0.1562496703846548,-0.3342298206351612,0.0040785556205059,-0.1046850980718627,0.068479353017124,-0.4052780805967338,0.000263211745255,0.235394351362133,0.0909802863802864,-0.289639284081931,0.2121885336885337,-0.2604408630756928,-0.2672188906466771,-0.0344722348600831,0.0995198412698412,,,-0.0997126598719477,0.1424680932328764,-0.0223992398886765,0.0118955729942573,0.0784643107666328,0.1631933496156407,0.0123693161413749,-0.3494326843091548,-0.4396593759181994,0.1251527361527361,0.0503799589299589,0.3047449775714481,7,9,7,8,7,6,3,6,7,6.0,1,6,5.0,7.0,10,7.0,,,5,8.0,6.0,5,6,8.0,8,6,5,6,6.0,5,6,7,7,8,5,7,7,6,8,4.0,6,6,8.0,5.0,5,1.0,,,8,10.0,10.0,9,7,9.0,6,4,5,4,4.0,3,4,5,3,6,3,5,1,4,7,3.0,1,5,3.0,2.0,4,1.0,,,4,8.0,6.0,5,5,8.0,5,1,1,3,3.0,3,0,0,0,0,0,0,0,0,0,0.0,0,0,0.0,0.0,0,0.0,,,0,0.0,0.0,0,0,0.0,0,0,0,0,0.0,1
138.5,-0.5636582255405331,-1.1885149106827362,-0.5240680843660204,0.191407672058817,-0.6708934781247962,0.2036509235448922,-1.344786226048751,-0.8485467930326991,1.046952411027832,0.2242232893254784,-1.0475929105142003,1.1418017337541662,-2.671655976014129,-1.2985117088121538,-0.8427260999438593,0.268441392072766,,,-0.2248933878806987,1.2811716780198248,0.1700389467942997,-0.73143416762614,0.6442365984513284,0.271208990165542,0.4100925288857289,-0.4565385126580113,-2.301313306609856,0.7723886951771829,0.3241917779619492,1.4748162106086873,-0.0756443874752698,-0.1585558389409008,-0.0672241763654303,0.0232045023346105,-0.105806968031968,0.0217788699473752,-0.20729306093803,-0.120322952529067,0.1581475096197232,0.0465579809079808,-0.2539795312530607,0.2186230713730714,-0.3995990984333863,-0.1487259683213244,-0.1275422758098455,0.0592777777777777,,,-0.0310923428391055,0.2229514064882486,0.023614665159402,-0.1115671324891138,0.0910867046266428,0.0415306347247523,0.0530709715808787,-0.0608310000371146,-0.2769237156634215,0.1385131646131646,0.0452923844129726,0.2640956238206239,8,9,7,8,8,6,4,6,6,6.0,1,5,4.0,6.0,9,8.0,,,5,10.0,6.0,5,6,9.0,8,6,6,4,6.0,6,4,7,7,8,3,9,6,6,8,5.0,6,7,8.0,6.0,5,1.0,,,9,9.0,9.0,9,7,7.0,7,5,5,3,4.0,4,3,5,5,6,2,6,2,3,6,3.0,1,5,2.0,3.0,3,1.0,,,5,9.0,6.0,4,5,6.0,6,3,2,2,3.0,4,0,0,0,0,0,0,0,0,0,0.0,0,0,0.0,0.0,0,0.0,,,0,0.0,0.0,0,0,0.0,0,0,0,0,0.0,1
139.5,-0.574400963120247,-0.7296956562745807,0.3020160711370072,-0.1797781287047668,0.63067646716454,1.0557241157110218,-0.4667577513590216,0.0084934076023223,0.9382254688081192,0.3849661843263465,0.1571815992741435,0.6096690873351526,-1.9242336851855335,0.318626904711726,-1.6511693288707228,,,,0.3927990847665373,1.323882203805042,0.3761522004971162,-0.1921523765983873,0.3990307682370068,0.0893797090495943,-0.3728702217577656,0.3034701189232792,-0.6481546879587322,-0.230950555722998,-0.8179191844085122,0.9704006920305636,-0.0754741877403641,-0.0856779953105029,0.0423987158696137,-0.0246648042531943,0.0906324508824508,0.1185461442380476,-0.0741203958923772,0.0011143487833116,0.1451876309105411,0.0763957527766351,0.0384428488178487,0.1091723550958845,-0.2896905786765694,0.0422105799257501,-0.2326081721220703,0.0,,,0.054530221487655,0.2421111358971266,0.0529938589446329,-0.0286969978336076,0.0560375502034945,0.0133197294535528,-0.0461209347927614,0.0395902256154577,-0.0851002218369866,-0.0417560217560216,-0.1130688788335847,0.1702161305842421,7,9,7,7,8,7,5,6,6,6.0,2,6,6.0,9.0,7,7.0,,,7,8.0,8.0,6,7,8.0,8,7,8,2,5.0,7,3,8,6,7,3,9,6,6,8,6.0,5,7,8.0,6.0,7,0.0,,,10,9.0,9.0,9,7,7.0,7,5,5,3,4.0,6,2,6,5,5,3,7,3,4,6,4.0,2,5,3.0,5.0,3,0.0,,,7,8.0,7.0,5,5,5.0,5,4,3,1,2.0,5,0,0,0,0,0,0,0,0,0,0.0,0,0,0.0,0.0,0,0.0,,,0,0.0,0.0,0,0,0.0,0,0,0,0,0.0,0
140.5,-1.266225907821798,0.0961813587131952,-0.0693474814509351,-0.8370644752205336,1.3551871067018453,0.338017112132313,0.1116847591370125,0.396328885072604,-0.1788970867795792,0.5589820077887178,0.5626752581451069,0.5830519970720361,-1.2354519400776045,0.5288888750783708,-1.3819462605619224,,,,0.4020640007042027,1.269013289092377,0.8053896084342619,0.8927238380220155,-0.0283225285409005,0.3979159958462608,-1.7128025369995157,0.6451206516668089,-0.3760650074500156,-1.0128847647626795,-1.7018199137880254,0.8597070942603469,-0.1507920301920302,0.0120974176837953,-0.010500802560013,-0.1213532074135015,0.1788129999085881,0.0408143157753839,0.0165120217244055,0.0505731541162655,-0.0259000493762978,0.1012683396668691,0.1355553080906021,0.1115593524122936,-0.1891412400808686,0.0725319501104331,-0.1681161512313235,0.0,,,0.055017161239846,0.2234647343884185,0.1181641416890643,0.1427364526254618,-0.0033916440027121,0.0548028835543542,-0.2091635696604736,0.0849160252887807,-0.0478511251820075,-0.1884299311799311,-0.2593599511599511,0.1383794770846629,8,8,8,8,8,7,5,7,4,7.0,4,6,6.0,9.0,8,8.0,,,8,8.0,8.0,8,7,8.0,8,7,8,2,7.0,8,2,7,6,6,4,7,7,7,8,7.0,5,7,8.0,7.0,9,0.0,,,9,9.0,8.0,8,9,6.0,7,6,4,4,3.0,7,1,6,5,4,4,5,4,5,4,5.0,3,5,4.0,6.0,5,0.0,,,7,8.0,7.0,7,6,5.0,4,5,3,1,1.0,6,0,0,0,0,0,0,0,0,0,0.0,0,0,0.0,0.0,0,0.0,,,0,0.0,0.0,0,0,0.0,0,0,0,0,0.0,0
141.5,0.255442947522811,-0.9898192742493426,0.2566481387746513,-1.1603282249921432,1.3978898974893956,1.3262241859757515,0.5186849651867106,0.3933959464290416,-0.6239279305824248,0.3521066255106296,0.8202077135016433,0.0457194696614048,-0.3301316949203136,0.6282832986166383,-0.8273332553669349,,,,1.198394945541457,0.7076763223060357,0.1454634067091361,0.5922168580666881,0.970128299864834,0.4222924707715282,-2.513647704018549,-0.2003613144966056,-0.5171101081904109,-2.46836297259839,-1.334322835929574,0.5775457768451778,0.0244305028305028,-0.131762665619554,0.0418787869852885,-0.1476419454126885,0.1902338362617774,0.167058615034776,0.0738840254258984,0.0493823289455642,-0.0943786460014014,0.058927890985863,0.1966005605505605,0.0081427523714675,-0.0472958945808085,0.0755849086993083,-0.093822899027133,0.0,,,0.1599274936961604,0.1245606676605128,0.0219117492844272,0.098672129315473,0.1238265121015895,0.0582778194028195,-0.3343142644764936,-0.0243700560877031,-0.0609411483940895,-0.5193819957819957,-0.227655106005106,0.090260610433598,8,8,8,6,8,7,5,6,3,7.0,5,5,8.0,10.0,7,7.0,,,10,8.0,9.0,8,7,8.0,5,7,9,2,8.0,8,1,8,6,8,5,7,8,7,7,8.0,4,8,9.0,9.0,10,0.0,,,10,7.0,7.0,7,9,6.0,6,7,5,4,3.0,7,1,5,5,4,5,6,5,5,3,5.0,3,4,6.0,8.0,6,0.0,,,9,6.0,6.0,6,7,5.0,2,5,4,0,1.0,6,0,0,0,0,0,0,0,0,0,0.0,0,0,0.0,0.0,0,0.0,,,0,0.0,0.0,0,0,0.0,0,0,0,0,0.0,0
142.5,0.2585497070439302,-1.657193647330713,0.7484396233056425,-1.0226031078811928,1.496391226446951,0.5511164642618384,1.0642772441724573,0.9511683878380224,-0.9680373260562553,0.4203529470981418,0.7271567656075604,-1.0227973396380263,-0.2521810712038313,0.1590282387136156,-0.0215290552726648,,,,0.8953117406873832,-0.2465596007884156,1.273195734733955,1.0774002707232582,-0.1020458708686908,-0.7072641311873515,-2.0783717882754353,0.172021277197696,0.2008401924281695,-2.005086929385111,-1.7363215965528491,0.9246608700437764,0.0243768731268731,-0.2167540290634718,0.1178722625413802,-0.1375700674798198,0.2241504232265843,0.0632641640179566,0.1543329690777058,0.1158696482683794,-0.1539807810610443,0.0681318039287853,0.1598412143412143,-0.2097655303846479,-0.0385486455924536,0.0179442411882847,-0.0023977614146372,0.0,,,0.128786122767318,-0.0428803133227281,0.1947072446731116,0.1755325328008764,-0.0138747418817851,-0.1139013537116478,-0.2958036379942725,0.0234391407611995,0.0239002675429145,-0.4305122599622599,-0.2790959096459096,0.1492740095130188,8,7,8,6,8,6,5,6,4,6.0,6,4,9.0,10.0,6,7.0,,,9,9.0,8.0,8,8,6.0,4,8,10,3,8.0,7,1,7,5,7,6,7,7,8,5,8.0,4,6,8.0,10.0,9,0.0,,,9,7.0,7.0,8,8,6.0,6,6,5,3,3.0,7,1,4,5,4,6,5,5,6,2,5.0,3,2,6.0,8.0,6,0.0,,,8,5.0,7.0,7,6,3.0,2,5,5,0,1.0,6,0,0,0,0,0,0,0,0,0,0.0,0,0,0.0,0.0,0,0.0,,,0,0.0,0.0,0,0,0.0,0,0,0,0,0.0,0
143.5,-0.799615044560227,-0.2765287504825784,0.7647245035213891,-0.7612801370395753,1.3789810230091517,-1.3730288932303971,0.7739145625227981,0.976180698295569,-1.0056073147899671,0.7689709313686802,0.432592680575353,-1.4764249351714225,0.2100049023704407,0.4839619040280261,0.6696035956668471,,,,0.9630367475572754,-0.4629012005758775,1.307662510559344,0.6770466975168582,-0.6394516552957671,0.0808297579933247,-2.096712752971579,-1.5763161380971256,-0.7967641858008899,-1.3011984837997568,-2.4303688168658306,1.1642128596456438,-0.0986276945276945,-0.0390456502991332,0.119298489582313,-0.1029926704272679,0.2001142100245815,-0.1886771659455096,0.1149450050293704,0.1175568960738935,-0.1633098286388534,0.135233660130719,0.0920317293817293,-0.2999225829725829,0.0310970267005097,0.0535473692648714,0.0748187333576968,0.0,,,0.1375740858493147,-0.0814836143560601,0.1806029052303046,0.1082287294576769,-0.0805541872901779,0.011700361214293,-0.3150088146201922,-0.1861974323492125,-0.0876775719636401,-0.2707303973803973,-0.3434117438117438,0.1802650471389636,6,7,8,5,8,6,5,6,5,5.0,7,4,10.0,10.0,7,6.0,,,9,8.0,9.0,7,7,6.0,5,6,8,4,8.0,8,2,7,5,8,7,6,6,8,5,6.0,4,5,8.0,9.0,9,0.0,,,9,8.0,8.0,8,8,8.0,6,6,6,4,2.0,8,1,5,5,4,7,3,4,6,2,4.0,3,1,7.0,8.0,7,0.0,,,8,5.0,8.0,6,5,5.0,2,3,4,1,0.0,7,0,0,0,0,0,0,0,0,0,0.0,0,0,0.0,0.0,0,0.0,,,0,0.0,0.0,0,0,0.0,0,0,0,0,0.0,0
144.5,-0.0259456233292916,-0.3226925094819552,0.7703622498967758,-0.6711782301145773,1.3092338431878157,-0.6246617634233277,0.0919616557558707,1.2898535299503282,-1.0030178811398136,0.5491281001901605,-0.281855918100939,-1.994999754491352,0.6608077603639992,0.0104433311050993,0.971582467436122,,,,1.0520952507286407,-1.036814079405323,1.6475793801044052,1.6465545159514847,-1.7254764006018135,-0.4350326712713668,-1.0610885805778514,-1.8372729078295895,-1.1182701235771968,-0.8603889252227394,-1.0615202067389795,0.8719132816869515,-0.0034333765907295,-0.0497628100142032,0.1189775913628854,-0.1014336418998959,0.1927472704969609,-0.078120430189006,0.0150984384810236,0.172459324464665,-0.153595080478517,0.1011549672549672,-0.0583078588078587,-0.42500555000555,0.0962548109956777,0.0012336286617616,0.1060719697682404,0.0,,,0.1450412461556929,-0.1717243111807352,0.2430563003817647,0.2883235775060853,-0.2255569952922894,-0.0590573138505801,-0.166617344557747,-0.2177460562828984,-0.1248532215118902,-0.1793022366522366,-0.1554546231546231,0.1423038354748106,6,5,8,5,6,5,5,6,5,5.0,7,4,10.0,9.0,8,5.0,,,9,7.0,7.0,7,5,6.0,5,6,8,5,9.0,7,3,5,4,7,7,7,5,6,5,5.0,4,3,7.0,9.0,10,0.0,,,9,9.0,6.0,6,7,9.0,5,6,6,3,2.0,7,2,3,4,4,6,4,3,5,2,3.0,2,0,7.0,7.0,8,0.0,,,8,4.0,6.0,6,3,5.0,2,3,4,1,1.0,6,0,0,0,0,0,0,0,0,0,0.0,0,0,0.0,0.0,0,0.0,,,0,0.0,0.0,0,0,0.0,0,0,0,0,0.0,0
145.5,0.1916449101716916,-0.9582048715455987,1.0781207548931795,-1.1281246509060543,0.9846673833629092,-0.4131150162140189,-0.626278298894368,0.7877414906391437,-0.5811919982800783,-0.636592721681204,-0.3241205890350494,-0.428629880213135,1.047415324198077,0.8357947335084814,1.5547331656910044,,,,0.8219795083367631,-1.443971690015875,1.8474865044995628,1.562865888481445,-2.3245260479410805,-0.4258182712032895,0.3446245046371101,-2.1296138378176734,-1.939384622551968,-0.4185129351575979,0.0836280258853693,1.4072815374796117,0.0250819420775303,-0.1473703885983297,0.1571496947496947,-0.1457221468332149,0.1565544240675045,-0.0507765641994744,-0.109111304012465,0.1165259474615513,-0.0857615536510273,-0.1285576867576867,-0.0719587967587966,-0.0905806526806527,0.1484228892538489,0.0927901184709907,0.1734985165352138,0.0,,,0.1060260306533626,-0.262187114433554,0.2763283452615497,0.2843195103915691,-0.3356045936090053,-0.0563627981839283,0.0526849204716851,-0.2714787352482399,-0.2191778360442446,-0.0760259074259074,0.0131149096002037,0.2452066855143482,6,6,7,4,6,6,4,5,7,4.0,6,4,10.0,8.0,8,3.0,,,9,7.0,7.0,6,5,5.0,6,8,7,6,8.0,6,4,4,3,8,7,8,5,6,5,3.0,4,3,8.0,8.0,9,0.0,,,10,8.0,6.0,5,6,9.0,4,6,6,2,4.0,7,3,2,3,4,6,5,2,4,3,1.0,2,1,8.0,7.0,8,0.0,,,8,3.0,6.0,5,2,5.0,3,3,3,1,3.0,6,0,0,0,0,0,0,0,0,0,0.0,0,0,0.0,0.0,0,0.0,,,0,0.0,0.0,0,0,0.0,0,0,0,0,0.0,0
146.5,1.161994368333788,0.762846291207491,1.0269745673856143,-0.259922906269124,0.0325272324577039,-1.1557511237479854,-1.0958313034396234,0.5739693819077051,-0.3313475169170731,-2.1217537965116144,0.5578655122429317,0.6879311382223393,1.0538716917802795,0.7403698564769791,1.7406054452515638,,,,0.578089905181438,-1.075895629521869,1.4978717076428931,0.7319359233326319,-3.474727770828665,-1.0559675513745892,0.6581682864270403,-1.5616982173899163,-0.874927964195678,0.6182175837237742,0.7521919717401682,1.1282925921493123,0.1442483101521802,0.1045608169608169,0.1500766844266844,-0.0380892478436595,0.0049428623320264,-0.143914613894877,-0.1821797368352322,0.0815688309798217,-0.0514661462806199,-0.3971079198579199,0.1266578602769779,0.1468015318015317,0.1501794835797157,0.0903122177530072,0.2008011798513178,0.0,,,0.0800799241398885,-0.1900779219748259,0.206321938209709,0.1265729053626112,-0.5562316045066045,-0.1534670270475998,0.0993413845957963,-0.1949905900686861,-0.0954973121391851,0.0991231601731602,0.1182581367978427,0.2167609808492162,5,7,6,6,6,6,5,5,8,2.0,7,5,9.0,7.0,8,2.0,,,8,6.0,8.0,6,4,6.0,8,8,7,6,6.0,7,5,2,2,6,7,7,5,6,6,4.0,5,3,7.0,6.0,7,0.0,,,9,9.0,6.0,5,4,8.0,3,7,6,1,5.0,5,4,2,2,4,5,4,2,4,4,0.0,4,2,7.0,5.0,7,0.0,,,7,4.0,6.0,4,0,4.0,3,4,4,1,4.0,5,0,0,0,0,0,0,0,0,0,0.0,0,0,0.0,0.0,0,0.0,,,0,0.0,0.0,0,0,0.0,0,0,0,0,0.0,0
147.5,0.4898219549664796,0.5564286833028953,1.4958843374271489,-0.970638655883809,0.3809460508923747,0.1018712838883645,-1.0755540668025616,0.8617674180599337,0.659799785189069,-1.8291345484483144,-0.027482285099743,1.3438709587437463,1.5314282343811778,1.6270405516462545,1.3475069988045911,,,,0.0747242325005297,-0.9091349838736588,0.7504286299953044,0.2540413638142514,-1.4020051578381976,-0.8208707565763034,0.3994764620958386,-1.5248634627123514,-0.8879601246204442,0.3378019138720016,0.6335464899385651,1.2479729436656015,0.0581887193903449,0.0593295315795315,0.2109266289266289,-0.1350532821753409,0.0546029524053517,0.0125648074835381,-0.1779731010905159,0.1201612955757693,0.1012209954648035,-0.4187200521700521,-0.0065089880707529,0.3299150127650128,0.2139070966357343,0.2023089148467632,0.1551352363337892,0.0,,,0.0103771072195927,-0.1548848358727615,0.1015353486382899,0.0434569368539956,-0.21463890717126,-0.1217174652059326,0.0588188422688422,-0.1875562248896614,-0.1017918211733227,0.0574992063492063,0.1029515298427063,0.2321524151201396,5,7,7,7,5,7,5,5,8,2.0,6,5,9.0,6.0,9,1.0,,,8,6.0,8.0,5,5,7.0,9,7,7,7,6.0,7,6,1,2,5,7,7,5,6,7,3.0,5,3,8.0,6.0,7,0.0,,,10,8.0,6.0,5,5,8.0,2,7,6,1,5.0,5,4,1,2,3,5,5,2,4,6,0.0,3,3,8.0,5.0,7,0.0,,,7,4.0,5.0,3,2,4.0,2,4,4,1,4.0,5,0,0,0,0,0,0,0,0,0,0.0,0,0,0.0,0.0,0,0.0,,,0,0.0,0.0,0,0,0.0,0,0,0,0,0.0,0
148.5,0.3304382667372532,0.5092979528027776,0.5225761317379412,-0.0915732809704016,0.5465381507604408,0.8254573459005436,-1.9619312046191049,0.4933801379895303,0.2038857178090809,-1.2248516628288193,1.0339467307824757,1.1553064968333155,1.447336589018038,0.3211019026511158,1.734906187749848,,,,0.151221971062241,-1.2970722035398767,1.1179627228193851,-0.0237702562295001,-0.7666142622108811,-2.253559295774848,-1.053145443608344,-0.8931707149240673,0.0426191518016195,,1.0814923772169267,1.5899081599150693,0.0393634628443452,0.0588360472860472,0.0809503663003662,-0.0127746031746032,0.0743245036868874,0.1153345516368736,-0.3078461087845763,0.0661089493066273,0.0316529015789851,-0.236451454101454,0.2485611958303135,0.2948504495504496,0.2184641432269142,0.0397579643954256,0.1955758060630384,0.0,,,0.0219960699543347,-0.2281363383005024,0.1882087330969684,-0.0042394771894772,-0.1034610965831553,-0.3349301486095604,-0.1366006826506826,-0.1267702700034744,0.0052491938917635,0.0,0.1735901791964486,0.2715716843613903,7,8,8,7,6,9,5,5,8,2.0,5,6,8.0,6.0,9,0.0,,,9,4.0,8.0,6,5,6.0,8,7,9,7,6.0,7,6,1,2,4,8,5,7,6,8,5.0,5,4,7.0,6.0,7,0.0,,,9,8.0,5.0,3,6,7.0,2,5,6,0,6.0,5,5,1,2,3,6,5,2,4,6,1.0,4,4,7.0,4.0,7,0.0,,,7,3.0,5.0,2,3,2.0,1,3,5,0,5.0,5,0,0,0,0,0,0,0,0,0,0.0,0,0,0.0,0.0,0,0.0,,,0,0.0,0.0,0,0,0.0,0,0,0,0,0.0,0
149.5,-0.6422294838076873,-0.6638125323138672,0.3882687830772839,-0.103412120491502,0.7909569743765151,0.7411531900637818,-1.64990626961487,0.3280373488323307,0.8173554501987887,-0.5053732534253355,1.0648064123631382,0.5906527075753745,0.9358072211887528,1.1341593170599606,0.3677722577709491,,,,-0.1352180080735884,-1.3274666573632776,0.5508052399148573,0.9588946737483248,0.3977646562433605,-1.1500987226091122,-1.4890269633504507,-0.098413438363081,-0.3437196223410992,,0.561836862228997,0.3682436809981017,-0.077025940253417,-0.0893471861471861,0.0576390109890109,-0.0137420912420912,0.1129073514119178,0.1106675631557985,-0.2669094756206985,0.0424048554270993,0.1226693574743109,-0.096637230743113,0.251534381468205,0.1536084054834054,0.1413774926913471,0.1446777007735986,0.0412796685942197,0.0,,,-0.0206814313395582,-0.2423777608098816,0.0896416753868766,0.175061666764608,0.0541776627483283,-0.1727915365680072,-0.2098707033162915,-0.0130995759056904,-0.0404363239357821,0.0,0.0872936191345633,0.0643540136334254,7,8,8,7,7,8,5,5,7,2.0,4,6,7.0,7.0,8,0.0,,,9,5.0,11.0,6,7,7.0,7,7,9,7,6.0,6,6,2,2,3,7,4,6,8,7,6.0,6,5,7.0,6.0,6,0.0,,,8,8.0,7.0,5,7,6.0,3,6,6,0,7.0,4,4,1,2,2,6,4,2,5,6,2.0,4,4,6.0,5.0,5,0.0,,,6,3.0,7.0,4,5,3.0,1,4,5,0,5.0,3,0,0,0,0,0,0,0,0,0,0.0,0,0,0.0,0.0,0,0.0,,,0,0.0,0.0,0,0,0.0,0,0,0,0,0.0,0
150.5,-0.0179735759320345,-0.4746232575523151,-1.4409183056252448,0.2339959935080807,-0.0758284963668632,-1.5140278124513498,-1.2146699665605258,0.4082467501276249,0.4056501963880897,-0.3839432167780904,0.271123076848312,0.326820266412561,0.7749192918905191,1.5390454815777848,-0.9815190785209272,,,,-0.1444311460949236,-1.4766525829971169,1.3398195599034886,0.3108732192077689,0.7316869753249142,-1.618366420342922,-1.6416216058380673,0.6743775782665975,-0.3205761101619278,,-0.5363831592139507,-0.004425408494262,-0.0022305920515672,-0.0669317848817848,-0.2114808746808746,0.0281446553446553,-0.0109867739157986,-0.2001001268940897,-0.2108323107834717,0.0544699559212716,0.0607760789863732,-0.0686820867041454,0.0652701950010773,0.0730141037067506,0.1235185823894028,0.2060676416033227,-0.110410645607664,0.0,,,-0.0201867718710596,-0.2507890589974181,0.2008974780809146,0.0568430889372065,0.1038704278779356,-0.2655787966935026,-0.2346050276520864,0.0852743062922629,-0.0393618751131908,0.0,-0.0845023256499262,-0.0007820623820624,8,7,8,8,8,6,6,4,6,4.0,5,6,6.0,8.0,6,0.0,,,9,4.0,11.0,6,8,6.0,6,6,9,5,6.0,6,6,3,4,1,6,5,5,7,7,7.0,5,6,5.0,6.0,7,0.0,,,8,8.0,9.0,4,7,5.0,3,5,6,0,7.0,3,5,2,2,1,5,2,2,4,5,3.0,3,4,4.0,6.0,4,0.0,,,6,3.0,9.0,3,6,2.0,1,4,5,0,4.0,2,0,0,0,0,0,0,0,0,0,0.0,0,0,0.0,0.0,0,0.0,,,0,0.0,0.0,0,0,0.0,0,0,0,0,0.0,0
151.5,-0.4413213277808284,-1.4850559253743916,-1.2143016545707372,0.5689432546242033,0.6349624182528472,-0.4445126856898451,-1.1809552996748731,0.4779440436731382,0.2123308866663372,0.3683268140907023,0.5356021726413944,-0.0498804886373578,0.7913344779162315,1.534174210461756,-1.3804129089960733,,,,0.0083573140733521,-1.4568068171974573,1.331842897721639,0.0125654206728818,0.6004209350127641,-0.8357012784710228,-0.7154054797829125,0.5640056522914487,-0.2818896894377143,,-0.8286206889820509,0.2869444814044515,-0.0526491649045829,-0.2118271492697188,-0.1856465937657113,0.0763391164391164,0.0820412999710988,-0.0598332593017576,-0.1888537071803325,0.0668785291419966,0.0306041730457364,0.0616702144260966,0.1273606449106448,-0.0108753285929756,0.1386950196861961,0.1880305086726139,-0.1503751175396148,0.0,,,0.001163078244425,-0.2399198202210586,0.1944382895398375,0.0022899344119932,0.0732603718864554,-0.1480047619047618,-0.1066687116804764,0.0852685630502967,-0.0353494535821935,0.0,-0.1341805323761206,0.0515434436478554,6,5,8,8,7,6,4,5,7,5.0,4,7,5.0,9.0,8,0.0,,,9,4.0,10.0,7,8,6.0,5,7,9,4,7.0,5,6,5,5,3,6,5,6,6,7,7.0,5,6,4.0,8.0,8,0.0,,,6,8.0,9.0,4,9,4.0,4,5,6,0,5.0,3,4,2,3,3,5,3,2,4,5,4.0,3,4,3.0,8.0,5,0.0,,,5,3.0,9.0,3,7,2.0,2,4,5,0,3.0,2,0,0,0,0,0,0,0,0,0,0.0,0,0,0.0,0.0,0,0.0,,,0,0.0,0.0,0,0,0.0,0,0,0,0,0.0,0
152.5,0.7884442327578103,-1.642440100013711,-1.2371656509460216,-0.1961372253289044,1.0681273530239226,0.0381470498070888,-1.3646625835433408,0.1557090594979074,0.3600956436327041,0.7883061894822717,0.5369568353470306,-0.7200820927956945,0.4248216333362319,1.3242612714289723,-1.3057554829357008,,,,0.9123377186363896,-2.371851426415979,1.8252707466265816,-0.5100843092718945,0.0197699670521955,-0.0589232706725139,-0.2036560370747924,1.0361531409760791,-0.4172840470538314,-1.1035637094452506,0.2251167945834189,-0.1665447605868348,0.0906102451126446,-0.2213848777813174,-0.1995500221914308,-0.0295737876502583,0.1479751465854407,0.0052616316432105,-0.2112620565107406,0.0206994076357079,0.0521698449984828,0.1327229861641626,0.1278258436008436,-0.162767953125306,0.0696976967476967,0.155781996859275,-0.1418292344812872,0.0,,,0.1176732176664066,-0.4083263541669888,0.2533031571642488,-0.0929176970088735,0.0025552318510523,-0.0100749861249861,-0.0306784534694751,0.1413818640595731,-0.0520534104870018,-0.197168759018759,0.035048510966158,-0.0269624875124875,7,6,7,7,7,6,4,5,6,6.0,4,7,3.0,10.0,6,0.0,,,9,3.0,10.0,5,8,7.0,5,6,8,2,7.0,6,6,6,6,5,4,6,6,7,7,7.0,5,6,2.0,9.0,9,0.0,,,6,9.0,10.0,4,8,4.0,5,6,7,1,5.0,2,5,3,3,3,4,4,2,4,5,5.0,3,3,1.0,9.0,5,0.0,,,6,2.0,10.0,2,6,3.0,3,5,5,0,4.0,1,0,0,0,0,0,0,0,0,0,0.0,0,0,0.0,0.0,0,0.0,,,0,0.0,0.0,0,0,0.0,0,0,0,0,0.0,0
153.5,1.3866971710075364,-0.8040323412615159,-0.2745173611769173,0.0976554559268273,-0.0323503903921207,-1.3971356863000035,-1.2986148793456245,-0.4664650978504724,-0.0521661533064262,0.3740136005778771,0.8049902804932259,-0.5057322795878384,-2.483437814194433,1.4499729471827982,-1.6102933534632642,,,,0.9014240307043938,-1.629659635498769,1.6775150068525375,-1.338961151603647,0.4443084148968196,-0.0900909406664662,0.6229829324267614,-0.3340990608028357,0.1580071992341999,-1.1200674228449503,0.176793532250011,-0.5535372592141667,0.1697705587154504,-0.1001159206462612,-0.0437428641104337,0.01445159007659,-0.0050259632524338,-0.1762205870496892,-0.1956904954436688,-0.063701507565362,-0.0073105875376773,0.0746705897044133,0.1829058678249854,-0.1163437536319889,-0.3338094572094572,0.1840698255667395,-0.1757432487413575,0.0,,,0.1176071617666819,-0.2988248607687462,0.2229816167757848,-0.231795090770942,0.0615101214145331,-0.0151190032190032,0.0970053763745714,-0.0421261360242785,0.0182996205548837,-0.1901820346320346,0.0274035846506435,-0.0866813297813298,7,5,7,7,6,6,3,4,6,6.0,4,6,2.0,10.0,6,1.0,,,9,5.0,10.0,4,7,7.0,6,7,9,3,8.0,6,5,7,6,4,5,8,7,6,8,6.0,5,6,2.0,9.0,10,0.0,,,6,9.0,10.0,6,8,4.0,5,7,7,1,5.0,2,5,4,4,3,3,4,2,3,5,4.0,3,3,0.0,9.0,5,0.0,,,6,3.0,10.0,2,6,3.0,4,5,6,0,4.0,1,0,0,0,0,0,0,0,0,0,0.0,0,0,0.0,0.0,0,0.0,,,0,0.0,0.0,0,0,0.0,0,0,0,0,0.0,0
154.5,1.598903799313934,0.3869677685107859,0.0723358183605909,-0.008632003008775,-0.2499352511459104,-0.7628190937735609,-1.4735428976799498,-1.985229811540679,0.3712306520740731,-0.1320607037997964,0.840309203601063,-0.6669242567887818,-1.971145225593532,1.543014102741557,-1.9714716962946617,,,,0.4662198009777149,-1.0326934453359506,1.0381921631434154,-0.811621592112235,-0.4055495594916733,0.5626207542083205,1.3950784390157187,0.4713549957508576,0.3743548162971495,0.3422125684695253,0.0661269095377136,0.3843292648957699,0.1924247374658365,0.0500794017214295,0.0103490776337525,-0.0012557109557109,-0.039459461453579,-0.0886609545425335,-0.2256939885449947,-0.257451155028322,0.0538479500032131,-0.0265036768786769,0.1826159507159507,-0.1417633417236358,-0.3252018981018981,0.1920041189079686,-0.2161320676365258,0.0,,,0.065884801782325,-0.1851212551036855,0.1508714350115717,-0.155104834054834,-0.0555642037958601,0.0940967976467976,0.2065142762981772,0.0568672411695631,0.0423566489410143,0.0692414585414585,0.0101140137640138,0.0544142801642801,7,5,6,8,5,6,2,3,6,6.0,4,6,1.0,9.0,8,3.0,,,8,4.0,10.0,4,7,7.0,8,7,10,3,8.0,7,6,7,7,5,5,9,7,7,7,5.0,5,7,2.0,8.0,9,0.0,,,6,10.0,10.0,5,8,5.0,6,6,6,2,4.0,1,6,5,5,4,3,5,2,2,5,3.0,3,3,0.0,8.0,5,0.0,,,5,4.0,9.0,2,5,4.0,6,5,6,1,3.0,1,0,0,0,0,0,0,0,0,0,0.0,0,0,0.0,0.0,0,0.0,,,0,0.0,0.0,0,0,0.0,0,0,0,0,0.0,0
155.5,2.2517245373865507,-0.1635744188940042,0.3637440741256765,0.884594988271466,-0.602397327707638,0.2306661163111759,-1.2604573544443205,-2.4683912898287392,-0.8366320751749413,0.2590850323067021,-0.8258151072495674,0.4764520461245188,-0.8354592790690066,1.824413564593496,-0.6252395235146252,,,,0.0296287989178752,-0.0626150461683658,0.6895026007751741,-1.1699536041370422,-0.93320116054411,0.8487549716993327,1.1340136176478643,-0.2482116380889909,0.3974237950668109,0.0353670645841012,0.7337500939777277,0.4321018129846601,0.2729456739339092,-0.0198908282979489,0.0583994342860442,0.118850778796367,-0.0884618681971622,0.0301828756812503,-0.1947367800586068,-0.318701758106015,-0.1271775994122238,0.0433300588300589,-0.1831094905094905,0.096438239701475,-0.147856805286217,0.2249517475644412,-0.0678645745038827,0.0,,,0.0042498827539849,-0.0111837419374571,0.0993198176365594,-0.220675010721992,-0.1430454791080951,0.1424848000039177,0.1705474900658337,-0.0304101959873631,0.0444912523578931,0.0068550893550893,0.1120690920190919,0.0590352425352425,6,5,7,7,4,7,2,3,5,7.0,4,7,2.0,8.0,10,4.0,,,8,6.0,9.0,4,7,8.0,8,9,10,4,8.0,7,6,8,6,6,6,8,7,7,8,6.0,4,7,4.0,7.0,9,0.0,,,5,10.0,10.0,6,7,5.0,6,6,6,2,3.0,1,6,5,5,5,3,6,2,2,4,4.0,1,5,1.0,7.0,7,0.0,,,4,6.0,8.0,2,4,5.0,6,5,6,1,3.0,1,0,0,0,0,0,0,0,0,0,0.0,0,0,0.0,1.0,0,0.0,,,0,0.0,0.0,0,0,0.0,0,0,0,0,0.0,0
156.5,0.5044053131444286,0.6773997006669235,-0.6079979800320231,0.7398517378542153,-0.3475400176657849,0.5560475019950887,-0.4252104657702932,-4.378277359121689,0.3770754240855416,0.8943827064630516,0.1367666025580861,-0.0834757671867619,-0.1610240160754863,2.1158140978942215,-1.205586519504544,,,,0.6113919563167219,0.3304393760802971,0.2191586974608415,-0.641415465134524,-0.2418306607908895,1.374031719225052,0.2944515404627722,-0.5012087157861224,0.5603387292451715,0.4665816035277608,0.5982069351698273,0.7071635742137482,0.0644141628581257,0.0860831029909202,-0.0951684472648094,0.1186827316474375,-0.0476157283720751,0.0673326216973375,-0.070706885726932,-0.5421857131001093,0.0551662431375179,0.1522127486892192,0.0322610889110889,-0.0170600809321397,-0.0257727691211436,0.2580141622910973,-0.1240251308804715,0.0,,,0.0914818070388504,0.0592420464382538,0.0334314621910597,-0.117994651040394,-0.0402037756361286,0.2136735681243422,0.0446509486643388,-0.0661648322094142,0.0689916297496793,0.0870407647907647,0.0877282439782439,0.0958428293928293,8,7,7,6,5,8,3,2,5,6.0,4,6,2.0,7.0,10,6.0,,,7,7.0,9.0,4,6,8.0,8,9,8,5,8.0,6,7,7,6,5,7,9,5,8,8,6.0,4,7,5.0,6.0,8,0.0,,,5,10.0,9.0,7,6,7.0,6,7,6,3,3.0,1,6,6,4,4,4,7,2,1,5,4.0,2,4,2.0,6.0,6,0.0,,,4,7.0,7.0,3,4,7.0,5,5,5,2,3.0,1,0,0,0,0,0,0,0,0,0,0.0,0,0,0.0,1.0,0,0.0,,,0,0.0,0.0,0,0,0.0,0,0,0,0,0.0,0
157.5,0.1730283684209872,-0.1811730544561521,-1.7944919001708206,0.6319532315971185,-0.667204934369661,0.2072791733863786,-0.287591772327046,-3.601085654907662,-0.6604659332943233,1.2345618361722617,0.4582586810111591,0.980699387984477,-0.0078804946791651,2.9146733205355493,-0.7324835398957229,,,,-0.5436489714672106,0.9750538550137542,-0.8462684149947503,-0.4303274441901359,-0.2797000053835999,1.170944514960826,-0.2463585586049932,-0.3535163579842035,-0.4531900700985322,0.353395619132862,-0.1365573993662745,1.5186669753696116,0.0221990027516343,-0.0234243821623852,-0.2739871949258172,0.1046982184482184,-0.0891477033372545,0.0275868377666366,-0.0499656391424192,-0.4939321304426568,-0.093550070380256,0.2244425851925852,0.1075264069264069,0.2003731750275869,-0.001155673394373,0.3683906420377008,-0.0765347015923607,0.0,,,-0.0849592410857116,0.1784249136570344,-0.1291045516059448,-0.0730893643336367,-0.0493139546727781,0.1850110240464728,-0.0368548266834644,-0.0456859715963431,-0.0554254941137294,0.0641747918747918,-0.0201439588189588,0.2345162504162504,8,6,7,5,6,7,3,2,3,6.0,5,5,4.0,5.0,11,6.0,,,6,9.0,7.0,6,7,8.0,7,9,8,7,6.0,5,7,6,7,4,8,8,5,7,7,5.0,3,7,7.0,4.0,7,0.0,,,4,10.0,9.0,7,6,7.0,6,6,4,4,3.0,2,6,4,3,3,5,6,2,1,3,4.0,2,5,4.0,4.0,6,0.0,,,2,9.0,5.0,4,4,7.0,4,5,3,3,2.0,2,0,0,0,0,0,0,0,0,0,0.0,0,0,0.0,1.0,0,0.0,,,0,0.0,0.0,0,0,0.0,0,0,0,0,0.0,0
158.5,0.1468747560705419,0.5881370882657333,-2.115658909759754,0.4744462383892209,-0.4158878630823501,0.8259351110400638,1.3162858528648036,-2.1674567465490435,-0.6556596256451298,2.367533025757139,-0.3448982053936452,0.8232546601737266,0.266216832126392,2.8550179565576785,0.273155968614749,,,,-2.159730975512639,1.0602240034596535,-2.1137225818151677,-0.0359193671055529,-0.3875381165003237,1.087755421562178,-2.119895303745152,-0.1991053012463563,-0.1044578852063233,0.4437743306334226,-1.3621663838044615,0.9895035575332513,0.0190043938689449,0.0799648221231813,-0.2915799012906598,0.0792895823131117,-0.0522915095568347,0.1038271677582822,0.240326490829432,-0.296394865531785,-0.0964790834810185,0.4528683094683093,-0.0780536796536796,0.1527263562117279,0.0406497661952771,0.3577958012317919,0.0300583907765259,0.0,,,-0.309488218970572,0.1910252552572985,-0.3266742767724191,-0.0068501563366115,-0.0716866775381481,0.1709009267564221,-0.3186277591603443,-0.0254028200471699,-0.0127251976781388,0.0853479131979132,-0.2147102841602841,0.16848667998668,8,7,7,5,6,8,4,3,3,5.0,5,5,6.0,4.0,10,6.0,,,5,10.0,5.0,6,7,7.0,6,8,7,8,5.0,6,6,6,7,6,8,8,4,7,7,4.0,3,8,7.0,5.0,7,0.0,,,4,9.0,9.0,6,5,8.0,6,7,4,5,3.0,2,5,5,3,4,5,7,3,2,3,4.0,1,5,5.0,4.0,6,0.0,,,1,9.0,3.0,4,3,7.0,2,5,3,4,1.0,2,0,0,0,0,0,0,0,0,0,1.0,0,0,0.0,1.0,0,0.0,,,0,0.0,0.0,0,0,0.0,0,0,0,0,0.0,0
159.5,-1.5264289329331142,0.4963778243391371,-2.5052784931619008,0.7557762262853445,-0.016613708699737,1.1663959126407069,1.3780065228658311,-1.452774338396415,-0.9448842100773588,2.7824679366436005,0.0720261717696403,0.9552165544810812,0.8047466930597694,1.4117866439951716,-0.9421014309056178,,,,-1.1344462283540928,1.2265781060361869,-2.990147311709235,-0.0761134021634117,-0.2511268575166703,0.463780476964408,-2.0569161008100045,0.4802675938168602,-0.3276235262812477,0.40266323519405,-1.8493128649023445,0.3254674220974174,-0.2143499131329626,0.0658489703708744,-0.3786940608411197,0.1258272745228627,-0.0021112718894452,0.1486895414441079,0.2364608717907479,-0.2108468931481314,-0.1365159024423327,0.5099003774003774,0.0145231046731046,0.1809094544344545,0.1163308551098024,0.1740617375142917,-0.1013330644329869,0.0,,,-0.1831467829470151,0.2102002353941208,-0.4248495217369191,-0.0133212552755123,-0.0442502497502497,0.0673976513854223,-0.2862243306573028,0.0586986270437509,-0.0377418597742127,0.0791767732267731,-0.2886942363192363,0.0567004998269704,7,7,6,6,7,7,5,4,3,5.0,6,5,8.0,3.0,8,4.0,,,6,9.0,3.0,6,8,6.0,5,8,5,7,4.0,5,6,6,6,6,8,7,5,6,8,5.0,2,7,8.0,5.0,6,0.0,,,5,8.0,10.0,6,4,9.0,6,7,5,5,4.0,3,3,5,2,5,6,6,4,2,3,5.0,1,5,7.0,3.0,4,0.0,,,2,8.0,2.0,4,3,6.0,2,6,3,4,1.0,2,0,0,0,0,0,0,0,0,0,1.0,0,0,0.0,1.0,0,0.0,,,0,0.0,0.0,0,0,0.0,0,0,0,0,0.0,0
160.5,-2.7440141444044652,-0.2169299683446426,-1.6752526119363722,0.5497712740771921,-1.2307827353350147,0.8297154128530158,1.4521209551246257,-0.2472926735895073,-0.1671524104648726,2.374497131677531,-1.2274642118091463,0.1406592925543482,0.9232831606547476,-0.1056621443985016,-1.4859971099205775,,,,-2.7334555817607757,1.3815830942405591,-4.77180302933261,0.5308030920103264,0.9144691342497532,0.0495757110224006,-4.584378656077206,0.4848512173344234,-0.7959532762575441,0.3689281076184136,-0.3880750440292241,0.3265746005791539,-0.3860853365846401,-0.0333142298877592,-0.2509466209916673,0.082613185429981,-0.1461277198807384,0.1052350429412349,0.2331360523807117,-0.0372645285914635,-0.0245008899940787,0.5113626318126318,-0.2588626151626151,0.0297613608613608,0.1337658077216901,-0.0132282702591526,-0.1578822681790173,0.0,,,-0.4381749225147057,0.2115003962583683,-0.719773369252007,0.0862875638637249,0.1440143585172996,0.0076084938453359,-0.6405908976472444,0.0609142662119442,-0.0953774189862425,0.0669162030779678,-0.0607175745822804,0.056465626040626,6,8,7,5,7,8,6,6,4,4.0,5,5,9.0,2.0,6,3.0,,,5,9.0,2.0,7,9,5.0,4,8,6,7,4.0,5,6,5,6,7,8,7,6,5,6,4.0,2,5,7.0,5.0,6,0.0,,,6,8.0,9.0,6,5,8.0,5,7,5,7,4.0,3,2,4,3,5,5,6,5,3,3,4.0,0,3,7.0,2.0,3,0.0,,,1,8.0,0.0,5,5,5.0,0,6,3,5,2.0,2,0,0,0,0,0,0,0,0,0,1.0,0,0,0.0,0.0,0,0.0,,,0,0.0,0.0,0,0,0.0,0,0,0,0,0.0,0
161.5,-2.936532629553326,1.5142857593748795,0.2198008125820625,0.6534227282583697,-1.2007449632680165,-0.3695271986144087,1.2044237021587016,0.7643188167118719,-1.186227668690491,2.3583763323690934,0.2903302094882868,1.127721096767071,0.7589599136094015,-1.097503331662102,-1.6627483945888264,,,,-3.645403978418659,1.3902134589571604,-5.432281119228956,0.9077648111032004,0.2499816693929315,-0.3667596281809147,-3.892463721600253,0.4609900028254935,-0.6403790379582226,0.3285618803111835,-0.1320135303609305,-0.0080770242773018,-0.3883673782873472,0.2388257304528976,0.0332679238460198,0.0889989724070219,-0.1428026947081127,-0.041436268796563,0.1805148515742942,0.1169168214138801,-0.1794887781035613,0.5338462426462427,0.0666209401709401,0.2300818126318126,0.1111774357565378,-0.1447311271116224,-0.1863715313175032,0.0,,,-0.5435410663725679,0.220916932989611,-0.7561277401125968,0.1430058116891708,0.0423905989435401,-0.0591223331965593,-0.5594571382865501,0.0608982249518628,-0.0794577868210221,0.0639382747970983,-0.0201020915359151,-0.001449347547877,6,7,6,6,7,8,6,8,3,4.0,6,5,10.0,2.0,5,2.0,,,4,9.0,1.0,7,8,5.0,5,7,7,7,5.0,6,7,6,7,8,9,7,8,3,6,4.0,3,5,7.0,6.0,7,0.0,,,8,8.0,10.0,6,5,7.0,4,6,5,7,5.0,3,2,6,5,6,5,5,6,3,2,4.0,2,4,7.0,2.0,3,0.0,,,1,8.0,0.0,5,4,4.0,0,5,3,5,3.0,2,0,0,0,0,0,0,0,0,0,1.0,0,0,0.0,0.0,0,0.0,,,0,0.0,0.0,0,0,0.0,0,0,0,0,0.0,0
162.5,-2.8096784049405876,0.7253190584366866,0.5101865190379611,1.1260470764268735,-1.9473924459942389,-0.1692403442534462,0.6508116174237758,1.173115868868041,-1.198881538131774,2.186964122010823,0.6321290879490115,0.83012570707722,0.4626704979176578,-0.9843453234161949,-0.5960171356756881,,,,-3.879036055599705,0.9595729232117692,-3.936416207796313,1.210232629512573,-0.8033134664178545,-0.5152676457186464,-3.7601377950412713,-0.0378960644214369,-0.616722975476481,0.1288416634968731,0.5869870706741942,-0.2033677168371573,-0.3862312774171134,0.1049146677883519,0.0869500026117673,0.1429351080549996,-0.2376875776785993,-0.0188674350159643,0.0956000013746144,0.1639818434059919,-0.1751982392564436,0.5133639194139195,0.1419014152514152,0.1604740037740037,0.0679736156516341,-0.116975280369785,-0.0661364883123937,0.0,,,-0.5751527898874581,0.1715394588641492,-0.5526814374909577,0.211178071601601,-0.1336416844593315,-0.0787149174183231,-0.5842968703381243,-0.0048300165864407,-0.0812309982501159,0.0256382382323557,0.0883767510267509,-0.0340326506826506,6,7,6,7,6,7,6,8,3,4.0,6,5,10.0,3.0,5,2.0,,,3,8.0,2.0,7,7,4.0,4,7,8,6,6.0,6,6,7,5,8,9,8,7,4,6,4.0,4,4,6.0,7.0,7,0.0,,,9,8.0,9.0,5,5,8.0,5,7,5,6,4.0,2,2,6,4,7,4,5,5,4,2,4.0,3,3,6.0,3.0,4,0.0,,,1,7.0,1.0,5,3,4.0,0,5,3,4,3.0,1,0,0,0,0,0,0,0,0,0,1.0,0,0,0.0,0.0,0,0.0,,,0,0.0,0.0,0,0,0.0,0,0,0,0,0.0,0
163.5,-3.527058662859325,-0.7673423247702719,0.2544316451724654,0.9274134240446088,-0.8095426969260399,-0.878383284760179,0.3718064353740937,1.3025695512879572,-1.1030539746468464,1.479657047856803,0.1148074184332315,-0.1586242782051454,1.0840270651109198,-1.1020825336511362,0.3232365085332707,,,,-2.5339354416348927,0.8210226656109674,-2.9517965642318487,1.2137377858252978,-1.3180456085481405,-1.5748534206498326,-3.733362039369524,-0.3914863796611212,-0.613666803877923,-0.6338588381245922,1.277412409546329,-2.132053881948917,-0.4765801323633367,-0.1106305894999393,0.0432500883103823,0.1182712113909482,-0.0964625990882183,-0.0963241055470156,0.0530319116212305,0.1819844996678587,-0.1721284513216402,0.3173727274359627,0.0263791001482177,-0.0341973859473859,0.1554311915724454,-0.1250468273556508,0.0365202324619339,0.0,,,-0.336103143085284,0.1543314223959735,-0.4497902632541177,0.2144839059633179,-0.1993705342043576,-0.2456215892896233,-0.5617542059247942,-0.0497042141467064,-0.0797003857253856,-0.1193538685171039,0.1899641386391386,-0.3329000499500499,6,7,6,8,6,6,6,8,3,5.0,6,5,10.0,5.0,6,1.0,,,4,7.0,3.0,7,6,4.0,4,8,8,4,7.0,7,7,6,4,8,9,7,6,4,6,6.0,5,2,7.0,8.0,7,0.0,,,9,9.0,7.0,5,6,8.0,4,7,5,7,4.0,2,2,4,3,7,5,4,4,4,2,5.0,3,1,7.0,4.0,5,0.0,,,3,7.0,1.0,5,3,3.0,0,5,3,3,4.0,0,0,0,0,0,0,0,0,0,0,1.0,0,0,0.0,0.0,0,0.0,,,0,0.0,0.0,0,0,0.0,0,0,0,0,0.0,0
164.5,-3.4042229750616144,-1.1588729320993454,0.8359425420374951,1.117096126875815,-0.7846341054999539,-0.5224058246102438,0.1606404906045467,0.7194147866882142,-1.971603699304875,0.5987378997098974,-0.1664085939102672,0.2922118631550644,0.8708570197115644,-0.171525104573404,-0.1800904654522787,,,,-1.504130781608595,0.680870754762469,-1.1758014381301205,0.3852086287442539,-2.5550219496759747,-1.7092680725019396,-2.306824351999317,-0.1513727980135981,-1.8087980115405635,-1.4535071762719909,0.4997831720169521,-0.6155049028125492,-0.4389130983567517,-0.1607445620856611,0.1314150955253895,0.1343231718917477,-0.0975900435563749,-0.0499214383648091,0.0228795233490279,0.1020581014187052,-0.3080660135100537,0.1173326901856314,-0.037513711941653,0.0514146187146187,0.1268911321220919,-0.019379223262118,-0.0201848090072682,0.0,,,-0.2112898389958257,0.1284247986104023,-0.1648900371386439,0.0727575845722905,-0.3747782806976306,-0.2670918820945136,-0.3337654538272185,-0.020970733033736,-0.2197581439802027,-0.2644967725944507,0.0782780875986759,-0.1103760739260739,6,6,8,8,6,7,5,8,2,5.0,6,5,9.0,7.0,8,2.0,,,5,7.0,5.0,7,5,5.0,5,8,8,2,9.0,7,7,7,4,8,9,9,5,5,5,6.0,6,2,6.0,7.0,8,0.0,,,9,9.0,7.0,5,7,8.0,4,5,4,8,4.0,2,2,4,4,7,5,6,3,4,1,4.0,3,1,6.0,5.0,6,0.0,,,4,7.0,3.0,4,2,3.0,1,4,2,2,4.0,1,0,0,0,0,0,0,0,0,0,0.0,0,0,0.0,0.0,0,0.0,,,0,0.0,0.0,0,0,0.0,0,0,0,0,0.0,0
165.5,-2.397887805695137,-0.4637361923529746,-0.0814695236180867,0.2187440593936831,-0.2264942404646382,-0.2138466147591151,-0.93302046282348,0.4770309758460159,-1.4347049910969991,0.1882184310676977,-0.2480748301896916,0.966816426288899,0.2333518120052639,0.5940240375418808,0.7656602977473186,,,,-0.8673849509528776,0.1257648406018128,-1.603557485393737,-0.6458550480962393,-3.064644538736407,-0.4422457772909056,-0.7440014932152634,-0.377480480195959,-1.4712488645530508,-1.3679561672093483,-0.0454783045576095,-0.5851614862162144,-0.3087624850639557,-0.0632839012037154,-0.0122385336885337,0.0255577677740216,-0.0318512705302952,-0.0192298201764583,-0.144446574340692,0.0657218873146118,-0.2162342412575384,0.0359644327894327,-0.0588679743459156,0.1817479131979131,0.0328368834210165,0.0638895237029911,0.0884260797315784,0.0,,,-0.116311124974919,0.0218679069468543,-0.2208113964466905,-0.1195746444731739,-0.4812375714155127,-0.0636452069086743,-0.1079620794238441,-0.053286547276253,-0.1865955787676375,-0.2484582561143706,-0.0074431235431234,-0.1051289276083393,8,7,7,8,6,6,4,7,3,5.0,6,6,8.0,9.0,10,2.0,,,6,7.0,6.0,7,6,6.0,5,8,7,2,7.0,7,6,7,3,8,8,10,3,5,6,5.0,6,2,6.0,8.0,7,0.0,,,9,9.0,7.0,5,6,8.0,4,4,4,8,4.0,4,3,5,2,6,5,6,1,4,2,3.0,3,2,5.0,7.0,7,0.0,,,5,6.0,3.0,3,1,5.0,2,3,2,2,3.0,2,0,0,0,0,0,0,0,0,0,0.0,0,0,0.0,0.0,0,0.0,,,0,0.0,0.0,0,0,0.0,0,0,0,0,0.0,0
166.5,-2.380457737074312,-1.201395630673988,0.51958474181873,0.3517082935535304,0.1824265367030484,-1.178735563996165,-1.9972560150870768,0.8483627223054474,-1.0063717590487495,0.4296902641058103,-0.5767639497582947,-0.1947328037668034,-0.0223466239199541,0.8155720089877894,1.0361183766396094,,,,0.82377793228196,0.0249361971256263,0.3258347348634337,-0.7840479805867552,-2.7808752558189926,-0.8118359161838085,-0.2171707345739166,-0.4303714327909604,-2.221134328168806,-2.226913405903271,-0.0458520022223787,0.1219164020932369,-0.3006054732419282,-0.1852526410036472,0.0599745643245643,0.0414605555091623,0.0254830237358102,-0.1024912674958342,-0.3439278242998831,0.1155700516717544,-0.1515863710335072,0.0781677350427351,-0.1385791430791429,-0.0354839549339549,-0.0032892440462873,0.0908484694270297,0.1242660564704885,0.0,,,0.1134707090646449,0.0040817058758234,0.0481935152223078,-0.146606441271147,-0.4348766583090112,-0.123374125221184,-0.0321004036383292,-0.0560214734611793,-0.2707064747344158,-0.4219424662283022,-0.0081742900889958,0.0223955417131886,7,5,7,8,5,5,3,7,4,5.0,5,5,6.0,10.0,10,2.0,,,7,8.0,8.0,6,5,7.0,5,8,6,1,7.0,8,7,6,1,8,8,10,3,6,5,5.0,5,2,6.0,7.0,7,0.0,,,9,8.0,6.0,4,5,7.0,5,4,5,8,4.0,5,3,3,1,6,5,5,0,5,2,3.0,2,1,4.0,7.0,7,0.0,,,7,6.0,5.0,2,1,4.0,3,3,2,1,3.0,4,0,0,0,0,0,0,0,0,0,0.0,0,0,0.0,0.0,0,0.0,,,0,0.0,0.0,0,0,0.0,0,0,0,0,0.0,0
167.5,-2.0289673196860423,-0.2590698591873343,0.5128820311971463,1.1714026320177269,-0.2068087190097841,-1.334361501573038,-2.3714991036114355,-1.136485192165553,-0.8517422512864797,-0.1711272964874066,-0.583459671445098,0.4361262517470876,-1.1463182778998782,0.8970533862370885,0.4563007359230698,,,,1.1993034808042928,0.895551189873549,0.833985332660538,-2.913309690037896,-1.97396943993648,-0.6650473777268308,0.3715146254749483,0.3585931546978573,-2.1144699124792576,-1.5670970037150562,-0.7767712308647978,0.0366745647519465,-0.259968362339415,-0.0406876768656181,0.0594431956931957,0.1437299666277994,-0.0291708079072628,-0.1309645369101219,-0.4240721928398399,-0.1546607961440004,-0.1295746623173866,-0.0289051892551893,-0.1386421534348005,0.081981968031968,-0.1869932453855053,0.1010053184498903,0.0588405236318547,0.0,,,0.1718654061393058,0.1509262878762104,0.1206805256405103,-0.5204186111274347,-0.3018566655566655,-0.1013389559786618,0.052339427239427,0.0472863546584135,-0.2636265950080191,-0.2775931449355598,-0.1375430161084186,0.0066637958360867,7,5,7,8,7,6,2,6,4,5.0,4,5,5.0,11.0,10,2.0,,,8,8.0,8.0,5,7,8.0,6,8,5,2,6.0,9,6,5,1,8,7,9,3,6,5,4.0,6,3,5.0,8.0,5,0.0,,,9,8.0,7.0,4,5,6.0,4,4,6,8,6.0,6,3,3,1,7,5,5,0,3,2,2.0,2,2,2.0,8.0,5,0.0,,,8,7.0,6.0,0,2,4.0,3,3,2,2,3.0,5,0,0,0,0,0,0,0,0,0,0.0,0,0,0.0,0.0,0,0.0,,,0,0.0,0.0,0,0,0.0,0,0,0,0,0.0,0
168.5,-1.811900582950531,0.1632995441584692,0.5012756149539911,0.8168659919757271,-0.1476616119558453,-1.9489280414832384,-2.543510802119467,-1.0573599658367778,-2.3112946200167466,-0.0145299742973315,0.0538514394795832,0.60043654949443,-0.2220566142616176,1.018229482404539,0.7771902062391828,,,,1.2364455504354197,0.928542959034287,0.5289278624581804,-2.939722429407708,-1.5210649410898232,-0.6869564117295358,0.9957734917509098,0.6701915872627042,0.0903381004090304,-1.850925032771362,-0.4726578450593706,0.7045489230923775,-0.2408837890953216,0.0253003338165103,0.0586135919635919,0.0941355929416301,-0.019588090452719,-0.2119009871475649,-0.4696683760683761,-0.1418401384391322,-0.3257732977978335,-0.0027534521034521,0.0128065287653522,0.1129666361416361,-0.0389053784450844,0.1251553965642201,0.0931454375517842,,,,0.1718011635195543,0.1615997419333332,0.0728409598829102,-0.5200651719195837,-0.2431055083805082,-0.1065868890913008,0.1476857387710328,0.0897220088734793,0.0106276358746173,-0.320310064075931,-0.081028245773834,0.1227776223088916,7,5,7,7,6,5,2,4,3,4.0,4,5,5.0,9.0,10,,,,8,9.0,9.0,5,9,8.0,7,8,6,3,6.0,9,6,5,1,9,6,9,4,7,5,2.0,6,5,4.0,6.0,6,,,,9,7.0,8.0,4,4,6.0,3,3,6,8,5.0,6,3,3,1,7,4,4,0,3,1,1.0,3,3,2.0,6.0,6,,,,8,7.0,7.0,0,2,4.0,3,3,4,2,3.0,6,0,0,0,0,0,0,0,0,0,0.0,0,0,0.0,0.0,0,,,,0,0.0,0.0,0,0,0.0,0,0,0,0,0.0,0
169.5,-1.6798903380307535,-0.1802284081106243,,-0.7724317497550321,0.691224178915618,-2.2093944641679513,-2.5359280132052513,-0.109249062926109,-1.5835004935894563,1.722316962773666,0.5698364861845379,0.0242718846287954,-1.6063780796351923,1.0564505620054412,0.3946847879920424,,,,0.0301153410349422,0.4980788494797157,0.5168555278820216,-2.5265106562078814,0.3416756677451477,0.9237857968349232,-0.3747541708425449,-0.6823657247598529,0.0660942336332446,-0.3065659666136787,-0.4844644832329542,0.530127550783332,-0.2266087684932887,-0.0264395992895993,0.0,-0.0847750947367046,0.0868429624297271,-0.2859444297790272,-0.4737101021527491,-0.0149221842126405,-0.2125885314547853,0.3561082917082917,0.1310628490790254,0.0045819223260399,-0.2334612004009063,0.124668682066128,0.0477006850820317,,,,0.0039279667510216,0.0855263493902038,0.0733954557997901,-0.4545337024087024,0.0530865773115772,0.1427157899290253,-0.0526192374618844,-0.0911720136073077,0.0080866802787855,-0.0526069022308959,-0.079139100605277,0.0817169431359835,7,6,7,5,6,4,3,4,4,4.0,3,5,6.0,9.0,9,,,,9,9.0,9.0,5,7,9.0,7,9,6,5,6.0,8,6,3,0,10,5,8,4,8,6,2.0,6,6,3.0,6.0,6,,,,9,8.0,8.0,3,4,6.0,3,4,6,8,5.0,7,3,2,0,5,4,3,0,4,2,2.0,3,3,1.0,6.0,5,,,,7,7.0,7.0,0,3,6.0,2,3,4,4,3.0,6,0,0,0,0,0,0,0,0,0,0.0,0,0,0.0,0.0,0,,,,0,0.0,0.0,0,0,0.0,0,0,0,0,0.0,0
170.5,-1.5265373773496618,0.1663182319021841,-1.1173697745456868,0.0078840212765289,0.2105278970831335,-1.5877695695787657,-1.8615071519476123,-0.4273113288144763,-2.0580920185314984,1.6376058664255224,0.2105047195455112,-1.124688242528905,-0.1031588765606086,0.9962724686443676,0.0642302523696998,,,,1.3059425477669664,0.4728725535131754,0.9438039337543715,-1.8921103379585076,1.3481511207008647,0.2183436139841736,-1.8297525583098,-0.6321282721974012,1.050923958584765,0.0987974562007238,0.4767273360950204,0.28346966166451,-0.2059636165004585,0.0234226440226439,-0.1407410589410589,0.0010181601250487,0.0276619752796223,-0.1863214162932833,-0.3340636989945039,-0.0554947983878493,-0.2792218154136884,0.3616948329448329,0.0481513292263292,-0.2138621953210189,-0.014469675259381,0.1205897181765602,0.0082152859341343,,,,0.1824704522515667,0.0809663252038639,0.1291960380091185,-0.3386975302475302,0.2058036796536796,0.036058609854198,-0.2494020461564579,-0.0849653786615861,0.1259682707643233,0.0170009893872896,0.0748004066195242,0.0455293692633475,6,6,6,6,7,5,3,4,4,5.0,2,4,7.0,9.0,8,,,,9,7.0,9.0,4,6,8.0,7,9,6,6,7.0,7,6,3,1,8,5,9,5,8,7,3.0,5,7,3.0,5.0,7,,,,8,8.0,7.0,2,3,6.0,3,6,6,8,5.0,7,3,2,0,5,4,4,1,4,2,3.0,2,2,2.0,5.0,5,,,,8,6.0,7.0,0,3,5.0,1,4,5,5,4.0,5,0,0,0,0,0,0,0,0,0,0.0,0,0,0.0,0.0,0,,,,0,0.0,0.0,0,0,0.0,0,0,0,0,0.0,0
171.5,-0.6183578785164642,0.6840277634208782,-0.907412470904312,0.5719025760483937,0.8863045133172194,-1.158504937447182,-2.0461329304265226,-0.5245945621759135,-1.351452359060518,1.921767075044605,0.2373013946036609,-0.956871334676364,0.6426809664897923,0.5232687363362047,-0.7475210350542764,,,,0.7133458747776542,-0.6284549773933822,0.1683845206573778,-2.535214451969221,1.5265938294458892,0.3261824256556478,-1.426738181304417,-0.1672966231650991,1.0031900274946397,0.4025665316792458,-0.0519531022436267,0.0164957796682901,-0.087393822800866,0.0978954184704183,-0.1291900377400378,0.0786881772424342,0.1225827114663802,-0.153934077059851,-0.3369697217900778,-0.0683682391078507,-0.1863031210036729,0.4318251304251304,0.0534661172161171,-0.1965789927392868,0.0985454607484018,0.0638228308241465,-0.0938953635261852,,,,0.1095655707209887,-0.1083285249236487,0.0224140628721124,-0.4574916111666112,0.2226672494172493,0.0488513487716274,-0.2043449744699744,-0.0222922679144041,0.1348023992347522,0.0671518136919839,-0.0083075295619412,0.0026844438756977,7,8,7,6,7,5,3,5,3,4.0,2,3,8.0,7.0,6,,,,9,5.0,7.0,3,5,7.0,7,9,8,8,8.0,5,6,3,2,7,6,8,5,8,8,3.0,5,7,3.0,5.0,7,,,,8,8.0,8.0,3,2,8.0,3,6,5,8,4.0,5,4,3,1,5,5,4,1,4,3,3.0,2,2,3.0,4.0,4,,,,7,4.0,6.0,0,2,6.0,1,5,5,6,3.0,3,0,0,0,0,0,0,0,0,0,0.0,0,0,0.0,0.0,0,,,,0,0.0,0.0,0,0,0.0,0,0,0,0,0.0,0
172.5,-0.7661964794490225,-0.5297619345417127,-0.437862341316556,-0.8717950024584011,1.1604003236813525,-0.4392232198095565,-0.8418855457384071,0.374957820626886,-0.5424783381750714,2.0299420299516533,-0.7018892772277149,-2.2407788731393676,0.4981194166944323,-0.5148786356136861,0.1324413932629169,,,,0.7722241346293804,-1.7667235874518517,-0.8060229822840976,-2.0931437195637543,-0.1599500660020896,-0.746033454499671,-1.041786660125843,-0.4040056015086554,-0.142473339482498,0.0006638798215566,0.7370538536184679,-0.6183179451757114,-0.1047841729907518,-0.0712376197332078,-0.0703494283494283,-0.1199618855001207,0.1771945224709931,-0.0552988589068311,-0.1379512476086005,0.0488507953481437,-0.076889292274334,0.3883506743256742,-0.1493567873303167,-0.4087115039501262,0.0768029577577563,-0.0652923375643964,0.0158350464381342,,,,0.1154177080659278,-0.3076792873706959,-0.1106523135189544,-0.3445965034965035,-0.0226977966477966,-0.1041602561267421,-0.1416491088976383,-0.0537765048590901,-0.0181942430118899,0.0001257239492532,0.1136310078810078,-0.098442616533793,7,8,7,5,7,7,4,6,4,4.0,1,2,10.0,8.0,6,,,,9,3.0,6.0,4,4,7.0,6,8,8,8,9.0,4,6,4,3,6,5,7,5,8,8,5.0,5,8,5.0,3.0,9,,,,6,7.0,9.0,2,2,8.0,4,7,5,7,3.0,5,4,3,2,3,5,5,2,5,4,4.0,1,1,5.0,2.0,6,,,,6,2.0,5.0,0,1,5.0,2,5,4,5,3.0,2,0,0,0,0,0,0,0,0,0,0.0,0,0,0.0,0.0,0,,,,0,0.0,0.0,0,0,0.0,0,0,0,0,0.0,0
173.5,0.2048176058878276,-1.0241694858412267,-0.4401273948422096,0.0755442662615637,1.5016539564285256,0.7662408858834409,0.5291004591467926,-0.1299460015224238,-0.6203361752727293,1.6153879542121423,-0.3068019459486277,-3.434519254879439,0.8583964774015374,-0.2156154314558278,-0.4933760286666458,,,,0.6785979730205524,-1.3228987752658845,-1.2526846391509334,-0.6693714648749796,0.7912677042843932,-0.5959461605620201,0.4217173296576729,-1.361697610474523,-0.1821948020433099,0.423519629180686,0.6515694224580307,-1.1658135165333727,0.0272508580772513,-0.1497238573517985,-0.0690358724608724,0.0106176934176934,0.2120587217306258,0.0904157261812834,0.0862284009420232,-0.0165505077138203,-0.0897929740452186,0.3213443265884441,-0.0702297757797757,-0.6215379799251316,0.1212974639481606,-0.0265447745065391,-0.0583236438995862,,,,0.0979351825419163,-0.2453554754756767,-0.1881237271414517,-0.1213713036963036,0.1266339382839382,-0.0882342917144775,0.0590350944634999,-0.182419432450934,-0.0220492525448408,0.0851818487068486,0.0984180819180819,-0.163324432086661,7,8,7,6,7,7,4,5,4,5.0,1,1,9.0,8.0,6,,,,9,2.0,6.0,4,4,7.0,6,7,8,7,7.0,5,6,5,3,6,7,8,5,7,8,6.0,4,8,6.0,4.0,8,,,,5,7.0,8.0,3,3,8.0,6,7,5,5,2.0,5,5,3,2,4,7,6,3,4,4,5.0,1,0,6.0,3.0,5,,,,5,2.0,4.0,1,2,5.0,4,4,4,4,2.0,2,0,0,0,0,0,0,0,0,0,0.0,0,0,0.0,0.0,0,,,,0,0.0,0.0,0,0,0.0,0,0,0,0,0.0,0
174.5,0.7432236277673677,-0.740038939466549,-0.4441006229322197,0.7332092877740857,0.9745607159538484,0.7595758772773845,1.7748330639632943,0.2869752139645938,-2.575618339840909,1.3996868352799412,0.4031248630531948,-1.9200235311541651,1.0523837089242545,-1.0102486715434156,-0.7741719497994779,,,,1.3871848128602469,-2.111522827428817,-0.1092834066738554,0.1216100981893521,0.7944872491226641,-0.5954327658157292,-0.145112381062178,-0.3318201496667845,0.1827219904184439,0.9210529490395476,0.3600354610628395,-0.8387124717373952,0.1037413250921766,-0.1044803496555044,-0.0697790626040625,0.0990275267216443,0.1240688294419718,0.0898481033328555,0.3102361082158296,0.0332533396980967,-0.367997361324606,0.2476767849797262,0.0889207335148511,-0.3787809504221269,0.1496311878180299,-0.1267146327528679,-0.0981407282364813,,,,0.1934646549185249,-0.3641428729766964,-0.0170058527042273,0.0222732204070439,0.1333812798312798,-0.0849216387070103,-0.0195283650817705,-0.041343311152212,0.0230688662730458,0.1952765623265622,0.0480526862026862,-0.1403070839291427,8,7,7,8,7,7,4,6,4,5.0,2,1,7.0,6.0,7,,,,8,1.0,6.0,4,5,7.0,6,7,9,5,7.0,6,5,6,3,6,8,7,5,8,7,7.0,5,7,7.0,4.0,7,,,,5,6.0,8.0,4,4,8.0,6,7,6,4,1.0,4,5,4,2,5,7,6,4,5,2,5.0,2,1,6.0,2.0,4,,,,5,1.0,5.0,2,3,5.0,4,5,5,3,1.0,2,0,0,0,0,0,0,0,0,0,0.0,0,0,0.0,0.0,0,,,,0,0.0,0.0,0,0,0.0,0,0,0,0,0.0,0
175.5,1.0378072809562855,-1.247628928604147,-0.4351998228255175,0.9529269521363536,-0.1838539445887476,0.5522600611174461,1.4160482764952596,0.549733152612038,-0.3986245076791751,1.155271728441961,0.8496305306206294,-1.7450197002020735,0.2153117181842808,,-0.5462590254907728,,,,0.9713184464661284,-1.3652542443863442,0.1838664730488063,-0.4295184857280494,1.004620301438222,-0.3948824725682122,0.9539152596479756,-1.0194049106052443,-0.2326235654183403,0.6773300095324667,,-0.4493122273297336,0.1487935158838411,-0.1499547529611771,-0.0676607531357531,0.1222544425045197,-0.0238318526846389,0.067953767560269,0.2616445528327881,0.0697362728860407,-0.0588495882858111,0.1950591500003266,0.1830938548379724,-0.3296954829484241,0.0315745125445589,,-0.0642082245497881,,,,0.1216240104666575,-0.2213928617134499,0.026930980457451,-0.0780565232153467,0.1670087146513618,-0.0610431290931292,0.1313039843799132,-0.1381470598115334,-0.0268546086266674,0.1356306915306914,,-0.0868923072627405,8,6,7,7,5,8,4,6,4,5.0,4,1,6.0,,8,,,,8,2.0,7.0,5,5,8.0,6,7,8,4,,7,5,7,3,7,8,7,4,7,8,7.0,5,7,7.0,,6,,,,4,7.0,9.0,4,5,7.0,6,5,5,3,,5,5,4,2,6,5,6,3,5,4,5.0,3,1,5.0,,4,,,,4,2.0,6.0,2,4,5.0,5,3,4,2,,3,0,0,0,0,0,0,0,0,0,0.0,0,0,0.0,,0,,,,0,0.0,0.0,0,0,0.0,0,0,0,0,,0
176.5,0.4987428235745157,-2.1506968725694673,0.3695354846025091,0.8661068457724064,-0.2857670211340283,0.655192105139491,1.500164501732595,-0.0467759027725224,-1.4175640617776777,,1.2204690230638402,-1.292806027676615,,,0.6211470848950252,,,,0.0470324830256573,,,-0.0266007082216616,0.8101954104793814,,-0.6194179130784125,-0.7853677940204754,0.0066394173498241,0.3347006665792967,,-0.304469762921256,0.068015072835661,-0.2832070017357944,0.0506610342272106,0.1060599875356841,-0.036732387538502,0.0775861652021869,0.2669298176625575,-0.0056847324819628,-0.2038619374949096,,0.2749210901843255,-0.2551104617604617,,,0.0648757376352577,,,,0.0063766122766123,,,-0.0047348868451809,0.1314944305694306,,-0.0871879489791254,-0.1099664506546085,0.0007227794737082,0.0572458041958042,,-0.0547182143621771,8,5,7,8,5,7,5,6,3,,5,2,,,10,,,,7,,,7,6,,7,7,8,2,,7,3,7,4,8,8,8,5,8,8,,5,5,,,6,,,,4,,,4,6,,6,5,6,3,,6,3,3,3,7,5,6,4,5,3,,4,1,,,6,,,,3,,,3,5,,4,3,5,1,,4,0,0,0,0,0,0,0,0,0,,0,0,,,0,,,,0,,,0,0,,0,0,0,0,,0
