t_center,t_center_abs,S,S_null_mean,S_null_sd,z_S_t,S_excess,nA,nB,nM,dt,episode
9.5,9.5,0.8888888888888888,0.6540642200249012,0.18646095582544617,1.2593771592794836,0.23482466886398767,10.0,8.0,8.0,0.0,0
9.5,9.5,0.8888888888888888,0.6540642200249012,0.18646095582544617,1.2593771592794836,0.23482466886398767,10.0,8.0,8.0,-0.10000000000000053,0
9.5,9.5,0.8888888888888888,0.6540642200249012,0.18646095582544617,1.2593771592794836,0.23482466886398767,10.0,8.0,8.0,-0.09999999999999964,0
9.5,9.5,0.8888888888888888,0.6540642200249012,0.18646095582544617,1.2593771592794836,0.23482466886398767,10.0,8.0,8.0,0.09999999999999964,0
9.5,9.5,0.8888888888888888,0.6540642200249012,0.18646095582544617,1.2593771592794836,0.23482466886398767,10.0,8.0,8.0,-0.1999999999999993,0
9.5,9.5,0.8888888888888888,0.6540642200249012,0.18646095582544617,1.2593771592794836,0.23482466886398767,10.0,8.0,8.0,0.20000000000000107,0
9.5,9.5,0.8888888888888888,0.6540642200249012,0.18646095582544617,1.2593771592794836,0.23482466886398767,10.0,8.0,8.0,-0.09999999999999964,0
9.5,9.5,0.8888888888888888,0.6540642200249012,0.18646095582544617,1.2593771592794836,0.23482466886398767,10.0,8.0,8.0,-0.09999999999999964,0
10.5,10.5,0.8235294117647058,0.6260040134701899,0.1819730943579189,1.085464853974553,0.19752539829451599,10.0,7.0,7.0,-0.09999999999999964,0
10.5,10.5,0.8235294117647058,0.6260040134701899,0.1819730943579189,1.085464853974553,0.19752539829451599,10.0,7.0,7.0,0.09999999999999964,0
10.5,10.5,0.8235294117647058,0.6260040134701899,0.1819730943579189,1.085464853974553,0.19752539829451599,10.0,7.0,7.0,-0.1999999999999993,0
10.5,10.5,0.8235294117647058,0.6260040134701899,0.1819730943579189,1.085464853974553,0.19752539829451599,10.0,7.0,7.0,0.20000000000000107,0
10.5,10.5,0.8235294117647058,0.6260040134701899,0.1819730943579189,1.085464853974553,0.19752539829451599,10.0,7.0,7.0,-0.09999999999999964,0
10.5,10.5,0.8235294117647058,0.6260040134701899,0.1819730943579189,1.085464853974553,0.19752539829451599,10.0,7.0,7.0,-0.09999999999999964,0
10.5,10.5,0.8235294117647058,0.6260040134701899,0.1819730943579189,1.085464853974553,0.19752539829451599,10.0,7.0,7.0,-0.09999999999999964,0
11.5,11.5,0.7058823529411765,0.5937305023407964,0.17190987806695648,0.6523874710486303,0.11215185060038013,11.0,6.0,6.0,-0.1999999999999993,0
11.5,11.5,0.7058823529411765,0.5937305023407964,0.17190987806695648,0.6523874710486303,0.11215185060038013,11.0,6.0,6.0,0.20000000000000107,0
11.5,11.5,0.7058823529411765,0.5937305023407964,0.17190987806695648,0.6523874710486303,0.11215185060038013,11.0,6.0,6.0,-0.09999999999999964,0
11.5,11.5,0.7058823529411765,0.5937305023407964,0.17190987806695648,0.6523874710486303,0.11215185060038013,11.0,6.0,6.0,-0.09999999999999964,0
11.5,11.5,0.7058823529411765,0.5937305023407964,0.17190987806695648,0.6523874710486303,0.11215185060038013,11.0,6.0,6.0,-0.09999999999999964,0
11.5,11.5,0.7058823529411765,0.5937305023407964,0.17190987806695648,0.6523874710486303,0.11215185060038013,11.0,6.0,6.0,-0.1999999999999993,0
12.5,12.5,0.8235294117647058,0.6457785825285826,0.16977862351533915,1.0469564751775942,0.1777508292361233,10.0,7.0,7.0,0.20000000000000107,0
12.5,12.5,0.8235294117647058,0.6457785825285826,0.16977862351533915,1.0469564751775942,0.1777508292361233,10.0,7.0,7.0,-0.09999999999999964,0
12.5,12.5,0.8235294117647058,0.6457785825285826,0.16977862351533915,1.0469564751775942,0.1777508292361233,10.0,7.0,7.0,-0.09999999999999964,0
12.5,12.5,0.8235294117647058,0.6457785825285826,0.16977862351533915,1.0469564751775942,0.1777508292361233,10.0,7.0,7.0,-0.09999999999999964,0
12.5,12.5,0.8235294117647058,0.6457785825285826,0.16977862351533915,1.0469564751775942,0.1777508292361233,10.0,7.0,7.0,-0.1999999999999993,0
12.5,12.5,0.8235294117647058,0.6457785825285826,0.16977862351533915,1.0469564751775942,0.1777508292361233,10.0,7.0,7.0,-0.1999999999999993,0
12.5,12.5,0.8235294117647058,0.6457785825285826,0.16977862351533915,1.0469564751775942,0.1777508292361233,10.0,7.0,7.0,0.20000000000000107,0
13.5,13.5,0.8235294117647058,0.6491016160310278,0.1725847348282244,1.0106791652650398,0.17442779573367806,10.0,7.0,7.0,-0.09999999999999964,0
13.5,13.5,0.8235294117647058,0.6491016160310278,0.1725847348282244,1.0106791652650398,0.17442779573367806,10.0,7.0,7.0,-0.09999999999999964,0
13.5,13.5,0.8235294117647058,0.6491016160310278,0.1725847348282244,1.0106791652650398,0.17442779573367806,10.0,7.0,7.0,-0.1999999999999993,0
13.5,13.5,0.8235294117647058,0.6491016160310278,0.1725847348282244,1.0106791652650398,0.17442779573367806,10.0,7.0,7.0,-0.1999999999999993,0
13.5,13.5,0.8235294117647058,0.6491016160310278,0.1725847348282244,1.0106791652650398,0.17442779573367806,10.0,7.0,7.0,0.20000000000000107,0
13.5,13.5,0.8235294117647058,0.6491016160310278,0.1725847348282244,1.0106791652650398,0.17442779573367806,10.0,7.0,7.0,0.20000000000000107,0
13.5,13.5,0.8235294117647058,0.6491016160310278,0.1725847348282244,1.0106791652650398,0.17442779573367806,10.0,7.0,7.0,0.20000000000000107,0
14.5,14.5,0.7777777777777778,0.6765333060386465,0.17994816051214338,0.5626313236600108,0.10124447173913131,10.0,8.0,7.0,-0.09999999999999964,0
14.5,14.5,0.7777777777777778,0.6765333060386465,0.17994816051214338,0.5626313236600108,0.10124447173913131,10.0,8.0,7.0,-0.1999999999999993,0
14.5,14.5,0.7777777777777778,0.6765333060386465,0.17994816051214338,0.5626313236600108,0.10124447173913131,10.0,8.0,7.0,-0.1999999999999993,0
14.5,14.5,0.7777777777777778,0.6765333060386465,0.17994816051214338,0.5626313236600108,0.10124447173913131,10.0,8.0,7.0,0.20000000000000107,0
14.5,14.5,0.7777777777777778,0.6765333060386465,0.17994816051214338,0.5626313236600108,0.10124447173913131,10.0,8.0,7.0,0.20000000000000107,0
14.5,14.5,0.7777777777777778,0.6765333060386465,0.17994816051214338,0.5626313236600108,0.10124447173913131,10.0,8.0,7.0,-0.20000000000000107,0
14.5,14.5,0.7777777777777778,0.6765333060386465,0.17994816051214338,0.5626313236600108,0.10124447173913131,10.0,8.0,7.0,-0.20000000000000284,0
15.5,15.5,0.8421052631578947,0.7154058246706855,0.18248132440654496,0.6943145491696406,0.12669943848720921,10.0,9.0,8.0,-0.1999999999999993,0
15.5,15.5,0.8421052631578947,0.7154058246706855,0.18248132440654496,0.6943145491696406,0.12669943848720921,10.0,9.0,8.0,-0.1999999999999993,0
15.5,15.5,0.8421052631578947,0.7154058246706855,0.18248132440654496,0.6943145491696406,0.12669943848720921,10.0,9.0,8.0,0.20000000000000107,0
15.5,15.5,0.8421052631578947,0.7154058246706855,0.18248132440654496,0.6943145491696406,0.12669943848720921,10.0,9.0,8.0,0.20000000000000107,0
15.5,15.5,0.8421052631578947,0.7154058246706855,0.18248132440654496,0.6943145491696406,0.12669943848720921,10.0,9.0,8.0,-0.20000000000000107,0
15.5,15.5,0.8421052631578947,0.7154058246706855,0.18248132440654496,0.6943145491696406,0.12669943848720921,10.0,9.0,8.0,-0.20000000000000284,0
15.5,15.5,0.8421052631578947,0.7154058246706855,0.18248132440654496,0.6943145491696406,0.12669943848720921,10.0,9.0,8.0,-0.20000000000000284,0
15.5,15.5,0.8421052631578947,0.7154058246706855,0.18248132440654496,0.6943145491696406,0.12669943848720921,10.0,9.0,8.0,0.1999999999999993,0
16.5,16.5,0.7368421052631579,0.728698513569334,0.17851497659586418,0.045618534921358006,0.008143591693823837,9.0,10.0,7.0,-0.1999999999999993,0
16.5,16.5,0.7368421052631579,0.728698513569334,0.17851497659586418,0.045618534921358006,0.008143591693823837,9.0,10.0,7.0,0.20000000000000107,0
16.5,16.5,0.7368421052631579,0.728698513569334,0.17851497659586418,0.045618534921358006,0.008143591693823837,9.0,10.0,7.0,0.20000000000000107,0
16.5,16.5,0.7368421052631579,0.728698513569334,0.17851497659586418,0.045618534921358006,0.008143591693823837,9.0,10.0,7.0,-0.20000000000000107,0
16.5,16.5,0.7368421052631579,0.728698513569334,0.17851497659586418,0.045618534921358006,0.008143591693823837,9.0,10.0,7.0,-0.20000000000000284,0
16.5,16.5,0.7368421052631579,0.728698513569334,0.17851497659586418,0.045618534921358006,0.008143591693823837,9.0,10.0,7.0,-0.20000000000000284,0
16.5,16.5,0.7368421052631579,0.728698513569334,0.17851497659586418,0.045618534921358006,0.008143591693823837,9.0,10.0,7.0,0.1999999999999993,0
17.5,17.5,0.625,0.7286106350649695,0.1775474389426293,-0.5835659228993388,-0.10361063506496948,6.0,10.0,5.0,0.20000000000000107,0
17.5,17.5,0.625,0.7286106350649695,0.1775474389426293,-0.5835659228993388,-0.10361063506496948,6.0,10.0,5.0,-0.20000000000000107,0
17.5,17.5,0.625,0.7286106350649695,0.1775474389426293,-0.5835659228993388,-0.10361063506496948,6.0,10.0,5.0,-0.20000000000000284,0
17.5,17.5,0.625,0.7286106350649695,0.1775474389426293,-0.5835659228993388,-0.10361063506496948,6.0,10.0,5.0,-0.20000000000000284,0
17.5,17.5,0.625,0.7286106350649695,0.1775474389426293,-0.5835659228993388,-0.10361063506496948,6.0,10.0,5.0,0.1999999999999993,0
18.5,18.5,0.625,0.7159077318020817,0.182584020864507,-0.49789533263451896,-0.09090773180208167,6.0,10.0,5.0,-0.20000000000000284,0
18.5,18.5,0.625,0.7159077318020817,0.182584020864507,-0.49789533263451896,-0.09090773180208167,6.0,10.0,5.0,-0.20000000000000284,0
18.5,18.5,0.625,0.7159077318020817,0.182584020864507,-0.49789533263451896,-0.09090773180208167,6.0,10.0,5.0,0.1999999999999993,0
18.5,18.5,0.625,0.7159077318020817,0.182584020864507,-0.49789533263451896,-0.09090773180208167,6.0,10.0,5.0,-0.1999999999999993,0
18.5,18.5,0.625,0.7159077318020817,0.182584020864507,-0.49789533263451896,-0.09090773180208167,6.0,10.0,5.0,-0.09999999999999787,0
19.5,19.5,0.5333333333333333,0.6776808591133668,0.18974386275728472,-0.7607493790968038,-0.14434752578003351,6.0,9.0,4.0,0.1999999999999993,0
19.5,19.5,0.5333333333333333,0.6776808591133668,0.18974386275728472,-0.7607493790968038,-0.14434752578003351,6.0,9.0,4.0,-0.1999999999999993,0
19.5,19.5,0.5333333333333333,0.6776808591133668,0.18974386275728472,-0.7607493790968038,-0.14434752578003351,6.0,9.0,4.0,-0.09999999999999787,0
19.5,19.5,0.5333333333333333,0.6776808591133668,0.18974386275728472,-0.7607493790968038,-0.14434752578003351,6.0,9.0,4.0,0.0,0
20.5,20.5,0.42857142857142855,0.6160793223116753,0.18864620141718658,-0.9939659125474649,-0.18750789374024673,7.0,7.0,3.0,-0.1999999999999993,0
20.5,20.5,0.42857142857142855,0.6160793223116753,0.18864620141718658,-0.9939659125474649,-0.18750789374024673,7.0,7.0,3.0,-0.09999999999999787,0
20.5,20.5,0.42857142857142855,0.6160793223116753,0.18864620141718658,-0.9939659125474649,-0.18750789374024673,7.0,7.0,3.0,0.0,0
21.5,21.5,0.5714285714285714,0.5797397440794501,0.17716055479629214,-0.04691322320837872,-0.008311172650878662,8.0,6.0,4.0,-0.1999999999999993,0
21.5,21.5,0.5714285714285714,0.5797397440794501,0.17716055479629214,-0.04691322320837872,-0.008311172650878662,8.0,6.0,4.0,-0.09999999999999787,0
21.5,21.5,0.5714285714285714,0.5797397440794501,0.17716055479629214,-0.04691322320837872,-0.008311172650878662,8.0,6.0,4.0,0.0,0
21.5,21.5,0.5714285714285714,0.5797397440794501,0.17716055479629214,-0.04691322320837872,-0.008311172650878662,8.0,6.0,4.0,0.09999999999999787,0
22.5,22.5,0.75,0.5816121323121323,0.15704502534827816,1.072226689858113,0.16838786768786773,10.0,6.0,6.0,-0.1999999999999993,0
22.5,22.5,0.75,0.5816121323121323,0.15704502534827816,1.072226689858113,0.16838786768786773,10.0,6.0,6.0,-0.09999999999999787,0
22.5,22.5,0.75,0.5816121323121323,0.15704502534827816,1.072226689858113,0.16838786768786773,10.0,6.0,6.0,0.0,0
22.5,22.5,0.75,0.5816121323121323,0.15704502534827816,1.072226689858113,0.16838786768786773,10.0,6.0,6.0,0.09999999999999787,0
22.5,22.5,0.75,0.5816121323121323,0.15704502534827816,1.072226689858113,0.16838786768786773,10.0,6.0,6.0,0.0,0
22.5,22.5,0.75,0.5816121323121323,0.15704502534827816,1.072226689858113,0.16838786768786773,10.0,6.0,6.0,0.1999999999999993,0
23.5,23.5,0.625,0.557087715389186,0.17245855255293663,0.39378902121985593,0.067912284610814,10.0,6.0,5.0,0.0,0
23.5,23.5,0.625,0.557087715389186,0.17245855255293663,0.39378902121985593,0.067912284610814,10.0,6.0,5.0,0.09999999999999787,0
23.5,23.5,0.625,0.557087715389186,0.17245855255293663,0.39378902121985593,0.067912284610814,10.0,6.0,5.0,0.0,0
23.5,23.5,0.625,0.557087715389186,0.17245855255293663,0.39378902121985593,0.067912284610814,10.0,6.0,5.0,0.1999999999999993,0
23.5,23.5,0.625,0.557087715389186,0.17245855255293663,0.39378902121985593,0.067912284610814,10.0,6.0,5.0,-0.10000000000000142,0
24.5,24.5,0.75,0.5901417691785339,0.18189982385969905,0.8788256493572318,0.1598582308214661,9.0,7.0,6.0,0.09999999999999787,0
24.5,24.5,0.75,0.5901417691785339,0.18189982385969905,0.8788256493572318,0.1598582308214661,9.0,7.0,6.0,0.0,0
24.5,24.5,0.75,0.5901417691785339,0.18189982385969905,0.8788256493572318,0.1598582308214661,9.0,7.0,6.0,0.1999999999999993,0
24.5,24.5,0.75,0.5901417691785339,0.18189982385969905,0.8788256493572318,0.1598582308214661,9.0,7.0,6.0,-0.10000000000000142,0
24.5,24.5,0.75,0.5901417691785339,0.18189982385969905,0.8788256493572318,0.1598582308214661,9.0,7.0,6.0,-0.1999999999999993,0
24.5,24.5,0.75,0.5901417691785339,0.18189982385969905,0.8788256493572318,0.1598582308214661,9.0,7.0,6.0,0.0,0
25.5,25.5,0.8888888888888888,0.6829770693530756,0.18215325843956434,1.1304317106363029,0.20591181953581328,9.0,9.0,8.0,0.09999999999999787,0
25.5,25.5,0.8888888888888888,0.6829770693530756,0.18215325843956434,1.1304317106363029,0.20591181953581328,9.0,9.0,8.0,0.0,0
25.5,25.5,0.8888888888888888,0.6829770693530756,0.18215325843956434,1.1304317106363029,0.20591181953581328,9.0,9.0,8.0,0.1999999999999993,0
25.5,25.5,0.8888888888888888,0.6829770693530756,0.18215325843956434,1.1304317106363029,0.20591181953581328,9.0,9.0,8.0,-0.10000000000000142,0
25.5,25.5,0.8888888888888888,0.6829770693530756,0.18215325843956434,1.1304317106363029,0.20591181953581328,9.0,9.0,8.0,-0.1999999999999993,0
25.5,25.5,0.8888888888888888,0.6829770693530756,0.18215325843956434,1.1304317106363029,0.20591181953581328,9.0,9.0,8.0,0.0,0
25.5,25.5,0.8888888888888888,0.6829770693530756,0.18215325843956434,1.1304317106363029,0.20591181953581328,9.0,9.0,8.0,-0.09999999999999787,0
25.5,25.5,0.8888888888888888,0.6829770693530756,0.18215325843956434,1.1304317106363029,0.20591181953581328,9.0,9.0,8.0,-0.09999999999999787,0
26.5,26.5,0.9,0.7057994199814634,0.17445964821549576,1.1131547151731984,0.19420058001853657,9.0,11.0,9.0,0.0,0
26.5,26.5,0.9,0.7057994199814634,0.17445964821549576,1.1131547151731984,0.19420058001853657,9.0,11.0,9.0,0.1999999999999993,0
26.5,26.5,0.9,0.7057994199814634,0.17445964821549576,1.1131547151731984,0.19420058001853657,9.0,11.0,9.0,-0.10000000000000142,0
26.5,26.5,0.9,0.7057994199814634,0.17445964821549576,1.1131547151731984,0.19420058001853657,9.0,11.0,9.0,-0.1999999999999993,0
26.5,26.5,0.9,0.7057994199814634,0.17445964821549576,1.1131547151731984,0.19420058001853657,9.0,11.0,9.0,0.0,0
26.5,26.5,0.9,0.7057994199814634,0.17445964821549576,1.1131547151731984,0.19420058001853657,9.0,11.0,9.0,-0.09999999999999787,0
26.5,26.5,0.9,0.7057994199814634,0.17445964821549576,1.1131547151731984,0.19420058001853657,9.0,11.0,9.0,-0.09999999999999787,0
26.5,26.5,0.9,0.7057994199814634,0.17445964821549576,1.1131547151731984,0.19420058001853657,9.0,11.0,9.0,0.0,0
26.5,26.5,0.9,0.7057994199814634,0.17445964821549576,1.1131547151731984,0.19420058001853657,9.0,11.0,9.0,0.0,0
27.5,27.5,0.8421052631578947,0.7005691683703295,0.1794176589827442,0.7888637918365533,0.14153609478756524,8.0,11.0,8.0,-0.10000000000000142,0
27.5,27.5,0.8421052631578947,0.7005691683703295,0.1794176589827442,0.7888637918365533,0.14153609478756524,8.0,11.0,8.0,-0.1999999999999993,0
27.5,27.5,0.8421052631578947,0.7005691683703295,0.1794176589827442,0.7888637918365533,0.14153609478756524,8.0,11.0,8.0,0.0,0
27.5,27.5,0.8421052631578947,0.7005691683703295,0.1794176589827442,0.7888637918365533,0.14153609478756524,8.0,11.0,8.0,-0.09999999999999787,0
27.5,27.5,0.8421052631578947,0.7005691683703295,0.1794176589827442,0.7888637918365533,0.14153609478756524,8.0,11.0,8.0,-0.09999999999999787,0
27.5,27.5,0.8421052631578947,0.7005691683703295,0.1794176589827442,0.7888637918365533,0.14153609478756524,8.0,11.0,8.0,0.0,0
27.5,27.5,0.8421052631578947,0.7005691683703295,0.1794176589827442,0.7888637918365533,0.14153609478756524,8.0,11.0,8.0,0.0,0
27.5,27.5,0.8421052631578947,0.7005691683703295,0.1794176589827442,0.7888637918365533,0.14153609478756524,8.0,11.0,8.0,0.10000000000000142,0
28.5,28.5,0.7777777777777778,0.6923041998850822,0.17778602271952254,0.48076657875146794,0.0854735778926956,8.0,10.0,7.0,-0.1999999999999993,0
28.5,28.5,0.7777777777777778,0.6923041998850822,0.17778602271952254,0.48076657875146794,0.0854735778926956,8.0,10.0,7.0,0.0,0
28.5,28.5,0.7777777777777778,0.6923041998850822,0.17778602271952254,0.48076657875146794,0.0854735778926956,8.0,10.0,7.0,-0.09999999999999787,0
28.5,28.5,0.7777777777777778,0.6923041998850822,0.17778602271952254,0.48076657875146794,0.0854735778926956,8.0,10.0,7.0,-0.09999999999999787,0
28.5,28.5,0.7777777777777778,0.6923041998850822,0.17778602271952254,0.48076657875146794,0.0854735778926956,8.0,10.0,7.0,0.0,0
28.5,28.5,0.7777777777777778,0.6923041998850822,0.17778602271952254,0.48076657875146794,0.0854735778926956,8.0,10.0,7.0,0.0,0
28.5,28.5,0.7777777777777778,0.6923041998850822,0.17778602271952254,0.48076657875146794,0.0854735778926956,8.0,10.0,7.0,0.10000000000000142,0
29.5,29.5,0.7368421052631579,0.6940689880552884,0.1735780576169972,0.24642007057279697,0.04277311720786947,9.0,10.0,7.0,-0.09999999999999787,0
29.5,29.5,0.7368421052631579,0.6940689880552884,0.1735780576169972,0.24642007057279697,0.04277311720786947,9.0,10.0,7.0,-0.09999999999999787,0
29.5,29.5,0.7368421052631579,0.6940689880552884,0.1735780576169972,0.24642007057279697,0.04277311720786947,9.0,10.0,7.0,0.0,0
29.5,29.5,0.7368421052631579,0.6940689880552884,0.1735780576169972,0.24642007057279697,0.04277311720786947,9.0,10.0,7.0,0.0,0
29.5,29.5,0.7368421052631579,0.6940689880552884,0.1735780576169972,0.24642007057279697,0.04277311720786947,9.0,10.0,7.0,0.10000000000000142,0
29.5,29.5,0.7368421052631579,0.6940689880552884,0.1735780576169972,0.24642007057279697,0.04277311720786947,9.0,10.0,7.0,0.0,0
29.5,29.5,0.7368421052631579,0.6940689880552884,0.1735780576169972,0.24642007057279697,0.04277311720786947,9.0,10.0,7.0,0.10000000000000142,0
30.5,30.5,0.6666666666666666,0.6658053301187976,0.18136316699572977,0.004749236364455957,0.0008613365478690183,9.0,9.0,6.0,0.0,0
30.5,30.5,0.6666666666666666,0.6658053301187976,0.18136316699572977,0.004749236364455957,0.0008613365478690183,9.0,9.0,6.0,0.0,0
30.5,30.5,0.6666666666666666,0.6658053301187976,0.18136316699572977,0.004749236364455957,0.0008613365478690183,9.0,9.0,6.0,0.10000000000000142,0
30.5,30.5,0.6666666666666666,0.6658053301187976,0.18136316699572977,0.004749236364455957,0.0008613365478690183,9.0,9.0,6.0,0.0,0
30.5,30.5,0.6666666666666666,0.6658053301187976,0.18136316699572977,0.004749236364455957,0.0008613365478690183,9.0,9.0,6.0,0.10000000000000142,0
30.5,30.5,0.6666666666666666,0.6658053301187976,0.18136316699572977,0.004749236364455957,0.0008613365478690183,9.0,9.0,6.0,0.0,0
31.5,31.5,0.625,0.620840825187884,0.18938733376947622,0.02196120896436828,0.004159174812116029,9.0,7.0,5.0,0.10000000000000142,0
31.5,31.5,0.625,0.620840825187884,0.18938733376947622,0.02196120896436828,0.004159174812116029,9.0,7.0,5.0,0.0,0
31.5,31.5,0.625,0.620840825187884,0.18938733376947622,0.02196120896436828,0.004159174812116029,9.0,7.0,5.0,0.10000000000000142,0
31.5,31.5,0.625,0.620840825187884,0.18938733376947622,0.02196120896436828,0.004159174812116029,9.0,7.0,5.0,0.0,0
31.5,31.5,0.625,0.620840825187884,0.18938733376947622,0.02196120896436828,0.004159174812116029,9.0,7.0,5.0,-0.10000000000000142,0
32.5,32.5,0.5555555555555556,0.63135937585806,0.18228164445130157,-0.415860963569243,-0.07580382030250443,9.0,9.0,5.0,0.0,0
32.5,32.5,0.5555555555555556,0.63135937585806,0.18228164445130157,-0.415860963569243,-0.07580382030250443,9.0,9.0,5.0,0.10000000000000142,0
32.5,32.5,0.5555555555555556,0.63135937585806,0.18228164445130157,-0.415860963569243,-0.07580382030250443,9.0,9.0,5.0,0.0,0
32.5,32.5,0.5555555555555556,0.63135937585806,0.18228164445130157,-0.415860963569243,-0.07580382030250443,9.0,9.0,5.0,-0.10000000000000142,0
32.5,32.5,0.5555555555555556,0.63135937585806,0.18228164445130157,-0.415860963569243,-0.07580382030250443,9.0,9.0,5.0,-0.20000000000000284,0
33.5,33.5,0.6666666666666666,0.6659951403601558,0.18231557870442683,0.0036833182950288886,0.0006715263065107946,9.0,9.0,6.0,0.0,0
33.5,33.5,0.6666666666666666,0.6659951403601558,0.18231557870442683,0.0036833182950288886,0.0006715263065107946,9.0,9.0,6.0,0.10000000000000142,0
33.5,33.5,0.6666666666666666,0.6659951403601558,0.18231557870442683,0.0036833182950288886,0.0006715263065107946,9.0,9.0,6.0,0.0,0
33.5,33.5,0.6666666666666666,0.6659951403601558,0.18231557870442683,0.0036833182950288886,0.0006715263065107946,9.0,9.0,6.0,-0.10000000000000142,0
33.5,33.5,0.6666666666666666,0.6659951403601558,0.18231557870442683,0.0036833182950288886,0.0006715263065107946,9.0,9.0,6.0,-0.20000000000000284,0
33.5,33.5,0.6666666666666666,0.6659951403601558,0.18231557870442683,0.0036833182950288886,0.0006715263065107946,9.0,9.0,6.0,0.10000000000000142,0
34.5,34.5,0.5,0.6874037925868423,0.1787511722289602,-1.0484059502938476,-0.18740379258684225,7.0,9.0,4.0,0.0,0
34.5,34.5,0.5,0.6874037925868423,0.1787511722289602,-1.0484059502938476,-0.18740379258684225,7.0,9.0,4.0,-0.10000000000000142,0
34.5,34.5,0.5,0.6874037925868423,0.1787511722289602,-1.0484059502938476,-0.18740379258684225,7.0,9.0,4.0,-0.20000000000000284,0
34.5,34.5,0.5,0.6874037925868423,0.1787511722289602,-1.0484059502938476,-0.18740379258684225,7.0,9.0,4.0,0.10000000000000142,0
35.5,35.5,0.5,0.7047940037602576,0.18468608162825403,-1.1088762182549188,-0.20479400376025758,7.0,9.0,4.0,-0.10000000000000142,0
35.5,35.5,0.5,0.7047940037602576,0.18468608162825403,-1.1088762182549188,-0.20479400376025758,7.0,9.0,4.0,-0.20000000000000284,0
35.5,35.5,0.5,0.7047940037602576,0.18468608162825403,-1.1088762182549188,-0.20479400376025758,7.0,9.0,4.0,0.10000000000000142,0
35.5,35.5,0.5,0.7047940037602576,0.18468608162825403,-1.1088762182549188,-0.20479400376025758,7.0,9.0,4.0,-0.10000000000000142,0
36.5,36.5,0.5333333333333333,0.692785663012598,0.17982540875753283,-0.8867063380028897,-0.1594523296792647,6.0,9.0,4.0,0.19999999999999574,0
36.5,36.5,0.5333333333333333,0.692785663012598,0.17982540875753283,-0.8867063380028897,-0.1594523296792647,6.0,9.0,4.0,0.10000000000000142,0
36.5,36.5,0.5333333333333333,0.692785663012598,0.17982540875753283,-0.8867063380028897,-0.1594523296792647,6.0,9.0,4.0,-0.10000000000000142,0
36.5,36.5,0.5333333333333333,0.692785663012598,0.17982540875753283,-0.8867063380028897,-0.1594523296792647,6.0,9.0,4.0,0.19999999999999574,0
37.5,37.5,0.5,0.6778026164581893,0.1742796458947543,-1.0202144693681698,-0.1778026164581893,7.0,9.0,4.0,0.10000000000000142,0
37.5,37.5,0.5,0.6778026164581893,0.1742796458947543,-1.0202144693681698,-0.1778026164581893,7.0,9.0,4.0,-0.10000000000000142,0
37.5,37.5,0.5,0.6778026164581893,0.1742796458947543,-1.0202144693681698,-0.1778026164581893,7.0,9.0,4.0,0.19999999999999574,0
37.5,37.5,0.5,0.6778026164581893,0.1742796458947543,-1.0202144693681698,-0.1778026164581893,7.0,9.0,4.0,0.10000000000000142,0
38.5,38.5,0.625,0.6665714960564031,0.1752277024962426,-0.23724271598718535,-0.04157149605640309,8.0,8.0,5.0,-0.10000000000000142,0
38.5,38.5,0.625,0.6665714960564031,0.1752277024962426,-0.23724271598718535,-0.04157149605640309,8.0,8.0,5.0,0.19999999999999574,0
38.5,38.5,0.625,0.6665714960564031,0.1752277024962426,-0.23724271598718535,-0.04157149605640309,8.0,8.0,5.0,0.10000000000000142,0
38.5,38.5,0.625,0.6665714960564031,0.1752277024962426,-0.23724271598718535,-0.04157149605640309,8.0,8.0,5.0,-0.19999999999999574,0
38.5,38.5,0.625,0.6665714960564031,0.1752277024962426,-0.23724271598718535,-0.04157149605640309,8.0,8.0,5.0,-0.10000000000000142,0
39.5,39.5,0.6666666666666666,0.6019138266961797,0.17202316372840434,0.37641930637155835,0.06475283997048698,9.0,6.0,5.0,-0.10000000000000142,0
39.5,39.5,0.6666666666666666,0.6019138266961797,0.17202316372840434,0.37641930637155835,0.06475283997048698,9.0,6.0,5.0,0.19999999999999574,0
39.5,39.5,0.6666666666666666,0.6019138266961797,0.17202316372840434,0.37641930637155835,0.06475283997048698,9.0,6.0,5.0,0.10000000000000142,0
39.5,39.5,0.6666666666666666,0.6019138266961797,0.17202316372840434,0.37641930637155835,0.06475283997048698,9.0,6.0,5.0,-0.19999999999999574,0
39.5,39.5,0.6666666666666666,0.6019138266961797,0.17202316372840434,0.37641930637155835,0.06475283997048698,9.0,6.0,5.0,-0.10000000000000142,0
40.5,40.5,0.6666666666666666,0.6165132388852976,0.17597188862269766,0.2850081804196763,0.050153427781369,8.0,7.0,5.0,0.19999999999999574,0
40.5,40.5,0.6666666666666666,0.6165132388852976,0.17597188862269766,0.2850081804196763,0.050153427781369,8.0,7.0,5.0,0.10000000000000142,0
40.5,40.5,0.6666666666666666,0.6165132388852976,0.17597188862269766,0.2850081804196763,0.050153427781369,8.0,7.0,5.0,-0.19999999999999574,0
40.5,40.5,0.6666666666666666,0.6165132388852976,0.17597188862269766,0.2850081804196763,0.050153427781369,8.0,7.0,5.0,-0.10000000000000142,0
40.5,40.5,0.6666666666666666,0.6165132388852976,0.17597188862269766,0.2850081804196763,0.050153427781369,8.0,7.0,5.0,-0.19999999999999574,0
41.5,41.5,0.6666666666666666,0.6282268830842361,0.18629818704961637,0.20633471635552159,0.0384397835824305,8.0,7.0,5.0,0.10000000000000142,0
41.5,41.5,0.6666666666666666,0.6282268830842361,0.18629818704961637,0.20633471635552159,0.0384397835824305,8.0,7.0,5.0,-0.19999999999999574,0
41.5,41.5,0.6666666666666666,0.6282268830842361,0.18629818704961637,0.20633471635552159,0.0384397835824305,8.0,7.0,5.0,-0.10000000000000142,0
41.5,41.5,0.6666666666666666,0.6282268830842361,0.18629818704961637,0.20633471635552159,0.0384397835824305,8.0,7.0,5.0,-0.19999999999999574,0
41.5,41.5,0.6666666666666666,0.6282268830842361,0.18629818704961637,0.20633471635552159,0.0384397835824305,8.0,7.0,5.0,0.0,0
42.5,42.5,0.6666666666666666,0.58712347423818,0.1866948046364148,0.4260600212383828,0.07954319242848662,6.0,6.0,4.0,-0.19999999999999574,0
42.5,42.5,0.6666666666666666,0.58712347423818,0.1866948046364148,0.4260600212383828,0.07954319242848662,6.0,6.0,4.0,-0.10000000000000142,0
42.5,42.5,0.6666666666666666,0.58712347423818,0.1866948046364148,0.4260600212383828,0.07954319242848662,6.0,6.0,4.0,-0.19999999999999574,0
42.5,42.5,0.6666666666666666,0.58712347423818,0.1866948046364148,0.4260600212383828,0.07954319242848662,6.0,6.0,4.0,0.0,0
43.5,43.5,0.4,0.5556294672647614,0.1807502955915961,-0.8610191577025408,-0.15562946726476135,4.0,6.0,2.0,-0.19999999999999574,0
43.5,43.5,0.4,0.5556294672647614,0.1807502955915961,-0.8610191577025408,-0.15562946726476135,4.0,6.0,2.0,0.0,0
44.5,44.5,0.4,0.5344043845043845,0.1851697952736156,-0.7258439979683635,-0.13440438450438452,5.0,5.0,2.0,-0.19999999999999574,0
44.5,44.5,0.4,0.5344043845043845,0.1851697952736156,-0.7258439979683635,-0.13440438450438452,5.0,5.0,2.0,0.0,0
45.5,45.5,0.5454545454545454,0.4950668692418692,0.1667450630451168,0.3021839165279672,0.0503876762126762,6.0,5.0,3.0,0.0,0
45.5,45.5,0.5454545454545454,0.4950668692418692,0.1667450630451168,0.3021839165279672,0.0503876762126762,6.0,5.0,3.0,-0.19999999999999574,0
45.5,45.5,0.5454545454545454,0.4950668692418692,0.1667450630451168,0.3021839165279672,0.0503876762126762,6.0,5.0,3.0,-0.20000000000000284,0
46.5,46.5,0.5454545454545454,0.5298664585414585,0.16416161491989842,0.0949557356675188,0.015588086913086885,6.0,5.0,3.0,-0.19999999999999574,0
46.5,46.5,0.5454545454545454,0.5298664585414585,0.16416161491989842,0.0949557356675188,0.015588086913086885,6.0,5.0,3.0,-0.20000000000000284,0
46.5,46.5,0.5454545454545454,0.5298664585414585,0.16416161491989842,0.0949557356675188,0.015588086913086885,6.0,5.0,3.0,0.09999999999999432,0
47.5,47.5,0.7142857142857143,0.5712408831364715,0.18606621003072032,0.7687845693510149,0.14304483114924282,8.0,6.0,5.0,-0.19999999999999574,0
47.5,47.5,0.7142857142857143,0.5712408831364715,0.18606621003072032,0.7687845693510149,0.14304483114924282,8.0,6.0,5.0,-0.20000000000000284,0
47.5,47.5,0.7142857142857143,0.5712408831364715,0.18606621003072032,0.7687845693510149,0.14304483114924282,8.0,6.0,5.0,0.09999999999999432,0
47.5,47.5,0.7142857142857143,0.5712408831364715,0.18606621003072032,0.7687845693510149,0.14304483114924282,8.0,6.0,5.0,0.09999999999999432,0
47.5,47.5,0.7142857142857143,0.5712408831364715,0.18606621003072032,0.7687845693510149,0.14304483114924282,8.0,6.0,5.0,-0.10000000000000142,0
48.5,48.5,0.8235294117647058,0.619581365203424,0.1909867812455196,1.0678647246224864,0.20394804656128185,10.0,7.0,7.0,-0.19999999999999574,0
48.5,48.5,0.8235294117647058,0.619581365203424,0.1909867812455196,1.0678647246224864,0.20394804656128185,10.0,7.0,7.0,-0.20000000000000284,0
48.5,48.5,0.8235294117647058,0.619581365203424,0.1909867812455196,1.0678647246224864,0.20394804656128185,10.0,7.0,7.0,0.09999999999999432,0
48.5,48.5,0.8235294117647058,0.619581365203424,0.1909867812455196,1.0678647246224864,0.20394804656128185,10.0,7.0,7.0,0.09999999999999432,0
48.5,48.5,0.8235294117647058,0.619581365203424,0.1909867812455196,1.0678647246224864,0.20394804656128185,10.0,7.0,7.0,-0.10000000000000142,0
48.5,48.5,0.8235294117647058,0.619581365203424,0.1909867812455196,1.0678647246224864,0.20394804656128185,10.0,7.0,7.0,-0.10000000000000142,0
48.5,48.5,0.8235294117647058,0.619581365203424,0.1909867812455196,1.0678647246224864,0.20394804656128185,10.0,7.0,7.0,0.10000000000000142,0
49.5,49.5,0.8888888888888888,0.6954095843441045,0.18528086350876147,1.0442487199204746,0.19347930454478435,9.0,9.0,8.0,-0.19999999999999574,0
49.5,49.5,0.8888888888888888,0.6954095843441045,0.18528086350876147,1.0442487199204746,0.19347930454478435,9.0,9.0,8.0,-0.20000000000000284,0
49.5,49.5,0.8888888888888888,0.6954095843441045,0.18528086350876147,1.0442487199204746,0.19347930454478435,9.0,9.0,8.0,0.09999999999999432,0
49.5,49.5,0.8888888888888888,0.6954095843441045,0.18528086350876147,1.0442487199204746,0.19347930454478435,9.0,9.0,8.0,0.09999999999999432,0
49.5,49.5,0.8888888888888888,0.6954095843441045,0.18528086350876147,1.0442487199204746,0.19347930454478435,9.0,9.0,8.0,-0.10000000000000142,0
49.5,49.5,0.8888888888888888,0.6954095843441045,0.18528086350876147,1.0442487199204746,0.19347930454478435,9.0,9.0,8.0,-0.10000000000000142,0
49.5,49.5,0.8888888888888888,0.6954095843441045,0.18528086350876147,1.0442487199204746,0.19347930454478435,9.0,9.0,8.0,0.10000000000000142,0
49.5,49.5,0.8888888888888888,0.6954095843441045,0.18528086350876147,1.0442487199204746,0.19347930454478435,9.0,9.0,8.0,0.0,0
50.5,50.5,0.8421052631578947,0.6751354146283713,0.1892659037059178,0.8821971906200381,0.16696984852952335,10.0,9.0,8.0,0.20000000000000284,0
50.5,50.5,0.8421052631578947,0.6751354146283713,0.1892659037059178,0.8821971906200381,0.16696984852952335,10.0,9.0,8.0,0.09999999999999432,0
50.5,50.5,0.8421052631578947,0.6751354146283713,0.1892659037059178,0.8821971906200381,0.16696984852952335,10.0,9.0,8.0,0.09999999999999432,0
50.5,50.5,0.8421052631578947,0.6751354146283713,0.1892659037059178,0.8821971906200381,0.16696984852952335,10.0,9.0,8.0,-0.10000000000000142,0
50.5,50.5,0.8421052631578947,0.6751354146283713,0.1892659037059178,0.8821971906200381,0.16696984852952335,10.0,9.0,8.0,-0.10000000000000142,0
50.5,50.5,0.8421052631578947,0.6751354146283713,0.1892659037059178,0.8821971906200381,0.16696984852952335,10.0,9.0,8.0,0.10000000000000142,0
50.5,50.5,0.8421052631578947,0.6751354146283713,0.1892659037059178,0.8821971906200381,0.16696984852952335,10.0,9.0,8.0,0.0,0
50.5,50.5,0.8421052631578947,0.6751354146283713,0.1892659037059178,0.8821971906200381,0.16696984852952335,10.0,9.0,8.0,0.10000000000000142,0
51.5,51.5,0.8421052631578947,0.6943044496181493,0.17957863869554036,0.8230422872863434,0.1478008135397454,10.0,9.0,8.0,0.09999999999999432,0
51.5,51.5,0.8421052631578947,0.6943044496181493,0.17957863869554036,0.8230422872863434,0.1478008135397454,10.0,9.0,8.0,-0.10000000000000142,0
51.5,51.5,0.8421052631578947,0.6943044496181493,0.17957863869554036,0.8230422872863434,0.1478008135397454,10.0,9.0,8.0,-0.10000000000000142,0
51.5,51.5,0.8421052631578947,0.6943044496181493,0.17957863869554036,0.8230422872863434,0.1478008135397454,10.0,9.0,8.0,0.10000000000000142,0
51.5,51.5,0.8421052631578947,0.6943044496181493,0.17957863869554036,0.8230422872863434,0.1478008135397454,10.0,9.0,8.0,0.0,0
51.5,51.5,0.8421052631578947,0.6943044496181493,0.17957863869554036,0.8230422872863434,0.1478008135397454,10.0,9.0,8.0,0.10000000000000142,0
51.5,51.5,0.8421052631578947,0.6943044496181493,0.17957863869554036,0.8230422872863434,0.1478008135397454,10.0,9.0,8.0,0.10000000000000142,0
51.5,51.5,0.8421052631578947,0.6943044496181493,0.17957863869554036,0.8230422872863434,0.1478008135397454,10.0,9.0,8.0,0.10000000000000142,0
52.5,52.5,0.8421052631578947,0.6923428906404913,0.1837438912793754,0.8150604162926733,0.14976237251740343,10.0,9.0,8.0,-0.10000000000000142,0
52.5,52.5,0.8421052631578947,0.6923428906404913,0.1837438912793754,0.8150604162926733,0.14976237251740343,10.0,9.0,8.0,0.10000000000000142,0
52.5,52.5,0.8421052631578947,0.6923428906404913,0.1837438912793754,0.8150604162926733,0.14976237251740343,10.0,9.0,8.0,0.0,0
52.5,52.5,0.8421052631578947,0.6923428906404913,0.1837438912793754,0.8150604162926733,0.14976237251740343,10.0,9.0,8.0,0.10000000000000142,0
52.5,52.5,0.8421052631578947,0.6923428906404913,0.1837438912793754,0.8150604162926733,0.14976237251740343,10.0,9.0,8.0,0.10000000000000142,0
52.5,52.5,0.8421052631578947,0.6923428906404913,0.1837438912793754,0.8150604162926733,0.14976237251740343,10.0,9.0,8.0,0.10000000000000142,0
52.5,52.5,0.8421052631578947,0.6923428906404913,0.1837438912793754,0.8150604162926733,0.14976237251740343,10.0,9.0,8.0,0.10000000000000142,0
52.5,52.5,0.8421052631578947,0.6923428906404913,0.1837438912793754,0.8150604162926733,0.14976237251740343,10.0,9.0,8.0,0.10000000000000142,0
53.5,53.5,0.7368421052631579,0.6737956628253069,0.1888593724324998,0.3338274485709433,0.06304644243785096,10.0,9.0,7.0,0.0,0
53.5,53.5,0.7368421052631579,0.6737956628253069,0.1888593724324998,0.3338274485709433,0.06304644243785096,10.0,9.0,7.0,0.10000000000000142,0
53.5,53.5,0.7368421052631579,0.6737956628253069,0.1888593724324998,0.3338274485709433,0.06304644243785096,10.0,9.0,7.0,0.10000000000000142,0
53.5,53.5,0.7368421052631579,0.6737956628253069,0.1888593724324998,0.3338274485709433,0.06304644243785096,10.0,9.0,7.0,0.10000000000000142,0
53.5,53.5,0.7368421052631579,0.6737956628253069,0.1888593724324998,0.3338274485709433,0.06304644243785096,10.0,9.0,7.0,0.10000000000000142,0
53.5,53.5,0.7368421052631579,0.6737956628253069,0.1888593724324998,0.3338274485709433,0.06304644243785096,10.0,9.0,7.0,0.10000000000000142,0
53.5,53.5,0.7368421052631579,0.6737956628253069,0.1888593724324998,0.3338274485709433,0.06304644243785096,10.0,9.0,7.0,0.20000000000000284,0
54.5,54.5,0.7058823529411765,0.6290958170914054,0.19114635112778158,0.4017159385817375,0.07678653584977113,10.0,7.0,6.0,0.10000000000000142,0
54.5,54.5,0.7058823529411765,0.6290958170914054,0.19114635112778158,0.4017159385817375,0.07678653584977113,10.0,7.0,6.0,0.10000000000000142,0
54.5,54.5,0.7058823529411765,0.6290958170914054,0.19114635112778158,0.4017159385817375,0.07678653584977113,10.0,7.0,6.0,0.10000000000000142,0
54.5,54.5,0.7058823529411765,0.6290958170914054,0.19114635112778158,0.4017159385817375,0.07678653584977113,10.0,7.0,6.0,0.10000000000000142,0
54.5,54.5,0.7058823529411765,0.6290958170914054,0.19114635112778158,0.4017159385817375,0.07678653584977113,10.0,7.0,6.0,0.10000000000000142,0
54.5,54.5,0.7058823529411765,0.6290958170914054,0.19114635112778158,0.4017159385817375,0.07678653584977113,10.0,7.0,6.0,0.20000000000000284,0
55.5,55.5,0.625,0.5806107134695369,0.19891652701205026,0.22315534660312095,0.044389286530463146,10.0,6.0,5.0,0.10000000000000142,0
55.5,55.5,0.625,0.5806107134695369,0.19891652701205026,0.22315534660312095,0.044389286530463146,10.0,6.0,5.0,0.10000000000000142,0
55.5,55.5,0.625,0.5806107134695369,0.19891652701205026,0.22315534660312095,0.044389286530463146,10.0,6.0,5.0,0.10000000000000142,0
55.5,55.5,0.625,0.5806107134695369,0.19891652701205026,0.22315534660312095,0.044389286530463146,10.0,6.0,5.0,0.10000000000000142,0
55.5,55.5,0.625,0.5806107134695369,0.19891652701205026,0.22315534660312095,0.044389286530463146,10.0,6.0,5.0,0.20000000000000284,0
56.5,56.5,0.5714285714285714,0.5236088245088244,0.18687639962463945,0.25588970579376474,0.047819746919747,9.0,5.0,4.0,0.10000000000000142,0
56.5,56.5,0.5714285714285714,0.5236088245088244,0.18687639962463945,0.25588970579376474,0.047819746919747,9.0,5.0,4.0,0.10000000000000142,0
56.5,56.5,0.5714285714285714,0.5236088245088244,0.18687639962463945,0.25588970579376474,0.047819746919747,9.0,5.0,4.0,0.20000000000000284,0
56.5,56.5,0.5714285714285714,0.5236088245088244,0.18687639962463945,0.25588970579376474,0.047819746919747,9.0,5.0,4.0,0.20000000000000284,0
57.5,57.5,0.46153846153846156,0.5351805472305473,0.16759773214234858,-0.4393978650590456,-0.07364208569208575,8.0,5.0,3.0,0.20000000000000284,0
57.5,57.5,0.46153846153846156,0.5351805472305473,0.16759773214234858,-0.4393978650590456,-0.07364208569208575,8.0,5.0,3.0,0.20000000000000284,0
57.5,57.5,0.46153846153846156,0.5351805472305473,0.16759773214234858,-0.4393978650590456,-0.07364208569208575,8.0,5.0,3.0,-0.10000000000000142,0
58.5,58.5,0.3333333333333333,0.5135059071647307,0.18383532076903195,-0.9800759346881092,-0.18017257383139734,6.0,6.0,2.0,0.20000000000000284,0
58.5,58.5,0.3333333333333333,0.5135059071647307,0.18383532076903195,-0.9800759346881092,-0.18017257383139734,6.0,6.0,2.0,-0.10000000000000142,0
59.5,59.5,0.36363636363636365,0.5943581443066737,0.18375029897196862,-1.2556266953639459,-0.23072178067031002,4.0,7.0,2.0,0.20000000000000284,0
59.5,59.5,0.36363636363636365,0.5943581443066737,0.18375029897196862,-1.2556266953639459,-0.23072178067031002,4.0,7.0,2.0,-0.10000000000000142,0
60.5,60.5,0.5454545454545454,0.6752843920097791,0.18614170678706918,-0.6974785436116601,-0.12982984655523366,3.0,8.0,3.0,0.20000000000000284,0
60.5,60.5,0.5454545454545454,0.6752843920097791,0.18614170678706918,-0.6974785436116601,-0.12982984655523366,3.0,8.0,3.0,-0.10000000000000142,0
60.5,60.5,0.5454545454545454,0.6752843920097791,0.18614170678706918,-0.6974785436116601,-0.12982984655523366,3.0,8.0,3.0,-0.20000000000000284,0
61.5,61.5,0.5,0.7152727283294621,0.1825737956889256,-1.1790998128573165,-0.2152727283294621,3.0,9.0,3.0,-0.10000000000000142,0
61.5,61.5,0.5,0.7152727283294621,0.1825737956889256,-1.1790998128573165,-0.2152727283294621,3.0,9.0,3.0,-0.20000000000000284,0
61.5,61.5,0.5,0.7152727283294621,0.1825737956889256,-1.1790998128573165,-0.2152727283294621,3.0,9.0,3.0,-0.10000000000000142,0
62.5,62.5,0.5,0.7143294869904778,0.18633760291802084,-1.1502213382275397,-0.21432948699047782,3.0,9.0,3.0,-0.20000000000000284,0
62.5,62.5,0.5,0.7143294869904778,0.18633760291802084,-1.1502213382275397,-0.21432948699047782,3.0,9.0,3.0,-0.10000000000000142,0
62.5,62.5,0.5,0.7143294869904778,0.18633760291802084,-1.1502213382275397,-0.21432948699047782,3.0,9.0,3.0,0.0,0
63.5,63.5,0.46153846153846156,0.7061420729425374,0.18554888448638343,-1.3182704497586248,-0.24460361140407583,3.0,10.0,3.0,-0.20000000000000284,0
63.5,63.5,0.46153846153846156,0.7061420729425374,0.18554888448638343,-1.3182704497586248,-0.24460361140407583,3.0,10.0,3.0,-0.10000000000000142,0
63.5,63.5,0.46153846153846156,0.7061420729425374,0.18554888448638343,-1.3182704497586248,-0.24460361140407583,3.0,10.0,3.0,0.0,0
64.5,64.5,0.5714285714285714,0.696454243383036,0.18887723003486062,-0.6619414734713596,-0.12502567195446457,5.0,9.0,4.0,-0.20000000000000284,0
64.5,64.5,0.5714285714285714,0.696454243383036,0.18887723003486062,-0.6619414734713596,-0.12502567195446457,5.0,9.0,4.0,-0.10000000000000142,0
64.5,64.5,0.5714285714285714,0.696454243383036,0.18887723003486062,-0.6619414734713596,-0.12502567195446457,5.0,9.0,4.0,0.0,0
64.5,64.5,0.5714285714285714,0.696454243383036,0.18887723003486062,-0.6619414734713596,-0.12502567195446457,5.0,9.0,4.0,0.0,0
65.5,65.5,0.46153846153846156,0.6443064469843882,0.19067280654727795,-0.9585424830918862,-0.18276798544592665,6.0,7.0,3.0,-0.10000000000000142,0
65.5,65.5,0.46153846153846156,0.6443064469843882,0.19067280654727795,-0.9585424830918862,-0.18276798544592665,6.0,7.0,3.0,0.0,0
65.5,65.5,0.46153846153846156,0.6443064469843882,0.19067280654727795,-0.9585424830918862,-0.18276798544592665,6.0,7.0,3.0,0.0,0
66.5,66.5,0.46153846153846156,0.6425594753285929,0.17384080127771745,-1.0413033790665935,-0.18102101379013136,6.0,7.0,3.0,0.0,0
66.5,66.5,0.46153846153846156,0.6425594753285929,0.17384080127771745,-1.0413033790665935,-0.18102101379013136,6.0,7.0,3.0,0.0,0
66.5,66.5,0.46153846153846156,0.6425594753285929,0.17384080127771745,-1.0413033790665935,-0.18102101379013136,6.0,7.0,3.0,-0.19999999999998863,0
67.5,67.5,0.625,0.6407169682141044,0.166560728631677,-0.09436178829920956,-0.0157169682141044,8.0,8.0,5.0,0.0,0
67.5,67.5,0.625,0.6407169682141044,0.166560728631677,-0.09436178829920956,-0.0157169682141044,8.0,8.0,5.0,-0.19999999999998863,0
67.5,67.5,0.625,0.6407169682141044,0.166560728631677,-0.09436178829920956,-0.0157169682141044,8.0,8.0,5.0,0.0,0
67.5,67.5,0.625,0.6407169682141044,0.166560728631677,-0.09436178829920956,-0.0157169682141044,8.0,8.0,5.0,-0.09999999999999432,0
67.5,67.5,0.625,0.6407169682141044,0.166560728631677,-0.09436178829920956,-0.0157169682141044,8.0,8.0,5.0,-0.09999999999999432,0
68.5,68.5,0.7777777777777778,0.6245426700922058,0.17659667064335072,0.8677123250813771,0.15323510768557203,10.0,8.0,7.0,0.0,0
68.5,68.5,0.7777777777777778,0.6245426700922058,0.17659667064335072,0.8677123250813771,0.15323510768557203,10.0,8.0,7.0,-0.19999999999998863,0
68.5,68.5,0.7777777777777778,0.6245426700922058,0.17659667064335072,0.8677123250813771,0.15323510768557203,10.0,8.0,7.0,0.0,0
68.5,68.5,0.7777777777777778,0.6245426700922058,0.17659667064335072,0.8677123250813771,0.15323510768557203,10.0,8.0,7.0,-0.09999999999999432,0
68.5,68.5,0.7777777777777778,0.6245426700922058,0.17659667064335072,0.8677123250813771,0.15323510768557203,10.0,8.0,7.0,-0.09999999999999432,0
68.5,68.5,0.7777777777777778,0.6245426700922058,0.17659667064335072,0.8677123250813771,0.15323510768557203,10.0,8.0,7.0,-0.19999999999998863,0
68.5,68.5,0.7777777777777778,0.6245426700922058,0.17659667064335072,0.8677123250813771,0.15323510768557203,10.0,8.0,7.0,0.0,0
69.5,69.5,0.8235294117647058,0.6553001957193134,0.18854888736889594,0.8922312849094247,0.16822921604539243,9.0,8.0,7.0,-0.19999999999998863,0
69.5,69.5,0.8235294117647058,0.6553001957193134,0.18854888736889594,0.8922312849094247,0.16822921604539243,9.0,8.0,7.0,0.0,0
69.5,69.5,0.8235294117647058,0.6553001957193134,0.18854888736889594,0.8922312849094247,0.16822921604539243,9.0,8.0,7.0,-0.09999999999999432,0
69.5,69.5,0.8235294117647058,0.6553001957193134,0.18854888736889594,0.8922312849094247,0.16822921604539243,9.0,8.0,7.0,-0.09999999999999432,0
69.5,69.5,0.8235294117647058,0.6553001957193134,0.18854888736889594,0.8922312849094247,0.16822921604539243,9.0,8.0,7.0,-0.19999999999998863,0
69.5,69.5,0.8235294117647058,0.6553001957193134,0.18854888736889594,0.8922312849094247,0.16822921604539243,9.0,8.0,7.0,0.0,0
69.5,69.5,0.8235294117647058,0.6553001957193134,0.18854888736889594,0.8922312849094247,0.16822921604539243,9.0,8.0,7.0,-0.09999999999999432,0
70.5,70.5,0.8888888888888888,0.7237870417851842,0.18640988637998385,0.8856925472673473,0.16510184710370468,8.0,10.0,8.0,-0.19999999999998863,0
70.5,70.5,0.8888888888888888,0.7237870417851842,0.18640988637998385,0.8856925472673473,0.16510184710370468,8.0,10.0,8.0,0.0,0
70.5,70.5,0.8888888888888888,0.7237870417851842,0.18640988637998385,0.8856925472673473,0.16510184710370468,8.0,10.0,8.0,-0.09999999999999432,0
70.5,70.5,0.8888888888888888,0.7237870417851842,0.18640988637998385,0.8856925472673473,0.16510184710370468,8.0,10.0,8.0,-0.09999999999999432,0
70.5,70.5,0.8888888888888888,0.7237870417851842,0.18640988637998385,0.8856925472673473,0.16510184710370468,8.0,10.0,8.0,-0.19999999999998863,0
70.5,70.5,0.8888888888888888,0.7237870417851842,0.18640988637998385,0.8856925472673473,0.16510184710370468,8.0,10.0,8.0,0.0,0
70.5,70.5,0.8888888888888888,0.7237870417851842,0.18640988637998385,0.8856925472673473,0.16510184710370468,8.0,10.0,8.0,-0.09999999999999432,0
70.5,70.5,0.8888888888888888,0.7237870417851842,0.18640988637998385,0.8856925472673473,0.16510184710370468,8.0,10.0,8.0,-0.09999999999999432,0
71.5,71.5,0.8421052631578947,0.7236771999242587,0.18396558297190216,0.6437511915026192,0.11842806323363597,9.0,10.0,8.0,0.0,0
71.5,71.5,0.8421052631578947,0.7236771999242587,0.18396558297190216,0.6437511915026192,0.11842806323363597,9.0,10.0,8.0,-0.09999999999999432,0
71.5,71.5,0.8421052631578947,0.7236771999242587,0.18396558297190216,0.6437511915026192,0.11842806323363597,9.0,10.0,8.0,-0.09999999999999432,0
71.5,71.5,0.8421052631578947,0.7236771999242587,0.18396558297190216,0.6437511915026192,0.11842806323363597,9.0,10.0,8.0,-0.19999999999998863,0
71.5,71.5,0.8421052631578947,0.7236771999242587,0.18396558297190216,0.6437511915026192,0.11842806323363597,9.0,10.0,8.0,0.0,0
71.5,71.5,0.8421052631578947,0.7236771999242587,0.18396558297190216,0.6437511915026192,0.11842806323363597,9.0,10.0,8.0,-0.09999999999999432,0
71.5,71.5,0.8421052631578947,0.7236771999242587,0.18396558297190216,0.6437511915026192,0.11842806323363597,9.0,10.0,8.0,-0.09999999999999432,0
71.5,71.5,0.8421052631578947,0.7236771999242587,0.18396558297190216,0.6437511915026192,0.11842806323363597,9.0,10.0,8.0,0.0,0
72.5,72.5,0.7777777777777778,0.7040534641055539,0.18710442695044555,0.39402762870891184,0.07372431367222387,8.0,10.0,7.0,-0.19999999999998863,0
72.5,72.5,0.7777777777777778,0.7040534641055539,0.18710442695044555,0.39402762870891184,0.07372431367222387,8.0,10.0,7.0,0.0,0
72.5,72.5,0.7777777777777778,0.7040534641055539,0.18710442695044555,0.39402762870891184,0.07372431367222387,8.0,10.0,7.0,-0.09999999999999432,0
72.5,72.5,0.7777777777777778,0.7040534641055539,0.18710442695044555,0.39402762870891184,0.07372431367222387,8.0,10.0,7.0,-0.09999999999999432,0
72.5,72.5,0.7777777777777778,0.7040534641055539,0.18710442695044555,0.39402762870891184,0.07372431367222387,8.0,10.0,7.0,0.0,0
72.5,72.5,0.7777777777777778,0.7040534641055539,0.18710442695044555,0.39402762870891184,0.07372431367222387,8.0,10.0,7.0,0.0,0
72.5,72.5,0.7777777777777778,0.7040534641055539,0.18710442695044555,0.39402762870891184,0.07372431367222387,8.0,10.0,7.0,0.0,0
73.5,73.5,0.8,0.6995645914285232,0.19093114946717243,0.526029455391432,0.10043540857147681,10.0,10.0,8.0,0.0,0
73.5,73.5,0.8,0.6995645914285232,0.19093114946717243,0.526029455391432,0.10043540857147681,10.0,10.0,8.0,-0.09999999999999432,0
73.5,73.5,0.8,0.6995645914285232,0.19093114946717243,0.526029455391432,0.10043540857147681,10.0,10.0,8.0,-0.09999999999999432,0
73.5,73.5,0.8,0.6995645914285232,0.19093114946717243,0.526029455391432,0.10043540857147681,10.0,10.0,8.0,0.0,0
73.5,73.5,0.8,0.6995645914285232,0.19093114946717243,0.526029455391432,0.10043540857147681,10.0,10.0,8.0,0.0,0
73.5,73.5,0.8,0.6995645914285232,0.19093114946717243,0.526029455391432,0.10043540857147681,10.0,10.0,8.0,0.0,0
73.5,73.5,0.8,0.6995645914285232,0.19093114946717243,0.526029455391432,0.10043540857147681,10.0,10.0,8.0,-0.10000000000000853,0
73.5,73.5,0.8,0.6995645914285232,0.19093114946717243,0.526029455391432,0.10043540857147681,10.0,10.0,8.0,-0.09999999999999432,0
74.5,74.5,0.8,0.7144773002195602,0.18981011590127025,0.4505697674455056,0.0855226997804398,10.0,10.0,8.0,-0.09999999999999432,0
74.5,74.5,0.8,0.7144773002195602,0.18981011590127025,0.4505697674455056,0.0855226997804398,10.0,10.0,8.0,0.0,0
74.5,74.5,0.8,0.7144773002195602,0.18981011590127025,0.4505697674455056,0.0855226997804398,10.0,10.0,8.0,0.0,0
74.5,74.5,0.8,0.7144773002195602,0.18981011590127025,0.4505697674455056,0.0855226997804398,10.0,10.0,8.0,0.0,0
74.5,74.5,0.8,0.7144773002195602,0.18981011590127025,0.4505697674455056,0.0855226997804398,10.0,10.0,8.0,-0.10000000000000853,0
74.5,74.5,0.8,0.7144773002195602,0.18981011590127025,0.4505697674455056,0.0855226997804398,10.0,10.0,8.0,-0.09999999999999432,0
74.5,74.5,0.8,0.7144773002195602,0.18981011590127025,0.4505697674455056,0.0855226997804398,10.0,10.0,8.0,-0.09999999999999432,0
74.5,74.5,0.8,0.7144773002195602,0.18981011590127025,0.4505697674455056,0.0855226997804398,10.0,10.0,8.0,0.0,0
75.5,75.5,0.7619047619047619,0.6683449340391291,0.19555205955280747,0.47843949114924866,0.09355982786563277,11.0,10.0,8.0,0.0,0
75.5,75.5,0.7619047619047619,0.6683449340391291,0.19555205955280747,0.47843949114924866,0.09355982786563277,11.0,10.0,8.0,0.0,0
75.5,75.5,0.7619047619047619,0.6683449340391291,0.19555205955280747,0.47843949114924866,0.09355982786563277,11.0,10.0,8.0,0.0,0
75.5,75.5,0.7619047619047619,0.6683449340391291,0.19555205955280747,0.47843949114924866,0.09355982786563277,11.0,10.0,8.0,-0.10000000000000853,0
75.5,75.5,0.7619047619047619,0.6683449340391291,0.19555205955280747,0.47843949114924866,0.09355982786563277,11.0,10.0,8.0,-0.09999999999999432,0
75.5,75.5,0.7619047619047619,0.6683449340391291,0.19555205955280747,0.47843949114924866,0.09355982786563277,11.0,10.0,8.0,-0.09999999999999432,0
75.5,75.5,0.7619047619047619,0.6683449340391291,0.19555205955280747,0.47843949114924866,0.09355982786563277,11.0,10.0,8.0,0.0,0
75.5,75.5,0.7619047619047619,0.6683449340391291,0.19555205955280747,0.47843949114924866,0.09355982786563277,11.0,10.0,8.0,0.09999999999999432,0
76.5,76.5,0.8421052631578947,0.6738684297728416,0.19280856282614164,0.872558930573819,0.16823683338505313,10.0,9.0,8.0,0.0,0
76.5,76.5,0.8421052631578947,0.6738684297728416,0.19280856282614164,0.872558930573819,0.16823683338505313,10.0,9.0,8.0,0.0,0
76.5,76.5,0.8421052631578947,0.6738684297728416,0.19280856282614164,0.872558930573819,0.16823683338505313,10.0,9.0,8.0,-0.10000000000000853,0
76.5,76.5,0.8421052631578947,0.6738684297728416,0.19280856282614164,0.872558930573819,0.16823683338505313,10.0,9.0,8.0,-0.09999999999999432,0
76.5,76.5,0.8421052631578947,0.6738684297728416,0.19280856282614164,0.872558930573819,0.16823683338505313,10.0,9.0,8.0,-0.09999999999999432,0
76.5,76.5,0.8421052631578947,0.6738684297728416,0.19280856282614164,0.872558930573819,0.16823683338505313,10.0,9.0,8.0,0.0,0
76.5,76.5,0.8421052631578947,0.6738684297728416,0.19280856282614164,0.872558930573819,0.16823683338505313,10.0,9.0,8.0,0.09999999999999432,0
76.5,76.5,0.8421052631578947,0.6738684297728416,0.19280856282614164,0.872558930573819,0.16823683338505313,10.0,9.0,8.0,-0.09999999999999432,0
77.5,77.5,0.7368421052631579,0.6797415915525822,0.1926927272574508,0.2963293660496353,0.05710051371057567,10.0,9.0,7.0,-0.10000000000000853,0
77.5,77.5,0.7368421052631579,0.6797415915525822,0.1926927272574508,0.2963293660496353,0.05710051371057567,10.0,9.0,7.0,-0.09999999999999432,0
77.5,77.5,0.7368421052631579,0.6797415915525822,0.1926927272574508,0.2963293660496353,0.05710051371057567,10.0,9.0,7.0,-0.09999999999999432,0
77.5,77.5,0.7368421052631579,0.6797415915525822,0.1926927272574508,0.2963293660496353,0.05710051371057567,10.0,9.0,7.0,0.0,0
77.5,77.5,0.7368421052631579,0.6797415915525822,0.1926927272574508,0.2963293660496353,0.05710051371057567,10.0,9.0,7.0,0.09999999999999432,0
77.5,77.5,0.7368421052631579,0.6797415915525822,0.1926927272574508,0.2963293660496353,0.05710051371057567,10.0,9.0,7.0,-0.09999999999999432,0
77.5,77.5,0.7368421052631579,0.6797415915525822,0.1926927272574508,0.2963293660496353,0.05710051371057567,10.0,9.0,7.0,0.0,0
78.5,78.5,0.7368421052631579,0.6808074066800073,0.19195898638525674,0.2919097440465245,0.05603469858315058,10.0,9.0,7.0,-0.09999999999999432,0
78.5,78.5,0.7368421052631579,0.6808074066800073,0.19195898638525674,0.2919097440465245,0.05603469858315058,10.0,9.0,7.0,0.0,0
78.5,78.5,0.7368421052631579,0.6808074066800073,0.19195898638525674,0.2919097440465245,0.05603469858315058,10.0,9.0,7.0,0.09999999999999432,0
78.5,78.5,0.7368421052631579,0.6808074066800073,0.19195898638525674,0.2919097440465245,0.05603469858315058,10.0,9.0,7.0,-0.09999999999999432,0
78.5,78.5,0.7368421052631579,0.6808074066800073,0.19195898638525674,0.2919097440465245,0.05603469858315058,10.0,9.0,7.0,0.0,0
78.5,78.5,0.7368421052631579,0.6808074066800073,0.19195898638525674,0.2919097440465245,0.05603469858315058,10.0,9.0,7.0,-0.09999999999999432,0
78.5,78.5,0.7368421052631579,0.6808074066800073,0.19195898638525674,0.2919097440465245,0.05603469858315058,10.0,9.0,7.0,0.0,0
79.5,79.5,0.7058823529411765,0.6949475965039432,0.18502039813705348,0.05910027514443784,0.010934756437233295,8.0,9.0,6.0,0.09999999999999432,0
79.5,79.5,0.7058823529411765,0.6949475965039432,0.18502039813705348,0.05910027514443784,0.010934756437233295,8.0,9.0,6.0,-0.09999999999999432,0
79.5,79.5,0.7058823529411765,0.6949475965039432,0.18502039813705348,0.05910027514443784,0.010934756437233295,8.0,9.0,6.0,0.0,0
79.5,79.5,0.7058823529411765,0.6949475965039432,0.18502039813705348,0.05910027514443784,0.010934756437233295,8.0,9.0,6.0,-0.09999999999999432,0
79.5,79.5,0.7058823529411765,0.6949475965039432,0.18502039813705348,0.05910027514443784,0.010934756437233295,8.0,9.0,6.0,0.0,0
79.5,79.5,0.7058823529411765,0.6949475965039432,0.18502039813705348,0.05910027514443784,0.010934756437233295,8.0,9.0,6.0,-0.10000000000000853,0
80.5,80.5,0.625,0.691720200173064,0.18846397336892326,-0.3540209780171484,-0.06672020017306401,6.0,10.0,5.0,-0.09999999999999432,0
80.5,80.5,0.625,0.691720200173064,0.18846397336892326,-0.3540209780171484,-0.06672020017306401,6.0,10.0,5.0,0.0,0
80.5,80.5,0.625,0.691720200173064,0.18846397336892326,-0.3540209780171484,-0.06672020017306401,6.0,10.0,5.0,-0.09999999999999432,0
80.5,80.5,0.625,0.691720200173064,0.18846397336892326,-0.3540209780171484,-0.06672020017306401,6.0,10.0,5.0,0.0,0
80.5,80.5,0.625,0.691720200173064,0.18846397336892326,-0.3540209780171484,-0.06672020017306401,6.0,10.0,5.0,-0.10000000000000853,0
81.5,81.5,0.5333333333333333,0.7224125288024668,0.17975422150648374,-1.0518762445994256,-0.18907919546913343,5.0,10.0,4.0,0.0,0
81.5,81.5,0.5333333333333333,0.7224125288024668,0.17975422150648374,-1.0518762445994256,-0.18907919546913343,5.0,10.0,4.0,-0.09999999999999432,0
81.5,81.5,0.5333333333333333,0.7224125288024668,0.17975422150648374,-1.0518762445994256,-0.18907919546913343,5.0,10.0,4.0,0.0,0
81.5,81.5,0.5333333333333333,0.7224125288024668,0.17975422150648374,-1.0518762445994256,-0.18907919546913343,5.0,10.0,4.0,-0.10000000000000853,0
82.5,82.5,0.5714285714285714,0.7229508189780636,0.17993290306795215,-0.8421041675311012,-0.15152224754949217,4.0,10.0,4.0,-0.09999999999999432,0
82.5,82.5,0.5714285714285714,0.7229508189780636,0.17993290306795215,-0.8421041675311012,-0.15152224754949217,4.0,10.0,4.0,0.0,0
82.5,82.5,0.5714285714285714,0.7229508189780636,0.17993290306795215,-0.8421041675311012,-0.15152224754949217,4.0,10.0,4.0,-0.10000000000000853,0
82.5,82.5,0.5714285714285714,0.7229508189780636,0.17993290306795215,-0.8421041675311012,-0.15152224754949217,4.0,10.0,4.0,-0.20000000000000284,0
83.5,83.5,0.5714285714285714,0.7128525081299849,0.18579374474723878,-0.7611878262845301,-0.1414239367014135,4.0,10.0,4.0,-0.10000000000000853,0
83.5,83.5,0.5714285714285714,0.7128525081299849,0.18579374474723878,-0.7611878262845301,-0.1414239367014135,4.0,10.0,4.0,-0.20000000000000284,0
83.5,83.5,0.5714285714285714,0.7128525081299849,0.18579374474723878,-0.7611878262845301,-0.1414239367014135,4.0,10.0,4.0,-0.10000000000000853,0
83.5,83.5,0.5714285714285714,0.7128525081299849,0.18579374474723878,-0.7611878262845301,-0.1414239367014135,4.0,10.0,4.0,-0.09999999999999432,0
84.5,84.5,0.5714285714285714,0.7214059101716997,0.19040545421259356,-0.7876735430891283,-0.14997733874312835,5.0,9.0,4.0,-0.20000000000000284,0
84.5,84.5,0.5714285714285714,0.7214059101716997,0.19040545421259356,-0.7876735430891283,-0.14997733874312835,5.0,9.0,4.0,-0.10000000000000853,0
84.5,84.5,0.5714285714285714,0.7214059101716997,0.19040545421259356,-0.7876735430891283,-0.14997733874312835,5.0,9.0,4.0,-0.09999999999999432,0
84.5,84.5,0.5714285714285714,0.7214059101716997,0.19040545421259356,-0.7876735430891283,-0.14997733874312835,5.0,9.0,4.0,-0.09999999999999432,0
85.5,85.5,0.75,0.7057312208946884,0.1912403703102159,0.2314823958639175,0.04426877910531157,7.0,9.0,6.0,-0.20000000000000284,0
85.5,85.5,0.75,0.7057312208946884,0.1912403703102159,0.2314823958639175,0.04426877910531157,7.0,9.0,6.0,-0.10000000000000853,0
85.5,85.5,0.75,0.7057312208946884,0.1912403703102159,0.2314823958639175,0.04426877910531157,7.0,9.0,6.0,-0.09999999999999432,0
85.5,85.5,0.75,0.7057312208946884,0.1912403703102159,0.2314823958639175,0.04426877910531157,7.0,9.0,6.0,-0.09999999999999432,0
85.5,85.5,0.75,0.7057312208946884,0.1912403703102159,0.2314823958639175,0.04426877910531157,7.0,9.0,6.0,-0.19999999999998863,0
85.5,85.5,0.75,0.7057312208946884,0.1912403703102159,0.2314823958639175,0.04426877910531157,7.0,9.0,6.0,0.0,0
86.5,86.5,0.8888888888888888,0.724261074099619,0.19014314095056864,0.8658099049287713,0.1646278147892698,9.0,9.0,8.0,-0.20000000000000284,0
86.5,86.5,0.8888888888888888,0.724261074099619,0.19014314095056864,0.8658099049287713,0.1646278147892698,9.0,9.0,8.0,-0.10000000000000853,0
86.5,86.5,0.8888888888888888,0.724261074099619,0.19014314095056864,0.8658099049287713,0.1646278147892698,9.0,9.0,8.0,-0.09999999999999432,0
86.5,86.5,0.8888888888888888,0.724261074099619,0.19014314095056864,0.8658099049287713,0.1646278147892698,9.0,9.0,8.0,-0.09999999999999432,0
86.5,86.5,0.8888888888888888,0.724261074099619,0.19014314095056864,0.8658099049287713,0.1646278147892698,9.0,9.0,8.0,-0.19999999999998863,0
86.5,86.5,0.8888888888888888,0.724261074099619,0.19014314095056864,0.8658099049287713,0.1646278147892698,9.0,9.0,8.0,0.0,0
86.5,86.5,0.8888888888888888,0.724261074099619,0.19014314095056864,0.8658099049287713,0.1646278147892698,9.0,9.0,8.0,-0.20000000000000284,0
86.5,86.5,0.8888888888888888,0.724261074099619,0.19014314095056864,0.8658099049287713,0.1646278147892698,9.0,9.0,8.0,-0.10000000000000853,0
87.5,87.5,0.8888888888888888,0.7082513043028523,0.18658387598887233,0.9681307327799834,0.18063758458603651,9.0,9.0,8.0,-0.10000000000000853,0
87.5,87.5,0.8888888888888888,0.7082513043028523,0.18658387598887233,0.9681307327799834,0.18063758458603651,9.0,9.0,8.0,-0.09999999999999432,0
87.5,87.5,0.8888888888888888,0.7082513043028523,0.18658387598887233,0.9681307327799834,0.18063758458603651,9.0,9.0,8.0,-0.09999999999999432,0
87.5,87.5,0.8888888888888888,0.7082513043028523,0.18658387598887233,0.9681307327799834,0.18063758458603651,9.0,9.0,8.0,-0.19999999999998863,0
87.5,87.5,0.8888888888888888,0.7082513043028523,0.18658387598887233,0.9681307327799834,0.18063758458603651,9.0,9.0,8.0,0.0,0
87.5,87.5,0.8888888888888888,0.7082513043028523,0.18658387598887233,0.9681307327799834,0.18063758458603651,9.0,9.0,8.0,-0.20000000000000284,0
87.5,87.5,0.8888888888888888,0.7082513043028523,0.18658387598887233,0.9681307327799834,0.18063758458603651,9.0,9.0,8.0,-0.10000000000000853,0
87.5,87.5,0.8888888888888888,0.7082513043028523,0.18658387598887233,0.9681307327799834,0.18063758458603651,9.0,9.0,8.0,-0.20000000000000284,0
88.5,88.5,0.7777777777777778,0.6757441415653491,0.1838853207620175,0.5548764620775769,0.10203363621242867,9.0,9.0,7.0,-0.09999999999999432,0
88.5,88.5,0.7777777777777778,0.6757441415653491,0.1838853207620175,0.5548764620775769,0.10203363621242867,9.0,9.0,7.0,-0.19999999999998863,0
88.5,88.5,0.7777777777777778,0.6757441415653491,0.1838853207620175,0.5548764620775769,0.10203363621242867,9.0,9.0,7.0,0.0,0
88.5,88.5,0.7777777777777778,0.6757441415653491,0.1838853207620175,0.5548764620775769,0.10203363621242867,9.0,9.0,7.0,-0.20000000000000284,0
88.5,88.5,0.7777777777777778,0.6757441415653491,0.1838853207620175,0.5548764620775769,0.10203363621242867,9.0,9.0,7.0,-0.10000000000000853,0
88.5,88.5,0.7777777777777778,0.6757441415653491,0.1838853207620175,0.5548764620775769,0.10203363621242867,9.0,9.0,7.0,-0.20000000000000284,0
88.5,88.5,0.7777777777777778,0.6757441415653491,0.1838853207620175,0.5548764620775769,0.10203363621242867,9.0,9.0,7.0,0.0,0
89.5,89.5,0.6666666666666666,0.6545625962960328,0.17550237160885226,0.06896812994419589,0.01210407037063388,9.0,9.0,6.0,0.0,0
89.5,89.5,0.6666666666666666,0.6545625962960328,0.17550237160885226,0.06896812994419589,0.01210407037063388,9.0,9.0,6.0,-0.20000000000000284,0
89.5,89.5,0.6666666666666666,0.6545625962960328,0.17550237160885226,0.06896812994419589,0.01210407037063388,9.0,9.0,6.0,-0.10000000000000853,0
89.5,89.5,0.6666666666666666,0.6545625962960328,0.17550237160885226,0.06896812994419589,0.01210407037063388,9.0,9.0,6.0,-0.20000000000000284,0
89.5,89.5,0.6666666666666666,0.6545625962960328,0.17550237160885226,0.06896812994419589,0.01210407037063388,9.0,9.0,6.0,0.0,0
89.5,89.5,0.6666666666666666,0.6545625962960328,0.17550237160885226,0.06896812994419589,0.01210407037063388,9.0,9.0,6.0,0.09999999999999432,0
90.5,90.5,0.7777777777777778,0.6726294850402436,0.17602296488117455,0.5973555371511625,0.10514829273753423,10.0,8.0,7.0,-0.20000000000000284,0
90.5,90.5,0.7777777777777778,0.6726294850402436,0.17602296488117455,0.5973555371511625,0.10514829273753423,10.0,8.0,7.0,-0.10000000000000853,0
90.5,90.5,0.7777777777777778,0.6726294850402436,0.17602296488117455,0.5973555371511625,0.10514829273753423,10.0,8.0,7.0,-0.20000000000000284,0
90.5,90.5,0.7777777777777778,0.6726294850402436,0.17602296488117455,0.5973555371511625,0.10514829273753423,10.0,8.0,7.0,0.0,0
90.5,90.5,0.7777777777777778,0.6726294850402436,0.17602296488117455,0.5973555371511625,0.10514829273753423,10.0,8.0,7.0,0.09999999999999432,0
90.5,90.5,0.7777777777777778,0.6726294850402436,0.17602296488117455,0.5973555371511625,0.10514829273753423,10.0,8.0,7.0,0.20000000000000284,0
90.5,90.5,0.7777777777777778,0.6726294850402436,0.17602296488117455,0.5973555371511625,0.10514829273753423,10.0,8.0,7.0,0.10000000000000853,0
91.5,91.5,0.7777777777777778,0.6507132007311572,0.17740438452061172,0.7162425967654569,0.12706457704662055,9.0,9.0,7.0,-0.20000000000000284,0
91.5,91.5,0.7777777777777778,0.6507132007311572,0.17740438452061172,0.7162425967654569,0.12706457704662055,9.0,9.0,7.0,0.0,0
91.5,91.5,0.7777777777777778,0.6507132007311572,0.17740438452061172,0.7162425967654569,0.12706457704662055,9.0,9.0,7.0,0.09999999999999432,0
91.5,91.5,0.7777777777777778,0.6507132007311572,0.17740438452061172,0.7162425967654569,0.12706457704662055,9.0,9.0,7.0,0.20000000000000284,0
91.5,91.5,0.7777777777777778,0.6507132007311572,0.17740438452061172,0.7162425967654569,0.12706457704662055,9.0,9.0,7.0,0.10000000000000853,0
91.5,91.5,0.7777777777777778,0.6507132007311572,0.17740438452061172,0.7162425967654569,0.12706457704662055,9.0,9.0,7.0,0.09999999999999432,0
91.5,91.5,0.7777777777777778,0.6507132007311572,0.17740438452061172,0.7162425967654569,0.12706457704662055,9.0,9.0,7.0,-0.20000000000000284,0
92.5,92.5,0.8421052631578947,0.667276179797155,0.18756902546208296,0.9320786464078598,0.17482908336073966,10.0,9.0,8.0,0.0,0
92.5,92.5,0.8421052631578947,0.667276179797155,0.18756902546208296,0.9320786464078598,0.17482908336073966,10.0,9.0,8.0,0.09999999999999432,0
92.5,92.5,0.8421052631578947,0.667276179797155,0.18756902546208296,0.9320786464078598,0.17482908336073966,10.0,9.0,8.0,0.20000000000000284,0
92.5,92.5,0.8421052631578947,0.667276179797155,0.18756902546208296,0.9320786464078598,0.17482908336073966,10.0,9.0,8.0,0.10000000000000853,0
92.5,92.5,0.8421052631578947,0.667276179797155,0.18756902546208296,0.9320786464078598,0.17482908336073966,10.0,9.0,8.0,0.09999999999999432,0
92.5,92.5,0.8421052631578947,0.667276179797155,0.18756902546208296,0.9320786464078598,0.17482908336073966,10.0,9.0,8.0,-0.20000000000000284,0
92.5,92.5,0.8421052631578947,0.667276179797155,0.18756902546208296,0.9320786464078598,0.17482908336073966,10.0,9.0,8.0,-0.20000000000000284,0
92.5,92.5,0.8421052631578947,0.667276179797155,0.18756902546208296,0.9320786464078598,0.17482908336073966,10.0,9.0,8.0,0.0,0
93.5,93.5,0.8421052631578947,0.7060953941311527,0.1902485097270213,0.7149063570689524,0.13600986902674195,9.0,10.0,8.0,0.09999999999999432,0
93.5,93.5,0.8421052631578947,0.7060953941311527,0.1902485097270213,0.7149063570689524,0.13600986902674195,9.0,10.0,8.0,0.20000000000000284,0
93.5,93.5,0.8421052631578947,0.7060953941311527,0.1902485097270213,0.7149063570689524,0.13600986902674195,9.0,10.0,8.0,0.10000000000000853,0
93.5,93.5,0.8421052631578947,0.7060953941311527,0.1902485097270213,0.7149063570689524,0.13600986902674195,9.0,10.0,8.0,0.09999999999999432,0
93.5,93.5,0.8421052631578947,0.7060953941311527,0.1902485097270213,0.7149063570689524,0.13600986902674195,9.0,10.0,8.0,-0.20000000000000284,0
93.5,93.5,0.8421052631578947,0.7060953941311527,0.1902485097270213,0.7149063570689524,0.13600986902674195,9.0,10.0,8.0,-0.20000000000000284,0
93.5,93.5,0.8421052631578947,0.7060953941311527,0.1902485097270213,0.7149063570689524,0.13600986902674195,9.0,10.0,8.0,0.0,0
93.5,93.5,0.8421052631578947,0.7060953941311527,0.1902485097270213,0.7149063570689524,0.13600986902674195,9.0,10.0,8.0,-0.20000000000000284,0
94.5,94.5,0.9,0.7024711674032882,0.18486145490589073,1.0685236286670459,0.19752883259671183,9.0,11.0,9.0,0.20000000000000284,0
94.5,94.5,0.9,0.7024711674032882,0.18486145490589073,1.0685236286670459,0.19752883259671183,9.0,11.0,9.0,0.10000000000000853,0
94.5,94.5,0.9,0.7024711674032882,0.18486145490589073,1.0685236286670459,0.19752883259671183,9.0,11.0,9.0,0.09999999999999432,0
94.5,94.5,0.9,0.7024711674032882,0.18486145490589073,1.0685236286670459,0.19752883259671183,9.0,11.0,9.0,-0.20000000000000284,0
94.5,94.5,0.9,0.7024711674032882,0.18486145490589073,1.0685236286670459,0.19752883259671183,9.0,11.0,9.0,-0.20000000000000284,0
94.5,94.5,0.9,0.7024711674032882,0.18486145490589073,1.0685236286670459,0.19752883259671183,9.0,11.0,9.0,0.0,0
94.5,94.5,0.9,0.7024711674032882,0.18486145490589073,1.0685236286670459,0.19752883259671183,9.0,11.0,9.0,-0.20000000000000284,0
94.5,94.5,0.9,0.7024711674032882,0.18486145490589073,1.0685236286670459,0.19752883259671183,9.0,11.0,9.0,-0.20000000000000284,0
94.5,94.5,0.9,0.7024711674032882,0.18486145490589073,1.0685236286670459,0.19752883259671183,9.0,11.0,9.0,-0.10000000000000853,0
95.5,95.5,0.8421052631578947,0.7077326864140332,0.18626707670506876,0.7213973565313644,0.1343725767438615,9.0,10.0,8.0,0.09999999999999432,0
95.5,95.5,0.8421052631578947,0.7077326864140332,0.18626707670506876,0.7213973565313644,0.1343725767438615,9.0,10.0,8.0,-0.20000000000000284,0
95.5,95.5,0.8421052631578947,0.7077326864140332,0.18626707670506876,0.7213973565313644,0.1343725767438615,9.0,10.0,8.0,-0.20000000000000284,0
95.5,95.5,0.8421052631578947,0.7077326864140332,0.18626707670506876,0.7213973565313644,0.1343725767438615,9.0,10.0,8.0,0.0,0
95.5,95.5,0.8421052631578947,0.7077326864140332,0.18626707670506876,0.7213973565313644,0.1343725767438615,9.0,10.0,8.0,-0.20000000000000284,0
95.5,95.5,0.8421052631578947,0.7077326864140332,0.18626707670506876,0.7213973565313644,0.1343725767438615,9.0,10.0,8.0,-0.20000000000000284,0
95.5,95.5,0.8421052631578947,0.7077326864140332,0.18626707670506876,0.7213973565313644,0.1343725767438615,9.0,10.0,8.0,-0.10000000000000853,0
95.5,95.5,0.8421052631578947,0.7077326864140332,0.18626707670506876,0.7213973565313644,0.1343725767438615,9.0,10.0,8.0,0.09999999999999432,0
96.5,96.5,0.7777777777777778,0.6909924389593893,0.1822491953587105,0.4761905184139437,0.08678533881838846,8.0,10.0,7.0,-0.20000000000000284,0
96.5,96.5,0.7777777777777778,0.6909924389593893,0.1822491953587105,0.4761905184139437,0.08678533881838846,8.0,10.0,7.0,0.0,0
96.5,96.5,0.7777777777777778,0.6909924389593893,0.1822491953587105,0.4761905184139437,0.08678533881838846,8.0,10.0,7.0,-0.20000000000000284,0
96.5,96.5,0.7777777777777778,0.6909924389593893,0.1822491953587105,0.4761905184139437,0.08678533881838846,8.0,10.0,7.0,-0.20000000000000284,0
96.5,96.5,0.7777777777777778,0.6909924389593893,0.1822491953587105,0.4761905184139437,0.08678533881838846,8.0,10.0,7.0,-0.10000000000000853,0
96.5,96.5,0.7777777777777778,0.6909924389593893,0.1822491953587105,0.4761905184139437,0.08678533881838846,8.0,10.0,7.0,0.09999999999999432,0
96.5,96.5,0.7777777777777778,0.6909924389593893,0.1822491953587105,0.4761905184139437,0.08678533881838846,8.0,10.0,7.0,-0.09999999999999432,0
97.5,97.5,0.75,0.6656515444565755,0.18743638713389238,0.45001110421089935,0.08434845554342452,8.0,8.0,6.0,-0.20000000000000284,0
97.5,97.5,0.75,0.6656515444565755,0.18743638713389238,0.45001110421089935,0.08434845554342452,8.0,8.0,6.0,-0.20000000000000284,0
97.5,97.5,0.75,0.6656515444565755,0.18743638713389238,0.45001110421089935,0.08434845554342452,8.0,8.0,6.0,-0.10000000000000853,0
97.5,97.5,0.75,0.6656515444565755,0.18743638713389238,0.45001110421089935,0.08434845554342452,8.0,8.0,6.0,0.09999999999999432,0
97.5,97.5,0.75,0.6656515444565755,0.18743638713389238,0.45001110421089935,0.08434845554342452,8.0,8.0,6.0,-0.09999999999999432,0
97.5,97.5,0.75,0.6656515444565755,0.18743638713389238,0.45001110421089935,0.08434845554342452,8.0,8.0,6.0,0.0,0
98.5,98.5,0.8235294117647058,0.665800179077888,0.18775396186687093,0.840084710428947,0.15772923268681782,9.0,8.0,7.0,-0.20000000000000284,0
98.5,98.5,0.8235294117647058,0.665800179077888,0.18775396186687093,0.840084710428947,0.15772923268681782,9.0,8.0,7.0,-0.10000000000000853,0
98.5,98.5,0.8235294117647058,0.665800179077888,0.18775396186687093,0.840084710428947,0.15772923268681782,9.0,8.0,7.0,0.09999999999999432,0
98.5,98.5,0.8235294117647058,0.665800179077888,0.18775396186687093,0.840084710428947,0.15772923268681782,9.0,8.0,7.0,-0.09999999999999432,0
98.5,98.5,0.8235294117647058,0.665800179077888,0.18775396186687093,0.840084710428947,0.15772923268681782,9.0,8.0,7.0,0.0,0
98.5,98.5,0.8235294117647058,0.665800179077888,0.18775396186687093,0.840084710428947,0.15772923268681782,9.0,8.0,7.0,0.10000000000000853,0
98.5,98.5,0.8235294117647058,0.665800179077888,0.18775396186687093,0.840084710428947,0.15772923268681782,9.0,8.0,7.0,0.20000000000000284,0
99.5,99.5,0.8235294117647058,0.6632453238797666,0.19330079441266235,0.8291951844893175,0.1602840878849392,9.0,8.0,7.0,0.09999999999999432,0
99.5,99.5,0.8235294117647058,0.6632453238797666,0.19330079441266235,0.8291951844893175,0.1602840878849392,9.0,8.0,7.0,-0.09999999999999432,0
99.5,99.5,0.8235294117647058,0.6632453238797666,0.19330079441266235,0.8291951844893175,0.1602840878849392,9.0,8.0,7.0,0.0,0
99.5,99.5,0.8235294117647058,0.6632453238797666,0.19330079441266235,0.8291951844893175,0.1602840878849392,9.0,8.0,7.0,0.10000000000000853,0
99.5,99.5,0.8235294117647058,0.6632453238797666,0.19330079441266235,0.8291951844893175,0.1602840878849392,9.0,8.0,7.0,0.20000000000000284,0
99.5,99.5,0.8235294117647058,0.6632453238797666,0.19330079441266235,0.8291951844893175,0.1602840878849392,9.0,8.0,7.0,0.10000000000000853,0
99.5,99.5,0.8235294117647058,0.6632453238797666,0.19330079441266235,0.8291951844893175,0.1602840878849392,9.0,8.0,7.0,0.20000000000000284,0
100.5,100.5,0.6666666666666666,0.6600290342440498,0.19895719232247677,0.033362113453321796,0.006637632422616835,9.0,9.0,6.0,-0.09999999999999432,0
100.5,100.5,0.6666666666666666,0.6600290342440498,0.19895719232247677,0.033362113453321796,0.006637632422616835,9.0,9.0,6.0,0.0,0
100.5,100.5,0.6666666666666666,0.6600290342440498,0.19895719232247677,0.033362113453321796,0.006637632422616835,9.0,9.0,6.0,0.10000000000000853,0
100.5,100.5,0.6666666666666666,0.6600290342440498,0.19895719232247677,0.033362113453321796,0.006637632422616835,9.0,9.0,6.0,0.20000000000000284,0
100.5,100.5,0.6666666666666666,0.6600290342440498,0.19895719232247677,0.033362113453321796,0.006637632422616835,9.0,9.0,6.0,0.10000000000000853,0
100.5,100.5,0.6666666666666666,0.6600290342440498,0.19895719232247677,0.033362113453321796,0.006637632422616835,9.0,9.0,6.0,0.20000000000000284,0
101.5,101.5,0.6666666666666666,0.6626664577854205,0.20542957382146385,0.01947240996918297,0.004000208881246081,7.0,8.0,5.0,0.0,0
101.5,101.5,0.6666666666666666,0.6626664577854205,0.20542957382146385,0.01947240996918297,0.004000208881246081,7.0,8.0,5.0,0.10000000000000853,0
101.5,101.5,0.6666666666666666,0.6626664577854205,0.20542957382146385,0.01947240996918297,0.004000208881246081,7.0,8.0,5.0,0.20000000000000284,0
101.5,101.5,0.6666666666666666,0.6626664577854205,0.20542957382146385,0.01947240996918297,0.004000208881246081,7.0,8.0,5.0,0.10000000000000853,0
101.5,101.5,0.6666666666666666,0.6626664577854205,0.20542957382146385,0.01947240996918297,0.004000208881246081,7.0,8.0,5.0,0.20000000000000284,0
102.5,102.5,0.5714285714285714,0.7036512156917729,0.20708315679750106,-0.6385002349201058,-0.13222264426320152,5.0,9.0,4.0,0.10000000000000853,0
102.5,102.5,0.5714285714285714,0.7036512156917729,0.20708315679750106,-0.6385002349201058,-0.13222264426320152,5.0,9.0,4.0,0.20000000000000284,0
102.5,102.5,0.5714285714285714,0.7036512156917729,0.20708315679750106,-0.6385002349201058,-0.13222264426320152,5.0,9.0,4.0,0.10000000000000853,0
102.5,102.5,0.5714285714285714,0.7036512156917729,0.20708315679750106,-0.6385002349201058,-0.13222264426320152,5.0,9.0,4.0,0.20000000000000284,0
103.5,103.5,0.3333333333333333,0.6891111163604197,0.19620596841843527,-1.8132872608051505,-0.35577778302708635,3.0,9.0,2.0,0.10000000000000853,0
103.5,103.5,0.3333333333333333,0.6891111163604197,0.19620596841843527,-1.8132872608051505,-0.35577778302708635,3.0,9.0,2.0,0.20000000000000284,0
104.5,104.5,0.0,0.6926916221291608,0.1839026995740081,-3.766620194992844,-0.6926916221291608,2.0,9.0,0.0,,0
105.5,105.5,0.0,0.6932277524247338,0.18365152735799647,-3.774690918161588,-0.6932277524247338,0.0,9.0,0.0,,0
106.5,106.5,0.36363636363636365,0.7089883238192836,0.1874825316299623,-1.8420487347831818,-0.3453519601829199,2.0,9.0,2.0,0.0,0
106.5,106.5,0.36363636363636365,0.7089883238192836,0.1874825316299623,-1.8420487347831818,-0.3453519601829199,2.0,9.0,2.0,0.09999999999999432,0
107.5,107.5,0.5454545454545454,0.6717788835777225,0.18746927468824903,-0.673840224395424,-0.12632433812317712,3.0,8.0,3.0,0.0,0
107.5,107.5,0.5454545454545454,0.6717788835777225,0.18746927468824903,-0.673840224395424,-0.12632433812317712,3.0,8.0,3.0,0.09999999999999432,0
107.5,107.5,0.5454545454545454,0.6717788835777225,0.18746927468824903,-0.673840224395424,-0.12632433812317712,3.0,8.0,3.0,-0.10000000000000853,0
108.5,108.5,0.5,0.6416543775625819,0.17922839844767924,-0.7903567670607401,-0.14165437756258192,4.0,8.0,3.0,0.0,0
108.5,108.5,0.5,0.6416543775625819,0.17922839844767924,-0.7903567670607401,-0.14165437756258192,4.0,8.0,3.0,0.09999999999999432,0
108.5,108.5,0.5,0.6416543775625819,0.17922839844767924,-0.7903567670607401,-0.14165437756258192,4.0,8.0,3.0,-0.10000000000000853,0
109.5,109.5,0.6666666666666666,0.6154000323206206,0.17107023722363976,0.29968178672146983,0.05126663434604606,5.0,7.0,4.0,0.0,0
109.5,109.5,0.6666666666666666,0.6154000323206206,0.17107023722363976,0.29968178672146983,0.05126663434604606,5.0,7.0,4.0,0.09999999999999432,0
109.5,109.5,0.6666666666666666,0.6154000323206206,0.17107023722363976,0.29968178672146983,0.05126663434604606,5.0,7.0,4.0,-0.10000000000000853,0
109.5,109.5,0.6666666666666666,0.6154000323206206,0.17107023722363976,0.29968178672146983,0.05126663434604606,5.0,7.0,4.0,0.20000000000000284,0
110.5,110.5,0.7142857142857143,0.628290783073136,0.18419121468715813,0.466878571590059,0.08599493121257828,7.0,7.0,5.0,0.0,0
110.5,110.5,0.7142857142857143,0.628290783073136,0.18419121468715813,0.466878571590059,0.08599493121257828,7.0,7.0,5.0,0.09999999999999432,0
110.5,110.5,0.7142857142857143,0.628290783073136,0.18419121468715813,0.466878571590059,0.08599493121257828,7.0,7.0,5.0,-0.10000000000000853,0
110.5,110.5,0.7142857142857143,0.628290783073136,0.18419121468715813,0.466878571590059,0.08599493121257828,7.0,7.0,5.0,0.20000000000000284,0
110.5,110.5,0.7142857142857143,0.628290783073136,0.18419121468715813,0.466878571590059,0.08599493121257828,7.0,7.0,5.0,-0.09999999999999432,0
111.5,111.5,0.5714285714285714,0.5756137313666725,0.17922460266790133,-0.023351481190649292,-0.004185159938101091,8.0,6.0,4.0,-0.10000000000000853,0
111.5,111.5,0.5714285714285714,0.5756137313666725,0.17922460266790133,-0.023351481190649292,-0.004185159938101091,8.0,6.0,4.0,0.20000000000000284,0
111.5,111.5,0.5714285714285714,0.5756137313666725,0.17922460266790133,-0.023351481190649292,-0.004185159938101091,8.0,6.0,4.0,-0.09999999999999432,0
111.5,111.5,0.5714285714285714,0.5756137313666725,0.17922460266790133,-0.023351481190649292,-0.004185159938101091,8.0,6.0,4.0,-0.20000000000000284,0
112.5,112.5,0.5714285714285714,0.5934956372059313,0.18314846549444885,-0.12048730912260247,-0.02206706577735995,8.0,6.0,4.0,0.20000000000000284,0
112.5,112.5,0.5714285714285714,0.5934956372059313,0.18314846549444885,-0.12048730912260247,-0.02206706577735995,8.0,6.0,4.0,-0.09999999999999432,0
112.5,112.5,0.5714285714285714,0.5934956372059313,0.18314846549444885,-0.12048730912260247,-0.02206706577735995,8.0,6.0,4.0,-0.20000000000000284,0
112.5,112.5,0.5714285714285714,0.5934956372059313,0.18314846549444885,-0.12048730912260247,-0.02206706577735995,8.0,6.0,4.0,-0.20000000000000284,0
113.5,113.5,0.7058823529411765,0.6404322580670103,0.17709255470094448,0.36958129032974607,0.0654500948741662,9.0,8.0,6.0,0.20000000000000284,0
113.5,113.5,0.7058823529411765,0.6404322580670103,0.17709255470094448,0.36958129032974607,0.0654500948741662,9.0,8.0,6.0,-0.09999999999999432,0
113.5,113.5,0.7058823529411765,0.6404322580670103,0.17709255470094448,0.36958129032974607,0.0654500948741662,9.0,8.0,6.0,-0.20000000000000284,0
113.5,113.5,0.7058823529411765,0.6404322580670103,0.17709255470094448,0.36958129032974607,0.0654500948741662,9.0,8.0,6.0,-0.20000000000000284,0
113.5,113.5,0.7058823529411765,0.6404322580670103,0.17709255470094448,0.36958129032974607,0.0654500948741662,9.0,8.0,6.0,-0.09999999999999432,0
113.5,113.5,0.7058823529411765,0.6404322580670103,0.17709255470094448,0.36958129032974607,0.0654500948741662,9.0,8.0,6.0,-0.20000000000000284,0
114.5,114.5,0.6666666666666666,0.6562359490268933,0.17582179825603794,0.05932550880058537,0.010430717639773324,10.0,8.0,6.0,-0.09999999999999432,0
114.5,114.5,0.6666666666666666,0.6562359490268933,0.17582179825603794,0.05932550880058537,0.010430717639773324,10.0,8.0,6.0,-0.20000000000000284,0
114.5,114.5,0.6666666666666666,0.6562359490268933,0.17582179825603794,0.05932550880058537,0.010430717639773324,10.0,8.0,6.0,-0.20000000000000284,0
114.5,114.5,0.6666666666666666,0.6562359490268933,0.17582179825603794,0.05932550880058537,0.010430717639773324,10.0,8.0,6.0,-0.09999999999999432,0
114.5,114.5,0.6666666666666666,0.6562359490268933,0.17582179825603794,0.05932550880058537,0.010430717639773324,10.0,8.0,6.0,-0.20000000000000284,0
114.5,114.5,0.6666666666666666,0.6562359490268933,0.17582179825603794,0.05932550880058537,0.010430717639773324,10.0,8.0,6.0,-0.20000000000000284,0
115.5,115.5,0.6666666666666666,0.6715364278909944,0.18762901967911944,-0.02595420064900411,-0.0048697612243278066,10.0,8.0,6.0,-0.20000000000000284,0
115.5,115.5,0.6666666666666666,0.6715364278909944,0.18762901967911944,-0.02595420064900411,-0.0048697612243278066,10.0,8.0,6.0,-0.20000000000000284,0
115.5,115.5,0.6666666666666666,0.6715364278909944,0.18762901967911944,-0.02595420064900411,-0.0048697612243278066,10.0,8.0,6.0,-0.09999999999999432,0
115.5,115.5,0.6666666666666666,0.6715364278909944,0.18762901967911944,-0.02595420064900411,-0.0048697612243278066,10.0,8.0,6.0,-0.20000000000000284,0
115.5,115.5,0.6666666666666666,0.6715364278909944,0.18762901967911944,-0.02595420064900411,-0.0048697612243278066,10.0,8.0,6.0,-0.20000000000000284,0
115.5,115.5,0.6666666666666666,0.6715364278909944,0.18762901967911944,-0.02595420064900411,-0.0048697612243278066,10.0,8.0,6.0,0.0,0
116.5,116.5,0.7777777777777778,0.710618179773443,0.1937612907962838,0.34660998452443664,0.0671595980043348,9.0,9.0,7.0,-0.20000000000000284,0
116.5,116.5,0.7777777777777778,0.710618179773443,0.1937612907962838,0.34660998452443664,0.0671595980043348,9.0,9.0,7.0,-0.09999999999999432,0
116.5,116.5,0.7777777777777778,0.710618179773443,0.1937612907962838,0.34660998452443664,0.0671595980043348,9.0,9.0,7.0,-0.20000000000000284,0
116.5,116.5,0.7777777777777778,0.710618179773443,0.1937612907962838,0.34660998452443664,0.0671595980043348,9.0,9.0,7.0,-0.20000000000000284,0
116.5,116.5,0.7777777777777778,0.710618179773443,0.1937612907962838,0.34660998452443664,0.0671595980043348,9.0,9.0,7.0,0.0,0
116.5,116.5,0.7777777777777778,0.710618179773443,0.1937612907962838,0.34660998452443664,0.0671595980043348,9.0,9.0,7.0,-0.20000000000000284,0
116.5,116.5,0.7777777777777778,0.710618179773443,0.1937612907962838,0.34660998452443664,0.0671595980043348,9.0,9.0,7.0,-0.09999999999999432,0
117.5,117.5,0.8421052631578947,0.7017293794183113,0.19356650959411453,0.725207496038104,0.14037588373958343,9.0,10.0,8.0,-0.09999999999999432,0
117.5,117.5,0.8421052631578947,0.7017293794183113,0.19356650959411453,0.725207496038104,0.14037588373958343,9.0,10.0,8.0,-0.20000000000000284,0
117.5,117.5,0.8421052631578947,0.7017293794183113,0.19356650959411453,0.725207496038104,0.14037588373958343,9.0,10.0,8.0,-0.20000000000000284,0
117.5,117.5,0.8421052631578947,0.7017293794183113,0.19356650959411453,0.725207496038104,0.14037588373958343,9.0,10.0,8.0,0.0,0
117.5,117.5,0.8421052631578947,0.7017293794183113,0.19356650959411453,0.725207496038104,0.14037588373958343,9.0,10.0,8.0,-0.20000000000000284,0
117.5,117.5,0.8421052631578947,0.7017293794183113,0.19356650959411453,0.725207496038104,0.14037588373958343,9.0,10.0,8.0,-0.09999999999999432,0
117.5,117.5,0.8421052631578947,0.7017293794183113,0.19356650959411453,0.725207496038104,0.14037588373958343,9.0,10.0,8.0,0.0,0
117.5,117.5,0.8421052631578947,0.7017293794183113,0.19356650959411453,0.725207496038104,0.14037588373958343,9.0,10.0,8.0,0.0,0
118.5,118.5,0.8235294117647058,0.695085856549711,0.19624141491250058,0.6545180856562046,0.12844355521499484,8.0,9.0,7.0,-0.20000000000000284,0
118.5,118.5,0.8235294117647058,0.695085856549711,0.19624141491250058,0.6545180856562046,0.12844355521499484,8.0,9.0,7.0,0.0,0
118.5,118.5,0.8235294117647058,0.695085856549711,0.19624141491250058,0.6545180856562046,0.12844355521499484,8.0,9.0,7.0,-0.20000000000000284,0
118.5,118.5,0.8235294117647058,0.695085856549711,0.19624141491250058,0.6545180856562046,0.12844355521499484,8.0,9.0,7.0,-0.09999999999999432,0
118.5,118.5,0.8235294117647058,0.695085856549711,0.19624141491250058,0.6545180856562046,0.12844355521499484,8.0,9.0,7.0,0.0,0
118.5,118.5,0.8235294117647058,0.695085856549711,0.19624141491250058,0.6545180856562046,0.12844355521499484,8.0,9.0,7.0,0.0,0
118.5,118.5,0.8235294117647058,0.695085856549711,0.19624141491250058,0.6545180856562046,0.12844355521499484,8.0,9.0,7.0,0.20000000000000284,0
119.5,119.5,0.875,0.6762789177712553,0.19321532954003398,1.0284954237420896,0.19872108222874474,8.0,8.0,7.0,0.0,0
119.5,119.5,0.875,0.6762789177712553,0.19321532954003398,1.0284954237420896,0.19872108222874474,8.0,8.0,7.0,-0.20000000000000284,0
119.5,119.5,0.875,0.6762789177712553,0.19321532954003398,1.0284954237420896,0.19872108222874474,8.0,8.0,7.0,-0.09999999999999432,0
119.5,119.5,0.875,0.6762789177712553,0.19321532954003398,1.0284954237420896,0.19872108222874474,8.0,8.0,7.0,0.0,0
119.5,119.5,0.875,0.6762789177712553,0.19321532954003398,1.0284954237420896,0.19872108222874474,8.0,8.0,7.0,0.0,0
119.5,119.5,0.875,0.6762789177712553,0.19321532954003398,1.0284954237420896,0.19872108222874474,8.0,8.0,7.0,0.20000000000000284,0
119.5,119.5,0.875,0.6762789177712553,0.19321532954003398,1.0284954237420896,0.19872108222874474,8.0,8.0,7.0,0.20000000000000284,0
120.5,120.5,0.875,0.6588595031473514,0.1915671729974846,1.1282752335416395,0.21614049685264858,8.0,8.0,7.0,-0.20000000000000284,0
120.5,120.5,0.875,0.6588595031473514,0.1915671729974846,1.1282752335416395,0.21614049685264858,8.0,8.0,7.0,-0.09999999999999432,0
120.5,120.5,0.875,0.6588595031473514,0.1915671729974846,1.1282752335416395,0.21614049685264858,8.0,8.0,7.0,0.0,0
120.5,120.5,0.875,0.6588595031473514,0.1915671729974846,1.1282752335416395,0.21614049685264858,8.0,8.0,7.0,0.0,0
120.5,120.5,0.875,0.6588595031473514,0.1915671729974846,1.1282752335416395,0.21614049685264858,8.0,8.0,7.0,0.20000000000000284,0
120.5,120.5,0.875,0.6588595031473514,0.1915671729974846,1.1282752335416395,0.21614049685264858,8.0,8.0,7.0,0.20000000000000284,0
120.5,120.5,0.875,0.6588595031473514,0.1915671729974846,1.1282752335416395,0.21614049685264858,8.0,8.0,7.0,0.0,0
121.5,121.5,0.875,0.6440493977900325,0.18316255434631962,1.260905118047717,0.23095060220996755,8.0,8.0,7.0,0.0,0
121.5,121.5,0.875,0.6440493977900325,0.18316255434631962,1.260905118047717,0.23095060220996755,8.0,8.0,7.0,0.0,0
121.5,121.5,0.875,0.6440493977900325,0.18316255434631962,1.260905118047717,0.23095060220996755,8.0,8.0,7.0,0.20000000000000284,0
121.5,121.5,0.875,0.6440493977900325,0.18316255434631962,1.260905118047717,0.23095060220996755,8.0,8.0,7.0,0.20000000000000284,0
121.5,121.5,0.875,0.6440493977900325,0.18316255434631962,1.260905118047717,0.23095060220996755,8.0,8.0,7.0,0.0,0
121.5,121.5,0.875,0.6440493977900325,0.18316255434631962,1.260905118047717,0.23095060220996755,8.0,8.0,7.0,0.20000000000000284,0
121.5,121.5,0.875,0.6440493977900325,0.18316255434631962,1.260905118047717,0.23095060220996755,8.0,8.0,7.0,0.0,0
122.5,122.5,0.7777777777777778,0.6409693903275946,0.18392499088041303,0.7438270720868772,0.1368083874501832,9.0,9.0,7.0,0.0,0
122.5,122.5,0.7777777777777778,0.6409693903275946,0.18392499088041303,0.7438270720868772,0.1368083874501832,9.0,9.0,7.0,0.20000000000000284,0
122.5,122.5,0.7777777777777778,0.6409693903275946,0.18392499088041303,0.7438270720868772,0.1368083874501832,9.0,9.0,7.0,0.20000000000000284,0
122.5,122.5,0.7777777777777778,0.6409693903275946,0.18392499088041303,0.7438270720868772,0.1368083874501832,9.0,9.0,7.0,0.0,0
122.5,122.5,0.7777777777777778,0.6409693903275946,0.18392499088041303,0.7438270720868772,0.1368083874501832,9.0,9.0,7.0,0.20000000000000284,0
122.5,122.5,0.7777777777777778,0.6409693903275946,0.18392499088041303,0.7438270720868772,0.1368083874501832,9.0,9.0,7.0,0.0,0
122.5,122.5,0.7777777777777778,0.6409693903275946,0.18392499088041303,0.7438270720868772,0.1368083874501832,9.0,9.0,7.0,0.0,0
123.5,123.5,0.7058823529411765,0.6740547112588134,0.1844599939340243,0.1725449567874693,0.03182764168236307,8.0,9.0,6.0,0.20000000000000284,0
123.5,123.5,0.7058823529411765,0.6740547112588134,0.1844599939340243,0.1725449567874693,0.03182764168236307,8.0,9.0,6.0,0.0,0
123.5,123.5,0.7058823529411765,0.6740547112588134,0.1844599939340243,0.1725449567874693,0.03182764168236307,8.0,9.0,6.0,0.20000000000000284,0
123.5,123.5,0.7058823529411765,0.6740547112588134,0.1844599939340243,0.1725449567874693,0.03182764168236307,8.0,9.0,6.0,0.0,0
123.5,123.5,0.7058823529411765,0.6740547112588134,0.1844599939340243,0.1725449567874693,0.03182764168236307,8.0,9.0,6.0,0.0,0
123.5,123.5,0.7058823529411765,0.6740547112588134,0.1844599939340243,0.1725449567874693,0.03182764168236307,8.0,9.0,6.0,0.20000000000000284,0
124.5,124.5,0.75,0.7032346331429149,0.19079759196914353,0.24510459683709301,0.0467653668570851,7.0,9.0,6.0,0.0,0
124.5,124.5,0.75,0.7032346331429149,0.19079759196914353,0.24510459683709301,0.0467653668570851,7.0,9.0,6.0,0.20000000000000284,0
124.5,124.5,0.75,0.7032346331429149,0.19079759196914353,0.24510459683709301,0.0467653668570851,7.0,9.0,6.0,0.0,0
124.5,124.5,0.75,0.7032346331429149,0.19079759196914353,0.24510459683709301,0.0467653668570851,7.0,9.0,6.0,0.0,0
124.5,124.5,0.75,0.7032346331429149,0.19079759196914353,0.24510459683709301,0.0467653668570851,7.0,9.0,6.0,0.20000000000000284,0
124.5,124.5,0.75,0.7032346331429149,0.19079759196914353,0.24510459683709301,0.0467653668570851,7.0,9.0,6.0,0.10000000000000853,0
125.5,125.5,0.5882352941176471,0.694202271773634,0.18889109126172274,-0.5609951054238009,-0.10596697765598695,7.0,10.0,5.0,0.20000000000000284,0
125.5,125.5,0.5882352941176471,0.694202271773634,0.18889109126172274,-0.5609951054238009,-0.10596697765598695,7.0,10.0,5.0,0.0,0
125.5,125.5,0.5882352941176471,0.694202271773634,0.18889109126172274,-0.5609951054238009,-0.10596697765598695,7.0,10.0,5.0,0.0,0
125.5,125.5,0.5882352941176471,0.694202271773634,0.18889109126172274,-0.5609951054238009,-0.10596697765598695,7.0,10.0,5.0,0.20000000000000284,0
125.5,125.5,0.5882352941176471,0.694202271773634,0.18889109126172274,-0.5609951054238009,-0.10596697765598695,7.0,10.0,5.0,0.10000000000000853,0
126.5,126.5,0.4,0.6925990754429608,0.18350271120867437,-1.5945218112348487,-0.2925990754429608,5.0,10.0,3.0,0.0,0
126.5,126.5,0.4,0.6925990754429608,0.18350271120867437,-1.5945218112348487,-0.2925990754429608,5.0,10.0,3.0,0.20000000000000284,0
126.5,126.5,0.4,0.6925990754429608,0.18350271120867437,-1.5945218112348487,-0.2925990754429608,5.0,10.0,3.0,0.10000000000000853,0
127.5,127.5,0.42857142857142855,0.6943572674831189,0.1804736711202169,-1.4727125417349405,-0.26578583891169033,4.0,10.0,3.0,0.20000000000000284,0
127.5,127.5,0.42857142857142855,0.6943572674831189,0.1804736711202169,-1.4727125417349405,-0.26578583891169033,4.0,10.0,3.0,0.10000000000000853,0
127.5,127.5,0.42857142857142855,0.6943572674831189,0.1804736711202169,-1.4727125417349405,-0.26578583891169033,4.0,10.0,3.0,-0.10000000000002274,0
128.5,128.5,0.3076923076923077,0.6781818254586831,0.18084510286078634,-2.048656623295884,-0.3704895177663754,3.0,10.0,2.0,0.10000000000000853,0
128.5,128.5,0.3076923076923077,0.6781818254586831,0.18084510286078634,-2.048656623295884,-0.3704895177663754,3.0,10.0,2.0,-0.10000000000002274,0
129.5,129.5,0.2,0.6206535693838325,0.18098556228600007,-2.3242382655866227,-0.4206535693838325,2.0,8.0,1.0,-0.10000000000002274,0
130.5,130.5,0.25,0.5545443562972976,0.19048345929740498,-1.5987968583760725,-0.3045443562972976,2.0,6.0,1.0,-0.10000000000002274,0
131.5,131.5,0.4444444444444444,0.5171131007881008,0.16915303772580934,-0.429603022923239,-0.07266865634365638,4.0,5.0,2.0,-0.10000000000002274,0
131.5,131.5,0.4444444444444444,0.5171131007881008,0.16915303772580934,-0.429603022923239,-0.07266865634365638,4.0,5.0,2.0,-0.10000000000002274,0
132.5,132.5,0.4444444444444444,0.5372074397824398,0.1500761623960072,-0.6181061259630353,-0.09276299533799537,4.0,5.0,2.0,-0.10000000000002274,0
132.5,132.5,0.4444444444444444,0.5372074397824398,0.1500761623960072,-0.6181061259630353,-0.09276299533799537,4.0,5.0,2.0,-0.20000000000001705,0
133.5,133.5,0.5454545454545454,0.49892151557592734,0.1784295749683785,0.2607921354229797,0.04653302987861807,5.0,6.0,3.0,-0.10000000000002274,0
133.5,133.5,0.5454545454545454,0.49892151557592734,0.1784295749683785,0.2607921354229797,0.04653302987861807,5.0,6.0,3.0,-0.20000000000001705,0
133.5,133.5,0.5454545454545454,0.49892151557592734,0.1784295749683785,0.2607921354229797,0.04653302987861807,5.0,6.0,3.0,-0.19999999999998863,0
134.5,134.5,0.75,0.603823516146736,0.18171995691256937,0.804405230646151,0.14617648385326398,8.0,8.0,6.0,-0.10000000000002274,0
134.5,134.5,0.75,0.603823516146736,0.18171995691256937,0.804405230646151,0.14617648385326398,8.0,8.0,6.0,-0.20000000000001705,0
134.5,134.5,0.75,0.603823516146736,0.18171995691256937,0.804405230646151,0.14617648385326398,8.0,8.0,6.0,-0.19999999999998863,0
134.5,134.5,0.75,0.603823516146736,0.18171995691256937,0.804405230646151,0.14617648385326398,8.0,8.0,6.0,0.09999999999999432,0
134.5,134.5,0.75,0.603823516146736,0.18171995691256937,0.804405230646151,0.14617648385326398,8.0,8.0,6.0,0.0,0
134.5,134.5,0.75,0.603823516146736,0.18171995691256937,0.804405230646151,0.14617648385326398,8.0,8.0,6.0,-0.09999999999999432,0
135.5,135.5,0.7777777777777778,0.6785912258020617,0.18361213161549497,0.5401960703959596,0.09918655197571613,9.0,9.0,7.0,-0.10000000000002274,0
135.5,135.5,0.7777777777777778,0.6785912258020617,0.18361213161549497,0.5401960703959596,0.09918655197571613,9.0,9.0,7.0,-0.20000000000001705,0
135.5,135.5,0.7777777777777778,0.6785912258020617,0.18361213161549497,0.5401960703959596,0.09918655197571613,9.0,9.0,7.0,-0.19999999999998863,0
135.5,135.5,0.7777777777777778,0.6785912258020617,0.18361213161549497,0.5401960703959596,0.09918655197571613,9.0,9.0,7.0,0.09999999999999432,0
135.5,135.5,0.7777777777777778,0.6785912258020617,0.18361213161549497,0.5401960703959596,0.09918655197571613,9.0,9.0,7.0,0.0,0
135.5,135.5,0.7777777777777778,0.6785912258020617,0.18361213161549497,0.5401960703959596,0.09918655197571613,9.0,9.0,7.0,-0.09999999999999432,0
135.5,135.5,0.7777777777777778,0.6785912258020617,0.18361213161549497,0.5401960703959596,0.09918655197571613,9.0,9.0,7.0,-0.09999999999999432,0
136.5,136.5,0.8421052631578947,0.7156635167893681,0.1796457630968452,0.7038392901054009,0.12644174636852656,9.0,10.0,8.0,-0.20000000000001705,0
136.5,136.5,0.8421052631578947,0.7156635167893681,0.1796457630968452,0.7038392901054009,0.12644174636852656,9.0,10.0,8.0,-0.19999999999998863,0
136.5,136.5,0.8421052631578947,0.7156635167893681,0.1796457630968452,0.7038392901054009,0.12644174636852656,9.0,10.0,8.0,0.09999999999999432,0
136.5,136.5,0.8421052631578947,0.7156635167893681,0.1796457630968452,0.7038392901054009,0.12644174636852656,9.0,10.0,8.0,0.0,0
136.5,136.5,0.8421052631578947,0.7156635167893681,0.1796457630968452,0.7038392901054009,0.12644174636852656,9.0,10.0,8.0,-0.09999999999999432,0
136.5,136.5,0.8421052631578947,0.7156635167893681,0.1796457630968452,0.7038392901054009,0.12644174636852656,9.0,10.0,8.0,-0.09999999999999432,0
136.5,136.5,0.8421052631578947,0.7156635167893681,0.1796457630968452,0.7038392901054009,0.12644174636852656,9.0,10.0,8.0,-0.19999999999998863,0
136.5,136.5,0.8421052631578947,0.7156635167893681,0.1796457630968452,0.7038392901054009,0.12644174636852656,9.0,10.0,8.0,-0.09999999999999432,0
137.5,137.5,0.8888888888888888,0.7293403098449539,0.18014330306190268,0.8856758832112078,0.15954857904393493,8.0,10.0,8.0,-0.19999999999998863,0
137.5,137.5,0.8888888888888888,0.7293403098449539,0.18014330306190268,0.8856758832112078,0.15954857904393493,8.0,10.0,8.0,0.09999999999999432,0
137.5,137.5,0.8888888888888888,0.7293403098449539,0.18014330306190268,0.8856758832112078,0.15954857904393493,8.0,10.0,8.0,0.0,0
137.5,137.5,0.8888888888888888,0.7293403098449539,0.18014330306190268,0.8856758832112078,0.15954857904393493,8.0,10.0,8.0,-0.09999999999999432,0
137.5,137.5,0.8888888888888888,0.7293403098449539,0.18014330306190268,0.8856758832112078,0.15954857904393493,8.0,10.0,8.0,-0.09999999999999432,0
137.5,137.5,0.8888888888888888,0.7293403098449539,0.18014330306190268,0.8856758832112078,0.15954857904393493,8.0,10.0,8.0,-0.19999999999998863,0
137.5,137.5,0.8888888888888888,0.7293403098449539,0.18014330306190268,0.8856758832112078,0.15954857904393493,8.0,10.0,8.0,-0.09999999999999432,0
137.5,137.5,0.8888888888888888,0.7293403098449539,0.18014330306190268,0.8856758832112078,0.15954857904393493,8.0,10.0,8.0,0.0,0
138.5,138.5,0.7368421052631579,0.6920581366947467,0.1844150714946004,0.24284332189043678,0.04478396856841116,10.0,9.0,7.0,0.09999999999999432,0
138.5,138.5,0.7368421052631579,0.6920581366947467,0.1844150714946004,0.24284332189043678,0.04478396856841116,10.0,9.0,7.0,0.0,0
138.5,138.5,0.7368421052631579,0.6920581366947467,0.1844150714946004,0.24284332189043678,0.04478396856841116,10.0,9.0,7.0,-0.09999999999999432,0
138.5,138.5,0.7368421052631579,0.6920581366947467,0.1844150714946004,0.24284332189043678,0.04478396856841116,10.0,9.0,7.0,-0.09999999999999432,0
138.5,138.5,0.7368421052631579,0.6920581366947467,0.1844150714946004,0.24284332189043678,0.04478396856841116,10.0,9.0,7.0,-0.19999999999998863,0
138.5,138.5,0.7368421052631579,0.6920581366947467,0.1844150714946004,0.24284332189043678,0.04478396856841116,10.0,9.0,7.0,-0.09999999999999432,0
138.5,138.5,0.7368421052631579,0.6920581366947467,0.1844150714946004,0.24284332189043678,0.04478396856841116,10.0,9.0,7.0,0.0,0
139.5,139.5,0.7058823529411765,0.6585524074910297,0.18968078431041183,0.24952419730978934,0.04732994545014679,8.0,9.0,6.0,-0.09999999999999432,0
139.5,139.5,0.7058823529411765,0.6585524074910297,0.18968078431041183,0.24952419730978934,0.04732994545014679,8.0,9.0,6.0,-0.19999999999998863,0
139.5,139.5,0.7058823529411765,0.6585524074910297,0.18968078431041183,0.24952419730978934,0.04732994545014679,8.0,9.0,6.0,-0.09999999999999432,0
139.5,139.5,0.7058823529411765,0.6585524074910297,0.18968078431041183,0.24952419730978934,0.04732994545014679,8.0,9.0,6.0,0.0,0
139.5,139.5,0.7058823529411765,0.6585524074910297,0.18968078431041183,0.24952419730978934,0.04732994545014679,8.0,9.0,6.0,-0.19999999999998863,0
139.5,139.5,0.7058823529411765,0.6585524074910297,0.18968078431041183,0.24952419730978934,0.04732994545014679,8.0,9.0,6.0,-0.19999999999998863,0
140.5,140.5,0.7058823529411765,0.67700351787875,0.17944939782067826,0.16093024224737043,0.0288788350624265,8.0,9.0,6.0,-0.19999999999998863,0
140.5,140.5,0.7058823529411765,0.67700351787875,0.17944939782067826,0.16093024224737043,0.0288788350624265,8.0,9.0,6.0,-0.09999999999999432,0
140.5,140.5,0.7058823529411765,0.67700351787875,0.17944939782067826,0.16093024224737043,0.0288788350624265,8.0,9.0,6.0,0.0,0
140.5,140.5,0.7058823529411765,0.67700351787875,0.17944939782067826,0.16093024224737043,0.0288788350624265,8.0,9.0,6.0,-0.19999999999998863,0
140.5,140.5,0.7058823529411765,0.67700351787875,0.17944939782067826,0.16093024224737043,0.0288788350624265,8.0,9.0,6.0,-0.19999999999998863,0
140.5,140.5,0.7058823529411765,0.67700351787875,0.17944939782067826,0.16093024224737043,0.0288788350624265,8.0,9.0,6.0,0.09999999999999432,0
141.5,141.5,0.5333333333333333,0.6213048851475321,0.1807470815087627,-0.4867107733074733,-0.0879715518141988,8.0,7.0,4.0,0.0,0
141.5,141.5,0.5333333333333333,0.6213048851475321,0.1807470815087627,-0.4867107733074733,-0.0879715518141988,8.0,7.0,4.0,-0.19999999999998863,0
141.5,141.5,0.5333333333333333,0.6213048851475321,0.1807470815087627,-0.4867107733074733,-0.0879715518141988,8.0,7.0,4.0,-0.19999999999998863,0
141.5,141.5,0.5333333333333333,0.6213048851475321,0.1807470815087627,-0.4867107733074733,-0.0879715518141988,8.0,7.0,4.0,0.09999999999999432,0
142.5,142.5,0.5,0.609363836816778,0.17216790486649647,-0.6352161682026716,-0.10936383681677797,9.0,7.0,4.0,-0.19999999999998863,0
142.5,142.5,0.5,0.609363836816778,0.17216790486649647,-0.6352161682026716,-0.10936383681677797,9.0,7.0,4.0,-0.19999999999998863,0
142.5,142.5,0.5,0.609363836816778,0.17216790486649647,-0.6352161682026716,-0.10936383681677797,9.0,7.0,4.0,0.09999999999999432,0
142.5,142.5,0.5,0.609363836816778,0.17216790486649647,-0.6352161682026716,-0.10936383681677797,9.0,7.0,4.0,-0.19999999999998863,0
143.5,143.5,0.625,0.6557162888624963,0.17806623341140787,-0.17249923398743877,-0.030716288862496333,8.0,8.0,5.0,-0.19999999999998863,0
143.5,143.5,0.625,0.6557162888624963,0.17806623341140787,-0.17249923398743877,-0.030716288862496333,8.0,8.0,5.0,-0.19999999999998863,0
143.5,143.5,0.625,0.6557162888624963,0.17806623341140787,-0.17249923398743877,-0.030716288862496333,8.0,8.0,5.0,0.09999999999999432,0
143.5,143.5,0.625,0.6557162888624963,0.17806623341140787,-0.17249923398743877,-0.030716288862496333,8.0,8.0,5.0,-0.19999999999998863,0
143.5,143.5,0.625,0.6557162888624963,0.17806623341140787,-0.17249923398743877,-0.030716288862496333,8.0,8.0,5.0,-0.19999999999998863,0
144.5,144.5,0.5,0.6340433196060904,0.17782221096626666,-0.7538052691939522,-0.1340433196060904,7.0,9.0,4.0,0.09999999999999432,0
144.5,144.5,0.5,0.6340433196060904,0.17782221096626666,-0.7538052691939522,-0.1340433196060904,7.0,9.0,4.0,-0.19999999999998863,0
144.5,144.5,0.5,0.6340433196060904,0.17782221096626666,-0.7538052691939522,-0.1340433196060904,7.0,9.0,4.0,-0.19999999999998863,0
144.5,144.5,0.5,0.6340433196060904,0.17782221096626666,-0.7538052691939522,-0.1340433196060904,7.0,9.0,4.0,-0.19999999999998863,0
145.5,145.5,0.4,0.623990399315167,0.18635465051066058,-1.201957658160795,-0.22399039931516695,7.0,8.0,3.0,-0.19999999999998863,0
145.5,145.5,0.4,0.623990399315167,0.18635465051066058,-1.201957658160795,-0.22399039931516695,7.0,8.0,3.0,-0.19999999999998863,0
145.5,145.5,0.4,0.623990399315167,0.18635465051066058,-1.201957658160795,-0.22399039931516695,7.0,8.0,3.0,-0.19999999999998863,0
146.5,146.5,0.5333333333333333,0.7066368025507345,0.17234249407343682,-1.005575961686819,-0.17330346921740114,6.0,9.0,4.0,-0.19999999999998863,0
146.5,146.5,0.5333333333333333,0.7066368025507345,0.17234249407343682,-1.005575961686819,-0.17330346921740114,6.0,9.0,4.0,-0.19999999999998863,0
146.5,146.5,0.5333333333333333,0.7066368025507345,0.17234249407343682,-1.005575961686819,-0.17330346921740114,6.0,9.0,4.0,-0.19999999999998863,0
146.5,146.5,0.5333333333333333,0.7066368025507345,0.17234249407343682,-1.005575961686819,-0.17330346921740114,6.0,9.0,4.0,0.09999999999999432,0
147.5,147.5,0.5714285714285714,0.6953985392574402,0.17937295234014447,-0.6911296614764131,-0.12396996782886882,6.0,8.0,4.0,-0.19999999999998863,0
147.5,147.5,0.5714285714285714,0.6953985392574402,0.17937295234014447,-0.6911296614764131,-0.12396996782886882,6.0,8.0,4.0,-0.19999999999998863,0
147.5,147.5,0.5714285714285714,0.6953985392574402,0.17937295234014447,-0.6911296614764131,-0.12396996782886882,6.0,8.0,4.0,0.09999999999999432,0
147.5,147.5,0.5714285714285714,0.6953985392574402,0.17937295234014447,-0.6911296614764131,-0.12396996782886882,6.0,8.0,4.0,-0.19999999999998863,0
148.5,148.5,0.5,0.6924677966684157,0.18255726853889562,-1.0542872283795623,-0.19246779666841574,4.0,8.0,3.0,-0.19999999999998863,0
148.5,148.5,0.5,0.6924677966684157,0.18255726853889562,-1.0542872283795623,-0.19246779666841574,4.0,8.0,3.0,0.09999999999999432,0
148.5,148.5,0.5,0.6924677966684157,0.18255726853889562,-1.0542872283795623,-0.19246779666841574,4.0,8.0,3.0,-0.19999999999998863,0
149.5,149.5,0.46153846153846156,0.6594179570515485,0.19056807855202043,-1.0383664306038047,-0.19787949551308692,5.0,8.0,3.0,0.09999999999999432,0
149.5,149.5,0.46153846153846156,0.6594179570515485,0.19056807855202043,-1.0383664306038047,-0.19787949551308692,5.0,8.0,3.0,-0.19999999999998863,0
149.5,149.5,0.46153846153846156,0.6594179570515485,0.19056807855202043,-1.0383664306038047,-0.19787949551308692,5.0,8.0,3.0,-0.20000000000001705,0
150.5,150.5,0.5,0.6922542321197893,0.1944089958219108,-0.9889163374718762,-0.19225423211978931,4.0,8.0,3.0,0.09999999999999432,0
150.5,150.5,0.5,0.6922542321197893,0.1944089958219108,-0.9889163374718762,-0.19225423211978931,4.0,8.0,3.0,-0.19999999999998863,0
150.5,150.5,0.5,0.6922542321197893,0.1944089958219108,-0.9889163374718762,-0.19225423211978931,4.0,8.0,3.0,-0.20000000000001705,0
151.5,151.5,0.5,0.6869226959401108,0.19430006449550855,-0.9620310545209918,-0.1869226959401108,4.0,8.0,3.0,-0.19999999999998863,0
151.5,151.5,0.5,0.6869226959401108,0.19430006449550855,-0.9620310545209918,-0.1869226959401108,4.0,8.0,3.0,-0.20000000000001705,0
151.5,151.5,0.5,0.6869226959401108,0.19430006449550855,-0.9620310545209918,-0.1869226959401108,4.0,8.0,3.0,0.19999999999998863,0
152.5,152.5,0.3333333333333333,0.7007828317451383,0.18940874689763942,-1.9399816768250024,-0.367449498411805,3.0,9.0,2.0,-0.20000000000001705,0
152.5,152.5,0.3333333333333333,0.7007828317451383,0.18940874689763942,-1.9399816768250024,-0.367449498411805,3.0,9.0,2.0,0.19999999999998863,0
153.5,153.5,0.42857142857142855,0.6907707129042268,0.19354107166553158,-1.3547475069576884,-0.2621992843327982,5.0,9.0,3.0,-0.20000000000001705,0
153.5,153.5,0.42857142857142855,0.6907707129042268,0.19354107166553158,-1.3547475069576884,-0.2621992843327982,5.0,9.0,3.0,0.19999999999998863,0
153.5,153.5,0.42857142857142855,0.6907707129042268,0.19354107166553158,-1.3547475069576884,-0.2621992843327982,5.0,9.0,3.0,0.10000000000002274,0
154.5,154.5,0.5714285714285714,0.7330084085419226,0.18693819850052426,-0.8643489581552701,-0.16157983711335122,4.0,10.0,4.0,0.19999999999998863,0
154.5,154.5,0.5714285714285714,0.7330084085419226,0.18693819850052426,-0.8643489581552701,-0.16157983711335122,4.0,10.0,4.0,0.10000000000002274,0
154.5,154.5,0.5714285714285714,0.7330084085419226,0.18693819850052426,-0.8643489581552701,-0.16157983711335122,4.0,10.0,4.0,-0.19999999999998863,0
154.5,154.5,0.5714285714285714,0.7330084085419226,0.18693819850052426,-0.8643489581552701,-0.16157983711335122,4.0,10.0,4.0,-0.19999999999998863,0
155.5,155.5,0.75,0.7307722179609176,0.18513012976080787,0.10386090078327653,0.019227782039082375,6.0,10.0,6.0,0.19999999999998863,0
155.5,155.5,0.75,0.7307722179609176,0.18513012976080787,0.10386090078327653,0.019227782039082375,6.0,10.0,6.0,0.10000000000002274,0
155.5,155.5,0.75,0.7307722179609176,0.18513012976080787,0.10386090078327653,0.019227782039082375,6.0,10.0,6.0,-0.19999999999998863,0
155.5,155.5,0.75,0.7307722179609176,0.18513012976080787,0.10386090078327653,0.019227782039082375,6.0,10.0,6.0,-0.19999999999998863,0
155.5,155.5,0.75,0.7307722179609176,0.18513012976080787,0.10386090078327653,0.019227782039082375,6.0,10.0,6.0,-0.09999999999999432,0
155.5,155.5,0.75,0.7307722179609176,0.18513012976080787,0.10386090078327653,0.019227782039082375,6.0,10.0,6.0,0.0,0
156.5,156.5,0.8235294117647058,0.7339386250144764,0.18870010052657202,0.4747786911624546,0.08959078675022947,7.0,10.0,7.0,0.10000000000002274,0
156.5,156.5,0.8235294117647058,0.7339386250144764,0.18870010052657202,0.4747786911624546,0.08959078675022947,7.0,10.0,7.0,-0.19999999999998863,0
156.5,156.5,0.8235294117647058,0.7339386250144764,0.18870010052657202,0.4747786911624546,0.08959078675022947,7.0,10.0,7.0,-0.19999999999998863,0
156.5,156.5,0.8235294117647058,0.7339386250144764,0.18870010052657202,0.4747786911624546,0.08959078675022947,7.0,10.0,7.0,-0.09999999999999432,0
156.5,156.5,0.8235294117647058,0.7339386250144764,0.18870010052657202,0.4747786911624546,0.08959078675022947,7.0,10.0,7.0,0.0,0
156.5,156.5,0.8235294117647058,0.7339386250144764,0.18870010052657202,0.4747786911624546,0.08959078675022947,7.0,10.0,7.0,0.0,0
156.5,156.5,0.8235294117647058,0.7339386250144764,0.18870010052657202,0.4747786911624546,0.08959078675022947,7.0,10.0,7.0,0.0,0
157.5,157.5,0.9473684210526315,0.7449225308403327,0.18406472704189072,1.0998624965565773,0.20244589021229886,9.0,10.0,9.0,0.10000000000002274,0
157.5,157.5,0.9473684210526315,0.7449225308403327,0.18406472704189072,1.0998624965565773,0.20244589021229886,9.0,10.0,9.0,-0.19999999999998863,0
157.5,157.5,0.9473684210526315,0.7449225308403327,0.18406472704189072,1.0998624965565773,0.20244589021229886,9.0,10.0,9.0,-0.19999999999998863,0
157.5,157.5,0.9473684210526315,0.7449225308403327,0.18406472704189072,1.0998624965565773,0.20244589021229886,9.0,10.0,9.0,-0.09999999999999432,0
157.5,157.5,0.9473684210526315,0.7449225308403327,0.18406472704189072,1.0998624965565773,0.20244589021229886,9.0,10.0,9.0,0.0,0
157.5,157.5,0.9473684210526315,0.7449225308403327,0.18406472704189072,1.0998624965565773,0.20244589021229886,9.0,10.0,9.0,0.0,0
157.5,157.5,0.9473684210526315,0.7449225308403327,0.18406472704189072,1.0998624965565773,0.20244589021229886,9.0,10.0,9.0,0.0,0
157.5,157.5,0.9473684210526315,0.7449225308403327,0.18406472704189072,1.0998624965565773,0.20244589021229886,9.0,10.0,9.0,0.20000000000001705,0
157.5,157.5,0.9473684210526315,0.7449225308403327,0.18406472704189072,1.0998624965565773,0.20244589021229886,9.0,10.0,9.0,0.09999999999999432,0
158.5,158.5,0.9473684210526315,0.7170283089803214,0.18447831597703246,1.2486026384856388,0.2303401120723101,10.0,9.0,9.0,-0.19999999999998863,0
158.5,158.5,0.9473684210526315,0.7170283089803214,0.18447831597703246,1.2486026384856388,0.2303401120723101,10.0,9.0,9.0,-0.19999999999998863,0
158.5,158.5,0.9473684210526315,0.7170283089803214,0.18447831597703246,1.2486026384856388,0.2303401120723101,10.0,9.0,9.0,-0.09999999999999432,0
158.5,158.5,0.9473684210526315,0.7170283089803214,0.18447831597703246,1.2486026384856388,0.2303401120723101,10.0,9.0,9.0,0.0,0
158.5,158.5,0.9473684210526315,0.7170283089803214,0.18447831597703246,1.2486026384856388,0.2303401120723101,10.0,9.0,9.0,0.0,0
158.5,158.5,0.9473684210526315,0.7170283089803214,0.18447831597703246,1.2486026384856388,0.2303401120723101,10.0,9.0,9.0,0.0,0
158.5,158.5,0.9473684210526315,0.7170283089803214,0.18447831597703246,1.2486026384856388,0.2303401120723101,10.0,9.0,9.0,0.20000000000001705,0
158.5,158.5,0.9473684210526315,0.7170283089803214,0.18447831597703246,1.2486026384856388,0.2303401120723101,10.0,9.0,9.0,0.09999999999999432,0
158.5,158.5,0.9473684210526315,0.7170283089803214,0.18447831597703246,1.2486026384856388,0.2303401120723101,10.0,9.0,9.0,0.09999999999999432,0
159.5,159.5,0.9411764705882353,0.6665721423141702,0.18992707838616216,1.4458408490638501,0.2746043282740651,9.0,8.0,8.0,-0.09999999999999432,0
159.5,159.5,0.9411764705882353,0.6665721423141702,0.18992707838616216,1.4458408490638501,0.2746043282740651,9.0,8.0,8.0,0.0,0
159.5,159.5,0.9411764705882353,0.6665721423141702,0.18992707838616216,1.4458408490638501,0.2746043282740651,9.0,8.0,8.0,0.0,0
159.5,159.5,0.9411764705882353,0.6665721423141702,0.18992707838616216,1.4458408490638501,0.2746043282740651,9.0,8.0,8.0,0.0,0
159.5,159.5,0.9411764705882353,0.6665721423141702,0.18992707838616216,1.4458408490638501,0.2746043282740651,9.0,8.0,8.0,0.20000000000001705,0
159.5,159.5,0.9411764705882353,0.6665721423141702,0.18992707838616216,1.4458408490638501,0.2746043282740651,9.0,8.0,8.0,0.09999999999999432,0
159.5,159.5,0.9411764705882353,0.6665721423141702,0.18992707838616216,1.4458408490638501,0.2746043282740651,9.0,8.0,8.0,0.09999999999999432,0
159.5,159.5,0.9411764705882353,0.6665721423141702,0.18992707838616216,1.4458408490638501,0.2746043282740651,9.0,8.0,8.0,-0.09999999999999432,0
160.5,160.5,0.9411764705882353,0.667994482581402,0.17954105473579238,1.5215572193715818,0.27318198800683324,9.0,8.0,8.0,0.0,0
160.5,160.5,0.9411764705882353,0.667994482581402,0.17954105473579238,1.5215572193715818,0.27318198800683324,9.0,8.0,8.0,0.0,0
160.5,160.5,0.9411764705882353,0.667994482581402,0.17954105473579238,1.5215572193715818,0.27318198800683324,9.0,8.0,8.0,0.20000000000001705,0
160.5,160.5,0.9411764705882353,0.667994482581402,0.17954105473579238,1.5215572193715818,0.27318198800683324,9.0,8.0,8.0,0.09999999999999432,0
160.5,160.5,0.9411764705882353,0.667994482581402,0.17954105473579238,1.5215572193715818,0.27318198800683324,9.0,8.0,8.0,0.09999999999999432,0
160.5,160.5,0.9411764705882353,0.667994482581402,0.17954105473579238,1.5215572193715818,0.27318198800683324,9.0,8.0,8.0,-0.09999999999999432,0
160.5,160.5,0.9411764705882353,0.667994482581402,0.17954105473579238,1.5215572193715818,0.27318198800683324,9.0,8.0,8.0,0.10000000000002274,0
160.5,160.5,0.9411764705882353,0.667994482581402,0.17954105473579238,1.5215572193715818,0.27318198800683324,9.0,8.0,8.0,0.09999999999999432,0
161.5,161.5,0.9411764705882353,0.6647568899538715,0.18538586253945827,1.4910499476492147,0.2764195806343638,9.0,8.0,8.0,0.20000000000001705,0
161.5,161.5,0.9411764705882353,0.6647568899538715,0.18538586253945827,1.4910499476492147,0.2764195806343638,9.0,8.0,8.0,0.09999999999999432,0
161.5,161.5,0.9411764705882353,0.6647568899538715,0.18538586253945827,1.4910499476492147,0.2764195806343638,9.0,8.0,8.0,0.09999999999999432,0
161.5,161.5,0.9411764705882353,0.6647568899538715,0.18538586253945827,1.4910499476492147,0.2764195806343638,9.0,8.0,8.0,-0.09999999999999432,0
161.5,161.5,0.9411764705882353,0.6647568899538715,0.18538586253945827,1.4910499476492147,0.2764195806343638,9.0,8.0,8.0,0.10000000000002274,0
161.5,161.5,0.9411764705882353,0.6647568899538715,0.18538586253945827,1.4910499476492147,0.2764195806343638,9.0,8.0,8.0,0.09999999999999432,0
161.5,161.5,0.9411764705882353,0.6647568899538715,0.18538586253945827,1.4910499476492147,0.2764195806343638,9.0,8.0,8.0,0.09999999999999432,0
161.5,161.5,0.9411764705882353,0.6647568899538715,0.18538586253945827,1.4910499476492147,0.2764195806343638,9.0,8.0,8.0,0.09999999999999432,0
162.5,162.5,0.75,0.6528547572310731,0.18005695057758525,0.5395250916851871,0.09714524276892689,8.0,8.0,6.0,0.09999999999999432,0
162.5,162.5,0.75,0.6528547572310731,0.18005695057758525,0.5395250916851871,0.09714524276892689,8.0,8.0,6.0,-0.09999999999999432,0
162.5,162.5,0.75,0.6528547572310731,0.18005695057758525,0.5395250916851871,0.09714524276892689,8.0,8.0,6.0,0.10000000000002274,0
162.5,162.5,0.75,0.6528547572310731,0.18005695057758525,0.5395250916851871,0.09714524276892689,8.0,8.0,6.0,0.09999999999999432,0
162.5,162.5,0.75,0.6528547572310731,0.18005695057758525,0.5395250916851871,0.09714524276892689,8.0,8.0,6.0,0.09999999999999432,0
162.5,162.5,0.75,0.6528547572310731,0.18005695057758525,0.5395250916851871,0.09714524276892689,8.0,8.0,6.0,0.09999999999999432,0
163.5,163.5,0.75,0.6818470727844567,0.18330847844661136,0.3717936442061129,0.06815292721554334,7.0,9.0,6.0,-0.09999999999999432,0
163.5,163.5,0.75,0.6818470727844567,0.18330847844661136,0.3717936442061129,0.06815292721554334,7.0,9.0,6.0,0.10000000000002274,0
163.5,163.5,0.75,0.6818470727844567,0.18330847844661136,0.3717936442061129,0.06815292721554334,7.0,9.0,6.0,0.09999999999999432,0
163.5,163.5,0.75,0.6818470727844567,0.18330847844661136,0.3717936442061129,0.06815292721554334,7.0,9.0,6.0,0.09999999999999432,0
163.5,163.5,0.75,0.6818470727844567,0.18330847844661136,0.3717936442061129,0.06815292721554334,7.0,9.0,6.0,0.09999999999999432,0
163.5,163.5,0.75,0.6818470727844567,0.18330847844661136,0.3717936442061129,0.06815292721554334,7.0,9.0,6.0,-0.09999999999999432,0
164.5,164.5,0.75,0.7033290344502421,0.18446916565894989,0.25300144543421466,0.046670965549757915,7.0,9.0,6.0,0.10000000000002274,0
164.5,164.5,0.75,0.7033290344502421,0.18446916565894989,0.25300144543421466,0.046670965549757915,7.0,9.0,6.0,0.09999999999999432,0
164.5,164.5,0.75,0.7033290344502421,0.18446916565894989,0.25300144543421466,0.046670965549757915,7.0,9.0,6.0,0.09999999999999432,0
164.5,164.5,0.75,0.7033290344502421,0.18446916565894989,0.25300144543421466,0.046670965549757915,7.0,9.0,6.0,0.09999999999999432,0
164.5,164.5,0.75,0.7033290344502421,0.18446916565894989,0.25300144543421466,0.046670965549757915,7.0,9.0,6.0,-0.09999999999999432,0
164.5,164.5,0.75,0.7033290344502421,0.18446916565894989,0.25300144543421466,0.046670965549757915,7.0,9.0,6.0,-0.19999999999998863,0
165.5,165.5,0.625,0.6734046145718746,0.18662754485154923,-0.2593647931787214,-0.048404614571874616,7.0,9.0,5.0,0.09999999999999432,0
165.5,165.5,0.625,0.6734046145718746,0.18662754485154923,-0.2593647931787214,-0.048404614571874616,7.0,9.0,5.0,0.09999999999999432,0
165.5,165.5,0.625,0.6734046145718746,0.18662754485154923,-0.2593647931787214,-0.048404614571874616,7.0,9.0,5.0,-0.09999999999999432,0
165.5,165.5,0.625,0.6734046145718746,0.18662754485154923,-0.2593647931787214,-0.048404614571874616,7.0,9.0,5.0,-0.19999999999998863,0
165.5,165.5,0.625,0.6734046145718746,0.18662754485154923,-0.2593647931787214,-0.048404614571874616,7.0,9.0,5.0,-0.09999999999999432,0
166.5,166.5,0.625,0.6753854993475736,0.19138663077501625,-0.263265512034663,-0.05038549934757364,8.0,8.0,5.0,-0.09999999999999432,0
166.5,166.5,0.625,0.6753854993475736,0.19138663077501625,-0.263265512034663,-0.05038549934757364,8.0,8.0,5.0,-0.19999999999998863,0
166.5,166.5,0.625,0.6753854993475736,0.19138663077501625,-0.263265512034663,-0.05038549934757364,8.0,8.0,5.0,-0.09999999999999432,0
166.5,166.5,0.625,0.6753854993475736,0.19138663077501625,-0.263265512034663,-0.05038549934757364,8.0,8.0,5.0,0.09999999999999432,0
166.5,166.5,0.625,0.6753854993475736,0.19138663077501625,-0.263265512034663,-0.05038549934757364,8.0,8.0,5.0,0.0,0
167.5,167.5,0.875,0.676185627092206,0.1894025729615922,1.0496920384925836,0.19881437290779402,8.0,8.0,7.0,-0.09999999999999432,0
167.5,167.5,0.875,0.676185627092206,0.1894025729615922,1.0496920384925836,0.19881437290779402,8.0,8.0,7.0,-0.19999999999998863,0
167.5,167.5,0.875,0.676185627092206,0.1894025729615922,1.0496920384925836,0.19881437290779402,8.0,8.0,7.0,-0.09999999999999432,0
167.5,167.5,0.875,0.676185627092206,0.1894025729615922,1.0496920384925836,0.19881437290779402,8.0,8.0,7.0,0.09999999999999432,0
167.5,167.5,0.875,0.676185627092206,0.1894025729615922,1.0496920384925836,0.19881437290779402,8.0,8.0,7.0,0.0,0
167.5,167.5,0.875,0.676185627092206,0.1894025729615922,1.0496920384925836,0.19881437290779402,8.0,8.0,7.0,-0.10000000000002274,0
167.5,167.5,0.875,0.676185627092206,0.1894025729615922,1.0496920384925836,0.19881437290779402,8.0,8.0,7.0,0.0,0
168.5,168.5,0.875,0.6412053518377047,0.18658632853083146,1.2530106037413304,0.23379464816229534,9.0,7.0,7.0,-0.19999999999998863,0
168.5,168.5,0.875,0.6412053518377047,0.18658632853083146,1.2530106037413304,0.23379464816229534,9.0,7.0,7.0,-0.09999999999999432,0
168.5,168.5,0.875,0.6412053518377047,0.18658632853083146,1.2530106037413304,0.23379464816229534,9.0,7.0,7.0,0.09999999999999432,0
168.5,168.5,0.875,0.6412053518377047,0.18658632853083146,1.2530106037413304,0.23379464816229534,9.0,7.0,7.0,0.0,0
168.5,168.5,0.875,0.6412053518377047,0.18658632853083146,1.2530106037413304,0.23379464816229534,9.0,7.0,7.0,-0.10000000000002274,0
168.5,168.5,0.875,0.6412053518377047,0.18658632853083146,1.2530106037413304,0.23379464816229534,9.0,7.0,7.0,0.0,0
168.5,168.5,0.875,0.6412053518377047,0.18658632853083146,1.2530106037413304,0.23379464816229534,9.0,7.0,7.0,0.20000000000001705,0
169.5,169.5,0.8235294117647058,0.6704158473964976,0.1895164358099375,0.8079170743890676,0.15311356436820822,9.0,8.0,7.0,-0.09999999999999432,0
169.5,169.5,0.8235294117647058,0.6704158473964976,0.1895164358099375,0.8079170743890676,0.15311356436820822,9.0,8.0,7.0,0.09999999999999432,0
169.5,169.5,0.8235294117647058,0.6704158473964976,0.1895164358099375,0.8079170743890676,0.15311356436820822,9.0,8.0,7.0,0.0,0
169.5,169.5,0.8235294117647058,0.6704158473964976,0.1895164358099375,0.8079170743890676,0.15311356436820822,9.0,8.0,7.0,-0.10000000000002274,0
169.5,169.5,0.8235294117647058,0.6704158473964976,0.1895164358099375,0.8079170743890676,0.15311356436820822,9.0,8.0,7.0,0.0,0
169.5,169.5,0.8235294117647058,0.6704158473964976,0.1895164358099375,0.8079170743890676,0.15311356436820822,9.0,8.0,7.0,0.20000000000001705,0
169.5,169.5,0.8235294117647058,0.6704158473964976,0.1895164358099375,0.8079170743890676,0.15311356436820822,9.0,8.0,7.0,-0.09999999999999432,0
170.5,170.5,0.8,0.6532089415486474,0.187995654967878,0.7808215486492717,0.14679105845135265,7.0,8.0,6.0,0.09999999999999432,0
170.5,170.5,0.8,0.6532089415486474,0.187995654967878,0.7808215486492717,0.14679105845135265,7.0,8.0,6.0,0.0,0
170.5,170.5,0.8,0.6532089415486474,0.187995654967878,0.7808215486492717,0.14679105845135265,7.0,8.0,6.0,-0.10000000000002274,0
170.5,170.5,0.8,0.6532089415486474,0.187995654967878,0.7808215486492717,0.14679105845135265,7.0,8.0,6.0,0.0,0
170.5,170.5,0.8,0.6532089415486474,0.187995654967878,0.7808215486492717,0.14679105845135265,7.0,8.0,6.0,0.20000000000001705,0
170.5,170.5,0.8,0.6532089415486474,0.187995654967878,0.7808215486492717,0.14679105845135265,7.0,8.0,6.0,-0.09999999999999432,0
171.5,171.5,0.6153846153846154,0.6691703460024667,0.18348636970809007,-0.293132022304542,-0.0537857306178513,5.0,8.0,4.0,-0.10000000000002274,0
171.5,171.5,0.6153846153846154,0.6691703460024667,0.18348636970809007,-0.293132022304542,-0.0537857306178513,5.0,8.0,4.0,0.0,0
171.5,171.5,0.6153846153846154,0.6691703460024667,0.18348636970809007,-0.293132022304542,-0.0537857306178513,5.0,8.0,4.0,0.20000000000001705,0
171.5,171.5,0.6153846153846154,0.6691703460024667,0.18348636970809007,-0.293132022304542,-0.0537857306178513,5.0,8.0,4.0,-0.09999999999999432,0
172.5,172.5,0.4,0.6400759426847662,0.1861698486017266,-1.2895533003217987,-0.24007594268476617,3.0,7.0,2.0,0.20000000000001705,0
172.5,172.5,0.4,0.6400759426847662,0.1861698486017266,-1.2895533003217987,-0.24007594268476617,3.0,7.0,2.0,-0.09999999999999432,0
173.5,173.5,0.4444444444444444,0.6403614132599427,0.1857358045371307,-1.0548153023254718,-0.19591696881549825,2.0,7.0,2.0,-0.09999999999999432,0
173.5,173.5,0.4444444444444444,0.6403614132599427,0.1857358045371307,-1.0548153023254718,-0.19591696881549825,2.0,7.0,2.0,-0.10000000000002274,0
174.5,174.5,0.2857142857142857,0.5912720761264879,0.18248524659149692,-1.6744246240147282,-0.3055577904122022,1.0,6.0,1.0,-0.10000000000002274,0
175.5,175.5,0.4444444444444444,0.61071739600269,0.1750102546493519,-0.9500754792419894,-0.16627295155824562,2.0,7.0,2.0,-0.10000000000002274,0
175.5,175.5,0.4444444444444444,0.61071739600269,0.1750102546493519,-0.9500754792419894,-0.16627295155824562,2.0,7.0,2.0,-0.09999999999999432,0
