t_center,t_center_abs,S,S_null_mean,S_null_sd,z_S_t,S_excess,nA,nB,nM,dt,episode
8.5,8.5,0.8888888888888888,0.828523656649508,0.13448016562007584,0.4488783305779126,0.06036523223938084,9.0,9.0,8.0,-0.09999999999999964,0
8.5,8.5,0.8888888888888888,0.828523656649508,0.13448016562007584,0.4488783305779126,0.06036523223938084,9.0,9.0,8.0,-0.09999999999999964,0
8.5,8.5,0.8888888888888888,0.828523656649508,0.13448016562007584,0.4488783305779126,0.06036523223938084,9.0,9.0,8.0,0.0,0
8.5,8.5,0.8888888888888888,0.828523656649508,0.13448016562007584,0.4488783305779126,0.06036523223938084,9.0,9.0,8.0,0.20000000000000018,0
8.5,8.5,0.8888888888888888,0.828523656649508,0.13448016562007584,0.4488783305779126,0.06036523223938084,9.0,9.0,8.0,-0.09999999999999964,0
8.5,8.5,0.8888888888888888,0.828523656649508,0.13448016562007584,0.4488783305779126,0.06036523223938084,9.0,9.0,8.0,0.0,0
8.5,8.5,0.8888888888888888,0.828523656649508,0.13448016562007584,0.4488783305779126,0.06036523223938084,9.0,9.0,8.0,-0.29999999999999893,0
8.5,8.5,0.8888888888888888,0.828523656649508,0.13448016562007584,0.4488783305779126,0.06036523223938084,9.0,9.0,8.0,-0.1999999999999993,0
9.5,9.5,0.9411764705882353,0.8414339642040106,0.13721623969374278,0.7269001585150787,0.09974250638422466,8.0,9.0,8.0,0.0,0
9.5,9.5,0.9411764705882353,0.8414339642040106,0.13721623969374278,0.7269001585150787,0.09974250638422466,8.0,9.0,8.0,0.20000000000000018,0
9.5,9.5,0.9411764705882353,0.8414339642040106,0.13721623969374278,0.7269001585150787,0.09974250638422466,8.0,9.0,8.0,-0.09999999999999964,0
9.5,9.5,0.9411764705882353,0.8414339642040106,0.13721623969374278,0.7269001585150787,0.09974250638422466,8.0,9.0,8.0,0.0,0
9.5,9.5,0.9411764705882353,0.8414339642040106,0.13721623969374278,0.7269001585150787,0.09974250638422466,8.0,9.0,8.0,-0.29999999999999893,0
9.5,9.5,0.9411764705882353,0.8414339642040106,0.13721623969374278,0.7269001585150787,0.09974250638422466,8.0,9.0,8.0,-0.1999999999999993,0
9.5,9.5,0.9411764705882353,0.8414339642040106,0.13721623969374278,0.7269001585150787,0.09974250638422466,8.0,9.0,8.0,-0.29999999999999893,0
9.5,9.5,0.9411764705882353,0.8414339642040106,0.13721623969374278,0.7269001585150787,0.09974250638422466,8.0,9.0,8.0,-0.1999999999999993,0
10.5,10.5,1.0,0.8323128343362864,0.13822502080676216,1.213146250114437,0.16768716566371356,9.0,9.0,9.0,-0.3000000000000007,0
10.5,10.5,1.0,0.8323128343362864,0.13822502080676216,1.213146250114437,0.16768716566371356,9.0,9.0,9.0,-0.09999999999999964,0
10.5,10.5,1.0,0.8323128343362864,0.13822502080676216,1.213146250114437,0.16768716566371356,9.0,9.0,9.0,0.0,0
10.5,10.5,1.0,0.8323128343362864,0.13822502080676216,1.213146250114437,0.16768716566371356,9.0,9.0,9.0,-0.29999999999999893,0
10.5,10.5,1.0,0.8323128343362864,0.13822502080676216,1.213146250114437,0.16768716566371356,9.0,9.0,9.0,-0.1999999999999993,0
10.5,10.5,1.0,0.8323128343362864,0.13822502080676216,1.213146250114437,0.16768716566371356,9.0,9.0,9.0,-0.29999999999999893,0
10.5,10.5,1.0,0.8323128343362864,0.13822502080676216,1.213146250114437,0.16768716566371356,9.0,9.0,9.0,-0.1999999999999993,0
10.5,10.5,1.0,0.8323128343362864,0.13822502080676216,1.213146250114437,0.16768716566371356,9.0,9.0,9.0,0.0,0
10.5,10.5,1.0,0.8323128343362864,0.13822502080676216,1.213146250114437,0.16768716566371356,9.0,9.0,9.0,0.09999999999999964,0
11.5,11.5,0.9411764705882353,0.8349936540669515,0.13964706448199735,0.7603655466382712,0.10618281652128381,8.0,9.0,8.0,0.0,0
11.5,11.5,0.9411764705882353,0.8349936540669515,0.13964706448199735,0.7603655466382712,0.10618281652128381,8.0,9.0,8.0,-0.29999999999999893,0
11.5,11.5,0.9411764705882353,0.8349936540669515,0.13964706448199735,0.7603655466382712,0.10618281652128381,8.0,9.0,8.0,-0.1999999999999993,0
11.5,11.5,0.9411764705882353,0.8349936540669515,0.13964706448199735,0.7603655466382712,0.10618281652128381,8.0,9.0,8.0,-0.29999999999999893,0
11.5,11.5,0.9411764705882353,0.8349936540669515,0.13964706448199735,0.7603655466382712,0.10618281652128381,8.0,9.0,8.0,-0.1999999999999993,0
11.5,11.5,0.9411764705882353,0.8349936540669515,0.13964706448199735,0.7603655466382712,0.10618281652128381,8.0,9.0,8.0,0.0,0
11.5,11.5,0.9411764705882353,0.8349936540669515,0.13964706448199735,0.7603655466382712,0.10618281652128381,8.0,9.0,8.0,0.09999999999999964,0
11.5,11.5,0.9411764705882353,0.8349936540669515,0.13964706448199735,0.7603655466382712,0.10618281652128381,8.0,9.0,8.0,-0.09999999999999964,0
12.5,12.5,0.7777777777777778,0.7759681954268642,0.14141893068992858,0.012795898979615358,0.0018095823509135522,7.0,11.0,7.0,-0.1999999999999993,0
12.5,12.5,0.7777777777777778,0.7759681954268642,0.14141893068992858,0.012795898979615358,0.0018095823509135522,7.0,11.0,7.0,-0.29999999999999893,0
12.5,12.5,0.7777777777777778,0.7759681954268642,0.14141893068992858,0.012795898979615358,0.0018095823509135522,7.0,11.0,7.0,-0.1999999999999993,0
12.5,12.5,0.7777777777777778,0.7759681954268642,0.14141893068992858,0.012795898979615358,0.0018095823509135522,7.0,11.0,7.0,0.0,0
12.5,12.5,0.7777777777777778,0.7759681954268642,0.14141893068992858,0.012795898979615358,0.0018095823509135522,7.0,11.0,7.0,0.09999999999999964,0
12.5,12.5,0.7777777777777778,0.7759681954268642,0.14141893068992858,0.012795898979615358,0.0018095823509135522,7.0,11.0,7.0,-0.09999999999999964,0
12.5,12.5,0.7777777777777778,0.7759681954268642,0.14141893068992858,0.012795898979615358,0.0018095823509135522,7.0,11.0,7.0,0.09999999999999964,0
13.5,13.5,0.7058823529411765,0.7749742382488513,0.13872928741652274,-0.49803388018733424,-0.06909188530767474,6.0,11.0,6.0,-0.1999999999999993,0
13.5,13.5,0.7058823529411765,0.7749742382488513,0.13872928741652274,-0.49803388018733424,-0.06909188530767474,6.0,11.0,6.0,0.0,0
13.5,13.5,0.7058823529411765,0.7749742382488513,0.13872928741652274,-0.49803388018733424,-0.06909188530767474,6.0,11.0,6.0,0.09999999999999964,0
13.5,13.5,0.7058823529411765,0.7749742382488513,0.13872928741652274,-0.49803388018733424,-0.06909188530767474,6.0,11.0,6.0,-0.09999999999999964,0
13.5,13.5,0.7058823529411765,0.7749742382488513,0.13872928741652274,-0.49803388018733424,-0.06909188530767474,6.0,11.0,6.0,0.09999999999999964,0
13.5,13.5,0.7058823529411765,0.7749742382488513,0.13872928741652274,-0.49803388018733424,-0.06909188530767474,6.0,11.0,6.0,-0.09999999999999964,0
14.5,14.5,0.7058823529411765,0.7797559664707499,0.13434659214016717,-0.5498733712016985,-0.07387361352957333,6.0,11.0,6.0,0.0,0
14.5,14.5,0.7058823529411765,0.7797559664707499,0.13434659214016717,-0.5498733712016985,-0.07387361352957333,6.0,11.0,6.0,0.09999999999999964,0
14.5,14.5,0.7058823529411765,0.7797559664707499,0.13434659214016717,-0.5498733712016985,-0.07387361352957333,6.0,11.0,6.0,-0.09999999999999964,0
14.5,14.5,0.7058823529411765,0.7797559664707499,0.13434659214016717,-0.5498733712016985,-0.07387361352957333,6.0,11.0,6.0,0.09999999999999964,0
14.5,14.5,0.7058823529411765,0.7797559664707499,0.13434659214016717,-0.5498733712016985,-0.07387361352957333,6.0,11.0,6.0,-0.09999999999999964,0
14.5,14.5,0.7058823529411765,0.7797559664707499,0.13434659214016717,-0.5498733712016985,-0.07387361352957333,6.0,11.0,6.0,0.0,0
15.5,15.5,0.7777777777777778,0.7781050923448757,0.13399985570901252,-0.00244264865335879,-0.00032731456709789164,7.0,11.0,7.0,-0.09999999999999964,0
15.5,15.5,0.7777777777777778,0.7781050923448757,0.13399985570901252,-0.00244264865335879,-0.00032731456709789164,7.0,11.0,7.0,0.09999999999999964,0
15.5,15.5,0.7777777777777778,0.7781050923448757,0.13399985570901252,-0.00244264865335879,-0.00032731456709789164,7.0,11.0,7.0,-0.09999999999999964,0
15.5,15.5,0.7777777777777778,0.7781050923448757,0.13399985570901252,-0.00244264865335879,-0.00032731456709789164,7.0,11.0,7.0,0.0,0
15.5,15.5,0.7777777777777778,0.7781050923448757,0.13399985570901252,-0.00244264865335879,-0.00032731456709789164,7.0,11.0,7.0,0.10000000000000142,0
15.5,15.5,0.7777777777777778,0.7781050923448757,0.13399985570901252,-0.00244264865335879,-0.00032731456709789164,7.0,11.0,7.0,0.10000000000000142,0
15.5,15.5,0.7777777777777778,0.7781050923448757,0.13399985570901252,-0.00244264865335879,-0.00032731456709789164,7.0,11.0,7.0,0.10000000000000142,0
16.5,16.5,0.7058823529411765,0.7472968327767864,0.13195916373013322,-0.3138431516609616,-0.04141447983560986,8.0,9.0,6.0,0.09999999999999964,0
16.5,16.5,0.7058823529411765,0.7472968327767864,0.13195916373013322,-0.3138431516609616,-0.04141447983560986,8.0,9.0,6.0,-0.09999999999999964,0
16.5,16.5,0.7058823529411765,0.7472968327767864,0.13195916373013322,-0.3138431516609616,-0.04141447983560986,8.0,9.0,6.0,0.0,0
16.5,16.5,0.7058823529411765,0.7472968327767864,0.13195916373013322,-0.3138431516609616,-0.04141447983560986,8.0,9.0,6.0,0.10000000000000142,0
16.5,16.5,0.7058823529411765,0.7472968327767864,0.13195916373013322,-0.3138431516609616,-0.04141447983560986,8.0,9.0,6.0,0.10000000000000142,0
16.5,16.5,0.7058823529411765,0.7472968327767864,0.13195916373013322,-0.3138431516609616,-0.04141447983560986,8.0,9.0,6.0,0.10000000000000142,0
17.5,17.5,0.8235294117647058,0.8285472538469443,0.13393607617650788,-0.0374644548764118,-0.005017842082238433,9.0,8.0,7.0,-0.09999999999999964,0
17.5,17.5,0.8235294117647058,0.8285472538469443,0.13393607617650788,-0.0374644548764118,-0.005017842082238433,9.0,8.0,7.0,0.0,0
17.5,17.5,0.8235294117647058,0.8285472538469443,0.13393607617650788,-0.0374644548764118,-0.005017842082238433,9.0,8.0,7.0,0.10000000000000142,0
17.5,17.5,0.8235294117647058,0.8285472538469443,0.13393607617650788,-0.0374644548764118,-0.005017842082238433,9.0,8.0,7.0,0.10000000000000142,0
17.5,17.5,0.8235294117647058,0.8285472538469443,0.13393607617650788,-0.0374644548764118,-0.005017842082238433,9.0,8.0,7.0,0.10000000000000142,0
17.5,17.5,0.8235294117647058,0.8285472538469443,0.13393607617650788,-0.0374644548764118,-0.005017842082238433,9.0,8.0,7.0,-0.7000000000000028,0
17.5,17.5,0.8235294117647058,0.8285472538469443,0.13393607617650788,-0.0374644548764118,-0.005017842082238433,9.0,8.0,7.0,-0.8000000000000007,0
18.5,18.5,0.8,0.755048893916541,0.13866311498081652,0.32417493354074656,0.04495110608345909,9.0,6.0,6.0,0.0,0
18.5,18.5,0.8,0.755048893916541,0.13866311498081652,0.32417493354074656,0.04495110608345909,9.0,6.0,6.0,0.10000000000000142,0
18.5,18.5,0.8,0.755048893916541,0.13866311498081652,0.32417493354074656,0.04495110608345909,9.0,6.0,6.0,0.10000000000000142,0
18.5,18.5,0.8,0.755048893916541,0.13866311498081652,0.32417493354074656,0.04495110608345909,9.0,6.0,6.0,0.10000000000000142,0
18.5,18.5,0.8,0.755048893916541,0.13866311498081652,0.32417493354074656,0.04495110608345909,9.0,6.0,6.0,-0.7000000000000028,0
18.5,18.5,0.8,0.755048893916541,0.13866311498081652,0.32417493354074656,0.04495110608345909,9.0,6.0,6.0,-0.8000000000000007,0
19.5,19.5,0.7058823529411765,0.6941294550221021,0.11974013243727968,0.09815337330807299,0.011752897919074412,11.0,6.0,6.0,0.10000000000000142,0
19.5,19.5,0.7058823529411765,0.6941294550221021,0.11974013243727968,0.09815337330807299,0.011752897919074412,11.0,6.0,6.0,0.10000000000000142,0
19.5,19.5,0.7058823529411765,0.6941294550221021,0.11974013243727968,0.09815337330807299,0.011752897919074412,11.0,6.0,6.0,0.10000000000000142,0
19.5,19.5,0.7058823529411765,0.6941294550221021,0.11974013243727968,0.09815337330807299,0.011752897919074412,11.0,6.0,6.0,-0.7000000000000028,0
19.5,19.5,0.7058823529411765,0.6941294550221021,0.11974013243727968,0.09815337330807299,0.011752897919074412,11.0,6.0,6.0,-0.8000000000000007,0
19.5,19.5,0.7058823529411765,0.6941294550221021,0.11974013243727968,0.09815337330807299,0.011752897919074412,11.0,6.0,6.0,-0.8000000000000007,0
20.5,20.5,0.625,0.7549425241425242,0.10453854343915339,-1.2430106625520103,-0.12994252414252416,11.0,5.0,5.0,-0.7000000000000028,0
20.5,20.5,0.625,0.7549425241425242,0.10453854343915339,-1.2430106625520103,-0.12994252414252416,11.0,5.0,5.0,-0.8000000000000007,0
20.5,20.5,0.625,0.7549425241425242,0.10453854343915339,-1.2430106625520103,-0.12994252414252416,11.0,5.0,5.0,-0.8000000000000007,0
20.5,20.5,0.625,0.7549425241425242,0.10453854343915339,-1.2430106625520103,-0.12994252414252416,11.0,5.0,5.0,-1.0,0
20.5,20.5,0.625,0.7549425241425242,0.10453854343915339,-1.2430106625520103,-0.12994252414252416,11.0,5.0,5.0,-0.6999999999999993,0
21.5,21.5,0.75,0.8131618432221374,0.12300721153462472,-0.5134808149387098,-0.06316184322213736,9.0,7.0,6.0,-0.1999999999999993,0
21.5,21.5,0.75,0.8131618432221374,0.12300721153462472,-0.5134808149387098,-0.06316184322213736,9.0,7.0,6.0,-0.8000000000000007,0
21.5,21.5,0.75,0.8131618432221374,0.12300721153462472,-0.5134808149387098,-0.06316184322213736,9.0,7.0,6.0,-1.0,0
21.5,21.5,0.75,0.8131618432221374,0.12300721153462472,-0.5134808149387098,-0.06316184322213736,9.0,7.0,6.0,-0.6999999999999993,0
21.5,21.5,0.75,0.8131618432221374,0.12300721153462472,-0.5134808149387098,-0.06316184322213736,9.0,7.0,6.0,-0.8999999999999986,0
21.5,21.5,0.75,0.8131618432221374,0.12300721153462472,-0.5134808149387098,-0.06316184322213736,9.0,7.0,6.0,-0.9000000000000021,0
22.5,22.5,0.875,0.8324038463170816,0.13093894247655966,0.3253131030177963,0.04259615368291836,9.0,7.0,7.0,-0.8000000000000007,0
22.5,22.5,0.875,0.8324038463170816,0.13093894247655966,0.3253131030177963,0.04259615368291836,9.0,7.0,7.0,-1.0,0
22.5,22.5,0.875,0.8324038463170816,0.13093894247655966,0.3253131030177963,0.04259615368291836,9.0,7.0,7.0,-0.6999999999999993,0
22.5,22.5,0.875,0.8324038463170816,0.13093894247655966,0.3253131030177963,0.04259615368291836,9.0,7.0,7.0,-0.8999999999999986,0
22.5,22.5,0.875,0.8324038463170816,0.13093894247655966,0.3253131030177963,0.04259615368291836,9.0,7.0,7.0,-0.9000000000000021,0
22.5,22.5,0.875,0.8324038463170816,0.13093894247655966,0.3253131030177963,0.04259615368291836,9.0,7.0,7.0,-0.6999999999999993,0
22.5,22.5,0.875,0.8324038463170816,0.13093894247655966,0.3253131030177963,0.04259615368291836,9.0,7.0,7.0,-0.29999999999999716,0
23.5,23.5,0.9411764705882353,0.8572286290163227,0.13654322848314715,0.6148077975340525,0.0839478415719126,8.0,9.0,8.0,-0.10000000000000142,0
23.5,23.5,0.9411764705882353,0.8572286290163227,0.13654322848314715,0.6148077975340525,0.0839478415719126,8.0,9.0,8.0,-0.5999999999999979,0
23.5,23.5,0.9411764705882353,0.8572286290163227,0.13654322848314715,0.6148077975340525,0.0839478415719126,8.0,9.0,8.0,-0.6999999999999993,0
23.5,23.5,0.9411764705882353,0.8572286290163227,0.13654322848314715,0.6148077975340525,0.0839478415719126,8.0,9.0,8.0,-0.8999999999999986,0
23.5,23.5,0.9411764705882353,0.8572286290163227,0.13654322848314715,0.6148077975340525,0.0839478415719126,8.0,9.0,8.0,-0.9000000000000021,0
23.5,23.5,0.9411764705882353,0.8572286290163227,0.13654322848314715,0.6148077975340525,0.0839478415719126,8.0,9.0,8.0,-0.6999999999999993,0
23.5,23.5,0.9411764705882353,0.8572286290163227,0.13654322848314715,0.6148077975340525,0.0839478415719126,8.0,9.0,8.0,-0.29999999999999716,0
23.5,23.5,0.9411764705882353,0.8572286290163227,0.13654322848314715,0.6148077975340525,0.0839478415719126,8.0,9.0,8.0,-0.10000000000000142,0
24.5,24.5,0.8235294117647058,0.8169619652793029,0.13863822258635547,0.04737110994994341,0.006567446485402972,7.0,10.0,7.0,-0.1999999999999993,0
24.5,24.5,0.8235294117647058,0.8169619652793029,0.13863822258635547,0.04737110994994341,0.006567446485402972,7.0,10.0,7.0,-0.3999999999999986,0
24.5,24.5,0.8235294117647058,0.8169619652793029,0.13863822258635547,0.04737110994994341,0.006567446485402972,7.0,10.0,7.0,-0.3000000000000007,0
24.5,24.5,0.8235294117647058,0.8169619652793029,0.13863822258635547,0.04737110994994341,0.006567446485402972,7.0,10.0,7.0,-0.10000000000000142,0
24.5,24.5,0.8235294117647058,0.8169619652793029,0.13863822258635547,0.04737110994994341,0.006567446485402972,7.0,10.0,7.0,0.20000000000000284,0
24.5,24.5,0.8235294117647058,0.8169619652793029,0.13863822258635547,0.04737110994994341,0.006567446485402972,7.0,10.0,7.0,-0.10000000000000142,0
24.5,24.5,0.8235294117647058,0.8169619652793029,0.13863822258635547,0.04737110994994341,0.006567446485402972,7.0,10.0,7.0,-0.10000000000000142,0
25.5,25.5,0.6666666666666666,0.8203765520341372,0.13828316404139565,-1.111558926446439,-0.15370988536747054,5.0,10.0,5.0,-0.10000000000000142,0
25.5,25.5,0.6666666666666666,0.8203765520341372,0.13828316404139565,-1.111558926446439,-0.15370988536747054,5.0,10.0,5.0,0.20000000000000284,0
25.5,25.5,0.6666666666666666,0.8203765520341372,0.13828316404139565,-1.111558926446439,-0.15370988536747054,5.0,10.0,5.0,-0.10000000000000142,0
25.5,25.5,0.6666666666666666,0.8203765520341372,0.13828316404139565,-1.111558926446439,-0.15370988536747054,5.0,10.0,5.0,-0.10000000000000142,0
25.5,25.5,0.6666666666666666,0.8203765520341372,0.13828316404139565,-1.111558926446439,-0.15370988536747054,5.0,10.0,5.0,-0.1999999999999993,0
26.5,26.5,0.5714285714285714,0.8201225948200408,0.14256598858235786,-1.744413417705186,-0.2486940233914694,4.0,10.0,4.0,0.20000000000000284,0
26.5,26.5,0.5714285714285714,0.8201225948200408,0.14256598858235786,-1.744413417705186,-0.2486940233914694,4.0,10.0,4.0,-0.10000000000000142,0
26.5,26.5,0.5714285714285714,0.8201225948200408,0.14256598858235786,-1.744413417705186,-0.2486940233914694,4.0,10.0,4.0,-0.10000000000000142,0
26.5,26.5,0.5714285714285714,0.8201225948200408,0.14256598858235786,-1.744413417705186,-0.2486940233914694,4.0,10.0,4.0,-0.1999999999999993,0
27.5,27.5,0.46153846153846156,0.8165173357430324,0.1460630051699448,-2.4303133691625183,-0.35497887420457086,3.0,10.0,3.0,-0.10000000000000142,0
27.5,27.5,0.46153846153846156,0.8165173357430324,0.1460630051699448,-2.4303133691625183,-0.35497887420457086,3.0,10.0,3.0,-0.10000000000000142,0
27.5,27.5,0.46153846153846156,0.8165173357430324,0.1460630051699448,-2.4303133691625183,-0.35497887420457086,3.0,10.0,3.0,-0.1999999999999993,0
28.5,28.5,0.46153846153846156,0.8204460989131269,0.1395544733361648,-2.571810338964293,-0.35890763737466536,3.0,10.0,3.0,-0.10000000000000142,0
28.5,28.5,0.46153846153846156,0.8204460989131269,0.1395544733361648,-2.571810338964293,-0.35890763737466536,3.0,10.0,3.0,-0.1999999999999993,0
28.5,28.5,0.46153846153846156,0.8204460989131269,0.1395544733361648,-2.571810338964293,-0.35890763737466536,3.0,10.0,3.0,0.0,0
29.5,29.5,0.46153846153846156,0.8252647170682775,0.13443418142412075,-2.7056084373535274,-0.36372625552981597,3.0,10.0,3.0,-0.1999999999999993,0
29.5,29.5,0.46153846153846156,0.8252647170682775,0.13443418142412075,-2.7056084373535274,-0.36372625552981597,3.0,10.0,3.0,0.0,0
29.5,29.5,0.46153846153846156,0.8252647170682775,0.13443418142412075,-2.7056084373535274,-0.36372625552981597,3.0,10.0,3.0,-0.09999999999999787,0
30.5,30.5,0.5714285714285714,0.8253564263565811,0.13506380457960823,-1.880058508039003,-0.25392785492800973,4.0,10.0,4.0,0.0,0
30.5,30.5,0.5714285714285714,0.8253564263565811,0.13506380457960823,-1.880058508039003,-0.25392785492800973,4.0,10.0,4.0,-0.09999999999999787,0
30.5,30.5,0.5714285714285714,0.8253564263565811,0.13506380457960823,-1.880058508039003,-0.25392785492800973,4.0,10.0,4.0,0.10000000000000142,0
30.5,30.5,0.5714285714285714,0.8253564263565811,0.13506380457960823,-1.880058508039003,-0.25392785492800973,4.0,10.0,4.0,0.20000000000000284,0
31.5,31.5,0.8,0.830823324379439,0.1309976597823082,-0.23529675591656432,-0.03082332437943891,6.0,9.0,6.0,0.0,0
31.5,31.5,0.8,0.830823324379439,0.1309976597823082,-0.23529675591656432,-0.03082332437943891,6.0,9.0,6.0,-0.09999999999999787,0
31.5,31.5,0.8,0.830823324379439,0.1309976597823082,-0.23529675591656432,-0.03082332437943891,6.0,9.0,6.0,0.10000000000000142,0
31.5,31.5,0.8,0.830823324379439,0.1309976597823082,-0.23529675591656432,-0.03082332437943891,6.0,9.0,6.0,0.20000000000000284,0
31.5,31.5,0.8,0.830823324379439,0.1309976597823082,-0.23529675591656432,-0.03082332437943891,6.0,9.0,6.0,0.10000000000000142,0
31.5,31.5,0.8,0.830823324379439,0.1309976597823082,-0.23529675591656432,-0.03082332437943891,6.0,9.0,6.0,0.29999999999999716,0
32.5,32.5,0.875,0.8118005025590166,0.1311857931059433,0.4817556531441223,0.06319949744098341,8.0,8.0,7.0,0.0,0
32.5,32.5,0.875,0.8118005025590166,0.1311857931059433,0.4817556531441223,0.06319949744098341,8.0,8.0,7.0,-0.09999999999999787,0
32.5,32.5,0.875,0.8118005025590166,0.1311857931059433,0.4817556531441223,0.06319949744098341,8.0,8.0,7.0,0.10000000000000142,0
32.5,32.5,0.875,0.8118005025590166,0.1311857931059433,0.4817556531441223,0.06319949744098341,8.0,8.0,7.0,0.20000000000000284,0
32.5,32.5,0.875,0.8118005025590166,0.1311857931059433,0.4817556531441223,0.06319949744098341,8.0,8.0,7.0,0.10000000000000142,0
32.5,32.5,0.875,0.8118005025590166,0.1311857931059433,0.4817556531441223,0.06319949744098341,8.0,8.0,7.0,0.29999999999999716,0
32.5,32.5,0.875,0.8118005025590166,0.1311857931059433,0.4817556531441223,0.06319949744098341,8.0,8.0,7.0,0.0,0
33.5,33.5,0.875,0.7959768254621197,0.1277124420143265,0.6187586212548946,0.07902317453788033,9.0,7.0,7.0,-0.09999999999999787,0
33.5,33.5,0.875,0.7959768254621197,0.1277124420143265,0.6187586212548946,0.07902317453788033,9.0,7.0,7.0,0.10000000000000142,0
33.5,33.5,0.875,0.7959768254621197,0.1277124420143265,0.6187586212548946,0.07902317453788033,9.0,7.0,7.0,0.20000000000000284,0
33.5,33.5,0.875,0.7959768254621197,0.1277124420143265,0.6187586212548946,0.07902317453788033,9.0,7.0,7.0,0.10000000000000142,0
33.5,33.5,0.875,0.7959768254621197,0.1277124420143265,0.6187586212548946,0.07902317453788033,9.0,7.0,7.0,0.29999999999999716,0
33.5,33.5,0.875,0.7959768254621197,0.1277124420143265,0.6187586212548946,0.07902317453788033,9.0,7.0,7.0,0.0,0
33.5,33.5,0.875,0.7959768254621197,0.1277124420143265,0.6187586212548946,0.07902317453788033,9.0,7.0,7.0,-0.5,0
34.5,34.5,0.8235294117647058,0.7318762825409886,0.12126690843385649,0.7557967000841644,0.09165312922371727,10.0,7.0,7.0,0.10000000000000142,0
34.5,34.5,0.8235294117647058,0.7318762825409886,0.12126690843385649,0.7557967000841644,0.09165312922371727,10.0,7.0,7.0,0.20000000000000284,0
34.5,34.5,0.8235294117647058,0.7318762825409886,0.12126690843385649,0.7557967000841644,0.09165312922371727,10.0,7.0,7.0,0.10000000000000142,0
34.5,34.5,0.8235294117647058,0.7318762825409886,0.12126690843385649,0.7557967000841644,0.09165312922371727,10.0,7.0,7.0,0.29999999999999716,0
34.5,34.5,0.8235294117647058,0.7318762825409886,0.12126690843385649,0.7557967000841644,0.09165312922371727,10.0,7.0,7.0,0.0,0
34.5,34.5,0.8235294117647058,0.7318762825409886,0.12126690843385649,0.7557967000841644,0.09165312922371727,10.0,7.0,7.0,-0.5,0
34.5,34.5,0.8235294117647058,0.7318762825409886,0.12126690843385649,0.7557967000841644,0.09165312922371727,10.0,7.0,7.0,-0.5,0
35.5,35.5,0.8235294117647058,0.7939131249469485,0.11046171315289395,0.2681135931394107,0.029616286817757298,10.0,7.0,7.0,0.10000000000000142,0
35.5,35.5,0.8235294117647058,0.7939131249469485,0.11046171315289395,0.2681135931394107,0.029616286817757298,10.0,7.0,7.0,0.29999999999999716,0
35.5,35.5,0.8235294117647058,0.7939131249469485,0.11046171315289395,0.2681135931394107,0.029616286817757298,10.0,7.0,7.0,0.0,0
35.5,35.5,0.8235294117647058,0.7939131249469485,0.11046171315289395,0.2681135931394107,0.029616286817757298,10.0,7.0,7.0,-0.5,0
35.5,35.5,0.8235294117647058,0.7939131249469485,0.11046171315289395,0.2681135931394107,0.029616286817757298,10.0,7.0,7.0,-0.5,0
35.5,35.5,0.8235294117647058,0.7939131249469485,0.11046171315289395,0.2681135931394107,0.029616286817757298,10.0,7.0,7.0,-0.9000000000000057,0
35.5,35.5,0.8235294117647058,0.7939131249469485,0.11046171315289395,0.2681135931394107,0.029616286817757298,10.0,7.0,7.0,-0.8999999999999986,0
36.5,36.5,0.8,0.816272885611121,0.09528503624937887,-0.17078112421064462,-0.016272885611120946,9.0,6.0,6.0,0.0,0
36.5,36.5,0.8,0.816272885611121,0.09528503624937887,-0.17078112421064462,-0.016272885611120946,9.0,6.0,6.0,-0.5,0
36.5,36.5,0.8,0.816272885611121,0.09528503624937887,-0.17078112421064462,-0.016272885611120946,9.0,6.0,6.0,-0.5,0
36.5,36.5,0.8,0.816272885611121,0.09528503624937887,-0.17078112421064462,-0.016272885611120946,9.0,6.0,6.0,-0.9000000000000057,0
36.5,36.5,0.8,0.816272885611121,0.09528503624937887,-0.17078112421064462,-0.016272885611120946,9.0,6.0,6.0,-0.8999999999999986,0
36.5,36.5,0.8,0.816272885611121,0.09528503624937887,-0.17078112421064462,-0.016272885611120946,9.0,6.0,6.0,-0.7999999999999972,0
37.5,37.5,0.8571428571428571,0.8148996020319551,0.09717243715704363,0.43472466418261435,0.04224325511090199,8.0,6.0,6.0,-0.19999999999999574,0
37.5,37.5,0.8571428571428571,0.8148996020319551,0.09717243715704363,0.43472466418261435,0.04224325511090199,8.0,6.0,6.0,-0.5,0
37.5,37.5,0.8571428571428571,0.8148996020319551,0.09717243715704363,0.43472466418261435,0.04224325511090199,8.0,6.0,6.0,-0.9000000000000057,0
37.5,37.5,0.8571428571428571,0.8148996020319551,0.09717243715704363,0.43472466418261435,0.04224325511090199,8.0,6.0,6.0,-0.8999999999999986,0
37.5,37.5,0.8571428571428571,0.8148996020319551,0.09717243715704363,0.43472466418261435,0.04224325511090199,8.0,6.0,6.0,-0.7999999999999972,0
37.5,37.5,0.8571428571428571,0.8148996020319551,0.09717243715704363,0.43472466418261435,0.04224325511090199,8.0,6.0,6.0,-1.0,0
38.5,38.5,0.9230769230769231,0.8075985517750224,0.09786387524825645,1.1799897664890204,0.11547837130190075,7.0,6.0,6.0,0.09999999999999432,0
38.5,38.5,0.9230769230769231,0.8075985517750224,0.09786387524825645,1.1799897664890204,0.11547837130190075,7.0,6.0,6.0,-0.20000000000000284,0
38.5,38.5,0.9230769230769231,0.8075985517750224,0.09786387524825645,1.1799897664890204,0.11547837130190075,7.0,6.0,6.0,-0.3999999999999986,0
38.5,38.5,0.9230769230769231,0.8075985517750224,0.09786387524825645,1.1799897664890204,0.11547837130190075,7.0,6.0,6.0,-0.7999999999999972,0
38.5,38.5,0.9230769230769231,0.8075985517750224,0.09786387524825645,1.1799897664890204,0.11547837130190075,7.0,6.0,6.0,-1.0,0
38.5,38.5,0.9230769230769231,0.8075985517750224,0.09786387524825645,1.1799897664890204,0.11547837130190075,7.0,6.0,6.0,-0.5,0
39.5,39.5,0.9230769230769231,0.7977811001090414,0.10829141570255957,1.1570245171789761,0.12529582296788178,7.0,6.0,6.0,-0.20000000000000284,0
39.5,39.5,0.9230769230769231,0.7977811001090414,0.10829141570255957,1.1570245171789761,0.12529582296788178,7.0,6.0,6.0,-0.3999999999999986,0
39.5,39.5,0.9230769230769231,0.7977811001090414,0.10829141570255957,1.1570245171789761,0.12529582296788178,7.0,6.0,6.0,-0.7999999999999972,0
39.5,39.5,0.9230769230769231,0.7977811001090414,0.10829141570255957,1.1570245171789761,0.12529582296788178,7.0,6.0,6.0,-1.0,0
39.5,39.5,0.9230769230769231,0.7977811001090414,0.10829141570255957,1.1570245171789761,0.12529582296788178,7.0,6.0,6.0,-0.5,0
39.5,39.5,0.9230769230769231,0.7977811001090414,0.10829141570255957,1.1570245171789761,0.12529582296788178,7.0,6.0,6.0,0.7000000000000028,0
40.5,40.5,0.6666666666666666,0.8381220328690917,0.12502605360899746,-1.3713570992061317,-0.17145536620242507,5.0,7.0,4.0,-0.7999999999999972,0
40.5,40.5,0.6666666666666666,0.8381220328690917,0.12502605360899746,-1.3713570992061317,-0.17145536620242507,5.0,7.0,4.0,-1.0,0
40.5,40.5,0.6666666666666666,0.8381220328690917,0.12502605360899746,-1.3713570992061317,-0.17145536620242507,5.0,7.0,4.0,-0.5,0
40.5,40.5,0.6666666666666666,0.8381220328690917,0.12502605360899746,-1.3713570992061317,-0.17145536620242507,5.0,7.0,4.0,-0.10000000000000142,0
41.5,41.5,0.7272727272727273,0.8445787078934138,0.12506012314713505,-0.937996682465076,-0.11730598062068653,4.0,7.0,4.0,-0.30000000000000426,0
41.5,41.5,0.7272727272727273,0.8445787078934138,0.12506012314713505,-0.937996682465076,-0.11730598062068653,4.0,7.0,4.0,-0.5,0
41.5,41.5,0.7272727272727273,0.8445787078934138,0.12506012314713505,-0.937996682465076,-0.11730598062068653,4.0,7.0,4.0,-0.10000000000000142,0
41.5,41.5,0.7272727272727273,0.8445787078934138,0.12506012314713505,-0.937996682465076,-0.11730598062068653,4.0,7.0,4.0,0.29999999999999716,0
42.5,42.5,0.7142857142857143,0.8521247541244446,0.1525634989980187,-0.9034863564614517,-0.13783903983873025,5.0,9.0,5.0,-0.5,0
42.5,42.5,0.7142857142857143,0.8521247541244446,0.1525634989980187,-0.9034863564614517,-0.13783903983873025,5.0,9.0,5.0,-0.10000000000000142,0
42.5,42.5,0.7142857142857143,0.8521247541244446,0.1525634989980187,-0.9034863564614517,-0.13783903983873025,5.0,9.0,5.0,-0.20000000000000284,0
42.5,42.5,0.7142857142857143,0.8521247541244446,0.1525634989980187,-0.9034863564614517,-0.13783903983873025,5.0,9.0,5.0,-0.20000000000000284,0
42.5,42.5,0.7142857142857143,0.8521247541244446,0.1525634989980187,-0.9034863564614517,-0.13783903983873025,5.0,9.0,5.0,0.0,0
43.5,43.5,0.6666666666666666,0.8180831346328251,0.15185622780755856,-0.9971041040084483,-0.15141646796615849,5.0,10.0,5.0,-0.10000000000000142,0
43.5,43.5,0.6666666666666666,0.8180831346328251,0.15185622780755856,-0.9971041040084483,-0.15141646796615849,5.0,10.0,5.0,-0.20000000000000284,0
43.5,43.5,0.6666666666666666,0.8180831346328251,0.15185622780755856,-0.9971041040084483,-0.15141646796615849,5.0,10.0,5.0,-0.20000000000000284,0
43.5,43.5,0.6666666666666666,0.8180831346328251,0.15185622780755856,-0.9971041040084483,-0.15141646796615849,5.0,10.0,5.0,0.0,0
43.5,43.5,0.6666666666666666,0.8180831346328251,0.15185622780755856,-0.9971041040084483,-0.15141646796615849,5.0,10.0,5.0,0.10000000000000142,0
44.5,44.5,0.7777777777777778,0.7740771920460001,0.1393157761253803,0.026562574854747598,0.0037005857317776725,7.0,11.0,7.0,-0.10000000000000142,0
44.5,44.5,0.7777777777777778,0.7740771920460001,0.1393157761253803,0.026562574854747598,0.0037005857317776725,7.0,11.0,7.0,-0.20000000000000284,0
44.5,44.5,0.7777777777777778,0.7740771920460001,0.1393157761253803,0.026562574854747598,0.0037005857317776725,7.0,11.0,7.0,-0.20000000000000284,0
44.5,44.5,0.7777777777777778,0.7740771920460001,0.1393157761253803,0.026562574854747598,0.0037005857317776725,7.0,11.0,7.0,0.0,0
44.5,44.5,0.7777777777777778,0.7740771920460001,0.1393157761253803,0.026562574854747598,0.0037005857317776725,7.0,11.0,7.0,0.10000000000000142,0
44.5,44.5,0.7777777777777778,0.7740771920460001,0.1393157761253803,0.026562574854747598,0.0037005857317776725,7.0,11.0,7.0,-0.10000000000000142,0
44.5,44.5,0.7777777777777778,0.7740771920460001,0.1393157761253803,0.026562574854747598,0.0037005857317776725,7.0,11.0,7.0,0.10000000000000142,0
45.5,45.5,0.7777777777777778,0.7783502687972503,0.13320682324432834,-0.004297760471492352,-0.000572491019472543,7.0,11.0,7.0,-0.20000000000000284,0
45.5,45.5,0.7777777777777778,0.7783502687972503,0.13320682324432834,-0.004297760471492352,-0.000572491019472543,7.0,11.0,7.0,-0.20000000000000284,0
45.5,45.5,0.7777777777777778,0.7783502687972503,0.13320682324432834,-0.004297760471492352,-0.000572491019472543,7.0,11.0,7.0,0.0,0
45.5,45.5,0.7777777777777778,0.7783502687972503,0.13320682324432834,-0.004297760471492352,-0.000572491019472543,7.0,11.0,7.0,0.10000000000000142,0
45.5,45.5,0.7777777777777778,0.7783502687972503,0.13320682324432834,-0.004297760471492352,-0.000572491019472543,7.0,11.0,7.0,-0.10000000000000142,0
45.5,45.5,0.7777777777777778,0.7783502687972503,0.13320682324432834,-0.004297760471492352,-0.000572491019472543,7.0,11.0,7.0,0.10000000000000142,0
45.5,45.5,0.7777777777777778,0.7783502687972503,0.13320682324432834,-0.004297760471492352,-0.000572491019472543,7.0,11.0,7.0,0.10000000000000142,0
46.5,46.5,0.7777777777777778,0.7790076033529595,0.12881497071980547,-0.009547225515089998,-0.0012298255751816978,8.0,10.0,7.0,-0.20000000000000284,0
46.5,46.5,0.7777777777777778,0.7790076033529595,0.12881497071980547,-0.009547225515089998,-0.0012298255751816978,8.0,10.0,7.0,0.0,0
46.5,46.5,0.7777777777777778,0.7790076033529595,0.12881497071980547,-0.009547225515089998,-0.0012298255751816978,8.0,10.0,7.0,0.10000000000000142,0
46.5,46.5,0.7777777777777778,0.7790076033529595,0.12881497071980547,-0.009547225515089998,-0.0012298255751816978,8.0,10.0,7.0,-0.10000000000000142,0
46.5,46.5,0.7777777777777778,0.7790076033529595,0.12881497071980547,-0.009547225515089998,-0.0012298255751816978,8.0,10.0,7.0,0.10000000000000142,0
46.5,46.5,0.7777777777777778,0.7790076033529595,0.12881497071980547,-0.009547225515089998,-0.0012298255751816978,8.0,10.0,7.0,0.10000000000000142,0
46.5,46.5,0.7777777777777778,0.7790076033529595,0.12881497071980547,-0.009547225515089998,-0.0012298255751816978,8.0,10.0,7.0,-0.10000000000000142,0
47.5,47.5,0.8235294117647058,0.7554788833457563,0.1279393603568153,0.5318967378698835,0.06805052841894954,8.0,9.0,7.0,0.0,0
47.5,47.5,0.8235294117647058,0.7554788833457563,0.1279393603568153,0.5318967378698835,0.06805052841894954,8.0,9.0,7.0,0.10000000000000142,0
47.5,47.5,0.8235294117647058,0.7554788833457563,0.1279393603568153,0.5318967378698835,0.06805052841894954,8.0,9.0,7.0,-0.10000000000000142,0
47.5,47.5,0.8235294117647058,0.7554788833457563,0.1279393603568153,0.5318967378698835,0.06805052841894954,8.0,9.0,7.0,0.10000000000000142,0
47.5,47.5,0.8235294117647058,0.7554788833457563,0.1279393603568153,0.5318967378698835,0.06805052841894954,8.0,9.0,7.0,0.10000000000000142,0
47.5,47.5,0.8235294117647058,0.7554788833457563,0.1279393603568153,0.5318967378698835,0.06805052841894954,8.0,9.0,7.0,-0.10000000000000142,0
47.5,47.5,0.8235294117647058,0.7554788833457563,0.1279393603568153,0.5318967378698835,0.06805052841894954,8.0,9.0,7.0,-0.30000000000000426,0
48.5,48.5,0.875,0.8364060961312509,0.12093123694020144,0.31913924677569555,0.03859390386874906,8.0,8.0,7.0,-0.10000000000000142,0
48.5,48.5,0.875,0.8364060961312509,0.12093123694020144,0.31913924677569555,0.03859390386874906,8.0,8.0,7.0,0.10000000000000142,0
48.5,48.5,0.875,0.8364060961312509,0.12093123694020144,0.31913924677569555,0.03859390386874906,8.0,8.0,7.0,0.10000000000000142,0
48.5,48.5,0.875,0.8364060961312509,0.12093123694020144,0.31913924677569555,0.03859390386874906,8.0,8.0,7.0,-0.10000000000000142,0
48.5,48.5,0.875,0.8364060961312509,0.12093123694020144,0.31913924677569555,0.03859390386874906,8.0,8.0,7.0,-0.30000000000000426,0
48.5,48.5,0.875,0.8364060961312509,0.12093123694020144,0.31913924677569555,0.03859390386874906,8.0,8.0,7.0,-0.6000000000000014,0
48.5,48.5,0.875,0.8364060961312509,0.12093123694020144,0.31913924677569555,0.03859390386874906,8.0,8.0,7.0,-0.29999999999999716,0
49.5,49.5,0.8888888888888888,0.8563403737473397,0.12163773190724674,0.2675856794696612,0.032548515141549106,10.0,8.0,8.0,-0.6000000000000014,0
49.5,49.5,0.8888888888888888,0.8563403737473397,0.12163773190724674,0.2675856794696612,0.032548515141549106,10.0,8.0,8.0,-0.29999999999999716,0
49.5,49.5,0.8888888888888888,0.8563403737473397,0.12163773190724674,0.2675856794696612,0.032548515141549106,10.0,8.0,8.0,-0.10000000000000142,0
49.5,49.5,0.8888888888888888,0.8563403737473397,0.12163773190724674,0.2675856794696612,0.032548515141549106,10.0,8.0,8.0,-0.30000000000000426,0
49.5,49.5,0.8888888888888888,0.8563403737473397,0.12163773190724674,0.2675856794696612,0.032548515141549106,10.0,8.0,8.0,-0.6000000000000014,0
49.5,49.5,0.8888888888888888,0.8563403737473397,0.12163773190724674,0.2675856794696612,0.032548515141549106,10.0,8.0,8.0,-0.29999999999999716,0
49.5,49.5,0.8888888888888888,0.8563403737473397,0.12163773190724674,0.2675856794696612,0.032548515141549106,10.0,8.0,8.0,-0.3999999999999986,0
49.5,49.5,0.8888888888888888,0.8563403737473397,0.12163773190724674,0.2675856794696612,0.032548515141549106,10.0,8.0,8.0,-0.6000000000000014,0
50.5,50.5,0.8421052631578947,0.8278190239584976,0.13520332605969096,0.10566485023519208,0.014286239199397088,10.0,9.0,8.0,-0.10000000000000142,0
50.5,50.5,0.8421052631578947,0.8278190239584976,0.13520332605969096,0.10566485023519208,0.014286239199397088,10.0,9.0,8.0,-0.30000000000000426,0
50.5,50.5,0.8421052631578947,0.8278190239584976,0.13520332605969096,0.10566485023519208,0.014286239199397088,10.0,9.0,8.0,-0.6000000000000014,0
50.5,50.5,0.8421052631578947,0.8278190239584976,0.13520332605969096,0.10566485023519208,0.014286239199397088,10.0,9.0,8.0,-0.29999999999999716,0
50.5,50.5,0.8421052631578947,0.8278190239584976,0.13520332605969096,0.10566485023519208,0.014286239199397088,10.0,9.0,8.0,-0.3999999999999986,0
50.5,50.5,0.8421052631578947,0.8278190239584976,0.13520332605969096,0.10566485023519208,0.014286239199397088,10.0,9.0,8.0,-0.6000000000000014,0
50.5,50.5,0.8421052631578947,0.8278190239584976,0.13520332605969096,0.10566485023519208,0.014286239199397088,10.0,9.0,8.0,-0.5,0
50.5,50.5,0.8421052631578947,0.8278190239584976,0.13520332605969096,0.10566485023519208,0.014286239199397088,10.0,9.0,8.0,-0.6000000000000014,0
51.5,51.5,0.9411764705882353,0.8373059799333794,0.14202902791647298,0.7313328280747082,0.10387049065485587,8.0,9.0,8.0,0.29999999999999716,0
51.5,51.5,0.9411764705882353,0.8373059799333794,0.14202902791647298,0.7313328280747082,0.10387049065485587,8.0,9.0,8.0,0.10000000000000142,0
51.5,51.5,0.9411764705882353,0.8373059799333794,0.14202902791647298,0.7313328280747082,0.10387049065485587,8.0,9.0,8.0,0.20000000000000284,0
51.5,51.5,0.9411764705882353,0.8373059799333794,0.14202902791647298,0.7313328280747082,0.10387049065485587,8.0,9.0,8.0,0.0,0
51.5,51.5,0.9411764705882353,0.8373059799333794,0.14202902791647298,0.7313328280747082,0.10387049065485587,8.0,9.0,8.0,-0.10000000000000142,0
51.5,51.5,0.9411764705882353,0.8373059799333794,0.14202902791647298,0.7313328280747082,0.10387049065485587,8.0,9.0,8.0,-0.10000000000000142,0
51.5,51.5,0.9411764705882353,0.8373059799333794,0.14202902791647298,0.7313328280747082,0.10387049065485587,8.0,9.0,8.0,-0.20000000000000284,0
51.5,51.5,0.9411764705882353,0.8373059799333794,0.14202902791647298,0.7313328280747082,0.10387049065485587,8.0,9.0,8.0,-0.30000000000000426,0
52.5,52.5,0.8235294117647058,0.802560363174837,0.13579733845685346,0.15441428254892678,0.02096904858986881,7.0,10.0,7.0,0.10000000000000142,0
52.5,52.5,0.8235294117647058,0.802560363174837,0.13579733845685346,0.15441428254892678,0.02096904858986881,7.0,10.0,7.0,0.20000000000000284,0
52.5,52.5,0.8235294117647058,0.802560363174837,0.13579733845685346,0.15441428254892678,0.02096904858986881,7.0,10.0,7.0,0.0,0
52.5,52.5,0.8235294117647058,0.802560363174837,0.13579733845685346,0.15441428254892678,0.02096904858986881,7.0,10.0,7.0,-0.10000000000000142,0
52.5,52.5,0.8235294117647058,0.802560363174837,0.13579733845685346,0.15441428254892678,0.02096904858986881,7.0,10.0,7.0,-0.10000000000000142,0
52.5,52.5,0.8235294117647058,0.802560363174837,0.13579733845685346,0.15441428254892678,0.02096904858986881,7.0,10.0,7.0,-0.20000000000000284,0
52.5,52.5,0.8235294117647058,0.802560363174837,0.13579733845685346,0.15441428254892678,0.02096904858986881,7.0,10.0,7.0,-0.30000000000000426,0
53.5,53.5,0.75,0.8061343481423978,0.13460275007548533,-0.4170371564542153,-0.056134348142397816,6.0,10.0,6.0,0.0,0
53.5,53.5,0.75,0.8061343481423978,0.13460275007548533,-0.4170371564542153,-0.056134348142397816,6.0,10.0,6.0,-0.10000000000000142,0
53.5,53.5,0.75,0.8061343481423978,0.13460275007548533,-0.4170371564542153,-0.056134348142397816,6.0,10.0,6.0,-0.10000000000000142,0
53.5,53.5,0.75,0.8061343481423978,0.13460275007548533,-0.4170371564542153,-0.056134348142397816,6.0,10.0,6.0,-0.20000000000000284,0
53.5,53.5,0.75,0.8061343481423978,0.13460275007548533,-0.4170371564542153,-0.056134348142397816,6.0,10.0,6.0,-0.30000000000000426,0
53.5,53.5,0.75,0.8061343481423978,0.13460275007548533,-0.4170371564542153,-0.056134348142397816,6.0,10.0,6.0,0.0,0
54.5,54.5,0.6666666666666666,0.8038630203989338,0.1377223045258886,-0.9961810776008138,-0.13719635373226713,5.0,10.0,5.0,-0.10000000000000142,0
54.5,54.5,0.6666666666666666,0.8038630203989338,0.1377223045258886,-0.9961810776008138,-0.13719635373226713,5.0,10.0,5.0,-0.20000000000000284,0
54.5,54.5,0.6666666666666666,0.8038630203989338,0.1377223045258886,-0.9961810776008138,-0.13719635373226713,5.0,10.0,5.0,-0.30000000000000426,0
54.5,54.5,0.6666666666666666,0.8038630203989338,0.1377223045258886,-0.9961810776008138,-0.13719635373226713,5.0,10.0,5.0,0.0,0
54.5,54.5,0.6666666666666666,0.8038630203989338,0.1377223045258886,-0.9961810776008138,-0.13719635373226713,5.0,10.0,5.0,-0.3999999999999986,0
55.5,55.5,0.46153846153846156,0.8092937049534573,0.13894176937049038,-2.50288480555981,-0.34775524341499575,3.0,10.0,3.0,0.0,0
55.5,55.5,0.46153846153846156,0.8092937049534573,0.13894176937049038,-2.50288480555981,-0.34775524341499575,3.0,10.0,3.0,-0.3999999999999986,0
55.5,55.5,0.46153846153846156,0.8092937049534573,0.13894176937049038,-2.50288480555981,-0.34775524341499575,3.0,10.0,3.0,0.10000000000000142,0
56.5,56.5,0.6153846153846154,0.7685053879385149,0.13900037529705378,-1.101585317497664,-0.15312077255389944,5.0,8.0,4.0,0.0,0
56.5,56.5,0.6153846153846154,0.7685053879385149,0.13900037529705378,-1.101585317497664,-0.15312077255389944,5.0,8.0,4.0,-0.3999999999999986,0
56.5,56.5,0.6153846153846154,0.7685053879385149,0.13900037529705378,-1.101585317497664,-0.15312077255389944,5.0,8.0,4.0,0.10000000000000142,0
56.5,56.5,0.6153846153846154,0.7685053879385149,0.13900037529705378,-1.101585317497664,-0.15312077255389944,5.0,8.0,4.0,0.5,0
57.5,57.5,0.7692307692307693,0.7572036525565937,0.1274950314742916,0.09433400294191645,0.012027116674175553,6.0,7.0,5.0,0.0,0
57.5,57.5,0.7692307692307693,0.7572036525565937,0.1274950314742916,0.09433400294191645,0.012027116674175553,6.0,7.0,5.0,-0.3999999999999986,0
57.5,57.5,0.7692307692307693,0.7572036525565937,0.1274950314742916,0.09433400294191645,0.012027116674175553,6.0,7.0,5.0,0.10000000000000142,0
57.5,57.5,0.7692307692307693,0.7572036525565937,0.1274950314742916,0.09433400294191645,0.012027116674175553,6.0,7.0,5.0,0.5,0
57.5,57.5,0.7692307692307693,0.7572036525565937,0.1274950314742916,0.09433400294191645,0.012027116674175553,6.0,7.0,5.0,-0.7999999999999972,0
58.5,58.5,0.9230769230769231,0.8111557357675006,0.11638071096966236,0.9616815911925278,0.11192118730942258,6.0,7.0,6.0,-0.3999999999999986,0
58.5,58.5,0.9230769230769231,0.8111557357675006,0.11638071096966236,0.9616815911925278,0.11192118730942258,6.0,7.0,6.0,0.10000000000000142,0
58.5,58.5,0.9230769230769231,0.8111557357675006,0.11638071096966236,0.9616815911925278,0.11192118730942258,6.0,7.0,6.0,0.5,0
58.5,58.5,0.9230769230769231,0.8111557357675006,0.11638071096966236,0.9616815911925278,0.11192118730942258,6.0,7.0,6.0,-0.7999999999999972,0
58.5,58.5,0.9230769230769231,0.8111557357675006,0.11638071096966236,0.9616815911925278,0.11192118730942258,6.0,7.0,6.0,-0.5,0
58.5,58.5,0.9230769230769231,0.8111557357675006,0.11638071096966236,0.9616815911925278,0.11192118730942258,6.0,7.0,6.0,-0.19999999999999574,0
59.5,59.5,0.9333333333333333,0.7893626705080266,0.12364689429477423,1.1643694218641731,0.1439706628253068,7.0,8.0,7.0,0.10000000000000142,0
59.5,59.5,0.9333333333333333,0.7893626705080266,0.12364689429477423,1.1643694218641731,0.1439706628253068,7.0,8.0,7.0,0.5,0
59.5,59.5,0.9333333333333333,0.7893626705080266,0.12364689429477423,1.1643694218641731,0.1439706628253068,7.0,8.0,7.0,-0.7999999999999972,0
59.5,59.5,0.9333333333333333,0.7893626705080266,0.12364689429477423,1.1643694218641731,0.1439706628253068,7.0,8.0,7.0,-0.5,0
59.5,59.5,0.9333333333333333,0.7893626705080266,0.12364689429477423,1.1643694218641731,0.1439706628253068,7.0,8.0,7.0,-0.19999999999999574,0
59.5,59.5,0.9333333333333333,0.7893626705080266,0.12364689429477423,1.1643694218641731,0.1439706628253068,7.0,8.0,7.0,-0.10000000000000142,0
59.5,59.5,0.9333333333333333,0.7893626705080266,0.12364689429477423,1.1643694218641731,0.1439706628253068,7.0,8.0,7.0,0.0,0
60.5,60.5,0.9230769230769231,0.7742126265890972,0.13701906863005786,1.086449484558601,0.14886429648782595,7.0,6.0,6.0,-0.7999999999999972,0
60.5,60.5,0.9230769230769231,0.7742126265890972,0.13701906863005786,1.086449484558601,0.14886429648782595,7.0,6.0,6.0,-0.5,0
60.5,60.5,0.9230769230769231,0.7742126265890972,0.13701906863005786,1.086449484558601,0.14886429648782595,7.0,6.0,6.0,-0.19999999999999574,0
60.5,60.5,0.9230769230769231,0.7742126265890972,0.13701906863005786,1.086449484558601,0.14886429648782595,7.0,6.0,6.0,-0.10000000000000142,0
60.5,60.5,0.9230769230769231,0.7742126265890972,0.13701906863005786,1.086449484558601,0.14886429648782595,7.0,6.0,6.0,0.0,0
60.5,60.5,0.9230769230769231,0.7742126265890972,0.13701906863005786,1.086449484558601,0.14886429648782595,7.0,6.0,6.0,0.19999999999999574,0
61.5,61.5,0.9333333333333333,0.8626605771765216,0.13645050792448457,0.517936922564803,0.07067275615681179,7.0,8.0,7.0,-0.7999999999999972,0
61.5,61.5,0.9333333333333333,0.8626605771765216,0.13645050792448457,0.517936922564803,0.07067275615681179,7.0,8.0,7.0,-0.5,0
61.5,61.5,0.9333333333333333,0.8626605771765216,0.13645050792448457,0.517936922564803,0.07067275615681179,7.0,8.0,7.0,-0.19999999999999574,0
61.5,61.5,0.9333333333333333,0.8626605771765216,0.13645050792448457,0.517936922564803,0.07067275615681179,7.0,8.0,7.0,-0.10000000000000142,0
61.5,61.5,0.9333333333333333,0.8626605771765216,0.13645050792448457,0.517936922564803,0.07067275615681179,7.0,8.0,7.0,0.0,0
61.5,61.5,0.9333333333333333,0.8626605771765216,0.13645050792448457,0.517936922564803,0.07067275615681179,7.0,8.0,7.0,0.19999999999999574,0
61.5,61.5,0.9333333333333333,0.8626605771765216,0.13645050792448457,0.517936922564803,0.07067275615681179,7.0,8.0,7.0,0.0,0
62.5,62.5,0.75,0.8182768164412128,0.14601375861719354,-0.4676053619043881,-0.06827681644121275,6.0,10.0,6.0,-0.19999999999999574,0
62.5,62.5,0.75,0.8182768164412128,0.14601375861719354,-0.4676053619043881,-0.06827681644121275,6.0,10.0,6.0,-0.10000000000000142,0
62.5,62.5,0.75,0.8182768164412128,0.14601375861719354,-0.4676053619043881,-0.06827681644121275,6.0,10.0,6.0,0.0,0
62.5,62.5,0.75,0.8182768164412128,0.14601375861719354,-0.4676053619043881,-0.06827681644121275,6.0,10.0,6.0,0.19999999999999574,0
62.5,62.5,0.75,0.8182768164412128,0.14601375861719354,-0.4676053619043881,-0.06827681644121275,6.0,10.0,6.0,0.0,0
62.5,62.5,0.75,0.8182768164412128,0.14601375861719354,-0.4676053619043881,-0.06827681644121275,6.0,10.0,6.0,0.0,0
63.5,63.5,0.875,0.833787893401748,0.13331343982913177,0.3091369231119811,0.04121210659825203,7.0,9.0,7.0,-0.10000000000000142,0
63.5,63.5,0.875,0.833787893401748,0.13331343982913177,0.3091369231119811,0.04121210659825203,7.0,9.0,7.0,0.0,0
63.5,63.5,0.875,0.833787893401748,0.13331343982913177,0.3091369231119811,0.04121210659825203,7.0,9.0,7.0,0.19999999999999574,0
63.5,63.5,0.875,0.833787893401748,0.13331343982913177,0.3091369231119811,0.04121210659825203,7.0,9.0,7.0,0.0,0
63.5,63.5,0.875,0.833787893401748,0.13331343982913177,0.3091369231119811,0.04121210659825203,7.0,9.0,7.0,0.0,0
63.5,63.5,0.875,0.833787893401748,0.13331343982913177,0.3091369231119811,0.04121210659825203,7.0,9.0,7.0,0.09999999999999432,0
63.5,63.5,0.875,0.833787893401748,0.13331343982913177,0.3091369231119811,0.04121210659825203,7.0,9.0,7.0,0.0,0
64.5,64.5,0.7777777777777778,0.7960777428367988,0.12486698068480948,-0.14655567835994965,-0.018299965059020984,8.0,10.0,7.0,0.0,0
64.5,64.5,0.7777777777777778,0.7960777428367988,0.12486698068480948,-0.14655567835994965,-0.018299965059020984,8.0,10.0,7.0,0.19999999999999574,0
64.5,64.5,0.7777777777777778,0.7960777428367988,0.12486698068480948,-0.14655567835994965,-0.018299965059020984,8.0,10.0,7.0,0.0,0
64.5,64.5,0.7777777777777778,0.7960777428367988,0.12486698068480948,-0.14655567835994965,-0.018299965059020984,8.0,10.0,7.0,0.0,0
64.5,64.5,0.7777777777777778,0.7960777428367988,0.12486698068480948,-0.14655567835994965,-0.018299965059020984,8.0,10.0,7.0,0.09999999999999432,0
64.5,64.5,0.7777777777777778,0.7960777428367988,0.12486698068480948,-0.14655567835994965,-0.018299965059020984,8.0,10.0,7.0,0.0,0
64.5,64.5,0.7777777777777778,0.7960777428367988,0.12486698068480948,-0.14655567835994965,-0.018299965059020984,8.0,10.0,7.0,-0.29999999999999716,0
65.5,65.5,0.8235294117647058,0.8119258823735604,0.1255204544366892,0.09244333477933717,0.011603529391145395,7.0,10.0,7.0,0.0,0
65.5,65.5,0.8235294117647058,0.8119258823735604,0.1255204544366892,0.09244333477933717,0.011603529391145395,7.0,10.0,7.0,0.0,0
65.5,65.5,0.8235294117647058,0.8119258823735604,0.1255204544366892,0.09244333477933717,0.011603529391145395,7.0,10.0,7.0,0.09999999999999432,0
65.5,65.5,0.8235294117647058,0.8119258823735604,0.1255204544366892,0.09244333477933717,0.011603529391145395,7.0,10.0,7.0,0.0,0
65.5,65.5,0.8235294117647058,0.8119258823735604,0.1255204544366892,0.09244333477933717,0.011603529391145395,7.0,10.0,7.0,-0.29999999999999716,0
65.5,65.5,0.8235294117647058,0.8119258823735604,0.1255204544366892,0.09244333477933717,0.011603529391145395,7.0,10.0,7.0,-0.20000000000000284,0
65.5,65.5,0.8235294117647058,0.8119258823735604,0.1255204544366892,0.09244333477933717,0.011603529391145395,7.0,10.0,7.0,0.20000000000000284,0
66.5,66.5,0.8235294117647058,0.8173205860702765,0.13388590476333245,0.04637400557888897,0.006208825694429376,7.0,10.0,7.0,0.0,0
66.5,66.5,0.8235294117647058,0.8173205860702765,0.13388590476333245,0.04637400557888897,0.006208825694429376,7.0,10.0,7.0,0.09999999999999432,0
66.5,66.5,0.8235294117647058,0.8173205860702765,0.13388590476333245,0.04637400557888897,0.006208825694429376,7.0,10.0,7.0,0.0,0
66.5,66.5,0.8235294117647058,0.8173205860702765,0.13388590476333245,0.04637400557888897,0.006208825694429376,7.0,10.0,7.0,-0.29999999999999716,0
66.5,66.5,0.8235294117647058,0.8173205860702765,0.13388590476333245,0.04637400557888897,0.006208825694429376,7.0,10.0,7.0,-0.20000000000000284,0
66.5,66.5,0.8235294117647058,0.8173205860702765,0.13388590476333245,0.04637400557888897,0.006208825694429376,7.0,10.0,7.0,0.20000000000000284,0
66.5,66.5,0.8235294117647058,0.8173205860702765,0.13388590476333245,0.04637400557888897,0.006208825694429376,7.0,10.0,7.0,0.10000000000000853,0
67.5,67.5,0.8888888888888888,0.8205038594532403,0.13691225877636107,0.49948068965359654,0.0683850294356485,8.0,10.0,8.0,0.09999999999999432,0
67.5,67.5,0.8888888888888888,0.8205038594532403,0.13691225877636107,0.49948068965359654,0.0683850294356485,8.0,10.0,8.0,0.0,0
67.5,67.5,0.8888888888888888,0.8205038594532403,0.13691225877636107,0.49948068965359654,0.0683850294356485,8.0,10.0,8.0,-0.29999999999999716,0
67.5,67.5,0.8888888888888888,0.8205038594532403,0.13691225877636107,0.49948068965359654,0.0683850294356485,8.0,10.0,8.0,-0.20000000000000284,0
67.5,67.5,0.8888888888888888,0.8205038594532403,0.13691225877636107,0.49948068965359654,0.0683850294356485,8.0,10.0,8.0,0.20000000000000284,0
67.5,67.5,0.8888888888888888,0.8205038594532403,0.13691225877636107,0.49948068965359654,0.0683850294356485,8.0,10.0,8.0,0.10000000000000853,0
67.5,67.5,0.8888888888888888,0.8205038594532403,0.13691225877636107,0.49948068965359654,0.0683850294356485,8.0,10.0,8.0,0.0,0
67.5,67.5,0.8888888888888888,0.8205038594532403,0.13691225877636107,0.49948068965359654,0.0683850294356485,8.0,10.0,8.0,-0.09999999999999432,0
68.5,68.5,0.8421052631578947,0.8230987112646556,0.13352006856745785,0.14234977630824439,0.019006551893239076,9.0,10.0,8.0,-0.29999999999999716,0
68.5,68.5,0.8421052631578947,0.8230987112646556,0.13352006856745785,0.14234977630824439,0.019006551893239076,9.0,10.0,8.0,-0.20000000000000284,0
68.5,68.5,0.8421052631578947,0.8230987112646556,0.13352006856745785,0.14234977630824439,0.019006551893239076,9.0,10.0,8.0,0.20000000000000284,0
68.5,68.5,0.8421052631578947,0.8230987112646556,0.13352006856745785,0.14234977630824439,0.019006551893239076,9.0,10.0,8.0,0.10000000000000853,0
68.5,68.5,0.8421052631578947,0.8230987112646556,0.13352006856745785,0.14234977630824439,0.019006551893239076,9.0,10.0,8.0,0.0,0
68.5,68.5,0.8421052631578947,0.8230987112646556,0.13352006856745785,0.14234977630824439,0.019006551893239076,9.0,10.0,8.0,-0.09999999999999432,0
68.5,68.5,0.8421052631578947,0.8230987112646556,0.13352006856745785,0.14234977630824439,0.019006551893239076,9.0,10.0,8.0,-0.20000000000000284,0
68.5,68.5,0.8421052631578947,0.8230987112646556,0.13352006856745785,0.14234977630824439,0.019006551893239076,9.0,10.0,8.0,-0.29999999999999716,0
69.5,69.5,0.9473684210526315,0.8213972520255802,0.13387740776231571,0.9409441901556606,0.1259711690270513,9.0,10.0,9.0,-0.20000000000000284,0
69.5,69.5,0.9473684210526315,0.8213972520255802,0.13387740776231571,0.9409441901556606,0.1259711690270513,9.0,10.0,9.0,0.20000000000000284,0
69.5,69.5,0.9473684210526315,0.8213972520255802,0.13387740776231571,0.9409441901556606,0.1259711690270513,9.0,10.0,9.0,0.10000000000000853,0
69.5,69.5,0.9473684210526315,0.8213972520255802,0.13387740776231571,0.9409441901556606,0.1259711690270513,9.0,10.0,9.0,0.0,0
69.5,69.5,0.9473684210526315,0.8213972520255802,0.13387740776231571,0.9409441901556606,0.1259711690270513,9.0,10.0,9.0,-0.09999999999999432,0
69.5,69.5,0.9473684210526315,0.8213972520255802,0.13387740776231571,0.9409441901556606,0.1259711690270513,9.0,10.0,9.0,-0.20000000000000284,0
69.5,69.5,0.9473684210526315,0.8213972520255802,0.13387740776231571,0.9409441901556606,0.1259711690270513,9.0,10.0,9.0,-0.29999999999999716,0
69.5,69.5,0.9473684210526315,0.8213972520255802,0.13387740776231571,0.9409441901556606,0.1259711690270513,9.0,10.0,9.0,-0.29999999999999716,0
69.5,69.5,0.9473684210526315,0.8213972520255802,0.13387740776231571,0.9409441901556606,0.1259711690270513,9.0,10.0,9.0,-0.20000000000000284,0
70.5,70.5,0.8888888888888888,0.8148697671523524,0.14017815248302956,0.5280360771304748,0.07401912173653646,8.0,10.0,8.0,0.10000000000000853,0
70.5,70.5,0.8888888888888888,0.8148697671523524,0.14017815248302956,0.5280360771304748,0.07401912173653646,8.0,10.0,8.0,0.0,0
70.5,70.5,0.8888888888888888,0.8148697671523524,0.14017815248302956,0.5280360771304748,0.07401912173653646,8.0,10.0,8.0,-0.09999999999999432,0
70.5,70.5,0.8888888888888888,0.8148697671523524,0.14017815248302956,0.5280360771304748,0.07401912173653646,8.0,10.0,8.0,-0.20000000000000284,0
70.5,70.5,0.8888888888888888,0.8148697671523524,0.14017815248302956,0.5280360771304748,0.07401912173653646,8.0,10.0,8.0,-0.29999999999999716,0
70.5,70.5,0.8888888888888888,0.8148697671523524,0.14017815248302956,0.5280360771304748,0.07401912173653646,8.0,10.0,8.0,-0.29999999999999716,0
70.5,70.5,0.8888888888888888,0.8148697671523524,0.14017815248302956,0.5280360771304748,0.07401912173653646,8.0,10.0,8.0,-0.20000000000000284,0
70.5,70.5,0.8888888888888888,0.8148697671523524,0.14017815248302956,0.5280360771304748,0.07401912173653646,8.0,10.0,8.0,-0.20000000000000284,0
71.5,71.5,0.9473684210526315,0.8130408124555183,0.13891760357570446,0.9669588672677479,0.13432760859711323,9.0,10.0,9.0,0.0,0
71.5,71.5,0.9473684210526315,0.8130408124555183,0.13891760357570446,0.9669588672677479,0.13432760859711323,9.0,10.0,9.0,-0.09999999999999432,0
71.5,71.5,0.9473684210526315,0.8130408124555183,0.13891760357570446,0.9669588672677479,0.13432760859711323,9.0,10.0,9.0,-0.20000000000000284,0
71.5,71.5,0.9473684210526315,0.8130408124555183,0.13891760357570446,0.9669588672677479,0.13432760859711323,9.0,10.0,9.0,-0.29999999999999716,0
71.5,71.5,0.9473684210526315,0.8130408124555183,0.13891760357570446,0.9669588672677479,0.13432760859711323,9.0,10.0,9.0,-0.29999999999999716,0
71.5,71.5,0.9473684210526315,0.8130408124555183,0.13891760357570446,0.9669588672677479,0.13432760859711323,9.0,10.0,9.0,-0.20000000000000284,0
71.5,71.5,0.9473684210526315,0.8130408124555183,0.13891760357570446,0.9669588672677479,0.13432760859711323,9.0,10.0,9.0,-0.20000000000000284,0
71.5,71.5,0.9473684210526315,0.8130408124555183,0.13891760357570446,0.9669588672677479,0.13432760859711323,9.0,10.0,9.0,0.10000000000000853,0
71.5,71.5,0.9473684210526315,0.8130408124555183,0.13891760357570446,0.9669588672677479,0.13432760859711323,9.0,10.0,9.0,0.0,0
72.5,72.5,0.875,0.8094409977277625,0.13291571795663923,0.49323739344074186,0.06555900227223754,7.0,9.0,7.0,-0.20000000000000284,0
72.5,72.5,0.875,0.8094409977277625,0.13291571795663923,0.49323739344074186,0.06555900227223754,7.0,9.0,7.0,-0.29999999999999716,0
72.5,72.5,0.875,0.8094409977277625,0.13291571795663923,0.49323739344074186,0.06555900227223754,7.0,9.0,7.0,-0.29999999999999716,0
72.5,72.5,0.875,0.8094409977277625,0.13291571795663923,0.49323739344074186,0.06555900227223754,7.0,9.0,7.0,-0.20000000000000284,0
72.5,72.5,0.875,0.8094409977277625,0.13291571795663923,0.49323739344074186,0.06555900227223754,7.0,9.0,7.0,-0.20000000000000284,0
72.5,72.5,0.875,0.8094409977277625,0.13291571795663923,0.49323739344074186,0.06555900227223754,7.0,9.0,7.0,0.10000000000000853,0
72.5,72.5,0.875,0.8094409977277625,0.13291571795663923,0.49323739344074186,0.06555900227223754,7.0,9.0,7.0,0.0,0
73.5,73.5,0.7142857142857143,0.8315378875424542,0.13343303461320566,-0.8787342174794217,-0.11725217325673987,5.0,9.0,5.0,-0.29999999999999716,0
73.5,73.5,0.7142857142857143,0.8315378875424542,0.13343303461320566,-0.8787342174794217,-0.11725217325673987,5.0,9.0,5.0,-0.20000000000000284,0
73.5,73.5,0.7142857142857143,0.8315378875424542,0.13343303461320566,-0.8787342174794217,-0.11725217325673987,5.0,9.0,5.0,-0.20000000000000284,0
73.5,73.5,0.7142857142857143,0.8315378875424542,0.13343303461320566,-0.8787342174794217,-0.11725217325673987,5.0,9.0,5.0,0.10000000000000853,0
73.5,73.5,0.7142857142857143,0.8315378875424542,0.13343303461320566,-0.8787342174794217,-0.11725217325673987,5.0,9.0,5.0,0.0,0
74.5,74.5,0.6666666666666666,0.8236397069820446,0.1327055545788638,-1.1828671438322693,-0.15697304031537795,4.0,8.0,4.0,-0.20000000000000284,0
74.5,74.5,0.6666666666666666,0.8236397069820446,0.1327055545788638,-1.1828671438322693,-0.15697304031537795,4.0,8.0,4.0,0.10000000000000853,0
74.5,74.5,0.6666666666666666,0.8236397069820446,0.1327055545788638,-1.1828671438322693,-0.15697304031537795,4.0,8.0,4.0,0.0,0
74.5,74.5,0.6666666666666666,0.8236397069820446,0.1327055545788638,-1.1828671438322693,-0.15697304031537795,4.0,8.0,4.0,0.5,0
75.5,75.5,0.7272727272727273,0.8199831026816321,0.12648348156288677,-0.7329840566003855,-0.09271037540890481,4.0,7.0,4.0,0.10000000000000853,0
75.5,75.5,0.7272727272727273,0.8199831026816321,0.12648348156288677,-0.7329840566003855,-0.09271037540890481,4.0,7.0,4.0,0.0,0
75.5,75.5,0.7272727272727273,0.8199831026816321,0.12648348156288677,-0.7329840566003855,-0.09271037540890481,4.0,7.0,4.0,0.5,0
75.5,75.5,0.7272727272727273,0.8199831026816321,0.12648348156288677,-0.7329840566003855,-0.09271037540890481,4.0,7.0,4.0,-0.29999999999999716,0
76.5,76.5,0.7272727272727273,0.8488260845363788,0.11967867233541529,-1.0156643192279249,-0.12155335726365146,4.0,7.0,4.0,0.5,0
76.5,76.5,0.7272727272727273,0.8488260845363788,0.11967867233541529,-1.0156643192279249,-0.12155335726365146,4.0,7.0,4.0,-0.29999999999999716,0
76.5,76.5,0.7272727272727273,0.8488260845363788,0.11967867233541529,-1.0156643192279249,-0.12155335726365146,4.0,7.0,4.0,-0.10000000000000853,0
76.5,76.5,0.7272727272727273,0.8488260845363788,0.11967867233541529,-1.0156643192279249,-0.12155335726365146,4.0,7.0,4.0,-0.29999999999999716,0
77.5,77.5,0.7692307692307693,0.8553263869343591,0.12927908825752937,-0.6659670861236566,-0.08609561770358987,5.0,8.0,5.0,0.5,0
77.5,77.5,0.7692307692307693,0.8553263869343591,0.12927908825752937,-0.6659670861236566,-0.08609561770358987,5.0,8.0,5.0,-0.29999999999999716,0
77.5,77.5,0.7692307692307693,0.8553263869343591,0.12927908825752937,-0.6659670861236566,-0.08609561770358987,5.0,8.0,5.0,-0.10000000000000853,0
77.5,77.5,0.7692307692307693,0.8553263869343591,0.12927908825752937,-0.6659670861236566,-0.08609561770358987,5.0,8.0,5.0,-0.29999999999999716,0
77.5,77.5,0.7692307692307693,0.8553263869343591,0.12927908825752937,-0.6659670861236566,-0.08609561770358987,5.0,8.0,5.0,0.0,0
78.5,78.5,0.9333333333333333,0.8578676177623547,0.1339596515575293,0.5633466099198515,0.0754657155709787,7.0,8.0,7.0,0.5,0
78.5,78.5,0.9333333333333333,0.8578676177623547,0.1339596515575293,0.5633466099198515,0.0754657155709787,7.0,8.0,7.0,-0.29999999999999716,0
78.5,78.5,0.9333333333333333,0.8578676177623547,0.1339596515575293,0.5633466099198515,0.0754657155709787,7.0,8.0,7.0,-0.10000000000000853,0
78.5,78.5,0.9333333333333333,0.8578676177623547,0.1339596515575293,0.5633466099198515,0.0754657155709787,7.0,8.0,7.0,-0.29999999999999716,0
78.5,78.5,0.9333333333333333,0.8578676177623547,0.1339596515575293,0.5633466099198515,0.0754657155709787,7.0,8.0,7.0,0.0,0
78.5,78.5,0.9333333333333333,0.8578676177623547,0.1339596515575293,0.5633466099198515,0.0754657155709787,7.0,8.0,7.0,0.19999999999998863,0
78.5,78.5,0.9333333333333333,0.8578676177623547,0.1339596515575293,0.5633466099198515,0.0754657155709787,7.0,8.0,7.0,-0.20000000000000284,0
79.5,79.5,0.9411764705882353,0.8635423416882395,0.14307723169983957,0.5426029563030944,0.07763412889999577,8.0,9.0,8.0,-0.7999999999999972,0
79.5,79.5,0.9411764705882353,0.8635423416882395,0.14307723169983957,0.5426029563030944,0.07763412889999577,8.0,9.0,8.0,-0.9000000000000057,0
79.5,79.5,0.9411764705882353,0.8635423416882395,0.14307723169983957,0.5426029563030944,0.07763412889999577,8.0,9.0,8.0,-0.7000000000000028,0
79.5,79.5,0.9411764705882353,0.8635423416882395,0.14307723169983957,0.5426029563030944,0.07763412889999577,8.0,9.0,8.0,-0.7000000000000028,0
79.5,79.5,0.9411764705882353,0.8635423416882395,0.14307723169983957,0.5426029563030944,0.07763412889999577,8.0,9.0,8.0,-0.5,0
79.5,79.5,0.9411764705882353,0.8635423416882395,0.14307723169983957,0.5426029563030944,0.07763412889999577,8.0,9.0,8.0,-0.30000000000001137,0
79.5,79.5,0.9411764705882353,0.8635423416882395,0.14307723169983957,0.5426029563030944,0.07763412889999577,8.0,9.0,8.0,-0.20000000000000284,0
79.5,79.5,0.9411764705882353,0.8635423416882395,0.14307723169983957,0.5426029563030944,0.07763412889999577,8.0,9.0,8.0,0.09999999999999432,0
80.5,80.5,0.875,0.829637063847745,0.1330304273307249,0.34099669573697494,0.04536293615225495,7.0,9.0,7.0,-0.10000000000000853,0
80.5,80.5,0.875,0.829637063847745,0.1330304273307249,0.34099669573697494,0.04536293615225495,7.0,9.0,7.0,-0.29999999999999716,0
80.5,80.5,0.875,0.829637063847745,0.1330304273307249,0.34099669573697494,0.04536293615225495,7.0,9.0,7.0,0.0,0
80.5,80.5,0.875,0.829637063847745,0.1330304273307249,0.34099669573697494,0.04536293615225495,7.0,9.0,7.0,0.19999999999998863,0
80.5,80.5,0.875,0.829637063847745,0.1330304273307249,0.34099669573697494,0.04536293615225495,7.0,9.0,7.0,-0.20000000000000284,0
80.5,80.5,0.875,0.829637063847745,0.1330304273307249,0.34099669573697494,0.04536293615225495,7.0,9.0,7.0,0.09999999999999432,0
80.5,80.5,0.875,0.829637063847745,0.1330304273307249,0.34099669573697494,0.04536293615225495,7.0,9.0,7.0,0.0,0
81.5,81.5,0.8235294117647058,0.7947715899081998,0.13192122526231817,0.21799237991704998,0.028757821856505994,7.0,10.0,7.0,0.0,0
81.5,81.5,0.8235294117647058,0.7947715899081998,0.13192122526231817,0.21799237991704998,0.028757821856505994,7.0,10.0,7.0,0.19999999999998863,0
81.5,81.5,0.8235294117647058,0.7947715899081998,0.13192122526231817,0.21799237991704998,0.028757821856505994,7.0,10.0,7.0,-0.20000000000000284,0
81.5,81.5,0.8235294117647058,0.7947715899081998,0.13192122526231817,0.21799237991704998,0.028757821856505994,7.0,10.0,7.0,0.09999999999999432,0
81.5,81.5,0.8235294117647058,0.7947715899081998,0.13192122526231817,0.21799237991704998,0.028757821856505994,7.0,10.0,7.0,0.0,0
81.5,81.5,0.8235294117647058,0.7947715899081998,0.13192122526231817,0.21799237991704998,0.028757821856505994,7.0,10.0,7.0,0.0,0
81.5,81.5,0.8235294117647058,0.7947715899081998,0.13192122526231817,0.21799237991704998,0.028757821856505994,7.0,10.0,7.0,0.0,0
82.5,82.5,0.875,0.82321940434007,0.13340370561001993,0.38814960516389696,0.051780595659929984,8.0,8.0,7.0,-0.30000000000001137,0
82.5,82.5,0.875,0.82321940434007,0.13340370561001993,0.38814960516389696,0.051780595659929984,8.0,8.0,7.0,-0.20000000000000284,0
82.5,82.5,0.875,0.82321940434007,0.13340370561001993,0.38814960516389696,0.051780595659929984,8.0,8.0,7.0,0.09999999999999432,0
82.5,82.5,0.875,0.82321940434007,0.13340370561001993,0.38814960516389696,0.051780595659929984,8.0,8.0,7.0,0.0,0
82.5,82.5,0.875,0.82321940434007,0.13340370561001993,0.38814960516389696,0.051780595659929984,8.0,8.0,7.0,0.0,0
82.5,82.5,0.875,0.82321940434007,0.13340370561001993,0.38814960516389696,0.051780595659929984,8.0,8.0,7.0,0.0,0
82.5,82.5,0.875,0.82321940434007,0.13340370561001993,0.38814960516389696,0.051780595659929984,8.0,8.0,7.0,0.09999999999999432,0
83.5,83.5,0.8571428571428571,0.8074611690596984,0.1274029432852828,0.38995714543195903,0.04968168808315865,7.0,7.0,6.0,0.09999999999999432,0
83.5,83.5,0.8571428571428571,0.8074611690596984,0.1274029432852828,0.38995714543195903,0.04968168808315865,7.0,7.0,6.0,0.0,0
83.5,83.5,0.8571428571428571,0.8074611690596984,0.1274029432852828,0.38995714543195903,0.04968168808315865,7.0,7.0,6.0,0.0,0
83.5,83.5,0.8571428571428571,0.8074611690596984,0.1274029432852828,0.38995714543195903,0.04968168808315865,7.0,7.0,6.0,0.0,0
83.5,83.5,0.8571428571428571,0.8074611690596984,0.1274029432852828,0.38995714543195903,0.04968168808315865,7.0,7.0,6.0,0.09999999999999432,0
83.5,83.5,0.8571428571428571,0.8074611690596984,0.1274029432852828,0.38995714543195903,0.04968168808315865,7.0,7.0,6.0,-0.9000000000000057,0
84.5,84.5,0.7692307692307693,0.6789361240067121,0.1409801564333729,0.640477692097968,0.09029464522405717,7.0,6.0,5.0,0.0,0
84.5,84.5,0.7692307692307693,0.6789361240067121,0.1409801564333729,0.640477692097968,0.09029464522405717,7.0,6.0,5.0,0.0,0
84.5,84.5,0.7692307692307693,0.6789361240067121,0.1409801564333729,0.640477692097968,0.09029464522405717,7.0,6.0,5.0,0.0,0
84.5,84.5,0.7692307692307693,0.6789361240067121,0.1409801564333729,0.640477692097968,0.09029464522405717,7.0,6.0,5.0,0.09999999999999432,0
84.5,84.5,0.7692307692307693,0.6789361240067121,0.1409801564333729,0.640477692097968,0.09029464522405717,7.0,6.0,5.0,-0.9000000000000057,0
85.5,85.5,0.7692307692307693,0.6767183705183705,0.12170642503009274,0.7601274845557618,0.0925123987123988,8.0,5.0,5.0,0.0,0
85.5,85.5,0.7692307692307693,0.6767183705183705,0.12170642503009274,0.7601274845557618,0.0925123987123988,8.0,5.0,5.0,0.0,0
85.5,85.5,0.7692307692307693,0.6767183705183705,0.12170642503009274,0.7601274845557618,0.0925123987123988,8.0,5.0,5.0,0.09999999999999432,0
85.5,85.5,0.7692307692307693,0.6767183705183705,0.12170642503009274,0.7601274845557618,0.0925123987123988,8.0,5.0,5.0,-0.9000000000000057,0
85.5,85.5,0.7692307692307693,0.6767183705183705,0.12170642503009274,0.7601274845557618,0.0925123987123988,8.0,5.0,5.0,-0.7000000000000028,0
86.5,86.5,0.6666666666666666,0.6655426573426573,0.09471943151747172,0.011866723712356995,0.0011240093240093563,8.0,4.0,4.0,0.09999999999999432,0
86.5,86.5,0.6666666666666666,0.6655426573426573,0.09471943151747172,0.011866723712356995,0.0011240093240093563,8.0,4.0,4.0,-0.9000000000000057,0
86.5,86.5,0.6666666666666666,0.6655426573426573,0.09471943151747172,0.011866723712356995,0.0011240093240093563,8.0,4.0,4.0,-0.7000000000000028,0
86.5,86.5,0.6666666666666666,0.6655426573426573,0.09471943151747172,0.011866723712356995,0.0011240093240093563,8.0,4.0,4.0,-0.6999999999999886,0
87.5,87.5,0.7692307692307693,0.7342573093573094,0.11860051864230993,0.29488454413034376,0.0349734598734599,8.0,5.0,5.0,-0.29999999999999716,0
87.5,87.5,0.7692307692307693,0.7342573093573094,0.11860051864230993,0.29488454413034376,0.0349734598734599,8.0,5.0,5.0,-0.7000000000000028,0
87.5,87.5,0.7692307692307693,0.7342573093573094,0.11860051864230993,0.29488454413034376,0.0349734598734599,8.0,5.0,5.0,-0.6999999999999886,0
87.5,87.5,0.7692307692307693,0.7342573093573094,0.11860051864230993,0.29488454413034376,0.0349734598734599,8.0,5.0,5.0,-0.5999999999999943,0
87.5,87.5,0.7692307692307693,0.7342573093573094,0.11860051864230993,0.29488454413034376,0.0349734598734599,8.0,5.0,5.0,-0.5999999999999943,0
88.5,88.5,0.8571428571428571,0.7746950425391602,0.14020598000861473,0.5880477751279297,0.08244781460369688,8.0,6.0,6.0,-0.7000000000000028,0
88.5,88.5,0.8571428571428571,0.7746950425391602,0.14020598000861473,0.5880477751279297,0.08244781460369688,8.0,6.0,6.0,-0.6999999999999886,0
88.5,88.5,0.8571428571428571,0.7746950425391602,0.14020598000861473,0.5880477751279297,0.08244781460369688,8.0,6.0,6.0,-0.5999999999999943,0
88.5,88.5,0.8571428571428571,0.7746950425391602,0.14020598000861473,0.5880477751279297,0.08244781460369688,8.0,6.0,6.0,-0.5999999999999943,0
88.5,88.5,0.8571428571428571,0.7746950425391602,0.14020598000861473,0.5880477751279297,0.08244781460369688,8.0,6.0,6.0,-0.5999999999999943,0
88.5,88.5,0.8571428571428571,0.7746950425391602,0.14020598000861473,0.5880477751279297,0.08244781460369688,8.0,6.0,6.0,-0.7000000000000028,0
89.5,89.5,0.9333333333333333,0.857276698164237,0.14501655901802554,0.5244686240254983,0.07605663516909633,7.0,8.0,7.0,-0.20000000000000284,0
89.5,89.5,0.9333333333333333,0.857276698164237,0.14501655901802554,0.5244686240254983,0.07605663516909633,7.0,8.0,7.0,-0.6999999999999886,0
89.5,89.5,0.9333333333333333,0.857276698164237,0.14501655901802554,0.5244686240254983,0.07605663516909633,7.0,8.0,7.0,-0.5999999999999943,0
89.5,89.5,0.9333333333333333,0.857276698164237,0.14501655901802554,0.5244686240254983,0.07605663516909633,7.0,8.0,7.0,-0.5999999999999943,0
89.5,89.5,0.9333333333333333,0.857276698164237,0.14501655901802554,0.5244686240254983,0.07605663516909633,7.0,8.0,7.0,-0.5999999999999943,0
89.5,89.5,0.9333333333333333,0.857276698164237,0.14501655901802554,0.5244686240254983,0.07605663516909633,7.0,8.0,7.0,-0.7000000000000028,0
89.5,89.5,0.9333333333333333,0.857276698164237,0.14501655901802554,0.5244686240254983,0.07605663516909633,7.0,8.0,7.0,-0.7000000000000028,0
90.5,90.5,0.8,0.8496578375786581,0.14557227361224526,-0.34112153603459916,-0.04965783757865805,6.0,9.0,6.0,-0.09999999999999432,0
90.5,90.5,0.8,0.8496578375786581,0.14557227361224526,-0.34112153603459916,-0.04965783757865805,6.0,9.0,6.0,-0.19999999999998863,0
90.5,90.5,0.8,0.8496578375786581,0.14557227361224526,-0.34112153603459916,-0.04965783757865805,6.0,9.0,6.0,0.0,0
90.5,90.5,0.8,0.8496578375786581,0.14557227361224526,-0.34112153603459916,-0.04965783757865805,6.0,9.0,6.0,-0.09999999999999432,0
90.5,90.5,0.8,0.8496578375786581,0.14557227361224526,-0.34112153603459916,-0.04965783757865805,6.0,9.0,6.0,-0.20000000000000284,0
90.5,90.5,0.8,0.8496578375786581,0.14557227361224526,-0.34112153603459916,-0.04965783757865805,6.0,9.0,6.0,-0.30000000000001137,0
91.5,91.5,0.75,0.8163434722484258,0.13584908336052004,-0.4883615745301845,-0.06634347224842585,6.0,10.0,6.0,0.0,0
91.5,91.5,0.75,0.8163434722484258,0.13584908336052004,-0.4883615745301845,-0.06634347224842585,6.0,10.0,6.0,-0.09999999999999432,0
91.5,91.5,0.75,0.8163434722484258,0.13584908336052004,-0.4883615745301845,-0.06634347224842585,6.0,10.0,6.0,-0.20000000000000284,0
91.5,91.5,0.75,0.8163434722484258,0.13584908336052004,-0.4883615745301845,-0.06634347224842585,6.0,10.0,6.0,-0.30000000000001137,0
91.5,91.5,0.75,0.8163434722484258,0.13584908336052004,-0.4883615745301845,-0.06634347224842585,6.0,10.0,6.0,-0.09999999999999432,0
91.5,91.5,0.75,0.8163434722484258,0.13584908336052004,-0.4883615745301845,-0.06634347224842585,6.0,10.0,6.0,0.0,0
92.5,92.5,0.6666666666666666,0.771789769836287,0.13572639528984315,-0.774522177098496,-0.10512310316962037,7.0,8.0,5.0,-0.09999999999999432,0
92.5,92.5,0.6666666666666666,0.771789769836287,0.13572639528984315,-0.774522177098496,-0.10512310316962037,7.0,8.0,5.0,-0.20000000000000284,0
92.5,92.5,0.6666666666666666,0.771789769836287,0.13572639528984315,-0.774522177098496,-0.10512310316962037,7.0,8.0,5.0,-0.30000000000001137,0
92.5,92.5,0.6666666666666666,0.771789769836287,0.13572639528984315,-0.774522177098496,-0.10512310316962037,7.0,8.0,5.0,-0.09999999999999432,0
92.5,92.5,0.6666666666666666,0.771789769836287,0.13572639528984315,-0.774522177098496,-0.10512310316962037,7.0,8.0,5.0,0.0,0
93.5,93.5,0.6666666666666666,0.81873920700043,0.12560081321496722,-1.2107607939885667,-0.15207254033376338,7.0,8.0,5.0,-0.30000000000001137,0
93.5,93.5,0.6666666666666666,0.81873920700043,0.12560081321496722,-1.2107607939885667,-0.15207254033376338,7.0,8.0,5.0,-0.09999999999999432,0
93.5,93.5,0.6666666666666666,0.81873920700043,0.12560081321496722,-1.2107607939885667,-0.15207254033376338,7.0,8.0,5.0,0.0,0
93.5,93.5,0.6666666666666666,0.81873920700043,0.12560081321496722,-1.2107607939885667,-0.15207254033376338,7.0,8.0,5.0,-1.0,0
93.5,93.5,0.6666666666666666,0.81873920700043,0.12560081321496722,-1.2107607939885667,-0.15207254033376338,7.0,8.0,5.0,-0.9000000000000057,0
94.5,94.5,0.8888888888888888,0.8433531771204372,0.13841592471910869,0.3289774053155987,0.045535711768451614,9.0,9.0,8.0,-0.30000000000001137,0
94.5,94.5,0.8888888888888888,0.8433531771204372,0.13841592471910869,0.3289774053155987,0.045535711768451614,9.0,9.0,8.0,-0.09999999999999432,0
94.5,94.5,0.8888888888888888,0.8433531771204372,0.13841592471910869,0.3289774053155987,0.045535711768451614,9.0,9.0,8.0,0.0,0
94.5,94.5,0.8888888888888888,0.8433531771204372,0.13841592471910869,0.3289774053155987,0.045535711768451614,9.0,9.0,8.0,-1.0,0
94.5,94.5,0.8888888888888888,0.8433531771204372,0.13841592471910869,0.3289774053155987,0.045535711768451614,9.0,9.0,8.0,-0.9000000000000057,0
94.5,94.5,0.8888888888888888,0.8433531771204372,0.13841592471910869,0.3289774053155987,0.045535711768451614,9.0,9.0,8.0,-0.9000000000000057,0
94.5,94.5,0.8888888888888888,0.8433531771204372,0.13841592471910869,0.3289774053155987,0.045535711768451614,9.0,9.0,8.0,-0.7999999999999972,0
94.5,94.5,0.8888888888888888,0.8433531771204372,0.13841592471910869,0.3289774053155987,0.045535711768451614,9.0,9.0,8.0,-0.7000000000000028,0
95.5,95.5,0.9473684210526315,0.8441958654262833,0.1406574958918321,0.7335020076405282,0.1031725556263482,10.0,9.0,9.0,-0.09999999999999432,0
95.5,95.5,0.9473684210526315,0.8441958654262833,0.1406574958918321,0.7335020076405282,0.1031725556263482,10.0,9.0,9.0,0.0,0
95.5,95.5,0.9473684210526315,0.8441958654262833,0.1406574958918321,0.7335020076405282,0.1031725556263482,10.0,9.0,9.0,-1.0,0
95.5,95.5,0.9473684210526315,0.8441958654262833,0.1406574958918321,0.7335020076405282,0.1031725556263482,10.0,9.0,9.0,-0.9000000000000057,0
95.5,95.5,0.9473684210526315,0.8441958654262833,0.1406574958918321,0.7335020076405282,0.1031725556263482,10.0,9.0,9.0,-0.9000000000000057,0
95.5,95.5,0.9473684210526315,0.8441958654262833,0.1406574958918321,0.7335020076405282,0.1031725556263482,10.0,9.0,9.0,-0.7999999999999972,0
95.5,95.5,0.9473684210526315,0.8441958654262833,0.1406574958918321,0.7335020076405282,0.1031725556263482,10.0,9.0,9.0,-0.7000000000000028,0
95.5,95.5,0.9473684210526315,0.8441958654262833,0.1406574958918321,0.7335020076405282,0.1031725556263482,10.0,9.0,9.0,-0.7000000000000028,0
95.5,95.5,0.9473684210526315,0.8441958654262833,0.1406574958918321,0.7335020076405282,0.1031725556263482,10.0,9.0,9.0,-0.7000000000000028,0
96.5,96.5,0.9473684210526315,0.827498956581774,0.15160267440977293,0.790681727334556,0.11986946447085756,10.0,9.0,9.0,-1.0,0
96.5,96.5,0.9473684210526315,0.827498956581774,0.15160267440977293,0.790681727334556,0.11986946447085756,10.0,9.0,9.0,-0.9000000000000057,0
96.5,96.5,0.9473684210526315,0.827498956581774,0.15160267440977293,0.790681727334556,0.11986946447085756,10.0,9.0,9.0,-0.9000000000000057,0
96.5,96.5,0.9473684210526315,0.827498956581774,0.15160267440977293,0.790681727334556,0.11986946447085756,10.0,9.0,9.0,-0.7999999999999972,0
96.5,96.5,0.9473684210526315,0.827498956581774,0.15160267440977293,0.790681727334556,0.11986946447085756,10.0,9.0,9.0,-0.7000000000000028,0
96.5,96.5,0.9473684210526315,0.827498956581774,0.15160267440977293,0.790681727334556,0.11986946447085756,10.0,9.0,9.0,-0.7000000000000028,0
96.5,96.5,0.9473684210526315,0.827498956581774,0.15160267440977293,0.790681727334556,0.11986946447085756,10.0,9.0,9.0,-0.7000000000000028,0
96.5,96.5,0.9473684210526315,0.827498956581774,0.15160267440977293,0.790681727334556,0.11986946447085756,10.0,9.0,9.0,-0.7999999999999972,0
96.5,96.5,0.9473684210526315,0.827498956581774,0.15160267440977293,0.790681727334556,0.11986946447085756,10.0,9.0,9.0,-0.7000000000000028,0
97.5,97.5,0.9523809523809523,0.7725317585321455,0.1478164644215165,1.2167060993689114,0.17984919384880682,10.0,11.0,10.0,0.09999999999999432,0
97.5,97.5,0.9523809523809523,0.7725317585321455,0.1478164644215165,1.2167060993689114,0.17984919384880682,10.0,11.0,10.0,0.09999999999999432,0
97.5,97.5,0.9523809523809523,0.7725317585321455,0.1478164644215165,1.2167060993689114,0.17984919384880682,10.0,11.0,10.0,0.09999999999999432,0
97.5,97.5,0.9523809523809523,0.7725317585321455,0.1478164644215165,1.2167060993689114,0.17984919384880682,10.0,11.0,10.0,-0.20000000000000284,0
97.5,97.5,0.9523809523809523,0.7725317585321455,0.1478164644215165,1.2167060993689114,0.17984919384880682,10.0,11.0,10.0,-0.20000000000000284,0
97.5,97.5,0.9523809523809523,0.7725317585321455,0.1478164644215165,1.2167060993689114,0.17984919384880682,10.0,11.0,10.0,-0.20000000000000284,0
97.5,97.5,0.9523809523809523,0.7725317585321455,0.1478164644215165,1.2167060993689114,0.17984919384880682,10.0,11.0,10.0,-0.29999999999999716,0
97.5,97.5,0.9523809523809523,0.7725317585321455,0.1478164644215165,1.2167060993689114,0.17984919384880682,10.0,11.0,10.0,0.0,0
97.5,97.5,0.9523809523809523,0.7725317585321455,0.1478164644215165,1.2167060993689114,0.17984919384880682,10.0,11.0,10.0,-0.09999999999999432,0
97.5,97.5,0.9523809523809523,0.7725317585321455,0.1478164644215165,1.2167060993689114,0.17984919384880682,10.0,11.0,10.0,0.0,0
98.5,98.5,0.8888888888888888,0.7816825180839114,0.14507681795906002,0.7389627944226798,0.10720637080497741,8.0,10.0,8.0,0.09999999999999432,0
98.5,98.5,0.8888888888888888,0.7816825180839114,0.14507681795906002,0.7389627944226798,0.10720637080497741,8.0,10.0,8.0,-0.20000000000000284,0
98.5,98.5,0.8888888888888888,0.7816825180839114,0.14507681795906002,0.7389627944226798,0.10720637080497741,8.0,10.0,8.0,-0.20000000000000284,0
98.5,98.5,0.8888888888888888,0.7816825180839114,0.14507681795906002,0.7389627944226798,0.10720637080497741,8.0,10.0,8.0,-0.20000000000000284,0
98.5,98.5,0.8888888888888888,0.7816825180839114,0.14507681795906002,0.7389627944226798,0.10720637080497741,8.0,10.0,8.0,-0.29999999999999716,0
98.5,98.5,0.8888888888888888,0.7816825180839114,0.14507681795906002,0.7389627944226798,0.10720637080497741,8.0,10.0,8.0,0.0,0
98.5,98.5,0.8888888888888888,0.7816825180839114,0.14507681795906002,0.7389627944226798,0.10720637080497741,8.0,10.0,8.0,-0.09999999999999432,0
98.5,98.5,0.8888888888888888,0.7816825180839114,0.14507681795906002,0.7389627944226798,0.10720637080497741,8.0,10.0,8.0,0.0,0
99.5,99.5,0.8235294117647058,0.764092258506887,0.1421025942049596,0.418269304584901,0.05943715325781884,8.0,9.0,7.0,-0.20000000000000284,0
99.5,99.5,0.8235294117647058,0.764092258506887,0.1421025942049596,0.418269304584901,0.05943715325781884,8.0,9.0,7.0,-0.20000000000000284,0
99.5,99.5,0.8235294117647058,0.764092258506887,0.1421025942049596,0.418269304584901,0.05943715325781884,8.0,9.0,7.0,-0.29999999999999716,0
99.5,99.5,0.8235294117647058,0.764092258506887,0.1421025942049596,0.418269304584901,0.05943715325781884,8.0,9.0,7.0,0.0,0
99.5,99.5,0.8235294117647058,0.764092258506887,0.1421025942049596,0.418269304584901,0.05943715325781884,8.0,9.0,7.0,-0.09999999999999432,0
99.5,99.5,0.8235294117647058,0.764092258506887,0.1421025942049596,0.418269304584901,0.05943715325781884,8.0,9.0,7.0,0.0,0
99.5,99.5,0.8235294117647058,0.764092258506887,0.1421025942049596,0.418269304584901,0.05943715325781884,8.0,9.0,7.0,0.0,0
100.5,100.5,0.8235294117647058,0.8005331420213775,0.12623949603359075,0.18216382721624091,0.022996269743328357,8.0,9.0,7.0,-0.29999999999999716,0
100.5,100.5,0.8235294117647058,0.8005331420213775,0.12623949603359075,0.18216382721624091,0.022996269743328357,8.0,9.0,7.0,0.0,0
100.5,100.5,0.8235294117647058,0.8005331420213775,0.12623949603359075,0.18216382721624091,0.022996269743328357,8.0,9.0,7.0,-0.09999999999999432,0
100.5,100.5,0.8235294117647058,0.8005331420213775,0.12623949603359075,0.18216382721624091,0.022996269743328357,8.0,9.0,7.0,0.0,0
100.5,100.5,0.8235294117647058,0.8005331420213775,0.12623949603359075,0.18216382721624091,0.022996269743328357,8.0,9.0,7.0,0.0,0
100.5,100.5,0.8235294117647058,0.8005331420213775,0.12623949603359075,0.18216382721624091,0.022996269743328357,8.0,9.0,7.0,-0.29999999999999716,0
100.5,100.5,0.8235294117647058,0.8005331420213775,0.12623949603359075,0.18216382721624091,0.022996269743328357,8.0,9.0,7.0,-0.7000000000000028,0
101.5,101.5,0.8888888888888888,0.8268472980493878,0.11893516398955832,0.5216421179269389,0.062041590839501004,9.0,9.0,8.0,0.0,0
101.5,101.5,0.8888888888888888,0.8268472980493878,0.11893516398955832,0.5216421179269389,0.062041590839501004,9.0,9.0,8.0,-0.09999999999999432,0
101.5,101.5,0.8888888888888888,0.8268472980493878,0.11893516398955832,0.5216421179269389,0.062041590839501004,9.0,9.0,8.0,0.0,0
101.5,101.5,0.8888888888888888,0.8268472980493878,0.11893516398955832,0.5216421179269389,0.062041590839501004,9.0,9.0,8.0,0.0,0
101.5,101.5,0.8888888888888888,0.8268472980493878,0.11893516398955832,0.5216421179269389,0.062041590839501004,9.0,9.0,8.0,-0.29999999999999716,0
101.5,101.5,0.8888888888888888,0.8268472980493878,0.11893516398955832,0.5216421179269389,0.062041590839501004,9.0,9.0,8.0,-0.7000000000000028,0
101.5,101.5,0.8888888888888888,0.8268472980493878,0.11893516398955832,0.5216421179269389,0.062041590839501004,9.0,9.0,8.0,-0.7000000000000028,0
101.5,101.5,0.8888888888888888,0.8268472980493878,0.11893516398955832,0.5216421179269389,0.062041590839501004,9.0,9.0,8.0,-0.6000000000000085,0
102.5,102.5,0.8888888888888888,0.8414194216344372,0.12354108207448163,0.3842403389815934,0.04746946725445167,9.0,9.0,8.0,0.0,0
102.5,102.5,0.8888888888888888,0.8414194216344372,0.12354108207448163,0.3842403389815934,0.04746946725445167,9.0,9.0,8.0,0.0,0
102.5,102.5,0.8888888888888888,0.8414194216344372,0.12354108207448163,0.3842403389815934,0.04746946725445167,9.0,9.0,8.0,-0.29999999999999716,0
102.5,102.5,0.8888888888888888,0.8414194216344372,0.12354108207448163,0.3842403389815934,0.04746946725445167,9.0,9.0,8.0,-0.7000000000000028,0
102.5,102.5,0.8888888888888888,0.8414194216344372,0.12354108207448163,0.3842403389815934,0.04746946725445167,9.0,9.0,8.0,-0.7000000000000028,0
102.5,102.5,0.8888888888888888,0.8414194216344372,0.12354108207448163,0.3842403389815934,0.04746946725445167,9.0,9.0,8.0,-0.6000000000000085,0
102.5,102.5,0.8888888888888888,0.8414194216344372,0.12354108207448163,0.3842403389815934,0.04746946725445167,9.0,9.0,8.0,-0.29999999999999716,0
102.5,102.5,0.8888888888888888,0.8414194216344372,0.12354108207448163,0.3842403389815934,0.04746946725445167,9.0,9.0,8.0,-0.29999999999999716,0
103.5,103.5,1.0,0.8544005099561601,0.13735410498982728,1.060030132005325,0.14559949004383987,9.0,9.0,9.0,0.0,0
103.5,103.5,1.0,0.8544005099561601,0.13735410498982728,1.060030132005325,0.14559949004383987,9.0,9.0,9.0,-0.29999999999999716,0
103.5,103.5,1.0,0.8544005099561601,0.13735410498982728,1.060030132005325,0.14559949004383987,9.0,9.0,9.0,-0.7000000000000028,0
103.5,103.5,1.0,0.8544005099561601,0.13735410498982728,1.060030132005325,0.14559949004383987,9.0,9.0,9.0,-0.7000000000000028,0
103.5,103.5,1.0,0.8544005099561601,0.13735410498982728,1.060030132005325,0.14559949004383987,9.0,9.0,9.0,-0.6000000000000085,0
103.5,103.5,1.0,0.8544005099561601,0.13735410498982728,1.060030132005325,0.14559949004383987,9.0,9.0,9.0,-0.29999999999999716,0
103.5,103.5,1.0,0.8544005099561601,0.13735410498982728,1.060030132005325,0.14559949004383987,9.0,9.0,9.0,-0.29999999999999716,0
103.5,103.5,1.0,0.8544005099561601,0.13735410498982728,1.060030132005325,0.14559949004383987,9.0,9.0,9.0,-0.20000000000000284,0
103.5,103.5,1.0,0.8544005099561601,0.13735410498982728,1.060030132005325,0.14559949004383987,9.0,9.0,9.0,-0.29999999999999716,0
104.5,104.5,0.875,0.798310304255428,0.14337079459886212,0.5349045875008397,0.07668969574457196,7.0,9.0,7.0,0.10000000000000853,0
104.5,104.5,0.875,0.798310304255428,0.14337079459886212,0.5349045875008397,0.07668969574457196,7.0,9.0,7.0,-0.10000000000000853,0
104.5,104.5,0.875,0.798310304255428,0.14337079459886212,0.5349045875008397,0.07668969574457196,7.0,9.0,7.0,-0.20000000000000284,0
104.5,104.5,0.875,0.798310304255428,0.14337079459886212,0.5349045875008397,0.07668969574457196,7.0,9.0,7.0,0.09999999999999432,0
104.5,104.5,0.875,0.798310304255428,0.14337079459886212,0.5349045875008397,0.07668969574457196,7.0,9.0,7.0,0.20000000000000284,0
104.5,104.5,0.875,0.798310304255428,0.14337079459886212,0.5349045875008397,0.07668969574457196,7.0,9.0,7.0,-0.20000000000000284,0
104.5,104.5,0.875,0.798310304255428,0.14337079459886212,0.5349045875008397,0.07668969574457196,7.0,9.0,7.0,-0.29999999999999716,0
105.5,105.5,0.8,0.825300067570888,0.1332789710694243,-0.18982790284079637,-0.025300067570887985,6.0,9.0,6.0,-0.20000000000000284,0
105.5,105.5,0.8,0.825300067570888,0.1332789710694243,-0.18982790284079637,-0.025300067570887985,6.0,9.0,6.0,0.09999999999999432,0
105.5,105.5,0.8,0.825300067570888,0.1332789710694243,-0.18982790284079637,-0.025300067570887985,6.0,9.0,6.0,0.20000000000000284,0
105.5,105.5,0.8,0.825300067570888,0.1332789710694243,-0.18982790284079637,-0.025300067570887985,6.0,9.0,6.0,-0.20000000000000284,0
105.5,105.5,0.8,0.825300067570888,0.1332789710694243,-0.18982790284079637,-0.025300067570887985,6.0,9.0,6.0,-0.29999999999999716,0
105.5,105.5,0.8,0.825300067570888,0.1332789710694243,-0.18982790284079637,-0.025300067570887985,6.0,9.0,6.0,0.0,0
106.5,106.5,0.875,0.8414030780880627,0.13178332254431122,0.2549406196724216,0.033596921911937305,7.0,9.0,7.0,-0.29999999999999716,0
106.5,106.5,0.875,0.8414030780880627,0.13178332254431122,0.2549406196724216,0.033596921911937305,7.0,9.0,7.0,-0.29999999999999716,0
106.5,106.5,0.875,0.8414030780880627,0.13178332254431122,0.2549406196724216,0.033596921911937305,7.0,9.0,7.0,-0.20000000000000284,0
106.5,106.5,0.875,0.8414030780880627,0.13178332254431122,0.2549406196724216,0.033596921911937305,7.0,9.0,7.0,-0.29999999999999716,0
106.5,106.5,0.875,0.8414030780880627,0.13178332254431122,0.2549406196724216,0.033596921911937305,7.0,9.0,7.0,0.0,0
106.5,106.5,0.875,0.8414030780880627,0.13178332254431122,0.2549406196724216,0.033596921911937305,7.0,9.0,7.0,0.09999999999999432,0
106.5,106.5,0.875,0.8414030780880627,0.13178332254431122,0.2549406196724216,0.033596921911937305,7.0,9.0,7.0,0.0,0
107.5,107.5,0.8571428571428571,0.8411596292939947,0.12328956378115435,0.1296397469394369,0.015983227848862414,6.0,8.0,6.0,-0.20000000000000284,0
107.5,107.5,0.8571428571428571,0.8411596292939947,0.12328956378115435,0.1296397469394369,0.015983227848862414,6.0,8.0,6.0,-0.29999999999999716,0
107.5,107.5,0.8571428571428571,0.8411596292939947,0.12328956378115435,0.1296397469394369,0.015983227848862414,6.0,8.0,6.0,0.0,0
107.5,107.5,0.8571428571428571,0.8411596292939947,0.12328956378115435,0.1296397469394369,0.015983227848862414,6.0,8.0,6.0,0.09999999999999432,0
107.5,107.5,0.8571428571428571,0.8411596292939947,0.12328956378115435,0.1296397469394369,0.015983227848862414,6.0,8.0,6.0,0.0,0
107.5,107.5,0.8571428571428571,0.8411596292939947,0.12328956378115435,0.1296397469394369,0.015983227848862414,6.0,8.0,6.0,0.09999999999999432,0
108.5,108.5,0.8571428571428571,0.8678628479191948,0.13070467470858654,-0.08201688883919797,-0.010719990776337673,6.0,8.0,6.0,0.0,0
108.5,108.5,0.8571428571428571,0.8678628479191948,0.13070467470858654,-0.08201688883919797,-0.010719990776337673,6.0,8.0,6.0,0.09999999999999432,0
108.5,108.5,0.8571428571428571,0.8678628479191948,0.13070467470858654,-0.08201688883919797,-0.010719990776337673,6.0,8.0,6.0,0.0,0
108.5,108.5,0.8571428571428571,0.8678628479191948,0.13070467470858654,-0.08201688883919797,-0.010719990776337673,6.0,8.0,6.0,0.09999999999999432,0
108.5,108.5,0.8571428571428571,0.8678628479191948,0.13070467470858654,-0.08201688883919797,-0.010719990776337673,6.0,8.0,6.0,0.0,0
108.5,108.5,0.8571428571428571,0.8678628479191948,0.13070467470858654,-0.08201688883919797,-0.010719990776337673,6.0,8.0,6.0,-0.29999999999999716,0
109.5,109.5,0.875,0.8381777107137789,0.12888115658108337,0.28570731566220076,0.03682228928622111,8.0,8.0,7.0,0.0,0
109.5,109.5,0.875,0.8381777107137789,0.12888115658108337,0.28570731566220076,0.03682228928622111,8.0,8.0,7.0,0.09999999999999432,0
109.5,109.5,0.875,0.8381777107137789,0.12888115658108337,0.28570731566220076,0.03682228928622111,8.0,8.0,7.0,0.0,0
109.5,109.5,0.875,0.8381777107137789,0.12888115658108337,0.28570731566220076,0.03682228928622111,8.0,8.0,7.0,0.09999999999999432,0
109.5,109.5,0.875,0.8381777107137789,0.12888115658108337,0.28570731566220076,0.03682228928622111,8.0,8.0,7.0,0.0,0
109.5,109.5,0.875,0.8381777107137789,0.12888115658108337,0.28570731566220076,0.03682228928622111,8.0,8.0,7.0,-0.29999999999999716,0
109.5,109.5,0.875,0.8381777107137789,0.12888115658108337,0.28570731566220076,0.03682228928622111,8.0,8.0,7.0,-0.6000000000000085,0
110.5,110.5,0.9411764705882353,0.8657678345132681,0.1277055632684368,0.5904882617874555,0.07540863607496717,9.0,8.0,8.0,0.09999999999999432,0
110.5,110.5,0.9411764705882353,0.8657678345132681,0.1277055632684368,0.5904882617874555,0.07540863607496717,9.0,8.0,8.0,0.0,0
110.5,110.5,0.9411764705882353,0.8657678345132681,0.1277055632684368,0.5904882617874555,0.07540863607496717,9.0,8.0,8.0,0.09999999999999432,0
110.5,110.5,0.9411764705882353,0.8657678345132681,0.1277055632684368,0.5904882617874555,0.07540863607496717,9.0,8.0,8.0,0.0,0
110.5,110.5,0.9411764705882353,0.8657678345132681,0.1277055632684368,0.5904882617874555,0.07540863607496717,9.0,8.0,8.0,-0.29999999999999716,0
110.5,110.5,0.9411764705882353,0.8657678345132681,0.1277055632684368,0.5904882617874555,0.07540863607496717,9.0,8.0,8.0,-0.6000000000000085,0
110.5,110.5,0.9411764705882353,0.8657678345132681,0.1277055632684368,0.5904882617874555,0.07540863607496717,9.0,8.0,8.0,-0.7000000000000028,0
110.5,110.5,0.9411764705882353,0.8657678345132681,0.1277055632684368,0.5904882617874555,0.07540863607496717,9.0,8.0,8.0,-0.9000000000000057,0
111.5,111.5,0.9473684210526315,0.8389648356974984,0.1394235575907893,0.7775126903109134,0.10840358535513317,10.0,9.0,9.0,0.0,0
111.5,111.5,0.9473684210526315,0.8389648356974984,0.1394235575907893,0.7775126903109134,0.10840358535513317,10.0,9.0,9.0,0.09999999999999432,0
111.5,111.5,0.9473684210526315,0.8389648356974984,0.1394235575907893,0.7775126903109134,0.10840358535513317,10.0,9.0,9.0,0.0,0
111.5,111.5,0.9473684210526315,0.8389648356974984,0.1394235575907893,0.7775126903109134,0.10840358535513317,10.0,9.0,9.0,-0.29999999999999716,0
111.5,111.5,0.9473684210526315,0.8389648356974984,0.1394235575907893,0.7775126903109134,0.10840358535513317,10.0,9.0,9.0,-0.6000000000000085,0
111.5,111.5,0.9473684210526315,0.8389648356974984,0.1394235575907893,0.7775126903109134,0.10840358535513317,10.0,9.0,9.0,-0.7000000000000028,0
111.5,111.5,0.9473684210526315,0.8389648356974984,0.1394235575907893,0.7775126903109134,0.10840358535513317,10.0,9.0,9.0,-0.9000000000000057,0
111.5,111.5,0.9473684210526315,0.8389648356974984,0.1394235575907893,0.7775126903109134,0.10840358535513317,10.0,9.0,9.0,-0.5,0
111.5,111.5,0.9473684210526315,0.8389648356974984,0.1394235575907893,0.7775126903109134,0.10840358535513317,10.0,9.0,9.0,-0.5,0
112.5,112.5,1.0,0.8555253083947357,0.1402646966705127,1.0300146439887223,0.14447469160526427,9.0,9.0,9.0,0.0,0
112.5,112.5,1.0,0.8555253083947357,0.1402646966705127,1.0300146439887223,0.14447469160526427,9.0,9.0,9.0,-0.29999999999999716,0
112.5,112.5,1.0,0.8555253083947357,0.1402646966705127,1.0300146439887223,0.14447469160526427,9.0,9.0,9.0,-0.6000000000000085,0
112.5,112.5,1.0,0.8555253083947357,0.1402646966705127,1.0300146439887223,0.14447469160526427,9.0,9.0,9.0,-0.7000000000000028,0
112.5,112.5,1.0,0.8555253083947357,0.1402646966705127,1.0300146439887223,0.14447469160526427,9.0,9.0,9.0,-0.9000000000000057,0
112.5,112.5,1.0,0.8555253083947357,0.1402646966705127,1.0300146439887223,0.14447469160526427,9.0,9.0,9.0,-0.5,0
112.5,112.5,1.0,0.8555253083947357,0.1402646966705127,1.0300146439887223,0.14447469160526427,9.0,9.0,9.0,-0.5,0
112.5,112.5,1.0,0.8555253083947357,0.1402646966705127,1.0300146439887223,0.14447469160526427,9.0,9.0,9.0,-0.4000000000000057,0
112.5,112.5,1.0,0.8555253083947357,0.1402646966705127,1.0300146439887223,0.14447469160526427,9.0,9.0,9.0,-0.20000000000000284,0
113.5,113.5,0.8888888888888888,0.8215330576973765,0.13548410183574403,0.49714933544876055,0.06735583119151234,9.0,9.0,8.0,0.09999999999999432,0
113.5,113.5,0.8888888888888888,0.8215330576973765,0.13548410183574403,0.49714933544876055,0.06735583119151234,9.0,9.0,8.0,0.0,0
113.5,113.5,0.8888888888888888,0.8215330576973765,0.13548410183574403,0.49714933544876055,0.06735583119151234,9.0,9.0,8.0,-0.30000000000001137,0
113.5,113.5,0.8888888888888888,0.8215330576973765,0.13548410183574403,0.49714933544876055,0.06735583119151234,9.0,9.0,8.0,-0.09999999999999432,0
113.5,113.5,0.8888888888888888,0.8215330576973765,0.13548410183574403,0.49714933544876055,0.06735583119151234,9.0,9.0,8.0,0.09999999999999432,0
113.5,113.5,0.8888888888888888,0.8215330576973765,0.13548410183574403,0.49714933544876055,0.06735583119151234,9.0,9.0,8.0,0.0,0
113.5,113.5,0.8888888888888888,0.8215330576973765,0.13548410183574403,0.49714933544876055,0.06735583119151234,9.0,9.0,8.0,-0.20000000000000284,0
113.5,113.5,0.8888888888888888,0.8215330576973765,0.13548410183574403,0.49714933544876055,0.06735583119151234,9.0,9.0,8.0,-0.9000000000000057,0
114.5,114.5,0.8235294117647058,0.8161754009148747,0.1329062988016846,0.0553322973864795,0.007354010849831116,9.0,8.0,7.0,-0.30000000000001137,0
114.5,114.5,0.8235294117647058,0.8161754009148747,0.1329062988016846,0.0553322973864795,0.007354010849831116,9.0,8.0,7.0,-0.09999999999999432,0
114.5,114.5,0.8235294117647058,0.8161754009148747,0.1329062988016846,0.0553322973864795,0.007354010849831116,9.0,8.0,7.0,0.09999999999999432,0
114.5,114.5,0.8235294117647058,0.8161754009148747,0.1329062988016846,0.0553322973864795,0.007354010849831116,9.0,8.0,7.0,0.0,0
114.5,114.5,0.8235294117647058,0.8161754009148747,0.1329062988016846,0.0553322973864795,0.007354010849831116,9.0,8.0,7.0,-0.20000000000000284,0
114.5,114.5,0.8235294117647058,0.8161754009148747,0.1329062988016846,0.0553322973864795,0.007354010849831116,9.0,8.0,7.0,-0.9000000000000057,0
114.5,114.5,0.8235294117647058,0.8161754009148747,0.1329062988016846,0.0553322973864795,0.007354010849831116,9.0,8.0,7.0,-0.10000000000000853,0
115.5,115.5,0.8235294117647058,0.8015401499944844,0.11770888214627297,0.1868105564276457,0.021989261770221424,8.0,9.0,7.0,0.09999999999999432,0
115.5,115.5,0.8235294117647058,0.8015401499944844,0.11770888214627297,0.1868105564276457,0.021989261770221424,8.0,9.0,7.0,0.0,0
115.5,115.5,0.8235294117647058,0.8015401499944844,0.11770888214627297,0.1868105564276457,0.021989261770221424,8.0,9.0,7.0,-0.20000000000000284,0
115.5,115.5,0.8235294117647058,0.8015401499944844,0.11770888214627297,0.1868105564276457,0.021989261770221424,8.0,9.0,7.0,-0.9000000000000057,0
115.5,115.5,0.8235294117647058,0.8015401499944844,0.11770888214627297,0.1868105564276457,0.021989261770221424,8.0,9.0,7.0,-0.10000000000000853,0
115.5,115.5,0.8235294117647058,0.8015401499944844,0.11770888214627297,0.1868105564276457,0.021989261770221424,8.0,9.0,7.0,-0.4000000000000057,0
115.5,115.5,0.8235294117647058,0.8015401499944844,0.11770888214627297,0.1868105564276457,0.021989261770221424,8.0,9.0,7.0,-0.20000000000000284,0
116.5,116.5,0.8235294117647058,0.8189402479099848,0.12520191604057013,0.036654102427905476,0.004589163854721079,8.0,9.0,7.0,0.0,0
116.5,116.5,0.8235294117647058,0.8189402479099848,0.12520191604057013,0.036654102427905476,0.004589163854721079,8.0,9.0,7.0,-0.20000000000000284,0
116.5,116.5,0.8235294117647058,0.8189402479099848,0.12520191604057013,0.036654102427905476,0.004589163854721079,8.0,9.0,7.0,-0.9000000000000057,0
116.5,116.5,0.8235294117647058,0.8189402479099848,0.12520191604057013,0.036654102427905476,0.004589163854721079,8.0,9.0,7.0,-0.10000000000000853,0
116.5,116.5,0.8235294117647058,0.8189402479099848,0.12520191604057013,0.036654102427905476,0.004589163854721079,8.0,9.0,7.0,-0.4000000000000057,0
116.5,116.5,0.8235294117647058,0.8189402479099848,0.12520191604057013,0.036654102427905476,0.004589163854721079,8.0,9.0,7.0,-0.20000000000000284,0
116.5,116.5,0.8235294117647058,0.8189402479099848,0.12520191604057013,0.036654102427905476,0.004589163854721079,8.0,9.0,7.0,-0.20000000000000284,0
117.5,117.5,0.8,0.8669047213622291,0.128217431382427,-0.5218067515537418,-0.06690472136222902,7.0,8.0,6.0,-0.9000000000000057,0
117.5,117.5,0.8,0.8669047213622291,0.128217431382427,-0.5218067515537418,-0.06690472136222902,7.0,8.0,6.0,-0.10000000000000853,0
117.5,117.5,0.8,0.8669047213622291,0.128217431382427,-0.5218067515537418,-0.06690472136222902,7.0,8.0,6.0,-0.4000000000000057,0
117.5,117.5,0.8,0.8669047213622291,0.128217431382427,-0.5218067515537418,-0.06690472136222902,7.0,8.0,6.0,-0.20000000000000284,0
117.5,117.5,0.8,0.8669047213622291,0.128217431382427,-0.5218067515537418,-0.06690472136222902,7.0,8.0,6.0,-0.20000000000000284,0
117.5,117.5,0.8,0.8669047213622291,0.128217431382427,-0.5218067515537418,-0.06690472136222902,7.0,8.0,6.0,-0.10000000000000853,0
118.5,118.5,0.8,0.8219441419605508,0.13820829889822156,-0.15877586321144638,-0.021944141960550723,6.0,9.0,6.0,-0.10000000000000853,0
118.5,118.5,0.8,0.8219441419605508,0.13820829889822156,-0.15877586321144638,-0.021944141960550723,6.0,9.0,6.0,-0.4000000000000057,0
118.5,118.5,0.8,0.8219441419605508,0.13820829889822156,-0.15877586321144638,-0.021944141960550723,6.0,9.0,6.0,-0.20000000000000284,0
118.5,118.5,0.8,0.8219441419605508,0.13820829889822156,-0.15877586321144638,-0.021944141960550723,6.0,9.0,6.0,-0.20000000000000284,0
118.5,118.5,0.8,0.8219441419605508,0.13820829889822156,-0.15877586321144638,-0.021944141960550723,6.0,9.0,6.0,-0.10000000000000853,0
118.5,118.5,0.8,0.8219441419605508,0.13820829889822156,-0.15877586321144638,-0.021944141960550723,6.0,9.0,6.0,0.4000000000000057,0
119.5,119.5,0.8,0.843271956964604,0.13459229395360073,-0.32150397094443983,-0.04327195696460395,6.0,9.0,6.0,-0.4000000000000057,0
119.5,119.5,0.8,0.843271956964604,0.13459229395360073,-0.32150397094443983,-0.04327195696460395,6.0,9.0,6.0,-0.20000000000000284,0
119.5,119.5,0.8,0.843271956964604,0.13459229395360073,-0.32150397094443983,-0.04327195696460395,6.0,9.0,6.0,-0.20000000000000284,0
119.5,119.5,0.8,0.843271956964604,0.13459229395360073,-0.32150397094443983,-0.04327195696460395,6.0,9.0,6.0,-0.10000000000000853,0
119.5,119.5,0.8,0.843271956964604,0.13459229395360073,-0.32150397094443983,-0.04327195696460395,6.0,9.0,6.0,-0.20000000000000284,0
119.5,119.5,0.8,0.843271956964604,0.13459229395360073,-0.32150397094443983,-0.04327195696460395,6.0,9.0,6.0,-0.29999999999999716,0
120.5,120.5,0.8,0.8517239065372194,0.1377527314896057,-0.3754837089464339,-0.051723906537219366,6.0,9.0,6.0,-0.20000000000000284,0
120.5,120.5,0.8,0.8517239065372194,0.1377527314896057,-0.3754837089464339,-0.051723906537219366,6.0,9.0,6.0,-0.10000000000000853,0
120.5,120.5,0.8,0.8517239065372194,0.1377527314896057,-0.3754837089464339,-0.051723906537219366,6.0,9.0,6.0,-0.20000000000000284,0
120.5,120.5,0.8,0.8517239065372194,0.1377527314896057,-0.3754837089464339,-0.051723906537219366,6.0,9.0,6.0,-0.29999999999999716,0
120.5,120.5,0.8,0.8517239065372194,0.1377527314896057,-0.3754837089464339,-0.051723906537219366,6.0,9.0,6.0,-0.10000000000000853,0
120.5,120.5,0.8,0.8517239065372194,0.1377527314896057,-0.3754837089464339,-0.051723906537219366,6.0,9.0,6.0,0.0,0
121.5,121.5,0.875,0.8451374728642531,0.14064220418904896,0.21232977190549546,0.029862527135746886,7.0,9.0,7.0,-0.10000000000000853,0
121.5,121.5,0.875,0.8451374728642531,0.14064220418904896,0.21232977190549546,0.029862527135746886,7.0,9.0,7.0,-0.20000000000000284,0
121.5,121.5,0.875,0.8451374728642531,0.14064220418904896,0.21232977190549546,0.029862527135746886,7.0,9.0,7.0,-0.29999999999999716,0
121.5,121.5,0.875,0.8451374728642531,0.14064220418904896,0.21232977190549546,0.029862527135746886,7.0,9.0,7.0,-0.10000000000000853,0
121.5,121.5,0.875,0.8451374728642531,0.14064220418904896,0.21232977190549546,0.029862527135746886,7.0,9.0,7.0,0.0,0
121.5,121.5,0.875,0.8451374728642531,0.14064220418904896,0.21232977190549546,0.029862527135746886,7.0,9.0,7.0,0.20000000000000284,0
121.5,121.5,0.875,0.8451374728642531,0.14064220418904896,0.21232977190549546,0.029862527135746886,7.0,9.0,7.0,0.29999999999999716,0
122.5,122.5,0.7058823529411765,0.7842663955927114,0.141725561272885,-0.5530691990036334,-0.07838404265153487,8.0,9.0,6.0,-0.20000000000000284,0
122.5,122.5,0.7058823529411765,0.7842663955927114,0.141725561272885,-0.5530691990036334,-0.07838404265153487,8.0,9.0,6.0,-0.29999999999999716,0
122.5,122.5,0.7058823529411765,0.7842663955927114,0.141725561272885,-0.5530691990036334,-0.07838404265153487,8.0,9.0,6.0,-0.10000000000000853,0
122.5,122.5,0.7058823529411765,0.7842663955927114,0.141725561272885,-0.5530691990036334,-0.07838404265153487,8.0,9.0,6.0,0.0,0
122.5,122.5,0.7058823529411765,0.7842663955927114,0.141725561272885,-0.5530691990036334,-0.07838404265153487,8.0,9.0,6.0,0.20000000000000284,0
122.5,122.5,0.7058823529411765,0.7842663955927114,0.141725561272885,-0.5530691990036334,-0.07838404265153487,8.0,9.0,6.0,-0.20000000000000284,0
123.5,123.5,0.8888888888888888,0.8125509597385759,0.1380069155971603,0.5531456798378274,0.0763379291503129,9.0,9.0,8.0,-0.20000000000000284,0
123.5,123.5,0.8888888888888888,0.8125509597385759,0.1380069155971603,0.5531456798378274,0.0763379291503129,9.0,9.0,8.0,-0.29999999999999716,0
123.5,123.5,0.8888888888888888,0.8125509597385759,0.1380069155971603,0.5531456798378274,0.0763379291503129,9.0,9.0,8.0,-0.10000000000000853,0
123.5,123.5,0.8888888888888888,0.8125509597385759,0.1380069155971603,0.5531456798378274,0.0763379291503129,9.0,9.0,8.0,0.0,0
123.5,123.5,0.8888888888888888,0.8125509597385759,0.1380069155971603,0.5531456798378274,0.0763379291503129,9.0,9.0,8.0,0.20000000000000284,0
123.5,123.5,0.8888888888888888,0.8125509597385759,0.1380069155971603,0.5531456798378274,0.0763379291503129,9.0,9.0,8.0,-0.20000000000000284,0
123.5,123.5,0.8888888888888888,0.8125509597385759,0.1380069155971603,0.5531456798378274,0.0763379291503129,9.0,9.0,8.0,-0.7000000000000028,0
123.5,123.5,0.8888888888888888,0.8125509597385759,0.1380069155971603,0.5531456798378274,0.0763379291503129,9.0,9.0,8.0,-0.9000000000000057,0
124.5,124.5,0.8421052631578947,0.8309407129592113,0.1351315215725025,0.08261988075589895,0.011164550198683343,10.0,9.0,8.0,-0.10000000000000853,0
124.5,124.5,0.8421052631578947,0.8309407129592113,0.1351315215725025,0.08261988075589895,0.011164550198683343,10.0,9.0,8.0,0.0,0
124.5,124.5,0.8421052631578947,0.8309407129592113,0.1351315215725025,0.08261988075589895,0.011164550198683343,10.0,9.0,8.0,0.20000000000000284,0
124.5,124.5,0.8421052631578947,0.8309407129592113,0.1351315215725025,0.08261988075589895,0.011164550198683343,10.0,9.0,8.0,-0.20000000000000284,0
124.5,124.5,0.8421052631578947,0.8309407129592113,0.1351315215725025,0.08261988075589895,0.011164550198683343,10.0,9.0,8.0,-0.7000000000000028,0
124.5,124.5,0.8421052631578947,0.8309407129592113,0.1351315215725025,0.08261988075589895,0.011164550198683343,10.0,9.0,8.0,-0.9000000000000057,0
124.5,124.5,0.8421052631578947,0.8309407129592113,0.1351315215725025,0.08261988075589895,0.011164550198683343,10.0,9.0,8.0,-0.9000000000000057,0
124.5,124.5,0.8421052631578947,0.8309407129592113,0.1351315215725025,0.08261988075589895,0.011164550198683343,10.0,9.0,8.0,-0.8000000000000114,0
125.5,125.5,0.8421052631578947,0.8415023049963453,0.14010511318106192,0.004303612822254437,0.0006029581615494273,10.0,9.0,8.0,0.20000000000000284,0
125.5,125.5,0.8421052631578947,0.8415023049963453,0.14010511318106192,0.004303612822254437,0.0006029581615494273,10.0,9.0,8.0,-0.20000000000000284,0
125.5,125.5,0.8421052631578947,0.8415023049963453,0.14010511318106192,0.004303612822254437,0.0006029581615494273,10.0,9.0,8.0,-0.7000000000000028,0
125.5,125.5,0.8421052631578947,0.8415023049963453,0.14010511318106192,0.004303612822254437,0.0006029581615494273,10.0,9.0,8.0,-0.9000000000000057,0
125.5,125.5,0.8421052631578947,0.8415023049963453,0.14010511318106192,0.004303612822254437,0.0006029581615494273,10.0,9.0,8.0,-0.9000000000000057,0
125.5,125.5,0.8421052631578947,0.8415023049963453,0.14010511318106192,0.004303612822254437,0.0006029581615494273,10.0,9.0,8.0,-0.8000000000000114,0
125.5,125.5,0.8421052631578947,0.8415023049963453,0.14010511318106192,0.004303612822254437,0.0006029581615494273,10.0,9.0,8.0,-0.6000000000000085,0
125.5,125.5,0.8421052631578947,0.8415023049963453,0.14010511318106192,0.004303612822254437,0.0006029581615494273,10.0,9.0,8.0,-0.5,0
126.5,126.5,0.9473684210526315,0.8500615404203641,0.1460498797507772,0.6662578620284665,0.09730688063226745,10.0,9.0,9.0,-0.20000000000000284,0
126.5,126.5,0.9473684210526315,0.8500615404203641,0.1460498797507772,0.6662578620284665,0.09730688063226745,10.0,9.0,9.0,-0.7000000000000028,0
126.5,126.5,0.9473684210526315,0.8500615404203641,0.1460498797507772,0.6662578620284665,0.09730688063226745,10.0,9.0,9.0,-0.9000000000000057,0
126.5,126.5,0.9473684210526315,0.8500615404203641,0.1460498797507772,0.6662578620284665,0.09730688063226745,10.0,9.0,9.0,-0.9000000000000057,0
126.5,126.5,0.9473684210526315,0.8500615404203641,0.1460498797507772,0.6662578620284665,0.09730688063226745,10.0,9.0,9.0,-0.8000000000000114,0
126.5,126.5,0.9473684210526315,0.8500615404203641,0.1460498797507772,0.6662578620284665,0.09730688063226745,10.0,9.0,9.0,-0.6000000000000085,0
126.5,126.5,0.9473684210526315,0.8500615404203641,0.1460498797507772,0.6662578620284665,0.09730688063226745,10.0,9.0,9.0,-0.5,0
126.5,126.5,0.9473684210526315,0.8500615404203641,0.1460498797507772,0.6662578620284665,0.09730688063226745,10.0,9.0,9.0,-0.4000000000000057,0
126.5,126.5,0.9473684210526315,0.8500615404203641,0.1460498797507772,0.6662578620284665,0.09730688063226745,10.0,9.0,9.0,0.09999999999999432,0
127.5,127.5,0.9411764705882353,0.8087555721540242,0.143780569541663,0.9209930024365344,0.13242089843421112,8.0,9.0,8.0,-0.20000000000000284,0
127.5,127.5,0.9411764705882353,0.8087555721540242,0.143780569541663,0.9209930024365344,0.13242089843421112,8.0,9.0,8.0,-0.4000000000000057,0
127.5,127.5,0.9411764705882353,0.8087555721540242,0.143780569541663,0.9209930024365344,0.13242089843421112,8.0,9.0,8.0,-0.30000000000001137,0
127.5,127.5,0.9411764705882353,0.8087555721540242,0.143780569541663,0.9209930024365344,0.13242089843421112,8.0,9.0,8.0,-0.6000000000000085,0
127.5,127.5,0.9411764705882353,0.8087555721540242,0.143780569541663,0.9209930024365344,0.13242089843421112,8.0,9.0,8.0,-0.6000000000000085,0
127.5,127.5,0.9411764705882353,0.8087555721540242,0.143780569541663,0.9209930024365344,0.13242089843421112,8.0,9.0,8.0,-0.5,0
127.5,127.5,0.9411764705882353,0.8087555721540242,0.143780569541663,0.9209930024365344,0.13242089843421112,8.0,9.0,8.0,-0.4000000000000057,0
127.5,127.5,0.9411764705882353,0.8087555721540242,0.143780569541663,0.9209930024365344,0.13242089843421112,8.0,9.0,8.0,0.09999999999999432,0
128.5,128.5,0.8235294117647058,0.8006909797289053,0.13730070019173354,0.1663387878132287,0.022838432035800493,9.0,8.0,7.0,-0.30000000000001137,0
128.5,128.5,0.8235294117647058,0.8006909797289053,0.13730070019173354,0.1663387878132287,0.022838432035800493,9.0,8.0,7.0,-0.6000000000000085,0
128.5,128.5,0.8235294117647058,0.8006909797289053,0.13730070019173354,0.1663387878132287,0.022838432035800493,9.0,8.0,7.0,-0.6000000000000085,0
128.5,128.5,0.8235294117647058,0.8006909797289053,0.13730070019173354,0.1663387878132287,0.022838432035800493,9.0,8.0,7.0,-0.5,0
128.5,128.5,0.8235294117647058,0.8006909797289053,0.13730070019173354,0.1663387878132287,0.022838432035800493,9.0,8.0,7.0,-0.4000000000000057,0
128.5,128.5,0.8235294117647058,0.8006909797289053,0.13730070019173354,0.1663387878132287,0.022838432035800493,9.0,8.0,7.0,0.09999999999999432,0
128.5,128.5,0.8235294117647058,0.8006909797289053,0.13730070019173354,0.1663387878132287,0.022838432035800493,9.0,8.0,7.0,-0.5999999999999943,0
129.5,129.5,0.8,0.8355716053124722,0.13247935089645807,-0.2685067904678509,-0.035571605312472165,7.0,8.0,6.0,0.0,0
129.5,129.5,0.8,0.8355716053124722,0.13247935089645807,-0.2685067904678509,-0.035571605312472165,7.0,8.0,6.0,0.09999999999999432,0
129.5,129.5,0.8,0.8355716053124722,0.13247935089645807,-0.2685067904678509,-0.035571605312472165,7.0,8.0,6.0,0.09999999999999432,0
129.5,129.5,0.8,0.8355716053124722,0.13247935089645807,-0.2685067904678509,-0.035571605312472165,7.0,8.0,6.0,-0.5999999999999943,0
129.5,129.5,0.8,0.8355716053124722,0.13247935089645807,-0.2685067904678509,-0.035571605312472165,7.0,8.0,6.0,-0.799999999999983,0
129.5,129.5,0.8,0.8355716053124722,0.13247935089645807,-0.2685067904678509,-0.035571605312472165,7.0,8.0,6.0,-0.6999999999999886,0
130.5,130.5,0.8571428571428571,0.8526903998478301,0.13930469666243106,0.03196200416570554,0.004452457295026968,6.0,8.0,6.0,-0.4000000000000057,0
130.5,130.5,0.8571428571428571,0.8526903998478301,0.13930469666243106,0.03196200416570554,0.004452457295026968,6.0,8.0,6.0,0.09999999999999432,0
130.5,130.5,0.8571428571428571,0.8526903998478301,0.13930469666243106,0.03196200416570554,0.004452457295026968,6.0,8.0,6.0,-0.5999999999999943,0
130.5,130.5,0.8571428571428571,0.8526903998478301,0.13930469666243106,0.03196200416570554,0.004452457295026968,6.0,8.0,6.0,-0.799999999999983,0
130.5,130.5,0.8571428571428571,0.8526903998478301,0.13930469666243106,0.03196200416570554,0.004452457295026968,6.0,8.0,6.0,-0.6999999999999886,0
130.5,130.5,0.8571428571428571,0.8526903998478301,0.13930469666243106,0.03196200416570554,0.004452457295026968,6.0,8.0,6.0,-0.29999999999998295,0
131.5,131.5,0.9333333333333333,0.8639096440367339,0.1301254523564085,0.533513528978564,0.06942368929659948,7.0,8.0,7.0,-0.5,0
131.5,131.5,0.9333333333333333,0.8639096440367339,0.1301254523564085,0.533513528978564,0.06942368929659948,7.0,8.0,7.0,-0.5999999999999943,0
131.5,131.5,0.9333333333333333,0.8639096440367339,0.1301254523564085,0.533513528978564,0.06942368929659948,7.0,8.0,7.0,-0.799999999999983,0
131.5,131.5,0.9333333333333333,0.8639096440367339,0.1301254523564085,0.533513528978564,0.06942368929659948,7.0,8.0,7.0,-0.6999999999999886,0
131.5,131.5,0.9333333333333333,0.8639096440367339,0.1301254523564085,0.533513528978564,0.06942368929659948,7.0,8.0,7.0,-0.29999999999998295,0
131.5,131.5,0.9333333333333333,0.8639096440367339,0.1301254523564085,0.533513528978564,0.06942368929659948,7.0,8.0,7.0,0.09999999999999432,0
131.5,131.5,0.9333333333333333,0.8639096440367339,0.1301254523564085,0.533513528978564,0.06942368929659948,7.0,8.0,7.0,0.0,0
132.5,132.5,0.8,0.85374298373625,0.1424227109729447,-0.3773484114233666,-0.05374298373624997,6.0,9.0,6.0,-0.5999999999999943,0
132.5,132.5,0.8,0.85374298373625,0.1424227109729447,-0.3773484114233666,-0.05374298373624997,6.0,9.0,6.0,-0.799999999999983,0
132.5,132.5,0.8,0.85374298373625,0.1424227109729447,-0.3773484114233666,-0.05374298373624997,6.0,9.0,6.0,-0.6999999999999886,0
132.5,132.5,0.8,0.85374298373625,0.1424227109729447,-0.3773484114233666,-0.05374298373624997,6.0,9.0,6.0,-0.29999999999998295,0
132.5,132.5,0.8,0.85374298373625,0.1424227109729447,-0.3773484114233666,-0.05374298373624997,6.0,9.0,6.0,0.09999999999999432,0
132.5,132.5,0.8,0.85374298373625,0.1424227109729447,-0.3773484114233666,-0.05374298373624997,6.0,9.0,6.0,0.0,0
133.5,133.5,0.6666666666666666,0.810900252611166,0.1430199192214555,-1.008485997822196,-0.14423358594449942,5.0,10.0,5.0,-0.19999999999998863,0
133.5,133.5,0.6666666666666666,0.810900252611166,0.1430199192214555,-1.008485997822196,-0.14423358594449942,5.0,10.0,5.0,0.20000000000001705,0
133.5,133.5,0.6666666666666666,0.810900252611166,0.1430199192214555,-1.008485997822196,-0.14423358594449942,5.0,10.0,5.0,0.09999999999999432,0
133.5,133.5,0.6666666666666666,0.810900252611166,0.1430199192214555,-1.008485997822196,-0.14423358594449942,5.0,10.0,5.0,0.0,0
133.5,133.5,0.6666666666666666,0.810900252611166,0.1430199192214555,-1.008485997822196,-0.14423358594449942,5.0,10.0,5.0,0.0,0
134.5,134.5,0.5714285714285714,0.817424516384888,0.14120720079554064,-1.742092071582834,-0.2459959449563166,4.0,10.0,4.0,0.09999999999999432,0
134.5,134.5,0.5714285714285714,0.817424516384888,0.14120720079554064,-1.742092071582834,-0.2459959449563166,4.0,10.0,4.0,0.0,0
134.5,134.5,0.5714285714285714,0.817424516384888,0.14120720079554064,-1.742092071582834,-0.2459959449563166,4.0,10.0,4.0,0.0,0
134.5,134.5,0.5714285714285714,0.817424516384888,0.14120720079554064,-1.742092071582834,-0.2459959449563166,4.0,10.0,4.0,0.09999999999999432,0
135.5,135.5,0.6666666666666666,0.8211945248422029,0.13849449069666436,-1.1157689912300466,-0.15452785817553627,5.0,10.0,5.0,0.09999999999999432,0
135.5,135.5,0.6666666666666666,0.8211945248422029,0.13849449069666436,-1.1157689912300466,-0.15452785817553627,5.0,10.0,5.0,0.0,0
135.5,135.5,0.6666666666666666,0.8211945248422029,0.13849449069666436,-1.1157689912300466,-0.15452785817553627,5.0,10.0,5.0,0.0,0
135.5,135.5,0.6666666666666666,0.8211945248422029,0.13849449069666436,-1.1157689912300466,-0.15452785817553627,5.0,10.0,5.0,0.09999999999999432,0
135.5,135.5,0.6666666666666666,0.8211945248422029,0.13849449069666436,-1.1157689912300466,-0.15452785817553627,5.0,10.0,5.0,0.0,0
136.5,136.5,0.6666666666666666,0.8191673822651379,0.14055980324295841,-1.0849525403423685,-0.15250071559847123,5.0,10.0,5.0,0.0,0
136.5,136.5,0.6666666666666666,0.8191673822651379,0.14055980324295841,-1.0849525403423685,-0.15250071559847123,5.0,10.0,5.0,0.09999999999999432,0
136.5,136.5,0.6666666666666666,0.8191673822651379,0.14055980324295841,-1.0849525403423685,-0.15250071559847123,5.0,10.0,5.0,0.0,0
136.5,136.5,0.6666666666666666,0.8191673822651379,0.14055980324295841,-1.0849525403423685,-0.15250071559847123,5.0,10.0,5.0,-0.09999999999999432,0
136.5,136.5,0.6666666666666666,0.8191673822651379,0.14055980324295841,-1.0849525403423685,-0.15250071559847123,5.0,10.0,5.0,0.19999999999998863,0
137.5,137.5,0.75,0.8174307162050197,0.14647791899644455,-0.4603473115060876,-0.06743071620501973,6.0,10.0,6.0,0.0,0
137.5,137.5,0.75,0.8174307162050197,0.14647791899644455,-0.4603473115060876,-0.06743071620501973,6.0,10.0,6.0,0.09999999999999432,0
137.5,137.5,0.75,0.8174307162050197,0.14647791899644455,-0.4603473115060876,-0.06743071620501973,6.0,10.0,6.0,0.0,0
137.5,137.5,0.75,0.8174307162050197,0.14647791899644455,-0.4603473115060876,-0.06743071620501973,6.0,10.0,6.0,-0.09999999999999432,0
137.5,137.5,0.75,0.8174307162050197,0.14647791899644455,-0.4603473115060876,-0.06743071620501973,6.0,10.0,6.0,0.19999999999998863,0
137.5,137.5,0.75,0.8174307162050197,0.14647791899644455,-0.4603473115060876,-0.06743071620501973,6.0,10.0,6.0,-0.20000000000001705,0
138.5,138.5,0.8,0.8175042468367546,0.14127979225153986,-0.12389773907360606,-0.017504246836754556,6.0,9.0,6.0,0.09999999999999432,0
138.5,138.5,0.8,0.8175042468367546,0.14127979225153986,-0.12389773907360606,-0.017504246836754556,6.0,9.0,6.0,0.0,0
138.5,138.5,0.8,0.8175042468367546,0.14127979225153986,-0.12389773907360606,-0.017504246836754556,6.0,9.0,6.0,-0.09999999999999432,0
138.5,138.5,0.8,0.8175042468367546,0.14127979225153986,-0.12389773907360606,-0.017504246836754556,6.0,9.0,6.0,0.19999999999998863,0
138.5,138.5,0.8,0.8175042468367546,0.14127979225153986,-0.12389773907360606,-0.017504246836754556,6.0,9.0,6.0,-0.20000000000001705,0
138.5,138.5,0.8,0.8175042468367546,0.14127979225153986,-0.12389773907360606,-0.017504246836754556,6.0,9.0,6.0,0.19999999999998863,0
139.5,139.5,0.9411764705882353,0.8375309806980086,0.13392402710434356,0.7739125841061657,0.1036454898902267,8.0,9.0,8.0,-0.30000000000001137,0
139.5,139.5,0.9411764705882353,0.8375309806980086,0.13392402710434356,0.7739125841061657,0.1036454898902267,8.0,9.0,8.0,0.0,0
139.5,139.5,0.9411764705882353,0.8375309806980086,0.13392402710434356,0.7739125841061657,0.1036454898902267,8.0,9.0,8.0,-0.09999999999999432,0
139.5,139.5,0.9411764705882353,0.8375309806980086,0.13392402710434356,0.7739125841061657,0.1036454898902267,8.0,9.0,8.0,0.19999999999998863,0
139.5,139.5,0.9411764705882353,0.8375309806980086,0.13392402710434356,0.7739125841061657,0.1036454898902267,8.0,9.0,8.0,-0.20000000000001705,0
139.5,139.5,0.9411764705882353,0.8375309806980086,0.13392402710434356,0.7739125841061657,0.1036454898902267,8.0,9.0,8.0,0.19999999999998863,0
139.5,139.5,0.9411764705882353,0.8375309806980086,0.13392402710434356,0.7739125841061657,0.1036454898902267,8.0,9.0,8.0,0.09999999999999432,0
139.5,139.5,0.9411764705882353,0.8375309806980086,0.13392402710434356,0.7739125841061657,0.1036454898902267,8.0,9.0,8.0,0.0,0
140.5,140.5,0.875,0.8331577327471291,0.12895415508404778,0.3244739746896838,0.04184226725287088,8.0,8.0,7.0,-0.09999999999999432,0
140.5,140.5,0.875,0.8331577327471291,0.12895415508404778,0.3244739746896838,0.04184226725287088,8.0,8.0,7.0,0.19999999999998863,0
140.5,140.5,0.875,0.8331577327471291,0.12895415508404778,0.3244739746896838,0.04184226725287088,8.0,8.0,7.0,-0.20000000000001705,0
140.5,140.5,0.875,0.8331577327471291,0.12895415508404778,0.3244739746896838,0.04184226725287088,8.0,8.0,7.0,0.19999999999998863,0
140.5,140.5,0.875,0.8331577327471291,0.12895415508404778,0.3244739746896838,0.04184226725287088,8.0,8.0,7.0,0.09999999999999432,0
140.5,140.5,0.875,0.8331577327471291,0.12895415508404778,0.3244739746896838,0.04184226725287088,8.0,8.0,7.0,0.0,0
140.5,140.5,0.875,0.8331577327471291,0.12895415508404778,0.3244739746896838,0.04184226725287088,8.0,8.0,7.0,-0.19999999999998863,0
141.5,141.5,0.875,0.8212854547413372,0.1204949789036918,0.4457824363087803,0.053714545258662816,9.0,7.0,7.0,-0.4000000000000057,0
141.5,141.5,0.875,0.8212854547413372,0.1204949789036918,0.4457824363087803,0.053714545258662816,9.0,7.0,7.0,-0.20000000000001705,0
141.5,141.5,0.875,0.8212854547413372,0.1204949789036918,0.4457824363087803,0.053714545258662816,9.0,7.0,7.0,0.19999999999998863,0
141.5,141.5,0.875,0.8212854547413372,0.1204949789036918,0.4457824363087803,0.053714545258662816,9.0,7.0,7.0,0.09999999999999432,0
141.5,141.5,0.875,0.8212854547413372,0.1204949789036918,0.4457824363087803,0.053714545258662816,9.0,7.0,7.0,0.0,0
141.5,141.5,0.875,0.8212854547413372,0.1204949789036918,0.4457824363087803,0.053714545258662816,9.0,7.0,7.0,-0.19999999999998863,0
141.5,141.5,0.875,0.8212854547413372,0.1204949789036918,0.4457824363087803,0.053714545258662816,9.0,7.0,7.0,-0.4000000000000057,0
142.5,142.5,0.9333333333333333,0.8533320117790706,0.11345222654104477,0.7051542661907995,0.08000132155426276,8.0,7.0,7.0,0.19999999999998863,0
142.5,142.5,0.9333333333333333,0.8533320117790706,0.11345222654104477,0.7051542661907995,0.08000132155426276,8.0,7.0,7.0,0.09999999999999432,0
142.5,142.5,0.9333333333333333,0.8533320117790706,0.11345222654104477,0.7051542661907995,0.08000132155426276,8.0,7.0,7.0,0.0,0
142.5,142.5,0.9333333333333333,0.8533320117790706,0.11345222654104477,0.7051542661907995,0.08000132155426276,8.0,7.0,7.0,-0.19999999999998863,0
142.5,142.5,0.9333333333333333,0.8533320117790706,0.11345222654104477,0.7051542661907995,0.08000132155426276,8.0,7.0,7.0,-0.4000000000000057,0
142.5,142.5,0.9333333333333333,0.8533320117790706,0.11345222654104477,0.7051542661907995,0.08000132155426276,8.0,7.0,7.0,-0.6999999999999886,0
142.5,142.5,0.9333333333333333,0.8533320117790706,0.11345222654104477,0.7051542661907995,0.08000132155426276,8.0,7.0,7.0,-0.6999999999999886,0
143.5,143.5,0.9411764705882353,0.864087321897229,0.12411972682903741,0.6210869993066364,0.07708914869100625,9.0,8.0,8.0,0.09999999999999432,0
143.5,143.5,0.9411764705882353,0.864087321897229,0.12411972682903741,0.6210869993066364,0.07708914869100625,9.0,8.0,8.0,0.0,0
143.5,143.5,0.9411764705882353,0.864087321897229,0.12411972682903741,0.6210869993066364,0.07708914869100625,9.0,8.0,8.0,-0.19999999999998863,0
143.5,143.5,0.9411764705882353,0.864087321897229,0.12411972682903741,0.6210869993066364,0.07708914869100625,9.0,8.0,8.0,-0.4000000000000057,0
143.5,143.5,0.9411764705882353,0.864087321897229,0.12411972682903741,0.6210869993066364,0.07708914869100625,9.0,8.0,8.0,-0.6999999999999886,0
143.5,143.5,0.9411764705882353,0.864087321897229,0.12411972682903741,0.6210869993066364,0.07708914869100625,9.0,8.0,8.0,-0.6999999999999886,0
143.5,143.5,0.9411764705882353,0.864087321897229,0.12411972682903741,0.6210869993066364,0.07708914869100625,9.0,8.0,8.0,-0.9000000000000057,0
143.5,143.5,0.9411764705882353,0.864087321897229,0.12411972682903741,0.6210869993066364,0.07708914869100625,9.0,8.0,8.0,-0.8000000000000114,0
144.5,144.5,0.9230769230769231,0.7928787738405385,0.11578187070754212,1.1245123994002233,0.13019814923638462,7.0,6.0,6.0,-0.19999999999998863,0
144.5,144.5,0.9230769230769231,0.7928787738405385,0.11578187070754212,1.1245123994002233,0.13019814923638462,7.0,6.0,6.0,-0.4000000000000057,0
144.5,144.5,0.9230769230769231,0.7928787738405385,0.11578187070754212,1.1245123994002233,0.13019814923638462,7.0,6.0,6.0,-0.6999999999999886,0
144.5,144.5,0.9230769230769231,0.7928787738405385,0.11578187070754212,1.1245123994002233,0.13019814923638462,7.0,6.0,6.0,-0.6999999999999886,0
144.5,144.5,0.9230769230769231,0.7928787738405385,0.11578187070754212,1.1245123994002233,0.13019814923638462,7.0,6.0,6.0,-0.9000000000000057,0
144.5,144.5,0.9230769230769231,0.7928787738405385,0.11578187070754212,1.1245123994002233,0.13019814923638462,7.0,6.0,6.0,-0.8000000000000114,0
145.5,145.5,0.9230769230769231,0.7746585460291344,0.1114350819143398,1.3318819755692195,0.1484183770477887,7.0,6.0,6.0,0.09999999999999432,0
145.5,145.5,0.9230769230769231,0.7746585460291344,0.1114350819143398,1.3318819755692195,0.1484183770477887,7.0,6.0,6.0,-0.09999999999999432,0
145.5,145.5,0.9230769230769231,0.7746585460291344,0.1114350819143398,1.3318819755692195,0.1484183770477887,7.0,6.0,6.0,-0.29999999999998295,0
145.5,145.5,0.9230769230769231,0.7746585460291344,0.1114350819143398,1.3318819755692195,0.1484183770477887,7.0,6.0,6.0,-0.20000000000001705,0
145.5,145.5,0.9230769230769231,0.7746585460291344,0.1114350819143398,1.3318819755692195,0.1484183770477887,7.0,6.0,6.0,-0.09999999999999432,0
145.5,145.5,0.9230769230769231,0.7746585460291344,0.1114350819143398,1.3318819755692195,0.1484183770477887,7.0,6.0,6.0,-0.5999999999999943,0
146.5,146.5,0.8571428571428571,0.7369388750138751,0.11170048319814338,1.0761276825969894,0.12020398212898198,8.0,6.0,6.0,-0.09999999999999432,0
146.5,146.5,0.8571428571428571,0.7369388750138751,0.11170048319814338,1.0761276825969894,0.12020398212898198,8.0,6.0,6.0,-0.29999999999998295,0
146.5,146.5,0.8571428571428571,0.7369388750138751,0.11170048319814338,1.0761276825969894,0.12020398212898198,8.0,6.0,6.0,-0.20000000000001705,0
146.5,146.5,0.8571428571428571,0.7369388750138751,0.11170048319814338,1.0761276825969894,0.12020398212898198,8.0,6.0,6.0,-0.09999999999999432,0
146.5,146.5,0.8571428571428571,0.7369388750138751,0.11170048319814338,1.0761276825969894,0.12020398212898198,8.0,6.0,6.0,-0.5999999999999943,0
146.5,146.5,0.8571428571428571,0.7369388750138751,0.11170048319814338,1.0761276825969894,0.12020398212898198,8.0,6.0,6.0,-0.799999999999983,0
147.5,147.5,0.8571428571428571,0.7878638637506286,0.10860971182809116,0.637871072725837,0.06927899339222854,8.0,6.0,6.0,-0.20000000000001705,0
147.5,147.5,0.8571428571428571,0.7878638637506286,0.10860971182809116,0.637871072725837,0.06927899339222854,8.0,6.0,6.0,-0.09999999999999432,0
147.5,147.5,0.8571428571428571,0.7878638637506286,0.10860971182809116,0.637871072725837,0.06927899339222854,8.0,6.0,6.0,-0.5999999999999943,0
147.5,147.5,0.8571428571428571,0.7878638637506286,0.10860971182809116,0.637871072725837,0.06927899339222854,8.0,6.0,6.0,-0.799999999999983,0
147.5,147.5,0.8571428571428571,0.7878638637506286,0.10860971182809116,0.637871072725837,0.06927899339222854,8.0,6.0,6.0,-0.9000000000000057,0
147.5,147.5,0.8571428571428571,0.7878638637506286,0.10860971182809116,0.637871072725837,0.06927899339222854,8.0,6.0,6.0,-0.8000000000000114,0
148.5,148.5,0.7692307692307693,0.7370491536241537,0.1271190516125932,0.2531612311323087,0.03218161560661559,8.0,5.0,5.0,-0.5999999999999943,0
148.5,148.5,0.7692307692307693,0.7370491536241537,0.1271190516125932,0.2531612311323087,0.03218161560661559,8.0,5.0,5.0,-0.799999999999983,0
148.5,148.5,0.7692307692307693,0.7370491536241537,0.1271190516125932,0.2531612311323087,0.03218161560661559,8.0,5.0,5.0,-0.9000000000000057,0
148.5,148.5,0.7692307692307693,0.7370491536241537,0.1271190516125932,0.2531612311323087,0.03218161560661559,8.0,5.0,5.0,-0.8000000000000114,0
148.5,148.5,0.7692307692307693,0.7370491536241537,0.1271190516125932,0.2531612311323087,0.03218161560661559,8.0,5.0,5.0,-0.9000000000000057,0
149.5,149.5,0.7777777777777778,0.8555534617343442,0.12075798733371135,-0.6440624398751817,-0.07777568395656642,11.0,7.0,7.0,-0.5999999999999943,0
149.5,149.5,0.7777777777777778,0.8555534617343442,0.12075798733371135,-0.6440624398751817,-0.07777568395656642,11.0,7.0,7.0,-0.799999999999983,0
149.5,149.5,0.7777777777777778,0.8555534617343442,0.12075798733371135,-0.6440624398751817,-0.07777568395656642,11.0,7.0,7.0,-0.9000000000000057,0
149.5,149.5,0.7777777777777778,0.8555534617343442,0.12075798733371135,-0.6440624398751817,-0.07777568395656642,11.0,7.0,7.0,-0.8000000000000114,0
149.5,149.5,0.7777777777777778,0.8555534617343442,0.12075798733371135,-0.6440624398751817,-0.07777568395656642,11.0,7.0,7.0,-0.9000000000000057,0
149.5,149.5,0.7777777777777778,0.8555534617343442,0.12075798733371135,-0.6440624398751817,-0.07777568395656642,11.0,7.0,7.0,-0.5999999999999943,0
149.5,149.5,0.7777777777777778,0.8555534617343442,0.12075798733371135,-0.6440624398751817,-0.07777568395656642,11.0,7.0,7.0,-0.5,0
150.5,150.5,0.9,0.8539440775083191,0.14109470512002764,0.326418503461924,0.04605592249168089,11.0,9.0,9.0,-0.4000000000000057,0
150.5,150.5,0.9,0.8539440775083191,0.14109470512002764,0.326418503461924,0.04605592249168089,11.0,9.0,9.0,-0.9000000000000057,0
150.5,150.5,0.9,0.8539440775083191,0.14109470512002764,0.326418503461924,0.04605592249168089,11.0,9.0,9.0,-0.8000000000000114,0
150.5,150.5,0.9,0.8539440775083191,0.14109470512002764,0.326418503461924,0.04605592249168089,11.0,9.0,9.0,-0.9000000000000057,0
150.5,150.5,0.9,0.8539440775083191,0.14109470512002764,0.326418503461924,0.04605592249168089,11.0,9.0,9.0,-0.5999999999999943,0
150.5,150.5,0.9,0.8539440775083191,0.14109470512002764,0.326418503461924,0.04605592249168089,11.0,9.0,9.0,-0.5,0
150.5,150.5,0.9,0.8539440775083191,0.14109470512002764,0.326418503461924,0.04605592249168089,11.0,9.0,9.0,-0.5999999999999943,0
150.5,150.5,0.9,0.8539440775083191,0.14109470512002764,0.326418503461924,0.04605592249168089,11.0,9.0,9.0,-0.5999999999999943,0
150.5,150.5,0.9,0.8539440775083191,0.14109470512002764,0.326418503461924,0.04605592249168089,11.0,9.0,9.0,-0.4000000000000057,0
151.5,151.5,0.9473684210526315,0.8321982196853714,0.14118675704977268,0.8157294903137342,0.11517020136726008,10.0,9.0,9.0,-0.30000000000001137,0
151.5,151.5,0.9473684210526315,0.8321982196853714,0.14118675704977268,0.8157294903137342,0.11517020136726008,10.0,9.0,9.0,-0.4000000000000057,0
151.5,151.5,0.9473684210526315,0.8321982196853714,0.14118675704977268,0.8157294903137342,0.11517020136726008,10.0,9.0,9.0,-0.4000000000000057,0
151.5,151.5,0.9473684210526315,0.8321982196853714,0.14118675704977268,0.8157294903137342,0.11517020136726008,10.0,9.0,9.0,-0.5999999999999943,0
151.5,151.5,0.9473684210526315,0.8321982196853714,0.14118675704977268,0.8157294903137342,0.11517020136726008,10.0,9.0,9.0,-0.5,0
151.5,151.5,0.9473684210526315,0.8321982196853714,0.14118675704977268,0.8157294903137342,0.11517020136726008,10.0,9.0,9.0,-0.5999999999999943,0
151.5,151.5,0.9473684210526315,0.8321982196853714,0.14118675704977268,0.8157294903137342,0.11517020136726008,10.0,9.0,9.0,-0.5999999999999943,0
151.5,151.5,0.9473684210526315,0.8321982196853714,0.14118675704977268,0.8157294903137342,0.11517020136726008,10.0,9.0,9.0,-0.4000000000000057,0
151.5,151.5,0.9473684210526315,0.8321982196853714,0.14118675704977268,0.8157294903137342,0.11517020136726008,10.0,9.0,9.0,-0.5999999999999943,0
152.5,152.5,1.0,0.7922337764316867,0.1404465413419467,1.4793260238603003,0.2077662235683133,10.0,10.0,10.0,0.09999999999999432,0
152.5,152.5,1.0,0.7922337764316867,0.1404465413419467,1.4793260238603003,0.2077662235683133,10.0,10.0,10.0,0.09999999999999432,0
152.5,152.5,1.0,0.7922337764316867,0.1404465413419467,1.4793260238603003,0.2077662235683133,10.0,10.0,10.0,-0.09999999999999432,0
152.5,152.5,1.0,0.7922337764316867,0.1404465413419467,1.4793260238603003,0.2077662235683133,10.0,10.0,10.0,0.0,0
152.5,152.5,1.0,0.7922337764316867,0.1404465413419467,1.4793260238603003,0.2077662235683133,10.0,10.0,10.0,-0.19999999999998863,0
152.5,152.5,1.0,0.7922337764316867,0.1404465413419467,1.4793260238603003,0.2077662235683133,10.0,10.0,10.0,0.0,0
152.5,152.5,1.0,0.7922337764316867,0.1404465413419467,1.4793260238603003,0.2077662235683133,10.0,10.0,10.0,0.0,0
152.5,152.5,1.0,0.7922337764316867,0.1404465413419467,1.4793260238603003,0.2077662235683133,10.0,10.0,10.0,0.09999999999999432,0
152.5,152.5,1.0,0.7922337764316867,0.1404465413419467,1.4793260238603003,0.2077662235683133,10.0,10.0,10.0,0.09999999999999432,0
152.5,152.5,1.0,0.7922337764316867,0.1404465413419467,1.4793260238603003,0.2077662235683133,10.0,10.0,10.0,0.09999999999999432,0
153.5,153.5,1.0,0.7937594478878536,0.14005215645423852,1.4725981900859535,0.20624055211214642,10.0,10.0,10.0,-0.09999999999999432,0
153.5,153.5,1.0,0.7937594478878536,0.14005215645423852,1.4725981900859535,0.20624055211214642,10.0,10.0,10.0,0.0,0
153.5,153.5,1.0,0.7937594478878536,0.14005215645423852,1.4725981900859535,0.20624055211214642,10.0,10.0,10.0,-0.19999999999998863,0
153.5,153.5,1.0,0.7937594478878536,0.14005215645423852,1.4725981900859535,0.20624055211214642,10.0,10.0,10.0,0.0,0
153.5,153.5,1.0,0.7937594478878536,0.14005215645423852,1.4725981900859535,0.20624055211214642,10.0,10.0,10.0,0.0,0
153.5,153.5,1.0,0.7937594478878536,0.14005215645423852,1.4725981900859535,0.20624055211214642,10.0,10.0,10.0,0.09999999999999432,0
153.5,153.5,1.0,0.7937594478878536,0.14005215645423852,1.4725981900859535,0.20624055211214642,10.0,10.0,10.0,0.09999999999999432,0
153.5,153.5,1.0,0.7937594478878536,0.14005215645423852,1.4725981900859535,0.20624055211214642,10.0,10.0,10.0,0.09999999999999432,0
153.5,153.5,1.0,0.7937594478878536,0.14005215645423852,1.4725981900859535,0.20624055211214642,10.0,10.0,10.0,0.09999999999999432,0
153.5,153.5,1.0,0.7937594478878536,0.14005215645423852,1.4725981900859535,0.20624055211214642,10.0,10.0,10.0,0.10000000000002274,0
154.5,154.5,1.0,0.8067503409816877,0.13572500797327725,1.4238323644553477,0.19324965901831226,10.0,10.0,10.0,-0.19999999999998863,0
154.5,154.5,1.0,0.8067503409816877,0.13572500797327725,1.4238323644553477,0.19324965901831226,10.0,10.0,10.0,0.0,0
154.5,154.5,1.0,0.8067503409816877,0.13572500797327725,1.4238323644553477,0.19324965901831226,10.0,10.0,10.0,0.0,0
154.5,154.5,1.0,0.8067503409816877,0.13572500797327725,1.4238323644553477,0.19324965901831226,10.0,10.0,10.0,0.09999999999999432,0
154.5,154.5,1.0,0.8067503409816877,0.13572500797327725,1.4238323644553477,0.19324965901831226,10.0,10.0,10.0,0.09999999999999432,0
154.5,154.5,1.0,0.8067503409816877,0.13572500797327725,1.4238323644553477,0.19324965901831226,10.0,10.0,10.0,0.09999999999999432,0
154.5,154.5,1.0,0.8067503409816877,0.13572500797327725,1.4238323644553477,0.19324965901831226,10.0,10.0,10.0,0.09999999999999432,0
154.5,154.5,1.0,0.8067503409816877,0.13572500797327725,1.4238323644553477,0.19324965901831226,10.0,10.0,10.0,0.10000000000002274,0
154.5,154.5,1.0,0.8067503409816877,0.13572500797327725,1.4238323644553477,0.19324965901831226,10.0,10.0,10.0,0.0,0
154.5,154.5,1.0,0.8067503409816877,0.13572500797327725,1.4238323644553477,0.19324965901831226,10.0,10.0,10.0,-0.30000000000001137,0
155.5,155.5,0.9473684210526315,0.8108431516368049,0.14037268970154634,0.972591390149324,0.13652526941582666,9.0,10.0,9.0,0.0,0
155.5,155.5,0.9473684210526315,0.8108431516368049,0.14037268970154634,0.972591390149324,0.13652526941582666,9.0,10.0,9.0,0.09999999999999432,0
155.5,155.5,0.9473684210526315,0.8108431516368049,0.14037268970154634,0.972591390149324,0.13652526941582666,9.0,10.0,9.0,0.09999999999999432,0
155.5,155.5,0.9473684210526315,0.8108431516368049,0.14037268970154634,0.972591390149324,0.13652526941582666,9.0,10.0,9.0,0.09999999999999432,0
155.5,155.5,0.9473684210526315,0.8108431516368049,0.14037268970154634,0.972591390149324,0.13652526941582666,9.0,10.0,9.0,0.09999999999999432,0
155.5,155.5,0.9473684210526315,0.8108431516368049,0.14037268970154634,0.972591390149324,0.13652526941582666,9.0,10.0,9.0,0.10000000000002274,0
155.5,155.5,0.9473684210526315,0.8108431516368049,0.14037268970154634,0.972591390149324,0.13652526941582666,9.0,10.0,9.0,0.0,0
155.5,155.5,0.9473684210526315,0.8108431516368049,0.14037268970154634,0.972591390149324,0.13652526941582666,9.0,10.0,9.0,-0.30000000000001137,0
155.5,155.5,0.9473684210526315,0.8108431516368049,0.14037268970154634,0.972591390149324,0.13652526941582666,9.0,10.0,9.0,-0.20000000000001705,0
156.5,156.5,0.8888888888888888,0.8086557744800779,0.13703154534263362,0.5855083528992987,0.08023311440881098,9.0,9.0,8.0,0.09999999999999432,0
156.5,156.5,0.8888888888888888,0.8086557744800779,0.13703154534263362,0.5855083528992987,0.08023311440881098,9.0,9.0,8.0,0.09999999999999432,0
156.5,156.5,0.8888888888888888,0.8086557744800779,0.13703154534263362,0.5855083528992987,0.08023311440881098,9.0,9.0,8.0,0.09999999999999432,0
156.5,156.5,0.8888888888888888,0.8086557744800779,0.13703154534263362,0.5855083528992987,0.08023311440881098,9.0,9.0,8.0,0.10000000000002274,0
156.5,156.5,0.8888888888888888,0.8086557744800779,0.13703154534263362,0.5855083528992987,0.08023311440881098,9.0,9.0,8.0,0.0,0
156.5,156.5,0.8888888888888888,0.8086557744800779,0.13703154534263362,0.5855083528992987,0.08023311440881098,9.0,9.0,8.0,-0.30000000000001137,0
156.5,156.5,0.8888888888888888,0.8086557744800779,0.13703154534263362,0.5855083528992987,0.08023311440881098,9.0,9.0,8.0,-0.20000000000001705,0
156.5,156.5,0.8888888888888888,0.8086557744800779,0.13703154534263362,0.5855083528992987,0.08023311440881098,9.0,9.0,8.0,-0.30000000000001137,0
157.5,157.5,0.875,0.8311769384897868,0.14448277709044896,0.3033099334931743,0.0438230615102132,7.0,9.0,7.0,0.09999999999999432,0
157.5,157.5,0.875,0.8311769384897868,0.14448277709044896,0.3033099334931743,0.0438230615102132,7.0,9.0,7.0,0.10000000000002274,0
157.5,157.5,0.875,0.8311769384897868,0.14448277709044896,0.3033099334931743,0.0438230615102132,7.0,9.0,7.0,0.0,0
157.5,157.5,0.875,0.8311769384897868,0.14448277709044896,0.3033099334931743,0.0438230615102132,7.0,9.0,7.0,-0.30000000000001137,0
157.5,157.5,0.875,0.8311769384897868,0.14448277709044896,0.3033099334931743,0.0438230615102132,7.0,9.0,7.0,-0.20000000000001705,0
157.5,157.5,0.875,0.8311769384897868,0.14448277709044896,0.3033099334931743,0.0438230615102132,7.0,9.0,7.0,-0.30000000000001137,0
157.5,157.5,0.875,0.8311769384897868,0.14448277709044896,0.3033099334931743,0.0438230615102132,7.0,9.0,7.0,-0.39999999999997726,0
158.5,158.5,0.7142857142857143,0.8403182387014431,0.15167153721134455,-0.8309569925444253,-0.12603252441572876,5.0,9.0,5.0,0.0,0
158.5,158.5,0.7142857142857143,0.8403182387014431,0.15167153721134455,-0.8309569925444253,-0.12603252441572876,5.0,9.0,5.0,-0.30000000000001137,0
158.5,158.5,0.7142857142857143,0.8403182387014431,0.15167153721134455,-0.8309569925444253,-0.12603252441572876,5.0,9.0,5.0,-0.20000000000001705,0
158.5,158.5,0.7142857142857143,0.8403182387014431,0.15167153721134455,-0.8309569925444253,-0.12603252441572876,5.0,9.0,5.0,-0.30000000000001137,0
158.5,158.5,0.7142857142857143,0.8403182387014431,0.15167153721134455,-0.8309569925444253,-0.12603252441572876,5.0,9.0,5.0,-0.39999999999997726,0
159.5,159.5,0.46153846153846156,0.795059304996689,0.14383038153952146,-2.318848353792228,-0.3335208434582274,3.0,10.0,3.0,-0.20000000000001705,0
159.5,159.5,0.46153846153846156,0.795059304996689,0.14383038153952146,-2.318848353792228,-0.3335208434582274,3.0,10.0,3.0,-0.30000000000001137,0
159.5,159.5,0.46153846153846156,0.795059304996689,0.14383038153952146,-2.318848353792228,-0.3335208434582274,3.0,10.0,3.0,-0.39999999999997726,0
160.5,160.5,0.36363636363636365,0.8325819435122842,0.1450915712953125,-3.232066312945574,-0.46894557987592056,2.0,9.0,2.0,-0.30000000000001137,0
160.5,160.5,0.36363636363636365,0.8325819435122842,0.1450915712953125,-3.232066312945574,-0.46894557987592056,2.0,9.0,2.0,-0.39999999999997726,0
161.5,161.5,0.18181818181818182,0.7878105212726731,0.14067786851878872,-4.307659376951364,-0.6059923394544913,1.0,10.0,1.0,0.30000000000001137,0
162.5,162.5,0.36363636363636365,0.7820553427051106,0.13534940495655423,-3.0913987335448954,-0.4184189790687469,2.0,9.0,2.0,0.30000000000001137,0
162.5,162.5,0.36363636363636365,0.7820553427051106,0.13534940495655423,-3.0913987335448954,-0.4184189790687469,2.0,9.0,2.0,0.10000000000002274,0
163.5,163.5,0.4,0.708684065934066,0.13621234589427364,-2.266197413365619,-0.30868406593406594,3.0,7.0,2.0,0.30000000000001137,0
163.5,163.5,0.4,0.708684065934066,0.13621234589427364,-2.266197413365619,-0.30868406593406594,3.0,7.0,2.0,0.10000000000002274,0
164.5,164.5,0.6666666666666666,0.766325653105065,0.11011866455723993,-0.9050144845027189,-0.09965898643839832,5.0,7.0,4.0,0.30000000000001137,0
164.5,164.5,0.6666666666666666,0.766325653105065,0.11011866455723993,-0.9050144845027189,-0.09965898643839832,5.0,7.0,4.0,0.10000000000002274,0
164.5,164.5,0.6666666666666666,0.766325653105065,0.11011866455723993,-0.9050144845027189,-0.09965898643839832,5.0,7.0,4.0,-0.6999999999999886,0
164.5,164.5,0.6666666666666666,0.766325653105065,0.11011866455723993,-0.9050144845027189,-0.09965898643839832,5.0,7.0,4.0,-0.4000000000000057,0
165.5,165.5,0.9230769230769231,0.8149250293823824,0.10619011951631402,1.0184741686624177,0.1081518936945407,6.0,7.0,6.0,0.30000000000001137,0
165.5,165.5,0.9230769230769231,0.8149250293823824,0.10619011951631402,1.0184741686624177,0.1081518936945407,6.0,7.0,6.0,0.10000000000002274,0
165.5,165.5,0.9230769230769231,0.8149250293823824,0.10619011951631402,1.0184741686624177,0.1081518936945407,6.0,7.0,6.0,-0.6999999999999886,0
165.5,165.5,0.9230769230769231,0.8149250293823824,0.10619011951631402,1.0184741686624177,0.1081518936945407,6.0,7.0,6.0,-0.4000000000000057,0
165.5,165.5,0.9230769230769231,0.8149250293823824,0.10619011951631402,1.0184741686624177,0.1081518936945407,6.0,7.0,6.0,-0.29999999999998295,0
165.5,165.5,0.9230769230769231,0.8149250293823824,0.10619011951631402,1.0184741686624177,0.1081518936945407,6.0,7.0,6.0,-0.30000000000001137,0
166.5,166.5,0.8571428571428571,0.8090924774571834,0.10052682362038935,0.4779856555213777,0.048050379685673716,8.0,6.0,6.0,-0.6999999999999886,0
166.5,166.5,0.8571428571428571,0.8090924774571834,0.10052682362038935,0.4779856555213777,0.048050379685673716,8.0,6.0,6.0,-0.6999999999999886,0
166.5,166.5,0.8571428571428571,0.8090924774571834,0.10052682362038935,0.4779856555213777,0.048050379685673716,8.0,6.0,6.0,-0.4000000000000057,0
166.5,166.5,0.8571428571428571,0.8090924774571834,0.10052682362038935,0.4779856555213777,0.048050379685673716,8.0,6.0,6.0,-0.29999999999998295,0
166.5,166.5,0.8571428571428571,0.8090924774571834,0.10052682362038935,0.4779856555213777,0.048050379685673716,8.0,6.0,6.0,-0.30000000000001137,0
166.5,166.5,0.8571428571428571,0.8090924774571834,0.10052682362038935,0.4779856555213777,0.048050379685673716,8.0,6.0,6.0,-0.4000000000000057,0
167.5,167.5,0.9333333333333333,0.8626680484548133,0.10928394178207507,0.6466209374057436,0.07066528487852008,8.0,7.0,7.0,-0.6999999999999886,0
167.5,167.5,0.9333333333333333,0.8626680484548133,0.10928394178207507,0.6466209374057436,0.07066528487852008,8.0,7.0,7.0,-0.4000000000000057,0
167.5,167.5,0.9333333333333333,0.8626680484548133,0.10928394178207507,0.6466209374057436,0.07066528487852008,8.0,7.0,7.0,-0.29999999999998295,0
167.5,167.5,0.9333333333333333,0.8626680484548133,0.10928394178207507,0.6466209374057436,0.07066528487852008,8.0,7.0,7.0,-0.30000000000001137,0
167.5,167.5,0.9333333333333333,0.8626680484548133,0.10928394178207507,0.6466209374057436,0.07066528487852008,8.0,7.0,7.0,-0.4000000000000057,0
167.5,167.5,0.9333333333333333,0.8626680484548133,0.10928394178207507,0.6466209374057436,0.07066528487852008,8.0,7.0,7.0,-0.6999999999999886,0
167.5,167.5,0.9333333333333333,0.8626680484548133,0.10928394178207507,0.6466209374057436,0.07066528487852008,8.0,7.0,7.0,-0.9000000000000057,0
168.5,168.5,0.8235294117647058,0.8213126048530073,0.12454708542971528,0.01779894651127392,0.0022168069116985656,9.0,8.0,7.0,0.09999999999999432,0
168.5,168.5,0.8235294117647058,0.8213126048530073,0.12454708542971528,0.01779894651127392,0.0022168069116985656,9.0,8.0,7.0,0.20000000000001705,0
168.5,168.5,0.8235294117647058,0.8213126048530073,0.12454708542971528,0.01779894651127392,0.0022168069116985656,9.0,8.0,7.0,-0.30000000000001137,0
168.5,168.5,0.8235294117647058,0.8213126048530073,0.12454708542971528,0.01779894651127392,0.0022168069116985656,9.0,8.0,7.0,-0.4000000000000057,0
168.5,168.5,0.8235294117647058,0.8213126048530073,0.12454708542971528,0.01779894651127392,0.0022168069116985656,9.0,8.0,7.0,-0.6999999999999886,0
168.5,168.5,0.8235294117647058,0.8213126048530073,0.12454708542971528,0.01779894651127392,0.0022168069116985656,9.0,8.0,7.0,-0.9000000000000057,0
168.5,168.5,0.8235294117647058,0.8213126048530073,0.12454708542971528,0.01779894651127392,0.0022168069116985656,9.0,8.0,7.0,-0.799999999999983,0
169.5,169.5,0.8235294117647058,0.8607427375599978,0.12153216041250016,-0.3062014669119989,-0.03721332579529191,9.0,8.0,7.0,-0.30000000000001137,0
169.5,169.5,0.8235294117647058,0.8607427375599978,0.12153216041250016,-0.3062014669119989,-0.03721332579529191,9.0,8.0,7.0,-0.4000000000000057,0
169.5,169.5,0.8235294117647058,0.8607427375599978,0.12153216041250016,-0.3062014669119989,-0.03721332579529191,9.0,8.0,7.0,-0.6999999999999886,0
169.5,169.5,0.8235294117647058,0.8607427375599978,0.12153216041250016,-0.3062014669119989,-0.03721332579529191,9.0,8.0,7.0,-0.9000000000000057,0
169.5,169.5,0.8235294117647058,0.8607427375599978,0.12153216041250016,-0.3062014669119989,-0.03721332579529191,9.0,8.0,7.0,-0.799999999999983,0
169.5,169.5,0.8235294117647058,0.8607427375599978,0.12153216041250016,-0.3062014669119989,-0.03721332579529191,9.0,8.0,7.0,-0.8999999999999773,0
169.5,169.5,0.8235294117647058,0.8607427375599978,0.12153216041250016,-0.3062014669119989,-0.03721332579529191,9.0,8.0,7.0,-1.0,0
170.5,170.5,0.875,0.8556055834688189,0.11521932264621326,0.16832607661418614,0.019394416531181125,9.0,7.0,7.0,-0.4000000000000057,0
170.5,170.5,0.875,0.8556055834688189,0.11521932264621326,0.16832607661418614,0.019394416531181125,9.0,7.0,7.0,-0.6999999999999886,0
170.5,170.5,0.875,0.8556055834688189,0.11521932264621326,0.16832607661418614,0.019394416531181125,9.0,7.0,7.0,-0.9000000000000057,0
170.5,170.5,0.875,0.8556055834688189,0.11521932264621326,0.16832607661418614,0.019394416531181125,9.0,7.0,7.0,-0.799999999999983,0
170.5,170.5,0.875,0.8556055834688189,0.11521932264621326,0.16832607661418614,0.019394416531181125,9.0,7.0,7.0,-0.8999999999999773,0
170.5,170.5,0.875,0.8556055834688189,0.11521932264621326,0.16832607661418614,0.019394416531181125,9.0,7.0,7.0,-1.0,0
170.5,170.5,0.875,0.8556055834688189,0.11521932264621326,0.16832607661418614,0.019394416531181125,9.0,7.0,7.0,-0.9000000000000057,0
171.5,171.5,0.9333333333333333,0.8598443233151438,0.12478677008195492,0.5889166773843486,0.07348901001818953,7.0,8.0,7.0,-0.09999999999999432,0
171.5,171.5,0.9333333333333333,0.8598443233151438,0.12478677008195492,0.5889166773843486,0.07348901001818953,7.0,8.0,7.0,-0.19999999999998863,0
171.5,171.5,0.9333333333333333,0.8598443233151438,0.12478677008195492,0.5889166773843486,0.07348901001818953,7.0,8.0,7.0,-0.29999999999998295,0
171.5,171.5,0.9333333333333333,0.8598443233151438,0.12478677008195492,0.5889166773843486,0.07348901001818953,7.0,8.0,7.0,-0.29999999999998295,0
171.5,171.5,0.9333333333333333,0.8598443233151438,0.12478677008195492,0.5889166773843486,0.07348901001818953,7.0,8.0,7.0,-0.4000000000000057,0
171.5,171.5,0.9333333333333333,0.8598443233151438,0.12478677008195492,0.5889166773843486,0.07348901001818953,7.0,8.0,7.0,-0.5,0
171.5,171.5,0.9333333333333333,0.8598443233151438,0.12478677008195492,0.5889166773843486,0.07348901001818953,7.0,8.0,7.0,-0.4000000000000057,0
172.5,172.5,0.8,0.8328389774054635,0.13311132292264666,-0.24670311048254548,-0.03283897740546349,6.0,9.0,6.0,-0.29999999999998295,0
172.5,172.5,0.8,0.8328389774054635,0.13311132292264666,-0.24670311048254548,-0.03283897740546349,6.0,9.0,6.0,-0.29999999999998295,0
172.5,172.5,0.8,0.8328389774054635,0.13311132292264666,-0.24670311048254548,-0.03283897740546349,6.0,9.0,6.0,-0.4000000000000057,0
172.5,172.5,0.8,0.8328389774054635,0.13311132292264666,-0.24670311048254548,-0.03283897740546349,6.0,9.0,6.0,-0.5,0
172.5,172.5,0.8,0.8328389774054635,0.13311132292264666,-0.24670311048254548,-0.03283897740546349,6.0,9.0,6.0,-0.4000000000000057,0
172.5,172.5,0.8,0.8328389774054635,0.13311132292264666,-0.24670311048254548,-0.03283897740546349,6.0,9.0,6.0,-0.19999999999998863,0
173.5,173.5,0.7142857142857143,0.8296513522339375,0.13621367831105113,-0.846946058418448,-0.11536563794822319,6.0,8.0,5.0,0.30000000000001137,0
173.5,173.5,0.7142857142857143,0.8296513522339375,0.13621367831105113,-0.846946058418448,-0.11536563794822319,6.0,8.0,5.0,0.0,0
173.5,173.5,0.7142857142857143,0.8296513522339375,0.13621367831105113,-0.846946058418448,-0.11536563794822319,6.0,8.0,5.0,0.29999999999998295,0
173.5,173.5,0.7142857142857143,0.8296513522339375,0.13621367831105113,-0.846946058418448,-0.11536563794822319,6.0,8.0,5.0,-0.19999999999998863,0
173.5,173.5,0.7142857142857143,0.8296513522339375,0.13621367831105113,-0.846946058418448,-0.11536563794822319,6.0,8.0,5.0,-0.30000000000001137,0
174.5,174.5,0.7142857142857143,0.8555145292186316,0.1317918582456771,-1.0716050051411254,-0.14122881493291728,6.0,8.0,5.0,0.29999999999998295,0
174.5,174.5,0.7142857142857143,0.8555145292186316,0.1317918582456771,-1.0716050051411254,-0.14122881493291728,6.0,8.0,5.0,-0.19999999999998863,0
174.5,174.5,0.7142857142857143,0.8555145292186316,0.1317918582456771,-1.0716050051411254,-0.14122881493291728,6.0,8.0,5.0,-0.30000000000001137,0
174.5,174.5,0.7142857142857143,0.8555145292186316,0.1317918582456771,-1.0716050051411254,-0.14122881493291728,6.0,8.0,5.0,-0.700000000000017,0
174.5,174.5,0.7142857142857143,0.8555145292186316,0.1317918582456771,-1.0716050051411254,-0.14122881493291728,6.0,8.0,5.0,-0.5,0
175.5,175.5,0.75,0.8326892117170756,0.13781152223670337,-0.6000166776697349,-0.08268921171707555,7.0,9.0,6.0,-0.19999999999998863,0
175.5,175.5,0.75,0.8326892117170756,0.13781152223670337,-0.6000166776697349,-0.08268921171707555,7.0,9.0,6.0,-0.30000000000001137,0
175.5,175.5,0.75,0.8326892117170756,0.13781152223670337,-0.6000166776697349,-0.08268921171707555,7.0,9.0,6.0,-0.700000000000017,0
175.5,175.5,0.75,0.8326892117170756,0.13781152223670337,-0.6000166776697349,-0.08268921171707555,7.0,9.0,6.0,-0.5,0
175.5,175.5,0.75,0.8326892117170756,0.13781152223670337,-0.6000166776697349,-0.08268921171707555,7.0,9.0,6.0,-0.5,0
175.5,175.5,0.75,0.8326892117170756,0.13781152223670337,-0.6000166776697349,-0.08268921171707555,7.0,9.0,6.0,-0.4000000000000057,0
