t_center,t_center_abs,S,S_null_mean,S_null_sd,z_S_t,S_excess,nA,nB,nM,dt,episode
8.5,8.5,0.9411764705882353,0.816126580772169,0.11673385331585129,1.0712392871818763,0.12504988981606624,8.0,9.0,8.0,-0.20000000000000018,0
8.5,8.5,0.9411764705882353,0.816126580772169,0.11673385331585129,1.0712392871818763,0.12504988981606624,8.0,9.0,8.0,0.20000000000000018,0
8.5,8.5,0.9411764705882353,0.816126580772169,0.11673385331585129,1.0712392871818763,0.12504988981606624,8.0,9.0,8.0,0.0,0
8.5,8.5,0.9411764705882353,0.816126580772169,0.11673385331585129,1.0712392871818763,0.12504988981606624,8.0,9.0,8.0,0.09999999999999964,0
8.5,8.5,0.9411764705882353,0.816126580772169,0.11673385331585129,1.0712392871818763,0.12504988981606624,8.0,9.0,8.0,0.3000000000000007,0
8.5,8.5,0.9411764705882353,0.816126580772169,0.11673385331585129,1.0712392871818763,0.12504988981606624,8.0,9.0,8.0,-0.1999999999999993,0
8.5,8.5,0.9411764705882353,0.816126580772169,0.11673385331585129,1.0712392871818763,0.12504988981606624,8.0,9.0,8.0,0.0,0
8.5,8.5,0.9411764705882353,0.816126580772169,0.11673385331585129,1.0712392871818763,0.12504988981606624,8.0,9.0,8.0,0.0,0
9.5,9.5,0.9411764705882353,0.7996187216378394,0.11555572029295866,1.225017234902058,0.14155774895039586,8.0,9.0,8.0,0.20000000000000018,0
9.5,9.5,0.9411764705882353,0.7996187216378394,0.11555572029295866,1.225017234902058,0.14155774895039586,8.0,9.0,8.0,0.0,0
9.5,9.5,0.9411764705882353,0.7996187216378394,0.11555572029295866,1.225017234902058,0.14155774895039586,8.0,9.0,8.0,0.09999999999999964,0
9.5,9.5,0.9411764705882353,0.7996187216378394,0.11555572029295866,1.225017234902058,0.14155774895039586,8.0,9.0,8.0,0.3000000000000007,0
9.5,9.5,0.9411764705882353,0.7996187216378394,0.11555572029295866,1.225017234902058,0.14155774895039586,8.0,9.0,8.0,-0.1999999999999993,0
9.5,9.5,0.9411764705882353,0.7996187216378394,0.11555572029295866,1.225017234902058,0.14155774895039586,8.0,9.0,8.0,0.0,0
9.5,9.5,0.9411764705882353,0.7996187216378394,0.11555572029295866,1.225017234902058,0.14155774895039586,8.0,9.0,8.0,0.0,0
9.5,9.5,0.9411764705882353,0.7996187216378394,0.11555572029295866,1.225017234902058,0.14155774895039586,8.0,9.0,8.0,0.3000000000000007,0
10.5,10.5,0.875,0.8147974667489373,0.11894142377736992,0.5061527879786235,0.06020253325106273,7.0,9.0,7.0,0.09999999999999964,0
10.5,10.5,0.875,0.8147974667489373,0.11894142377736992,0.5061527879786235,0.06020253325106273,7.0,9.0,7.0,0.3000000000000007,0
10.5,10.5,0.875,0.8147974667489373,0.11894142377736992,0.5061527879786235,0.06020253325106273,7.0,9.0,7.0,-0.1999999999999993,0
10.5,10.5,0.875,0.8147974667489373,0.11894142377736992,0.5061527879786235,0.06020253325106273,7.0,9.0,7.0,0.0,0
10.5,10.5,0.875,0.8147974667489373,0.11894142377736992,0.5061527879786235,0.06020253325106273,7.0,9.0,7.0,0.0,0
10.5,10.5,0.875,0.8147974667489373,0.11894142377736992,0.5061527879786235,0.06020253325106273,7.0,9.0,7.0,0.3000000000000007,0
10.5,10.5,0.875,0.8147974667489373,0.11894142377736992,0.5061527879786235,0.06020253325106273,7.0,9.0,7.0,0.0,0
11.5,11.5,0.8571428571428571,0.8366176646882529,0.11998604684597748,0.17106316104364816,0.020525192454604158,6.0,8.0,6.0,-0.40000000000000036,0
11.5,11.5,0.8571428571428571,0.8366176646882529,0.11998604684597748,0.17106316104364816,0.020525192454604158,6.0,8.0,6.0,-0.1999999999999993,0
11.5,11.5,0.8571428571428571,0.8366176646882529,0.11998604684597748,0.17106316104364816,0.020525192454604158,6.0,8.0,6.0,0.0,0
11.5,11.5,0.8571428571428571,0.8366176646882529,0.11998604684597748,0.17106316104364816,0.020525192454604158,6.0,8.0,6.0,0.0,0
11.5,11.5,0.8571428571428571,0.8366176646882529,0.11998604684597748,0.17106316104364816,0.020525192454604158,6.0,8.0,6.0,0.3000000000000007,0
11.5,11.5,0.8571428571428571,0.8366176646882529,0.11998604684597748,0.17106316104364816,0.020525192454604158,6.0,8.0,6.0,0.0,0
12.5,12.5,0.6153846153846154,0.8114506408624056,0.11068981768709157,-1.7713104021189023,-0.19606602547779017,4.0,9.0,4.0,0.0,0
12.5,12.5,0.6153846153846154,0.8114506408624056,0.11068981768709157,-1.7713104021189023,-0.19606602547779017,4.0,9.0,4.0,0.0,0
12.5,12.5,0.6153846153846154,0.8114506408624056,0.11068981768709157,-1.7713104021189023,-0.19606602547779017,4.0,9.0,4.0,0.3000000000000007,0
12.5,12.5,0.6153846153846154,0.8114506408624056,0.11068981768709157,-1.7713104021189023,-0.19606602547779017,4.0,9.0,4.0,0.0,0
13.5,13.5,0.6666666666666666,0.8335647058823531,0.11272084492671727,-1.4806315488869088,-0.16689803921568647,4.0,8.0,4.0,0.0,0
13.5,13.5,0.6666666666666666,0.8335647058823531,0.11272084492671727,-1.4806315488869088,-0.16689803921568647,4.0,8.0,4.0,0.3000000000000007,0
13.5,13.5,0.6666666666666666,0.8335647058823531,0.11272084492671727,-1.4806315488869088,-0.16689803921568647,4.0,8.0,4.0,0.0,0
13.5,13.5,0.6666666666666666,0.8335647058823531,0.11272084492671727,-1.4806315488869088,-0.16689803921568647,4.0,8.0,4.0,0.1999999999999993,0
14.5,14.5,0.5454545454545454,0.8416007270507272,0.11182746369840038,-2.64824195955021,-0.2961461815961818,4.0,7.0,3.0,0.0,0
14.5,14.5,0.5454545454545454,0.8416007270507272,0.11182746369840038,-2.64824195955021,-0.2961461815961818,4.0,7.0,3.0,0.1999999999999993,0
14.5,14.5,0.5454545454545454,0.8416007270507272,0.11182746369840038,-2.64824195955021,-0.2961461815961818,4.0,7.0,3.0,-0.09999999999999787,0
15.5,15.5,0.4444444444444444,0.767169352869353,0.12001973604121323,-2.6889319962684217,-0.32272490842490853,4.0,5.0,2.0,0.1999999999999993,0
15.5,15.5,0.4444444444444444,0.767169352869353,0.12001973604121323,-2.6889319962684217,-0.32272490842490853,4.0,5.0,2.0,-0.09999999999999787,0
16.5,16.5,0.6666666666666666,0.8181062937062938,0.09811391065167396,-1.5435082144189656,-0.1514396270396272,6.0,6.0,4.0,0.1999999999999993,0
16.5,16.5,0.6666666666666666,0.8181062937062938,0.09811391065167396,-1.5435082144189656,-0.1514396270396272,6.0,6.0,4.0,-0.09999999999999787,0
16.5,16.5,0.6666666666666666,0.8181062937062938,0.09811391065167396,-1.5435082144189656,-0.1514396270396272,6.0,6.0,4.0,-0.5999999999999979,0
16.5,16.5,0.6666666666666666,0.8181062937062938,0.09811391065167396,-1.5435082144189656,-0.1514396270396272,6.0,6.0,4.0,-0.8000000000000007,0
17.5,17.5,0.8571428571428571,0.8041139388389388,0.09968961731167178,0.5319402334360213,0.053028918303918315,7.0,7.0,6.0,0.1999999999999993,0
17.5,17.5,0.8571428571428571,0.8041139388389388,0.09968961731167178,0.5319402334360213,0.053028918303918315,7.0,7.0,6.0,-0.09999999999999787,0
17.5,17.5,0.8571428571428571,0.8041139388389388,0.09968961731167178,0.5319402334360213,0.053028918303918315,7.0,7.0,6.0,-0.5999999999999979,0
17.5,17.5,0.8571428571428571,0.8041139388389388,0.09968961731167178,0.5319402334360213,0.053028918303918315,7.0,7.0,6.0,-0.8000000000000007,0
17.5,17.5,0.8571428571428571,0.8041139388389388,0.09968961731167178,0.5319402334360213,0.053028918303918315,7.0,7.0,6.0,-0.6999999999999993,0
17.5,17.5,0.8571428571428571,0.8041139388389388,0.09968961731167178,0.5319402334360213,0.053028918303918315,7.0,7.0,6.0,-0.3999999999999986,0
18.5,18.5,0.8571428571428571,0.8543085581085581,0.10035037096382991,0.028244031457746996,0.0028342990342989927,8.0,6.0,6.0,-0.09999999999999787,0
18.5,18.5,0.8571428571428571,0.8543085581085581,0.10035037096382991,0.028244031457746996,0.0028342990342989927,8.0,6.0,6.0,-0.5999999999999979,0
18.5,18.5,0.8571428571428571,0.8543085581085581,0.10035037096382991,0.028244031457746996,0.0028342990342989927,8.0,6.0,6.0,-0.8000000000000007,0
18.5,18.5,0.8571428571428571,0.8543085581085581,0.10035037096382991,0.028244031457746996,0.0028342990342989927,8.0,6.0,6.0,-0.6999999999999993,0
18.5,18.5,0.8571428571428571,0.8543085581085581,0.10035037096382991,0.028244031457746996,0.0028342990342989927,8.0,6.0,6.0,-0.3999999999999986,0
18.5,18.5,0.8571428571428571,0.8543085581085581,0.10035037096382991,0.028244031457746996,0.0028342990342989927,8.0,6.0,6.0,-0.3000000000000007,0
19.5,19.5,1.0,0.8683427627927629,0.11468789585917868,1.1479610487308485,0.1316572372072371,7.0,7.0,7.0,-0.5999999999999979,0
19.5,19.5,1.0,0.8683427627927629,0.11468789585917868,1.1479610487308485,0.1316572372072371,7.0,7.0,7.0,-0.8000000000000007,0
19.5,19.5,1.0,0.8683427627927629,0.11468789585917868,1.1479610487308485,0.1316572372072371,7.0,7.0,7.0,-0.6999999999999993,0
19.5,19.5,1.0,0.8683427627927629,0.11468789585917868,1.1479610487308485,0.1316572372072371,7.0,7.0,7.0,-0.3999999999999986,0
19.5,19.5,1.0,0.8683427627927629,0.11468789585917868,1.1479610487308485,0.1316572372072371,7.0,7.0,7.0,-0.3000000000000007,0
19.5,19.5,1.0,0.8683427627927629,0.11468789585917868,1.1479610487308485,0.1316572372072371,7.0,7.0,7.0,-0.3000000000000007,0
19.5,19.5,1.0,0.8683427627927629,0.11468789585917868,1.1479610487308485,0.1316572372072371,7.0,7.0,7.0,-0.3000000000000007,0
20.5,20.5,0.875,0.8239385374429493,0.11104318070102363,0.45983429360268663,0.051061462557050685,8.0,8.0,7.0,0.0,0
20.5,20.5,0.875,0.8239385374429493,0.11104318070102363,0.45983429360268663,0.051061462557050685,8.0,8.0,7.0,-0.1999999999999993,0
20.5,20.5,0.875,0.8239385374429493,0.11104318070102363,0.45983429360268663,0.051061462557050685,8.0,8.0,7.0,0.10000000000000142,0
20.5,20.5,0.875,0.8239385374429493,0.11104318070102363,0.45983429360268663,0.051061462557050685,8.0,8.0,7.0,0.1999999999999993,0
20.5,20.5,0.875,0.8239385374429493,0.11104318070102363,0.45983429360268663,0.051061462557050685,8.0,8.0,7.0,-0.3000000000000007,0
20.5,20.5,0.875,0.8239385374429493,0.11104318070102363,0.45983429360268663,0.051061462557050685,8.0,8.0,7.0,-0.3000000000000007,0
20.5,20.5,0.875,0.8239385374429493,0.11104318070102363,0.45983429360268663,0.051061462557050685,8.0,8.0,7.0,-0.29999999999999716,0
21.5,21.5,0.875,0.8046795950781245,0.11209445966910628,0.6273316730323304,0.07032040492187552,7.0,9.0,7.0,0.10000000000000142,0
21.5,21.5,0.875,0.8046795950781245,0.11209445966910628,0.6273316730323304,0.07032040492187552,7.0,9.0,7.0,0.1999999999999993,0
21.5,21.5,0.875,0.8046795950781245,0.11209445966910628,0.6273316730323304,0.07032040492187552,7.0,9.0,7.0,-0.3000000000000007,0
21.5,21.5,0.875,0.8046795950781245,0.11209445966910628,0.6273316730323304,0.07032040492187552,7.0,9.0,7.0,-0.3000000000000007,0
21.5,21.5,0.875,0.8046795950781245,0.11209445966910628,0.6273316730323304,0.07032040492187552,7.0,9.0,7.0,-0.29999999999999716,0
21.5,21.5,0.875,0.8046795950781245,0.11209445966910628,0.6273316730323304,0.07032040492187552,7.0,9.0,7.0,-0.20000000000000284,0
21.5,21.5,0.875,0.8046795950781245,0.11209445966910628,0.6273316730323304,0.07032040492187552,7.0,9.0,7.0,-0.09999999999999787,0
22.5,22.5,0.875,0.8057971587236293,0.1134933240254673,0.6097525283587774,0.06920284127637066,8.0,8.0,7.0,0.1999999999999993,0
22.5,22.5,0.875,0.8057971587236293,0.1134933240254673,0.6097525283587774,0.06920284127637066,8.0,8.0,7.0,-0.3000000000000007,0
22.5,22.5,0.875,0.8057971587236293,0.1134933240254673,0.6097525283587774,0.06920284127637066,8.0,8.0,7.0,-0.3000000000000007,0
22.5,22.5,0.875,0.8057971587236293,0.1134933240254673,0.6097525283587774,0.06920284127637066,8.0,8.0,7.0,-0.29999999999999716,0
22.5,22.5,0.875,0.8057971587236293,0.1134933240254673,0.6097525283587774,0.06920284127637066,8.0,8.0,7.0,-0.20000000000000284,0
22.5,22.5,0.875,0.8057971587236293,0.1134933240254673,0.6097525283587774,0.06920284127637066,8.0,8.0,7.0,-0.09999999999999787,0
22.5,22.5,0.875,0.8057971587236293,0.1134933240254673,0.6097525283587774,0.06920284127637066,8.0,8.0,7.0,-0.09999999999999787,0
23.5,23.5,0.9333333333333333,0.8545056703100822,0.11419391022357984,0.690296556698293,0.07882766302325117,7.0,8.0,7.0,-0.3000000000000007,0
23.5,23.5,0.9333333333333333,0.8545056703100822,0.11419391022357984,0.690296556698293,0.07882766302325117,7.0,8.0,7.0,-0.29999999999999716,0
23.5,23.5,0.9333333333333333,0.8545056703100822,0.11419391022357984,0.690296556698293,0.07882766302325117,7.0,8.0,7.0,-0.20000000000000284,0
23.5,23.5,0.9333333333333333,0.8545056703100822,0.11419391022357984,0.690296556698293,0.07882766302325117,7.0,8.0,7.0,-0.09999999999999787,0
23.5,23.5,0.9333333333333333,0.8545056703100822,0.11419391022357984,0.690296556698293,0.07882766302325117,7.0,8.0,7.0,-0.09999999999999787,0
23.5,23.5,0.9333333333333333,0.8545056703100822,0.11419391022357984,0.690296556698293,0.07882766302325117,7.0,8.0,7.0,-0.40000000000000213,0
23.5,23.5,0.9333333333333333,0.8545056703100822,0.11419391022357984,0.690296556698293,0.07882766302325117,7.0,8.0,7.0,0.0,0
24.5,24.5,0.9333333333333333,0.8616311244311244,0.11484881666107635,0.6243182210035748,0.07170220890220891,8.0,7.0,7.0,-0.29999999999999716,0
24.5,24.5,0.9333333333333333,0.8616311244311244,0.11484881666107635,0.6243182210035748,0.07170220890220891,8.0,7.0,7.0,-0.20000000000000284,0
24.5,24.5,0.9333333333333333,0.8616311244311244,0.11484881666107635,0.6243182210035748,0.07170220890220891,8.0,7.0,7.0,-0.09999999999999787,0
24.5,24.5,0.9333333333333333,0.8616311244311244,0.11484881666107635,0.6243182210035748,0.07170220890220891,8.0,7.0,7.0,-0.09999999999999787,0
24.5,24.5,0.9333333333333333,0.8616311244311244,0.11484881666107635,0.6243182210035748,0.07170220890220891,8.0,7.0,7.0,-0.40000000000000213,0
24.5,24.5,0.9333333333333333,0.8616311244311244,0.11484881666107635,0.6243182210035748,0.07170220890220891,8.0,7.0,7.0,0.0,0
24.5,24.5,0.9333333333333333,0.8616311244311244,0.11484881666107635,0.6243182210035748,0.07170220890220891,8.0,7.0,7.0,-0.1999999999999993,0
25.5,25.5,0.8571428571428571,0.80577055999556,0.11823089176617574,0.4345082438259507,0.051372297147297075,7.0,7.0,6.0,-0.09999999999999787,0
25.5,25.5,0.8571428571428571,0.80577055999556,0.11823089176617574,0.4345082438259507,0.051372297147297075,7.0,7.0,6.0,-0.09999999999999787,0
25.5,25.5,0.8571428571428571,0.80577055999556,0.11823089176617574,0.4345082438259507,0.051372297147297075,7.0,7.0,6.0,-0.40000000000000213,0
25.5,25.5,0.8571428571428571,0.80577055999556,0.11823089176617574,0.4345082438259507,0.051372297147297075,7.0,7.0,6.0,0.0,0
25.5,25.5,0.8571428571428571,0.80577055999556,0.11823089176617574,0.4345082438259507,0.051372297147297075,7.0,7.0,6.0,-0.1999999999999993,0
25.5,25.5,0.8571428571428571,0.80577055999556,0.11823089176617574,0.4345082438259507,0.051372297147297075,7.0,7.0,6.0,-0.3000000000000007,0
26.5,26.5,0.9230769230769231,0.819809546009546,0.10914587245451601,0.9461409281456004,0.1032673770673771,7.0,6.0,6.0,-0.09999999999999787,0
26.5,26.5,0.9230769230769231,0.819809546009546,0.10914587245451601,0.9461409281456004,0.1032673770673771,7.0,6.0,6.0,-0.40000000000000213,0
26.5,26.5,0.9230769230769231,0.819809546009546,0.10914587245451601,0.9461409281456004,0.1032673770673771,7.0,6.0,6.0,0.0,0
26.5,26.5,0.9230769230769231,0.819809546009546,0.10914587245451601,0.9461409281456004,0.1032673770673771,7.0,6.0,6.0,-0.1999999999999993,0
26.5,26.5,0.9230769230769231,0.819809546009546,0.10914587245451601,0.9461409281456004,0.1032673770673771,7.0,6.0,6.0,-0.3000000000000007,0
26.5,26.5,0.9230769230769231,0.819809546009546,0.10914587245451601,0.9461409281456004,0.1032673770673771,7.0,6.0,6.0,-0.5,0
27.5,27.5,0.8333333333333334,0.7758768231768233,0.09958491671673302,0.5769599659348394,0.0574565101565101,6.0,6.0,5.0,0.0,0
27.5,27.5,0.8333333333333334,0.7758768231768233,0.09958491671673302,0.5769599659348394,0.0574565101565101,6.0,6.0,5.0,-0.1999999999999993,0
27.5,27.5,0.8333333333333334,0.7758768231768233,0.09958491671673302,0.5769599659348394,0.0574565101565101,6.0,6.0,5.0,-0.3000000000000007,0
27.5,27.5,0.8333333333333334,0.7758768231768233,0.09958491671673302,0.5769599659348394,0.0574565101565101,6.0,6.0,5.0,-0.5,0
27.5,27.5,0.8333333333333334,0.7758768231768233,0.09958491671673302,0.5769599659348394,0.0574565101565101,6.0,6.0,5.0,-0.5999999999999979,0
28.5,28.5,0.8,0.7963844877344877,0.08232343160252834,0.04391838623745292,0.0036155122655123773,5.0,5.0,4.0,-0.1999999999999993,0
28.5,28.5,0.8,0.7963844877344877,0.08232343160252834,0.04391838623745292,0.0036155122655123773,5.0,5.0,4.0,-0.3000000000000007,0
28.5,28.5,0.8,0.7963844877344877,0.08232343160252834,0.04391838623745292,0.0036155122655123773,5.0,5.0,4.0,-0.5,0
28.5,28.5,0.8,0.7963844877344877,0.08232343160252834,0.04391838623745292,0.0036155122655123773,5.0,5.0,4.0,-0.5999999999999979,0
29.5,29.5,0.8888888888888888,0.8140526529026528,0.07641123834051838,0.9793878179638504,0.07483623598623601,4.0,5.0,4.0,0.6999999999999993,0
29.5,29.5,0.8888888888888888,0.8140526529026528,0.07641123834051838,0.9793878179638504,0.07483623598623601,4.0,5.0,4.0,-0.5,0
29.5,29.5,0.8888888888888888,0.8140526529026528,0.07641123834051838,0.9793878179638504,0.07483623598623601,4.0,5.0,4.0,-0.5999999999999979,0
29.5,29.5,0.8888888888888888,0.8140526529026528,0.07641123834051838,0.9793878179638504,0.07483623598623601,4.0,5.0,4.0,0.1999999999999993,0
30.5,30.5,0.9090909090909091,0.8792932733932735,0.08476834730153132,0.351518422220051,0.029797635697635605,5.0,6.0,5.0,-0.5,0
30.5,30.5,0.9090909090909091,0.8792932733932735,0.08476834730153132,0.351518422220051,0.029797635697635605,5.0,6.0,5.0,-0.5999999999999979,0
30.5,30.5,0.9090909090909091,0.8792932733932735,0.08476834730153132,0.351518422220051,0.029797635697635605,5.0,6.0,5.0,0.1999999999999993,0
30.5,30.5,0.9090909090909091,0.8792932733932735,0.08476834730153132,0.351518422220051,0.029797635697635605,5.0,6.0,5.0,-0.29999999999999716,0
30.5,30.5,0.9090909090909091,0.8792932733932735,0.08476834730153132,0.351518422220051,0.029797635697635605,5.0,6.0,5.0,0.10000000000000142,0
31.5,31.5,0.8333333333333334,0.8830010156510157,0.10359696491748115,-0.4794318285023556,-0.04966768231768237,5.0,7.0,5.0,-0.5999999999999979,0
31.5,31.5,0.8333333333333334,0.8830010156510157,0.10359696491748115,-0.4794318285023556,-0.04966768231768237,5.0,7.0,5.0,0.1999999999999993,0
31.5,31.5,0.8333333333333334,0.8830010156510157,0.10359696491748115,-0.4794318285023556,-0.04966768231768237,5.0,7.0,5.0,-0.29999999999999716,0
31.5,31.5,0.8333333333333334,0.8830010156510157,0.10359696491748115,-0.4794318285023556,-0.04966768231768237,5.0,7.0,5.0,0.10000000000000142,0
31.5,31.5,0.8333333333333334,0.8830010156510157,0.10359696491748115,-0.4794318285023556,-0.04966768231768237,5.0,7.0,5.0,0.20000000000000284,0
32.5,32.5,0.8571428571428571,0.8674457914634386,0.11462421935536117,-0.08988444482784262,-0.010302934320581492,6.0,8.0,6.0,0.1999999999999993,0
32.5,32.5,0.8571428571428571,0.8674457914634386,0.11462421935536117,-0.08988444482784262,-0.010302934320581492,6.0,8.0,6.0,-0.29999999999999716,0
32.5,32.5,0.8571428571428571,0.8674457914634386,0.11462421935536117,-0.08988444482784262,-0.010302934320581492,6.0,8.0,6.0,0.10000000000000142,0
32.5,32.5,0.8571428571428571,0.8674457914634386,0.11462421935536117,-0.08988444482784262,-0.010302934320581492,6.0,8.0,6.0,0.20000000000000284,0
32.5,32.5,0.8571428571428571,0.8674457914634386,0.11462421935536117,-0.08988444482784262,-0.010302934320581492,6.0,8.0,6.0,0.09999999999999432,0
32.5,32.5,0.8571428571428571,0.8674457914634386,0.11462421935536117,-0.08988444482784262,-0.010302934320581492,6.0,8.0,6.0,-0.10000000000000142,0
33.5,33.5,0.9333333333333333,0.8565317868406105,0.11311087179608258,0.6789934979122207,0.07680154649272286,7.0,8.0,7.0,0.1999999999999993,0
33.5,33.5,0.9333333333333333,0.8565317868406105,0.11311087179608258,0.6789934979122207,0.07680154649272286,7.0,8.0,7.0,-0.29999999999999716,0
33.5,33.5,0.9333333333333333,0.8565317868406105,0.11311087179608258,0.6789934979122207,0.07680154649272286,7.0,8.0,7.0,0.10000000000000142,0
33.5,33.5,0.9333333333333333,0.8565317868406105,0.11311087179608258,0.6789934979122207,0.07680154649272286,7.0,8.0,7.0,0.20000000000000284,0
33.5,33.5,0.9333333333333333,0.8565317868406105,0.11311087179608258,0.6789934979122207,0.07680154649272286,7.0,8.0,7.0,0.09999999999999432,0
33.5,33.5,0.9333333333333333,0.8565317868406105,0.11311087179608258,0.6789934979122207,0.07680154649272286,7.0,8.0,7.0,-0.10000000000000142,0
33.5,33.5,0.9333333333333333,0.8565317868406105,0.11311087179608258,0.6789934979122207,0.07680154649272286,7.0,8.0,7.0,-0.20000000000000284,0
34.5,34.5,0.875,0.8166031292237176,0.10819251619716763,0.5397496317569809,0.05839687077628242,8.0,8.0,7.0,-0.29999999999999716,0
34.5,34.5,0.875,0.8166031292237176,0.10819251619716763,0.5397496317569809,0.05839687077628242,8.0,8.0,7.0,0.10000000000000142,0
34.5,34.5,0.875,0.8166031292237176,0.10819251619716763,0.5397496317569809,0.05839687077628242,8.0,8.0,7.0,0.20000000000000284,0
34.5,34.5,0.875,0.8166031292237176,0.10819251619716763,0.5397496317569809,0.05839687077628242,8.0,8.0,7.0,0.09999999999999432,0
34.5,34.5,0.875,0.8166031292237176,0.10819251619716763,0.5397496317569809,0.05839687077628242,8.0,8.0,7.0,-0.10000000000000142,0
34.5,34.5,0.875,0.8166031292237176,0.10819251619716763,0.5397496317569809,0.05839687077628242,8.0,8.0,7.0,-0.20000000000000284,0
34.5,34.5,0.875,0.8166031292237176,0.10819251619716763,0.5397496317569809,0.05839687077628242,8.0,8.0,7.0,-0.5,0
35.5,35.5,0.9333333333333333,0.8645295851207617,0.10538318476151655,0.6528911454733064,0.06880374821257162,7.0,8.0,7.0,0.20000000000000284,0
35.5,35.5,0.9333333333333333,0.8645295851207617,0.10538318476151655,0.6528911454733064,0.06880374821257162,7.0,8.0,7.0,0.09999999999999432,0
35.5,35.5,0.9333333333333333,0.8645295851207617,0.10538318476151655,0.6528911454733064,0.06880374821257162,7.0,8.0,7.0,-0.10000000000000142,0
35.5,35.5,0.9333333333333333,0.8645295851207617,0.10538318476151655,0.6528911454733064,0.06880374821257162,7.0,8.0,7.0,-0.20000000000000284,0
35.5,35.5,0.9333333333333333,0.8645295851207617,0.10538318476151655,0.6528911454733064,0.06880374821257162,7.0,8.0,7.0,-0.5,0
35.5,35.5,0.9333333333333333,0.8645295851207617,0.10538318476151655,0.6528911454733064,0.06880374821257162,7.0,8.0,7.0,-0.29999999999999716,0
35.5,35.5,0.9333333333333333,0.8645295851207617,0.10538318476151655,0.6528911454733064,0.06880374821257162,7.0,8.0,7.0,0.0,0
36.5,36.5,1.0,0.8708786943448709,0.11087745036976909,1.1645407179234188,0.12912130565512914,8.0,8.0,8.0,0.09999999999999432,0
36.5,36.5,1.0,0.8708786943448709,0.11087745036976909,1.1645407179234188,0.12912130565512914,8.0,8.0,8.0,-0.10000000000000142,0
36.5,36.5,1.0,0.8708786943448709,0.11087745036976909,1.1645407179234188,0.12912130565512914,8.0,8.0,8.0,-0.20000000000000284,0
36.5,36.5,1.0,0.8708786943448709,0.11087745036976909,1.1645407179234188,0.12912130565512914,8.0,8.0,8.0,-0.5,0
36.5,36.5,1.0,0.8708786943448709,0.11087745036976909,1.1645407179234188,0.12912130565512914,8.0,8.0,8.0,-0.29999999999999716,0
36.5,36.5,1.0,0.8708786943448709,0.11087745036976909,1.1645407179234188,0.12912130565512914,8.0,8.0,8.0,0.0,0
36.5,36.5,1.0,0.8708786943448709,0.11087745036976909,1.1645407179234188,0.12912130565512914,8.0,8.0,8.0,0.09999999999999432,0
36.5,36.5,1.0,0.8708786943448709,0.11087745036976909,1.1645407179234188,0.12912130565512914,8.0,8.0,8.0,0.20000000000000284,0
37.5,37.5,0.9333333333333333,0.8327806350512234,0.11008448431887989,0.9134139011892055,0.10055269828211,7.0,8.0,7.0,-0.20000000000000284,0
37.5,37.5,0.9333333333333333,0.8327806350512234,0.11008448431887989,0.9134139011892055,0.10055269828211,7.0,8.0,7.0,-0.5,0
37.5,37.5,0.9333333333333333,0.8327806350512234,0.11008448431887989,0.9134139011892055,0.10055269828211,7.0,8.0,7.0,-0.29999999999999716,0
37.5,37.5,0.9333333333333333,0.8327806350512234,0.11008448431887989,0.9134139011892055,0.10055269828211,7.0,8.0,7.0,0.0,0
37.5,37.5,0.9333333333333333,0.8327806350512234,0.11008448431887989,0.9134139011892055,0.10055269828211,7.0,8.0,7.0,0.09999999999999432,0
37.5,37.5,0.9333333333333333,0.8327806350512234,0.11008448431887989,0.9134139011892055,0.10055269828211,7.0,8.0,7.0,0.20000000000000284,0
37.5,37.5,0.9333333333333333,0.8327806350512234,0.11008448431887989,0.9134139011892055,0.10055269828211,7.0,8.0,7.0,0.10000000000000142,0
38.5,38.5,0.9333333333333333,0.8672095228301111,0.11280952425798901,0.5861545019195438,0.06612381050322225,7.0,8.0,7.0,-0.5,0
38.5,38.5,0.9333333333333333,0.8672095228301111,0.11280952425798901,0.5861545019195438,0.06612381050322225,7.0,8.0,7.0,-0.29999999999999716,0
38.5,38.5,0.9333333333333333,0.8672095228301111,0.11280952425798901,0.5861545019195438,0.06612381050322225,7.0,8.0,7.0,0.0,0
38.5,38.5,0.9333333333333333,0.8672095228301111,0.11280952425798901,0.5861545019195438,0.06612381050322225,7.0,8.0,7.0,0.09999999999999432,0
38.5,38.5,0.9333333333333333,0.8672095228301111,0.11280952425798901,0.5861545019195438,0.06612381050322225,7.0,8.0,7.0,0.20000000000000284,0
38.5,38.5,0.9333333333333333,0.8672095228301111,0.11280952425798901,0.5861545019195438,0.06612381050322225,7.0,8.0,7.0,0.10000000000000142,0
38.5,38.5,0.9333333333333333,0.8672095228301111,0.11280952425798901,0.5861545019195438,0.06612381050322225,7.0,8.0,7.0,0.0,0
39.5,39.5,0.9333333333333333,0.8300568539303834,0.1143030781686508,0.9035319175794071,0.10327647940294993,7.0,8.0,7.0,-0.29999999999999716,0
39.5,39.5,0.9333333333333333,0.8300568539303834,0.1143030781686508,0.9035319175794071,0.10327647940294993,7.0,8.0,7.0,0.0,0
39.5,39.5,0.9333333333333333,0.8300568539303834,0.1143030781686508,0.9035319175794071,0.10327647940294993,7.0,8.0,7.0,0.09999999999999432,0
39.5,39.5,0.9333333333333333,0.8300568539303834,0.1143030781686508,0.9035319175794071,0.10327647940294993,7.0,8.0,7.0,0.20000000000000284,0
39.5,39.5,0.9333333333333333,0.8300568539303834,0.1143030781686508,0.9035319175794071,0.10327647940294993,7.0,8.0,7.0,0.10000000000000142,0
39.5,39.5,0.9333333333333333,0.8300568539303834,0.1143030781686508,0.9035319175794071,0.10327647940294993,7.0,8.0,7.0,0.0,0
39.5,39.5,0.9333333333333333,0.8300568539303834,0.1143030781686508,0.9035319175794071,0.10327647940294993,7.0,8.0,7.0,0.20000000000000284,0
40.5,40.5,0.7692307692307693,0.7763728882228883,0.12603012289610221,-0.05666993594862166,-0.007142118992119029,7.0,6.0,5.0,0.09999999999999432,0
40.5,40.5,0.7692307692307693,0.7763728882228883,0.12603012289610221,-0.05666993594862166,-0.007142118992119029,7.0,6.0,5.0,0.20000000000000284,0
40.5,40.5,0.7692307692307693,0.7763728882228883,0.12603012289610221,-0.05666993594862166,-0.007142118992119029,7.0,6.0,5.0,0.10000000000000142,0
40.5,40.5,0.7692307692307693,0.7763728882228883,0.12603012289610221,-0.05666993594862166,-0.007142118992119029,7.0,6.0,5.0,0.0,0
40.5,40.5,0.7692307692307693,0.7763728882228883,0.12603012289610221,-0.05666993594862166,-0.007142118992119029,7.0,6.0,5.0,0.20000000000000284,0
41.5,41.5,0.8571428571428571,0.8503586413586415,0.09119266834926044,0.07439431159347842,0.006784215784215619,8.0,6.0,6.0,-0.5,0
41.5,41.5,0.8571428571428571,0.8503586413586415,0.09119266834926044,0.07439431159347842,0.006784215784215619,8.0,6.0,6.0,-0.6000000000000014,0
41.5,41.5,0.8571428571428571,0.8503586413586415,0.09119266834926044,0.07439431159347842,0.006784215784215619,8.0,6.0,6.0,0.0,0
41.5,41.5,0.8571428571428571,0.8503586413586415,0.09119266834926044,0.07439431159347842,0.006784215784215619,8.0,6.0,6.0,0.20000000000000284,0
41.5,41.5,0.8571428571428571,0.8503586413586415,0.09119266834926044,0.07439431159347842,0.006784215784215619,8.0,6.0,6.0,-0.5999999999999943,0
41.5,41.5,0.8571428571428571,0.8503586413586415,0.09119266834926044,0.07439431159347842,0.006784215784215619,8.0,6.0,6.0,-0.6999999999999957,0
42.5,42.5,0.7692307692307693,0.8290293706293708,0.0923160330677286,-0.647759651400203,-0.05979860139860149,7.0,6.0,5.0,0.0,0
42.5,42.5,0.7692307692307693,0.8290293706293708,0.0923160330677286,-0.647759651400203,-0.05979860139860149,7.0,6.0,5.0,0.20000000000000284,0
42.5,42.5,0.7692307692307693,0.8290293706293708,0.0923160330677286,-0.647759651400203,-0.05979860139860149,7.0,6.0,5.0,-0.5999999999999943,0
42.5,42.5,0.7692307692307693,0.8290293706293708,0.0923160330677286,-0.647759651400203,-0.05979860139860149,7.0,6.0,5.0,-0.6999999999999957,0
42.5,42.5,0.7692307692307693,0.8290293706293708,0.0923160330677286,-0.647759651400203,-0.05979860139860149,7.0,6.0,5.0,-0.8000000000000043,0
43.5,43.5,0.8571428571428571,0.8511173826173827,0.10422214893847682,0.057813762111461574,0.006025474525474417,8.0,6.0,6.0,0.20000000000000284,0
43.5,43.5,0.8571428571428571,0.8511173826173827,0.10422214893847682,0.057813762111461574,0.006025474525474417,8.0,6.0,6.0,-0.5999999999999943,0
43.5,43.5,0.8571428571428571,0.8511173826173827,0.10422214893847682,0.057813762111461574,0.006025474525474417,8.0,6.0,6.0,-0.6999999999999957,0
43.5,43.5,0.8571428571428571,0.8511173826173827,0.10422214893847682,0.057813762111461574,0.006025474525474417,8.0,6.0,6.0,-0.8000000000000043,0
43.5,43.5,0.8571428571428571,0.8511173826173827,0.10422214893847682,0.057813762111461574,0.006025474525474417,8.0,6.0,6.0,-0.29999999999999716,0
43.5,43.5,0.8571428571428571,0.8511173826173827,0.10422214893847682,0.057813762111461574,0.006025474525474417,8.0,6.0,6.0,-0.3999999999999986,0
44.5,44.5,0.8,0.865839160839161,0.09647221662039726,-0.6824675864785769,-0.06583916083916097,9.0,6.0,6.0,-0.5999999999999943,0
44.5,44.5,0.8,0.865839160839161,0.09647221662039726,-0.6824675864785769,-0.06583916083916097,9.0,6.0,6.0,-0.6999999999999957,0
44.5,44.5,0.8,0.865839160839161,0.09647221662039726,-0.6824675864785769,-0.06583916083916097,9.0,6.0,6.0,-0.8000000000000043,0
44.5,44.5,0.8,0.865839160839161,0.09647221662039726,-0.6824675864785769,-0.06583916083916097,9.0,6.0,6.0,-0.29999999999999716,0
44.5,44.5,0.8,0.865839160839161,0.09647221662039726,-0.6824675864785769,-0.06583916083916097,9.0,6.0,6.0,-0.3999999999999986,0
44.5,44.5,0.8,0.865839160839161,0.09647221662039726,-0.6824675864785769,-0.06583916083916097,9.0,6.0,6.0,-0.6000000000000014,0
45.5,45.5,0.9333333333333333,0.8662377529333412,0.11614298213817865,0.5776981025006457,0.0670955803999922,7.0,8.0,7.0,-0.09999999999999432,0
45.5,45.5,0.9333333333333333,0.8662377529333412,0.11614298213817865,0.5776981025006457,0.0670955803999922,7.0,8.0,7.0,-0.10000000000000142,0
45.5,45.5,0.9333333333333333,0.8662377529333412,0.11614298213817865,0.5776981025006457,0.0670955803999922,7.0,8.0,7.0,-0.30000000000000426,0
45.5,45.5,0.9333333333333333,0.8662377529333412,0.11614298213817865,0.5776981025006457,0.0670955803999922,7.0,8.0,7.0,-0.29999999999999716,0
45.5,45.5,0.9333333333333333,0.8662377529333412,0.11614298213817865,0.5776981025006457,0.0670955803999922,7.0,8.0,7.0,-0.3999999999999986,0
45.5,45.5,0.9333333333333333,0.8662377529333412,0.11614298213817865,0.5776981025006457,0.0670955803999922,7.0,8.0,7.0,-0.6000000000000014,0
45.5,45.5,0.9333333333333333,0.8662377529333412,0.11614298213817865,0.5776981025006457,0.0670955803999922,7.0,8.0,7.0,-0.5,0
46.5,46.5,0.9333333333333333,0.8684070840923782,0.11664493816005518,0.5566143740576734,0.06492624924095514,7.0,8.0,7.0,-0.30000000000000426,0
46.5,46.5,0.9333333333333333,0.8684070840923782,0.11664493816005518,0.5566143740576734,0.06492624924095514,7.0,8.0,7.0,-0.29999999999999716,0
46.5,46.5,0.9333333333333333,0.8684070840923782,0.11664493816005518,0.5566143740576734,0.06492624924095514,7.0,8.0,7.0,-0.3999999999999986,0
46.5,46.5,0.9333333333333333,0.8684070840923782,0.11664493816005518,0.5566143740576734,0.06492624924095514,7.0,8.0,7.0,-0.6000000000000014,0
46.5,46.5,0.9333333333333333,0.8684070840923782,0.11664493816005518,0.5566143740576734,0.06492624924095514,7.0,8.0,7.0,-0.5,0
46.5,46.5,0.9333333333333333,0.8684070840923782,0.11664493816005518,0.5566143740576734,0.06492624924095514,7.0,8.0,7.0,-0.10000000000000142,0
46.5,46.5,0.9333333333333333,0.8684070840923782,0.11664493816005518,0.5566143740576734,0.06492624924095514,7.0,8.0,7.0,-0.10000000000000142,0
47.5,47.5,0.875,0.819304690897338,0.11575094989189906,0.4811650284915705,0.05569530910266196,7.0,9.0,7.0,-0.29999999999999716,0
47.5,47.5,0.875,0.819304690897338,0.11575094989189906,0.4811650284915705,0.05569530910266196,7.0,9.0,7.0,-0.3999999999999986,0
47.5,47.5,0.875,0.819304690897338,0.11575094989189906,0.4811650284915705,0.05569530910266196,7.0,9.0,7.0,-0.6000000000000014,0
47.5,47.5,0.875,0.819304690897338,0.11575094989189906,0.4811650284915705,0.05569530910266196,7.0,9.0,7.0,-0.5,0
47.5,47.5,0.875,0.819304690897338,0.11575094989189906,0.4811650284915705,0.05569530910266196,7.0,9.0,7.0,-0.10000000000000142,0
47.5,47.5,0.875,0.819304690897338,0.11575094989189906,0.4811650284915705,0.05569530910266196,7.0,9.0,7.0,-0.10000000000000142,0
47.5,47.5,0.875,0.819304690897338,0.11575094989189906,0.4811650284915705,0.05569530910266196,7.0,9.0,7.0,-0.09999999999999432,0
48.5,48.5,0.8,0.788680726299844,0.11669744911391651,0.09699675345179594,0.011319273700156063,6.0,9.0,6.0,0.10000000000000142,0
48.5,48.5,0.8,0.788680726299844,0.11669744911391651,0.09699675345179594,0.011319273700156063,6.0,9.0,6.0,0.19999999999999574,0
48.5,48.5,0.8,0.788680726299844,0.11669744911391651,0.09699675345179594,0.011319273700156063,6.0,9.0,6.0,-0.10000000000000142,0
48.5,48.5,0.8,0.788680726299844,0.11669744911391651,0.09699675345179594,0.011319273700156063,6.0,9.0,6.0,-0.10000000000000142,0
48.5,48.5,0.8,0.788680726299844,0.11669744911391651,0.09699675345179594,0.011319273700156063,6.0,9.0,6.0,-0.09999999999999432,0
48.5,48.5,0.8,0.788680726299844,0.11669744911391651,0.09699675345179594,0.011319273700156063,6.0,9.0,6.0,0.10000000000000142,0
49.5,49.5,0.7142857142857143,0.8168168953595424,0.11232326785603422,-0.9128222765495325,-0.10253118107382808,5.0,9.0,5.0,-0.10000000000000142,0
49.5,49.5,0.7142857142857143,0.8168168953595424,0.11232326785603422,-0.9128222765495325,-0.10253118107382808,5.0,9.0,5.0,-0.10000000000000142,0
49.5,49.5,0.7142857142857143,0.8168168953595424,0.11232326785603422,-0.9128222765495325,-0.10253118107382808,5.0,9.0,5.0,-0.09999999999999432,0
49.5,49.5,0.7142857142857143,0.8168168953595424,0.11232326785603422,-0.9128222765495325,-0.10253118107382808,5.0,9.0,5.0,0.10000000000000142,0
49.5,49.5,0.7142857142857143,0.8168168953595424,0.11232326785603422,-0.9128222765495325,-0.10253118107382808,5.0,9.0,5.0,0.09999999999999432,0
50.5,50.5,0.9333333333333333,0.8420236053162524,0.1078728224516799,0.8464572071244527,0.09130972801708093,7.0,8.0,7.0,-0.10000000000000142,0
50.5,50.5,0.9333333333333333,0.8420236053162524,0.1078728224516799,0.8464572071244527,0.09130972801708093,7.0,8.0,7.0,-0.10000000000000142,0
50.5,50.5,0.9333333333333333,0.8420236053162524,0.1078728224516799,0.8464572071244527,0.09130972801708093,7.0,8.0,7.0,-0.09999999999999432,0
50.5,50.5,0.9333333333333333,0.8420236053162524,0.1078728224516799,0.8464572071244527,0.09130972801708093,7.0,8.0,7.0,0.10000000000000142,0
50.5,50.5,0.9333333333333333,0.8420236053162524,0.1078728224516799,0.8464572071244527,0.09130972801708093,7.0,8.0,7.0,0.09999999999999432,0
50.5,50.5,0.9333333333333333,0.8420236053162524,0.1078728224516799,0.8464572071244527,0.09130972801708093,7.0,8.0,7.0,0.4000000000000057,0
50.5,50.5,0.9333333333333333,0.8420236053162524,0.1078728224516799,0.8464572071244527,0.09130972801708093,7.0,8.0,7.0,0.0,0
51.5,51.5,0.8571428571428571,0.8596295787545789,0.10533631584731849,-0.02360744812193954,-0.0024867216117218094,7.0,7.0,6.0,-0.09999999999999432,0
51.5,51.5,0.8571428571428571,0.8596295787545789,0.10533631584731849,-0.02360744812193954,-0.0024867216117218094,7.0,7.0,6.0,0.10000000000000142,0
51.5,51.5,0.8571428571428571,0.8596295787545789,0.10533631584731849,-0.02360744812193954,-0.0024867216117218094,7.0,7.0,6.0,0.09999999999999432,0
51.5,51.5,0.8571428571428571,0.8596295787545789,0.10533631584731849,-0.02360744812193954,-0.0024867216117218094,7.0,7.0,6.0,0.4000000000000057,0
51.5,51.5,0.8571428571428571,0.8596295787545789,0.10533631584731849,-0.02360744812193954,-0.0024867216117218094,7.0,7.0,6.0,0.0,0
51.5,51.5,0.8571428571428571,0.8596295787545789,0.10533631584731849,-0.02360744812193954,-0.0024867216117218094,7.0,7.0,6.0,-0.10000000000000142,0
52.5,52.5,0.9230769230769231,0.857647052947053,0.09524429744591228,0.6869688987629595,0.06542987012987012,7.0,6.0,6.0,0.10000000000000142,0
52.5,52.5,0.9230769230769231,0.857647052947053,0.09524429744591228,0.6869688987629595,0.06542987012987012,7.0,6.0,6.0,0.09999999999999432,0
52.5,52.5,0.9230769230769231,0.857647052947053,0.09524429744591228,0.6869688987629595,0.06542987012987012,7.0,6.0,6.0,0.4000000000000057,0
52.5,52.5,0.9230769230769231,0.857647052947053,0.09524429744591228,0.6869688987629595,0.06542987012987012,7.0,6.0,6.0,0.0,0
52.5,52.5,0.9230769230769231,0.857647052947053,0.09524429744591228,0.6869688987629595,0.06542987012987012,7.0,6.0,6.0,-0.10000000000000142,0
52.5,52.5,0.9230769230769231,0.857647052947053,0.09524429744591228,0.6869688987629595,0.06542987012987012,7.0,6.0,6.0,-0.20000000000000284,0
53.5,53.5,0.8571428571428571,0.8235626040626042,0.10042017367497792,0.334397480619178,0.03358025308025292,8.0,6.0,6.0,0.09999999999999432,0
53.5,53.5,0.8571428571428571,0.8235626040626042,0.10042017367497792,0.334397480619178,0.03358025308025292,8.0,6.0,6.0,0.4000000000000057,0
53.5,53.5,0.8571428571428571,0.8235626040626042,0.10042017367497792,0.334397480619178,0.03358025308025292,8.0,6.0,6.0,0.0,0
53.5,53.5,0.8571428571428571,0.8235626040626042,0.10042017367497792,0.334397480619178,0.03358025308025292,8.0,6.0,6.0,-0.10000000000000142,0
53.5,53.5,0.8571428571428571,0.8235626040626042,0.10042017367497792,0.334397480619178,0.03358025308025292,8.0,6.0,6.0,-0.20000000000000284,0
53.5,53.5,0.8571428571428571,0.8235626040626042,0.10042017367497792,0.334397480619178,0.03358025308025292,8.0,6.0,6.0,-0.7999999999999972,0
54.5,54.5,0.7692307692307693,0.8125113664113666,0.07883542795804685,-0.5489993306515637,-0.04328059718059729,8.0,5.0,5.0,-0.6999999999999957,0
54.5,54.5,0.7692307692307693,0.8125113664113666,0.07883542795804685,-0.5489993306515637,-0.04328059718059729,8.0,5.0,5.0,-0.7000000000000028,0
54.5,54.5,0.7692307692307693,0.8125113664113666,0.07883542795804685,-0.5489993306515637,-0.04328059718059729,8.0,5.0,5.0,-0.7000000000000028,0
54.5,54.5,0.7692307692307693,0.8125113664113666,0.07883542795804685,-0.5489993306515637,-0.04328059718059729,8.0,5.0,5.0,-0.7999999999999972,0
54.5,54.5,0.7692307692307693,0.8125113664113666,0.07883542795804685,-0.5489993306515637,-0.04328059718059729,8.0,5.0,5.0,-1.0,0
55.5,55.5,0.8333333333333334,0.8043449328449329,0.07973631681123307,0.3635532922473369,0.028988400488400456,7.0,5.0,5.0,-0.10000000000000142,0
55.5,55.5,0.8333333333333334,0.8043449328449329,0.07973631681123307,0.3635532922473369,0.028988400488400456,7.0,5.0,5.0,-0.20000000000000284,0
55.5,55.5,0.8333333333333334,0.8043449328449329,0.07973631681123307,0.3635532922473369,0.028988400488400456,7.0,5.0,5.0,-0.7999999999999972,0
55.5,55.5,0.8333333333333334,0.8043449328449329,0.07973631681123307,0.3635532922473369,0.028988400488400456,7.0,5.0,5.0,-1.0,0
55.5,55.5,0.8333333333333334,0.8043449328449329,0.07973631681123307,0.3635532922473369,0.028988400488400456,7.0,5.0,5.0,-0.8999999999999986,0
56.5,56.5,0.8333333333333334,0.8631078921078922,0.09135539553715064,-0.3259200904280544,-0.029774558774558813,6.0,6.0,5.0,-0.20000000000000284,0
56.5,56.5,0.8333333333333334,0.8631078921078922,0.09135539553715064,-0.3259200904280544,-0.029774558774558813,6.0,6.0,5.0,-0.7999999999999972,0
56.5,56.5,0.8333333333333334,0.8631078921078922,0.09135539553715064,-0.3259200904280544,-0.029774558774558813,6.0,6.0,5.0,-1.0,0
56.5,56.5,0.8333333333333334,0.8631078921078922,0.09135539553715064,-0.3259200904280544,-0.029774558774558813,6.0,6.0,5.0,-0.8999999999999986,0
56.5,56.5,0.8333333333333334,0.8631078921078922,0.09135539553715064,-0.3259200904280544,-0.029774558774558813,6.0,6.0,5.0,-0.5999999999999943,0
57.5,57.5,0.7272727272727273,0.8837393911643913,0.11534110262911153,-1.3565559919675378,-0.15646666389166397,4.0,7.0,4.0,-0.19999999999999574,0
57.5,57.5,0.7272727272727273,0.8837393911643913,0.11534110262911153,-1.3565559919675378,-0.15646666389166397,4.0,7.0,4.0,-1.0,0
57.5,57.5,0.7272727272727273,0.8837393911643913,0.11534110262911153,-1.3565559919675378,-0.15646666389166397,4.0,7.0,4.0,-0.8999999999999986,0
57.5,57.5,0.7272727272727273,0.8837393911643913,0.11534110262911153,-1.3565559919675378,-0.15646666389166397,4.0,7.0,4.0,-0.5999999999999943,0
58.5,58.5,0.4444444444444444,0.8991001276501277,0.10611082350188013,-4.284724858417741,-0.4546556832056833,2.0,7.0,2.0,-0.19999999999999574,0
58.5,58.5,0.4444444444444444,0.8991001276501277,0.10611082350188013,-4.284724858417741,-0.4546556832056833,2.0,7.0,2.0,0.10000000000000142,0
59.5,59.5,0.4,0.8641521855595387,0.11860091380407181,-3.91356331643714,-0.46415218555953863,2.0,8.0,2.0,0.10000000000000142,0
59.5,59.5,0.4,0.8641521855595387,0.11860091380407181,-3.91356331643714,-0.46415218555953863,2.0,8.0,2.0,-0.10000000000000142,0
60.5,60.5,0.36363636363636365,0.8130405690714514,0.11728796646847262,-3.8316309760207927,-0.44940420543508774,2.0,9.0,2.0,-0.10000000000000142,0
60.5,60.5,0.36363636363636365,0.8130405690714514,0.11728796646847262,-3.8316309760207927,-0.44940420543508774,2.0,9.0,2.0,0.0,0
61.5,61.5,0.5,0.8109137442622737,0.1165813416295714,-2.6669254266276945,-0.3109137442622737,3.0,9.0,3.0,-0.10000000000000142,0
61.5,61.5,0.5,0.8109137442622737,0.1165813416295714,-2.6669254266276945,-0.3109137442622737,3.0,9.0,3.0,0.0,0
61.5,61.5,0.5,0.8109137442622737,0.1165813416295714,-2.6669254266276945,-0.3109137442622737,3.0,9.0,3.0,-0.09999999999999432,0
62.5,62.5,0.5714285714285714,0.7662313192483471,0.11260545350389285,-1.729958379085443,-0.1948027478197757,4.0,10.0,4.0,-0.10000000000000142,0
62.5,62.5,0.5714285714285714,0.7662313192483471,0.11260545350389285,-1.729958379085443,-0.1948027478197757,4.0,10.0,4.0,0.0,0
62.5,62.5,0.5714285714285714,0.7662313192483471,0.11260545350389285,-1.729958379085443,-0.1948027478197757,4.0,10.0,4.0,-0.09999999999999432,0
62.5,62.5,0.5714285714285714,0.7662313192483471,0.11260545350389285,-1.729958379085443,-0.1948027478197757,4.0,10.0,4.0,-0.20000000000000284,0
63.5,63.5,0.6666666666666666,0.7929541551585669,0.10946482528899118,-1.1536809944061635,-0.1262874884919003,6.0,9.0,5.0,-0.10000000000000142,0
63.5,63.5,0.6666666666666666,0.7929541551585669,0.10946482528899118,-1.1536809944061635,-0.1262874884919003,6.0,9.0,5.0,0.0,0
63.5,63.5,0.6666666666666666,0.7929541551585669,0.10946482528899118,-1.1536809944061635,-0.1262874884919003,6.0,9.0,5.0,-0.09999999999999432,0
63.5,63.5,0.6666666666666666,0.7929541551585669,0.10946482528899118,-1.1536809944061635,-0.1262874884919003,6.0,9.0,5.0,-0.20000000000000284,0
63.5,63.5,0.6666666666666666,0.7929541551585669,0.10946482528899118,-1.1536809944061635,-0.1262874884919003,6.0,9.0,5.0,-0.5999999999999943,0
64.5,64.5,0.6153846153846154,0.744137654012654,0.11977905062077712,-1.074921181631947,-0.12875303862803855,6.0,7.0,4.0,0.0,0
64.5,64.5,0.6153846153846154,0.744137654012654,0.11977905062077712,-1.074921181631947,-0.12875303862803855,6.0,7.0,4.0,-0.09999999999999432,0
64.5,64.5,0.6153846153846154,0.744137654012654,0.11977905062077712,-1.074921181631947,-0.12875303862803855,6.0,7.0,4.0,-0.20000000000000284,0
64.5,64.5,0.6153846153846154,0.744137654012654,0.11977905062077712,-1.074921181631947,-0.12875303862803855,6.0,7.0,4.0,-0.5999999999999943,0
65.5,65.5,0.6666666666666666,0.7551191142191142,0.11165267583842488,-0.7922107274925418,-0.08845244755244752,6.0,6.0,4.0,-0.09999999999999432,0
65.5,65.5,0.6666666666666666,0.7551191142191142,0.11165267583842488,-0.7922107274925418,-0.08845244755244752,6.0,6.0,4.0,-0.20000000000000284,0
65.5,65.5,0.6666666666666666,0.7551191142191142,0.11165267583842488,-0.7922107274925418,-0.08845244755244752,6.0,6.0,4.0,-0.5999999999999943,0
65.5,65.5,0.6666666666666666,0.7551191142191142,0.11165267583842488,-0.7922107274925418,-0.08845244755244752,6.0,6.0,4.0,-0.5,0
66.5,66.5,0.7692307692307693,0.8433324342324342,0.08472421876879198,-0.8746219921352659,-0.07410166500166493,7.0,6.0,5.0,-0.20000000000000284,0
66.5,66.5,0.7692307692307693,0.8433324342324342,0.08472421876879198,-0.8746219921352659,-0.07410166500166493,7.0,6.0,5.0,-0.5999999999999943,0
66.5,66.5,0.7692307692307693,0.8433324342324342,0.08472421876879198,-0.8746219921352659,-0.07410166500166493,7.0,6.0,5.0,-0.5,0
66.5,66.5,0.7692307692307693,0.8433324342324342,0.08472421876879198,-0.8746219921352659,-0.07410166500166493,7.0,6.0,5.0,-0.8999999999999915,0
66.5,66.5,0.7692307692307693,0.8433324342324342,0.08472421876879198,-0.8746219921352659,-0.07410166500166493,7.0,6.0,5.0,-0.9000000000000057,0
67.5,67.5,0.6666666666666666,0.7363538850038849,0.0721490283444589,-0.9658788196635538,-0.06968721833721825,8.0,4.0,4.0,-0.5999999999999943,0
67.5,67.5,0.6666666666666666,0.7363538850038849,0.0721490283444589,-0.9658788196635538,-0.06968721833721825,8.0,4.0,4.0,-0.5,0
67.5,67.5,0.6666666666666666,0.7363538850038849,0.0721490283444589,-0.9658788196635538,-0.06968721833721825,8.0,4.0,4.0,-0.8999999999999915,0
67.5,67.5,0.6666666666666666,0.7363538850038849,0.0721490283444589,-0.9658788196635538,-0.06968721833721825,8.0,4.0,4.0,-0.9000000000000057,0
68.5,68.5,0.7692307692307693,0.8073274392274393,0.08440133523565409,-0.45137520502847067,-0.03809666999667005,8.0,5.0,5.0,-0.5,0
68.5,68.5,0.7692307692307693,0.8073274392274393,0.08440133523565409,-0.45137520502847067,-0.03809666999667005,8.0,5.0,5.0,-0.8999999999999915,0
68.5,68.5,0.7692307692307693,0.8073274392274393,0.08440133523565409,-0.45137520502847067,-0.03809666999667005,8.0,5.0,5.0,-0.9000000000000057,0
68.5,68.5,0.7692307692307693,0.8073274392274393,0.08440133523565409,-0.45137520502847067,-0.03809666999667005,8.0,5.0,5.0,-0.6999999999999886,0
68.5,68.5,0.7692307692307693,0.8073274392274393,0.08440133523565409,-0.45137520502847067,-0.03809666999667005,8.0,5.0,5.0,-0.9000000000000057,0
69.5,69.5,0.9333333333333333,0.8902572344322346,0.10367329293729784,0.41549851153229417,0.04307609890109876,8.0,7.0,7.0,0.10000000000000853,0
69.5,69.5,0.9333333333333333,0.8902572344322346,0.10367329293729784,0.41549851153229417,0.04307609890109876,8.0,7.0,7.0,-0.20000000000000284,0
69.5,69.5,0.9333333333333333,0.8902572344322346,0.10367329293729784,0.41549851153229417,0.04307609890109876,8.0,7.0,7.0,-0.29999999999999716,0
69.5,69.5,0.9333333333333333,0.8902572344322346,0.10367329293729784,0.41549851153229417,0.04307609890109876,8.0,7.0,7.0,-0.6999999999999886,0
69.5,69.5,0.9333333333333333,0.8902572344322346,0.10367329293729784,0.41549851153229417,0.04307609890109876,8.0,7.0,7.0,-0.9000000000000057,0
69.5,69.5,0.9333333333333333,0.8902572344322346,0.10367329293729784,0.41549851153229417,0.04307609890109876,8.0,7.0,7.0,-0.4000000000000057,0
69.5,69.5,0.9333333333333333,0.8902572344322346,0.10367329293729784,0.41549851153229417,0.04307609890109876,8.0,7.0,7.0,-0.29999999999999716,0
70.5,70.5,1.0,0.8610467449217452,0.11546490894935203,1.203424108178233,0.13895325507825484,8.0,8.0,8.0,-0.20000000000000284,0
70.5,70.5,1.0,0.8610467449217452,0.11546490894935203,1.203424108178233,0.13895325507825484,8.0,8.0,8.0,-0.29999999999999716,0
70.5,70.5,1.0,0.8610467449217452,0.11546490894935203,1.203424108178233,0.13895325507825484,8.0,8.0,8.0,-0.6999999999999886,0
70.5,70.5,1.0,0.8610467449217452,0.11546490894935203,1.203424108178233,0.13895325507825484,8.0,8.0,8.0,-0.9000000000000057,0
70.5,70.5,1.0,0.8610467449217452,0.11546490894935203,1.203424108178233,0.13895325507825484,8.0,8.0,8.0,-0.4000000000000057,0
70.5,70.5,1.0,0.8610467449217452,0.11546490894935203,1.203424108178233,0.13895325507825484,8.0,8.0,8.0,-0.29999999999999716,0
70.5,70.5,1.0,0.8610467449217452,0.11546490894935203,1.203424108178233,0.13895325507825484,8.0,8.0,8.0,-0.09999999999999432,0
70.5,70.5,1.0,0.8610467449217452,0.11546490894935203,1.203424108178233,0.13895325507825484,8.0,8.0,8.0,0.30000000000001137,0
71.5,71.5,0.8235294117647058,0.7651471476579836,0.1121039494966642,0.5207868622724968,0.058382264106722204,7.0,10.0,7.0,0.4000000000000057,0
71.5,71.5,0.8235294117647058,0.7651471476579836,0.1121039494966642,0.5207868622724968,0.058382264106722204,7.0,10.0,7.0,-0.09999999999999432,0
71.5,71.5,0.8235294117647058,0.7651471476579836,0.1121039494966642,0.5207868622724968,0.058382264106722204,7.0,10.0,7.0,-0.10000000000000853,0
71.5,71.5,0.8235294117647058,0.7651471476579836,0.1121039494966642,0.5207868622724968,0.058382264106722204,7.0,10.0,7.0,0.20000000000000284,0
71.5,71.5,0.8235294117647058,0.7651471476579836,0.1121039494966642,0.5207868622724968,0.058382264106722204,7.0,10.0,7.0,-0.09999999999999432,0
71.5,71.5,0.8235294117647058,0.7651471476579836,0.1121039494966642,0.5207868622724968,0.058382264106722204,7.0,10.0,7.0,-0.29999999999999716,0
71.5,71.5,0.8235294117647058,0.7651471476579836,0.1121039494966642,0.5207868622724968,0.058382264106722204,7.0,10.0,7.0,-0.20000000000000284,0
72.5,72.5,0.75,0.7487111690425159,0.11175061907332746,0.011533099039374608,0.0012888309574841106,6.0,10.0,6.0,-0.09999999999999432,0
72.5,72.5,0.75,0.7487111690425159,0.11175061907332746,0.011533099039374608,0.0012888309574841106,6.0,10.0,6.0,-0.10000000000000853,0
72.5,72.5,0.75,0.7487111690425159,0.11175061907332746,0.011533099039374608,0.0012888309574841106,6.0,10.0,6.0,0.20000000000000284,0
72.5,72.5,0.75,0.7487111690425159,0.11175061907332746,0.011533099039374608,0.0012888309574841106,6.0,10.0,6.0,-0.09999999999999432,0
72.5,72.5,0.75,0.7487111690425159,0.11175061907332746,0.011533099039374608,0.0012888309574841106,6.0,10.0,6.0,-0.29999999999999716,0
72.5,72.5,0.75,0.7487111690425159,0.11175061907332746,0.011533099039374608,0.0012888309574841106,6.0,10.0,6.0,-0.20000000000000284,0
73.5,73.5,0.6666666666666666,0.7626619373660395,0.11340385614076073,-0.8464903572610464,-0.09599527069937286,5.0,10.0,5.0,0.20000000000000284,0
73.5,73.5,0.6666666666666666,0.7626619373660395,0.11340385614076073,-0.8464903572610464,-0.09599527069937286,5.0,10.0,5.0,-0.09999999999999432,0
73.5,73.5,0.6666666666666666,0.7626619373660395,0.11340385614076073,-0.8464903572610464,-0.09599527069937286,5.0,10.0,5.0,-0.29999999999999716,0
73.5,73.5,0.6666666666666666,0.7626619373660395,0.11340385614076073,-0.8464903572610464,-0.09599527069937286,5.0,10.0,5.0,-0.20000000000000284,0
73.5,73.5,0.6666666666666666,0.7626619373660395,0.11340385614076073,-0.8464903572610464,-0.09599527069937286,5.0,10.0,5.0,0.20000000000000284,0
74.5,74.5,0.7142857142857143,0.7759575876737642,0.11146597905681783,-0.5532797891329134,-0.061671873388049914,5.0,9.0,5.0,-0.09999999999999432,0
74.5,74.5,0.7142857142857143,0.7759575876737642,0.11146597905681783,-0.5532797891329134,-0.061671873388049914,5.0,9.0,5.0,-0.29999999999999716,0
74.5,74.5,0.7142857142857143,0.7759575876737642,0.11146597905681783,-0.5532797891329134,-0.061671873388049914,5.0,9.0,5.0,-0.20000000000000284,0
74.5,74.5,0.7142857142857143,0.7759575876737642,0.11146597905681783,-0.5532797891329134,-0.061671873388049914,5.0,9.0,5.0,0.20000000000000284,0
74.5,74.5,0.7142857142857143,0.7759575876737642,0.11146597905681783,-0.5532797891329134,-0.061671873388049914,5.0,9.0,5.0,0.20000000000000284,0
75.5,75.5,0.6666666666666666,0.772363905702141,0.11335631907926261,-0.9324335854763176,-0.10569723903547434,4.0,8.0,4.0,-0.20000000000000284,0
75.5,75.5,0.6666666666666666,0.772363905702141,0.11335631907926261,-0.9324335854763176,-0.10569723903547434,4.0,8.0,4.0,0.20000000000000284,0
75.5,75.5,0.6666666666666666,0.772363905702141,0.11335631907926261,-0.9324335854763176,-0.10569723903547434,4.0,8.0,4.0,0.20000000000000284,0
75.5,75.5,0.6666666666666666,0.772363905702141,0.11335631907926261,-0.9324335854763176,-0.10569723903547434,4.0,8.0,4.0,0.30000000000001137,0
76.5,76.5,0.6666666666666666,0.7864857364857365,0.1095071641995123,-1.0941664930777515,-0.11981906981906987,5.0,7.0,4.0,0.20000000000000284,0
76.5,76.5,0.6666666666666666,0.7864857364857365,0.1095071641995123,-1.0941664930777515,-0.11981906981906987,5.0,7.0,4.0,0.20000000000000284,0
76.5,76.5,0.6666666666666666,0.7864857364857365,0.1095071641995123,-1.0941664930777515,-0.11981906981906987,5.0,7.0,4.0,0.30000000000001137,0
76.5,76.5,0.6666666666666666,0.7864857364857365,0.1095071641995123,-1.0941664930777515,-0.11981906981906987,5.0,7.0,4.0,-0.20000000000000284,0
77.5,77.5,0.7692307692307693,0.8033355200355202,0.10154534744577791,-0.3358573451428864,-0.03410475080475095,7.0,6.0,5.0,0.20000000000000284,0
77.5,77.5,0.7692307692307693,0.8033355200355202,0.10154534744577791,-0.3358573451428864,-0.03410475080475095,7.0,6.0,5.0,0.20000000000000284,0
77.5,77.5,0.7692307692307693,0.8033355200355202,0.10154534744577791,-0.3358573451428864,-0.03410475080475095,7.0,6.0,5.0,0.30000000000001137,0
77.5,77.5,0.7692307692307693,0.8033355200355202,0.10154534744577791,-0.3358573451428864,-0.03410475080475095,7.0,6.0,5.0,-0.20000000000000284,0
77.5,77.5,0.7692307692307693,0.8033355200355202,0.10154534744577791,-0.3358573451428864,-0.03410475080475095,7.0,6.0,5.0,-0.9000000000000057,0
78.5,78.5,0.7692307692307693,0.8105263569763571,0.0801393926502484,-0.5152969891575518,-0.041295587745587836,8.0,5.0,5.0,-0.5,0
78.5,78.5,0.7692307692307693,0.8105263569763571,0.0801393926502484,-0.5152969891575518,-0.041295587745587836,8.0,5.0,5.0,-0.3999999999999915,0
78.5,78.5,0.7692307692307693,0.8105263569763571,0.0801393926502484,-0.5152969891575518,-0.041295587745587836,8.0,5.0,5.0,-0.8999999999999915,0
78.5,78.5,0.7692307692307693,0.8105263569763571,0.0801393926502484,-0.5152969891575518,-0.041295587745587836,8.0,5.0,5.0,-0.9000000000000057,0
78.5,78.5,0.7692307692307693,0.8105263569763571,0.0801393926502484,-0.5152969891575518,-0.041295587745587836,8.0,5.0,5.0,-0.7000000000000028,0
79.5,79.5,0.7272727272727273,0.7075407869907869,0.09438476592281621,0.20905852855614743,0.019731940281940363,7.0,4.0,4.0,0.30000000000001137,0
79.5,79.5,0.7272727272727273,0.7075407869907869,0.09438476592281621,0.20905852855614743,0.019731940281940363,7.0,4.0,4.0,-0.20000000000000284,0
79.5,79.5,0.7272727272727273,0.7075407869907869,0.09438476592281621,0.20905852855614743,0.019731940281940363,7.0,4.0,4.0,-0.9000000000000057,0
79.5,79.5,0.7272727272727273,0.7075407869907869,0.09438476592281621,0.20905852855614743,0.019731940281940363,7.0,4.0,4.0,-0.7000000000000028,0
80.5,80.5,0.6,0.5982897546897545,0.10872549694671367,0.01572993785518065,0.0017102453102454396,7.0,3.0,3.0,-0.20000000000000284,0
80.5,80.5,0.6,0.5982897546897545,0.10872549694671367,0.01572993785518065,0.0017102453102454396,7.0,3.0,3.0,-0.9000000000000057,0
80.5,80.5,0.6,0.5982897546897545,0.10872549694671367,0.01572993785518065,0.0017102453102454396,7.0,3.0,3.0,-0.7000000000000028,0
81.5,81.5,0.75,0.6068170995670995,0.09305557438003782,1.538681603835395,0.1431829004329005,5.0,3.0,3.0,-0.10000000000000853,0
81.5,81.5,0.75,0.6068170995670995,0.09305557438003782,1.538681603835395,0.1431829004329005,5.0,3.0,3.0,-0.7000000000000028,0
81.5,81.5,0.75,0.6068170995670995,0.09305557438003782,1.538681603835395,0.1431829004329005,5.0,3.0,3.0,-0.7999999999999972,0
82.5,82.5,0.8888888888888888,0.7109270285270285,0.10718692554750146,1.6602944757753495,0.17796186036186035,5.0,4.0,4.0,0.09999999999999432,0
82.5,82.5,0.8888888888888888,0.7109270285270285,0.10718692554750146,1.6602944757753495,0.17796186036186035,5.0,4.0,4.0,-0.7999999999999972,0
82.5,82.5,0.8888888888888888,0.7109270285270285,0.10718692554750146,1.6602944757753495,0.17796186036186035,5.0,4.0,4.0,0.0,0
82.5,82.5,0.8888888888888888,0.7109270285270285,0.10718692554750146,1.6602944757753495,0.17796186036186035,5.0,4.0,4.0,-0.30000000000001137,0
83.5,83.5,0.8888888888888888,0.7046141747141748,0.11561999891372862,1.5937961936171015,0.18427471417471408,5.0,4.0,4.0,-0.7999999999999972,0
83.5,83.5,0.8888888888888888,0.7046141747141748,0.11561999891372862,1.5937961936171015,0.18427471417471408,5.0,4.0,4.0,0.0,0
83.5,83.5,0.8888888888888888,0.7046141747141748,0.11561999891372862,1.5937961936171015,0.18427471417471408,5.0,4.0,4.0,-0.30000000000001137,0
83.5,83.5,0.8888888888888888,0.7046141747141748,0.11561999891372862,1.5937961936171015,0.18427471417471408,5.0,4.0,4.0,-0.29999999999999716,0
84.5,84.5,0.9090909090909091,0.8006586913086914,0.09650164425444331,1.1236307797649265,0.10843221778221768,6.0,5.0,5.0,-0.7999999999999972,0
84.5,84.5,0.9090909090909091,0.8006586913086914,0.09650164425444331,1.1236307797649265,0.10843221778221768,6.0,5.0,5.0,0.0,0
84.5,84.5,0.9090909090909091,0.8006586913086914,0.09650164425444331,1.1236307797649265,0.10843221778221768,6.0,5.0,5.0,-0.30000000000001137,0
84.5,84.5,0.9090909090909091,0.8006586913086914,0.09650164425444331,1.1236307797649265,0.10843221778221768,6.0,5.0,5.0,-0.29999999999999716,0
84.5,84.5,0.9090909090909091,0.8006586913086914,0.09650164425444331,1.1236307797649265,0.10843221778221768,6.0,5.0,5.0,0.0,0
85.5,85.5,0.8333333333333334,0.837359362859363,0.10634218301651853,-0.037859195775623834,-0.004026029526029595,6.0,6.0,5.0,0.0,0
85.5,85.5,0.8333333333333334,0.837359362859363,0.10634218301651853,-0.037859195775623834,-0.004026029526029595,6.0,6.0,5.0,-0.30000000000001137,0
85.5,85.5,0.8333333333333334,0.837359362859363,0.10634218301651853,-0.037859195775623834,-0.004026029526029595,6.0,6.0,5.0,-0.29999999999999716,0
85.5,85.5,0.8333333333333334,0.837359362859363,0.10634218301651853,-0.037859195775623834,-0.004026029526029595,6.0,6.0,5.0,0.0,0
85.5,85.5,0.8333333333333334,0.837359362859363,0.10634218301651853,-0.037859195775623834,-0.004026029526029595,6.0,6.0,5.0,-0.3999999999999915,0
86.5,86.5,0.9230769230769231,0.7976236208236208,0.10708767657037412,1.1715008325057736,0.1254533022533023,7.0,6.0,6.0,0.0,0
86.5,86.5,0.9230769230769231,0.7976236208236208,0.10708767657037412,1.1715008325057736,0.1254533022533023,7.0,6.0,6.0,-0.30000000000001137,0
86.5,86.5,0.9230769230769231,0.7976236208236208,0.10708767657037412,1.1715008325057736,0.1254533022533023,7.0,6.0,6.0,-0.29999999999999716,0
86.5,86.5,0.9230769230769231,0.7976236208236208,0.10708767657037412,1.1715008325057736,0.1254533022533023,7.0,6.0,6.0,0.0,0
86.5,86.5,0.9230769230769231,0.7976236208236208,0.10708767657037412,1.1715008325057736,0.1254533022533023,7.0,6.0,6.0,-0.3999999999999915,0
86.5,86.5,0.9230769230769231,0.7976236208236208,0.10708767657037412,1.1715008325057736,0.1254533022533023,7.0,6.0,6.0,-0.3999999999999915,0
87.5,87.5,0.7272727272727273,0.7093197857697857,0.10422760657660884,0.17224746967345833,0.017952941502941577,7.0,4.0,4.0,-0.29999999999999716,0
87.5,87.5,0.7272727272727273,0.7093197857697857,0.10422760657660884,0.17224746967345833,0.017952941502941577,7.0,4.0,4.0,0.0,0
87.5,87.5,0.7272727272727273,0.7093197857697857,0.10422760657660884,0.17224746967345833,0.017952941502941577,7.0,4.0,4.0,-0.3999999999999915,0
87.5,87.5,0.7272727272727273,0.7093197857697857,0.10422760657660884,0.17224746967345833,0.017952941502941577,7.0,4.0,4.0,-0.3999999999999915,0
88.5,88.5,0.7272727272727273,0.71467890997891,0.09349296476259913,0.13470336859886678,0.012593817293817255,7.0,4.0,4.0,0.0,0
88.5,88.5,0.7272727272727273,0.71467890997891,0.09349296476259913,0.13470336859886678,0.012593817293817255,7.0,4.0,4.0,-0.3999999999999915,0
88.5,88.5,0.7272727272727273,0.71467890997891,0.09349296476259913,0.13470336859886678,0.012593817293817255,7.0,4.0,4.0,-0.3999999999999915,0
88.5,88.5,0.7272727272727273,0.71467890997891,0.09349296476259913,0.13470336859886678,0.012593817293817255,7.0,4.0,4.0,-0.8999999999999915,0
89.5,89.5,0.7272727272727273,0.7310548562548562,0.08046501947034056,-0.04700339361159322,-0.0037821289821289295,7.0,4.0,4.0,0.4000000000000057,0
89.5,89.5,0.7272727272727273,0.7310548562548562,0.08046501947034056,-0.04700339361159322,-0.0037821289821289295,7.0,4.0,4.0,-0.3999999999999915,0
89.5,89.5,0.7272727272727273,0.7310548562548562,0.08046501947034056,-0.04700339361159322,-0.0037821289821289295,7.0,4.0,4.0,-0.8999999999999915,0
89.5,89.5,0.7272727272727273,0.7310548562548562,0.08046501947034056,-0.04700339361159322,-0.0037821289821289295,7.0,4.0,4.0,-0.7999999999999972,0
90.5,90.5,0.6666666666666666,0.7353432622932623,0.07716499989479103,-0.8899967047266417,-0.06867659562659567,8.0,4.0,4.0,-0.3999999999999915,0
90.5,90.5,0.6666666666666666,0.7353432622932623,0.07716499989479103,-0.8899967047266417,-0.06867659562659567,8.0,4.0,4.0,-0.8999999999999915,0
90.5,90.5,0.6666666666666666,0.7353432622932623,0.07716499989479103,-0.8899967047266417,-0.06867659562659567,8.0,4.0,4.0,-0.7999999999999972,0
90.5,90.5,0.6666666666666666,0.7353432622932623,0.07716499989479103,-0.8899967047266417,-0.06867659562659567,8.0,4.0,4.0,-0.7999999999999972,0
91.5,91.5,0.5454545454545454,0.6216270562770563,0.08837058545403306,-0.8619668007306892,-0.07617251082251086,8.0,3.0,3.0,-0.8999999999999915,0
91.5,91.5,0.5454545454545454,0.6216270562770563,0.08837058545403306,-0.8619668007306892,-0.07617251082251086,8.0,3.0,3.0,-0.7999999999999972,0
91.5,91.5,0.5454545454545454,0.6216270562770563,0.08837058545403306,-0.8619668007306892,-0.07617251082251086,8.0,3.0,3.0,-0.7999999999999972,0
92.5,92.5,0.6,0.5798765512265512,0.11260290709746729,0.1787116273652704,0.020123448773448738,7.0,3.0,3.0,0.4000000000000057,0
92.5,92.5,0.6,0.5798765512265512,0.11260290709746729,0.1787116273652704,0.020123448773448738,7.0,3.0,3.0,-0.20000000000000284,0
92.5,92.5,0.6,0.5798765512265512,0.11260290709746729,0.1787116273652704,0.020123448773448738,7.0,3.0,3.0,-0.7999999999999972,0
93.5,93.5,0.6666666666666666,0.6096090909090908,0.09083791981593807,0.6281250811686329,0.05705757575757586,6.0,3.0,3.0,-0.20000000000000284,0
93.5,93.5,0.6666666666666666,0.6096090909090908,0.09083791981593807,0.6281250811686329,0.05705757575757586,6.0,3.0,3.0,-0.7999999999999972,0
93.5,93.5,0.6666666666666666,0.6096090909090908,0.09083791981593807,0.6281250811686329,0.05705757575757586,6.0,3.0,3.0,-0.3999999999999915,0
94.5,94.5,0.6666666666666666,0.6143388167388166,0.0873093211402039,0.5993386415617685,0.05232784992785,6.0,3.0,3.0,-0.19999999999998863,0
94.5,94.5,0.6666666666666666,0.6143388167388166,0.0873093211402039,0.5993386415617685,0.05232784992785,6.0,3.0,3.0,-0.3999999999999915,0
94.5,94.5,0.6666666666666666,0.6143388167388166,0.0873093211402039,0.5993386415617685,0.05232784992785,6.0,3.0,3.0,-0.7000000000000028,0
95.5,95.5,0.6,0.6131313131313131,0.09751946235795653,-0.13465325601481573,-0.013131313131313105,7.0,3.0,3.0,-0.3999999999999915,0
95.5,95.5,0.6,0.6131313131313131,0.09751946235795653,-0.13465325601481573,-0.013131313131313105,7.0,3.0,3.0,-0.7000000000000028,0
95.5,95.5,0.6,0.6131313131313131,0.09751946235795653,-0.13465325601481573,-0.013131313131313105,7.0,3.0,3.0,-0.7999999999999972,0
96.5,96.5,0.8,0.7288469752469753,0.08404297336996895,0.8466266946529744,0.07115302475302476,6.0,4.0,4.0,-0.3999999999999915,0
96.5,96.5,0.8,0.7288469752469753,0.08404297336996895,0.8466266946529744,0.07115302475302476,6.0,4.0,4.0,-0.7000000000000028,0
96.5,96.5,0.8,0.7288469752469753,0.08404297336996895,0.8466266946529744,0.07115302475302476,6.0,4.0,4.0,-0.7999999999999972,0
96.5,96.5,0.8,0.7288469752469753,0.08404297336996895,0.8466266946529744,0.07115302475302476,6.0,4.0,4.0,-0.9000000000000057,0
97.5,97.5,0.8333333333333334,0.8753625596625597,0.08275765760495779,-0.5078590615729134,-0.042029226329226343,6.0,6.0,5.0,-0.7000000000000028,0
97.5,97.5,0.8333333333333334,0.8753625596625597,0.08275765760495779,-0.5078590615729134,-0.042029226329226343,6.0,6.0,5.0,-0.7999999999999972,0
97.5,97.5,0.8333333333333334,0.8753625596625597,0.08275765760495779,-0.5078590615729134,-0.042029226329226343,6.0,6.0,5.0,-0.9000000000000057,0
97.5,97.5,0.8333333333333334,0.8753625596625597,0.08275765760495779,-0.5078590615729134,-0.042029226329226343,6.0,6.0,5.0,-0.5,0
97.5,97.5,0.8333333333333334,0.8753625596625597,0.08275765760495779,-0.5078590615729134,-0.042029226329226343,6.0,6.0,5.0,-0.5,0
98.5,98.5,0.8571428571428571,0.8830951714951716,0.08357118725909221,-0.3105414103051525,-0.025952314352314487,8.0,6.0,6.0,-0.7000000000000028,0
98.5,98.5,0.8571428571428571,0.8830951714951716,0.08357118725909221,-0.3105414103051525,-0.025952314352314487,8.0,6.0,6.0,-0.7999999999999972,0
98.5,98.5,0.8571428571428571,0.8830951714951716,0.08357118725909221,-0.3105414103051525,-0.025952314352314487,8.0,6.0,6.0,-0.9000000000000057,0
98.5,98.5,0.8571428571428571,0.8830951714951716,0.08357118725909221,-0.3105414103051525,-0.025952314352314487,8.0,6.0,6.0,-0.5,0
98.5,98.5,0.8571428571428571,0.8830951714951716,0.08357118725909221,-0.3105414103051525,-0.025952314352314487,8.0,6.0,6.0,-0.5,0
98.5,98.5,0.8571428571428571,0.8830951714951716,0.08357118725909221,-0.3105414103051525,-0.025952314352314487,8.0,6.0,6.0,-0.3999999999999915,0
99.5,99.5,1.0,0.904573507048507,0.09717122449984447,0.982044771409109,0.09542649295149297,7.0,7.0,7.0,-0.09999999999999432,0
99.5,99.5,1.0,0.904573507048507,0.09717122449984447,0.982044771409109,0.09542649295149297,7.0,7.0,7.0,-0.4000000000000057,0
99.5,99.5,1.0,0.904573507048507,0.09717122449984447,0.982044771409109,0.09542649295149297,7.0,7.0,7.0,-0.5,0
99.5,99.5,1.0,0.904573507048507,0.09717122449984447,0.982044771409109,0.09542649295149297,7.0,7.0,7.0,-0.5,0
99.5,99.5,1.0,0.904573507048507,0.09717122449984447,0.982044771409109,0.09542649295149297,7.0,7.0,7.0,-0.3999999999999915,0
99.5,99.5,1.0,0.904573507048507,0.09717122449984447,0.982044771409109,0.09542649295149297,7.0,7.0,7.0,-0.29999999999999716,0
99.5,99.5,1.0,0.904573507048507,0.09717122449984447,0.982044771409109,0.09542649295149297,7.0,7.0,7.0,-0.30000000000001137,0
100.5,100.5,1.0,0.8871695165945166,0.10725701305949117,1.0519636915760544,0.1128304834054834,7.0,7.0,7.0,-0.4000000000000057,0
100.5,100.5,1.0,0.8871695165945166,0.10725701305949117,1.0519636915760544,0.1128304834054834,7.0,7.0,7.0,-0.5,0
100.5,100.5,1.0,0.8871695165945166,0.10725701305949117,1.0519636915760544,0.1128304834054834,7.0,7.0,7.0,-0.5,0
100.5,100.5,1.0,0.8871695165945166,0.10725701305949117,1.0519636915760544,0.1128304834054834,7.0,7.0,7.0,-0.3999999999999915,0
100.5,100.5,1.0,0.8871695165945166,0.10725701305949117,1.0519636915760544,0.1128304834054834,7.0,7.0,7.0,-0.29999999999999716,0
100.5,100.5,1.0,0.8871695165945166,0.10725701305949117,1.0519636915760544,0.1128304834054834,7.0,7.0,7.0,-0.30000000000001137,0
100.5,100.5,1.0,0.8871695165945166,0.10725701305949117,1.0519636915760544,0.1128304834054834,7.0,7.0,7.0,-0.29999999999999716,0
101.5,101.5,0.9333333333333333,0.8688753060664827,0.1086585814888492,0.5932161674084206,0.06445802726685068,7.0,8.0,7.0,0.20000000000000284,0
101.5,101.5,0.9333333333333333,0.8688753060664827,0.1086585814888492,0.5932161674084206,0.06445802726685068,7.0,8.0,7.0,0.29999999999999716,0
101.5,101.5,0.9333333333333333,0.8688753060664827,0.1086585814888492,0.5932161674084206,0.06445802726685068,7.0,8.0,7.0,-0.29999999999999716,0
101.5,101.5,0.9333333333333333,0.8688753060664827,0.1086585814888492,0.5932161674084206,0.06445802726685068,7.0,8.0,7.0,-0.30000000000001137,0
101.5,101.5,0.9333333333333333,0.8688753060664827,0.1086585814888492,0.5932161674084206,0.06445802726685068,7.0,8.0,7.0,-0.29999999999999716,0
101.5,101.5,0.9333333333333333,0.8688753060664827,0.1086585814888492,0.5932161674084206,0.06445802726685068,7.0,8.0,7.0,0.10000000000000853,0
101.5,101.5,0.9333333333333333,0.8688753060664827,0.1086585814888492,0.5932161674084206,0.06445802726685068,7.0,8.0,7.0,0.0,0
102.5,102.5,0.8571428571428571,0.876842297408474,0.10614286790965068,-0.18559363105192458,-0.019699440265616874,6.0,8.0,6.0,-0.3999999999999915,0
102.5,102.5,0.8571428571428571,0.876842297408474,0.10614286790965068,-0.18559363105192458,-0.019699440265616874,6.0,8.0,6.0,-0.29999999999999716,0
102.5,102.5,0.8571428571428571,0.876842297408474,0.10614286790965068,-0.18559363105192458,-0.019699440265616874,6.0,8.0,6.0,-0.30000000000001137,0
102.5,102.5,0.8571428571428571,0.876842297408474,0.10614286790965068,-0.18559363105192458,-0.019699440265616874,6.0,8.0,6.0,-0.29999999999999716,0
102.5,102.5,0.8571428571428571,0.876842297408474,0.10614286790965068,-0.18559363105192458,-0.019699440265616874,6.0,8.0,6.0,0.10000000000000853,0
102.5,102.5,0.8571428571428571,0.876842297408474,0.10614286790965068,-0.18559363105192458,-0.019699440265616874,6.0,8.0,6.0,0.0,0
103.5,103.5,0.8571428571428571,0.8560293745470217,0.10804616965245713,0.010305618416803481,0.0011134825958354355,6.0,8.0,6.0,-0.30000000000001137,0
103.5,103.5,0.8571428571428571,0.8560293745470217,0.10804616965245713,0.010305618416803481,0.0011134825958354355,6.0,8.0,6.0,-0.29999999999999716,0
103.5,103.5,0.8571428571428571,0.8560293745470217,0.10804616965245713,0.010305618416803481,0.0011134825958354355,6.0,8.0,6.0,0.10000000000000853,0
103.5,103.5,0.8571428571428571,0.8560293745470217,0.10804616965245713,0.010305618416803481,0.0011134825958354355,6.0,8.0,6.0,0.0,0
103.5,103.5,0.8571428571428571,0.8560293745470217,0.10804616965245713,0.010305618416803481,0.0011134825958354355,6.0,8.0,6.0,0.09999999999999432,0
103.5,103.5,0.8571428571428571,0.8560293745470217,0.10804616965245713,0.010305618416803481,0.0011134825958354355,6.0,8.0,6.0,0.20000000000000284,0
104.5,104.5,0.8571428571428571,0.8755183605610077,0.11068014862573446,-0.16602347978667348,-0.01837550341815064,6.0,8.0,6.0,-0.29999999999999716,0
104.5,104.5,0.8571428571428571,0.8755183605610077,0.11068014862573446,-0.16602347978667348,-0.01837550341815064,6.0,8.0,6.0,0.10000000000000853,0
104.5,104.5,0.8571428571428571,0.8755183605610077,0.11068014862573446,-0.16602347978667348,-0.01837550341815064,6.0,8.0,6.0,0.0,0
104.5,104.5,0.8571428571428571,0.8755183605610077,0.11068014862573446,-0.16602347978667348,-0.01837550341815064,6.0,8.0,6.0,0.09999999999999432,0
104.5,104.5,0.8571428571428571,0.8755183605610077,0.11068014862573446,-0.16602347978667348,-0.01837550341815064,6.0,8.0,6.0,0.20000000000000284,0
104.5,104.5,0.8571428571428571,0.8755183605610077,0.11068014862573446,-0.16602347978667348,-0.01837550341815064,6.0,8.0,6.0,0.20000000000000284,0
105.5,105.5,0.9333333333333333,0.8394196186166776,0.11623418982073136,0.8079697966794401,0.09391371471665577,7.0,8.0,7.0,0.10000000000000853,0
105.5,105.5,0.9333333333333333,0.8394196186166776,0.11623418982073136,0.8079697966794401,0.09391371471665577,7.0,8.0,7.0,0.0,0
105.5,105.5,0.9333333333333333,0.8394196186166776,0.11623418982073136,0.8079697966794401,0.09391371471665577,7.0,8.0,7.0,0.09999999999999432,0
105.5,105.5,0.9333333333333333,0.8394196186166776,0.11623418982073136,0.8079697966794401,0.09391371471665577,7.0,8.0,7.0,0.20000000000000284,0
105.5,105.5,0.9333333333333333,0.8394196186166776,0.11623418982073136,0.8079697966794401,0.09391371471665577,7.0,8.0,7.0,0.20000000000000284,0
105.5,105.5,0.9333333333333333,0.8394196186166776,0.11623418982073136,0.8079697966794401,0.09391371471665577,7.0,8.0,7.0,0.19999999999998863,0
105.5,105.5,0.9333333333333333,0.8394196186166776,0.11623418982073136,0.8079697966794401,0.09391371471665577,7.0,8.0,7.0,0.5,0
106.5,106.5,0.9090909090909091,0.7854199855699856,0.13162295271082494,0.9395847834581552,0.12367092352092346,5.0,6.0,5.0,0.09999999999999432,0
106.5,106.5,0.9090909090909091,0.7854199855699856,0.13162295271082494,0.9395847834581552,0.12367092352092346,5.0,6.0,5.0,0.20000000000000284,0
106.5,106.5,0.9090909090909091,0.7854199855699856,0.13162295271082494,0.9395847834581552,0.12367092352092346,5.0,6.0,5.0,0.20000000000000284,0
106.5,106.5,0.9090909090909091,0.7854199855699856,0.13162295271082494,0.9395847834581552,0.12367092352092346,5.0,6.0,5.0,0.19999999999998863,0
106.5,106.5,0.9090909090909091,0.7854199855699856,0.13162295271082494,0.9395847834581552,0.12367092352092346,5.0,6.0,5.0,0.5,0
107.5,107.5,0.9230769230769231,0.7415966699966701,0.11706795634848446,1.5502128741363517,0.18148025308025306,7.0,6.0,6.0,0.09999999999999432,0
107.5,107.5,0.9230769230769231,0.7415966699966701,0.11706795634848446,1.5502128741363517,0.18148025308025306,7.0,6.0,6.0,0.20000000000000284,0
107.5,107.5,0.9230769230769231,0.7415966699966701,0.11706795634848446,1.5502128741363517,0.18148025308025306,7.0,6.0,6.0,0.20000000000000284,0
107.5,107.5,0.9230769230769231,0.7415966699966701,0.11706795634848446,1.5502128741363517,0.18148025308025306,7.0,6.0,6.0,0.19999999999998863,0
107.5,107.5,0.9230769230769231,0.7415966699966701,0.11706795634848446,1.5502128741363517,0.18148025308025306,7.0,6.0,6.0,0.5,0
107.5,107.5,0.9230769230769231,0.7415966699966701,0.11706795634848446,1.5502128741363517,0.18148025308025306,7.0,6.0,6.0,-0.6000000000000085,0
108.5,108.5,1.0,0.8162801087801088,0.0925365646204746,1.9853761804686814,0.18371989121989118,6.0,6.0,6.0,0.20000000000000284,0
108.5,108.5,1.0,0.8162801087801088,0.0925365646204746,1.9853761804686814,0.18371989121989118,6.0,6.0,6.0,0.19999999999998863,0
108.5,108.5,1.0,0.8162801087801088,0.0925365646204746,1.9853761804686814,0.18371989121989118,6.0,6.0,6.0,0.5,0
108.5,108.5,1.0,0.8162801087801088,0.0925365646204746,1.9853761804686814,0.18371989121989118,6.0,6.0,6.0,-0.6000000000000085,0
108.5,108.5,1.0,0.8162801087801088,0.0925365646204746,1.9853761804686814,0.18371989121989118,6.0,6.0,6.0,-0.5,0
108.5,108.5,1.0,0.8162801087801088,0.0925365646204746,1.9853761804686814,0.18371989121989118,6.0,6.0,6.0,-0.29999999999999716,0
109.5,109.5,0.9230769230769231,0.8166739371739372,0.11442016265041637,0.929932132923766,0.10640298590298591,7.0,6.0,6.0,-0.4000000000000057,0
109.5,109.5,0.9230769230769231,0.8166739371739372,0.11442016265041637,0.929932132923766,0.10640298590298591,7.0,6.0,6.0,-0.6000000000000085,0
109.5,109.5,0.9230769230769231,0.8166739371739372,0.11442016265041637,0.929932132923766,0.10640298590298591,7.0,6.0,6.0,-0.5,0
109.5,109.5,0.9230769230769231,0.8166739371739372,0.11442016265041637,0.929932132923766,0.10640298590298591,7.0,6.0,6.0,-0.29999999999999716,0
109.5,109.5,0.9230769230769231,0.8166739371739372,0.11442016265041637,0.929932132923766,0.10640298590298591,7.0,6.0,6.0,-0.29999999999999716,0
109.5,109.5,0.9230769230769231,0.8166739371739372,0.11442016265041637,0.929932132923766,0.10640298590298591,7.0,6.0,6.0,-0.09999999999999432,0
110.5,110.5,0.9230769230769231,0.8303767732267733,0.11317971712634757,0.819052673074492,0.09270014985014985,7.0,6.0,6.0,-0.6000000000000085,0
110.5,110.5,0.9230769230769231,0.8303767732267733,0.11317971712634757,0.819052673074492,0.09270014985014985,7.0,6.0,6.0,-0.5,0
110.5,110.5,0.9230769230769231,0.8303767732267733,0.11317971712634757,0.819052673074492,0.09270014985014985,7.0,6.0,6.0,-0.29999999999999716,0
110.5,110.5,0.9230769230769231,0.8303767732267733,0.11317971712634757,0.819052673074492,0.09270014985014985,7.0,6.0,6.0,-0.29999999999999716,0
110.5,110.5,0.9230769230769231,0.8303767732267733,0.11317971712634757,0.819052673074492,0.09270014985014985,7.0,6.0,6.0,-0.09999999999999432,0
110.5,110.5,0.9230769230769231,0.8303767732267733,0.11317971712634757,0.819052673074492,0.09270014985014985,7.0,6.0,6.0,-0.09999999999999432,0
111.5,111.5,1.0,0.8681161147675854,0.11725293188162081,1.1247811301261554,0.13188388523241457,8.0,8.0,8.0,-0.6000000000000085,0
111.5,111.5,1.0,0.8681161147675854,0.11725293188162081,1.1247811301261554,0.13188388523241457,8.0,8.0,8.0,-0.5,0
111.5,111.5,1.0,0.8681161147675854,0.11725293188162081,1.1247811301261554,0.13188388523241457,8.0,8.0,8.0,-0.29999999999999716,0
111.5,111.5,1.0,0.8681161147675854,0.11725293188162081,1.1247811301261554,0.13188388523241457,8.0,8.0,8.0,-0.29999999999999716,0
111.5,111.5,1.0,0.8681161147675854,0.11725293188162081,1.1247811301261554,0.13188388523241457,8.0,8.0,8.0,-0.09999999999999432,0
111.5,111.5,1.0,0.8681161147675854,0.11725293188162081,1.1247811301261554,0.13188388523241457,8.0,8.0,8.0,-0.09999999999999432,0
111.5,111.5,1.0,0.8681161147675854,0.11725293188162081,1.1247811301261554,0.13188388523241457,8.0,8.0,8.0,-0.10000000000000853,0
111.5,111.5,1.0,0.8681161147675854,0.11725293188162081,1.1247811301261554,0.13188388523241457,8.0,8.0,8.0,0.20000000000000284,0
112.5,112.5,0.875,0.8091820390393921,0.11979248745262283,0.5494331269032081,0.06581796096060788,7.0,9.0,7.0,-0.29999999999999716,0
112.5,112.5,0.875,0.8091820390393921,0.11979248745262283,0.5494331269032081,0.06581796096060788,7.0,9.0,7.0,-0.29999999999999716,0
112.5,112.5,0.875,0.8091820390393921,0.11979248745262283,0.5494331269032081,0.06581796096060788,7.0,9.0,7.0,-0.09999999999999432,0
112.5,112.5,0.875,0.8091820390393921,0.11979248745262283,0.5494331269032081,0.06581796096060788,7.0,9.0,7.0,-0.09999999999999432,0
112.5,112.5,0.875,0.8091820390393921,0.11979248745262283,0.5494331269032081,0.06581796096060788,7.0,9.0,7.0,-0.10000000000000853,0
112.5,112.5,0.875,0.8091820390393921,0.11979248745262283,0.5494331269032081,0.06581796096060788,7.0,9.0,7.0,0.20000000000000284,0
112.5,112.5,0.875,0.8091820390393921,0.11979248745262283,0.5494331269032081,0.06581796096060788,7.0,9.0,7.0,0.20000000000000284,0
113.5,113.5,0.8235294117647058,0.7649717255998216,0.1167412053753735,0.5016025487881156,0.058557686164884215,7.0,10.0,7.0,0.20000000000000284,0
113.5,113.5,0.8235294117647058,0.7649717255998216,0.1167412053753735,0.5016025487881156,0.058557686164884215,7.0,10.0,7.0,-0.09999999999999432,0
113.5,113.5,0.8235294117647058,0.7649717255998216,0.1167412053753735,0.5016025487881156,0.058557686164884215,7.0,10.0,7.0,-0.09999999999999432,0
113.5,113.5,0.8235294117647058,0.7649717255998216,0.1167412053753735,0.5016025487881156,0.058557686164884215,7.0,10.0,7.0,-0.10000000000000853,0
113.5,113.5,0.8235294117647058,0.7649717255998216,0.1167412053753735,0.5016025487881156,0.058557686164884215,7.0,10.0,7.0,0.20000000000000284,0
113.5,113.5,0.8235294117647058,0.7649717255998216,0.1167412053753735,0.5016025487881156,0.058557686164884215,7.0,10.0,7.0,0.20000000000000284,0
113.5,113.5,0.8235294117647058,0.7649717255998216,0.1167412053753735,0.5016025487881156,0.058557686164884215,7.0,10.0,7.0,-0.20000000000000284,0
114.5,114.5,0.75,0.7629294900146293,0.11712347399537407,-0.11039196135131675,-0.012929490014629286,6.0,10.0,6.0,-0.09999999999999432,0
114.5,114.5,0.75,0.7629294900146293,0.11712347399537407,-0.11039196135131675,-0.012929490014629286,6.0,10.0,6.0,-0.10000000000000853,0
114.5,114.5,0.75,0.7629294900146293,0.11712347399537407,-0.11039196135131675,-0.012929490014629286,6.0,10.0,6.0,0.20000000000000284,0
114.5,114.5,0.75,0.7629294900146293,0.11712347399537407,-0.11039196135131675,-0.012929490014629286,6.0,10.0,6.0,0.20000000000000284,0
114.5,114.5,0.75,0.7629294900146293,0.11712347399537407,-0.11039196135131675,-0.012929490014629286,6.0,10.0,6.0,-0.20000000000000284,0
114.5,114.5,0.75,0.7629294900146293,0.11712347399537407,-0.11039196135131675,-0.012929490014629286,6.0,10.0,6.0,-0.29999999999999716,0
115.5,115.5,0.7142857142857143,0.7976016455766455,0.11754412696711425,-0.7088055646901081,-0.08331593129093118,5.0,9.0,5.0,-0.10000000000000853,0
115.5,115.5,0.7142857142857143,0.7976016455766455,0.11754412696711425,-0.7088055646901081,-0.08331593129093118,5.0,9.0,5.0,0.20000000000000284,0
115.5,115.5,0.7142857142857143,0.7976016455766455,0.11754412696711425,-0.7088055646901081,-0.08331593129093118,5.0,9.0,5.0,0.20000000000000284,0
115.5,115.5,0.7142857142857143,0.7976016455766455,0.11754412696711425,-0.7088055646901081,-0.08331593129093118,5.0,9.0,5.0,-0.20000000000000284,0
115.5,115.5,0.7142857142857143,0.7976016455766455,0.11754412696711425,-0.7088055646901081,-0.08331593129093118,5.0,9.0,5.0,-0.29999999999999716,0
116.5,116.5,0.6666666666666666,0.8070735259838202,0.1167985468464239,-1.2021284776922077,-0.14040685931715358,4.0,8.0,4.0,0.20000000000000284,0
116.5,116.5,0.6666666666666666,0.8070735259838202,0.1167985468464239,-1.2021284776922077,-0.14040685931715358,4.0,8.0,4.0,-0.20000000000000284,0
116.5,116.5,0.6666666666666666,0.8070735259838202,0.1167985468464239,-1.2021284776922077,-0.14040685931715358,4.0,8.0,4.0,-0.29999999999999716,0
116.5,116.5,0.6666666666666666,0.8070735259838202,0.1167985468464239,-1.2021284776922077,-0.14040685931715358,4.0,8.0,4.0,0.19999999999998863,0
117.5,117.5,0.6666666666666666,0.8177249888999889,0.11256392629997841,-1.3419780847974139,-0.15105832223332227,5.0,7.0,4.0,-0.20000000000000284,0
117.5,117.5,0.6666666666666666,0.8177249888999889,0.11256392629997841,-1.3419780847974139,-0.15105832223332227,5.0,7.0,4.0,-0.29999999999999716,0
117.5,117.5,0.6666666666666666,0.8177249888999889,0.11256392629997841,-1.3419780847974139,-0.15105832223332227,5.0,7.0,4.0,0.19999999999998863,0
117.5,117.5,0.6666666666666666,0.8177249888999889,0.11256392629997841,-1.3419780847974139,-0.15105832223332227,5.0,7.0,4.0,0.09999999999999432,0
118.5,118.5,0.7272727272727273,0.8313857142857144,0.10314333594632895,-1.009401005481951,-0.1041129870129871,5.0,6.0,4.0,-0.29999999999999716,0
118.5,118.5,0.7272727272727273,0.8313857142857144,0.10314333594632895,-1.009401005481951,-0.1041129870129871,5.0,6.0,4.0,0.19999999999998863,0
118.5,118.5,0.7272727272727273,0.8313857142857144,0.10314333594632895,-1.009401005481951,-0.1041129870129871,5.0,6.0,4.0,0.09999999999999432,0
118.5,118.5,0.7272727272727273,0.8313857142857144,0.10314333594632895,-1.009401005481951,-0.1041129870129871,5.0,6.0,4.0,-0.7000000000000028,0
119.5,119.5,0.7272727272727273,0.7968183150183151,0.10085728746226491,-0.6895444989199007,-0.06954558774558783,5.0,6.0,4.0,0.19999999999998863,0
119.5,119.5,0.7272727272727273,0.7968183150183151,0.10085728746226491,-0.6895444989199007,-0.06954558774558783,5.0,6.0,4.0,0.09999999999999432,0
119.5,119.5,0.7272727272727273,0.7968183150183151,0.10085728746226491,-0.6895444989199007,-0.06954558774558783,5.0,6.0,4.0,-0.7000000000000028,0
119.5,119.5,0.7272727272727273,0.7968183150183151,0.10085728746226491,-0.6895444989199007,-0.06954558774558783,5.0,6.0,4.0,-1.0,0
120.5,120.5,0.7272727272727273,0.7163853868353869,0.1006946554953573,0.10812232668934836,0.01088734043734041,7.0,4.0,4.0,0.19999999999998863,0
120.5,120.5,0.7272727272727273,0.7163853868353869,0.1006946554953573,0.10812232668934836,0.01088734043734041,7.0,4.0,4.0,0.09999999999999432,0
120.5,120.5,0.7272727272727273,0.7163853868353869,0.1006946554953573,0.10812232668934836,0.01088734043734041,7.0,4.0,4.0,-0.7000000000000028,0
120.5,120.5,0.7272727272727273,0.7163853868353869,0.1006946554953573,0.10812232668934836,0.01088734043734041,7.0,4.0,4.0,-1.0,0
121.5,121.5,0.7272727272727273,0.7260239815739815,0.09079033774046892,0.01375416954957711,0.001248745698745779,7.0,4.0,4.0,0.09999999999999432,0
121.5,121.5,0.7272727272727273,0.7260239815739815,0.09079033774046892,0.01375416954957711,0.001248745698745779,7.0,4.0,4.0,-0.7000000000000028,0
121.5,121.5,0.7272727272727273,0.7260239815739815,0.09079033774046892,0.01375416954957711,0.001248745698745779,7.0,4.0,4.0,-1.0,0
121.5,121.5,0.7272727272727273,0.7260239815739815,0.09079033774046892,0.01375416954957711,0.001248745698745779,7.0,4.0,4.0,-0.4000000000000057,0
122.5,122.5,0.6666666666666666,0.6136232323232321,0.09337605652632175,0.568062481075993,0.053043434343434503,6.0,3.0,3.0,0.09999999999999432,0
122.5,122.5,0.6666666666666666,0.6136232323232321,0.09337605652632175,0.568062481075993,0.053043434343434503,6.0,3.0,3.0,-0.09999999999999432,0
122.5,122.5,0.6666666666666666,0.6136232323232321,0.09337605652632175,0.568062481075993,0.053043434343434503,6.0,3.0,3.0,-0.4000000000000057,0
123.5,123.5,0.5714285714285714,0.46840505050505055,0.09146078227246598,1.1264229144313342,0.10302352092352085,5.0,2.0,2.0,-0.09999999999999432,0
123.5,123.5,0.5714285714285714,0.46840505050505055,0.09146078227246598,1.1264229144313342,0.10302352092352085,5.0,2.0,2.0,-0.4000000000000057,0
124.5,124.5,0.5,0.5884333333333333,0.12190989736690358,-0.7253991287285044,-0.08843333333333325,5.0,3.0,2.0,-0.4000000000000057,0
124.5,124.5,0.5,0.5884333333333333,0.12190989736690358,-0.7253991287285044,-0.08843333333333325,5.0,3.0,2.0,-0.30000000000001137,0
125.5,125.5,0.6666666666666666,0.7045013764013763,0.1030902939997089,-0.3670055469510693,-0.037834709734709704,5.0,4.0,3.0,-0.4000000000000057,0
125.5,125.5,0.6666666666666666,0.7045013764013763,0.1030902939997089,-0.3670055469510693,-0.037834709734709704,5.0,4.0,3.0,-0.30000000000001137,0
125.5,125.5,0.6666666666666666,0.7045013764013763,0.1030902939997089,-0.3670055469510693,-0.037834709734709704,5.0,4.0,3.0,0.20000000000000284,0
126.5,126.5,0.6666666666666666,0.7583729215229215,0.13251528640476776,-0.6920428378061849,-0.09170625485625483,4.0,5.0,3.0,-0.30000000000001137,0
126.5,126.5,0.6666666666666666,0.7583729215229215,0.13251528640476776,-0.6920428378061849,-0.09170625485625483,4.0,5.0,3.0,0.20000000000000284,0
126.5,126.5,0.6666666666666666,0.7583729215229215,0.13251528640476776,-0.6920428378061849,-0.09170625485625483,4.0,5.0,3.0,-0.30000000000001137,0
127.5,127.5,0.8333333333333334,0.8589150821400822,0.12956752854085016,-0.19743950583022318,-0.025581748806748794,5.0,7.0,5.0,-0.30000000000001137,0
127.5,127.5,0.8333333333333334,0.8589150821400822,0.12956752854085016,-0.19743950583022318,-0.025581748806748794,5.0,7.0,5.0,0.20000000000000284,0
127.5,127.5,0.8333333333333334,0.8589150821400822,0.12956752854085016,-0.19743950583022318,-0.025581748806748794,5.0,7.0,5.0,-0.30000000000001137,0
127.5,127.5,0.8333333333333334,0.8589150821400822,0.12956752854085016,-0.19743950583022318,-0.025581748806748794,5.0,7.0,5.0,0.09999999999999432,0
127.5,127.5,0.8333333333333334,0.8589150821400822,0.12956752854085016,-0.19743950583022318,-0.025581748806748794,5.0,7.0,5.0,0.0,0
128.5,128.5,0.8571428571428571,0.8371802393684747,0.11878469625867197,0.16805715216807623,0.019962617774382352,6.0,8.0,6.0,-0.30000000000001137,0
128.5,128.5,0.8571428571428571,0.8371802393684747,0.11878469625867197,0.16805715216807623,0.019962617774382352,6.0,8.0,6.0,0.20000000000000284,0
128.5,128.5,0.8571428571428571,0.8371802393684747,0.11878469625867197,0.16805715216807623,0.019962617774382352,6.0,8.0,6.0,-0.30000000000001137,0
128.5,128.5,0.8571428571428571,0.8371802393684747,0.11878469625867197,0.16805715216807623,0.019962617774382352,6.0,8.0,6.0,0.09999999999999432,0
128.5,128.5,0.8571428571428571,0.8371802393684747,0.11878469625867197,0.16805715216807623,0.019962617774382352,6.0,8.0,6.0,0.0,0
128.5,128.5,0.8571428571428571,0.8371802393684747,0.11878469625867197,0.16805715216807623,0.019962617774382352,6.0,8.0,6.0,0.09999999999999432,0
129.5,129.5,0.9333333333333333,0.8666940182366655,0.11914425004502564,0.5593162496006673,0.06663931509666787,7.0,8.0,7.0,0.20000000000000284,0
129.5,129.5,0.9333333333333333,0.8666940182366655,0.11914425004502564,0.5593162496006673,0.06663931509666787,7.0,8.0,7.0,-0.30000000000001137,0
129.5,129.5,0.9333333333333333,0.8666940182366655,0.11914425004502564,0.5593162496006673,0.06663931509666787,7.0,8.0,7.0,0.09999999999999432,0
129.5,129.5,0.9333333333333333,0.8666940182366655,0.11914425004502564,0.5593162496006673,0.06663931509666787,7.0,8.0,7.0,0.0,0
129.5,129.5,0.9333333333333333,0.8666940182366655,0.11914425004502564,0.5593162496006673,0.06663931509666787,7.0,8.0,7.0,0.09999999999999432,0
129.5,129.5,0.9333333333333333,0.8666940182366655,0.11914425004502564,0.5593162496006673,0.06663931509666787,7.0,8.0,7.0,0.0,0
129.5,129.5,0.9333333333333333,0.8666940182366655,0.11914425004502564,0.5593162496006673,0.06663931509666787,7.0,8.0,7.0,-0.20000000000001705,0
130.5,130.5,0.875,0.8369194349767879,0.11453358688467714,0.3324838246928833,0.03808056502321211,8.0,8.0,7.0,-0.30000000000001137,0
130.5,130.5,0.875,0.8369194349767879,0.11453358688467714,0.3324838246928833,0.03808056502321211,8.0,8.0,7.0,0.09999999999999432,0
130.5,130.5,0.875,0.8369194349767879,0.11453358688467714,0.3324838246928833,0.03808056502321211,8.0,8.0,7.0,0.0,0
130.5,130.5,0.875,0.8369194349767879,0.11453358688467714,0.3324838246928833,0.03808056502321211,8.0,8.0,7.0,0.09999999999999432,0
130.5,130.5,0.875,0.8369194349767879,0.11453358688467714,0.3324838246928833,0.03808056502321211,8.0,8.0,7.0,0.0,0
130.5,130.5,0.875,0.8369194349767879,0.11453358688467714,0.3324838246928833,0.03808056502321211,8.0,8.0,7.0,-0.20000000000001705,0
130.5,130.5,0.875,0.8369194349767879,0.11453358688467714,0.3324838246928833,0.03808056502321211,8.0,8.0,7.0,-0.5,0
131.5,131.5,0.9333333333333333,0.8509284132534133,0.11973073121165913,0.6882520406080644,0.08240492007992006,8.0,7.0,7.0,0.09999999999999432,0
131.5,131.5,0.9333333333333333,0.8509284132534133,0.11973073121165913,0.6882520406080644,0.08240492007992006,8.0,7.0,7.0,0.0,0
131.5,131.5,0.9333333333333333,0.8509284132534133,0.11973073121165913,0.6882520406080644,0.08240492007992006,8.0,7.0,7.0,0.09999999999999432,0
131.5,131.5,0.9333333333333333,0.8509284132534133,0.11973073121165913,0.6882520406080644,0.08240492007992006,8.0,7.0,7.0,0.0,0
131.5,131.5,0.9333333333333333,0.8509284132534133,0.11973073121165913,0.6882520406080644,0.08240492007992006,8.0,7.0,7.0,-0.20000000000001705,0
131.5,131.5,0.9333333333333333,0.8509284132534133,0.11973073121165913,0.6882520406080644,0.08240492007992006,8.0,7.0,7.0,-0.5,0
131.5,131.5,0.9333333333333333,0.8509284132534133,0.11973073121165913,0.6882520406080644,0.08240492007992006,8.0,7.0,7.0,-0.5,0
132.5,132.5,0.9333333333333333,0.9000831696081698,0.1048188042840932,0.31721563656693447,0.03325016372516354,8.0,7.0,7.0,0.09999999999999432,0
132.5,132.5,0.9333333333333333,0.9000831696081698,0.1048188042840932,0.31721563656693447,0.03325016372516354,8.0,7.0,7.0,0.0,0
132.5,132.5,0.9333333333333333,0.9000831696081698,0.1048188042840932,0.31721563656693447,0.03325016372516354,8.0,7.0,7.0,-0.20000000000001705,0
132.5,132.5,0.9333333333333333,0.9000831696081698,0.1048188042840932,0.31721563656693447,0.03325016372516354,8.0,7.0,7.0,-0.5,0
132.5,132.5,0.9333333333333333,0.9000831696081698,0.1048188042840932,0.31721563656693447,0.03325016372516354,8.0,7.0,7.0,-0.5,0
132.5,132.5,0.9333333333333333,0.9000831696081698,0.1048188042840932,0.31721563656693447,0.03325016372516354,8.0,7.0,7.0,-0.700000000000017,0
132.5,132.5,0.9333333333333333,0.9000831696081698,0.1048188042840932,0.31721563656693447,0.03325016372516354,8.0,7.0,7.0,-0.8000000000000114,0
133.5,133.5,0.875,0.879565145965146,0.11038947119676795,-0.041354903829629655,-0.004565145965146011,9.0,7.0,7.0,0.0,0
133.5,133.5,0.875,0.879565145965146,0.11038947119676795,-0.041354903829629655,-0.004565145965146011,9.0,7.0,7.0,-0.20000000000001705,0
133.5,133.5,0.875,0.879565145965146,0.11038947119676795,-0.041354903829629655,-0.004565145965146011,9.0,7.0,7.0,-0.5,0
133.5,133.5,0.875,0.879565145965146,0.11038947119676795,-0.041354903829629655,-0.004565145965146011,9.0,7.0,7.0,-0.5,0
133.5,133.5,0.875,0.879565145965146,0.11038947119676795,-0.041354903829629655,-0.004565145965146011,9.0,7.0,7.0,-0.700000000000017,0
133.5,133.5,0.875,0.879565145965146,0.11038947119676795,-0.041354903829629655,-0.004565145965146011,9.0,7.0,7.0,-0.8000000000000114,0
133.5,133.5,0.875,0.879565145965146,0.11038947119676795,-0.041354903829629655,-0.004565145965146011,9.0,7.0,7.0,-0.6999999999999886,0
134.5,134.5,1.0,0.9077469363969366,0.10199252575889955,0.9045080795541891,0.0922530636030634,7.0,7.0,7.0,-0.5,0
134.5,134.5,1.0,0.9077469363969366,0.10199252575889955,0.9045080795541891,0.0922530636030634,7.0,7.0,7.0,-0.5,0
134.5,134.5,1.0,0.9077469363969366,0.10199252575889955,0.9045080795541891,0.0922530636030634,7.0,7.0,7.0,-0.700000000000017,0
134.5,134.5,1.0,0.9077469363969366,0.10199252575889955,0.9045080795541891,0.0922530636030634,7.0,7.0,7.0,-0.8000000000000114,0
134.5,134.5,1.0,0.9077469363969366,0.10199252575889955,0.9045080795541891,0.0922530636030634,7.0,7.0,7.0,-0.6999999999999886,0
134.5,134.5,1.0,0.9077469363969366,0.10199252575889955,0.9045080795541891,0.0922530636030634,7.0,7.0,7.0,-0.8999999999999773,0
134.5,134.5,1.0,0.9077469363969366,0.10199252575889955,0.9045080795541891,0.0922530636030634,7.0,7.0,7.0,-0.9000000000000057,0
135.5,135.5,0.8571428571428571,0.8400413697413699,0.10856255593343747,0.1575265730844857,0.017101487401487203,8.0,6.0,6.0,-0.5,0
135.5,135.5,0.8571428571428571,0.8400413697413699,0.10856255593343747,0.1575265730844857,0.017101487401487203,8.0,6.0,6.0,-0.700000000000017,0
135.5,135.5,0.8571428571428571,0.8400413697413699,0.10856255593343747,0.1575265730844857,0.017101487401487203,8.0,6.0,6.0,-0.8000000000000114,0
135.5,135.5,0.8571428571428571,0.8400413697413699,0.10856255593343747,0.1575265730844857,0.017101487401487203,8.0,6.0,6.0,-0.6999999999999886,0
135.5,135.5,0.8571428571428571,0.8400413697413699,0.10856255593343747,0.1575265730844857,0.017101487401487203,8.0,6.0,6.0,-0.8999999999999773,0
135.5,135.5,0.8571428571428571,0.8400413697413699,0.10856255593343747,0.1575265730844857,0.017101487401487203,8.0,6.0,6.0,-0.9000000000000057,0
136.5,136.5,1.0,0.8642423076923078,0.09788279330480931,1.3869413379422015,0.1357576923076922,7.0,7.0,7.0,-0.20000000000001705,0
136.5,136.5,1.0,0.8642423076923078,0.09788279330480931,1.3869413379422015,0.1357576923076922,7.0,7.0,7.0,-0.09999999999999432,0
136.5,136.5,1.0,0.8642423076923078,0.09788279330480931,1.3869413379422015,0.1357576923076922,7.0,7.0,7.0,-0.19999999999998863,0
136.5,136.5,1.0,0.8642423076923078,0.09788279330480931,1.3869413379422015,0.1357576923076922,7.0,7.0,7.0,-0.19999999999998863,0
136.5,136.5,1.0,0.8642423076923078,0.09788279330480931,1.3869413379422015,0.1357576923076922,7.0,7.0,7.0,0.29999999999998295,0
136.5,136.5,1.0,0.8642423076923078,0.09788279330480931,1.3869413379422015,0.1357576923076922,7.0,7.0,7.0,-0.30000000000001137,0
136.5,136.5,1.0,0.8642423076923078,0.09788279330480931,1.3869413379422015,0.1357576923076922,7.0,7.0,7.0,0.0,0
137.5,137.5,0.9230769230769231,0.8924259684759686,0.098926682886573,0.30983505871816436,0.030650954600954572,6.0,7.0,6.0,-0.19999999999998863,0
137.5,137.5,0.9230769230769231,0.8924259684759686,0.098926682886573,0.30983505871816436,0.030650954600954572,6.0,7.0,6.0,-0.19999999999998863,0
137.5,137.5,0.9230769230769231,0.8924259684759686,0.098926682886573,0.30983505871816436,0.030650954600954572,6.0,7.0,6.0,0.29999999999998295,0
137.5,137.5,0.9230769230769231,0.8924259684759686,0.098926682886573,0.30983505871816436,0.030650954600954572,6.0,7.0,6.0,-0.30000000000001137,0
137.5,137.5,0.9230769230769231,0.8924259684759686,0.098926682886573,0.30983505871816436,0.030650954600954572,6.0,7.0,6.0,0.0,0
137.5,137.5,0.9230769230769231,0.8924259684759686,0.098926682886573,0.30983505871816436,0.030650954600954572,6.0,7.0,6.0,-0.09999999999999432,0
138.5,138.5,0.9230769230769231,0.8676714063714064,0.1108175383839292,0.4999706500749314,0.055405516705516744,6.0,7.0,6.0,-0.19999999999998863,0
138.5,138.5,0.9230769230769231,0.8676714063714064,0.1108175383839292,0.4999706500749314,0.055405516705516744,6.0,7.0,6.0,0.29999999999998295,0
138.5,138.5,0.9230769230769231,0.8676714063714064,0.1108175383839292,0.4999706500749314,0.055405516705516744,6.0,7.0,6.0,-0.30000000000001137,0
138.5,138.5,0.9230769230769231,0.8676714063714064,0.1108175383839292,0.4999706500749314,0.055405516705516744,6.0,7.0,6.0,0.0,0
138.5,138.5,0.9230769230769231,0.8676714063714064,0.1108175383839292,0.4999706500749314,0.055405516705516744,6.0,7.0,6.0,-0.09999999999999432,0
138.5,138.5,0.9230769230769231,0.8676714063714064,0.1108175383839292,0.4999706500749314,0.055405516705516744,6.0,7.0,6.0,-0.19999999999998863,0
139.5,139.5,0.8571428571428571,0.8727205794205795,0.11676513874738688,-0.13341072896272288,-0.015577722277722361,7.0,7.0,6.0,-0.30000000000001137,0
139.5,139.5,0.8571428571428571,0.8727205794205795,0.11676513874738688,-0.13341072896272288,-0.015577722277722361,7.0,7.0,6.0,0.0,0
139.5,139.5,0.8571428571428571,0.8727205794205795,0.11676513874738688,-0.13341072896272288,-0.015577722277722361,7.0,7.0,6.0,-0.09999999999999432,0
139.5,139.5,0.8571428571428571,0.8727205794205795,0.11676513874738688,-0.13341072896272288,-0.015577722277722361,7.0,7.0,6.0,-0.19999999999998863,0
139.5,139.5,0.8571428571428571,0.8727205794205795,0.11676513874738688,-0.13341072896272288,-0.015577722277722361,7.0,7.0,6.0,-0.09999999999999432,0
139.5,139.5,0.8571428571428571,0.8727205794205795,0.11676513874738688,-0.13341072896272288,-0.015577722277722361,7.0,7.0,6.0,-0.09999999999999432,0
140.5,140.5,0.875,0.8213746257010963,0.10842992376000195,0.49456250119291534,0.05362537429890368,7.0,9.0,7.0,-0.30000000000001137,0
140.5,140.5,0.875,0.8213746257010963,0.10842992376000195,0.49456250119291534,0.05362537429890368,7.0,9.0,7.0,0.0,0
140.5,140.5,0.875,0.8213746257010963,0.10842992376000195,0.49456250119291534,0.05362537429890368,7.0,9.0,7.0,-0.09999999999999432,0
140.5,140.5,0.875,0.8213746257010963,0.10842992376000195,0.49456250119291534,0.05362537429890368,7.0,9.0,7.0,-0.19999999999998863,0
140.5,140.5,0.875,0.8213746257010963,0.10842992376000195,0.49456250119291534,0.05362537429890368,7.0,9.0,7.0,-0.09999999999999432,0
140.5,140.5,0.875,0.8213746257010963,0.10842992376000195,0.49456250119291534,0.05362537429890368,7.0,9.0,7.0,-0.09999999999999432,0
140.5,140.5,0.875,0.8213746257010963,0.10842992376000195,0.49456250119291534,0.05362537429890368,7.0,9.0,7.0,0.0,0
141.5,141.5,0.875,0.8220694036355801,0.11378704797973649,0.46517241904233164,0.05293059636441988,7.0,9.0,7.0,-0.09999999999999432,0
141.5,141.5,0.875,0.8220694036355801,0.11378704797973649,0.46517241904233164,0.05293059636441988,7.0,9.0,7.0,-0.19999999999998863,0
141.5,141.5,0.875,0.8220694036355801,0.11378704797973649,0.46517241904233164,0.05293059636441988,7.0,9.0,7.0,-0.09999999999999432,0
141.5,141.5,0.875,0.8220694036355801,0.11378704797973649,0.46517241904233164,0.05293059636441988,7.0,9.0,7.0,-0.09999999999999432,0
141.5,141.5,0.875,0.8220694036355801,0.11378704797973649,0.46517241904233164,0.05293059636441988,7.0,9.0,7.0,0.0,0
141.5,141.5,0.875,0.8220694036355801,0.11378704797973649,0.46517241904233164,0.05293059636441988,7.0,9.0,7.0,-0.20000000000001705,0
141.5,141.5,0.875,0.8220694036355801,0.11378704797973649,0.46517241904233164,0.05293059636441988,7.0,9.0,7.0,-0.20000000000001705,0
142.5,142.5,0.875,0.8526885727018082,0.11219953859016918,0.19885489350975555,0.0223114272981918,8.0,8.0,7.0,-0.19999999999998863,0
142.5,142.5,0.875,0.8526885727018082,0.11219953859016918,0.19885489350975555,0.0223114272981918,8.0,8.0,7.0,-0.09999999999999432,0
142.5,142.5,0.875,0.8526885727018082,0.11219953859016918,0.19885489350975555,0.0223114272981918,8.0,8.0,7.0,-0.09999999999999432,0
142.5,142.5,0.875,0.8526885727018082,0.11219953859016918,0.19885489350975555,0.0223114272981918,8.0,8.0,7.0,0.0,0
142.5,142.5,0.875,0.8526885727018082,0.11219953859016918,0.19885489350975555,0.0223114272981918,8.0,8.0,7.0,-0.20000000000001705,0
142.5,142.5,0.875,0.8526885727018082,0.11219953859016918,0.19885489350975555,0.0223114272981918,8.0,8.0,7.0,-0.20000000000001705,0
142.5,142.5,0.875,0.8526885727018082,0.11219953859016918,0.19885489350975555,0.0223114272981918,8.0,8.0,7.0,-0.39999999999997726,0
143.5,143.5,0.9333333333333333,0.8062744789524202,0.11080451827207771,1.1466938024036466,0.12705885438091313,7.0,8.0,7.0,-0.09999999999999432,0
143.5,143.5,0.9333333333333333,0.8062744789524202,0.11080451827207771,1.1466938024036466,0.12705885438091313,7.0,8.0,7.0,-0.09999999999999432,0
143.5,143.5,0.9333333333333333,0.8062744789524202,0.11080451827207771,1.1466938024036466,0.12705885438091313,7.0,8.0,7.0,0.0,0
143.5,143.5,0.9333333333333333,0.8062744789524202,0.11080451827207771,1.1466938024036466,0.12705885438091313,7.0,8.0,7.0,-0.20000000000001705,0
143.5,143.5,0.9333333333333333,0.8062744789524202,0.11080451827207771,1.1466938024036466,0.12705885438091313,7.0,8.0,7.0,-0.20000000000001705,0
143.5,143.5,0.9333333333333333,0.8062744789524202,0.11080451827207771,1.1466938024036466,0.12705885438091313,7.0,8.0,7.0,-0.39999999999997726,0
143.5,143.5,0.9333333333333333,0.8062744789524202,0.11080451827207771,1.1466938024036466,0.12705885438091313,7.0,8.0,7.0,-0.6999999999999886,0
144.5,144.5,0.8333333333333334,0.8209690975690976,0.1051941404600364,0.11753730493128507,0.012364235764235731,5.0,7.0,5.0,0.0,0
144.5,144.5,0.8333333333333334,0.8209690975690976,0.1051941404600364,0.11753730493128507,0.012364235764235731,5.0,7.0,5.0,-0.20000000000001705,0
144.5,144.5,0.8333333333333334,0.8209690975690976,0.1051941404600364,0.11753730493128507,0.012364235764235731,5.0,7.0,5.0,-0.20000000000001705,0
144.5,144.5,0.8333333333333334,0.8209690975690976,0.1051941404600364,0.11753730493128507,0.012364235764235731,5.0,7.0,5.0,-0.39999999999997726,0
144.5,144.5,0.8333333333333334,0.8209690975690976,0.1051941404600364,0.11753730493128507,0.012364235764235731,5.0,7.0,5.0,-0.6999999999999886,0
145.5,145.5,0.9090909090909091,0.8340889443889444,0.09810570351684245,0.7645015734389852,0.07500196470196463,5.0,6.0,5.0,-0.20000000000001705,0
145.5,145.5,0.9090909090909091,0.8340889443889444,0.09810570351684245,0.7645015734389852,0.07500196470196463,5.0,6.0,5.0,-0.20000000000001705,0
145.5,145.5,0.9090909090909091,0.8340889443889444,0.09810570351684245,0.7645015734389852,0.07500196470196463,5.0,6.0,5.0,-0.39999999999997726,0
145.5,145.5,0.9090909090909091,0.8340889443889444,0.09810570351684245,0.7645015734389852,0.07500196470196463,5.0,6.0,5.0,-0.6999999999999886,0
145.5,145.5,0.9090909090909091,0.8340889443889444,0.09810570351684245,0.7645015734389852,0.07500196470196463,5.0,6.0,5.0,0.4000000000000057,0
146.5,146.5,0.75,0.7281695193695193,0.08967261657306942,0.24344645516942356,0.021830480630480653,4.0,4.0,3.0,-0.39999999999997726,0
146.5,146.5,0.75,0.7281695193695193,0.08967261657306942,0.24344645516942356,0.021830480630480653,4.0,4.0,3.0,-0.6999999999999886,0
146.5,146.5,0.75,0.7281695193695193,0.08967261657306942,0.24344645516942356,0.021830480630480653,4.0,4.0,3.0,0.4000000000000057,0
147.5,147.5,0.8,0.811510483960484,0.07793059158573185,-0.14770173979522774,-0.01151048396048393,5.0,5.0,4.0,-0.6999999999999886,0
147.5,147.5,0.8,0.811510483960484,0.07793059158573185,-0.14770173979522774,-0.01151048396048393,5.0,5.0,4.0,0.4000000000000057,0
147.5,147.5,0.8,0.811510483960484,0.07793059158573185,-0.14770173979522774,-0.01151048396048393,5.0,5.0,4.0,-0.5,0
147.5,147.5,0.8,0.811510483960484,0.07793059158573185,-0.14770173979522774,-0.01151048396048393,5.0,5.0,4.0,-0.6000000000000227,0
148.5,148.5,0.9090909090909091,0.8492362637362638,0.09997301228634971,0.598708031155502,0.05985464535464524,5.0,6.0,5.0,0.4000000000000057,0
148.5,148.5,0.9090909090909091,0.8492362637362638,0.09997301228634971,0.598708031155502,0.05985464535464524,5.0,6.0,5.0,-0.5,0
148.5,148.5,0.9090909090909091,0.8492362637362638,0.09997301228634971,0.598708031155502,0.05985464535464524,5.0,6.0,5.0,-0.6000000000000227,0
148.5,148.5,0.9090909090909091,0.8492362637362638,0.09997301228634971,0.598708031155502,0.05985464535464524,5.0,6.0,5.0,-0.30000000000001137,0
148.5,148.5,0.9090909090909091,0.8492362637362638,0.09997301228634971,0.598708031155502,0.05985464535464524,5.0,6.0,5.0,0.0,0
149.5,149.5,1.0,0.8564911477411479,0.11907207811213849,1.205226737738631,0.14350885225885213,7.0,7.0,7.0,0.4000000000000057,0
149.5,149.5,1.0,0.8564911477411479,0.11907207811213849,1.205226737738631,0.14350885225885213,7.0,7.0,7.0,-0.5,0
149.5,149.5,1.0,0.8564911477411479,0.11907207811213849,1.205226737738631,0.14350885225885213,7.0,7.0,7.0,-0.6000000000000227,0
149.5,149.5,1.0,0.8564911477411479,0.11907207811213849,1.205226737738631,0.14350885225885213,7.0,7.0,7.0,-0.30000000000001137,0
149.5,149.5,1.0,0.8564911477411479,0.11907207811213849,1.205226737738631,0.14350885225885213,7.0,7.0,7.0,0.0,0
149.5,149.5,1.0,0.8564911477411479,0.11907207811213849,1.205226737738631,0.14350885225885213,7.0,7.0,7.0,0.09999999999999432,0
149.5,149.5,1.0,0.8564911477411479,0.11907207811213849,1.205226737738631,0.14350885225885213,7.0,7.0,7.0,0.0,0
150.5,150.5,0.9333333333333333,0.8783143828393829,0.1144830881287267,0.48058583493210993,0.05501895049395045,8.0,7.0,7.0,-0.5,0
150.5,150.5,0.9333333333333333,0.8783143828393829,0.1144830881287267,0.48058583493210993,0.05501895049395045,8.0,7.0,7.0,-0.6000000000000227,0
150.5,150.5,0.9333333333333333,0.8783143828393829,0.1144830881287267,0.48058583493210993,0.05501895049395045,8.0,7.0,7.0,-0.30000000000001137,0
150.5,150.5,0.9333333333333333,0.8783143828393829,0.1144830881287267,0.48058583493210993,0.05501895049395045,8.0,7.0,7.0,0.0,0
150.5,150.5,0.9333333333333333,0.8783143828393829,0.1144830881287267,0.48058583493210993,0.05501895049395045,8.0,7.0,7.0,0.09999999999999432,0
150.5,150.5,0.9333333333333333,0.8783143828393829,0.1144830881287267,0.48058583493210993,0.05501895049395045,8.0,7.0,7.0,0.0,0
150.5,150.5,0.9333333333333333,0.8783143828393829,0.1144830881287267,0.48058583493210993,0.05501895049395045,8.0,7.0,7.0,0.0,0
151.5,151.5,0.9411764705882353,0.8131104007104006,0.11137298234736281,1.1498845337409347,0.12806606987783464,8.0,9.0,8.0,0.09999999999999432,0
151.5,151.5,0.9411764705882353,0.8131104007104006,0.11137298234736281,1.1498845337409347,0.12806606987783464,8.0,9.0,8.0,0.19999999999998863,0
151.5,151.5,0.9411764705882353,0.8131104007104006,0.11137298234736281,1.1498845337409347,0.12806606987783464,8.0,9.0,8.0,0.0,0
151.5,151.5,0.9411764705882353,0.8131104007104006,0.11137298234736281,1.1498845337409347,0.12806606987783464,8.0,9.0,8.0,0.09999999999999432,0
151.5,151.5,0.9411764705882353,0.8131104007104006,0.11137298234736281,1.1498845337409347,0.12806606987783464,8.0,9.0,8.0,0.0,0
151.5,151.5,0.9411764705882353,0.8131104007104006,0.11137298234736281,1.1498845337409347,0.12806606987783464,8.0,9.0,8.0,0.0,0
151.5,151.5,0.9411764705882353,0.8131104007104006,0.11137298234736281,1.1498845337409347,0.12806606987783464,8.0,9.0,8.0,-0.09999999999999432,0
151.5,151.5,0.9411764705882353,0.8131104007104006,0.11137298234736281,1.1498845337409347,0.12806606987783464,8.0,9.0,8.0,0.30000000000001137,0
152.5,152.5,1.0,0.8130286013006601,0.11411100627638594,1.63850451240856,0.18697139869933987,8.0,8.0,8.0,-0.30000000000001137,0
152.5,152.5,1.0,0.8130286013006601,0.11411100627638594,1.63850451240856,0.18697139869933987,8.0,8.0,8.0,0.0,0
152.5,152.5,1.0,0.8130286013006601,0.11411100627638594,1.63850451240856,0.18697139869933987,8.0,8.0,8.0,0.09999999999999432,0
152.5,152.5,1.0,0.8130286013006601,0.11411100627638594,1.63850451240856,0.18697139869933987,8.0,8.0,8.0,0.0,0
152.5,152.5,1.0,0.8130286013006601,0.11411100627638594,1.63850451240856,0.18697139869933987,8.0,8.0,8.0,0.0,0
152.5,152.5,1.0,0.8130286013006601,0.11411100627638594,1.63850451240856,0.18697139869933987,8.0,8.0,8.0,-0.09999999999999432,0
152.5,152.5,1.0,0.8130286013006601,0.11411100627638594,1.63850451240856,0.18697139869933987,8.0,8.0,8.0,0.30000000000001137,0
152.5,152.5,1.0,0.8130286013006601,0.11411100627638594,1.63850451240856,0.18697139869933987,8.0,8.0,8.0,0.19999999999998863,0
153.5,153.5,0.9333333333333333,0.8601862030126737,0.10855373801976681,0.673833362673703,0.07314713032065967,7.0,8.0,7.0,0.09999999999999432,0
153.5,153.5,0.9333333333333333,0.8601862030126737,0.10855373801976681,0.673833362673703,0.07314713032065967,7.0,8.0,7.0,0.0,0
153.5,153.5,0.9333333333333333,0.8601862030126737,0.10855373801976681,0.673833362673703,0.07314713032065967,7.0,8.0,7.0,0.0,0
153.5,153.5,0.9333333333333333,0.8601862030126737,0.10855373801976681,0.673833362673703,0.07314713032065967,7.0,8.0,7.0,-0.09999999999999432,0
153.5,153.5,0.9333333333333333,0.8601862030126737,0.10855373801976681,0.673833362673703,0.07314713032065967,7.0,8.0,7.0,0.30000000000001137,0
153.5,153.5,0.9333333333333333,0.8601862030126737,0.10855373801976681,0.673833362673703,0.07314713032065967,7.0,8.0,7.0,0.19999999999998863,0
153.5,153.5,0.9333333333333333,0.8601862030126737,0.10855373801976681,0.673833362673703,0.07314713032065967,7.0,8.0,7.0,-0.19999999999998863,0
154.5,154.5,0.9333333333333333,0.8245825307045895,0.10136600318721359,1.0728528225374654,0.10875080262874381,7.0,8.0,7.0,0.0,0
154.5,154.5,0.9333333333333333,0.8245825307045895,0.10136600318721359,1.0728528225374654,0.10875080262874381,7.0,8.0,7.0,0.0,0
154.5,154.5,0.9333333333333333,0.8245825307045895,0.10136600318721359,1.0728528225374654,0.10875080262874381,7.0,8.0,7.0,-0.09999999999999432,0
154.5,154.5,0.9333333333333333,0.8245825307045895,0.10136600318721359,1.0728528225374654,0.10875080262874381,7.0,8.0,7.0,0.30000000000001137,0
154.5,154.5,0.9333333333333333,0.8245825307045895,0.10136600318721359,1.0728528225374654,0.10875080262874381,7.0,8.0,7.0,0.19999999999998863,0
154.5,154.5,0.9333333333333333,0.8245825307045895,0.10136600318721359,1.0728528225374654,0.10875080262874381,7.0,8.0,7.0,-0.19999999999998863,0
154.5,154.5,0.9333333333333333,0.8245825307045895,0.10136600318721359,1.0728528225374654,0.10875080262874381,7.0,8.0,7.0,-0.30000000000001137,0
155.5,155.5,0.8571428571428571,0.8384904095904097,0.10090437572397372,0.18485271246780857,0.018652447552447438,7.0,7.0,6.0,-0.09999999999999432,0
155.5,155.5,0.8571428571428571,0.8384904095904097,0.10090437572397372,0.18485271246780857,0.018652447552447438,7.0,7.0,6.0,0.30000000000001137,0
155.5,155.5,0.8571428571428571,0.8384904095904097,0.10090437572397372,0.18485271246780857,0.018652447552447438,7.0,7.0,6.0,0.19999999999998863,0
155.5,155.5,0.8571428571428571,0.8384904095904097,0.10090437572397372,0.18485271246780857,0.018652447552447438,7.0,7.0,6.0,-0.19999999999998863,0
155.5,155.5,0.8571428571428571,0.8384904095904097,0.10090437572397372,0.18485271246780857,0.018652447552447438,7.0,7.0,6.0,-0.30000000000001137,0
155.5,155.5,0.8571428571428571,0.8384904095904097,0.10090437572397372,0.18485271246780857,0.018652447552447438,7.0,7.0,6.0,-0.4000000000000057,0
156.5,156.5,0.8333333333333334,0.8572786546786547,0.09563855707801543,-0.2503730929962524,-0.023945321345321346,6.0,6.0,5.0,0.19999999999998863,0
156.5,156.5,0.8333333333333334,0.8572786546786547,0.09563855707801543,-0.2503730929962524,-0.023945321345321346,6.0,6.0,5.0,-0.19999999999998863,0
156.5,156.5,0.8333333333333334,0.8572786546786547,0.09563855707801543,-0.2503730929962524,-0.023945321345321346,6.0,6.0,5.0,-0.30000000000001137,0
156.5,156.5,0.8333333333333334,0.8572786546786547,0.09563855707801543,-0.2503730929962524,-0.023945321345321346,6.0,6.0,5.0,-0.4000000000000057,0
156.5,156.5,0.8333333333333334,0.8572786546786547,0.09563855707801543,-0.2503730929962524,-0.023945321345321346,6.0,6.0,5.0,-0.4000000000000057,0
157.5,157.5,0.7692307692307693,0.8366196692196692,0.10741852605063383,-0.6273489542868507,-0.06738889998889996,7.0,6.0,5.0,-0.19999999999998863,0
157.5,157.5,0.7692307692307693,0.8366196692196692,0.10741852605063383,-0.6273489542868507,-0.06738889998889996,7.0,6.0,5.0,-0.30000000000001137,0
157.5,157.5,0.7692307692307693,0.8366196692196692,0.10741852605063383,-0.6273489542868507,-0.06738889998889996,7.0,6.0,5.0,-0.4000000000000057,0
157.5,157.5,0.7692307692307693,0.8366196692196692,0.10741852605063383,-0.6273489542868507,-0.06738889998889996,7.0,6.0,5.0,-0.4000000000000057,0
157.5,157.5,0.7692307692307693,0.8366196692196692,0.10741852605063383,-0.6273489542868507,-0.06738889998889996,7.0,6.0,5.0,-0.5999999999999943,0
158.5,158.5,0.6666666666666666,0.7089508325008326,0.1257509465084056,-0.3362532609751731,-0.04228416583416594,7.0,5.0,4.0,-0.30000000000001137,0
158.5,158.5,0.6666666666666666,0.7089508325008326,0.1257509465084056,-0.3362532609751731,-0.04228416583416594,7.0,5.0,4.0,-0.4000000000000057,0
158.5,158.5,0.6666666666666666,0.7089508325008326,0.1257509465084056,-0.3362532609751731,-0.04228416583416594,7.0,5.0,4.0,-0.4000000000000057,0
158.5,158.5,0.6666666666666666,0.7089508325008326,0.1257509465084056,-0.3362532609751731,-0.04228416583416594,7.0,5.0,4.0,-0.5999999999999943,0
159.5,159.5,0.6666666666666666,0.7175388333888334,0.09846304772796781,-0.5166625236171402,-0.05087216672216677,8.0,4.0,4.0,-0.4000000000000057,0
159.5,159.5,0.6666666666666666,0.7175388333888334,0.09846304772796781,-0.5166625236171402,-0.05087216672216677,8.0,4.0,4.0,-0.4000000000000057,0
159.5,159.5,0.6666666666666666,0.7175388333888334,0.09846304772796781,-0.5166625236171402,-0.05087216672216677,8.0,4.0,4.0,-0.5999999999999943,0
159.5,159.5,0.6666666666666666,0.7175388333888334,0.09846304772796781,-0.5166625236171402,-0.05087216672216677,8.0,4.0,4.0,-0.700000000000017,0
160.5,160.5,0.7142857142857143,0.7907626873126874,0.0888641546417431,-0.8606054188586041,-0.0764769730269731,9.0,5.0,5.0,-0.4000000000000057,0
160.5,160.5,0.7142857142857143,0.7907626873126874,0.0888641546417431,-0.8606054188586041,-0.0764769730269731,9.0,5.0,5.0,-0.5999999999999943,0
160.5,160.5,0.7142857142857143,0.7907626873126874,0.0888641546417431,-0.8606054188586041,-0.0764769730269731,9.0,5.0,5.0,-0.700000000000017,0
160.5,160.5,0.7142857142857143,0.7907626873126874,0.0888641546417431,-0.8606054188586041,-0.0764769730269731,9.0,5.0,5.0,-1.0,0
160.5,160.5,0.7142857142857143,0.7907626873126874,0.0888641546417431,-0.8606054188586041,-0.0764769730269731,9.0,5.0,5.0,-0.5999999999999943,0
161.5,161.5,0.7692307692307693,0.8076985125985127,0.0864251217681037,-0.44509909365196176,-0.03846774336774339,8.0,5.0,5.0,0.20000000000001705,0
161.5,161.5,0.7692307692307693,0.8076985125985127,0.0864251217681037,-0.44509909365196176,-0.03846774336774339,8.0,5.0,5.0,-0.700000000000017,0
161.5,161.5,0.7692307692307693,0.8076985125985127,0.0864251217681037,-0.44509909365196176,-0.03846774336774339,8.0,5.0,5.0,-1.0,0
161.5,161.5,0.7692307692307693,0.8076985125985127,0.0864251217681037,-0.44509909365196176,-0.03846774336774339,8.0,5.0,5.0,-0.5999999999999943,0
161.5,161.5,0.7692307692307693,0.8076985125985127,0.0864251217681037,-0.44509909365196176,-0.03846774336774339,8.0,5.0,5.0,-0.9000000000000057,0
162.5,162.5,0.8333333333333334,0.813303219003219,0.08407430100979095,0.23824300754854616,0.020030114330114368,7.0,5.0,5.0,-0.700000000000017,0
162.5,162.5,0.8333333333333334,0.813303219003219,0.08407430100979095,0.23824300754854616,0.020030114330114368,7.0,5.0,5.0,-1.0,0
162.5,162.5,0.8333333333333334,0.813303219003219,0.08407430100979095,0.23824300754854616,0.020030114330114368,7.0,5.0,5.0,-0.5999999999999943,0
162.5,162.5,0.8333333333333334,0.813303219003219,0.08407430100979095,0.23824300754854616,0.020030114330114368,7.0,5.0,5.0,-0.9000000000000057,0
162.5,162.5,0.8333333333333334,0.813303219003219,0.08407430100979095,0.23824300754854616,0.020030114330114368,7.0,5.0,5.0,-1.0,0
163.5,163.5,1.0,0.8661923409923411,0.0883371338320735,1.5147385159906097,0.1338076590076589,6.0,6.0,6.0,0.0,0
163.5,163.5,1.0,0.8661923409923411,0.0883371338320735,1.5147385159906097,0.1338076590076589,6.0,6.0,6.0,-0.5,0
163.5,163.5,1.0,0.8661923409923411,0.0883371338320735,1.5147385159906097,0.1338076590076589,6.0,6.0,6.0,-0.5999999999999943,0
163.5,163.5,1.0,0.8661923409923411,0.0883371338320735,1.5147385159906097,0.1338076590076589,6.0,6.0,6.0,-0.9000000000000057,0
163.5,163.5,1.0,0.8661923409923411,0.0883371338320735,1.5147385159906097,0.1338076590076589,6.0,6.0,6.0,-1.0,0
163.5,163.5,1.0,0.8661923409923411,0.0883371338320735,1.5147385159906097,0.1338076590076589,6.0,6.0,6.0,0.30000000000001137,0
164.5,164.5,0.8333333333333334,0.8945268925518927,0.09469663738406729,-0.6462062530306394,-0.06119355921855929,5.0,7.0,5.0,0.09999999999999432,0
164.5,164.5,0.8333333333333334,0.8945268925518927,0.09469663738406729,-0.6462062530306394,-0.06119355921855929,5.0,7.0,5.0,0.0,0
164.5,164.5,0.8333333333333334,0.8945268925518927,0.09469663738406729,-0.6462062530306394,-0.06119355921855929,5.0,7.0,5.0,-0.30000000000001137,0
164.5,164.5,0.8333333333333334,0.8945268925518927,0.09469663738406729,-0.6462062530306394,-0.06119355921855929,5.0,7.0,5.0,-0.30000000000001137,0
164.5,164.5,0.8333333333333334,0.8945268925518927,0.09469663738406729,-0.6462062530306394,-0.06119355921855929,5.0,7.0,5.0,-0.30000000000001137,0
165.5,165.5,0.6666666666666666,0.8181765789765791,0.10079340379462824,-1.5031728923315435,-0.1515099123099125,6.0,6.0,4.0,0.0,0
165.5,165.5,0.6666666666666666,0.8181765789765791,0.10079340379462824,-1.5031728923315435,-0.1515099123099125,6.0,6.0,4.0,-0.30000000000001137,0
165.5,165.5,0.6666666666666666,0.8181765789765791,0.10079340379462824,-1.5031728923315435,-0.1515099123099125,6.0,6.0,4.0,-0.30000000000001137,0
165.5,165.5,0.6666666666666666,0.8181765789765791,0.10079340379462824,-1.5031728923315435,-0.1515099123099125,6.0,6.0,4.0,-0.30000000000001137,0
166.5,166.5,0.6,0.8094114330114331,0.0849002790533077,-2.4665576526544353,-0.20941143301143317,5.0,5.0,3.0,-0.30000000000001137,0
166.5,166.5,0.6,0.8094114330114331,0.0849002790533077,-2.4665576526544353,-0.20941143301143317,5.0,5.0,3.0,-0.30000000000001137,0
166.5,166.5,0.6,0.8094114330114331,0.0849002790533077,-2.4665576526544353,-0.20941143301143317,5.0,5.0,3.0,-1.0,0
167.5,167.5,0.6666666666666666,0.806611643911644,0.08815415133654975,-1.5875029720461333,-0.13994497724497734,7.0,5.0,4.0,-0.30000000000001137,0
167.5,167.5,0.6666666666666666,0.806611643911644,0.08815415133654975,-1.5875029720461333,-0.13994497724497734,7.0,5.0,4.0,-0.30000000000001137,0
167.5,167.5,0.6666666666666666,0.806611643911644,0.08815415133654975,-1.5875029720461333,-0.13994497724497734,7.0,5.0,4.0,-1.0,0
167.5,167.5,0.6666666666666666,0.806611643911644,0.08815415133654975,-1.5875029720461333,-0.13994497724497734,7.0,5.0,4.0,-0.8000000000000114,0
168.5,168.5,0.6153846153846154,0.698137629037629,0.10503244348929598,-0.7878804958150579,-0.08275301365301357,9.0,4.0,4.0,-0.30000000000001137,0
168.5,168.5,0.6153846153846154,0.698137629037629,0.10503244348929598,-0.7878804958150579,-0.08275301365301357,9.0,4.0,4.0,-0.30000000000001137,0
168.5,168.5,0.6153846153846154,0.698137629037629,0.10503244348929598,-0.7878804958150579,-0.08275301365301357,9.0,4.0,4.0,-1.0,0
168.5,168.5,0.6153846153846154,0.698137629037629,0.10503244348929598,-0.7878804958150579,-0.08275301365301357,9.0,4.0,4.0,-0.8000000000000114,0
169.5,169.5,0.7272727272727273,0.7145970695970696,0.0993501233866496,0.127585726555434,0.012675657675657703,7.0,4.0,4.0,0.30000000000001137,0
169.5,169.5,0.7272727272727273,0.7145970695970696,0.0993501233866496,0.127585726555434,0.012675657675657703,7.0,4.0,4.0,-0.4000000000000057,0
169.5,169.5,0.7272727272727273,0.7145970695970696,0.0993501233866496,0.127585726555434,0.012675657675657703,7.0,4.0,4.0,-0.8000000000000114,0
169.5,169.5,0.7272727272727273,0.7145970695970696,0.0993501233866496,0.127585726555434,0.012675657675657703,7.0,4.0,4.0,-0.799999999999983,0
170.5,170.5,0.6666666666666666,0.6078359307359307,0.09935549635444861,0.5921236176090204,0.058830735930735956,6.0,3.0,3.0,0.29999999999998295,0
170.5,170.5,0.6666666666666666,0.6078359307359307,0.09935549635444861,0.5921236176090204,0.058830735930735956,6.0,3.0,3.0,-0.30000000000001137,0
170.5,170.5,0.6666666666666666,0.6078359307359307,0.09935549635444861,0.5921236176090204,0.058830735930735956,6.0,3.0,3.0,-0.799999999999983,0
171.5,171.5,0.5714285714285714,0.46484018759018764,0.09974942298099965,1.0685614077054542,0.10658838383838376,5.0,2.0,2.0,-0.30000000000001137,0
171.5,171.5,0.5714285714285714,0.46484018759018764,0.09974942298099965,1.0685614077054542,0.10658838383838376,5.0,2.0,2.0,-0.799999999999983,0
172.5,172.5,0.6666666666666666,0.47738499278499286,0.09405460352116495,2.0124658102362853,0.18928167388167377,4.0,2.0,2.0,-0.799999999999983,0
172.5,172.5,0.6666666666666666,0.47738499278499286,0.09405460352116495,2.0124658102362853,0.18928167388167377,4.0,2.0,2.0,0.4000000000000057,0
173.5,173.5,0.8571428571428571,0.6148760461760462,0.0859685902028427,2.8180851912911784,0.2422668109668109,4.0,3.0,3.0,-0.19999999999998863,1
173.5,173.5,0.8571428571428571,0.6148760461760462,0.0859685902028427,2.8180851912911784,0.2422668109668109,4.0,3.0,3.0,0.4000000000000057,1
173.5,173.5,0.8571428571428571,0.6148760461760462,0.0859685902028427,2.8180851912911784,0.2422668109668109,4.0,3.0,3.0,0.0,1
174.5,174.5,0.8888888888888888,0.708105611055611,0.10697506847877132,1.68995711247573,0.18078327783327786,5.0,4.0,4.0,0.4000000000000057,1
174.5,174.5,0.8888888888888888,0.708105611055611,0.10697506847877132,1.68995711247573,0.18078327783327786,5.0,4.0,4.0,0.0,1
174.5,174.5,0.8888888888888888,0.708105611055611,0.10697506847877132,1.68995711247573,0.18078327783327786,5.0,4.0,4.0,-0.09999999999999432,1
174.5,174.5,0.8888888888888888,0.708105611055611,0.10697506847877132,1.68995711247573,0.18078327783327786,5.0,4.0,4.0,0.0,1
175.5,175.5,1.0,0.8104611832611833,0.08786631843386833,2.157127100772648,0.18953881673881667,5.0,5.0,5.0,0.4000000000000057,1
175.5,175.5,1.0,0.8104611832611833,0.08786631843386833,2.157127100772648,0.18953881673881667,5.0,5.0,5.0,0.0,1
175.5,175.5,1.0,0.8104611832611833,0.08786631843386833,2.157127100772648,0.18953881673881667,5.0,5.0,5.0,-0.09999999999999432,1
175.5,175.5,1.0,0.8104611832611833,0.08786631843386833,2.157127100772648,0.18953881673881667,5.0,5.0,5.0,0.0,1
175.5,175.5,1.0,0.8104611832611833,0.08786631843386833,2.157127100772648,0.18953881673881667,5.0,5.0,5.0,0.0,1
176.5,176.5,1.0,0.8667938727938729,0.09502994503454097,1.401727920159378,0.13320612720612712,6.0,6.0,6.0,0.4000000000000057,1
176.5,176.5,1.0,0.8667938727938729,0.09502994503454097,1.401727920159378,0.13320612720612712,6.0,6.0,6.0,0.0,1
176.5,176.5,1.0,0.8667938727938729,0.09502994503454097,1.401727920159378,0.13320612720612712,6.0,6.0,6.0,-0.09999999999999432,1
176.5,176.5,1.0,0.8667938727938729,0.09502994503454097,1.401727920159378,0.13320612720612712,6.0,6.0,6.0,0.0,1
176.5,176.5,1.0,0.8667938727938729,0.09502994503454097,1.401727920159378,0.13320612720612712,6.0,6.0,6.0,0.0,1
176.5,176.5,1.0,0.8667938727938729,0.09502994503454097,1.401727920159378,0.13320612720612712,6.0,6.0,6.0,-0.09999999999999432,1
