t_center,t_center_abs,S,S_null_mean,S_null_sd,z_S_t,S_excess,nA,nB,nM,dt,episode
7.5,7.5,0.8235294117647058,0.844329276116041,0.10644934818899876,-0.19539682210552786,-0.020799864351335184,9.0,8.0,7.0,0.09999999999999964,0
7.5,7.5,0.8235294117647058,0.844329276116041,0.10644934818899876,-0.19539682210552786,-0.020799864351335184,9.0,8.0,7.0,-0.20000000000000018,0
7.5,7.5,0.8235294117647058,0.844329276116041,0.10644934818899876,-0.19539682210552786,-0.020799864351335184,9.0,8.0,7.0,-0.2999999999999998,0
7.5,7.5,0.8235294117647058,0.844329276116041,0.10644934818899876,-0.19539682210552786,-0.020799864351335184,9.0,8.0,7.0,-0.20000000000000018,0
7.5,7.5,0.8235294117647058,0.844329276116041,0.10644934818899876,-0.19539682210552786,-0.020799864351335184,9.0,8.0,7.0,-0.40000000000000036,0
7.5,7.5,0.8235294117647058,0.844329276116041,0.10644934818899876,-0.19539682210552786,-0.020799864351335184,9.0,8.0,7.0,-0.40000000000000036,0
7.5,7.5,0.8235294117647058,0.844329276116041,0.10644934818899876,-0.19539682210552786,-0.020799864351335184,9.0,8.0,7.0,-0.5,0
8.5,8.5,0.8235294117647058,0.8654250670897732,0.10204736132248032,-0.41055108904455345,-0.04189565532506734,9.0,8.0,7.0,-0.2999999999999998,0
8.5,8.5,0.8235294117647058,0.8654250670897732,0.10204736132248032,-0.41055108904455345,-0.04189565532506734,9.0,8.0,7.0,-0.20000000000000018,0
8.5,8.5,0.8235294117647058,0.8654250670897732,0.10204736132248032,-0.41055108904455345,-0.04189565532506734,9.0,8.0,7.0,-0.40000000000000036,0
8.5,8.5,0.8235294117647058,0.8654250670897732,0.10204736132248032,-0.41055108904455345,-0.04189565532506734,9.0,8.0,7.0,-0.40000000000000036,0
8.5,8.5,0.8235294117647058,0.8654250670897732,0.10204736132248032,-0.41055108904455345,-0.04189565532506734,9.0,8.0,7.0,-0.5,0
8.5,8.5,0.8235294117647058,0.8654250670897732,0.10204736132248032,-0.41055108904455345,-0.04189565532506734,9.0,8.0,7.0,-0.7000000000000011,0
8.5,8.5,0.8235294117647058,0.8654250670897732,0.10204736132248032,-0.41055108904455345,-0.04189565532506734,9.0,8.0,7.0,-1.0,0
9.5,9.5,0.75,0.8060809089603208,0.10154074761124482,-0.5522995475179099,-0.05608090896032081,9.0,7.0,6.0,-0.20000000000000018,0
9.5,9.5,0.75,0.8060809089603208,0.10154074761124482,-0.5522995475179099,-0.05608090896032081,9.0,7.0,6.0,-0.40000000000000036,0
9.5,9.5,0.75,0.8060809089603208,0.10154074761124482,-0.5522995475179099,-0.05608090896032081,9.0,7.0,6.0,-0.40000000000000036,0
9.5,9.5,0.75,0.8060809089603208,0.10154074761124482,-0.5522995475179099,-0.05608090896032081,9.0,7.0,6.0,-0.5,0
9.5,9.5,0.75,0.8060809089603208,0.10154074761124482,-0.5522995475179099,-0.05608090896032081,9.0,7.0,6.0,-0.7000000000000011,0
9.5,9.5,0.75,0.8060809089603208,0.10154074761124482,-0.5522995475179099,-0.05608090896032081,9.0,7.0,6.0,-1.0,0
10.5,10.5,0.875,0.8660612103582693,0.0945613911831253,0.09452895658461737,0.008938789641730671,9.0,7.0,7.0,-0.40000000000000036,0
10.5,10.5,0.875,0.8660612103582693,0.0945613911831253,0.09452895658461737,0.008938789641730671,9.0,7.0,7.0,-0.40000000000000036,0
10.5,10.5,0.875,0.8660612103582693,0.0945613911831253,0.09452895658461737,0.008938789641730671,9.0,7.0,7.0,-0.5,0
10.5,10.5,0.875,0.8660612103582693,0.0945613911831253,0.09452895658461737,0.008938789641730671,9.0,7.0,7.0,-0.7000000000000011,0
10.5,10.5,0.875,0.8660612103582693,0.0945613911831253,0.09452895658461737,0.008938789641730671,9.0,7.0,7.0,-1.0,0
10.5,10.5,0.875,0.8660612103582693,0.0945613911831253,0.09452895658461737,0.008938789641730671,9.0,7.0,7.0,-0.6999999999999993,0
10.5,10.5,0.875,0.8660612103582693,0.0945613911831253,0.09452895658461737,0.008938789641730671,9.0,7.0,7.0,-0.5999999999999996,0
11.5,11.5,0.875,0.8306208481061423,0.0976135564857739,0.4546412761871394,0.04437915189385766,9.0,7.0,7.0,0.09999999999999964,0
11.5,11.5,0.875,0.8306208481061423,0.0976135564857739,0.4546412761871394,0.04437915189385766,9.0,7.0,7.0,0.0,0
11.5,11.5,0.875,0.8306208481061423,0.0976135564857739,0.4546412761871394,0.04437915189385766,9.0,7.0,7.0,-0.3000000000000007,0
11.5,11.5,0.875,0.8306208481061423,0.0976135564857739,0.4546412761871394,0.04437915189385766,9.0,7.0,7.0,-0.5999999999999996,0
11.5,11.5,0.875,0.8306208481061423,0.0976135564857739,0.4546412761871394,0.04437915189385766,9.0,7.0,7.0,-0.6999999999999993,0
11.5,11.5,0.875,0.8306208481061423,0.0976135564857739,0.4546412761871394,0.04437915189385766,9.0,7.0,7.0,-0.5999999999999996,0
11.5,11.5,0.875,0.8306208481061423,0.0976135564857739,0.4546412761871394,0.04437915189385766,9.0,7.0,7.0,-0.3999999999999986,0
12.5,12.5,0.875,0.8807942944310593,0.09678939625409881,-0.059864971322350836,-0.005794294431059277,9.0,7.0,7.0,-0.3000000000000007,0
12.5,12.5,0.875,0.8807942944310593,0.09678939625409881,-0.059864971322350836,-0.005794294431059277,9.0,7.0,7.0,-0.5999999999999996,0
12.5,12.5,0.875,0.8807942944310593,0.09678939625409881,-0.059864971322350836,-0.005794294431059277,9.0,7.0,7.0,-0.6999999999999993,0
12.5,12.5,0.875,0.8807942944310593,0.09678939625409881,-0.059864971322350836,-0.005794294431059277,9.0,7.0,7.0,-0.5999999999999996,0
12.5,12.5,0.875,0.8807942944310593,0.09678939625409881,-0.059864971322350836,-0.005794294431059277,9.0,7.0,7.0,-0.3999999999999986,0
12.5,12.5,0.875,0.8807942944310593,0.09678939625409881,-0.059864971322350836,-0.005794294431059277,9.0,7.0,7.0,-0.29999999999999893,0
12.5,12.5,0.875,0.8807942944310593,0.09678939625409881,-0.059864971322350836,-0.005794294431059277,9.0,7.0,7.0,-0.5,0
13.5,13.5,0.8,0.8722066711066713,0.1044708888290769,-0.6911654712233507,-0.07220667110667123,8.0,7.0,6.0,0.5,0
13.5,13.5,0.8,0.8722066711066713,0.1044708888290769,-0.6911654712233507,-0.07220667110667123,8.0,7.0,6.0,0.10000000000000142,0
13.5,13.5,0.8,0.8722066711066713,0.1044708888290769,-0.6911654712233507,-0.07220667110667123,8.0,7.0,6.0,-0.3999999999999986,0
13.5,13.5,0.8,0.8722066711066713,0.1044708888290769,-0.6911654712233507,-0.07220667110667123,8.0,7.0,6.0,-0.29999999999999893,0
13.5,13.5,0.8,0.8722066711066713,0.1044708888290769,-0.6911654712233507,-0.07220667110667123,8.0,7.0,6.0,-0.5,0
13.5,13.5,0.8,0.8722066711066713,0.1044708888290769,-0.6911654712233507,-0.07220667110667123,8.0,7.0,6.0,-0.7999999999999989,0
14.5,14.5,0.75,0.8435592871181107,0.10720030687885398,-0.8727520456059992,-0.09355928711811068,9.0,7.0,6.0,0.10000000000000142,0
14.5,14.5,0.75,0.8435592871181107,0.10720030687885398,-0.8727520456059992,-0.09355928711811068,9.0,7.0,6.0,-0.3999999999999986,0
14.5,14.5,0.75,0.8435592871181107,0.10720030687885398,-0.8727520456059992,-0.09355928711811068,9.0,7.0,6.0,-0.29999999999999893,0
14.5,14.5,0.75,0.8435592871181107,0.10720030687885398,-0.8727520456059992,-0.09355928711811068,9.0,7.0,6.0,-0.5,0
14.5,14.5,0.75,0.8435592871181107,0.10720030687885398,-0.8727520456059992,-0.09355928711811068,9.0,7.0,6.0,-0.7999999999999989,0
14.5,14.5,0.75,0.8435592871181107,0.10720030687885398,-0.8727520456059992,-0.09355928711811068,9.0,7.0,6.0,-0.8000000000000007,0
15.5,15.5,0.6666666666666666,0.7626474247974249,0.11007555995811834,-0.8719533942618788,-0.09598075813075824,10.0,5.0,5.0,-0.3999999999999986,0
15.5,15.5,0.6666666666666666,0.7626474247974249,0.11007555995811834,-0.8719533942618788,-0.09598075813075824,10.0,5.0,5.0,-0.29999999999999893,0
15.5,15.5,0.6666666666666666,0.7626474247974249,0.11007555995811834,-0.8719533942618788,-0.09598075813075824,10.0,5.0,5.0,-0.5,0
15.5,15.5,0.6666666666666666,0.7626474247974249,0.11007555995811834,-0.8719533942618788,-0.09598075813075824,10.0,5.0,5.0,-0.7999999999999989,0
15.5,15.5,0.6666666666666666,0.7626474247974249,0.11007555995811834,-0.8719533942618788,-0.09598075813075824,10.0,5.0,5.0,-0.8000000000000007,0
16.5,16.5,0.75,0.8120494838494838,0.1072423671462653,-0.5785911435995815,-0.06204948384948383,10.0,6.0,6.0,0.20000000000000107,0
16.5,16.5,0.75,0.8120494838494838,0.1072423671462653,-0.5785911435995815,-0.06204948384948383,10.0,6.0,6.0,0.0,0
16.5,16.5,0.75,0.8120494838494838,0.1072423671462653,-0.5785911435995815,-0.06204948384948383,10.0,6.0,6.0,-0.3999999999999986,0
16.5,16.5,0.75,0.8120494838494838,0.1072423671462653,-0.5785911435995815,-0.06204948384948383,10.0,6.0,6.0,-0.8000000000000007,0
16.5,16.5,0.75,0.8120494838494838,0.1072423671462653,-0.5785911435995815,-0.06204948384948383,10.0,6.0,6.0,-0.5,0
16.5,16.5,0.75,0.8120494838494838,0.1072423671462653,-0.5785911435995815,-0.06204948384948383,10.0,6.0,6.0,-0.5,0
17.5,17.5,0.6666666666666666,0.8028693084693084,0.10495038943779023,-1.2977811948318345,-0.13620264180264174,10.0,5.0,5.0,-0.3999999999999986,0
17.5,17.5,0.6666666666666666,0.8028693084693084,0.10495038943779023,-1.2977811948318345,-0.13620264180264174,10.0,5.0,5.0,-0.8000000000000007,0
17.5,17.5,0.6666666666666666,0.8028693084693084,0.10495038943779023,-1.2977811948318345,-0.13620264180264174,10.0,5.0,5.0,-0.5,0
17.5,17.5,0.6666666666666666,0.8028693084693084,0.10495038943779023,-1.2977811948318345,-0.13620264180264174,10.0,5.0,5.0,-0.5,0
17.5,17.5,0.6666666666666666,0.8028693084693084,0.10495038943779023,-1.2977811948318345,-0.13620264180264174,10.0,5.0,5.0,-0.3999999999999986,0
18.5,18.5,0.75,0.8452256521256523,0.0884356328304119,-1.0767792243683176,-0.09522565212565226,10.0,6.0,6.0,-0.3999999999999986,0
18.5,18.5,0.75,0.8452256521256523,0.0884356328304119,-1.0767792243683176,-0.09522565212565226,10.0,6.0,6.0,-0.5,0
18.5,18.5,0.75,0.8452256521256523,0.0884356328304119,-1.0767792243683176,-0.09522565212565226,10.0,6.0,6.0,-0.5,0
18.5,18.5,0.75,0.8452256521256523,0.0884356328304119,-1.0767792243683176,-0.09522565212565226,10.0,6.0,6.0,-0.3999999999999986,0
18.5,18.5,0.75,0.8452256521256523,0.0884356328304119,-1.0767792243683176,-0.09522565212565226,10.0,6.0,6.0,-0.6000000000000014,0
18.5,18.5,0.75,0.8452256521256523,0.0884356328304119,-1.0767792243683176,-0.09522565212565226,10.0,6.0,6.0,-0.8000000000000007,0
19.5,19.5,0.75,0.8462357475857476,0.09542492894226773,-1.008496926877152,-0.0962357475857476,10.0,6.0,6.0,-0.5,0
19.5,19.5,0.75,0.8462357475857476,0.09542492894226773,-1.008496926877152,-0.0962357475857476,10.0,6.0,6.0,-0.5,0
19.5,19.5,0.75,0.8462357475857476,0.09542492894226773,-1.008496926877152,-0.0962357475857476,10.0,6.0,6.0,-0.3999999999999986,0
19.5,19.5,0.75,0.8462357475857476,0.09542492894226773,-1.008496926877152,-0.0962357475857476,10.0,6.0,6.0,-0.6000000000000014,0
19.5,19.5,0.75,0.8462357475857476,0.09542492894226773,-1.008496926877152,-0.0962357475857476,10.0,6.0,6.0,-0.8000000000000007,0
19.5,19.5,0.75,0.8462357475857476,0.09542492894226773,-1.008496926877152,-0.0962357475857476,10.0,6.0,6.0,-0.6000000000000014,0
20.5,20.5,0.9411764705882353,0.8578271321815442,0.10288591627126707,0.810114167491436,0.08334933840669112,9.0,8.0,8.0,0.0,0
20.5,20.5,0.9411764705882353,0.8578271321815442,0.10288591627126707,0.810114167491436,0.08334933840669112,9.0,8.0,8.0,0.10000000000000142,0
20.5,20.5,0.9411764705882353,0.8578271321815442,0.10288591627126707,0.810114167491436,0.08334933840669112,9.0,8.0,8.0,0.10000000000000142,0
20.5,20.5,0.9411764705882353,0.8578271321815442,0.10288591627126707,0.810114167491436,0.08334933840669112,9.0,8.0,8.0,-0.10000000000000142,0
20.5,20.5,0.9411764705882353,0.8578271321815442,0.10288591627126707,0.810114167491436,0.08334933840669112,9.0,8.0,8.0,-0.40000000000000213,0
20.5,20.5,0.9411764705882353,0.8578271321815442,0.10288591627126707,0.810114167491436,0.08334933840669112,9.0,8.0,8.0,-0.6000000000000014,0
20.5,20.5,0.9411764705882353,0.8578271321815442,0.10288591627126707,0.810114167491436,0.08334933840669112,9.0,8.0,8.0,-0.6000000000000014,0
20.5,20.5,0.9411764705882353,0.8578271321815442,0.10288591627126707,0.810114167491436,0.08334933840669112,9.0,8.0,8.0,-0.7000000000000028,0
21.5,21.5,0.875,0.8590324657368776,0.10550039973697371,0.1513504622061292,0.015967534263122363,9.0,7.0,7.0,-0.3999999999999986,0
21.5,21.5,0.875,0.8590324657368776,0.10550039973697371,0.1513504622061292,0.015967534263122363,9.0,7.0,7.0,-0.6000000000000014,0
21.5,21.5,0.875,0.8590324657368776,0.10550039973697371,0.1513504622061292,0.015967534263122363,9.0,7.0,7.0,-0.8000000000000007,0
21.5,21.5,0.875,0.8590324657368776,0.10550039973697371,0.1513504622061292,0.015967534263122363,9.0,7.0,7.0,-0.6000000000000014,0
21.5,21.5,0.875,0.8590324657368776,0.10550039973697371,0.1513504622061292,0.015967534263122363,9.0,7.0,7.0,-0.6000000000000014,0
21.5,21.5,0.875,0.8590324657368776,0.10550039973697371,0.1513504622061292,0.015967534263122363,9.0,7.0,7.0,-0.7000000000000028,0
21.5,21.5,0.875,0.8590324657368776,0.10550039973697371,0.1513504622061292,0.015967534263122363,9.0,7.0,7.0,-0.8000000000000007,0
22.5,22.5,0.9230769230769231,0.740288295038295,0.11715420280891894,1.5602396128866192,0.18278862803862816,7.0,6.0,6.0,-0.10000000000000142,0
22.5,22.5,0.9230769230769231,0.740288295038295,0.11715420280891894,1.5602396128866192,0.18278862803862816,7.0,6.0,6.0,-0.40000000000000213,0
22.5,22.5,0.9230769230769231,0.740288295038295,0.11715420280891894,1.5602396128866192,0.18278862803862816,7.0,6.0,6.0,-0.6000000000000014,0
22.5,22.5,0.9230769230769231,0.740288295038295,0.11715420280891894,1.5602396128866192,0.18278862803862816,7.0,6.0,6.0,-0.6000000000000014,0
22.5,22.5,0.9230769230769231,0.740288295038295,0.11715420280891894,1.5602396128866192,0.18278862803862816,7.0,6.0,6.0,-0.7000000000000028,0
22.5,22.5,0.9230769230769231,0.740288295038295,0.11715420280891894,1.5602396128866192,0.18278862803862816,7.0,6.0,6.0,-0.8000000000000007,0
23.5,23.5,0.7692307692307693,0.7471100788100787,0.11068645922039042,0.19985001396282367,0.022120690420690536,8.0,5.0,5.0,-0.6000000000000014,0
23.5,23.5,0.7692307692307693,0.7471100788100787,0.11068645922039042,0.19985001396282367,0.022120690420690536,8.0,5.0,5.0,-0.6000000000000014,0
23.5,23.5,0.7692307692307693,0.7471100788100787,0.11068645922039042,0.19985001396282367,0.022120690420690536,8.0,5.0,5.0,-0.7000000000000028,0
23.5,23.5,0.7692307692307693,0.7471100788100787,0.11068645922039042,0.19985001396282367,0.022120690420690536,8.0,5.0,5.0,-0.8000000000000007,0
23.5,23.5,0.7692307692307693,0.7471100788100787,0.11068645922039042,0.19985001396282367,0.022120690420690536,8.0,5.0,5.0,-0.6999999999999993,0
24.5,24.5,0.6666666666666666,0.7196338994338994,0.11073922768216422,-0.4783059614543778,-0.05296723276723281,7.0,5.0,4.0,-0.10000000000000142,0
24.5,24.5,0.6666666666666666,0.7196338994338994,0.11073922768216422,-0.4783059614543778,-0.05296723276723281,7.0,5.0,4.0,0.3000000000000007,0
24.5,24.5,0.6666666666666666,0.7196338994338994,0.11073922768216422,-0.4783059614543778,-0.05296723276723281,7.0,5.0,4.0,-0.6999999999999993,0
24.5,24.5,0.6666666666666666,0.7196338994338994,0.11073922768216422,-0.4783059614543778,-0.05296723276723281,7.0,5.0,4.0,-0.8999999999999986,0
25.5,25.5,0.7692307692307693,0.7922336108336108,0.09286662046885162,-0.24769762791741598,-0.023002841602841495,8.0,5.0,5.0,0.3000000000000007,0
25.5,25.5,0.7692307692307693,0.7922336108336108,0.09286662046885162,-0.24769762791741598,-0.023002841602841495,8.0,5.0,5.0,-0.6999999999999993,0
25.5,25.5,0.7692307692307693,0.7922336108336108,0.09286662046885162,-0.24769762791741598,-0.023002841602841495,8.0,5.0,5.0,-0.8999999999999986,0
25.5,25.5,0.7692307692307693,0.7922336108336108,0.09286662046885162,-0.24769762791741598,-0.023002841602841495,8.0,5.0,5.0,-0.9000000000000021,0
25.5,25.5,0.7692307692307693,0.7922336108336108,0.09286662046885162,-0.24769762791741598,-0.023002841602841495,8.0,5.0,5.0,-0.6000000000000014,0
26.5,26.5,0.7692307692307693,0.7962649073149073,0.10120962733963369,-0.2671103411281058,-0.027034138084138015,8.0,5.0,5.0,-0.6999999999999993,0
26.5,26.5,0.7692307692307693,0.7962649073149073,0.10120962733963369,-0.2671103411281058,-0.027034138084138015,8.0,5.0,5.0,-0.8999999999999986,0
26.5,26.5,0.7692307692307693,0.7962649073149073,0.10120962733963369,-0.2671103411281058,-0.027034138084138015,8.0,5.0,5.0,-0.9000000000000021,0
26.5,26.5,0.7692307692307693,0.7962649073149073,0.10120962733963369,-0.2671103411281058,-0.027034138084138015,8.0,5.0,5.0,-0.6000000000000014,0
26.5,26.5,0.7692307692307693,0.7962649073149073,0.10120962733963369,-0.2671103411281058,-0.027034138084138015,8.0,5.0,5.0,-1.0,0
27.5,27.5,0.75,0.883896155641744,0.0932827698962818,-1.435379285913346,-0.13389615564174395,9.0,7.0,6.0,-0.6999999999999993,0
27.5,27.5,0.75,0.883896155641744,0.0932827698962818,-1.435379285913346,-0.13389615564174395,9.0,7.0,6.0,-0.8999999999999986,0
27.5,27.5,0.75,0.883896155641744,0.0932827698962818,-1.435379285913346,-0.13389615564174395,9.0,7.0,6.0,-0.9000000000000021,0
27.5,27.5,0.75,0.883896155641744,0.0932827698962818,-1.435379285913346,-0.13389615564174395,9.0,7.0,6.0,-0.6000000000000014,0
27.5,27.5,0.75,0.883896155641744,0.0932827698962818,-1.435379285913346,-0.13389615564174395,9.0,7.0,6.0,-1.0,0
27.5,27.5,0.75,0.883896155641744,0.0932827698962818,-1.435379285913346,-0.13389615564174395,9.0,7.0,6.0,0.10000000000000142,0
28.5,28.5,0.9333333333333333,0.8789241581947465,0.10169867289389588,0.5350037870735345,0.054409175138586896,8.0,7.0,7.0,-0.10000000000000142,0
28.5,28.5,0.9333333333333333,0.8789241581947465,0.10169867289389588,0.5350037870735345,0.054409175138586896,8.0,7.0,7.0,-0.5,0
28.5,28.5,0.9333333333333333,0.8789241581947465,0.10169867289389588,0.5350037870735345,0.054409175138586896,8.0,7.0,7.0,-0.6000000000000014,0
28.5,28.5,0.9333333333333333,0.8789241581947465,0.10169867289389588,0.5350037870735345,0.054409175138586896,8.0,7.0,7.0,-1.0,0
28.5,28.5,0.9333333333333333,0.8789241581947465,0.10169867289389588,0.5350037870735345,0.054409175138586896,8.0,7.0,7.0,0.10000000000000142,0
28.5,28.5,0.9333333333333333,0.8789241581947465,0.10169867289389588,0.5350037870735345,0.054409175138586896,8.0,7.0,7.0,0.3000000000000007,0
28.5,28.5,0.9333333333333333,0.8789241581947465,0.10169867289389588,0.5350037870735345,0.054409175138586896,8.0,7.0,7.0,0.09999999999999787,0
29.5,29.5,1.0,0.8431690329278566,0.1089829724691259,1.4390410127285937,0.1568309670721434,7.0,7.0,7.0,0.09999999999999787,0
29.5,29.5,1.0,0.8431690329278566,0.1089829724691259,1.4390410127285937,0.1568309670721434,7.0,7.0,7.0,-0.3000000000000007,0
29.5,29.5,1.0,0.8431690329278566,0.1089829724691259,1.4390410127285937,0.1568309670721434,7.0,7.0,7.0,-0.5,0
29.5,29.5,1.0,0.8431690329278566,0.1089829724691259,1.4390410127285937,0.1568309670721434,7.0,7.0,7.0,0.10000000000000142,0
29.5,29.5,1.0,0.8431690329278566,0.1089829724691259,1.4390410127285937,0.1568309670721434,7.0,7.0,7.0,0.3000000000000007,0
29.5,29.5,1.0,0.8431690329278566,0.1089829724691259,1.4390410127285937,0.1568309670721434,7.0,7.0,7.0,0.09999999999999787,0
29.5,29.5,1.0,0.8431690329278566,0.1089829724691259,1.4390410127285937,0.1568309670721434,7.0,7.0,7.0,0.10000000000000142,0
30.5,30.5,0.9333333333333333,0.842019138377962,0.10567953652720952,0.864066951427824,0.0913141949553713,7.0,8.0,7.0,0.1999999999999993,0
30.5,30.5,0.9333333333333333,0.842019138377962,0.10567953652720952,0.864066951427824,0.0913141949553713,7.0,8.0,7.0,0.10000000000000142,0
30.5,30.5,0.9333333333333333,0.842019138377962,0.10567953652720952,0.864066951427824,0.0913141949553713,7.0,8.0,7.0,0.3000000000000007,0
30.5,30.5,0.9333333333333333,0.842019138377962,0.10567953652720952,0.864066951427824,0.0913141949553713,7.0,8.0,7.0,0.09999999999999787,0
30.5,30.5,0.9333333333333333,0.842019138377962,0.10567953652720952,0.864066951427824,0.0913141949553713,7.0,8.0,7.0,0.10000000000000142,0
30.5,30.5,0.9333333333333333,0.842019138377962,0.10567953652720952,0.864066951427824,0.0913141949553713,7.0,8.0,7.0,0.0,0
30.5,30.5,0.9333333333333333,0.842019138377962,0.10567953652720952,0.864066951427824,0.0913141949553713,7.0,8.0,7.0,-0.29999999999999716,0
31.5,31.5,0.8571428571428571,0.8124666777666778,0.10668845105498635,0.41875366016096305,0.04467617937617929,8.0,6.0,6.0,0.10000000000000142,0
31.5,31.5,0.8571428571428571,0.8124666777666778,0.10668845105498635,0.41875366016096305,0.04467617937617929,8.0,6.0,6.0,0.3000000000000007,0
31.5,31.5,0.8571428571428571,0.8124666777666778,0.10668845105498635,0.41875366016096305,0.04467617937617929,8.0,6.0,6.0,0.09999999999999787,0
31.5,31.5,0.8571428571428571,0.8124666777666778,0.10668845105498635,0.41875366016096305,0.04467617937617929,8.0,6.0,6.0,0.10000000000000142,0
31.5,31.5,0.8571428571428571,0.8124666777666778,0.10668845105498635,0.41875366016096305,0.04467617937617929,8.0,6.0,6.0,0.0,0
31.5,31.5,0.8571428571428571,0.8124666777666778,0.10668845105498635,0.41875366016096305,0.04467617937617929,8.0,6.0,6.0,-0.29999999999999716,0
32.5,32.5,0.8,0.8706758463758464,0.09140427596983888,-0.7732225393828139,-0.07067584637584634,9.0,6.0,6.0,-0.40000000000000213,0
32.5,32.5,0.8,0.8706758463758464,0.09140427596983888,-0.7732225393828139,-0.07067584637584634,9.0,6.0,6.0,-0.6999999999999993,0
32.5,32.5,0.8,0.8706758463758464,0.09140427596983888,-0.7732225393828139,-0.07067584637584634,9.0,6.0,6.0,-0.7000000000000028,0
32.5,32.5,0.8,0.8706758463758464,0.09140427596983888,-0.7732225393828139,-0.07067584637584634,9.0,6.0,6.0,-0.7999999999999972,0
32.5,32.5,0.8,0.8706758463758464,0.09140427596983888,-0.7732225393828139,-0.07067584637584634,9.0,6.0,6.0,-0.8999999999999986,0
32.5,32.5,0.8,0.8706758463758464,0.09140427596983888,-0.7732225393828139,-0.07067584637584634,9.0,6.0,6.0,-1.0,0
33.5,33.5,0.9333333333333333,0.8785416624225449,0.09912917294175587,0.5527300317836978,0.054791670910788404,8.0,7.0,7.0,0.10000000000000142,0
33.5,33.5,0.9333333333333333,0.8785416624225449,0.09912917294175587,0.5527300317836978,0.054791670910788404,8.0,7.0,7.0,0.0,0
33.5,33.5,0.9333333333333333,0.8785416624225449,0.09912917294175587,0.5527300317836978,0.054791670910788404,8.0,7.0,7.0,-0.29999999999999716,0
33.5,33.5,0.9333333333333333,0.8785416624225449,0.09912917294175587,0.5527300317836978,0.054791670910788404,8.0,7.0,7.0,-0.8999999999999986,0
33.5,33.5,0.9333333333333333,0.8785416624225449,0.09912917294175587,0.5527300317836978,0.054791670910788404,8.0,7.0,7.0,-1.0,0
33.5,33.5,0.9333333333333333,0.8785416624225449,0.09912917294175587,0.5527300317836978,0.054791670910788404,8.0,7.0,7.0,-0.9000000000000057,0
33.5,33.5,0.9333333333333333,0.8785416624225449,0.09912917294175587,0.5527300317836978,0.054791670910788404,8.0,7.0,7.0,-1.0,0
34.5,34.5,0.9333333333333333,0.8559246012157778,0.10291701667718842,0.7521470658283584,0.0774087321175555,8.0,7.0,7.0,0.0,0
34.5,34.5,0.9333333333333333,0.8559246012157778,0.10291701667718842,0.7521470658283584,0.0774087321175555,8.0,7.0,7.0,-0.29999999999999716,0
34.5,34.5,0.9333333333333333,0.8559246012157778,0.10291701667718842,0.7521470658283584,0.0774087321175555,8.0,7.0,7.0,-0.8999999999999986,0
34.5,34.5,0.9333333333333333,0.8559246012157778,0.10291701667718842,0.7521470658283584,0.0774087321175555,8.0,7.0,7.0,-1.0,0
34.5,34.5,0.9333333333333333,0.8559246012157778,0.10291701667718842,0.7521470658283584,0.0774087321175555,8.0,7.0,7.0,-0.9000000000000057,0
34.5,34.5,0.9333333333333333,0.8559246012157778,0.10291701667718842,0.7521470658283584,0.0774087321175555,8.0,7.0,7.0,-1.0,0
34.5,34.5,0.9333333333333333,0.8559246012157778,0.10291701667718842,0.7521470658283584,0.0774087321175555,8.0,7.0,7.0,-0.8999999999999986,0
35.5,35.5,1.0,0.8540876979229921,0.11120495647673101,1.3121025060383815,0.1459123020770079,8.0,8.0,8.0,0.20000000000000284,0
35.5,35.5,1.0,0.8540876979229921,0.11120495647673101,1.3121025060383815,0.1459123020770079,8.0,8.0,8.0,-0.3999999999999986,0
35.5,35.5,1.0,0.8540876979229921,0.11120495647673101,1.3121025060383815,0.1459123020770079,8.0,8.0,8.0,-0.4000000000000057,0
35.5,35.5,1.0,0.8540876979229921,0.11120495647673101,1.3121025060383815,0.1459123020770079,8.0,8.0,8.0,-0.4000000000000057,0
35.5,35.5,1.0,0.8540876979229921,0.11120495647673101,1.3121025060383815,0.1459123020770079,8.0,8.0,8.0,-0.29999999999999716,0
35.5,35.5,1.0,0.8540876979229921,0.11120495647673101,1.3121025060383815,0.1459123020770079,8.0,8.0,8.0,0.10000000000000142,0
35.5,35.5,1.0,0.8540876979229921,0.11120495647673101,1.3121025060383815,0.1459123020770079,8.0,8.0,8.0,0.0,0
35.5,35.5,1.0,0.8540876979229921,0.11120495647673101,1.3121025060383815,0.1459123020770079,8.0,8.0,8.0,-0.19999999999999574,0
36.5,36.5,0.9411764705882353,0.8189741123599483,0.11999770379057731,1.018372471872939,0.12220235822828696,8.0,9.0,8.0,0.19999999999999574,0
36.5,36.5,0.9411764705882353,0.8189741123599483,0.11999770379057731,1.018372471872939,0.12220235822828696,8.0,9.0,8.0,0.09999999999999432,0
36.5,36.5,0.9411764705882353,0.8189741123599483,0.11999770379057731,1.018372471872939,0.12220235822828696,8.0,9.0,8.0,-0.29999999999999716,0
36.5,36.5,0.9411764705882353,0.8189741123599483,0.11999770379057731,1.018372471872939,0.12220235822828696,8.0,9.0,8.0,0.10000000000000142,0
36.5,36.5,0.9411764705882353,0.8189741123599483,0.11999770379057731,1.018372471872939,0.12220235822828696,8.0,9.0,8.0,0.0,0
36.5,36.5,0.9411764705882353,0.8189741123599483,0.11999770379057731,1.018372471872939,0.12220235822828696,8.0,9.0,8.0,-0.19999999999999574,0
36.5,36.5,0.9411764705882353,0.8189741123599483,0.11999770379057731,1.018372471872939,0.12220235822828696,8.0,9.0,8.0,-0.3999999999999986,0
36.5,36.5,0.9411764705882353,0.8189741123599483,0.11999770379057731,1.018372471872939,0.12220235822828696,8.0,9.0,8.0,-0.20000000000000284,0
37.5,37.5,0.8,0.8269378307451063,0.11917112667451035,-0.22604326649257075,-0.02693783074510625,6.0,9.0,6.0,-0.29999999999999716,0
37.5,37.5,0.8,0.8269378307451063,0.11917112667451035,-0.22604326649257075,-0.02693783074510625,6.0,9.0,6.0,0.10000000000000142,0
37.5,37.5,0.8,0.8269378307451063,0.11917112667451035,-0.22604326649257075,-0.02693783074510625,6.0,9.0,6.0,0.0,0
37.5,37.5,0.8,0.8269378307451063,0.11917112667451035,-0.22604326649257075,-0.02693783074510625,6.0,9.0,6.0,-0.19999999999999574,0
37.5,37.5,0.8,0.8269378307451063,0.11917112667451035,-0.22604326649257075,-0.02693783074510625,6.0,9.0,6.0,-0.3999999999999986,0
37.5,37.5,0.8,0.8269378307451063,0.11917112667451035,-0.22604326649257075,-0.02693783074510625,6.0,9.0,6.0,-0.20000000000000284,0
38.5,38.5,0.8571428571428571,0.848160275835276,0.11230908097944665,0.07998089940051234,0.008982581307581117,6.0,8.0,6.0,0.10000000000000142,0
38.5,38.5,0.8571428571428571,0.848160275835276,0.11230908097944665,0.07998089940051234,0.008982581307581117,6.0,8.0,6.0,0.0,0
38.5,38.5,0.8571428571428571,0.848160275835276,0.11230908097944665,0.07998089940051234,0.008982581307581117,6.0,8.0,6.0,-0.19999999999999574,0
38.5,38.5,0.8571428571428571,0.848160275835276,0.11230908097944665,0.07998089940051234,0.008982581307581117,6.0,8.0,6.0,-0.3999999999999986,0
38.5,38.5,0.8571428571428571,0.848160275835276,0.11230908097944665,0.07998089940051234,0.008982581307581117,6.0,8.0,6.0,-0.20000000000000284,0
38.5,38.5,0.8571428571428571,0.848160275835276,0.11230908097944665,0.07998089940051234,0.008982581307581117,6.0,8.0,6.0,0.19999999999999574,0
39.5,39.5,0.8,0.8216201424736255,0.10517970328210179,-0.20555432083353747,-0.021620142473625426,6.0,9.0,6.0,0.0,0
39.5,39.5,0.8,0.8216201424736255,0.10517970328210179,-0.20555432083353747,-0.021620142473625426,6.0,9.0,6.0,-0.19999999999999574,0
39.5,39.5,0.8,0.8216201424736255,0.10517970328210179,-0.20555432083353747,-0.021620142473625426,6.0,9.0,6.0,-0.3999999999999986,0
39.5,39.5,0.8,0.8216201424736255,0.10517970328210179,-0.20555432083353747,-0.021620142473625426,6.0,9.0,6.0,-0.20000000000000284,0
39.5,39.5,0.8,0.8216201424736255,0.10517970328210179,-0.20555432083353747,-0.021620142473625426,6.0,9.0,6.0,0.19999999999999574,0
39.5,39.5,0.8,0.8216201424736255,0.10517970328210179,-0.20555432083353747,-0.021620142473625426,6.0,9.0,6.0,-0.3999999999999986,0
40.5,40.5,0.7142857142857143,0.8427141125214657,0.09898131025237913,-1.2975014970835308,-0.12842839823575136,6.0,8.0,5.0,-0.3999999999999986,0
40.5,40.5,0.7142857142857143,0.8427141125214657,0.09898131025237913,-1.2975014970835308,-0.12842839823575136,6.0,8.0,5.0,-0.20000000000000284,0
40.5,40.5,0.7142857142857143,0.8427141125214657,0.09898131025237913,-1.2975014970835308,-0.12842839823575136,6.0,8.0,5.0,0.19999999999999574,0
40.5,40.5,0.7142857142857143,0.8427141125214657,0.09898131025237913,-1.2975014970835308,-0.12842839823575136,6.0,8.0,5.0,-0.3999999999999986,0
40.5,40.5,0.7142857142857143,0.8427141125214657,0.09898131025237913,-1.2975014970835308,-0.12842839823575136,6.0,8.0,5.0,-0.6000000000000014,0
41.5,41.5,0.6153846153846154,0.8056308577043871,0.09105101188826994,-2.0894467658769758,-0.19024624231977172,5.0,8.0,4.0,0.19999999999999574,0
41.5,41.5,0.6153846153846154,0.8056308577043871,0.09105101188826994,-2.0894467658769758,-0.19024624231977172,5.0,8.0,4.0,-0.3999999999999986,0
41.5,41.5,0.6153846153846154,0.8056308577043871,0.09105101188826994,-2.0894467658769758,-0.19024624231977172,5.0,8.0,4.0,-0.6000000000000014,0
41.5,41.5,0.6153846153846154,0.8056308577043871,0.09105101188826994,-2.0894467658769758,-0.19024624231977172,5.0,8.0,4.0,-0.7000000000000028,0
42.5,42.5,0.6153846153846154,0.7404918720168719,0.09920240561389189,-1.2611312786021494,-0.12510725663225652,7.0,6.0,4.0,0.19999999999999574,0
42.5,42.5,0.6153846153846154,0.7404918720168719,0.09920240561389189,-1.2611312786021494,-0.12510725663225652,7.0,6.0,4.0,-0.3999999999999986,0
42.5,42.5,0.6153846153846154,0.7404918720168719,0.09920240561389189,-1.2611312786021494,-0.12510725663225652,7.0,6.0,4.0,-0.6000000000000014,0
42.5,42.5,0.6153846153846154,0.7404918720168719,0.09920240561389189,-1.2611312786021494,-0.12510725663225652,7.0,6.0,4.0,-0.7000000000000028,0
43.5,43.5,0.5454545454545454,0.652340243090243,0.1067631588619096,-1.001147762721656,-0.10688569763569755,7.0,4.0,3.0,-0.3999999999999986,0
43.5,43.5,0.5454545454545454,0.652340243090243,0.1067631588619096,-1.001147762721656,-0.10688569763569755,7.0,4.0,3.0,-0.6000000000000014,0
43.5,43.5,0.5454545454545454,0.652340243090243,0.1067631588619096,-1.001147762721656,-0.10688569763569755,7.0,4.0,3.0,-0.7000000000000028,0
44.5,44.5,0.6153846153846154,0.6284384226884226,0.11124050205642705,-0.11734761226792784,-0.01305380730380723,9.0,4.0,4.0,0.29999999999999716,0
44.5,44.5,0.6153846153846154,0.6284384226884226,0.11124050205642705,-0.11734761226792784,-0.01305380730380723,9.0,4.0,4.0,-0.10000000000000142,0
44.5,44.5,0.6153846153846154,0.6284384226884226,0.11124050205642705,-0.11734761226792784,-0.01305380730380723,9.0,4.0,4.0,0.20000000000000284,0
44.5,44.5,0.6153846153846154,0.6284384226884226,0.11124050205642705,-0.11734761226792784,-0.01305380730380723,9.0,4.0,4.0,-0.7999999999999972,0
45.5,45.5,0.6,0.6087569208569207,0.09584394576593994,-0.09136644768680474,-0.008756920856920702,7.0,3.0,3.0,0.20000000000000284,0
45.5,45.5,0.6,0.6087569208569207,0.09584394576593994,-0.09136644768680474,-0.008756920856920702,7.0,3.0,3.0,-0.7999999999999972,0
45.5,45.5,0.6,0.6087569208569207,0.09584394576593994,-0.09136644768680474,-0.008756920856920702,7.0,3.0,3.0,-0.8999999999999986,0
46.5,46.5,0.6,0.6107846375846375,0.10638040565754267,-0.1013780453080354,-0.010784637584637546,7.0,3.0,3.0,-0.7999999999999972,0
46.5,46.5,0.6,0.6107846375846375,0.10638040565754267,-0.1013780453080354,-0.010784637584637546,7.0,3.0,3.0,-0.8999999999999986,0
46.5,46.5,0.6,0.6107846375846375,0.10638040565754267,-0.1013780453080354,-0.010784637584637546,7.0,3.0,3.0,0.09999999999999432,0
47.5,47.5,0.7272727272727273,0.728652652902653,0.1030202457515893,-0.013394703340672613,-0.0013799256299257268,7.0,4.0,4.0,-0.7999999999999972,0
47.5,47.5,0.7272727272727273,0.728652652902653,0.1030202457515893,-0.013394703340672613,-0.0013799256299257268,7.0,4.0,4.0,-0.8999999999999986,0
47.5,47.5,0.7272727272727273,0.728652652902653,0.1030202457515893,-0.013394703340672613,-0.0013799256299257268,7.0,4.0,4.0,0.09999999999999432,0
47.5,47.5,0.7272727272727273,0.728652652902653,0.1030202457515893,-0.013394703340672613,-0.0013799256299257268,7.0,4.0,4.0,0.0,0
48.5,48.5,0.8571428571428571,0.8734874292374293,0.09216970817931333,-0.1773312774602077,-0.016344572094572185,8.0,6.0,6.0,-0.7999999999999972,0
48.5,48.5,0.8571428571428571,0.8734874292374293,0.09216970817931333,-0.1773312774602077,-0.016344572094572185,8.0,6.0,6.0,-0.8999999999999986,0
48.5,48.5,0.8571428571428571,0.8734874292374293,0.09216970817931333,-0.1773312774602077,-0.016344572094572185,8.0,6.0,6.0,0.09999999999999432,0
48.5,48.5,0.8571428571428571,0.8734874292374293,0.09216970817931333,-0.1773312774602077,-0.016344572094572185,8.0,6.0,6.0,0.0,0
48.5,48.5,0.8571428571428571,0.8734874292374293,0.09216970817931333,-0.1773312774602077,-0.016344572094572185,8.0,6.0,6.0,-0.30000000000000426,0
48.5,48.5,0.8571428571428571,0.8734874292374293,0.09216970817931333,-0.1773312774602077,-0.016344572094572185,8.0,6.0,6.0,-0.3999999999999986,0
49.5,49.5,1.0,0.8771448273948275,0.09622067104367894,1.276806441615887,0.12285517260517254,6.0,6.0,6.0,-0.8999999999999986,0
49.5,49.5,1.0,0.8771448273948275,0.09622067104367894,1.276806441615887,0.12285517260517254,6.0,6.0,6.0,0.09999999999999432,0
49.5,49.5,1.0,0.8771448273948275,0.09622067104367894,1.276806441615887,0.12285517260517254,6.0,6.0,6.0,0.0,0
49.5,49.5,1.0,0.8771448273948275,0.09622067104367894,1.276806441615887,0.12285517260517254,6.0,6.0,6.0,-0.30000000000000426,0
49.5,49.5,1.0,0.8771448273948275,0.09622067104367894,1.276806441615887,0.12285517260517254,6.0,6.0,6.0,-0.3999999999999986,0
49.5,49.5,1.0,0.8771448273948275,0.09622067104367894,1.276806441615887,0.12285517260517254,6.0,6.0,6.0,-0.7000000000000028,0
50.5,50.5,1.0,0.8848657533642829,0.10293197156914867,1.1185469867190012,0.11513424663571714,7.0,7.0,7.0,0.09999999999999432,0
50.5,50.5,1.0,0.8848657533642829,0.10293197156914867,1.1185469867190012,0.11513424663571714,7.0,7.0,7.0,0.0,0
50.5,50.5,1.0,0.8848657533642829,0.10293197156914867,1.1185469867190012,0.11513424663571714,7.0,7.0,7.0,-0.30000000000000426,0
50.5,50.5,1.0,0.8848657533642829,0.10293197156914867,1.1185469867190012,0.11513424663571714,7.0,7.0,7.0,-0.3999999999999986,0
50.5,50.5,1.0,0.8848657533642829,0.10293197156914867,1.1185469867190012,0.11513424663571714,7.0,7.0,7.0,-0.7000000000000028,0
50.5,50.5,1.0,0.8848657533642829,0.10293197156914867,1.1185469867190012,0.11513424663571714,7.0,7.0,7.0,0.09999999999999432,0
50.5,50.5,1.0,0.8848657533642829,0.10293197156914867,1.1185469867190012,0.11513424663571714,7.0,7.0,7.0,0.19999999999999574,0
51.5,51.5,0.8571428571428571,0.8140386613386614,0.10759656544345411,0.4006094026007594,0.043104195804195666,8.0,6.0,6.0,0.0,0
51.5,51.5,0.8571428571428571,0.8140386613386614,0.10759656544345411,0.4006094026007594,0.043104195804195666,8.0,6.0,6.0,-0.30000000000000426,0
51.5,51.5,0.8571428571428571,0.8140386613386614,0.10759656544345411,0.4006094026007594,0.043104195804195666,8.0,6.0,6.0,-0.3999999999999986,0
51.5,51.5,0.8571428571428571,0.8140386613386614,0.10759656544345411,0.4006094026007594,0.043104195804195666,8.0,6.0,6.0,-0.7000000000000028,0
51.5,51.5,0.8571428571428571,0.8140386613386614,0.10759656544345411,0.4006094026007594,0.043104195804195666,8.0,6.0,6.0,0.09999999999999432,0
51.5,51.5,0.8571428571428571,0.8140386613386614,0.10759656544345411,0.4006094026007594,0.043104195804195666,8.0,6.0,6.0,0.19999999999999574,0
52.5,52.5,0.7692307692307693,0.7850165667665668,0.10261504423181399,-0.1538351189532836,-0.015785797535797563,7.0,6.0,5.0,0.19999999999999574,0
52.5,52.5,0.7692307692307693,0.7850165667665668,0.10261504423181399,-0.1538351189532836,-0.015785797535797563,7.0,6.0,5.0,0.20000000000000284,0
52.5,52.5,0.7692307692307693,0.7850165667665668,0.10261504423181399,-0.1538351189532836,-0.015785797535797563,7.0,6.0,5.0,0.09999999999999432,0
52.5,52.5,0.7692307692307693,0.7850165667665668,0.10261504423181399,-0.1538351189532836,-0.015785797535797563,7.0,6.0,5.0,0.19999999999999574,0
52.5,52.5,0.7692307692307693,0.7850165667665668,0.10261504423181399,-0.1538351189532836,-0.015785797535797563,7.0,6.0,5.0,-0.6000000000000014,0
53.5,53.5,0.7692307692307693,0.7923979187479188,0.10123605029994585,-0.22884288204161476,-0.023167149517149488,8.0,5.0,5.0,-0.7000000000000028,0
53.5,53.5,0.7692307692307693,0.7923979187479188,0.10123605029994585,-0.22884288204161476,-0.023167149517149488,8.0,5.0,5.0,0.09999999999999432,0
53.5,53.5,0.7692307692307693,0.7923979187479188,0.10123605029994585,-0.22884288204161476,-0.023167149517149488,8.0,5.0,5.0,0.19999999999999574,0
53.5,53.5,0.7692307692307693,0.7923979187479188,0.10123605029994585,-0.22884288204161476,-0.023167149517149488,8.0,5.0,5.0,-0.6000000000000014,0
53.5,53.5,0.7692307692307693,0.7923979187479188,0.10123605029994585,-0.22884288204161476,-0.023167149517149488,8.0,5.0,5.0,-1.0,0
54.5,54.5,0.8571428571428571,0.8234037018537019,0.10324522397627549,0.3267865959292027,0.033739155289155165,8.0,6.0,6.0,0.09999999999999432,0
54.5,54.5,0.8571428571428571,0.8234037018537019,0.10324522397627549,0.3267865959292027,0.033739155289155165,8.0,6.0,6.0,0.19999999999999574,0
54.5,54.5,0.8571428571428571,0.8234037018537019,0.10324522397627549,0.3267865959292027,0.033739155289155165,8.0,6.0,6.0,-0.6000000000000014,0
54.5,54.5,0.8571428571428571,0.8234037018537019,0.10324522397627549,0.3267865959292027,0.033739155289155165,8.0,6.0,6.0,-1.0,0
54.5,54.5,0.8571428571428571,0.8234037018537019,0.10324522397627549,0.3267865959292027,0.033739155289155165,8.0,6.0,6.0,-0.6999999999999957,0
54.5,54.5,0.8571428571428571,0.8234037018537019,0.10324522397627549,0.3267865959292027,0.033739155289155165,8.0,6.0,6.0,-0.7999999999999972,0
55.5,55.5,0.8333333333333334,0.8022767177267177,0.10662465485297656,0.291270491327163,0.031056615606615656,7.0,5.0,5.0,-0.6000000000000014,0
55.5,55.5,0.8333333333333334,0.8022767177267177,0.10662465485297656,0.291270491327163,0.031056615606615656,7.0,5.0,5.0,-1.0,0
55.5,55.5,0.8333333333333334,0.8022767177267177,0.10662465485297656,0.291270491327163,0.031056615606615656,7.0,5.0,5.0,-0.6999999999999957,0
55.5,55.5,0.8333333333333334,0.8022767177267177,0.10662465485297656,0.291270491327163,0.031056615606615656,7.0,5.0,5.0,-0.7999999999999972,0
55.5,55.5,0.8333333333333334,0.8022767177267177,0.10662465485297656,0.291270491327163,0.031056615606615656,7.0,5.0,5.0,-0.10000000000000142,0
56.5,56.5,0.8571428571428571,0.8881073800382625,0.09679395653745415,-0.3199014071030744,-0.03096452289540541,7.0,7.0,6.0,-0.6000000000000014,0
56.5,56.5,0.8571428571428571,0.8881073800382625,0.09679395653745415,-0.3199014071030744,-0.03096452289540541,7.0,7.0,6.0,-1.0,0
56.5,56.5,0.8571428571428571,0.8881073800382625,0.09679395653745415,-0.3199014071030744,-0.03096452289540541,7.0,7.0,6.0,-0.6999999999999957,0
56.5,56.5,0.8571428571428571,0.8881073800382625,0.09679395653745415,-0.3199014071030744,-0.03096452289540541,7.0,7.0,6.0,-0.7999999999999972,0
56.5,56.5,0.8571428571428571,0.8881073800382625,0.09679395653745415,-0.3199014071030744,-0.03096452289540541,7.0,7.0,6.0,-0.10000000000000142,0
56.5,56.5,0.8571428571428571,0.8881073800382625,0.09679395653745415,-0.3199014071030744,-0.03096452289540541,7.0,7.0,6.0,-0.20000000000000284,0
57.5,57.5,0.9333333333333333,0.8711288397876634,0.10539241158682586,0.5902179541116558,0.062204493545669926,7.0,8.0,7.0,-0.3999999999999986,0
57.5,57.5,0.9333333333333333,0.8711288397876634,0.10539241158682586,0.5902179541116558,0.062204493545669926,7.0,8.0,7.0,-0.6999999999999957,0
57.5,57.5,0.9333333333333333,0.8711288397876634,0.10539241158682586,0.5902179541116558,0.062204493545669926,7.0,8.0,7.0,-0.7999999999999972,0
57.5,57.5,0.9333333333333333,0.8711288397876634,0.10539241158682586,0.5902179541116558,0.062204493545669926,7.0,8.0,7.0,-0.10000000000000142,0
57.5,57.5,0.9333333333333333,0.8711288397876634,0.10539241158682586,0.5902179541116558,0.062204493545669926,7.0,8.0,7.0,-0.20000000000000284,0
57.5,57.5,0.9333333333333333,0.8711288397876634,0.10539241158682586,0.5902179541116558,0.062204493545669926,7.0,8.0,7.0,-0.10000000000000142,0
57.5,57.5,0.9333333333333333,0.8711288397876634,0.10539241158682586,0.5902179541116558,0.062204493545669926,7.0,8.0,7.0,-0.10000000000000142,0
58.5,58.5,0.7142857142857143,0.817382159996866,0.10712901430538513,-0.9623578297590041,-0.10309644571115173,7.0,7.0,5.0,-0.09999999999999432,0
58.5,58.5,0.7142857142857143,0.817382159996866,0.10712901430538513,-0.9623578297590041,-0.10309644571115173,7.0,7.0,5.0,-0.10000000000000142,0
58.5,58.5,0.7142857142857143,0.817382159996866,0.10712901430538513,-0.9623578297590041,-0.10309644571115173,7.0,7.0,5.0,-0.20000000000000284,0
58.5,58.5,0.7142857142857143,0.817382159996866,0.10712901430538513,-0.9623578297590041,-0.10309644571115173,7.0,7.0,5.0,-0.10000000000000142,0
58.5,58.5,0.7142857142857143,0.817382159996866,0.10712901430538513,-0.9623578297590041,-0.10309644571115173,7.0,7.0,5.0,-0.10000000000000142,0
59.5,59.5,0.7142857142857143,0.7742515556339087,0.09976041114768548,-0.601098578667853,-0.05996584134819438,7.0,7.0,5.0,-0.10000000000000142,0
59.5,59.5,0.7142857142857143,0.7742515556339087,0.09976041114768548,-0.601098578667853,-0.05996584134819438,7.0,7.0,5.0,-0.20000000000000284,0
59.5,59.5,0.7142857142857143,0.7742515556339087,0.09976041114768548,-0.601098578667853,-0.05996584134819438,7.0,7.0,5.0,-0.10000000000000142,0
59.5,59.5,0.7142857142857143,0.7742515556339087,0.09976041114768548,-0.601098578667853,-0.05996584134819438,7.0,7.0,5.0,-0.10000000000000142,0
59.5,59.5,0.7142857142857143,0.7742515556339087,0.09976041114768548,-0.601098578667853,-0.05996584134819438,7.0,7.0,5.0,-0.8000000000000043,0
60.5,60.5,0.7692307692307693,0.7875968170718171,0.10545279809669779,-0.17416368434535553,-0.018366047841047783,7.0,6.0,5.0,-0.20000000000000284,0
60.5,60.5,0.7692307692307693,0.7875968170718171,0.10545279809669779,-0.17416368434535553,-0.018366047841047783,7.0,6.0,5.0,-0.10000000000000142,0
60.5,60.5,0.7692307692307693,0.7875968170718171,0.10545279809669779,-0.17416368434535553,-0.018366047841047783,7.0,6.0,5.0,-0.10000000000000142,0
60.5,60.5,0.7692307692307693,0.7875968170718171,0.10545279809669779,-0.17416368434535553,-0.018366047841047783,7.0,6.0,5.0,-0.8000000000000043,0
60.5,60.5,0.7692307692307693,0.7875968170718171,0.10545279809669779,-0.17416368434535553,-0.018366047841047783,7.0,6.0,5.0,0.3999999999999986,0
61.5,61.5,0.7692307692307693,0.8542008047508047,0.0902495932552071,-0.9415004816670791,-0.08497003552003546,7.0,6.0,5.0,-0.10000000000000142,0
61.5,61.5,0.7692307692307693,0.8542008047508047,0.0902495932552071,-0.9415004816670791,-0.08497003552003546,7.0,6.0,5.0,-0.10000000000000142,0
61.5,61.5,0.7692307692307693,0.8542008047508047,0.0902495932552071,-0.9415004816670791,-0.08497003552003546,7.0,6.0,5.0,-0.8000000000000043,0
61.5,61.5,0.7692307692307693,0.8542008047508047,0.0902495932552071,-0.9415004816670791,-0.08497003552003546,7.0,6.0,5.0,-0.20000000000000284,0
61.5,61.5,0.7692307692307693,0.8542008047508047,0.0902495932552071,-0.9415004816670791,-0.08497003552003546,7.0,6.0,5.0,-0.20000000000000284,0
62.5,62.5,0.8571428571428571,0.8793152249711075,0.09041691399432181,-0.24522367385423938,-0.022172367828250383,7.0,7.0,6.0,0.3999999999999986,0
62.5,62.5,0.8571428571428571,0.8793152249711075,0.09041691399432181,-0.24522367385423938,-0.022172367828250383,7.0,7.0,6.0,-0.8000000000000043,0
62.5,62.5,0.8571428571428571,0.8793152249711075,0.09041691399432181,-0.24522367385423938,-0.022172367828250383,7.0,7.0,6.0,-0.20000000000000284,0
62.5,62.5,0.8571428571428571,0.8793152249711075,0.09041691399432181,-0.24522367385423938,-0.022172367828250383,7.0,7.0,6.0,-0.20000000000000284,0
62.5,62.5,0.8571428571428571,0.8793152249711075,0.09041691399432181,-0.24522367385423938,-0.022172367828250383,7.0,7.0,6.0,-0.10000000000000853,0
62.5,62.5,0.8571428571428571,0.8793152249711075,0.09041691399432181,-0.24522367385423938,-0.022172367828250383,7.0,7.0,6.0,-0.30000000000001137,0
63.5,63.5,0.8571428571428571,0.8814549244872776,0.09149971039825912,-0.26570649501075416,-0.024312067344420485,7.0,7.0,6.0,-0.30000000000000426,0
63.5,63.5,0.8571428571428571,0.8814549244872776,0.09149971039825912,-0.26570649501075416,-0.024312067344420485,7.0,7.0,6.0,-0.20000000000000284,0
63.5,63.5,0.8571428571428571,0.8814549244872776,0.09149971039825912,-0.26570649501075416,-0.024312067344420485,7.0,7.0,6.0,-0.20000000000000284,0
63.5,63.5,0.8571428571428571,0.8814549244872776,0.09149971039825912,-0.26570649501075416,-0.024312067344420485,7.0,7.0,6.0,-0.10000000000000853,0
63.5,63.5,0.8571428571428571,0.8814549244872776,0.09149971039825912,-0.26570649501075416,-0.024312067344420485,7.0,7.0,6.0,-0.30000000000001137,0
63.5,63.5,0.8571428571428571,0.8814549244872776,0.09149971039825912,-0.26570649501075416,-0.024312067344420485,7.0,7.0,6.0,-0.5,0
64.5,64.5,0.8,0.8466880614483557,0.09658003253517888,-0.48341318824209084,-0.04668806144835569,8.0,7.0,6.0,-0.20000000000000284,0
64.5,64.5,0.8,0.8466880614483557,0.09658003253517888,-0.48341318824209084,-0.04668806144835569,8.0,7.0,6.0,-0.20000000000000284,0
64.5,64.5,0.8,0.8466880614483557,0.09658003253517888,-0.48341318824209084,-0.04668806144835569,8.0,7.0,6.0,-0.10000000000000853,0
64.5,64.5,0.8,0.8466880614483557,0.09658003253517888,-0.48341318824209084,-0.04668806144835569,8.0,7.0,6.0,-0.30000000000001137,0
64.5,64.5,0.8,0.8466880614483557,0.09658003253517888,-0.48341318824209084,-0.04668806144835569,8.0,7.0,6.0,-0.5,0
64.5,64.5,0.8,0.8466880614483557,0.09658003253517888,-0.48341318824209084,-0.04668806144835569,8.0,7.0,6.0,-0.7000000000000028,0
65.5,65.5,0.875,0.8412493893361541,0.09850792723373707,0.34261821978817303,0.03375061066384588,8.0,8.0,7.0,-0.20000000000000284,0
65.5,65.5,0.875,0.8412493893361541,0.09850792723373707,0.34261821978817303,0.03375061066384588,8.0,8.0,7.0,-0.10000000000000853,0
65.5,65.5,0.875,0.8412493893361541,0.09850792723373707,0.34261821978817303,0.03375061066384588,8.0,8.0,7.0,-0.30000000000001137,0
65.5,65.5,0.875,0.8412493893361541,0.09850792723373707,0.34261821978817303,0.03375061066384588,8.0,8.0,7.0,-0.5,0
65.5,65.5,0.875,0.8412493893361541,0.09850792723373707,0.34261821978817303,0.03375061066384588,8.0,8.0,7.0,-0.7000000000000028,0
65.5,65.5,0.875,0.8412493893361541,0.09850792723373707,0.34261821978817303,0.03375061066384588,8.0,8.0,7.0,-0.7999999999999972,0
65.5,65.5,0.875,0.8412493893361541,0.09850792723373707,0.34261821978817303,0.03375061066384588,8.0,8.0,7.0,-0.8999999999999915,0
66.5,66.5,0.875,0.8611212976565918,0.10027258638737017,0.13840973733132156,0.013878702343408156,9.0,7.0,7.0,-0.10000000000000853,0
66.5,66.5,0.875,0.8611212976565918,0.10027258638737017,0.13840973733132156,0.013878702343408156,9.0,7.0,7.0,-0.30000000000001137,0
66.5,66.5,0.875,0.8611212976565918,0.10027258638737017,0.13840973733132156,0.013878702343408156,9.0,7.0,7.0,-0.5,0
66.5,66.5,0.875,0.8611212976565918,0.10027258638737017,0.13840973733132156,0.013878702343408156,9.0,7.0,7.0,-0.7000000000000028,0
66.5,66.5,0.875,0.8611212976565918,0.10027258638737017,0.13840973733132156,0.013878702343408156,9.0,7.0,7.0,-0.7999999999999972,0
66.5,66.5,0.875,0.8611212976565918,0.10027258638737017,0.13840973733132156,0.013878702343408156,9.0,7.0,7.0,-0.8999999999999915,0
66.5,66.5,0.875,0.8611212976565918,0.10027258638737017,0.13840973733132156,0.013878702343408156,9.0,7.0,7.0,-0.09999999999999432,0
67.5,67.5,0.8571428571428571,0.8629168997668998,0.09834178940119168,-0.05871402848373143,-0.005774042624042686,8.0,6.0,6.0,-0.5,0
67.5,67.5,0.8571428571428571,0.8629168997668998,0.09834178940119168,-0.05871402848373143,-0.005774042624042686,8.0,6.0,6.0,-0.7000000000000028,0
67.5,67.5,0.8571428571428571,0.8629168997668998,0.09834178940119168,-0.05871402848373143,-0.005774042624042686,8.0,6.0,6.0,-0.7999999999999972,0
67.5,67.5,0.8571428571428571,0.8629168997668998,0.09834178940119168,-0.05871402848373143,-0.005774042624042686,8.0,6.0,6.0,-0.8999999999999915,0
67.5,67.5,0.8571428571428571,0.8629168997668998,0.09834178940119168,-0.05871402848373143,-0.005774042624042686,8.0,6.0,6.0,-0.09999999999999432,0
67.5,67.5,0.8571428571428571,0.8629168997668998,0.09834178940119168,-0.05871402848373143,-0.005774042624042686,8.0,6.0,6.0,-0.7999999999999972,0
68.5,68.5,0.7692307692307693,0.7665446109446109,0.10723305072803285,0.025049723643236363,0.002686158286158369,8.0,5.0,5.0,0.0,0
68.5,68.5,0.7692307692307693,0.7665446109446109,0.10723305072803285,0.025049723643236363,0.002686158286158369,8.0,5.0,5.0,-0.29999999999999716,0
68.5,68.5,0.7692307692307693,0.7665446109446109,0.10723305072803285,0.025049723643236363,0.002686158286158369,8.0,5.0,5.0,-0.5,0
68.5,68.5,0.7692307692307693,0.7665446109446109,0.10723305072803285,0.025049723643236363,0.002686158286158369,8.0,5.0,5.0,-0.09999999999999432,0
68.5,68.5,0.7692307692307693,0.7665446109446109,0.10723305072803285,0.025049723643236363,0.002686158286158369,8.0,5.0,5.0,-0.7999999999999972,0
69.5,69.5,0.7692307692307693,0.8122125957375957,0.10597712495647221,-0.40557645364016354,-0.04298182650682647,7.0,6.0,5.0,0.09999999999999432,0
69.5,69.5,0.7692307692307693,0.8122125957375957,0.10597712495647221,-0.40557645364016354,-0.04298182650682647,7.0,6.0,5.0,-0.09999999999999432,0
69.5,69.5,0.7692307692307693,0.8122125957375957,0.10597712495647221,-0.40557645364016354,-0.04298182650682647,7.0,6.0,5.0,-0.7999999999999972,0
69.5,69.5,0.7692307692307693,0.8122125957375957,0.10597712495647221,-0.40557645364016354,-0.04298182650682647,7.0,6.0,5.0,-0.5,0
69.5,69.5,0.7692307692307693,0.8122125957375957,0.10597712495647221,-0.40557645364016354,-0.04298182650682647,7.0,6.0,5.0,-0.20000000000000284,0
70.5,70.5,0.8333333333333334,0.8211803418803417,0.10275786450962622,0.11826823680102042,0.012152991452991646,7.0,5.0,5.0,-0.09999999999999432,0
70.5,70.5,0.8333333333333334,0.8211803418803417,0.10275786450962622,0.11826823680102042,0.012152991452991646,7.0,5.0,5.0,-0.7999999999999972,0
70.5,70.5,0.8333333333333334,0.8211803418803417,0.10275786450962622,0.11826823680102042,0.012152991452991646,7.0,5.0,5.0,-0.5,0
70.5,70.5,0.8333333333333334,0.8211803418803417,0.10275786450962622,0.11826823680102042,0.012152991452991646,7.0,5.0,5.0,-0.20000000000000284,0
70.5,70.5,0.8333333333333334,0.8211803418803417,0.10275786450962622,0.11826823680102042,0.012152991452991646,7.0,5.0,5.0,-0.20000000000000284,0
71.5,71.5,0.9090909090909091,0.8238182817182816,0.10392511661925781,0.8205199103603988,0.08527262737262742,6.0,5.0,5.0,-0.20000000000000284,0
71.5,71.5,0.9090909090909091,0.8238182817182816,0.10392511661925781,0.8205199103603988,0.08527262737262742,6.0,5.0,5.0,-0.5,0
71.5,71.5,0.9090909090909091,0.8238182817182816,0.10392511661925781,0.8205199103603988,0.08527262737262742,6.0,5.0,5.0,-0.20000000000000284,0
71.5,71.5,0.9090909090909091,0.8238182817182816,0.10392511661925781,0.8205199103603988,0.08527262737262742,6.0,5.0,5.0,-0.20000000000000284,0
71.5,71.5,0.9090909090909091,0.8238182817182816,0.10392511661925781,0.8205199103603988,0.08527262737262742,6.0,5.0,5.0,0.3999999999999915,0
72.5,72.5,0.8333333333333334,0.8642907314907315,0.09525754155742847,-0.32498632288063733,-0.030957398157398175,6.0,6.0,5.0,-0.5,0
72.5,72.5,0.8333333333333334,0.8642907314907315,0.09525754155742847,-0.32498632288063733,-0.030957398157398175,6.0,6.0,5.0,-0.20000000000000284,0
72.5,72.5,0.8333333333333334,0.8642907314907315,0.09525754155742847,-0.32498632288063733,-0.030957398157398175,6.0,6.0,5.0,-0.20000000000000284,0
72.5,72.5,0.8333333333333334,0.8642907314907315,0.09525754155742847,-0.32498632288063733,-0.030957398157398175,6.0,6.0,5.0,-0.29999999999999716,0
72.5,72.5,0.8333333333333334,0.8642907314907315,0.09525754155742847,-0.32498632288063733,-0.030957398157398175,6.0,6.0,5.0,-0.3999999999999915,0
73.5,73.5,0.7692307692307693,0.8541345899198841,0.10403083290618248,-0.8161409297345832,-0.08490382068911484,6.0,7.0,5.0,-0.20000000000000284,0
73.5,73.5,0.7692307692307693,0.8541345899198841,0.10403083290618248,-0.8161409297345832,-0.08490382068911484,6.0,7.0,5.0,-0.20000000000000284,0
73.5,73.5,0.7692307692307693,0.8541345899198841,0.10403083290618248,-0.8161409297345832,-0.08490382068911484,6.0,7.0,5.0,-0.29999999999999716,0
73.5,73.5,0.7692307692307693,0.8541345899198841,0.10403083290618248,-0.8161409297345832,-0.08490382068911484,6.0,7.0,5.0,-0.3999999999999915,0
73.5,73.5,0.7692307692307693,0.8541345899198841,0.10403083290618248,-0.8161409297345832,-0.08490382068911484,6.0,7.0,5.0,-0.30000000000001137,0
74.5,74.5,0.6666666666666666,0.7422742507492508,0.11140365098376522,-0.6786813844512368,-0.07560758408258417,6.0,6.0,4.0,-0.20000000000000284,0
74.5,74.5,0.6666666666666666,0.7422742507492508,0.11140365098376522,-0.6786813844512368,-0.07560758408258417,6.0,6.0,4.0,-0.29999999999999716,0
74.5,74.5,0.6666666666666666,0.7422742507492508,0.11140365098376522,-0.6786813844512368,-0.07560758408258417,6.0,6.0,4.0,-0.3999999999999915,0
74.5,74.5,0.6666666666666666,0.7422742507492508,0.11140365098376522,-0.6786813844512368,-0.07560758408258417,6.0,6.0,4.0,-0.30000000000001137,0
75.5,75.5,0.7692307692307693,0.8387936896436897,0.1012698028992672,-0.6869068411450796,-0.06956292041292045,7.0,6.0,5.0,-0.29999999999999716,0
75.5,75.5,0.7692307692307693,0.8387936896436897,0.1012698028992672,-0.6869068411450796,-0.06956292041292045,7.0,6.0,5.0,-0.3999999999999915,0
75.5,75.5,0.7692307692307693,0.8387936896436897,0.1012698028992672,-0.6869068411450796,-0.06956292041292045,7.0,6.0,5.0,-0.30000000000001137,0
75.5,75.5,0.7692307692307693,0.8387936896436897,0.1012698028992672,-0.6869068411450796,-0.06956292041292045,7.0,6.0,5.0,-0.5999999999999943,0
75.5,75.5,0.7692307692307693,0.8387936896436897,0.1012698028992672,-0.6869068411450796,-0.06956292041292045,7.0,6.0,5.0,-0.7000000000000028,0
76.5,76.5,0.7692307692307693,0.8168063575313577,0.10119619875431127,-0.47013216787020395,-0.04757558830058839,7.0,6.0,5.0,0.30000000000001137,0
76.5,76.5,0.7692307692307693,0.8168063575313577,0.10119619875431127,-0.47013216787020395,-0.04757558830058839,7.0,6.0,5.0,-0.30000000000001137,0
76.5,76.5,0.7692307692307693,0.8168063575313577,0.10119619875431127,-0.47013216787020395,-0.04757558830058839,7.0,6.0,5.0,-0.5999999999999943,0
76.5,76.5,0.7692307692307693,0.8168063575313577,0.10119619875431127,-0.47013216787020395,-0.04757558830058839,7.0,6.0,5.0,-0.7000000000000028,0
76.5,76.5,0.7692307692307693,0.8168063575313577,0.10119619875431127,-0.47013216787020395,-0.04757558830058839,7.0,6.0,5.0,-0.8999999999999915,0
77.5,77.5,0.8333333333333334,0.8213272338772338,0.0992093690193394,0.121017798770186,0.01200609945609954,7.0,5.0,5.0,-0.30000000000001137,0
77.5,77.5,0.8333333333333334,0.8213272338772338,0.0992093690193394,0.121017798770186,0.01200609945609954,7.0,5.0,5.0,-0.5999999999999943,0
77.5,77.5,0.8333333333333334,0.8213272338772338,0.0992093690193394,0.121017798770186,0.01200609945609954,7.0,5.0,5.0,-0.7000000000000028,0
77.5,77.5,0.8333333333333334,0.8213272338772338,0.0992093690193394,0.121017798770186,0.01200609945609954,7.0,5.0,5.0,-0.8999999999999915,0
77.5,77.5,0.8333333333333334,0.8213272338772338,0.0992093690193394,0.121017798770186,0.01200609945609954,7.0,5.0,5.0,-1.0,0
78.5,78.5,1.0,0.8655496558996559,0.09735683826499583,1.3810056540084357,0.13445034410034407,6.0,6.0,6.0,-0.5999999999999943,0
78.5,78.5,1.0,0.8655496558996559,0.09735683826499583,1.3810056540084357,0.13445034410034407,6.0,6.0,6.0,-0.7000000000000028,0
78.5,78.5,1.0,0.8655496558996559,0.09735683826499583,1.3810056540084357,0.13445034410034407,6.0,6.0,6.0,-0.8999999999999915,0
78.5,78.5,1.0,0.8655496558996559,0.09735683826499583,1.3810056540084357,0.13445034410034407,6.0,6.0,6.0,-1.0,0
78.5,78.5,1.0,0.8655496558996559,0.09735683826499583,1.3810056540084357,0.13445034410034407,6.0,6.0,6.0,-0.3999999999999915,0
78.5,78.5,1.0,0.8655496558996559,0.09735683826499583,1.3810056540084357,0.13445034410034407,6.0,6.0,6.0,-0.30000000000001137,0
79.5,79.5,0.8571428571428571,0.8541179763047411,0.11445743321463898,0.026427998192511883,0.0030248808381160286,6.0,8.0,6.0,0.10000000000000853,0
79.5,79.5,0.8571428571428571,0.8541179763047411,0.11445743321463898,0.026427998192511883,0.0030248808381160286,6.0,8.0,6.0,-0.20000000000000284,0
79.5,79.5,0.8571428571428571,0.8541179763047411,0.11445743321463898,0.026427998192511883,0.0030248808381160286,6.0,8.0,6.0,-0.19999999999998863,0
79.5,79.5,0.8571428571428571,0.8541179763047411,0.11445743321463898,0.026427998192511883,0.0030248808381160286,6.0,8.0,6.0,0.29999999999999716,0
79.5,79.5,0.8571428571428571,0.8541179763047411,0.11445743321463898,0.026427998192511883,0.0030248808381160286,6.0,8.0,6.0,-0.30000000000001137,0
79.5,79.5,0.8571428571428571,0.8541179763047411,0.11445743321463898,0.026427998192511883,0.0030248808381160286,6.0,8.0,6.0,-0.09999999999999432,0
80.5,80.5,0.8333333333333334,0.8651285784476962,0.1078159699788361,-0.29490292690966025,-0.031795245114362825,5.0,7.0,5.0,-0.19999999999998863,0
80.5,80.5,0.8333333333333334,0.8651285784476962,0.1078159699788361,-0.29490292690966025,-0.031795245114362825,5.0,7.0,5.0,0.29999999999999716,0
80.5,80.5,0.8333333333333334,0.8651285784476962,0.1078159699788361,-0.29490292690966025,-0.031795245114362825,5.0,7.0,5.0,-0.30000000000001137,0
80.5,80.5,0.8333333333333334,0.8651285784476962,0.1078159699788361,-0.29490292690966025,-0.031795245114362825,5.0,7.0,5.0,-0.09999999999999432,0
80.5,80.5,0.8333333333333334,0.8651285784476962,0.1078159699788361,-0.29490292690966025,-0.031795245114362825,5.0,7.0,5.0,0.5,0
81.5,81.5,0.7692307692307693,0.8544184222640105,0.11737222807528963,-0.7257905420232524,-0.08518765303324127,5.0,8.0,5.0,0.29999999999999716,0
81.5,81.5,0.7692307692307693,0.8544184222640105,0.11737222807528963,-0.7257905420232524,-0.08518765303324127,5.0,8.0,5.0,-0.30000000000001137,0
81.5,81.5,0.7692307692307693,0.8544184222640105,0.11737222807528963,-0.7257905420232524,-0.08518765303324127,5.0,8.0,5.0,-0.09999999999999432,0
81.5,81.5,0.7692307692307693,0.8544184222640105,0.11737222807528963,-0.7257905420232524,-0.08518765303324127,5.0,8.0,5.0,-0.20000000000000284,0
81.5,81.5,0.7692307692307693,0.8544184222640105,0.11737222807528963,-0.7257905420232524,-0.08518765303324127,5.0,8.0,5.0,-0.10000000000000853,0
82.5,82.5,0.7692307692307693,0.827685841935842,0.11761533087159842,-0.49700215330677117,-0.058455072705072775,5.0,8.0,5.0,-0.30000000000001137,0
82.5,82.5,0.7692307692307693,0.827685841935842,0.11761533087159842,-0.49700215330677117,-0.058455072705072775,5.0,8.0,5.0,-0.09999999999999432,0
82.5,82.5,0.7692307692307693,0.827685841935842,0.11761533087159842,-0.49700215330677117,-0.058455072705072775,5.0,8.0,5.0,-0.20000000000000284,0
82.5,82.5,0.7692307692307693,0.827685841935842,0.11761533087159842,-0.49700215330677117,-0.058455072705072775,5.0,8.0,5.0,-0.10000000000000853,0
82.5,82.5,0.7692307692307693,0.827685841935842,0.11761533087159842,-0.49700215330677117,-0.058455072705072775,5.0,8.0,5.0,-0.29999999999999716,0
83.5,83.5,0.8333333333333334,0.8418563425136956,0.11114017648566885,-0.07668702219004672,-0.008523009180362195,5.0,7.0,5.0,-0.09999999999999432,0
83.5,83.5,0.8333333333333334,0.8418563425136956,0.11114017648566885,-0.07668702219004672,-0.008523009180362195,5.0,7.0,5.0,-0.20000000000000284,0
83.5,83.5,0.8333333333333334,0.8418563425136956,0.11114017648566885,-0.07668702219004672,-0.008523009180362195,5.0,7.0,5.0,-0.10000000000000853,0
83.5,83.5,0.8333333333333334,0.8418563425136956,0.11114017648566885,-0.07668702219004672,-0.008523009180362195,5.0,7.0,5.0,-0.29999999999999716,0
83.5,83.5,0.8333333333333334,0.8418563425136956,0.11114017648566885,-0.07668702219004672,-0.008523009180362195,5.0,7.0,5.0,-0.4000000000000057,0
84.5,84.5,0.8333333333333334,0.8457474247974248,0.10802941165867654,-0.11491399678556329,-0.012414091464091448,6.0,6.0,5.0,-0.20000000000000284,0
84.5,84.5,0.8333333333333334,0.8457474247974248,0.10802941165867654,-0.11491399678556329,-0.012414091464091448,6.0,6.0,5.0,-0.10000000000000853,0
84.5,84.5,0.8333333333333334,0.8457474247974248,0.10802941165867654,-0.11491399678556329,-0.012414091464091448,6.0,6.0,5.0,-0.29999999999999716,0
84.5,84.5,0.8333333333333334,0.8457474247974248,0.10802941165867654,-0.11491399678556329,-0.012414091464091448,6.0,6.0,5.0,-0.4000000000000057,0
84.5,84.5,0.8333333333333334,0.8457474247974248,0.10802941165867654,-0.11491399678556329,-0.012414091464091448,6.0,6.0,5.0,0.10000000000000853,0
85.5,85.5,0.9090909090909091,0.7371526584526584,0.11707363932256072,1.4686333459279182,0.17193825063825063,6.0,5.0,5.0,-0.20000000000000284,0
85.5,85.5,0.9090909090909091,0.7371526584526584,0.11707363932256072,1.4686333459279182,0.17193825063825063,6.0,5.0,5.0,-0.10000000000000853,0
85.5,85.5,0.9090909090909091,0.7371526584526584,0.11707363932256072,1.4686333459279182,0.17193825063825063,6.0,5.0,5.0,-0.29999999999999716,0
85.5,85.5,0.9090909090909091,0.7371526584526584,0.11707363932256072,1.4686333459279182,0.17193825063825063,6.0,5.0,5.0,-0.4000000000000057,0
85.5,85.5,0.9090909090909091,0.7371526584526584,0.11707363932256072,1.4686333459279182,0.17193825063825063,6.0,5.0,5.0,0.10000000000000853,0
86.5,86.5,0.8888888888888888,0.7220764568764568,0.10714455988208789,1.5568912896371814,0.166812432012432,5.0,4.0,4.0,-0.29999999999999716,0
86.5,86.5,0.8888888888888888,0.7220764568764568,0.10714455988208789,1.5568912896371814,0.166812432012432,5.0,4.0,4.0,-0.4000000000000057,0
86.5,86.5,0.8888888888888888,0.7220764568764568,0.10714455988208789,1.5568912896371814,0.166812432012432,5.0,4.0,4.0,0.10000000000000853,0
86.5,86.5,0.8888888888888888,0.7220764568764568,0.10714455988208789,1.5568912896371814,0.166812432012432,5.0,4.0,4.0,-0.5999999999999943,0
87.5,87.5,0.75,0.6007336219336219,0.10217425828620981,1.4609000404803936,0.1492663780663781,5.0,3.0,3.0,-0.4000000000000057,0
87.5,87.5,0.75,0.6007336219336219,0.10217425828620981,1.4609000404803936,0.1492663780663781,5.0,3.0,3.0,0.10000000000000853,0
87.5,87.5,0.75,0.6007336219336219,0.10217425828620981,1.4609000404803936,0.1492663780663781,5.0,3.0,3.0,-0.5999999999999943,0
88.5,88.5,0.8,0.7270332001332002,0.10375607549733774,0.7032532747315806,0.07296679986679988,6.0,4.0,4.0,0.10000000000000853,0
88.5,88.5,0.8,0.7270332001332002,0.10375607549733774,0.7032532747315806,0.07296679986679988,6.0,4.0,4.0,-0.5999999999999943,0
88.5,88.5,0.8,0.7270332001332002,0.10375607549733774,0.7032532747315806,0.07296679986679988,6.0,4.0,4.0,-0.8999999999999915,0
88.5,88.5,0.8,0.7270332001332002,0.10375607549733774,0.7032532747315806,0.07296679986679988,6.0,4.0,4.0,-0.7000000000000028,0
89.5,89.5,0.8888888888888888,0.7250501054501054,0.11054340541008872,1.4821217315585857,0.16383878343878344,5.0,4.0,4.0,-0.5999999999999943,0
89.5,89.5,0.8888888888888888,0.7250501054501054,0.11054340541008872,1.4821217315585857,0.16383878343878344,5.0,4.0,4.0,-0.8999999999999915,0
89.5,89.5,0.8888888888888888,0.7250501054501054,0.11054340541008872,1.4821217315585857,0.16383878343878344,5.0,4.0,4.0,-0.7000000000000028,0
89.5,89.5,0.8888888888888888,0.7250501054501054,0.11054340541008872,1.4821217315585857,0.16383878343878344,5.0,4.0,4.0,-0.7999999999999972,0
90.5,90.5,0.9090909090909091,0.859749211899212,0.09497444601980962,0.5195260331542803,0.04934169719169701,5.0,6.0,5.0,-0.5999999999999943,0
90.5,90.5,0.9090909090909091,0.859749211899212,0.09497444601980962,0.5195260331542803,0.04934169719169701,5.0,6.0,5.0,-0.8999999999999915,0
90.5,90.5,0.9090909090909091,0.859749211899212,0.09497444601980962,0.5195260331542803,0.04934169719169701,5.0,6.0,5.0,-0.7000000000000028,0
90.5,90.5,0.9090909090909091,0.859749211899212,0.09497444601980962,0.5195260331542803,0.04934169719169701,5.0,6.0,5.0,-0.7999999999999972,0
90.5,90.5,0.9090909090909091,0.859749211899212,0.09497444601980962,0.5195260331542803,0.04934169719169701,5.0,6.0,5.0,-0.20000000000000284,0
91.5,91.5,0.8333333333333334,0.8557289821289821,0.10068451165125612,-0.2224339019810829,-0.022395648795648704,6.0,6.0,5.0,-0.8999999999999915,0
91.5,91.5,0.8333333333333334,0.8557289821289821,0.10068451165125612,-0.2224339019810829,-0.022395648795648704,6.0,6.0,5.0,-0.7000000000000028,0
91.5,91.5,0.8333333333333334,0.8557289821289821,0.10068451165125612,-0.2224339019810829,-0.022395648795648704,6.0,6.0,5.0,-0.7999999999999972,0
91.5,91.5,0.8333333333333334,0.8557289821289821,0.10068451165125612,-0.2224339019810829,-0.022395648795648704,6.0,6.0,5.0,-0.20000000000000284,0
91.5,91.5,0.8333333333333334,0.8557289821289821,0.10068451165125612,-0.2224339019810829,-0.022395648795648704,6.0,6.0,5.0,-0.20000000000000284,0
92.5,92.5,0.8571428571428571,0.8400624747801219,0.11236923955478127,0.15200229556068462,0.017080382362735236,6.0,8.0,6.0,0.10000000000000853,0
92.5,92.5,0.8571428571428571,0.8400624747801219,0.11236923955478127,0.15200229556068462,0.017080382362735236,6.0,8.0,6.0,-0.20000000000000284,0
92.5,92.5,0.8571428571428571,0.8400624747801219,0.11236923955478127,0.15200229556068462,0.017080382362735236,6.0,8.0,6.0,-0.20000000000000284,0
92.5,92.5,0.8571428571428571,0.8400624747801219,0.11236923955478127,0.15200229556068462,0.017080382362735236,6.0,8.0,6.0,-0.20000000000000284,0
92.5,92.5,0.8571428571428571,0.8400624747801219,0.11236923955478127,0.15200229556068462,0.017080382362735236,6.0,8.0,6.0,-0.09999999999999432,0
92.5,92.5,0.8571428571428571,0.8400624747801219,0.11236923955478127,0.15200229556068462,0.017080382362735236,6.0,8.0,6.0,0.29999999999999716,0
93.5,93.5,0.7692307692307693,0.8520701319921911,0.11281949057054674,-0.7342646411758242,-0.08283936276142179,5.0,8.0,5.0,-0.20000000000000284,0
93.5,93.5,0.7692307692307693,0.8520701319921911,0.11281949057054674,-0.7342646411758242,-0.08283936276142179,5.0,8.0,5.0,-0.20000000000000284,0
93.5,93.5,0.7692307692307693,0.8520701319921911,0.11281949057054674,-0.7342646411758242,-0.08283936276142179,5.0,8.0,5.0,-0.09999999999999432,0
93.5,93.5,0.7692307692307693,0.8520701319921911,0.11281949057054674,-0.7342646411758242,-0.08283936276142179,5.0,8.0,5.0,-0.29999999999999716,0
93.5,93.5,0.7692307692307693,0.8520701319921911,0.11281949057054674,-0.7342646411758242,-0.08283936276142179,5.0,8.0,5.0,-0.29999999999999716,0
94.5,94.5,0.7692307692307693,0.7984253860518566,0.11542895774180756,-0.25292281410346035,-0.02919461682108737,5.0,8.0,5.0,-0.20000000000000284,0
94.5,94.5,0.7692307692307693,0.7984253860518566,0.11542895774180756,-0.25292281410346035,-0.02919461682108737,5.0,8.0,5.0,-0.20000000000000284,0
94.5,94.5,0.7692307692307693,0.7984253860518566,0.11542895774180756,-0.25292281410346035,-0.02919461682108737,5.0,8.0,5.0,-0.09999999999999432,0
94.5,94.5,0.7692307692307693,0.7984253860518566,0.11542895774180756,-0.25292281410346035,-0.02919461682108737,5.0,8.0,5.0,-0.29999999999999716,0
94.5,94.5,0.7692307692307693,0.7984253860518566,0.11542895774180756,-0.25292281410346035,-0.02919461682108737,5.0,8.0,5.0,-0.29999999999999716,0
95.5,95.5,0.7692307692307693,0.8074885092032152,0.1096608078999242,-0.3488734097906679,-0.03825773997244597,6.0,7.0,5.0,-0.20000000000000284,0
95.5,95.5,0.7692307692307693,0.8074885092032152,0.1096608078999242,-0.3488734097906679,-0.03825773997244597,6.0,7.0,5.0,-0.09999999999999432,0
95.5,95.5,0.7692307692307693,0.8074885092032152,0.1096608078999242,-0.3488734097906679,-0.03825773997244597,6.0,7.0,5.0,-0.29999999999999716,0
95.5,95.5,0.7692307692307693,0.8074885092032152,0.1096608078999242,-0.3488734097906679,-0.03825773997244597,6.0,7.0,5.0,-0.29999999999999716,0
95.5,95.5,0.7692307692307693,0.8074885092032152,0.1096608078999242,-0.3488734097906679,-0.03825773997244597,6.0,7.0,5.0,-0.7000000000000028,0
96.5,96.5,0.7692307692307693,0.7708593533917063,0.10125315010566878,-0.01608428141976248,-0.00162858416093703,6.0,7.0,5.0,-0.09999999999999432,0
96.5,96.5,0.7692307692307693,0.7708593533917063,0.10125315010566878,-0.01608428141976248,-0.00162858416093703,6.0,7.0,5.0,-0.29999999999999716,0
96.5,96.5,0.7692307692307693,0.7708593533917063,0.10125315010566878,-0.01608428141976248,-0.00162858416093703,6.0,7.0,5.0,-0.29999999999999716,0
96.5,96.5,0.7692307692307693,0.7708593533917063,0.10125315010566878,-0.01608428141976248,-0.00162858416093703,6.0,7.0,5.0,-0.7000000000000028,0
96.5,96.5,0.7692307692307693,0.7708593533917063,0.10125315010566878,-0.01608428141976248,-0.00162858416093703,6.0,7.0,5.0,0.0,0
97.5,97.5,0.6666666666666666,0.7884212648462648,0.10200296360062476,-1.193637850134508,-0.12175459817959822,6.0,6.0,4.0,0.20000000000000284,0
97.5,97.5,0.6666666666666666,0.7884212648462648,0.10200296360062476,-1.193637850134508,-0.12175459817959822,6.0,6.0,4.0,-0.7000000000000028,0
97.5,97.5,0.6666666666666666,0.7884212648462648,0.10200296360062476,-1.193637850134508,-0.12175459817959822,6.0,6.0,4.0,0.0,0
97.5,97.5,0.6666666666666666,0.7884212648462648,0.10200296360062476,-1.193637850134508,-0.12175459817959822,6.0,6.0,4.0,-0.10000000000000853,0
98.5,98.5,0.7272727272727273,0.8103155955155955,0.10269836306918939,-0.8086094632971026,-0.08304286824286822,6.0,5.0,4.0,-0.7000000000000028,0
98.5,98.5,0.7272727272727273,0.8103155955155955,0.10269836306918939,-0.8086094632971026,-0.08304286824286822,6.0,5.0,4.0,0.0,0
98.5,98.5,0.7272727272727273,0.8103155955155955,0.10269836306918939,-0.8086094632971026,-0.08304286824286822,6.0,5.0,4.0,-0.10000000000000853,0
98.5,98.5,0.7272727272727273,0.8103155955155955,0.10269836306918939,-0.8086094632971026,-0.08304286824286822,6.0,5.0,4.0,-0.19999999999998863,0
99.5,99.5,0.9230769230769231,0.8725786380286381,0.09661984860234285,0.5226491841869905,0.05049828504828502,7.0,6.0,6.0,-0.7000000000000028,0
99.5,99.5,0.9230769230769231,0.8725786380286381,0.09661984860234285,0.5226491841869905,0.05049828504828502,7.0,6.0,6.0,0.0,0
99.5,99.5,0.9230769230769231,0.8725786380286381,0.09661984860234285,0.5226491841869905,0.05049828504828502,7.0,6.0,6.0,-0.10000000000000853,0
99.5,99.5,0.9230769230769231,0.8725786380286381,0.09661984860234285,0.5226491841869905,0.05049828504828502,7.0,6.0,6.0,-0.19999999999998863,0
99.5,99.5,0.9230769230769231,0.8725786380286381,0.09661984860234285,0.5226491841869905,0.05049828504828502,7.0,6.0,6.0,-0.6000000000000085,0
99.5,99.5,0.9230769230769231,0.8725786380286381,0.09661984860234285,0.5226491841869905,0.05049828504828502,7.0,6.0,6.0,-0.09999999999999432,0
100.5,100.5,1.0,0.8826456626706628,0.09711108709926847,1.208454573362728,0.1173543373293372,7.0,7.0,7.0,0.0,0
100.5,100.5,1.0,0.8826456626706628,0.09711108709926847,1.208454573362728,0.1173543373293372,7.0,7.0,7.0,-0.10000000000000853,0
100.5,100.5,1.0,0.8826456626706628,0.09711108709926847,1.208454573362728,0.1173543373293372,7.0,7.0,7.0,-0.19999999999998863,0
100.5,100.5,1.0,0.8826456626706628,0.09711108709926847,1.208454573362728,0.1173543373293372,7.0,7.0,7.0,-0.6000000000000085,0
100.5,100.5,1.0,0.8826456626706628,0.09711108709926847,1.208454573362728,0.1173543373293372,7.0,7.0,7.0,-0.09999999999999432,0
100.5,100.5,1.0,0.8826456626706628,0.09711108709926847,1.208454573362728,0.1173543373293372,7.0,7.0,7.0,0.0,0
100.5,100.5,1.0,0.8826456626706628,0.09711108709926847,1.208454573362728,0.1173543373293372,7.0,7.0,7.0,0.09999999999999432,0
101.5,101.5,1.0,0.8646748746351689,0.10748867345132397,1.2589710247574393,0.1353251253648311,8.0,8.0,8.0,-0.10000000000000853,0
101.5,101.5,1.0,0.8646748746351689,0.10748867345132397,1.2589710247574393,0.1353251253648311,8.0,8.0,8.0,-0.19999999999998863,0
101.5,101.5,1.0,0.8646748746351689,0.10748867345132397,1.2589710247574393,0.1353251253648311,8.0,8.0,8.0,-0.6000000000000085,0
101.5,101.5,1.0,0.8646748746351689,0.10748867345132397,1.2589710247574393,0.1353251253648311,8.0,8.0,8.0,-0.09999999999999432,0
101.5,101.5,1.0,0.8646748746351689,0.10748867345132397,1.2589710247574393,0.1353251253648311,8.0,8.0,8.0,0.0,0
101.5,101.5,1.0,0.8646748746351689,0.10748867345132397,1.2589710247574393,0.1353251253648311,8.0,8.0,8.0,0.09999999999999432,0
101.5,101.5,1.0,0.8646748746351689,0.10748867345132397,1.2589710247574393,0.1353251253648311,8.0,8.0,8.0,0.0,0
101.5,101.5,1.0,0.8646748746351689,0.10748867345132397,1.2589710247574393,0.1353251253648311,8.0,8.0,8.0,0.0,0
102.5,102.5,0.875,0.8506652791652793,0.10857778687834828,0.22412246127272367,0.024334720834720658,8.0,8.0,7.0,0.5,0
102.5,102.5,0.875,0.8506652791652793,0.10857778687834828,0.22412246127272367,0.024334720834720658,8.0,8.0,7.0,-0.09999999999999432,0
102.5,102.5,0.875,0.8506652791652793,0.10857778687834828,0.22412246127272367,0.024334720834720658,8.0,8.0,7.0,0.0,0
102.5,102.5,0.875,0.8506652791652793,0.10857778687834828,0.22412246127272367,0.024334720834720658,8.0,8.0,7.0,0.09999999999999432,0
102.5,102.5,0.875,0.8506652791652793,0.10857778687834828,0.22412246127272367,0.024334720834720658,8.0,8.0,7.0,0.0,0
102.5,102.5,0.875,0.8506652791652793,0.10857778687834828,0.22412246127272367,0.024334720834720658,8.0,8.0,7.0,0.0,0
102.5,102.5,0.875,0.8506652791652793,0.10857778687834828,0.22412246127272367,0.024334720834720658,8.0,8.0,7.0,-0.19999999999998863,0
103.5,103.5,0.875,0.8013335721468074,0.10914251496683576,0.6749562979703827,0.07366642785319255,8.0,8.0,7.0,-0.09999999999999432,0
103.5,103.5,0.875,0.8013335721468074,0.10914251496683576,0.6749562979703827,0.07366642785319255,8.0,8.0,7.0,0.0,0
103.5,103.5,0.875,0.8013335721468074,0.10914251496683576,0.6749562979703827,0.07366642785319255,8.0,8.0,7.0,0.09999999999999432,0
103.5,103.5,0.875,0.8013335721468074,0.10914251496683576,0.6749562979703827,0.07366642785319255,8.0,8.0,7.0,0.0,0
103.5,103.5,0.875,0.8013335721468074,0.10914251496683576,0.6749562979703827,0.07366642785319255,8.0,8.0,7.0,0.0,0
103.5,103.5,0.875,0.8013335721468074,0.10914251496683576,0.6749562979703827,0.07366642785319255,8.0,8.0,7.0,-0.19999999999998863,0
103.5,103.5,0.875,0.8013335721468074,0.10914251496683576,0.6749562979703827,0.07366642785319255,8.0,8.0,7.0,-0.5,0
104.5,104.5,1.0,0.810191972243443,0.11117823292899073,1.7072409117869949,0.18980802775655703,7.0,7.0,7.0,0.0,0
104.5,104.5,1.0,0.810191972243443,0.11117823292899073,1.7072409117869949,0.18980802775655703,7.0,7.0,7.0,0.09999999999999432,0
104.5,104.5,1.0,0.810191972243443,0.11117823292899073,1.7072409117869949,0.18980802775655703,7.0,7.0,7.0,0.0,0
104.5,104.5,1.0,0.810191972243443,0.11117823292899073,1.7072409117869949,0.18980802775655703,7.0,7.0,7.0,0.0,0
104.5,104.5,1.0,0.810191972243443,0.11117823292899073,1.7072409117869949,0.18980802775655703,7.0,7.0,7.0,-0.19999999999998863,0
104.5,104.5,1.0,0.810191972243443,0.11117823292899073,1.7072409117869949,0.18980802775655703,7.0,7.0,7.0,-0.5,0
104.5,104.5,1.0,0.810191972243443,0.11117823292899073,1.7072409117869949,0.18980802775655703,7.0,7.0,7.0,-0.9000000000000057,0
105.5,105.5,0.7692307692307693,0.7292686813186813,0.10863324333196622,0.36786242117406087,0.039962087912087996,8.0,5.0,5.0,-0.5,0
105.5,105.5,0.7692307692307693,0.7292686813186813,0.10863324333196622,0.36786242117406087,0.039962087912087996,8.0,5.0,5.0,-0.5,0
105.5,105.5,0.7692307692307693,0.7292686813186813,0.10863324333196622,0.36786242117406087,0.039962087912087996,8.0,5.0,5.0,-0.5999999999999943,0
105.5,105.5,0.7692307692307693,0.7292686813186813,0.10863324333196622,0.36786242117406087,0.039962087912087996,8.0,5.0,5.0,-1.0,0
105.5,105.5,0.7692307692307693,0.7292686813186813,0.10863324333196622,0.36786242117406087,0.039962087912087996,8.0,5.0,5.0,-0.9000000000000057,0
106.5,106.5,0.9090909090909091,0.6926476245976246,0.1045825200056006,2.069593317140316,0.21644328449328443,6.0,5.0,5.0,0.0,0
106.5,106.5,0.9090909090909091,0.6926476245976246,0.1045825200056006,2.069593317140316,0.21644328449328443,6.0,5.0,5.0,-0.19999999999998863,0
106.5,106.5,0.9090909090909091,0.6926476245976246,0.1045825200056006,2.069593317140316,0.21644328449328443,6.0,5.0,5.0,-0.5,0
106.5,106.5,0.9090909090909091,0.6926476245976246,0.1045825200056006,2.069593317140316,0.21644328449328443,6.0,5.0,5.0,-0.9000000000000057,0
106.5,106.5,0.9090909090909091,0.6926476245976246,0.1045825200056006,2.069593317140316,0.21644328449328443,6.0,5.0,5.0,-1.0,0
107.5,107.5,0.75,0.7205912698412698,0.10361807489339903,0.2838185344495695,0.029408730158730245,4.0,4.0,3.0,0.09999999999999432,0
107.5,107.5,0.75,0.7205912698412698,0.10361807489339903,0.2838185344495695,0.029408730158730245,4.0,4.0,3.0,-1.0,0
107.5,107.5,0.75,0.7205912698412698,0.10361807489339903,0.2838185344495695,0.029408730158730245,4.0,4.0,3.0,-0.20000000000000284,0
108.5,108.5,0.75,0.7364756909756909,0.10642863708280542,0.1270739661336329,0.013524309024309122,4.0,4.0,3.0,-1.0,0
108.5,108.5,0.75,0.7364756909756909,0.10642863708280542,0.1270739661336329,0.013524309024309122,4.0,4.0,3.0,-0.20000000000000284,0
108.5,108.5,0.75,0.7364756909756909,0.10642863708280542,0.1270739661336329,0.013524309024309122,4.0,4.0,3.0,0.3999999999999915,0
109.5,109.5,0.8888888888888888,0.735563209013209,0.10651071561698369,1.4395329050932713,0.1533256798756798,5.0,4.0,4.0,-1.0,0
109.5,109.5,0.8888888888888888,0.735563209013209,0.10651071561698369,1.4395329050932713,0.1533256798756798,5.0,4.0,4.0,-0.20000000000000284,0
109.5,109.5,0.8888888888888888,0.735563209013209,0.10651071561698369,1.4395329050932713,0.1533256798756798,5.0,4.0,4.0,0.3999999999999915,0
109.5,109.5,0.8888888888888888,0.735563209013209,0.10651071561698369,1.4395329050932713,0.1533256798756798,5.0,4.0,4.0,-0.09999999999999432,0
110.5,110.5,0.8,0.8752238428238429,0.09143282951995978,-0.8227224643356521,-0.07522384282384287,4.0,6.0,4.0,-0.20000000000000284,0
110.5,110.5,0.8,0.8752238428238429,0.09143282951995978,-0.8227224643356521,-0.07522384282384287,4.0,6.0,4.0,0.3999999999999915,0
110.5,110.5,0.8,0.8752238428238429,0.09143282951995978,-0.8227224643356521,-0.07522384282384287,4.0,6.0,4.0,-0.09999999999999432,0
110.5,110.5,0.8,0.8752238428238429,0.09143282951995978,-0.8227224643356521,-0.07522384282384287,4.0,6.0,4.0,0.29999999999999716,0
111.5,111.5,0.9230769230769231,0.8740469133807371,0.09651918301371831,0.5079820214518116,0.04903000969618598,6.0,7.0,6.0,-0.20000000000000284,0
111.5,111.5,0.9230769230769231,0.8740469133807371,0.09651918301371831,0.5079820214518116,0.04903000969618598,6.0,7.0,6.0,0.3999999999999915,0
111.5,111.5,0.9230769230769231,0.8740469133807371,0.09651918301371831,0.5079820214518116,0.04903000969618598,6.0,7.0,6.0,-0.09999999999999432,0
111.5,111.5,0.9230769230769231,0.8740469133807371,0.09651918301371831,0.5079820214518116,0.04903000969618598,6.0,7.0,6.0,0.29999999999999716,0
111.5,111.5,0.9230769230769231,0.8740469133807371,0.09651918301371831,0.5079820214518116,0.04903000969618598,6.0,7.0,6.0,-0.10000000000000853,0
111.5,111.5,0.9230769230769231,0.8740469133807371,0.09651918301371831,0.5079820214518116,0.04903000969618598,6.0,7.0,6.0,-0.10000000000000853,0
112.5,112.5,0.8571428571428571,0.8686189248659837,0.10433147273390929,-0.10999622091404351,-0.011476067723126593,7.0,7.0,6.0,0.3999999999999915,0
112.5,112.5,0.8571428571428571,0.8686189248659837,0.10433147273390929,-0.10999622091404351,-0.011476067723126593,7.0,7.0,6.0,-0.09999999999999432,0
112.5,112.5,0.8571428571428571,0.8686189248659837,0.10433147273390929,-0.10999622091404351,-0.011476067723126593,7.0,7.0,6.0,0.29999999999999716,0
112.5,112.5,0.8571428571428571,0.8686189248659837,0.10433147273390929,-0.10999622091404351,-0.011476067723126593,7.0,7.0,6.0,-0.10000000000000853,0
112.5,112.5,0.8571428571428571,0.8686189248659837,0.10433147273390929,-0.10999622091404351,-0.011476067723126593,7.0,7.0,6.0,-0.10000000000000853,0
112.5,112.5,0.8571428571428571,0.8686189248659837,0.10433147273390929,-0.10999622091404351,-0.011476067723126593,7.0,7.0,6.0,-0.09999999999999432,0
113.5,113.5,0.8571428571428571,0.843545265518795,0.10952582103470827,0.12414964339553342,0.013597591624062044,7.0,7.0,6.0,-0.09999999999999432,0
113.5,113.5,0.8571428571428571,0.843545265518795,0.10952582103470827,0.12414964339553342,0.013597591624062044,7.0,7.0,6.0,0.29999999999999716,0
113.5,113.5,0.8571428571428571,0.843545265518795,0.10952582103470827,0.12414964339553342,0.013597591624062044,7.0,7.0,6.0,-0.10000000000000853,0
113.5,113.5,0.8571428571428571,0.843545265518795,0.10952582103470827,0.12414964339553342,0.013597591624062044,7.0,7.0,6.0,-0.10000000000000853,0
113.5,113.5,0.8571428571428571,0.843545265518795,0.10952582103470827,0.12414964339553342,0.013597591624062044,7.0,7.0,6.0,-0.09999999999999432,0
113.5,113.5,0.8571428571428571,0.843545265518795,0.10952582103470827,0.12414964339553342,0.013597591624062044,7.0,7.0,6.0,-0.6999999999999886,0
114.5,114.5,0.7692307692307693,0.7314096597846598,0.11324061809778103,0.3339888997554899,0.0378211094461095,7.0,6.0,5.0,0.29999999999999716,0
114.5,114.5,0.7692307692307693,0.7314096597846598,0.11324061809778103,0.3339888997554899,0.0378211094461095,7.0,6.0,5.0,-0.10000000000000853,0
114.5,114.5,0.7692307692307693,0.7314096597846598,0.11324061809778103,0.3339888997554899,0.0378211094461095,7.0,6.0,5.0,-0.10000000000000853,0
114.5,114.5,0.7692307692307693,0.7314096597846598,0.11324061809778103,0.3339888997554899,0.0378211094461095,7.0,6.0,5.0,-0.09999999999999432,0
114.5,114.5,0.7692307692307693,0.7314096597846598,0.11324061809778103,0.3339888997554899,0.0378211094461095,7.0,6.0,5.0,-0.6999999999999886,0
115.5,115.5,0.7692307692307693,0.7400464701964702,0.1058237468716354,0.2757821367797509,0.029184299034299088,8.0,5.0,5.0,-0.10000000000000853,0
115.5,115.5,0.7692307692307693,0.7400464701964702,0.1058237468716354,0.2757821367797509,0.029184299034299088,8.0,5.0,5.0,-0.10000000000000853,0
115.5,115.5,0.7692307692307693,0.7400464701964702,0.1058237468716354,0.2757821367797509,0.029184299034299088,8.0,5.0,5.0,-0.09999999999999432,0
115.5,115.5,0.7692307692307693,0.7400464701964702,0.1058237468716354,0.2757821367797509,0.029184299034299088,8.0,5.0,5.0,-0.6999999999999886,0
115.5,115.5,0.7692307692307693,0.7400464701964702,0.1058237468716354,0.2757821367797509,0.029184299034299088,8.0,5.0,5.0,-0.8000000000000114,0
116.5,116.5,0.6,0.6078570651570651,0.10608696566520602,-0.0740624930480221,-0.00785706515706508,7.0,3.0,3.0,-0.09999999999999432,0
116.5,116.5,0.6,0.6078570651570651,0.10608696566520602,-0.0740624930480221,-0.00785706515706508,7.0,3.0,3.0,-0.6999999999999886,0
116.5,116.5,0.6,0.6078570651570651,0.10608696566520602,-0.0740624930480221,-0.00785706515706508,7.0,3.0,3.0,-0.8000000000000114,0
117.5,117.5,0.6666666666666666,0.61565337995338,0.09766374148066799,0.5223359861078479,0.05101328671328664,6.0,3.0,3.0,-0.19999999999998863,0
117.5,117.5,0.6666666666666666,0.61565337995338,0.09766374148066799,0.5223359861078479,0.05101328671328664,6.0,3.0,3.0,-0.8000000000000114,0
117.5,117.5,0.6666666666666666,0.61565337995338,0.09766374148066799,0.5223359861078479,0.05101328671328664,6.0,3.0,3.0,-1.0,0
118.5,118.5,0.6,0.6163085303585303,0.10376855043644367,-0.15716255348983582,-0.016308530358530304,7.0,3.0,3.0,-0.8000000000000114,0
118.5,118.5,0.6,0.6163085303585303,0.10376855043644367,-0.15716255348983582,-0.016308530358530304,7.0,3.0,3.0,-1.0,0
118.5,118.5,0.6,0.6163085303585303,0.10376855043644367,-0.15716255348983582,-0.016308530358530304,7.0,3.0,3.0,-0.9000000000000057,0
119.5,119.5,0.7272727272727273,0.7358515318015318,0.11222647089504038,-0.07644189878186461,-0.008578804528804551,7.0,4.0,4.0,-0.10000000000000853,0
119.5,119.5,0.7272727272727273,0.7358515318015318,0.11222647089504038,-0.07644189878186461,-0.008578804528804551,7.0,4.0,4.0,-1.0,0
119.5,119.5,0.7272727272727273,0.7358515318015318,0.11222647089504038,-0.07644189878186461,-0.008578804528804551,7.0,4.0,4.0,-0.9000000000000057,0
119.5,119.5,0.7272727272727273,0.7358515318015318,0.11222647089504038,-0.07644189878186461,-0.008578804528804551,7.0,4.0,4.0,-0.6000000000000085,0
120.5,120.5,0.9090909090909091,0.7998353257853258,0.10295624450381514,1.0611846210215514,0.10925558330558327,6.0,5.0,5.0,-1.0,0
120.5,120.5,0.9090909090909091,0.7998353257853258,0.10295624450381514,1.0611846210215514,0.10925558330558327,6.0,5.0,5.0,-0.9000000000000057,0
120.5,120.5,0.9090909090909091,0.7998353257853258,0.10295624450381514,1.0611846210215514,0.10925558330558327,6.0,5.0,5.0,-0.6000000000000085,0
120.5,120.5,0.9090909090909091,0.7998353257853258,0.10295624450381514,1.0611846210215514,0.10925558330558327,6.0,5.0,5.0,-0.29999999999999716,0
120.5,120.5,0.9090909090909091,0.7998353257853258,0.10295624450381514,1.0611846210215514,0.10925558330558327,6.0,5.0,5.0,-0.30000000000001137,0
121.5,121.5,1.0,0.864556587856588,0.09528858701007571,1.421402251762747,0.13544341214341205,6.0,6.0,6.0,0.19999999999998863,0
121.5,121.5,1.0,0.864556587856588,0.09528858701007571,1.421402251762747,0.13544341214341205,6.0,6.0,6.0,-0.20000000000000284,0
121.5,121.5,1.0,0.864556587856588,0.09528858701007571,1.421402251762747,0.13544341214341205,6.0,6.0,6.0,-0.6000000000000085,0
121.5,121.5,1.0,0.864556587856588,0.09528858701007571,1.421402251762747,0.13544341214341205,6.0,6.0,6.0,-0.29999999999999716,0
121.5,121.5,1.0,0.864556587856588,0.09528858701007571,1.421402251762747,0.13544341214341205,6.0,6.0,6.0,-0.30000000000001137,0
121.5,121.5,1.0,0.864556587856588,0.09528858701007571,1.421402251762747,0.13544341214341205,6.0,6.0,6.0,-0.4000000000000057,0
122.5,122.5,0.9230769230769231,0.8519592130092131,0.09483783116231385,0.7498875627595587,0.07111771006771006,7.0,6.0,6.0,-0.20000000000000284,0
122.5,122.5,0.9230769230769231,0.8519592130092131,0.09483783116231385,0.7498875627595587,0.07111771006771006,7.0,6.0,6.0,-0.6000000000000085,0
122.5,122.5,0.9230769230769231,0.8519592130092131,0.09483783116231385,0.7498875627595587,0.07111771006771006,7.0,6.0,6.0,-0.29999999999999716,0
122.5,122.5,0.9230769230769231,0.8519592130092131,0.09483783116231385,0.7498875627595587,0.07111771006771006,7.0,6.0,6.0,-0.30000000000001137,0
122.5,122.5,0.9230769230769231,0.8519592130092131,0.09483783116231385,0.7498875627595587,0.07111771006771006,7.0,6.0,6.0,-0.4000000000000057,0
122.5,122.5,0.9230769230769231,0.8519592130092131,0.09483783116231385,0.7498875627595587,0.07111771006771006,7.0,6.0,6.0,0.0,0
123.5,123.5,0.8333333333333334,0.8787416273269216,0.09864083476514808,-0.4603397173361308,-0.045408293993588256,5.0,7.0,5.0,-0.29999999999999716,0
123.5,123.5,0.8333333333333334,0.8787416273269216,0.09864083476514808,-0.4603397173361308,-0.045408293993588256,5.0,7.0,5.0,-0.30000000000001137,0
123.5,123.5,0.8333333333333334,0.8787416273269216,0.09864083476514808,-0.4603397173361308,-0.045408293993588256,5.0,7.0,5.0,-0.4000000000000057,0
123.5,123.5,0.8333333333333334,0.8787416273269216,0.09864083476514808,-0.4603397173361308,-0.045408293993588256,5.0,7.0,5.0,0.0,0
123.5,123.5,0.8333333333333334,0.8787416273269216,0.09864083476514808,-0.4603397173361308,-0.045408293993588256,5.0,7.0,5.0,-0.09999999999999432,0
124.5,124.5,0.8571428571428571,0.8611684253654842,0.11002646697719898,-0.03658727152859816,-0.004025568222627118,6.0,8.0,6.0,-0.30000000000001137,0
124.5,124.5,0.8571428571428571,0.8611684253654842,0.11002646697719898,-0.03658727152859816,-0.004025568222627118,6.0,8.0,6.0,-0.4000000000000057,0
124.5,124.5,0.8571428571428571,0.8611684253654842,0.11002646697719898,-0.03658727152859816,-0.004025568222627118,6.0,8.0,6.0,0.0,0
124.5,124.5,0.8571428571428571,0.8611684253654842,0.11002646697719898,-0.03658727152859816,-0.004025568222627118,6.0,8.0,6.0,-0.09999999999999432,0
124.5,124.5,0.8571428571428571,0.8611684253654842,0.11002646697719898,-0.03658727152859816,-0.004025568222627118,6.0,8.0,6.0,-0.10000000000000853,0
124.5,124.5,0.8571428571428571,0.8611684253654842,0.11002646697719898,-0.03658727152859816,-0.004025568222627118,6.0,8.0,6.0,-0.10000000000000853,0
125.5,125.5,0.8571428571428571,0.8713706917265742,0.11127871351906034,-0.12785764800632884,-0.014227834583717125,7.0,7.0,6.0,-0.4000000000000057,0
125.5,125.5,0.8571428571428571,0.8713706917265742,0.11127871351906034,-0.12785764800632884,-0.014227834583717125,7.0,7.0,6.0,0.0,0
125.5,125.5,0.8571428571428571,0.8713706917265742,0.11127871351906034,-0.12785764800632884,-0.014227834583717125,7.0,7.0,6.0,-0.09999999999999432,0
125.5,125.5,0.8571428571428571,0.8713706917265742,0.11127871351906034,-0.12785764800632884,-0.014227834583717125,7.0,7.0,6.0,-0.10000000000000853,0
125.5,125.5,0.8571428571428571,0.8713706917265742,0.11127871351906034,-0.12785764800632884,-0.014227834583717125,7.0,7.0,6.0,-0.10000000000000853,0
125.5,125.5,0.8571428571428571,0.8713706917265742,0.11127871351906034,-0.12785764800632884,-0.014227834583717125,7.0,7.0,6.0,0.0,0
126.5,126.5,0.9333333333333333,0.8513063322298617,0.11229766529058251,0.7304426222149656,0.08202700110347161,7.0,8.0,7.0,0.0,0
126.5,126.5,0.9333333333333333,0.8513063322298617,0.11229766529058251,0.7304426222149656,0.08202700110347161,7.0,8.0,7.0,-0.09999999999999432,0
126.5,126.5,0.9333333333333333,0.8513063322298617,0.11229766529058251,0.7304426222149656,0.08202700110347161,7.0,8.0,7.0,-0.10000000000000853,0
126.5,126.5,0.9333333333333333,0.8513063322298617,0.11229766529058251,0.7304426222149656,0.08202700110347161,7.0,8.0,7.0,-0.10000000000000853,0
126.5,126.5,0.9333333333333333,0.8513063322298617,0.11229766529058251,0.7304426222149656,0.08202700110347161,7.0,8.0,7.0,0.0,0
126.5,126.5,0.9333333333333333,0.8513063322298617,0.11229766529058251,0.7304426222149656,0.08202700110347161,7.0,8.0,7.0,-0.09999999999999432,0
126.5,126.5,0.9333333333333333,0.8513063322298617,0.11229766529058251,0.7304426222149656,0.08202700110347161,7.0,8.0,7.0,-0.09999999999999432,0
127.5,127.5,0.9230769230769231,0.7558804161524749,0.11609023984075038,1.4402288009207673,0.1671965069244482,6.0,7.0,6.0,-0.09999999999999432,0
127.5,127.5,0.9230769230769231,0.7558804161524749,0.11609023984075038,1.4402288009207673,0.1671965069244482,6.0,7.0,6.0,-0.10000000000000853,0
127.5,127.5,0.9230769230769231,0.7558804161524749,0.11609023984075038,1.4402288009207673,0.1671965069244482,6.0,7.0,6.0,-0.10000000000000853,0
127.5,127.5,0.9230769230769231,0.7558804161524749,0.11609023984075038,1.4402288009207673,0.1671965069244482,6.0,7.0,6.0,0.0,0
127.5,127.5,0.9230769230769231,0.7558804161524749,0.11609023984075038,1.4402288009207673,0.1671965069244482,6.0,7.0,6.0,-0.09999999999999432,0
127.5,127.5,0.9230769230769231,0.7558804161524749,0.11609023984075038,1.4402288009207673,0.1671965069244482,6.0,7.0,6.0,-0.09999999999999432,0
128.5,128.5,0.8333333333333334,0.6708254745254745,0.12315290827296566,1.3195616821948197,0.1625078588078589,7.0,5.0,5.0,-0.10000000000000853,0
128.5,128.5,0.8333333333333334,0.6708254745254745,0.12315290827296566,1.3195616821948197,0.1625078588078589,7.0,5.0,5.0,-0.10000000000000853,0
128.5,128.5,0.8333333333333334,0.6708254745254745,0.12315290827296566,1.3195616821948197,0.1625078588078589,7.0,5.0,5.0,0.0,0
128.5,128.5,0.8333333333333334,0.6708254745254745,0.12315290827296566,1.3195616821948197,0.1625078588078589,7.0,5.0,5.0,-0.09999999999999432,0
128.5,128.5,0.8333333333333334,0.6708254745254745,0.12315290827296566,1.3195616821948197,0.1625078588078589,7.0,5.0,5.0,-0.09999999999999432,0
129.5,129.5,0.8,0.6771545954045954,0.11031946645109941,1.1135424104852563,0.1228454045954046,6.0,4.0,4.0,0.0,0
129.5,129.5,0.8,0.6771545954045954,0.11031946645109941,1.1135424104852563,0.1228454045954046,6.0,4.0,4.0,-0.09999999999999432,0
129.5,129.5,0.8,0.6771545954045954,0.11031946645109941,1.1135424104852563,0.1228454045954046,6.0,4.0,4.0,-0.09999999999999432,0
129.5,129.5,0.8,0.6771545954045954,0.11031946645109941,1.1135424104852563,0.1228454045954046,6.0,4.0,4.0,-0.6000000000000227,0
130.5,130.5,0.8333333333333334,0.7391552447552447,0.10425036068743791,0.9033838152411976,0.09417808857808863,7.0,5.0,5.0,-0.09999999999999432,0
130.5,130.5,0.8333333333333334,0.7391552447552447,0.10425036068743791,0.9033838152411976,0.09417808857808863,7.0,5.0,5.0,-0.09999999999999432,0
130.5,130.5,0.8333333333333334,0.7391552447552447,0.10425036068743791,0.9033838152411976,0.09417808857808863,7.0,5.0,5.0,-0.6000000000000227,0
130.5,130.5,0.8333333333333334,0.7391552447552447,0.10425036068743791,0.9033838152411976,0.09417808857808863,7.0,5.0,5.0,-1.0,0
130.5,130.5,0.8333333333333334,0.7391552447552447,0.10425036068743791,0.9033838152411976,0.09417808857808863,7.0,5.0,5.0,-0.8000000000000114,0
131.5,131.5,0.8,0.7120167166167166,0.10873293989131708,0.8091686242570673,0.08798328338328343,6.0,4.0,4.0,-0.6000000000000227,0
131.5,131.5,0.8,0.7120167166167166,0.10873293989131708,0.8091686242570673,0.08798328338328343,6.0,4.0,4.0,-1.0,0
131.5,131.5,0.8,0.7120167166167166,0.10873293989131708,0.8091686242570673,0.08798328338328343,6.0,4.0,4.0,-0.8000000000000114,0
131.5,131.5,0.8,0.7120167166167166,0.10873293989131708,0.8091686242570673,0.08798328338328343,6.0,4.0,4.0,-0.8999999999999773,0
132.5,132.5,0.9230769230769231,0.850475013875014,0.0986602605989051,0.7358779387079263,0.07260190920190912,7.0,6.0,6.0,-0.6000000000000227,0
132.5,132.5,0.9230769230769231,0.850475013875014,0.0986602605989051,0.7358779387079263,0.07260190920190912,7.0,6.0,6.0,-1.0,0
132.5,132.5,0.9230769230769231,0.850475013875014,0.0986602605989051,0.7358779387079263,0.07260190920190912,7.0,6.0,6.0,-0.8000000000000114,0
132.5,132.5,0.9230769230769231,0.850475013875014,0.0986602605989051,0.7358779387079263,0.07260190920190912,7.0,6.0,6.0,-0.8999999999999773,0
132.5,132.5,0.9230769230769231,0.850475013875014,0.0986602605989051,0.7358779387079263,0.07260190920190912,7.0,6.0,6.0,-0.799999999999983,0
132.5,132.5,0.9230769230769231,0.850475013875014,0.0986602605989051,0.7358779387079263,0.07260190920190912,7.0,6.0,6.0,-0.5,0
133.5,133.5,0.9333333333333333,0.8686956492853554,0.1085133290126338,0.5956658471002438,0.06463768404797798,7.0,8.0,7.0,-0.20000000000001705,0
133.5,133.5,0.9333333333333333,0.8686956492853554,0.1085133290126338,0.5956658471002438,0.06463768404797798,7.0,8.0,7.0,0.0,0
133.5,133.5,0.9333333333333333,0.8686956492853554,0.1085133290126338,0.5956658471002438,0.06463768404797798,7.0,8.0,7.0,-0.09999999999999432,0
133.5,133.5,0.9333333333333333,0.8686956492853554,0.1085133290126338,0.5956658471002438,0.06463768404797798,7.0,8.0,7.0,-0.29999999999998295,0
133.5,133.5,0.9333333333333333,0.8686956492853554,0.1085133290126338,0.5956658471002438,0.06463768404797798,7.0,8.0,7.0,0.20000000000001705,0
133.5,133.5,0.9333333333333333,0.8686956492853554,0.1085133290126338,0.5956658471002438,0.06463768404797798,7.0,8.0,7.0,-0.20000000000001705,0
133.5,133.5,0.9333333333333333,0.8686956492853554,0.1085133290126338,0.5956658471002438,0.06463768404797798,7.0,8.0,7.0,0.0,0
134.5,134.5,0.8571428571428571,0.8516440605146488,0.10726820362354414,0.051262130272137496,0.005498796628208291,6.0,8.0,6.0,0.0,0
134.5,134.5,0.8571428571428571,0.8516440605146488,0.10726820362354414,0.051262130272137496,0.005498796628208291,6.0,8.0,6.0,-0.09999999999999432,0
134.5,134.5,0.8571428571428571,0.8516440605146488,0.10726820362354414,0.051262130272137496,0.005498796628208291,6.0,8.0,6.0,-0.29999999999998295,0
134.5,134.5,0.8571428571428571,0.8516440605146488,0.10726820362354414,0.051262130272137496,0.005498796628208291,6.0,8.0,6.0,0.20000000000001705,0
134.5,134.5,0.8571428571428571,0.8516440605146488,0.10726820362354414,0.051262130272137496,0.005498796628208291,6.0,8.0,6.0,-0.20000000000001705,0
134.5,134.5,0.8571428571428571,0.8516440605146488,0.10726820362354414,0.051262130272137496,0.005498796628208291,6.0,8.0,6.0,0.0,0
135.5,135.5,0.8333333333333334,0.8537359957036429,0.1048010703513224,-0.19467990452687278,-0.02040266237030952,5.0,7.0,5.0,-0.29999999999998295,0
135.5,135.5,0.8333333333333334,0.8537359957036429,0.1048010703513224,-0.19467990452687278,-0.02040266237030952,5.0,7.0,5.0,0.20000000000001705,0
135.5,135.5,0.8333333333333334,0.8537359957036429,0.1048010703513224,-0.19467990452687278,-0.02040266237030952,5.0,7.0,5.0,-0.20000000000001705,0
135.5,135.5,0.8333333333333334,0.8537359957036429,0.1048010703513224,-0.19467990452687278,-0.02040266237030952,5.0,7.0,5.0,0.0,0
135.5,135.5,0.8333333333333334,0.8537359957036429,0.1048010703513224,-0.19467990452687278,-0.02040266237030952,5.0,7.0,5.0,0.19999999999998863,0
136.5,136.5,0.7692307692307693,0.8008925350792998,0.11118251807004251,-0.2847728797488138,-0.03166176584853053,6.0,7.0,5.0,0.20000000000001705,0
136.5,136.5,0.7692307692307693,0.8008925350792998,0.11118251807004251,-0.2847728797488138,-0.03166176584853053,6.0,7.0,5.0,-0.20000000000001705,0
136.5,136.5,0.7692307692307693,0.8008925350792998,0.11118251807004251,-0.2847728797488138,-0.03166176584853053,6.0,7.0,5.0,0.0,0
136.5,136.5,0.7692307692307693,0.8008925350792998,0.11118251807004251,-0.2847728797488138,-0.03166176584853053,6.0,7.0,5.0,0.19999999999998863,0
136.5,136.5,0.7692307692307693,0.8008925350792998,0.11118251807004251,-0.2847728797488138,-0.03166176584853053,6.0,7.0,5.0,0.20000000000001705,0
137.5,137.5,0.8333333333333334,0.8042417915417917,0.10795582680835583,0.2694763464985108,0.02909154179154172,6.0,6.0,5.0,-0.20000000000001705,0
137.5,137.5,0.8333333333333334,0.8042417915417917,0.10795582680835583,0.2694763464985108,0.02909154179154172,6.0,6.0,5.0,0.0,0
137.5,137.5,0.8333333333333334,0.8042417915417917,0.10795582680835583,0.2694763464985108,0.02909154179154172,6.0,6.0,5.0,0.19999999999998863,0
137.5,137.5,0.8333333333333334,0.8042417915417917,0.10795582680835583,0.2694763464985108,0.02909154179154172,6.0,6.0,5.0,0.20000000000001705,0
137.5,137.5,0.8333333333333334,0.8042417915417917,0.10795582680835583,0.2694763464985108,0.02909154179154172,6.0,6.0,5.0,-0.6999999999999886,0
138.5,138.5,0.8333333333333334,0.765792132867133,0.10834434475766444,0.6233938708778098,0.06754120046620038,6.0,6.0,5.0,0.0,0
138.5,138.5,0.8333333333333334,0.765792132867133,0.10834434475766444,0.6233938708778098,0.06754120046620038,6.0,6.0,5.0,0.19999999999998863,0
138.5,138.5,0.8333333333333334,0.765792132867133,0.10834434475766444,0.6233938708778098,0.06754120046620038,6.0,6.0,5.0,0.20000000000001705,0
138.5,138.5,0.8333333333333334,0.765792132867133,0.10834434475766444,0.6233938708778098,0.06754120046620038,6.0,6.0,5.0,-0.6999999999999886,0
138.5,138.5,0.8333333333333334,0.765792132867133,0.10834434475766444,0.6233938708778098,0.06754120046620038,6.0,6.0,5.0,-0.5999999999999943,0
139.5,139.5,1.0,0.8510011377511377,0.09497779250145098,1.5687757982644839,0.14899886224886227,6.0,6.0,6.0,0.19999999999998863,0
139.5,139.5,1.0,0.8510011377511377,0.09497779250145098,1.5687757982644839,0.14899886224886227,6.0,6.0,6.0,0.20000000000001705,0
139.5,139.5,1.0,0.8510011377511377,0.09497779250145098,1.5687757982644839,0.14899886224886227,6.0,6.0,6.0,-0.6999999999999886,0
139.5,139.5,1.0,0.8510011377511377,0.09497779250145098,1.5687757982644839,0.14899886224886227,6.0,6.0,6.0,-0.5999999999999943,0
139.5,139.5,1.0,0.8510011377511377,0.09497779250145098,1.5687757982644839,0.14899886224886227,6.0,6.0,6.0,-0.29999999999998295,0
139.5,139.5,1.0,0.8510011377511377,0.09497779250145098,1.5687757982644839,0.14899886224886227,6.0,6.0,6.0,-0.29999999999998295,0
140.5,140.5,1.0,0.8780712393815336,0.0907615356918036,1.343396844148786,0.12192876061846636,7.0,7.0,7.0,0.20000000000001705,0
140.5,140.5,1.0,0.8780712393815336,0.0907615356918036,1.343396844148786,0.12192876061846636,7.0,7.0,7.0,-0.6999999999999886,0
140.5,140.5,1.0,0.8780712393815336,0.0907615356918036,1.343396844148786,0.12192876061846636,7.0,7.0,7.0,-0.5999999999999943,0
140.5,140.5,1.0,0.8780712393815336,0.0907615356918036,1.343396844148786,0.12192876061846636,7.0,7.0,7.0,-0.29999999999998295,0
140.5,140.5,1.0,0.8780712393815336,0.0907615356918036,1.343396844148786,0.12192876061846636,7.0,7.0,7.0,-0.29999999999998295,0
140.5,140.5,1.0,0.8780712393815336,0.0907615356918036,1.343396844148786,0.12192876061846636,7.0,7.0,7.0,0.09999999999999432,0
140.5,140.5,1.0,0.8780712393815336,0.0907615356918036,1.343396844148786,0.12192876061846636,7.0,7.0,7.0,0.0,0
141.5,141.5,0.9230769230769231,0.871879193355664,0.09828601335237494,0.5209055487651643,0.05119772972125913,6.0,7.0,6.0,0.30000000000001137,0
141.5,141.5,0.9230769230769231,0.871879193355664,0.09828601335237494,0.5209055487651643,0.05119772972125913,6.0,7.0,6.0,-0.29999999999998295,0
141.5,141.5,0.9230769230769231,0.871879193355664,0.09828601335237494,0.5209055487651643,0.05119772972125913,6.0,7.0,6.0,-0.29999999999998295,0
141.5,141.5,0.9230769230769231,0.871879193355664,0.09828601335237494,0.5209055487651643,0.05119772972125913,6.0,7.0,6.0,0.09999999999999432,0
141.5,141.5,0.9230769230769231,0.871879193355664,0.09828601335237494,0.5209055487651643,0.05119772972125913,6.0,7.0,6.0,0.0,0
141.5,141.5,0.9230769230769231,0.871879193355664,0.09828601335237494,0.5209055487651643,0.05119772972125913,6.0,7.0,6.0,0.0,0
142.5,142.5,0.8571428571428571,0.8576066879199233,0.1073160673453583,-0.004322100022297407,-0.0004638307770662431,6.0,8.0,6.0,-0.29999999999998295,0
142.5,142.5,0.8571428571428571,0.8576066879199233,0.1073160673453583,-0.004322100022297407,-0.0004638307770662431,6.0,8.0,6.0,-0.29999999999998295,0
142.5,142.5,0.8571428571428571,0.8576066879199233,0.1073160673453583,-0.004322100022297407,-0.0004638307770662431,6.0,8.0,6.0,0.09999999999999432,0
142.5,142.5,0.8571428571428571,0.8576066879199233,0.1073160673453583,-0.004322100022297407,-0.0004638307770662431,6.0,8.0,6.0,0.0,0
142.5,142.5,0.8571428571428571,0.8576066879199233,0.1073160673453583,-0.004322100022297407,-0.0004638307770662431,6.0,8.0,6.0,0.0,0
142.5,142.5,0.8571428571428571,0.8576066879199233,0.1073160673453583,-0.004322100022297407,-0.0004638307770662431,6.0,8.0,6.0,0.20000000000001705,0
143.5,143.5,0.8571428571428571,0.8280440007704715,0.10811813198962769,0.26913946658990767,0.02909885637238563,6.0,8.0,6.0,-0.29999999999998295,0
143.5,143.5,0.8571428571428571,0.8280440007704715,0.10811813198962769,0.26913946658990767,0.02909885637238563,6.0,8.0,6.0,0.09999999999999432,0
143.5,143.5,0.8571428571428571,0.8280440007704715,0.10811813198962769,0.26913946658990767,0.02909885637238563,6.0,8.0,6.0,0.0,0
143.5,143.5,0.8571428571428571,0.8280440007704715,0.10811813198962769,0.26913946658990767,0.02909885637238563,6.0,8.0,6.0,0.0,0
143.5,143.5,0.8571428571428571,0.8280440007704715,0.10811813198962769,0.26913946658990767,0.02909885637238563,6.0,8.0,6.0,0.20000000000001705,0
143.5,143.5,0.8571428571428571,0.8280440007704715,0.10811813198962769,0.26913946658990767,0.02909885637238563,6.0,8.0,6.0,-0.19999999999998863,0
144.5,144.5,0.8333333333333334,0.7799891996891998,0.11168054105722919,0.47764931239720726,0.053344133644133596,6.0,6.0,5.0,0.09999999999999432,0
144.5,144.5,0.8333333333333334,0.7799891996891998,0.11168054105722919,0.47764931239720726,0.053344133644133596,6.0,6.0,5.0,0.0,0
144.5,144.5,0.8333333333333334,0.7799891996891998,0.11168054105722919,0.47764931239720726,0.053344133644133596,6.0,6.0,5.0,0.0,0
144.5,144.5,0.8333333333333334,0.7799891996891998,0.11168054105722919,0.47764931239720726,0.053344133644133596,6.0,6.0,5.0,0.20000000000001705,0
144.5,144.5,0.8333333333333334,0.7799891996891998,0.11168054105722919,0.47764931239720726,0.053344133644133596,6.0,6.0,5.0,-0.19999999999998863,0
145.5,145.5,0.7272727272727273,0.8458034132534132,0.10169822237616069,-1.165513842928989,-0.11853068598068595,5.0,6.0,4.0,0.0,0
145.5,145.5,0.7272727272727273,0.8458034132534132,0.10169822237616069,-1.165513842928989,-0.11853068598068595,5.0,6.0,4.0,0.20000000000001705,0
145.5,145.5,0.7272727272727273,0.8458034132534132,0.10169822237616069,-1.165513842928989,-0.11853068598068595,5.0,6.0,4.0,-0.19999999999998863,0
145.5,145.5,0.7272727272727273,0.8458034132534132,0.10169822237616069,-1.165513842928989,-0.11853068598068595,5.0,6.0,4.0,0.19999999999998863,0
146.5,146.5,0.7272727272727273,0.8383002497502499,0.10051187536164657,-1.1046209423318407,-0.11102752247752257,5.0,6.0,4.0,0.20000000000001705,0
146.5,146.5,0.7272727272727273,0.8383002497502499,0.10051187536164657,-1.1046209423318407,-0.11102752247752257,5.0,6.0,4.0,-0.19999999999998863,0
146.5,146.5,0.7272727272727273,0.8383002497502499,0.10051187536164657,-1.1046209423318407,-0.11102752247752257,5.0,6.0,4.0,0.19999999999998863,0
146.5,146.5,0.7272727272727273,0.8383002497502499,0.10051187536164657,-1.1046209423318407,-0.11102752247752257,5.0,6.0,4.0,-0.19999999999998863,0
147.5,147.5,0.7272727272727273,0.8501338106338108,0.09619054252703471,-1.2772678075555393,-0.12286108336108348,5.0,6.0,4.0,-0.19999999999998863,0
147.5,147.5,0.7272727272727273,0.8501338106338108,0.09619054252703471,-1.2772678075555393,-0.12286108336108348,5.0,6.0,4.0,0.19999999999998863,0
147.5,147.5,0.7272727272727273,0.8501338106338108,0.09619054252703471,-1.2772678075555393,-0.12286108336108348,5.0,6.0,4.0,-0.19999999999998863,0
147.5,147.5,0.7272727272727273,0.8501338106338108,0.09619054252703471,-1.2772678075555393,-0.12286108336108348,5.0,6.0,4.0,-0.19999999999998863,0
148.5,148.5,0.7272727272727273,0.856901270951271,0.09867694536091881,-1.3136659551470402,-0.1296285436785437,5.0,6.0,4.0,0.19999999999998863,0
148.5,148.5,0.7272727272727273,0.856901270951271,0.09867694536091881,-1.3136659551470402,-0.1296285436785437,5.0,6.0,4.0,-0.19999999999998863,0
148.5,148.5,0.7272727272727273,0.856901270951271,0.09867694536091881,-1.3136659551470402,-0.1296285436785437,5.0,6.0,4.0,-0.19999999999998863,0
148.5,148.5,0.7272727272727273,0.856901270951271,0.09867694536091881,-1.3136659551470402,-0.1296285436785437,5.0,6.0,4.0,-0.09999999999999432,0
149.5,149.5,0.7692307692307693,0.8636387470372765,0.10848550737842311,-0.8702358507407802,-0.09440797780650723,5.0,8.0,5.0,0.19999999999998863,0
149.5,149.5,0.7692307692307693,0.8636387470372765,0.10848550737842311,-0.8702358507407802,-0.09440797780650723,5.0,8.0,5.0,-0.19999999999998863,0
149.5,149.5,0.7692307692307693,0.8636387470372765,0.10848550737842311,-0.8702358507407802,-0.09440797780650723,5.0,8.0,5.0,-0.19999999999998863,0
149.5,149.5,0.7692307692307693,0.8636387470372765,0.10848550737842311,-0.8702358507407802,-0.09440797780650723,5.0,8.0,5.0,-0.09999999999999432,0
149.5,149.5,0.7692307692307693,0.8636387470372765,0.10848550737842311,-0.8702358507407802,-0.09440797780650723,5.0,8.0,5.0,-0.09999999999999432,0
150.5,150.5,0.7272727272727273,0.793591878056584,0.10239841758152597,-0.6476579653299408,-0.06631915078385675,4.0,7.0,4.0,-0.19999999999998863,0
150.5,150.5,0.7272727272727273,0.793591878056584,0.10239841758152597,-0.6476579653299408,-0.06631915078385675,4.0,7.0,4.0,-0.19999999999998863,0
150.5,150.5,0.7272727272727273,0.793591878056584,0.10239841758152597,-0.6476579653299408,-0.06631915078385675,4.0,7.0,4.0,-0.09999999999999432,0
150.5,150.5,0.7272727272727273,0.793591878056584,0.10239841758152597,-0.6476579653299408,-0.06631915078385675,4.0,7.0,4.0,-0.09999999999999432,0
151.5,151.5,0.7272727272727273,0.8059400488400489,0.10695133217330152,-0.7355431668663167,-0.07866732156732159,5.0,6.0,4.0,-0.19999999999998863,0
151.5,151.5,0.7272727272727273,0.8059400488400489,0.10695133217330152,-0.7355431668663167,-0.07866732156732159,5.0,6.0,4.0,-0.09999999999999432,0
151.5,151.5,0.7272727272727273,0.8059400488400489,0.10695133217330152,-0.7355431668663167,-0.07866732156732159,5.0,6.0,4.0,-0.09999999999999432,0
151.5,151.5,0.7272727272727273,0.8059400488400489,0.10695133217330152,-0.7355431668663167,-0.07866732156732159,5.0,6.0,4.0,-0.20000000000001705,0
152.5,152.5,0.8333333333333334,0.8208971412574356,0.1030071864605993,0.1207313052925161,0.012436192075897745,5.0,7.0,5.0,-0.09999999999999432,0
152.5,152.5,0.8333333333333334,0.8208971412574356,0.1030071864605993,0.1207313052925161,0.012436192075897745,5.0,7.0,5.0,-0.09999999999999432,0
152.5,152.5,0.8333333333333334,0.8208971412574356,0.1030071864605993,0.1207313052925161,0.012436192075897745,5.0,7.0,5.0,-0.20000000000001705,0
152.5,152.5,0.8333333333333334,0.8208971412574356,0.1030071864605993,0.1207313052925161,0.012436192075897745,5.0,7.0,5.0,-0.30000000000001137,0
152.5,152.5,0.8333333333333334,0.8208971412574356,0.1030071864605993,0.1207313052925161,0.012436192075897745,5.0,7.0,5.0,0.09999999999999432,0
153.5,153.5,0.8,0.8478734543234544,0.10418393195427228,-0.45950899937685835,-0.047873454323454356,4.0,6.0,4.0,-0.09999999999999432,0
153.5,153.5,0.8,0.8478734543234544,0.10418393195427228,-0.45950899937685835,-0.047873454323454356,4.0,6.0,4.0,-0.20000000000001705,0
153.5,153.5,0.8,0.8478734543234544,0.10418393195427228,-0.45950899937685835,-0.047873454323454356,4.0,6.0,4.0,-0.30000000000001137,0
153.5,153.5,0.8,0.8478734543234544,0.10418393195427228,-0.45950899937685835,-0.047873454323454356,4.0,6.0,4.0,0.09999999999999432,0
154.5,154.5,0.6,0.8771711398079046,0.09828687366820647,-2.820021936434459,-0.27717113980790464,3.0,7.0,3.0,-0.20000000000001705,0
154.5,154.5,0.6,0.8771711398079046,0.09828687366820647,-2.820021936434459,-0.27717113980790464,3.0,7.0,3.0,-0.30000000000001137,0
154.5,154.5,0.6,0.8771711398079046,0.09828687366820647,-2.820021936434459,-0.27717113980790464,3.0,7.0,3.0,0.09999999999999432,0
155.5,155.5,0.6,0.8683788595391537,0.10496924208143035,-2.556738090296562,-0.26837885953915375,3.0,7.0,3.0,-0.20000000000001705,0
155.5,155.5,0.6,0.8683788595391537,0.10496924208143035,-2.556738090296562,-0.26837885953915375,3.0,7.0,3.0,-0.30000000000001137,0
155.5,155.5,0.6,0.8683788595391537,0.10496924208143035,-2.556738090296562,-0.26837885953915375,3.0,7.0,3.0,0.09999999999999432,0
156.5,156.5,0.4,0.8590015701618644,0.10793926896302213,-4.252405770129028,-0.4590015701618644,2.0,8.0,2.0,-0.30000000000001137,0
156.5,156.5,0.4,0.8590015701618644,0.10793926896302213,-4.252405770129028,-0.4590015701618644,2.0,8.0,2.0,0.09999999999999432,0
157.5,157.5,0.4444444444444444,0.8757180582489407,0.1003912152504896,-4.295929805495536,-0.43127361380449625,2.0,7.0,2.0,-0.5,0
157.5,157.5,0.4444444444444444,0.8757180582489407,0.1003912152504896,-4.295929805495536,-0.43127361380449625,2.0,7.0,2.0,-0.09999999999999432,0
158.5,158.5,0.4,0.84630469693705,0.10118437810083285,-4.410806344950758,-0.44630469693705,3.0,7.0,2.0,-0.09999999999999432,0
158.5,158.5,0.4,0.84630469693705,0.10118437810083285,-4.410806344950758,-0.44630469693705,3.0,7.0,2.0,-0.6000000000000227,0
159.5,159.5,0.6,0.8507774003774005,0.10005482554604607,-2.506399856366654,-0.2507774003774005,4.0,6.0,3.0,-0.09999999999999432,0
159.5,159.5,0.6,0.8507774003774005,0.10005482554604607,-2.506399856366654,-0.2507774003774005,4.0,6.0,3.0,-0.6000000000000227,0
159.5,159.5,0.6,0.8507774003774005,0.10005482554604607,-2.506399856366654,-0.2507774003774005,4.0,6.0,3.0,-0.5999999999999943,0
160.5,160.5,0.5454545454545454,0.7546705794205795,0.10634770630204267,-1.967282993126628,-0.20921603396603405,6.0,5.0,3.0,-0.09999999999999432,0
160.5,160.5,0.5454545454545454,0.7546705794205795,0.10634770630204267,-1.967282993126628,-0.20921603396603405,6.0,5.0,3.0,-0.6000000000000227,0
160.5,160.5,0.5454545454545454,0.7546705794205795,0.10634770630204267,-1.967282993126628,-0.20921603396603405,6.0,5.0,3.0,-0.5999999999999943,0
161.5,161.5,0.5454545454545454,0.6100477855477855,0.10676503343168388,-0.6050036984681093,-0.06459324009324008,8.0,3.0,3.0,-0.09999999999999432,0
161.5,161.5,0.5454545454545454,0.6100477855477855,0.10676503343168388,-0.6050036984681093,-0.06459324009324008,8.0,3.0,3.0,-0.6000000000000227,0
161.5,161.5,0.5454545454545454,0.6100477855477855,0.10676503343168388,-0.6050036984681093,-0.06459324009324008,8.0,3.0,3.0,-0.5999999999999943,0
162.5,162.5,0.6666666666666666,0.7247838605838606,0.09811115815393981,-0.5923606958752444,-0.05811719391719394,8.0,4.0,4.0,-0.6000000000000227,0
162.5,162.5,0.6666666666666666,0.7247838605838606,0.09811115815393981,-0.5923606958752444,-0.05811719391719394,8.0,4.0,4.0,-0.5999999999999943,0
162.5,162.5,0.6666666666666666,0.7247838605838606,0.09811115815393981,-0.5923606958752444,-0.05811719391719394,8.0,4.0,4.0,-0.6999999999999886,0
162.5,162.5,0.6666666666666666,0.7247838605838606,0.09811115815393981,-0.5923606958752444,-0.05811719391719394,8.0,4.0,4.0,-0.8000000000000114,0
163.5,163.5,0.6666666666666666,0.7210220945720947,0.10339063421551008,-0.5257287404981787,-0.05435542790542802,8.0,4.0,4.0,-0.5999999999999943,0
163.5,163.5,0.6666666666666666,0.7210220945720947,0.10339063421551008,-0.5257287404981787,-0.05435542790542802,8.0,4.0,4.0,-0.6999999999999886,0
163.5,163.5,0.6666666666666666,0.7210220945720947,0.10339063421551008,-0.5257287404981787,-0.05435542790542802,8.0,4.0,4.0,-0.8000000000000114,0
163.5,163.5,0.6666666666666666,0.7210220945720947,0.10339063421551008,-0.5257287404981787,-0.05435542790542802,8.0,4.0,4.0,-0.700000000000017,0
164.5,164.5,0.7692307692307693,0.8127383394383394,0.1053918986943323,-0.412817026228505,-0.04350757020757012,8.0,5.0,5.0,0.09999999999999432,0
164.5,164.5,0.7692307692307693,0.8127383394383394,0.1053918986943323,-0.412817026228505,-0.04350757020757012,8.0,5.0,5.0,-0.6999999999999886,0
164.5,164.5,0.7692307692307693,0.8127383394383394,0.1053918986943323,-0.412817026228505,-0.04350757020757012,8.0,5.0,5.0,-0.8000000000000114,0
164.5,164.5,0.7692307692307693,0.8127383394383394,0.1053918986943323,-0.412817026228505,-0.04350757020757012,8.0,5.0,5.0,-0.700000000000017,0
164.5,164.5,0.7692307692307693,0.8127383394383394,0.1053918986943323,-0.412817026228505,-0.04350757020757012,8.0,5.0,5.0,-1.0,0
165.5,165.5,0.8333333333333334,0.8224060273060273,0.10354175489826943,0.1055352600314939,0.010927306027306072,7.0,5.0,5.0,-0.6999999999999886,0
165.5,165.5,0.8333333333333334,0.8224060273060273,0.10354175489826943,0.1055352600314939,0.010927306027306072,7.0,5.0,5.0,-0.8000000000000114,0
165.5,165.5,0.8333333333333334,0.8224060273060273,0.10354175489826943,0.1055352600314939,0.010927306027306072,7.0,5.0,5.0,-0.700000000000017,0
165.5,165.5,0.8333333333333334,0.8224060273060273,0.10354175489826943,0.1055352600314939,0.010927306027306072,7.0,5.0,5.0,-1.0,0
165.5,165.5,0.8333333333333334,0.8224060273060273,0.10354175489826943,0.1055352600314939,0.010927306027306072,7.0,5.0,5.0,-0.29999999999998295,0
166.5,166.5,0.9230769230769231,0.8332164835164836,0.10102129740032514,0.8895197534866576,0.08986043956043954,7.0,6.0,6.0,-0.19999999999998863,0
166.5,166.5,0.9230769230769231,0.8332164835164836,0.10102129740032514,0.8895197534866576,0.08986043956043954,7.0,6.0,6.0,-0.20000000000001705,0
166.5,166.5,0.9230769230769231,0.8332164835164836,0.10102129740032514,0.8895197534866576,0.08986043956043954,7.0,6.0,6.0,-0.700000000000017,0
166.5,166.5,0.9230769230769231,0.8332164835164836,0.10102129740032514,0.8895197534866576,0.08986043956043954,7.0,6.0,6.0,-1.0,0
166.5,166.5,0.9230769230769231,0.8332164835164836,0.10102129740032514,0.8895197534866576,0.08986043956043954,7.0,6.0,6.0,-0.29999999999998295,0
166.5,166.5,0.9230769230769231,0.8332164835164836,0.10102129740032514,0.8895197534866576,0.08986043956043954,7.0,6.0,6.0,0.29999999999998295,0
167.5,167.5,0.8333333333333334,0.8730423964923966,0.09102687612055008,-0.4362344930575789,-0.039709063159063196,6.0,6.0,5.0,-0.700000000000017,0
167.5,167.5,0.8333333333333334,0.8730423964923966,0.09102687612055008,-0.4362344930575789,-0.039709063159063196,6.0,6.0,5.0,-1.0,0
167.5,167.5,0.8333333333333334,0.8730423964923966,0.09102687612055008,-0.4362344930575789,-0.039709063159063196,6.0,6.0,5.0,-0.29999999999998295,0
167.5,167.5,0.8333333333333334,0.8730423964923966,0.09102687612055008,-0.4362344930575789,-0.039709063159063196,6.0,6.0,5.0,0.29999999999998295,0
167.5,167.5,0.8333333333333334,0.8730423964923966,0.09102687612055008,-0.4362344930575789,-0.039709063159063196,6.0,6.0,5.0,0.4000000000000057,0
168.5,168.5,0.7272727272727273,0.8818571053129878,0.09695681051576005,-1.5943632759571154,-0.15458437804026048,4.0,7.0,4.0,-0.30000000000001137,0
168.5,168.5,0.7272727272727273,0.8818571053129878,0.09695681051576005,-1.5943632759571154,-0.15458437804026048,4.0,7.0,4.0,-0.29999999999998295,0
168.5,168.5,0.7272727272727273,0.8818571053129878,0.09695681051576005,-1.5943632759571154,-0.15458437804026048,4.0,7.0,4.0,0.29999999999998295,0
168.5,168.5,0.7272727272727273,0.8818571053129878,0.09695681051576005,-1.5943632759571154,-0.15458437804026048,4.0,7.0,4.0,-0.09999999999999432,0
169.5,169.5,0.6666666666666666,0.8674343217240278,0.11808499623336355,-1.7001961422821013,-0.20076765505736116,4.0,8.0,4.0,-0.29999999999998295,0
169.5,169.5,0.6666666666666666,0.8674343217240278,0.11808499623336355,-1.7001961422821013,-0.20076765505736116,4.0,8.0,4.0,0.29999999999998295,0
169.5,169.5,0.6666666666666666,0.8674343217240278,0.11808499623336355,-1.7001961422821013,-0.20076765505736116,4.0,8.0,4.0,-0.09999999999999432,0
169.5,169.5,0.6666666666666666,0.8674343217240278,0.11808499623336355,-1.7001961422821013,-0.20076765505736116,4.0,8.0,4.0,0.20000000000001705,0
170.5,170.5,0.6666666666666666,0.8417158930938344,0.11151913172338249,-1.5696788857840867,-0.1750492264271678,4.0,8.0,4.0,0.29999999999998295,0
170.5,170.5,0.6666666666666666,0.8417158930938344,0.11151913172338249,-1.5696788857840867,-0.1750492264271678,4.0,8.0,4.0,-0.09999999999999432,0
170.5,170.5,0.6666666666666666,0.8417158930938344,0.11151913172338249,-1.5696788857840867,-0.1750492264271678,4.0,8.0,4.0,0.20000000000001705,0
170.5,170.5,0.6666666666666666,0.8417158930938344,0.11151913172338249,-1.5696788857840867,-0.1750492264271678,4.0,8.0,4.0,-0.29999999999998295,0
171.5,171.5,0.6153846153846154,0.799802972354443,0.11187021083108259,-1.6485028105318258,-0.18441835696982756,5.0,8.0,4.0,-0.09999999999999432,0
171.5,171.5,0.6153846153846154,0.799802972354443,0.11187021083108259,-1.6485028105318258,-0.18441835696982756,5.0,8.0,4.0,0.20000000000001705,0
171.5,171.5,0.6153846153846154,0.799802972354443,0.11187021083108259,-1.6485028105318258,-0.18441835696982756,5.0,8.0,4.0,-0.29999999999998295,0
171.5,171.5,0.6153846153846154,0.799802972354443,0.11187021083108259,-1.6485028105318258,-0.18441835696982756,5.0,8.0,4.0,-0.700000000000017,0
172.5,172.5,0.8571428571428571,0.8441504565695743,0.10880964792549225,0.11940485812599409,0.01299240057328277,6.0,8.0,6.0,-0.09999999999999432,0
172.5,172.5,0.8571428571428571,0.8441504565695743,0.10880964792549225,0.11940485812599409,0.01299240057328277,6.0,8.0,6.0,0.20000000000001705,0
172.5,172.5,0.8571428571428571,0.8441504565695743,0.10880964792549225,0.11940485812599409,0.01299240057328277,6.0,8.0,6.0,-0.29999999999998295,0
172.5,172.5,0.8571428571428571,0.8441504565695743,0.10880964792549225,0.11940485812599409,0.01299240057328277,6.0,8.0,6.0,-0.700000000000017,0
172.5,172.5,0.8571428571428571,0.8441504565695743,0.10880964792549225,0.11940485812599409,0.01299240057328277,6.0,8.0,6.0,-0.6999999999999886,0
172.5,172.5,0.8571428571428571,0.8441504565695743,0.10880964792549225,0.11940485812599409,0.01299240057328277,6.0,8.0,6.0,-0.09999999999999432,0
173.5,173.5,0.8333333333333334,0.8692335958159487,0.09743985311084692,-0.3684351046976175,-0.03590026248261535,5.0,7.0,5.0,0.20000000000001705,0
173.5,173.5,0.8333333333333334,0.8692335958159487,0.09743985311084692,-0.3684351046976175,-0.03590026248261535,5.0,7.0,5.0,-0.29999999999998295,0
173.5,173.5,0.8333333333333334,0.8692335958159487,0.09743985311084692,-0.3684351046976175,-0.03590026248261535,5.0,7.0,5.0,-0.700000000000017,0
173.5,173.5,0.8333333333333334,0.8692335958159487,0.09743985311084692,-0.3684351046976175,-0.03590026248261535,5.0,7.0,5.0,-0.6999999999999886,0
173.5,173.5,0.8333333333333334,0.8692335958159487,0.09743985311084692,-0.3684351046976175,-0.03590026248261535,5.0,7.0,5.0,-0.09999999999999432,0
174.5,174.5,0.8571428571428571,0.8584268754121697,0.09440130501660629,-0.013601700411733676,-0.0012840182693125701,6.0,8.0,6.0,-0.29999999999998295,0
174.5,174.5,0.8571428571428571,0.8584268754121697,0.09440130501660629,-0.013601700411733676,-0.0012840182693125701,6.0,8.0,6.0,-0.700000000000017,0
174.5,174.5,0.8571428571428571,0.8584268754121697,0.09440130501660629,-0.013601700411733676,-0.0012840182693125701,6.0,8.0,6.0,-0.6999999999999886,0
174.5,174.5,0.8571428571428571,0.8584268754121697,0.09440130501660629,-0.013601700411733676,-0.0012840182693125701,6.0,8.0,6.0,-0.09999999999999432,0
174.5,174.5,0.8571428571428571,0.8584268754121697,0.09440130501660629,-0.013601700411733676,-0.0012840182693125701,6.0,8.0,6.0,-0.20000000000001705,0
174.5,174.5,0.8571428571428571,0.8584268754121697,0.09440130501660629,-0.013601700411733676,-0.0012840182693125701,6.0,8.0,6.0,0.0,0
175.5,175.5,0.9230769230769231,0.8870537284610815,0.08782848268088657,0.4101538990116361,0.03602319461584158,6.0,7.0,6.0,-0.700000000000017,0
175.5,175.5,0.9230769230769231,0.8870537284610815,0.08782848268088657,0.4101538990116361,0.03602319461584158,6.0,7.0,6.0,-0.6999999999999886,0
175.5,175.5,0.9230769230769231,0.8870537284610815,0.08782848268088657,0.4101538990116361,0.03602319461584158,6.0,7.0,6.0,-0.09999999999999432,0
175.5,175.5,0.9230769230769231,0.8870537284610815,0.08782848268088657,0.4101538990116361,0.03602319461584158,6.0,7.0,6.0,-0.20000000000001705,0
175.5,175.5,0.9230769230769231,0.8870537284610815,0.08782848268088657,0.4101538990116361,0.03602319461584158,6.0,7.0,6.0,0.0,0
175.5,175.5,0.9230769230769231,0.8870537284610815,0.08782848268088657,0.4101538990116361,0.03602319461584158,6.0,7.0,6.0,0.0,0
176.5,176.5,0.8571428571428571,0.8557862570436101,0.11066354408738438,0.01225878052645557,0.001356600099246985,6.0,8.0,6.0,-0.09999999999999432,0
176.5,176.5,0.8571428571428571,0.8557862570436101,0.11066354408738438,0.01225878052645557,0.001356600099246985,6.0,8.0,6.0,-0.20000000000001705,0
176.5,176.5,0.8571428571428571,0.8557862570436101,0.11066354408738438,0.01225878052645557,0.001356600099246985,6.0,8.0,6.0,0.0,0
176.5,176.5,0.8571428571428571,0.8557862570436101,0.11066354408738438,0.01225878052645557,0.001356600099246985,6.0,8.0,6.0,0.0,0
176.5,176.5,0.8571428571428571,0.8557862570436101,0.11066354408738438,0.01225878052645557,0.001356600099246985,6.0,8.0,6.0,0.09999999999999432,0
176.5,176.5,0.8571428571428571,0.8557862570436101,0.11066354408738438,0.01225878052645557,0.001356600099246985,6.0,8.0,6.0,0.4000000000000057,0
