t_center,z_S_t__20170706_01_02_01,z_S_t__20170706_01_02_02,z_S_t__20170706_01_02_03,z_S_t__20170706_03_04_01,z_S_t__20170706_03_04_02,z_S_t__20170706_03_04_03,z_S_t__20170706_05_06_01,z_S_t__20170706_05_06_02,z_S_t__20170706_05_06_03,z_S_t__20170706_11_12_01,z_S_t__20170706_11_12_02,z_S_t__20170706_11_12_03,z_S_t__20170710_01_02_01,z_S_t__20170710_01_02_02,z_S_t__20170710_01_02_03,z_S_t__20170710_07_08_01,z_S_t__20170710_07_08_02,z_S_t__20170710_07_08_03,z_S_t__20170714_01_02_01,z_S_t__20170714_01_02_02,z_S_t__20170714_01_02_03,z_S_t__20170714_03_04_01,z_S_t__20170714_03_04_02,z_S_t__20170714_03_04_03,z_S_t__20170714_05_06_01,z_S_t__20170714_05_06_02,z_S_t__20170714_05_06_03,z_S_t__20170714_07_08_01,z_S_t__20170714_07_08_02,z_S_t__20170714_07_08_03,S_excess__20170706_01_02_01,S_excess__20170706_01_02_02,S_excess__20170706_01_02_03,S_excess__20170706_03_04_01,S_excess__20170706_03_04_02,S_excess__20170706_03_04_03,S_excess__20170706_05_06_01,S_excess__20170706_05_06_02,S_excess__20170706_05_06_03,S_excess__20170706_11_12_01,S_excess__20170706_11_12_02,S_excess__20170706_11_12_03,S_excess__20170710_01_02_01,S_excess__20170710_01_02_02,S_excess__20170710_01_02_03,S_excess__20170710_07_08_01,S_excess__20170710_07_08_02,S_excess__20170710_07_08_03,S_excess__20170714_01_02_01,S_excess__20170714_01_02_02,S_excess__20170714_01_02_03,S_excess__20170714_03_04_01,S_excess__20170714_03_04_02,S_excess__20170714_03_04_03,S_excess__20170714_05_06_01,S_excess__20170714_05_06_02,S_excess__20170714_05_06_03,S_excess__20170714_07_08_01,S_excess__20170714_07_08_02,S_excess__20170714_07_08_03,nA__20170706_01_02_01,nA__20170706_01_02_02,nA__20170706_01_02_03,nA__20170706_03_04_01,nA__20170706_03_04_02,nA__20170706_03_04_03,nA__20170706_05_06_01,nA__20170706_05_06_02,nA__20170706_05_06_03,nA__20170706_11_12_01,nA__20170706_11_12_02,nA__20170706_11_12_03,nA__20170710_01_02_01,nA__20170710_01_02_02,nA__20170710_01_02_03,nA__20170710_07_08_01,nA__20170710_07_08_02,nA__20170710_07_08_03,nA__20170714_01_02_01,nA__20170714_01_02_02,nA__20170714_01_02_03,nA__20170714_03_04_01,nA__20170714_03_04_02,nA__20170714_03_04_03,nA__20170714_05_06_01,nA__20170714_05_06_02,nA__20170714_05_06_03,nA__20170714_07_08_01,nA__20170714_07_08_02,nA__20170714_07_08_03,nB__20170706_01_02_01,nB__20170706_01_02_02,nB__20170706_01_02_03,nB__20170706_03_04_01,nB__20170706_03_04_02,nB__20170706_03_04_03,nB__20170706_05_06_01,nB__20170706_05_06_02,nB__20170706_05_06_03,nB__20170706_11_12_01,nB__20170706_11_12_02,nB__20170706_11_12_03,nB__20170710_01_02_01,nB__20170710_01_02_02,nB__20170710_01_02_03,nB__20170710_07_08_01,nB__20170710_07_08_02,nB__20170710_07_08_03,nB__20170714_01_02_01,nB__20170714_01_02_02,nB__20170714_01_02_03,nB__20170714_03_04_01,nB__20170714_03_04_02,nB__20170714_03_04_03,nB__20170714_05_06_01,nB__20170714_05_06_02,nB__20170714_05_06_03,nB__20170714_07_08_01,nB__20170714_07_08_02,nB__20170714_07_08_03,nM__20170706_01_02_01,nM__20170706_01_02_02,nM__20170706_01_02_03,nM__20170706_03_04_01,nM__20170706_03_04_02,nM__20170706_03_04_03,nM__20170706_05_06_01,nM__20170706_05_06_02,nM__20170706_05_06_03,nM__20170706_11_12_01,nM__20170706_11_12_02,nM__20170706_11_12_03,nM__20170710_01_02_01,nM__20170710_01_02_02,nM__20170710_01_02_03,nM__20170710_07_08_01,nM__20170710_07_08_02,nM__20170710_07_08_03,nM__20170714_01_02_01,nM__20170714_01_02_02,nM__20170714_01_02_03,nM__20170714_03_04_01,nM__20170714_03_04_02,nM__20170714_03_04_03,nM__20170714_05_06_01,nM__20170714_05_06_02,nM__20170714_05_06_03,nM__20170714_07_08_01,nM__20170714_07_08_02,nM__20170714_07_08_03,episode__20170706_01_02_01,episode__20170706_01_02_02,episode__20170706_01_02_03,episode__20170706_03_04_01,episode__20170706_03_04_02,episode__20170706_03_04_03,episode__20170706_05_06_01,episode__20170706_05_06_02,episode__20170706_05_06_03,episode__20170706_11_12_01,episode__20170706_11_12_02,episode__20170706_11_12_03,episode__20170710_01_02_01,episode__20170710_01_02_02,episode__20170710_01_02_03,episode__20170710_07_08_01,episode__20170710_07_08_02,episode__20170710_07_08_03,episode__20170714_01_02_01,episode__20170714_01_02_02,episode__20170714_01_02_03,episode__20170714_03_04_01,episode__20170714_03_04_02,episode__20170714_03_04_03,episode__20170714_05_06_01,episode__20170714_05_06_02,episode__20170714_05_06_03,episode__20170714_07_08_01,episode__20170714_07_08_02,episode__20170714_07_08_03
6.5,,,,,,,,,1.019952173220302,,,,,,,,,,,,,0.1770836411248808,,,,,,,,,,,,,,,,,0.1243362926203482,,,,,,,,,,,,,0.0231719176248588,,,,,,,,,,,,,,,,,10.0,,,,,,,,,,,,,6.0,,,,,,,,,,,,,,,,,8.0,,,,,,,,,,,,,9.0,,,,,,,,,,,,,,,,,8.0,,,,,,,,,,,,,6.0,,,,,,,,,,,,,,,,,0,,,,,,,,,,,,,0,,,,,,,,
7.5,-0.5553625549136684,0.4853323865073431,0.4218616808457229,,,,-0.8886125918073194,-0.1953968221055278,0.4943226633095947,,,,0.0818893457585301,,,,,,0.8518045530312671,,,0.6862797180146976,,,,-0.3810009471720389,-2.7544800750010157,1.0372101799607187,,-1.108192254899064,-0.0380776223776224,0.0315812199238668,0.0346582837097542,,,,-0.1141794705294705,-0.0207998643513351,0.0585624917566094,,,,0.0117237652096784,,,,,,0.1185338427138736,,,0.0901419413919414,,,,-0.028806005106005,-0.2125853793265558,0.1712299633373162,,-0.0971078588078587,8.0,9.0,8.0,,,,9.0,9.0,10.0,,,,8.0,,,,,,9.0,,,7.0,,,,8.0,7.0,7.0,,7.0,5.0,8.0,8.0,,,,4.0,8.0,6.0,,,,9.0,,,,,,10.0,,,9.0,,,,4.0,6.0,8.0,,6.0,5.0,8.0,7.0,,,,4.0,7.0,6.0,,,,7.0,,,,,,9.0,,,7.0,,,,4.0,4.0,7.0,,5.0,0.0,0.0,0.0,,,,0.0,0.0,0,,,,0.0,,,,,,0.0,,,0,,,,0.0,0.0,0.0,,0.0
8.5,-0.5902031212446611,-0.9335307121471376,1.4131536539897205,-0.1965551412730874,0.2830502181986687,,-0.9161600519043602,-0.4105510890445534,-0.4640243246506623,,0.7750070199359784,,0.412236824870512,-0.0734175048161629,0.2378791215351056,,,,0.8148598774287317,,0.4488783305779126,0.5490988385340497,1.0712392871818763,1.1968631136425538,-2.2749763476975033,-0.5938692143705679,-1.0598457774973034,0.419979453490385,,-0.7316674187566165,-0.0385370629370629,-0.05110987933635,0.1124771419756711,-0.0168310467310468,0.0262509554429057,,-0.1155921134421132,-0.0418956553250673,-0.0481755945035358,,0.1541430846930845,,0.0573472937107611,-0.0069196359282274,0.0243913783584834,,,,0.1162167003103534,,0.0603652322393808,0.0675863815922639,0.1250498898160662,0.1414393273393273,-0.2388895881895881,-0.0462052558552558,-0.0922963751934341,0.0673897240014888,,-0.074549309024309,8.0,9.0,8.0,8.0,7.0,,9.0,9.0,8.0,,6.0,,8.0,10.0,9.0,,,,9.0,,9.0,8.0,8.0,7.0,6.0,8.0,8.0,6.0,,8.0,5.0,7.0,8.0,6.0,10.0,,4.0,8.0,6.0,,5.0,,8.0,7.0,9.0,,,,10.0,,9.0,9.0,9.0,6.0,6.0,3.0,6.0,9.0,,7.0,5.0,7.0,8.0,6.0,7.0,,4.0,7.0,5.0,,5.0,,7.0,7.0,8.0,,,,9.0,,8.0,7.0,8.0,6.0,3.0,3.0,5.0,6.0,,6.0,0.0,0.0,0.0,0.0,0.0,,0.0,0.0,0,,0.0,,0.0,0.0,0.0,,,,0.0,,0.0,0,0.0,0.0,0.0,0.0,0.0,0.0,,0.0
9.5,-1.3979399561977983,0.4338510624332785,1.1760626111899308,-0.0054529606194738,0.295205881346021,1.0397465145914695,-1.0377448365792277,-0.5522995475179099,-0.5885607052915113,0.9279185307272348,0.7922537588998335,-0.1383710190416034,0.7837971420166535,0.4872471509022926,0.683619798893126,,1.2278692295653044,,0.8272958766141798,0.5444722241427887,0.7269001585150787,0.8835361426180305,1.225017234902058,1.5545766795229814,-1.276871360202412,0.3252798119040387,-0.6677936447561036,0.7352451614012171,0.1017771712652783,0.2831050916105895,-0.0958670995670996,0.0294704486689779,0.0831902401520047,-0.0004931429681431,0.0275243765522402,0.0923334009042213,-0.1197555777555776,-0.0560809089603208,-0.0473184482184483,0.1253895354645353,0.1804256687756688,-0.0233733544233544,0.1006071032768401,0.0469549625984608,0.0705227139991071,,0.2863164199405684,,0.1172646746957891,0.085208913025399,0.0997425063842246,0.1046098700319286,0.1415577489503958,0.1478324619824619,-0.1463296536796535,0.0297161671661672,-0.0534598512598513,0.1132732006555535,0.010894265538383,0.0297987928737927,9.0,8.0,7.0,9.0,7.0,8.0,9.0,9.0,6.0,6.0,6.0,6.0,9.0,10.0,10.0,,8.0,,9.0,10.0,8.0,8.0,8.0,6.0,8.0,7.0,9.0,8.0,6.0,9.0,5.0,7.0,7.0,7.0,10.0,10.0,4.0,7.0,5.0,8.0,7.0,7.0,8.0,8.0,9.0,,8.0,,10.0,8.0,9.0,8.0,9.0,6.0,4.0,3.0,5.0,8.0,8.0,7.0,5.0,7.0,7.0,7.0,7.0,8.0,4.0,6.0,4.0,6.0,6.0,5.0,8.0,8.0,9.0,,7.0,,9.0,8.0,8.0,7.0,8.0,6.0,3.0,3.0,5.0,7.0,6.0,7.0,0.0,0.0,0.0,0.0,0.0,0.0,0.0,0.0,0,0.0,0.0,0.0,0.0,0.0,0.0,,0.0,,0.0,0.0,0.0,0,0.0,0.0,0.0,0.0,0.0,0.0,0.0,0.0
10.5,-0.5411058028891716,0.4703880071305907,-0.3002827233034308,-0.3218288656749826,1.1069240967380185,1.7469705598815155,-0.8717074041474389,0.0945289565846173,-1.6791334881386284,0.5522194389109998,0.8784822812148497,1.118658703826381,0.6402308380138633,0.4044711138442879,0.2794295639412021,,1.298170224440162,,0.8998591555831044,0.2417547220712381,1.213146250114437,0.5808725071349785,0.5061527879786235,1.2014145251157486,0.5492218191710505,1.0358454964740795,-0.6718850148083452,0.9782823441241144,0.58328867004289,0.5345483195274678,-0.0377288045288046,0.032397850678733,-0.0236445750328104,-0.0228847152847154,0.1105844932844932,0.154564124772716,-0.0973376845376845,0.0089387896417306,-0.1524310780722547,0.0715086496836495,0.2004005383505384,0.1943661005661004,0.0856439924025063,0.0418851858925388,0.0272937635463951,,0.281664799493592,,0.1225216593519999,0.0341710110151286,0.1676871656637135,0.0644910006660006,0.0602025332510627,0.1361160112763052,0.0690043290043289,0.0810142191142191,-0.0549004218004216,0.1559580933772109,0.0569140276390276,0.0520794871794871,8.0,7.0,7.0,8.0,8.0,9.0,9.0,9.0,6.0,7.0,6.0,7.0,8.0,9.0,10.0,,7.0,,10.0,10.0,9.0,7.0,7.0,7.0,8.0,6.0,9.0,7.0,6.0,8.0,5.0,8.0,7.0,6.0,9.0,10.0,5.0,7.0,6.0,8.0,7.0,7.0,8.0,6.0,8.0,,9.0,,10.0,7.0,9.0,7.0,9.0,7.0,3.0,3.0,5.0,8.0,7.0,7.0,5.0,7.0,6.0,6.0,8.0,9.0,5.0,7.0,4.0,6.0,6.0,7.0,7.0,6.0,8.0,,7.0,,9.0,7.0,9.0,6.0,7.0,7.0,3.0,3.0,5.0,7.0,6.0,7.0,0.0,0.0,0.0,0.0,0.0,1.0,0.0,0.0,0,0.0,0.0,0.0,0.0,0.0,0.0,,0.0,,0.0,0.0,0.0,0,0.0,0.0,0.0,0.0,0.0,0.0,0.0,0.0
11.5,-0.5928620880107262,0.2507114561623395,1.089647440192557,0.6579946354959761,1.7064035177953638,2.282999687481459,-1.1208716558536167,0.4546412761871394,-1.6811345089775511,-0.0074397147432216,1.0039270753966765,0.6778568745348883,0.1763091398047233,0.2140892683366686,0.8312313295978736,,1.3703455768741273,,0.6564513773997535,-0.5300498800880314,0.7603655466382712,0.3819382702759881,0.1710631610436481,1.320221891199674,0.527087223108157,-1.2574810064691082,-0.568889671135394,0.837195106701335,0.0958810340486437,0.7089204584723916,-0.0406596736596738,0.0152861305361304,0.0725628092495738,0.0478859473859473,0.1723178595913889,0.2132509704691593,-0.1366146131646132,0.0443791518938576,-0.1572377152259506,-0.0009664502164503,0.2149225885225885,0.1173022144522144,0.0223074130805552,0.0178154858213681,0.0846101543279561,,0.2853245928907694,,0.0874706323775982,-0.0602557331557331,0.1061828165212838,0.0379807858807857,0.0205251924546041,0.154799247321306,0.0327888888888888,-0.0873473248973247,-0.0378098166539343,0.1342224858474857,0.0093887945387943,0.0728901764901763,8.0,6.0,7.0,7.0,8.0,9.0,10.0,9.0,6.0,6.0,6.0,6.0,6.0,9.0,10.0,,8.0,,10.0,11.0,8.0,8.0,6.0,7.0,6.0,5.0,9.0,8.0,5.0,8.0,5.0,7.0,7.0,6.0,8.0,9.0,5.0,7.0,6.0,7.0,7.0,7.0,8.0,6.0,9.0,,7.0,,9.0,6.0,9.0,6.0,8.0,7.0,1.0,3.0,6.0,7.0,7.0,7.0,5.0,6.0,7.0,6.0,8.0,9.0,5.0,7.0,4.0,5.0,6.0,6.0,6.0,6.0,9.0,,7.0,,8.0,6.0,8.0,6.0,6.0,7.0,1.0,2.0,6.0,7.0,5.0,7.0,0.0,0.0,0.0,0.0,0.0,1.0,0.0,0.0,0,0.0,0.0,0.0,0.0,0.0,0.0,,0.0,,0.0,0.0,0.0,0,0.0,0.0,0.0,0.0,0.0,0.0,0.0,0.0
12.5,-0.4454269215921704,-1.3183686695534622,0.2303996760677773,-0.1258664697369445,0.9954056679934604,2.333606901091343,0.6557374786115133,-0.0598649713223508,-1.862180859544205,0.1574967517372141,0.3983582701372158,0.5021569106975404,-0.7516800845328371,0.6287202905414456,-0.0644132572837816,,1.018429593205905,0.3777904019836635,0.6765030839086335,0.1658248925039904,0.0127958989796153,-0.2427805206957329,-1.7713104021189023,0.9897717550794384,-0.0623096977234527,-3.1414522341002087,-1.3170539785641286,1.1444312590220855,-0.415957812557245,1.013144600086349,-0.0270037629037631,-0.0962497727762433,0.0170172768408063,-0.0123806471306472,0.101816625041625,0.2140586242189183,0.089815229868171,-0.0057942944310592,-0.2167699401905284,0.0202159285159285,0.0860403957153957,0.0870563297813296,-0.0923929172135055,0.057821467009083,-0.006227828818928,,0.1901466241275065,0.1115657367142661,0.0849161018719841,0.0215608012902129,0.0018095823509135,-0.0240062049062049,-0.1960660254777901,0.1146597180597179,-0.0037302308802309,-0.2410642413142413,-0.0910369610781376,0.1806972194472195,-0.041118204018204,0.1013299034299034,8.0,6.0,6.0,8.0,8.0,8.0,8.0,9.0,6.0,6.0,5.0,7.0,4.0,8.0,11.0,,8.0,8.0,9.0,10.0,7.0,6.0,4.0,7.0,7.0,5.0,10.0,8.0,4.0,6.0,6.0,7.0,7.0,5.0,7.0,8.0,7.0,7.0,7.0,6.0,8.0,7.0,7.0,8.0,8.0,,6.0,7.0,8.0,7.0,11.0,6.0,9.0,6.0,1.0,4.0,6.0,7.0,6.0,7.0,6.0,5.0,6.0,5.0,7.0,8.0,7.0,7.0,4.0,5.0,5.0,6.0,4.0,7.0,8.0,,6.0,6.0,7.0,7.0,7.0,5.0,4.0,6.0,1.0,2.0,6.0,7.0,4.0,6.0,0.0,0.0,0.0,0.0,0.0,1.0,0.0,0.0,0,0.0,0.0,0.0,0.0,0.0,0.0,,0.0,0.0,0.0,0.0,0.0,0,0.0,0.0,0.0,0.0,0.0,0.0,0.0,0.0
13.5,1.752245714466645,-1.1102285094844755,-0.2483302944456009,-1.332188191217759,1.165549254405219,-0.4838700939390692,1.2858653879417954,-0.6911654712233507,-0.6508272605478805,0.0346307406718256,0.2215792783474229,0.6950463328786459,-0.444621872138815,0.9943419986734524,0.5063786852676262,,0.0150348434314525,0.5789708479811275,0.0327586976843192,0.070170252567758,-0.4980338801873342,-0.1493214598859336,-1.4806315488869088,0.3538340588537114,0.0348865105290236,0.261778567567453,-1.803743900502402,1.233616406306118,-0.3086634184456698,0.3379241448069657,0.1194567065287652,-0.0631166279798635,-0.0214580586080584,-0.1264833555333555,0.0949912680456797,-0.0430905628513214,0.1820455441617204,-0.0722066711066712,-0.0834790065541614,0.004537012987013,0.0486652736152736,0.1212159978909979,-0.0589090793193735,0.091617482079324,0.0522864790438321,,0.0027772338772339,0.1653299533799533,0.0035017551076373,0.0093268763915821,-0.0690918853076747,-0.0184819763569763,-0.1668980392156864,0.0435551146565851,0.0025463924963923,0.0178853368853367,-0.1276953409335762,0.211318931068931,-0.0292196719946721,0.0381729936729937,7.0,7.0,7.0,8.0,7.0,6.0,7.0,8.0,8.0,6.0,6.0,7.0,4.0,7.0,9.0,,10.0,8.0,7.0,10.0,6.0,5.0,4.0,6.0,7.0,5.0,11.0,6.0,5.0,5.0,7.0,7.0,6.0,5.0,8.0,9.0,7.0,7.0,8.0,5.0,7.0,7.0,7.0,8.0,6.0,,5.0,6.0,6.0,7.0,11.0,7.0,8.0,8.0,2.0,5.0,6.0,5.0,7.0,5.0,7.0,6.0,5.0,4.0,7.0,6.0,7.0,6.0,6.0,4.0,5.0,6.0,4.0,7.0,6.0,,5.0,6.0,5.0,7.0,6.0,5.0,4.0,6.0,2.0,4.0,6.0,5.0,5.0,4.0,0.0,0.0,0.0,0.0,0.0,1.0,0.0,0.0,0,0.0,0.0,0.0,0.0,0.0,0.0,,0.0,0.0,0.0,0.0,0.0,0,0.0,0.0,0.0,0.0,0.0,0.0,0.0,0.0
14.5,0.7385028561995778,-0.619669638100192,-0.1939937089955343,-0.5114660828194245,0.7044327960031549,-1.504747629988164,0.9757652157321516,-0.8727520456059992,-0.7870124614382379,-0.1269897198555603,0.7897116421337028,0.7681614533249299,-1.592253492898668,-0.2078461644154642,1.1698894373481112,,0.2531036310734039,0.6335404858358681,1.028967817819184,0.3364795931980814,-0.5498733712016985,-0.2578092075045045,-2.64824195955021,0.1365450954392274,0.4793927032920596,-0.1960761928737324,-0.9540982894603424,0.5952810994417606,1.106364674677266,0.2933957347191553,0.0435079753579753,-0.0414976621417798,-0.0189712620712619,-0.0437829836829837,0.0655654345654345,-0.1350507179524982,0.1352251952296069,-0.0935592871181106,-0.0924796760429115,-0.0136666666666666,0.1866253857253857,0.133479648129648,-0.1789754513460395,-0.0205678295302909,0.144117031497914,,0.0526404900654901,0.170547286047286,0.0899617382617383,0.0530510967103071,-0.0738736135295733,-0.0318163697413697,-0.2961461815961818,0.0183600399600397,0.0373546786546786,-0.0152501609501608,-0.0750826438267615,0.1089468586968586,0.108968487068487,0.0375599511599511,7.0,8.0,8.0,8.0,8.0,5.0,6.0,9.0,9.0,7.0,6.0,5.0,4.0,8.0,8.0,,10.0,8.0,7.0,10.0,6.0,5.0,4.0,6.0,7.0,6.0,10.0,5.0,6.0,5.0,6.0,8.0,4.0,5.0,6.0,9.0,7.0,7.0,7.0,5.0,7.0,6.0,6.0,7.0,5.0,,5.0,5.0,5.0,8.0,11.0,7.0,7.0,8.0,4.0,6.0,6.0,4.0,5.0,4.0,6.0,7.0,4.0,5.0,6.0,5.0,6.0,6.0,6.0,5.0,6.0,5.0,3.0,6.0,5.0,,5.0,5.0,5.0,8.0,6.0,5.0,3.0,6.0,4.0,5.0,6.0,3.0,5.0,3.0,0.0,0.0,0.0,0.0,0.0,0.0,0.0,0.0,0,0.0,0.0,0.0,0.0,0.0,0.0,,0.0,0.0,0.0,0.0,0.0,0,0.0,0.0,0.0,0.0,0.0,0.0,0.0,0.0
15.5,-0.208915670426961,0.2251633210307827,-1.061964148281177,0.6997562877776614,0.3767574076226335,-1.293973090806509,0.144727253733472,-0.8719533942618788,0.594143938988541,0.9354912796481324,0.5568864115066663,1.3058656486197535,-0.7468456478124327,-0.9831879764583382,1.6884073380865496,,-0.6713238133271858,0.4596731746220554,-0.3502534508935964,0.6415251231233788,-0.0024426486533587,-0.0560915738647418,-2.6889319962684217,0.1060017608305263,0.5210902080448452,-1.0118836222625036,0.0772633929673076,0.7734540561383852,0.4012653840345915,0.3571000583446352,-0.013475407925408,0.0134744838494837,-0.1068156066156066,0.0725266178266178,0.0285410034410034,-0.1168618988081061,0.01903827006327,-0.0959807581307582,0.0685552210861033,0.1181201687201687,0.1310567266067265,0.2172472305472306,-0.0801526994247583,-0.1092459578862831,0.1500647628515277,,-0.1111333943833944,0.1135719891219891,-0.028737851037851,0.1147677837384493,-0.0003273145670978,-0.0068958041958042,-0.3227249084249085,0.0146882357838239,0.037797002997003,-0.0957619158619158,0.0054652426005366,0.1348220057720057,0.0396547508047507,0.0366368686868686,8.0,8.0,7.0,7.0,7.0,5.0,6.0,10.0,9.0,7.0,7.0,4.0,4.0,10.0,7.0,,11.0,8.0,7.0,10.0,7.0,5.0,4.0,6.0,7.0,7.0,9.0,5.0,7.0,6.0,6.0,7.0,4.0,6.0,5.0,9.0,6.0,5.0,6.0,6.0,7.0,5.0,7.0,9.0,5.0,,4.0,5.0,6.0,9.0,11.0,7.0,5.0,8.0,5.0,5.0,7.0,2.0,5.0,3.0,6.0,7.0,3.0,6.0,5.0,5.0,5.0,5.0,6.0,6.0,6.0,4.0,4.0,7.0,5.0,,4.0,5.0,5.0,9.0,7.0,5.0,2.0,6.0,5.0,4.0,7.0,2.0,5.0,3.0,0.0,0.0,0.0,0.0,0.0,0.0,0.0,0.0,0,0.0,0.0,0.0,0.0,0.0,0.0,,0.0,0.0,0.0,0.0,0.0,0,0.0,0.0,0.0,0.0,0.0,0.0,0.0,0.0
16.5,-0.0030684454601696,0.4936869023972408,-0.752786468971403,-0.2355595832394231,0.3277589793204039,-1.420215693010502,-0.1715926913187342,-0.5785911435995815,0.3152015484870696,1.3412648317728544,1.0307165662877726,0.7896195212828444,0.3515169766025025,-0.5849450238235184,2.7553971255543077,,-0.5327299633967605,0.4351880417088365,-1.2491940325568591,0.809841868793642,-0.3138431516609616,-1.1698590346509536,-1.5435082144189656,0.0853327131383354,-0.8952631286611673,0.2883970172208904,-0.2132820945218084,0.7061490720589902,-0.1606239258709805,0.0833579484097604,-0.0002199966699968,0.0416870129870128,-0.0614680208680207,-0.0230706016206017,0.0242333055833054,-0.1249342105263158,-0.0226025752025751,-0.0620494838494838,0.0306280441780442,0.1772225330225331,0.2397217032967034,0.1142055333555333,0.0371107771313653,-0.0599099269925121,0.2516167228196639,,-0.1044887723387723,0.1097268120768121,-0.1251826062826061,0.1463230850161189,-0.0414144798356098,-0.1557309146735618,-0.1514396270396272,0.011341974528739,-0.0658377122877122,0.0316189255189255,-0.0177027656811713,0.1008184704184704,-0.0162385891885891,0.0079541847041846,8.0,8.0,8.0,6.0,7.0,5.0,7.0,10.0,8.0,6.0,7.0,3.0,6.0,11.0,6.0,,10.0,8.0,8.0,9.0,8.0,4.0,6.0,6.0,9.0,8.0,8.0,5.0,8.0,6.0,6.0,6.0,3.0,6.0,5.0,10.0,6.0,6.0,5.0,6.0,8.0,4.0,6.0,9.0,5.0,,3.0,5.0,5.0,10.0,9.0,8.0,6.0,8.0,6.0,4.0,8.0,2.0,5.0,2.0,6.0,6.0,3.0,5.0,5.0,5.0,5.0,6.0,5.0,6.0,7.0,3.0,5.0,8.0,5.0,,3.0,5.0,4.0,9.0,6.0,4.0,4.0,6.0,6.0,4.0,7.0,2.0,5.0,2.0,0.0,0.0,0.0,0.0,0.0,0.0,0.0,0.0,0,0.0,0.0,0.0,0.0,0.0,0.0,,0.0,0.0,0.0,0.0,0.0,0,0.0,0.0,0.0,0.0,0.0,0.0,0.0,0.0
17.5,-1.4518761980934347,-1.1827042075893597,-0.7137831403595596,-1.059219118681483,0.3370346937540411,-0.5981136260035361,-0.0218141635553685,-1.2977811948318343,1.1099332598006115,0.8739716028304032,0.9124283304799964,-0.0434324082972598,0.8275755639318315,-1.1659521970999784,0.4129196969848981,,-0.3215620981475549,1.071713979007909,-1.1722672308248074,-0.305284051756937,-0.0374644548764118,-1.0859012630880194,0.5319402334360213,0.4837374131153522,1.2756406819474335,-0.8776364539147757,-0.2254002784872348,0.5955976120029093,0.6611801389149373,-0.4720220582092155,-0.1209890109890109,-0.0886315018315019,-0.0590753246753246,-0.1189880173747821,0.025832794982795,-0.0517749250577423,-0.0024653513153513,-0.1362026418026417,0.1110063020313021,0.1205683427683429,0.2096876068376068,-0.0062814796314796,0.0948061921738391,-0.124560139104102,0.0400890281287341,,-0.0525687423687423,0.3111674572159866,-0.1482725052725052,-0.0565025081213935,-0.0050178420822384,-0.1318307220557221,0.0530289183039183,0.0592234526910997,0.0993476689976688,-0.0651292929292929,-0.0179727809771929,0.1044140692640692,0.069976578976579,-0.0499080086580087,8.0,9.0,8.0,5.0,7.0,6.0,8.0,10.0,7.0,7.0,8.0,4.0,8.0,11.0,6.0,,8.0,7.0,8.0,6.0,9.0,4.0,7.0,6.0,7.0,9.0,7.0,5.0,7.0,7.0,5.0,7.0,3.0,8.0,5.0,11.0,6.0,5.0,5.0,6.0,7.0,4.0,7.0,7.0,5.0,,3.0,7.0,4.0,10.0,8.0,7.0,7.0,8.0,7.0,2.0,7.0,2.0,5.0,2.0,4.0,6.0,3.0,5.0,5.0,6.0,6.0,5.0,5.0,6.0,7.0,3.0,7.0,6.0,4.0,,3.0,7.0,3.0,6.0,7.0,4.0,6.0,6.0,7.0,2.0,6.0,2.0,5.0,2.0,0.0,0.0,0.0,0.0,0.0,0.0,0.0,0.0,0,0.0,0.0,0.0,0.0,0.0,0.0,,0.0,0.0,0.0,0.0,0.0,0,0.0,0.0,0.0,0.0,0.0,0.0,0.0,0.0
18.5,-1.3769084796658773,-0.7388304712610263,-0.4780513821608201,-0.8683520395679148,-0.6279513810244165,0.6796255763255757,0.0604259738874662,-1.0767792243683176,0.7240342324313578,1.5156360923748613,0.7130448184439455,-1.0044952132903338,0.9168757398480616,-0.1362343149800743,0.3474191442947002,,0.6604514116853589,1.0383723642526466,-0.4026481077161511,-0.330669381067361,0.3241749335407465,-0.3206884678403108,0.0282440314577469,0.7497203519551259,0.5009488085327799,0.0284916483372592,-1.4317132859845303,0.3415952515161815,0.4845121650314491,-0.4161825754290215,-0.0911992007992007,-0.0562891441891442,-0.0364027472527472,-0.0899579851521027,-0.043127639027639,0.0611554032139171,0.0068128038628038,-0.0952256521256522,0.0600724247974248,0.1952036297036296,0.1586774336774337,-0.1598862748362749,0.1120092343930578,-0.0133481067951656,0.0298535482920929,,0.1120817626817627,0.3087175507499037,-0.0482289710289709,-0.0615020984691263,0.044951106083459,-0.0396301393051393,0.0028342990342989,0.0940735184749891,0.0445028646190409,0.0031569985569985,-0.1439721603216186,0.0573280663780664,0.046045670995671,-0.0457025252525252,9.0,9.0,8.0,5.0,6.0,7.0,8.0,10.0,7.0,7.0,7.0,4.0,8.0,10.0,7.0,,7.0,8.0,9.0,6.0,9.0,5.0,8.0,7.0,7.0,10.0,4.0,6.0,6.0,7.0,4.0,6.0,5.0,8.0,6.0,9.0,6.0,6.0,5.0,8.0,7.0,5.0,7.0,6.0,7.0,,4.0,8.0,5.0,10.0,6.0,7.0,6.0,8.0,8.0,2.0,8.0,3.0,3.0,3.0,4.0,6.0,5.0,5.0,5.0,7.0,6.0,6.0,5.0,7.0,6.0,3.0,7.0,6.0,6.0,,4.0,8.0,4.0,6.0,6.0,5.0,6.0,7.0,7.0,2.0,4.0,3.0,3.0,3.0,0.0,0.0,0.0,0.0,0.0,0.0,0.0,0.0,0,0.0,0.0,0.0,0.0,0.0,0.0,,0.0,0.0,0.0,0.0,0.0,0,0.0,0.0,0.0,0.0,0.0,0.0,0.0,0.0
19.5,0.1424936827203411,-0.4949154956499221,-0.7348311260939393,-1.5004532262757089,-1.5814716092476553,1.210607907801779,0.1705876118349118,-1.008496926877152,1.1230905196860252,0.5458336754708181,0.4148941314307396,-0.6360226977897111,0.8697105500301591,0.1348515021987203,-1.3377098336263584,,0.9909359494759312,0.5399275444360171,0.2582799555980241,-0.7874267424024195,0.0981533733080729,-0.8719345764218706,1.1479610487308485,1.1267698379025008,0.5685854192720481,-0.3050576157219081,-2.1116037959261487,0.518067910202832,0.8778076007069966,0.2701618105909207,0.0107450382950381,-0.0302212787212788,-0.045342157842158,-0.1431472860472862,-0.1367635947385947,0.104259735500138,0.020167233256939,-0.0962357475857476,0.1180013303689773,0.0724227106227107,0.0883966366966367,-0.0993872571872571,0.1090395777940668,0.0124420235423331,-0.1371599485653665,,0.1703941003441005,0.1554864761829157,0.0236626984126985,-0.1428319651280952,0.0117528979190744,-0.1044614996114996,0.1316572372072371,0.1342327074885897,0.0497516067266066,-0.0167445887445887,-0.1876363414191589,0.0863057942057941,0.0849180486180487,0.0257788433788433,8.0,8.0,8.0,4.0,6.0,8.0,9.0,10.0,7.0,6.0,8.0,6.0,9.0,8.0,9.0,,6.0,7.0,9.0,6.0,11.0,5.0,7.0,7.0,8.0,8.0,4.0,7.0,6.0,7.0,6.0,6.0,6.0,7.0,7.0,9.0,7.0,6.0,6.0,6.0,5.0,5.0,8.0,7.0,8.0,,4.0,10.0,5.0,9.0,6.0,6.0,7.0,8.0,7.0,1.0,8.0,5.0,4.0,5.0,6.0,6.0,6.0,4.0,5.0,8.0,7.0,6.0,6.0,5.0,5.0,4.0,8.0,6.0,6.0,,4.0,7.0,5.0,5.0,6.0,4.0,7.0,7.0,7.0,1.0,4.0,5.0,4.0,5.0,0.0,0.0,0.0,0.0,0.0,0.0,0.0,0.0,0,0.0,0.0,0.0,0.0,0.0,0.0,,0.0,0.0,0.0,0.0,0.0,0,0.0,0.0,0.0,0.0,0.0,0.0,0.0,0.0
20.5,-0.6321560617642042,-0.6328025507105804,0.0639368103944912,-1.9456921900980224,-0.1812972660265877,1.124407472945726,0.2362308548478463,0.810114167491436,0.6647640535264695,1.3876725846359357,0.3018254706037642,-0.6972859399186818,0.3017837969828153,-0.2254625474673079,-0.2330911060304946,,0.6629218838283134,0.6342993487001822,-0.4797670946533518,-1.021358815755076,-1.2430106625520103,-0.7385600443252316,0.4598342936026866,0.2126722695307774,0.0246012343695354,-0.942686410260728,-2.22606113763723,0.641258228828265,1.7830701525474428,0.9604700665280788,-0.0486002664002664,-0.0389740093240094,0.0041751968619615,-0.1973045998119529,-0.0172099483849486,0.0988578233857644,0.0293975975005386,0.0833493384066911,0.0765182041814395,0.1678256410256411,0.0557396270396269,-0.1144629259629258,0.039888637497693,-0.019721809408342,-0.0222108538778044,,0.1375717671217671,0.1745255406358348,-0.055305117105117,-0.1710790947614476,-0.1299425241425241,-0.0802353979353979,0.0510614625570506,0.0268951972863736,0.0022986180486179,-0.0594185425685426,-0.1755675362992701,0.0944261571761572,0.1649581085581085,0.1136459207459207,9.0,8.0,8.0,4.0,6.0,9.0,9.0,9.0,8.0,5.0,6.0,8.0,9.0,8.0,11.0,,6.0,7.0,10.0,7.0,11.0,5.0,8.0,6.0,7.0,9.0,6.0,7.0,5.0,7.0,6.0,6.0,7.0,8.0,8.0,8.0,7.0,8.0,7.0,6.0,5.0,6.0,8.0,7.0,8.0,,3.0,10.0,5.0,7.0,5.0,6.0,8.0,8.0,7.0,2.0,8.0,6.0,4.0,6.0,6.0,6.0,7.0,4.0,6.0,8.0,7.0,8.0,7.0,5.0,4.0,5.0,7.0,6.0,8.0,,3.0,7.0,5.0,4.0,5.0,4.0,7.0,6.0,6.0,2.0,5.0,6.0,4.0,6.0,0.0,0.0,0.0,0.0,0.0,0.0,0.0,0.0,0,0.0,0.0,0.0,0.0,0.0,0.0,,0.0,0.0,0.0,0.0,0.0,0,0.0,0.0,0.0,0.0,0.0,0.0,0.0,0.0
21.5,-1.330165598773612,-0.4692617739200867,0.2990780329914701,-0.3200657230119353,-0.3681046558499945,1.0147084201822287,0.9281651220679344,0.1513504622061292,0.890055353387556,0.7075784794213063,0.0525180087759962,0.4245095187191681,0.5080305169400468,0.1825490503879589,-0.7689860413335708,,0.3942624467307978,0.4112189457581858,0.2921588168796341,-1.1551495714349014,-0.5134808149387098,-0.1186573107641481,0.6273316730323304,0.1728605095699903,-1.001910563610142,-0.3721866261456017,-2.1914369211061433,1.326384123386828,1.9078373498124073,1.374280450559635,-0.0894110334110332,-0.028966038210156,0.021382434232434,-0.0359963056551294,-0.0352508222169988,0.0869565596168536,0.1129810158795452,0.0159675342631223,0.1092235795250501,0.0815014763014762,0.0091090909090908,0.0716006049506049,0.0656078536186893,0.0179773333048099,-0.0824511945484856,,0.0706714063714063,0.1075047881856705,0.0324201739437032,-0.1561364331746685,-0.0631618432221373,-0.0099649961149961,0.0703204049218755,0.0209769896769896,-0.1195455322455321,-0.0262553779553779,-0.1616079343858756,0.2245382290911702,0.1641573648573647,0.1545073416779299,9.0,8.0,8.0,6.0,6.0,8.0,8.0,9.0,8.0,4.0,7.0,9.0,10.0,8.0,11.0,,5.0,6.0,9.0,8.0,9.0,5.0,7.0,6.0,7.0,8.0,7.0,8.0,5.0,8.0,4.0,8.0,7.0,8.0,8.0,7.0,7.0,7.0,7.0,5.0,4.0,7.0,8.0,8.0,8.0,,4.0,8.0,7.0,6.0,7.0,5.0,9.0,6.0,6.0,3.0,7.0,8.0,4.0,8.0,4.0,7.0,7.0,6.0,6.0,7.0,7.0,7.0,7.0,4.0,4.0,7.0,8.0,7.0,7.0,,3.0,5.0,7.0,4.0,6.0,4.0,7.0,5.0,4.0,3.0,5.0,8.0,4.0,8.0,0.0,0.0,0.0,0.0,0.0,0.0,0.0,0.0,0,0.0,0.0,0.0,0.0,0.0,0.0,,0.0,0.0,0.0,0.0,0.0,0,0.0,0.0,0.0,0.0,0.0,0.0,0.0,0.0
22.5,-0.0766526521456577,-1.1137453606517809,0.0161741215256617,0.0828605003583483,0.2963537374191748,0.4273489779504244,-0.0226111651659383,1.5602396128866192,1.1943190176014458,0.778276164191447,1.0020425026463693,0.4670917716666612,-0.0398277907762886,-0.504734392670334,-0.8718070769277806,0.3428832618182565,-0.6251359111421009,0.56707994612872,0.6435521779571105,-0.0645417646149542,0.3253131030177963,0.8258411620436792,0.6097525283587774,0.1935383481128403,0.4664586806855447,0.442370573430721,-1.3777573751190295,0.6699234129979083,1.3386601571535202,0.8593691351997129,-0.0054695526695526,-0.0641249505396565,0.0013047251767839,0.0075549367299366,0.0275387901314371,0.0295014642220523,-0.0028437895437893,0.1827886280386281,0.1539400494929906,0.0943450937950937,0.1677262626262625,0.0812637723387722,-0.0044921864083629,-0.0574260634188653,-0.0942298223448379,0.0905812409812409,-0.0972565157065157,0.1480540626040627,0.0775992022683198,-0.0071976319432202,0.0425961536829183,0.0904966588966589,0.0692028412763706,0.0286001332001332,0.0416707459207458,0.031618426018426,-0.1093346917444441,0.1124406787656787,0.1238120879120877,0.0986570400188046,8.0,7.0,9.0,6.0,7.0,8.0,8.0,7.0,8.0,4.0,5.0,9.0,10.0,8.0,13.0,4.0,4.0,6.0,9.0,10.0,9.0,7.0,8.0,6.0,8.0,7.0,7.0,6.0,6.0,7.0,4.0,7.0,7.0,7.0,9.0,7.0,5.0,6.0,6.0,5.0,4.0,7.0,7.0,9.0,7.0,3.0,4.0,5.0,8.0,6.0,7.0,6.0,8.0,5.0,6.0,4.0,8.0,7.0,5.0,8.0,4.0,6.0,7.0,6.0,7.0,7.0,5.0,6.0,6.0,4.0,4.0,7.0,7.0,7.0,7.0,2.0,2.0,4.0,8.0,6.0,7.0,6.0,7.0,4.0,6.0,4.0,6.0,6.0,5.0,7.0,0.0,0.0,0.0,0.0,0.0,0.0,0.0,0.0,0,0.0,0.0,0.0,0.0,0.0,0.0,0.0,0.0,0.0,0.0,0.0,0.0,0,0.0,0.0,0.0,0.0,0.0,0.0,0.0,0.0
23.5,0.0740360076940589,0.3460132916721807,-0.1582805287967335,0.3773651142814195,0.2880524966921848,0.61139666065667,0.1502920645595695,0.1998500139628236,0.6204281527501099,0.6421800236427354,-0.2114256727914837,0.1100381802033397,0.8702017826594097,0.7190206214964973,-0.470056175579304,-0.1826665440878055,-1.063201463604581,1.0069426866022642,0.7515182508386706,0.0257247166854145,0.6148077975340525,0.6373822487650282,0.690296556698293,-0.5106833375038766,0.1772118094849218,1.580857251612116,0.0053296849311268,0.3081769471740874,0.5518058586352957,0.6557021741900492,0.0058717393717394,0.0221663237089706,-0.0131146409146408,0.0408730979804509,0.0281278172807584,0.0470236048265458,0.0200910922410922,0.0221206904206905,0.0699972000222001,0.0825295093795093,-0.0464735542235541,0.0197464313464312,0.1001156596671301,0.0871360018464506,-0.0413512719306837,-0.0492302697302695,-0.1927292013542013,0.2262249361749362,0.0978139081678554,0.0036297584768172,0.0839478415719126,0.0670637362637363,0.0788276630232511,-0.0644765068265069,0.0135831501831501,0.1144648906648906,0.0004878155985739,0.0465353146853145,0.0540369214119212,0.0757583695716047,8.0,7.0,8.0,7.0,7.0,7.0,8.0,8.0,8.0,3.0,4.0,8.0,9.0,9.0,11.0,3.0,4.0,6.0,8.0,10.0,8.0,7.0,7.0,5.0,8.0,6.0,9.0,5.0,8.0,6.0,4.0,8.0,5.0,8.0,9.0,8.0,4.0,5.0,5.0,4.0,5.0,6.0,8.0,10.0,7.0,5.0,5.0,6.0,9.0,6.0,9.0,6.0,8.0,5.0,6.0,5.0,9.0,7.0,7.0,8.0,4.0,7.0,5.0,7.0,7.0,7.0,4.0,5.0,5.0,3.0,3.0,6.0,8.0,9.0,7.0,2.0,2.0,5.0,8.0,6.0,8.0,6.0,7.0,3.0,6.0,5.0,8.0,5.0,7.0,6.0,0.0,0.0,0.0,0.0,0.0,0.0,0.0,0.0,0,0.0,0.0,0.0,0.0,0.0,0.0,0.0,0.0,0.0,0.0,0.0,0.0,0,0.0,0.0,0.0,0.0,0.0,0.0,0.0,0.0
24.5,0.4448213508790492,0.1071341816289013,-0.365227972443306,0.8621084802571192,0.0360492038617492,0.3966859048938216,-0.6836740989388291,-0.4783059614543778,0.4419100676691456,0.1796985459808899,-0.628256305172512,0.1693954865392411,0.636253673761645,0.7704087159779914,0.2317354730395093,0.0259351456238968,-1.6524370528011303,0.8183076650055136,0.1123452059388691,0.6751445973934228,0.0473711099499434,0.8955691208925214,0.6243182210035748,-0.8704801871971121,0.5529332594676998,1.524148715040116,0.0954076102958989,-0.1150080408768654,0.5468306993859396,1.1637632396296065,0.0411266733266733,0.006241958041958,-0.0327580308580308,0.0900012849895202,0.0034104718810599,0.0326571949292536,-0.0843330891330891,-0.0529672327672328,0.0423370018870019,0.0204915584415583,-0.1486787767787768,0.0296928848928849,0.0773981966433977,0.0878103723246136,0.0216662179066202,0.0068859307359306,-0.387441958041958,0.1928359362859362,0.0146241212090283,0.1156631489425606,0.0065674464854029,0.1182702581731992,0.0717022089022089,-0.0908780663780663,0.0409346042846042,0.1132566322566323,0.0088597890843244,-0.0165219780219779,0.0582223082473082,0.1271133116883118,8.0,6.0,9.0,7.0,8.0,7.0,7.0,7.0,7.0,4.0,3.0,8.0,7.0,11.0,10.0,3.0,2.0,5.0,7.0,9.0,7.0,7.0,8.0,4.0,7.0,6.0,10.0,4.0,8.0,6.0,4.0,7.0,5.0,8.0,9.0,8.0,4.0,5.0,4.0,5.0,7.0,6.0,8.0,10.0,7.0,7.0,6.0,5.0,9.0,7.0,10.0,8.0,7.0,5.0,5.0,5.0,8.0,6.0,7.0,7.0,4.0,6.0,5.0,7.0,7.0,7.0,3.0,4.0,4.0,4.0,3.0,6.0,7.0,10.0,7.0,3.0,1.0,4.0,7.0,7.0,7.0,7.0,7.0,3.0,5.0,5.0,8.0,4.0,7.0,6.0,0.0,0.0,0.0,0.0,0.0,0.0,0.0,0.0,0,0.0,0.0,0.0,0.0,0.0,0.0,0.0,0.0,0.0,0.0,0.0,0.0,0,0.0,0.0,0.0,0.0,0.0,0.0,0.0,0.0
25.5,-0.5807916609915954,-0.2139935055658538,-1.5323838799806968,1.073281930645006,-0.3436057919479166,0.5577411080133182,0.1196194442981692,-0.2476976279174159,0.1626714214978072,0.1704645453613089,0.3782702360345871,0.6491356750232619,0.1787833134241502,0.8304722490331186,0.2297412153036173,-0.1015047739110564,-1.894026409201394,0.4182239986363408,0.0385918587312646,0.9384150995554956,-1.111558926446439,0.4779547333421092,0.4345082438259507,-0.9297512054356946,-0.2537271484773307,0.59990899968157,1.265579288187701,-0.8727981647072883,0.7109365014609514,0.5888204452608427,-0.0373427350427348,-0.0162978384360737,-0.1126304695304695,0.1167232150202737,-0.0304286027697793,0.048635179199885,0.0131926462426462,-0.0230028416028414,0.0147535991785991,0.0202840881340881,0.0893052170052169,0.1141097791097791,0.0227536351161736,0.0907564825095783,0.0218241937800762,-0.0274237181119534,-0.4659418184412766,0.0887770729270728,0.0051215635241951,0.1720907419635747,-0.1537098853674705,0.0619373539858834,0.051372297147297,-0.1205373959373959,-0.0208502553002553,0.0433370129870129,0.1261679361488185,-0.1276443556443556,0.0792036017903664,0.0729622044622044,8.0,7.0,9.0,8.0,7.0,7.0,6.0,8.0,8.0,4.0,5.0,7.0,6.0,10.0,9.0,3.0,1.0,4.0,7.0,9.0,5.0,8.0,7.0,3.0,8.0,7.0,9.0,3.0,9.0,5.0,3.0,7.0,4.0,8.0,8.0,8.0,3.0,5.0,5.0,5.0,7.0,6.0,8.0,9.0,5.0,8.0,8.0,3.0,9.0,9.0,10.0,9.0,7.0,4.0,5.0,5.0,8.0,6.0,8.0,5.0,3.0,6.0,4.0,8.0,6.0,7.0,3.0,5.0,5.0,4.0,5.0,6.0,6.0,9.0,5.0,3.0,1.0,2.0,7.0,9.0,5.0,7.0,6.0,2.0,5.0,5.0,8.0,3.0,8.0,4.0,0.0,0.0,0.0,0.0,0.0,0.0,0.0,0.0,0,0.0,0.0,0.0,0.0,0.0,0.0,0.0,0.0,0.0,0.0,0.0,0.0,0,0.0,0.0,0.0,0.0,0.0,0.0,0.0,0.0
26.5,-0.6204038956400113,0.8501892250331549,-1.3067874204779035,1.4703768466425515,0.0148228043378644,-0.5026622048127111,0.0958344303664004,-0.2671103411281058,0.051014859047343,0.4745514347656832,-0.2119329973624599,1.207779955754319,0.182197461779502,0.9951894881110837,0.6339737099306041,0.2677973187900571,-1.8258371501807231,0.3154201085831261,-0.7153622026657248,0.6932193404366059,-1.744413417705186,1.3587721953270528,0.9461409281456004,-1.5029654984303595,0.690524955007191,1.5625912772089194,0.623186490043675,-0.6476394803182286,1.6014704177103227,0.9427220617934444,-0.0420219558219558,0.0575213298139767,-0.0969152847152847,0.1479205441617205,0.0013112965465905,-0.0453062232315327,0.0119489676989676,-0.027034138084138,0.0044086635586636,0.0617118548118548,-0.0471476856476857,0.2109048063048062,0.0226071361644891,0.1107324299539468,0.0713519980019979,0.0723789001847825,-0.442346922307139,0.0693988788988789,-0.0953231817202405,0.127028889479973,-0.2486940233914694,0.1617077863313157,0.1032673770673771,-0.1741897935397937,0.0717136530136528,0.1180080919080918,0.0722138312667725,-0.0935969030969032,0.1706513187792598,0.1028961815961816,8.0,7.0,9.0,8.0,8.0,6.0,7.0,8.0,8.0,5.0,5.0,6.0,5.0,9.0,8.0,4.0,1.0,5.0,5.0,9.0,4.0,7.0,7.0,3.0,8.0,6.0,9.0,3.0,8.0,5.0,4.0,8.0,5.0,8.0,8.0,9.0,4.0,5.0,5.0,6.0,7.0,6.0,7.0,8.0,4.0,9.0,8.0,4.0,9.0,11.0,10.0,8.0,6.0,6.0,6.0,5.0,6.0,6.0,8.0,5.0,4.0,7.0,5.0,8.0,7.0,6.0,4.0,5.0,5.0,5.0,4.0,6.0,5.0,8.0,4.0,4.0,1.0,3.0,5.0,9.0,4.0,7.0,6.0,3.0,6.0,5.0,6.0,3.0,8.0,4.0,0.0,0.0,0.0,0.0,0.0,0.0,0.0,0.0,0,0.0,0.0,0.0,0.0,0.0,0.0,0.0,0.0,0.0,0.0,0.0,0.0,0,0.0,0.0,0.0,0.0,0.0,0.0,0.0,0.0
27.5,-1.383209280958489,0.6079082897024795,-1.4217779914400326,0.5643904689447844,-0.6167591892259944,0.2600955637258494,0.7951443823842479,-1.435379285913346,0.1142055248165751,1.1576035785129517,0.2191735656286432,0.9762480803981632,-0.3446522906191033,1.1292991806913917,0.8320937527979609,0.5240869348810918,-1.8164972860151272,0.0457094632728873,-0.878554744997007,0.4086639078258473,-2.4303133691625183,1.0943545919308388,0.5769599659348394,-1.4508048074584032,0.4886924821891029,0.5895315836371308,0.7111277161773366,-0.858825213918716,1.1167247204101975,-0.803704879487786,-0.094104428904429,0.0414583607568901,-0.1022902541902542,0.0591606615606615,-0.0605707292707293,0.0240844953635974,0.0942742646242645,-0.1338961556417439,0.0096825693913927,0.1480876123876124,0.0451608613608612,0.1642190476190476,-0.0451122971198048,0.1234909095806153,0.085096704602587,0.1449896590337767,-0.4085218991620695,0.0113158702408701,-0.117740032009614,0.0750121327416992,-0.3549788742045708,0.1241699824685117,0.0574565101565101,-0.1916968704498116,0.0487892440892441,0.045130586080586,0.0657782834812245,-0.1285169108669109,0.1372463147963148,-0.0765158397158396,9.0,8.0,9.0,8.0,7.0,7.0,6.0,9.0,8.0,6.0,6.0,5.0,5.0,8.0,8.0,6.0,1.0,6.0,5.0,8.0,3.0,6.0,6.0,4.0,7.0,7.0,8.0,3.0,7.0,5.0,5.0,7.0,5.0,6.0,6.0,9.0,5.0,7.0,6.0,6.0,6.0,5.0,8.0,9.0,4.0,8.0,8.0,6.0,9.0,11.0,10.0,8.0,6.0,8.0,4.0,5.0,6.0,4.0,6.0,4.0,5.0,7.0,5.0,6.0,5.0,7.0,5.0,6.0,6.0,6.0,4.0,5.0,5.0,8.0,4.0,5.0,1.0,4.0,5.0,8.0,3.0,6.0,5.0,4.0,4.0,5.0,6.0,2.0,6.0,3.0,0.0,0.0,0.0,0.0,0.0,0.0,0.0,0.0,0,0.0,0.0,0.0,0.0,0.0,0.0,0.0,0.0,0.0,0.0,0.0,0.0,0,0.0,0.0,0.0,0.0,0.0,0.0,0.0,0.0
28.5,-1.4576318056639543,-1.3063763217707494,-1.2505191675955396,0.4062895174429171,-0.390055100686538,0.2769065175184838,-0.0217538469582836,0.5350037870735345,1.1711143501452363,0.5618856645714703,0.5023280934171173,0.3420442922918737,0.1650450708511552,1.029524182233207,-0.0418617799866416,0.9525322684799822,-0.4920612426969081,0.5381634467231524,-2.050338199433555,0.6868467604182718,-2.571810338964293,-0.7801251616152124,0.0439183862374529,-1.241135859615719,0.5273828311116602,0.576809310223767,-0.6025454874105467,-0.0367633455095658,2.06043183303467,0.2288892252341818,-0.0866827339327339,-0.0811554612054612,-0.0879624708624708,0.0336297757797757,-0.0256031302031303,0.024715061409179,-0.0027566822066822,0.0544091751385868,0.1303159068056126,0.0752995892995892,0.0900472860472861,0.0580815961815962,0.0216284418110268,0.1195863066843717,-0.0041169007463124,0.2624035575535576,-0.1138013385307503,0.151245498945499,-0.266423746514923,0.1221843591393125,-0.3589076373746653,-0.0834398878898878,0.0036155122655123,-0.1600020409329233,0.0516890720390721,0.0446687812187811,-0.0468638126579303,-0.0063862914862915,0.2132358197358197,0.0200080308580309,9.0,9.0,9.0,7.0,8.0,7.0,6.0,8.0,7.0,5.0,8.0,6.0,6.0,7.0,6.0,7.0,3.0,6.0,5.0,8.0,3.0,5.0,5.0,4.0,7.0,7.0,7.0,4.0,5.0,7.0,6.0,6.0,6.0,5.0,6.0,9.0,6.0,7.0,7.0,6.0,5.0,4.0,8.0,7.0,4.0,7.0,8.0,6.0,7.0,10.0,10.0,7.0,5.0,8.0,4.0,5.0,6.0,3.0,5.0,5.0,6.0,6.0,6.0,5.0,6.0,7.0,5.0,7.0,7.0,5.0,5.0,4.0,6.0,6.0,3.0,6.0,3.0,5.0,3.0,8.0,3.0,4.0,4.0,4.0,4.0,5.0,5.0,2.0,5.0,5.0,0.0,0.0,0.0,0.0,0.0,0.0,0.0,0.0,0,0.0,0.0,0.0,0.0,0.0,0.0,0.0,0.0,0.0,0.0,0.0,0.0,0,0.0,0.0,0.0,0.0,0.0,0.0,0.0,0.0
29.5,-1.4618254892990463,-0.0474032912100429,-0.6526804572247269,-0.1927521881146358,0.290382266151774,-0.8386731492430088,0.1042354291145694,1.4390410127285935,0.6072402964007915,0.287885074419029,0.1356048413786104,0.0938296183594206,0.9738978917479651,-0.9997348711119954,2.099635424427685,1.0719033014171546,0.374482372441856,0.95298965022692,-1.45601341134436,0.3383935832767365,-2.7056084373535274,0.4183248258279971,0.9793878179638504,-0.6623811136815045,-0.3618901996353018,-0.2148839075714437,-1.2877269664835744,-0.5464045100362472,2.156608086860366,-1.4858703038135708,-0.0879766067266067,-0.0037691308691307,-0.0459807942057943,-0.0151832944832944,0.0243151515151514,-0.0757082009321947,0.0133233100233099,0.1568309670721434,0.0678611235170058,0.0407571817071817,0.0251676712176712,0.0148153291153291,0.1323254541983642,-0.1209666936005171,0.1966301577507461,0.3019915806415807,0.0905062930877173,0.2839306392953452,-0.1485550141035436,0.0614002037350334,-0.3637262555298159,0.038747519147519,0.074836235986236,-0.0873993413449295,-0.030382978132978,-0.0188139194139194,-0.0946196401637579,-0.100378354978355,0.2261219613719614,-0.1359621711621711,9.0,8.0,9.0,8.0,6.0,7.0,6.0,7.0,8.0,5.0,8.0,7.0,7.0,7.0,6.0,6.0,5.0,7.0,5.0,9.0,3.0,5.0,4.0,5.0,8.0,8.0,5.0,4.0,5.0,9.0,6.0,5.0,7.0,5.0,7.0,9.0,6.0,7.0,6.0,7.0,5.0,5.0,8.0,5.0,4.0,7.0,8.0,8.0,7.0,10.0,10.0,6.0,5.0,8.0,4.0,4.0,6.0,2.0,5.0,4.0,6.0,5.0,7.0,5.0,6.0,6.0,5.0,7.0,6.0,5.0,5.0,5.0,7.0,3.0,4.0,6.0,5.0,7.0,4.0,8.0,3.0,5.0,4.0,5.0,4.0,4.0,4.0,1.0,5.0,4.0,0.0,0.0,0.0,0.0,0.0,0.0,0.0,0.0,0,0.0,0.0,0.0,0.0,0.0,0.0,0.0,0.0,0.0,0.0,0.0,0.0,0,0.0,0.0,0.0,0.0,0.0,0.0,0.0,0.0
30.5,-1.3938463272809585,-1.4642950400774275,0.4619686977317155,-0.8278239343225032,0.401960549368192,-0.9764124799664476,0.2670602410294461,0.864066951427824,0.8495118525292776,1.0237523816377958,0.6023899137323375,0.5629501352717158,1.1457240181477009,-1.0945884693083503,0.0411289559588213,0.8242362540353376,0.9813711101201588,0.889173647035429,-1.8573731660965107,0.0706847832746685,-1.880058508039003,-0.6735154833182897,0.351518422220051,0.8803200233300318,-0.5957455762119075,-0.2208250841793506,-3.31306715184592,0.9910599954557124,1.46427640679283,-0.5744255464080807,-0.0820303363303364,-0.142569708069708,0.0345803280053279,-0.0762427627927627,0.0376547286047285,-0.0852366533793005,0.0347418942168942,0.0913141949553713,0.1088657398157399,0.1368874458874459,0.1248209790209788,0.0889880119880118,0.1529819283142037,-0.1130552003552003,0.0036147986000927,0.2245856976356977,0.228393791502615,0.2679745837238098,-0.1844880064380064,0.0120863481633605,-0.2539278549280097,-0.0726362637362637,0.0297976356976356,0.1085356865356864,-0.0465287878787878,-0.0197120934620935,-0.2597167755447167,0.1428518037518038,0.1492602675102674,-0.0493918581418582,9.0,8.0,8.0,7.0,6.0,8.0,6.0,7.0,8.0,5.0,8.0,6.0,8.0,8.0,7.0,5.0,6.0,8.0,6.0,9.0,4.0,6.0,5.0,7.0,8.0,8.0,6.0,5.0,6.0,8.0,6.0,4.0,7.0,5.0,7.0,8.0,6.0,8.0,5.0,6.0,6.0,5.0,8.0,4.0,6.0,7.0,7.0,9.0,5.0,9.0,10.0,5.0,6.0,8.0,4.0,3.0,7.0,3.0,5.0,5.0,6.0,3.0,7.0,4.0,6.0,6.0,5.0,7.0,5.0,5.0,6.0,5.0,8.0,3.0,5.0,5.0,6.0,8.0,3.0,7.0,4.0,4.0,5.0,7.0,4.0,3.0,4.0,3.0,5.0,5.0,0.0,0.0,0.0,0.0,0.0,0.0,0.0,0.0,0,0.0,0.0,0.0,0.0,0.0,0.0,0.0,0.0,0.0,0.0,0.0,0.0,0,0.0,0.0,0.0,0.0,0.0,0.0,0.0,0.0
31.5,-0.2163791712151777,-0.5414015666653988,1.0606867072410284,-0.6406296333463697,-1.275691265734523,-0.9558462824095882,0.0114743404380809,0.418753660160963,0.5990944210904087,0.4120336570853742,0.5569130975223987,-0.5037182469113649,0.9991820087342412,-1.0193587866693308,-0.3120702827990154,0.967948658080712,0.5656115608033767,0.8596728148442203,-0.7762748792717146,-0.2380257116716763,-0.2352967559165643,-0.6612346045935265,-0.4794318285023556,1.3645997578718825,-0.6358609479516517,-0.192453380075827,-1.6165262201374269,0.5332150156566099,1.381437649683753,-0.4030943324011113,-0.0155889776889776,-0.0360049062049062,0.0734825757575756,-0.057057781107781,-0.1232499417249417,-0.1003575258075257,0.0014867299367299,0.0446761793761792,0.0672190642690643,0.0609246753246752,0.1250334942834943,-0.086172161172161,0.1455747916943737,-0.1025525585525585,-0.0282259805038443,0.2633351759351758,0.1232284421460893,0.2423834831748917,-0.0936986402486401,-0.0374101437777908,-0.0308233243794389,-0.0673946941946942,-0.0496676823176823,0.1549930646151233,-0.0497249195249195,-0.0181385281385281,-0.1542879863686366,0.0811105339105339,0.1338840548340549,-0.0440336052836053,8.0,8.0,7.0,8.0,6.0,9.0,7.0,8.0,7.0,6.0,8.0,5.0,9.0,8.0,8.0,5.0,7.0,7.0,8.0,9.0,6.0,6.0,5.0,7.0,8.0,8.0,5.0,5.0,5.0,8.0,5.0,2.0,7.0,4.0,7.0,6.0,4.0,6.0,3.0,5.0,6.0,6.0,8.0,4.0,7.0,6.0,6.0,9.0,4.0,7.0,9.0,5.0,7.0,7.0,4.0,2.0,9.0,2.0,3.0,4.0,5.0,2.0,7.0,4.0,5.0,5.0,4.0,6.0,3.0,4.0,6.0,4.0,8.0,3.0,6.0,5.0,5.0,7.0,3.0,6.0,6.0,4.0,5.0,7.0,4.0,2.0,5.0,2.0,3.0,4.0,0.0,0.0,0.0,0.0,0.0,0.0,0.0,0.0,0,0.0,0.0,0.0,0.0,0.0,0.0,0.0,0.0,0.0,0.0,0.0,0.0,0,0.0,0.0,0.0,0.0,0.0,0.0,0.0,0.0
32.5,-1.169159873595888,-0.7914651194670757,0.8720751340156419,0.6579549615588697,-1.0457003761819303,-1.6642418263765697,-0.3090389697140726,-0.7732225393828139,0.6552556021101401,1.212563693144489,1.0602991355887164,0.1130568236616514,0.5002452708021573,-0.0279975262970759,-1.131244348637786,0.1983413265923931,0.9319303960077572,-0.1847482491659142,-0.0595916324460413,0.4000202373009192,0.4817556531441223,-0.6659054456748448,-0.0898844448278426,1.971266163486319,-1.0604747750493189,0.8774319128286014,-2.1283283213586297,0.2542835637581083,-0.6518826608709263,0.2120685865599126,-0.1016232989232988,-0.0465327561327561,0.0756238650238649,0.0566604728604729,-0.0996372798769857,-0.132024358974359,-0.0369608669108668,-0.0706758463758463,0.0763803307803308,0.1572725108225108,0.2353012293262293,0.0210545843045844,0.0779111150287621,-0.0024228882228881,-0.1085456829290421,0.0520765678765678,0.215379218004218,-0.0525370932387186,-0.0055689421689422,0.0775142965393738,0.0631994974409834,-0.0633891774891773,-0.0103029343205814,0.2167898601398601,-0.083043018093018,0.064516378066378,-0.196814066652302,0.0337117604617605,-0.0787503607503606,0.0258700577200576,7.0,8.0,7.0,7.0,5.0,8.0,8.0,9.0,7.0,5.0,7.0,6.0,9.0,9.0,8.0,4.0,8.0,4.0,9.0,9.0,8.0,7.0,6.0,5.0,9.0,6.0,4.0,6.0,5.0,7.0,4.0,2.0,6.0,6.0,8.0,6.0,5.0,6.0,3.0,4.0,8.0,6.0,6.0,4.0,8.0,5.0,5.0,9.0,5.0,9.0,8.0,6.0,8.0,5.0,5.0,2.0,8.0,3.0,3.0,3.0,3.0,2.0,6.0,6.0,5.0,5.0,5.0,6.0,3.0,4.0,7.0,5.0,6.0,4.0,6.0,3.0,5.0,4.0,5.0,8.0,7.0,5.0,6.0,5.0,5.0,2.0,4.0,3.0,2.0,3.0,0.0,0.0,0.0,0.0,0.0,0.0,0.0,0.0,0,0.0,0.0,0.0,0.0,0.0,0.0,0.0,0.0,0.0,0.0,0.0,0.0,0,0.0,0.0,0.0,0.0,0.0,0.0,0.0,0.0
33.5,-0.5469545373047682,-0.0381581538116187,-0.4483546166735255,-0.2623857915577287,-2.503680196631193,0.2873687823725314,-0.7471285552744992,0.5527300317836978,-0.3978619182987422,0.9109845572000178,1.2514606771988397,-0.0085360952588609,-0.2338603997915949,-1.1995602253256843,-0.3129785523272529,-0.3363764623645284,0.325515468026705,-0.6392275949514051,0.1677939092023899,0.3506318876220583,0.6187586212548946,-0.3952381360248793,0.6789934979122207,0.7504855866349789,-1.0258741303744192,1.0565075895072258,-0.1851334891173319,0.4712323331391881,0.0323756178100839,-0.0791468859429564,-0.0362334498834497,-0.0013645743145743,-0.0391836663336664,-0.0291364441114442,-0.2318431989579049,0.0232309489530077,-0.0935313353313352,0.0547916709107884,-0.0391745476745477,0.1281198412698413,0.268146300921301,-0.0015321844821845,-0.0371577644577644,-0.0916734579146343,-0.0314168760891671,-0.0864988566988567,0.0732642912642911,-0.1856737319182366,0.0181152886329356,0.0691008323719623,0.0790231745378803,-0.0409046342546342,0.0768015464927228,0.0748651348651348,-0.0812345709845709,0.0680312409812409,-0.0156644225055989,0.0515409368409367,0.0039067099567099,-0.005684126984127,8.0,7.0,7.0,7.0,4.0,9.0,9.0,8.0,8.0,5.0,7.0,6.0,10.0,11.0,10.0,5.0,8.0,3.0,10.0,9.0,9.0,7.0,7.0,5.0,9.0,6.0,5.0,6.0,7.0,6.0,3.0,1.0,6.0,7.0,8.0,7.0,5.0,7.0,2.0,3.0,8.0,7.0,4.0,5.0,8.0,4.0,3.0,9.0,7.0,9.0,7.0,6.0,8.0,6.0,5.0,2.0,7.0,4.0,2.0,1.0,3.0,1.0,5.0,6.0,4.0,7.0,5.0,7.0,2.0,3.0,7.0,5.0,4.0,5.0,7.0,2.0,3.0,3.0,7.0,8.0,7.0,5.0,7.0,5.0,5.0,2.0,5.0,4.0,2.0,1.0,0.0,0.0,0.0,0.0,0.0,0.0,0.0,0.0,0,0.0,0.0,0.0,0.0,0.0,0.0,0.0,0.0,0.0,0.0,0.0,0.0,0,0.0,0.0,0.0,0.0,0.0,0.0,0.0,0.0
34.5,-0.5805873531521808,0.9426797089854264,0.3780459945246447,-0.3416266248692849,-0.0263234785419069,-0.0267499235292209,0.133291060395257,0.7521470658283584,0.0076720052389057,0.5564742463674479,0.9446440847890032,0.1979216273040272,-0.3613221210533296,0.2085978437079239,-0.7954581050790618,0.4213607539540574,-0.6228791220232011,-0.5415990389958785,0.6987252397713005,-0.3940629596916404,0.7557967000841644,0.1637868663348986,0.5397496317569809,-0.0853713182794841,-0.992169276612748,-2.2811584088190417,0.5754668644352818,1.3903816279071033,-0.4347051414745278,-0.258388937001347,-0.0378461538461538,0.0543569985569984,0.0276595848595848,-0.0351483044733046,-0.0023962997786528,-0.0023223673385439,0.0163355366855366,0.0774087321175555,0.0007233932733933,0.0605880952380951,0.1974515151515152,0.03663055000555,-0.0431410506160505,0.0186013217174981,-0.0731692940874055,0.1110059884559884,-0.1325902486402486,-0.1593652785123372,0.1033121731209966,-0.0757159595220742,0.0916531292237172,0.0211092685092684,0.0583968707762824,-0.0092004717504717,-0.0817424741924742,-0.1826466366966366,0.0541547295841412,0.1838086469086467,-0.0398746031746031,-0.0302406204906204,8.0,6.0,7.0,7.0,6.0,9.0,8.0,8.0,8.0,5.0,6.0,5.0,8.0,9.0,10.0,5.0,8.0,3.0,9.0,7.0,10.0,6.0,8.0,6.0,9.0,4.0,7.0,6.0,8.0,4.0,3.0,2.0,5.0,7.0,8.0,7.0,6.0,7.0,4.0,3.0,6.0,7.0,5.0,6.0,8.0,2.0,2.0,8.0,7.0,9.0,7.0,6.0,8.0,6.0,5.0,4.0,7.0,6.0,1.0,3.0,3.0,2.0,5.0,6.0,6.0,7.0,6.0,7.0,4.0,3.0,5.0,5.0,4.0,6.0,7.0,2.0,1.0,3.0,7.0,6.0,7.0,5.0,7.0,5.0,5.0,2.0,6.0,6.0,1.0,2.0,0.0,0.0,0.0,0.0,0.0,0.0,0.0,0.0,0,0.0,0.0,0.0,0.0,0.0,0.0,0.0,0.0,0.0,0.0,0.0,0.0,0,0.0,0.0,0.0,0.0,0.0,0.0,0.0,0.0
35.5,0.2744186105512795,2.23362730888487,-0.5847487452183946,0.4379629649492479,-0.0039400990690004,1.293134443032259,0.6287362716045839,1.3121025060383815,0.0385078386886329,0.3727953770873853,1.4603479875329504,0.2479973554314232,-0.8179725115713021,-0.5534684053704954,-0.0649929835031458,-0.1482141734297812,,-0.8191785635264642,1.0068894543224765,-0.2663582439836785,0.2681135931394107,0.4185685376338863,0.6528911454733064,-0.5708532051197885,-0.079243486637177,-1.645772538198478,0.3833753756870102,0.0875524141296812,-0.0226938212901477,0.7470766519496184,0.0179489510489511,0.1510248307248308,-0.0504576257076256,0.0458275603481486,-0.0003778221778223,0.1175535031961501,0.0825069819069819,0.1459123020770079,0.0030859418359419,0.041192857142857,0.3064171717171716,0.0443123043623042,-0.0959738650238649,-0.055013471006118,-0.0051784124544187,-0.0361595238095238,0.0,-0.2297029526029527,0.1434756800646893,-0.0492490520143772,0.0296162868177572,0.0509813797313797,0.0688037482125716,-0.0731195562607327,-0.0055478854478856,-0.1184148684648686,0.0327192092221504,0.0120059607059607,-0.0022777777777777,0.0775525252525252,7.0,5.0,6.0,7.0,7.0,8.0,7.0,8.0,8.0,5.0,5.0,5.0,7.0,8.0,10.0,6.0,9.0,3.0,9.0,7.0,10.0,6.0,7.0,5.0,8.0,4.0,6.0,5.0,7.0,5.0,3.0,3.0,5.0,9.0,7.0,8.0,6.0,8.0,5.0,3.0,4.0,7.0,4.0,6.0,7.0,1.0,0.0,6.0,9.0,9.0,7.0,7.0,8.0,8.0,6.0,5.0,6.0,5.0,1.0,2.0,3.0,3.0,4.0,7.0,6.0,8.0,6.0,8.0,5.0,3.0,4.0,5.0,3.0,5.0,7.0,1.0,0.0,2.0,9.0,6.0,7.0,6.0,7.0,5.0,6.0,3.0,5.0,4.0,1.0,2.0,0.0,0.0,0.0,0.0,0.0,0.0,0.0,0.0,0,0.0,0.0,0.0,0.0,0.0,0.0,0.0,0.0,0.0,0.0,0.0,0.0,0,0.0,0.0,0.0,0.0,0.0,0.0,0.0,0.0
36.5,0.6365249390981906,1.159226744876159,0.8949795101350018,-0.8222886561798778,0.5721354201175767,1.192695713311033,0.524461881112409,1.018372471872939,-0.2034329210309959,0.2508183254119533,0.6433175329324916,0.7433995311537049,-0.1556735806100304,0.5535989221639858,0.0707892014713846,0.0644997389756206,,-1.3229628435791023,1.164411508941469,-1.232724291397818,-0.1707811242106446,-1.2550366873904664,1.1645407179234188,-0.7498050234255186,0.360989472793488,-5.094299697271918,1.2055500355418982,0.0299974197307423,-0.6280876814209794,1.5022836890610738,0.0440435231435231,0.0826666278166279,0.067798445998446,-0.0836562540400776,0.0523893356643355,0.1087216989494852,0.067903388604859,0.1222023582282869,-0.0202763842366783,0.0297040015540015,0.1223225829725829,0.1314977466977466,-0.0250070068820069,0.0564292552219022,0.0069687664330851,0.0150563492063492,0.0,-0.3430421855921856,0.1573200699713082,-0.2050169931289901,-0.0162728856111209,-0.1692431940608412,0.1291213056551291,-0.0944006083785495,0.0287753968253967,-0.3969514818514821,0.0826603680633092,0.0049517760017759,-0.050576984126984,0.1646865856365856,7.0,6.0,6.0,5.0,7.0,8.0,7.0,8.0,9.0,4.0,4.0,6.0,7.0,9.0,10.0,6.0,8.0,4.0,9.0,6.0,9.0,4.0,8.0,6.0,7.0,3.0,7.0,5.0,8.0,5.0,5.0,4.0,4.0,8.0,7.0,9.0,7.0,9.0,6.0,5.0,3.0,5.0,5.0,6.0,7.0,1.0,0.0,5.0,10.0,9.0,6.0,8.0,8.0,7.0,5.0,6.0,6.0,7.0,1.0,4.0,5.0,4.0,4.0,5.0,6.0,8.0,6.0,8.0,6.0,4.0,2.0,5.0,4.0,6.0,7.0,1.0,0.0,1.0,9.0,4.0,6.0,4.0,8.0,5.0,5.0,2.0,6.0,5.0,1.0,4.0,0.0,0.0,0.0,0.0,0.0,0.0,0.0,0.0,0,0.0,0.0,0.0,0.0,0.0,0.0,0.0,0.0,0.0,0.0,0.0,0.0,0,0.0,0.0,0.0,0.0,0.0,0.0,0.0,0.0
37.5,-0.4240397321291625,2.647490823291947,0.0167991857998686,-1.0756785828330055,0.4213019424668315,1.0489260796292632,0.1571801496952867,-0.2260432664925707,0.4097100902291766,1.1410315748923592,0.8788544622863664,0.0048567364399467,-0.116653943329713,-0.1981263233791637,0.225872707385182,0.5761913749820481,,-0.9068516365441698,1.126651503165333,-0.9108786300027074,0.4347246641826143,-1.2686813900936915,0.9134139011892056,0.5385145104098428,1.106019571855828,-3.328883895661659,0.7832405754181649,-0.5665608453994887,-0.6450387101164372,0.927869155479422,-0.0252073426573428,0.1849689310689309,0.0011707847707846,-0.1179175682160976,0.0366169164169164,0.0946610177404294,0.0185829448329448,-0.0269378307451062,0.0461697136197136,0.1473045787545788,0.1806515873015873,0.0008529914529914,-0.0137562186179834,-0.0198573315573314,0.018458022472883,0.1549508658008658,0.0,-0.2108222111222111,0.1515534542426956,-0.1426201112269224,0.0422432551109019,-0.1713402719829191,0.10055269828211,0.0728686497884639,0.0993204906204906,-0.2906958707958709,0.0595039345157766,-0.0920410533910534,-0.0501888888888888,0.08051761016761,8.0,5.0,7.0,5.0,8.0,7.0,6.0,6.0,8.0,5.0,3.0,5.0,7.0,9.0,10.0,7.0,8.0,5.0,9.0,7.0,8.0,4.0,7.0,7.0,6.0,5.0,9.0,4.0,8.0,6.0,6.0,5.0,5.0,8.0,6.0,8.0,6.0,9.0,5.0,5.0,1.0,4.0,6.0,4.0,8.0,3.0,0.0,3.0,10.0,9.0,6.0,8.0,8.0,9.0,4.0,6.0,8.0,7.0,1.0,5.0,6.0,5.0,5.0,5.0,6.0,7.0,5.0,6.0,5.0,5.0,1.0,3.0,5.0,4.0,8.0,3.0,0.0,1.0,9.0,5.0,6.0,4.0,7.0,7.0,4.0,3.0,8.0,4.0,1.0,5.0,0.0,0.0,0.0,0.0,0.0,0.0,0.0,0.0,0,0.0,0.0,0.0,0.0,0.0,0.0,0.0,0.0,0.0,0.0,0.0,0.0,0,0.0,0.0,0.0,0.0,0.0,0.0,0.0,0.0
38.5,-0.3871024765395937,1.6902379657504325,-2.028934749444576,-2.0176195444264393,-1.3487674335109936,0.8859492911914097,-0.1705320940442372,0.0799808994005123,1.081274148617977,0.2080718135102878,-1.3813627548414384,-1.188048799075728,-0.4419123272647183,0.3356406925497672,0.3041230388385685,1.3463344442033875,0.0157406142375584,-0.2895972034067495,1.1129401689919975,-0.5374733800989204,1.1799897664890204,-2.1288302896668942,0.5861545019195438,0.4454215238426456,0.3023084767769402,-3.41271491467554,0.709645795827603,-0.7973403325829308,-0.7231679907603188,0.4813046698376086,-0.0233737595737596,0.1088750915750914,-0.1283554112554114,-0.2245218193571135,-0.0946064491064491,0.0760770004505297,-0.0196744394494394,0.0089825813075811,0.1215453796203798,0.0278502830502831,-0.2676174603174603,-0.1741950438450438,-0.0511713946184534,0.0345879342879343,0.0282579743184232,0.3828183483183482,0.0034300144300144,-0.0573380230880231,0.1521079446525266,-0.0835940947940948,0.1154783713019007,-0.276482574271274,0.0661238105032222,0.0610746327803604,0.0291551670551671,-0.3194355200355201,0.0512298691504573,-0.1255276085026085,-0.0657842712842712,0.048322927072927,8.0,6.0,7.0,4.0,9.0,6.0,7.0,6.0,7.0,5.0,2.0,4.0,6.0,8.0,10.0,6.0,7.0,6.0,9.0,8.0,7.0,3.0,7.0,7.0,7.0,6.0,8.0,5.0,8.0,6.0,6.0,6.0,6.0,8.0,5.0,7.0,6.0,8.0,5.0,7.0,1.0,4.0,7.0,4.0,8.0,5.0,1.0,2.0,9.0,8.0,6.0,10.0,8.0,9.0,4.0,6.0,7.0,7.0,2.0,7.0,6.0,6.0,5.0,4.0,5.0,6.0,5.0,6.0,5.0,5.0,0.0,2.0,5.0,4.0,8.0,5.0,1.0,1.0,9.0,6.0,6.0,3.0,7.0,7.0,4.0,3.0,7.0,4.0,2.0,6.0,0.0,0.0,0.0,0.0,0.0,0.0,0.0,0.0,0,0.0,0.0,0.0,0.0,0.0,0.0,0.0,0.0,0.0,0.0,0.0,0.0,0,0.0,0.0,0.0,0.0,0.0,0.0,0.0,0.0
39.5,-1.1010259019358988,-0.0670719223296869,-0.6894146317968428,-1.9464464834995672,-0.6376847063950701,1.3715267368759971,-1.3421634282487849,-0.2055543208335374,-0.5156393393539991,0.2792065652266648,0.2531218794634661,-0.0220195642219393,0.9160220528872992,0.6967929853091748,1.345838886837983,1.2124766876611153,0.0809293405421931,0.2253654263851738,1.0348282519090122,0.2493511069228199,1.157024517178976,-1.1185765203183218,0.9035319175794072,0.94437306647764,-1.5890780439671095,-2.206120195273887,1.259056598296864,-0.5451740376903521,-0.1458111358249576,0.7160094046235401,-0.0578390594699419,-0.0035526116040821,-0.0425683150183151,-0.218426686059039,-0.0463595404595406,0.099627281052281,-0.1543875901875901,-0.0216201424736254,-0.0427322455322455,0.036688616938617,0.0485269841269841,-0.0031210067710066,0.0918831599772775,0.0684095737595739,0.1263087706840802,0.3480499250749251,0.0190330447330446,0.0394965367965368,0.1459461869228121,0.030267474518945,0.1252958229678817,-0.1455002295090529,0.1032764794029499,0.1196034264754853,-0.1487046897546898,-0.2051831307581308,0.1030600341351114,-0.082228232878233,-0.0144071428571428,0.0731332084582083,9.0,6.0,8.0,4.0,8.0,7.0,7.0,6.0,6.0,5.0,2.0,4.0,8.0,8.0,8.0,6.0,5.0,7.0,9.0,9.0,7.0,4.0,7.0,6.0,7.0,8.0,8.0,5.0,7.0,8.0,7.0,7.0,6.0,8.0,5.0,7.0,5.0,9.0,5.0,7.0,2.0,4.0,7.0,5.0,8.0,7.0,1.0,1.0,10.0,6.0,6.0,9.0,8.0,7.0,4.0,6.0,8.0,6.0,3.0,7.0,7.0,6.0,6.0,4.0,5.0,7.0,4.0,6.0,4.0,5.0,1.0,3.0,7.0,5.0,8.0,6.0,1.0,1.0,9.0,6.0,6.0,4.0,7.0,6.0,3.0,4.0,8.0,4.0,3.0,7.0,0.0,0.0,0.0,0.0,0.0,0.0,0.0,0.0,0,0.0,0.0,0.0,0.0,0.0,0.0,0.0,0.0,0.0,0.0,0.0,0.0,0,0.0,0.0,0.0,0.0,0.0,0.0,0.0,0.0
40.5,1.4666585135011767,-1.0090979383970928,-0.5478181409115995,-1.890853561490641,-0.707614394638684,0.2049566842794562,0.0360609757652892,-1.2975014970835308,0.2533144983499828,0.4927619762142781,0.7004636876799669,0.0840905468190245,0.927896615674956,0.2139827541993848,-0.0844004880171807,0.868406891350269,0.9572574564662872,0.6945133568170989,0.595984335509298,1.0011389243499962,-1.3713570992061317,-1.2429039724073527,-0.0566699359486216,0.0644690139036452,0.5887932735721423,-0.9062760180013196,1.620765838494446,0.3145724683702509,-0.6595771822053034,0.8622960500262391,0.0909541478129712,-0.0587321957454312,-0.0347531968031969,-0.1738021645021646,-0.0550752525252524,0.0155858744196978,0.0041943556443554,-0.1284283982357513,0.0202946886446886,0.0637398823398824,0.1547551226551227,0.0134611000110999,0.0996361284140694,0.0190297418268007,-0.0086794978928881,0.2363837050204698,0.200121645021645,0.1738087523587523,0.08067885297537,0.1306247176026587,-0.171455366202425,-0.1646280397706868,-0.007142118992119,0.007766862059509,0.0437770451770451,-0.0750144078144078,0.1522345700223408,0.0455548673548673,-0.0813725996225996,0.0945820228790815,7.0,7.0,8.0,4.0,8.0,6.0,8.0,6.0,5.0,5.0,4.0,4.0,8.0,6.0,7.0,6.0,3.0,7.0,7.0,8.0,5.0,4.0,7.0,6.0,7.0,9.0,8.0,6.0,6.0,7.0,7.0,7.0,6.0,7.0,4.0,7.0,6.0,8.0,5.0,7.0,4.0,4.0,7.0,5.0,9.0,9.0,1.0,3.0,9.0,7.0,7.0,9.0,6.0,7.0,5.0,4.0,8.0,6.0,4.0,8.0,7.0,6.0,6.0,4.0,4.0,6.0,6.0,5.0,4.0,5.0,3.0,3.0,7.0,4.0,7.0,6.0,1.0,3.0,7.0,7.0,4.0,4.0,5.0,5.0,5.0,4.0,8.0,5.0,3.0,7.0,0.0,0.0,0.0,0.0,0.0,0.0,0.0,0.0,0,0.0,0.0,0.0,0.0,0.0,0.0,0.0,0.0,0.0,0.0,0.0,0.0,0,0.0,0.0,0.0,0.0,0.0,0.0,0.0,0.0
41.5,2.020615096907116,-1.609129799564242,-0.944684484310642,-1.1979328820862498,-0.7296027400940727,-0.5195811541701666,0.0447204836756796,-2.089446765876976,-1.0088983109455196,0.3020395344712445,0.9646001176241398,-0.0659570210421671,0.2662430255154335,1.1117619024205478,-0.770151516802369,0.46192022086497,1.5759947408997337,0.3289949943275425,-0.1364267471523425,1.051036502729695,-0.937996682465076,-0.5243061162548338,0.0743943115934784,0.0197136559031767,0.4330330238843627,-0.3022450335386153,0.5802711056825584,0.8870969660171315,-1.224219584558766,0.7238059819731198,0.1418657886231414,-0.1130844048108755,-0.0770087468087468,-0.128010644910645,-0.0577893384393384,-0.0434862906701144,0.0051515265779968,-0.1902462423197717,-0.0972521106344636,0.0403954600954601,0.2083917748917747,-0.0108866355866354,0.0323483679633058,0.0992710758196052,-0.0821974892066998,0.1240840946635064,0.3254952214452214,0.0903037851037852,-0.0164608505701385,0.15461523133729,-0.1173059806206865,-0.0680008864544469,0.0067842157842156,0.0020720777588425,0.0315721056721056,-0.0260515762015761,0.0446537926641641,0.129789615939616,-0.1230188145188145,0.0741083666333666,7.0,6.0,9.0,6.0,8.0,6.0,7.0,5.0,5.0,5.0,4.0,4.0,8.0,5.0,7.0,6.0,3.0,7.0,5.0,8.0,4.0,5.0,8.0,5.0,7.0,8.0,7.0,6.0,4.0,8.0,7.0,7.0,5.0,6.0,4.0,8.0,7.0,8.0,6.0,7.0,5.0,6.0,8.0,5.0,9.0,9.0,2.0,6.0,8.0,7.0,7.0,10.0,6.0,7.0,5.0,4.0,8.0,7.0,5.0,7.0,7.0,5.0,5.0,4.0,4.0,6.0,6.0,4.0,4.0,5.0,4.0,4.0,7.0,4.0,6.0,5.0,2.0,4.0,5.0,7.0,4.0,5.0,6.0,5.0,5.0,4.0,7.0,6.0,3.0,7.0,0.0,0.0,0.0,0.0,0.0,0.0,0.0,0.0,0,0.0,0.0,0.0,0.0,0.0,0.0,0.0,0.0,0.0,0.0,0.0,0.0,0,0.0,0.0,0.0,0.0,0.0,0.0,0.0,0.0
42.5,0.9686185836081852,-1.269946624178977,-0.739099837177956,-0.7958981909229442,0.080873460024404,0.4981758547137225,1.218476749215462,-1.2611312786021494,-0.6819775908460185,-0.4440417617921989,0.7373997961931797,-1.22400285464643,1.011234599791133,0.5351901646940374,-1.0193030494601436,0.2473187817115525,2.4689657757658043,0.8183367884537188,-1.522751610394273,1.853827972284645,-0.9034863564614516,0.112359663292068,-0.647759651400203,-0.4837876534393073,-0.0918374704231481,0.3784135258834857,0.6131406748236796,0.651075067946963,-2.826546882195251,0.3210411662900848,0.0660623709623708,-0.0701220945720947,-0.0639609834609835,-0.0676890664890665,0.0064996891996892,0.0425488131149894,0.1481576660267837,-0.1251072566322565,-0.0793732984335925,-0.0591824175824176,0.1696742757242757,-0.2045751705810531,0.1360530228801126,0.0487793559381795,-0.0995218302423411,0.0658797547224018,0.4125294594294594,0.2377762081056198,-0.1737957044589397,0.2397445556077909,-0.1378390398387302,0.0146601930920816,-0.0597986013986014,-0.0491005106005106,-0.0064973692973694,0.0304078921078921,0.0434729876332817,0.0877504384504385,-0.2791574730824732,0.0350915559930264,7.0,7.0,9.0,6.0,7.0,7.0,7.0,7.0,6.0,4.0,6.0,3.0,7.0,6.0,7.0,5.0,3.0,7.0,3.0,6.0,5.0,6.0,7.0,4.0,8.0,7.0,6.0,7.0,3.0,8.0,6.0,7.0,5.0,5.0,4.0,8.0,7.0,6.0,7.0,7.0,7.0,8.0,8.0,6.0,9.0,8.0,3.0,7.0,7.0,6.0,9.0,10.0,6.0,6.0,6.0,4.0,7.0,6.0,7.0,8.0,6.0,6.0,5.0,4.0,4.0,7.0,7.0,4.0,5.0,4.0,6.0,3.0,7.0,5.0,6.0,4.0,3.0,6.0,3.0,6.0,5.0,6.0,5.0,4.0,6.0,4.0,6.0,6.0,3.0,7.0,0.0,0.0,0.0,0.0,0.0,0.0,0.0,0.0,0,0.0,0.0,0.0,0.0,0.0,0.0,0.0,0.0,0.0,0.0,0.0,0.0,0,0.0,0.0,0.0,0.0,0.0,0.0,0.0,0.0
43.5,-0.6913928666577891,-1.819942526750527,-1.423975770160614,0.0623459422024901,-0.268775280039476,1.0513497486445746,0.2452472711207783,-1.001147762721656,-0.4181488076312848,-0.1702635227671123,0.7902622042957362,-0.4472565058563694,-0.4533894226383673,-0.555291784357777,-0.86061983169378,0.7059876489737037,-0.5086759073131394,0.3910118631103702,-0.9979839268597608,0.3391549140809411,-0.9971041040084484,0.1135975553331984,0.0578137621114615,-0.778542570132986,0.057649455144369,1.7181824984810357,-0.500628717251559,1.044019739747784,-2.8098830098906986,0.5579784480443809,-0.0543107059607059,-0.1101966758731466,-0.1430144744144743,0.0055415861915862,-0.0201840548340548,0.0944306925874263,0.0315760017760016,-0.1068856976356975,-0.053789822217686,-0.0227397047397047,0.173466192141192,-0.0725523723009017,-0.0607536801262033,-0.0504345354851546,-0.0869152056491838,0.1908862844671669,-0.0893101787101786,0.1179949324583224,-0.0979844239094238,0.043755517521694,-0.1514164679661584,0.0146743602974251,0.0060254745254744,-0.0928175824175824,0.0044131202131201,0.1214356143856143,-0.0395648859138798,0.1693321928071928,-0.274707930957931,0.0591261728467609,7.0,8.0,8.0,8.0,7.0,8.0,7.0,7.0,7.0,4.0,6.0,4.0,5.0,6.0,8.0,5.0,2.0,6.0,4.0,4.0,5.0,6.0,8.0,4.0,8.0,6.0,6.0,7.0,3.0,8.0,6.0,7.0,4.0,5.0,3.0,9.0,7.0,4.0,8.0,6.0,8.0,8.0,8.0,7.0,8.0,8.0,5.0,9.0,7.0,6.0,10.0,10.0,6.0,5.0,6.0,5.0,8.0,7.0,7.0,8.0,5.0,6.0,3.0,5.0,3.0,8.0,6.0,3.0,6.0,4.0,6.0,4.0,5.0,5.0,6.0,5.0,2.0,6.0,4.0,4.0,5.0,6.0,6.0,3.0,6.0,5.0,6.0,7.0,3.0,7.0,0.0,0.0,0.0,0.0,0.0,0.0,0.0,0.0,0,0.0,0.0,0.0,0.0,0.0,0.0,0.0,0.0,0.0,0.0,0.0,0.0,0,0.0,0.0,0.0,0.0,0.0,0.0,0.0,0.0
44.5,-2.3275604119036717,-1.5427743908350668,-0.9958477718185051,0.2847386059427266,0.9434635580271948,1.5368652431511185,0.5056507786773305,-0.1173476122679278,-0.4718336269894206,-0.3876918002163387,0.6944092759379301,-1.3099413745662771,0.2951232582476982,-0.8098334197180816,-0.6140939499553386,1.1495918707836548,-0.8166881340010322,0.0407748173455209,-2.7660809096793937,0.9277563296085956,0.0265625748547475,-0.1566183564418385,-0.6824675864785769,-0.8013794730059195,-0.7218810303739335,1.4313481404368096,-0.641197325664801,1.1232175433385698,-4.010718273019263,0.8731184454851378,-0.1543311577311577,-0.0950606060606061,-0.0717487012987012,0.0253482794982795,0.0798991452991454,0.1442792029092336,0.0658489623121975,-0.0130538073038072,-0.0538933200786142,-0.0592455266955266,0.1550606920856919,-0.2107536310095134,0.0386859901536372,-0.0746772689299005,-0.0720749310201323,0.3166737234987236,-0.1710962178344529,0.0112158655499986,-0.2540799496255379,0.1339643967143968,0.0037005857317776,-0.0191844022764301,-0.0658391608391609,-0.0903922188922189,-0.062455377955378,0.1021001998001996,-0.046693167943168,0.1799682595182595,-0.4402870046620047,0.096498257624728,7.0,9.0,8.0,7.0,6.0,9.0,7.0,9.0,8.0,4.0,6.0,3.0,4.0,8.0,9.0,6.0,2.0,5.0,3.0,5.0,7.0,7.0,9.0,4.0,7.0,4.0,5.0,7.0,3.0,7.0,4.0,6.0,3.0,5.0,4.0,10.0,7.0,4.0,7.0,5.0,8.0,8.0,6.0,8.0,6.0,7.0,6.0,11.0,7.0,5.0,11.0,10.0,6.0,5.0,6.0,5.0,7.0,7.0,7.0,8.0,3.0,6.0,3.0,5.0,4.0,9.0,6.0,4.0,6.0,3.0,6.0,3.0,4.0,6.0,5.0,6.0,2.0,5.0,3.0,4.0,7.0,6.0,6.0,3.0,5.0,4.0,5.0,7.0,2.0,7.0,0.0,0.0,0.0,0.0,0.0,0.0,0.0,0.0,0,0.0,0.0,0.0,0.0,0.0,0.0,0.0,0.0,0.0,0.0,0.0,0.0,0,0.0,0.0,0.0,0.0,0.0,0.0,0.0,0.0
45.5,-0.5305605113007346,0.1262842570782545,-0.1594819482645243,-0.4255945051970187,1.6388993417212945,1.1249759274793896,-0.5079898698973672,-0.0913664476868047,-0.7063727517517504,-0.4955858373298615,0.815875829671066,-0.4635049354369661,-0.2499391961488588,0.2168147528437023,-0.2205221361114457,1.4924768187398485,-0.6402532963148507,0.4598260694594874,-0.9163242159462504,2.0061764602594683,-0.0042977604714923,0.7228295541529055,0.5776981025006457,-1.2739143246840208,-0.9626103062029692,-0.7345826561036288,-0.9132120715553744,0.9217598438590102,-1.6104961117686525,1.2710303212775502,-0.0355614829614829,0.0066682400932399,-0.0116132700632699,-0.037279353979354,0.1405191142191142,0.1099936552353735,-0.0660432012432011,-0.0087569208569207,-0.0827002928444106,-0.0634626984126983,0.1868594017094017,-0.0747770172637821,-0.0401981407481407,0.0197003592125107,-0.021757339555869,0.398978182928183,-0.15247495004995,0.1324135900219492,-0.1063844877344877,0.1950098151848152,-0.0005724910194725,0.0913533645576988,0.0670955803999922,-0.1330811188811187,-0.090864169164169,-0.0570461205461205,-0.0805335762276938,0.1410728632478631,-0.1699059886192241,0.1339120046620046,8.0,8.0,7.0,8.0,6.0,8.0,7.0,7.0,9.0,4.0,6.0,4.0,5.0,10.0,10.0,7.0,3.0,6.0,5.0,6.0,7.0,7.0,7.0,5.0,8.0,4.0,6.0,8.0,4.0,7.0,4.0,7.0,3.0,5.0,6.0,9.0,5.0,3.0,6.0,5.0,7.0,8.0,5.0,8.0,5.0,7.0,8.0,9.0,8.0,5.0,11.0,10.0,8.0,5.0,6.0,6.0,7.0,7.0,8.0,7.0,4.0,7.0,3.0,5.0,6.0,8.0,4.0,3.0,5.0,3.0,6.0,4.0,3.0,8.0,5.0,7.0,3.0,6.0,5.0,5.0,7.0,7.0,7.0,3.0,5.0,4.0,5.0,7.0,4.0,7.0,0.0,0.0,0.0,0.0,0.0,0.0,0.0,0.0,0,0.0,0.0,0.0,0.0,0.0,0.0,0.0,0.0,0.0,0.0,0.0,0.0,0,0.0,0.0,0.0,0.0,0.0,0.0,0.0,0.0
46.5,-1.3580384980137423,0.2470999944037344,1.1993243668575195,0.2152535305259952,0.5696836396616287,1.1112689374511693,0.147014876516112,-0.1013780453080354,-0.1311443426336495,0.4833773799066257,0.7114913006835926,-0.5261390063406246,-0.4385194724348308,-0.2918123928290313,1.3153086324091998,0.833297048471686,-1.266902681973212,0.6492524794016303,-0.5321057856684868,0.1146122310896515,-0.0095472255150899,1.2311095065941773,0.5566143740576734,0.1576944433249499,-0.8601274832116803,-1.4751703055524965,-0.6697107283923786,0.2603788334394651,-0.3015724435291428,-0.074105881931462,-0.0850503496503495,0.0187070429570428,0.0888716061716061,0.0194573065823064,0.0552717615717616,0.0985484851835469,0.0204481629481629,-0.0107846375846375,-0.012212611897906,0.0595747086247084,0.1637160839160837,-0.086062366718249,-0.0678414807414807,-0.0271827526618548,0.1139461630818441,0.2247932456432456,-0.3119855571157428,0.1903605744702493,-0.0653709455577102,0.0117616244866244,-0.0012298255751816,0.1574770627549264,0.0649262492409551,0.0177029304029304,-0.062637962037962,-0.1185044566544567,-0.0593430457743151,0.037302353202353,-0.0307391164391165,-0.00764826007326,9.0,8.0,6.0,8.0,6.0,8.0,9.0,7.0,9.0,4.0,6.0,4.0,6.0,11.0,8.0,7.0,2.0,7.0,7.0,6.0,8.0,8.0,7.0,5.0,9.0,5.0,7.0,8.0,5.0,5.0,3.0,6.0,5.0,7.0,7.0,10.0,4.0,3.0,6.0,5.0,8.0,8.0,3.0,8.0,6.0,5.0,9.0,9.0,8.0,5.0,10.0,10.0,8.0,5.0,6.0,6.0,8.0,6.0,7.0,7.0,3.0,6.0,5.0,7.0,6.0,8.0,4.0,3.0,6.0,4.0,6.0,4.0,2.0,8.0,6.0,5.0,2.0,7.0,6.0,4.0,7.0,8.0,7.0,4.0,6.0,4.0,6.0,6.0,5.0,5.0,0.0,0.0,0.0,0.0,0.0,0.0,0.0,0.0,0,0.0,0.0,0.0,0.0,0.0,0.0,0.0,0.0,0.0,0.0,0.0,0.0,0,0.0,0.0,0.0,0.0,0.0,0.0,0.0,0.0
47.5,-1.4126348215370588,0.732290279378134,1.1973961797696877,0.3713738162008161,-0.0356239378533472,0.2741302561013159,-1.049262841328103,-0.0133947033406726,-0.0034739583352745,1.2017655337325188,0.8433471508215264,0.1607530661265953,-0.5121350049879212,0.307333610193332,0.3384267820556607,0.2547316014141494,-1.171296168770123,0.6563429396655568,-0.0053759857743206,0.7221394534978899,0.5318967378698835,0.9998309924390432,0.4811650284915705,0.4433976751589968,0.5070874514304068,-1.645010907204857,0.0391608608067255,0.7712450310204076,0.2278945785691799,0.5575954032329368,-0.0868649961149961,0.0617202464202462,0.0873562604062603,0.0344890526140526,-0.0038031953340778,0.0244404909332153,-0.1265007381507381,-0.0013799256299257,-0.0003357441578029,0.1567798701298702,0.1882326479076478,0.0289460039960038,-0.0656219447219447,0.0315174470610229,0.0286643968776322,0.0679080364080364,-0.2752901753389369,0.1857701928790163,-0.0006728139163899,0.091733751216104,0.0680505284189495,0.134604831932773,0.0556953091026619,0.0496671939171938,0.0424733044733044,-0.1239366603984251,0.0033894484600366,0.1239313936063934,0.0233126817626816,0.0472340326340324,9.0,8.0,6.0,8.0,6.0,7.0,9.0,7.0,9.0,5.0,6.0,5.0,6.0,11.0,6.0,6.0,2.0,7.0,9.0,8.0,8.0,9.0,7.0,7.0,7.0,6.0,7.0,8.0,7.0,5.0,3.0,6.0,5.0,7.0,8.0,10.0,3.0,4.0,6.0,5.0,8.0,7.0,3.0,9.0,5.0,4.0,9.0,7.0,8.0,6.0,9.0,8.0,9.0,5.0,5.0,7.0,7.0,7.0,7.0,6.0,3.0,6.0,5.0,7.0,6.0,7.0,3.0,4.0,6.0,5.0,6.0,5.0,2.0,9.0,4.0,3.0,2.0,6.0,7.0,6.0,7.0,8.0,7.0,5.0,5.0,5.0,6.0,7.0,6.0,5.0,0.0,0.0,0.0,0.0,0.0,0.0,0.0,0.0,0,0.0,0.0,0.0,0.0,0.0,0.0,0.0,0.0,0.0,0.0,0.0,0.0,0,0.0,0.0,0.0,0.0,0.0,0.0,0.0,0.0
48.5,-0.6872263999829553,1.314539199616723,0.2964172521785314,0.4446283638647242,0.5503171776002654,-0.2530437838391702,-1.2806763348832702,-0.1773312774602077,0.3594911504951419,1.161972261704499,1.407906051336249,-0.2896480376875272,-0.0660263936664787,-0.0474306462760152,0.7788565069857296,0.5235663181917815,-1.1759856611344346,0.5970373757608282,0.1285764928130235,0.1558802534370699,0.3191392467756955,0.9559269951175676,0.0969967534517959,0.9987515867190816,0.6400899938879254,-1.932385446255468,-0.1730946546148861,-0.0383903401248787,0.0928808568142066,-2.148292667083576,-0.0434894327894327,0.1108484071484072,0.0196093573093572,0.0485428140486963,0.0535582255979313,-0.0213434101845866,-0.1443088356088355,-0.0163445720945721,0.0309696378784612,0.165894227994228,0.3119846597846597,-0.0513667554667555,-0.0084979686979687,-0.0047080070686109,0.0679292923966299,0.1230967254967254,-0.2869575462291407,0.1609229270729271,0.0150089650545531,0.0259486622854269,0.038593903868749,0.1231769622534328,0.011319273700156,0.1164780187133127,0.0536590187590187,-0.1626950054847115,-0.0116516689193161,-0.0055931068931068,0.0088149739149737,-0.1860199467199469,8.0,6.0,5.0,7.0,7.0,6.0,9.0,8.0,8.0,5.0,7.0,4.0,8.0,11.0,6.0,6.0,2.0,8.0,10.0,10.0,8.0,8.0,6.0,7.0,7.0,7.0,9.0,6.0,8.0,3.0,3.0,4.0,6.0,8.0,9.0,9.0,3.0,6.0,6.0,5.0,7.0,7.0,2.0,8.0,6.0,5.0,9.0,5.0,7.0,7.0,8.0,8.0,9.0,7.0,5.0,7.0,7.0,6.0,6.0,6.0,3.0,4.0,5.0,7.0,7.0,6.0,3.0,6.0,6.0,5.0,7.0,4.0,2.0,8.0,5.0,4.0,2.0,5.0,7.0,7.0,7.0,7.0,6.0,7.0,5.0,5.0,7.0,5.0,6.0,3.0,0.0,0.0,0.0,0.0,0.0,0.0,0.0,0.0,0,0.0,0.0,0.0,0.0,0.0,0.0,0.0,0.0,0.0,0.0,0.0,0.0,0,0.0,0.0,0.0,0.0,0.0,0.0,0.0,0.0
49.5,-0.6561122963139533,1.3675506493919172,1.1456614926209294,0.996459837969932,0.3720027864499836,-1.372116369738784,-1.1130900009500213,1.276806441615887,0.2588067672607243,0.2300886177680269,0.9352691833962852,0.656673663213546,-0.3720774159244077,0.4686283382677814,0.7282373943175243,0.7853653007856731,-1.153960760399524,0.2474212132941449,-0.1796830261637901,0.8662253097622618,0.2675856794696612,1.8685999208037152,-0.9128222765495324,1.0127202640054105,0.0034862613636991,-0.0118046914569094,0.0449101303510242,-0.8331764482867611,-0.7641979736610818,-0.0643332093348783,-0.0431652791652792,0.1391430014430014,0.0793474574445162,0.1094090967855673,0.0362489675357321,-0.1153860231271997,-0.1391013764013763,0.1228551726051725,0.0230551856640089,0.0312298479298479,0.2098435231435232,0.1145919136419136,-0.0468530469530469,0.0485806944431556,0.0609282818059133,0.1810750249750249,-0.2915433171403758,0.0571995393495393,-0.0178314517182165,0.1631917308955235,0.0325485151415491,0.232269214119214,-0.102531181073828,0.1333081005595709,0.0003028971028972,-0.0008848262848264,0.0032755997270702,-0.1127996225996225,-0.0700133533133533,-0.0066619380619381,8.0,6.0,7.0,8.0,7.0,6.0,9.0,6.0,8.0,5.0,7.0,4.0,9.0,11.0,7.0,6.0,2.0,8.0,10.0,9.0,10.0,7.0,5.0,8.0,8.0,8.0,9.0,5.0,8.0,3.0,4.0,3.0,7.0,8.0,9.0,8.0,3.0,6.0,6.0,7.0,6.0,6.0,3.0,8.0,8.0,4.0,9.0,3.0,7.0,9.0,8.0,7.0,9.0,8.0,5.0,6.0,7.0,6.0,7.0,5.0,4.0,3.0,7.0,8.0,7.0,5.0,3.0,6.0,6.0,5.0,6.0,4.0,3.0,8.0,7.0,4.0,2.0,3.0,7.0,9.0,8.0,7.0,5.0,8.0,5.0,6.0,7.0,4.0,6.0,3.0,0.0,0.0,0.0,0.0,0.0,0.0,0.0,0.0,0,0.0,0.0,0.0,0.0,0.0,0.0,0.0,0.0,0.0,0.0,0.0,0.0,0,0.0,0.0,0.0,0.0,0.0,0.0,0.0,0.0
50.5,-0.1923040585189847,0.9686936265137568,1.445865735788937,0.0862352491629051,0.2474956733280705,-0.8343749179565891,-0.855387664524946,1.1185469867190012,1.0634864984586967,0.2877279126775523,0.1784691715537575,0.2013554765137022,-0.0352520147479567,0.4641881625724049,-1.318893384284637,0.3148925120524533,-1.077102044832037,0.1875221476450043,0.1153441941151214,0.8395590731915471,0.105664850235192,-0.1095156541235937,0.8464572071244527,0.655906517127384,1.482379396149078,0.0779831357963779,-0.7080804990034161,-1.0315260431079445,-0.083224544929517,0.945859964754062,-0.0145813519813519,0.0351181096681096,0.1119104366222011,0.0095191729838787,0.023742382127676,-0.0690431548843314,-0.0960404817404816,0.1151342466357171,0.1408100680365386,0.0366858252858252,0.0378574536574537,0.0365726107226107,-0.0043277306027305,0.0551494905421376,-0.1286887374751153,0.0827750915750915,-0.2651049097273555,0.0358766178266178,0.011418381455146,0.1469543841435481,0.014286239199397,-0.0124469256233963,0.0913097280170809,0.0854004027018733,0.1358345987345988,0.0070057720057721,-0.0558192774545717,-0.1494550394050394,-0.0072467643467645,0.0856593295593295,8.0,6.0,7.0,8.0,8.0,6.0,9.0,7.0,8.0,5.0,5.0,5.0,9.0,10.0,7.0,5.0,2.0,8.0,10.0,10.0,10.0,5.0,7.0,7.0,7.0,8.0,9.0,3.0,8.0,3.0,5.0,1.0,7.0,8.0,8.0,7.0,5.0,7.0,8.0,7.0,6.0,4.0,5.0,6.0,9.0,4.0,8.0,3.0,7.0,9.0,9.0,8.0,8.0,8.0,6.0,5.0,8.0,6.0,6.0,4.0,5.0,1.0,7.0,7.0,7.0,5.0,5.0,7.0,8.0,5.0,4.0,3.0,5.0,6.0,6.0,3.0,2.0,2.0,7.0,9.0,8.0,5.0,7.0,7.0,6.0,5.0,7.0,3.0,6.0,3.0,0.0,0.0,0.0,0.0,0.0,0.0,0.0,0.0,0,0.0,0.0,0.0,0.0,0.0,0.0,0.0,0.0,0.0,0.0,0.0,0.0,0,0.0,0.0,0.0,0.0,0.0,0.0,0.0,0.0
51.5,0.557271449904964,0.151088675863424,0.5828252277848369,1.0567212215157056,-0.1095416734465673,-1.5548419345478215,0.6916103290232943,0.4006094026007594,1.1881973495909504,0.2261058196828838,-0.293539211697988,0.1483538440584441,0.0578727337306802,0.8994076396777756,0.0110566449824143,0.058572815590453,-0.5742679741419474,-0.1026315176203972,-0.6402662882505723,0.725120850816379,0.7313328280747082,-2.0936118619255404,-0.0236074481219395,0.4466765216262338,0.6739869127520511,1.3014152246034874,-0.0576451596922465,-0.8674383543168154,-0.6078317493339253,1.3076185724350782,0.0390043290043289,0.0081071428571428,0.0439537462537462,0.1166278985720161,-0.0101208634502751,-0.1256804861804862,0.0854433788433789,0.0431041958041956,0.1363231941261351,0.0285336385836385,-0.0604287823287822,0.0250301587301587,0.0058626275685099,0.0851513408160464,0.0011076951943822,0.0157569042069041,-0.1309752179193355,-0.0176912698412698,-0.0555375957375957,0.1281146287922603,0.1038704906548558,-0.2643950515171105,-0.0024867216117218,0.0601079902295846,0.0529610722610721,0.1082481351981351,-0.0041298696401638,-0.1252539793539794,-0.0572761904761904,0.1193716505716505,7.0,7.0,7.0,8.0,8.0,5.0,7.0,8.0,7.0,5.0,4.0,5.0,9.0,8.0,9.0,3.0,2.0,9.0,10.0,10.0,8.0,3.0,7.0,7.0,7.0,7.0,9.0,3.0,9.0,5.0,5.0,1.0,6.0,8.0,8.0,6.0,6.0,6.0,7.0,8.0,5.0,3.0,6.0,6.0,9.0,6.0,6.0,1.0,6.0,9.0,9.0,8.0,7.0,9.0,5.0,6.0,7.0,6.0,6.0,4.0,5.0,1.0,6.0,8.0,7.0,4.0,6.0,6.0,7.0,5.0,3.0,2.0,6.0,6.0,8.0,3.0,2.0,1.0,6.0,9.0,8.0,3.0,6.0,7.0,5.0,6.0,7.0,3.0,6.0,4.0,0.0,0.0,0.0,0.0,0.0,0.0,0.0,0.0,0,0.0,0.0,0.0,0.0,0.0,0.0,0.0,0.0,0.0,0.0,0.0,0.0,0,0.0,0.0,0.0,0.0,0.0,0.0,0.0,0.0
52.5,0.7248787216874323,0.0192731639739801,0.0121646387162353,0.300161077695971,0.3953787185574823,-0.1541964143904506,0.6326866614871587,-0.1538351189532836,-0.0432653787289111,0.2327603905194575,-1.089232989926662,0.3651445674804738,0.8383552879308873,1.6598598521838444,0.4470817884469138,-0.6518460405265448,-1.764161405343049,,0.2734758069359122,0.6574440212904623,0.1544142825489267,-1.886717511897105,0.6869688987629595,0.7901142721550267,-0.9869527053321264,2.3984173603420778,-0.2735212294608055,-2.1356025528105396,0.1941190052882833,0.9548223061523384,0.0457980186480185,0.0006745310245309,0.0009668997668995,0.0318046169516755,0.0342814386593798,-0.0118539044289045,0.0809526726541433,-0.0157857975357975,-0.005908281046439,0.0300953046953047,-0.2266418525918525,0.044290836940837,0.0926705604852662,0.1518237555616037,0.0498190226526138,-0.1771649766899767,-0.3310537880420234,0.0,0.0255329316108727,0.1190070401219007,0.0209690485898688,-0.246174198024198,0.0654298701298701,0.1053647390191507,-0.0690979353979354,0.2049156759906759,-0.0245311644238115,-0.2704054168054168,0.018377589077589,0.0836740315240315,7.0,7.0,8.0,8.0,8.0,7.0,6.0,7.0,6.0,5.0,3.0,5.0,8.0,8.0,11.0,2.0,1.0,8.0,9.0,10.0,7.0,3.0,7.0,7.0,9.0,6.0,10.0,2.0,8.0,6.0,6.0,1.0,6.0,8.0,8.0,7.0,7.0,6.0,8.0,8.0,5.0,2.0,7.0,7.0,9.0,7.0,6.0,0.0,7.0,9.0,10.0,7.0,6.0,8.0,6.0,6.0,7.0,6.0,6.0,5.0,6.0,1.0,6.0,7.0,7.0,6.0,6.0,5.0,6.0,5.0,2.0,2.0,7.0,7.0,9.0,2.0,1.0,0.0,7.0,9.0,7.0,3.0,6.0,7.0,6.0,6.0,7.0,2.0,6.0,5.0,0.0,0.0,0.0,0.0,0.0,0.0,0.0,0.0,0,0.0,0.0,0.0,0.0,0.0,0.0,0.0,0.0,0.0,0.0,0.0,0.0,0,0.0,0.0,0.0,0.0,0.0,0.0,0.0,0.0
53.5,0.6307164363223827,-0.7528136623283362,-0.1705499129527462,0.5534876983204334,0.5080689554677084,0.328522278354729,-0.8086029662313734,-0.2288428820416147,0.769054282760854,0.3209670212509601,0.2658231876834082,0.3565067816238932,0.9736250790340296,1.6171726595992648,0.2964649384303274,-1.37236865911954,0.560261383848787,,0.6555332970416019,0.6276278726204002,-0.4170371564542153,-3.120381090427451,0.334397480619178,0.0412860683780172,-0.8989917561019212,0.6679931895871017,1.5375331030673292,-1.278050799280181,1.0638693253858504,-0.6870597416853831,0.0387644855144854,-0.0416559163059163,-0.0166002109002109,0.0634324263971322,0.047609872970167,0.0255667886035531,-0.104902662207074,-0.0231671495171494,0.1111040478699146,0.042310248085248,0.0616839493839493,0.0502992063492063,0.1293353623328855,0.1317537300934359,0.0309510385039796,-0.3715958918532448,0.1070930902430901,0.0,0.0737208172546407,0.1174643322277996,-0.0561343481423978,-0.4282180525356995,0.0335802530802529,0.005528276135629,-0.076076800976801,0.0456129037629037,0.1397012020659079,-0.1513158841158841,0.1049748806748807,-0.0564053557553556,7.0,8.0,9.0,9.0,7.0,8.0,4.0,8.0,8.0,5.0,4.0,5.0,7.0,7.0,11.0,1.0,2.0,8.0,9.0,10.0,6.0,2.0,8.0,6.0,9.0,7.0,8.0,3.0,7.0,8.0,6.0,2.0,5.0,8.0,8.0,7.0,7.0,5.0,9.0,8.0,6.0,2.0,8.0,6.0,9.0,8.0,4.0,0.0,8.0,9.0,10.0,8.0,6.0,8.0,5.0,5.0,7.0,4.0,6.0,5.0,6.0,2.0,5.0,8.0,7.0,7.0,4.0,5.0,8.0,5.0,4.0,2.0,7.0,6.0,9.0,1.0,2.0,0.0,8.0,9.0,6.0,2.0,6.0,6.0,5.0,5.0,7.0,2.0,6.0,5.0,0.0,0.0,0.0,0.0,0.0,0.0,0.0,0.0,0,0.0,0.0,0.0,0.0,0.0,0.0,0.0,0.0,0.0,0.0,0.0,0.0,0,0.0,0.0,0.0,0.0,0.0,0.0,0.0,0.0
54.5,-0.2086785784289384,-1.2743308603966157,-1.0462443514420072,0.9857476106063388,0.3206605670009368,0.3809222571979789,-0.4806692299055855,0.3267865959292027,0.6733404754510938,0.5201042806544037,0.225689845111741,-0.0203116756228737,0.3569981723027131,1.948039605278703,0.0037155721415074,-2.2100954998943614,2.348354167455488,0.1923551196462376,0.5116601233977944,0.230460162375166,-0.9961810776008138,-2.038886440369104,-0.5489993306515637,-1.1476864143567092,-0.675570208584467,0.6346728839669395,-0.0053184597645119,-0.3208165471511432,1.206571103960414,-0.1600026549062631,-0.0106333010127129,-0.0909019536019535,-0.0869372238872238,0.1057231175687057,0.0253660672660672,0.0319252747252745,-0.0620066477640006,0.0337391552891551,0.0916654694033177,0.0661771894771895,0.0524576534576535,-0.0029711399711399,0.044980813794049,0.1655195786669469,0.000377165455803,-0.6255729242979243,0.405518686868687,0.0334522366522366,0.0593329900491663,0.0362942560707265,-0.1371963537322671,-0.2545417352255589,-0.0432805971805972,-0.1453055199702259,-0.0523443889443889,0.0471153457653457,-0.0004309040632571,-0.0404074314574314,0.0975830447330445,-0.0174771228771228,6.0,9.0,9.0,7.0,8.0,7.0,4.0,8.0,7.0,5.0,4.0,6.0,7.0,7.0,11.0,0.0,3.0,7.0,9.0,10.0,5.0,3.0,8.0,4.0,9.0,7.0,7.0,4.0,6.0,8.0,7.0,4.0,3.0,8.0,7.0,8.0,7.0,6.0,8.0,8.0,6.0,3.0,7.0,7.0,8.0,7.0,3.0,1.0,8.0,7.0,10.0,8.0,5.0,8.0,6.0,5.0,7.0,3.0,5.0,5.0,6.0,4.0,3.0,7.0,7.0,7.0,4.0,6.0,7.0,5.0,4.0,3.0,6.0,7.0,8.0,0.0,3.0,1.0,8.0,7.0,5.0,3.0,5.0,4.0,6.0,5.0,6.0,2.0,5.0,5.0,0.0,0.0,0.0,0.0,0.0,0.0,0.0,0.0,0,0.0,0.0,0.0,0.0,0.0,0.0,0.0,0.0,0.0,0.0,0.0,0.0,0,0.0,0.0,0.0,0.0,0.0,0.0,0.0,0.0
55.5,1.4052154392239429,-0.6396106450705534,-0.7926355322789078,1.1334567512207787,-0.2346157393561637,0.1996520585685717,-1.7556738852915552,0.291270491327163,0.5359042980411184,0.9250961318022106,0.7078129373474907,0.1203899807286043,0.5676161362323208,0.7276167652955332,-0.339492088726578,-1.25286745373397,1.2689838692155584,0.0240927398504762,0.5430746876362093,0.4377066358145355,-2.50288480555981,-1.3620504348729203,0.3635532922473369,-1.9116594492257089,0.7359902434698267,-1.284349851442345,-0.3760231096858236,0.2236368293440526,0.9775211530422117,-0.5145118238769992,0.0843847231200171,-0.043558053058053,-0.0672213564213565,0.1438851870351869,-0.0245331113331113,0.0192240052431227,-0.2200347624597625,0.0310566156066156,0.0679051802600563,0.1278731934731934,0.1675182706182706,0.017267094017094,0.0617381788146492,0.0779767411553014,-0.0326588915642321,-0.349459570984571,0.2162228660228662,0.0057723054723054,0.0743406060399868,0.0790048570710334,-0.3477552434149957,-0.1571820790320791,0.0289884004884004,-0.2284324293353706,0.0586980103230101,-0.1145539072039072,-0.0251878987026047,0.0267609668109668,0.0812469474969473,-0.0455238761238762,7.0,8.0,9.0,5.0,7.0,8.0,4.0,7.0,6.0,4.0,6.0,6.0,8.0,8.0,11.0,1.0,2.0,6.0,8.0,10.0,3.0,5.0,7.0,3.0,8.0,8.0,7.0,6.0,4.0,9.0,7.0,5.0,2.0,6.0,6.0,8.0,6.0,5.0,8.0,6.0,8.0,4.0,6.0,9.0,7.0,7.0,3.0,3.0,9.0,6.0,10.0,7.0,5.0,7.0,7.0,6.0,7.0,3.0,5.0,6.0,7.0,5.0,2.0,5.0,5.0,7.0,3.0,5.0,6.0,4.0,6.0,4.0,6.0,8.0,7.0,1.0,2.0,2.0,8.0,6.0,3.0,4.0,5.0,3.0,7.0,5.0,6.0,3.0,4.0,6.0,0.0,0.0,0.0,0.0,0.0,0.0,0.0,0.0,0,0.0,0.0,0.0,0.0,0.0,0.0,0.0,0.0,0.0,0.0,0.0,0.0,0,0.0,0.0,0.0,0.0,0.0,0.0,0.0,0.0
56.5,1.518102533178468,-1.1516864415967285,-0.8088803394021477,1.2085200554922657,0.2925432697785969,1.221421695518649,-0.4752522277758423,-0.3199014071030744,0.892904247543899,0.1263247875123139,1.1617312823316737,1.0146934067101172,0.4692277574258752,0.9106546044494686,-0.2282100558446913,-1.1449560683344744,1.2874596823300393,0.590211442527892,0.9344258292629678,0.383834038562899,-1.101585317497664,-0.1621111460540402,-0.3259200904280544,-3.650399229610428,0.9103069805936688,-0.8079781878853686,0.6526169950164185,-0.5856086547143246,0.0424211512944331,-0.5879428754482071,0.129939393939394,-0.0766886113886115,-0.0554385281385281,0.1190686868686866,0.0306320623820623,0.1077927773808578,-0.0573550103491279,-0.0309645228954054,0.1138589381207029,0.0148689033189033,0.2676641691641691,0.1750890664890664,0.0487462028167909,0.0928769403455161,-0.0193472026081933,-0.3087910367410368,0.2400826950826952,0.1635924686424686,0.1315124887066836,0.053434842934843,-0.1531207725538994,-0.0165435564435564,-0.0297745587745588,-0.4192203970865736,0.0659031468531469,-0.0748841047841047,0.0497304824260705,-0.0758864357864358,0.0036086524586523,-0.0523411921411921,7.0,9.0,8.0,4.0,7.0,8.0,6.0,7.0,6.0,3.0,7.0,6.0,9.0,9.0,10.0,3.0,2.0,6.0,9.0,9.0,5.0,6.0,6.0,2.0,7.0,8.0,6.0,7.0,5.0,7.0,6.0,6.0,2.0,5.0,4.0,9.0,7.0,7.0,6.0,5.0,7.0,6.0,7.0,8.0,6.0,6.0,3.0,5.0,10.0,5.0,8.0,6.0,6.0,7.0,6.0,6.0,7.0,2.0,5.0,6.0,6.0,6.0,2.0,4.0,4.0,8.0,5.0,6.0,5.0,3.0,7.0,6.0,7.0,8.0,6.0,1.0,2.0,4.0,9.0,5.0,4.0,5.0,5.0,2.0,6.0,5.0,6.0,2.0,4.0,5.0,0.0,0.0,0.0,0.0,0.0,0.0,0.0,0.0,0,0.0,0.0,0.0,0.0,0.0,0.0,0.0,0.0,0.0,0.0,0.0,0.0,0,0.0,0.0,0.0,0.0,0.0,0.0,0.0,0.0
57.5,-0.092329584053295,0.029965768025319,-0.023799110570847,1.7075607381408149,0.8174837241242159,0.2662639567205759,-0.6770358646506184,0.5902179541116558,1.049097290977954,-0.466620548052485,1.3122780284801976,0.4164238842762275,-0.7039882168920376,0.3321164306302723,0.8912387762851958,-0.9813813158927596,-0.9834581497781624,0.7128536796190971,0.485658366881756,0.642529608101323,0.0943340029419164,-0.5702931674673252,-1.3565559919675378,-5.221895539841487,-0.139999262593159,-0.7716401129242034,-3.039545378298601,-0.3202942815986803,-1.573579081074137,0.8988002177238005,-0.0070164169164169,0.0022978021978019,-0.0018740925740925,0.1601870129870128,0.0675597180597181,0.0223393039537002,-0.0816200521700521,0.0622044935456699,0.1111412698412698,-0.0560672438672438,0.3032422882672884,0.0736531357531358,-0.0851381946484888,0.0369049740593082,0.0971976445123504,-0.2638708957708958,-0.1645204184704184,0.2111791946615476,0.0679678363518145,0.0686192862692863,0.0120271166741755,-0.0570488178488178,-0.1564666638916639,-0.6001350327776799,-0.0147991841491841,-0.0532828504828505,-0.2772147090010093,-0.0391406926406926,-0.1296478743478745,0.0730800366300367,8.0,8.0,7.0,4.0,7.0,7.0,7.0,7.0,7.0,3.0,8.0,5.0,9.0,11.0,8.0,5.0,2.0,7.0,8.0,8.0,6.0,7.0,4.0,1.0,7.0,9.0,4.0,7.0,4.0,6.0,5.0,6.0,3.0,5.0,5.0,9.0,6.0,8.0,5.0,5.0,8.0,6.0,6.0,8.0,5.0,4.0,3.0,7.0,10.0,5.0,7.0,6.0,7.0,7.0,6.0,6.0,9.0,3.0,5.0,5.0,5.0,6.0,3.0,4.0,5.0,7.0,5.0,7.0,5.0,3.0,8.0,5.0,5.0,8.0,5.0,1.0,1.0,6.0,8.0,5.0,5.0,5.0,4.0,1.0,5.0,6.0,4.0,3.0,3.0,5.0,0.0,0.0,0.0,0.0,0.0,0.0,0.0,0.0,0,0.0,0.0,0.0,0.0,0.0,0.0,0.0,0.0,0.0,0.0,0.0,0.0,0,0.0,0.0,0.0,0.0,0.0,0.0,0.0,0.0
58.5,0.2876075527284774,1.610357501454337,-2.7513987036274146,1.514473459762517,0.0889468632505888,1.1130318152028,0.1285154915746288,-0.962357829759004,0.80916415509781,-0.6867372117780338,0.6628542120247933,0.1698284273290901,-0.0568278125105424,-0.1402706140256016,1.2335398659847363,-0.3253895179969285,0.3002988125736524,0.574704344441981,-0.0062694691022822,-0.6549010459618321,0.9616815911925278,-0.7143897203605736,-4.284724858417741,-3.174171257378759,-1.1537015883885238,-0.4978754361935005,-2.5556453244676276,-0.3337259806218959,-0.4197331949659008,-0.3272230264900637,0.0247223776223777,0.1151569068186714,-0.2418504051504051,0.1355077755577756,0.0083312853812854,0.1017999740455621,0.0166297757797756,-0.1030964457111517,0.0621765623265623,-0.0933518148518148,0.1462539627039625,0.0296975163725163,-0.0056542269821683,-0.0168770246093775,0.1080796915502799,-0.070542624042624,0.0491182040182039,0.1673755559799676,-0.0008635141776008,-0.087860576025282,0.1119211873094225,-0.0610367909867909,-0.4546556832056833,-0.3651310431398668,-0.1427328116328114,-0.0357040361599185,-0.2429059949080847,-0.0437953823953823,-0.0414726995226995,-0.0296947718947718,8.0,7.0,6.0,3.0,6.0,8.0,8.0,7.0,7.0,3.0,8.0,5.0,10.0,11.0,7.0,6.0,2.0,7.0,7.0,6.0,6.0,8.0,2.0,2.0,7.0,7.0,4.0,7.0,5.0,6.0,5.0,7.0,5.0,4.0,5.0,7.0,6.0,7.0,5.0,6.0,6.0,7.0,7.0,6.0,4.0,4.0,4.0,7.0,11.0,6.0,7.0,5.0,7.0,7.0,5.0,7.0,9.0,3.0,4.0,6.0,5.0,7.0,3.0,3.0,4.0,7.0,6.0,5.0,5.0,3.0,6.0,5.0,7.0,6.0,4.0,2.0,2.0,6.0,7.0,4.0,6.0,5.0,2.0,2.0,3.0,6.0,4.0,3.0,3.0,5.0,0.0,0.0,0.0,0.0,0.0,0.0,0.0,0.0,0,0.0,0.0,0.0,0.0,0.0,0.0,0.0,0.0,0.0,0.0,0.0,0.0,0,0.0,0.0,0.0,0.0,0.0,0.0,0.0,0.0
59.5,-1.325505078306567,0.4349058313309579,-2.1294246755114328,1.4342875874313583,-2.510122316245263,1.073714383832841,0.2361876057974986,-0.601098578667853,0.3670578466373119,-0.5944340458245478,1.064833546645039,0.7584872901907561,1.0082552281598354,-0.7218364036758812,0.7901292601543513,-0.142413563891167,0.2781633186556205,0.6406947566058362,-0.4721415578400779,-1.657286205589254,1.1643694218641731,-0.7813988976121755,-3.91356331643714,-2.4612651652750395,-0.2713508293447964,-0.5019545065722928,-2.381067841464733,0.3398707857393816,-1.4737227228791885,0.6874818445524161,-0.0939148629148629,0.0288834498834498,-0.1545982683982684,0.1355395548895548,-0.2162865134865135,0.0893044622044622,0.0312437293099057,-0.0599658413481943,0.0318711288711289,-0.0904993894993896,0.222205106005106,0.1288785631035631,0.1043051415904356,-0.0782342993607698,0.0659962189771014,-0.0327340548340548,0.0449150127650127,0.1740616047866822,-0.066003803910228,-0.2504814698373523,0.1439706628253068,-0.0624693473193472,-0.4641521855595386,-0.3029286158286159,-0.0304257409257407,-0.0379205373058315,-0.2338733449385153,0.0450442335442335,-0.1553383838383837,0.067115626040626,9.0,7.0,5.0,3.0,4.0,7.0,9.0,7.0,7.0,3.0,7.0,6.0,8.0,11.0,8.0,7.0,2.0,8.0,6.0,4.0,7.0,8.0,2.0,4.0,9.0,7.0,5.0,7.0,6.0,6.0,4.0,6.0,6.0,4.0,4.0,6.0,7.0,7.0,4.0,6.0,5.0,7.0,7.0,5.0,5.0,2.0,4.0,9.0,10.0,7.0,8.0,5.0,8.0,5.0,4.0,7.0,8.0,5.0,3.0,7.0,4.0,6.0,4.0,3.0,2.0,6.0,7.0,5.0,4.0,3.0,5.0,6.0,7.0,5.0,5.0,2.0,2.0,7.0,6.0,3.0,7.0,5.0,2.0,2.0,4.0,6.0,4.0,5.0,2.0,6.0,0.0,0.0,0.0,0.0,0.0,0.0,0.0,0.0,0,0.0,0.0,0.0,0.0,0.0,0.0,0.0,0.0,0.0,0.0,0.0,0.0,0,0.0,0.0,0.0,0.0,0.0,0.0,0.0,0.0
60.5,-0.5751625918132681,0.3873339967848002,-1.2133026038716657,-0.7926700127970873,-1.9538435538588104,1.312026557283905,0.1296962075271797,-0.1741636843453555,-0.8369039065244188,-0.5346198391416944,0.4015060327495459,0.1354803778565665,1.8877896253890087,-1.151538077229182,0.9954140952888486,-0.0548040816659097,1.234734714045599,0.5419554669529101,-0.566878586555386,-1.7573030293099348,1.086449484558601,-0.6761048472899808,-3.8316309760207927,-1.1290607276736122,-1.1691627119456915,-1.7328472337446614,-3.5269992301009787,0.8586920175563648,-0.115405467333715,0.4300822783146052,-0.041387701187701,0.0274235431235431,-0.0991615389512449,-0.0670511044511044,-0.1519988122988125,0.1171973692973692,0.0172454073704073,-0.0183660478410477,-0.0867791486291484,-0.0692451992451993,0.081041785991786,0.0220895516248457,0.250741150352915,-0.133388295038295,0.0923556139251184,-0.0140419913419913,0.258394769119769,0.1481081418581419,-0.0782083334192468,-0.2830033472289665,0.1488642964878259,-0.0573849927849928,-0.4494042054350877,-0.1361893994893994,-0.098586652236652,-0.1562220088734794,-0.3346238429870785,0.1253566156066156,-0.0122072871572871,0.0364309690309689,8.0,7.0,6.0,4.0,4.0,5.0,9.0,7.0,9.0,4.0,5.0,5.0,6.0,10.0,8.0,7.0,4.0,9.0,5.0,3.0,7.0,8.0,2.0,5.0,9.0,7.0,5.0,6.0,7.0,5.0,4.0,5.0,7.0,6.0,5.0,6.0,6.0,6.0,3.0,8.0,5.0,8.0,6.0,4.0,6.0,2.0,5.0,6.0,9.0,8.0,6.0,5.0,9.0,5.0,3.0,7.0,7.0,5.0,2.0,6.0,4.0,5.0,5.0,4.0,3.0,5.0,6.0,5.0,3.0,4.0,4.0,5.0,6.0,3.0,6.0,2.0,4.0,6.0,5.0,3.0,6.0,5.0,2.0,3.0,3.0,5.0,3.0,5.0,2.0,5.0,0.0,0.0,0.0,0.0,0.0,0.0,0.0,0.0,0,0.0,0.0,0.0,0.0,0.0,0.0,0.0,0.0,0.0,0.0,0.0,0.0,0,0.0,0.0,0.0,0.0,0.0,0.0,0.0,0.0
61.5,-0.4426018908256156,-1.7862385394665288,-2.0579471306234645,0.2059495304621286,-0.6616593873598253,0.7214818283213704,0.375572210162471,-0.9415004816670792,-0.3784732527710734,0.2303570483575402,0.4784784114299938,0.2706918564218537,1.3014610854225594,-0.0118073847211374,0.0946494748895406,0.5660682760236874,0.704406652604336,0.6115202403918756,-0.9119491415597744,-1.832519326240147,0.517936922564803,0.0933316552811143,-2.6669254266276945,0.5301098626873774,-0.983472367132408,-0.8914627176286506,-3.0849644364697943,0.5830182990961698,0.50158694576425,1.2338934701184716,-0.0266131701631703,-0.1410149239649238,-0.1570436313686315,0.0206390054390054,-0.0520011877011876,0.0537261405261403,0.0490841353091353,-0.0849700355200354,-0.0411830280830279,0.0291027972027972,0.0990438838938839,0.0441029155485036,0.1809238083811613,-0.0011569042069042,0.0093698003063326,0.1502152902652903,0.1423190404366875,0.1572657287157287,-0.1154843563299445,-0.3164258450098234,0.0706727561568117,0.0076918636918636,-0.3109137442622737,0.0506909146409146,-0.0779653957153956,-0.0764152811241046,-0.2654276466997056,0.0939161560661561,0.0624044733044734,0.1231267149517149,8.0,7.0,5.0,6.0,4.0,5.0,9.0,7.0,9.0,5.0,5.0,5.0,5.0,8.0,10.0,7.0,6.0,7.0,4.0,3.0,7.0,7.0,3.0,7.0,9.0,7.0,6.0,6.0,7.0,7.0,6.0,4.0,7.0,7.0,6.0,6.0,6.0,6.0,4.0,9.0,5.0,8.0,6.0,3.0,7.0,4.0,6.0,4.0,8.0,9.0,8.0,5.0,9.0,5.0,4.0,8.0,8.0,7.0,3.0,7.0,6.0,3.0,4.0,6.0,4.0,5.0,6.0,5.0,4.0,5.0,4.0,5.0,5.0,3.0,7.0,4.0,5.0,4.0,4.0,3.0,7.0,5.0,3.0,5.0,4.0,6.0,4.0,6.0,3.0,7.0,0.0,0.0,0.0,0.0,0.0,0.0,0.0,0.0,0,0.0,0.0,0.0,0.0,0.0,0.0,0.0,0.0,0.0,0.0,0.0,0.0,0,0.0,0.0,0.0,0.0,0.0,0.0,0.0,0.0
62.5,0.6712332269763975,-1.2443273628386669,-1.4259741592016544,-0.3930526037945856,-1.038336207481973,-0.8063351939589719,0.8097110310612416,-0.2452236738542393,-0.2562669943256156,0.2445481214993997,-0.0230007639355227,-0.4739042918003279,-0.1915657077364211,-1.7755869752218527,-0.786259164214456,1.1236661023342909,1.0010711287351552,1.143778972378215,-2.466700209183581,-1.8499324824673784,-0.4676053619043881,0.063822491275203,-1.729958379085443,-0.2335162134157485,0.4945733931508312,-1.9434106026877491,-1.6735117942144233,-0.5510474831573469,0.0244594464899415,1.8038328600102855,0.0398958707958707,-0.1053521589521589,-0.1127642857142857,-0.0410760117333646,-0.0876026973026973,-0.0608140114787174,0.1127611444111444,-0.0221723678282503,-0.0244609473859473,0.0330065268065268,-0.0053713786213785,-0.079583931428049,-0.0199839743589743,-0.1599403891859775,-0.0699255489952084,0.2959418914418914,0.2287456683839037,0.2783788489288489,-0.270655025693261,-0.3270435747345189,-0.0682768164412127,0.0054893439893439,-0.1948027478197757,-0.022704884004884,0.0348498279498278,-0.1929939615939616,-0.1294835641139048,-0.0937036380286381,0.0029956709956709,0.1895468198468198,7.0,7.0,5.0,6.0,5.0,5.0,6.0,7.0,9.0,5.0,4.0,4.0,4.0,6.0,12.0,7.0,8.0,5.0,3.0,3.0,6.0,7.0,4.0,8.0,7.0,7.0,8.0,4.0,7.0,6.0,6.0,5.0,6.0,9.0,6.0,7.0,4.0,7.0,5.0,8.0,5.0,8.0,7.0,5.0,8.0,6.0,7.0,3.0,8.0,9.0,10.0,5.0,10.0,5.0,5.0,6.0,8.0,7.0,2.0,6.0,6.0,4.0,4.0,6.0,4.0,5.0,4.0,6.0,5.0,5.0,3.0,4.0,4.0,3.0,8.0,6.0,7.0,3.0,3.0,3.0,6.0,5.0,4.0,5.0,5.0,4.0,6.0,4.0,2.0,6.0,0.0,0.0,0.0,0.0,0.0,0.0,0.0,0.0,0,0.0,0.0,0.0,0.0,0.0,0.0,0.0,0.0,0.0,0.0,0.0,0.0,0,0.0,0.0,0.0,0.0,0.0,0.0,0.0,0.0
63.5,-0.1670483941489412,-0.696407849802166,-0.0276248777457505,0.3209342571135497,-0.7819659617971422,-0.43957673737324,0.9729079325187546,-0.2657064950107541,-0.194368019738842,0.3510243341868204,0.1937643628972725,-0.3621198809330415,-0.4882665973674714,-0.5142247434946602,-0.1879315084985592,0.9976824921695188,0.7425178291488445,1.5644267466612425,-2.7629337131924823,-1.799049130683114,0.3091369231119811,-0.1007157417199266,-1.1536809944061637,0.2579202291223417,1.3767397910453414,-0.6336721650374905,-0.082938554603754,-1.3259040406105864,0.0351449240440767,2.6106433234606525,-0.0085380575307046,-0.049436013986014,-0.0020735264735264,0.034384063159063,-0.0615944499944499,-0.0375312073547368,0.1225653846153845,-0.0243120673444204,-0.0177859473859474,0.0452770507270506,0.0457106504606504,-0.0641873487623487,-0.0507096681096681,-0.0450314017681664,-0.0190262430809645,0.2803159216600392,0.1691151941196059,0.3295699134199134,-0.265256047873695,-0.3334973617112161,0.041212106598252,-0.0106515484515484,-0.1262874884919003,0.0312315184815185,0.1034379590997236,-0.0596307137307136,-0.0059597867818457,-0.2280812235150472,0.0040573593073592,0.3118257187257187,6.0,8.0,7.0,7.0,5.0,6.0,6.0,7.0,8.0,5.0,4.0,4.0,4.0,5.0,12.0,8.0,9.0,4.0,4.0,3.0,7.0,7.0,6.0,8.0,7.0,9.0,9.0,3.0,7.0,5.0,7.0,4.0,4.0,7.0,4.0,8.0,4.0,7.0,4.0,8.0,6.0,7.0,7.0,6.0,9.0,8.0,7.0,2.0,7.0,10.0,9.0,4.0,9.0,6.0,7.0,4.0,7.0,8.0,3.0,5.0,6.0,4.0,4.0,6.0,3.0,6.0,4.0,6.0,4.0,5.0,4.0,4.0,4.0,4.0,9.0,7.0,7.0,2.0,3.0,3.0,7.0,4.0,5.0,6.0,7.0,4.0,7.0,3.0,3.0,5.0,0.0,0.0,0.0,0.0,0.0,0.0,0.0,0.0,0,0.0,0.0,0.0,0.0,0.0,0.0,0.0,0.0,0.0,0.0,0.0,0.0,0,0.0,0.0,0.0,0.0,0.0,0.0,0.0,0.0
64.5,-1.0434828162014165,-0.7183624599240604,-0.8493227223292357,-0.6540242865938313,-0.1009519034745422,-0.0771418985476658,0.8770230739628138,-0.4834131882420908,-1.788813375342756,0.1437977589035157,-0.1798437093335405,-0.9994947023700328,0.8937299049087319,-0.7235436989431259,-0.0317802914531702,1.2671174081214915,0.7901213990536503,-1.248349565967727,-0.9315507449843295,-1.1939260109760252,-0.1465556783599496,-1.031413005169391,-1.074921181631947,1.0184509126938284,-0.4562064122798156,0.0808506498989429,0.8993275751634457,-0.7256016326318991,1.2933204080941318,1.4099165136561906,-0.0755024142524143,-0.0509705572205572,-0.0614224386724385,-0.0698748029748028,-0.0080304639804639,-0.0068614810026577,0.098398384948385,-0.0466880614483556,-0.1606311237781826,0.019566355866356,-0.0410374958374958,-0.1697235486735487,0.1146931754519989,-0.0572584546172781,-0.0032228351713646,0.3524887726652431,0.1939735782707143,-0.2272551948051948,-0.0852469465175347,-0.2143098932199552,-0.0182999650590209,-0.0855342268842269,-0.1287530386280385,0.133737540890482,-0.0358785048285049,0.0069746031746033,0.0749554345980816,-0.1158237207237208,0.1453867021867021,0.167169696969697,7.0,8.0,8.0,7.0,7.0,6.0,5.0,8.0,6.0,5.0,5.0,3.0,6.0,5.0,11.0,9.0,10.0,2.0,6.0,5.0,8.0,6.0,6.0,8.0,7.0,8.0,8.0,3.0,6.0,5.0,6.0,4.0,3.0,6.0,4.0,8.0,3.0,7.0,6.0,6.0,7.0,7.0,7.0,6.0,8.0,8.0,8.0,1.0,7.0,9.0,10.0,5.0,7.0,8.0,7.0,5.0,7.0,6.0,5.0,3.0,5.0,4.0,3.0,4.0,4.0,6.0,3.0,6.0,4.0,4.0,4.0,3.0,6.0,4.0,8.0,8.0,8.0,0.0,5.0,4.0,7.0,4.0,4.0,8.0,6.0,5.0,7.0,3.0,5.0,3.0,0.0,0.0,0.0,0.0,0.0,0.0,0.0,0.0,0,0.0,0.0,0.0,0.0,0.0,0.0,0.0,0.0,0.0,0.0,0.0,0.0,0,0.0,0.0,0.0,0.0,0.0,0.0,0.0,0.0
65.5,-2.4786908239472325,-0.5581379657957694,-0.1187421232171855,0.0303662183634785,0.1876859371513299,0.4336341111611417,0.797953465421053,0.342618219788173,1.0368032758135293,0.2879914287412807,0.7799256098765909,-0.0603186521199186,0.3061824809757671,-1.902406798330737,-0.21497348125677,1.4448693215848294,1.0080766092768043,-1.7900334475336266,-0.919719448028454,-1.5144648403209588,0.0924433347793371,-0.1557851445218827,-0.7922107274925418,0.7887344413279027,-0.0790340896429169,0.7635196487940977,-0.8549774756323553,-1.9881234612934215,1.670812861833734,1.9628937842795455,-0.2021409923409923,-0.0334671994671996,-0.0081031024531024,0.0026828282828283,0.0134190032190032,0.0393871423468171,0.0921417249417249,0.0337506106638458,0.1068931276240098,0.0355556610056611,0.1838975690975691,-0.0102547674547675,0.0418370554969624,-0.1573564287106084,-0.0204037453430643,0.3912890614287674,0.224771752104105,-0.3817103896103896,-0.085490642853878,-0.2567847542979895,0.0116035293911453,-0.0135267177267177,-0.0884524475524475,0.1013130033365327,-0.0069431656578716,0.0751603840603841,-0.0726819081073725,-0.3091781385281387,0.1501241536241536,0.2585393217893217,7.0,8.0,7.0,7.0,7.0,7.0,4.0,8.0,5.0,5.0,6.0,4.0,8.0,6.0,11.0,8.0,8.0,1.0,6.0,6.0,7.0,5.0,6.0,7.0,7.0,7.0,7.0,3.0,6.0,4.0,5.0,6.0,2.0,6.0,5.0,9.0,5.0,8.0,6.0,5.0,7.0,6.0,8.0,8.0,8.0,9.0,7.0,2.0,7.0,7.0,10.0,5.0,6.0,8.0,7.0,4.0,8.0,6.0,6.0,2.0,3.0,6.0,2.0,5.0,5.0,7.0,4.0,7.0,5.0,4.0,6.0,4.0,7.0,5.0,8.0,8.0,7.0,0.0,5.0,3.0,7.0,4.0,4.0,7.0,6.0,4.0,6.0,2.0,6.0,2.0,0.0,0.0,0.0,0.0,0.0,0.0,0.0,0.0,0,0.0,0.0,0.0,0.0,0.0,0.0,0.0,0.0,0.0,0.0,0.0,0.0,0,0.0,0.0,0.0,0.0,0.0,0.0,0.0,0.0
66.5,-2.261577664355507,0.3155605781551105,-0.2448306129713818,0.4863809781909831,-0.8051085329297848,0.3947359450119257,0.0824377114820753,0.1384097373313215,-0.9773283178261234,1.3733777492371946,0.8519979652677451,-0.4109803858332573,0.2478307192065068,-1.3317308720002494,0.6238796109762843,0.8801637398062184,0.6616719701520543,-2.0805747420254415,0.001992892043153,-1.1011313635437476,0.0463740055788889,-1.6840334570694309,-0.8746219921352659,-0.0298152843449934,-0.7136625343818858,0.3171121436181109,-0.7694462214981824,-2.060115844123604,1.1732887601331234,2.322462371619291,-0.1601634032634031,0.0191697106814752,-0.0112668831168831,0.0521473748473747,-0.0639931623931623,0.0367015442074264,0.0101387778887779,0.0138787023434081,-0.1040282335311747,0.1617157287157286,0.1927067155067154,-0.0703014541014542,0.0350702828303446,-0.1348489907409412,0.0669807691964038,0.241604003839298,0.1593547642244235,-0.5593510101010101,0.0002231882496587,-0.1501176065764301,0.0062088256944293,-0.1554167887667888,-0.0741016650016649,-0.0038436135416011,-0.0494712317094672,0.0235084138084139,-0.0619100897468544,-0.2751208180708181,0.121495202020202,0.2667448773448774,7.0,6.0,7.0,8.0,8.0,8.0,5.0,9.0,4.0,6.0,6.0,4.0,9.0,9.0,10.0,6.0,6.0,0.0,8.0,6.0,7.0,4.0,7.0,6.0,7.0,7.0,8.0,3.0,7.0,4.0,3.0,7.0,1.0,6.0,4.0,8.0,5.0,7.0,7.0,5.0,7.0,7.0,8.0,8.0,8.0,9.0,8.0,4.0,8.0,7.0,10.0,5.0,6.0,9.0,7.0,3.0,7.0,6.0,7.0,3.0,2.0,6.0,1.0,6.0,4.0,7.0,4.0,7.0,4.0,5.0,6.0,4.0,7.0,6.0,8.0,6.0,6.0,0.0,7.0,4.0,7.0,3.0,5.0,6.0,6.0,3.0,6.0,2.0,7.0,3.0,0.0,0.0,0.0,0.0,0.0,0.0,0.0,0.0,0,0.0,0.0,0.0,0.0,0.0,0.0,0.0,0.0,0.0,0.0,0.0,0.0,0,0.0,0.0,0.0,0.0,0.0,0.0,0.0,0.0
67.5,-2.209465430243284,0.8098170920414834,-0.7201569108057583,-0.2688436968967863,-0.6976915392049218,1.387388051357041,-0.0322424709057574,-0.0587140284837314,-1.214448094409512,0.0942454681133454,0.7143019717699692,-0.2048147124454938,0.529774803524451,0.2655210386257833,1.23748888947,0.6636784708965923,0.0921536047303422,-1.2527361215418469,0.9899743612003222,-0.4020825982631852,0.4994806896535965,-2.02777521928199,-0.9658788196635538,0.9660858556947638,-0.2725925929008805,-0.462914656482316,-0.4021458491469766,-0.8310066449189691,0.0626502641680474,1.808800945091232,-0.1812800699300697,0.0609873317858611,-0.0366198412698412,-0.0326950049950049,-0.0580919191919191,0.1194147202470731,-0.0042524420024421,-0.0057740426240426,-0.1327286159918512,0.0112978354978354,0.1645198912198912,-0.0358059385059383,0.0689921615192511,0.0255296174499732,0.1301276949143047,0.180754985374103,0.0208051569345687,-0.3780470085470087,0.1127321732189378,-0.0642411115372416,0.0683850294356485,-0.2433362637362638,-0.0696872183372182,0.118967999157705,-0.0256817737817738,-0.0334081363081363,-0.0280948466566115,-0.09648117993118,0.0080714146964145,0.1801137085137084,8.0,6.0,8.0,9.0,8.0,8.0,6.0,8.0,4.0,6.0,6.0,4.0,10.0,10.0,8.0,5.0,4.0,1.0,8.0,8.0,8.0,4.0,8.0,7.0,9.0,8.0,7.0,4.0,6.0,4.0,3.0,7.0,1.0,5.0,3.0,8.0,6.0,6.0,7.0,4.0,8.0,6.0,8.0,8.0,7.0,8.0,7.0,6.0,8.0,8.0,10.0,6.0,4.0,8.0,6.0,4.0,7.0,5.0,7.0,2.0,2.0,6.0,1.0,5.0,3.0,8.0,5.0,6.0,4.0,4.0,6.0,4.0,8.0,8.0,7.0,5.0,4.0,1.0,8.0,6.0,8.0,3.0,4.0,7.0,6.0,4.0,6.0,3.0,5.0,2.0,0.0,0.0,0.0,0.0,0.0,0.0,0.0,0.0,0,0.0,0.0,0.0,0.0,0.0,0.0,0.0,0.0,0.0,0.0,0.0,0.0,0,0.0,0.0,0.0,0.0,0.0,0.0,0.0,0.0
68.5,-1.201395859157225,0.0111395310062177,0.0680384150994109,0.6170558540624194,-0.0909390427641478,1.222542221600293,0.2860968007295021,0.0250497236432363,-1.1625583404043789,-0.7965493489345733,0.7936866403463277,-0.3716221224444688,-0.061905937225356,-0.3278750357223601,0.0330985257843236,-0.0375557455433165,0.1981604601641209,-0.8563178590011614,0.6149583902620496,0.4591665367422853,0.1423497763082443,-0.9306001616816296,-0.4513752050284706,0.6687109304779942,-0.7560660245671763,-0.566892811736734,0.3380410565418449,0.198862445192297,0.2496916760152133,0.887613394314598,-0.0778560994560993,0.0006210201563142,0.0056691919191921,0.0725070374070372,-0.0104292207792207,0.1037798875960639,0.0396457237207237,0.0026861582861583,-0.1280470653529477,-0.1093151515151515,0.1873923465423466,-0.0680259185259185,-0.0084559034103152,-0.0324254463029231,0.0031672502849747,-0.0097583777333778,0.0431627961907372,-0.2651067721494192,0.0762061330826036,0.0799237805967681,0.019006551893239,-0.1179163891663892,-0.03809666999667,0.0838042640366169,-0.0878794538794538,-0.0482007437007437,0.0258286997660061,0.0226888888888888,0.0255631646131645,0.0856565656565656,9.0,6.0,7.0,8.0,8.0,8.0,8.0,8.0,4.0,5.0,6.0,4.0,10.0,10.0,7.0,4.0,4.0,2.0,7.0,10.0,9.0,4.0,8.0,7.0,8.0,9.0,7.0,5.0,7.0,5.0,3.0,7.0,3.0,7.0,3.0,8.0,6.0,5.0,7.0,4.0,7.0,7.0,6.0,8.0,6.0,7.0,7.0,7.0,8.0,8.0,10.0,7.0,5.0,8.0,5.0,5.0,8.0,5.0,7.0,2.0,3.0,6.0,3.0,7.0,3.0,8.0,6.0,5.0,4.0,3.0,6.0,4.0,6.0,7.0,5.0,3.0,4.0,2.0,7.0,8.0,8.0,4.0,5.0,7.0,4.0,5.0,7.0,4.0,6.0,2.0,0.0,0.0,0.0,0.0,0.0,0.0,0.0,0.0,0,0.0,0.0,0.0,0.0,0.0,0.0,0.0,0.0,0.0,0.0,0.0,0.0,0,0.0,0.0,0.0,0.0,0.0,0.0,0.0,0.0
69.5,-0.47278482763009,0.3277252491222264,0.9584374840715462,1.1915831750857715,-1.3515125377523027,1.2362202832763898,0.2822235419502166,-0.4055764536401635,-0.0361231614601844,-1.780285816759193,0.2124976851369585,-0.5725001049568015,0.59950670687166,-0.1110450451349332,0.6869961602422877,-0.2943339311784733,0.5463186070451412,-0.9681163559628082,0.5901447012461982,0.6792540784558416,0.9409441901556606,-1.2016348375230117,0.4154985115322941,1.1851430514375798,0.4299018545106544,-0.3422812122450886,-0.0310408271647719,1.751170641061085,0.1660560161211041,1.1192684071936894,-0.0337964479964479,0.020660025758555,0.0765828893328894,0.129173332549803,-0.1454874458874459,0.128455982253041,0.0350799679079089,-0.0429818265068264,-0.0048673848339483,-0.2030686147186147,0.0470132645132644,-0.1033203574203575,0.063416313098666,-0.0101373931967586,0.0575335494313047,-0.0779355144855145,0.108332779638662,-0.3033225229019346,0.073207693793994,0.1191345754520676,0.1259711690270513,-0.1591305640437993,0.0430760989010987,0.1311048278518864,0.041887728937729,-0.0252730269730269,-0.0027397507721038,0.1858918081918081,0.014075924075924,0.1167592352092353,8.0,6.0,6.0,7.0,8.0,8.0,7.0,7.0,6.0,4.0,5.0,3.0,8.0,11.0,7.0,4.0,4.0,2.0,8.0,9.0,9.0,4.0,8.0,7.0,7.0,8.0,8.0,5.0,8.0,5.0,4.0,7.0,4.0,8.0,3.0,7.0,7.0,6.0,8.0,5.0,6.0,6.0,6.0,8.0,7.0,5.0,6.0,8.0,8.0,8.0,10.0,8.0,7.0,7.0,4.0,4.0,8.0,5.0,6.0,3.0,4.0,6.0,4.0,7.0,2.0,7.0,6.0,5.0,6.0,3.0,4.0,3.0,6.0,8.0,6.0,2.0,4.0,2.0,7.0,8.0,9.0,4.0,7.0,7.0,4.0,4.0,7.0,5.0,6.0,3.0,0.0,0.0,0.0,0.0,0.0,0.0,0.0,0.0,0,0.0,0.0,0.0,0.0,0.0,0.0,0.0,0.0,0.0,0.0,0.0,0.0,0,0.0,0.0,0.0,0.0,0.0,0.0,0.0,0.0
70.5,0.6717284596298269,-0.8757756400399042,0.3634351066092158,1.0259282942970498,-0.7137930394323988,0.4728170676251055,-0.1973050852354938,0.1182682368010204,-0.2018144671226485,1.0168040091778152,0.3838087199025976,-0.5057691742258782,0.2642765581267572,-0.3570072876666599,0.3123744795049908,0.1984415921513672,0.2799656934079706,-0.195876182175746,0.5314025618940708,0.6173973336307541,0.5280360771304748,-1.0808323890788991,1.203424108178233,1.1142943193881147,0.5132575577032197,-0.8579443301344646,0.1683413674110211,0.4533979925207745,0.950108712361182,0.5258088388732336,0.0406483016983015,-0.055494721944722,0.026609324009324,0.1196276112776113,-0.0545983405483406,0.0458800199800198,-0.0239490009990009,0.0121529914529916,-0.0267203426862095,0.1237286768786768,0.0818017316017316,-0.0887618825618825,0.028386064752241,-0.030621558566992,0.0259565579930903,0.0484436008436008,0.0565075525781408,-0.0604861874881224,0.0619984851749556,0.1131654014114539,0.0740191217365364,-0.1306385503385504,0.1389532550782548,0.1428979125449713,0.0504327172827172,-0.0593539627039627,0.013971510515628,0.0520158452658452,0.0907712537462536,0.0605701298701298,7.0,6.0,5.0,8.0,8.0,8.0,6.0,7.0,7.0,4.0,6.0,2.0,7.0,8.0,7.0,4.0,5.0,4.0,7.0,8.0,8.0,4.0,8.0,8.0,7.0,9.0,9.0,6.0,8.0,6.0,6.0,6.0,6.0,7.0,2.0,6.0,6.0,5.0,8.0,5.0,6.0,5.0,7.0,7.0,7.0,5.0,6.0,9.0,7.0,10.0,10.0,7.0,8.0,8.0,4.0,6.0,7.0,4.0,7.0,3.0,6.0,5.0,5.0,6.0,2.0,6.0,5.0,5.0,6.0,4.0,5.0,2.0,6.0,6.0,6.0,3.0,4.0,4.0,6.0,8.0,8.0,4.0,8.0,8.0,4.0,6.0,7.0,4.0,7.0,3.0,0.0,0.0,0.0,0.0,0.0,0.0,0.0,0.0,0,0.0,0.0,0.0,0.0,0.0,0.0,0.0,0.0,0.0,0.0,0.0,0.0,0,0.0,0.0,0.0,0.0,0.0,0.0,0.0,0.0
71.5,1.561444446927888,1.3625174419583386,-0.9467099163537244,1.097058650601217,-0.4212013832622851,0.6871369736773019,0.4412605234269381,0.8205199103603988,0.8899233425752145,-3.1515622385972004,0.4275548053224732,-1.0078160424513067,0.9395358455521056,1.6759174116809257,0.6969161953086378,0.7639866281406054,0.6250136725875605,0.2627844245747692,0.6360132113688117,0.352510166823653,0.966958867267748,0.2115748185408869,0.5207868622724968,0.518454440440627,0.0376506640353901,0.0303207335147296,1.1974009614051266,-0.20184081755493,-0.1916400967900096,0.7817869412397884,0.0959747414350353,0.0775876760494407,-0.0740189506571861,0.0922024697524696,-0.0381737984237985,0.0526668796889384,0.0549437506937506,0.0852726273726274,0.1066800705830117,-0.359509163059163,0.0945041847041846,-0.1855142135642136,0.1104494644244644,0.1933749996735292,0.063503426647312,0.1876988677988679,0.1232234987234988,0.0824189162145043,0.0672253135924962,0.0632170893004482,0.1343276085971132,0.0278168228829991,0.0583822641067222,0.0687568607862724,0.0030063547563549,0.0022409479409477,0.1066830879904408,-0.0254519036519037,-0.0177382839382839,0.0857136197136197,7.0,7.0,5.0,7.0,8.0,9.0,5.0,6.0,8.0,3.0,6.0,2.0,6.0,7.0,7.0,5.0,7.0,5.0,7.0,9.0,9.0,6.0,7.0,7.0,7.0,8.0,8.0,6.0,6.0,6.0,7.0,7.0,7.0,7.0,4.0,7.0,6.0,5.0,7.0,5.0,6.0,3.0,7.0,6.0,8.0,5.0,4.0,8.0,8.0,10.0,10.0,8.0,10.0,8.0,3.0,6.0,7.0,5.0,6.0,4.0,7.0,7.0,5.0,6.0,4.0,7.0,5.0,5.0,7.0,2.0,5.0,1.0,6.0,6.0,7.0,4.0,4.0,5.0,7.0,8.0,9.0,6.0,7.0,7.0,3.0,6.0,7.0,4.0,5.0,4.0,0.0,0.0,0.0,0.0,0.0,0.0,0.0,0.0,0,0.0,0.0,0.0,0.0,0.0,0.0,0.0,0.0,0.0,0.0,0.0,0.0,0,0.0,0.0,0.0,0.0,0.0,0.0,0.0,0.0
72.5,0.0726255368948017,0.5617489903725904,-1.4580881179934584,1.2227309253334844,-0.4994050352268346,1.086622219644468,0.5003273886584578,-0.3249863228806373,0.8832752474358528,-2.4036906555716606,0.5938810586844513,-0.7133305079772415,0.7345195967576091,0.8765891513855212,-0.4800606017294119,1.1960261156443135,-0.2337495500689843,0.5607685389088064,0.8574536455381842,-0.0075780415581777,0.4932373934407418,0.5116616486197122,0.0115330990393746,0.6949100743532506,-0.6124360238434188,0.354750211929388,1.20552809384251,-0.8036815629476154,0.7396222373644924,0.6994907466272535,0.0050698017668603,0.0380012874380519,-0.1163846620699562,0.1172608724608724,-0.0467168498168497,0.0847812687312687,0.0598226384726383,-0.0309573981573981,0.0966929736929737,-0.2887099955599955,0.1370008047508046,-0.1119156954156954,0.0847626182640888,0.0904322009689657,-0.045646821393261,0.3198062326562325,-0.0515532634032633,0.1729086700880817,0.0807415901092371,-0.001382531297392,0.0655590022722375,0.0644140775890775,0.0012888309574841,0.0929954310395486,-0.0490953934953934,0.0237403767800826,0.0989233717263128,-0.1151597347097348,0.0891000721500722,0.0765418248418248,7.0,8.0,5.0,8.0,9.0,7.0,5.0,6.0,9.0,2.0,7.0,3.0,6.0,5.0,9.0,5.0,10.0,7.0,8.0,8.0,7.0,6.0,6.0,7.0,8.0,8.0,7.0,7.0,6.0,6.0,7.0,7.0,8.0,7.0,6.0,6.0,6.0,6.0,7.0,5.0,7.0,4.0,7.0,5.0,8.0,4.0,3.0,7.0,7.0,10.0,9.0,7.0,10.0,8.0,4.0,7.0,6.0,4.0,7.0,4.0,6.0,7.0,5.0,7.0,6.0,6.0,5.0,5.0,7.0,2.0,6.0,2.0,6.0,4.0,7.0,4.0,3.0,6.0,7.0,7.0,7.0,6.0,6.0,7.0,4.0,7.0,6.0,3.0,6.0,4.0,0.0,0.0,0.0,0.0,0.0,0.0,0.0,0.0,0,0.0,0.0,0.0,0.0,0.0,0.0,0.0,0.0,0.0,0.0,0.0,0.0,0,0.0,0.0,0.0,0.0,0.0,0.0,0.0,0.0
73.5,0.993037772176111,0.0878891280598406,-0.8836806341885203,-0.7075899552128577,1.0561581884025977,0.9010113542622754,-1.4161143524552613,-0.8161409297345832,0.6401960660566377,-2.352966521979265,0.7107410611568272,-2.782449460566163,0.3501238581685246,1.6654059955345222,0.2600042645843091,0.9270731152288794,-0.1461691188850048,0.739850169241402,0.5563953310635164,0.1255519853234891,-0.8787342174794217,0.709130708834046,-0.8464903572610464,-0.1593241937844031,0.2608574357081459,-1.3811790244609214,0.7266377897135304,-0.8760837135304551,0.3655535082058213,-0.2726205254051387,0.0687016816516816,0.0069854562104559,-0.0678328426475485,-0.0796696053946054,0.1024775988717163,0.0744107725607725,-0.175224913974914,-0.0849038206891148,0.06498256661639,-0.2854095959595959,0.1666889665889666,-0.4108774558774559,0.0496701564689181,0.1479619160251511,0.0264036128388295,0.2498618159618159,-0.033545732045732,0.2099000749250749,0.068884096476279,0.0236684352541163,-0.1172521732567398,0.0949374160153571,-0.0959952706993728,-0.0211570442629265,0.0208843989343988,-0.1113115859630565,0.0644228888758299,-0.1061449106449107,0.0439922854922855,-0.0239045565545565,7.0,7.0,5.0,6.0,8.0,7.0,5.0,6.0,8.0,2.0,7.0,2.0,7.0,5.0,11.0,4.0,9.0,7.0,7.0,10.0,5.0,7.0,5.0,7.0,7.0,6.0,8.0,7.0,5.0,5.0,6.0,7.0,7.0,7.0,8.0,6.0,5.0,7.0,6.0,5.0,6.0,4.0,9.0,6.0,9.0,5.0,2.0,7.0,8.0,10.0,9.0,8.0,10.0,7.0,5.0,7.0,6.0,4.0,7.0,5.0,6.0,6.0,5.0,5.0,8.0,6.0,3.0,5.0,6.0,2.0,6.0,1.0,7.0,5.0,9.0,4.0,2.0,6.0,7.0,8.0,5.0,7.0,5.0,5.0,5.0,5.0,6.0,3.0,5.0,4.0,0.0,0.0,0.0,0.0,0.0,0.0,0.0,0.0,0,0.0,0.0,0.0,0.0,0.0,0.0,0.0,0.0,0.0,0.0,0.0,0.0,0,0.0,0.0,0.0,0.0,0.0,0.0,0.0,0.0
74.5,0.5505357363535616,0.1024967171267669,-0.1085087065161943,-0.8234387330551886,1.646157144825585,0.378174389019406,-0.3578686163174795,-0.6786813844512368,1.0361700489843193,-0.1539896367962357,1.3268964317399043,-1.0116665399199054,0.6845658963707829,0.9156684463037228,-0.0493515013708907,0.2043373520806676,-0.3133372816053617,0.6437768712203888,-0.3461267618770108,0.1124133010569623,-1.182867143832269,0.6941361080993114,-0.5532797891329134,-0.2833841361992005,-0.4530649586552255,-0.5975849535933037,0.1866462914848093,-0.1449465697383606,-0.2475079591107958,-1.1473847907417354,0.0387654277095452,0.0078571262071259,-0.008319363969364,-0.0931233932733932,0.1782266899766899,0.0306203933321578,-0.044214047064047,-0.0756075840825841,0.0904094376212023,-0.0201430735930735,0.303973457098457,-0.1724911088911089,0.1026027424587796,0.0799074600236365,-0.0048475884194926,0.0563490009990009,-0.0688527417027417,0.1666709956709956,-0.0475757699816522,0.0214377764048816,-0.1569730403153779,0.0917965328788857,-0.0616718733880499,-0.0317896048396049,-0.0359431290931292,-0.0600465480597833,0.0129828906387728,-0.0177499278499279,-0.0243951548451549,-0.1187148962148962,6.0,8.0,7.0,6.0,7.0,6.0,6.0,6.0,7.0,3.0,8.0,3.0,8.0,5.0,11.0,3.0,9.0,8.0,5.0,10.0,4.0,7.0,5.0,8.0,8.0,6.0,8.0,6.0,5.0,5.0,7.0,6.0,7.0,7.0,7.0,7.0,5.0,6.0,6.0,5.0,8.0,4.0,9.0,5.0,8.0,6.0,1.0,5.0,8.0,10.0,8.0,8.0,9.0,6.0,5.0,7.0,6.0,2.0,7.0,6.0,6.0,6.0,6.0,5.0,7.0,6.0,4.0,4.0,6.0,3.0,8.0,2.0,8.0,4.0,8.0,3.0,1.0,5.0,5.0,8.0,4.0,7.0,5.0,5.0,5.0,5.0,6.0,2.0,5.0,4.0,0.0,0.0,0.0,0.0,0.0,0.0,0.0,0.0,0,0.0,0.0,0.0,0.0,0.0,0.0,0.0,0.0,0.0,0.0,0.0,0.0,0,0.0,0.0,0.0,0.0,0.0,0.0,0.0,0.0
75.5,0.6581080307938452,0.6645911107393041,0.7343799459159872,-0.4575057813560347,2.2874338249987884,-0.6382980668078395,-0.0315889635503473,-0.6869068411450796,1.8318893504591136,-2.3207696741319204,1.0963004520129804,-1.0527168387838128,1.2385095578383636,0.284808449192245,-0.9062750239690518,0.2426883089803911,,0.6797774525739978,0.1382583369813564,0.3886782886797574,-0.7329840566003855,1.3037395710745818,-0.9324335854763176,-1.3407781291853156,0.4240140507171893,-0.5273876640007373,1.1246165169345204,0.5593473327465501,-0.3354134211821166,-1.618101570318558,0.0394457542457542,0.0597826173826175,0.051257942057942,-0.0436882563514916,0.2313199716949716,-0.0586099516324748,-0.0035408646908646,-0.0695629204129204,0.1712857681534151,-0.2699627372627371,0.2568249639249639,-0.1736536352536352,0.1736869362148,0.0236638957877346,-0.0935007311831614,0.063810617160617,0.0,0.1595714119214119,0.0171937673437673,0.0754365963070297,-0.0927103754089048,0.1669049597461362,-0.1056972390354743,-0.1386373626373624,0.0352522033522033,-0.0493866411366411,0.0871485527544349,0.0684660894660893,-0.0355617715617715,-0.1799348435877847,7.0,8.0,7.0,5.0,7.0,6.0,6.0,7.0,6.0,3.0,7.0,4.0,8.0,7.0,12.0,2.0,8.0,6.0,5.0,11.0,4.0,8.0,4.0,8.0,7.0,7.0,8.0,5.0,5.0,4.0,6.0,5.0,6.0,8.0,7.0,9.0,6.0,6.0,6.0,5.0,7.0,5.0,8.0,7.0,8.0,4.0,0.0,5.0,8.0,10.0,7.0,8.0,8.0,5.0,5.0,6.0,7.0,2.0,6.0,8.0,6.0,5.0,6.0,5.0,7.0,6.0,5.0,5.0,6.0,2.0,7.0,3.0,8.0,6.0,7.0,2.0,0.0,4.0,5.0,9.0,4.0,8.0,4.0,4.0,5.0,5.0,7.0,2.0,4.0,4.0,0.0,0.0,0.0,0.0,0.0,0.0,0.0,0.0,0,0.0,0.0,0.0,0.0,0.0,0.0,0.0,0.0,0.0,0.0,0.0,0.0,0,0.0,0.0,0.0,0.0,0.0,0.0,0.0,0.0
76.5,0.6911508262025561,-0.4656727699089532,1.113326421895639,-1.0821370882950456,1.0023962601841794,-1.2909983019433122,-0.0135621179376903,-0.4701321678702039,1.029736695029717,0.6413047975486089,1.0436464575455882,-0.1712224399987378,1.150805954462789,0.7221807089421601,0.0870403135927924,-0.863058707411796,,0.4052970819885174,-1.682610498185819,0.9884392725136614,-1.0156643192279249,0.4606289424216084,-1.0941664930777515,0.0513201408131114,-0.4143808657520335,-0.5816491781472345,0.6999541052288313,0.6920851871891335,0.306563510704911,-1.3141829826885925,0.0416790709290708,-0.0360099345099345,0.0857914918414918,-0.0996223523208817,0.0791202047952047,-0.1152033397974574,-0.0015095016095014,-0.0475755883005883,0.0985278740866977,0.0795733044733043,0.2365115023865023,-0.0279047508047508,0.1683873528174612,0.0663175405691658,0.00879472462522,-0.2220545177045175,0.0,0.0881946442446443,-0.1829187924820279,0.1734710944885866,-0.1215533572636514,0.0571051559551558,-0.1198190698190698,0.0060976911976912,-0.0299741425241426,-0.0584405705405706,0.0455352825279294,0.0960626984126984,0.0360198024198026,-0.1424736895457484,7.0,8.0,7.0,5.0,6.0,5.0,7.0,7.0,7.0,4.0,7.0,4.0,9.0,7.0,11.0,1.0,7.0,7.0,5.0,10.0,4.0,8.0,5.0,8.0,6.0,8.0,8.0,4.0,7.0,4.0,6.0,4.0,6.0,9.0,7.0,8.0,5.0,6.0,6.0,5.0,8.0,6.0,8.0,8.0,7.0,4.0,0.0,3.0,8.0,9.0,7.0,6.0,7.0,5.0,6.0,6.0,7.0,1.0,4.0,8.0,6.0,4.0,6.0,5.0,6.0,5.0,5.0,5.0,6.0,4.0,7.0,4.0,8.0,7.0,7.0,1.0,0.0,3.0,4.0,9.0,4.0,6.0,4.0,5.0,5.0,5.0,7.0,1.0,4.0,4.0,0.0,0.0,0.0,0.0,0.0,0.0,0.0,0.0,0,0.0,0.0,0.0,0.0,0.0,0.0,0.0,0.0,0.0,0.0,0.0,0.0,0,0.0,0.0,0.0,0.0,0.0,0.0,0.0,0.0
77.5,1.3019873931150052,-0.355418963027973,0.0813370846848786,-0.7336335362790561,-0.5656038626286112,-2.015224207081097,0.6987526283776211,0.121017798770186,0.5029555422435977,0.5416861224678423,0.3871334773905787,-0.5481416040737539,0.7306470894168237,0.4770539080625472,0.0334622130144884,-0.9450753058924748,,-0.0446667341599375,-1.9063823346941653,0.8631573088342877,-0.6659670861236566,0.7833660631992966,-0.3358573451428864,0.5115662369169737,0.0847819909851159,-0.7549410336694344,0.0494822099325653,0.7399331919142585,-0.1027193067077779,-1.5740984702858376,0.0692653145873732,-0.0291300199800199,0.0056936452436451,-0.0625859410197645,-0.0521494422244422,-0.1949979835523952,0.091940293040293,0.0120060994560995,0.0484747118894176,0.0713544344544344,0.0858269702519703,-0.0843057054057053,0.0968320197776079,0.0502868795463221,0.0028132895484286,-0.2369271173271173,0.0,-0.0087830447330447,-0.2163882934059404,0.147020119259825,-0.0860956177035898,0.0901575924075923,-0.0341047508047509,0.0626229104229104,0.0070137973137972,-0.0621898934398934,0.0034983842954431,0.1030031746031746,-0.0135843434343434,-0.1677848488113194,7.0,8.0,7.0,5.0,5.0,5.0,7.0,7.0,8.0,4.0,5.0,5.0,7.0,10.0,10.0,1.0,5.0,8.0,5.0,10.0,5.0,8.0,7.0,7.0,5.0,9.0,9.0,4.0,8.0,4.0,7.0,4.0,5.0,8.0,7.0,8.0,6.0,5.0,6.0,5.0,8.0,6.0,7.0,8.0,7.0,4.0,0.0,2.0,8.0,9.0,8.0,6.0,6.0,5.0,5.0,5.0,7.0,1.0,3.0,9.0,7.0,4.0,5.0,5.0,5.0,4.0,6.0,5.0,6.0,4.0,5.0,4.0,6.0,8.0,7.0,1.0,0.0,2.0,4.0,9.0,5.0,6.0,5.0,5.0,4.0,5.0,7.0,1.0,3.0,4.0,0.0,0.0,0.0,0.0,0.0,0.0,0.0,0.0,0,0.0,0.0,0.0,0.0,0.0,0.0,0.0,0.0,0.0,0.0,0.0,0.0,0,0.0,0.0,0.0,0.0,0.0,0.0,0.0,0.0
78.5,1.4447301901655427,-0.7454582280604803,1.142366703606977,0.1180087214355969,-0.677019375397667,-2.7798000236462874,0.1300560580494111,1.3810056540084357,-0.200447647257584,1.4525693961033808,0.5101088934948365,0.8731099144307032,-0.2673668723100062,0.2581784927935784,0.2445677660619815,-0.2829117420262124,,0.1959466046930207,-0.570382329707013,0.7229132952733228,0.5633466099198515,0.358569132578667,-0.5152969891575518,1.0586711002987113,-0.8273361357957352,0.2347875602849029,1.0508593921861515,1.3060337823854993,0.039399382690856,-0.6665168274378069,0.0906496444731738,-0.0536857142857143,0.0793905649905648,0.0112693889443888,-0.0715139776889778,-0.2711116168145582,0.0172118575868575,0.134450344100344,-0.0216313100298394,0.2119952713952714,0.1147210234210234,0.1462462093462094,-0.0293779849235731,0.0246914069590538,0.0191827620092327,-0.071799173049173,0.0,0.0402749694749694,-0.0692078111431052,0.1271618013651294,0.0754657155709787,0.0350209845709845,-0.0412955877455878,0.1282629783615078,-0.0835098679098678,0.0178330003330001,0.0896592885872297,0.2012023809523809,0.0052619047619047,-0.0766793973999855,7.0,8.0,6.0,6.0,6.0,4.0,6.0,6.0,8.0,5.0,5.0,6.0,5.0,10.0,9.0,2.0,4.0,8.0,7.0,10.0,7.0,7.0,8.0,7.0,6.0,8.0,8.0,3.0,8.0,5.0,7.0,4.0,5.0,7.0,7.0,7.0,6.0,6.0,7.0,5.0,7.0,6.0,6.0,8.0,6.0,5.0,0.0,3.0,8.0,9.0,8.0,5.0,5.0,7.0,4.0,6.0,7.0,1.0,2.0,9.0,7.0,4.0,5.0,6.0,5.0,3.0,5.0,6.0,6.0,5.0,5.0,6.0,4.0,8.0,6.0,2.0,0.0,3.0,6.0,9.0,7.0,5.0,5.0,7.0,3.0,6.0,7.0,1.0,2.0,5.0,0.0,0.0,0.0,0.0,0.0,0.0,0.0,0.0,0,0.0,0.0,0.0,0.0,0.0,0.0,0.0,0.0,0.0,0.0,0.0,0.0,0,0.0,0.0,0.0,0.0,0.0,0.0,0.0,0.0
79.5,1.0077841076373475,-0.661110664113514,3.541051017128525,0.9329881740021644,-1.0794300577249545,-1.3719880294868227,0.1434756277220534,0.0264279981925118,0.2492690961348622,0.2709907612853114,-0.4774958234402135,0.6477483399798325,-2.2232213412355377,0.0366424911244887,0.5023071474246953,0.1181950412139876,,0.3488881809531454,0.629539129772308,0.6157328141936406,0.5426029563030944,-0.0252286098062607,0.2090585285561474,0.5778538757736891,-0.6189942391257176,-0.6610961318119096,1.2178364613777737,1.10628374916839,0.0308720207570765,-0.9697024083257668,0.0718551659125188,-0.046293462093462,0.2718816239316239,0.1025643611290669,-0.1065427778104249,-0.1054263287366228,0.0195663003663003,0.003024880838116,0.0225756991374637,0.0368726329226328,-0.0997833055833056,0.1096290875790876,-0.2328723939459233,0.0044394723955094,0.0378059298716418,0.0308608807858806,0.0,0.080746558996559,0.0854719811406343,0.1115703807888018,0.0776341288999957,-0.0029476689976689,0.0197319402819403,0.0748716510613568,-0.0678501165501165,-0.0505269286269287,0.0968953546453545,0.1812807359307359,0.0030998556998556,-0.1071873582300053,8.0,8.0,4.0,8.0,6.0,6.0,6.0,6.0,8.0,5.0,3.0,6.0,5.0,11.0,9.0,3.0,3.0,8.0,8.0,8.0,8.0,8.0,7.0,7.0,6.0,9.0,7.0,4.0,7.0,6.0,7.0,5.0,4.0,8.0,8.0,8.0,5.0,8.0,6.0,7.0,7.0,7.0,6.0,7.0,7.0,7.0,0.0,4.0,9.0,9.0,9.0,4.0,4.0,8.0,4.0,6.0,6.0,2.0,2.0,8.0,7.0,5.0,4.0,8.0,5.0,5.0,4.0,6.0,6.0,5.0,3.0,6.0,3.0,7.0,7.0,3.0,0.0,4.0,8.0,8.0,8.0,4.0,4.0,7.0,3.0,6.0,6.0,2.0,2.0,5.0,0.0,0.0,1.0,0.0,0.0,0.0,0.0,0.0,0,0.0,0.0,0.0,0.0,0.0,0.0,0.0,0.0,0.0,0.0,0.0,0.0,0,0.0,0.0,0.0,0.0,0.0,0.0,0.0,0.0
80.5,0.9511988855495824,-1.5045063614362115,3.3003238545787537,0.5011783248234601,-0.6976309970310864,0.044714158306052,0.3692361714532273,-0.2949029269096602,-0.5894670038104844,0.9800720491245378,-0.3159231883754335,0.3031772262775645,-1.725137237778272,0.0868882957029936,0.7269914381060029,0.2708590441080512,0.0696338142395312,0.161675480484105,1.1887737092210693,-0.2424764357052171,0.3409966957369749,-0.5611543794115431,0.0157299378551806,0.7573622973524305,-0.9039230793565812,-0.3765292895061656,1.8555129486265936,1.586937767814443,0.4220412625128089,-0.7627807534371119,0.0618734598734598,-0.0947916916416916,0.2524935120435121,0.0554732825997531,-0.0769703463203461,0.0037239172592112,0.0535000222000222,-0.0317952451143628,-0.0539570096570096,0.1302969308469309,-0.0650464701964702,0.0514696275946274,-0.183670355461532,0.0078979011356719,0.0607316488293266,0.0729841628959275,0.0162350926850927,0.0411023643023643,0.1551113281884952,-0.0448383687949477,0.0453629361522549,-0.0631740259740258,0.0017102453102454,0.098623713051654,-0.0932555833055832,-0.0274737869973163,0.1892859834609834,0.2287694805194805,0.0461578643578643,-0.0777760406260406,7.0,9.0,4.0,7.0,6.0,6.0,6.0,5.0,9.0,6.0,3.0,7.0,4.0,10.0,9.0,4.0,3.0,9.0,10.0,6.0,7.0,7.0,7.0,7.0,7.0,9.0,6.0,4.0,6.0,6.0,6.0,6.0,3.0,8.0,7.0,8.0,3.0,7.0,5.0,7.0,6.0,7.0,6.0,7.0,8.0,8.0,2.0,4.0,9.0,10.0,9.0,3.0,3.0,8.0,4.0,7.0,5.0,3.0,2.0,7.0,6.0,6.0,3.0,7.0,4.0,6.0,3.0,5.0,5.0,6.0,3.0,6.0,3.0,7.0,8.0,4.0,1.0,4.0,9.0,6.0,7.0,3.0,3.0,7.0,3.0,7.0,5.0,3.0,2.0,5.0,0.0,0.0,1.0,0.0,0.0,0.0,0.0,0.0,0,0.0,0.0,0.0,0.0,0.0,0.0,0.0,0.0,0.0,0.0,0.0,0.0,0,0.0,0.0,0.0,0.0,0.0,0.0,0.0,0.0
81.5,1.3072570655305489,-0.3992362240862732,3.234170740560581,0.5108793830585737,-0.7672375935661045,0.5049614128297985,0.7190370935158784,-0.7257905420232524,0.3892286526983362,0.3700692871042667,-0.0965624310250071,0.5330035787093862,-1.7603303702441666,0.1375239929954926,0.8582534032732729,0.2016376770689915,0.9143960925239748,0.2828461867389124,0.5661983564887715,-0.7181412201666642,0.2179923799170499,0.4974313186549942,1.538681603835395,1.0334586356848583,0.3047471646358685,0.5555398139260347,2.543939357121741,0.4698948812772047,0.9303947249204348,-0.4991992078587638,0.1106946386946386,-0.0263495337995338,0.2488157398157398,0.0536206210456209,-0.0744741924741922,0.0433560655031243,0.0992444444444444,-0.0851876530332412,0.0434094038314626,0.0471645576645576,-0.0194158008658009,0.0847129870129869,-0.2251314799579507,0.0109067662729427,0.0757985086035394,0.0530177366750896,0.2285891774891775,0.0823403707403707,0.0716263869515416,-0.1325386364839151,0.0287578218565059,0.0499809024309024,0.1431829004329005,0.1364791890170373,0.0243001998001999,0.0469652768799827,0.2135318681318682,0.0573421744921746,0.1095792596292597,-0.0459394272394272,7.0,8.0,4.0,8.0,7.0,7.0,5.0,5.0,7.0,5.0,2.0,7.0,3.0,9.0,9.0,4.0,4.0,7.0,9.0,5.0,7.0,6.0,5.0,8.0,7.0,8.0,5.0,6.0,6.0,6.0,5.0,6.0,3.0,8.0,6.0,8.0,2.0,8.0,6.0,7.0,4.0,7.0,7.0,6.0,8.0,9.0,4.0,6.0,9.0,10.0,10.0,4.0,3.0,9.0,4.0,7.0,4.0,4.0,4.0,7.0,5.0,6.0,3.0,7.0,4.0,7.0,2.0,5.0,5.0,5.0,2.0,6.0,3.0,6.0,8.0,4.0,3.0,5.0,8.0,5.0,7.0,4.0,3.0,8.0,4.0,7.0,4.0,4.0,4.0,5.0,0.0,0.0,1.0,0.0,0.0,0.0,0.0,0.0,0,0.0,0.0,0.0,0.0,0.0,0.0,0.0,0.0,0.0,0.0,0.0,0.0,0,0.0,0.0,0.0,0.0,0.0,0.0,0.0,0.0
82.5,1.4027272499845116,-0.2290048014311085,-0.5410438806967133,1.0283248813091332,-0.4655362578259167,0.9946819212421286,0.7161989612387589,-0.4970021533067711,0.2414659225588599,0.5391835153734685,-0.1738065510255526,-0.1368837765814083,-1.0002031719578948,1.326830216131904,0.0807147974513623,0.1909911648485147,0.4695184286297442,0.4287456623262394,0.5690476249014439,-1.3000135762761198,0.3881496051638969,-0.9947618032169674,1.6602944757753495,1.3953446137466583,0.9478631139075828,0.8189506007186839,0.5237545036780722,1.157530418430103,1.1606694588371802,-0.8648815856028739,0.0964381174381175,-0.0158755910755913,-0.040642857142857,0.1095830197580196,-0.042626529026529,0.0900685143288084,0.0802380952380952,-0.0584550727050727,0.0274855977355976,0.0715784548784548,-0.0338717060717062,-0.0213945415695416,-0.1419464835731864,0.1023656628717,0.0080864909943857,0.0478660724036885,0.1206794773853597,0.1320098914157735,0.0659094035049917,-0.2339544605721077,0.0517805956599299,-0.0885173215673216,0.1779618603618603,0.1773522764816882,0.0719604173604173,0.081227933830875,0.0415547619047618,0.1654965145965146,0.1114786435786434,-0.0757316017316018,6.0,8.0,4.0,8.0,8.0,8.0,5.0,5.0,8.0,5.0,3.0,7.0,4.0,8.0,9.0,4.0,5.0,6.0,8.0,4.0,8.0,6.0,5.0,8.0,7.0,8.0,5.0,6.0,6.0,7.0,4.0,6.0,3.0,7.0,6.0,9.0,2.0,8.0,4.0,6.0,6.0,7.0,8.0,7.0,8.0,10.0,6.0,8.0,8.0,10.0,8.0,5.0,4.0,8.0,6.0,7.0,5.0,6.0,5.0,6.0,4.0,6.0,2.0,7.0,5.0,8.0,2.0,5.0,4.0,5.0,3.0,5.0,4.0,7.0,7.0,4.0,4.0,6.0,7.0,4.0,7.0,4.0,4.0,8.0,6.0,7.0,4.0,6.0,5.0,5.0,0.0,0.0,1.0,0.0,0.0,0.0,0.0,0.0,0,0.0,0.0,0.0,0.0,0.0,0.0,0.0,0.0,0.0,0.0,0.0,0.0,0,0.0,0.0,0.0,0.0,0.0,0.0,0.0,0.0
83.5,0.3273024592677922,0.1329118520901311,1.9273769306018476,0.9678960844221582,0.5263468273341146,0.9559507435613148,0.672404962112477,-0.0766870221900467,-0.0858818873849846,0.2637517523739924,-0.0011684385498656,-0.1421663447243621,-0.2500222639694954,-0.1245898633992199,0.2118648382214304,-0.2269121748825695,0.7590587929211785,-0.2628427152646169,0.8492723059708293,-1.297290520546176,0.389957145431959,-0.9102235317921172,1.5937961936171017,0.0055719325954786,0.2977204515874364,0.5732443475288741,0.4583849786381591,1.1491572822054807,-0.2363186154647898,0.8050430755631135,0.0221537296037297,0.0103357975357973,0.1461469807969809,0.0890733377733377,0.0572830946830946,0.0863695709862892,0.0945408369408368,-0.0085230091803621,-0.0096539294039295,0.0356525585525586,-0.0002257187257187,-0.0231138472638473,-0.0333328140813434,-0.0114818999885565,0.0220325280155,-0.059671664309203,0.1939995105427767,-0.0788024982069873,0.0951171712274653,-0.2373443251966472,0.0496816880831586,-0.0872185536685536,0.184274714174714,0.0007188670806316,0.024172877122877,0.0572977816301345,0.0348260794760795,0.1630265623265623,-0.021427539127539,0.0853345210345211,7.0,8.0,5.0,7.0,8.0,8.0,5.0,5.0,7.0,5.0,3.0,7.0,6.0,6.0,10.0,3.0,6.0,4.0,9.0,4.0,7.0,5.0,5.0,6.0,6.0,7.0,5.0,6.0,6.0,7.0,3.0,6.0,3.0,6.0,6.0,10.0,2.0,7.0,2.0,7.0,5.0,5.0,7.0,8.0,7.0,10.0,8.0,9.0,8.0,10.0,7.0,4.0,4.0,8.0,7.0,7.0,5.0,6.0,6.0,5.0,3.0,6.0,3.0,6.0,6.0,8.0,2.0,5.0,2.0,5.0,3.0,4.0,5.0,6.0,7.0,3.0,6.0,4.0,8.0,4.0,6.0,3.0,4.0,6.0,6.0,6.0,4.0,6.0,5.0,5.0,0.0,0.0,0.0,0.0,0.0,0.0,0.0,0.0,0,0.0,0.0,0.0,0.0,0.0,0.0,0.0,0.0,0.0,0.0,0.0,0.0,0,0.0,0.0,0.0,0.0,0.0,0.0,0.0,0.0
84.5,-0.6576635664355495,-0.3987283631558013,-0.049735475480434,0.46365947701,1.2036255670206366,0.924705143625778,0.2748928203497461,-0.1149139967855632,-0.4035433360502344,0.3356003790346356,0.6687062267032222,-0.0351320091952147,-0.4576848386390539,-1.0947615521051406,-0.1494855602440061,-0.6645239051191929,1.0361664269391304,-0.6881855724368516,0.8679224945551545,-1.3658987090000676,0.640477692097968,0.8379676074290598,1.1236307797649263,-1.2977747019025294,0.5626385541184588,-0.3528478692504145,1.36561664816813,1.0356696303370536,-0.0656058404560539,0.3846560560668887,-0.0411983294483294,-0.0265282800532802,-0.0036155233655232,0.0424955599955599,0.138206793206793,0.0846560101233474,0.0388178987678987,-0.0124140914640914,-0.0467887445887446,0.0445912087912087,0.1293231102231101,-0.0052761571761571,-0.0687200880818528,-0.1224792261917649,-0.0139660949903209,-0.1783850113938349,0.2575752930420113,-0.1987159164794614,0.0840603084823672,-0.2383415120139579,0.0902946452240571,0.0877634532134531,0.1084322177822176,-0.146632836771072,0.0467984819102466,-0.0326916999666999,0.0962030939648586,0.1719973581973581,-0.0062730380730381,0.035429908979909,8.0,7.0,7.0,6.0,8.0,8.0,6.0,6.0,8.0,5.0,4.0,7.0,7.0,6.0,10.0,2.0,8.0,3.0,8.0,5.0,7.0,4.0,6.0,4.0,6.0,7.0,7.0,7.0,6.0,6.0,3.0,7.0,4.0,6.0,7.0,10.0,3.0,6.0,2.0,7.0,5.0,4.0,6.0,8.0,6.0,9.0,10.0,10.0,7.0,9.0,6.0,5.0,5.0,7.0,7.0,6.0,6.0,7.0,6.0,4.0,3.0,6.0,4.0,5.0,7.0,8.0,3.0,5.0,2.0,5.0,4.0,4.0,4.0,5.0,6.0,2.0,8.0,3.0,7.0,4.0,5.0,4.0,5.0,4.0,6.0,5.0,6.0,7.0,5.0,4.0,0.0,0.0,0.0,0.0,0.0,0.0,0.0,0.0,0,0.0,0.0,0.0,0.0,0.0,0.0,0.0,0.0,0.0,0.0,0.0,0.0,0,0.0,0.0,0.0,0.0,0.0,0.0,0.0,0.0
85.5,0.1656584285532843,-0.5169938841000252,0.5438613116889961,-0.4988215464418415,0.9875357845924266,1.5742641965672592,0.4065029302990832,1.4686333459279182,0.249075650594619,-0.0363582218489799,0.6762774235664496,0.9939451911840724,-0.472234403072328,-1.2896329862519018,0.0390629689953747,-1.1995011664255644,1.238361569609752,-0.7109151220754716,0.6646003132980786,-0.341847431068002,0.7601274845557618,-0.5103758999471099,-0.0378591957756238,-1.0424472296961804,-0.7040610420783344,0.5707181386138492,1.2109474649627363,0.6281678121413595,0.2827664055385465,0.2169501336790356,0.0086499278499277,-0.0328994671994673,0.0351032467532466,-0.036955611055611,0.0951771816418874,0.1431449026979212,0.0503362304362304,0.1719382506382506,0.0266138472638473,-0.0047276612276612,0.1416483571983571,0.1601887112887111,-0.0488935900700606,-0.1511043462729222,0.0037412159048382,-0.3281907107598284,0.2946632602949166,-0.2066308331761118,0.0802109625668447,-0.0619095279419583,0.0925123987123988,-0.0489242091242091,-0.0040260295260295,-0.1144013577925342,-0.0660742257742258,0.0440405261405261,0.0906496197129324,0.1009529359529359,0.0343834165834165,0.0217112554112554,7.0,8.0,7.0,6.0,8.0,9.0,6.0,6.0,7.0,6.0,4.0,6.0,8.0,6.0,10.0,1.0,8.0,4.0,9.0,7.0,8.0,4.0,6.0,4.0,6.0,7.0,8.0,6.0,8.0,6.0,2.0,6.0,6.0,6.0,9.0,10.0,4.0,5.0,3.0,6.0,5.0,5.0,6.0,9.0,6.0,8.0,9.0,9.0,8.0,9.0,5.0,6.0,6.0,7.0,7.0,5.0,8.0,7.0,5.0,3.0,2.0,6.0,6.0,5.0,8.0,9.0,4.0,5.0,3.0,5.0,4.0,5.0,5.0,5.0,6.0,1.0,8.0,3.0,8.0,6.0,5.0,4.0,5.0,4.0,5.0,5.0,8.0,6.0,5.0,3.0,0.0,0.0,0.0,0.0,0.0,0.0,0.0,0.0,0,0.0,0.0,0.0,0.0,0.0,0.0,0.0,0.0,0.0,0.0,0.0,0.0,0,0.0,0.0,0.0,0.0,0.0,0.0,0.0,0.0
86.5,0.2297590112243206,0.1014953152113701,0.6235977693269962,0.359210686467322,0.5128540815965937,0.9665217437019474,0.0096037486852715,1.5568912896371814,-0.74565143925494,0.1765440313734304,0.8764146754766712,0.7066479156758675,0.5410613420751251,-1.1831824279245633,-1.0202832766818808,-0.47275605963399,1.27390562802657,0.0981945497454434,-0.4351553648592597,0.3337411117003376,0.0118667237123569,-1.0676986725072246,1.1715008325057736,-1.848361382853535,-0.4015099255654872,0.4588423983484926,0.5973797837657372,-0.6882420841687787,0.0165690556894311,-0.51827283989832,0.014392735042735,0.0055105585590878,0.045534398934399,0.0255552003552003,0.0486938698556346,0.0842511499336575,0.0011568487068488,0.166812432012432,-0.0734486124986124,0.0236354978354979,0.1923802863802863,0.1239313797313796,0.056581990558461,-0.133410150530584,-0.081989716655893,-0.127987407037407,0.2887178418846374,0.0287434927645453,-0.0462665968018909,0.0613219018167934,0.0011240093240093,-0.1314126456876456,0.1254533022533023,-0.1824615384615385,-0.031694067697009,0.0388296425796426,0.0507239199053439,-0.1144290812129048,0.0015419746919747,-0.0503031746031746,7.0,8.0,7.0,5.0,7.0,8.0,7.0,5.0,9.0,6.0,5.0,6.0,10.0,7.0,11.0,2.0,9.0,5.0,8.0,9.0,8.0,4.0,7.0,3.0,7.0,7.0,9.0,4.0,7.0,7.0,3.0,7.0,6.0,6.0,9.0,10.0,5.0,4.0,3.0,6.0,6.0,5.0,7.0,8.0,5.0,7.0,8.0,9.0,7.0,9.0,4.0,7.0,6.0,6.0,7.0,4.0,8.0,8.0,4.0,2.0,3.0,7.0,6.0,5.0,7.0,8.0,5.0,4.0,3.0,5.0,5.0,5.0,7.0,5.0,5.0,2.0,8.0,5.0,6.0,8.0,4.0,4.0,6.0,3.0,6.0,4.0,8.0,4.0,4.0,2.0,0.0,0.0,0.0,0.0,0.0,0.0,0.0,0.0,0,0.0,0.0,0.0,0.0,0.0,0.0,0.0,0.0,0.0,0.0,0.0,0.0,0,0.0,0.0,0.0,0.0,0.0,0.0,0.0,0.0
87.5,-0.6472052093033699,-1.932666617965281,-1.463273948880066,0.1253799842549718,-0.040439269458585,0.9441846762419814,0.5175819590684629,1.4609000404803936,-0.3664654893717693,0.919706243423806,0.9925418968182425,0.8600857168772839,-0.2611034429109877,-1.1098655464640608,-0.9429306967001356,-0.8974273389099069,0.825384824533086,0.0814517507190255,-0.1102194068054914,0.8982077650246192,0.2948845441303437,-0.9281122191487976,0.1722474696734583,-1.5219181001850144,-0.2305415337559115,-0.2022700406201135,0.78376320028854,-0.5798546420654167,-0.2073529464770774,-0.0665298178498458,-0.0395487567987566,-0.1155051864801864,-0.1078928404928406,0.0116095487845486,-0.0040242649507356,0.0861169713499434,0.0630378954378954,0.1492663780663781,-0.0404438672438671,0.119212665112665,0.2131382950382949,0.1616706349206349,-0.0280963699698995,-0.1153009507434429,-0.0851866943514002,-0.235357498057498,0.1685535635932695,0.0240296198899139,-0.0132625404007757,0.1637043329391626,0.0349734598734599,-0.1127589410589411,0.0179529415029415,-0.1619647352647354,-0.018890626040626,-0.0176947385947385,0.0698899673769641,-0.0899207625707626,-0.0210679653679652,-0.0048222222222222,8.0,8.0,7.0,6.0,6.0,8.0,7.0,5.0,8.0,5.0,5.0,5.0,10.0,8.0,11.0,1.0,9.0,6.0,8.0,9.0,8.0,5.0,7.0,3.0,7.0,8.0,8.0,4.0,7.0,6.0,3.0,7.0,6.0,7.0,8.0,10.0,6.0,3.0,3.0,6.0,6.0,6.0,6.0,7.0,4.0,5.0,6.0,8.0,7.0,9.0,5.0,6.0,4.0,6.0,7.0,4.0,9.0,7.0,3.0,1.0,3.0,6.0,5.0,6.0,5.0,8.0,6.0,3.0,3.0,5.0,5.0,5.0,6.0,5.0,4.0,1.0,6.0,5.0,6.0,9.0,5.0,4.0,4.0,3.0,6.0,4.0,8.0,4.0,3.0,1.0,0.0,0.0,0.0,0.0,0.0,0.0,0.0,0.0,0,0.0,0.0,0.0,0.0,0.0,0.0,0.0,0.0,0.0,0.0,0.0,0.0,0,0.0,0.0,0.0,0.0,0.0,0.0,0.0,0.0
88.5,-0.6041791675792871,0.8200061810800073,0.7250840717945227,-0.2281841542587575,0.882353637404551,0.7307332450228841,0.6371236406938642,0.7032532747315806,-0.386245962674008,1.6866404190243436,0.7360894442833863,0.3049353737415264,0.4032120142236254,-0.2397573747115472,-0.9769075034852264,0.0285465365900304,0.9024291449695636,0.6954300305989187,-0.1108054071816586,0.6007059308122508,0.5880477751279297,-0.3806970100897313,0.1347033685988667,-0.4324443025872773,-0.7953811748815213,-0.6627405756144304,1.4404889525485507,-0.3757884472738341,0.2704785305982935,0.1486057632854157,-0.0401616605616605,0.0571386030636029,0.0543238594738593,-0.0258776674306088,0.0754070013320012,0.0711121597356891,0.0800512301424065,0.0729667998667998,-0.0390660561660561,0.2400050505050505,0.1493401098901098,0.0545104173604173,0.0515196071901953,-0.0259352485749544,-0.0886907458554516,0.007005056055056,0.1702253445900504,0.1989266844266843,-0.0121809037196034,0.1022218658706274,0.0824478146036968,-0.0487496975246976,0.0125938172938172,-0.0466682928182928,-0.07983769008769,-0.0528927017427016,0.1367002881449475,-0.058509706959707,0.0259154401154401,0.0152663059163059,8.0,8.0,7.0,6.0,6.0,8.0,6.0,6.0,8.0,4.0,4.0,5.0,9.0,10.0,11.0,2.0,8.0,6.0,7.0,9.0,8.0,6.0,7.0,4.0,8.0,9.0,8.0,4.0,6.0,6.0,4.0,7.0,6.0,8.0,7.0,8.0,7.0,4.0,4.0,4.0,5.0,7.0,7.0,5.0,4.0,5.0,6.0,6.0,8.0,9.0,6.0,7.0,4.0,6.0,6.0,5.0,8.0,7.0,2.0,2.0,4.0,7.0,6.0,6.0,6.0,7.0,6.0,4.0,4.0,4.0,4.0,5.0,7.0,5.0,4.0,2.0,6.0,5.0,6.0,8.0,6.0,5.0,4.0,4.0,5.0,5.0,8.0,4.0,2.0,2.0,0.0,0.0,0.0,0.0,0.0,0.0,0.0,0.0,0,0.0,0.0,0.0,0.0,0.0,0.0,0.0,0.0,0.0,0.0,0.0,0.0,0,0.0,0.0,0.0,0.0,0.0,0.0,0.0,0.0
89.5,-1.4080912486964674,-0.3489577182116239,-0.2483124911256941,0.194137675697041,-0.8271612004606238,0.4935645343543491,-0.0489378271766258,1.4821217315585855,-0.4621717703947268,1.3934857025868652,0.0579069956404718,0.1468335647952563,1.1296361630669574,0.0904364096467556,-0.9411901563267528,0.9469296809669794,0.5121689963591002,0.4843087625688457,1.5457704834007422,0.5011384150072191,0.5244686240254983,-0.1308176375498835,-0.0470033936115932,-0.1518226337026102,-0.9192050621183224,-1.7056164033073764,0.9676635661002536,-0.0965060398220125,0.7138368820405229,-2.6385429975700956,-0.0921040737040737,-0.0268616716616717,-0.0200492174492175,0.0217933781904369,-0.0671867284676108,0.0496531571369804,-0.0064740445828681,0.1638387834387834,-0.0394582417582418,0.2189523809523809,0.0117632145632144,0.0250341988077281,0.1734085616310073,0.0093207578369343,-0.0799833659804247,0.2506014430014429,0.0885375485625487,0.1238448995448995,0.1756414668664669,0.0862467456863741,0.0760566351690963,-0.0147777528027528,-0.0037821289821289,-0.0161221722721723,-0.0893601454101454,-0.1226552725052724,0.0885268572930336,-0.0140882117882117,0.060029365079365,-0.3350802308802308,9.0,8.0,6.0,8.0,5.0,7.0,5.0,5.0,9.0,4.0,3.0,5.0,9.0,10.0,11.0,2.0,6.0,8.0,7.0,9.0,7.0,6.0,7.0,6.0,9.0,10.0,8.0,4.0,5.0,5.0,4.0,5.0,6.0,8.0,8.0,7.0,7.0,4.0,5.0,3.0,5.0,8.0,9.0,5.0,5.0,3.0,5.0,6.0,6.0,9.0,8.0,7.0,4.0,6.0,6.0,4.0,7.0,6.0,1.0,3.0,4.0,5.0,5.0,7.0,5.0,6.0,5.0,4.0,5.0,3.0,3.0,5.0,9.0,5.0,5.0,2.0,4.0,5.0,6.0,8.0,7.0,5.0,4.0,5.0,5.0,4.0,7.0,4.0,1.0,1.0,0.0,0.0,0.0,0.0,0.0,0.0,0.0,0.0,0,0.0,0.0,0.0,0.0,0.0,0.0,0.0,0.0,0.0,0.0,0.0,0.0,0,0.0,0.0,0.0,0.0,0.0,0.0,0.0,0.0
90.5,-0.5312129078891008,0.7137923490658021,0.1392637888388416,1.095740993859286,-0.3317852719709935,0.6143972208287127,0.2392972059730247,0.5195260331542803,0.0654295547793062,-0.4944779497901739,-0.8379018877670765,0.1142057562986613,1.2422173782551795,-0.1514017816056247,-0.1851787326464556,1.2698826055964254,0.1090157558633692,0.4329255349408274,1.9972280276040175,0.5390018576318362,-0.3411215360345991,-0.4015228118891658,-0.8899967047266417,-0.2869361499478491,-0.7810185796057986,-1.0283512679741549,0.3583538864585358,-0.8512519005031527,0.7695237315653688,-2.4855386806138515,-0.0358357309357308,0.0600585414585415,0.0086376789876788,0.1242905589508529,-0.0336332001332002,0.0473594513329805,0.0333017222973105,0.049341697191697,0.0057093739593739,-0.0806126984126983,-0.169456055056055,0.0184495290657056,0.1858102004720424,-0.0131988506591447,-0.0160436120123427,0.3393621212121213,0.0178040515040515,0.1087629537129538,0.2428696137196137,0.0854804850722031,-0.049657837578658,-0.0404614274614274,-0.0686765956265956,-0.0389093483314072,-0.069804501054501,-0.0714254079254079,0.031183161807233,-0.1254278110778111,0.0691920634920634,-0.2731391108891109,8.0,7.0,5.0,8.0,5.0,6.0,5.0,5.0,8.0,3.0,2.0,5.0,8.0,9.0,10.0,3.0,5.0,9.0,5.0,10.0,6.0,7.0,8.0,7.0,9.0,9.0,8.0,5.0,5.0,5.0,5.0,5.0,6.0,8.0,7.0,7.0,7.0,6.0,5.0,2.0,5.0,9.0,8.0,5.0,6.0,2.0,4.0,5.0,4.0,8.0,9.0,6.0,4.0,8.0,5.0,5.0,8.0,5.0,1.0,4.0,5.0,5.0,5.0,8.0,5.0,6.0,5.0,5.0,5.0,1.0,2.0,5.0,8.0,5.0,6.0,2.0,3.0,5.0,4.0,8.0,6.0,5.0,4.0,6.0,5.0,5.0,7.0,3.0,1.0,2.0,0.0,0.0,0.0,0.0,0.0,0.0,0.0,0.0,0,0.0,0.0,0.0,0.0,0.0,0.0,0.0,0.0,0.0,0.0,0.0,0.0,0,0.0,0.0,0.0,0.0,0.0,0.0,0.0,0.0
91.5,-0.3448673984864324,0.0540660589335429,-0.91539562904275,0.9898858400556808,-0.5642511543482661,0.2851371217582967,-0.0076578798369575,-0.2224339019810829,0.3173620535315896,0.3856893565562491,-2.052217052508913,0.1355922532243551,0.1460578048715223,-0.6465742338129935,-0.2041341594698426,-0.3388318374194381,1.3086565215227852,0.293474769716623,2.02182044397591,0.319480186467847,-0.4883615745301845,-0.1133341375260566,-0.8619668007306892,0.5382710665216217,0.2200269468812552,0.0809960047130429,-0.5510717982424015,0.5553484281109975,,-1.8739347186377409,-0.0209756077256079,0.0038717282717283,-0.0611541458541459,0.1124695157783393,-0.0550866633366634,0.020477311414076,-0.0010283143327262,-0.0223956487956487,0.0358373159520218,0.0552738095238094,-0.405241341991342,0.0228898578545637,0.0205026667690753,-0.054888916217941,-0.0168376782402324,-0.0728896825396825,0.2605137529137529,0.0699178044178043,0.242081252081252,0.0584598874208006,-0.0663434722484258,-0.0120053668553669,-0.0761725108225108,0.0716017311120252,0.0187348318348317,0.0063516761016759,-0.0471588434441376,0.0603693029193029,0.0,-0.1558891719391719,8.0,7.0,6.0,8.0,5.0,6.0,6.0,6.0,6.0,5.0,1.0,5.0,6.0,9.0,10.0,3.0,3.0,8.0,5.0,9.0,6.0,7.0,8.0,7.0,8.0,8.0,8.0,6.0,6.0,4.0,6.0,4.0,6.0,9.0,7.0,7.0,7.0,6.0,6.0,2.0,5.0,8.0,8.0,7.0,6.0,2.0,4.0,4.0,4.0,9.0,10.0,4.0,3.0,8.0,6.0,6.0,7.0,4.0,0.0,5.0,6.0,4.0,5.0,8.0,5.0,6.0,5.0,5.0,5.0,2.0,1.0,5.0,6.0,6.0,6.0,1.0,3.0,4.0,4.0,8.0,6.0,4.0,3.0,7.0,6.0,6.0,6.0,4.0,0.0,3.0,0.0,0.0,0.0,0.0,0.0,0.0,0.0,0.0,0,0.0,0.0,0.0,0.0,0.0,0.0,0.0,0.0,0.0,0.0,0.0,0.0,0,0.0,0.0,0.0,0.0,0.0,0.0,0.0,0.0
92.5,0.6494079577719108,0.0334322403576535,-0.05626637830849,0.988685446494895,0.3912453750349219,-0.4852055717225325,-0.0360165111006313,0.1520022955606846,1.1630294793697138,0.4610875197562017,-1.3269226563495444,-0.1019247897079101,-0.6932808685674836,-0.154115045902105,0.7941854320171691,-0.5933408185231043,0.3824284740073934,0.2959876775703662,0.9007494353325912,0.5938228006832075,-0.774522177098496,-0.5855123982596858,0.1787116273652704,0.9296939479124738,0.4002648348219423,0.4853287012600874,-0.1101535211298818,-0.3941986005880659,,-1.644878821521343,0.0388677655677655,0.0023590520590521,-0.0038262433644786,0.1116250881471468,0.0378119227178048,-0.0399287707390649,-0.0046908424908423,0.0170803823627352,0.1403904788022434,0.0755063492063491,-0.263358225108225,-0.0170990842490842,-0.1001241456513902,-0.0129007058301175,0.0790818842921782,-0.1386281385281385,0.0691088078588078,0.0702016927516928,0.0860943362193362,0.1135234740319878,-0.1051231031696203,-0.0666660894660894,0.0201234487734487,0.124053028627719,0.028679487179487,0.0375781160016454,-0.0076579990271168,-0.045006277056277,0.0,-0.1448881451881452,7.0,7.0,6.0,8.0,7.0,6.0,4.0,6.0,7.0,5.0,1.0,5.0,5.0,7.0,9.0,2.0,2.0,8.0,5.0,10.0,7.0,8.0,7.0,8.0,7.0,8.0,9.0,7.0,6.0,5.0,6.0,4.0,7.0,9.0,9.0,8.0,6.0,8.0,7.0,2.0,4.0,6.0,9.0,6.0,8.0,3.0,4.0,4.0,5.0,9.0,8.0,3.0,3.0,9.0,5.0,7.0,7.0,3.0,0.0,6.0,6.0,4.0,6.0,8.0,7.0,6.0,4.0,6.0,7.0,2.0,1.0,4.0,5.0,5.0,8.0,1.0,2.0,4.0,4.0,9.0,5.0,3.0,3.0,8.0,5.0,7.0,7.0,3.0,0.0,4.0,0.0,0.0,0.0,0.0,0.0,0.0,0.0,0.0,0,0.0,0.0,0.0,0.0,0.0,0.0,0.0,0.0,0.0,0.0,0.0,0.0,0,0.0,0.0,0.0,0.0,0.0,0.0,0.0,0.0
93.5,0.7226994237700156,-0.8329160262610454,-1.4528160710419722,0.5812909653379837,0.3488205217887224,-0.5698778846327422,1.0983055993406632,-0.7342646411758242,0.176791557925647,0.062057339882127,-0.1099808407726688,-0.0017899684575796,-1.1036865197540109,0.0975843537284044,1.3104473537889358,-1.8607880547333011,-3.1917010059465247,-0.1208685568811498,1.6870313693407322,0.733724394607309,-1.2107607939885667,-0.100551497625855,0.6281250811686329,0.8112414546191953,1.911022530757072,-0.2521884242411164,-0.5299283069945829,-0.5198173072440052,-0.2295499277875673,-0.5259152509820637,0.0436485181485181,-0.0545575757575756,-0.1203504995004995,0.0650288250964721,0.0350119999281763,-0.0522110782234621,0.1365854284604284,-0.0828393627614217,0.0212047583135818,0.0093537518037518,-0.0202546897546898,-0.0002745976245975,-0.149577014231039,0.008875904006554,0.1560977968453974,-0.5134037795537795,-0.5658154512154513,-0.0285152736152736,0.195697755022755,0.1443632626489436,-0.1520725403337633,-0.0091262404262404,0.0570575757575758,0.1001201677407558,0.1401494172494172,-0.0211639816066288,-0.0426312458783048,-0.0618170274170275,-0.0301051226551226,-0.0479346403596404,7.0,8.0,5.0,7.0,7.0,6.0,5.0,5.0,7.0,6.0,2.0,5.0,4.0,8.0,6.0,1.0,0.0,10.0,6.0,9.0,7.0,7.0,6.0,9.0,6.0,7.0,10.0,7.0,8.0,5.0,6.0,3.0,6.0,8.0,9.0,9.0,6.0,8.0,7.0,3.0,4.0,6.0,8.0,8.0,7.0,4.0,3.0,4.0,5.0,10.0,8.0,4.0,3.0,8.0,6.0,7.0,7.0,2.0,2.0,7.0,6.0,3.0,4.0,7.0,7.0,6.0,5.0,5.0,6.0,3.0,2.0,4.0,4.0,7.0,6.0,0.0,0.0,4.0,5.0,9.0,5.0,4.0,3.0,8.0,6.0,6.0,7.0,2.0,2.0,5.0,0.0,0.0,0.0,0.0,0.0,0.0,0.0,0.0,0,0.0,0.0,0.0,0.0,0.0,0.0,0.0,0.0,0.0,0.0,0.0,0.0,0,0.0,0.0,0.0,0.0,0.0,0.0,0.0,0.0
94.5,-1.6449729918667642,0.261758665724315,-1.6944751176260582,1.0644571889820291,1.268425162528752,-1.5407249513841637,0.4775848584587236,-0.2529228141034603,0.013365407881044,0.4947715849611975,0.8832285924387141,0.111251128163453,-1.7645084172983476,-0.3876888745233874,1.8567772905660744,-2.045613957962085,,0.0715247050803134,1.4998877043241443,0.7502458587783193,0.3289774053155987,-0.7415576472681309,0.5993386415617685,0.6678615882152357,0.7724826300717986,-1.3134246112543624,-0.3960226280064104,-0.705020629660004,-0.6285779299555434,0.6585864014563911,-0.1014171828171829,0.0202082306582306,-0.1580803085803084,0.1107896298146298,0.124206240328299,-0.1369712762297903,0.0573775002775002,-0.0291946168210873,0.0015122841211075,0.0753292540792541,0.1607556998556997,0.0171588966588968,-0.2091818429936077,-0.0418507161483169,0.24148578953726,-0.5673349927849928,,0.0168288322788322,0.1725876652759005,0.1382382385674181,0.0455357117684516,-0.0737789266289266,0.05232784992785,0.0777372792240439,0.0659413586413585,-0.1164623890815068,-0.0368595915522387,-0.0959504329004329,-0.0614497835497835,0.0612407675657674,7.0,7.0,6.0,8.0,8.0,5.0,5.0,5.0,8.0,7.0,3.0,5.0,3.0,8.0,4.0,1.0,,9.0,7.0,9.0,9.0,8.0,6.0,8.0,5.0,7.0,8.0,8.0,8.0,6.0,6.0,4.0,5.0,9.0,8.0,10.0,6.0,8.0,7.0,5.0,4.0,5.0,7.0,9.0,5.0,6.0,,4.0,7.0,11.0,9.0,4.0,3.0,8.0,6.0,7.0,7.0,2.0,2.0,7.0,5.0,4.0,3.0,8.0,8.0,5.0,5.0,5.0,6.0,5.0,3.0,4.0,3.0,7.0,4.0,0.0,,4.0,7.0,9.0,8.0,4.0,3.0,7.0,5.0,5.0,6.0,2.0,2.0,6.0,0.0,0.0,0.0,0.0,0.0,0.0,0.0,0.0,0,0.0,0.0,0.0,0.0,0.0,0.0,0.0,,0.0,0.0,0.0,0.0,0,0.0,0.0,0.0,0.0,0.0,0.0,0.0,0.0
95.5,-1.2012436508040294,1.1105840375623304,-0.4137762498348623,1.0564229005095764,0.3471047960573135,-1.255065017725049,0.6354928957350039,-0.3488734097906679,-0.9948890279815924,1.2059099793657078,0.7120363727832415,0.5220358160704709,-2.187915508511846,-0.1968274982697834,0.7147564296029534,-2.1030109532219092,,-0.2322967838442749,1.08221522439333,0.5007025725632773,0.7335020076405282,0.0064769484825387,-0.1346532560148157,0.4409473009852814,0.6482343230455605,-1.936712359863376,0.4816058145947133,-0.9001386232088303,-1.089442655469511,0.1930485171965367,-0.0856235264735266,0.0832702131202132,-0.0364128427128426,0.105916565787154,0.0352182151182151,-0.1137805241799823,0.0781297184841302,-0.0382577399724459,-0.0943592485945428,0.1570971805971805,0.1483541736041735,0.0835329503829502,-0.3034364579864579,-0.0214339824176512,0.0655069992099404,-0.5820740374005079,,-0.0538235042735044,0.1324880941298123,0.0894416127044609,0.1031725556263482,0.0006624153624154,-0.0131313131313131,0.050073290435055,0.0521858974358974,-0.161812198912199,0.0408253364282774,-0.1090753246753245,-0.1053945165945164,0.0173564602064602,7.0,6.0,8.0,7.0,8.0,5.0,6.0,6.0,8.0,6.0,4.0,4.0,4.0,9.0,3.0,0.0,,7.0,8.0,9.0,10.0,7.0,7.0,7.0,6.0,6.0,8.0,8.0,9.0,7.0,6.0,4.0,3.0,8.0,7.0,9.0,7.0,7.0,6.0,6.0,5.0,4.0,6.0,8.0,5.0,8.0,,4.0,8.0,10.0,9.0,4.0,3.0,7.0,7.0,6.0,6.0,2.0,3.0,5.0,5.0,4.0,3.0,7.0,6.0,5.0,6.0,5.0,5.0,6.0,4.0,3.0,2.0,7.0,3.0,0.0,,3.0,8.0,8.0,9.0,4.0,3.0,6.0,6.0,4.0,6.0,2.0,3.0,5.0,0.0,0.0,0.0,0.0,0.0,0.0,0.0,0.0,0,0.0,0.0,0.0,0.0,0.0,0.0,0.0,,0.0,0.0,0.0,0.0,0,0.0,0.0,0.0,0.0,0.0,0.0,0.0,0.0
96.5,-0.9814804879051264,-0.1507121340428092,0.2647209042368049,-0.7081306875780571,0.8293535048490935,-1.3365745709587518,-0.0430194060801349,-0.0160842814197624,0.0296184813711765,1.555238523150489,0.8036020364254328,-1.17930906037353,-1.366839398625113,0.0916247673986309,-0.7557909896528789,-2.099639171881118,,-0.2435446062449528,1.0411394787506187,0.7168417801359922,0.790681727334556,-0.1124986608152727,0.8466266946529744,1.342665117768742,0.7954486360005669,-0.3288430895262172,0.6952649351879988,-0.3543396374250436,-0.1787882553057896,0.2500169511423238,-0.0674397004955827,-0.0102109224109223,0.0249142135642135,-0.0736434183463595,0.0919414307914308,-0.1211553131509014,-0.0057800968639204,-0.001628584160937,0.0032840887870297,0.199031684981685,0.1757450327450327,-0.1897505106005107,-0.1974896214896214,0.0102620416992706,-0.0729841913676279,-0.5856115311159429,,-0.0584191364191365,0.1456811006760697,0.123510231478188,0.1198694644708575,-0.0112323121323122,0.0711530247530247,0.168630364080364,0.0536444222444222,-0.0306946803196803,0.0618893856143853,-0.0474791486291487,-0.016955844155844,0.0230585026085026,8.0,5.0,7.0,7.0,8.0,6.0,5.0,6.0,10.0,7.0,6.0,3.0,6.0,10.0,3.0,0.0,,7.0,9.0,8.0,10.0,8.0,6.0,6.0,7.0,7.0,8.0,7.0,7.0,7.0,7.0,5.0,2.0,8.0,5.0,8.0,7.0,7.0,7.0,8.0,5.0,4.0,4.0,9.0,6.0,8.0,,4.0,9.0,10.0,9.0,6.0,4.0,5.0,6.0,6.0,6.0,2.0,3.0,5.0,6.0,4.0,2.0,6.0,5.0,5.0,5.0,5.0,7.0,7.0,5.0,2.0,2.0,8.0,3.0,0.0,,3.0,9.0,8.0,9.0,6.0,4.0,5.0,6.0,5.0,6.0,2.0,3.0,5.0,0.0,0.0,0.0,0.0,0.0,0.0,0.0,0.0,0,0.0,0.0,0.0,0.0,0.0,0.0,0.0,,0.0,0.0,0.0,0.0,0,0.0,0.0,0.0,0.0,0.0,0.0,0.0,0.0
97.5,-1.4733443784861884,1.4869057942686876,0.0257597414147709,0.0740237283586315,-0.1260960590764111,-1.4318258721836818,0.3413383591271556,-1.193637850134508,-0.9345866796478198,1.1101819828302943,0.7462629692209131,-2.9947026511541672,0.0078998888261544,0.0878621999606791,-2.1354713636245144,-1.30910816943875,,0.0248788099556524,1.0105884869863608,0.4703879525321143,1.2167060993689114,0.7146976274444209,-0.5078590615729134,1.1672753449046476,0.4058166508955144,-0.8799905447621668,-0.0144181001267561,-0.2838115885174549,0.3194182079588289,-1.469132582028139,-0.08778001998002,0.0989348207348206,0.0016848484848484,0.0073775280275281,-0.0120506049506049,-0.1516276223776224,0.0496862023597317,-0.1217545981795982,-0.0832223041664218,0.1481896436896436,0.1816428349428349,-0.5330845987345987,0.0008641636141635,0.0107790116144605,-0.2412737313769821,-0.3497915848857025,,0.0060643190143189,0.1391883703413888,0.0762817628535894,0.1798491938488068,0.0935688439011968,-0.0420292263292263,0.1087927350427349,0.0321997806115451,-0.0674143856143856,-0.0011261516261515,-0.0331802308802309,0.0420708513708514,-0.1342190642690642,9.0,6.0,7.0,6.0,8.0,7.0,6.0,6.0,10.0,6.0,6.0,2.0,8.0,11.0,2.0,1.0,,6.0,9.0,8.0,10.0,7.0,6.0,6.0,8.0,7.0,8.0,7.0,7.0,7.0,6.0,5.0,1.0,7.0,4.0,6.0,8.0,6.0,6.0,7.0,7.0,6.0,3.0,7.0,6.0,9.0,,4.0,9.0,8.0,11.0,8.0,6.0,5.0,7.0,6.0,5.0,3.0,3.0,5.0,6.0,5.0,1.0,5.0,4.0,4.0,6.0,4.0,6.0,6.0,6.0,1.0,3.0,7.0,2.0,1.0,,3.0,9.0,7.0,10.0,7.0,5.0,5.0,7.0,5.0,5.0,3.0,3.0,4.0,0.0,0.0,0.0,0.0,0.0,0.0,0.0,0.0,0,0.0,0.0,0.0,0.0,0.0,0.0,0.0,,0.0,0.0,0.0,0.0,0,0.0,0.0,0.0,0.0,0.0,0.0,0.0,0.0
98.5,-0.4229265449009146,-0.1349212362996364,-0.1488783940865009,0.4809483187302307,0.042993235685062,-1.0846360701608415,0.5484337287599943,-0.8086094632971026,0.0475545645961605,0.6389974429789607,0.8401258427355119,-2.9882553949195683,-0.255144267121401,0.0740431800241548,-3.111649319753591,-1.3621221706885076,,-0.1478428737053885,0.4648839465699015,0.7470473279121729,0.7389627944226798,0.8485360460210729,-0.3105414103051525,0.7650936097031664,0.5432434671672095,-0.9693357205178212,1.3445383833135676,1.3754471121746827,-1.1941531546474624,-1.070310817001344,-0.0250029470529472,-0.0069492620124974,-0.0074556277056276,0.0573978632478633,0.0046495670995669,-0.102882917082917,0.0762351680998739,-0.0830428682428682,0.0045788600288599,0.0842046953046953,0.198028243978244,-0.5336545954045954,-0.0294256132756132,0.0080806668821373,-0.2801816503585855,-0.3661439171939172,,-0.0421488788988789,0.0676656945909266,0.1225175317372685,0.1072063708049774,0.1090626167949697,-0.0259523143523144,0.0767912587412585,0.0440941974691974,-0.0765852147852148,0.0869720064249475,0.145138639138639,-0.1342993506493506,-0.0974318459318459,8.0,6.0,7.0,6.0,8.0,7.0,6.0,6.0,8.0,5.0,6.0,1.0,8.0,10.0,4.0,2.0,,6.0,8.0,9.0,8.0,7.0,8.0,5.0,8.0,7.0,7.0,5.0,6.0,8.0,6.0,7.0,1.0,5.0,3.0,5.0,8.0,5.0,5.0,7.0,7.0,6.0,2.0,6.0,7.0,7.0,,6.0,10.0,8.0,10.0,8.0,6.0,6.0,7.0,6.0,6.0,4.0,3.0,4.0,6.0,6.0,1.0,4.0,3.0,4.0,6.0,4.0,5.0,5.0,6.0,1.0,2.0,6.0,3.0,1.0,,4.0,8.0,8.0,8.0,7.0,6.0,5.0,7.0,5.0,6.0,4.0,2.0,4.0,0.0,0.0,0.0,0.0,0.0,0.0,0.0,0.0,0,0.0,0.0,0.0,0.0,0.0,0.0,0.0,,0.0,0.0,0.0,0.0,0,0.0,0.0,0.0,0.0,0.0,0.0,0.0,0.0
99.5,-0.2426988427990117,-1.3563382256885352,0.6903084057363108,-0.0091285363891321,-1.6772606030487616,-0.935480145322182,0.9482481523868376,0.5226491841869905,0.1276986461497107,0.2871208334045163,1.026028995622442,-4.2410546908562115,-0.4544136549261499,1.3693520269332575,-1.6034459878657237,-0.6449525065788336,,-0.1290463540841238,1.2852740467124737,0.6660754765517297,0.418269304584901,0.0784309455002351,0.982044771409109,1.6607098658303614,0.1827133468218089,-0.1505835303024477,-0.549917418461891,1.308956220177951,-2.9337719364164836,-0.5191986603443499,-0.0163811188811189,-0.080243109831345,0.0451253246753246,-0.0008843267843268,-0.1503277056277056,-0.0803884948384948,0.1305373755329637,0.050498285048285,0.0119680652680652,0.0377441447441446,0.2419247946497946,-0.7816185592185593,-0.0549357253857253,0.1229499498867146,-0.1582705627361976,-0.1650334554334553,,-0.037389282939283,0.173647061469662,0.1120068360346223,0.0594371532578188,0.0099043373293372,0.0954264929514929,0.1650005050505049,0.0177366741102035,-0.0130091686091687,-0.038588100135159,0.141871595071595,-0.3079489177489177,-0.0585042346542347,8.0,5.0,6.0,5.0,6.0,8.0,7.0,7.0,8.0,5.0,7.0,0.0,9.0,7.0,5.0,3.0,,3.0,9.0,9.0,8.0,7.0,7.0,6.0,9.0,6.0,9.0,5.0,4.0,8.0,5.0,7.0,2.0,4.0,3.0,6.0,8.0,6.0,5.0,7.0,8.0,7.0,2.0,5.0,9.0,7.0,,6.0,9.0,8.0,9.0,7.0,7.0,6.0,7.0,6.0,6.0,4.0,3.0,4.0,5.0,5.0,2.0,3.0,2.0,5.0,7.0,6.0,5.0,5.0,7.0,0.0,2.0,5.0,5.0,2.0,,3.0,9.0,8.0,7.0,6.0,7.0,6.0,7.0,5.0,6.0,4.0,1.0,4.0,0.0,0.0,0.0,0.0,0.0,0.0,0.0,0.0,0,0.0,0.0,0.0,0.0,0.0,0.0,0.0,,0.0,0.0,0.0,0.0,0,0.0,0.0,0.0,0.0,0.0,0.0,0.0,0.0
100.5,0.0303552543774076,0.3747398603133373,-0.5232614265684283,0.4383267471075115,-0.71680471300511,0.2224914191675301,1.0401856410907035,1.208454573362728,0.2959037705278273,-0.3495472570214265,1.1956768312337565,-2.8598901117991224,-0.1479669605641171,2.2733568190785665,0.0824134025486287,0.5838572625290537,,-0.5071750702880758,1.1619557191569392,0.933990018731443,0.1821638272162409,0.3926215045250594,1.0519636915760544,0.803620481131305,1.999914151864943,0.4972090420601376,0.6942981289992212,0.1231588457144473,-4.916106272726342,-0.0483044875250767,0.0023976356976356,0.0326940226440226,-0.0375425685425685,0.0441853923853924,-0.0579661338661339,0.0205931734931734,0.1395118936618936,0.1173543373293372,0.028338566988567,-0.0426680652680653,0.2820360972360971,-0.4942372384151796,-0.0189767343767343,0.1985155809876397,0.0080860501040067,0.1530139305139305,,-0.1557385065914478,0.151053721502096,0.1761730890025007,0.0229962697433283,0.0477474358974359,0.1128304834054834,0.105154960072607,0.1931305694305694,0.0390231714364066,0.0545212426806078,0.0143599567099567,-0.5897752525252524,-0.0051034854034853,8.0,6.0,4.0,5.0,5.0,8.0,7.0,7.0,8.0,5.0,7.0,1.0,9.0,6.0,6.0,4.0,,3.0,9.0,9.0,8.0,7.0,7.0,7.0,7.0,8.0,9.0,5.0,3.0,7.0,4.0,6.0,3.0,4.0,4.0,6.0,6.0,7.0,5.0,6.0,7.0,8.0,4.0,5.0,8.0,6.0,,8.0,9.0,9.0,9.0,7.0,7.0,8.0,7.0,7.0,8.0,5.0,3.0,4.0,4.0,5.0,2.0,3.0,3.0,6.0,6.0,7.0,5.0,4.0,7.0,1.0,4.0,5.0,6.0,4.0,,3.0,9.0,9.0,7.0,6.0,7.0,7.0,7.0,7.0,8.0,4.0,0.0,4.0,0.0,0.0,0.0,0.0,0.0,0.0,0.0,0.0,0,0.0,0.0,0.0,0.0,0.0,0.0,0.0,,0.0,0.0,0.0,0.0,0,0.0,0.0,0.0,0.0,0.0,0.0,0.0,0.0
101.5,-0.890819672801043,0.5759918817299774,-0.9170328602130868,0.5296184564698572,-2.0702724611758696,-0.7744814402954874,0.4875099012102277,1.2589710247574393,0.8328908608641558,-1.3699394766393624,1.043057721346664,-2.958031229347059,-0.4588962836863936,2.696362625421216,1.4998653446904626,0.3434705747501467,,-0.5482224371608901,0.7831941726461248,0.6502572259594656,0.5216421179269389,1.090580003999802,0.5932161674084206,1.064959660960781,0.9548573323535254,0.8854579657099895,0.0074107160802262,-0.4137830831517978,-4.294022244462996,-0.7580452797642567,-0.0862208236208235,0.0454508158508158,-0.0698268176268176,0.0443564213564213,-0.1517819180819181,-0.0760587750484809,0.0611718283350635,0.1353251253648311,0.0774675256116431,-0.1618398268398269,0.2433946303696303,-0.5191197167211874,-0.0586697028461734,0.2088633498854087,0.1284305947492479,0.0889638250638251,,-0.172296589684825,0.0944579747050334,0.1156731855004299,0.062041590839501,0.133937998112998,0.0644580272668506,0.1368127193841589,0.0999235653235653,0.0823656020450137,0.0005392721657426,-0.0524459651459651,-0.4270188644688644,-0.0738470196470196,7.0,7.0,5.0,6.0,5.0,6.0,7.0,8.0,8.0,4.0,7.0,1.0,8.0,6.0,8.0,6.0,,3.0,9.0,7.0,9.0,7.0,7.0,8.0,7.0,8.0,9.0,5.0,3.0,8.0,3.0,5.0,4.0,2.0,6.0,7.0,7.0,8.0,6.0,5.0,8.0,8.0,6.0,6.0,8.0,5.0,,8.0,8.0,8.0,9.0,7.0,8.0,9.0,5.0,7.0,7.0,4.0,4.0,4.0,2.0,5.0,3.0,2.0,4.0,5.0,6.0,8.0,6.0,3.0,7.0,1.0,5.0,6.0,8.0,4.0,,3.0,8.0,7.0,8.0,7.0,7.0,8.0,5.0,7.0,7.0,3.0,1.0,4.0,0.0,0.0,0.0,0.0,0.0,0.0,0.0,0.0,0,0.0,0.0,0.0,0.0,0.0,0.0,0.0,,0.0,0.0,0.0,0.0,0,0.0,0.0,0.0,0.0,0.0,0.0,0.0,0.0
102.5,0.1933580791513618,0.6977457339812123,0.8123714743310293,0.6754398654090188,-1.1229574187178146,-0.1385863871834783,0.2495366570951764,0.2241224612727236,0.0460573577983885,-1.335247799116017,0.8701815695220171,-2.135136576338914,0.2476790873869407,1.0474568055689475,0.4464629600752509,0.3701092593975734,,-1.077409174071494,1.1251222142215542,-0.4661388940772156,0.3842403389815934,0.6932537210138462,-0.1855936310519245,0.9735833878126772,0.1605359789904583,0.0113458125852576,0.3962492700349457,-1.0945799987210034,-2.8702316779445023,-0.2993835836297633,0.0107573593073592,0.0612117438117438,0.0598016983016981,0.0591316738816739,-0.0822127539127538,-0.0122616246498601,0.0304001359751358,0.0243347208347206,0.0039709928959927,-0.156528071928072,0.2004896769896769,-0.3858970695970697,0.0316891078220025,0.0837248351235967,0.0457941525880379,0.0993800366300365,,-0.3293406441082137,0.1265890808709694,-0.0906264993262671,0.0474694672544516,0.0828811216561217,-0.0196994402656168,0.1246837727631845,0.0149080863580864,0.0009597125097123,0.0341280978825095,-0.1255594627594627,-0.2428575924075925,-0.0284068820068819,7.0,7.0,4.0,6.0,4.0,6.0,8.0,8.0,8.0,4.0,6.0,3.0,8.0,6.0,8.0,5.0,,2.0,8.0,5.0,9.0,6.0,6.0,9.0,7.0,6.0,9.0,6.0,2.0,7.0,2.0,5.0,5.0,3.0,6.0,8.0,6.0,8.0,5.0,5.0,7.0,7.0,8.0,7.0,8.0,4.0,,9.0,8.0,9.0,9.0,7.0,8.0,8.0,3.0,6.0,7.0,4.0,5.0,4.0,2.0,5.0,4.0,3.0,4.0,6.0,6.0,7.0,5.0,3.0,6.0,2.0,7.0,6.0,7.0,3.0,,2.0,8.0,5.0,8.0,6.0,6.0,8.0,3.0,5.0,7.0,3.0,2.0,4.0,0.0,0.0,0.0,0.0,0.0,0.0,0.0,0.0,0,0.0,0.0,0.0,0.0,0.0,0.0,0.0,,0.0,0.0,0.0,0.0,0,0.0,0.0,0.0,0.0,0.0,0.0,0.0,0.0
103.5,0.1917169876236735,1.0923913232201428,-1.6893025254445544,0.8585305771582225,-1.32146480802892,-0.4481504545473596,1.1972448199572676,0.6749562979703827,0.1254122560922918,-1.64776659063579,0.7125798007537316,-0.4497650611662618,0.2548280955255638,-0.1563790636466894,0.8938050697725269,0.4349555200746287,,-1.5685731453488114,0.817555367962975,-1.682605468430586,1.060030132005325,0.4658483843093186,0.0103056184168034,1.1583025753470968,0.2285466079181752,-0.4001927401635797,0.3293909398679749,-0.447949485284341,-2.2360082004014488,-0.4332900148395701,0.0107520202020201,0.079784226884227,-0.1036722943722945,0.0693959373959374,-0.1211404027345204,-0.0386802676941221,0.1621264624264624,0.0736664278531925,0.0149862779377484,-0.2263999555999555,0.1646327977577977,-0.0755986774663246,0.0387039306410823,-0.01388060438014,0.0842539834778223,0.1156201298701298,,-0.4869130815263168,0.080869529979824,-0.3225112957046394,0.1455994900438398,0.0457520812520811,0.0011134825958354,0.1501038440317851,0.0213754023754024,-0.0331967400246813,0.0286645354645355,-0.0522054834054832,-0.2240018981018982,-0.0413441558441557,7.0,6.0,4.0,6.0,5.0,6.0,6.0,8.0,9.0,4.0,6.0,4.0,7.0,6.0,9.0,7.0,,1.0,8.0,3.0,9.0,5.0,6.0,8.0,7.0,5.0,8.0,7.0,4.0,7.0,2.0,4.0,6.0,4.0,8.0,9.0,5.0,8.0,7.0,6.0,8.0,8.0,9.0,8.0,8.0,3.0,,8.0,7.0,9.0,9.0,6.0,8.0,8.0,3.0,7.0,5.0,3.0,6.0,3.0,2.0,4.0,4.0,4.0,5.0,6.0,5.0,7.0,7.0,3.0,6.0,4.0,7.0,6.0,8.0,3.0,,1.0,7.0,3.0,9.0,5.0,6.0,8.0,3.0,5.0,5.0,3.0,3.0,3.0,0.0,0.0,0.0,0.0,0.0,0.0,0.0,0.0,0,0.0,0.0,0.0,0.0,0.0,0.0,0.0,,0.0,0.0,0.0,0.0,0,0.0,0.0,0.0,0.0,0.0,0.0,0.0,0.0
104.5,2.496990435250778,1.0544713108653998,-1.4161806541766515,-0.0541636562359992,-0.4722428378843245,-2.2480664993196893,1.029649937778454,1.7072409117869949,1.3324079324270608,-1.4377026100098016,0.8261631001165932,0.1359936879902657,-0.3090358642303885,-0.4202880561136289,0.7704809282560446,1.0684706837761866,,-1.0548304570289733,1.0548750303889434,-2.51397568619191,0.5349045875008397,0.1677779634310989,-0.1660234797866734,0.3994732301352399,0.1912412917534559,1.061845594533659,1.1283626967624474,-0.0523790278181412,-0.2033256629737415,-0.3510641873861636,0.1642848096348097,0.0779381673881673,-0.093892310630546,-0.0046738261738262,-0.043952894164659,-0.1905168875242405,0.1558399378399378,0.189808027756557,0.158195975103328,-0.1851678654678654,0.1912556721056721,0.0227029207720383,-0.0495447734068477,-0.0415987024757149,0.0682183509387067,0.2450980963480963,,-0.3140399919911529,0.1139229833891598,-0.4697233257110966,0.0766896957445719,0.0189296592296592,-0.0183755034181506,0.0491584226231284,0.0160021645021646,0.0928391774891774,0.1196122655122655,-0.0061924963924964,-0.0176728049728049,-0.035270707070707,5.0,6.0,5.0,6.0,6.0,7.0,5.0,7.0,7.0,3.0,6.0,5.0,6.0,9.0,9.0,6.0,,2.0,8.0,2.0,7.0,5.0,6.0,6.0,7.0,6.0,7.0,6.0,5.0,7.0,3.0,4.0,7.0,6.0,8.0,8.0,3.0,7.0,7.0,6.0,7.0,8.0,10.0,8.0,8.0,4.0,,9.0,7.0,9.0,9.0,5.0,8.0,8.0,3.0,7.0,5.0,2.0,5.0,3.0,3.0,4.0,5.0,5.0,6.0,5.0,3.0,7.0,7.0,3.0,6.0,5.0,6.0,7.0,8.0,4.0,,2.0,7.0,2.0,7.0,4.0,6.0,6.0,3.0,6.0,5.0,2.0,4.0,3.0,0.0,0.0,0.0,0.0,0.0,0.0,0.0,0.0,0,0.0,0.0,0.0,0.0,0.0,0.0,0.0,,0.0,0.0,0.0,0.0,0,0.0,0.0,0.0,0.0,0.0,0.0,0.0,0.0
105.5,1.475493850279246,1.6680176728871818,-0.053517932974347,1.0824642305906662,1.0121235407906024,-1.794222531355784,1.1087106000426463,0.3678624211740608,1.579859800755561,-1.13921617128563,0.3368441040821143,0.8023759742982821,-0.5592054294088753,0.2401301652300582,0.9208778117073736,1.3357107915666029,,-0.437363990347796,0.6728696952636191,-4.759654786513171,-0.1898279028407963,0.0157033977894445,0.8079697966794401,-0.5916521460571919,-0.428837225326074,0.3083283601732856,0.6362929871783057,-0.3673747397123443,-0.4590204798267259,-0.4189669298063789,0.1041048285048285,0.1022597569097567,-0.0035499333999334,0.1094711011211011,0.0966168659771601,-0.1503824650839357,0.1417230769230769,0.0399620879120879,0.1938931454166748,-0.1591703185703185,0.0758023920523919,0.1277074051765228,-0.0862632103964147,0.0258921094815056,0.1007847481208162,0.3455398157398157,,-0.1281158700776348,0.0627400883430293,-0.7955048071983056,-0.0253000675708879,0.0015779609279609,0.0939137147166557,-0.0734237561458149,-0.0372489121989122,0.0230882328455857,0.0667145160395159,-0.0470111111111111,-0.041132350982351,-0.0425471861471861,6.0,6.0,6.0,7.0,8.0,7.0,6.0,8.0,7.0,3.0,6.0,6.0,5.0,9.0,9.0,6.0,,3.0,8.0,0.0,6.0,3.0,7.0,5.0,8.0,6.0,6.0,7.0,8.0,7.0,5.0,6.0,7.0,7.0,9.0,7.0,4.0,5.0,7.0,6.0,7.0,8.0,9.0,9.0,7.0,5.0,,8.0,6.0,9.0,9.0,5.0,8.0,8.0,3.0,7.0,5.0,1.0,5.0,3.0,5.0,6.0,6.0,7.0,8.0,5.0,4.0,5.0,7.0,3.0,5.0,6.0,5.0,8.0,7.0,5.0,,3.0,6.0,0.0,6.0,3.0,7.0,5.0,3.0,6.0,4.0,1.0,5.0,3.0,0.0,0.0,0.0,0.0,0.0,0.0,0.0,0.0,0,0.0,0.0,0.0,0.0,0.0,0.0,0.0,,0.0,0.0,0.0,0.0,0,0.0,0.0,0.0,0.0,0.0,0.0,0.0,0.0
106.5,-1.7415981403363423,-0.2875800996264281,-0.468558688593306,0.9817254509602495,0.0881568474451812,-0.6496536431878265,1.3591183349964546,2.069593317140316,1.2029107563622312,-1.43205178213345,0.7892338674306356,0.5685626693952781,-0.669171422034169,0.67657925294139,1.31186889344762,1.2046383536421723,,-0.7481614129416607,0.1060793582932958,-2.493735692064883,0.2549406196724216,1.0106980243915793,0.9395847834581552,-1.1919354365854715,-0.5216624414949879,-0.5027874630538948,1.0497834576916032,-0.3715082298073914,-0.1131255346076147,-0.4527925385938798,-0.0933116031027796,-0.0200177435309789,-0.0365556443556445,0.0978059412809412,0.0085668640183345,-0.0616705849705849,0.1593850038850038,0.2164432844932844,0.1218863842040312,-0.1990246031746031,0.1909310245310245,0.0938981657231656,-0.1009598743361902,0.0722543887570976,0.115300374333269,0.3482359917859917,,-0.2133376234876234,0.0103994885833121,-0.4489084419278693,0.0335969219119373,0.1031732767232767,0.1236709235209234,-0.1358827118959472,-0.0403490342990343,-0.0396233922939807,0.0852943334443334,-0.0489801587301586,-0.0085023643023643,-0.0468952380952381,5.0,7.0,7.0,7.0,8.0,9.0,5.0,6.0,7.0,3.0,6.0,7.0,5.0,10.0,8.0,6.0,,4.0,7.0,2.0,7.0,3.0,5.0,4.0,8.0,7.0,7.0,7.0,8.0,7.0,7.0,7.0,7.0,7.0,8.0,5.0,4.0,5.0,6.0,7.0,7.0,7.0,9.0,9.0,7.0,5.0,,6.0,6.0,9.0,9.0,4.0,6.0,7.0,4.0,7.0,5.0,1.0,6.0,3.0,5.0,6.0,6.0,7.0,7.0,5.0,4.0,5.0,6.0,3.0,6.0,6.0,5.0,9.0,7.0,5.0,,2.0,5.0,2.0,7.0,3.0,5.0,4.0,4.0,6.0,5.0,1.0,6.0,3.0,0.0,0.0,0.0,0.0,0.0,0.0,0.0,0.0,0,0.0,0.0,0.0,0.0,0.0,0.0,0.0,,0.0,0.0,0.0,0.0,0,0.0,0.0,0.0,0.0,0.0,0.0,0.0,0.0
107.5,0.0270585286232404,-0.1017698313326654,0.0162036230590695,0.4427830975193357,1.0978202873306768,-0.422815950201496,1.2167230404506897,0.2838185344495695,-0.0157459899582656,-0.4001557852498538,0.3172075396902065,0.15210646810375,-1.047303915793564,-0.3496123478598694,1.8585519944189133,1.3095713751980416,,-0.5012351468366518,-0.3803916049674006,-1.583904093426037,0.1296397469394369,-0.050451964163876,1.5502128741363517,0.2812315055900869,0.3795810695966637,0.819806961583426,0.9946287631333596,-0.3355388273960424,-0.8373748190854873,-0.3535115358777899,0.0015577354018531,-0.0054043956043956,0.001274492174492,0.0492630252100839,0.1039972976370035,-0.0433260406260406,0.1642759129759129,0.0294087301587302,-0.0015901929769577,-0.0528245199245199,0.0747254856254856,0.0240660644910645,-0.1468102551387381,-0.0412686625122384,0.1644342360425951,0.382690873015873,,-0.1255863913863913,-0.0318982711732711,-0.2596968866015308,0.0159832278488624,-0.0054803807303807,0.181480253080253,0.0366830558330557,0.0276605339105339,0.079682710426828,0.0773872405372404,-0.0503571428571428,-0.0633272394272395,-0.0392038073038073,6.0,6.0,7.0,7.0,8.0,9.0,5.0,4.0,7.0,4.0,5.0,6.0,4.0,9.0,8.0,7.0,,6.0,9.0,3.0,6.0,3.0,7.0,4.0,7.0,8.0,7.0,8.0,9.0,5.0,7.0,7.0,7.0,8.0,9.0,5.0,4.0,4.0,6.0,7.0,8.0,7.0,9.0,9.0,8.0,7.0,,5.0,5.0,8.0,8.0,5.0,6.0,6.0,5.0,7.0,5.0,1.0,6.0,4.0,6.0,6.0,6.0,7.0,8.0,5.0,4.0,3.0,5.0,4.0,5.0,5.0,4.0,7.0,8.0,7.0,,2.0,5.0,3.0,6.0,3.0,6.0,4.0,5.0,7.0,5.0,1.0,6.0,3.0,0.0,0.0,0.0,0.0,0.0,0.0,0.0,0.0,0,0.0,0.0,0.0,0.0,0.0,0.0,0.0,,0.0,0.0,0.0,0.0,0,0.0,0.0,0.0,0.0,0.0,0.0,0.0,0.0
108.5,0.4132617608773274,0.0080871289191208,-0.0896730349048509,0.8549627369541845,1.0617321124659191,-0.538828569216975,0.1734237942061081,0.1270739661336329,0.075130116762362,-0.5354133327056476,0.4341179293142855,-0.0098945527025542,-1.3352963933395747,1.0372462155406403,0.6498391501532242,1.2518467188144398,,-0.0001249811229063,-0.0435156445511518,-0.5778511916837602,-0.0820168888391979,1.0743374331256688,1.9853761804686816,-1.0039300906872946,0.3152966572678211,-0.4162312823428392,1.200804075379445,,-0.0026822966048958,-2.016231088679658,0.0271258672699848,0.0006141025641025,-0.0066676989676991,0.0906253388768094,0.100470232708468,-0.0482279387279388,0.0220076035076035,0.0135243090243091,0.0064132837750483,-0.0734217393717394,0.0998103174603175,-0.0014790154290154,-0.1729383516895901,0.1374715349322161,0.0555105524936019,0.3502301770125299,,-2.6789876789834462e-05,-0.0032528582528582,-0.0864455049336629,-0.0107199907763376,0.1204837662337663,0.1837198912198911,-0.1067793539793539,0.02498542013542,-0.0360158064158064,0.0899948287007109,0.0,-0.0002155067155067,-0.2259276501276501,6.0,6.0,8.0,7.0,8.0,10.0,7.0,4.0,6.0,4.0,5.0,6.0,4.0,9.0,9.0,7.0,,8.0,9.0,4.0,6.0,5.0,6.0,4.0,7.0,9.0,7.0,8.0,8.0,4.0,7.0,6.0,6.0,8.0,9.0,6.0,5.0,4.0,6.0,7.0,7.0,5.0,8.0,7.0,7.0,8.0,,4.0,6.0,8.0,8.0,3.0,6.0,5.0,5.0,6.0,6.0,0.0,6.0,6.0,6.0,5.0,6.0,7.0,8.0,6.0,5.0,3.0,5.0,4.0,5.0,4.0,4.0,7.0,7.0,7.0,,3.0,6.0,4.0,6.0,3.0,6.0,3.0,5.0,6.0,6.0,0.0,6.0,3.0,0.0,0.0,0.0,0.0,0.0,0.0,0.0,0.0,0,0.0,0.0,0.0,0.0,0.0,0.0,0.0,,0.0,0.0,0.0,0.0,0,0.0,0.0,0.0,0.0,0.0,0.0,0.0,0.0
109.5,0.2621911004495228,-0.1923520700754157,-0.7676082755733498,1.4837023363130457,1.1044488312982073,-0.6316595583595755,1.2440987708586453,1.4395329050932713,0.2646582544532663,0.2804846263594395,0.0595689237095968,0.2200394955236647,-1.7413849399964774,0.7257693548112484,1.3351952274675671,1.260707592002617,,0.1083938492079483,0.6168934114633325,0.6755812266858757,0.2857073156622007,0.4034610154506542,0.929932132923766,0.9379310009901854,0.6561102556445199,-0.0727413164460491,0.4365157235820919,,0.1008271918711096,-1.4220427766220192,0.0181825576384399,-0.0162450549450549,-0.069832745032745,0.1416863053613052,0.1055880916469151,-0.0488470973470973,0.1555211683741094,0.1533256798756798,0.0225006983212864,0.0376537795537795,0.0131015540015539,0.0294310744810744,-0.2200917514030518,0.0870639605492548,0.109087585281935,0.3459315073815073,,0.0254675491175491,0.0457447552447551,0.086994103772045,0.0368222892862211,0.0462264790764791,0.1064029859029859,0.0963240814740814,0.0579029162014456,-0.0072563769563769,0.0364552516111339,0.0,0.0095345765345764,-0.1455364718614719,7.0,7.0,7.0,7.0,8.0,8.0,7.0,5.0,8.0,5.0,4.0,6.0,6.0,9.0,8.0,7.0,,9.0,8.0,5.0,8.0,6.0,7.0,5.0,6.0,9.0,8.0,8.0,8.0,4.0,7.0,6.0,5.0,7.0,9.0,5.0,7.0,4.0,6.0,7.0,7.0,4.0,8.0,6.0,7.0,6.0,,4.0,6.0,7.0,8.0,3.0,6.0,6.0,7.0,6.0,6.0,0.0,6.0,7.0,6.0,5.0,4.0,7.0,8.0,5.0,7.0,4.0,6.0,5.0,4.0,4.0,4.0,6.0,7.0,6.0,,4.0,6.0,5.0,7.0,3.0,6.0,5.0,6.0,6.0,6.0,0.0,6.0,4.0,0.0,0.0,0.0,0.0,0.0,0.0,0.0,0.0,0,0.0,0.0,0.0,0.0,0.0,0.0,0.0,,0.0,0.0,0.0,0.0,0,0.0,0.0,0.0,0.0,0.0,0.0,0.0,0.0
110.5,2.1896494962089372,-0.1948404009402244,-0.1041758733560831,1.2925560372885003,1.07360214939732,-0.1968337465919388,1.1501763152933615,-0.8227224643356521,0.2783502144384891,0.443163336729766,-0.1808759438966835,-0.1186020832048322,-0.6550668246238073,-0.1672243663196387,-0.1864347274982095,1.468378855159121,,0.1474143791610253,0.2717399472055325,0.4717403830942024,0.5904882617874555,-0.2261883431265705,0.819052673074492,0.7943219034105915,1.8370314147007496,0.0819106090712078,0.7163748628798026,,1.3558175799235703,-2.6651238920925393,0.1561381285381283,-0.0157417915417915,-0.0076954545454545,0.1102517732267731,0.1022659394527042,-0.0147285048285049,0.152036741036741,-0.0752238428238428,0.0257306676983145,0.0573900876900875,-0.0355463813963814,-0.0148499278499278,-0.0833725348353058,-0.0168838886603592,-0.0196286936833376,0.3564949883449885,,0.0407639971139971,0.0231103063603062,0.0623505572858512,0.0754086360749671,-0.0263561327561328,0.0927001498501498,0.0937225774225773,0.1305790875790875,0.0078856449106449,0.0646469217057451,0.0,0.1325142274392273,-0.2997342427180663,6.0,8.0,7.0,6.0,8.0,8.0,7.0,4.0,8.0,5.0,4.0,6.0,8.0,10.0,10.0,7.0,,10.0,6.0,7.0,9.0,7.0,7.0,7.0,6.0,7.0,8.0,6.0,7.0,3.0,6.0,5.0,3.0,7.0,9.0,6.0,6.0,6.0,6.0,7.0,6.0,3.0,8.0,5.0,9.0,6.0,,5.0,6.0,7.0,8.0,2.0,6.0,6.0,6.0,6.0,6.0,0.0,7.0,8.0,6.0,5.0,3.0,6.0,8.0,6.0,6.0,4.0,6.0,5.0,3.0,3.0,6.0,5.0,8.0,6.0,,5.0,5.0,6.0,8.0,2.0,6.0,6.0,6.0,5.0,6.0,0.0,7.0,3.0,0.0,0.0,0.0,0.0,0.0,0.0,0.0,0.0,0,0.0,0.0,0.0,0.0,0.0,0.0,0.0,,0.0,0.0,0.0,0.0,0,0.0,0.0,0.0,0.0,0.0,0.0,0.0,0.0
111.5,-0.7927493516485147,-1.5049299802897618,0.6639983253449896,1.2674950345687312,-0.060792227794933,0.3843433651704123,0.8747204393805817,0.5079820214518116,1.180375984114764,0.7761055241222815,-0.0880044223205937,0.328049685799453,-0.0200430767916221,0.0634714425365429,0.1980096569218704,1.0238277022365914,,0.7379039933201801,-1.504441474059974,-0.4872704279615883,0.7775126903109134,-0.4794748914511,1.1247811301261554,0.2853696429556911,0.7247550372961716,-1.1687845397520291,0.1842103158531779,,0.1371316456636397,-2.526856819646265,-0.0489501332001333,-0.1331228438228439,0.0444546176046175,0.1176541070041069,-0.0055192199956907,0.0309167097608272,0.1110615939615938,0.0490300096961859,0.1347937410628585,0.1039710178710179,-0.0173857142857143,0.0482360861360861,-0.0023500855353797,0.0058920980979804,0.0205952498739651,0.2558086302586303,,0.2152733754807283,-0.1407769957167016,-0.0565808841485312,0.1084035853551331,-0.0492348484848485,0.1318838852324145,0.0360668775668774,0.054474725274725,-0.0835061938061939,0.0173236249045072,0.0,0.0142528249528247,-0.2725085208908739,6.0,8.0,6.0,7.0,6.0,7.0,6.0,6.0,7.0,5.0,3.0,6.0,10.0,9.0,11.0,6.0,,10.0,7.0,8.0,10.0,7.0,8.0,8.0,5.0,7.0,7.0,6.0,7.0,3.0,6.0,5.0,2.0,7.0,9.0,8.0,5.0,7.0,7.0,6.0,4.0,4.0,7.0,5.0,9.0,4.0,,8.0,7.0,6.0,9.0,2.0,8.0,6.0,6.0,6.0,6.0,0.0,7.0,8.0,5.0,4.0,2.0,7.0,6.0,7.0,5.0,6.0,7.0,5.0,2.0,4.0,7.0,5.0,9.0,4.0,,8.0,5.0,5.0,9.0,2.0,8.0,6.0,5.0,5.0,5.0,0.0,6.0,3.0,0.0,0.0,0.0,0.0,0.0,0.0,0.0,0.0,0,0.0,0.0,0.0,0.0,0.0,0.0,0.0,,0.0,0.0,0.0,0.0,0,0.0,0.0,0.0,0.0,0.0,0.0,0.0,0.0
112.5,0.5136379777936557,-1.5068468329180644,0.5316839461632651,1.0805595561981274,1.7333992519070858,-0.564752313894725,0.986539397923279,-0.1099962209140435,0.1104235300825688,0.9461589909191832,0.9170558176045842,0.9160906564969392,-0.7087847859040247,0.8165995271404616,0.2231319761354439,0.3938428266143187,,0.9424245427542096,-0.8785054592326433,-0.4887124747264076,1.0300146439887223,-0.819213474554945,0.5494331269032081,1.101810354506754,-0.6890679151026052,-0.5503390757801534,0.1635807913697621,,-0.3619131832930807,-1.624798940426708,0.0309945720945719,-0.1046244200244199,0.0257301587301587,0.0958875457875456,0.1800820762570762,-0.0504170308879287,0.1222049284049283,-0.0114760677231265,0.0134135235679352,0.1183349317349317,0.1820285714285714,0.1568101343101342,-0.0906130208027267,0.1012637959735481,0.0212342725815635,0.1008383838383837,,0.272650636652649,-0.1027293379650965,-0.0601699173375644,0.1444746916052642,-0.0671428571428571,0.0658179609606078,0.1523024620804031,-0.056151565101565,-0.0373595825742886,0.0124026591056002,0.0,-0.0380611083361083,-0.1788997688585925,5.0,9.0,6.0,6.0,6.0,6.0,6.0,7.0,7.0,5.0,4.0,5.0,10.0,9.0,10.0,5.0,,8.0,5.0,8.0,9.0,8.0,7.0,8.0,5.0,7.0,6.0,5.0,6.0,4.0,6.0,4.0,1.0,5.0,7.0,9.0,5.0,7.0,7.0,6.0,2.0,4.0,7.0,7.0,8.0,2.0,,9.0,8.0,6.0,9.0,1.0,9.0,8.0,7.0,7.0,6.0,0.0,7.0,8.0,5.0,4.0,1.0,5.0,6.0,6.0,5.0,6.0,6.0,5.0,2.0,4.0,6.0,7.0,8.0,2.0,,8.0,5.0,5.0,9.0,1.0,7.0,8.0,5.0,6.0,5.0,0.0,5.0,4.0,0.0,0.0,0.0,0.0,0.0,0.0,0.0,0.0,0,0.0,0.0,0.0,0.0,0.0,0.0,0.0,,0.0,0.0,0.0,0.0,0,0.0,0.0,0.0,0.0,0.0,0.0,0.0,0.0
113.5,-0.6419350860530468,-1.545617349287563,1.252837604790655,1.2779031530962466,0.0875934685049829,0.6478332799308091,0.0721491285843743,0.1241496433955334,0.0503011039159279,1.4621790287471044,-0.6116279503093307,1.055867710536628,-0.5150240258788251,0.370773823688208,0.720862636350824,0.3964470624866534,,0.3893467377864395,-1.7167761337010714,-0.053834523692255,0.4971493354487605,-0.4955383849315602,0.5016025487881156,0.9931966262484552,-0.243122869998363,-0.5254823546582473,-0.886076550815647,,0.5617070867473793,0.428986326239708,-0.0385436063936064,-0.111026862026862,0.0820332611832611,0.1020838772338771,0.0069024475524475,0.0574567550096961,0.0089099594849594,0.013597591624062,0.0062781355899004,0.1795927849927849,-0.1062626984126984,0.1681154401154401,-0.0530416193283841,0.0379424589256631,0.0697950611222282,0.0932547619047619,,0.1088450228649919,-0.2343503090304949,-0.0085402372051753,0.0673558311915123,-0.0403412698412699,0.0585576861648842,0.1360374913012684,-0.0216823568588275,-0.038887024739966,-0.0632493672993673,0.0,0.0550086136086136,0.0421682733932733,6.0,9.0,5.0,6.0,5.0,7.0,6.0,7.0,8.0,4.0,3.0,5.0,11.0,10.0,8.0,4.0,,6.0,4.0,9.0,9.0,7.0,7.0,8.0,5.0,7.0,7.0,5.0,6.0,6.0,6.0,5.0,1.0,5.0,7.0,8.0,6.0,7.0,7.0,5.0,2.0,5.0,7.0,8.0,9.0,1.0,,10.0,9.0,8.0,9.0,1.0,10.0,9.0,7.0,7.0,6.0,0.0,7.0,7.0,5.0,5.0,1.0,5.0,5.0,7.0,5.0,6.0,6.0,4.0,1.0,5.0,7.0,8.0,8.0,1.0,,6.0,4.0,7.0,8.0,1.0,7.0,8.0,5.0,6.0,5.0,0.0,6.0,6.0,0.0,0.0,0.0,0.0,0.0,0.0,0.0,0.0,0,0.0,0.0,0.0,0.0,0.0,0.0,0.0,,0.0,0.0,0.0,0.0,0,0.0,0.0,0.0,0.0,0.0,0.0,0.0,0.0
114.5,-0.4486747734048828,-1.6312893894330296,0.7454128621027512,1.4059823171673251,-0.1110160594972787,-0.5049606203951083,0.2126577004787878,0.3339888997554899,-0.2137660085467607,1.5214059785729552,-0.3688839435530374,0.6756056100027096,-0.213729343152484,0.7475995498335748,0.6144830232416691,0.565907192204463,,0.211972577523638,-0.7102506890576601,-0.200713812310367,0.0553322973864795,-0.617561125226973,-0.1103919613513167,0.9712435373483556,0.2790856579215632,-0.8541582996599485,-1.0775104860125937,0.7715059464663389,0.8147640210307047,0.2540146016600738,-0.0291620046620046,-0.1042150878533231,0.0567578643578643,0.1074205017205015,-0.0091213453213453,-0.0435436527782502,0.0267517815517814,0.0378211094461095,-0.0229266201119141,0.2020394660894661,-0.0727865079365079,0.1158900627150626,-0.0258566936331642,0.0863260684791642,0.0570619179839766,0.1323825396825397,,0.0573181511299157,-0.0864087995337995,-0.0316779671309084,0.0073540108498311,-0.0741968253968253,-0.0129294900146292,0.1280513953538721,0.0213755323108263,-0.0736771027991617,-0.0911333610833611,0.1235277777777777,0.0776069180819181,0.0279426684426684,6.0,8.0,6.0,6.0,6.0,6.0,6.0,7.0,7.0,4.0,3.0,6.0,11.0,10.0,8.0,4.0,,4.0,4.0,10.0,9.0,8.0,6.0,8.0,6.0,8.0,7.0,4.0,6.0,6.0,6.0,7.0,2.0,5.0,6.0,9.0,6.0,6.0,6.0,3.0,2.0,7.0,7.0,9.0,9.0,1.0,,8.0,7.0,8.0,8.0,3.0,10.0,9.0,7.0,7.0,5.0,1.0,7.0,6.0,5.0,6.0,2.0,5.0,5.0,6.0,5.0,5.0,5.0,3.0,1.0,6.0,7.0,9.0,8.0,1.0,,4.0,4.0,7.0,7.0,3.0,6.0,8.0,6.0,6.0,4.0,1.0,6.0,5.0,0.0,0.0,0.0,0.0,0.0,0.0,0.0,0.0,0,0.0,0.0,0.0,0.0,0.0,0.0,0.0,,0.0,0.0,0.0,0.0,0,0.0,0.0,0.0,0.0,0.0,0.0,0.0,0.0
115.5,-0.8739769792985171,1.6953280346249244,0.838838313724134,-1.5049581736557704,-0.2424911272928552,-1.384997061657122,0.6518690972377862,0.2757821367797509,-0.1645052030887486,1.9055209673406583,0.3118670540259549,0.6162466447976438,-0.002507736520332,1.1143538285579453,0.7926618301578627,,,-0.6211223570676289,-0.3861640844624013,0.3616690551997579,0.1868105564276457,-0.5313049628267671,-0.7088055646901081,0.7150135808314542,0.4156001301164947,-0.0447983291963082,-1.1627424317106287,0.1514538981285128,1.5485493301274038,0.6615913381401407,-0.068947286047286,0.1151524142524141,0.0651246087246086,-0.1203331224331224,-0.0175030247530246,-0.1240145093124969,0.086765629958277,0.029184299034299,-0.0185487287222581,0.2262559884559885,0.0605553391053391,0.1013025887511179,-0.0003173798423797,0.1332252056165368,0.0747049438607487,0.0,,-0.1649085726365138,-0.0443866034120679,0.0584214006839393,0.0219892617702214,-0.0579540515040514,-0.0833159312909311,0.0909025407598936,0.0375788162817574,-0.0039378823790588,-0.1247246052966639,0.0223492063492063,0.1393466422466421,0.0654814185814185,7.0,7.0,6.0,5.0,5.0,5.0,6.0,8.0,8.0,4.0,3.0,6.0,9.0,8.0,7.0,4.0,,2.0,5.0,10.0,8.0,8.0,5.0,7.0,7.0,8.0,7.0,5.0,6.0,6.0,6.0,7.0,3.0,6.0,5.0,9.0,7.0,5.0,7.0,4.0,3.0,8.0,5.0,9.0,8.0,0.0,,7.0,8.0,8.0,9.0,4.0,9.0,8.0,8.0,8.0,6.0,1.0,6.0,6.0,5.0,7.0,3.0,4.0,4.0,5.0,6.0,5.0,6.0,4.0,2.0,6.0,5.0,8.0,7.0,0.0,,2.0,5.0,8.0,7.0,4.0,5.0,7.0,7.0,7.0,4.0,1.0,6.0,5.0,0.0,0.0,0.0,0.0,0.0,0.0,0.0,0.0,0,1.0,0.0,0.0,0.0,0.0,0.0,0.0,,0.0,0.0,0.0,0.0,0,0.0,0.0,0.0,0.0,0.0,0.0,0.0,0.0
116.5,0.4193635160409629,1.112327008846823,0.0032119864668471,-2.026952754443418,0.2346189975665451,-1.4080331741174057,0.8966705163558277,-0.0740624930480221,0.7292453901423702,1.707373231769928,-0.7384480731300316,1.1457534128775622,0.4666893406063592,0.632682436176871,0.2758496700968391,,,-1.2025282439314209,-1.5897271113327325,0.9930151691300044,0.0366541024279054,0.5216576848646735,-1.2021284776922077,-0.7449670225736095,0.1050779137652613,0.4982661113730341,0.6039300445835432,0.2081256178831185,0.6803631176686711,1.256353614642164,0.0277242757242758,0.0853858083093377,0.000247052947053,-0.2263399544899546,0.0175381951381952,-0.1323975628172996,0.1229253467121114,-0.007857065157065,0.0810686711980828,0.2202597402597402,-0.1361680375180375,0.188289621326386,0.0593804362304363,0.0724431270741641,0.0279376747865136,0.0,,-0.3198746087246087,-0.1823639433923491,0.1786997792798875,0.004589163854721,0.0694103618603618,-0.1404068593171535,-0.0952665812773397,0.0094560870502046,0.047819608169608,0.0530520381579203,0.0285269841269841,0.0653088800088799,0.1154870851370851,7.0,6.0,7.0,4.0,7.0,5.0,6.0,7.0,8.0,4.0,3.0,7.0,8.0,6.0,7.0,3.0,,1.0,4.0,9.0,8.0,7.0,4.0,5.0,8.0,8.0,8.0,5.0,5.0,6.0,4.0,7.0,4.0,6.0,5.0,9.0,7.0,3.0,7.0,4.0,4.0,8.0,5.0,8.0,9.0,0.0,,5.0,8.0,9.0,9.0,5.0,8.0,9.0,8.0,6.0,6.0,1.0,6.0,5.0,4.0,6.0,4.0,3.0,5.0,5.0,6.0,3.0,7.0,4.0,2.0,7.0,5.0,6.0,7.0,0.0,,1.0,4.0,9.0,7.0,5.0,4.0,5.0,7.0,6.0,6.0,1.0,5.0,5.0,0.0,0.0,0.0,0.0,0.0,0.0,0.0,0.0,0,1.0,0.0,0.0,0.0,0.0,0.0,0.0,,0.0,0.0,0.0,0.0,0,0.0,0.0,0.0,0.0,0.0,0.0,0.0,0.0
117.5,-0.501283928978425,1.5482585091833063,0.3246661715122103,-2.0546935772880164,-0.1838598518927356,-1.0445267503077345,0.7261748138809858,0.5223359861078479,0.4129947865274442,1.7837302320374704,-0.5108207361256295,1.1419383445709368,-0.3936616966367824,0.0644914287881264,-0.7493818551844814,,,-2.2679608374999045,-2.1317712537927256,0.8488950954449705,-0.5218067515537418,-0.613900466196129,-1.341978084797414,-0.5568891568802452,0.7188569479117999,0.007404313567234,0.0007235389638465,0.8352649964588486,0.7865639033344414,0.2145757846056247,-0.032921101121101,0.0908718056453349,0.0205754245754244,-0.2201918165168166,-0.0147372127872129,-0.0967291072704384,0.0952523039052449,0.0510132867132866,0.0410260056936526,0.2594227272727272,-0.1127626706626707,0.1744243117993119,-0.0405029640294346,0.0067464073937759,-0.077485127248053,0.0,,-0.5633627206127206,-0.2321408930938344,0.1599146624015819,-0.066904721362229,-0.0810632534132533,-0.1510583222333222,-0.0669616976161093,0.0635741229358874,0.0008135309135308,5.388777888792884e-05,0.1258167388167389,0.0843683538683538,0.0223132978132978,8.0,7.0,7.0,4.0,7.0,5.0,7.0,6.0,8.0,4.0,3.0,7.0,8.0,6.0,8.0,4.0,,0.0,3.0,9.0,7.0,6.0,5.0,5.0,8.0,7.0,8.0,5.0,5.0,6.0,4.0,7.0,6.0,8.0,7.0,9.0,7.0,3.0,6.0,4.0,6.0,9.0,6.0,7.0,8.0,0.0,,4.0,7.0,10.0,8.0,7.0,7.0,8.0,7.0,5.0,5.0,3.0,6.0,6.0,4.0,7.0,6.0,4.0,6.0,5.0,6.0,3.0,6.0,4.0,3.0,7.0,5.0,5.0,6.0,0.0,,0.0,3.0,9.0,6.0,5.0,4.0,5.0,7.0,4.0,5.0,3.0,5.0,5.0,0.0,0.0,0.0,0.0,0.0,0.0,0.0,0.0,0,1.0,0.0,0.0,0.0,0.0,0.0,0.0,,0.0,0.0,0.0,0.0,0,0.0,0.0,0.0,0.0,0.0,0.0,0.0,0.0
118.5,-0.5257188693199785,-0.3237723230177577,-0.554200188875629,-2.2229489886538674,0.5976210436610627,-3.1291414164934612,0.7680530453250403,-0.1571625534898358,-0.8762857439274541,0.5654317885607213,-0.5338820572255187,1.143217241446699,-0.9423138404016104,-0.515459254328051,-0.0640327993501122,-1.077352989233597,,-2.00259607402738,-2.681643759866807,0.9068756159817376,-0.1587758632114463,-0.4449619513587062,-1.009401005481951,-1.478334543150721,1.4441316978210792,0.4844163955149894,0.3138639444873707,0.4979799608399531,1.4372663558608867,-0.5062526614029951,-0.0348513486513486,-0.0274738428238427,-0.0373459873459873,-0.2409031066972243,0.0401641913641913,-0.2987118634633341,0.095936427298192,-0.0163085303585303,-0.1014213009213008,0.0816554667554667,-0.1151928737928738,0.1894073566955919,-0.1077010388304506,-0.0446654977375565,-0.0063775943526718,-0.2577277777777778,,-0.4801008158508158,-0.3166333096298268,0.1602209578003696,-0.0219441419605507,-0.0579201631701632,-0.1041129870129871,-0.1887914082649378,0.1602922965922967,0.0387537407037408,0.0210563887093298,0.0659066988566988,0.1782551559551558,-0.0535535964035963,8.0,7.0,8.0,5.0,7.0,4.0,6.0,7.0,8.0,5.0,3.0,7.0,6.0,6.0,8.0,3.0,,0.0,3.0,8.0,6.0,5.0,5.0,4.0,7.0,5.0,8.0,6.0,4.0,6.0,4.0,6.0,6.0,8.0,6.0,8.0,7.0,3.0,5.0,6.0,6.0,8.0,6.0,7.0,7.0,1.0,,3.0,8.0,9.0,9.0,9.0,6.0,8.0,6.0,5.0,6.0,4.0,5.0,5.0,4.0,5.0,6.0,4.0,6.0,3.0,6.0,3.0,4.0,5.0,3.0,7.0,4.0,5.0,6.0,0.0,,0.0,3.0,8.0,6.0,5.0,4.0,4.0,6.0,4.0,6.0,4.0,4.0,4.0,0.0,0.0,0.0,0.0,0.0,0.0,0.0,0.0,0,1.0,0.0,0.0,0.0,0.0,0.0,0.0,,0.0,0.0,0.0,0.0,0,0.0,0.0,0.0,0.0,0.0,0.0,0.0,0.0
119.5,-1.8162108010639064,-0.3039442978376563,1.1303025291776527,-1.0898884670305742,1.057042290003032,-3.2332817872497617,1.2182098112389836,-0.0764418987818646,-1.0757030517341746,0.9460739170569844,-0.4470931365052121,0.8498534613374973,-1.0026264025491405,0.2988742579687846,0.4326489300048165,-0.2795165354542231,,-1.7846650321449982,-1.9525598340841268,0.6500024275218685,-0.3215039709444398,-0.9802932703207292,-0.6895444989199007,-2.259430399523938,1.3335456248505573,1.8417197389519095,0.8165650606318466,0.8840351640530266,1.3237221772219303,-1.3742201971486725,-0.1248680985680986,-0.0241284382284383,0.0738855644355642,-0.1166959488224194,0.08087142024642,-0.352521595071595,0.1471096126096125,-0.0085788045288045,-0.1294606809856809,0.1306745143745142,-0.0987870795870795,0.1410240786990787,-0.1378640273125568,0.0244767220825269,0.0344019001981849,-0.0766679653679653,,-0.3714952380952381,-0.2379552076664306,0.1036045203592416,-0.0432719569646039,-0.1243722703766821,-0.0695455877455878,-0.2755793206793208,0.1458801642801644,0.1533488566988566,0.0606289749466218,0.1067608058608057,0.1559134920634921,-0.1471566433566434,7.0,8.0,7.0,5.0,7.0,5.0,6.0,7.0,9.0,6.0,3.0,6.0,5.0,7.0,7.0,3.0,,0.0,4.0,8.0,6.0,4.0,5.0,5.0,6.0,6.0,8.0,6.0,5.0,4.0,5.0,4.0,7.0,9.0,7.0,6.0,6.0,4.0,5.0,7.0,6.0,7.0,7.0,7.0,7.0,3.0,,2.0,9.0,8.0,9.0,8.0,6.0,6.0,4.0,5.0,7.0,5.0,3.0,7.0,4.0,4.0,7.0,5.0,7.0,2.0,6.0,4.0,4.0,6.0,3.0,6.0,4.0,6.0,6.0,1.0,,0.0,4.0,7.0,6.0,4.0,4.0,3.0,4.0,5.0,7.0,5.0,3.0,4.0,0.0,0.0,0.0,0.0,0.0,0.0,0.0,0.0,0,0.0,0.0,0.0,0.0,0.0,0.0,0.0,,0.0,0.0,0.0,0.0,0,0.0,0.0,0.0,0.0,0.0,0.0,0.0,0.0
120.5,-3.018395368913979,-0.0602836213531436,0.2191460485625265,-0.4868044873814027,1.0429630673321622,-2.1801305258990777,1.347986658117071,1.0611846210215514,-0.6965125067747154,0.8967066081269569,-1.2618771989555866,0.6563125153158557,-0.9270073101034358,-0.5239514945019174,-0.4488552184673867,0.019165885714054,,-1.4385893736346536,-1.2649693403360571,1.2103596704254993,-0.3754837089464339,-1.7565600421765035,0.1081223266893483,-2.4310036987499513,2.9305779322921404,0.5394665573219839,0.3514859170965624,0.204792969236468,2.466591477443249,-1.115058283393629,-0.21837673992674,-0.0056569097569096,0.0157170496170495,-0.0492256229065053,0.0902001914751913,-0.225451825951826,0.1699474636474637,0.1092555833055832,-0.0706248473748473,0.1223565240315239,-0.3029701409701409,0.1112464750935338,-0.126519042318191,-0.0457450007337005,-0.0412908144401178,0.0055187423687423,,-0.2257769119769119,-0.1554078915150897,0.1914146792577906,-0.0517239065372193,-0.208171639634875,0.0108873404373404,-0.2969416194916195,0.3620738261738261,0.0474296647796648,0.0311452488687782,0.0244544899544899,0.261283694083694,-0.1263616368925194,7.0,8.0,6.0,7.0,7.0,7.0,6.0,6.0,9.0,6.0,2.0,6.0,6.0,9.0,7.0,3.0,,0.0,5.0,8.0,6.0,3.0,7.0,6.0,4.0,5.0,9.0,7.0,4.0,4.0,6.0,3.0,7.0,8.0,7.0,5.0,6.0,5.0,4.0,8.0,7.0,8.0,8.0,8.0,8.0,5.0,,1.0,9.0,8.0,9.0,8.0,4.0,6.0,3.0,5.0,7.0,5.0,3.0,8.0,4.0,3.0,6.0,6.0,7.0,3.0,6.0,5.0,4.0,6.0,2.0,6.0,5.0,7.0,6.0,2.0,,0.0,5.0,8.0,6.0,3.0,4.0,3.0,3.0,4.0,7.0,5.0,3.0,4.0,0.0,0.0,0.0,0.0,0.0,0.0,0.0,0.0,0,0.0,0.0,0.0,0.0,0.0,0.0,0.0,,0.0,0.0,0.0,0.0,0,0.0,0.0,0.0,0.0,0.0,0.0,1.0,0.0
121.5,-2.878997194895535,0.23450861975956,0.5095998399464599,0.4410140244193244,1.1581433829958705,-1.881938698744567,1.484628729226113,1.421402251762747,-0.5244387199715161,1.0174435106709938,-1.1547640793473153,0.7286170923307771,-0.196174213646702,0.2828076887800748,-1.7334435342039114,0.0102731722247053,,,-0.0228675314157984,1.1009738377365978,0.2123297719054954,-1.1622492599984229,0.0137541695495771,-0.90647329196259,4.271582212672273,0.5003512594639244,-0.9372843828205488,-0.2174495455955763,2.648099455747561,-0.6735071672061314,-0.1581862260288731,0.0252826839826839,0.0427233766233765,0.0473104331942566,0.1079739755342695,-0.1600870851370851,0.1860445498945498,0.135443412143412,-0.0452759213009212,0.1356042513042513,-0.2775797258297259,0.126293759018759,-0.0278800904633721,0.0286709447844895,-0.1530179453415522,0.0028570346320344,,0.0,-0.0029985924464253,0.1712513491582377,0.0298625271357468,-0.1407191578029814,0.0012487456987457,-0.0946720891853246,0.3631506493506493,0.0407873763491409,-0.0762788427259015,-0.0300139749139748,0.2518013708513709,-0.0755707625707626,6.0,9.0,6.0,7.0,8.0,7.0,6.0,6.0,9.0,6.0,2.0,6.0,6.0,10.0,6.0,4.0,,0.0,7.0,8.0,7.0,4.0,7.0,7.0,3.0,6.0,10.0,7.0,4.0,4.0,7.0,2.0,6.0,8.0,8.0,4.0,6.0,6.0,5.0,7.0,7.0,7.0,9.0,8.0,8.0,7.0,,0.0,9.0,8.0,9.0,8.0,4.0,7.0,2.0,7.0,6.0,6.0,3.0,7.0,5.0,2.0,5.0,7.0,8.0,3.0,6.0,6.0,5.0,6.0,2.0,6.0,6.0,8.0,5.0,3.0,,0.0,7.0,8.0,7.0,4.0,4.0,5.0,2.0,6.0,6.0,5.0,3.0,4.0,0.0,0.0,0.0,0.0,0.0,0.0,0.0,0.0,0,0.0,0.0,0.0,0.0,0.0,0.0,0.0,,0.0,0.0,0.0,0.0,0,0.0,0.0,0.0,0.0,0.0,0.0,1.0,0.0
122.5,-2.0876922662304915,-0.6407930103536889,1.2541318973041706,0.3548824054329674,0.3750138550634603,-0.5693272886505206,1.6908814233537537,0.7498875627595587,-0.6395599299591896,0.7277445808441813,-1.9474987741068153,-0.3680588116884359,-0.1692271228434418,0.4631197052574587,-1.3922970824769405,-0.131773136265992,,,0.3679191727378214,1.0710706656145017,-0.5530691990036334,-0.0639390238552182,0.568062481075993,-0.4761876808136842,4.35193347552,-0.7526286676417743,-0.6216071247025394,0.6847159854272775,1.7783550148471088,-1.2307595950609271,-0.131684475328593,-0.0275278499278499,0.1108766788766788,0.0386868151456385,0.0352591100076393,-0.0481553002553001,0.2118601565101564,0.07111771006771,-0.0542288322788323,0.0944214008214007,-0.4650576173826175,-0.0596131535131536,-0.023044105644957,0.0513540241148599,-0.1434409867999516,-0.0364904634581104,,0.0,0.048789452618245,0.1814672587732184,-0.0783840426515348,-0.0072342296592297,0.0530434343434345,-0.0556568684583391,0.370260101010101,-0.0709691595985714,-0.0551451430922018,0.0975711177711178,0.1968983849483849,-0.1273216866466867,6.0,8.0,6.0,7.0,7.0,8.0,6.0,7.0,9.0,7.0,1.0,6.0,7.0,11.0,7.0,3.0,,0.0,9.0,9.0,8.0,5.0,6.0,8.0,3.0,7.0,10.0,7.0,5.0,4.0,7.0,1.0,4.0,8.0,8.0,4.0,6.0,6.0,5.0,7.0,8.0,6.0,8.0,9.0,10.0,8.0,,0.0,9.0,9.0,9.0,7.0,3.0,7.0,2.0,8.0,6.0,6.0,4.0,7.0,5.0,1.0,4.0,7.0,7.0,4.0,6.0,6.0,5.0,6.0,1.0,4.0,6.0,9.0,6.0,3.0,,0.0,8.0,9.0,6.0,5.0,3.0,6.0,2.0,6.0,6.0,6.0,4.0,4.0,0.0,0.0,0.0,0.0,0.0,0.0,0.0,0.0,0,0.0,0.0,0.0,0.0,0.0,0.0,0.0,,0.0,0.0,0.0,0.0,0,0.0,0.0,0.0,0.0,0.0,0.0,1.0,0.0
123.5,-0.8043080360734729,0.0105563690033655,1.229092386266275,0.5375280314958137,1.4673549526578968,-0.0628283136229197,1.5437144224683932,-0.4603397173361308,0.6168019478451838,0.8898876329916249,-1.9313803376091652,-0.3374811091881641,0.221347475332177,1.216283693505143,-1.5420615216535103,0.2323387655316346,,,0.8436940342698437,0.5372596223421343,0.5531456798378274,0.4198103998604733,1.1264229144313342,0.4812346479671655,3.293938108141823,0.0371935717416951,-0.624237983203493,0.621870712531116,1.2465415499537789,-2.097918472679318,-0.0529764831573656,0.0006229437229436,0.1190093406593407,0.0569925060233882,0.140764155942097,-0.0058118548118547,0.1876325285825287,-0.0454082939935882,0.0726317388493859,0.1125808080808081,-0.4731363913863914,-0.0531238983238984,0.0299665994394322,0.1353886277980704,-0.1616231005836269,0.0621497668997669,,0.0,0.114514654471775,0.097814338911862,0.0763379291503129,0.0416129870129868,0.1030235209235208,0.064821313490431,0.2722929292929293,0.0040386118783178,-0.041546639634875,0.0895291597291598,0.1104672383172383,-0.2136007992007993,6.0,7.0,6.0,7.0,8.0,8.0,5.0,5.0,8.0,7.0,1.0,6.0,8.0,9.0,6.0,4.0,,0.0,9.0,8.0,9.0,5.0,5.0,9.0,4.0,9.0,9.0,7.0,6.0,3.0,8.0,2.0,4.0,8.0,8.0,5.0,5.0,7.0,7.0,6.0,7.0,5.0,8.0,9.0,9.0,9.0,,0.0,10.0,9.0,9.0,6.0,2.0,7.0,3.0,7.0,6.0,6.0,5.0,7.0,6.0,2.0,4.0,7.0,8.0,5.0,5.0,5.0,7.0,6.0,1.0,4.0,7.0,9.0,5.0,4.0,,0.0,9.0,8.0,8.0,5.0,2.0,7.0,3.0,6.0,6.0,6.0,5.0,3.0,0.0,0.0,0.0,0.0,0.0,0.0,0.0,0.0,0,0.0,0.0,0.0,0.0,0.0,0.0,0.0,,0.0,0.0,0.0,0.0,0,0.0,0.0,0.0,0.0,0.0,0.0,1.0,0.0
124.5,-0.7652098042891672,-0.4910792970910426,0.5716721006758482,1.056056898299545,1.0996817963124417,-0.5278481578457802,1.5147655444466532,-0.0365872715285981,0.7376565585297109,0.262726442637624,-3.2728364220613586,0.2955627392570226,-0.2338030391269647,1.5124861925327404,-0.3985405967830102,0.3854798187259523,,,0.732902609878509,0.330533811195849,0.0826198807558989,1.4381751438806183,-0.7253991287285044,1.158294504259045,2.7307702576785866,-0.6578540271893828,0.2036402102920928,0.634678626683307,1.2090112253295795,-0.3684017052794131,-0.0521946976226388,-0.0345601121101121,0.0534792485292486,0.1052832285361696,0.1069798172415819,-0.0407744699744699,0.1806222721722722,-0.0040255682226271,0.0934285975462445,0.0317476190476191,-0.6847785603285604,0.0490873792873793,-0.0312245644276604,0.1584155798793569,-0.0422343992952353,0.1026972791913968,,0.0,0.1002510211322903,0.0609136836245968,0.0111645501986833,0.1485651237651237,-0.0884333333333332,0.1549725127813361,0.2144497668997669,-0.071591674991675,0.0145167136784782,0.0933936396936397,0.111429093129093,-0.037370829170829,7.0,8.0,7.0,7.0,8.0,8.0,5.0,6.0,8.0,6.0,0.0,6.0,10.0,8.0,8.0,4.0,,0.0,8.0,7.0,10.0,6.0,5.0,8.0,5.0,9.0,8.0,7.0,7.0,4.0,8.0,4.0,4.0,8.0,8.0,5.0,5.0,8.0,7.0,6.0,6.0,6.0,8.0,8.0,8.0,8.0,,0.0,9.0,9.0,9.0,6.0,3.0,8.0,5.0,6.0,6.0,6.0,7.0,6.0,6.0,4.0,4.0,7.0,8.0,5.0,5.0,6.0,7.0,5.0,0.0,5.0,7.0,8.0,6.0,4.0,,0.0,8.0,7.0,8.0,6.0,2.0,8.0,5.0,5.0,6.0,6.0,7.0,4.0,0.0,0.0,0.0,0.0,0.0,0.0,0.0,0.0,0,0.0,0.0,0.0,0.0,0.0,0.0,0.0,,0.0,0.0,0.0,0.0,0,0.0,0.0,0.0,0.0,0.0,0.0,0.0,0.0
125.5,0.1118783853631026,1.4153376612848414,-0.0443941136196195,0.9710244386205136,1.5984904325484393,0.2565439521694875,1.2401533286856277,-0.1278576480063288,0.6857105025899309,0.0576923182067836,-3.0298981221426415,0.0387255626105623,-0.2243482235102819,2.2277557855698307,-0.6246774839261673,-0.1358754135219744,,,0.2104307345465626,0.2726570664572693,0.0043036128222544,0.9603698366082972,-0.3670055469510693,1.0311895688581123,0.8010295429852926,-0.2222857440179332,0.0738012682122684,1.0777052986474858,0.5312219312958832,-0.2917742741648987,0.008161931695755,0.0974054612054611,-0.0033064158064157,0.0953061799311798,0.1455076188517364,0.0222453157953157,0.1454359140859139,-0.0142278345837171,0.0890253882254655,0.0074533355533356,-0.6349336940836942,0.0064516816516817,-0.0292776360894009,0.2561897586074058,-0.0685818253212214,-0.0374722945355299,,0.0,0.0287072449394429,0.0500265554448989,0.0006029581615494,0.1000740481740481,-0.0378347097347097,0.1389660673433892,0.0538564768564767,-0.0222074037074035,0.0061712842712843,0.1776828837828836,0.0620030905369141,-0.0277441558441559,7.0,6.0,7.0,8.0,8.0,7.0,6.0,7.0,7.0,6.0,0.0,5.0,11.0,6.0,10.0,3.0,,0.0,7.0,7.0,10.0,7.0,5.0,8.0,7.0,9.0,8.0,7.0,7.0,5.0,7.0,5.0,3.0,7.0,8.0,4.0,6.0,7.0,8.0,6.0,4.0,5.0,7.0,6.0,7.0,8.0,,0.0,9.0,10.0,9.0,6.0,4.0,9.0,6.0,5.0,5.0,7.0,8.0,7.0,6.0,5.0,3.0,7.0,8.0,4.0,6.0,6.0,7.0,5.0,0.0,4.0,7.0,6.0,6.0,3.0,,0.0,7.0,7.0,8.0,6.0,3.0,8.0,6.0,5.0,5.0,7.0,7.0,5.0,0.0,0.0,0.0,0.0,0.0,0.0,0.0,0.0,0,0.0,0.0,0.0,0.0,1.0,0.0,0.0,,0.0,0.0,0.0,0.0,0,0.0,0.0,0.0,0.0,0.0,0.0,0.0,0.0
126.5,1.4073352166996962,1.318535149531309,0.6772165963645805,0.9685974452209192,1.5256156375282772,0.9101725638246064,1.1446564631463514,0.7304426222149656,0.4424732289728805,-0.7721391029781796,-2.546301350651517,-0.1745996035146961,-0.7837519085680101,1.6616410004659157,-0.4258615983317811,-0.346817689645001,,-1.4284543924348096,0.0867827206434059,-0.6391500299630577,0.6662578620284665,0.9591529825115724,-0.6920428378061849,0.938944520463566,0.8370807904601772,-0.9712560170130716,0.1267711434911269,1.193099075890187,1.31024890722805,-1.6039018486326369,0.0834532482223657,0.0686588994338992,0.0442586580086579,0.0796909534909534,0.1317792207792206,0.0873676101676101,0.138014602064602,0.0820270011034716,0.0555618572517951,-0.1083184815184815,-0.5144743867243867,-0.030476196026196,-0.0887629514276573,0.2056491252211839,-0.0433592680195621,-0.094479476079476,,-0.2362041847041847,0.0114148802435953,-0.1164542398434039,0.0973068806322674,0.0810564879564879,-0.0917062548562548,0.1300339390743414,0.059170929070929,-0.069543179043179,0.0110218836718836,0.1927592546342545,0.154214020293432,-0.1536926157176159,7.0,7.0,6.0,7.0,7.0,6.0,6.0,7.0,6.0,5.0,0.0,5.0,11.0,5.0,11.0,2.0,,0.0,7.0,5.0,10.0,6.0,4.0,8.0,7.0,9.0,8.0,7.0,8.0,5.0,7.0,7.0,2.0,6.0,7.0,3.0,6.0,8.0,8.0,6.0,3.0,6.0,6.0,6.0,6.0,6.0,,1.0,10.0,10.0,9.0,5.0,5.0,9.0,6.0,5.0,5.0,7.0,8.0,7.0,7.0,7.0,2.0,6.0,7.0,3.0,6.0,7.0,6.0,4.0,0.0,4.0,6.0,5.0,6.0,2.0,,0.0,7.0,5.0,9.0,5.0,3.0,8.0,6.0,5.0,5.0,7.0,8.0,4.0,0.0,0.0,0.0,0.0,0.0,0.0,0.0,0.0,0,0.0,0.0,0.0,0.0,1.0,0.0,0.0,,0.0,0.0,0.0,0.0,0,0.0,0.0,0.0,0.0,0.0,0.0,0.0,0.0
127.5,0.7038651201274473,0.2467729066465044,-0.1055680807931105,0.5421951422365863,0.2397052461954649,0.9253119815259536,1.1909477039287004,1.440228800920767,0.471504912009827,-1.3558346422177685,-0.3150602811825892,-0.4350810678375467,-0.2177037088836575,1.7420788548202577,-0.9240919591117236,-0.3174485291249111,,1.4426734986480936,-0.4691177863853022,-1.1875770222529882,0.9209930024365344,-0.058489803927938,-0.1974395058302231,0.4614211515244025,0.193116138875908,0.6400589905322623,-0.8891136468068533,0.9900476222921244,0.5850175077124835,-1.186802680750764,0.0484249569058392,0.0153104728604728,-0.0081152125652125,0.0575590798090798,0.0190937146187145,0.0920794538794539,0.1450815961815962,0.1671965069244482,0.056147178311884,-0.1905326728826728,-0.0521194083694083,-0.0725367493617493,-0.0258270739064857,0.1581540175510764,-0.0789271210815328,-0.0789669164169164,,0.2793247474747474,-0.058611562465742,-0.2178802101321452,0.1324208984342111,-0.0062112887112886,-0.0255817488067487,0.0636273580135035,0.0166777389277388,0.0474469419469417,-0.0797166416916417,0.1606041874791874,0.0666991258741259,-0.1126128121878122,6.0,6.0,7.0,8.0,8.0,6.0,6.0,6.0,7.0,3.0,1.0,4.0,10.0,5.0,11.0,2.0,,1.0,7.0,4.0,8.0,7.0,5.0,7.0,8.0,7.0,7.0,6.0,7.0,6.0,7.0,7.0,3.0,5.0,7.0,3.0,6.0,7.0,7.0,7.0,3.0,7.0,6.0,6.0,5.0,6.0,,2.0,9.0,10.0,9.0,4.0,7.0,9.0,6.0,5.0,5.0,7.0,9.0,7.0,6.0,6.0,3.0,5.0,7.0,3.0,6.0,6.0,6.0,3.0,1.0,4.0,6.0,5.0,5.0,2.0,,1.0,6.0,4.0,8.0,4.0,5.0,7.0,6.0,5.0,4.0,6.0,7.0,5.0,0.0,0.0,0.0,0.0,0.0,0.0,0.0,0.0,0,0.0,0.0,0.0,0.0,1.0,0.0,0.0,,0.0,0.0,0.0,0.0,0,0.0,0.0,0.0,0.0,0.0,0.0,0.0,0.0
128.5,0.7543332670383887,0.4031426810758283,-0.079463680919782,-0.0155040178875201,0.4915125060065298,0.4634339273851681,1.246978925367378,1.3195616821948195,-0.0135326883981337,-1.297034218622513,-0.7220535790737456,-0.3075784668908085,0.4610863991847153,2.3376649793459983,-0.7659407259032366,-1.165751725914418,,0.5860300288958835,-0.0829296436713195,-1.8211647517835912,0.1663387878132287,-0.1399029650564943,0.1680571521680762,0.1229850601341381,1.583591993170083,0.889105940151523,0.0484265184674627,0.0877736874172554,1.5090442246765463,0.1833805228247086,0.047791908091908,0.0283446994182287,-0.0060082806082805,-0.0012779109779108,0.0448683816183814,0.0428467920967922,0.1551669608169608,0.1625078588078589,-0.00147876012876,-0.172831401931402,-0.117489466089466,-0.0519782689532689,0.056344564912212,0.2310131824058294,-0.0604290701128936,-0.2889253024753024,,0.1100236652236651,-0.0102498117465609,-0.3310168169635661,0.0228384320358004,-0.0145242035742035,0.0199626177743823,0.0165616298046639,0.1335577339327338,0.0736904539904539,0.0038744699744699,0.0144529026529026,0.1685773902568018,0.0199971082838729,7.0,7.0,7.0,7.0,6.0,7.0,6.0,7.0,6.0,3.0,1.0,4.0,9.0,6.0,11.0,1.0,,2.0,8.0,3.0,9.0,7.0,6.0,6.0,7.0,7.0,8.0,5.0,8.0,8.0,6.0,8.0,3.0,4.0,7.0,4.0,6.0,5.0,5.0,8.0,3.0,7.0,6.0,6.0,6.0,5.0,,2.0,9.0,10.0,8.0,4.0,8.0,9.0,7.0,6.0,5.0,7.0,8.0,8.0,6.0,7.0,3.0,4.0,6.0,4.0,6.0,5.0,4.0,3.0,1.0,4.0,6.0,6.0,6.0,1.0,,1.0,7.0,3.0,7.0,4.0,6.0,6.0,7.0,6.0,5.0,5.0,8.0,7.0,0.0,0.0,0.0,0.0,0.0,0.0,0.0,0.0,0,0.0,0.0,0.0,0.0,1.0,0.0,0.0,,0.0,0.0,0.0,0.0,0,0.0,0.0,0.0,0.0,0.0,0.0,0.0,0.0
129.5,-0.423703114935918,1.4494006367057295,0.7777881670440168,0.5540334802229977,0.4605506980480903,1.6978293763477876,1.860497454127627,1.1135424104852565,-0.4963640833215128,-2.527612935047049,0.1552275162959135,-0.5436037410804656,0.6963559407868165,1.7903134738319628,-0.3015446116053368,-2.3718881136409657,,-0.2881435774505745,0.8764038744064407,-2.076073832013159,-0.2685067904678509,-0.7968420506829518,0.5593162496006673,0.4827485154743207,0.5847653924466085,-0.8255108370214148,0.0973550480025682,-1.1710606131138606,-0.2590986050674003,-0.1133351153274384,-0.0278856143856145,0.0941377955377954,0.0602850038850039,0.0513789321789323,0.0380707958707958,0.1896280497280497,0.2355807192807193,0.1228454045954046,-0.0542943203854969,-0.3358345154845156,0.0316546176046175,-0.0927604173604172,0.0827947385947387,0.195070185361594,-0.0229771948381856,-0.5957421411921412,,-0.0560104617604617,0.1082132880535357,-0.344423828974603,-0.0355716053124721,-0.0767660117660117,0.0666393150966678,0.0634206569574216,0.0403798534798534,-0.0612539049186108,0.0074074758574759,-0.1910734737484738,-0.0297402347652347,-0.0123563857710917,6.0,7.0,6.0,6.0,5.0,6.0,5.0,6.0,5.0,2.0,2.0,5.0,7.0,7.0,10.0,0.0,,4.0,9.0,2.0,7.0,8.0,7.0,6.0,5.0,5.0,8.0,3.0,8.0,9.0,6.0,7.0,3.0,3.0,6.0,5.0,5.0,4.0,6.0,8.0,4.0,6.0,4.0,7.0,6.0,4.0,,2.0,8.0,8.0,8.0,4.0,8.0,8.0,6.0,7.0,5.0,7.0,7.0,8.0,5.0,7.0,3.0,3.0,5.0,5.0,5.0,4.0,4.0,2.0,2.0,4.0,4.0,7.0,6.0,0.0,,1.0,8.0,2.0,6.0,4.0,7.0,6.0,5.0,5.0,5.0,3.0,6.0,7.0,0.0,0.0,0.0,0.0,0.0,0.0,0.0,0.0,0,0.0,0.0,0.0,0.0,1.0,0.0,0.0,,0.0,0.0,0.0,0.0,0,0.0,0.0,0.0,0.0,0.0,0.0,0.0,0.0
130.5,-0.853500238934977,1.7736087471712103,1.2629654383826403,1.3948302735198823,-3.792835758652344,0.3622621025165798,-0.0263552862778012,0.9033838152411976,-0.3115065968566129,-2.627845433358817,-0.7923346685925483,0.1622538019548869,1.8721383623851484,1.0587926355044468,0.2697901968582877,-2.4916501922162477,,-0.2536280524536783,1.165612157241292,-2.408059976260111,0.0319620041657055,-0.1833974914798997,0.3324838246928833,-0.715420174951348,0.6758606760998317,-0.427302979621659,1.1277805387198865,-1.5328880223477217,0.192054205040372,0.1506753306620938,-0.0640066267066268,0.1403228242345887,0.0947053058053056,0.1255961038961041,-0.3031728521478523,0.0380846873714519,-0.0032590437340438,0.0941780885780886,-0.0302709463738876,-0.3289257853257853,-0.1639387057387057,0.0281294372294372,0.1816316988566989,0.1159715951918737,0.0262750190040437,-0.6267922965922965,,-0.052438861138861,0.1414333349828704,-0.4084129306967542,0.0044524572950269,-0.0180111444111443,0.0380805650232121,-0.0860922055069114,0.0479212454212452,-0.0368298138136374,0.0867716567745979,-0.2195527528027528,0.0235036852036851,0.0158025141525141,7.0,7.0,6.0,5.0,3.0,7.0,4.0,7.0,8.0,2.0,2.0,6.0,6.0,9.0,10.0,0.0,,6.0,8.0,2.0,6.0,7.0,8.0,4.0,5.0,5.0,7.0,4.0,8.0,9.0,6.0,7.0,5.0,3.0,7.0,7.0,6.0,5.0,6.0,8.0,5.0,6.0,5.0,9.0,8.0,4.0,,3.0,8.0,6.0,8.0,4.0,8.0,7.0,6.0,7.0,6.0,6.0,7.0,7.0,5.0,7.0,5.0,3.0,3.0,6.0,4.0,5.0,5.0,2.0,2.0,5.0,5.0,9.0,8.0,0.0,,2.0,8.0,1.0,6.0,4.0,7.0,4.0,5.0,5.0,6.0,3.0,6.0,7.0,0.0,0.0,0.0,0.0,0.0,0.0,0.0,0.0,0,0.0,0.0,0.0,0.0,1.0,0.0,0.0,,0.0,0.0,0.0,0.0,0,0.0,0.0,0.0,0.0,0.0,0.0,0.0,0.0
131.5,1.620386690363875,0.8279446910484157,1.6601186784239186,-0.4761030522761988,-1.951647544115218,-0.3077675954993205,0.5250138070994492,0.8091686242570673,0.3689622073914663,-1.4262690336726385,-1.1895573607882757,0.1941447624434056,1.3187730001780624,1.2915374923365814,0.7588871548605155,-2.6012162082713317,,0.4920457462479206,0.5473176088800893,-1.5821979912087862,0.533513528978564,0.4455397429859036,0.6882520406080644,-1.1133406168337046,-0.2607696283326352,-1.10165114625305,0.7650882853092649,-0.6174520740513146,-0.729897814457857,0.478855234043875,0.1070633366633365,0.0675946164946165,0.10723315018315,-0.0502034687534687,-0.1501128704628704,-0.0268365995115996,0.0636543512043511,0.0879832833832834,0.0347666274901569,-0.1751177711177712,-0.2693792207792207,0.0286371572871573,0.1403999722499723,0.1521675642640811,0.0718897980072901,-0.6395284215784216,,0.1119915584415583,0.0667581431812081,-0.2076887862137861,0.0694236892965994,0.0522600843600843,0.08240492007992,-0.1305026367423426,-0.0202669497169498,-0.0776910256410257,0.0563040296305001,-0.0944141497391497,-0.0809036408036407,0.0502933316683316,6.0,7.0,6.0,5.0,4.0,6.0,4.0,6.0,8.0,3.0,2.0,6.0,6.0,9.0,9.0,0.0,,8.0,8.0,4.0,7.0,7.0,8.0,4.0,6.0,5.0,8.0,4.0,8.0,9.0,5.0,5.0,6.0,4.0,7.0,8.0,5.0,4.0,6.0,7.0,6.0,4.0,4.0,9.0,8.0,4.0,,4.0,8.0,5.0,8.0,5.0,7.0,7.0,6.0,7.0,7.0,7.0,6.0,7.0,5.0,5.0,6.0,3.0,4.0,6.0,4.0,4.0,6.0,3.0,2.0,4.0,4.0,9.0,8.0,0.0,,4.0,7.0,2.0,7.0,5.0,7.0,4.0,5.0,5.0,7.0,4.0,5.0,7.0,0.0,0.0,0.0,0.0,0.0,0.0,0.0,0.0,0,0.0,0.0,0.0,0.0,0.0,0.0,0.0,,0.0,0.0,0.0,0.0,0,0.0,0.0,0.0,0.0,0.0,0.0,0.0,0.0
132.5,1.7035602700811874,1.2541147236789252,-0.083280876688159,-0.4296943797954498,-3.008632049953925,0.2229454099216185,-1.4408128766977386,0.7358779387079263,0.3198828669123711,-0.080856995109465,-2.15528795664621,0.587640048712379,0.6619193209607355,0.7429454490359458,0.6866865188332909,-2.50066046308463,,0.2121328803619346,0.1777131222978748,-0.3229719860318673,-0.3773484114233666,0.6024224547698953,0.3172156365669344,-1.3804423874971137,-0.7505914373827999,0.2779923053886872,0.7033630581045605,-0.4906972561483328,-0.8141798424271254,0.8541870781564195,0.1127935064935063,0.102275774225774,-0.0055858670741024,-0.0420683094683094,-0.2160475524475525,0.0197834913452559,-0.1701452047952049,0.0726019092019091,0.0317322876469933,-0.0102409035409034,-0.4755196803196803,0.0923361471861471,0.0637541070041071,0.0851176703241718,0.0680495830450937,-0.6005798701298702,,0.0539184593184594,0.0234187506937507,-0.0326879259629259,-0.0537429837362499,0.075533855033855,0.0332501637251635,-0.1666213241007359,-0.0660129204129204,0.0223122064210298,0.0689731454819688,-0.0721647463647464,-0.0970051726051726,0.08506993006993,6.0,7.0,6.0,4.0,3.0,6.0,3.0,7.0,8.0,4.0,1.0,5.0,7.0,10.0,8.0,0.0,,9.0,7.0,4.0,6.0,6.0,8.0,4.0,7.0,7.0,8.0,4.0,9.0,7.0,5.0,6.0,7.0,6.0,6.0,8.0,6.0,6.0,6.0,6.0,6.0,3.0,4.0,9.0,9.0,3.0,,4.0,6.0,5.0,9.0,7.0,7.0,8.0,6.0,8.0,6.0,7.0,5.0,6.0,5.0,6.0,6.0,4.0,3.0,6.0,3.0,6.0,6.0,4.0,1.0,3.0,4.0,9.0,8.0,0.0,,4.0,5.0,3.0,6.0,6.0,7.0,4.0,5.0,7.0,6.0,4.0,4.0,6.0,1.0,0.0,0.0,0.0,0.0,0.0,0.0,0.0,0,0.0,0.0,0.0,0.0,0.0,0.0,0.0,,0.0,0.0,0.0,0.0,0,0.0,0.0,0.0,0.0,0.0,0.0,0.0,0.0
133.5,1.955058351786127,0.2838153084827876,-1.493938857607664,-0.5654329220892892,-2.4522770846607997,0.6197930712434178,-3.0227239245059057,0.5956658471002438,1.0675392380615665,0.0320207914314601,-1.292107250830757,0.062020541690578,0.3135350738788102,0.040051954346515,0.9472526189875364,-1.88484022843557,,0.2552179332123353,1.0575875516684925,0.2225992625892273,-1.008485997822196,0.8378943852813322,-0.0413549038296296,-0.7233469269401498,-0.5359177076597194,0.0545564606805185,0.9090436132731388,-0.4626279237759881,-0.2083964978970144,0.7368911070386521,0.1261270229770227,0.0206993339993339,-0.123034731934732,-0.0529507936507936,-0.1905220446220448,0.0657240259740259,-0.3909588506264977,0.0646376840479779,0.1469584308364493,0.0038409146409147,-0.3025607614607615,0.0087758297258296,0.0326854118104117,0.0044107729989308,0.0951823242457277,-0.4610648629148629,,0.0675670274170275,0.1098774725274726,0.0397030575633516,-0.1442335859444994,0.1084725186578126,-0.004565145965146,-0.0915462390550626,-0.0565834221334222,0.0053486355148119,0.0742596431346431,-0.0655268176268176,-0.0226314851814851,0.0698776556776558,6.0,7.0,6.0,4.0,4.0,6.0,2.0,7.0,8.0,4.0,2.0,6.0,8.0,11.0,9.0,1.0,,9.0,7.0,5.0,5.0,7.0,9.0,5.0,7.0,8.0,7.0,7.0,8.0,6.0,6.0,5.0,7.0,6.0,7.0,6.0,7.0,8.0,8.0,6.0,7.0,3.0,5.0,8.0,10.0,2.0,,5.0,5.0,6.0,10.0,8.0,7.0,8.0,5.0,8.0,5.0,6.0,4.0,4.0,6.0,5.0,5.0,4.0,4.0,5.0,2.0,7.0,8.0,4.0,2.0,3.0,5.0,8.0,9.0,0.0,,5.0,5.0,4.0,5.0,7.0,7.0,5.0,4.0,7.0,5.0,5.0,4.0,4.0,1.0,0.0,0.0,0.0,0.0,0.0,0.0,0.0,0,0.0,0.0,0.0,0.0,0.0,0.0,0.0,,0.0,0.0,0.0,0.0,0,0.0,0.0,0.0,0.0,0.0,0.0,0.0,0.0
134.5,1.997636819062362,0.74305441962974,-1.4339471410800897,-0.389079337939071,-1.2603685015062496,-0.2091435972259244,-2.8693092270996297,0.0512621302721374,0.6574469335289046,0.9683195866165356,-2.171835734096267,0.0617482297692402,0.5161860291550052,1.6300215733983925,0.4285771912834652,-0.8254873509692283,,,-0.9438679075280342,0.5175754270024943,-1.742092071582834,-0.5557529853058859,0.9045080795541892,-0.5899959042615183,-0.2417812562121348,0.7402504577920136,0.1255402093852763,0.2428968856752728,-1.0291294519835383,1.2629762227743624,0.1268083749583748,0.0475095904095903,-0.1155181274607746,-0.0398226420638186,-0.1154665417915419,-0.0160048451548451,-0.4087751599707483,0.0054987966282082,0.0766105587223233,0.1278705627705626,-0.4826130480630481,0.0085879509379509,0.0603338566662096,0.1724075680253698,0.0497358270900066,-0.1849063492063491,,,-0.0936864857364857,0.0937008453105202,-0.2459959449563166,-0.069067000079384,0.0922530636030634,-0.0728935196210738,-0.0201213786213786,0.0730018236665295,0.0097593475152297,0.0337927350427349,-0.1005027250527248,0.1438198412698413,6.0,7.0,5.0,6.0,6.0,6.0,2.0,6.0,8.0,5.0,1.0,6.0,9.0,9.0,9.0,2.0,,,5.0,8.0,4.0,5.0,7.0,5.0,8.0,8.0,6.0,8.0,9.0,5.0,6.0,6.0,8.0,8.0,7.0,6.0,8.0,8.0,7.0,4.0,7.0,3.0,7.0,9.0,8.0,3.0,,,5.0,8.0,10.0,10.0,7.0,9.0,5.0,7.0,6.0,6.0,4.0,3.0,6.0,6.0,5.0,6.0,5.0,5.0,2.0,6.0,7.0,4.0,1.0,3.0,7.0,9.0,7.0,1.0,,,3.0,7.0,4.0,5.0,7.0,5.0,5.0,7.0,5.0,6.0,4.0,3.0,1.0,0.0,0.0,0.0,0.0,0.0,0.0,0.0,0,0.0,0.0,0.0,0.0,0.0,0.0,0.0,,,0.0,0.0,0.0,0,0.0,0.0,0.0,0.0,0.0,0.0,0.0,0.0
135.5,-0.7271882387893245,-0.4417440881865542,-1.8873362463167225,-0.4089302259458869,0.239478870261825,0.9204793483056232,-2.7750235261260654,-0.1946799045268727,1.031057760253434,1.0992369158744733,-2.1002696639474223,1.3627002162427138,0.9100182520456144,1.8104469813630624,0.4020490874794349,-0.4769579603526873,,,-1.6079518635637322,0.4083004154024135,-1.1157689912300466,-1.3188151269722626,0.1575265730844857,0.5518863514691259,-0.2529898155412536,1.7628195513254008,1.3253358523112349,0.2429580465332515,-1.1602652639832076,2.1536129737044187,-0.0447554445554446,-0.0289619713619715,-0.1376021258153612,-0.0422871814460049,0.0232912004662002,0.0768513843999137,-0.3784636806004452,-0.0204026623703095,0.1415620816146358,0.1263131313131313,-0.4774052947052947,0.2129004329004329,0.108714190548014,0.1863424246118518,0.050313460816789,-0.1062899711399711,,,-0.1442186507936508,0.0749267945934354,-0.1545278581755362,-0.1625581686115742,0.0171014874014872,0.0700821649454777,-0.0192857087357087,0.1905850277173806,0.1103714236743648,0.0372648906648908,-0.1100658175158173,0.2369663059163059,6.0,8.0,6.0,6.0,7.0,6.0,2.0,5.0,8.0,5.0,1.0,4.0,8.0,8.0,8.0,3.0,,,5.0,9.0,5.0,4.0,8.0,7.0,8.0,7.0,7.0,8.0,9.0,4.0,6.0,6.0,7.0,9.0,7.0,7.0,8.0,7.0,8.0,4.0,6.0,3.0,7.0,8.0,6.0,2.0,,,5.0,9.0,10.0,10.0,6.0,9.0,5.0,7.0,6.0,5.0,4.0,3.0,5.0,6.0,5.0,6.0,6.0,6.0,2.0,5.0,8.0,4.0,1.0,3.0,7.0,8.0,5.0,1.0,,,3.0,8.0,5.0,4.0,6.0,7.0,5.0,7.0,6.0,5.0,4.0,3.0,1.0,0.0,0.0,0.0,0.0,0.0,0.0,0.0,0,0.0,0.0,0.0,0.0,0.0,0.0,0.0,,,0.0,0.0,0.0,0,0.0,0.0,0.0,0.0,0.0,0.0,0.0,0.0
136.5,0.848460082418756,0.3769011663972542,0.5732729450526355,0.576384674051389,-0.2756274408747542,0.8203565272157505,-3.3231726702270716,-0.2847728797488138,0.8740121914793935,1.103505507930028,-2.148161253001913,0.7823322163919859,0.1061912809802607,1.567790435870031,0.3035007608096426,0.1089808958976778,,,-1.7295791165940655,0.9152961447022672,-1.0849525403423683,-0.5057649268079365,1.3869413379422015,0.4808429395116522,0.070191869887548,0.9686898441393808,1.3758591740158628,-0.6577315389960315,-0.1516055000346333,2.194276508200142,0.056458558108558,0.0247951985922572,0.0457313526342937,0.0589951171377641,-0.0288345654345655,0.0656342990342989,-0.4804391719391719,-0.0316617658485305,0.1131938715910851,0.1175743867243866,-0.4615756576756578,0.1379069153069153,0.0138344389958164,0.1773457932590286,0.0342365358497711,0.0233857142857142,,,-0.1857346868817457,0.16896533386634,-0.1525007155984712,-0.0654676888299178,0.1357576923076922,0.0625158004362338,0.0051923964923962,0.118410705960706,0.1195451548451549,-0.0719281884781884,-0.0145554112554111,0.2192516594516593,7.0,9.0,7.0,7.0,6.0,7.0,2.0,6.0,7.0,5.0,1.0,4.0,6.0,7.0,10.0,5.0,,,4.0,9.0,5.0,5.0,7.0,7.0,8.0,7.0,6.0,8.0,7.0,4.0,6.0,8.0,8.0,8.0,5.0,6.0,6.0,7.0,8.0,4.0,6.0,5.0,8.0,6.0,5.0,1.0,,,6.0,10.0,10.0,10.0,7.0,9.0,6.0,5.0,4.0,4.0,3.0,3.0,6.0,8.0,7.0,7.0,4.0,6.0,1.0,5.0,7.0,4.0,1.0,4.0,6.0,6.0,5.0,1.0,,,3.0,9.0,5.0,5.0,7.0,7.0,6.0,5.0,4.0,4.0,3.0,3.0,0.0,0.0,0.0,0.0,0.0,0.0,0.0,0.0,0,0.0,0.0,0.0,0.0,0.0,0.0,0.0,,,0.0,0.0,0.0,0,0.0,0.0,0.0,0.0,0.0,0.0,0.0,0.0
137.5,1.124813010954551,-0.8701344767036724,1.0941026570623968,0.5039993372204272,-0.4225647004794085,0.4930123431487674,-1.3759205433435089,0.2694763464985108,0.5630881745315558,-0.0086988888878718,-2.086494713268755,0.949359255765422,-0.2926944987784815,1.2608381479057758,-0.151837733817851,-0.3015218143957751,,,-0.9803462620370464,0.5739559170979809,-0.4603473115060876,-0.361575430730244,0.3098350587181643,0.9338444706119884,-0.0515093408280416,1.1787164030079271,0.583585877994012,-1.3464249796335268,0.7137095797918979,1.05197564189115,0.0856450216450215,-0.0486620551017611,0.0772076888797476,0.0479195294901175,-0.0424676989676989,0.0444803578774166,-0.1695036791639734,0.0290915417915417,0.0778780202511626,-0.0009122655122655,-0.4425635475635475,0.1554464868464867,-0.0378776551879493,0.1209082845259316,-0.013477175765411,-0.0691206349206349,,,-0.1089352588587883,0.1055133175819706,-0.0674307162050197,-0.0461858515667338,0.0306509546009545,0.1221814579383464,-0.0037176323676325,0.1125973748473748,0.0498609862359863,-0.1375553113553114,0.0651155455655455,0.1092666666666667,7.0,9.0,7.0,8.0,7.0,6.0,3.0,6.0,7.0,6.0,1.0,6.0,5.0,7.0,10.0,7.0,,,5.0,8.0,6.0,5.0,6.0,8.0,8.0,6.0,5.0,6.0,6.0,5.0,6.0,7.0,7.0,8.0,5.0,7.0,7.0,6.0,8.0,4.0,6.0,6.0,8.0,5.0,5.0,1.0,,,8.0,10.0,10.0,9.0,7.0,9.0,6.0,4.0,5.0,4.0,4.0,3.0,6.0,7.0,7.0,7.0,4.0,6.0,3.0,5.0,7.0,4.0,1.0,6.0,5.0,5.0,5.0,1.0,,,5.0,8.0,6.0,5.0,6.0,8.0,6.0,4.0,4.0,3.0,4.0,3.0,0.0,0.0,0.0,0.0,0.0,0.0,0.0,0.0,0,0.0,0.0,0.0,0.0,0.0,0.0,0.0,,,0.0,0.0,0.0,0,0.0,0.0,0.0,0.0,0.0,0.0,0.0,0.0
138.5,-0.5194077718359595,-0.2644619954819767,-0.5462765632505922,1.30958245564951,-0.5095503518715432,-0.6063317311838223,-0.0539491713742447,0.6233938708778098,0.3339201005641407,0.91571299276288,-2.0576844545081965,0.3206438472067689,-1.4454043523886246,-1.2037606572615465,0.3680153785467241,-0.3207310637102225,,,-1.1877640601875616,0.9703915556275198,-0.123897739073606,-0.4382551416174237,0.4999706500749314,0.5822909248409592,-0.545192823332739,-0.6451112651373749,-0.079514099046818,-0.7571273098073305,0.7463397031998651,0.4155618586534063,-0.0349269619269619,-0.0176594155844156,-0.0406649517149518,0.1263607485651603,-0.0436402597402596,-0.0531956192328483,-0.0063131202131202,0.0675412004662003,0.0452269869277608,0.1259908258408257,-0.4247769397269397,0.0526881146631146,-0.1746613885512493,-0.1016851467160291,0.0397671524553878,-0.0818341269841269,,,-0.1597867793455255,0.1731908777754752,-0.0175042468367545,-0.0574811596899832,0.0554055167055167,0.0748892127480362,-0.0515982047364399,-0.0498468031968032,-0.0073380758130758,-0.0805736652236652,0.0671343323343324,0.038682794982795,8.0,9.0,7.0,8.0,8.0,6.0,4.0,6.0,6.0,6.0,1.0,5.0,4.0,6.0,9.0,8.0,,,5.0,10.0,6.0,5.0,6.0,9.0,8.0,6.0,6.0,4.0,6.0,6.0,4.0,7.0,7.0,8.0,3.0,9.0,6.0,6.0,8.0,5.0,6.0,7.0,8.0,6.0,5.0,1.0,,,9.0,9.0,9.0,9.0,7.0,7.0,7.0,5.0,5.0,3.0,4.0,4.0,4.0,7.0,6.0,8.0,3.0,6.0,4.0,5.0,6.0,5.0,1.0,5.0,4.0,4.0,5.0,1.0,,,5.0,9.0,6.0,5.0,6.0,7.0,6.0,4.0,4.0,2.0,4.0,4.0,0.0,0.0,0.0,0.0,0.0,0.0,0.0,0.0,0,0.0,0.0,0.0,0.0,0.0,0.0,0.0,,,0.0,0.0,0.0,0,0.0,0.0,0.0,0.0,0.0,0.0,0.0,0.0
139.5,0.334583676076106,-0.9551131086202316,0.5264493624807992,1.2373863956765871,-0.6518106598946345,0.7401868744693805,0.6143712536139168,1.568775798264484,0.0854719666600313,1.2036672887369124,-0.8780844009277147,0.6832266755498543,-0.0143898062834186,0.3443065269160638,-0.9967919146886628,,,,-0.059143766669121,0.7902606842743927,0.7739125841061657,0.2205253255541843,-0.1334107289627228,0.4106355669733704,0.4689234387954798,0.6617641467733404,0.745851090701427,-2.1980591353429446,1.851627362038283,0.6276999470417075,0.0219410256410258,-0.062726098901099,0.0343573593073591,0.1068193029193027,-0.0546459595959596,0.065805443000412,0.0727872793872792,0.1489988622488622,0.0118277535416079,0.1534052059052059,-0.1802097513597514,0.1215311327561327,-0.0017855295976815,0.032200577527048,-0.0945105667380437,0.0,,,-0.0081489346480834,0.1400382277938778,0.1036454898902267,0.0299609008638421,-0.0155777222777223,0.0475761927614868,0.0354374958374956,0.0457854367854367,0.0676343600843601,-0.2447312409812408,0.1605717837717837,0.0521943722943722,7.0,9.0,7.0,7.0,8.0,7.0,5.0,6.0,6.0,6.0,2.0,6.0,6.0,9.0,7.0,7.0,,,7.0,8.0,8.0,6.0,7.0,8.0,8.0,7.0,8.0,2.0,5.0,7.0,3.0,8.0,6.0,7.0,3.0,9.0,6.0,6.0,8.0,6.0,5.0,7.0,8.0,6.0,7.0,0.0,,,10.0,9.0,9.0,9.0,7.0,7.0,7.0,5.0,5.0,3.0,4.0,6.0,3.0,7.0,6.0,7.0,3.0,7.0,5.0,6.0,6.0,6.0,2.0,6.0,6.0,6.0,5.0,0.0,,,7.0,8.0,8.0,6.0,6.0,6.0,7.0,5.0,5.0,1.0,4.0,6.0,0.0,0.0,0.0,0.0,0.0,0.0,0.0,0.0,0,0.0,0.0,0.0,0.0,0.0,0.0,0.0,,,0.0,0.0,0.0,0,0.0,0.0,0.0,0.0,0.0,0.0,0.0,0.0
140.5,-0.4565420358525999,0.5156534808345654,-0.0734269104567747,-0.2912110292274901,-0.2608714693421474,-0.300024767220111,0.0165493700246262,1.343396844148786,-1.0505844930820143,1.5388766388426696,-0.4679039922995934,0.8694319417247132,-0.8553033345753116,0.6624989929795732,-0.8238352523621034,,,,-0.0035576770833002,0.6931513636661878,0.3244739746896838,1.384704615324976,0.4945625011929153,-0.5232883605671632,0.6972234342007592,0.878435863638146,-0.0966551260031476,-0.745281452474087,-0.1523319674206385,0.5642104003612086,-0.0260596681096681,0.035289577089577,-0.0053348151848152,-0.0204024864024865,-0.0257692474192475,-0.0297091389003153,0.0021356125900243,0.1219287606184663,-0.1385911880431231,0.2034771228771228,-0.0910534576534577,0.1433043456543455,-0.117491745243061,0.0678583232814655,-0.0732986596736597,0.0,,,-0.0004754372734249,0.1176642774236426,0.0418422672528708,0.1914787477228653,0.0536253742989036,-0.056015934065934,0.0577162504162503,0.0628464757464757,-0.0072847818847818,-0.0787452491952492,-0.0147715728715727,0.057283558108558,8.0,8.0,8.0,8.0,8.0,7.0,5.0,7.0,4.0,7.0,4.0,6.0,6.0,9.0,8.0,8.0,,,8.0,8.0,8.0,8.0,7.0,8.0,8.0,7.0,8.0,2.0,7.0,8.0,2.0,7.0,6.0,6.0,4.0,7.0,7.0,7.0,8.0,7.0,5.0,7.0,8.0,7.0,9.0,0.0,,,9.0,9.0,8.0,8.0,9.0,6.0,7.0,6.0,4.0,4.0,3.0,7.0,2.0,7.0,6.0,6.0,4.0,5.0,5.0,7.0,4.0,7.0,3.0,6.0,5.0,7.0,7.0,0.0,,,7.0,8.0,7.0,8.0,7.0,5.0,7.0,6.0,4.0,2.0,3.0,7.0,0.0,0.0,0.0,0.0,0.0,0.0,0.0,0.0,0,0.0,0.0,0.0,0.0,0.0,0.0,0.0,,,0.0,0.0,0.0,0,0.0,0.0,0.0,0.0,0.0,0.0,0.0,0.0
141.5,-0.6325780946429179,1.6560777882058866,-1.3150747976378805,-0.1159754512376607,-0.3045202756400739,0.4294603606463744,-0.1954598605167661,0.5209055487651643,-1.7459870287940662,1.491867033094959,-0.0874213967694384,0.1740294801668343,0.0740804298171711,0.6396680002223916,-0.5432991151563837,,,,1.1969312218450998,1.0851143458304655,0.4457824363087803,0.805114286539652,0.4651724190423316,0.2663849453380467,0.5702414833265068,-0.4294435947887977,-0.6870240352525177,-3.832360821268879,-0.3106326423384042,0.5719162246591244,-0.0214308802308802,0.1086123662285426,-0.1100859140859141,-0.0120338744588746,-0.0239184260184259,0.0345507820610759,-0.0257771085124027,0.0511977297212591,-0.2126137470372765,0.1978974802974802,-0.0168619047619048,0.0279226474505887,0.0103913993557182,0.0703669263570965,-0.0566615729516591,0.0,,,0.1655205786903154,0.1540993041272452,0.0537145452586628,0.108732892107892,0.0529305963644198,0.0283661949161947,0.0409056610056608,-0.0323026409864647,-0.0540279442779443,-0.417850283050283,-0.0366606060606059,0.0592806360306359,8.0,8.0,8.0,6.0,8.0,7.0,5.0,6.0,3.0,7.0,5.0,5.0,8.0,10.0,7.0,7.0,,,10.0,8.0,9.0,8.0,7.0,8.0,5.0,7.0,9.0,2.0,8.0,8.0,1.0,8.0,6.0,8.0,5.0,7.0,8.0,7.0,7.0,8.0,4.0,8.0,9.0,9.0,10.0,0.0,,,10.0,7.0,7.0,7.0,9.0,6.0,6.0,7.0,5.0,4.0,3.0,7.0,1.0,8.0,5.0,6.0,5.0,6.0,5.0,6.0,3.0,7.0,3.0,5.0,7.0,9.0,7.0,0.0,,,10.0,7.0,7.0,7.0,7.0,6.0,5.0,6.0,5.0,1.0,3.0,7.0,0.0,0.0,0.0,0.0,0.0,0.0,0.0,0.0,0,0.0,0.0,0.0,0.0,0.0,0.0,0.0,,,0.0,0.0,0.0,0,0.0,0.0,0.0,0.0,0.0,0.0,0.0,0.0
142.5,-0.6678518086723816,1.478081058847812,-0.7192840639603916,0.3138110076311721,0.1946868101571264,0.6869170782327891,0.1644939280886469,-0.0043221000222974,-0.584672746459146,0.9198943912812072,0.6186295861696502,0.1767722396842514,0.0627141572819895,1.272421475257606,-0.5453229023143981,,,,0.4251556077010608,0.5020920585240755,0.7051542661907995,1.386998792722812,0.1988548935097555,-0.8811449324065502,-0.6058586180390487,-0.7704039894372182,-1.411850721660105,-2.546319979756864,-0.4763222772001777,1.419716542210946,-0.0226063492063492,0.0922711979197272,-0.0519380841380842,0.0289456654456653,0.0181181263181261,0.0513470940823881,0.0223028252792958,-0.0004638307770662,-0.0638826451326453,0.125345113220113,0.1074542568542568,0.028996681096681,0.0088610648209718,0.1490872023573261,-0.0587371923741892,0.0,,,0.0583223113401905,0.0646132767559238,0.0800013215542627,0.1823147969677381,0.0223114272981918,-0.1197171606171606,-0.048984681984682,-0.0755318292818293,-0.1080339993339993,-0.3062702741702741,-0.0490248196248195,0.1572878954378953,8.0,7.0,8.0,6.0,8.0,6.0,5.0,6.0,4.0,6.0,6.0,4.0,9.0,10.0,6.0,7.0,,,9.0,9.0,8.0,8.0,8.0,6.0,4.0,8.0,10.0,3.0,8.0,7.0,1.0,7.0,5.0,7.0,6.0,7.0,7.0,8.0,5.0,8.0,4.0,6.0,8.0,10.0,9.0,0.0,,,9.0,7.0,7.0,8.0,8.0,6.0,6.0,6.0,5.0,3.0,3.0,7.0,1.0,7.0,5.0,6.0,6.0,6.0,5.0,6.0,3.0,6.0,4.0,4.0,7.0,10.0,6.0,0.0,,,8.0,7.0,7.0,8.0,7.0,4.0,4.0,5.0,5.0,1.0,3.0,7.0,0.0,0.0,0.0,0.0,0.0,0.0,0.0,0.0,0,0.0,0.0,0.0,0.0,0.0,0.0,0.0,,,0.0,0.0,0.0,0,0.0,0.0,0.0,0.0,0.0,0.0,0.0,0.0
143.5,1.209984360162027,-0.1287846732169459,-0.6272123096210215,-1.076437340508204,0.3140410827244979,-0.494619400262236,0.152973422580617,0.2691394665899076,-1.0385503495273007,1.1814654960370845,0.1852143618262776,0.0458447137525731,0.3454472884897289,0.9646996793415537,0.0323110365184746,,,,1.15718522233162,1.1676520458384705,0.6210869993066364,1.2207043300976526,1.1466938024036466,0.0605374964096799,-1.1026181576171132,-0.1087611018889534,-1.8095341169829149,-2.0850860609960806,-0.7353076017701891,1.5591214653909962,0.066733694083694,-0.0094511797026505,-0.0480570374070373,-0.1106223217958511,0.0256473110223108,-0.0355632034632035,0.0206717560217559,0.0290988563723856,-0.1120893550893551,0.1684032134532135,0.0303701298701298,0.0075546120546119,0.045844643660433,0.1096032051110222,0.0034456363038405,0.0,,,0.1505226783965947,0.1812557550035103,0.0770891486910062,0.1390495000097941,0.1270588543809131,0.0081160328233856,-0.1017411865911867,-0.0083025641025641,-0.1253145217527571,-0.228353219003219,-0.0644382395382395,0.1673996336996337,6.0,7.0,8.0,5.0,8.0,6.0,5.0,6.0,5.0,5.0,7.0,4.0,10.0,10.0,7.0,6.0,,,9.0,8.0,9.0,7.0,7.0,6.0,5.0,6.0,8.0,4.0,8.0,8.0,2.0,7.0,5.0,8.0,7.0,6.0,6.0,8.0,5.0,6.0,4.0,5.0,8.0,9.0,9.0,0.0,,,9.0,8.0,8.0,8.0,8.0,8.0,6.0,6.0,6.0,4.0,2.0,8.0,2.0,6.0,5.0,5.0,7.0,5.0,4.0,6.0,3.0,5.0,4.0,3.0,8.0,9.0,7.0,0.0,,,9.0,8.0,8.0,7.0,7.0,6.0,4.0,5.0,5.0,2.0,2.0,8.0,0.0,0.0,0.0,0.0,0.0,0.0,0.0,0.0,0,0.0,0.0,0.0,0.0,0.0,0.0,0.0,,,0.0,0.0,0.0,0,0.0,0.0,0.0,0.0,0.0,0.0,0.0,0.0
144.5,1.3517435518406795,0.2431631098310133,-0.4907400147070128,-0.7014822832637709,0.6198008599537884,-0.8152585154107382,0.4777245185446813,0.4776493123972072,0.4130821770855854,1.160775269492342,0.1434282372999799,-0.0605706048173158,-0.0660199573946107,1.3656785704896215,0.388072823094489,,,,1.023483041515321,0.454693433781883,1.1245123994002233,1.4753052794357426,0.117537304931285,-0.0690128736162586,-0.9325847826742928,0.0600694454282333,-1.7487762907328228,-1.035518598154328,-1.2883860617192031,1.3610241205956854,0.084562198912199,0.0186441225441225,-0.0403811410811411,-0.0665204101454102,0.0567128288378288,-0.0651611584493938,0.0599651182151184,0.0533441336441335,0.034718537018537,0.177086346986347,0.0247772727272727,-0.0104218614718615,-0.0075479842053373,0.1384830096116472,0.0420639170165618,0.0,,,0.1412081646509665,0.0783086368653706,0.1301981492363846,0.1639930458430458,0.0123642357642357,-0.0095334027341766,-0.1031383394383395,0.0049655178155176,-0.1263788926759516,-0.1229599567099566,-0.1066911255411255,0.1393011488511488,6.0,5.0,8.0,5.0,6.0,5.0,5.0,6.0,5.0,5.0,7.0,4.0,10.0,9.0,8.0,5.0,,,9.0,7.0,7.0,7.0,5.0,6.0,5.0,6.0,8.0,5.0,9.0,7.0,3.0,5.0,4.0,7.0,7.0,7.0,5.0,6.0,5.0,5.0,4.0,3.0,7.0,9.0,10.0,0.0,,,9.0,9.0,6.0,6.0,7.0,9.0,5.0,6.0,6.0,3.0,2.0,7.0,3.0,4.0,4.0,5.0,6.0,5.0,4.0,5.0,4.0,4.0,4.0,2.0,7.0,9.0,8.0,0.0,,,9.0,7.0,6.0,6.0,5.0,6.0,3.0,5.0,5.0,2.0,2.0,7.0,0.0,0.0,0.0,0.0,0.0,0.0,0.0,0.0,0,0.0,0.0,0.0,0.0,0.0,0.0,0.0,,,0.0,0.0,0.0,0,0.0,0.0,0.0,0.0,0.0,0.0,0.0,0.0
145.5,1.332233283149331,-0.5565662086343769,0.0780919842097121,-1.855253063882402,0.0946937324174343,-1.4274883515542485,0.7532059336024338,-1.165513842928989,0.7606918214802648,1.8280252781375992,0.5827793746583056,-0.114210071620137,0.4025553862454393,1.5992767064769349,1.1381369247760615,,,,0.9926220425840104,0.670754375554337,1.3318819755692195,1.0483324885074377,0.7645015734389852,-0.5783877045418698,-1.1137695653518551,0.1420744047739266,-0.8899188463601908,0.0752080018098157,-0.4084905927269686,0.9380775652517448,0.091174913974914,-0.0508268842268841,0.0061068598068597,-0.2101221391353745,0.0077878538128537,-0.1269953907203906,0.0843929514929515,-0.1185306859806859,0.0630981712731713,0.3107793650793651,0.11004329004329,-0.016093722943723,0.0497720307985786,0.1544230663815027,0.1136422806381783,0.0,,,0.1341029314424823,0.1094930530254058,0.1484183770477887,0.1151967643467644,0.0750019647019646,-0.0772036974205704,-0.1032398323898323,0.0111238927738925,-0.0669762570762571,0.0097051948051947,-0.0446369963369963,0.0912398934398934,6.0,6.0,7.0,4.0,6.0,6.0,4.0,5.0,7.0,4.0,6.0,4.0,10.0,8.0,8.0,3.0,,,9.0,7.0,7.0,6.0,5.0,5.0,6.0,8.0,7.0,6.0,8.0,6.0,4.0,4.0,3.0,8.0,7.0,8.0,5.0,6.0,5.0,3.0,4.0,3.0,8.0,8.0,9.0,0.0,,,10.0,8.0,6.0,5.0,6.0,9.0,4.0,6.0,6.0,2.0,4.0,7.0,4.0,3.0,3.0,4.0,6.0,5.0,4.0,4.0,5.0,3.0,4.0,2.0,8.0,8.0,8.0,0.0,,,9.0,7.0,6.0,5.0,5.0,5.0,3.0,6.0,5.0,2.0,4.0,6.0,0.0,0.0,0.0,0.0,0.0,0.0,0.0,0.0,0,0.0,0.0,0.0,0.0,0.0,0.0,0.0,,,0.0,0.0,0.0,0,0.0,0.0,0.0,0.0,0.0,0.0,0.0,0.0
146.5,0.0873959742787997,0.1137148184449763,0.7451718655610817,-1.409181551549326,0.4522476300340387,-0.7580662592873829,1.6253427520521022,-1.1046209423318407,0.4184299745348352,-2.393220332438177,0.3283312985186726,0.7490555389783499,0.3765688404311667,1.6142255982062534,1.1602748967460623,,,,0.5948087238763407,-0.1120940679371476,1.0761276825969894,1.273122794327658,0.2434464551694235,-0.633042902959887,-0.2956576431495312,0.4986288151319342,-0.7671003683151264,-0.1396613518270061,1.162164196482645,0.447284631400189,0.0059263736263736,0.0067477633477632,0.0587882395382395,-0.1572566156066158,0.0429317266067266,-0.0704191788603555,0.1888458097458096,-0.1110275224775225,0.0431538778215246,-0.3266075036075036,0.0635898212898212,0.1024328282828282,0.0444620097223037,0.1655703779880251,0.1059924870193446,0.0,,,0.0816397250839974,-0.0183026989436432,0.1202039821289819,0.12874869019869,0.0218304806304806,-0.0803802222287517,-0.0291295759795759,0.043539105992047,-0.0599415016356192,-0.0178722222222222,0.1042571317571317,0.0459347430347432,5.0,7.0,6.0,6.0,6.0,6.0,5.0,5.0,8.0,2.0,7.0,5.0,9.0,7.0,8.0,2.0,,,8.0,6.0,8.0,6.0,4.0,6.0,8.0,8.0,7.0,6.0,6.0,7.0,5.0,2.0,2.0,6.0,7.0,7.0,5.0,6.0,6.0,4.0,5.0,3.0,7.0,6.0,7.0,0.0,,,9.0,9.0,6.0,5.0,4.0,8.0,3.0,7.0,6.0,1.0,5.0,5.0,4.0,2.0,2.0,4.0,6.0,5.0,5.0,4.0,6.0,1.0,5.0,3.0,7.0,6.0,7.0,0.0,,,8.0,6.0,6.0,5.0,3.0,5.0,3.0,7.0,5.0,1.0,5.0,5.0,0.0,0.0,0.0,0.0,0.0,0.0,0.0,0.0,0,0.0,0.0,0.0,0.0,0.0,0.0,0.0,,,0.0,0.0,0.0,0,0.0,0.0,0.0,0.0,0.0,0.0,0.0,0.0
147.5,0.5121671677809729,-0.023524219892825,0.0087413557699573,-1.5220435944358932,-1.1155903636099107,-0.7985446292652318,1.6330957548079892,-1.2772678075555393,0.6868566792224983,-4.06331045228978,0.720753529971478,0.662370220454887,0.8139789109885852,1.1110390114881266,0.7640231635223618,,,,0.4833600049869788,0.2843533512509376,0.637871072725837,0.4703868313116314,-0.1477017397952277,0.4386458435952992,-0.9044315164498156,0.3159767360253203,-2.3558111569381643,-0.2715681261713979,1.101990038282085,0.4980289790922587,0.0305981018981017,-0.0008986291486291,0.0006345598845597,-0.1853230325230325,-0.0865123376623376,-0.073708417073123,0.20044107004107,-0.1228610833610834,0.0782264263514262,-0.6557095238095237,0.1408914751914751,0.0992452380952382,0.1026995227424791,0.1191696400005224,0.0804422743149523,0.0,,,0.0673965054982856,0.0436781548946408,0.0692789933922285,0.0455423243423243,-0.0115104839604839,0.0500203105717811,-0.0770915584415584,0.0352056894086305,-0.2013678870149459,-0.0390126984126983,0.0983543345543344,0.0523826340326342,5.0,7.0,7.0,7.0,5.0,7.0,5.0,5.0,8.0,2.0,6.0,5.0,9.0,6.0,9.0,1.0,,,8.0,6.0,8.0,5.0,5.0,7.0,9.0,7.0,7.0,7.0,6.0,7.0,6.0,1.0,2.0,5.0,7.0,7.0,5.0,6.0,7.0,3.0,5.0,3.0,8.0,6.0,7.0,0.0,,,10.0,8.0,6.0,5.0,5.0,8.0,2.0,7.0,6.0,1.0,5.0,5.0,5.0,1.0,2.0,3.0,5.0,5.0,5.0,4.0,7.0,0.0,5.0,3.0,8.0,5.0,7.0,0.0,,,8.0,6.0,6.0,4.0,4.0,6.0,2.0,6.0,4.0,1.0,5.0,5.0,0.0,0.0,0.0,0.0,0.0,0.0,0.0,0.0,0,0.0,0.0,0.0,0.0,0.0,0.0,0.0,,,0.0,0.0,0.0,0,0.0,0.0,0.0,0.0,0.0,0.0,0.0,0.0
148.5,0.7984419502169403,-0.5910069524307523,-0.5314346052216277,-1.383204406538025,-0.4442119250369353,0.1245665065629247,-0.0748160686322978,-1.3136659551470402,1.105616865035157,-2.9884443806853147,1.1877424430825776,0.2151091110469722,0.8970360648231381,0.6822243445329739,0.6636458612389438,,,,0.5876892356458205,-1.1571703117969974,0.2531612311323087,0.1388399710428021,0.598708031155502,0.0524824118056134,-0.7397464868200129,1.0532278972234157,-1.2746832910686376,,1.628054364680556,0.7607903223665224,0.0459336829836828,-0.0261484848484848,-0.0432949494949495,-0.1432078754578755,-0.0419592814048697,0.0134574092574092,-0.0094798598460364,-0.1296285436785437,0.1444242493144969,-0.4647503663003663,0.2299816017316016,0.0322091020091021,0.1042815896521779,0.0609816844919786,0.0568446009872478,0.0,,,0.081456486822431,-0.1735098382353801,0.0321816156066155,0.0151324675324675,0.0598546453546452,0.0057769885343414,-0.0520036075036075,0.1173833888333888,-0.1173477419639185,0.0,0.1516234432234431,0.0769379120879122,7.0,8.0,8.0,7.0,6.0,9.0,5.0,5.0,8.0,2.0,5.0,6.0,8.0,6.0,9.0,0.0,,,9.0,4.0,8.0,6.0,5.0,6.0,8.0,7.0,9.0,7.0,6.0,7.0,6.0,1.0,2.0,4.0,8.0,5.0,7.0,6.0,8.0,5.0,5.0,4.0,7.0,6.0,7.0,0.0,,,9.0,8.0,5.0,3.0,6.0,7.0,2.0,5.0,6.0,0.0,6.0,5.0,6.0,1.0,2.0,3.0,6.0,5.0,5.0,4.0,8.0,1.0,5.0,4.0,7.0,5.0,7.0,0.0,,,8.0,4.0,5.0,3.0,5.0,5.0,2.0,5.0,5.0,0.0,6.0,5.0,0.0,0.0,0.0,0.0,0.0,0.0,0.0,0.0,0,0.0,0.0,0.0,0.0,0.0,0.0,0.0,,,0.0,0.0,0.0,0,0.0,0.0,0.0,0.0,0.0,0.0,0.0,0.0
149.5,0.8580230804916531,-0.6511513157601706,-0.8102561647427251,-1.0053553472094512,0.2273371625627762,-0.3875718942182469,-0.4271213411879626,-0.8702358507407802,1.222091580305086,-2.5406895915680536,0.3643383134506193,0.4681367129740783,1.5422417140249318,0.1199029646458191,1.0232988225787685,,,,0.2362656414802511,-1.1874776215414158,-0.6440624398751817,1.140721204380972,1.205226737738631,-0.1163249990568054,0.1013124567364974,1.658871559476325,-0.5394388849891582,,0.5622048356705358,0.4182097168039501,0.051034249084249,-0.0398170995670995,-0.0539016594516594,-0.1081520923520923,0.0226900349650348,-0.0381949716949717,-0.0570711233211234,-0.0944079778065072,0.1449534681005267,-0.3398698912198912,0.0724380896880896,0.0762258019758019,0.2028515081323905,0.0104678091516327,0.0821554390569869,0.0,,,0.0312806417610596,-0.1903833709204452,-0.0777756839565664,0.091043523143523,0.1435088522588521,-0.0120766927516926,0.0082041125541125,0.1638004384504384,-0.037109488550665,0.0,0.0536389443889443,0.035923421023421,7.0,8.0,8.0,7.0,7.0,8.0,5.0,5.0,7.0,2.0,4.0,6.0,7.0,7.0,8.0,0.0,,,9.0,5.0,11.0,6.0,7.0,7.0,7.0,7.0,9.0,7.0,6.0,6.0,6.0,2.0,2.0,3.0,7.0,4.0,6.0,8.0,7.0,6.0,6.0,5.0,7.0,6.0,6.0,0.0,,,8.0,8.0,7.0,5.0,7.0,6.0,3.0,6.0,6.0,0.0,7.0,4.0,6.0,2.0,2.0,2.0,6.0,4.0,4.0,5.0,7.0,2.0,4.0,5.0,7.0,5.0,6.0,0.0,,,7.0,4.0,7.0,5.0,7.0,5.0,3.0,6.0,6.0,0.0,6.0,4.0,0.0,0.0,0.0,0.0,0.0,0.0,0.0,0.0,0,0.0,0.0,0.0,0.0,0.0,0.0,0.0,,,0.0,0.0,0.0,0,0.0,0.0,0.0,0.0,0.0,0.0,0.0,0.0
150.5,-0.1987588279879672,0.0888318371330042,-0.6749005603672005,-0.6777355343804381,0.1644542910811773,-0.6042088239566124,0.8432621531400489,-0.6476579653299408,0.8274156213742283,-1.79345842171713,0.1822519549685636,0.9600734805677432,1.55924173996881,0.9138825413307567,-0.6699102802287114,,,,-0.0241047400647749,-0.987851024014808,0.326418503461924,0.4712076314086488,0.4805858349321099,1.0781923586749411,0.8858048317410049,1.7468741628412718,-0.4937587207581809,,-0.8776202520892851,0.2511922122187328,-0.0122110889110891,0.0060122155622155,-0.0524301753801754,-0.0425904761904761,0.015981374181374,-0.0539745920745921,0.1056221167721167,-0.0663191507838567,0.0994357426886838,-0.2255760572760574,0.035485830835831,0.1547384726384726,0.2023598928848928,0.0833341961959608,-0.0552329499447921,0.0,,,-0.0030684426684427,-0.1601858948499042,0.0460559224916808,0.0450596792096793,0.0550189504939504,0.0946080974580974,0.0708843434343434,0.145288073038073,-0.0357044504515093,0.0,-0.0828865773115774,0.0249006493506493,8.0,7.0,8.0,8.0,8.0,6.0,6.0,4.0,6.0,4.0,5.0,6.0,6.0,8.0,6.0,0.0,,,9.0,4.0,11.0,6.0,8.0,6.0,6.0,6.0,9.0,5.0,6.0,6.0,6.0,3.0,4.0,1.0,6.0,5.0,5.0,7.0,7.0,7.0,5.0,6.0,5.0,6.0,7.0,0.0,,,8.0,8.0,9.0,4.0,7.0,5.0,3.0,5.0,6.0,0.0,7.0,3.0,6.0,3.0,4.0,1.0,6.0,4.0,5.0,4.0,6.0,3.0,4.0,6.0,5.0,6.0,5.0,0.0,,,7.0,4.0,9.0,4.0,7.0,5.0,3.0,5.0,6.0,0.0,5.0,3.0,0.0,0.0,0.0,0.0,0.0,0.0,0.0,0.0,0,0.0,0.0,0.0,0.0,0.0,0.0,0.0,,,0.0,0.0,0.0,0,0.0,0.0,0.0,0.0,0.0,0.0,0.0,0.0
151.5,-0.2923234507624423,-2.978671688750933,-0.7833930755719184,-0.649090930610881,-0.2764516793841375,-0.7910480269558372,-0.2733634433264839,-0.7355431668663167,-0.0532171841417791,0.2003292338804608,-0.4950763352421489,0.4558005435421097,1.872450867351262,0.8078804549636288,-1.2576668811315683,,,,0.3493109703272801,-1.0280697464533943,0.8157294903137342,-0.3094091417509015,1.149884533740935,0.6945288083646161,2.149146240827312,0.8230954331371092,-0.2868761280569476,,-1.268823228730908,1.2712430138013453,-0.0213288544788544,-0.1972756021756022,-0.0539069652569653,-0.0601243867243866,-0.0256221223221223,-0.0675719613719613,-0.033125702075702,-0.0786673215673215,-0.0059782441414795,0.0263994283494283,-0.095022494172494,0.0801266511266511,0.2982362026862026,0.0754469632276906,-0.1202780486884977,0.0,,,0.04164724997225,-0.1703660175222096,0.11517020136726,-0.0303668609168608,0.1280660698778346,0.0739665612165613,0.1713898601398602,0.0686345931845932,-0.0238861618773384,0.0,-0.1298211954711954,0.1539740259740261,6.0,5.0,8.0,8.0,7.0,6.0,4.0,5.0,7.0,5.0,4.0,7.0,5.0,9.0,8.0,0.0,,,9.0,4.0,10.0,7.0,8.0,6.0,5.0,7.0,9.0,4.0,7.0,5.0,6.0,5.0,5.0,3.0,6.0,5.0,6.0,6.0,7.0,7.0,5.0,6.0,4.0,8.0,8.0,0.0,,,6.0,8.0,9.0,4.0,9.0,4.0,4.0,5.0,6.0,0.0,5.0,3.0,5.0,3.0,5.0,3.0,5.0,4.0,4.0,4.0,6.0,5.0,3.0,6.0,4.0,8.0,6.0,0.0,,,6.0,4.0,9.0,4.0,8.0,4.0,4.0,5.0,6.0,0.0,4.0,3.0,0.0,0.0,0.0,0.0,0.0,0.0,0.0,0.0,0,0.0,0.0,0.0,0.0,0.0,0.0,0.0,,,0.0,0.0,0.0,0,0.0,0.0,0.0,0.0,0.0,0.0,0.0,0.0
152.5,-0.4455964758534714,-3.393255109590964,1.013160853086681,0.5527034432728861,0.2809642488616565,-0.1482021475501847,-0.2730124208333485,0.1207313052925161,-0.5880626301364684,0.970241648774254,0.7266182965766624,0.5397791474263272,2.9412327264494973,0.6568650898565981,-0.7444080277954352,,,,-0.0882252703033992,-1.759597580662697,1.4793260238603003,1.3447160053107168,1.63850451240856,0.0046354188050236,-0.067157658276359,1.8437860071246792,0.8110873085793987,-2.019762795359565,-1.1333779415374632,0.4513868484398898,-0.0341605727605728,-0.2214771062271064,0.0827496836496836,0.0531155788655788,0.0264335442335442,-0.0121573926073925,-0.0322073648573647,0.0124361920758977,-0.0690764211278917,0.1229040182040182,0.1337255577755576,0.0931754134754135,0.3939634365634366,0.0719389351704365,-0.0793891200131138,0.0,,,-0.0072907523848699,-0.3229273011388337,0.2077662235683133,0.1287402819402819,0.1869713986993398,0.0004622821622822,-0.0053407481407482,0.1422914030414029,0.0614824637780518,-0.3081865079365079,-0.1190264346764347,0.0518769119769119,7.0,6.0,7.0,7.0,7.0,6.0,4.0,5.0,6.0,6.0,4.0,7.0,3.0,10.0,6.0,0.0,,,9.0,3.0,10.0,5.0,8.0,7.0,5.0,6.0,8.0,2.0,7.0,6.0,6.0,6.0,6.0,5.0,4.0,6.0,6.0,7.0,7.0,7.0,5.0,6.0,2.0,9.0,9.0,0.0,,,6.0,9.0,10.0,4.0,8.0,4.0,5.0,6.0,7.0,1.0,5.0,2.0,5.0,4.0,6.0,5.0,4.0,5.0,4.0,5.0,5.0,6.0,4.0,6.0,2.0,9.0,6.0,0.0,,,6.0,3.0,10.0,4.0,8.0,4.0,4.0,6.0,7.0,0.0,4.0,2.0,0.0,0.0,0.0,0.0,0.0,0.0,0.0,0.0,0,0.0,0.0,0.0,0.0,0.0,0.0,0.0,,,0.0,0.0,0.0,0,0.0,0.0,0.0,0.0,0.0,0.0,0.0,0.0
153.5,-2.104578574062027,-1.836942514592871,0.4448901857732839,0.290442295013766,-0.7391678034526766,-0.6075731454041915,-1.982927721851614,-0.4595089993768583,0.1797310949524031,1.1272086504150256,0.8001697489820676,0.1116503635434426,0.6975315452916689,1.035917512278513,-1.0011499451857797,,,,-0.0178845507041876,-0.5850114306413976,1.4725981900859535,-0.3165466675385318,0.673833362673703,0.0896080356111987,-0.9847220178232192,-0.0674172911710252,-1.1273274489444889,1.2668039111287297,-1.4478040222383186,0.178850331143472,-0.1394272727272729,-0.0968226278623337,0.0286126207126206,0.027707597957598,-0.0610554223554223,-0.048046157437334,-0.242576939073998,-0.0478734543234543,0.0224785311351872,0.144101232101232,0.1444743367743367,0.0197807636807636,0.0787703685203685,0.1237963487922464,-0.1069975033783016,0.0,,,-0.0014723942723943,-0.1089969488715618,0.2062405521121464,-0.0310884337884337,0.0731471303206596,0.007984570984571,-0.0764934065934066,-0.0063724133709429,-0.09647473229385,0.1908944444444444,-0.1525445332445333,0.0172609668109667,7.0,5.0,7.0,7.0,6.0,6.0,3.0,4.0,6.0,6.0,4.0,6.0,2.0,10.0,6.0,1.0,,,9.0,5.0,10.0,4.0,7.0,7.0,6.0,7.0,9.0,3.0,8.0,6.0,5.0,7.0,6.0,4.0,5.0,8.0,7.0,6.0,8.0,6.0,5.0,6.0,2.0,9.0,10.0,0.0,,,6.0,9.0,10.0,6.0,8.0,4.0,5.0,7.0,7.0,1.0,5.0,2.0,4.0,5.0,6.0,4.0,4.0,6.0,3.0,4.0,6.0,6.0,4.0,5.0,1.0,9.0,6.0,0.0,,,6.0,5.0,10.0,4.0,7.0,4.0,4.0,6.0,6.0,1.0,4.0,2.0,0.0,0.0,0.0,0.0,0.0,0.0,0.0,0.0,0,0.0,0.0,0.0,0.0,0.0,0.0,0.0,,,0.0,0.0,0.0,0,0.0,0.0,0.0,0.0,0.0,0.0,0.0,0.0
154.5,-1.9261729104975496,-1.20076524864538,0.4316292378759616,-0.4080077333766076,-0.1711930415886853,-0.7159714858526757,-2.9650681094704416,-2.820021936434459,0.6499385744416508,0.8029511313001968,0.7896904910078861,0.7133289107537513,-3.250261674414844,1.1814691020551995,-1.3909072734012045,,,,0.7728370316122186,-1.21026724282105,1.4238323644553477,0.7050362289899258,1.0728528225374654,0.4300310626974505,-0.1231289133863626,0.9884160323894804,-1.1288867272603385,-0.9396831748048252,-1.2563676269139168,-0.5029627686994514,-0.1121672161172161,-0.0758749613131967,0.0317282825018119,-0.0360631701631702,-0.0128318736818736,-0.0628924949061946,-0.3919678677531618,-0.2771711398079046,0.0760586629057217,0.1043501443001443,0.1464407814407814,0.1313980352980354,-0.4184604728604728,0.1406280111271596,-0.1398512669477066,0.0,,,0.070646764999706,-0.2230618624495561,0.1932496590183122,0.0720705183705182,0.1087508026287438,0.0445063103563103,-0.0083234432234433,0.0816962592962593,-0.0848189526160115,-0.1168094516594516,-0.1460290820290819,-0.0367206349206348,7.0,5.0,6.0,8.0,5.0,6.0,2.0,3.0,6.0,6.0,4.0,6.0,1.0,9.0,8.0,3.0,,,8.0,4.0,10.0,4.0,7.0,7.0,8.0,7.0,10.0,3.0,8.0,7.0,6.0,7.0,7.0,5.0,5.0,9.0,7.0,7.0,7.0,5.0,5.0,7.0,2.0,8.0,9.0,0.0,,,6.0,10.0,10.0,5.0,8.0,5.0,6.0,6.0,6.0,2.0,4.0,1.0,5.0,5.0,6.0,5.0,4.0,6.0,2.0,3.0,6.0,5.0,4.0,6.0,0.0,8.0,6.0,0.0,,,6.0,4.0,10.0,4.0,7.0,5.0,6.0,6.0,6.0,1.0,3.0,1.0,0.0,0.0,0.0,0.0,0.0,0.0,0.0,0.0,0,0.0,0.0,0.0,0.0,0.0,0.0,0.0,,,0.0,0.0,0.0,0,0.0,0.0,0.0,0.0,0.0,0.0,0.0,0.0
155.5,-0.7890411981968125,-2.060082102309722,0.4876388805804553,0.1210954616320973,-0.9276433841697688,0.5004836949040128,-2.825752810557957,-2.556738090296562,-0.5388617305926015,0.8156093797464056,0.2595581529821773,1.0998479811889084,-2.170576677800497,1.355912953470667,-0.2819248676810985,,,,0.1841020940474186,-0.255151041697436,0.972591390149324,-0.3537180528401643,0.1848527124678085,-0.2165964547360886,-0.1365337195181345,-0.2202950073985688,-0.9324231942654508,-1.604438082092578,-0.7318938338692473,-0.5310666405814956,-0.0469102397602398,-0.1387863840407959,0.0324333832833831,0.0109109335109335,-0.0713907314907313,0.0421694893341951,-0.3670241289755996,-0.2683788595391537,-0.0778248713360942,0.1055115995115996,0.045811038961039,0.1973892357642357,-0.3017296814296814,0.1558334186195642,-0.026697797034407,0.0,,,0.0160037268287269,-0.0468458102526988,0.1365252694158266,-0.0396859251859251,0.0186524475524474,-0.023609718059718,-0.0096616383616385,-0.0200184759684759,-0.0723768378680144,-0.1820150072150073,-0.0691446608946608,-0.0387063492063491,6.0,5.0,7.0,7.0,4.0,7.0,2.0,3.0,5.0,7.0,4.0,7.0,2.0,8.0,10.0,4.0,,,8.0,6.0,9.0,4.0,7.0,8.0,8.0,9.0,10.0,4.0,8.0,7.0,6.0,8.0,6.0,6.0,6.0,8.0,7.0,7.0,8.0,6.0,4.0,7.0,4.0,7.0,9.0,0.0,,,5.0,10.0,10.0,6.0,7.0,5.0,6.0,6.0,6.0,2.0,3.0,1.0,5.0,5.0,6.0,5.0,4.0,7.0,2.0,3.0,5.0,6.0,3.0,7.0,1.0,7.0,8.0,0.0,,,5.0,6.0,9.0,4.0,6.0,5.0,6.0,6.0,6.0,1.0,3.0,1.0,0.0,0.0,0.0,0.0,0.0,0.0,0.0,0.0,0,0.0,0.0,0.0,0.0,0.0,0.0,0.0,,,0.0,0.0,0.0,0,0.0,0.0,0.0,0.0,0.0,0.0,0.0,0.0
156.5,0.0659911576480343,1.4681645526192992,0.6790217672097111,-0.499158990595797,-0.630666700516676,0.9542171318655204,-2.0334517964277103,-4.252405770129028,-0.135464973490796,0.2657990431948428,0.1107384945434096,0.7563495512095498,-1.5324843087481228,1.5660213060792496,-0.6972113499050079,,,,1.3285994207613645,0.1130225884097307,0.5855083528992987,-1.1277714067317477,-0.2503730929962524,0.4462571955346917,-0.0460331448331772,-1.1536265093156115,0.6625510685836689,-1.2384825940339137,-0.6608747910680605,-0.0670337015944653,0.0034488633915104,0.089434557109557,0.0512963702963702,-0.0444827228327228,-0.0586103729603729,0.0858810624789726,-0.266023321123321,-0.4590015701618644,-0.0185089994800521,0.0342871017871018,0.0195766233766233,0.1279266428016428,-0.1602289876789877,0.1689876048787815,-0.0671445317925968,0.0,,,0.1591706959706961,0.0210839356292141,0.0802331144088109,-0.1363892107892108,-0.0239453213453213,0.0534013594248887,-0.0035362803862805,-0.0992402239916946,0.0555657494466317,-0.1375339826839826,-0.0639180375180374,-0.0049515873015872,8.0,7.0,7.0,6.0,5.0,8.0,3.0,2.0,5.0,6.0,4.0,6.0,2.0,7.0,10.0,6.0,,,7.0,7.0,9.0,4.0,6.0,8.0,8.0,9.0,8.0,5.0,8.0,6.0,7.0,7.0,6.0,5.0,7.0,9.0,5.0,8.0,8.0,6.0,4.0,7.0,5.0,6.0,8.0,0.0,,,5.0,10.0,9.0,7.0,6.0,7.0,6.0,7.0,6.0,3.0,3.0,1.0,7.0,7.0,6.0,4.0,5.0,8.0,2.0,2.0,5.0,5.0,3.0,6.0,2.0,6.0,7.0,0.0,,,5.0,7.0,8.0,4.0,5.0,7.0,6.0,6.0,6.0,2.0,3.0,1.0,0.0,0.0,0.0,0.0,0.0,0.0,0.0,0.0,0,0.0,0.0,0.0,0.0,0.0,0.0,0.0,,,0.0,0.0,0.0,0,0.0,0.0,0.0,0.0,0.0,0.0,0.0,0.0
157.5,0.2627797118113412,0.4591145412597445,1.3338010987366973,1.7344376601167308,-1.6850268615000634,0.6862573177365365,-2.060839901464477,-4.295929805495536,-1.5720946443948167,0.7858313947164973,0.5771776401433113,0.3996447316865845,-0.9918136214734566,2.5768710354271627,-0.3628695245189438,,,,1.4629726583047933,0.8104154711860538,0.3033099334931743,-0.6278781211529764,-0.6273489542868507,0.5633374868985228,0.8834448343628352,-0.6767414002887133,-0.1173042599077743,0.0998735017732798,-2.0006452117165265,0.8392117912664905,0.0152281566472741,0.0390955877455877,0.0942171162171161,0.1592404262404263,-0.1646294367397308,0.0603013879910938,-0.2524319957819957,-0.4312736138044962,-0.1921114738202973,0.1069608946608946,0.1083902597402598,0.0626250166500166,-0.1113284697328814,0.2618328782328782,-0.0340176551089091,0.0,,,0.1477810134310136,0.1486288587573415,0.0438230615102132,-0.0684775557775557,-0.0673888999888999,0.0711418161903455,0.0713371794871794,-0.0502777444777445,-0.0108866688866688,0.0147270618270618,-0.1776411255411255,0.0822153679653679,8.0,6.0,7.0,5.0,6.0,7.0,3.0,2.0,3.0,6.0,5.0,5.0,4.0,5.0,11.0,6.0,,,6.0,9.0,7.0,6.0,7.0,8.0,7.0,9.0,8.0,7.0,6.0,5.0,7.0,6.0,7.0,4.0,8.0,8.0,5.0,7.0,7.0,5.0,3.0,7.0,7.0,4.0,7.0,0.0,,,4.0,10.0,9.0,7.0,6.0,7.0,6.0,6.0,4.0,4.0,3.0,2.0,7.0,5.0,7.0,4.0,5.0,7.0,2.0,2.0,3.0,5.0,3.0,5.0,4.0,4.0,7.0,0.0,,,4.0,9.0,7.0,5.0,5.0,7.0,6.0,6.0,4.0,4.0,2.0,2.0,0.0,0.0,0.0,0.0,0.0,0.0,0.0,0.0,0,0.0,0.0,0.0,0.0,0.0,0.0,0.0,,,0.0,0.0,0.0,0,0.0,0.0,0.0,0.0,0.0,0.0,0.0,0.0
158.5,0.7085668775622848,0.7951170290211719,-0.1699161324590465,0.3798308320090999,-0.4749841413964642,1.227310801112563,-0.0765173936976481,-4.410806344950758,-2.008796231931294,1.1831351073697616,-0.1108957762213782,0.1689839672349932,-0.4755129914944063,2.0422666493144823,0.6620122596543645,,,,0.2125224354178706,0.9641897263332444,-0.8309569925444253,-0.2711613578263298,-0.3362532609751731,0.6394353621224198,1.927945510166695,0.5946255068053022,0.5664466286584143,-0.1800697308633571,-1.1501597499669622,0.1321174750732103,0.0549532134532133,0.0549100066600065,-0.0119707042957044,0.0306374181374181,-0.0445296296840415,0.1055032338576454,-0.0084983238983238,-0.44630469693705,-0.2386001085515793,0.195264935064935,-0.0224417748917749,0.0262558518279106,-0.0581268140356375,0.1867613430686959,0.0639921638560956,0.0,,,0.0209430069930071,0.1638745286189558,-0.1260325244157287,-0.02807890997891,-0.0422841658341659,0.0880435179199884,0.160017549117549,0.0444261233864173,0.0511096958596959,-0.0228845987345988,-0.1140275613275612,0.013672655122655,8.0,7.0,7.0,5.0,6.0,8.0,4.0,3.0,3.0,5.0,5.0,5.0,6.0,4.0,10.0,6.0,,,5.0,10.0,5.0,6.0,7.0,7.0,6.0,8.0,7.0,8.0,5.0,6.0,6.0,6.0,7.0,6.0,8.0,8.0,4.0,7.0,7.0,4.0,3.0,8.0,7.0,5.0,7.0,0.0,,,4.0,9.0,9.0,6.0,5.0,8.0,6.0,7.0,4.0,5.0,3.0,2.0,6.0,6.0,6.0,5.0,6.0,8.0,3.0,2.0,3.0,4.0,2.0,5.0,5.0,4.0,7.0,0.0,,,3.0,9.0,5.0,5.0,4.0,7.0,6.0,7.0,4.0,5.0,2.0,2.0,0.0,0.0,0.0,0.0,0.0,0.0,0.0,0.0,0,0.0,0.0,0.0,0.0,0.0,0.0,0.0,,,0.0,0.0,0.0,0,0.0,0.0,0.0,0.0,0.0,0.0,0.0,0.0
159.5,0.8012914208077687,0.9661115759261808,1.656972793764052,1.434962822260753,0.6869789710156551,0.6918054202921232,-0.1106799091116085,-2.506399856366654,-2.2362471781964386,2.4579115223381085,0.0380957089363734,0.2354098756720373,0.273570442794141,0.4084972502431494,-0.4379960593390811,,,,0.0597751310679893,1.0748701136653471,-2.318848353792228,-0.1331733933491924,-0.5166625236171402,-0.0128131045981947,1.0490171179690986,0.5711965905800375,2.965593194725954,0.2834340769697063,-2.6115926522739663,1.1394917485037688,0.0498154179154178,0.0777387112887111,0.1128385114885113,0.1170509934509933,0.0640755881373528,0.0677882666353253,-0.0121634476634475,-0.2507774003774005,-0.2891057326832095,0.3107075036075036,0.0063857142857142,0.0376937312687313,0.0349760170428126,0.0366372325387032,-0.0412601441729925,0.0,,,0.0060879759129759,0.179253944842567,-0.3335208434582274,-0.0141056832056832,-0.0508721667221667,-0.0017635296334211,0.0889637695637693,0.045392241092241,0.2300759129759128,0.0395283494283495,-0.2281650405150405,0.1101083694083695,7.0,7.0,6.0,6.0,7.0,7.0,5.0,4.0,3.0,5.0,6.0,5.0,8.0,3.0,8.0,4.0,,,6.0,9.0,3.0,6.0,8.0,6.0,5.0,8.0,5.0,7.0,4.0,5.0,6.0,6.0,6.0,6.0,8.0,7.0,5.0,6.0,8.0,5.0,2.0,7.0,8.0,5.0,6.0,0.0,,,5.0,8.0,10.0,6.0,4.0,9.0,6.0,7.0,5.0,5.0,4.0,3.0,6.0,6.0,6.0,6.0,7.0,6.0,4.0,3.0,3.0,5.0,2.0,5.0,7.0,3.0,5.0,0.0,,,4.0,8.0,3.0,5.0,4.0,6.0,5.0,7.0,5.0,5.0,2.0,3.0,0.0,0.0,0.0,0.0,0.0,0.0,0.0,0.0,0,1.0,0.0,0.0,0.0,0.0,0.0,0.0,,,0.0,0.0,0.0,0,0.0,0.0,0.0,0.0,0.0,0.0,0.0,0.0
160.5,-0.4733818710756767,-0.6880057911537267,0.7270296813263021,-0.8170308209257016,0.459695634950881,0.8745922271970262,0.243194479248421,-1.967282993126628,-1.853020890517271,2.0813506143363285,0.3785598675477762,1.3164744630250784,0.4365234518892889,-1.942716962076613,-1.3623493308854455,,,,-0.274584352706587,0.917592657899466,-3.232066312945574,-0.5239164629928535,-0.8606054188586041,-0.5422308228555213,1.10160094673273,0.766031337293263,1.7278499357022403,1.0818135300870284,-2.482539570009368,1.1100617649757558,-0.0327650016650017,-0.0498969918969919,0.0559369297369296,-0.0795445748695747,0.0436450387847445,0.067502732561556,0.0290703574203574,-0.209216033966034,-0.2038617495249849,0.2421876623376622,0.0608301587301586,0.2167607392607392,0.0495153629050687,-0.1510793180675532,-0.1058477272469533,0.0,,,-0.034605266302325,0.1499642474656406,-0.4689455798759205,-0.0575306471306471,-0.0764769730269731,-0.0718424702748231,0.0790751914751913,0.0713363464966405,0.1360031024531023,0.1736648795648796,-0.226787984237984,0.1069158008658009,6.0,8.0,7.0,5.0,7.0,8.0,6.0,6.0,4.0,4.0,5.0,5.0,9.0,2.0,6.0,3.0,,,5.0,9.0,2.0,7.0,9.0,5.0,4.0,8.0,6.0,7.0,4.0,5.0,6.0,5.0,6.0,7.0,8.0,7.0,6.0,5.0,6.0,4.0,2.0,5.0,7.0,5.0,6.0,0.0,,,6.0,8.0,9.0,6.0,5.0,8.0,5.0,7.0,5.0,7.0,4.0,3.0,5.0,5.0,6.0,5.0,7.0,7.0,5.0,3.0,3.0,4.0,2.0,5.0,7.0,2.0,4.0,0.0,,,4.0,8.0,2.0,5.0,5.0,5.0,4.0,7.0,5.0,7.0,2.0,3.0,0.0,0.0,0.0,0.0,0.0,0.0,0.0,0.0,0,1.0,0.0,0.0,0.0,0.0,0.0,0.0,,,0.0,0.0,0.0,0,0.0,0.0,0.0,0.0,0.0,0.0,0.0,0.0
161.5,-1.6231183950108194,0.4136244349626806,0.322625220094559,-0.3048086777119859,0.334362905592475,-0.316555729668535,0.2810567874946117,-0.6050036984681093,-2.974840938104395,1.852050252345119,0.4830889551599024,1.3750346517611485,0.2862419001077959,-3.417045193671477,-1.9343510867885425,,,,-1.6304797891127234,0.7903122327127471,-4.307659376951364,-0.1574698341229201,-0.4450990936519617,-0.124914901208131,-0.6125820707221042,0.9513173408386733,-0.7006327413062171,1.165752878962721,-1.8979383141997048,0.6216922907730525,-0.11603895712131,0.0263969030969031,0.0229267732267731,-0.0344299621946682,0.0338484701572936,-0.0238178272707684,0.037977529496647,-0.06459324009324,-0.3354293951146893,0.2168715728715728,0.0942241702741701,0.2205553002553001,0.035688987156634,-0.2847847897200838,-0.1566570862402132,0.0,,,-0.1961049703564409,0.1301767263180575,-0.6059923394544913,-0.0162646797646797,-0.0384677433677433,-0.0146837724367135,-0.0491811688311687,0.0778237429237429,-0.0679846486846487,0.1900977716727716,-0.1892079087579087,0.0739590187590186,6.0,7.0,6.0,6.0,7.0,8.0,6.0,8.0,3.0,4.0,6.0,5.0,10.0,2.0,5.0,2.0,,,4.0,9.0,1.0,7.0,8.0,5.0,5.0,7.0,7.0,7.0,5.0,6.0,7.0,6.0,7.0,8.0,9.0,7.0,8.0,3.0,6.0,4.0,3.0,5.0,7.0,6.0,7.0,0.0,,,8.0,8.0,10.0,6.0,5.0,7.0,4.0,6.0,5.0,7.0,5.0,3.0,5.0,6.0,6.0,6.0,7.0,6.0,6.0,3.0,2.0,4.0,3.0,5.0,7.0,2.0,4.0,0.0,,,4.0,8.0,1.0,5.0,5.0,5.0,3.0,6.0,4.0,7.0,3.0,3.0,0.0,0.0,0.0,0.0,0.0,0.0,0.0,0.0,0,1.0,0.0,0.0,0.0,0.0,0.0,0.0,,,0.0,0.0,0.0,0,0.0,0.0,0.0,0.0,0.0,0.0,0.0,0.0
162.5,-0.7880742766896913,1.6609667301725983,1.1666876527784007,0.6019680163509353,-0.3901800019226234,-0.7055143856556518,-0.1224060023083801,-0.5923606958752444,-2.7754734003934316,1.63080679833935,0.6277010354371452,1.3840725328609642,-0.3219676810871503,-2.499875179112756,0.0508083275130797,,,,-2.3290940573928665,1.0265359644069378,-3.0913987335448954,0.1143935968165081,0.2382430075485461,-1.3658103649711733,-0.5711204059692919,-0.3496070275086195,0.5110325998101831,0.0461757024517188,-1.1133403919117095,0.4690258819010023,-0.0470627705627706,0.1098028079763373,0.0901117438117438,0.0658959393547627,-0.0397539808230985,-0.0644046290310996,-0.0165850838703779,-0.0581171939171939,-0.2964301171051171,0.2252616161616162,0.1165252525252524,0.2176544455544455,-0.0356823441264617,-0.2278073273475752,0.0037959858854594,0.0,,,-0.3108796173125121,0.1704317199312554,-0.4184189790687469,0.0103140415140415,0.0200301143301143,-0.1706411178690592,-0.0559493395493395,-0.0267729187479188,0.0520152403152404,0.0068799977799978,-0.1181175047175048,0.0518474025974026,6.0,7.0,6.0,7.0,6.0,7.0,6.0,8.0,3.0,4.0,6.0,5.0,10.0,3.0,5.0,2.0,,,3.0,8.0,2.0,7.0,7.0,4.0,4.0,7.0,8.0,6.0,6.0,6.0,6.0,7.0,5.0,8.0,9.0,8.0,7.0,4.0,6.0,4.0,4.0,4.0,6.0,7.0,7.0,0.0,,,9.0,8.0,9.0,5.0,5.0,8.0,5.0,7.0,5.0,6.0,4.0,2.0,5.0,7.0,5.0,7.0,6.0,6.0,5.0,4.0,2.0,4.0,4.0,4.0,6.0,3.0,5.0,0.0,,,3.0,8.0,2.0,5.0,5.0,4.0,3.0,6.0,5.0,5.0,3.0,2.0,0.0,0.0,0.0,0.0,0.0,0.0,0.0,0.0,0,1.0,0.0,0.0,0.0,0.0,0.0,0.0,,,0.0,0.0,0.0,0,0.0,0.0,0.0,0.0,0.0,0.0,0.0,0.0
163.5,-2.0882994837422704,0.7096265722973546,-1.1637165028877128,0.6673157217601179,-0.1809067088689692,-0.8776306198112883,-0.0409199836302381,-0.5257287404981787,-3.606978763293773,0.404416833280821,0.7443280881747516,0.2447257986344228,0.0631382492630791,-2.3587871302030137,-0.6193726994886684,,,,-1.586030264367918,0.2279374954430554,-2.266197413365619,0.1316337192844052,1.5147385159906095,-1.4183206726145248,0.4680918507192508,-0.7279495662584227,-0.7509868215185147,-0.4899655578940122,-1.9208954737968091,-0.2743033338918682,-0.1328230607627667,0.0452921411921412,-0.0998200355200354,0.0692393341952164,-0.0180160076851253,-0.0855494730759437,-0.0058507104007105,-0.054355427905428,-0.352143983141042,0.0541044955044955,0.1374026196026195,0.0358869408369408,0.0069076154237917,-0.2235905509780896,-0.0540397623704125,0.0,,,-0.2152328908621478,0.0417252902412345,-0.3086840659340659,0.0120809135309134,0.1338076590076589,-0.1886245351054175,0.0379408591408592,-0.0592061095766978,-0.0739755300255299,-0.0846489038739038,-0.1761439116439117,-0.0284061327561327,6.0,7.0,6.0,8.0,6.0,6.0,6.0,8.0,3.0,5.0,6.0,5.0,10.0,5.0,6.0,1.0,,,4.0,7.0,3.0,7.0,6.0,4.0,4.0,8.0,8.0,4.0,7.0,7.0,7.0,6.0,4.0,8.0,9.0,7.0,6.0,4.0,6.0,6.0,5.0,2.0,7.0,8.0,7.0,0.0,,,9.0,9.0,7.0,5.0,6.0,8.0,4.0,7.0,5.0,7.0,4.0,2.0,5.0,6.0,3.0,7.0,6.0,5.0,4.0,4.0,2.0,5.0,5.0,2.0,7.0,4.0,5.0,0.0,,,4.0,7.0,2.0,5.0,6.0,4.0,3.0,6.0,4.0,4.0,3.0,2.0,0.0,0.0,0.0,0.0,0.0,0.0,0.0,0.0,0,0.0,0.0,0.0,0.0,0.0,0.0,0.0,,,0.0,0.0,0.0,0,0.0,0.0,0.0,0.0,0.0,0.0,0.0,0.0
164.5,-1.2532412254204957,0.0703388247179779,-0.2763502643379816,0.1413265944734124,-0.3997435640572019,0.3530112459787172,0.7891040597527176,-0.412817026228505,-4.939661596991336,0.4865794988610416,1.1935171377198606,0.4171928000614655,-0.0419299130896975,-1.2279432142166316,0.2067385263168437,,,,-0.9785853332525712,0.4115161153377857,-0.9050144845027188,0.1506245632791681,-0.6462062530306394,-1.610931722962725,2.253914556201433,-0.1295419540892196,-0.1086829049055757,-2.1257842765281914,-1.08986677024047,-0.300025108426036,-0.0865107843137256,0.0040046287046286,-0.0236408147408146,0.0149057961646196,-0.0395935574229692,0.0319581037813234,0.1032546398046397,-0.0435075702075701,-0.4644930791430792,0.0626535353535353,0.2516375735375735,0.0541031746031746,-0.0039700760024289,-0.1114221255438748,0.0199440242849684,0.0,,,-0.1319431488789847,0.0714824434165765,-0.0996589864383983,0.013893734043734,-0.0611935592185592,-0.2059116016336605,0.1725419302919303,-0.0103947496947496,-0.0085328893328893,-0.3707094888771359,-0.1044567765567765,-0.03214329004329,6.0,6.0,8.0,8.0,6.0,7.0,5.0,8.0,2.0,5.0,6.0,5.0,9.0,7.0,8.0,2.0,,,5.0,7.0,5.0,7.0,5.0,5.0,5.0,8.0,8.0,2.0,9.0,7.0,7.0,7.0,4.0,8.0,9.0,9.0,5.0,5.0,5.0,6.0,6.0,2.0,6.0,7.0,8.0,0.0,,,9.0,9.0,7.0,5.0,7.0,8.0,4.0,5.0,4.0,8.0,4.0,2.0,5.0,6.0,4.0,7.0,6.0,7.0,4.0,5.0,1.0,5.0,6.0,2.0,6.0,5.0,7.0,0.0,,,5.0,7.0,4.0,5.0,5.0,4.0,4.0,5.0,4.0,2.0,4.0,2.0,0.0,0.0,0.0,0.0,0.0,0.0,0.0,0.0,0,0.0,0.0,0.0,0.0,0.0,0.0,0.0,,,0.0,0.0,0.0,0,0.0,0.0,1.0,0.0,0.0,0.0,0.0,0.0
165.5,0.097165222316931,1.5707241293735008,-1.3349404603991828,1.0222302272827364,-0.1109544250551051,-0.5299442831190277,-0.2280581495550033,0.1055352600314939,-3.9475257265067976,0.2380493459421806,1.277173168015318,-0.3158579658299815,0.5869124089358868,-0.2417126841822601,-0.0289022337799617,,,,-0.3974599062913648,0.3115024523116277,1.0184741686624177,0.1579390901436216,-1.5031728923315435,0.0704288780216779,2.3212286060542184,-0.0403394540209918,0.6213669542897189,-2.1231351944669847,0.0291129595666551,0.308861653296764,0.0066802530802528,0.1084087329337328,-0.1370691863691863,0.1163906216332686,-0.0108546066678421,-0.047524772716104,-0.0305458152958153,0.010927306027306,-0.3825152008122596,0.0337894272394273,0.263450937950938,-0.0367416305916306,0.0605433631727748,-0.021766730199625,-0.0024968602604826,0.0,,,-0.0544502747166834,0.0524906966614396,0.1081518936945407,0.0140254412254412,-0.1515099123099125,0.0094840876443816,0.1747281107781108,-0.0040188422688423,0.0491121600621602,-0.3574728671655143,0.002803552003552,0.0378163725163726,8.0,7.0,7.0,8.0,6.0,6.0,4.0,7.0,3.0,5.0,6.0,6.0,8.0,9.0,10.0,2.0,,,6.0,7.0,6.0,7.0,6.0,6.0,5.0,8.0,7.0,2.0,7.0,7.0,6.0,7.0,3.0,8.0,8.0,10.0,3.0,5.0,6.0,5.0,6.0,2.0,6.0,8.0,7.0,0.0,,,9.0,9.0,7.0,5.0,6.0,8.0,4.0,4.0,4.0,8.0,4.0,4.0,6.0,7.0,2.0,8.0,6.0,6.0,2.0,5.0,2.0,4.0,6.0,2.0,6.0,7.0,7.0,0.0,,,6.0,7.0,6.0,5.0,4.0,6.0,4.0,4.0,4.0,2.0,4.0,4.0,0.0,0.0,0.0,0.0,0.0,0.0,0.0,0.0,0,0.0,0.0,0.0,0.0,0.0,0.0,0.0,,,0.0,0.0,0.0,0,0.0,0.0,1.0,0.0,0.0,0.0,0.0,0.0
166.5,1.7242453533830375,0.3589231425713405,-0.2502708644038101,0.2018969863119422,-1.3629306246498576,-1.4655443812267217,0.3075748813959145,0.8895197534866576,-2.7582013378190178,0.3714666458350971,0.1595407784570503,0.3478025617561938,1.9047148387410329,-0.0654493365785496,0.2889224997729614,,,,0.0896329004665789,0.4024373611671124,0.4779856555213777,0.6575324488810191,-2.4665576526544353,-0.2948358595305113,2.4791928361001654,0.0094236730799179,1.6833917723234677,-3.309144157134378,0.1379923686590027,-0.3808113274570904,0.1192409717733246,0.0238998001997999,-0.0111333333333333,0.0207439452704156,-0.1280458801002919,-0.1306884908349306,0.0371818403818403,0.0898604395604395,-0.2923728576978578,0.0471187590187591,0.0298660617160617,0.0513574314574314,0.2136809305074011,-0.0054540153860588,0.0287634547427115,0.0,,,0.0121196443219663,0.0621565838186579,0.0480503796856737,0.0742208014208015,-0.2094114330114331,-0.0402339436707084,0.1955207792207791,0.0009951104451103,0.1292028277278276,-0.5538757053404112,0.0138205849705851,-0.0351560661560661,7.0,5.0,7.0,8.0,5.0,5.0,3.0,7.0,4.0,5.0,5.0,5.0,6.0,10.0,10.0,2.0,,,7.0,8.0,8.0,6.0,5.0,7.0,5.0,8.0,6.0,1.0,7.0,8.0,7.0,6.0,1.0,8.0,8.0,10.0,3.0,6.0,5.0,5.0,5.0,2.0,6.0,7.0,7.0,0.0,,,9.0,8.0,6.0,4.0,5.0,7.0,5.0,4.0,5.0,8.0,4.0,5.0,7.0,5.0,1.0,7.0,5.0,5.0,2.0,6.0,2.0,4.0,4.0,2.0,6.0,7.0,7.0,0.0,,,7.0,7.0,6.0,4.0,3.0,5.0,5.0,4.0,5.0,1.0,4.0,5.0,0.0,0.0,0.0,0.0,0.0,0.0,0.0,0.0,0,0.0,0.0,0.0,0.0,0.0,0.0,0.0,,,0.0,0.0,0.0,0,0.0,0.0,1.0,0.0,0.0,0.0,0.0,0.0
167.5,0.7448037131383858,2.8606760761076653,-0.2571539598535479,1.1382024377957012,1.0670544078337665,-0.3823935498459803,-2.02535693127373,-0.4362344930575789,-2.3533920607427614,0.1009115521588826,0.1000618847398265,0.5818337251413903,0.7652817111230672,-0.0186880197173263,-0.1808400181019788,,,,0.8421823932383335,0.2511690882524412,0.6466209374057436,1.4830749287956555,-1.587502972046133,-0.4180407386055528,1.0427638383339872,0.4164169886285089,1.243117779845229,-2.295776964766405,-0.306592608790717,-0.8744151560065152,0.0450070596070595,0.2270269730269728,-0.011647619047619,0.1290795826722296,0.0851286546786546,-0.0340841805683137,-0.2399127539127538,-0.0397090631590631,-0.2684832806082806,0.0130045454545454,0.0207845820845821,0.0877007215007215,0.1064055555555556,-0.0016900779990565,-0.019033422459893,0.0,,,0.113962472357364,0.0396805991823793,0.07066528487852,0.1632904095904096,-0.1399449772449773,-0.0534654567654566,0.093010411810412,0.0408315462315461,0.1095475176783998,-0.3623763656278361,-0.0260320679320679,-0.0714688644688644,7.0,5.0,7.0,8.0,7.0,6.0,2.0,6.0,4.0,5.0,4.0,5.0,5.0,11.0,10.0,2.0,,,8.0,8.0,8.0,5.0,7.0,8.0,6.0,8.0,5.0,2.0,6.0,9.0,6.0,5.0,1.0,8.0,7.0,9.0,3.0,6.0,5.0,4.0,6.0,3.0,5.0,8.0,5.0,0.0,,,9.0,8.0,7.0,4.0,5.0,6.0,4.0,4.0,6.0,8.0,6.0,6.0,6.0,5.0,1.0,8.0,7.0,6.0,1.0,5.0,2.0,3.0,4.0,3.0,4.0,8.0,5.0,0.0,,,8.0,7.0,7.0,4.0,4.0,5.0,4.0,4.0,5.0,2.0,5.0,6.0,0.0,0.0,0.0,0.0,0.0,0.0,0.0,0.0,0,0.0,0.0,0.0,0.0,0.0,0.0,0.0,,,0.0,0.0,0.0,0,0.0,0.0,1.0,0.0,0.0,0.0,0.0,0.0
168.5,0.9176888782087368,2.9029514713475773,-0.2427209035079237,0.4355145812379891,0.1822526517699056,-1.5466808021501588,-0.734051765739131,-1.5943632759571154,-5.670236907009027,0.879701941211038,0.1233846638003505,0.0788063473889775,0.6778937580615964,0.265917019547415,0.0297635730159349,,,,0.6875322021756992,0.4424209397838807,0.0177989465112739,1.534191976170305,-0.7878804958150579,0.2003609195216285,0.1399032177612276,-0.4233280842938448,0.5017431782359791,-1.4321484731326146,1.1507637984597532,-0.7823558732564804,0.0586092241092239,0.2541834165834166,-0.0113072150072149,0.0479607999843293,0.018592463092463,-0.13901814698889,-0.0837407980907981,-0.1545843780402604,-0.5086813214563215,0.1112174603174602,0.0263705294705294,0.0130473137973138,0.1035721167721167,0.0255010316480904,0.0027367828250182,,,,0.0936614147548356,0.0633216414304648,0.0022168069116985,0.151567882117882,-0.0827530136530135,0.0195618548118546,0.0126140026640028,-0.0294693029193028,0.0471248486807309,-0.2370678582855053,0.1077948551448549,-0.065635964035964,7.0,5.0,7.0,7.0,6.0,5.0,2.0,4.0,3.0,4.0,4.0,5.0,5.0,9.0,10.0,,,,8.0,9.0,9.0,5.0,9.0,8.0,7.0,8.0,6.0,3.0,6.0,9.0,6.0,5.0,1.0,9.0,6.0,9.0,4.0,7.0,5.0,2.0,6.0,5.0,4.0,6.0,6.0,,,,9.0,7.0,8.0,4.0,4.0,6.0,3.0,3.0,6.0,8.0,5.0,6.0,6.0,5.0,1.0,7.0,5.0,5.0,2.0,4.0,1.0,2.0,4.0,4.0,3.0,6.0,6.0,,,,8.0,7.0,7.0,4.0,4.0,6.0,3.0,3.0,5.0,3.0,5.0,6.0,0.0,0.0,0.0,0.0,0.0,0.0,0.0,0.0,0,0.0,0.0,0.0,0.0,0.0,0.0,,,,0.0,0.0,0.0,0,0.0,0.0,0.0,0.0,0.0,0.0,0.0,0.0
169.5,1.0825190408391334,1.071441116581474,,-1.0604119480994725,1.3248330330946383,-2.490646535314251,-1.369012469970221,-1.7001961422821013,-3.58946426561151,0.8009589258548345,-0.4789551823132582,0.4512330950260144,-0.8957024789601168,0.4259855548969542,0.4341146484159614,,,,1.0062552937281686,0.6863662367346156,-0.3062014669119989,0.8038489460798474,0.127585726555434,-0.0402841360142125,0.088102560210821,-1.1900024768878013,2.38784827884387,0.0613144180373713,1.1074016397194553,0.608555333221997,0.0746039460539459,0.0759150183150184,0.0,-0.116922818925141,0.1114908147408146,-0.2145777023629966,-0.168389516039516,-0.2007676550573611,-0.3962763302057421,0.1111460317460317,-0.1009230436230438,0.0785862803862803,-0.1022441835941835,0.0446962674580323,0.0370791279927503,,,,0.1394057391868538,0.1108728104798537,-0.0372133257952919,0.0956533910533911,0.0126756576756577,-0.0042241896991896,0.0075270562770564,-0.0825039904539903,0.1699808328925975,0.0098293201896142,0.1077497668997666,0.0599770479520478,7.0,6.0,7.0,5.0,6.0,4.0,3.0,4.0,4.0,4.0,3.0,5.0,6.0,9.0,9.0,,,,9.0,9.0,9.0,5.0,7.0,9.0,7.0,9.0,6.0,5.0,6.0,8.0,6.0,3.0,0.0,10.0,5.0,8.0,4.0,8.0,6.0,2.0,6.0,6.0,3.0,6.0,6.0,,,,9.0,8.0,8.0,3.0,4.0,6.0,3.0,4.0,6.0,8.0,5.0,7.0,6.0,3.0,0.0,5.0,5.0,4.0,2.0,4.0,2.0,2.0,3.0,5.0,2.0,6.0,6.0,,,,9.0,8.0,7.0,3.0,4.0,6.0,3.0,4.0,6.0,5.0,5.0,7.0,0.0,0.0,0.0,0.0,0.0,0.0,0.0,0.0,0,0.0,0.0,0.0,0.0,0.0,0.0,,,,0.0,0.0,0.0,0,0.0,0.0,0.0,0.0,0.0,0.0,0.0,0.0
170.5,0.2806087418200794,1.0793444645578771,0.5030415623160187,-0.3939520859495737,0.6181099010918402,-1.600681386524277,-0.6920461184215729,-1.5696788857840869,-3.132450720734248,0.4188190729422681,-0.7681660204822549,-0.3322236666819831,-1.4374535207956405,-0.0311780040910359,-0.1193296351136429,,,,0.636509942218858,0.9449553673210423,0.1683260766141861,1.4312272451732315,0.5921236176090204,0.1515181844811444,0.0681892838865151,-0.7133670834303626,-0.0022233789218314,0.4645584160689243,0.4616803820483403,1.6266050929297946,0.0215457209457208,0.0731601842601843,0.031738023088023,-0.0433749049969638,0.0549956931956931,-0.1341364517061885,-0.0823989954489955,-0.1750492264271678,-0.4439331807081808,0.052002380952381,-0.1499508491508491,-0.0620372016872017,-0.1552978021978022,-0.0029011336702512,-0.0113146343079005,,,,0.0753661268470091,0.1450677574489492,0.0193944165311811,0.1734359307359307,0.0588307359307359,0.0166158175158174,0.0053926462426463,-0.0532148795648796,-0.0001505308417073,0.0775464070243481,0.0456629703629704,0.1669963120213119,6.0,6.0,6.0,6.0,7.0,5.0,3.0,4.0,4.0,5.0,2.0,4.0,7.0,9.0,8.0,,,,9.0,7.0,9.0,4.0,6.0,8.0,7.0,9.0,6.0,6.0,7.0,7.0,6.0,3.0,1.0,8.0,5.0,9.0,5.0,8.0,7.0,3.0,5.0,7.0,3.0,5.0,7.0,,,,8.0,8.0,7.0,2.0,3.0,6.0,3.0,6.0,6.0,8.0,5.0,7.0,5.0,3.0,1.0,5.0,5.0,5.0,3.0,4.0,2.0,3.0,2.0,4.0,2.0,5.0,6.0,,,,8.0,7.0,7.0,2.0,3.0,6.0,3.0,6.0,5.0,6.0,5.0,7.0,0.0,0.0,0.0,0.0,0.0,0.0,0.0,0.0,0,0.0,0.0,0.0,0.0,0.0,0.0,,,,0.0,0.0,0.0,0,0.0,0.0,0.0,0.0,0.0,0.0,0.0,0.0
171.5,0.696750860940408,-0.7035833115709342,-0.047414113812709,0.0206572072476056,1.4362266289201655,-1.1129184273044994,-0.6812585633528625,-1.6485028105318258,-2.242120831699077,1.3155426900259102,-0.7476177002809647,-1.009612822252935,-0.0849298630713567,1.2374465258805485,-0.6187218816483612,,,,0.0018623914422706,-0.3273929998382608,0.5889166773843486,0.1616451052952702,1.0685614077054542,0.5799631482604867,0.1152673497612749,-0.8219936521269181,0.1427639015458746,0.8248911883416841,-0.2278300580900828,2.069177853645234,0.041594755244755,-0.0472818181818179,-0.0038282106782107,0.0020629426129425,0.1200222999222999,-0.0934791478129712,-0.0764316516816516,-0.1844183569698275,-0.306858313530295,0.185845238095238,-0.1451819402819403,-0.1896846542346543,-0.0093392995892996,0.1180625885552357,-0.0552735697051487,,,,0.0002282170787587,-0.0549277622961833,0.0734890100181895,0.0184436507936508,0.1065883838383837,0.0732178106207517,0.009246608946609,-0.0606059440559441,0.012177466977467,0.1281630412071588,-0.0265540515040514,0.2275941724941724,7.0,8.0,7.0,6.0,7.0,5.0,3.0,5.0,3.0,4.0,2.0,3.0,8.0,7.0,6.0,,,,9.0,5.0,7.0,3.0,5.0,7.0,7.0,9.0,8.0,8.0,8.0,5.0,6.0,3.0,2.0,7.0,6.0,8.0,5.0,8.0,8.0,3.0,5.0,7.0,3.0,5.0,7.0,,,,8.0,8.0,8.0,3.0,2.0,8.0,3.0,6.0,5.0,8.0,4.0,5.0,6.0,3.0,2.0,5.0,6.0,5.0,3.0,4.0,3.0,3.0,2.0,3.0,3.0,5.0,5.0,,,,7.0,5.0,7.0,2.0,2.0,7.0,3.0,6.0,5.0,7.0,4.0,5.0,0.0,0.0,0.0,0.0,0.0,0.0,0.0,0.0,0,0.0,0.0,0.0,0.0,0.0,0.0,,,,0.0,0.0,0.0,0,0.0,0.0,0.0,0.0,0.0,0.0,0.0,0.0
172.5,0.737150153750144,-0.7390422524981705,-0.0388536034722624,-0.5416504650560819,0.3730584146845578,-0.0073832892434724,0.5694953561194953,0.119404858125994,-1.0706384019248865,0.7561638065860564,-2.0990351595393877,-1.8879300207311736,-0.5549358226615215,0.0983979029620496,-0.6412694101327162,,,,0.381680650575004,-1.4604794303949793,-0.2467031104825454,1.4751073152220333,2.0124658102362853,-0.208431707583717,1.066070443963944,0.3599451235604898,0.1892833955685134,1.1044018008203695,-0.8343970774932432,1.3372140931941412,0.0437816017316016,-0.0532661893661893,-0.0032792152292152,-0.0511938616938616,0.0296350538350538,-0.0006650158664865,0.0640607392607393,0.0129924005732827,-0.1401126926307268,0.1117304473304472,-0.3785178543678543,-0.3399098386907211,-0.06191780996781,0.0089947607947608,-0.0612421760300243,,,,0.04526146761735,-0.2089632348044112,-0.0328389774054634,0.1600868686868686,0.1892816738816737,-0.026640411549235,0.0836977022977023,0.0280941176470587,0.0175996031746031,0.1718095876345876,-0.0978785714285713,0.1427964368964368,7.0,8.0,7.0,5.0,7.0,7.0,4.0,6.0,4.0,4.0,1.0,2.0,10.0,8.0,6.0,,,,9.0,3.0,6.0,4.0,4.0,7.0,6.0,8.0,8.0,8.0,9.0,4.0,6.0,4.0,3.0,6.0,5.0,7.0,5.0,8.0,8.0,5.0,5.0,8.0,5.0,3.0,9.0,,,,6.0,7.0,9.0,2.0,2.0,8.0,4.0,7.0,5.0,7.0,3.0,5.0,6.0,4.0,3.0,4.0,5.0,6.0,4.0,6.0,4.0,4.0,1.0,2.0,5.0,3.0,6.0,,,,6.0,3.0,6.0,2.0,2.0,6.0,4.0,7.0,5.0,7.0,3.0,4.0,0.0,0.0,0.0,0.0,0.0,0.0,0.0,0.0,0,0.0,0.0,0.0,0.0,0.0,0.0,,,,0.0,0.0,0.0,0,0.0,0.0,0.0,0.0,0.0,0.0,0.0,0.0
173.5,0.7324246106993898,-0.5122032575103664,-0.0520457363559804,-0.1615936016909186,1.1088507410811503,0.919026205829687,0.566757774741735,-0.3684351046976175,-1.2745811536771996,0.4117370625719391,-2.0145471773986756,-2.880517095701987,-0.0488203996650178,0.2228269570865803,-1.4835303888049989,,,,-0.1756016880409182,-2.19952014897691,-0.846946058418448,1.901745618705534,2.8180851912911784,0.587367184603184,2.0699053869439874,1.3328846958559435,0.2907780627865432,0.7208966709358279,-0.1033879817726957,0.9576401177104176,0.0441784715284714,-0.033335631035631,-0.0039623321123319,-0.0133522033522034,0.0802253829503828,0.0751061355311354,0.0653568542568542,-0.0359002624826153,-0.1739151364287589,0.0548024087024087,-0.3384468253968253,-0.5090585744321039,-0.0044859914595208,0.0218117105117104,-0.1345823378032357,,,,-0.0181110833610834,-0.3403271534021534,-0.1153656379482231,0.2368905483405483,0.2422668109668109,0.0765179733665027,0.1512218947718947,0.1090749833499833,0.0273007548007547,0.1261270396270397,-0.0117798701298701,0.0917389166389166,7.0,8.0,7.0,6.0,7.0,7.0,4.0,5.0,4.0,5.0,1.0,1.0,9.0,8.0,6.0,,,,9.0,2.0,6.0,4.0,4.0,7.0,6.0,7.0,8.0,7.0,7.0,5.0,6.0,5.0,3.0,6.0,7.0,8.0,5.0,7.0,8.0,6.0,4.0,8.0,6.0,4.0,8.0,,,,5.0,7.0,8.0,3.0,3.0,8.0,6.0,7.0,5.0,5.0,2.0,5.0,6.0,5.0,3.0,5.0,7.0,7.0,4.0,5.0,4.0,5.0,1.0,1.0,6.0,4.0,5.0,,,,5.0,2.0,5.0,3.0,3.0,7.0,6.0,7.0,5.0,5.0,2.0,4.0,0.0,0.0,0.0,0.0,0.0,0.0,0.0,0.0,0,0.0,0.0,0.0,0.0,0.0,0.0,,,,0.0,0.0,0.0,0,1.0,0.0,1.0,0.0,0.0,0.0,0.0,0.0
174.5,-0.0937451112909414,0.4227881400360432,-0.0035476319132901,0.248063296769592,0.3337857244675826,1.6638127740410862,0.6637166859402169,-0.0136017004117336,-0.9274549740089996,0.2279009347325862,-0.984407067663123,-3.0303000433038476,1.524354109549829,1.7049615825166482,-1.3108947370615234,,,,0.6177540903059814,-3.7105972397286338,-1.0716050051411254,2.3886354360826347,1.68995711247573,-0.1933360545873207,1.87662392114128,0.0245822171889737,0.0960014889112636,1.746532662126046,-0.2750375741695441,0.6655544294064952,-0.0067255078255078,0.0269030136530135,-0.0002703352203351,0.0282260017760016,0.0292501650310472,0.1252785371491251,0.0799674603174603,-0.0012840182693125,-0.1134534143960616,0.031132967032967,-0.1857254023754023,-0.5157069819069819,0.1539631987293751,0.1579488011988012,-0.1491727282693227,,,,0.0624660478410478,-0.4757440373352138,-0.1412288149329172,0.2626391441891443,0.1807832778332778,-0.0243167071490602,0.1306550616050615,0.0022930980783921,0.0082786164815578,0.3165588800088799,-0.0207484126984127,0.0616865634365635,8.0,7.0,7.0,8.0,7.0,7.0,4.0,6.0,4.0,5.0,2.0,1.0,7.0,6.0,7.0,,,,8.0,1.0,6.0,4.0,5.0,7.0,6.0,7.0,9.0,5.0,7.0,6.0,5.0,6.0,3.0,6.0,8.0,7.0,5.0,8.0,7.0,7.0,5.0,7.0,7.0,4.0,7.0,,,,5.0,6.0,8.0,4.0,4.0,8.0,6.0,7.0,6.0,4.0,1.0,4.0,5.0,6.0,3.0,6.0,7.0,7.0,4.0,6.0,4.0,5.0,2.0,1.0,7.0,4.0,4.0,,,,5.0,1.0,5.0,4.0,4.0,6.0,6.0,6.0,6.0,4.0,1.0,4.0,0.0,0.0,0.0,0.0,0.0,0.0,0.0,0.0,0,0.0,0.0,0.0,0.0,0.0,0.0,,,,0.0,0.0,0.0,0,1.0,0.0,1.0,0.0,0.0,0.0,0.0,0.0
175.5,0.287171411638362,-0.1351499725036253,-0.0545595579769354,0.95514236414694,-1.0478491229292588,0.4115150021880759,0.3409920145029534,0.4101538990116361,-1.326133912960723,0.2869582064600385,-0.5044648153580599,-3.295239822891868,0.7695106248257509,,-1.197950294203514,,,,-0.0310118847152636,-2.6108649089639795,-0.6000166776697349,1.3076745801354692,2.157127100772648,-0.324288534677996,1.8762426445173657,0.7708520958838382,0.0093310556532079,1.8509056007769056,,0.48289425370301,0.024312654012654,-0.0070518628430393,-0.0039610334110334,0.0946688256188255,-0.0966696058843117,0.0286093906093904,0.046223371073371,0.0360231946158415,-0.1723040215632321,0.0379511488511489,-0.0965961593961595,-0.5027471001221001,0.0855441006705712,,-0.1290168372477196,,,,-0.0028106227106227,-0.347183969951617,-0.0826892117170755,0.131713281163281,0.1895388167388166,-0.0374900166826637,0.1299204129204129,0.0714961149961148,0.0007035214785214,0.2466347041847042,,0.050986963036963,8.0,6.0,7.0,7.0,5.0,8.0,4.0,6.0,4.0,5.0,4.0,1.0,6.0,,8.0,,,,8.0,2.0,7.0,5.0,5.0,8.0,6.0,7.0,8.0,4.0,,7.0,5.0,7.0,3.0,7.0,8.0,7.0,4.0,7.0,8.0,7.0,5.0,7.0,7.0,,6.0,,,,4.0,7.0,9.0,4.0,5.0,7.0,6.0,5.0,5.0,3.0,,5.0,5.0,6.0,3.0,7.0,5.0,7.0,3.0,6.0,4.0,5.0,3.0,1.0,6.0,,4.0,,,,4.0,2.0,6.0,4.0,5.0,6.0,6.0,5.0,5.0,3.0,,5.0,0.0,0.0,0.0,0.0,0.0,0.0,0.0,0.0,0,0.0,0.0,0.0,0.0,,0.0,,,,0.0,0.0,0.0,0,1.0,0.0,1.0,0.0,0.0,0.0,,0.0
176.5,-0.5070184690996339,-1.2568595929031632,0.2072857013883931,1.0262883008510555,-1.308560448864026,0.3935747432562448,1.874260201859141,0.0122587805264555,-2.391816357457091,,0.1769167614167747,-0.982450152505764,,,-0.0950053873219361,,,,0.6243657500932791,,,-0.2699917066891797,1.401727920159378,,0.8436722021665964,-0.6639622135738213,-1.6352009500396347,1.3052773139722684,,0.61019858180598,-0.0334486402486402,-0.0792991650506358,0.0165789155289155,0.1113026096452565,-0.1226034382284383,0.0321055196437548,0.2067900377400378,0.0013566000992469,-0.3219370968213075,,0.0330107281607281,-0.1536162004662005,,,-0.0077715193045687,,,,0.0569847152847153,,,-0.0262433566433566,0.1332061272061271,,0.0666053779553779,-0.070118648018648,-0.118405661005661,0.1704269841269842,,0.0534351315351314,8.0,5.0,7.0,8.0,5.0,7.0,5.0,6.0,3.0,,5.0,2.0,,,10.0,,,,7.0,,,7.0,6.0,,7.0,7.0,8.0,2.0,,7.0,3.0,7.0,4.0,8.0,8.0,8.0,5.0,8.0,8.0,,5.0,5.0,,,6.0,,,,4.0,,,4.0,6.0,,6.0,5.0,6.0,3.0,,6.0,3.0,5.0,4.0,8.0,5.0,7.0,5.0,6.0,3.0,,4.0,2.0,,,6.0,,,,4.0,,,4.0,6.0,,6.0,4.0,5.0,2.0,,6.0,0.0,0.0,0.0,0.0,0.0,0.0,0.0,0.0,0,,0.0,0.0,,,0.0,,,,0.0,,,0,1.0,,1.0,0.0,0.0,0.0,,0.0
